season,pff_player_id,pff_team_name,name_pff,best_score,reason
2019,40061,AUBURN,Elijah Stove,0.8285714285714286,below_threshold
2019,99154,AUBURN,D.J. Williams,0.9130434782608695,below_threshold
2019,99154,AUBURN,D.J. Williams,0.9130434782608695,below_threshold
2019,40061,AUBURN,Elijah Stove,0.8285714285714286,below_threshold
2019,98939,AUBURN,Trenton Townsend,0.7933333333333332,below_threshold
2019,40061,AUBURN,Elijah Stove,0.8285714285714286,below_threshold
2019,99154,AUBURN,D.J. Williams,0.9130434782608695,below_threshold
2019,81590,AUBURN,Kameron Stutts,0.7083333333333335,below_threshold
2019,98939,AUBURN,Trenton Townsend,0.7933333333333332,below_threshold
2019,98939,AUBURN,Trenton Townsend,0.7933333333333332,below_threshold
2019,61745,UAB,Demetrius Davis,0.82675,below_threshold
2019,81426,UAB,Nikia Eason Jr.,0.85,below_threshold
2019,82442,UAB,Antonio Moultrie,0.85,below_threshold
2019,100713,UAB,Micario Stanley,0.8225806451612904,below_threshold
2019,61745,UAB,Demetrius Davis,0.82675,below_threshold
2019,81426,UAB,Nikia Eason Jr.,0.85,below_threshold
2019,82442,UAB,Antonio Moultrie,0.85,below_threshold
2019,100713,UAB,Micario Stanley,0.8225806451612904,below_threshold
2019,81426,UAB,Nikia Eason Jr.,0.85,below_threshold
2019,82442,UAB,Antonio Moultrie,0.85,below_threshold
2019,81426,UAB,Nikia Eason Jr.,0.85,below_threshold
2019,82442,UAB,Antonio Moultrie,0.85,below_threshold
2019,100713,UAB,Micario Stanley,0.8225806451612904,below_threshold
2019,84117,ARKANSAS,Michael Woods II,0.7652173913043478,below_threshold
2019,84117,ARKANSAS,Michael Woods II,0.7652173913043478,below_threshold
2019,61133,ARIZONA,B.J. Casteel,0.9095238095238093,below_threshold
2019,83609,ARIZONA,Bam Smith,0.6767857142857143,below_threshold
2019,83609,ARIZONA,Bam Smith,0.6767857142857143,below_threshold
2019,61133,ARIZONA,B.J. Casteel,0.9095238095238093,below_threshold
2019,61133,ARIZONA,B.J. Casteel,0.9095238095238093,below_threshold
2019,98647,ARIZONA,Joshua Donovan,0.7846153846153845,below_threshold
2019,83609,ARIZONA,Bam Smith,0.6767857142857143,below_threshold
2019,61133,ARIZONA,B.J. Casteel,0.9095238095238093,below_threshold
2019,61133,ARIZONA,B.J. Casteel,0.9095238095238093,below_threshold
2019,43641,S DIEGO ST,Zach Thomas,0.748,below_threshold
2019,44262,STANFORD,Mike Williams,0.7034482758620689,below_threshold
2019,52284,STANFORD,Stu Head,0.8157894736842104,below_threshold
2019,44262,STANFORD,Mike Williams,0.7034482758620689,below_threshold
2019,52284,STANFORD,Stu Head,0.8157894736842104,below_threshold
2019,100376,STANFORD,Nicolas Toomer,0.7083333333333335,below_threshold
2019,52284,STANFORD,Stu Head,0.8157894736842104,below_threshold
2019,44262,STANFORD,Mike Williams,0.7034482758620689,below_threshold
2019,52284,STANFORD,Stu Head,0.8157894736842104,below_threshold
2019,100376,STANFORD,Nicolas Toomer,0.7083333333333335,below_threshold
2019,84150,CAL,Nikko Remigio,0.4407407407407408,below_threshold
2019,38485,CAL,Jordan Duncan,0.5230769230769231,below_threshold
2019,98727,CAL,Trevon Clark,0.5434782608695652,below_threshold
2019,100647,CAL,Makai Polk,0.425,below_threshold
2019,27369,CAL,Kekoa Crawford,0.525,below_threshold
2019,83644,CAL,Chris Brooks,0.5037037037037037,below_threshold
2019,83642,CAL,Marcel Dancy,0.5348076923076923,below_threshold
2019,60865,CAL,Gavin Reinwald,0.4371428571428571,below_threshold
2019,60864,CAL,Jake Tonges,0.6181818181818182,below_threshold
2019,61188,CAL,Jeremiah Hawkins,0.47812499999999997,below_threshold
2019,84152,CAL,Ben Skinner,0.544,below_threshold
2019,60866,CAL,Collin Moore,0.5383333333333332,below_threshold
2019,38533,CAL,Ricky Walker III,0.46363636363636357,below_threshold
2019,98619,CAL,Deshawn Collins,0.4576923076923077,below_threshold
2019,83949,CAL,McCallan Castles,0.5275862068965518,below_threshold
2019,84153,CAL,Monroe Young,0.5409090909090909,below_threshold
2019,49560,CAL,Ashtyn Davis,0.49583333333333324,below_threshold
2019,83644,CAL,Chris Brooks,0.5037037037037037,below_threshold
2019,60356,CAL,Chase Garbers,0.7071428571428571,below_threshold
2019,83642,CAL,Marcel Dancy,0.5348076923076923,below_threshold
2019,98619,CAL,Deshawn Collins,0.4576923076923077,below_threshold
2019,40118,CAL,Devon Modster,0.4434782608695652,below_threshold
2019,45160,CAL,Alex Netherda,0.525,below_threshold
2019,100574,CAL,Spencer Brasch,0.4533333333333333,below_threshold
2019,84150,CAL,Nikko Remigio,0.4407407407407408,below_threshold
2019,98727,CAL,Trevon Clark,0.5434782608695652,below_threshold
2019,61188,CAL,Jeremiah Hawkins,0.47812499999999997,below_threshold
2019,82097,CAL,Robby Rowell,0.5383333333333333,below_threshold
2019,38533,CAL,Ricky Walker III,0.46363636363636357,below_threshold
2019,25776,CAL,Luc Bequette,0.4187037037037038,below_threshold
2019,25779,CAL,Zeandae Johnson,0.6296296296296297,below_threshold
2019,35494,CAL,Ben Schrider,0.4576923076923077,below_threshold
2019,38408,CAL,Camryn Bynum,0.408,below_threshold
2019,38410,CAL,Cameron Goode,0.644,below_threshold
2019,38490,CAL,Traveon Beck,0.525,below_threshold
2019,38498,CAL,Josh Drayden,0.5173913043478261,below_threshold
2019,38507,CAL,Chinedu Udeogu,0.4103448275862069,below_threshold
2019,38523,CAL,Tevin Paul,0.5636363636363636,below_threshold
2019,38534,CAL,Evan Weaver,0.49583333333333324,below_threshold
2019,49560,CAL,Ashtyn Davis,0.49583333333333324,below_threshold
2019,49921,CAL,Kuony Deng,0.5355,below_threshold
2019,51131,CAL,Trey Turner III,0.46363636363636357,below_threshold
2019,51423,CAL,Jaylinn Hawkins,0.6173913043478261,below_threshold
2019,55582,CAL,Branden Smith,0.5037037037037037,below_threshold
2019,55584,CAL,Elijah Hicks,0.6666666666666667,below_threshold
2019,56905,UCLA,Martin Andrus Jr.,0.85,below_threshold
2019,60640,CAL,Daniel Scott,0.47600000000000003,below_threshold
2019,60867,CAL,Ben Moos,0.578125,below_threshold
2019,81950,CAL,Joseph Ogunbanjo,0.51,below_threshold
2019,81953,CAL,JH Tevis,0.51,below_threshold
2019,81954,CAL,Nick Alftin,0.49583333333333324,below_threshold
2019,82538,CAL,Colt Doughty,0.3863636363636364,below_threshold
2019,83031,CAL,Chigozie Anusiem,0.3838709677419355,below_threshold
2019,83479,CAL,Lone Toailoa,0.7192307692307692,below_threshold
2019,83480,CAL,Erick Nisich,0.4348076923076923,below_threshold
2019,83481,CAL,Aaron Maldonado,0.4935483870967741,below_threshold
2019,100417,CAL,Braxten Croteau,0.47600000000000003,below_threshold
2019,100516,CAL,Brett Johnson,0.612,below_threshold
2019,100560,CAL,Orin Patu,0.5636363636363636,below_threshold
2019,81885,UCLA,David Murray,0.5666666666666668,below_threshold
2019,81604,CAL,Matthew Cindric,0.51,below_threshold
2019,38549,CAL,Jake Curhan,0.6181818181818182,below_threshold
2019,100537,CAL,McKade Mettauer,0.4407407407407408,below_threshold
2019,58546,CAL,Michael Saffell,0.7071428571428571,below_threshold
2019,40467,CAL,Valentino Daltoso,0.4689655172413793,below_threshold
2019,36548,CAL,Henry Bazakas,0.425,below_threshold
2019,38485,CAL,Jordan Duncan,0.5230769230769231,below_threshold
2019,81879,UCLA,Jon Gaines II,0.85,below_threshold
2019,60864,CAL,Jake Tonges,0.6181818181818182,below_threshold
2019,60356,CAL,Chase Garbers,0.7071428571428571,below_threshold
2019,60865,CAL,Gavin Reinwald,0.4371428571428571,below_threshold
2019,98727,CAL,Trevon Clark,0.5434782608695652,below_threshold
2019,100647,CAL,Makai Polk,0.425,below_threshold
2019,84150,CAL,Nikko Remigio,0.4407407407407408,below_threshold
2019,60866,CAL,Collin Moore,0.5383333333333332,below_threshold
2019,40118,CAL,Devon Modster,0.4434782608695652,below_threshold
2019,83644,CAL,Chris Brooks,0.5037037037037037,below_threshold
2019,81607,CAL,Brandon Mello,0.4576923076923077,below_threshold
2019,27369,CAL,Kekoa Crawford,0.525,below_threshold
2019,81605,CAL,Will Craig,0.4434782608695652,below_threshold
2019,83480,CAL,Erick Nisich,0.4348076923076923,below_threshold
2019,83642,CAL,Marcel Dancy,0.5348076923076923,below_threshold
2019,61188,CAL,Jeremiah Hawkins,0.47812499999999997,below_threshold
2019,84153,CAL,Monroe Young,0.5409090909090909,below_threshold
2019,98619,CAL,Deshawn Collins,0.4576923076923077,below_threshold
2019,83949,CAL,McCallan Castles,0.5275862068965518,below_threshold
2019,100574,CAL,Spencer Brasch,0.4533333333333333,below_threshold
2019,38533,CAL,Ricky Walker III,0.46363636363636357,below_threshold
2019,59647,CAL,PJ Poutasi,0.408,below_threshold
2019,84152,CAL,Ben Skinner,0.544,below_threshold
2019,45160,CAL,Alex Netherda,0.525,below_threshold
2019,100534,CAL,Brian Driscoll,0.4533333333333333,below_threshold
2019,100535,CAL,Brayden Rohme,0.49583333333333324,below_threshold
2019,82097,CAL,Robby Rowell,0.5383333333333333,below_threshold
2019,60356,CAL,Chase Garbers,0.7071428571428571,below_threshold
2019,40118,CAL,Devon Modster,0.4434782608695652,below_threshold
2019,100574,CAL,Spencer Brasch,0.4533333333333333,below_threshold
2019,82097,CAL,Robby Rowell,0.5383333333333333,below_threshold
2019,25776,CAL,Luc Bequette,0.4187037037037038,below_threshold
2019,25779,CAL,Zeandae Johnson,0.6296296296296297,below_threshold
2019,35494,CAL,Ben Schrider,0.4576923076923077,below_threshold
2019,38408,CAL,Camryn Bynum,0.408,below_threshold
2019,38410,CAL,Cameron Goode,0.644,below_threshold
2019,38490,CAL,Traveon Beck,0.525,below_threshold
2019,38498,CAL,Josh Drayden,0.5173913043478261,below_threshold
2019,38507,CAL,Chinedu Udeogu,0.4103448275862069,below_threshold
2019,38523,CAL,Tevin Paul,0.5636363636363636,below_threshold
2019,38534,CAL,Evan Weaver,0.49583333333333324,below_threshold
2019,49560,CAL,Ashtyn Davis,0.49583333333333324,below_threshold
2019,49921,CAL,Kuony Deng,0.5355,below_threshold
2019,51131,CAL,Trey Turner III,0.46363636363636357,below_threshold
2019,51423,CAL,Jaylinn Hawkins,0.6173913043478261,below_threshold
2019,55582,CAL,Branden Smith,0.5037037037037037,below_threshold
2019,55584,CAL,Elijah Hicks,0.6666666666666667,below_threshold
2019,56905,UCLA,Martin Andrus Jr.,0.85,below_threshold
2019,60640,CAL,Daniel Scott,0.47600000000000003,below_threshold
2019,60867,CAL,Ben Moos,0.578125,below_threshold
2019,81950,CAL,Joseph Ogunbanjo,0.51,below_threshold
2019,81953,CAL,JH Tevis,0.51,below_threshold
2019,81954,CAL,Nick Alftin,0.49583333333333324,below_threshold
2019,82538,CAL,Colt Doughty,0.3863636363636364,below_threshold
2019,82540,CAL,Tommy Vanis,0.525,below_threshold
2019,82541,CAL,Evan Tattersall,0.4576923076923077,below_threshold
2019,83031,CAL,Chigozie Anusiem,0.3838709677419355,below_threshold
2019,83479,CAL,Lone Toailoa,0.7192307692307692,below_threshold
2019,83481,CAL,Aaron Maldonado,0.4935483870967741,below_threshold
2019,100383,CAL,Jaylen Martin,0.68,below_threshold
2019,100416,CAL,Gabriel Cherry,0.4576923076923077,below_threshold
2019,100417,CAL,Braxten Croteau,0.47600000000000003,below_threshold
2019,100516,CAL,Brett Johnson,0.612,below_threshold
2019,100560,CAL,Orin Patu,0.5636363636363636,below_threshold
2019,25776,CAL,Luc Bequette,0.4187037037037038,below_threshold
2019,25779,CAL,Zeandae Johnson,0.6296296296296297,below_threshold
2019,35494,CAL,Ben Schrider,0.4576923076923077,below_threshold
2019,38408,CAL,Camryn Bynum,0.408,below_threshold
2019,38410,CAL,Cameron Goode,0.644,below_threshold
2019,38490,CAL,Traveon Beck,0.525,below_threshold
2019,38498,CAL,Josh Drayden,0.5173913043478261,below_threshold
2019,38507,CAL,Chinedu Udeogu,0.4103448275862069,below_threshold
2019,38523,CAL,Tevin Paul,0.5636363636363636,below_threshold
2019,38534,CAL,Evan Weaver,0.49583333333333324,below_threshold
2019,49560,CAL,Ashtyn Davis,0.49583333333333324,below_threshold
2019,49921,CAL,Kuony Deng,0.5355,below_threshold
2019,51131,CAL,Trey Turner III,0.46363636363636357,below_threshold
2019,51423,CAL,Jaylinn Hawkins,0.6173913043478261,below_threshold
2019,55582,CAL,Branden Smith,0.5037037037037037,below_threshold
2019,55584,CAL,Elijah Hicks,0.6666666666666667,below_threshold
2019,60640,CAL,Daniel Scott,0.47600000000000003,below_threshold
2019,60867,CAL,Ben Moos,0.578125,below_threshold
2019,81950,CAL,Joseph Ogunbanjo,0.51,below_threshold
2019,81954,CAL,Nick Alftin,0.49583333333333324,below_threshold
2019,82538,CAL,Colt Doughty,0.3863636363636364,below_threshold
2019,82541,CAL,Evan Tattersall,0.4576923076923077,below_threshold
2019,83031,CAL,Chigozie Anusiem,0.3838709677419355,below_threshold
2019,100417,CAL,Braxten Croteau,0.47600000000000003,below_threshold
2019,25776,CAL,Luc Bequette,0.4187037037037038,below_threshold
2019,25779,CAL,Zeandae Johnson,0.6296296296296297,below_threshold
2019,35494,CAL,Ben Schrider,0.4576923076923077,below_threshold
2019,38408,CAL,Camryn Bynum,0.408,below_threshold
2019,38410,CAL,Cameron Goode,0.644,below_threshold
2019,38490,CAL,Traveon Beck,0.525,below_threshold
2019,38498,CAL,Josh Drayden,0.5173913043478261,below_threshold
2019,38507,CAL,Chinedu Udeogu,0.4103448275862069,below_threshold
2019,38523,CAL,Tevin Paul,0.5636363636363636,below_threshold
2019,38534,CAL,Evan Weaver,0.49583333333333324,below_threshold
2019,49560,CAL,Ashtyn Davis,0.49583333333333324,below_threshold
2019,49921,CAL,Kuony Deng,0.5355,below_threshold
2019,51131,CAL,Trey Turner III,0.46363636363636357,below_threshold
2019,51423,CAL,Jaylinn Hawkins,0.6173913043478261,below_threshold
2019,55582,CAL,Branden Smith,0.5037037037037037,below_threshold
2019,55584,CAL,Elijah Hicks,0.6666666666666667,below_threshold
2019,56905,UCLA,Martin Andrus Jr.,0.85,below_threshold
2019,60640,CAL,Daniel Scott,0.47600000000000003,below_threshold
2019,60867,CAL,Ben Moos,0.578125,below_threshold
2019,81950,CAL,Joseph Ogunbanjo,0.51,below_threshold
2019,81953,CAL,JH Tevis,0.51,below_threshold
2019,81954,CAL,Nick Alftin,0.49583333333333324,below_threshold
2019,82538,CAL,Colt Doughty,0.3863636363636364,below_threshold
2019,82540,CAL,Tommy Vanis,0.525,below_threshold
2019,82541,CAL,Evan Tattersall,0.4576923076923077,below_threshold
2019,83031,CAL,Chigozie Anusiem,0.3838709677419355,below_threshold
2019,83479,CAL,Lone Toailoa,0.7192307692307692,below_threshold
2019,83480,CAL,Erick Nisich,0.4348076923076923,below_threshold
2019,83481,CAL,Aaron Maldonado,0.4935483870967741,below_threshold
2019,100383,CAL,Jaylen Martin,0.68,below_threshold
2019,100416,CAL,Gabriel Cherry,0.4576923076923077,below_threshold
2019,100417,CAL,Braxten Croteau,0.47600000000000003,below_threshold
2019,100516,CAL,Brett Johnson,0.612,below_threshold
2019,100560,CAL,Orin Patu,0.5636363636363636,below_threshold
2019,52319,USF,Randall St. Felix,0.459,below_threshold
2019,47234,USF,Mitchell Wilcox,0.48571428571428565,below_threshold
2019,101125,USF,Bryce Miller,0.5230769230769231,below_threshold
2019,27362,USF,Eddie McDoom,0.4434782608695652,below_threshold
2019,86854,USF,Johnny Ford,0.61,below_threshold
2019,101130,USF,Xavier Weaver,0.508,below_threshold
2019,39192,USF,Jordan Cronkrite,0.5275862068965518,below_threshold
2019,39891,USF,Jacob Mathis,0.72675,below_threshold
2019,52306,USF,Jernard Phillips,0.4935483870967741,below_threshold
2019,101124,USF,Kelley Joiner Jr.,0.49583333333333324,below_threshold
2019,86859,USF,Terrence Horne,0.4576923076923077,below_threshold
2019,39900,USF,Tre Odoms-Dukes,0.508,below_threshold
2019,101128,USF,Kevin Purlett,0.39230769230769225,below_threshold
2019,27769,USF,Stanley Clerveaux,0.5533333333333333,below_threshold
2019,40200,USF,Trevon Sands,0.47600000000000003,below_threshold
2019,52300,USF,Fred Lloyd Jr.,0.46363636363636357,below_threshold
2019,101127,USF,Sean Atkins,0.5173913043478261,below_threshold
2019,101129,USF,Caqavouis Berryhill,0.41727272727272724,below_threshold
2019,39192,USF,Jordan Cronkrite,0.5275862068965518,below_threshold
2019,101058,USF,Jordan McCloud,0.5862068965517242,below_threshold
2019,101124,USF,Kelley Joiner Jr.,0.49583333333333324,below_threshold
2019,40200,USF,Trevon Sands,0.47600000000000003,below_threshold
2019,101059,USF,Jahquez Evans,0.44045454545454543,below_threshold
2019,86854,USF,Johnny Ford,0.61,below_threshold
2019,46627,USF,Blake Barnett,0.4522,below_threshold
2019,101061,USF,Kirk Rygol,0.425,below_threshold
2019,52294,USF,Dave Small,0.5958333333333332,below_threshold
2019,100974,USF,Spencer Shrader,0.5666666666666668,below_threshold
2019,27362,USF,Eddie McDoom,0.4434782608695652,below_threshold
2019,90334,USF,Odunayo Seriki,0.40375,below_threshold
2019,101130,USF,Xavier Weaver,0.508,below_threshold
2019,14041,USF,Malachi Jean,0.46565217391304353,below_threshold
2019,29052,USF,Kirk Livingstone,0.4387096774193548,below_threshold
2019,29757,USF,Darius Slade,0.49583333333333324,below_threshold
2019,33753,USF,Brock Nichols,0.4969230769230769,below_threshold
2019,34781,USF,Trent Shaw,0.43605,below_threshold
2019,35068,USF,Greg Reaves,0.47600000000000003,below_threshold
2019,42669,USF,Mike Hampton,0.4576923076923077,below_threshold
2019,44371,USF,Tyrik Jones,0.5409090909090909,below_threshold
2019,44439,USF,K.J. Sails,0.5368421052631579,below_threshold
2019,49214,USF,Devin Studstill,0.4689655172413793,below_threshold
2019,52291,USF,Bentlee Sanders,0.4306666666666666,below_threshold
2019,52293,USF,Darrien Grant,0.5046875,below_threshold
2019,52302,USF,Jabreel Stephens,0.5767857142857143,below_threshold
2019,52308,USF,Kelvin Pinkney,0.4407407407407408,below_threshold
2019,52310,USF,Kevin Kegler,0.4407407407407408,below_threshold
2019,52315,USF,Mekhi LaPointe,0.4407407407407408,below_threshold
2019,52318,USF,Nick Roberts,0.47600000000000003,below_threshold
2019,58102,USF,Patrick Macon,0.5576923076923077,below_threshold
2019,62929,USF,Ryan Thaxton,0.49583333333333324,below_threshold
2019,76829,USF,Stacy Kirby,0.4026315789473685,below_threshold
2019,77185,USF,Antonio Grier,0.4407407407407408,below_threshold
2019,77186,USF,Dwayne Boyles,0.5434782608695652,below_threshold
2019,77187,USF,Drew Mims,0.5409090909090909,below_threshold
2019,77750,USF,Brian Norris,0.48571428571428565,below_threshold
2019,86850,USF,Rashawn Yates,0.46363636363636357,below_threshold
2019,86855,USF,Tyrone Barber,0.4522,below_threshold
2019,86856,USF,Vincent Davis,0.6884615384615385,below_threshold
2019,90336,USF,Armon Williams,0.6678571428571428,below_threshold
2019,91245,USF,Trey Laing,0.46142857142857135,below_threshold
2019,98440,USF,Jason Vaughn,0.5383333333333333,below_threshold
2019,100444,USC,Stanley Ta'ufo'ou,0.85,below_threshold
2019,100445,USC,De'Jon Benton,0.85,below_threshold
2019,100961,USF,John Waller,0.5173913043478261,below_threshold
2019,100962,USF,Blake Green,0.4576923076923077,below_threshold
2019,100998,USF,Demaruez Bellamy,0.5187037037037038,below_threshold
2019,101000,USF,Taeaviion Gray,0.525,below_threshold
2019,46361,USF,William Atterbury,0.5209677419354839,below_threshold
2019,52295,USF,Demetris Harris,0.5383333333333332,below_threshold
2019,86862,USF,Brad Cecil,0.5636363636363636,below_threshold
2019,46968,USF,Marcus Norman,0.4576923076923077,below_threshold
2019,86861,USF,Donovan Jennings,0.425,below_threshold
2019,47234,USF,Mitchell Wilcox,0.48571428571428565,below_threshold
2019,41856,USF,Jarrett Hopple,0.425,below_threshold
2019,101058,USF,Jordan McCloud,0.5862068965517242,below_threshold
2019,27362,USF,Eddie McDoom,0.4434782608695652,below_threshold
2019,52319,USF,Randall St. Felix,0.459,below_threshold
2019,101125,USF,Bryce Miller,0.5230769230769231,below_threshold
2019,39192,USF,Jordan Cronkrite,0.5275862068965518,below_threshold
2019,27769,USF,Stanley Clerveaux,0.5533333333333333,below_threshold
2019,101130,USF,Xavier Weaver,0.508,below_threshold
2019,39891,USF,Jacob Mathis,0.72675,below_threshold
2019,52306,USF,Jernard Phillips,0.4935483870967741,below_threshold
2019,101124,USF,Kelley Joiner Jr.,0.49583333333333324,below_threshold
2019,41166,USF,Michael Wiggs,0.5884615384615385,below_threshold
2019,86859,USF,Terrence Horne,0.4576923076923077,below_threshold
2019,40200,USF,Trevon Sands,0.47600000000000003,below_threshold
2019,101128,USF,Kevin Purlett,0.39230769230769225,below_threshold
2019,86854,USF,Johnny Ford,0.61,below_threshold
2019,39900,USF,Tre Odoms-Dukes,0.508,below_threshold
2019,52300,USF,Fred Lloyd Jr.,0.46363636363636357,below_threshold
2019,46627,USF,Blake Barnett,0.4522,below_threshold
2019,101061,USF,Kirk Rygol,0.425,below_threshold
2019,52301,USF,Hal Roberson,0.544,below_threshold
2019,52314,USF,Matt Nelson,0.6913043478260869,below_threshold
2019,101032,USF,Joshua Blanchard,0.51,below_threshold
2019,52305,USF,Jermiah Stafford,0.4707692307692308,below_threshold
2019,101129,USF,Caqavouis Berryhill,0.41727272727272724,below_threshold
2019,52294,USF,Dave Small,0.5958333333333332,below_threshold
2019,101127,USF,Sean Atkins,0.5173913043478261,below_threshold
2019,90334,USF,Odunayo Seriki,0.40375,below_threshold
2019,101059,USF,Jahquez Evans,0.44045454545454543,below_threshold
2019,86852,USF,Ian Deneen,0.4434782608695652,below_threshold
2019,77592,USF,Trent Schneider,0.4935483870967741,below_threshold
2019,52318,USF,Nick Roberts,0.47600000000000003,below_threshold
2019,77750,USF,Brian Norris,0.48571428571428565,below_threshold
2019,33753,USF,Brock Nichols,0.4969230769230769,below_threshold
2019,29757,USF,Darius Slade,0.49583333333333324,below_threshold
2019,29052,USF,Kirk Livingstone,0.4387096774193548,below_threshold
2019,42617,USF,McArthur Burnett,0.4306666666666666,below_threshold
2019,101058,USF,Jordan McCloud,0.5862068965517242,below_threshold
2019,46627,USF,Blake Barnett,0.4522,below_threshold
2019,101061,USF,Kirk Rygol,0.425,below_threshold
2019,101059,USF,Jahquez Evans,0.44045454545454543,below_threshold
2019,14041,USF,Malachi Jean,0.46565217391304353,below_threshold
2019,29052,USF,Kirk Livingstone,0.4387096774193548,below_threshold
2019,29757,USF,Darius Slade,0.49583333333333324,below_threshold
2019,33753,USF,Brock Nichols,0.4969230769230769,below_threshold
2019,34781,USF,Trent Shaw,0.43605,below_threshold
2019,35068,USF,Greg Reaves,0.47600000000000003,below_threshold
2019,39900,USF,Tre Odoms-Dukes,0.508,below_threshold
2019,42617,USF,McArthur Burnett,0.4306666666666666,below_threshold
2019,42669,USF,Mike Hampton,0.4576923076923077,below_threshold
2019,44371,USF,Tyrik Jones,0.5409090909090909,below_threshold
2019,44439,USF,K.J. Sails,0.5368421052631579,below_threshold
2019,49214,USF,Devin Studstill,0.4689655172413793,below_threshold
2019,52289,USF,AJ Franco,0.5,below_threshold
2019,52291,USF,Bentlee Sanders,0.4306666666666666,below_threshold
2019,52293,USF,Darrien Grant,0.5046875,below_threshold
2019,52302,USF,Jabreel Stephens,0.5767857142857143,below_threshold
2019,52308,USF,Kelvin Pinkney,0.4407407407407408,below_threshold
2019,52310,USF,Kevin Kegler,0.4407407407407408,below_threshold
2019,52315,USF,Mekhi LaPointe,0.4407407407407408,below_threshold
2019,52318,USF,Nick Roberts,0.47600000000000003,below_threshold
2019,52319,USF,Randall St. Felix,0.459,below_threshold
2019,58102,USF,Patrick Macon,0.5576923076923077,below_threshold
2019,62929,USF,Ryan Thaxton,0.49583333333333324,below_threshold
2019,76829,USF,Stacy Kirby,0.4026315789473685,below_threshold
2019,77185,USF,Antonio Grier,0.4407407407407408,below_threshold
2019,77186,USF,Dwayne Boyles,0.5434782608695652,below_threshold
2019,77187,USF,Drew Mims,0.5409090909090909,below_threshold
2019,77750,USF,Brian Norris,0.48571428571428565,below_threshold
2019,78078,USF,Zion Roland,0.5434782608695652,below_threshold
2019,86850,USF,Rashawn Yates,0.46363636363636357,below_threshold
2019,86855,USF,Tyrone Barber,0.4522,below_threshold
2019,86856,USF,Vincent Davis,0.6884615384615385,below_threshold
2019,90334,USF,Odunayo Seriki,0.40375,below_threshold
2019,90336,USF,Armon Williams,0.6678571428571428,below_threshold
2019,91245,USF,Trey Laing,0.46142857142857135,below_threshold
2019,97326,USF,Daquan Evans,0.425,below_threshold
2019,98440,USF,Jason Vaughn,0.5383333333333333,below_threshold
2019,100444,USC,Stanley Ta'ufo'ou,0.85,below_threshold
2019,100445,USC,De'Jon Benton,0.85,below_threshold
2019,100927,USF,Eugene Bowman,0.5187037037037038,below_threshold
2019,100961,USF,John Waller,0.5173913043478261,below_threshold
2019,100962,USF,Blake Green,0.4576923076923077,below_threshold
2019,100998,USF,Demaruez Bellamy,0.5187037037037038,below_threshold
2019,101000,USF,Taeaviion Gray,0.525,below_threshold
2019,101125,USF,Bryce Miller,0.5230769230769231,below_threshold
2019,101128,USF,Kevin Purlett,0.39230769230769225,below_threshold
2019,105809,USF,Isaiah Cromarty,0.6666666666666667,below_threshold
2019,29052,USF,Kirk Livingstone,0.4387096774193548,below_threshold
2019,33753,USF,Brock Nichols,0.4969230769230769,below_threshold
2019,34781,USF,Trent Shaw,0.43605,below_threshold
2019,35068,USF,Greg Reaves,0.47600000000000003,below_threshold
2019,42617,USF,McArthur Burnett,0.4306666666666666,below_threshold
2019,42669,USF,Mike Hampton,0.4576923076923077,below_threshold
2019,44371,USF,Tyrik Jones,0.5409090909090909,below_threshold
2019,44439,USF,K.J. Sails,0.5368421052631579,below_threshold
2019,49214,USF,Devin Studstill,0.4689655172413793,below_threshold
2019,52291,USF,Bentlee Sanders,0.4306666666666666,below_threshold
2019,52302,USF,Jabreel Stephens,0.5767857142857143,below_threshold
2019,52310,USF,Kevin Kegler,0.4407407407407408,below_threshold
2019,52315,USF,Mekhi LaPointe,0.4407407407407408,below_threshold
2019,52318,USF,Nick Roberts,0.47600000000000003,below_threshold
2019,58102,USF,Patrick Macon,0.5576923076923077,below_threshold
2019,62929,USF,Ryan Thaxton,0.49583333333333324,below_threshold
2019,77185,USF,Antonio Grier,0.4407407407407408,below_threshold
2019,77186,USF,Dwayne Boyles,0.5434782608695652,below_threshold
2019,77187,USF,Drew Mims,0.5409090909090909,below_threshold
2019,77750,USF,Brian Norris,0.48571428571428565,below_threshold
2019,78078,USF,Zion Roland,0.5434782608695652,below_threshold
2019,86850,USF,Rashawn Yates,0.46363636363636357,below_threshold
2019,86856,USF,Vincent Davis,0.6884615384615385,below_threshold
2019,91245,USF,Trey Laing,0.46142857142857135,below_threshold
2019,97326,USF,Daquan Evans,0.425,below_threshold
2019,98440,USF,Jason Vaughn,0.5383333333333333,below_threshold
2019,100927,USF,Eugene Bowman,0.5187037037037038,below_threshold
2019,100998,USF,Demaruez Bellamy,0.5187037037037038,below_threshold
2019,101000,USF,Taeaviion Gray,0.525,below_threshold
2019,105809,USF,Isaiah Cromarty,0.6666666666666667,below_threshold
2019,14041,USF,Malachi Jean,0.46565217391304353,below_threshold
2019,29052,USF,Kirk Livingstone,0.4387096774193548,below_threshold
2019,29757,USF,Darius Slade,0.49583333333333324,below_threshold
2019,33753,USF,Brock Nichols,0.4969230769230769,below_threshold
2019,34781,USF,Trent Shaw,0.43605,below_threshold
2019,35068,USF,Greg Reaves,0.47600000000000003,below_threshold
2019,39900,USF,Tre Odoms-Dukes,0.508,below_threshold
2019,42617,USF,McArthur Burnett,0.4306666666666666,below_threshold
2019,42669,USF,Mike Hampton,0.4576923076923077,below_threshold
2019,44371,USF,Tyrik Jones,0.5409090909090909,below_threshold
2019,44439,USF,K.J. Sails,0.5368421052631579,below_threshold
2019,49214,USF,Devin Studstill,0.4689655172413793,below_threshold
2019,52289,USF,AJ Franco,0.5,below_threshold
2019,52291,USF,Bentlee Sanders,0.4306666666666666,below_threshold
2019,52293,USF,Darrien Grant,0.5046875,below_threshold
2019,52302,USF,Jabreel Stephens,0.5767857142857143,below_threshold
2019,52308,USF,Kelvin Pinkney,0.4407407407407408,below_threshold
2019,52310,USF,Kevin Kegler,0.4407407407407408,below_threshold
2019,52315,USF,Mekhi LaPointe,0.4407407407407408,below_threshold
2019,52318,USF,Nick Roberts,0.47600000000000003,below_threshold
2019,52319,USF,Randall St. Felix,0.459,below_threshold
2019,58102,USF,Patrick Macon,0.5576923076923077,below_threshold
2019,62929,USF,Ryan Thaxton,0.49583333333333324,below_threshold
2019,76829,USF,Stacy Kirby,0.4026315789473685,below_threshold
2019,77185,USF,Antonio Grier,0.4407407407407408,below_threshold
2019,77186,USF,Dwayne Boyles,0.5434782608695652,below_threshold
2019,77187,USF,Drew Mims,0.5409090909090909,below_threshold
2019,77750,USF,Brian Norris,0.48571428571428565,below_threshold
2019,78078,USF,Zion Roland,0.5434782608695652,below_threshold
2019,86850,USF,Rashawn Yates,0.46363636363636357,below_threshold
2019,86855,USF,Tyrone Barber,0.4522,below_threshold
2019,86856,USF,Vincent Davis,0.6884615384615385,below_threshold
2019,90334,USF,Odunayo Seriki,0.40375,below_threshold
2019,90336,USF,Armon Williams,0.6678571428571428,below_threshold
2019,91245,USF,Trey Laing,0.46142857142857135,below_threshold
2019,97326,USF,Daquan Evans,0.425,below_threshold
2019,98440,USF,Jason Vaughn,0.5383333333333333,below_threshold
2019,100444,USC,Stanley Ta'ufo'ou,0.85,below_threshold
2019,100445,USC,De'Jon Benton,0.85,below_threshold
2019,100927,USF,Eugene Bowman,0.5187037037037038,below_threshold
2019,100961,USF,John Waller,0.5173913043478261,below_threshold
2019,100962,USF,Blake Green,0.4576923076923077,below_threshold
2019,100998,USF,Demaruez Bellamy,0.5187037037037038,below_threshold
2019,101000,USF,Taeaviion Gray,0.525,below_threshold
2019,101125,USF,Bryce Miller,0.5230769230769231,below_threshold
2019,101128,USF,Kevin Purlett,0.39230769230769225,below_threshold
2019,105809,USF,Isaiah Cromarty,0.6666666666666667,below_threshold
2019,52032,COLO STATE,John Blasco Jr.,0.85,below_threshold
2019,81956,COLORADO,Nu'umotu Falo Jr.,0.85,below_threshold
2019,100380,COLORADO,K.J. Trujillo,0.9130434782608695,below_threshold
2019,59662,COLORADO,Will Sherman,0.7555555555555555,below_threshold
2019,81956,COLORADO,Nu'umotu Falo Jr.,0.85,below_threshold
2019,100380,COLORADO,K.J. Trujillo,0.9130434782608695,below_threshold
2019,81956,COLORADO,Nu'umotu Falo Jr.,0.85,below_threshold
2019,100380,COLORADO,K.J. Trujillo,0.9130434782608695,below_threshold
2019,81956,COLORADO,Nu'umotu Falo Jr.,0.85,below_threshold
2019,100380,COLORADO,K.J. Trujillo,0.9130434782608695,below_threshold
2019,55101,UCONN,Robert P. King III,0.9075,below_threshold
2019,76739,UCONN,Terrence Ganyi,0.8892857142857142,below_threshold
2019,55101,UCONN,Robert P. King III,0.9075,below_threshold
2019,76739,UCONN,Terrence Ganyi,0.8892857142857142,below_threshold
2019,55101,UCONN,Robert P. King III,0.9075,below_threshold
2019,76739,UCONN,Terrence Ganyi,0.8892857142857142,below_threshold
2019,55101,UCONN,Robert P. King III,0.9075,below_threshold
2019,76739,UCONN,Terrence Ganyi,0.8892857142857142,below_threshold
2019,55894,FLORIDA ST,Pokey Wilson,0.6383333333333332,below_threshold
2019,55894,FLORIDA ST,Pokey Wilson,0.6383333333333332,below_threshold
2019,55894,FLORIDA ST,Pokey Wilson,0.6383333333333332,below_threshold
2019,41417,FLORIDA ST,Michael Arnold,0.68,below_threshold
2019,55894,FLORIDA ST,Pokey Wilson,0.6383333333333332,below_threshold
2019,55894,FLORIDA ST,Pokey Wilson,0.6383333333333332,below_threshold
2019,29321,FLORIDA,Adam Shuler,0.85,below_threshold
2019,43701,FLORIDA,Marlon Dunlap Jr.,0.85,below_threshold
2019,56349,FLORIDA,Zach Carter,0.848,below_threshold
2019,56597,FLORIDA,T.J. Slaton,0.72675,below_threshold
2019,41866,FLORIDA,Jean Delance,0.85,below_threshold
2019,29321,FLORIDA,Adam Shuler,0.85,below_threshold
2019,43701,FLORIDA,Marlon Dunlap Jr.,0.85,below_threshold
2019,56349,FLORIDA,Zach Carter,0.848,below_threshold
2019,56597,FLORIDA,T.J. Slaton,0.72675,below_threshold
2019,83820,FLORIDA,Moses Gordon III,0.85,below_threshold
2019,29321,FLORIDA,Adam Shuler,0.85,below_threshold
2019,56349,FLORIDA,Zach Carter,0.848,below_threshold
2019,29321,FLORIDA,Adam Shuler,0.85,below_threshold
2019,43701,FLORIDA,Marlon Dunlap Jr.,0.85,below_threshold
2019,56349,FLORIDA,Zach Carter,0.848,below_threshold
2019,56597,FLORIDA,T.J. Slaton,0.72675,below_threshold
2019,83820,FLORIDA,Moses Gordon III,0.85,below_threshold
2019,97189,GA TECH,Jamious Griffin,0.8192307692307692,below_threshold
2019,97189,GA TECH,Jamious Griffin,0.8192307692307692,below_threshold
2019,76882,GA TECH,Ja'Quon Griffin,0.85,below_threshold
2019,97189,GA TECH,Jamious Griffin,0.8192307692307692,below_threshold
2019,76882,GA TECH,Ja'Quon Griffin,0.85,below_threshold
2019,76882,GA TECH,Ja'Quon Griffin,0.85,below_threshold
2019,83220,GEORGIA,Chris Smith II,0.82675,below_threshold
2019,83220,GEORGIA,Chris Smith II,0.82675,below_threshold
2019,83220,GEORGIA,Chris Smith II,0.82675,below_threshold
2019,52053,HAWAII,Azia Se'ei,0.85,below_threshold
2019,75762,HAWAII,Blessman Ta'ala,0.85,below_threshold
2019,52053,HAWAII,Azia Se'ei,0.85,below_threshold
2019,75762,HAWAII,Blessman Ta'ala,0.85,below_threshold
2019,52053,HAWAII,Azia Se'ei,0.85,below_threshold
2019,75762,HAWAII,Blessman Ta'ala,0.85,below_threshold
2019,43211,IOWA STATE,Chima Azunna,0.644,below_threshold
2019,43211,IOWA STATE,Chima Azunna,0.644,below_threshold
2019,43211,IOWA STATE,Chima Azunna,0.644,below_threshold
2019,43211,IOWA STATE,Chima Azunna,0.644,below_threshold
2019,27948,NWESTERN,Ben Skowronek,0.8366666666666667,below_threshold
2019,98186,NWESTERN,Jason Gold Jr.,0.85,below_threshold
2019,59970,NWESTERN,Sam Gerak,0.85,below_threshold
2019,27948,NWESTERN,Ben Skowronek,0.8366666666666667,below_threshold
2019,83339,NWESTERN,AJ Hampton,0.9095238095238093,below_threshold
2019,98186,NWESTERN,Jason Gold Jr.,0.85,below_threshold
2019,83339,NWESTERN,AJ Hampton,0.9095238095238093,below_threshold
2019,83339,NWESTERN,AJ Hampton,0.9095238095238093,below_threshold
2019,98186,NWESTERN,Jason Gold Jr.,0.85,below_threshold
2019,47861,INDIANA,Nick Westbrook-Ikhine,0.865,below_threshold
2019,51112,INDIANA,Marcelino McCrary-Ball,0.82675,below_threshold
2019,47861,INDIANA,Nick Westbrook-Ikhine,0.865,below_threshold
2019,101728,INDIANA,Christian Harris,0.6319565217391303,below_threshold
2019,51112,INDIANA,Marcelino McCrary-Ball,0.82675,below_threshold
2019,51112,INDIANA,Marcelino McCrary-Ball,0.82675,below_threshold
2019,51112,INDIANA,Marcelino McCrary-Ball,0.82675,below_threshold
2019,51112,INDIANA,Marcelino McCrary-Ball,0.82675,below_threshold
2019,29557,W KENTUCKY,Lucky Jackson,0.595,below_threshold
2019,42095,W KENTUCKY,Jahcour Pearson,0.5037037037037037,below_threshold
2019,61821,W KENTUCKY,Jacquez Sloan,0.408,below_threshold
2019,35215,W KENTUCKY,Quin Jernighan,0.47600000000000003,below_threshold
2019,98358,W KENTUCKY,Joshua Simon,0.5464285714285715,below_threshold
2019,42531,W KENTUCKY,Gaej Walker,0.5700000000000001,below_threshold
2019,41150,W KENTUCKY,Kyle Fourtenbary,0.5464285714285714,below_threshold
2019,83804,W KENTUCKY,Garland LaFrance,0.45421875,below_threshold
2019,35344,W KENTUCKY,Ty Storey,0.51,below_threshold
2019,57479,W KENTUCKY,Jakairi Moses,0.5636363636363636,below_threshold
2019,42334,W KENTUCKY,Xavier Lane,0.6037037037037036,below_threshold
2019,97181,W KENTUCKY,Dayton Wade,0.5636363636363636,below_threshold
2019,57481,W KENTUCKY,Josh Samuel,0.6263157894736843,below_threshold
2019,84241,KENTUCKY,B.J. Alexander,0.7606818181818181,below_threshold
2019,61077,W KENTUCKY,Steven Witchoskey,0.4533333333333333,below_threshold
2019,42531,W KENTUCKY,Gaej Walker,0.5700000000000001,below_threshold
2019,35344,W KENTUCKY,Ty Storey,0.51,below_threshold
2019,40211,W KENTUCKY,Steven Duncan,0.525,below_threshold
2019,83805,W KENTUCKY,KeShawn McClendon,0.5275862068965518,below_threshold
2019,61821,W KENTUCKY,Jacquez Sloan,0.408,below_threshold
2019,57481,W KENTUCKY,Josh Samuel,0.6263157894736843,below_threshold
2019,83803,W KENTUCKY,Gino Appleberry,0.4387096774193548,below_threshold
2019,42095,W KENTUCKY,Jahcour Pearson,0.5037037037037037,below_threshold
2019,83804,W KENTUCKY,Garland LaFrance,0.45421875,below_threshold
2019,60604,W KENTUCKY,Davis Shanley,0.5666666666666668,below_threshold
2019,57479,W KENTUCKY,Jakairi Moses,0.5636363636363636,below_threshold
2019,100732,W KENTUCKY,John Haggerty,0.51,below_threshold
2019,29557,W KENTUCKY,Lucky Jackson,0.595,below_threshold
2019,22969,W KENTUCKY,Clay Davis,0.6666666666666667,below_threshold
2019,33612,W KENTUCKY,Ta'Corian Darden,0.51,below_threshold
2019,40902,W KENTUCKY,Malik Staples,0.48449999999999993,below_threshold
2019,42502,W KENTUCKY,Trae Meadows,0.5636363636363636,below_threshold
2019,42697,W KENTUCKY,Demetrius Cain,0.5275862068965518,below_threshold
2019,42713,W KENTUCKY,Jeremy Darvin,0.49583333333333324,below_threshold
2019,44015,W KENTUCKY,Jalen Madden,0.49583333333333324,below_threshold
2019,45288,W KENTUCKY,Omari Alexander,0.7677419354838708,below_threshold
2019,51291,W KENTUCKY,Damon Lowe,0.5173913043478261,below_threshold
2019,56303,W KENTUCKY,Roger Cray,0.48571428571428565,below_threshold
2019,56304,W KENTUCKY,Dionte Ruffin,0.6275862068965518,below_threshold
2019,56306,W KENTUCKY,Antwon Kincade,0.48571428571428565,below_threshold
2019,56307,W KENTUCKY,Devon Key,0.6191071428571429,below_threshold
2019,56941,W KENTUCKY,DeAngelo Malone,0.578125,below_threshold
2019,56942,W KENTUCKY,C.J. Marria,0.61,below_threshold
2019,56944,W KENTUCKY,Carson Jordan,0.5590384615384614,below_threshold
2019,56945,W KENTUCKY,Jaylon George,0.612,below_threshold
2019,57837,W KENTUCKY,Jaden Hunter,0.49583333333333324,below_threshold
2019,58289,W KENTUCKY,Kyle Bailey,0.5913043478260869,below_threshold
2019,58290,W KENTUCKY,Juwuan Jones,0.5689655172413793,below_threshold
2019,81466,W KENTUCKY,Mario Wright II,0.544,below_threshold
2019,82477,W KENTUCKY,Deporess Schletty,0.51,below_threshold
2019,82479,W KENTUCKY,Lichon Terrell,0.51,below_threshold
2019,83459,W KENTUCKY,Beanie Bishop Jr.,0.5689655172413793,below_threshold
2019,83460,W KENTUCKY,A.J. Brathwaite Jr.,0.525,below_threshold
2019,98154,W KENTUCKY,Ricky Barber,0.425,below_threshold
2019,98604,W KENTUCKY,Marcus Bragg,0.5037037037037037,below_threshold
2019,99109,KENTUCKY,K.D. McDaniel,0.8130434782608695,below_threshold
2019,60235,W KENTUCKY,Jordan Meredith,0.6071428571428571,below_threshold
2019,36494,W KENTUCKY,Miles Pate,0.48449999999999993,below_threshold
2019,41891,W KENTUCKY,Seth Joest,0.525,below_threshold
2019,40256,W KENTUCKY,Tyler Witt,0.5383333333333332,below_threshold
2019,60236,W KENTUCKY,Cole Spencer,0.47600000000000003,below_threshold
2019,29557,W KENTUCKY,Lucky Jackson,0.595,below_threshold
2019,42531,W KENTUCKY,Gaej Walker,0.5700000000000001,below_threshold
2019,35215,W KENTUCKY,Quin Jernighan,0.47600000000000003,below_threshold
2019,42095,W KENTUCKY,Jahcour Pearson,0.5037037037037037,below_threshold
2019,35344,W KENTUCKY,Ty Storey,0.51,below_threshold
2019,98358,W KENTUCKY,Joshua Simon,0.5464285714285715,below_threshold
2019,41150,W KENTUCKY,Kyle Fourtenbary,0.5464285714285714,below_threshold
2019,61077,W KENTUCKY,Steven Witchoskey,0.4533333333333333,below_threshold
2019,46355,W KENTUCKY,Parker Howell,0.46363636363636357,below_threshold
2019,61821,W KENTUCKY,Jacquez Sloan,0.408,below_threshold
2019,81937,W KENTUCKY,Gunner Britton,0.47851851851851845,below_threshold
2019,40211,W KENTUCKY,Steven Duncan,0.525,below_threshold
2019,84241,KENTUCKY,B.J. Alexander,0.7606818181818181,below_threshold
2019,42334,W KENTUCKY,Xavier Lane,0.6037037037037036,below_threshold
2019,81941,W KENTUCKY,Rusty Staats,0.508,below_threshold
2019,97181,W KENTUCKY,Dayton Wade,0.5636363636363636,below_threshold
2019,81938,W KENTUCKY,Mason Brooks,0.5173913043478261,below_threshold
2019,100801,W KENTUCKY,Garrett Nickelson,0.5831578947368421,below_threshold
2019,97293,W KENTUCKY,Jeremiah Fails,0.5103448275862069,below_threshold
2019,100863,W KENTUCKY,Joey Beljan,0.4434782608695652,below_threshold
2019,57479,W KENTUCKY,Jakairi Moses,0.5636363636363636,below_threshold
2019,60604,W KENTUCKY,Davis Shanley,0.5666666666666668,below_threshold
2019,83593,W KENTUCKY,Kevaris Thomas,0.6296296296296297,below_threshold
2019,57481,W KENTUCKY,Josh Samuel,0.6263157894736843,below_threshold
2019,83805,W KENTUCKY,KeShawn McClendon,0.5275862068965518,below_threshold
2019,98019,W KENTUCKY,Dalvin Smith,0.49583333333333324,below_threshold
2019,83804,W KENTUCKY,Garland LaFrance,0.45421875,below_threshold
2019,105816,KENTUCKY,Ryan Bryant,0.425,below_threshold
2019,105817,KENTUCKY,Wesley Johnson,0.595,below_threshold
2019,44870,W KENTUCKY,Jared Nash,0.6476190476190475,below_threshold
2019,98204,W KENTUCKY,Cory Munson,0.4434782608695652,below_threshold
2019,35344,W KENTUCKY,Ty Storey,0.51,below_threshold
2019,40211,W KENTUCKY,Steven Duncan,0.525,below_threshold
2019,29557,W KENTUCKY,Lucky Jackson,0.595,below_threshold
2019,61821,W KENTUCKY,Jacquez Sloan,0.408,below_threshold
2019,83593,W KENTUCKY,Kevaris Thomas,0.6296296296296297,below_threshold
2019,22969,W KENTUCKY,Clay Davis,0.6666666666666667,below_threshold
2019,33612,W KENTUCKY,Ta'Corian Darden,0.51,below_threshold
2019,35196,W KENTUCKY,Canon Jackson,0.595,below_threshold
2019,40902,W KENTUCKY,Malik Staples,0.48449999999999993,below_threshold
2019,42502,W KENTUCKY,Trae Meadows,0.5636363636363636,below_threshold
2019,42697,W KENTUCKY,Demetrius Cain,0.5275862068965518,below_threshold
2019,42713,W KENTUCKY,Jeremy Darvin,0.49583333333333324,below_threshold
2019,44015,W KENTUCKY,Jalen Madden,0.49583333333333324,below_threshold
2019,45288,W KENTUCKY,Omari Alexander,0.7677419354838708,below_threshold
2019,51291,W KENTUCKY,Damon Lowe,0.5173913043478261,below_threshold
2019,56303,W KENTUCKY,Roger Cray,0.48571428571428565,below_threshold
2019,56304,W KENTUCKY,Dionte Ruffin,0.6275862068965518,below_threshold
2019,56306,W KENTUCKY,Antwon Kincade,0.48571428571428565,below_threshold
2019,56307,W KENTUCKY,Devon Key,0.6191071428571429,below_threshold
2019,56941,W KENTUCKY,DeAngelo Malone,0.578125,below_threshold
2019,56942,W KENTUCKY,C.J. Marria,0.61,below_threshold
2019,56944,W KENTUCKY,Carson Jordan,0.5590384615384614,below_threshold
2019,56945,W KENTUCKY,Jaylon George,0.612,below_threshold
2019,57478,W KENTUCKY,Marcelis Logan,0.5464285714285715,below_threshold
2019,57837,W KENTUCKY,Jaden Hunter,0.49583333333333324,below_threshold
2019,58289,W KENTUCKY,Kyle Bailey,0.5913043478260869,below_threshold
2019,58290,W KENTUCKY,Juwuan Jones,0.5689655172413793,below_threshold
2019,61821,W KENTUCKY,Jacquez Sloan,0.408,below_threshold
2019,63032,W KENTUCKY,DeMarquez Trotter,0.6483870967741935,below_threshold
2019,81465,W KENTUCKY,Trey Urquhart,0.4407407407407408,below_threshold
2019,81466,W KENTUCKY,Mario Wright II,0.544,below_threshold
2019,82477,W KENTUCKY,Deporess Schletty,0.51,below_threshold
2019,82479,W KENTUCKY,Lichon Terrell,0.51,below_threshold
2019,83459,W KENTUCKY,Beanie Bishop Jr.,0.5689655172413793,below_threshold
2019,83460,W KENTUCKY,A.J. Brathwaite Jr.,0.525,below_threshold
2019,83463,W KENTUCKY,Cardavion Myers,0.5037037037037037,below_threshold
2019,97688,W KENTUCKY,Clayton Bush,0.544,below_threshold
2019,98154,W KENTUCKY,Ricky Barber,0.425,below_threshold
2019,98604,W KENTUCKY,Marcus Bragg,0.5037037037037037,below_threshold
2019,99109,KENTUCKY,K.D. McDaniel,0.8130434782608695,below_threshold
2019,22969,W KENTUCKY,Clay Davis,0.6666666666666667,below_threshold
2019,33612,W KENTUCKY,Ta'Corian Darden,0.51,below_threshold
2019,35196,W KENTUCKY,Canon Jackson,0.595,below_threshold
2019,40902,W KENTUCKY,Malik Staples,0.48449999999999993,below_threshold
2019,42502,W KENTUCKY,Trae Meadows,0.5636363636363636,below_threshold
2019,42697,W KENTUCKY,Demetrius Cain,0.5275862068965518,below_threshold
2019,44015,W KENTUCKY,Jalen Madden,0.49583333333333324,below_threshold
2019,45288,W KENTUCKY,Omari Alexander,0.7677419354838708,below_threshold
2019,51291,W KENTUCKY,Damon Lowe,0.5173913043478261,below_threshold
2019,56303,W KENTUCKY,Roger Cray,0.48571428571428565,below_threshold
2019,56304,W KENTUCKY,Dionte Ruffin,0.6275862068965518,below_threshold
2019,56306,W KENTUCKY,Antwon Kincade,0.48571428571428565,below_threshold
2019,56307,W KENTUCKY,Devon Key,0.6191071428571429,below_threshold
2019,56941,W KENTUCKY,DeAngelo Malone,0.578125,below_threshold
2019,56945,W KENTUCKY,Jaylon George,0.612,below_threshold
2019,57478,W KENTUCKY,Marcelis Logan,0.5464285714285715,below_threshold
2019,57837,W KENTUCKY,Jaden Hunter,0.49583333333333324,below_threshold
2019,58289,W KENTUCKY,Kyle Bailey,0.5913043478260869,below_threshold
2019,58290,W KENTUCKY,Juwuan Jones,0.5689655172413793,below_threshold
2019,63032,W KENTUCKY,DeMarquez Trotter,0.6483870967741935,below_threshold
2019,81465,W KENTUCKY,Trey Urquhart,0.4407407407407408,below_threshold
2019,81466,W KENTUCKY,Mario Wright II,0.544,below_threshold
2019,82477,W KENTUCKY,Deporess Schletty,0.51,below_threshold
2019,83459,W KENTUCKY,Beanie Bishop Jr.,0.5689655172413793,below_threshold
2019,83460,W KENTUCKY,A.J. Brathwaite Jr.,0.525,below_threshold
2019,83463,W KENTUCKY,Cardavion Myers,0.5037037037037037,below_threshold
2019,83803,W KENTUCKY,Gino Appleberry,0.4387096774193548,below_threshold
2019,97688,W KENTUCKY,Clayton Bush,0.544,below_threshold
2019,99109,KENTUCKY,K.D. McDaniel,0.8130434782608695,below_threshold
2019,22969,W KENTUCKY,Clay Davis,0.6666666666666667,below_threshold
2019,33612,W KENTUCKY,Ta'Corian Darden,0.51,below_threshold
2019,35196,W KENTUCKY,Canon Jackson,0.595,below_threshold
2019,40902,W KENTUCKY,Malik Staples,0.48449999999999993,below_threshold
2019,42502,W KENTUCKY,Trae Meadows,0.5636363636363636,below_threshold
2019,42697,W KENTUCKY,Demetrius Cain,0.5275862068965518,below_threshold
2019,42713,W KENTUCKY,Jeremy Darvin,0.49583333333333324,below_threshold
2019,44015,W KENTUCKY,Jalen Madden,0.49583333333333324,below_threshold
2019,45288,W KENTUCKY,Omari Alexander,0.7677419354838708,below_threshold
2019,51291,W KENTUCKY,Damon Lowe,0.5173913043478261,below_threshold
2019,56303,W KENTUCKY,Roger Cray,0.48571428571428565,below_threshold
2019,56304,W KENTUCKY,Dionte Ruffin,0.6275862068965518,below_threshold
2019,56306,W KENTUCKY,Antwon Kincade,0.48571428571428565,below_threshold
2019,56307,W KENTUCKY,Devon Key,0.6191071428571429,below_threshold
2019,56941,W KENTUCKY,DeAngelo Malone,0.578125,below_threshold
2019,56942,W KENTUCKY,C.J. Marria,0.61,below_threshold
2019,56944,W KENTUCKY,Carson Jordan,0.5590384615384614,below_threshold
2019,56945,W KENTUCKY,Jaylon George,0.612,below_threshold
2019,57478,W KENTUCKY,Marcelis Logan,0.5464285714285715,below_threshold
2019,57837,W KENTUCKY,Jaden Hunter,0.49583333333333324,below_threshold
2019,58289,W KENTUCKY,Kyle Bailey,0.5913043478260869,below_threshold
2019,58290,W KENTUCKY,Juwuan Jones,0.5689655172413793,below_threshold
2019,61821,W KENTUCKY,Jacquez Sloan,0.408,below_threshold
2019,63032,W KENTUCKY,DeMarquez Trotter,0.6483870967741935,below_threshold
2019,81465,W KENTUCKY,Trey Urquhart,0.4407407407407408,below_threshold
2019,81466,W KENTUCKY,Mario Wright II,0.544,below_threshold
2019,82477,W KENTUCKY,Deporess Schletty,0.51,below_threshold
2019,82479,W KENTUCKY,Lichon Terrell,0.51,below_threshold
2019,83459,W KENTUCKY,Beanie Bishop Jr.,0.5689655172413793,below_threshold
2019,83460,W KENTUCKY,A.J. Brathwaite Jr.,0.525,below_threshold
2019,83463,W KENTUCKY,Cardavion Myers,0.5037037037037037,below_threshold
2019,83803,W KENTUCKY,Gino Appleberry,0.4387096774193548,below_threshold
2019,97688,W KENTUCKY,Clayton Bush,0.544,below_threshold
2019,98154,W KENTUCKY,Ricky Barber,0.425,below_threshold
2019,98604,W KENTUCKY,Marcus Bragg,0.5037037037037037,below_threshold
2019,99109,KENTUCKY,K.D. McDaniel,0.8130434782608695,below_threshold
2019,98834,LSU,Cor'Dale Flott,0.9185185185185185,below_threshold
2019,98834,LSU,Cor'Dale Flott,0.9185185185185185,below_threshold
2019,98834,LSU,Cor'Dale Flott,0.9185185185185185,below_threshold
2019,98834,LSU,Cor'Dale Flott,0.9185185185185185,below_threshold
2019,97120,BOSTON COL,Pat Garwo III,0.7954545454545454,below_threshold
2019,97120,BOSTON COL,Pat Garwo III,0.7954545454545454,below_threshold
2019,56964,BOSTON COL,T.J. Rayam,0.7999999999999998,below_threshold
2019,40719,BOSTON COL,Elijah Johnson,0.85,below_threshold
2019,97120,BOSTON COL,Pat Garwo III,0.7954545454545454,below_threshold
2019,56964,BOSTON COL,T.J. Rayam,0.7999999999999998,below_threshold
2019,56964,BOSTON COL,T.J. Rayam,0.7999999999999998,below_threshold
2019,44028,MARYLAND,Oluwaseun Oluwatimi,0.85,below_threshold
2019,101424,MARYLAND,Anthony Booker Jr.,0.85,below_threshold
2019,81722,MARYLAND,Jaelyn Duncan,0.85,below_threshold
2019,59834,MARYLAND,Tyran Walker-Hunt,0.72675,below_threshold
2019,44028,MARYLAND,Oluwaseun Oluwatimi,0.85,below_threshold
2019,101424,MARYLAND,Anthony Booker Jr.,0.85,below_threshold
2019,44028,MARYLAND,Oluwaseun Oluwatimi,0.85,below_threshold
2019,44028,MARYLAND,Oluwaseun Oluwatimi,0.85,below_threshold
2019,101424,MARYLAND,Anthony Booker Jr.,0.85,below_threshold
2019,61447,MICH STATE,C.J. Hayes,0.8999999999999998,below_threshold
2019,61447,MICH STATE,C.J. Hayes,0.8999999999999998,below_threshold
2019,61799,C MICHIGAN,Kalil Pimpleton,0.46142857142857135,below_threshold
2019,13756,W MICHIGAN,Giovanni Ricci,0.50375,below_threshold
2019,97116,W MICHIGAN,Skyy Moore,0.425,below_threshold
2019,78187,E MICHIGAN,Dylan Drummond,0.5306666666666666,below_threshold
2019,55060,C MICHIGAN,JaCorey Sullivan,0.5831578947368421,below_threshold
2019,47622,W MICHIGAN,Keith Mixon Jr.,0.5636363636363636,below_threshold
2019,78042,C MICHIGAN,Ty Scott,0.578125,below_threshold
2019,78190,E MICHIGAN,Arthur Jackson III,0.66525,below_threshold
2019,61237,E MICHIGAN,Quian Williams,0.5767857142857143,below_threshold
2019,26287,E MICHIGAN,Mathew Sexton,0.7071428571428571,below_threshold
2019,40148,C MICHIGAN,Tony Poljan,0.5230769230769231,below_threshold
2019,78182,E MICHIGAN,Line Latu,0.46142857142857135,below_threshold
2019,78169,W MICHIGAN,DaShon Bussell,0.5760000000000001,below_threshold
2019,25859,C MICHIGAN,Jonathan Ward,0.6152380952380953,below_threshold
2019,78185,E MICHIGAN,Hassan Beydoun,0.48571428571428565,below_threshold
2019,77800,C MICHIGAN,Kobe Lewis,0.46363636363636357,below_threshold
2019,61825,W MICHIGAN,Jaylen Hall,0.72675,below_threshold
2019,98712,E MICHIGAN,Bryson Cannon,0.5636363636363636,below_threshold
2019,97276,W MICHIGAN,Corey Crooms Jr.,0.525,below_threshold
2019,45854,W MICHIGAN,LeVante Bellamy,0.4576923076923077,below_threshold
2019,34682,E MICHIGAN,Breck Turner,0.646,below_threshold
2019,77948,C MICHIGAN,Bernhard Raimann,0.5760000000000001,below_threshold
2019,28243,E MICHIGAN,Shaq Vann,0.5275,below_threshold
2019,60885,E MICHIGAN,Gunnar Oakes,0.4434782608695652,below_threshold
2019,78191,C MICHIGAN,Keonta Nixon,0.47600000000000003,below_threshold
2019,97124,W MICHIGAN,Sean Tyler,0.5617391304347825,below_threshold
2019,77872,E MICHIGAN,Thomas Odukoya,0.5383333333333332,below_threshold
2019,61827,W MICHIGAN,Tyron Arnett,0.4434782608695652,below_threshold
2019,55061,C MICHIGAN,Drayton Law,0.5409090909090909,below_threshold
2019,47490,E MICHIGAN,Eddie Daugherty,0.37777777777777777,below_threshold
2019,29573,W MICHIGAN,D'Wayne Eskridge,0.48760000000000003,below_threshold
2019,42170,W MICHIGAN,Brett Borske,0.46363636363636357,below_threshold
2019,77691,E MICHIGAN,Jairus Grissom,0.4434782608695652,below_threshold
2019,40315,E MICHIGAN,Willie Parker,0.5666666666666668,below_threshold
2019,26273,E MICHIGAN,Bryce Kemp,0.51,below_threshold
2019,78170,W MICHIGAN,Cam Cooper,0.51,below_threshold
2019,77943,C MICHIGAN,Joel Wilson,0.6476190476190475,below_threshold
2019,40495,C MICHIGAN,Kumehnnu Gwilly,0.525,below_threshold
2019,77254,W MICHIGAN,Ryan Selig,0.5666666666666668,below_threshold
2019,104182,C MICHIGAN,Adam Jones,0.61,below_threshold
2019,97187,C MICHIGAN,Lew Nichols,0.6814,below_threshold
2019,35009,W MICHIGAN,Davon Tucker,0.48571428571428565,below_threshold
2019,40522,C MICHIGAN,Oakley Lavallii,0.525,below_threshold
2019,78192,C MICHIGAN,Mark Patritto,0.5434782608695652,below_threshold
2019,40996,C MICHIGAN,Cameron Cole,0.6925925925925928,below_threshold
2019,41352,C MICHIGAN,Bailey Edwards,0.425,below_threshold
2019,41385,W MICHIGAN,Jordan Asbury,0.6580645161290323,below_threshold
2019,35120,W MICHIGAN,Alex Mussat,0.5636363636363636,below_threshold
2019,97519,MICHIGAN,Dax Hill,0.8157894736842104,below_threshold
2019,45854,W MICHIGAN,LeVante Bellamy,0.4576923076923077,below_threshold
2019,25859,C MICHIGAN,Jonathan Ward,0.6152380952380953,below_threshold
2019,77800,C MICHIGAN,Kobe Lewis,0.46363636363636357,below_threshold
2019,28243,E MICHIGAN,Shaq Vann,0.5275,below_threshold
2019,60369,E MICHIGAN,Mike Glass III,0.72675,below_threshold
2019,35009,W MICHIGAN,Davon Tucker,0.48571428571428565,below_threshold
2019,97124,W MICHIGAN,Sean Tyler,0.5617391304347825,below_threshold
2019,34650,W MICHIGAN,Jon Wassink,0.48571428571428565,below_threshold
2019,40315,E MICHIGAN,Willie Parker,0.5666666666666668,below_threshold
2019,41906,C MICHIGAN,Tommy Lazzaro,0.4407407407407408,below_threshold
2019,34682,E MICHIGAN,Breck Turner,0.646,below_threshold
2019,35426,C MICHIGAN,Quinten Dormady,0.5666666666666668,below_threshold
2019,40495,C MICHIGAN,Kumehnnu Gwilly,0.525,below_threshold
2019,77691,E MICHIGAN,Jairus Grissom,0.4434782608695652,below_threshold
2019,97187,C MICHIGAN,Lew Nichols,0.6814,below_threshold
2019,60370,E MICHIGAN,Preston Hutchinson,0.6211538461538461,below_threshold
2019,40713,C MICHIGAN,David Moore,0.6181818181818182,below_threshold
2019,61826,W MICHIGAN,Ra'Sean Davie,0.49583333333333324,below_threshold
2019,100195,W MICHIGAN,Dawson Schick,0.49583333333333324,below_threshold
2019,61799,C MICHIGAN,Kalil Pimpleton,0.46142857142857135,below_threshold
2019,78182,E MICHIGAN,Line Latu,0.46142857142857135,below_threshold
2019,60519,W MICHIGAN,Griffin Alstott,0.5138636363636363,below_threshold
2019,78187,E MICHIGAN,Dylan Drummond,0.5306666666666666,below_threshold
2019,26287,E MICHIGAN,Mathew Sexton,0.7071428571428571,below_threshold
2019,77794,E MICHIGAN,Karmi Mackey,0.5173913043478261,below_threshold
2019,77797,C MICHIGAN,Thaddeus Cornick,0.4371428571428571,below_threshold
2019,34263,C MICHIGAN,Romello Ross,0.4969230769230769,below_threshold
2019,100226,W MICHIGAN,Trae Allen,0.48571428571428565,below_threshold
2019,100216,E MICHIGAN,Darius Boone Jr.,0.4689655172413793,below_threshold
2019,77090,C MICHIGAN,Brady Buell,0.47600000000000003,below_threshold
2019,78042,C MICHIGAN,Ty Scott,0.578125,below_threshold
2019,78185,E MICHIGAN,Hassan Beydoun,0.48571428571428565,below_threshold
2019,60269,E MICHIGAN,Jake Julien,0.5409090909090909,below_threshold
2019,26348,E MICHIGAN,Brody Hoying,0.5958333333333332,below_threshold
2019,47622,W MICHIGAN,Keith Mixon Jr.,0.5636363636363636,below_threshold
2019,47490,E MICHIGAN,Eddie Daugherty,0.37777777777777777,below_threshold
2019,97103,C MICHIGAN,Daniel Richardson,0.4868181818181818,below_threshold
2019,97116,W MICHIGAN,Skyy Moore,0.425,below_threshold
2019,40798,W MICHIGAN,Jaret Curtis,0.6173913043478261,below_threshold
2019,40522,C MICHIGAN,Oakley Lavallii,0.525,below_threshold
2019,13808,E MICHIGAN,Hunter Andrews,0.612,below_threshold
2019,23804,W MICHIGAN,Tim Collins,0.6652173913043479,below_threshold
2019,24504,E MICHIGAN,Alvinoski LaFleur,0.53605,below_threshold
2019,25543,C MICHIGAN,Sean Adesanya,0.5037037037037037,below_threshold
2019,25890,C MICHIGAN,D'Andre Dill,0.5230769230769231,below_threshold
2019,25893,C MICHIGAN,Michael Oliver,0.6071428571428571,below_threshold
2019,26334,E MICHIGAN,Kevin McGill,0.6476190476190475,below_threshold
2019,26345,E MICHIGAN,Clay Holford,0.5230769230769231,below_threshold
2019,26348,E MICHIGAN,Brody Hoying,0.5958333333333332,below_threshold
2019,27379,MICHIGAN,Joshua Uche,0.765,below_threshold
2019,28437,W MICHIGAN,Najee Clayton,0.5173913043478261,below_threshold
2019,29573,W MICHIGAN,D'Wayne Eskridge,0.48760000000000003,below_threshold
2019,34082,C MICHIGAN,Da'Quaun Jamison,0.51,below_threshold
2019,34655,E MICHIGAN,Thad Abram,0.5138636363636363,below_threshold
2019,35120,W MICHIGAN,Alex Mussat,0.5636363636363636,below_threshold
2019,35562,W MICHIGAN,Alex Grace,0.4250000000000001,below_threshold
2019,35939,W MICHIGAN,Antonio Balabani,0.47812499999999997,below_threshold
2019,41655,E MICHIGAN,Vince Calhoun,0.5760000000000001,below_threshold
2019,42383,C MICHIGAN,Alonzo McCoy,0.4434782608695652,below_threshold
2019,42466,W MICHIGAN,Stefan Claiborne,0.5037037037037037,below_threshold
2019,42769,W MICHIGAN,Kailien Guillory,0.51,below_threshold
2019,43047,C MICHIGAN,Gage Kreski,0.525,below_threshold
2019,43054,W MICHIGAN,Drake Spears,0.49583333333333324,below_threshold
2019,44098,E MICHIGAN,Michael Smith Jr.,0.5913043478260869,below_threshold
2019,44316,C MICHIGAN,Joshuwa Eldridge,0.5464285714285715,below_threshold
2019,44409,W MICHIGAN,Ken Aguirre,0.47600000000000003,below_threshold
2019,48415,MICHIGAN,Mike Danna,0.7652173913043478,below_threshold
2019,49177,W MICHIGAN,Justin Tranquill,0.5103448275862069,below_threshold
2019,55046,C MICHIGAN,Devonni Reed,0.6173913043478261,below_threshold
2019,55049,C MICHIGAN,Brandon Brown,0.544,below_threshold
2019,55050,C MICHIGAN,Troy Brown,0.695,below_threshold
2019,55053,C MICHIGAN,George Douglas IV,0.5700000000000001,below_threshold
2019,55054,C MICHIGAN,Chuck Jones,0.5046875,below_threshold
2019,55058,C MICHIGAN,Keegan Cossou,0.51,below_threshold
2019,55796,E MICHIGAN,Korey Hernandez,0.4689655172413793,below_threshold
2019,55868,E MICHIGAN,Blake Bogan,0.5173913043478261,below_threshold
2019,56309,W MICHIGAN,A.J. Thomas,0.7181818181818181,below_threshold
2019,56310,W MICHIGAN,Calin Crawford,0.4533333333333333,below_threshold
2019,56323,E MICHIGAN,Jose Ramirez,0.49583333333333324,below_threshold
2019,56589,E MICHIGAN,CJ Hunt,0.5563636363636364,below_threshold
2019,56591,E MICHIGAN,Desmond Kelly,0.56525,below_threshold
2019,56946,W MICHIGAN,Ali Fayad,0.48636363636363644,below_threshold
2019,56950,W MICHIGAN,Ralph Holley,0.46363636363636357,below_threshold
2019,56951,W MICHIGAN,Jamal Williams,0.5191071428571428,below_threshold
2019,57801,E MICHIGAN,Terry Myrick,0.5213043478260869,below_threshold
2019,57802,E MICHIGAN,Desean Boyd,0.49583333333333324,below_threshold
2019,58023,C MICHIGAN,Andrew Ward,0.6296296296296297,below_threshold
2019,58293,W MICHIGAN,Treshaun Hayward,0.5666666666666668,below_threshold
2019,58294,W MICHIGAN,Corvin Moment,0.525,below_threshold
2019,58296,W MICHIGAN,Tanner Motz,0.46363636363636357,below_threshold
2019,65032,C MICHIGAN,Robi Stuart,0.4434782608695652,below_threshold
2019,65088,C MICHIGAN,Troy Hairston,0.5173913043478261,below_threshold
2019,76765,W MICHIGAN,Patrick Lupro,0.5407407407407409,below_threshold
2019,76766,W MICHIGAN,Zaire Barnes,0.5037037037037037,below_threshold
2019,76783,C MICHIGAN,Montrae Braswell,0.61,below_threshold
2019,76784,C MICHIGAN,Willie Reid,0.51,below_threshold
2019,76922,E MICHIGAN,Woo Scott,0.4371428571428571,below_threshold
2019,76957,W MICHIGAN,Andre Carter,0.5884615384615385,below_threshold
2019,76958,W MICHIGAN,Braden Fiske,0.49583333333333324,below_threshold
2019,76959,W MICHIGAN,Will McCabe,0.51,below_threshold
2019,76965,E MICHIGAN,Carter Stagner,0.6296296296296297,below_threshold
2019,76968,E MICHIGAN,Ty Eddington,0.48315789473684206,below_threshold
2019,76969,E MICHIGAN,Mikey Haney,0.46363636363636357,below_threshold
2019,76970,E MICHIGAN,Shawn Simeon,0.5913043478260869,below_threshold
2019,76971,E MICHIGAN,Turan Rush,0.51,below_threshold
2019,76973,C MICHIGAN,Amir Siddiq,0.5047619047619046,below_threshold
2019,76975,C MICHIGAN,Tico Brown,0.595,below_threshold
2019,76978,C MICHIGAN,LaQuan Johnson Jr.,0.6448275862068965,below_threshold
2019,77254,W MICHIGAN,Ryan Selig,0.5666666666666668,below_threshold
2019,77260,E MICHIGAN,Kobie Beltram,0.49583333333333324,below_threshold
2019,82430,C MICHIGAN,Mohamed Diallo,0.4407407407407408,below_threshold
2019,97727,C MICHIGAN,Cory Gildersleeve Jr.,0.578125,below_threshold
2019,98600,E MICHIGAN,Grant Trueman,0.544,below_threshold
2019,98631,E MICHIGAN,Brandon Burks,0.47600000000000003,below_threshold
2019,98632,E MICHIGAN,Tariq Speights,0.5230769230769231,below_threshold
2019,100280,E MICHIGAN,Russell Vaden IV,0.7579629629629628,below_threshold
2019,100326,E MICHIGAN,Aaron Hamilton,0.5666666666666668,below_threshold
2019,100338,E MICHIGAN,Anthony Ransey Jr.,0.6344642857142857,below_threshold
2019,100346,E MICHIGAN,Alex Merritt,0.5173913043478261,below_threshold
2019,104179,C MICHIGAN,Kyron McKinnie-Harper,0.5636842105263158,below_threshold
2019,104185,C MICHIGAN,Jacques Bristol,0.459,below_threshold
2019,105038,C MICHIGAN,Max Saylor,0.425,below_threshold
2019,25886,C MICHIGAN,Steve Eipper,0.5103448275862069,below_threshold
2019,77548,C MICHIGAN,Luke Goedeke,0.48571428571428565,below_threshold
2019,55063,C MICHIGAN,Clayton Walderzak,0.4689655172413793,below_threshold
2019,36229,C MICHIGAN,Derek Smith,0.5383333333333332,below_threshold
2019,27357,MICHIGAN,Mike Onwenu,0.68,below_threshold
2019,29571,W MICHIGAN,Luke Juriga,0.5636363636363636,below_threshold
2019,43678,W MICHIGAN,Jaylon Moore,0.51,below_threshold
2019,77531,E MICHIGAN,Brian Dooley,0.47600000000000003,below_threshold
2019,41446,W MICHIGAN,Mike Caliendo,0.4915217391304348,below_threshold
2019,26265,E MICHIGAN,Steven Nielsen,0.5483870967741935,below_threshold
2019,41296,E MICHIGAN,Mike Van Hoeven,0.4689655172413793,below_threshold
2019,59675,E MICHIGAN,Sidy Sow,0.3863636363636364,below_threshold
2019,41943,C MICHIGAN,Oge Udeogu,0.48571428571428565,below_threshold
2019,41385,W MICHIGAN,Jordan Asbury,0.6580645161290323,below_threshold
2019,59674,E MICHIGAN,Sam Dervil,0.44736842105263164,below_threshold
2019,41670,E MICHIGAN,Jake Donnellon,0.49583333333333324,below_threshold
2019,41941,W MICHIGAN,Spencer Kanz,0.4915217391304348,below_threshold
2019,13756,W MICHIGAN,Giovanni Ricci,0.50375,below_threshold
2019,41609,W MICHIGAN,Mark Brooks,0.544,below_threshold
2019,77948,C MICHIGAN,Bernhard Raimann,0.5760000000000001,below_threshold
2019,34650,W MICHIGAN,Jon Wassink,0.48571428571428565,below_threshold
2019,40148,C MICHIGAN,Tony Poljan,0.5230769230769231,below_threshold
2019,60242,W MICHIGAN,Dylan Deatherage,0.4935483870967741,below_threshold
2019,104180,C MICHIGAN,Danny Motowski,0.47600000000000003,below_threshold
2019,97116,W MICHIGAN,Skyy Moore,0.425,below_threshold
2019,55060,C MICHIGAN,JaCorey Sullivan,0.5831578947368421,below_threshold
2019,78169,W MICHIGAN,DaShon Bussell,0.5760000000000001,below_threshold
2019,78042,C MICHIGAN,Ty Scott,0.578125,below_threshold
2019,56482,W MICHIGAN,Tanner Mathias,0.48449999999999993,below_threshold
2019,35426,C MICHIGAN,Quinten Dormady,0.5666666666666668,below_threshold
2019,60369,E MICHIGAN,Mike Glass III,0.72675,below_threshold
2019,61799,C MICHIGAN,Kalil Pimpleton,0.46142857142857135,below_threshold
2019,77872,E MICHIGAN,Thomas Odukoya,0.5383333333333332,below_threshold
2019,98712,E MICHIGAN,Bryson Cannon,0.5636363636363636,below_threshold
2019,47622,W MICHIGAN,Keith Mixon Jr.,0.5636363636363636,below_threshold
2019,78190,E MICHIGAN,Arthur Jackson III,0.66525,below_threshold
2019,104183,C MICHIGAN,Deiyantei Powell-Woods,0.425,below_threshold
2019,61825,W MICHIGAN,Jaylen Hall,0.72675,below_threshold
2019,28243,E MICHIGAN,Shaq Vann,0.5275,below_threshold
2019,78187,E MICHIGAN,Dylan Drummond,0.5306666666666666,below_threshold
2019,26287,E MICHIGAN,Mathew Sexton,0.7071428571428571,below_threshold
2019,61237,E MICHIGAN,Quian Williams,0.5767857142857143,below_threshold
2019,78182,E MICHIGAN,Line Latu,0.46142857142857135,below_threshold
2019,40713,C MICHIGAN,David Moore,0.6181818181818182,below_threshold
2019,55061,C MICHIGAN,Drayton Law,0.5409090909090909,below_threshold
2019,97276,W MICHIGAN,Corey Crooms Jr.,0.525,below_threshold
2019,41264,C MICHIGAN,Hunter Buczkowski,0.82675,below_threshold
2019,45854,W MICHIGAN,LeVante Bellamy,0.4576923076923077,below_threshold
2019,78185,E MICHIGAN,Hassan Beydoun,0.48571428571428565,below_threshold
2019,77800,C MICHIGAN,Kobe Lewis,0.46363636363636357,below_threshold
2019,78191,C MICHIGAN,Keonta Nixon,0.47600000000000003,below_threshold
2019,42170,W MICHIGAN,Brett Borske,0.46363636363636357,below_threshold
2019,60885,E MICHIGAN,Gunnar Oakes,0.4434782608695652,below_threshold
2019,25859,C MICHIGAN,Jonathan Ward,0.6152380952380953,below_threshold
2019,41906,C MICHIGAN,Tommy Lazzaro,0.4407407407407408,below_threshold
2019,34682,E MICHIGAN,Breck Turner,0.646,below_threshold
2019,98665,E MICHIGAN,Richard Bates Jr.,0.48571428571428565,below_threshold
2019,40522,C MICHIGAN,Oakley Lavallii,0.525,below_threshold
2019,78170,W MICHIGAN,Cam Cooper,0.51,below_threshold
2019,36928,W MICHIGAN,Alex Keys,0.5191071428571429,below_threshold
2019,40315,E MICHIGAN,Willie Parker,0.5666666666666668,below_threshold
2019,60243,W MICHIGAN,Mohamed Elazazy,0.4689655172413793,below_threshold
2019,77691,E MICHIGAN,Jairus Grissom,0.4434782608695652,below_threshold
2019,60519,W MICHIGAN,Griffin Alstott,0.5138636363636363,below_threshold
2019,26273,E MICHIGAN,Bryce Kemp,0.51,below_threshold
2019,35009,W MICHIGAN,Davon Tucker,0.48571428571428565,below_threshold
2019,61827,W MICHIGAN,Tyron Arnett,0.4434782608695652,below_threshold
2019,60370,E MICHIGAN,Preston Hutchinson,0.6211538461538461,below_threshold
2019,40996,C MICHIGAN,Cameron Cole,0.6925925925925928,below_threshold
2019,104182,C MICHIGAN,Adam Jones,0.61,below_threshold
2019,47490,E MICHIGAN,Eddie Daugherty,0.37777777777777777,below_threshold
2019,37300,W MICHIGAN,Jonathan Todd,0.6152380952380953,below_threshold
2019,77943,C MICHIGAN,Joel Wilson,0.6476190476190475,below_threshold
2019,77254,W MICHIGAN,Ryan Selig,0.5666666666666668,below_threshold
2019,41352,C MICHIGAN,Bailey Edwards,0.425,below_threshold
2019,97124,W MICHIGAN,Sean Tyler,0.5617391304347825,below_threshold
2019,40495,C MICHIGAN,Kumehnnu Gwilly,0.525,below_threshold
2019,35120,W MICHIGAN,Alex Mussat,0.5636363636363636,below_threshold
2019,77381,C MICHIGAN,Tyden Ferris,0.4576923076923077,below_threshold
2019,97187,C MICHIGAN,Lew Nichols,0.6814,below_threshold
2019,40798,W MICHIGAN,Jaret Curtis,0.6173913043478261,below_threshold
2019,78192,C MICHIGAN,Mark Patritto,0.5434782608695652,below_threshold
2019,97103,C MICHIGAN,Daniel Richardson,0.4868181818181818,below_threshold
2019,55057,C MICHIGAN,Erik Ditzhazy,0.46363636363636357,below_threshold
2019,55056,C MICHIGAN,Nick Follmer,0.5383333333333333,below_threshold
2019,78168,W MICHIGAN,Brandon Hinds,0.6230769230769231,below_threshold
2019,98272,W MICHIGAN,Addison West,0.5409090909090909,below_threshold
2019,59672,E MICHIGAN,Yannik Rohrschneider,0.4275,below_threshold
2019,77529,E MICHIGAN,Marcellus Johnson,0.6499999999999999,below_threshold
2019,77794,E MICHIGAN,Karmi Mackey,0.5173913043478261,below_threshold
2019,100216,E MICHIGAN,Darius Boone Jr.,0.4689655172413793,below_threshold
2019,77538,C MICHIGAN,Jeff Strome,0.425,below_threshold
2019,100249,E MICHIGAN,Zackariah Kadri,0.4348076923076923,below_threshold
2019,77527,E MICHIGAN,Alex Howie,0.4434782608695652,below_threshold
2019,35347,E MICHIGAN,Tre'Shown Fields,0.48571428571428565,below_threshold
2019,55868,E MICHIGAN,Blake Bogan,0.5173913043478261,below_threshold
2019,61826,W MICHIGAN,Ra'Sean Davie,0.49583333333333324,below_threshold
2019,77297,C MICHIGAN,Franklin Lama,0.6211538461538461,below_threshold
2019,77260,E MICHIGAN,Kobie Beltram,0.49583333333333324,below_threshold
2019,29573,W MICHIGAN,D'Wayne Eskridge,0.48760000000000003,below_threshold
2019,76969,E MICHIGAN,Mikey Haney,0.46363636363636357,below_threshold
2019,24504,E MICHIGAN,Alvinoski LaFleur,0.53605,below_threshold
2019,34941,E MICHIGAN,Drake Sutton,0.4576923076923077,below_threshold
2019,55796,E MICHIGAN,Korey Hernandez,0.4689655172413793,below_threshold
2019,55053,C MICHIGAN,George Douglas IV,0.5700000000000001,below_threshold
2019,43539,E MICHIGAN,Tyler Lyle,0.5383333333333332,below_threshold
2019,43471,E MICHIGAN,Freddie McGee III,0.3695652173913043,below_threshold
2019,42383,C MICHIGAN,Alonzo McCoy,0.4434782608695652,below_threshold
2019,41655,E MICHIGAN,Vince Calhoun,0.5760000000000001,below_threshold
2019,76786,C MICHIGAN,Rolliann Sturkey,0.55,below_threshold
2019,77693,C MICHIGAN,Ben Maleszyk,0.5666666666666668,below_threshold
2019,76783,C MICHIGAN,Montrae Braswell,0.61,below_threshold
2019,43499,W MICHIGAN,Joseph Miller,0.68,below_threshold
2019,76784,C MICHIGAN,Willie Reid,0.51,below_threshold
2019,97519,MICHIGAN,Dax Hill,0.8157894736842104,below_threshold
2019,44316,C MICHIGAN,Joshuwa Eldridge,0.5464285714285715,below_threshold
2019,77090,C MICHIGAN,Brady Buell,0.47600000000000003,below_threshold
2019,97077,W MICHIGAN,Donavon Greenhow,0.5037037037037037,below_threshold
2019,77150,C MICHIGAN,Nick Apsey,0.5409090909090909,below_threshold
2019,60269,E MICHIGAN,Jake Julien,0.5409090909090909,below_threshold
2019,52961,E MICHIGAN,Tanner Knue,0.46363636363636357,below_threshold
2019,55047,C MICHIGAN,Norman Anderson,0.5884615384615385,below_threshold
2019,55050,C MICHIGAN,Troy Brown,0.695,below_threshold
2019,55054,C MICHIGAN,Chuck Jones,0.5046875,below_threshold
2019,100195,W MICHIGAN,Dawson Schick,0.49583333333333324,below_threshold
2019,100371,W MICHIGAN,Michael Arenberg,0.603225806451613,below_threshold
2019,57801,E MICHIGAN,Terry Myrick,0.5213043478260869,below_threshold
2019,33488,C MICHIGAN,Ryan Tice,0.5368421052631579,below_threshold
2019,25543,C MICHIGAN,Sean Adesanya,0.5037037037037037,below_threshold
2019,43047,C MICHIGAN,Gage Kreski,0.525,below_threshold
2019,34650,W MICHIGAN,Jon Wassink,0.48571428571428565,below_threshold
2019,60369,E MICHIGAN,Mike Glass III,0.72675,below_threshold
2019,35426,C MICHIGAN,Quinten Dormady,0.5666666666666668,below_threshold
2019,40713,C MICHIGAN,David Moore,0.6181818181818182,below_threshold
2019,60370,E MICHIGAN,Preston Hutchinson,0.6211538461538461,below_threshold
2019,41906,C MICHIGAN,Tommy Lazzaro,0.4407407407407408,below_threshold
2019,60519,W MICHIGAN,Griffin Alstott,0.5138636363636363,below_threshold
2019,77691,E MICHIGAN,Jairus Grissom,0.4434782608695652,below_threshold
2019,97103,C MICHIGAN,Daniel Richardson,0.4868181818181818,below_threshold
2019,61799,C MICHIGAN,Kalil Pimpleton,0.46142857142857135,below_threshold
2019,60269,E MICHIGAN,Jake Julien,0.5409090909090909,below_threshold
2019,44470,C MICHIGAN,Kaden Keon,0.5666666666666668,below_threshold
2019,78182,E MICHIGAN,Line Latu,0.46142857142857135,below_threshold
2019,13808,E MICHIGAN,Hunter Andrews,0.612,below_threshold
2019,23804,W MICHIGAN,Tim Collins,0.6652173913043479,below_threshold
2019,24504,E MICHIGAN,Alvinoski LaFleur,0.53605,below_threshold
2019,25543,C MICHIGAN,Sean Adesanya,0.5037037037037037,below_threshold
2019,25890,C MICHIGAN,D'Andre Dill,0.5230769230769231,below_threshold
2019,25893,C MICHIGAN,Michael Oliver,0.6071428571428571,below_threshold
2019,26334,E MICHIGAN,Kevin McGill,0.6476190476190475,below_threshold
2019,26343,E MICHIGAN,Jalen Phelps,0.6913043478260869,below_threshold
2019,26345,E MICHIGAN,Clay Holford,0.5230769230769231,below_threshold
2019,26348,E MICHIGAN,Brody Hoying,0.5958333333333332,below_threshold
2019,27379,MICHIGAN,Joshua Uche,0.765,below_threshold
2019,28437,W MICHIGAN,Najee Clayton,0.5173913043478261,below_threshold
2019,29573,W MICHIGAN,D'Wayne Eskridge,0.48760000000000003,below_threshold
2019,33353,W MICHIGAN,Kareem Ali,0.5857142857142856,below_threshold
2019,34082,C MICHIGAN,Da'Quaun Jamison,0.51,below_threshold
2019,34655,E MICHIGAN,Thad Abram,0.5138636363636363,below_threshold
2019,35562,W MICHIGAN,Alex Grace,0.4250000000000001,below_threshold
2019,35939,W MICHIGAN,Antonio Balabani,0.47812499999999997,below_threshold
2019,41655,E MICHIGAN,Vince Calhoun,0.5760000000000001,below_threshold
2019,42383,C MICHIGAN,Alonzo McCoy,0.4434782608695652,below_threshold
2019,42466,W MICHIGAN,Stefan Claiborne,0.5037037037037037,below_threshold
2019,42769,W MICHIGAN,Kailien Guillory,0.51,below_threshold
2019,43047,C MICHIGAN,Gage Kreski,0.525,below_threshold
2019,43054,W MICHIGAN,Drake Spears,0.49583333333333324,below_threshold
2019,43471,E MICHIGAN,Freddie McGee III,0.3695652173913043,below_threshold
2019,44098,E MICHIGAN,Michael Smith Jr.,0.5913043478260869,below_threshold
2019,44316,C MICHIGAN,Joshuwa Eldridge,0.5464285714285715,below_threshold
2019,44409,W MICHIGAN,Ken Aguirre,0.47600000000000003,below_threshold
2019,48264,W MICHIGAN,Anton Curtis,0.5434782608695652,below_threshold
2019,48415,MICHIGAN,Mike Danna,0.7652173913043478,below_threshold
2019,49177,W MICHIGAN,Justin Tranquill,0.5103448275862069,below_threshold
2019,55046,C MICHIGAN,Devonni Reed,0.6173913043478261,below_threshold
2019,55047,C MICHIGAN,Norman Anderson,0.5884615384615385,below_threshold
2019,55048,C MICHIGAN,Darius Bracy,0.5710416666666667,below_threshold
2019,55049,C MICHIGAN,Brandon Brown,0.544,below_threshold
2019,55050,C MICHIGAN,Troy Brown,0.695,below_threshold
2019,55053,C MICHIGAN,George Douglas IV,0.5700000000000001,below_threshold
2019,55054,C MICHIGAN,Chuck Jones,0.5046875,below_threshold
2019,55058,C MICHIGAN,Keegan Cossou,0.51,below_threshold
2019,55796,E MICHIGAN,Korey Hernandez,0.4689655172413793,below_threshold
2019,55867,E MICHIGAN,Jeff Hubbard,0.4915217391304348,below_threshold
2019,55868,E MICHIGAN,Blake Bogan,0.5173913043478261,below_threshold
2019,56309,W MICHIGAN,A.J. Thomas,0.7181818181818181,below_threshold
2019,56310,W MICHIGAN,Calin Crawford,0.4533333333333333,below_threshold
2019,56323,E MICHIGAN,Jose Ramirez,0.49583333333333324,below_threshold
2019,56589,E MICHIGAN,CJ Hunt,0.5563636363636364,below_threshold
2019,56591,E MICHIGAN,Desmond Kelly,0.56525,below_threshold
2019,56946,W MICHIGAN,Ali Fayad,0.48636363636363644,below_threshold
2019,56950,W MICHIGAN,Ralph Holley,0.46363636363636357,below_threshold
2019,56951,W MICHIGAN,Jamal Williams,0.5191071428571428,below_threshold
2019,57801,E MICHIGAN,Terry Myrick,0.5213043478260869,below_threshold
2019,57802,E MICHIGAN,Desean Boyd,0.49583333333333324,below_threshold
2019,58023,C MICHIGAN,Andrew Ward,0.6296296296296297,below_threshold
2019,58292,W MICHIGAN,Roy McCree,0.5760000000000001,below_threshold
2019,58293,W MICHIGAN,Treshaun Hayward,0.5666666666666668,below_threshold
2019,58294,W MICHIGAN,Corvin Moment,0.525,below_threshold
2019,58296,W MICHIGAN,Tanner Motz,0.46363636363636357,below_threshold
2019,61830,W MICHIGAN,Harrison Taylor,0.5617391304347825,below_threshold
2019,65032,C MICHIGAN,Robi Stuart,0.4434782608695652,below_threshold
2019,65088,C MICHIGAN,Troy Hairston,0.5173913043478261,below_threshold
2019,76765,W MICHIGAN,Patrick Lupro,0.5407407407407409,below_threshold
2019,76766,W MICHIGAN,Zaire Barnes,0.5037037037037037,below_threshold
2019,76767,W MICHIGAN,Ginial Isma,0.425,below_threshold
2019,76768,W MICHIGAN,Keni-H Lovely,0.4522,below_threshold
2019,76770,W MICHIGAN,Kmare Carey,0.5666666666666668,below_threshold
2019,76771,W MICHIGAN,Jake Moertl,0.6181818181818182,below_threshold
2019,76778,E MICHIGAN,Timarcus Simpson,0.5230769230769231,below_threshold
2019,76781,E MICHIGAN,Jerodd Vines,0.6173913043478261,below_threshold
2019,76783,C MICHIGAN,Montrae Braswell,0.61,below_threshold
2019,76784,C MICHIGAN,Willie Reid,0.51,below_threshold
2019,76786,C MICHIGAN,Rolliann Sturkey,0.55,below_threshold
2019,76922,E MICHIGAN,Woo Scott,0.4371428571428571,below_threshold
2019,76957,W MICHIGAN,Andre Carter,0.5884615384615385,below_threshold
2019,76958,W MICHIGAN,Braden Fiske,0.49583333333333324,below_threshold
2019,76959,W MICHIGAN,Will McCabe,0.51,below_threshold
2019,76965,E MICHIGAN,Carter Stagner,0.6296296296296297,below_threshold
2019,76968,E MICHIGAN,Ty Eddington,0.48315789473684206,below_threshold
2019,76969,E MICHIGAN,Mikey Haney,0.46363636363636357,below_threshold
2019,76970,E MICHIGAN,Shawn Simeon,0.5913043478260869,below_threshold
2019,76971,E MICHIGAN,Turan Rush,0.51,below_threshold
2019,76973,C MICHIGAN,Amir Siddiq,0.5047619047619046,below_threshold
2019,76975,C MICHIGAN,Tico Brown,0.595,below_threshold
2019,76978,C MICHIGAN,LaQuan Johnson Jr.,0.6448275862068965,below_threshold
2019,77150,C MICHIGAN,Nick Apsey,0.5409090909090909,below_threshold
2019,77260,E MICHIGAN,Kobie Beltram,0.49583333333333324,below_threshold
2019,77262,E MICHIGAN,Matthew Buschman,0.5483870967741935,below_threshold
2019,82430,C MICHIGAN,Mohamed Diallo,0.4407407407407408,below_threshold
2019,97349,C MICHIGAN,Woo Governor,0.4434782608695652,below_threshold
2019,97519,MICHIGAN,Dax Hill,0.8157894736842104,below_threshold
2019,97727,C MICHIGAN,Cory Gildersleeve Jr.,0.578125,below_threshold
2019,98600,E MICHIGAN,Grant Trueman,0.544,below_threshold
2019,98631,E MICHIGAN,Brandon Burks,0.47600000000000003,below_threshold
2019,98632,E MICHIGAN,Tariq Speights,0.5230769230769231,below_threshold
2019,100280,E MICHIGAN,Russell Vaden IV,0.7579629629629628,below_threshold
2019,100293,C MICHIGAN,Dishon McNary,0.48571428571428565,below_threshold
2019,100302,E MICHIGAN,Kempton Shine,0.47851851851851845,below_threshold
2019,100326,E MICHIGAN,Aaron Hamilton,0.5666666666666668,below_threshold
2019,100338,E MICHIGAN,Anthony Ransey Jr.,0.6344642857142857,below_threshold
2019,100346,E MICHIGAN,Alex Merritt,0.5173913043478261,below_threshold
2019,104179,C MICHIGAN,Kyron McKinnie-Harper,0.5636842105263158,below_threshold
2019,104185,C MICHIGAN,Jacques Bristol,0.459,below_threshold
2019,104220,C MICHIGAN,Justin Whiteside,0.4103448275862069,below_threshold
2019,105038,C MICHIGAN,Max Saylor,0.425,below_threshold
2019,105799,C MICHIGAN,Ke'Shon Parker,0.6233333333333334,below_threshold
2019,13808,E MICHIGAN,Hunter Andrews,0.612,below_threshold
2019,23804,W MICHIGAN,Tim Collins,0.6652173913043479,below_threshold
2019,24504,E MICHIGAN,Alvinoski LaFleur,0.53605,below_threshold
2019,25543,C MICHIGAN,Sean Adesanya,0.5037037037037037,below_threshold
2019,25893,C MICHIGAN,Michael Oliver,0.6071428571428571,below_threshold
2019,26334,E MICHIGAN,Kevin McGill,0.6476190476190475,below_threshold
2019,26343,E MICHIGAN,Jalen Phelps,0.6913043478260869,below_threshold
2019,26345,E MICHIGAN,Clay Holford,0.5230769230769231,below_threshold
2019,26348,E MICHIGAN,Brody Hoying,0.5958333333333332,below_threshold
2019,27379,MICHIGAN,Joshua Uche,0.765,below_threshold
2019,28437,W MICHIGAN,Najee Clayton,0.5173913043478261,below_threshold
2019,29573,W MICHIGAN,D'Wayne Eskridge,0.48760000000000003,below_threshold
2019,33353,W MICHIGAN,Kareem Ali,0.5857142857142856,below_threshold
2019,34082,C MICHIGAN,Da'Quaun Jamison,0.51,below_threshold
2019,34655,E MICHIGAN,Thad Abram,0.5138636363636363,below_threshold
2019,35562,W MICHIGAN,Alex Grace,0.4250000000000001,below_threshold
2019,35939,W MICHIGAN,Antonio Balabani,0.47812499999999997,below_threshold
2019,41655,E MICHIGAN,Vince Calhoun,0.5760000000000001,below_threshold
2019,42383,C MICHIGAN,Alonzo McCoy,0.4434782608695652,below_threshold
2019,42466,W MICHIGAN,Stefan Claiborne,0.5037037037037037,below_threshold
2019,42769,W MICHIGAN,Kailien Guillory,0.51,below_threshold
2019,43047,C MICHIGAN,Gage Kreski,0.525,below_threshold
2019,43054,W MICHIGAN,Drake Spears,0.49583333333333324,below_threshold
2019,43471,E MICHIGAN,Freddie McGee III,0.3695652173913043,below_threshold
2019,47622,W MICHIGAN,Keith Mixon Jr.,0.5636363636363636,below_threshold
2019,48264,W MICHIGAN,Anton Curtis,0.5434782608695652,below_threshold
2019,49177,W MICHIGAN,Justin Tranquill,0.5103448275862069,below_threshold
2019,55046,C MICHIGAN,Devonni Reed,0.6173913043478261,below_threshold
2019,55047,C MICHIGAN,Norman Anderson,0.5884615384615385,below_threshold
2019,55048,C MICHIGAN,Darius Bracy,0.5710416666666667,below_threshold
2019,55049,C MICHIGAN,Brandon Brown,0.544,below_threshold
2019,55050,C MICHIGAN,Troy Brown,0.695,below_threshold
2019,55053,C MICHIGAN,George Douglas IV,0.5700000000000001,below_threshold
2019,55054,C MICHIGAN,Chuck Jones,0.5046875,below_threshold
2019,55058,C MICHIGAN,Keegan Cossou,0.51,below_threshold
2019,55796,E MICHIGAN,Korey Hernandez,0.4689655172413793,below_threshold
2019,55867,E MICHIGAN,Jeff Hubbard,0.4915217391304348,below_threshold
2019,55868,E MICHIGAN,Blake Bogan,0.5173913043478261,below_threshold
2019,56309,W MICHIGAN,A.J. Thomas,0.7181818181818181,below_threshold
2019,56310,W MICHIGAN,Calin Crawford,0.4533333333333333,below_threshold
2019,56589,E MICHIGAN,CJ Hunt,0.5563636363636364,below_threshold
2019,56946,W MICHIGAN,Ali Fayad,0.48636363636363644,below_threshold
2019,56950,W MICHIGAN,Ralph Holley,0.46363636363636357,below_threshold
2019,57801,E MICHIGAN,Terry Myrick,0.5213043478260869,below_threshold
2019,57802,E MICHIGAN,Desean Boyd,0.49583333333333324,below_threshold
2019,58023,C MICHIGAN,Andrew Ward,0.6296296296296297,below_threshold
2019,58293,W MICHIGAN,Treshaun Hayward,0.5666666666666668,below_threshold
2019,58294,W MICHIGAN,Corvin Moment,0.525,below_threshold
2019,61830,W MICHIGAN,Harrison Taylor,0.5617391304347825,below_threshold
2019,65088,C MICHIGAN,Troy Hairston,0.5173913043478261,below_threshold
2019,76765,W MICHIGAN,Patrick Lupro,0.5407407407407409,below_threshold
2019,76766,W MICHIGAN,Zaire Barnes,0.5037037037037037,below_threshold
2019,76768,W MICHIGAN,Keni-H Lovely,0.4522,below_threshold
2019,76771,W MICHIGAN,Jake Moertl,0.6181818181818182,below_threshold
2019,76778,E MICHIGAN,Timarcus Simpson,0.5230769230769231,below_threshold
2019,76781,E MICHIGAN,Jerodd Vines,0.6173913043478261,below_threshold
2019,76783,C MICHIGAN,Montrae Braswell,0.61,below_threshold
2019,76784,C MICHIGAN,Willie Reid,0.51,below_threshold
2019,76786,C MICHIGAN,Rolliann Sturkey,0.55,below_threshold
2019,76957,W MICHIGAN,Andre Carter,0.5884615384615385,below_threshold
2019,76958,W MICHIGAN,Braden Fiske,0.49583333333333324,below_threshold
2019,76969,E MICHIGAN,Mikey Haney,0.46363636363636357,below_threshold
2019,76970,E MICHIGAN,Shawn Simeon,0.5913043478260869,below_threshold
2019,76971,E MICHIGAN,Turan Rush,0.51,below_threshold
2019,76973,C MICHIGAN,Amir Siddiq,0.5047619047619046,below_threshold
2019,76978,C MICHIGAN,LaQuan Johnson Jr.,0.6448275862068965,below_threshold
2019,77260,E MICHIGAN,Kobie Beltram,0.49583333333333324,below_threshold
2019,77262,E MICHIGAN,Matthew Buschman,0.5483870967741935,below_threshold
2019,97116,W MICHIGAN,Skyy Moore,0.425,below_threshold
2019,97349,C MICHIGAN,Woo Governor,0.4434782608695652,below_threshold
2019,97519,MICHIGAN,Dax Hill,0.8157894736842104,below_threshold
2019,97727,C MICHIGAN,Cory Gildersleeve Jr.,0.578125,below_threshold
2019,98631,E MICHIGAN,Brandon Burks,0.47600000000000003,below_threshold
2019,98632,E MICHIGAN,Tariq Speights,0.5230769230769231,below_threshold
2019,100280,E MICHIGAN,Russell Vaden IV,0.7579629629629628,below_threshold
2019,100293,C MICHIGAN,Dishon McNary,0.48571428571428565,below_threshold
2019,100302,E MICHIGAN,Kempton Shine,0.47851851851851845,below_threshold
2019,104179,C MICHIGAN,Kyron McKinnie-Harper,0.5636842105263158,below_threshold
2019,104220,C MICHIGAN,Justin Whiteside,0.4103448275862069,below_threshold
2019,13808,E MICHIGAN,Hunter Andrews,0.612,below_threshold
2019,23804,W MICHIGAN,Tim Collins,0.6652173913043479,below_threshold
2019,24504,E MICHIGAN,Alvinoski LaFleur,0.53605,below_threshold
2019,25543,C MICHIGAN,Sean Adesanya,0.5037037037037037,below_threshold
2019,25890,C MICHIGAN,D'Andre Dill,0.5230769230769231,below_threshold
2019,25893,C MICHIGAN,Michael Oliver,0.6071428571428571,below_threshold
2019,26334,E MICHIGAN,Kevin McGill,0.6476190476190475,below_threshold
2019,26343,E MICHIGAN,Jalen Phelps,0.6913043478260869,below_threshold
2019,26345,E MICHIGAN,Clay Holford,0.5230769230769231,below_threshold
2019,26348,E MICHIGAN,Brody Hoying,0.5958333333333332,below_threshold
2019,27379,MICHIGAN,Joshua Uche,0.765,below_threshold
2019,28437,W MICHIGAN,Najee Clayton,0.5173913043478261,below_threshold
2019,29573,W MICHIGAN,D'Wayne Eskridge,0.48760000000000003,below_threshold
2019,33353,W MICHIGAN,Kareem Ali,0.5857142857142856,below_threshold
2019,34082,C MICHIGAN,Da'Quaun Jamison,0.51,below_threshold
2019,34655,E MICHIGAN,Thad Abram,0.5138636363636363,below_threshold
2019,35120,W MICHIGAN,Alex Mussat,0.5636363636363636,below_threshold
2019,35562,W MICHIGAN,Alex Grace,0.4250000000000001,below_threshold
2019,35939,W MICHIGAN,Antonio Balabani,0.47812499999999997,below_threshold
2019,41655,E MICHIGAN,Vince Calhoun,0.5760000000000001,below_threshold
2019,42383,C MICHIGAN,Alonzo McCoy,0.4434782608695652,below_threshold
2019,42466,W MICHIGAN,Stefan Claiborne,0.5037037037037037,below_threshold
2019,42769,W MICHIGAN,Kailien Guillory,0.51,below_threshold
2019,43047,C MICHIGAN,Gage Kreski,0.525,below_threshold
2019,43054,W MICHIGAN,Drake Spears,0.49583333333333324,below_threshold
2019,43471,E MICHIGAN,Freddie McGee III,0.3695652173913043,below_threshold
2019,44098,E MICHIGAN,Michael Smith Jr.,0.5913043478260869,below_threshold
2019,44316,C MICHIGAN,Joshuwa Eldridge,0.5464285714285715,below_threshold
2019,44409,W MICHIGAN,Ken Aguirre,0.47600000000000003,below_threshold
2019,47622,W MICHIGAN,Keith Mixon Jr.,0.5636363636363636,below_threshold
2019,48264,W MICHIGAN,Anton Curtis,0.5434782608695652,below_threshold
2019,48415,MICHIGAN,Mike Danna,0.7652173913043478,below_threshold
2019,49177,W MICHIGAN,Justin Tranquill,0.5103448275862069,below_threshold
2019,55046,C MICHIGAN,Devonni Reed,0.6173913043478261,below_threshold
2019,55047,C MICHIGAN,Norman Anderson,0.5884615384615385,below_threshold
2019,55048,C MICHIGAN,Darius Bracy,0.5710416666666667,below_threshold
2019,55049,C MICHIGAN,Brandon Brown,0.544,below_threshold
2019,55050,C MICHIGAN,Troy Brown,0.695,below_threshold
2019,55053,C MICHIGAN,George Douglas IV,0.5700000000000001,below_threshold
2019,55054,C MICHIGAN,Chuck Jones,0.5046875,below_threshold
2019,55058,C MICHIGAN,Keegan Cossou,0.51,below_threshold
2019,55796,E MICHIGAN,Korey Hernandez,0.4689655172413793,below_threshold
2019,55867,E MICHIGAN,Jeff Hubbard,0.4915217391304348,below_threshold
2019,55868,E MICHIGAN,Blake Bogan,0.5173913043478261,below_threshold
2019,56309,W MICHIGAN,A.J. Thomas,0.7181818181818181,below_threshold
2019,56310,W MICHIGAN,Calin Crawford,0.4533333333333333,below_threshold
2019,56323,E MICHIGAN,Jose Ramirez,0.49583333333333324,below_threshold
2019,56589,E MICHIGAN,CJ Hunt,0.5563636363636364,below_threshold
2019,56591,E MICHIGAN,Desmond Kelly,0.56525,below_threshold
2019,56946,W MICHIGAN,Ali Fayad,0.48636363636363644,below_threshold
2019,56950,W MICHIGAN,Ralph Holley,0.46363636363636357,below_threshold
2019,56951,W MICHIGAN,Jamal Williams,0.5191071428571428,below_threshold
2019,57801,E MICHIGAN,Terry Myrick,0.5213043478260869,below_threshold
2019,57802,E MICHIGAN,Desean Boyd,0.49583333333333324,below_threshold
2019,58023,C MICHIGAN,Andrew Ward,0.6296296296296297,below_threshold
2019,58292,W MICHIGAN,Roy McCree,0.5760000000000001,below_threshold
2019,58293,W MICHIGAN,Treshaun Hayward,0.5666666666666668,below_threshold
2019,58294,W MICHIGAN,Corvin Moment,0.525,below_threshold
2019,58296,W MICHIGAN,Tanner Motz,0.46363636363636357,below_threshold
2019,61830,W MICHIGAN,Harrison Taylor,0.5617391304347825,below_threshold
2019,65032,C MICHIGAN,Robi Stuart,0.4434782608695652,below_threshold
2019,65088,C MICHIGAN,Troy Hairston,0.5173913043478261,below_threshold
2019,76765,W MICHIGAN,Patrick Lupro,0.5407407407407409,below_threshold
2019,76766,W MICHIGAN,Zaire Barnes,0.5037037037037037,below_threshold
2019,76767,W MICHIGAN,Ginial Isma,0.425,below_threshold
2019,76768,W MICHIGAN,Keni-H Lovely,0.4522,below_threshold
2019,76770,W MICHIGAN,Kmare Carey,0.5666666666666668,below_threshold
2019,76771,W MICHIGAN,Jake Moertl,0.6181818181818182,below_threshold
2019,76778,E MICHIGAN,Timarcus Simpson,0.5230769230769231,below_threshold
2019,76781,E MICHIGAN,Jerodd Vines,0.6173913043478261,below_threshold
2019,76783,C MICHIGAN,Montrae Braswell,0.61,below_threshold
2019,76784,C MICHIGAN,Willie Reid,0.51,below_threshold
2019,76786,C MICHIGAN,Rolliann Sturkey,0.55,below_threshold
2019,76922,E MICHIGAN,Woo Scott,0.4371428571428571,below_threshold
2019,76957,W MICHIGAN,Andre Carter,0.5884615384615385,below_threshold
2019,76958,W MICHIGAN,Braden Fiske,0.49583333333333324,below_threshold
2019,76959,W MICHIGAN,Will McCabe,0.51,below_threshold
2019,76965,E MICHIGAN,Carter Stagner,0.6296296296296297,below_threshold
2019,76968,E MICHIGAN,Ty Eddington,0.48315789473684206,below_threshold
2019,76969,E MICHIGAN,Mikey Haney,0.46363636363636357,below_threshold
2019,76970,E MICHIGAN,Shawn Simeon,0.5913043478260869,below_threshold
2019,76971,E MICHIGAN,Turan Rush,0.51,below_threshold
2019,76973,C MICHIGAN,Amir Siddiq,0.5047619047619046,below_threshold
2019,76975,C MICHIGAN,Tico Brown,0.595,below_threshold
2019,76978,C MICHIGAN,LaQuan Johnson Jr.,0.6448275862068965,below_threshold
2019,77150,C MICHIGAN,Nick Apsey,0.5409090909090909,below_threshold
2019,77254,W MICHIGAN,Ryan Selig,0.5666666666666668,below_threshold
2019,77260,E MICHIGAN,Kobie Beltram,0.49583333333333324,below_threshold
2019,77262,E MICHIGAN,Matthew Buschman,0.5483870967741935,below_threshold
2019,82430,C MICHIGAN,Mohamed Diallo,0.4407407407407408,below_threshold
2019,97116,W MICHIGAN,Skyy Moore,0.425,below_threshold
2019,97349,C MICHIGAN,Woo Governor,0.4434782608695652,below_threshold
2019,97519,MICHIGAN,Dax Hill,0.8157894736842104,below_threshold
2019,97727,C MICHIGAN,Cory Gildersleeve Jr.,0.578125,below_threshold
2019,98600,E MICHIGAN,Grant Trueman,0.544,below_threshold
2019,98631,E MICHIGAN,Brandon Burks,0.47600000000000003,below_threshold
2019,98632,E MICHIGAN,Tariq Speights,0.5230769230769231,below_threshold
2019,100280,E MICHIGAN,Russell Vaden IV,0.7579629629629628,below_threshold
2019,100293,C MICHIGAN,Dishon McNary,0.48571428571428565,below_threshold
2019,100302,E MICHIGAN,Kempton Shine,0.47851851851851845,below_threshold
2019,100326,E MICHIGAN,Aaron Hamilton,0.5666666666666668,below_threshold
2019,100338,E MICHIGAN,Anthony Ransey Jr.,0.6344642857142857,below_threshold
2019,100346,E MICHIGAN,Alex Merritt,0.5173913043478261,below_threshold
2019,104179,C MICHIGAN,Kyron McKinnie-Harper,0.5636842105263158,below_threshold
2019,104185,C MICHIGAN,Jacques Bristol,0.459,below_threshold
2019,104220,C MICHIGAN,Justin Whiteside,0.4103448275862069,below_threshold
2019,105038,C MICHIGAN,Max Saylor,0.425,below_threshold
2019,105799,C MICHIGAN,Ke'Shon Parker,0.6233333333333334,below_threshold
2019,82332,MINNESOTA,Jamaal Teague,0.85,below_threshold
2019,82332,MINNESOTA,Jamaal Teague,0.85,below_threshold
2019,82332,MINNESOTA,Jamaal Teague,0.85,below_threshold
2019,41855,MISSOURI,Tre'Vour Wallace-Simms,0.85,below_threshold
2019,41117,MISSOURI,Trystan Colon,0.865,below_threshold
2019,99235,MISSOURI,Cjay Boone,0.8157894736842104,below_threshold
2019,61669,SO MISS,Tim Jones,0.5767857142857143,below_threshold
2019,61664,SO MISS,Quez Watkins,0.47600000000000003,below_threshold
2019,61665,SO MISS,Jaylond Adams,0.6464285714285714,below_threshold
2019,84418,SO MISS,De'Michael Harris,0.603225806451613,below_threshold
2019,34997,SO MISS,Jordan Mitchell,0.5614285714285714,below_threshold
2019,84417,SO MISS,Neil McLaurin,0.46363636363636357,below_threshold
2019,61666,SO MISS,Trevor Terry,0.50375,below_threshold
2019,98626,SO MISS,Kevin Perkins,0.49583333333333324,below_threshold
2019,83761,SO MISS,Trivenskey Mosley,0.5285454545454545,below_threshold
2019,58159,SO MISS,Ray Ladner,0.544,below_threshold
2019,84050,SO MISS,Cole Cavallo,0.4434782608695652,below_threshold
2019,60542,SO MISS,Steven Anderson,0.5872727272727272,below_threshold
2019,83384,SO MISS,D.Q. Thomas,0.72675,below_threshold
2019,40557,SO MISS,Jack Abraham,0.4710416666666667,below_threshold
2019,42909,SO MISS,Rachuan Mitchell,0.525,below_threshold
2019,98746,SO MISS,Marquis McCoy,0.5689655172413793,below_threshold
2019,84418,SO MISS,De'Michael Harris,0.603225806451613,below_threshold
2019,98626,SO MISS,Kevin Perkins,0.49583333333333324,below_threshold
2019,40557,SO MISS,Jack Abraham,0.4710416666666667,below_threshold
2019,60542,SO MISS,Steven Anderson,0.5872727272727272,below_threshold
2019,57412,SO MISS,Darius Maberry,0.5666666666666668,below_threshold
2019,83556,SO MISS,Tate Whatley,0.48571428571428565,below_threshold
2019,100838,SO MISS,Dee Baker,0.72675,below_threshold
2019,83761,SO MISS,Trivenskey Mosley,0.5285454545454545,below_threshold
2019,61665,SO MISS,Jaylond Adams,0.6464285714285714,below_threshold
2019,83762,SO MISS,Jordan Kempf,0.5383333333333332,below_threshold
2019,98683,SO MISS,Chandler Rogers,0.5872727272727272,below_threshold
2019,61669,SO MISS,Tim Jones,0.5767857142857143,below_threshold
2019,44647,SO MISS,Zac Everett,0.3863636363636364,below_threshold
2019,33665,SO MISS,Ernest Gunn,0.4923076923076922,below_threshold
2019,37272,SO MISS,Terry Whittington,0.51,below_threshold
2019,42909,SO MISS,Rachuan Mitchell,0.525,below_threshold
2019,43426,SO MISS,Racheem Boothe,0.4407407407407408,below_threshold
2019,44202,SO MISS,Demarrio Smith,0.5666666666666668,below_threshold
2019,44315,SO MISS,Jacquies Turner,0.5464285714285714,below_threshold
2019,48559,SO MISS,Torrence Brown,0.72675,below_threshold
2019,56188,SO MISS,WyDale Flott,0.4434782608695652,below_threshold
2019,56191,SO MISS,Darius Kennedy,0.51,below_threshold
2019,56846,SO MISS,Tahj Sykes,0.4722222222222222,below_threshold
2019,56847,SO MISS,Delmond Landry,0.4689655172413793,below_threshold
2019,56848,SO MISS,Andrew Cole,0.5700000000000001,below_threshold
2019,58156,SO MISS,Devin Thomas,0.612,below_threshold
2019,58158,SO MISS,Santrell Latham,0.5037037037037037,below_threshold
2019,81400,SO MISS,Hayes Maples,0.5760000000000001,below_threshold
2019,81401,SO MISS,Ty'Ree Evans,0.72675,below_threshold
2019,82416,SO MISS,Nick Dawson,0.6409090909090909,below_threshold
2019,82417,SO MISS,Von'Darius Freeman,0.51,below_threshold
2019,82419,SO MISS,Ethan Edmondson,0.5857142857142856,below_threshold
2019,82421,SO MISS,De'Mikal Chesser,0.4306666666666666,below_threshold
2019,83382,SO MISS,Ty Williams,0.68,below_threshold
2019,83383,SO MISS,Malik Shorts,0.525,below_threshold
2019,83384,SO MISS,D.Q. Thomas,0.72675,below_threshold
2019,83385,SO MISS,Shannon Showers,0.559,below_threshold
2019,83387,SO MISS,Ky'El Hemby,0.48636363636363644,below_threshold
2019,98634,SO MISS,Swayze Bozeman,0.4707692307692308,below_threshold
2019,98905,OLE MISS,LeDarrius Cox,0.72675,below_threshold
2019,100710,SO MISS,Eriq Kitchen,0.408,below_threshold
2019,81843,SO MISS,Trace Clopton,0.4576923076923077,below_threshold
2019,37286,SO MISS,Drake Dorbeck,0.7391304347826086,below_threshold
2019,41722,SO MISS,Arvin Fletcher,0.425,below_threshold
2019,98704,SO MISS,Khalique Washington,0.45421875,below_threshold
2019,60081,SO MISS,Bryce Foxworth,0.5037037037037037,below_threshold
2019,58159,SO MISS,Ray Ladner,0.544,below_threshold
2019,40557,SO MISS,Jack Abraham,0.4710416666666667,below_threshold
2019,61669,SO MISS,Tim Jones,0.5767857142857143,below_threshold
2019,61664,SO MISS,Quez Watkins,0.47600000000000003,below_threshold
2019,46997,SO MISS,Ty Pollard,0.5636842105263158,below_threshold
2019,98240,SO MISS,Coker Wright,0.46363636363636357,below_threshold
2019,61665,SO MISS,Jaylond Adams,0.6464285714285714,below_threshold
2019,84417,SO MISS,Neil McLaurin,0.46363636363636357,below_threshold
2019,34997,SO MISS,Jordan Mitchell,0.5614285714285714,below_threshold
2019,35914,SO MISS,William Potosky III,0.5383333333333333,below_threshold
2019,84418,SO MISS,De'Michael Harris,0.603225806451613,below_threshold
2019,98626,SO MISS,Kevin Perkins,0.49583333333333324,below_threshold
2019,61666,SO MISS,Trevor Terry,0.50375,below_threshold
2019,57105,SO MISS,Hayden Sturdevant,0.4689655172413793,below_threshold
2019,98657,SO MISS,Tanner Hawthorne,0.4407407407407408,below_threshold
2019,84050,SO MISS,Cole Cavallo,0.4434782608695652,below_threshold
2019,60542,SO MISS,Steven Anderson,0.5872727272727272,below_threshold
2019,84419,SO MISS,Barrett Barham,0.4923076923076922,below_threshold
2019,98746,SO MISS,Marquis McCoy,0.5689655172413793,below_threshold
2019,83761,SO MISS,Trivenskey Mosley,0.5285454545454545,below_threshold
2019,83556,SO MISS,Tate Whatley,0.48571428571428565,below_threshold
2019,98747,SO MISS,Chris Scruggs,0.3517241379310346,below_threshold
2019,84421,SO MISS,Brad Dennis,0.5576923076923077,below_threshold
2019,98580,SO MISS,Louis Smith,0.5046875,below_threshold
2019,57412,SO MISS,Darius Maberry,0.5666666666666668,below_threshold
2019,59867,OLE MISS,Sam Plash,0.8285714285714286,below_threshold
2019,98697,SO MISS,Tre Johnson,0.7083333333333335,below_threshold
2019,83762,SO MISS,Jordan Kempf,0.5383333333333332,below_threshold
2019,100885,SO MISS,Corey Wilson Jr.,0.5037037037037037,below_threshold
2019,60079,SO MISS,Paul Gainer Jr.,0.46363636363636357,below_threshold
2019,58156,SO MISS,Devin Thomas,0.612,below_threshold
2019,81509,SO MISS,T.J. Harvey,0.4722222222222222,below_threshold
2019,81400,SO MISS,Hayes Maples,0.5760000000000001,below_threshold
2019,44315,SO MISS,Jacquies Turner,0.5464285714285714,below_threshold
2019,44202,SO MISS,Demarrio Smith,0.5666666666666668,below_threshold
2019,56190,SO MISS,Tyler Barnes,0.5450625,below_threshold
2019,56185,SO MISS,Kris Reed,0.525,below_threshold
2019,83383,SO MISS,Malik Shorts,0.525,below_threshold
2019,105806,OLE MISS,Mario Padilla,0.51,below_threshold
2019,98745,SO MISS,Demarcus Jones,0.6872727272727271,below_threshold
2019,83384,SO MISS,D.Q. Thomas,0.72675,below_threshold
2019,60080,SO MISS,Woodlyson Alcius,0.425,below_threshold
2019,56191,SO MISS,Darius Kennedy,0.51,below_threshold
2019,100686,SO MISS,Orlandus McLaurin,0.4275,below_threshold
2019,100731,SO MISS,Andrew Stein,0.5383333333333332,below_threshold
2019,100838,SO MISS,Dee Baker,0.72675,below_threshold
2019,58158,SO MISS,Santrell Latham,0.5037037037037037,below_threshold
2019,98634,SO MISS,Swayze Bozeman,0.4707692307692308,below_threshold
2019,105807,OLE MISS,Dallas Smith,0.47600000000000003,below_threshold
2019,40557,SO MISS,Jack Abraham,0.4710416666666667,below_threshold
2019,83556,SO MISS,Tate Whatley,0.48571428571428565,below_threshold
2019,84417,SO MISS,Neil McLaurin,0.46363636363636357,below_threshold
2019,44647,SO MISS,Zac Everett,0.3863636363636364,below_threshold
2019,32969,SO MISS,Taj Jones,0.6767857142857143,below_threshold
2019,33665,SO MISS,Ernest Gunn,0.4923076923076922,below_threshold
2019,37272,SO MISS,Terry Whittington,0.51,below_threshold
2019,42909,SO MISS,Rachuan Mitchell,0.525,below_threshold
2019,43426,SO MISS,Racheem Boothe,0.4407407407407408,below_threshold
2019,44202,SO MISS,Demarrio Smith,0.5666666666666668,below_threshold
2019,44315,SO MISS,Jacquies Turner,0.5464285714285714,below_threshold
2019,48559,SO MISS,Torrence Brown,0.72675,below_threshold
2019,56188,SO MISS,WyDale Flott,0.4434782608695652,below_threshold
2019,56190,SO MISS,Tyler Barnes,0.5450625,below_threshold
2019,56191,SO MISS,Darius Kennedy,0.51,below_threshold
2019,56846,SO MISS,Tahj Sykes,0.4722222222222222,below_threshold
2019,56847,SO MISS,Delmond Landry,0.4689655172413793,below_threshold
2019,56848,SO MISS,Andrew Cole,0.5700000000000001,below_threshold
2019,58156,SO MISS,Devin Thomas,0.612,below_threshold
2019,58157,SO MISS,Zach Portlock,0.425,below_threshold
2019,58158,SO MISS,Santrell Latham,0.5037037037037037,below_threshold
2019,81400,SO MISS,Hayes Maples,0.5760000000000001,below_threshold
2019,81401,SO MISS,Ty'Ree Evans,0.72675,below_threshold
2019,82416,SO MISS,Nick Dawson,0.6409090909090909,below_threshold
2019,82417,SO MISS,Von'Darius Freeman,0.51,below_threshold
2019,82419,SO MISS,Ethan Edmondson,0.5857142857142856,below_threshold
2019,82421,SO MISS,De'Mikal Chesser,0.4306666666666666,below_threshold
2019,83382,SO MISS,Ty Williams,0.68,below_threshold
2019,83383,SO MISS,Malik Shorts,0.525,below_threshold
2019,83384,SO MISS,D.Q. Thomas,0.72675,below_threshold
2019,83385,SO MISS,Shannon Showers,0.559,below_threshold
2019,83387,SO MISS,Ky'El Hemby,0.48636363636363644,below_threshold
2019,83388,SO MISS,Tre Davis,0.55421875,below_threshold
2019,98634,SO MISS,Swayze Bozeman,0.4707692307692308,below_threshold
2019,98884,OLE MISS,Jonathan Haynes,0.82675,below_threshold
2019,98905,OLE MISS,LeDarrius Cox,0.72675,below_threshold
2019,100686,SO MISS,Orlandus McLaurin,0.4275,below_threshold
2019,100687,SO MISS,Khalen Leonard,0.6230769230769231,below_threshold
2019,100710,SO MISS,Eriq Kitchen,0.408,below_threshold
2019,32969,SO MISS,Taj Jones,0.6767857142857143,below_threshold
2019,33665,SO MISS,Ernest Gunn,0.4923076923076922,below_threshold
2019,37272,SO MISS,Terry Whittington,0.51,below_threshold
2019,42909,SO MISS,Rachuan Mitchell,0.525,below_threshold
2019,43426,SO MISS,Racheem Boothe,0.4407407407407408,below_threshold
2019,44202,SO MISS,Demarrio Smith,0.5666666666666668,below_threshold
2019,44315,SO MISS,Jacquies Turner,0.5464285714285714,below_threshold
2019,48559,SO MISS,Torrence Brown,0.72675,below_threshold
2019,56186,SO MISS,JonTe Demby,0.4434782608695652,below_threshold
2019,56188,SO MISS,WyDale Flott,0.4434782608695652,below_threshold
2019,56190,SO MISS,Tyler Barnes,0.5450625,below_threshold
2019,56191,SO MISS,Darius Kennedy,0.51,below_threshold
2019,56847,SO MISS,Delmond Landry,0.4689655172413793,below_threshold
2019,58157,SO MISS,Zach Portlock,0.425,below_threshold
2019,58158,SO MISS,Santrell Latham,0.5037037037037037,below_threshold
2019,81400,SO MISS,Hayes Maples,0.5760000000000001,below_threshold
2019,81401,SO MISS,Ty'Ree Evans,0.72675,below_threshold
2019,82416,SO MISS,Nick Dawson,0.6409090909090909,below_threshold
2019,82419,SO MISS,Ethan Edmondson,0.5857142857142856,below_threshold
2019,83382,SO MISS,Ty Williams,0.68,below_threshold
2019,83383,SO MISS,Malik Shorts,0.525,below_threshold
2019,83384,SO MISS,D.Q. Thomas,0.72675,below_threshold
2019,83385,SO MISS,Shannon Showers,0.559,below_threshold
2019,83387,SO MISS,Ky'El Hemby,0.48636363636363644,below_threshold
2019,83388,SO MISS,Tre Davis,0.55421875,below_threshold
2019,83389,SO MISS,Curry Benn,0.4434782608695652,below_threshold
2019,98634,SO MISS,Swayze Bozeman,0.4707692307692308,below_threshold
2019,98884,OLE MISS,Jonathan Haynes,0.82675,below_threshold
2019,100686,SO MISS,Orlandus McLaurin,0.4275,below_threshold
2019,100710,SO MISS,Eriq Kitchen,0.408,below_threshold
2019,32969,SO MISS,Taj Jones,0.6767857142857143,below_threshold
2019,33665,SO MISS,Ernest Gunn,0.4923076923076922,below_threshold
2019,37272,SO MISS,Terry Whittington,0.51,below_threshold
2019,42909,SO MISS,Rachuan Mitchell,0.525,below_threshold
2019,43426,SO MISS,Racheem Boothe,0.4407407407407408,below_threshold
2019,44202,SO MISS,Demarrio Smith,0.5666666666666668,below_threshold
2019,44315,SO MISS,Jacquies Turner,0.5464285714285714,below_threshold
2019,48559,SO MISS,Torrence Brown,0.72675,below_threshold
2019,56186,SO MISS,JonTe Demby,0.4434782608695652,below_threshold
2019,56188,SO MISS,WyDale Flott,0.4434782608695652,below_threshold
2019,56190,SO MISS,Tyler Barnes,0.5450625,below_threshold
2019,56191,SO MISS,Darius Kennedy,0.51,below_threshold
2019,56846,SO MISS,Tahj Sykes,0.4722222222222222,below_threshold
2019,56847,SO MISS,Delmond Landry,0.4689655172413793,below_threshold
2019,56848,SO MISS,Andrew Cole,0.5700000000000001,below_threshold
2019,58156,SO MISS,Devin Thomas,0.612,below_threshold
2019,58157,SO MISS,Zach Portlock,0.425,below_threshold
2019,58158,SO MISS,Santrell Latham,0.5037037037037037,below_threshold
2019,81400,SO MISS,Hayes Maples,0.5760000000000001,below_threshold
2019,81401,SO MISS,Ty'Ree Evans,0.72675,below_threshold
2019,82416,SO MISS,Nick Dawson,0.6409090909090909,below_threshold
2019,82417,SO MISS,Von'Darius Freeman,0.51,below_threshold
2019,82419,SO MISS,Ethan Edmondson,0.5857142857142856,below_threshold
2019,82421,SO MISS,De'Mikal Chesser,0.4306666666666666,below_threshold
2019,83382,SO MISS,Ty Williams,0.68,below_threshold
2019,83383,SO MISS,Malik Shorts,0.525,below_threshold
2019,83384,SO MISS,D.Q. Thomas,0.72675,below_threshold
2019,83385,SO MISS,Shannon Showers,0.559,below_threshold
2019,83387,SO MISS,Ky'El Hemby,0.48636363636363644,below_threshold
2019,83388,SO MISS,Tre Davis,0.55421875,below_threshold
2019,83389,SO MISS,Curry Benn,0.4434782608695652,below_threshold
2019,98634,SO MISS,Swayze Bozeman,0.4707692307692308,below_threshold
2019,98884,OLE MISS,Jonathan Haynes,0.82675,below_threshold
2019,98905,OLE MISS,LeDarrius Cox,0.72675,below_threshold
2019,100686,SO MISS,Orlandus McLaurin,0.4275,below_threshold
2019,100687,SO MISS,Khalen Leonard,0.6230769230769231,below_threshold
2019,100710,SO MISS,Eriq Kitchen,0.408,below_threshold
2019,28486,S CAROLINA,Bryan Edwards,0.56525,below_threshold
2019,61643,S CAROLINA,Shi Smith,0.595,below_threshold
2019,36419,S CAROLINA,Kyle Markway,0.4434782608695652,below_threshold
2019,84414,S CAROLINA,Josh Vann,0.578125,below_threshold
2019,61079,S CAROLINA,Nick Muse,0.4969230769230769,below_threshold
2019,40616,S CAROLINA,Tavien Feaster,0.6375,below_threshold
2019,40693,S CAROLINA,Rico Dowdle,0.48571428571428565,below_threshold
2019,99197,S CAROLINA,Xavier Legette,0.5383333333333332,below_threshold
2019,61646,S CAROLINA,OrTre' Smith,0.5913043478260869,below_threshold
2019,40977,S CAROLINA,Chavis Dawkins,0.46142857142857135,below_threshold
2019,61645,S CAROLINA,Chad Terrell,0.544,below_threshold
2019,83554,S CAROLINA,Dakereon Joyner,0.5857142857142856,below_threshold
2019,99198,S CAROLINA,Trey Adkins,0.4969230769230769,below_threshold
2019,60532,S CAROLINA,Jay Urich,0.51,below_threshold
2019,99141,S CAROLINA,Kevin Harris,0.6071428571428571,below_threshold
2019,71295,S CAROLINA,Ryan Hilinski,0.4576923076923077,below_threshold
2019,35843,S CAROLINA,Mon Denson,0.5173913043478261,below_threshold
2019,99179,S CAROLINA,KeShawn Toney,0.5407407407407409,below_threshold
2019,40616,S CAROLINA,Tavien Feaster,0.6375,below_threshold
2019,40693,S CAROLINA,Rico Dowdle,0.48571428571428565,below_threshold
2019,35843,S CAROLINA,Mon Denson,0.5173913043478261,below_threshold
2019,83554,S CAROLINA,Dakereon Joyner,0.5857142857142856,below_threshold
2019,83759,S CAROLINA,Deshaun Fenwick,0.46142857142857135,below_threshold
2019,99141,S CAROLINA,Kevin Harris,0.6071428571428571,below_threshold
2019,71295,S CAROLINA,Ryan Hilinski,0.4576923076923077,below_threshold
2019,40788,S CAROLINA,Jake Bentley,0.5913043478260869,below_threshold
2019,28484,S CAROLINA,A.J. Turner,0.6476190476190475,below_threshold
2019,61643,S CAROLINA,Shi Smith,0.595,below_threshold
2019,28486,S CAROLINA,Bryan Edwards,0.56525,below_threshold
2019,61646,S CAROLINA,OrTre' Smith,0.5913043478260869,below_threshold
2019,57611,S CAROLINA,Parker White,0.44625,below_threshold
2019,84414,S CAROLINA,Josh Vann,0.578125,below_threshold
2019,33672,S CAROLINA,Joseph Charlton,0.6071428571428571,below_threshold
2019,28488,S CAROLINA,Kobe Smith,0.5666666666666668,below_threshold
2019,35881,S CAROLINA,Daniel Fennell,0.5689655172413793,below_threshold
2019,42509,S CAROLINA,Keir Thomas,0.47812499999999997,below_threshold
2019,42747,S CAROLINA,Spencer Eason-Riddle,0.4868181818181818,below_threshold
2019,44198,S CAROLINA,T.J. Brunson,0.5409090909090909,below_threshold
2019,44550,S CAROLINA,D.J. Wonnum,0.72675,below_threshold
2019,51340,S CAROLINA,J.T. Ibe,0.72675,below_threshold
2019,56165,S CAROLINA,Jamyest Williams,0.6678571428571428,below_threshold
2019,56831,S CAROLINA,Brad Johnson,0.6538461538461537,below_threshold
2019,56832,S CAROLINA,Aaron Sterling,0.5666666666666668,below_threshold
2019,56834,S CAROLINA,Javon Kinlaw,0.46363636363636357,below_threshold
2019,58136,S CAROLINA,Damani Staley,0.61,below_threshold
2019,58138,S CAROLINA,Eldridge Thompson,0.5383333333333333,below_threshold
2019,58141,S CAROLINA,Sherrod Greene,0.4689655172413793,below_threshold
2019,81397,S CAROLINA,Rosendo Louis Jr.,0.508,below_threshold
2019,81399,S CAROLINA,Ernest Jones,0.4969230769230769,below_threshold
2019,82409,S CAROLINA,Kingsley Enagbare,0.47812499999999997,below_threshold
2019,82411,S CAROLINA,Rick Sandidge,0.47600000000000003,below_threshold
2019,82412,S CAROLINA,Tyreek Johnson,0.6280555555555555,below_threshold
2019,82415,S CAROLINA,Jabari Ellis,0.46363636363636357,below_threshold
2019,83375,S CAROLINA,Jaycee Horn,0.5434782608695652,below_threshold
2019,83376,S CAROLINA,R.J. Roderick,0.4710416666666667,below_threshold
2019,83377,S CAROLINA,Israel Mukuamu,0.47777777777777775,below_threshold
2019,98827,S CAROLINA,Hot Rod Fitten,0.4103448275862069,below_threshold
2019,98836,S CAROLINA,Jammie Robinson,0.684375,below_threshold
2019,98839,S CAROLINA,Johnny Dixon,0.5409090909090909,below_threshold
2019,98911,S CAROLINA,Zacch Pickens,0.4576923076923077,below_threshold
2019,98913,S CAROLINA,Joe Anderson,0.5884615384615385,below_threshold
2019,98981,S CAROLINA,Jahmar Brown,0.5522,below_threshold
2019,46747,S CAROLINA,Donell Stanley,0.5407407407407409,below_threshold
2019,41336,S CAROLINA,Sadarius Hutcherson,0.47812499999999997,below_threshold
2019,81839,S CAROLINA,Jovaughn Gwyn,0.5173913043478261,below_threshold
2019,60062,S CAROLINA,Jordan Rhodes,0.5666666666666668,below_threshold
2019,81842,S CAROLINA,Dylan Wonnum,0.47600000000000003,below_threshold
2019,36419,S CAROLINA,Kyle Markway,0.4434782608695652,below_threshold
2019,99040,S CAROLINA,Jaylen Nichols,0.544,below_threshold
2019,71295,S CAROLINA,Ryan Hilinski,0.4576923076923077,below_threshold
2019,28486,S CAROLINA,Bryan Edwards,0.56525,below_threshold
2019,61643,S CAROLINA,Shi Smith,0.595,below_threshold
2019,60061,S CAROLINA,Eric Douglas,0.5173913043478261,below_threshold
2019,61079,S CAROLINA,Nick Muse,0.4969230769230769,below_threshold
2019,84414,S CAROLINA,Josh Vann,0.578125,below_threshold
2019,41404,S CAROLINA,Chandler Farrell,0.5383333333333332,below_threshold
2019,61646,S CAROLINA,OrTre' Smith,0.5913043478260869,below_threshold
2019,99041,S CAROLINA,Jakai Moore,0.48571428571428565,below_threshold
2019,40977,S CAROLINA,Chavis Dawkins,0.46142857142857135,below_threshold
2019,99197,S CAROLINA,Xavier Legette,0.5383333333333332,below_threshold
2019,81841,S CAROLINA,Hank Manos,0.459,below_threshold
2019,40693,S CAROLINA,Rico Dowdle,0.48571428571428565,below_threshold
2019,83554,S CAROLINA,Dakereon Joyner,0.5857142857142856,below_threshold
2019,40616,S CAROLINA,Tavien Feaster,0.6375,below_threshold
2019,60532,S CAROLINA,Jay Urich,0.51,below_threshold
2019,40788,S CAROLINA,Jake Bentley,0.5913043478260869,below_threshold
2019,61645,S CAROLINA,Chad Terrell,0.544,below_threshold
2019,99141,S CAROLINA,Kevin Harris,0.6071428571428571,below_threshold
2019,40479,S CAROLINA,Bailey Hart,0.5872727272727273,below_threshold
2019,35843,S CAROLINA,Mon Denson,0.5173913043478261,below_threshold
2019,99179,S CAROLINA,KeShawn Toney,0.5407407407407409,below_threshold
2019,83759,S CAROLINA,Deshaun Fenwick,0.46142857142857135,below_threshold
2019,61015,S CAROLINA,Will Register,0.408,below_threshold
2019,99046,S CAROLINA,Vincent Murphy,0.4187037037037038,below_threshold
2019,99042,S CAROLINA,Will Rogers,0.42130434782608694,below_threshold
2019,99198,S CAROLINA,Trey Adkins,0.4969230769230769,below_threshold
2019,35260,S CAROLINA,Matt Oliveira,0.5666666666666668,below_threshold
2019,83376,S CAROLINA,R.J. Roderick,0.4710416666666667,below_threshold
2019,58136,S CAROLINA,Damani Staley,0.61,below_threshold
2019,33672,S CAROLINA,Joseph Charlton,0.6071428571428571,below_threshold
2019,98836,S CAROLINA,Jammie Robinson,0.684375,below_threshold
2019,44198,S CAROLINA,T.J. Brunson,0.5409090909090909,below_threshold
2019,99178,S CAROLINA,Traevon Kenion,0.4576923076923077,below_threshold
2019,83377,S CAROLINA,Israel Mukuamu,0.47777777777777775,below_threshold
2019,60059,S CAROLINA,Summie Carlay,0.4407407407407408,below_threshold
2019,35881,S CAROLINA,Daniel Fennell,0.5689655172413793,below_threshold
2019,83375,S CAROLINA,Jaycee Horn,0.5434782608695652,below_threshold
2019,84048,S CAROLINA,Patrick Reedy,0.56525,below_threshold
2019,56831,S CAROLINA,Brad Johnson,0.6538461538461537,below_threshold
2019,58141,S CAROLINA,Sherrod Greene,0.4689655172413793,below_threshold
2019,42747,S CAROLINA,Spencer Eason-Riddle,0.4868181818181818,below_threshold
2019,83555,S CAROLINA,Corbett Glick,0.39230769230769225,below_threshold
2019,71295,S CAROLINA,Ryan Hilinski,0.4576923076923077,below_threshold
2019,40788,S CAROLINA,Jake Bentley,0.5913043478260869,below_threshold
2019,83554,S CAROLINA,Dakereon Joyner,0.5857142857142856,below_threshold
2019,61643,S CAROLINA,Shi Smith,0.595,below_threshold
2019,13095,S CAROLINA,Jaylan Foster,0.4576923076923077,below_threshold
2019,28488,S CAROLINA,Kobe Smith,0.5666666666666668,below_threshold
2019,35881,S CAROLINA,Daniel Fennell,0.5689655172413793,below_threshold
2019,42509,S CAROLINA,Keir Thomas,0.47812499999999997,below_threshold
2019,42747,S CAROLINA,Spencer Eason-Riddle,0.4868181818181818,below_threshold
2019,43290,S CAROLINA,Jamel Cook,0.6173913043478261,below_threshold
2019,44198,S CAROLINA,T.J. Brunson,0.5409090909090909,below_threshold
2019,44550,S CAROLINA,D.J. Wonnum,0.72675,below_threshold
2019,51340,S CAROLINA,J.T. Ibe,0.72675,below_threshold
2019,56165,S CAROLINA,Jamyest Williams,0.6678571428571428,below_threshold
2019,56831,S CAROLINA,Brad Johnson,0.6538461538461537,below_threshold
2019,56832,S CAROLINA,Aaron Sterling,0.5666666666666668,below_threshold
2019,56834,S CAROLINA,Javon Kinlaw,0.46363636363636357,below_threshold
2019,58136,S CAROLINA,Damani Staley,0.61,below_threshold
2019,58138,S CAROLINA,Eldridge Thompson,0.5383333333333333,below_threshold
2019,58141,S CAROLINA,Sherrod Greene,0.4689655172413793,below_threshold
2019,81397,S CAROLINA,Rosendo Louis Jr.,0.508,below_threshold
2019,81399,S CAROLINA,Ernest Jones,0.4969230769230769,below_threshold
2019,82409,S CAROLINA,Kingsley Enagbare,0.47812499999999997,below_threshold
2019,82411,S CAROLINA,Rick Sandidge,0.47600000000000003,below_threshold
2019,82412,S CAROLINA,Tyreek Johnson,0.6280555555555555,below_threshold
2019,82415,S CAROLINA,Jabari Ellis,0.46363636363636357,below_threshold
2019,83375,S CAROLINA,Jaycee Horn,0.5434782608695652,below_threshold
2019,83376,S CAROLINA,R.J. Roderick,0.4710416666666667,below_threshold
2019,83377,S CAROLINA,Israel Mukuamu,0.47777777777777775,below_threshold
2019,83380,S CAROLINA,Dawson Hoffman,0.5407407407407409,below_threshold
2019,84416,S CAROLINA,Darius Rush,0.5700000000000001,below_threshold
2019,98827,S CAROLINA,Hot Rod Fitten,0.4103448275862069,below_threshold
2019,98836,S CAROLINA,Jammie Robinson,0.684375,below_threshold
2019,98837,S CAROLINA,Cam Smith,0.595,below_threshold
2019,98838,S CAROLINA,Shilo Sanders,0.5230769230769231,below_threshold
2019,98839,S CAROLINA,Johnny Dixon,0.5409090909090909,below_threshold
2019,98841,S CAROLINA,Jordan Villafane,0.5636363636363636,below_threshold
2019,98911,S CAROLINA,Zacch Pickens,0.4576923076923077,below_threshold
2019,98913,S CAROLINA,Joe Anderson,0.5884615384615385,below_threshold
2019,98980,S CAROLINA,Derek Boykins,0.5760000000000001,below_threshold
2019,98981,S CAROLINA,Jahmar Brown,0.5522,below_threshold
2019,13095,S CAROLINA,Jaylan Foster,0.4576923076923077,below_threshold
2019,35881,S CAROLINA,Daniel Fennell,0.5689655172413793,below_threshold
2019,42747,S CAROLINA,Spencer Eason-Riddle,0.4868181818181818,below_threshold
2019,43290,S CAROLINA,Jamel Cook,0.6173913043478261,below_threshold
2019,44198,S CAROLINA,T.J. Brunson,0.5409090909090909,below_threshold
2019,44550,S CAROLINA,D.J. Wonnum,0.72675,below_threshold
2019,51340,S CAROLINA,J.T. Ibe,0.72675,below_threshold
2019,56165,S CAROLINA,Jamyest Williams,0.6678571428571428,below_threshold
2019,56831,S CAROLINA,Brad Johnson,0.6538461538461537,below_threshold
2019,56832,S CAROLINA,Aaron Sterling,0.5666666666666668,below_threshold
2019,58136,S CAROLINA,Damani Staley,0.61,below_threshold
2019,58138,S CAROLINA,Eldridge Thompson,0.5383333333333333,below_threshold
2019,58141,S CAROLINA,Sherrod Greene,0.4689655172413793,below_threshold
2019,81397,S CAROLINA,Rosendo Louis Jr.,0.508,below_threshold
2019,81399,S CAROLINA,Ernest Jones,0.4969230769230769,below_threshold
2019,82409,S CAROLINA,Kingsley Enagbare,0.47812499999999997,below_threshold
2019,83375,S CAROLINA,Jaycee Horn,0.5434782608695652,below_threshold
2019,83376,S CAROLINA,R.J. Roderick,0.4710416666666667,below_threshold
2019,83377,S CAROLINA,Israel Mukuamu,0.47777777777777775,below_threshold
2019,83380,S CAROLINA,Dawson Hoffman,0.5407407407407409,below_threshold
2019,84416,S CAROLINA,Darius Rush,0.5700000000000001,below_threshold
2019,98836,S CAROLINA,Jammie Robinson,0.684375,below_threshold
2019,98837,S CAROLINA,Cam Smith,0.595,below_threshold
2019,98838,S CAROLINA,Shilo Sanders,0.5230769230769231,below_threshold
2019,98839,S CAROLINA,Johnny Dixon,0.5409090909090909,below_threshold
2019,98841,S CAROLINA,Jordan Villafane,0.5636363636363636,below_threshold
2019,98980,S CAROLINA,Derek Boykins,0.5760000000000001,below_threshold
2019,98981,S CAROLINA,Jahmar Brown,0.5522,below_threshold
2019,13095,S CAROLINA,Jaylan Foster,0.4576923076923077,below_threshold
2019,28488,S CAROLINA,Kobe Smith,0.5666666666666668,below_threshold
2019,35881,S CAROLINA,Daniel Fennell,0.5689655172413793,below_threshold
2019,42509,S CAROLINA,Keir Thomas,0.47812499999999997,below_threshold
2019,42747,S CAROLINA,Spencer Eason-Riddle,0.4868181818181818,below_threshold
2019,43290,S CAROLINA,Jamel Cook,0.6173913043478261,below_threshold
2019,44198,S CAROLINA,T.J. Brunson,0.5409090909090909,below_threshold
2019,44550,S CAROLINA,D.J. Wonnum,0.72675,below_threshold
2019,51340,S CAROLINA,J.T. Ibe,0.72675,below_threshold
2019,56165,S CAROLINA,Jamyest Williams,0.6678571428571428,below_threshold
2019,56831,S CAROLINA,Brad Johnson,0.6538461538461537,below_threshold
2019,56832,S CAROLINA,Aaron Sterling,0.5666666666666668,below_threshold
2019,56834,S CAROLINA,Javon Kinlaw,0.46363636363636357,below_threshold
2019,58136,S CAROLINA,Damani Staley,0.61,below_threshold
2019,58138,S CAROLINA,Eldridge Thompson,0.5383333333333333,below_threshold
2019,58141,S CAROLINA,Sherrod Greene,0.4689655172413793,below_threshold
2019,81397,S CAROLINA,Rosendo Louis Jr.,0.508,below_threshold
2019,81399,S CAROLINA,Ernest Jones,0.4969230769230769,below_threshold
2019,82409,S CAROLINA,Kingsley Enagbare,0.47812499999999997,below_threshold
2019,82411,S CAROLINA,Rick Sandidge,0.47600000000000003,below_threshold
2019,82412,S CAROLINA,Tyreek Johnson,0.6280555555555555,below_threshold
2019,82415,S CAROLINA,Jabari Ellis,0.46363636363636357,below_threshold
2019,83375,S CAROLINA,Jaycee Horn,0.5434782608695652,below_threshold
2019,83376,S CAROLINA,R.J. Roderick,0.4710416666666667,below_threshold
2019,83377,S CAROLINA,Israel Mukuamu,0.47777777777777775,below_threshold
2019,83380,S CAROLINA,Dawson Hoffman,0.5407407407407409,below_threshold
2019,84416,S CAROLINA,Darius Rush,0.5700000000000001,below_threshold
2019,98827,S CAROLINA,Hot Rod Fitten,0.4103448275862069,below_threshold
2019,98836,S CAROLINA,Jammie Robinson,0.684375,below_threshold
2019,98837,S CAROLINA,Cam Smith,0.595,below_threshold
2019,98838,S CAROLINA,Shilo Sanders,0.5230769230769231,below_threshold
2019,98839,S CAROLINA,Johnny Dixon,0.5409090909090909,below_threshold
2019,98841,S CAROLINA,Jordan Villafane,0.5636363636363636,below_threshold
2019,98911,S CAROLINA,Zacch Pickens,0.4576923076923077,below_threshold
2019,98913,S CAROLINA,Joe Anderson,0.5884615384615385,below_threshold
2019,98980,S CAROLINA,Derek Boykins,0.5760000000000001,below_threshold
2019,98981,S CAROLINA,Jahmar Brown,0.5522,below_threshold
2019,97432,NC STATE,Bam Knight,0.705625,below_threshold
2019,97432,NC STATE,Bam Knight,0.705625,below_threshold
2019,46377,NC STATE,Emanuel McGirt Jr.,0.85,below_threshold
2019,97432,NC STATE,Bam Knight,0.705625,below_threshold
2019,105786,NEBRASKA,Keem Green,0.85,below_threshold
2019,84014,NEBRASKA,Cam Jurgens,0.8192307692307692,below_threshold
2019,105786,NEBRASKA,Keem Green,0.85,below_threshold
2019,105786,NEBRASKA,Keem Green,0.85,below_threshold
2019,83747,RUTGERS,Isiah Pacheco,0.8846153846153845,below_threshold
2019,83747,RUTGERS,Isiah Pacheco,0.8846153846153845,below_threshold
2019,82381,RUTGERS,Fred Recio,0.7391304347826086,below_threshold
2019,81811,RUTGERS,Raiqwon O'Neal,0.85,below_threshold
2019,83747,RUTGERS,Isiah Pacheco,0.8846153846153845,below_threshold
2019,83747,RUTGERS,Isiah Pacheco,0.8846153846153845,below_threshold
2019,82381,RUTGERS,Fred Recio,0.7391304347826086,below_threshold
2019,82381,RUTGERS,Fred Recio,0.7391304347826086,below_threshold
2019,55409,NEW MEXICO,Emmanuel Logan-Greene,0.8224999999999999,below_threshold
2019,83526,NEW MEXICO,Vontravious Hall,0.72675,below_threshold
2019,55409,NEW MEXICO,Emmanuel Logan-Greene,0.8224999999999999,below_threshold
2019,81337,NEW MEXICO,Alexander Moana Vainikolo,0.9075,below_threshold
2019,55409,NEW MEXICO,Emmanuel Logan-Greene,0.8224999999999999,below_threshold
2019,83526,NEW MEXICO,Vontravious Hall,0.72675,below_threshold
2019,83526,NEW MEXICO,Vontravious Hall,0.72675,below_threshold
2019,81337,NEW MEXICO,Alexander Moana Vainikolo,0.9075,below_threshold
2019,81337,NEW MEXICO,Alexander Moana Vainikolo,0.9075,below_threshold
2019,81337,NEW MEXICO,Alexander Moana Vainikolo,0.9075,below_threshold
2019,56858,SYRACUSE,Shaq Grosvenor,0.85,below_threshold
2019,56858,SYRACUSE,Shaq Grosvenor,0.85,below_threshold
2019,56858,SYRACUSE,Shaq Grosvenor,0.85,below_threshold
2019,76943,BOWL GREEN,DeMontae Haigler,0.85,below_threshold
2019,76943,BOWL GREEN,DeMontae Haigler,0.85,below_threshold
2019,76943,BOWL GREEN,DeMontae Haigler,0.85,below_threshold
2019,130513,MIAMI OH,James Burns,0.6383333333333332,below_threshold
2019,130513,MIAMI OH,James Burns,0.6383333333333332,below_threshold
2019,98197,MIAMI OH,Anthony Collier,0.85,below_threshold
2019,130513,MIAMI OH,James Burns,0.6383333333333332,below_threshold
2019,98197,MIAMI OH,Anthony Collier,0.85,below_threshold
2019,98197,MIAMI OH,Anthony Collier,0.85,below_threshold
2019,40488,OHIO,D.L. Knock,0.8999999999999998,below_threshold
2019,56792,OHIO,Kaieem Caesar,0.7391304347826086,below_threshold
2019,40488,OHIO,D.L. Knock,0.8999999999999998,below_threshold
2019,40488,OHIO,D.L. Knock,0.8999999999999998,below_threshold
2019,40488,OHIO,D.L. Knock,0.8999999999999998,below_threshold
2019,56792,OHIO,Kaieem Caesar,0.7391304347826086,below_threshold
2019,61556,OHIO,Markel Davis,0.8285714285714286,below_threshold
2019,56792,OHIO,Kaieem Caesar,0.7391304347826086,below_threshold
2019,61556,OHIO,Markel Davis,0.8285714285714286,below_threshold
2019,40488,OHIO,D.L. Knock,0.8999999999999998,below_threshold
2019,56792,OHIO,Kaieem Caesar,0.7391304347826086,below_threshold
2019,61556,OHIO,Markel Davis,0.8285714285714286,below_threshold
2019,99341,OKLA STATE,Dylon Carnagey,0.85,below_threshold
2019,99341,OKLA STATE,Dylon Carnagey,0.85,below_threshold
2019,99341,OKLA STATE,Dylon Carnagey,0.85,below_threshold
2019,33988,OREGON ST,Omar Hicks,0.8083333333333335,below_threshold
2019,33988,OREGON ST,Omar Hicks,0.8083333333333335,below_threshold
2019,57709,OREGON ST,Kyrei Fisher-Morris,0.865,below_threshold
2019,33988,OREGON ST,Omar Hicks,0.8083333333333335,below_threshold
2019,33988,OREGON ST,Omar Hicks,0.8083333333333335,below_threshold
2019,57709,OREGON ST,Kyrei Fisher-Morris,0.865,below_threshold
2019,44336,PENN STATE,Antonio Valentino,0.584375,below_threshold
2019,82161,PENN STATE,Odafe Oweh,0.6173913043478261,below_threshold
2019,44336,PENN STATE,Antonio Valentino,0.584375,below_threshold
2019,82161,PENN STATE,Odafe Oweh,0.6173913043478261,below_threshold
2019,44336,PENN STATE,Antonio Valentino,0.584375,below_threshold
2019,82161,PENN STATE,Odafe Oweh,0.6173913043478261,below_threshold
2019,44336,PENN STATE,Antonio Valentino,0.584375,below_threshold
2019,82161,PENN STATE,Odafe Oweh,0.6173913043478261,below_threshold
2019,100963,TEMPLE,Daniel Archibong,0.85,below_threshold
2019,100963,TEMPLE,Daniel Archibong,0.85,below_threshold
2019,100963,TEMPLE,Daniel Archibong,0.85,below_threshold
2019,100963,TEMPLE,Daniel Archibong,0.85,below_threshold
2019,43974,PITTSBURGH,Pat Jones II,0.7954545454545454,below_threshold
2019,60020,PITTSBURGH,Gabriel Houy,0.7285714285714286,below_threshold
2019,43974,PITTSBURGH,Pat Jones II,0.7954545454545454,below_threshold
2019,43974,PITTSBURGH,Pat Jones II,0.7954545454545454,below_threshold
2019,40259,CLEMSON,TJ Chase,0.8999999999999998,below_threshold
2019,76808,CLEMSON,KJ Henry,0.8999999999999998,below_threshold
2019,99655,CLEMSON,Will Putnam,0.85,below_threshold
2019,40259,CLEMSON,TJ Chase,0.8999999999999998,below_threshold
2019,105804,CLEMSON,Chase Guynup,0.5767857142857143,below_threshold
2019,76808,CLEMSON,KJ Henry,0.8999999999999998,below_threshold
2019,76808,CLEMSON,KJ Henry,0.8999999999999998,below_threshold
2019,76808,CLEMSON,KJ Henry,0.8999999999999998,below_threshold
2019,26394,FAU,Harrison Bryant,0.5652500000000001,below_threshold
2019,84180,FIU,Shemar Thornton,0.5857142857142856,below_threshold
2019,47557,FAU,Deangelo Antoine,0.5533333333333333,below_threshold
2019,47627,FIU,Tony Gaiter IV,0.4875999999999999,below_threshold
2019,48188,FAU,John Mitchell,0.47600000000000003,below_threshold
2019,33846,FIU,Austin Maloney,0.5455172413793102,below_threshold
2019,102949,UMASS,Jermaine Johnson,0.5533333333333333,below_threshold
2019,26395,FAU,Tavaris Harrison,0.5935483870967742,below_threshold
2019,39957,FAU,John Raine,0.5355,below_threshold
2019,75926,UMASS,Samuel Emilus,0.425,below_threshold
2019,52117,UMASS,Zak Simon,0.51,below_threshold
2019,40202,UMASS,Brennon Dingle,0.4689655172413793,below_threshold
2019,33465,FIU,Maurice Alexander,0.5387096774193548,below_threshold
2019,41606,UMASS,Sadiq Palmer,0.4434782608695652,below_threshold
2019,83968,FIU,Sterling Palmer,0.46142857142857135,below_threshold
2019,61250,FAU,Willie Wright,0.40375,below_threshold
2019,36296,UMASS,Kyle Horn,0.4275,below_threshold
2019,98736,UMASS,Cam Roberson,0.4576923076923077,below_threshold
2019,75883,UMASS,Josiah Johnson,0.47777777777777775,below_threshold
2019,45670,FIU,Anthony Jones,0.425,below_threshold
2019,28508,FIU,Napoleon Maxwell,0.48571428571428565,below_threshold
2019,42407,FAU,Dante Cousart,0.39230769230769225,below_threshold
2019,52101,UMASS,Jessie Britt,0.38759999999999994,below_threshold
2019,55158,FIU,D'vonte Price,0.425,below_threshold
2019,97309,FAU,Larry McCammon III,0.4689655172413793,below_threshold
2019,52107,UMASS,Melvin Hill,0.4434782608695652,below_threshold
2019,27061,UMASS,Bilal Ally,0.44045454545454543,below_threshold
2019,40042,FIU,Darrius Scott,0.5230769230769231,below_threshold
2019,84179,FAU,Brandon Robinson,0.47812499999999997,below_threshold
2019,34896,FAU,James Brunson,0.5407407407407409,below_threshold
2019,97999,UMASS,Dariyan Wiley,0.5666666666666668,below_threshold
2019,40120,UMASS,Taylor Edwards,0.5383333333333332,below_threshold
2019,83660,FAU,Malcolm Davidson,0.48250000000000004,below_threshold
2019,45156,FAU,Chauncey Mason,0.48571428571428565,below_threshold
2019,40069,FAU,James Charles,0.408,below_threshold
2019,98038,FIU,Kamareon Williams,0.53125,below_threshold
2019,41603,FAU,B.J. Emmons,0.3578947368421052,below_threshold
2019,75805,UMASS,Gilberto Torres,0.425,below_threshold
2019,84182,FIU,Cadarius Gaskin,0.5464285714285714,below_threshold
2019,98737,UMASS,Javon Turner,0.4407407407407408,below_threshold
2019,39274,FAU,DeAndre McNeal,0.4103448275862069,below_threshold
2019,83967,FIU,David O'Meara,0.47600000000000003,below_threshold
2019,55157,FIU,Kevin Oliver,0.425,below_threshold
2019,40213,FIU,Malik Tyson,0.4522,below_threshold
2019,97606,FAU,Javion Posey,0.4434782608695652,below_threshold
2019,60409,FAU,Nick Tronti,0.425,below_threshold
2019,45670,FIU,Anthony Jones,0.425,below_threshold
2019,27061,UMASS,Bilal Ally,0.44045454545454543,below_threshold
2019,28508,FIU,Napoleon Maxwell,0.48571428571428565,below_threshold
2019,98736,UMASS,Cam Roberson,0.4576923076923077,below_threshold
2019,83660,FAU,Malcolm Davidson,0.48250000000000004,below_threshold
2019,97309,FAU,Larry McCammon III,0.4689655172413793,below_threshold
2019,40069,FAU,James Charles,0.408,below_threshold
2019,60378,FAU,Chris Robison,0.525,below_threshold
2019,55167,FIU,Kaylan Wiggins,0.4689655172413793,below_threshold
2019,41603,FAU,B.J. Emmons,0.3578947368421052,below_threshold
2019,55158,FIU,D'vonte Price,0.425,below_threshold
2019,60409,FAU,Nick Tronti,0.425,below_threshold
2019,75805,UMASS,Gilberto Torres,0.425,below_threshold
2019,45156,FAU,Chauncey Mason,0.48571428571428565,below_threshold
2019,97440,UMASS,Kevin Brown Jr.,0.6666666666666667,below_threshold
2019,57201,FAU,Daniel Leconte,0.425,below_threshold
2019,25694,FIU,James Morgan,0.425,below_threshold
2019,52108,UMASS,Michael Curtis,0.39230769230769225,below_threshold
2019,98674,UMASS,Andrew Brito,0.425,below_threshold
2019,35805,UMASS,Randall West,0.4434782608695652,below_threshold
2019,97104,FIU,Lexington Joseph,0.425,below_threshold
2019,33465,FIU,Maurice Alexander,0.5387096774193548,below_threshold
2019,47557,FAU,Deangelo Antoine,0.5533333333333333,below_threshold
2019,97429,FAU,Kelvin Dean Jr.,0.5857142857142856,below_threshold
2019,83662,FIU,Shaun Peterson Jr.,0.48571428571428565,below_threshold
2019,57200,FAU,Tyrek Tisdale,0.4923076923076922,below_threshold
2019,102949,UMASS,Jermaine Johnson,0.5533333333333333,below_threshold
2019,61250,FAU,Willie Wright,0.40375,below_threshold
2019,40389,FAU,Trent Wessel,0.408,below_threshold
2019,100814,FIU,Tommy Heatherly,0.35888888888888887,below_threshold
2019,97275,FIU,Nate Jefferson,0.5857142857142856,below_threshold
2019,40202,UMASS,Brennon Dingle,0.4689655172413793,below_threshold
2019,52114,UMASS,Victor Santiago,0.525,below_threshold
2019,83661,FIU,DeMarcus Townsend,0.4576923076923077,below_threshold
2019,52101,UMASS,Jessie Britt,0.38759999999999994,below_threshold
2019,41605,FAU,Justin Agner,0.47777777777777775,below_threshold
2019,100813,FAU,Matthew Hayball,0.425,below_threshold
2019,23787,UMASS,James Bowe Jr.,0.6368421052631579,below_threshold
2019,26396,FAU,Kevin McCrary,0.47600000000000003,below_threshold
2019,27069,UMASS,Isaiah Rodgers,0.47777777777777775,below_threshold
2019,27393,FIU,Damon Moore,0.46363636363636357,below_threshold
2019,28231,FAU,Ray Ellis,0.5409090909090909,below_threshold
2019,33902,FAU,Meiko Dotson,0.4588888888888889,below_threshold
2019,34689,UMASS,Jarvis Miller,0.612,below_threshold
2019,34896,FAU,James Brunson,0.5407407407407409,below_threshold
2019,34962,FIU,Christian Irving,0.4517241379310346,below_threshold
2019,35579,FAU,Tim Bonner,0.48452380952380947,below_threshold
2019,38986,FAU,Anthony Bennett,0.5533333333333333,below_threshold
2019,42315,FIU,Olin Cushion III,0.3695652173913043,below_threshold
2019,42439,FIU,Ike Brown,0.61,below_threshold
2019,42626,FAU,Leighton McCarthy,0.4103448275862069,below_threshold
2019,42686,FIU,Jordan Woods,0.612,below_threshold
2019,42936,FAU,Chris Tooley,0.4517241379310346,below_threshold
2019,43114,UMASS,Martin Mangram,0.47777777777777775,below_threshold
2019,43201,FAU,Korel Smith,0.35416666666666663,below_threshold
2019,43391,UMASS,Tyshaun Ingram,0.46142857142857135,below_threshold
2019,43394,FAU,Da'Von Brown,0.6037037037037036,below_threshold
2019,43463,FAU,David Belvin III,0.4407407407407408,below_threshold
2019,43558,FIU,Andrew Tarver,0.4407407407407408,below_threshold
2019,43651,FIU,Alexy Jean-Baptiste,0.5172727272727272,below_threshold
2019,43793,FAU,Marcel Southall,0.425,below_threshold
2019,43811,FAU,Rashad Smith,0.4541666666666666,below_threshold
2019,43891,FAU,William Davis,0.4969230769230769,below_threshold
2019,44223,UMASS,Charly Timite,0.47600000000000003,below_threshold
2019,44338,FAU,Damian Horton,0.49583333333333324,below_threshold
2019,47981,FIU,Stantley Thomas-Oliver III,0.4999999999999999,below_threshold
2019,48663,FAU,Noah Jefferson,0.425,below_threshold
2019,49310,FAU,Jeff James,0.6173913043478261,below_threshold
2019,50731,FIU,Sage Lewis,0.47600000000000003,below_threshold
2019,52090,UMASS,Caeleb Washington,0.425,below_threshold
2019,52091,UMASS,Chinedu Ogbonna,0.34,below_threshold
2019,52092,UMASS,Chris DiTommaso,0.40375,below_threshold
2019,52094,UMASS,Claudin Cherelus,0.5407407407407409,below_threshold
2019,52095,UMASS,Cole McCubrey,0.37269230769230766,below_threshold
2019,52099,UMASS,Jake Byczko,0.4434782608695652,below_threshold
2019,52109,UMASS,Mike Ruane,0.5383333333333333,below_threshold
2019,52113,UMASS,Tyris Lebeau,0.5689655172413793,below_threshold
2019,52115,UMASS,Xavier Steele,0.4923076923076922,below_threshold
2019,55152,FIU,Rishard Dames,0.5348076923076923,below_threshold
2019,55153,FIU,Richard Dames,0.4923076923076922,below_threshold
2019,55154,FIU,Rashad Colson,0.425,below_threshold
2019,55155,FIU,Noah Curtis,0.6409090909090909,below_threshold
2019,55156,FIU,Tevin Jones,0.48571428571428565,below_threshold
2019,55157,FIU,Kevin Oliver,0.425,below_threshold
2019,55159,FIU,Josh Powell,0.525,below_threshold
2019,55162,FIU,Jamal Gates,0.3863636363636364,below_threshold
2019,55168,FIU,Dorian Hall,0.5409090909090909,below_threshold
2019,55169,FIU,Daniel Jackson,0.57375,below_threshold
2019,55889,FAU,Diashun Moss,0.525,below_threshold
2019,55891,FAU,Zyon Gilbert,0.525,below_threshold
2019,55964,FIU,Josh Valentine-Turner,0.54625,below_threshold
2019,56602,FAU,Collin Dell,0.3863636363636364,below_threshold
2019,56671,FIU,Chris Whittaker,0.425,below_threshold
2019,57200,FAU,Tyrek Tisdale,0.4923076923076922,below_threshold
2019,57781,FAU,Jonathan Francois,0.5636363636363636,below_threshold
2019,57818,FAU,Hosea Barnwell V,0.5522,below_threshold
2019,57821,FAU,Akileis Leroy,0.47600000000000003,below_threshold
2019,60649,FAU,James Pierre,0.5958333333333332,below_threshold
2019,60651,FAU,Quran Hafiz,0.5047619047619046,below_threshold
2019,60654,FAU,Ahman Ross,0.4434782608695652,below_threshold
2019,61101,FAU,Chris Herring,0.3966666666666666,below_threshold
2019,75690,UMASS,Elijah Johnson,0.6383333333333332,below_threshold
2019,75748,UMASS,Shannon Junior II,0.4517241379310346,below_threshold
2019,75750,UMASS,Uchenna Ezewike,0.37777777777777777,below_threshold
2019,75753,UMASS,Timothy Moulton,0.3642857142857143,below_threshold
2019,75754,UMASS,Dennis Osagiede,0.4371428571428571,below_threshold
2019,75803,UMASS,Michael Nesmith,0.44000000000000006,below_threshold
2019,81222,FIU,Rocky Jacques-Louis,0.3876,below_threshold
2019,81645,FIU,Kameron Burns,0.425,below_threshold
2019,82259,FIU,Davon Strickland,0.4387096774193548,below_threshold
2019,82260,FIU,Jason Mercier,0.544,below_threshold
2019,82261,FIU,Teair Tart,0.51,below_threshold
2019,82328,FAU,Ryan Veingrad,0.4969230769230769,below_threshold
2019,83489,FAU,Jaylen Joyner,0.544,below_threshold
2019,83490,FAU,Dalton Hustad,0.425,below_threshold
2019,83491,FAU,Tre Jackson,0.51,below_threshold
2019,83838,FAU,Armani-Eli Adams,0.425,below_threshold
2019,97676,UMASS,Josh Wallace,0.4541666666666666,below_threshold
2019,97923,UMASS,Billy Wooden,0.3863636363636364,below_threshold
2019,97946,UMASS,Cletus Mathurin,0.4371428571428571,below_threshold
2019,97950,UMASS,Wilson Frederic,0.40375,below_threshold
2019,98041,UMASS,Xavier Graham,0.4434782608695652,below_threshold
2019,98139,UMASS,Xavier Gonsalves,0.4103448275862069,below_threshold
2019,98347,FIU,David Reynolds,0.425,below_threshold
2019,98612,UMASS,Logan Darby,0.44045454545454543,below_threshold
2019,100675,FAU,Dwight Toombs II,0.37269230769230766,below_threshold
2019,100692,FAU,Marlon Bradley,0.4348076923076923,below_threshold
2019,100693,FAU,Dorien Josey,0.5173913043478261,below_threshold
2019,100702,FAU,Warren Sapp II,0.48571428571428565,below_threshold
2019,100703,FAU,Latrell Jean,0.4187037037037038,below_threshold
2019,100704,FIU,Kane Taylor,0.5700000000000001,below_threshold
2019,100738,FAU,Caliph Brice,0.35416666666666663,below_threshold
2019,100740,FAU,Cecil Rolle Jr.,0.40909090909090906,below_threshold
2019,100742,FAU,Eddie Williams,0.6037037037037036,below_threshold
2019,102724,UMASS,Johnathon Weir,0.5760000000000001,below_threshold
2019,102839,UMASS,Grant Laws,0.49583333333333324,below_threshold
2019,102895,UMASS,Taj Jones,0.578125,below_threshold
2019,26655,FAU,Junior Diaz,0.36704545454545456,below_threshold
2019,41533,FAU,Brandon Walton,0.5191071428571428,below_threshold
2019,59684,FAU,Nick Weber,0.44736842105263164,below_threshold
2019,81639,FAU,Marquice Robinson,0.3838709677419355,below_threshold
2019,44146,UMASS,Larnel Coleman,0.5012068965517241,below_threshold
2019,41663,FIU,Dallas Connell,0.4103448275862069,below_threshold
2019,41342,FIU,Shane McGough,0.44045454545454543,below_threshold
2019,81644,FIU,D'Antne Demery,0.425,below_threshold
2019,44392,FIU,Devontay Love-Taylor,0.5285454545454545,below_threshold
2019,37018,UMASS,Mike Yerardi,0.42130434782608694,below_threshold
2019,75837,UMASS,Helber Fagundes,0.4103448275862069,below_threshold
2019,59686,FAU,BJ Etienne,0.3695652173913043,below_threshold
2019,41776,FAU,Desmond Noel,0.4969230769230769,below_threshold
2019,52087,UMASS,Brian Abosi,0.48571428571428565,below_threshold
2019,55164,FIU,Mershawn Miller,0.6538461538461537,below_threshold
2019,98403,UMASS,Dalton Tomlison,0.46142857142857135,below_threshold
2019,48188,FAU,John Mitchell,0.47600000000000003,below_threshold
2019,55179,FIU,Shacquille Williams,0.425,below_threshold
2019,60378,FAU,Chris Robison,0.525,below_threshold
2019,26395,FAU,Tavaris Harrison,0.5935483870967742,below_threshold
2019,26394,FAU,Harrison Bryant,0.5652500000000001,below_threshold
2019,39957,FAU,John Raine,0.5355,below_threshold
2019,33846,FIU,Austin Maloney,0.5455172413793102,below_threshold
2019,75838,UMASS,Michael Sullivan,0.37777777777777777,below_threshold
2019,25694,FIU,James Morgan,0.425,below_threshold
2019,84180,FIU,Shemar Thornton,0.5857142857142856,below_threshold
2019,98509,UMASS,Bryce Wade,0.425,below_threshold
2019,83968,FIU,Sterling Palmer,0.46142857142857135,below_threshold
2019,36296,UMASS,Kyle Horn,0.4275,below_threshold
2019,81643,FIU,Lyndell Hudson Jr.,0.48571428571428565,below_threshold
2019,98074,FIU,Sione Finau,0.44045454545454543,below_threshold
2019,75926,UMASS,Samuel Emilus,0.425,below_threshold
2019,47627,FIU,Tony Gaiter IV,0.4875999999999999,below_threshold
2019,41606,UMASS,Sadiq Palmer,0.4434782608695652,below_threshold
2019,47557,FAU,Deangelo Antoine,0.5533333333333333,below_threshold
2019,52100,UMASS,Jaylen Larry,0.5666666666666668,below_threshold
2019,83967,FIU,David O'Meara,0.47600000000000003,below_threshold
2019,27062,UMASS,Ray Thomas-Ishman,0.4306666666666666,below_threshold
2019,52117,UMASS,Zak Simon,0.51,below_threshold
2019,59687,FAU,Deon Humphrey,0.425,below_threshold
2019,102949,UMASS,Jermaine Johnson,0.5533333333333333,below_threshold
2019,33465,FIU,Maurice Alexander,0.5387096774193548,below_threshold
2019,98674,UMASS,Andrew Brito,0.425,below_threshold
2019,45670,FIU,Anthony Jones,0.425,below_threshold
2019,28508,FIU,Napoleon Maxwell,0.48571428571428565,below_threshold
2019,98038,FIU,Kamareon Williams,0.53125,below_threshold
2019,35805,UMASS,Randall West,0.4434782608695652,below_threshold
2019,75883,UMASS,Josiah Johnson,0.47777777777777775,below_threshold
2019,40120,UMASS,Taylor Edwards,0.5383333333333332,below_threshold
2019,40202,UMASS,Brennon Dingle,0.4689655172413793,below_threshold
2019,55158,FIU,D'vonte Price,0.425,below_threshold
2019,55167,FIU,Kaylan Wiggins,0.4689655172413793,below_threshold
2019,61250,FAU,Willie Wright,0.40375,below_threshold
2019,34896,FAU,James Brunson,0.5407407407407409,below_threshold
2019,27061,UMASS,Bilal Ally,0.44045454545454543,below_threshold
2019,97309,FAU,Larry McCammon III,0.4689655172413793,below_threshold
2019,42407,FAU,Dante Cousart,0.39230769230769225,below_threshold
2019,40069,FAU,James Charles,0.408,below_threshold
2019,83660,FAU,Malcolm Davidson,0.48250000000000004,below_threshold
2019,52107,UMASS,Melvin Hill,0.4434782608695652,below_threshold
2019,39274,FAU,DeAndre McNeal,0.4103448275862069,below_threshold
2019,84179,FAU,Brandon Robinson,0.47812499999999997,below_threshold
2019,98041,UMASS,Xavier Graham,0.4434782608695652,below_threshold
2019,60409,FAU,Nick Tronti,0.425,below_threshold
2019,98736,UMASS,Cam Roberson,0.4576923076923077,below_threshold
2019,40042,FIU,Darrius Scott,0.5230769230769231,below_threshold
2019,52108,UMASS,Michael Curtis,0.39230769230769225,below_threshold
2019,52101,UMASS,Jessie Britt,0.38759999999999994,below_threshold
2019,81640,FAU,Devin Hayes,0.5913043478260869,below_threshold
2019,40213,FIU,Malik Tyson,0.4522,below_threshold
2019,97999,UMASS,Dariyan Wiley,0.5666666666666668,below_threshold
2019,100771,FAU,Federico Maranges,0.4689655172413793,below_threshold
2019,41603,FAU,B.J. Emmons,0.3578947368421052,below_threshold
2019,41277,FAU,Jared Nourse,0.408,below_threshold
2019,60893,FAU,Logan Peterson,0.48571428571428565,below_threshold
2019,45156,FAU,Chauncey Mason,0.48571428571428565,below_threshold
2019,100856,FAU,Rahmod Smith,0.4695652173913043,below_threshold
2019,61253,FAU,Jordan Merrell,0.5666666666666668,below_threshold
2019,78061,FAU,Jordan Brooks-Wess,0.51,below_threshold
2019,97606,FAU,Javion Posey,0.4434782608695652,below_threshold
2019,41275,FAU,Ean Biancardi,0.425,below_threshold
2019,97104,FIU,Lexington Joseph,0.425,below_threshold
2019,100779,FIU,Danny Corbett,0.4348076923076923,below_threshold
2019,57201,FAU,Daniel Leconte,0.425,below_threshold
2019,84182,FIU,Cadarius Gaskin,0.5464285714285714,below_threshold
2019,75786,UMASS,Adam Deese,0.5404545454545454,below_threshold
2019,98737,UMASS,Javon Turner,0.4407407407407408,below_threshold
2019,97440,UMASS,Kevin Brown Jr.,0.6666666666666667,below_threshold
2019,75805,UMASS,Gilberto Torres,0.425,below_threshold
2019,61101,FAU,Chris Herring,0.3966666666666666,below_threshold
2019,83662,FIU,Shaun Peterson Jr.,0.48571428571428565,below_threshold
2019,75835,UMASS,Parker Ogle,0.6375,below_threshold
2019,41902,FAU,Jake Jones,0.5399999999999999,below_threshold
2019,81993,FAU,Doug Johnson Jr.,0.3695652173913043,below_threshold
2019,57200,FAU,Tyrek Tisdale,0.4923076923076922,below_threshold
2019,75881,UMASS,Mike Fallon,0.4915217391304348,below_threshold
2019,55163,FIU,Tommy Zozus,0.35416666666666663,below_threshold
2019,41605,FAU,Justin Agner,0.47777777777777775,below_threshold
2019,40389,FAU,Trent Wessel,0.408,below_threshold
2019,97429,FAU,Kelvin Dean Jr.,0.5857142857142856,below_threshold
2019,83965,FAU,Nolan Lynch,0.4576923076923077,below_threshold
2019,83213,FIU,Jesson Walker,0.5760000000000001,below_threshold
2019,55174,FIU,DeAndre Williams,0.5862068965517242,below_threshold
2019,55169,FIU,Daniel Jackson,0.57375,below_threshold
2019,55159,FIU,Josh Powell,0.525,below_threshold
2019,55157,FIU,Kevin Oliver,0.425,below_threshold
2019,55156,FIU,Tevin Jones,0.48571428571428565,below_threshold
2019,52109,UMASS,Mike Ruane,0.5383333333333333,below_threshold
2019,75827,UMASS,Evan Deckers,0.4576923076923077,below_threshold
2019,38962,FAU,Ladante Harris,0.5187037037037038,below_threshold
2019,100869,FAU,Guy McCarthy,0.45108695652173914,below_threshold
2019,43329,FAU,Jordan Helm,0.5700000000000001,below_threshold
2019,97676,UMASS,Josh Wallace,0.4541666666666666,below_threshold
2019,82328,FAU,Ryan Veingrad,0.4969230769230769,below_threshold
2019,102905,UMASS,Tanner Davis,0.5522,below_threshold
2019,38986,FAU,Anthony Bennett,0.5533333333333333,below_threshold
2019,52091,UMASS,Chinedu Ogbonna,0.34,below_threshold
2019,52094,UMASS,Claudin Cherelus,0.5407407407407409,below_threshold
2019,52099,UMASS,Jake Byczko,0.4434782608695652,below_threshold
2019,52113,UMASS,Tyris Lebeau,0.5689655172413793,below_threshold
2019,55153,FIU,Richard Dames,0.4923076923076922,below_threshold
2019,55964,FIU,Josh Valentine-Turner,0.54625,below_threshold
2019,100668,FAU,Ashton McNeal,0.4187037037037038,below_threshold
2019,100738,FAU,Caliph Brice,0.35416666666666663,below_threshold
2019,100742,FAU,Eddie Williams,0.6037037037037036,below_threshold
2019,100764,FAU,Jonathan Sullivan,0.51,below_threshold
2019,27393,FIU,Damon Moore,0.46363636363636357,below_threshold
2019,75691,UMASS,Justin Lewis,0.4541666666666666,below_threshold
2019,75877,UMASS,George Georgopoulos,0.3825,below_threshold
2019,43114,UMASS,Martin Mangram,0.47777777777777775,below_threshold
2019,75905,UMASS,Joe Norwood,0.44000000000000006,below_threshold
2019,60378,FAU,Chris Robison,0.525,below_threshold
2019,25694,FIU,James Morgan,0.425,below_threshold
2019,98674,UMASS,Andrew Brito,0.425,below_threshold
2019,35805,UMASS,Randall West,0.4434782608695652,below_threshold
2019,52108,UMASS,Michael Curtis,0.39230769230769225,below_threshold
2019,55167,FIU,Kaylan Wiggins,0.4689655172413793,below_threshold
2019,60409,FAU,Nick Tronti,0.425,below_threshold
2019,41605,FAU,Justin Agner,0.47777777777777775,below_threshold
2019,84179,FAU,Brandon Robinson,0.47812499999999997,below_threshold
2019,75881,UMASS,Mike Fallon,0.4915217391304348,below_threshold
2019,33465,FIU,Maurice Alexander,0.5387096774193548,below_threshold
2019,57597,FIU,Alec Hallman,0.425,below_threshold
2019,52091,UMASS,Chinedu Ogbonna,0.34,below_threshold
2019,45670,FIU,Anthony Jones,0.425,below_threshold
2019,40389,FAU,Trent Wessel,0.408,below_threshold
2019,40069,FAU,James Charles,0.408,below_threshold
2019,23787,UMASS,James Bowe Jr.,0.6368421052631579,below_threshold
2019,26396,FAU,Kevin McCrary,0.47600000000000003,below_threshold
2019,27069,UMASS,Isaiah Rodgers,0.47777777777777775,below_threshold
2019,27393,FIU,Damon Moore,0.46363636363636357,below_threshold
2019,28231,FAU,Ray Ellis,0.5409090909090909,below_threshold
2019,33421,UMASS,Jordan Adams,0.544,below_threshold
2019,33902,FAU,Meiko Dotson,0.4588888888888889,below_threshold
2019,34689,UMASS,Jarvis Miller,0.612,below_threshold
2019,34896,FAU,James Brunson,0.5407407407407409,below_threshold
2019,34962,FIU,Christian Irving,0.4517241379310346,below_threshold
2019,35579,FAU,Tim Bonner,0.48452380952380947,below_threshold
2019,38962,FAU,Ladante Harris,0.5187037037037038,below_threshold
2019,38986,FAU,Anthony Bennett,0.5533333333333333,below_threshold
2019,42315,FIU,Olin Cushion III,0.3695652173913043,below_threshold
2019,42407,FAU,Dante Cousart,0.39230769230769225,below_threshold
2019,42439,FIU,Ike Brown,0.61,below_threshold
2019,42626,FAU,Leighton McCarthy,0.4103448275862069,below_threshold
2019,42686,FIU,Jordan Woods,0.612,below_threshold
2019,42936,FAU,Chris Tooley,0.4517241379310346,below_threshold
2019,43114,UMASS,Martin Mangram,0.47777777777777775,below_threshold
2019,43201,FAU,Korel Smith,0.35416666666666663,below_threshold
2019,43318,FAU,Keelen Roberts,0.4923076923076922,below_threshold
2019,43329,FAU,Jordan Helm,0.5700000000000001,below_threshold
2019,43391,UMASS,Tyshaun Ingram,0.46142857142857135,below_threshold
2019,43394,FAU,Da'Von Brown,0.6037037037037036,below_threshold
2019,43463,FAU,David Belvin III,0.4407407407407408,below_threshold
2019,43558,FIU,Andrew Tarver,0.4407407407407408,below_threshold
2019,43651,FIU,Alexy Jean-Baptiste,0.5172727272727272,below_threshold
2019,43793,FAU,Marcel Southall,0.425,below_threshold
2019,43811,FAU,Rashad Smith,0.4541666666666666,below_threshold
2019,43891,FAU,William Davis,0.4969230769230769,below_threshold
2019,44223,UMASS,Charly Timite,0.47600000000000003,below_threshold
2019,44338,FAU,Damian Horton,0.49583333333333324,below_threshold
2019,47981,FIU,Stantley Thomas-Oliver III,0.4999999999999999,below_threshold
2019,48663,FAU,Noah Jefferson,0.425,below_threshold
2019,49310,FAU,Jeff James,0.6173913043478261,below_threshold
2019,50731,FIU,Sage Lewis,0.47600000000000003,below_threshold
2019,51268,FIU,Nikholi Jaghai,0.47269230769230763,below_threshold
2019,52090,UMASS,Caeleb Washington,0.425,below_threshold
2019,52091,UMASS,Chinedu Ogbonna,0.34,below_threshold
2019,52092,UMASS,Chris DiTommaso,0.40375,below_threshold
2019,52094,UMASS,Claudin Cherelus,0.5407407407407409,below_threshold
2019,52095,UMASS,Cole McCubrey,0.37269230769230766,below_threshold
2019,52099,UMASS,Jake Byczko,0.4434782608695652,below_threshold
2019,52109,UMASS,Mike Ruane,0.5383333333333333,below_threshold
2019,52113,UMASS,Tyris Lebeau,0.5689655172413793,below_threshold
2019,52115,UMASS,Xavier Steele,0.4923076923076922,below_threshold
2019,55150,FIU,Benny McCray,0.4541666666666666,below_threshold
2019,55152,FIU,Rishard Dames,0.5348076923076923,below_threshold
2019,55153,FIU,Richard Dames,0.4923076923076922,below_threshold
2019,55154,FIU,Rashad Colson,0.425,below_threshold
2019,55155,FIU,Noah Curtis,0.6409090909090909,below_threshold
2019,55156,FIU,Tevin Jones,0.48571428571428565,below_threshold
2019,55157,FIU,Kevin Oliver,0.425,below_threshold
2019,55159,FIU,Josh Powell,0.525,below_threshold
2019,55162,FIU,Jamal Gates,0.3863636363636364,below_threshold
2019,55168,FIU,Dorian Hall,0.5409090909090909,below_threshold
2019,55169,FIU,Daniel Jackson,0.57375,below_threshold
2019,55889,FAU,Diashun Moss,0.525,below_threshold
2019,55891,FAU,Zyon Gilbert,0.525,below_threshold
2019,55964,FIU,Josh Valentine-Turner,0.54625,below_threshold
2019,56602,FAU,Collin Dell,0.3863636363636364,below_threshold
2019,56671,FIU,Chris Whittaker,0.425,below_threshold
2019,57200,FAU,Tyrek Tisdale,0.4923076923076922,below_threshold
2019,57781,FAU,Jonathan Francois,0.5636363636363636,below_threshold
2019,57818,FAU,Hosea Barnwell V,0.5522,below_threshold
2019,57821,FAU,Akileis Leroy,0.47600000000000003,below_threshold
2019,60649,FAU,James Pierre,0.5958333333333332,below_threshold
2019,60651,FAU,Quran Hafiz,0.5047619047619046,below_threshold
2019,60654,FAU,Ahman Ross,0.4434782608695652,below_threshold
2019,61101,FAU,Chris Herring,0.3966666666666666,below_threshold
2019,61250,FAU,Willie Wright,0.40375,below_threshold
2019,75689,UMASS,Donte Lindsey,0.6464285714285714,below_threshold
2019,75690,UMASS,Elijah Johnson,0.6383333333333332,below_threshold
2019,75691,UMASS,Justin Lewis,0.4541666666666666,below_threshold
2019,75748,UMASS,Shannon Junior II,0.4517241379310346,below_threshold
2019,75750,UMASS,Uchenna Ezewike,0.37777777777777777,below_threshold
2019,75753,UMASS,Timothy Moulton,0.3642857142857143,below_threshold
2019,75754,UMASS,Dennis Osagiede,0.4371428571428571,below_threshold
2019,75803,UMASS,Michael Nesmith,0.44000000000000006,below_threshold
2019,75804,UMASS,Da'Shon Ross,0.4915217391304348,below_threshold
2019,75905,UMASS,Joe Norwood,0.44000000000000006,below_threshold
2019,81222,FIU,Rocky Jacques-Louis,0.3876,below_threshold
2019,81645,FIU,Kameron Burns,0.425,below_threshold
2019,82259,FIU,Davon Strickland,0.4387096774193548,below_threshold
2019,82260,FIU,Jason Mercier,0.544,below_threshold
2019,82261,FIU,Teair Tart,0.51,below_threshold
2019,82328,FAU,Ryan Veingrad,0.4969230769230769,below_threshold
2019,83038,FAU,Teja Young,0.5473684210526316,below_threshold
2019,83212,FIU,Jamal Anderson,0.6071428571428571,below_threshold
2019,83213,FIU,Jesson Walker,0.5760000000000001,below_threshold
2019,83489,FAU,Jaylen Joyner,0.544,below_threshold
2019,83838,FAU,Armani-Eli Adams,0.425,below_threshold
2019,83839,FAU,Kaelen Skipper,0.5230769230769231,below_threshold
2019,84184,FIU,Maurquel Dillard,0.525,below_threshold
2019,97676,UMASS,Josh Wallace,0.4541666666666666,below_threshold
2019,97923,UMASS,Billy Wooden,0.3863636363636364,below_threshold
2019,97946,UMASS,Cletus Mathurin,0.4371428571428571,below_threshold
2019,97950,UMASS,Wilson Frederic,0.40375,below_threshold
2019,98041,UMASS,Xavier Graham,0.4434782608695652,below_threshold
2019,98139,UMASS,Xavier Gonsalves,0.4103448275862069,below_threshold
2019,98316,FIU,Nate White,0.3863636363636364,below_threshold
2019,98347,FIU,David Reynolds,0.425,below_threshold
2019,98612,UMASS,Logan Darby,0.44045454545454543,below_threshold
2019,100675,FAU,Dwight Toombs II,0.37269230769230766,below_threshold
2019,100692,FAU,Marlon Bradley,0.4348076923076923,below_threshold
2019,100693,FAU,Dorien Josey,0.5173913043478261,below_threshold
2019,100703,FAU,Latrell Jean,0.4187037037037038,below_threshold
2019,100704,FIU,Kane Taylor,0.5700000000000001,below_threshold
2019,100738,FAU,Caliph Brice,0.35416666666666663,below_threshold
2019,100739,FAU,Diamante Howard,0.4576923076923077,below_threshold
2019,100740,FAU,Cecil Rolle Jr.,0.40909090909090906,below_threshold
2019,100742,FAU,Eddie Williams,0.6037037037037036,below_threshold
2019,100870,FAU,Romain Mungin,0.5404545454545454,below_threshold
2019,102724,UMASS,Johnathon Weir,0.5760000000000001,below_threshold
2019,102839,UMASS,Grant Laws,0.49583333333333324,below_threshold
2019,102895,UMASS,Taj Jones,0.578125,below_threshold
2019,102905,UMASS,Tanner Davis,0.5522,below_threshold
2019,23787,UMASS,James Bowe Jr.,0.6368421052631579,below_threshold
2019,26396,FAU,Kevin McCrary,0.47600000000000003,below_threshold
2019,27069,UMASS,Isaiah Rodgers,0.47777777777777775,below_threshold
2019,33421,UMASS,Jordan Adams,0.544,below_threshold
2019,33902,FAU,Meiko Dotson,0.4588888888888889,below_threshold
2019,34689,UMASS,Jarvis Miller,0.612,below_threshold
2019,34962,FIU,Christian Irving,0.4517241379310346,below_threshold
2019,35579,FAU,Tim Bonner,0.48452380952380947,below_threshold
2019,38962,FAU,Ladante Harris,0.5187037037037038,below_threshold
2019,38986,FAU,Anthony Bennett,0.5533333333333333,below_threshold
2019,42315,FIU,Olin Cushion III,0.3695652173913043,below_threshold
2019,42407,FAU,Dante Cousart,0.39230769230769225,below_threshold
2019,42439,FIU,Ike Brown,0.61,below_threshold
2019,42626,FAU,Leighton McCarthy,0.4103448275862069,below_threshold
2019,42936,FAU,Chris Tooley,0.4517241379310346,below_threshold
2019,43114,UMASS,Martin Mangram,0.47777777777777775,below_threshold
2019,43201,FAU,Korel Smith,0.35416666666666663,below_threshold
2019,43329,FAU,Jordan Helm,0.5700000000000001,below_threshold
2019,43391,UMASS,Tyshaun Ingram,0.46142857142857135,below_threshold
2019,43394,FAU,Da'Von Brown,0.6037037037037036,below_threshold
2019,43463,FAU,David Belvin III,0.4407407407407408,below_threshold
2019,43651,FIU,Alexy Jean-Baptiste,0.5172727272727272,below_threshold
2019,43793,FAU,Marcel Southall,0.425,below_threshold
2019,43811,FAU,Rashad Smith,0.4541666666666666,below_threshold
2019,43891,FAU,William Davis,0.4969230769230769,below_threshold
2019,44338,FAU,Damian Horton,0.49583333333333324,below_threshold
2019,45156,FAU,Chauncey Mason,0.48571428571428565,below_threshold
2019,47981,FIU,Stantley Thomas-Oliver III,0.4999999999999999,below_threshold
2019,48663,FAU,Noah Jefferson,0.425,below_threshold
2019,49310,FAU,Jeff James,0.6173913043478261,below_threshold
2019,50731,FIU,Sage Lewis,0.47600000000000003,below_threshold
2019,52091,UMASS,Chinedu Ogbonna,0.34,below_threshold
2019,52094,UMASS,Claudin Cherelus,0.5407407407407409,below_threshold
2019,52095,UMASS,Cole McCubrey,0.37269230769230766,below_threshold
2019,52109,UMASS,Mike Ruane,0.5383333333333333,below_threshold
2019,52113,UMASS,Tyris Lebeau,0.5689655172413793,below_threshold
2019,52115,UMASS,Xavier Steele,0.4923076923076922,below_threshold
2019,55150,FIU,Benny McCray,0.4541666666666666,below_threshold
2019,55152,FIU,Rishard Dames,0.5348076923076923,below_threshold
2019,55153,FIU,Richard Dames,0.4923076923076922,below_threshold
2019,55155,FIU,Noah Curtis,0.6409090909090909,below_threshold
2019,55156,FIU,Tevin Jones,0.48571428571428565,below_threshold
2019,55159,FIU,Josh Powell,0.525,below_threshold
2019,55162,FIU,Jamal Gates,0.3863636363636364,below_threshold
2019,55168,FIU,Dorian Hall,0.5409090909090909,below_threshold
2019,55169,FIU,Daniel Jackson,0.57375,below_threshold
2019,55889,FAU,Diashun Moss,0.525,below_threshold
2019,55891,FAU,Zyon Gilbert,0.525,below_threshold
2019,55964,FIU,Josh Valentine-Turner,0.54625,below_threshold
2019,56602,FAU,Collin Dell,0.3863636363636364,below_threshold
2019,56671,FIU,Chris Whittaker,0.425,below_threshold
2019,57781,FAU,Jonathan Francois,0.5636363636363636,below_threshold
2019,57818,FAU,Hosea Barnwell V,0.5522,below_threshold
2019,57821,FAU,Akileis Leroy,0.47600000000000003,below_threshold
2019,60649,FAU,James Pierre,0.5958333333333332,below_threshold
2019,60651,FAU,Quran Hafiz,0.5047619047619046,below_threshold
2019,60654,FAU,Ahman Ross,0.4434782608695652,below_threshold
2019,75689,UMASS,Donte Lindsey,0.6464285714285714,below_threshold
2019,75690,UMASS,Elijah Johnson,0.6383333333333332,below_threshold
2019,75691,UMASS,Justin Lewis,0.4541666666666666,below_threshold
2019,75748,UMASS,Shannon Junior II,0.4517241379310346,below_threshold
2019,75750,UMASS,Uchenna Ezewike,0.37777777777777777,below_threshold
2019,75803,UMASS,Michael Nesmith,0.44000000000000006,below_threshold
2019,75905,UMASS,Joe Norwood,0.44000000000000006,below_threshold
2019,81222,FIU,Rocky Jacques-Louis,0.3876,below_threshold
2019,83038,FAU,Teja Young,0.5473684210526316,below_threshold
2019,83212,FIU,Jamal Anderson,0.6071428571428571,below_threshold
2019,83213,FIU,Jesson Walker,0.5760000000000001,below_threshold
2019,83660,FAU,Malcolm Davidson,0.48250000000000004,below_threshold
2019,83838,FAU,Armani-Eli Adams,0.425,below_threshold
2019,97676,UMASS,Josh Wallace,0.4541666666666666,below_threshold
2019,98612,UMASS,Logan Darby,0.44045454545454543,below_threshold
2019,100668,FAU,Ashton McNeal,0.4187037037037038,below_threshold
2019,100674,FAU,Deante Nelson,0.5857142857142856,below_threshold
2019,100675,FAU,Dwight Toombs II,0.37269230769230766,below_threshold
2019,100738,FAU,Caliph Brice,0.35416666666666663,below_threshold
2019,100740,FAU,Cecil Rolle Jr.,0.40909090909090906,below_threshold
2019,100742,FAU,Eddie Williams,0.6037037037037036,below_threshold
2019,100870,FAU,Romain Mungin,0.5404545454545454,below_threshold
2019,102724,UMASS,Johnathon Weir,0.5760000000000001,below_threshold
2019,102895,UMASS,Taj Jones,0.578125,below_threshold
2019,102905,UMASS,Tanner Davis,0.5522,below_threshold
2019,23787,UMASS,James Bowe Jr.,0.6368421052631579,below_threshold
2019,26396,FAU,Kevin McCrary,0.47600000000000003,below_threshold
2019,27069,UMASS,Isaiah Rodgers,0.47777777777777775,below_threshold
2019,27393,FIU,Damon Moore,0.46363636363636357,below_threshold
2019,28231,FAU,Ray Ellis,0.5409090909090909,below_threshold
2019,33421,UMASS,Jordan Adams,0.544,below_threshold
2019,33902,FAU,Meiko Dotson,0.4588888888888889,below_threshold
2019,34689,UMASS,Jarvis Miller,0.612,below_threshold
2019,34896,FAU,James Brunson,0.5407407407407409,below_threshold
2019,34962,FIU,Christian Irving,0.4517241379310346,below_threshold
2019,35579,FAU,Tim Bonner,0.48452380952380947,below_threshold
2019,38962,FAU,Ladante Harris,0.5187037037037038,below_threshold
2019,38986,FAU,Anthony Bennett,0.5533333333333333,below_threshold
2019,42315,FIU,Olin Cushion III,0.3695652173913043,below_threshold
2019,42407,FAU,Dante Cousart,0.39230769230769225,below_threshold
2019,42439,FIU,Ike Brown,0.61,below_threshold
2019,42626,FAU,Leighton McCarthy,0.4103448275862069,below_threshold
2019,42686,FIU,Jordan Woods,0.612,below_threshold
2019,42936,FAU,Chris Tooley,0.4517241379310346,below_threshold
2019,43114,UMASS,Martin Mangram,0.47777777777777775,below_threshold
2019,43201,FAU,Korel Smith,0.35416666666666663,below_threshold
2019,43318,FAU,Keelen Roberts,0.4923076923076922,below_threshold
2019,43329,FAU,Jordan Helm,0.5700000000000001,below_threshold
2019,43391,UMASS,Tyshaun Ingram,0.46142857142857135,below_threshold
2019,43394,FAU,Da'Von Brown,0.6037037037037036,below_threshold
2019,43463,FAU,David Belvin III,0.4407407407407408,below_threshold
2019,43558,FIU,Andrew Tarver,0.4407407407407408,below_threshold
2019,43651,FIU,Alexy Jean-Baptiste,0.5172727272727272,below_threshold
2019,43793,FAU,Marcel Southall,0.425,below_threshold
2019,43811,FAU,Rashad Smith,0.4541666666666666,below_threshold
2019,43891,FAU,William Davis,0.4969230769230769,below_threshold
2019,44223,UMASS,Charly Timite,0.47600000000000003,below_threshold
2019,44338,FAU,Damian Horton,0.49583333333333324,below_threshold
2019,45156,FAU,Chauncey Mason,0.48571428571428565,below_threshold
2019,47981,FIU,Stantley Thomas-Oliver III,0.4999999999999999,below_threshold
2019,48663,FAU,Noah Jefferson,0.425,below_threshold
2019,49310,FAU,Jeff James,0.6173913043478261,below_threshold
2019,50731,FIU,Sage Lewis,0.47600000000000003,below_threshold
2019,51268,FIU,Nikholi Jaghai,0.47269230769230763,below_threshold
2019,52090,UMASS,Caeleb Washington,0.425,below_threshold
2019,52091,UMASS,Chinedu Ogbonna,0.34,below_threshold
2019,52092,UMASS,Chris DiTommaso,0.40375,below_threshold
2019,52094,UMASS,Claudin Cherelus,0.5407407407407409,below_threshold
2019,52095,UMASS,Cole McCubrey,0.37269230769230766,below_threshold
2019,52099,UMASS,Jake Byczko,0.4434782608695652,below_threshold
2019,52109,UMASS,Mike Ruane,0.5383333333333333,below_threshold
2019,52113,UMASS,Tyris Lebeau,0.5689655172413793,below_threshold
2019,52115,UMASS,Xavier Steele,0.4923076923076922,below_threshold
2019,55150,FIU,Benny McCray,0.4541666666666666,below_threshold
2019,55152,FIU,Rishard Dames,0.5348076923076923,below_threshold
2019,55153,FIU,Richard Dames,0.4923076923076922,below_threshold
2019,55154,FIU,Rashad Colson,0.425,below_threshold
2019,55155,FIU,Noah Curtis,0.6409090909090909,below_threshold
2019,55156,FIU,Tevin Jones,0.48571428571428565,below_threshold
2019,55157,FIU,Kevin Oliver,0.425,below_threshold
2019,55159,FIU,Josh Powell,0.525,below_threshold
2019,55162,FIU,Jamal Gates,0.3863636363636364,below_threshold
2019,55168,FIU,Dorian Hall,0.5409090909090909,below_threshold
2019,55169,FIU,Daniel Jackson,0.57375,below_threshold
2019,55889,FAU,Diashun Moss,0.525,below_threshold
2019,55891,FAU,Zyon Gilbert,0.525,below_threshold
2019,55964,FIU,Josh Valentine-Turner,0.54625,below_threshold
2019,56602,FAU,Collin Dell,0.3863636363636364,below_threshold
2019,56671,FIU,Chris Whittaker,0.425,below_threshold
2019,57200,FAU,Tyrek Tisdale,0.4923076923076922,below_threshold
2019,57781,FAU,Jonathan Francois,0.5636363636363636,below_threshold
2019,57818,FAU,Hosea Barnwell V,0.5522,below_threshold
2019,57821,FAU,Akileis Leroy,0.47600000000000003,below_threshold
2019,60649,FAU,James Pierre,0.5958333333333332,below_threshold
2019,60651,FAU,Quran Hafiz,0.5047619047619046,below_threshold
2019,60654,FAU,Ahman Ross,0.4434782608695652,below_threshold
2019,61101,FAU,Chris Herring,0.3966666666666666,below_threshold
2019,61250,FAU,Willie Wright,0.40375,below_threshold
2019,75689,UMASS,Donte Lindsey,0.6464285714285714,below_threshold
2019,75690,UMASS,Elijah Johnson,0.6383333333333332,below_threshold
2019,75691,UMASS,Justin Lewis,0.4541666666666666,below_threshold
2019,75748,UMASS,Shannon Junior II,0.4517241379310346,below_threshold
2019,75750,UMASS,Uchenna Ezewike,0.37777777777777777,below_threshold
2019,75753,UMASS,Timothy Moulton,0.3642857142857143,below_threshold
2019,75754,UMASS,Dennis Osagiede,0.4371428571428571,below_threshold
2019,75803,UMASS,Michael Nesmith,0.44000000000000006,below_threshold
2019,75804,UMASS,Da'Shon Ross,0.4915217391304348,below_threshold
2019,75905,UMASS,Joe Norwood,0.44000000000000006,below_threshold
2019,81222,FIU,Rocky Jacques-Louis,0.3876,below_threshold
2019,81645,FIU,Kameron Burns,0.425,below_threshold
2019,82259,FIU,Davon Strickland,0.4387096774193548,below_threshold
2019,82260,FIU,Jason Mercier,0.544,below_threshold
2019,82261,FIU,Teair Tart,0.51,below_threshold
2019,82328,FAU,Ryan Veingrad,0.4969230769230769,below_threshold
2019,83038,FAU,Teja Young,0.5473684210526316,below_threshold
2019,83212,FIU,Jamal Anderson,0.6071428571428571,below_threshold
2019,83213,FIU,Jesson Walker,0.5760000000000001,below_threshold
2019,83489,FAU,Jaylen Joyner,0.544,below_threshold
2019,83490,FAU,Dalton Hustad,0.425,below_threshold
2019,83491,FAU,Tre Jackson,0.51,below_threshold
2019,83660,FAU,Malcolm Davidson,0.48250000000000004,below_threshold
2019,83838,FAU,Armani-Eli Adams,0.425,below_threshold
2019,83839,FAU,Kaelen Skipper,0.5230769230769231,below_threshold
2019,84184,FIU,Maurquel Dillard,0.525,below_threshold
2019,97676,UMASS,Josh Wallace,0.4541666666666666,below_threshold
2019,97923,UMASS,Billy Wooden,0.3863636363636364,below_threshold
2019,97946,UMASS,Cletus Mathurin,0.4371428571428571,below_threshold
2019,97950,UMASS,Wilson Frederic,0.40375,below_threshold
2019,98041,UMASS,Xavier Graham,0.4434782608695652,below_threshold
2019,98139,UMASS,Xavier Gonsalves,0.4103448275862069,below_threshold
2019,98316,FIU,Nate White,0.3863636363636364,below_threshold
2019,98347,FIU,David Reynolds,0.425,below_threshold
2019,98612,UMASS,Logan Darby,0.44045454545454543,below_threshold
2019,100668,FAU,Ashton McNeal,0.4187037037037038,below_threshold
2019,100674,FAU,Deante Nelson,0.5857142857142856,below_threshold
2019,100675,FAU,Dwight Toombs II,0.37269230769230766,below_threshold
2019,100692,FAU,Marlon Bradley,0.4348076923076923,below_threshold
2019,100693,FAU,Dorien Josey,0.5173913043478261,below_threshold
2019,100702,FAU,Warren Sapp II,0.48571428571428565,below_threshold
2019,100703,FAU,Latrell Jean,0.4187037037037038,below_threshold
2019,100704,FIU,Kane Taylor,0.5700000000000001,below_threshold
2019,100738,FAU,Caliph Brice,0.35416666666666663,below_threshold
2019,100739,FAU,Diamante Howard,0.4576923076923077,below_threshold
2019,100740,FAU,Cecil Rolle Jr.,0.40909090909090906,below_threshold
2019,100742,FAU,Eddie Williams,0.6037037037037036,below_threshold
2019,100870,FAU,Romain Mungin,0.5404545454545454,below_threshold
2019,102724,UMASS,Johnathon Weir,0.5760000000000001,below_threshold
2019,102839,UMASS,Grant Laws,0.49583333333333324,below_threshold
2019,102895,UMASS,Taj Jones,0.578125,below_threshold
2019,102905,UMASS,Tanner Davis,0.5522,below_threshold
2019,57292,MEMPHIS,Tim Taylor,0.8083333333333335,below_threshold
2019,56701,MEMPHIS,JoJo Dorceus,0.7538461538461537,below_threshold
2019,57292,MEMPHIS,Tim Taylor,0.8083333333333335,below_threshold
2019,43451,MEMPHIS,John Tate IV,0.85,below_threshold
2019,56701,MEMPHIS,JoJo Dorceus,0.7538461538461537,below_threshold
2019,57958,MEMPHIS,J.J. Russell,0.9095238095238093,below_threshold
2019,56701,MEMPHIS,JoJo Dorceus,0.7538461538461537,below_threshold
2019,57292,MEMPHIS,Tim Taylor,0.8083333333333335,below_threshold
2019,43451,MEMPHIS,John Tate IV,0.85,below_threshold
2019,56701,MEMPHIS,JoJo Dorceus,0.7538461538461537,below_threshold
2019,57958,MEMPHIS,J.J. Russell,0.9095238095238093,below_threshold
2019,56701,MEMPHIS,JoJo Dorceus,0.7538461538461537,below_threshold
2019,57958,MEMPHIS,J.J. Russell,0.9095238095238093,below_threshold
2019,43451,MEMPHIS,John Tate IV,0.85,below_threshold
2019,56701,MEMPHIS,JoJo Dorceus,0.7538461538461537,below_threshold
2019,57958,MEMPHIS,J.J. Russell,0.9095238095238093,below_threshold
2019,42880,VANDERBILT,D.C. Williams,0.9130434782608695,below_threshold
2019,44019,VANDERBILT,Siah Sa'o,0.765,below_threshold
2019,60202,VANDERBILT,Jonathan Stewart,0.85,below_threshold
2019,81924,VANDERBILT,Dan Dawkins,0.85,below_threshold
2019,42880,VANDERBILT,D.C. Williams,0.9130434782608695,below_threshold
2019,44019,VANDERBILT,Siah Sa'o,0.765,below_threshold
2019,42880,VANDERBILT,D.C. Williams,0.9130434782608695,below_threshold
2019,42880,VANDERBILT,D.C. Williams,0.9130434782608695,below_threshold
2019,44019,VANDERBILT,Siah Sa'o,0.765,below_threshold
2019,44304,TEXAS A&M,Nnamdi Madubuike,0.584375,below_threshold
2019,98993,TEXAS A&M,Joe Mawad,0.7285714285714286,below_threshold
2019,44304,TEXAS A&M,Nnamdi Madubuike,0.584375,below_threshold
2019,98993,TEXAS A&M,Joe Mawad,0.7285714285714286,below_threshold
2019,44304,TEXAS A&M,Nnamdi Madubuike,0.584375,below_threshold
2019,98993,TEXAS A&M,Joe Mawad,0.7285714285714286,below_threshold
2019,40010,HOUSTON,Gio Pancotti,0.85,below_threshold
2019,61522,N TEXAS,Jaelon Darden,0.6275862068965518,below_threshold
2019,47737,N TEXAS,Michael Lawrence,0.56525,below_threshold
2019,84337,N TEXAS,Jyaire Shorter,0.4576923076923077,below_threshold
2019,61526,N TEXAS,Greg White,0.48571428571428565,below_threshold
2019,100881,N TEXAS,Deonte Simpson,0.47600000000000003,below_threshold
2019,42235,N TEXAS,Jason Pirtle,0.544,below_threshold
2019,42213,N TEXAS,Deion Hair-Griffin,0.3966666666666666,below_threshold
2019,83728,N TEXAS,DeAndre Torrey,0.48960000000000004,below_threshold
2019,41321,N TEXAS,Nic Smith,0.6767857142857143,below_threshold
2019,45207,N TEXAS,Kelvin Smith,0.6181818181818182,below_threshold
2019,84335,N TEXAS,Austin Ogunmakin,0.48571428571428565,below_threshold
2019,57347,N TEXAS,Tre Siggers,0.4434782608695652,below_threshold
2019,45380,N TEXAS,Rico Bussey Jr.,0.4434782608695652,below_threshold
2019,84334,N TEXAS,Roderic Burns,0.5230769230769231,below_threshold
2019,34866,N TEXAS,Loren Easly,0.47600000000000003,below_threshold
2019,81467,N TEXAS,Kyleb Howell,0.5173913043478261,below_threshold
2019,84024,N TEXAS,Cole McCrary,0.4187037037037038,below_threshold
2019,57347,N TEXAS,Tre Siggers,0.4434782608695652,below_threshold
2019,83728,N TEXAS,DeAndre Torrey,0.48960000000000004,below_threshold
2019,34866,N TEXAS,Loren Easly,0.47600000000000003,below_threshold
2019,41321,N TEXAS,Nic Smith,0.6767857142857143,below_threshold
2019,46629,N TEXAS,Mason Fine,0.5913043478260869,below_threshold
2019,83529,N TEXAS,Jason Bean,0.4915217391304348,below_threshold
2019,57345,N TEXAS,Evan Johnson,0.695,below_threshold
2019,61522,N TEXAS,Jaelon Darden,0.6275862068965518,below_threshold
2019,100835,N TEXAS,Oscar Adaway III,0.408,below_threshold
2019,60114,TEXAS,Sam Cosmi,0.7285714285714286,below_threshold
2019,100881,N TEXAS,Deonte Simpson,0.47600000000000003,below_threshold
2019,27804,N TEXAS,Taylor Robinson,0.6230769230769231,below_threshold
2019,35142,N TEXAS,Jamie King,0.5173913043478261,below_threshold
2019,35452,N TEXAS,William LeMasters,0.5688709677419354,below_threshold
2019,36268,N TEXAS,Darrian McMillan,0.5103448275862069,below_threshold
2019,38294,N TEXAS,Bryce English,0.5037037037037037,below_threshold
2019,43676,N TEXAS,Joe Ozougwu,0.3695652173913043,below_threshold
2019,49476,N TEXAS,Nick Harvey,0.40375,below_threshold
2019,50192,N TEXAS,La'Darius Hamilton,0.48571428571428565,below_threshold
2019,50374,N TEXAS,Jameel Moore,0.5913043478260869,below_threshold
2019,50915,N TEXAS,Mike Linehan,0.47600000000000003,below_threshold
2019,51389,N TEXAS,Khairi Muhammad,0.525,below_threshold
2019,56122,N TEXAS,Cam Johnson,0.7083333333333335,below_threshold
2019,56766,N TEXAS,Dion Novil,0.51,below_threshold
2019,60707,N TEXAS,Tyreke Davis,0.50375,below_threshold
2019,60708,N TEXAS,Makyle Sanders,0.5958333333333332,below_threshold
2019,81340,N TEXAS,K.D. Davis,0.72675,below_threshold
2019,81342,N TEXAS,Larry Nixon III,0.425,below_threshold
2019,82356,N TEXAS,Dayton LeBlanc,0.4533333333333333,below_threshold
2019,82358,N TEXAS,Tuulau Sa'afi,0.38759999999999994,below_threshold
2019,82359,N TEXAS,Caleb Colvin,0.544,below_threshold
2019,83337,N TEXAS,Keelan Crosby,0.44551724137931026,below_threshold
2019,83863,N TEXAS,Jaxon Gibbs,0.46142857142857135,below_threshold
2019,100707,N TEXAS,Asher Frow,0.48571428571428565,below_threshold
2019,100709,N TEXAS,Kenneth Dotson,0.5275862068965518,below_threshold
2019,100748,N TEXAS,Kevin Wood,0.559,below_threshold
2019,60114,TEXAS,Sam Cosmi,0.7285714285714286,below_threshold
2019,59947,N TEXAS,Sosaia Mose,0.5617391304347825,below_threshold
2019,59950,N TEXAS,Manase Mose,0.46363636363636357,below_threshold
2019,27802,N TEXAS,Elex Woodworth,0.4533333333333333,below_threshold
2019,59944,N TEXAS,Jacob Brammer,0.47600000000000003,below_threshold
2019,81767,N TEXAS,Thomas Preston III,0.5037037037037037,below_threshold
2019,37015,N TEXAS,D'Andre Plantin,0.72675,below_threshold
2019,46629,N TEXAS,Mason Fine,0.5913043478260869,below_threshold
2019,45207,N TEXAS,Kelvin Smith,0.6181818181818182,below_threshold
2019,42235,N TEXAS,Jason Pirtle,0.544,below_threshold
2019,84337,N TEXAS,Jyaire Shorter,0.4576923076923077,below_threshold
2019,61522,N TEXAS,Jaelon Darden,0.6275862068965518,below_threshold
2019,47737,N TEXAS,Michael Lawrence,0.56525,below_threshold
2019,61526,N TEXAS,Greg White,0.48571428571428565,below_threshold
2019,100881,N TEXAS,Deonte Simpson,0.47600000000000003,below_threshold
2019,40240,N TEXAS,Chandler Anthony,0.595,below_threshold
2019,59948,N TEXAS,Brian Parish,0.5383333333333333,below_threshold
2019,42213,N TEXAS,Deion Hair-Griffin,0.3966666666666666,below_threshold
2019,83728,N TEXAS,DeAndre Torrey,0.48960000000000004,below_threshold
2019,57347,N TEXAS,Tre Siggers,0.4434782608695652,below_threshold
2019,84335,N TEXAS,Austin Ogunmakin,0.48571428571428565,below_threshold
2019,45380,N TEXAS,Rico Bussey Jr.,0.4434782608695652,below_threshold
2019,41321,N TEXAS,Nic Smith,0.6767857142857143,below_threshold
2019,81467,N TEXAS,Kyleb Howell,0.5173913043478261,below_threshold
2019,83529,N TEXAS,Jason Bean,0.4915217391304348,below_threshold
2019,34866,N TEXAS,Loren Easly,0.47600000000000003,below_threshold
2019,81769,N TEXAS,Daizion Carroll,0.48571428571428565,below_threshold
2019,84024,N TEXAS,Cole McCrary,0.4187037037037038,below_threshold
2019,81768,N TEXAS,Cole Brown,0.5666666666666668,below_threshold
2019,83528,N TEXAS,Austin Aune,0.5913043478260869,below_threshold
2019,100882,N TEXAS,Deven Langston,0.525,below_threshold
2019,57345,N TEXAS,Evan Johnson,0.695,below_threshold
2019,84334,N TEXAS,Roderic Burns,0.5230769230769231,below_threshold
2019,59946,N TEXAS,Chad Hickson,0.6173913043478261,below_threshold
2019,46629,N TEXAS,Mason Fine,0.5913043478260869,below_threshold
2019,83529,N TEXAS,Jason Bean,0.4915217391304348,below_threshold
2019,83528,N TEXAS,Austin Aune,0.5913043478260869,below_threshold
2019,27804,N TEXAS,Taylor Robinson,0.6230769230769231,below_threshold
2019,35142,N TEXAS,Jamie King,0.5173913043478261,below_threshold
2019,35452,N TEXAS,William LeMasters,0.5688709677419354,below_threshold
2019,36268,N TEXAS,Darrian McMillan,0.5103448275862069,below_threshold
2019,38294,N TEXAS,Bryce English,0.5037037037037037,below_threshold
2019,43676,N TEXAS,Joe Ozougwu,0.3695652173913043,below_threshold
2019,49476,N TEXAS,Nick Harvey,0.40375,below_threshold
2019,50192,N TEXAS,La'Darius Hamilton,0.48571428571428565,below_threshold
2019,50374,N TEXAS,Jameel Moore,0.5913043478260869,below_threshold
2019,50915,N TEXAS,Mike Linehan,0.47600000000000003,below_threshold
2019,51389,N TEXAS,Khairi Muhammad,0.525,below_threshold
2019,56122,N TEXAS,Cam Johnson,0.7083333333333335,below_threshold
2019,56766,N TEXAS,Dion Novil,0.51,below_threshold
2019,58060,N TEXAS,Chris Thornton,0.6538461538461537,below_threshold
2019,60707,N TEXAS,Tyreke Davis,0.50375,below_threshold
2019,60708,N TEXAS,Makyle Sanders,0.5958333333333332,below_threshold
2019,81340,N TEXAS,K.D. Davis,0.72675,below_threshold
2019,81342,N TEXAS,Larry Nixon III,0.425,below_threshold
2019,82356,N TEXAS,Dayton LeBlanc,0.4533333333333333,below_threshold
2019,82358,N TEXAS,Tuulau Sa'afi,0.38759999999999994,below_threshold
2019,82359,N TEXAS,Caleb Colvin,0.544,below_threshold
2019,83022,N TEXAS,Dominique Harrison,0.5831578947368421,below_threshold
2019,83337,N TEXAS,Keelan Crosby,0.44551724137931026,below_threshold
2019,83862,N TEXAS,Alex Morris,0.5710416666666667,below_threshold
2019,83863,N TEXAS,Jaxon Gibbs,0.46142857142857135,below_threshold
2019,100680,N TEXAS,DeShawn Gaddie Jr.,0.6275862068965518,below_threshold
2019,100681,N TEXAS,Leandre Davis,0.5167999999999999,below_threshold
2019,100682,N TEXAS,Quinn Whitlock,0.4103448275862069,below_threshold
2019,100707,N TEXAS,Asher Frow,0.48571428571428565,below_threshold
2019,100709,N TEXAS,Kenneth Dotson,0.5275862068965518,below_threshold
2019,100748,N TEXAS,Kevin Wood,0.559,below_threshold
2019,27804,N TEXAS,Taylor Robinson,0.6230769230769231,below_threshold
2019,35142,N TEXAS,Jamie King,0.5173913043478261,below_threshold
2019,35452,N TEXAS,William LeMasters,0.5688709677419354,below_threshold
2019,43676,N TEXAS,Joe Ozougwu,0.3695652173913043,below_threshold
2019,49476,N TEXAS,Nick Harvey,0.40375,below_threshold
2019,50192,N TEXAS,La'Darius Hamilton,0.48571428571428565,below_threshold
2019,50374,N TEXAS,Jameel Moore,0.5913043478260869,below_threshold
2019,50915,N TEXAS,Mike Linehan,0.47600000000000003,below_threshold
2019,51389,N TEXAS,Khairi Muhammad,0.525,below_threshold
2019,56122,N TEXAS,Cam Johnson,0.7083333333333335,below_threshold
2019,60707,N TEXAS,Tyreke Davis,0.50375,below_threshold
2019,60708,N TEXAS,Makyle Sanders,0.5958333333333332,below_threshold
2019,81340,N TEXAS,K.D. Davis,0.72675,below_threshold
2019,81342,N TEXAS,Larry Nixon III,0.425,below_threshold
2019,83022,N TEXAS,Dominique Harrison,0.5831578947368421,below_threshold
2019,83337,N TEXAS,Keelan Crosby,0.44551724137931026,below_threshold
2019,83862,N TEXAS,Alex Morris,0.5710416666666667,below_threshold
2019,83863,N TEXAS,Jaxon Gibbs,0.46142857142857135,below_threshold
2019,89099,N TEXAS,Gabriel Murphy,0.6275862068965518,below_threshold
2019,100680,N TEXAS,DeShawn Gaddie Jr.,0.6275862068965518,below_threshold
2019,100682,N TEXAS,Quinn Whitlock,0.4103448275862069,below_threshold
2019,100748,N TEXAS,Kevin Wood,0.559,below_threshold
2019,27804,N TEXAS,Taylor Robinson,0.6230769230769231,below_threshold
2019,35142,N TEXAS,Jamie King,0.5173913043478261,below_threshold
2019,35452,N TEXAS,William LeMasters,0.5688709677419354,below_threshold
2019,36268,N TEXAS,Darrian McMillan,0.5103448275862069,below_threshold
2019,38294,N TEXAS,Bryce English,0.5037037037037037,below_threshold
2019,43676,N TEXAS,Joe Ozougwu,0.3695652173913043,below_threshold
2019,49476,N TEXAS,Nick Harvey,0.40375,below_threshold
2019,50192,N TEXAS,La'Darius Hamilton,0.48571428571428565,below_threshold
2019,50374,N TEXAS,Jameel Moore,0.5913043478260869,below_threshold
2019,50915,N TEXAS,Mike Linehan,0.47600000000000003,below_threshold
2019,51389,N TEXAS,Khairi Muhammad,0.525,below_threshold
2019,56122,N TEXAS,Cam Johnson,0.7083333333333335,below_threshold
2019,56766,N TEXAS,Dion Novil,0.51,below_threshold
2019,58060,N TEXAS,Chris Thornton,0.6538461538461537,below_threshold
2019,60707,N TEXAS,Tyreke Davis,0.50375,below_threshold
2019,60708,N TEXAS,Makyle Sanders,0.5958333333333332,below_threshold
2019,81340,N TEXAS,K.D. Davis,0.72675,below_threshold
2019,81342,N TEXAS,Larry Nixon III,0.425,below_threshold
2019,82356,N TEXAS,Dayton LeBlanc,0.4533333333333333,below_threshold
2019,82358,N TEXAS,Tuulau Sa'afi,0.38759999999999994,below_threshold
2019,82359,N TEXAS,Caleb Colvin,0.544,below_threshold
2019,83022,N TEXAS,Dominique Harrison,0.5831578947368421,below_threshold
2019,83337,N TEXAS,Keelan Crosby,0.44551724137931026,below_threshold
2019,83862,N TEXAS,Alex Morris,0.5710416666666667,below_threshold
2019,83863,N TEXAS,Jaxon Gibbs,0.46142857142857135,below_threshold
2019,89099,N TEXAS,Gabriel Murphy,0.6275862068965518,below_threshold
2019,100680,N TEXAS,DeShawn Gaddie Jr.,0.6275862068965518,below_threshold
2019,100681,N TEXAS,Leandre Davis,0.5167999999999999,below_threshold
2019,100682,N TEXAS,Quinn Whitlock,0.4103448275862069,below_threshold
2019,100707,N TEXAS,Asher Frow,0.48571428571428565,below_threshold
2019,100709,N TEXAS,Kenneth Dotson,0.5275862068965518,below_threshold
2019,100748,N TEXAS,Kevin Wood,0.559,below_threshold
2019,81891,UTAH,Braeden Daniels,0.85,below_threshold
2019,71385,UTAH,Cam Gardner,0.8192307692307692,below_threshold
2019,78123,W VIRGINIA,Sam James,0.48571428571428565,below_threshold
2019,47741,W VIRGINIA,T.J. Simmons,0.51,below_threshold
2019,40095,W VIRGINIA,Kennedy McKoy,0.4576923076923077,below_threshold
2019,34785,W VIRGINIA,George Campbell,0.51,below_threshold
2019,78030,W VIRGINIA,Sean Ryan,0.5666666666666668,below_threshold
2019,145344,W VIRGINIA,Ali Jennings,0.425,below_threshold
2019,88318,W VIRGINIA,Isaiah Esdale,0.508,below_threshold
2019,99537,W VIRGINIA,Winston Wright Jr.,0.5407407407407409,below_threshold
2019,77766,W VIRGINIA,Leddie Brown,0.544,below_threshold
2019,78127,W VIRGINIA,Bryce Ford-Wheaton,0.72675,below_threshold
2019,57475,W VIRGINIA,Tevin Bush,0.46363636363636357,below_threshold
2019,77925,W VIRGINIA,Mike O'Laughlin,0.82675,below_threshold
2019,57476,W VIRGINIA,Alec Sinkfield,0.47600000000000003,below_threshold
2019,41005,W VIRGINIA,Jovani Haskins,0.5666666666666668,below_threshold
2019,40633,W VIRGINIA,Martell Pettaway,0.5275862068965518,below_threshold
2019,99481,W VIRGINIA,Tony Mathis Jr.,0.5958333333333332,below_threshold
2019,78120,W VIRGINIA,Randy Fields Jr.,0.5760000000000001,below_threshold
2019,42508,W VIRGINIA,Dante Bonamico,0.5857142857142856,below_threshold
2019,44055,W VIRGINIA,Logan Thimons,0.6230769230769231,below_threshold
2019,77766,W VIRGINIA,Leddie Brown,0.544,below_threshold
2019,40095,W VIRGINIA,Kennedy McKoy,0.4576923076923077,below_threshold
2019,40056,W VIRGINIA,Austin Kendall,0.5464285714285714,below_threshold
2019,40633,W VIRGINIA,Martell Pettaway,0.5275862068965518,below_threshold
2019,57476,W VIRGINIA,Alec Sinkfield,0.47600000000000003,below_threshold
2019,60353,W VIRGINIA,Jarret Doege,0.49583333333333324,below_threshold
2019,78123,W VIRGINIA,Sam James,0.48571428571428565,below_threshold
2019,99481,W VIRGINIA,Tony Mathis Jr.,0.5958333333333332,below_threshold
2019,57475,W VIRGINIA,Tevin Bush,0.46363636363636357,below_threshold
2019,77669,W VIRGINIA,Trey Lowe,0.475,below_threshold
2019,39875,W VIRGINIA,Jack Allison,0.5230769230769231,below_threshold
2019,77767,W VIRGINIA,Lorenzo Dorr,0.4710416666666667,below_threshold
2019,78030,W VIRGINIA,Sean Ryan,0.5666666666666668,below_threshold
2019,47741,W VIRGINIA,T.J. Simmons,0.51,below_threshold
2019,99537,W VIRGINIA,Winston Wright Jr.,0.5407407407407409,below_threshold
2019,27371,W VIRGINIA,Reuben Jones,0.5450625,below_threshold
2019,28076,W VIRGINIA,Josh Norwood,0.544,below_threshold
2019,29316,W VIRGINIA,Stone Wolfley,0.5230769230769231,below_threshold
2019,29368,W VIRGINIA,Zach Sandwisch,0.4576923076923077,below_threshold
2019,33714,W VIRGINIA,Shea Campbell,0.49583333333333324,below_threshold
2019,34228,W VIRGINIA,Deamonte Lindsay,0.5275862068965518,below_threshold
2019,41961,W VIRGINIA,Dylan Tonkery,0.5760000000000001,below_threshold
2019,43001,W VIRGINIA,JoVanni Stewart,0.5383333333333332,below_threshold
2019,43146,W VIRGINIA,Sean Mahone,0.6476190476190475,below_threshold
2019,43703,W VIRGINIA,Reese Donahue,0.48449999999999993,below_threshold
2019,44468,W VIRGINIA,Brenon Thrift,0.5884615384615385,below_threshold
2019,44627,W VIRGINIA,Jeffery Pooler Jr.,0.425,below_threshold
2019,56348,W VIRGINIA,Taijh Alston,0.4434782608695652,below_threshold
2019,56933,W VIRGINIA,Darius Stills,0.544,below_threshold
2019,57677,W VIRGINIA,Vandarius Cowan,0.51,below_threshold
2019,58280,W VIRGINIA,Quondarius Qualls,0.5371428571428571,below_threshold
2019,60790,W VIRGINIA,Exree Loe,0.525,below_threshold
2019,76937,W VIRGINIA,Dante Stills,0.5230769230769231,below_threshold
2019,77214,W VIRGINIA,Josh Chandler-Semedo,0.82675,below_threshold
2019,77851,W VIRGINIA,Kwantel Raines,0.5037037037037037,below_threshold
2019,97473,W VIRGINIA,Kerry Martin Jr.,0.5383333333333332,below_threshold
2019,99325,W VIRGINIA,Jordan Jefferson,0.5700000000000001,below_threshold
2019,99374,W VIRGINIA,Jared Bartlett,0.4749999999999999,below_threshold
2019,99499,W VIRGINIA,Noah Guzman,0.5636363636363636,below_threshold
2019,99500,W VIRGINIA,Tykee Smith,0.6173913043478261,below_threshold
2019,77575,VIRGINIA,Robert Haskins,0.6296296296296297,below_threshold
2019,36313,W VIRGINIA,Kelby Wickline,0.408,below_threshold
2019,29314,W VIRGINIA,Colton McKivitz,0.425,below_threshold
2019,43963,W VIRGINIA,Chase Behrndt,0.5407407407407409,below_threshold
2019,76932,W VIRGINIA,James Gmiter,0.4407407407407408,below_threshold
2019,77469,W VIRGINIA,Briason Mays,0.544,below_threshold
2019,77467,W VIRGINIA,Michael Brown,0.5230769230769231,below_threshold
2019,78123,W VIRGINIA,Sam James,0.48571428571428565,below_threshold
2019,40056,W VIRGINIA,Austin Kendall,0.5464285714285714,below_threshold
2019,47741,W VIRGINIA,T.J. Simmons,0.51,below_threshold
2019,77925,W VIRGINIA,Mike O'Laughlin,0.82675,below_threshold
2019,41748,W VIRGINIA,Josh Sills,0.51,below_threshold
2019,78030,W VIRGINIA,Sean Ryan,0.5666666666666668,below_threshold
2019,99420,W VIRGINIA,John Hughes,0.48571428571428565,below_threshold
2019,34785,W VIRGINIA,George Campbell,0.51,below_threshold
2019,145344,W VIRGINIA,Ali Jennings,0.425,below_threshold
2019,44055,W VIRGINIA,Logan Thimons,0.6230769230769231,below_threshold
2019,41005,W VIRGINIA,Jovani Haskins,0.5666666666666668,below_threshold
2019,78127,W VIRGINIA,Bryce Ford-Wheaton,0.72675,below_threshold
2019,88318,W VIRGINIA,Isaiah Esdale,0.508,below_threshold
2019,60353,W VIRGINIA,Jarret Doege,0.49583333333333324,below_threshold
2019,40095,W VIRGINIA,Kennedy McKoy,0.4576923076923077,below_threshold
2019,99537,W VIRGINIA,Winston Wright Jr.,0.5407407407407409,below_threshold
2019,77766,W VIRGINIA,Leddie Brown,0.544,below_threshold
2019,39875,W VIRGINIA,Jack Allison,0.5230769230769231,below_threshold
2019,40633,W VIRGINIA,Martell Pettaway,0.5275862068965518,below_threshold
2019,57476,W VIRGINIA,Alec Sinkfield,0.47600000000000003,below_threshold
2019,57475,W VIRGINIA,Tevin Bush,0.46363636363636357,below_threshold
2019,77923,W VIRGINIA,T.J. Banks,0.6666666666666667,below_threshold
2019,78120,W VIRGINIA,Randy Fields Jr.,0.5760000000000001,below_threshold
2019,77471,W VIRGINIA,Junior Uzebu,0.425,below_threshold
2019,77669,W VIRGINIA,Trey Lowe,0.475,below_threshold
2019,56947,W VIRGINIA,Jackson Knipper,0.5981481481481481,below_threshold
2019,99481,W VIRGINIA,Tony Mathis Jr.,0.5958333333333332,below_threshold
2019,34769,W VIRGINIA,Rex Sunahara,0.4434782608695652,below_threshold
2019,77470,W VIRGINIA,Adam Stilley,0.46363636363636357,below_threshold
2019,77546,W VIRGINIA,Blaine Scott,0.5187037037037038,below_threshold
2019,76931,W VIRGINIA,Sam Cookman,0.44045454545454543,below_threshold
2019,44672,W VIRGINIA,Evan Staley,0.5666666666666668,below_threshold
2019,77212,W VIRGINIA,Jake Abbott,0.46363636363636357,below_threshold
2019,77214,W VIRGINIA,Josh Chandler-Semedo,0.82675,below_threshold
2019,29316,W VIRGINIA,Stone Wolfley,0.5230769230769231,below_threshold
2019,60790,W VIRGINIA,Exree Loe,0.525,below_threshold
2019,43146,W VIRGINIA,Sean Mahone,0.6476190476190475,below_threshold
2019,40056,W VIRGINIA,Austin Kendall,0.5464285714285714,below_threshold
2019,60353,W VIRGINIA,Jarret Doege,0.49583333333333324,below_threshold
2019,39875,W VIRGINIA,Jack Allison,0.5230769230769231,below_threshold
2019,77669,W VIRGINIA,Trey Lowe,0.475,below_threshold
2019,39328,W VIRGINIA,Josh Growden,0.5409090909090909,below_threshold
2019,88318,W VIRGINIA,Isaiah Esdale,0.508,below_threshold
2019,27371,W VIRGINIA,Reuben Jones,0.5450625,below_threshold
2019,28076,W VIRGINIA,Josh Norwood,0.544,below_threshold
2019,29316,W VIRGINIA,Stone Wolfley,0.5230769230769231,below_threshold
2019,29368,W VIRGINIA,Zach Sandwisch,0.4576923076923077,below_threshold
2019,33415,W VIRGINIA,Keith Washington Jr.,0.525,below_threshold
2019,33714,W VIRGINIA,Shea Campbell,0.49583333333333324,below_threshold
2019,34228,W VIRGINIA,Deamonte Lindsay,0.5275862068965518,below_threshold
2019,34785,W VIRGINIA,George Campbell,0.51,below_threshold
2019,41961,W VIRGINIA,Dylan Tonkery,0.5760000000000001,below_threshold
2019,42387,W VIRGINIA,Jake Long,0.61,below_threshold
2019,42508,W VIRGINIA,Dante Bonamico,0.5857142857142856,below_threshold
2019,43001,W VIRGINIA,JoVanni Stewart,0.5383333333333332,below_threshold
2019,43146,W VIRGINIA,Sean Mahone,0.6476190476190475,below_threshold
2019,43300,W VIRGINIA,Osman Kamara,0.46363636363636357,below_threshold
2019,43703,W VIRGINIA,Reese Donahue,0.48449999999999993,below_threshold
2019,44055,W VIRGINIA,Logan Thimons,0.6230769230769231,below_threshold
2019,44468,W VIRGINIA,Brenon Thrift,0.5884615384615385,below_threshold
2019,44627,W VIRGINIA,Jeffery Pooler Jr.,0.425,below_threshold
2019,55746,W VIRGINIA,Hakeem Bailey,0.5617391304347825,below_threshold
2019,56348,W VIRGINIA,Taijh Alston,0.4434782608695652,below_threshold
2019,56933,W VIRGINIA,Darius Stills,0.544,below_threshold
2019,57476,W VIRGINIA,Alec Sinkfield,0.47600000000000003,below_threshold
2019,57677,W VIRGINIA,Vandarius Cowan,0.51,below_threshold
2019,58280,W VIRGINIA,Quondarius Qualls,0.5371428571428571,below_threshold
2019,60790,W VIRGINIA,Exree Loe,0.525,below_threshold
2019,76937,W VIRGINIA,Dante Stills,0.5230769230769231,below_threshold
2019,77212,W VIRGINIA,Jake Abbott,0.46363636363636357,below_threshold
2019,77214,W VIRGINIA,Josh Chandler-Semedo,0.82675,below_threshold
2019,77851,W VIRGINIA,Kwantel Raines,0.5037037037037037,below_threshold
2019,91249,W VIRGINIA,Devan Wade,0.51,below_threshold
2019,97231,W VIRGINIA,Tavian Mayo,0.4868181818181818,below_threshold
2019,97469,W VIRGINIA,Nicktroy Fortune,0.61,below_threshold
2019,97473,W VIRGINIA,Kerry Martin Jr.,0.5383333333333332,below_threshold
2019,99325,W VIRGINIA,Jordan Jefferson,0.5700000000000001,below_threshold
2019,99374,W VIRGINIA,Jared Bartlett,0.4749999999999999,below_threshold
2019,99499,W VIRGINIA,Noah Guzman,0.5636363636363636,below_threshold
2019,99500,W VIRGINIA,Tykee Smith,0.6173913043478261,below_threshold
2019,27371,W VIRGINIA,Reuben Jones,0.5450625,below_threshold
2019,28076,W VIRGINIA,Josh Norwood,0.544,below_threshold
2019,29368,W VIRGINIA,Zach Sandwisch,0.4576923076923077,below_threshold
2019,33415,W VIRGINIA,Keith Washington Jr.,0.525,below_threshold
2019,33714,W VIRGINIA,Shea Campbell,0.49583333333333324,below_threshold
2019,34228,W VIRGINIA,Deamonte Lindsay,0.5275862068965518,below_threshold
2019,34785,W VIRGINIA,George Campbell,0.51,below_threshold
2019,41961,W VIRGINIA,Dylan Tonkery,0.5760000000000001,below_threshold
2019,42387,W VIRGINIA,Jake Long,0.61,below_threshold
2019,42508,W VIRGINIA,Dante Bonamico,0.5857142857142856,below_threshold
2019,43001,W VIRGINIA,JoVanni Stewart,0.5383333333333332,below_threshold
2019,43146,W VIRGINIA,Sean Mahone,0.6476190476190475,below_threshold
2019,44468,W VIRGINIA,Brenon Thrift,0.5884615384615385,below_threshold
2019,44627,W VIRGINIA,Jeffery Pooler Jr.,0.425,below_threshold
2019,55746,W VIRGINIA,Hakeem Bailey,0.5617391304347825,below_threshold
2019,56933,W VIRGINIA,Darius Stills,0.544,below_threshold
2019,57677,W VIRGINIA,Vandarius Cowan,0.51,below_threshold
2019,58280,W VIRGINIA,Quondarius Qualls,0.5371428571428571,below_threshold
2019,60790,W VIRGINIA,Exree Loe,0.525,below_threshold
2019,77212,W VIRGINIA,Jake Abbott,0.46363636363636357,below_threshold
2019,77214,W VIRGINIA,Josh Chandler-Semedo,0.82675,below_threshold
2019,77851,W VIRGINIA,Kwantel Raines,0.5037037037037037,below_threshold
2019,91249,W VIRGINIA,Devan Wade,0.51,below_threshold
2019,97231,W VIRGINIA,Tavian Mayo,0.4868181818181818,below_threshold
2019,97469,W VIRGINIA,Nicktroy Fortune,0.61,below_threshold
2019,97473,W VIRGINIA,Kerry Martin Jr.,0.5383333333333332,below_threshold
2019,99374,W VIRGINIA,Jared Bartlett,0.4749999999999999,below_threshold
2019,99499,W VIRGINIA,Noah Guzman,0.5636363636363636,below_threshold
2019,99500,W VIRGINIA,Tykee Smith,0.6173913043478261,below_threshold
2019,27371,W VIRGINIA,Reuben Jones,0.5450625,below_threshold
2019,28076,W VIRGINIA,Josh Norwood,0.544,below_threshold
2019,29316,W VIRGINIA,Stone Wolfley,0.5230769230769231,below_threshold
2019,29368,W VIRGINIA,Zach Sandwisch,0.4576923076923077,below_threshold
2019,33415,W VIRGINIA,Keith Washington Jr.,0.525,below_threshold
2019,33714,W VIRGINIA,Shea Campbell,0.49583333333333324,below_threshold
2019,34228,W VIRGINIA,Deamonte Lindsay,0.5275862068965518,below_threshold
2019,34785,W VIRGINIA,George Campbell,0.51,below_threshold
2019,41961,W VIRGINIA,Dylan Tonkery,0.5760000000000001,below_threshold
2019,42387,W VIRGINIA,Jake Long,0.61,below_threshold
2019,42508,W VIRGINIA,Dante Bonamico,0.5857142857142856,below_threshold
2019,43001,W VIRGINIA,JoVanni Stewart,0.5383333333333332,below_threshold
2019,43146,W VIRGINIA,Sean Mahone,0.6476190476190475,below_threshold
2019,43300,W VIRGINIA,Osman Kamara,0.46363636363636357,below_threshold
2019,43703,W VIRGINIA,Reese Donahue,0.48449999999999993,below_threshold
2019,44055,W VIRGINIA,Logan Thimons,0.6230769230769231,below_threshold
2019,44468,W VIRGINIA,Brenon Thrift,0.5884615384615385,below_threshold
2019,44627,W VIRGINIA,Jeffery Pooler Jr.,0.425,below_threshold
2019,55746,W VIRGINIA,Hakeem Bailey,0.5617391304347825,below_threshold
2019,56348,W VIRGINIA,Taijh Alston,0.4434782608695652,below_threshold
2019,56933,W VIRGINIA,Darius Stills,0.544,below_threshold
2019,57476,W VIRGINIA,Alec Sinkfield,0.47600000000000003,below_threshold
2019,57677,W VIRGINIA,Vandarius Cowan,0.51,below_threshold
2019,58280,W VIRGINIA,Quondarius Qualls,0.5371428571428571,below_threshold
2019,60790,W VIRGINIA,Exree Loe,0.525,below_threshold
2019,76937,W VIRGINIA,Dante Stills,0.5230769230769231,below_threshold
2019,77212,W VIRGINIA,Jake Abbott,0.46363636363636357,below_threshold
2019,77214,W VIRGINIA,Josh Chandler-Semedo,0.82675,below_threshold
2019,77851,W VIRGINIA,Kwantel Raines,0.5037037037037037,below_threshold
2019,91249,W VIRGINIA,Devan Wade,0.51,below_threshold
2019,97231,W VIRGINIA,Tavian Mayo,0.4868181818181818,below_threshold
2019,97469,W VIRGINIA,Nicktroy Fortune,0.61,below_threshold
2019,97473,W VIRGINIA,Kerry Martin Jr.,0.5383333333333332,below_threshold
2019,99325,W VIRGINIA,Jordan Jefferson,0.5700000000000001,below_threshold
2019,99374,W VIRGINIA,Jared Bartlett,0.4749999999999999,below_threshold
2019,99499,W VIRGINIA,Noah Guzman,0.5636363636363636,below_threshold
2019,99500,W VIRGINIA,Tykee Smith,0.6173913043478261,below_threshold
2019,36668,WASHINGTON,Josiah Bronson,0.85,below_threshold
2019,58272,WASHINGTON,Joe Tryon-Shoyinka,0.765,below_threshold
2019,97475,WASHINGTON,Cameron Williams,0.8285714285714286,below_threshold
2019,58272,WASHINGTON,Joe Tryon-Shoyinka,0.765,below_threshold
2019,36668,WASHINGTON,Josiah Bronson,0.85,below_threshold
2019,58272,WASHINGTON,Joe Tryon-Shoyinka,0.765,below_threshold
2019,97475,WASHINGTON,Cameron Williams,0.8285714285714286,below_threshold
2019,36668,WASHINGTON,Josiah Bronson,0.85,below_threshold
2019,58272,WASHINGTON,Joe Tryon-Shoyinka,0.765,below_threshold
2019,97475,WASHINGTON,Cameron Williams,0.8285714285714286,below_threshold
2019,36668,WASHINGTON,Josiah Bronson,0.85,below_threshold
2019,58272,WASHINGTON,Joe Tryon-Shoyinka,0.765,below_threshold
2019,97475,WASHINGTON,Cameron Williams,0.8285714285714286,below_threshold
2019,100846,MARSHALL,E.J. Jackson,0.9095238095238093,below_threshold
2019,100846,MARSHALL,E.J. Jackson,0.9095238095238093,below_threshold
2019,100846,MARSHALL,E.J. Jackson,0.9095238095238093,below_threshold
2019,97273,FRESNO ST,Jalen Cropper,0.82675,below_threshold
2019,97273,FRESNO ST,Jalen Cropper,0.82675,below_threshold
2019,97273,FRESNO ST,Jalen Cropper,0.82675,below_threshold
2019,97273,FRESNO ST,Jalen Cropper,0.82675,below_threshold
2019,42645,DOMINION,Joe Headen,0.9075,below_threshold
2019,57022,DOMINION,Cameron Washington,0.74375,below_threshold
2019,81498,DOMINION,Broughton Hatcher,0.82675,below_threshold
2019,42645,DOMINION,Joe Headen,0.9075,below_threshold
2019,57022,DOMINION,Cameron Washington,0.74375,below_threshold
2019,42645,DOMINION,Joe Headen,0.9075,below_threshold
2019,42645,DOMINION,Joe Headen,0.9075,below_threshold
2019,57022,DOMINION,Cameron Washington,0.74375,below_threshold
2019,83953,COAST CAR,Pat McSweeney,0.8366666666666667,below_threshold
2019,83953,COAST CAR,Pat McSweeney,0.8366666666666667,below_threshold
2019,61812,WASH STATE,Easop Winston Jr.,0.47600000000000003,below_threshold
2019,42120,WASH STATE,Brandon Arconado,0.6071428571428571,below_threshold
2019,83802,WASH STATE,Max Borghi,0.41528571428571426,below_threshold
2019,48329,WASH STATE,Dezmon Patmon,0.5958333333333332,below_threshold
2019,42089,WASH STATE,Renard Bell,0.508,below_threshold
2019,61811,WASH STATE,Tay Martin,0.5958333333333332,below_threshold
2019,61810,WASH STATE,Travell Harris,0.6296296296296297,below_threshold
2019,84509,WASH STATE,Rodrick Fisher,0.4407407407407408,below_threshold
2019,41088,WASH STATE,Deon McIntosh,0.48571428571428565,below_threshold
2019,84508,WASH STATE,Calvin Jackson Jr.,0.5862068965517242,below_threshold
2019,84507,WASH STATE,Kassidy Woods,0.5037037037037037,below_threshold
2019,84506,WASH STATE,Brandon Gray,0.6375,below_threshold
2019,83802,WASH STATE,Max Borghi,0.41528571428571426,below_threshold
2019,40119,WASH STATE,Anthony Gordon,0.46142857142857135,below_threshold
2019,41088,WASH STATE,Deon McIntosh,0.48571428571428565,below_threshold
2019,57095,WASH STATE,Clay Markoff,0.525,below_threshold
2019,26351,WASH STATE,Gage Gubrud,0.40476190476190466,below_threshold
2019,39874,WASH STATE,Trey Tinsley,0.5576923076923077,below_threshold
2019,36210,WASH STATE,Tristan Brock,0.47600000000000003,below_threshold
2019,42814,WASH STATE,Marcus Strong,0.47600000000000003,below_threshold
2019,42865,WASH STATE,Justus Rogers,0.5700000000000001,below_threshold
2019,42896,WASH STATE,Jahad Woods,0.5760000000000001,below_threshold
2019,43418,WASH STATE,Skyler Thomas,0.5913043478260869,below_threshold
2019,43647,WASH STATE,Daniel Isom,0.5913043478260869,below_threshold
2019,44461,WASH STATE,Dillon Sherman,0.48449999999999993,below_threshold
2019,50041,UTAH ST,Christopher 'Unga,0.85,below_threshold
2019,50570,WASH STATE,Nnamdi Oguayo,0.4576923076923077,below_threshold
2019,55744,WASH STATE,George Hicks III,0.46363636363636357,below_threshold
2019,56292,WASH STATE,Armani Marsh,0.5958333333333332,below_threshold
2019,56478,WASH STATE,Christian Mejia,0.605625,below_threshold
2019,56479,WASH STATE,Will Rodgers,0.42130434782608694,below_threshold
2019,56481,WASH STATE,Dallas Hobbs,0.40375,below_threshold
2019,56934,WASH STATE,Lamonte Mcdougle,0.4371428571428571,below_threshold
2019,58274,WASH STATE,Fa'Avae Fa'Avae,0.5371428571428571,below_threshold
2019,58278,WASH STATE,Willie Taylor III,0.51,below_threshold
2019,58279,WASH STATE,Karson Block,0.49583333333333324,below_threshold
2019,81989,WASH STATE,Ron Stone Jr.,0.5666666666666668,below_threshold
2019,81990,WASH STATE,Hank Pladson,0.49583333333333324,below_threshold
2019,82470,WASH STATE,Michael Van Beek,0.5483870967741935,below_threshold
2019,82472,WASH STATE,Jesus Echevarria,0.4407407407407408,below_threshold
2019,82473,WASH STATE,Misiona Aiolupotea-Pei,0.4868181818181818,below_threshold
2019,82474,WASH STATE,Brennan Jackson,0.5767857142857143,below_threshold
2019,82475,WASH STATE,Ahmir Crowder,0.47600000000000003,below_threshold
2019,83457,WASH STATE,Pat Nunn,0.45421875,below_threshold
2019,83910,WASH STATE,Tyrese Ross,0.48452380952380947,below_threshold
2019,98170,WASH STATE,Tre Brown,0.48571428571428565,below_threshold
2019,98592,WASH STATE,Derrick Langford,0.51,below_threshold
2019,98616,WASH STATE,Bryce Beekman,0.5138636363636363,below_threshold
2019,100400,WASH STATE,Trey Davis,0.5857142857142856,below_threshold
2019,100428,WASH STATE,Cosmas Kwete,0.4434782608695652,below_threshold
2019,100430,WASH STATE,Nicholas Sheetz,0.425,below_threshold
2019,100493,WASH STATE,Rocky Katoanga,0.4576923076923077,below_threshold
2019,60218,WASH STATE,Abraham Lucas,0.39230769230769225,below_threshold
2019,41677,WASH STATE,Josh Watson,0.5409090909090909,below_threshold
2019,41618,WASH STATE,Liam Ryan,0.4371428571428571,below_threshold
2019,41388,WASH STATE,Frederick Mauigoa,0.5857142857142856,below_threshold
2019,60221,WASH STATE,Robert Valencia,0.45,below_threshold
2019,81897,UTAH ST,Heneli Bloomfield,0.47812499999999997,below_threshold
2019,40119,WASH STATE,Anthony Gordon,0.46142857142857135,below_threshold
2019,61811,WASH STATE,Tay Martin,0.5958333333333332,below_threshold
2019,42089,WASH STATE,Renard Bell,0.508,below_threshold
2019,61810,WASH STATE,Travell Harris,0.6296296296296297,below_threshold
2019,83802,WASH STATE,Max Borghi,0.41528571428571426,below_threshold
2019,81933,WASH STATE,Jarrett Kingston,0.51,below_threshold
2019,61812,WASH STATE,Easop Winston Jr.,0.47600000000000003,below_threshold
2019,42120,WASH STATE,Brandon Arconado,0.6071428571428571,below_threshold
2019,48329,WASH STATE,Dezmon Patmon,0.5958333333333332,below_threshold
2019,41088,WASH STATE,Deon McIntosh,0.48571428571428565,below_threshold
2019,84509,WASH STATE,Rodrick Fisher,0.4407407407407408,below_threshold
2019,60220,WASH STATE,Brian Greene,0.5037037037037037,below_threshold
2019,81934,WASH STATE,Cade Beresford,0.48571428571428565,below_threshold
2019,84507,WASH STATE,Kassidy Woods,0.5037037037037037,below_threshold
2019,84508,WASH STATE,Calvin Jackson Jr.,0.5862068965517242,below_threshold
2019,81931,WASH STATE,Hunter Mayginnes,0.5700000000000001,below_threshold
2019,57095,WASH STATE,Clay Markoff,0.525,below_threshold
2019,84506,WASH STATE,Brandon Gray,0.6375,below_threshold
2019,84510,WASH STATE,Mitchell Quinn,0.5275862068965518,below_threshold
2019,39874,WASH STATE,Trey Tinsley,0.5576923076923077,below_threshold
2019,26351,WASH STATE,Gage Gubrud,0.40476190476190466,below_threshold
2019,60224,WASH STATE,Seth Yost,0.48571428571428565,below_threshold
2019,84505,WASH STATE,Lucas Bacon,0.4710416666666667,below_threshold
2019,81523,WASH STATE,Tyler Williams,0.68,below_threshold
2019,40119,WASH STATE,Anthony Gordon,0.46142857142857135,below_threshold
2019,26351,WASH STATE,Gage Gubrud,0.40476190476190466,below_threshold
2019,39874,WASH STATE,Trey Tinsley,0.5576923076923077,below_threshold
2019,36210,WASH STATE,Tristan Brock,0.47600000000000003,below_threshold
2019,42814,WASH STATE,Marcus Strong,0.47600000000000003,below_threshold
2019,42865,WASH STATE,Justus Rogers,0.5700000000000001,below_threshold
2019,42896,WASH STATE,Jahad Woods,0.5760000000000001,below_threshold
2019,43418,WASH STATE,Skyler Thomas,0.5913043478260869,below_threshold
2019,43647,WASH STATE,Daniel Isom,0.5913043478260869,below_threshold
2019,44461,WASH STATE,Dillon Sherman,0.48449999999999993,below_threshold
2019,50041,UTAH ST,Christopher 'Unga,0.85,below_threshold
2019,50570,WASH STATE,Nnamdi Oguayo,0.4576923076923077,below_threshold
2019,55744,WASH STATE,George Hicks III,0.46363636363636357,below_threshold
2019,56292,WASH STATE,Armani Marsh,0.5958333333333332,below_threshold
2019,56478,WASH STATE,Christian Mejia,0.605625,below_threshold
2019,56479,WASH STATE,Will Rodgers,0.42130434782608694,below_threshold
2019,56481,WASH STATE,Dallas Hobbs,0.40375,below_threshold
2019,56934,WASH STATE,Lamonte Mcdougle,0.4371428571428571,below_threshold
2019,58274,WASH STATE,Fa'Avae Fa'Avae,0.5371428571428571,below_threshold
2019,58278,WASH STATE,Willie Taylor III,0.51,below_threshold
2019,58279,WASH STATE,Karson Block,0.49583333333333324,below_threshold
2019,81989,WASH STATE,Ron Stone Jr.,0.5666666666666668,below_threshold
2019,81990,WASH STATE,Hank Pladson,0.49583333333333324,below_threshold
2019,82470,WASH STATE,Michael Van Beek,0.5483870967741935,below_threshold
2019,82472,WASH STATE,Jesus Echevarria,0.4407407407407408,below_threshold
2019,82473,WASH STATE,Misiona Aiolupotea-Pei,0.4868181818181818,below_threshold
2019,82474,WASH STATE,Brennan Jackson,0.5767857142857143,below_threshold
2019,82475,WASH STATE,Ahmir Crowder,0.47600000000000003,below_threshold
2019,83457,WASH STATE,Pat Nunn,0.45421875,below_threshold
2019,83910,WASH STATE,Tyrese Ross,0.48452380952380947,below_threshold
2019,83913,WASH STATE,Chad Davis Jr.,0.5409090909090909,below_threshold
2019,98170,WASH STATE,Tre Brown,0.48571428571428565,below_threshold
2019,98592,WASH STATE,Derrick Langford,0.51,below_threshold
2019,98593,WASH STATE,Shahman Moore,0.525,below_threshold
2019,98616,WASH STATE,Bryce Beekman,0.5138636363636363,below_threshold
2019,100400,WASH STATE,Trey Davis,0.5857142857142856,below_threshold
2019,100428,WASH STATE,Cosmas Kwete,0.4434782608695652,below_threshold
2019,100430,WASH STATE,Nicholas Sheetz,0.425,below_threshold
2019,42814,WASH STATE,Marcus Strong,0.47600000000000003,below_threshold
2019,42865,WASH STATE,Justus Rogers,0.5700000000000001,below_threshold
2019,42896,WASH STATE,Jahad Woods,0.5760000000000001,below_threshold
2019,43418,WASH STATE,Skyler Thomas,0.5913043478260869,below_threshold
2019,43647,WASH STATE,Daniel Isom,0.5913043478260869,below_threshold
2019,44461,WASH STATE,Dillon Sherman,0.48449999999999993,below_threshold
2019,48329,WASH STATE,Dezmon Patmon,0.5958333333333332,below_threshold
2019,50041,UTAH ST,Christopher 'Unga,0.85,below_threshold
2019,50570,WASH STATE,Nnamdi Oguayo,0.4576923076923077,below_threshold
2019,55744,WASH STATE,George Hicks III,0.46363636363636357,below_threshold
2019,56292,WASH STATE,Armani Marsh,0.5958333333333332,below_threshold
2019,56479,WASH STATE,Will Rodgers,0.42130434782608694,below_threshold
2019,56481,WASH STATE,Dallas Hobbs,0.40375,below_threshold
2019,58274,WASH STATE,Fa'Avae Fa'Avae,0.5371428571428571,below_threshold
2019,58278,WASH STATE,Willie Taylor III,0.51,below_threshold
2019,58279,WASH STATE,Karson Block,0.49583333333333324,below_threshold
2019,81989,WASH STATE,Ron Stone Jr.,0.5666666666666668,below_threshold
2019,81990,WASH STATE,Hank Pladson,0.49583333333333324,below_threshold
2019,82473,WASH STATE,Misiona Aiolupotea-Pei,0.4868181818181818,below_threshold
2019,83457,WASH STATE,Pat Nunn,0.45421875,below_threshold
2019,83910,WASH STATE,Tyrese Ross,0.48452380952380947,below_threshold
2019,83913,WASH STATE,Chad Davis Jr.,0.5409090909090909,below_threshold
2019,98170,WASH STATE,Tre Brown,0.48571428571428565,below_threshold
2019,98592,WASH STATE,Derrick Langford,0.51,below_threshold
2019,98593,WASH STATE,Shahman Moore,0.525,below_threshold
2019,98616,WASH STATE,Bryce Beekman,0.5138636363636363,below_threshold
2019,100400,WASH STATE,Trey Davis,0.5857142857142856,below_threshold
2019,100493,WASH STATE,Rocky Katoanga,0.4576923076923077,below_threshold
2019,36210,WASH STATE,Tristan Brock,0.47600000000000003,below_threshold
2019,42814,WASH STATE,Marcus Strong,0.47600000000000003,below_threshold
2019,42865,WASH STATE,Justus Rogers,0.5700000000000001,below_threshold
2019,42896,WASH STATE,Jahad Woods,0.5760000000000001,below_threshold
2019,43418,WASH STATE,Skyler Thomas,0.5913043478260869,below_threshold
2019,43647,WASH STATE,Daniel Isom,0.5913043478260869,below_threshold
2019,44461,WASH STATE,Dillon Sherman,0.48449999999999993,below_threshold
2019,48329,WASH STATE,Dezmon Patmon,0.5958333333333332,below_threshold
2019,50041,UTAH ST,Christopher 'Unga,0.85,below_threshold
2019,50570,WASH STATE,Nnamdi Oguayo,0.4576923076923077,below_threshold
2019,55744,WASH STATE,George Hicks III,0.46363636363636357,below_threshold
2019,56292,WASH STATE,Armani Marsh,0.5958333333333332,below_threshold
2019,56478,WASH STATE,Christian Mejia,0.605625,below_threshold
2019,56479,WASH STATE,Will Rodgers,0.42130434782608694,below_threshold
2019,56481,WASH STATE,Dallas Hobbs,0.40375,below_threshold
2019,56934,WASH STATE,Lamonte Mcdougle,0.4371428571428571,below_threshold
2019,58274,WASH STATE,Fa'Avae Fa'Avae,0.5371428571428571,below_threshold
2019,58278,WASH STATE,Willie Taylor III,0.51,below_threshold
2019,58279,WASH STATE,Karson Block,0.49583333333333324,below_threshold
2019,81989,WASH STATE,Ron Stone Jr.,0.5666666666666668,below_threshold
2019,81990,WASH STATE,Hank Pladson,0.49583333333333324,below_threshold
2019,82470,WASH STATE,Michael Van Beek,0.5483870967741935,below_threshold
2019,82472,WASH STATE,Jesus Echevarria,0.4407407407407408,below_threshold
2019,82473,WASH STATE,Misiona Aiolupotea-Pei,0.4868181818181818,below_threshold
2019,82474,WASH STATE,Brennan Jackson,0.5767857142857143,below_threshold
2019,82475,WASH STATE,Ahmir Crowder,0.47600000000000003,below_threshold
2019,83457,WASH STATE,Pat Nunn,0.45421875,below_threshold
2019,83910,WASH STATE,Tyrese Ross,0.48452380952380947,below_threshold
2019,83913,WASH STATE,Chad Davis Jr.,0.5409090909090909,below_threshold
2019,98170,WASH STATE,Tre Brown,0.48571428571428565,below_threshold
2019,98592,WASH STATE,Derrick Langford,0.51,below_threshold
2019,98593,WASH STATE,Shahman Moore,0.525,below_threshold
2019,98616,WASH STATE,Bryce Beekman,0.5138636363636363,below_threshold
2019,100400,WASH STATE,Trey Davis,0.5857142857142856,below_threshold
2019,100428,WASH STATE,Cosmas Kwete,0.4434782608695652,below_threshold
2019,100430,WASH STATE,Nicholas Sheetz,0.425,below_threshold
2019,100493,WASH STATE,Rocky Katoanga,0.4576923076923077,below_threshold
2019,61639,S ALABAMA,Kawaan Baker,0.5434782608695652,below_threshold
2019,61637,S ALABAMA,Jalen Tolbert,0.6230769230769231,below_threshold
2019,57401,S ALABAMA,Tra Minter,0.5636363636363636,below_threshold
2019,61638,S ALABAMA,Davyn Flenord,0.47600000000000003,below_threshold
2019,61636,S ALABAMA,Cade Sutherland,0.4387096774193548,below_threshold
2019,61640,S ALABAMA,Jalen Wayne,0.7374999999999999,below_threshold
2019,98028,S ALABAMA,Brandon Crum,0.595,below_threshold
2019,39924,S ALABAMA,Zac Crosby,0.5409090909090909,below_threshold
2019,61421,S ALABAMA,Tre'Veon Hamilton,0.5533333333333333,below_threshold
2019,83755,S ALABAMA,Carlos Davis,0.5767857142857143,below_threshold
2019,40532,S ALABAMA,Khameron Taylor,0.6037037037037036,below_threshold
2019,83753,S ALABAMA,Jared Wilson,0.612,below_threshold
2019,97427,S ALABAMA,Devin Voisin,0.51,below_threshold
2019,83758,S ALABAMA,John Tank Miller Jr.,0.5666666666666668,below_threshold
2019,98718,S ALABAMA,Nick Thompson,0.4103448275862069,below_threshold
2019,102935,S ALABAMA,Jamel Thomas,0.5383333333333332,below_threshold
2019,57401,S ALABAMA,Tra Minter,0.5636363636363636,below_threshold
2019,60530,S ALABAMA,Cephus Johnson III,0.47812499999999997,below_threshold
2019,83755,S ALABAMA,Carlos Davis,0.5767857142857143,below_threshold
2019,83552,S ALABAMA,Desmond Trotter,0.4407407407407408,below_threshold
2019,83753,S ALABAMA,Jared Wilson,0.612,below_threshold
2019,61639,S ALABAMA,Kawaan Baker,0.5434782608695652,below_threshold
2019,98681,S ALABAMA,Tylan Morton,0.5173913043478261,below_threshold
2019,83758,S ALABAMA,John Tank Miller Jr.,0.5666666666666668,below_threshold
2019,102877,S ALABAMA,Terrion Avery,0.47851851851851845,below_threshold
2019,83754,S ALABAMA,Tony Brown,0.7285714285714286,below_threshold
2019,102876,S ALABAMA,Damean Bivins,0.5857142857142856,below_threshold
2019,61636,S ALABAMA,Cade Sutherland,0.4387096774193548,below_threshold
2019,97588,S ALABAMA,Jack Brooks,0.5173913043478261,below_threshold
2019,36506,S ALABAMA,Jeffery Whatley,0.4576923076923077,below_threshold
2019,38290,S ALABAMA,Rocel McWilliams,0.5483870967741935,below_threshold
2019,43027,S ALABAMA,Shawn Jennings,0.7032258064516129,below_threshold
2019,43084,S ALABAMA,Taji Stewart,0.408,below_threshold
2019,43105,S ALABAMA,DJ Daniels,0.61,below_threshold
2019,43249,S ALABAMA,Chris Henderson,0.5884615384615385,below_threshold
2019,43855,S ALABAMA,Sean Brown,0.6181818181818182,below_threshold
2019,43977,S ALABAMA,Jeremiah Littles,0.4689655172413793,below_threshold
2019,48747,S ALABAMA,Tyree Turner,0.49583333333333324,below_threshold
2019,49477,S ALABAMA,Jalen Thompson,0.57375,below_threshold
2019,50655,S ALABAMA,Riley Cole,0.46363636363636357,below_threshold
2019,55699,S ALABAMA,Devin Rockette,0.41528571428571426,below_threshold
2019,58133,S ALABAMA,Nick Mobley,0.48636363636363644,below_threshold
2019,60748,S ALABAMA,A.J. DeShazor Jr.,0.48571428571428565,below_threshold
2019,60749,S ALABAMA,Sterrling Fisher,0.5689655172413793,below_threshold
2019,81391,S ALABAMA,Roy Yancey,0.525,below_threshold
2019,82166,S ALABAMA,Charles Coleman III,0.5230769230769231,below_threshold
2019,82406,S ALABAMA,Jordon Beaton,0.5884615384615385,below_threshold
2019,82408,S ALABAMA,Maurice Strong Jr.,0.48571428571428565,below_threshold
2019,83119,ALABAMA,Pat Surtain II,0.8192307692307692,below_threshold
2019,97972,S ALABAMA,Bubba Thomas,0.5383333333333332,below_threshold
2019,98522,S ALABAMA,Brock Higdon,0.5434782608695652,below_threshold
2019,98615,S ALABAMA,Tre Young,0.595,below_threshold
2019,98660,S ALABAMA,Gi'Narious Johnson,0.4868181818181818,below_threshold
2019,102770,S ALABAMA,Kelvin Johnson,0.5862068965517242,below_threshold
2019,98656,S ALABAMA,Jacob Shoemaker,0.5129999999999999,below_threshold
2019,41827,S ALABAMA,Brian Ankerson,0.61,below_threshold
2019,37364,S ALABAMA,Roy Albritton,0.49583333333333324,below_threshold
2019,60056,S ALABAMA,Hadon Merchant,0.4576923076923077,below_threshold
2019,81832,S ALABAMA,Josh McCulloch,0.72675,below_threshold
2019,61637,S ALABAMA,Jalen Tolbert,0.6230769230769231,below_threshold
2019,39924,S ALABAMA,Zac Crosby,0.5409090909090909,below_threshold
2019,61639,S ALABAMA,Kawaan Baker,0.5434782608695652,below_threshold
2019,40532,S ALABAMA,Khameron Taylor,0.6037037037037036,below_threshold
2019,60530,S ALABAMA,Cephus Johnson III,0.47812499999999997,below_threshold
2019,59810,S ALABAMA,Conner Estes,0.49583333333333324,below_threshold
2019,83552,S ALABAMA,Desmond Trotter,0.4407407407407408,below_threshold
2019,98028,S ALABAMA,Brandon Crum,0.595,below_threshold
2019,36646,S ALABAMA,Troy Thingstad,0.4576923076923077,below_threshold
2019,57401,S ALABAMA,Tra Minter,0.5636363636363636,below_threshold
2019,81831,S ALABAMA,Max Charite,0.47600000000000003,below_threshold
2019,98718,S ALABAMA,Nick Thompson,0.4103448275862069,below_threshold
2019,61638,S ALABAMA,Davyn Flenord,0.47600000000000003,below_threshold
2019,81836,S ALABAMA,Trey Simpson,0.49583333333333324,below_threshold
2019,61640,S ALABAMA,Jalen Wayne,0.7374999999999999,below_threshold
2019,83753,S ALABAMA,Jared Wilson,0.612,below_threshold
2019,83755,S ALABAMA,Carlos Davis,0.5767857142857143,below_threshold
2019,61421,S ALABAMA,Tre'Veon Hamilton,0.5533333333333333,below_threshold
2019,61636,S ALABAMA,Cade Sutherland,0.4387096774193548,below_threshold
2019,98681,S ALABAMA,Tylan Morton,0.5173913043478261,below_threshold
2019,98696,S ALABAMA,Kent Foster,0.425,below_threshold
2019,97427,S ALABAMA,Devin Voisin,0.51,below_threshold
2019,81826,S ALABAMA,Tyler Jernigan,0.5173913043478261,below_threshold
2019,81833,S ALABAMA,Wyatt Green,0.44736842105263164,below_threshold
2019,84410,S ALABAMA,Mo Edwards Jr.,0.53605,below_threshold
2019,81393,S ALABAMA,Destin Myers,0.4576923076923077,below_threshold
2019,83758,S ALABAMA,John Tank Miller Jr.,0.5666666666666668,below_threshold
2019,102935,S ALABAMA,Jamel Thomas,0.5383333333333332,below_threshold
2019,102876,S ALABAMA,Damean Bivins,0.5857142857142856,below_threshold
2019,83754,S ALABAMA,Tony Brown,0.7285714285714286,below_threshold
2019,102877,S ALABAMA,Terrion Avery,0.47851851851851845,below_threshold
2019,98093,S ALABAMA,Bryson Norris,0.4689655172413793,below_threshold
2019,57607,S ALABAMA,Frankie Onate,0.4576923076923077,below_threshold
2019,84411,S ALABAMA,Logan Morgan,0.4434782608695652,below_threshold
2019,44979,S ALABAMA,Andrew Zink,0.425,below_threshold
2019,58397,S ALABAMA,Jake Harwell,0.8285714285714286,below_threshold
2019,61635,S ALABAMA,David Webb,0.525,below_threshold
2019,81837,S ALABAMA,Braden Moody,0.6375,below_threshold
2019,60530,S ALABAMA,Cephus Johnson III,0.47812499999999997,below_threshold
2019,83552,S ALABAMA,Desmond Trotter,0.4407407407407408,below_threshold
2019,98681,S ALABAMA,Tylan Morton,0.5173913043478261,below_threshold
2019,36506,S ALABAMA,Jeffery Whatley,0.4576923076923077,below_threshold
2019,38290,S ALABAMA,Rocel McWilliams,0.5483870967741935,below_threshold
2019,42791,S ALABAMA,Jay Woods,0.5666666666666668,below_threshold
2019,43027,S ALABAMA,Shawn Jennings,0.7032258064516129,below_threshold
2019,43084,S ALABAMA,Taji Stewart,0.408,below_threshold
2019,43105,S ALABAMA,DJ Daniels,0.61,below_threshold
2019,43249,S ALABAMA,Chris Henderson,0.5884615384615385,below_threshold
2019,43855,S ALABAMA,Sean Brown,0.6181818181818182,below_threshold
2019,43977,S ALABAMA,Jeremiah Littles,0.4689655172413793,below_threshold
2019,44010,S ALABAMA,Khalil McDonald,0.57375,below_threshold
2019,48747,S ALABAMA,Tyree Turner,0.49583333333333324,below_threshold
2019,49477,S ALABAMA,Jalen Thompson,0.57375,below_threshold
2019,50655,S ALABAMA,Riley Cole,0.46363636363636357,below_threshold
2019,55699,S ALABAMA,Devin Rockette,0.41528571428571426,below_threshold
2019,55700,S ALABAMA,Gus Nave,0.48449999999999993,below_threshold
2019,57401,S ALABAMA,Tra Minter,0.5636363636363636,below_threshold
2019,58133,S ALABAMA,Nick Mobley,0.48636363636363644,below_threshold
2019,60748,S ALABAMA,A.J. DeShazor Jr.,0.48571428571428565,below_threshold
2019,60749,S ALABAMA,Sterrling Fisher,0.5689655172413793,below_threshold
2019,61636,S ALABAMA,Cade Sutherland,0.4387096774193548,below_threshold
2019,61638,S ALABAMA,Davyn Flenord,0.47600000000000003,below_threshold
2019,61640,S ALABAMA,Jalen Wayne,0.7374999999999999,below_threshold
2019,81391,S ALABAMA,Roy Yancey,0.525,below_threshold
2019,81392,S ALABAMA,Kade Koler,0.5722222222222222,below_threshold
2019,81393,S ALABAMA,Destin Myers,0.4576923076923077,below_threshold
2019,82166,S ALABAMA,Charles Coleman III,0.5230769230769231,below_threshold
2019,82406,S ALABAMA,Jordon Beaton,0.5884615384615385,below_threshold
2019,82408,S ALABAMA,Maurice Strong Jr.,0.48571428571428565,below_threshold
2019,83085,S ALABAMA,Travis Reed,0.6383333333333332,below_threshold
2019,83086,S ALABAMA,Keon Voisin,0.5230769230769231,below_threshold
2019,83119,ALABAMA,Pat Surtain II,0.8192307692307692,below_threshold
2019,83754,S ALABAMA,Tony Brown,0.7285714285714286,below_threshold
2019,83890,S ALABAMA,Keith Gallmon Jr.,0.46363636363636357,below_threshold
2019,84413,S ALABAMA,Tyrone Legette,0.51,below_threshold
2019,97142,S ALABAMA,Joshua Carter,0.6538461538461537,below_threshold
2019,97506,S ALABAMA,Jaden Voisin,0.48571428571428565,below_threshold
2019,97682,S ALABAMA,Ryan Melton,0.47600000000000003,below_threshold
2019,97687,S ALABAMA,Brentt Cunningham,0.5666666666666668,below_threshold
2019,97972,S ALABAMA,Bubba Thomas,0.5383333333333332,below_threshold
2019,98028,S ALABAMA,Brandon Crum,0.595,below_threshold
2019,98522,S ALABAMA,Brock Higdon,0.5434782608695652,below_threshold
2019,98615,S ALABAMA,Tre Young,0.595,below_threshold
2019,98660,S ALABAMA,Gi'Narious Johnson,0.4868181818181818,below_threshold
2019,102770,S ALABAMA,Kelvin Johnson,0.5862068965517242,below_threshold
2019,38290,S ALABAMA,Rocel McWilliams,0.5483870967741935,below_threshold
2019,42791,S ALABAMA,Jay Woods,0.5666666666666668,below_threshold
2019,43027,S ALABAMA,Shawn Jennings,0.7032258064516129,below_threshold
2019,43084,S ALABAMA,Taji Stewart,0.408,below_threshold
2019,43105,S ALABAMA,DJ Daniels,0.61,below_threshold
2019,43249,S ALABAMA,Chris Henderson,0.5884615384615385,below_threshold
2019,43855,S ALABAMA,Sean Brown,0.6181818181818182,below_threshold
2019,44010,S ALABAMA,Khalil McDonald,0.57375,below_threshold
2019,49477,S ALABAMA,Jalen Thompson,0.57375,below_threshold
2019,50655,S ALABAMA,Riley Cole,0.46363636363636357,below_threshold
2019,55699,S ALABAMA,Devin Rockette,0.41528571428571426,below_threshold
2019,55700,S ALABAMA,Gus Nave,0.48449999999999993,below_threshold
2019,58133,S ALABAMA,Nick Mobley,0.48636363636363644,below_threshold
2019,60748,S ALABAMA,A.J. DeShazor Jr.,0.48571428571428565,below_threshold
2019,60749,S ALABAMA,Sterrling Fisher,0.5689655172413793,below_threshold
2019,81391,S ALABAMA,Roy Yancey,0.525,below_threshold
2019,81392,S ALABAMA,Kade Koler,0.5722222222222222,below_threshold
2019,83085,S ALABAMA,Travis Reed,0.6383333333333332,below_threshold
2019,83119,ALABAMA,Pat Surtain II,0.8192307692307692,below_threshold
2019,83890,S ALABAMA,Keith Gallmon Jr.,0.46363636363636357,below_threshold
2019,84413,S ALABAMA,Tyrone Legette,0.51,below_threshold
2019,97142,S ALABAMA,Joshua Carter,0.6538461538461537,below_threshold
2019,97506,S ALABAMA,Jaden Voisin,0.48571428571428565,below_threshold
2019,97682,S ALABAMA,Ryan Melton,0.47600000000000003,below_threshold
2019,97687,S ALABAMA,Brentt Cunningham,0.5666666666666668,below_threshold
2019,98615,S ALABAMA,Tre Young,0.595,below_threshold
2019,102770,S ALABAMA,Kelvin Johnson,0.5862068965517242,below_threshold
2019,36506,S ALABAMA,Jeffery Whatley,0.4576923076923077,below_threshold
2019,38290,S ALABAMA,Rocel McWilliams,0.5483870967741935,below_threshold
2019,42791,S ALABAMA,Jay Woods,0.5666666666666668,below_threshold
2019,43027,S ALABAMA,Shawn Jennings,0.7032258064516129,below_threshold
2019,43084,S ALABAMA,Taji Stewart,0.408,below_threshold
2019,43105,S ALABAMA,DJ Daniels,0.61,below_threshold
2019,43249,S ALABAMA,Chris Henderson,0.5884615384615385,below_threshold
2019,43855,S ALABAMA,Sean Brown,0.6181818181818182,below_threshold
2019,43977,S ALABAMA,Jeremiah Littles,0.4689655172413793,below_threshold
2019,44010,S ALABAMA,Khalil McDonald,0.57375,below_threshold
2019,48747,S ALABAMA,Tyree Turner,0.49583333333333324,below_threshold
2019,49477,S ALABAMA,Jalen Thompson,0.57375,below_threshold
2019,50655,S ALABAMA,Riley Cole,0.46363636363636357,below_threshold
2019,55699,S ALABAMA,Devin Rockette,0.41528571428571426,below_threshold
2019,55700,S ALABAMA,Gus Nave,0.48449999999999993,below_threshold
2019,57401,S ALABAMA,Tra Minter,0.5636363636363636,below_threshold
2019,58133,S ALABAMA,Nick Mobley,0.48636363636363644,below_threshold
2019,60748,S ALABAMA,A.J. DeShazor Jr.,0.48571428571428565,below_threshold
2019,60749,S ALABAMA,Sterrling Fisher,0.5689655172413793,below_threshold
2019,61636,S ALABAMA,Cade Sutherland,0.4387096774193548,below_threshold
2019,61638,S ALABAMA,Davyn Flenord,0.47600000000000003,below_threshold
2019,61640,S ALABAMA,Jalen Wayne,0.7374999999999999,below_threshold
2019,81391,S ALABAMA,Roy Yancey,0.525,below_threshold
2019,81392,S ALABAMA,Kade Koler,0.5722222222222222,below_threshold
2019,81393,S ALABAMA,Destin Myers,0.4576923076923077,below_threshold
2019,82166,S ALABAMA,Charles Coleman III,0.5230769230769231,below_threshold
2019,82406,S ALABAMA,Jordon Beaton,0.5884615384615385,below_threshold
2019,82408,S ALABAMA,Maurice Strong Jr.,0.48571428571428565,below_threshold
2019,83085,S ALABAMA,Travis Reed,0.6383333333333332,below_threshold
2019,83086,S ALABAMA,Keon Voisin,0.5230769230769231,below_threshold
2019,83119,ALABAMA,Pat Surtain II,0.8192307692307692,below_threshold
2019,83754,S ALABAMA,Tony Brown,0.7285714285714286,below_threshold
2019,83890,S ALABAMA,Keith Gallmon Jr.,0.46363636363636357,below_threshold
2019,84413,S ALABAMA,Tyrone Legette,0.51,below_threshold
2019,97142,S ALABAMA,Joshua Carter,0.6538461538461537,below_threshold
2019,97506,S ALABAMA,Jaden Voisin,0.48571428571428565,below_threshold
2019,97682,S ALABAMA,Ryan Melton,0.47600000000000003,below_threshold
2019,97687,S ALABAMA,Brentt Cunningham,0.5666666666666668,below_threshold
2019,97972,S ALABAMA,Bubba Thomas,0.5383333333333332,below_threshold
2019,98028,S ALABAMA,Brandon Crum,0.595,below_threshold
2019,98522,S ALABAMA,Brock Higdon,0.5434782608695652,below_threshold
2019,98615,S ALABAMA,Tre Young,0.595,below_threshold
2019,98660,S ALABAMA,Gi'Narious Johnson,0.4868181818181818,below_threshold
2019,102770,S ALABAMA,Kelvin Johnson,0.5862068965517242,below_threshold
2019,43926,ARMY,Rod Stoddard,0.85,below_threshold
2019,43926,ARMY,Rod Stoddard,0.85,below_threshold
2019,43926,ARMY,Rod Stoddard,0.85,below_threshold
2019,43926,ARMY,Rod Stoddard,0.85,below_threshold
2019,61537,N ILLINOIS,Cole Tucker,0.425,below_threshold
2019,48319,N ILLINOIS,Spencer Tears,0.5760000000000001,below_threshold
2019,100193,N ILLINOIS,Tyrice Richie,0.5191071428571428,below_threshold
2019,27822,N ILLINOIS,Daniel Crawford,0.6464285714285714,below_threshold
2019,42021,N ILLINOIS,Mitchell Brinkman,0.5636363636363636,below_threshold
2019,61540,N ILLINOIS,Dennis Robinson,0.6152380952380953,below_threshold
2019,97098,N ILLINOIS,Michael Love,0.595,below_threshold
2019,34772,N ILLINOIS,Marcus Jones,0.612,below_threshold
2019,45521,N ILLINOIS,Tre Harbison III,0.5857142857142856,below_threshold
2019,57352,N ILLINOIS,Jordan Nettles,0.6296296296296297,below_threshold
2019,42568,N ILLINOIS,Corey Lersch,0.525,below_threshold
2019,42335,N ILLINOIS,Max Thrower,0.46363636363636357,below_threshold
2019,77034,N ILLINOIS,Brett Bostad,0.5047619047619046,below_threshold
2019,77752,N ILLINOIS,Rahveon Valentine,0.61,below_threshold
2019,45521,N ILLINOIS,Tre Harbison III,0.5857142857142856,below_threshold
2019,57352,N ILLINOIS,Jordan Nettles,0.6296296296296297,below_threshold
2019,40476,N ILLINOIS,Marcus Childers,0.5275,below_threshold
2019,34772,N ILLINOIS,Marcus Jones,0.612,below_threshold
2019,38380,N ILLINOIS,Ross Bowers,0.49583333333333324,below_threshold
2019,97071,N ILLINOIS,Rondarius Gregory,0.4387096774193548,below_threshold
2019,77752,N ILLINOIS,Rahveon Valentine,0.61,below_threshold
2019,100193,N ILLINOIS,Tyrice Richie,0.5191071428571428,below_threshold
2019,40036,N ILLINOIS,Anthony Thompson,0.5617391304347825,below_threshold
2019,60298,N ILLINOIS,Matt Ference,0.47600000000000003,below_threshold
2019,48319,N ILLINOIS,Spencer Tears,0.5760000000000001,below_threshold
2019,97098,N ILLINOIS,Michael Love,0.595,below_threshold
2019,27823,N ILLINOIS,Quintin Wynne,0.35416666666666663,below_threshold
2019,27831,N ILLINOIS,Trayshon Foster,0.48571428571428565,below_threshold
2019,27833,N ILLINOIS,Trequan Smith,0.6230769230769231,below_threshold
2019,34330,N ILLINOIS,Adam Buirge,0.48636363636363644,below_threshold
2019,34384,N ILLINOIS,Marshe' Terry,0.508,below_threshold
2019,34664,N ILLINOIS,Mykelti Williams,0.584375,below_threshold
2019,35900,N ILLINOIS,Kyle Pugh,0.45,below_threshold
2019,35904,N ILLINOIS,Antonio Jones-Davis,0.425,below_threshold
2019,36546,N ILLINOIS,A.J. Taylor,0.6181818181818182,below_threshold
2019,39055,N ILLINOIS,Marcus Kelly,0.42130434782608694,below_threshold
2019,43573,N ILLINOIS,Ben LeRoy,0.45,below_threshold
2019,44570,N ILLINOIS,Jack Heflin,0.5409090909090909,below_threshold
2019,56127,N ILLINOIS,Dillon Thomas,0.78,below_threshold
2019,56427,N ILLINOIS,Matt Lorbeck,0.47600000000000003,below_threshold
2019,56639,ILLINOIS,Olalere Oladipo,0.7555555555555555,below_threshold
2019,57007,N ILLINOIS,Weston Kramer,0.5700000000000001,below_threshold
2019,58069,N ILLINOIS,Jordan Cole,0.7083333333333335,below_threshold
2019,58071,N ILLINOIS,Rayshawn Gay,0.5636363636363636,below_threshold
2019,58072,N ILLINOIS,Michael Kennedy,0.5483870967741935,below_threshold
2019,58381,N ILLINOIS,Vinny Labus,0.40476190476190466,below_threshold
2019,76855,N ILLINOIS,Jawon Denton,0.5230769230769231,below_threshold
2019,76961,N ILLINOIS,Jeffrey Griffin Jr.,0.5767857142857143,below_threshold
2019,83236,ILLINOIS,Quan Martin,0.67,below_threshold
2019,97088,N ILLINOIS,Mark Aitken,0.4710416666666667,below_threshold
2019,97533,N ILLINOIS,Romel Goston,0.5407407407407409,below_threshold
2019,97916,N ILLINOIS,Nick Rattin,0.5173913043478261,below_threshold
2019,97955,N ILLINOIS,Cam Mattox,0.5047619047619046,below_threshold
2019,97965,N ILLINOIS,James Ester,0.6181818181818182,below_threshold
2019,97974,N ILLINOIS,Demond Taylor Jr.,0.612,below_threshold
2019,39044,N ILLINOIS,Jordan Steckler,0.5483870967741935,below_threshold
2019,40463,N ILLINOIS,Brayden Patton,0.5950000000000001,below_threshold
2019,77518,N ILLINOIS,Marques Cox,0.544,below_threshold
2019,77520,N ILLINOIS,C.J. Perez,0.5047619047619046,below_threshold
2019,41556,N ILLINOIS,Benn Olson,0.5173913043478261,below_threshold
2019,37180,N ILLINOIS,Nathan Veloz,0.5173913043478261,below_threshold
2019,42021,N ILLINOIS,Mitchell Brinkman,0.5636363636363636,below_threshold
2019,27822,N ILLINOIS,Daniel Crawford,0.6464285714285714,below_threshold
2019,100259,N ILLINOIS,Andrew Starr,0.47600000000000003,below_threshold
2019,61537,N ILLINOIS,Cole Tucker,0.425,below_threshold
2019,100193,N ILLINOIS,Tyrice Richie,0.5191071428571428,below_threshold
2019,38380,N ILLINOIS,Ross Bowers,0.49583333333333324,below_threshold
2019,61540,N ILLINOIS,Dennis Robinson,0.6152380952380953,below_threshold
2019,48319,N ILLINOIS,Spencer Tears,0.5760000000000001,below_threshold
2019,100262,N ILLINOIS,Logan Zschernitz,0.48571428571428565,below_threshold
2019,40476,N ILLINOIS,Marcus Childers,0.5275,below_threshold
2019,41389,N ILLINOIS,Austin Warner,0.49583333333333324,below_threshold
2019,45521,N ILLINOIS,Tre Harbison III,0.5857142857142856,below_threshold
2019,34772,N ILLINOIS,Marcus Jones,0.612,below_threshold
2019,60986,N ILLINOIS,Liam Soraghan,0.47600000000000003,below_threshold
2019,77034,N ILLINOIS,Brett Bostad,0.5047619047619046,below_threshold
2019,42568,N ILLINOIS,Corey Lersch,0.525,below_threshold
2019,97098,N ILLINOIS,Michael Love,0.595,below_threshold
2019,57352,N ILLINOIS,Jordan Nettles,0.6296296296296297,below_threshold
2019,78175,N ILLINOIS,Jyran Mitchell,0.5407407407407409,below_threshold
2019,97787,N ILLINOIS,Mohamed Toure,0.4576923076923077,below_threshold
2019,77521,N ILLINOIS,Nolan Potter,0.5666666666666668,below_threshold
2019,97071,N ILLINOIS,Rondarius Gregory,0.4387096774193548,below_threshold
2019,97862,N ILLINOIS,Fabian McCray,0.4434782608695652,below_threshold
2019,98527,N ILLINOIS,Leif Engstrand,0.47851851851851845,below_threshold
2019,41673,N ILLINOIS,Ezekiel Gueths,0.6071428571428571,below_threshold
2019,40036,N ILLINOIS,Anthony Thompson,0.5617391304347825,below_threshold
2019,34330,N ILLINOIS,Adam Buirge,0.48636363636363644,below_threshold
2019,77304,N ILLINOIS,Erik Abrell,0.5636363636363636,below_threshold
2019,77257,N ILLINOIS,Cortez Hogans,0.4434782608695652,below_threshold
2019,77752,N ILLINOIS,Rahveon Valentine,0.61,below_threshold
2019,58069,N ILLINOIS,Jordan Cole,0.7083333333333335,below_threshold
2019,56127,N ILLINOIS,Dillon Thomas,0.78,below_threshold
2019,76961,N ILLINOIS,Jeffrey Griffin Jr.,0.5767857142857143,below_threshold
2019,39055,N ILLINOIS,Marcus Kelly,0.42130434782608694,below_threshold
2019,34384,N ILLINOIS,Marshe' Terry,0.508,below_threshold
2019,27831,N ILLINOIS,Trayshon Foster,0.48571428571428565,below_threshold
2019,59958,N ILLINOIS,Cole Webster,0.4710416666666667,below_threshold
2019,44570,N ILLINOIS,Jack Heflin,0.5409090909090909,below_threshold
2019,97214,N ILLINOIS,Messiah Travis,0.5407407407407409,below_threshold
2019,77217,N ILLINOIS,Nathan Harman,0.5348076923076923,below_threshold
2019,57007,N ILLINOIS,Weston Kramer,0.5700000000000001,below_threshold
2019,34664,N ILLINOIS,Mykelti Williams,0.584375,below_threshold
2019,42335,N ILLINOIS,Max Thrower,0.46363636363636357,below_threshold
2019,98099,N ILLINOIS,Tristen Tewes,0.4576923076923077,below_threshold
2019,97916,N ILLINOIS,Nick Rattin,0.5173913043478261,below_threshold
2019,38380,N ILLINOIS,Ross Bowers,0.49583333333333324,below_threshold
2019,40476,N ILLINOIS,Marcus Childers,0.5275,below_threshold
2019,97098,N ILLINOIS,Michael Love,0.595,below_threshold
2019,27823,N ILLINOIS,Quintin Wynne,0.35416666666666663,below_threshold
2019,27831,N ILLINOIS,Trayshon Foster,0.48571428571428565,below_threshold
2019,27833,N ILLINOIS,Trequan Smith,0.6230769230769231,below_threshold
2019,34330,N ILLINOIS,Adam Buirge,0.48636363636363644,below_threshold
2019,34384,N ILLINOIS,Marshe' Terry,0.508,below_threshold
2019,34664,N ILLINOIS,Mykelti Williams,0.584375,below_threshold
2019,35900,N ILLINOIS,Kyle Pugh,0.45,below_threshold
2019,35904,N ILLINOIS,Antonio Jones-Davis,0.425,below_threshold
2019,36546,N ILLINOIS,A.J. Taylor,0.6181818181818182,below_threshold
2019,39055,N ILLINOIS,Marcus Kelly,0.42130434782608694,below_threshold
2019,43573,N ILLINOIS,Ben LeRoy,0.45,below_threshold
2019,44570,N ILLINOIS,Jack Heflin,0.5409090909090909,below_threshold
2019,56126,N ILLINOIS,Jalen McKie,0.48571428571428565,below_threshold
2019,56127,N ILLINOIS,Dillon Thomas,0.78,below_threshold
2019,56427,N ILLINOIS,Matt Lorbeck,0.47600000000000003,below_threshold
2019,56639,ILLINOIS,Olalere Oladipo,0.7555555555555555,below_threshold
2019,57007,N ILLINOIS,Weston Kramer,0.5700000000000001,below_threshold
2019,58069,N ILLINOIS,Jordan Cole,0.7083333333333335,below_threshold
2019,58071,N ILLINOIS,Rayshawn Gay,0.5636363636363636,below_threshold
2019,58072,N ILLINOIS,Michael Kennedy,0.5483870967741935,below_threshold
2019,58381,N ILLINOIS,Vinny Labus,0.40476190476190466,below_threshold
2019,76611,N ILLINOIS,Devin Haney,0.5409090909090909,below_threshold
2019,76613,N ILLINOIS,Antwain Walker,0.712,below_threshold
2019,76774,N ILLINOIS,J.D. Harris,0.508,below_threshold
2019,76775,N ILLINOIS,Zhamaine March,0.51,below_threshold
2019,76855,N ILLINOIS,Jawon Denton,0.5230769230769231,below_threshold
2019,76961,N ILLINOIS,Jeffrey Griffin Jr.,0.5767857142857143,below_threshold
2019,77257,N ILLINOIS,Cortez Hogans,0.4434782608695652,below_threshold
2019,77259,N ILLINOIS,Kewan Parker,0.5666666666666668,below_threshold
2019,77569,N ILLINOIS,Joe Bonds,0.55,below_threshold
2019,77859,N ILLINOIS,Joshua Earl,0.5913043478260869,below_threshold
2019,83236,ILLINOIS,Quan Martin,0.67,below_threshold
2019,97088,N ILLINOIS,Mark Aitken,0.4710416666666667,below_threshold
2019,97533,N ILLINOIS,Romel Goston,0.5407407407407409,below_threshold
2019,97916,N ILLINOIS,Nick Rattin,0.5173913043478261,below_threshold
2019,97955,N ILLINOIS,Cam Mattox,0.5047619047619046,below_threshold
2019,97965,N ILLINOIS,James Ester,0.6181818181818182,below_threshold
2019,97974,N ILLINOIS,Demond Taylor Jr.,0.612,below_threshold
2019,27823,N ILLINOIS,Quintin Wynne,0.35416666666666663,below_threshold
2019,27831,N ILLINOIS,Trayshon Foster,0.48571428571428565,below_threshold
2019,27833,N ILLINOIS,Trequan Smith,0.6230769230769231,below_threshold
2019,34330,N ILLINOIS,Adam Buirge,0.48636363636363644,below_threshold
2019,34384,N ILLINOIS,Marshe' Terry,0.508,below_threshold
2019,34664,N ILLINOIS,Mykelti Williams,0.584375,below_threshold
2019,35900,N ILLINOIS,Kyle Pugh,0.45,below_threshold
2019,35904,N ILLINOIS,Antonio Jones-Davis,0.425,below_threshold
2019,44570,N ILLINOIS,Jack Heflin,0.5409090909090909,below_threshold
2019,56126,N ILLINOIS,Jalen McKie,0.48571428571428565,below_threshold
2019,56127,N ILLINOIS,Dillon Thomas,0.78,below_threshold
2019,56427,N ILLINOIS,Matt Lorbeck,0.47600000000000003,below_threshold
2019,58069,N ILLINOIS,Jordan Cole,0.7083333333333335,below_threshold
2019,58071,N ILLINOIS,Rayshawn Gay,0.5636363636363636,below_threshold
2019,58072,N ILLINOIS,Michael Kennedy,0.5483870967741935,below_threshold
2019,58381,N ILLINOIS,Vinny Labus,0.40476190476190466,below_threshold
2019,76611,N ILLINOIS,Devin Haney,0.5409090909090909,below_threshold
2019,76613,N ILLINOIS,Antwain Walker,0.712,below_threshold
2019,76774,N ILLINOIS,J.D. Harris,0.508,below_threshold
2019,76775,N ILLINOIS,Zhamaine March,0.51,below_threshold
2019,76855,N ILLINOIS,Jawon Denton,0.5230769230769231,below_threshold
2019,77859,N ILLINOIS,Joshua Earl,0.5913043478260869,below_threshold
2019,83236,ILLINOIS,Quan Martin,0.67,below_threshold
2019,97088,N ILLINOIS,Mark Aitken,0.4710416666666667,below_threshold
2019,97522,N ILLINOIS,Justin Clark,0.5407407407407409,below_threshold
2019,97533,N ILLINOIS,Romel Goston,0.5407407407407409,below_threshold
2019,97916,N ILLINOIS,Nick Rattin,0.5173913043478261,below_threshold
2019,27823,N ILLINOIS,Quintin Wynne,0.35416666666666663,below_threshold
2019,27831,N ILLINOIS,Trayshon Foster,0.48571428571428565,below_threshold
2019,27833,N ILLINOIS,Trequan Smith,0.6230769230769231,below_threshold
2019,34330,N ILLINOIS,Adam Buirge,0.48636363636363644,below_threshold
2019,34384,N ILLINOIS,Marshe' Terry,0.508,below_threshold
2019,34664,N ILLINOIS,Mykelti Williams,0.584375,below_threshold
2019,35900,N ILLINOIS,Kyle Pugh,0.45,below_threshold
2019,35904,N ILLINOIS,Antonio Jones-Davis,0.425,below_threshold
2019,36546,N ILLINOIS,A.J. Taylor,0.6181818181818182,below_threshold
2019,39055,N ILLINOIS,Marcus Kelly,0.42130434782608694,below_threshold
2019,43573,N ILLINOIS,Ben LeRoy,0.45,below_threshold
2019,44570,N ILLINOIS,Jack Heflin,0.5409090909090909,below_threshold
2019,56126,N ILLINOIS,Jalen McKie,0.48571428571428565,below_threshold
2019,56127,N ILLINOIS,Dillon Thomas,0.78,below_threshold
2019,56427,N ILLINOIS,Matt Lorbeck,0.47600000000000003,below_threshold
2019,56639,ILLINOIS,Olalere Oladipo,0.7555555555555555,below_threshold
2019,57007,N ILLINOIS,Weston Kramer,0.5700000000000001,below_threshold
2019,58069,N ILLINOIS,Jordan Cole,0.7083333333333335,below_threshold
2019,58071,N ILLINOIS,Rayshawn Gay,0.5636363636363636,below_threshold
2019,58072,N ILLINOIS,Michael Kennedy,0.5483870967741935,below_threshold
2019,58381,N ILLINOIS,Vinny Labus,0.40476190476190466,below_threshold
2019,76611,N ILLINOIS,Devin Haney,0.5409090909090909,below_threshold
2019,76613,N ILLINOIS,Antwain Walker,0.712,below_threshold
2019,76774,N ILLINOIS,J.D. Harris,0.508,below_threshold
2019,76775,N ILLINOIS,Zhamaine March,0.51,below_threshold
2019,76855,N ILLINOIS,Jawon Denton,0.5230769230769231,below_threshold
2019,76961,N ILLINOIS,Jeffrey Griffin Jr.,0.5767857142857143,below_threshold
2019,77257,N ILLINOIS,Cortez Hogans,0.4434782608695652,below_threshold
2019,77259,N ILLINOIS,Kewan Parker,0.5666666666666668,below_threshold
2019,77569,N ILLINOIS,Joe Bonds,0.55,below_threshold
2019,77859,N ILLINOIS,Joshua Earl,0.5913043478260869,below_threshold
2019,83236,ILLINOIS,Quan Martin,0.67,below_threshold
2019,97088,N ILLINOIS,Mark Aitken,0.4710416666666667,below_threshold
2019,97522,N ILLINOIS,Justin Clark,0.5407407407407409,below_threshold
2019,97533,N ILLINOIS,Romel Goston,0.5407407407407409,below_threshold
2019,97916,N ILLINOIS,Nick Rattin,0.5173913043478261,below_threshold
2019,97955,N ILLINOIS,Cam Mattox,0.5047619047619046,below_threshold
2019,97965,N ILLINOIS,James Ester,0.6181818181818182,below_threshold
2019,97974,N ILLINOIS,Demond Taylor Jr.,0.612,below_threshold
2019,27003,LA LAFAYET,Ja'Marcus Bradley,0.508725,below_threshold
2019,84255,LA LAFAYET,Jamal Bell,0.425,below_threshold
2019,48252,LA LAFAYET,Jarrod Jackson,0.4103448275862069,below_threshold
2019,97814,LA LAFAYET,Peter LeBlanc,0.42130434782608694,below_threshold
2019,40127,LA LAFAYET,Jalen Williams,0.7620689655172413,below_threshold
2019,42008,LA LAFAYET,Calif Gossett,0.42130434782608694,below_threshold
2019,36101,LA LAFAYET,Nick Ralston,0.5913043478260869,below_threshold
2019,98298,LA LAFAYET,Neal Johnson,0.46142857142857135,below_threshold
2019,57272,LA LAFAYET,Elijah Mitchell,0.6152380952380953,below_threshold
2019,45828,LA LAFAYET,Raymond Calais,0.39230769230769225,below_threshold
2019,102931,LA LAFAYET,Cassius Allen,0.4434782608695652,below_threshold
2019,98734,LA LAFAYET,Brian Smith Jr.,0.40476190476190466,below_threshold
2019,42174,LA LAFAYET,Trey Ragas,0.36704545454545456,below_threshold
2019,56396,LA LAFAYET,Hunter Bergeron,0.39230769230769225,below_threshold
2019,83993,LA LAFAYET,Pearse Migl,0.408,below_threshold
2019,97107,LA LAFAYET,Brandon Legendre,0.47777777777777775,below_threshold
2019,84257,LA LAFAYET,Devon Pauley,0.5636363636363636,below_threshold
2019,40838,LA LAFAYET,Alex Allen,0.595,below_threshold
2019,83693,LA LAFAYET,Chris Smith,0.3695652173913043,below_threshold
2019,40596,LA LAFAYET,Ashton Johnson,0.47812499999999997,below_threshold
2019,84262,LA LAFAYET,Kaleb Carter,0.46363636363636357,below_threshold
2019,35467,LA LAFAYET,Chris Turner,0.4348076923076923,below_threshold
2019,57272,LA LAFAYET,Elijah Mitchell,0.6152380952380953,below_threshold
2019,42174,LA LAFAYET,Trey Ragas,0.36704545454545456,below_threshold
2019,45828,LA LAFAYET,Raymond Calais,0.39230769230769225,below_threshold
2019,60428,LA LAFAYET,Levi Lewis,0.51,below_threshold
2019,83693,LA LAFAYET,Chris Smith,0.3695652173913043,below_threshold
2019,57147,LA LAFAYET,T.J. Wisham,0.44000000000000006,below_threshold
2019,40596,LA LAFAYET,Ashton Johnson,0.47812499999999997,below_threshold
2019,84259,LA LAFAYET,Michael Orphey Jr.,0.4541666666666666,below_threshold
2019,98673,LA LAFAYET,Jaiave Magalei,0.49583333333333324,below_threshold
2019,97286,LA LAFAYET,Chandler Fields,0.408,below_threshold
2019,36101,LA LAFAYET,Nick Ralston,0.5913043478260869,below_threshold
2019,33531,LA LAFAYET,Deuce Wallace,0.4642857142857143,below_threshold
2019,34595,LA LAFAYET,Ferrod Gardner,0.4541666666666666,below_threshold
2019,36071,LA LAFAYET,Terrence Jones,0.4576923076923077,below_threshold
2019,44162,LA LAFAYET,Chauncey Manac,0.40375,below_threshold
2019,44479,LA LAFAYET,Jacques Boudreaux,0.4589999999999999,below_threshold
2019,45543,LA LAFAYET,Brenndan Johnson,0.578125,below_threshold
2019,47826,LA LAFAYET,Michael Jacquet,0.5191071428571428,below_threshold
2019,49532,LA LAFAYET,Kamar Greenhouse,0.4407407407407408,below_threshold
2019,49785,LA LAFAYET,Terik Miller,0.46363636363636357,below_threshold
2019,49790,LA LAFAYET,Joe Dillon,0.705625,below_threshold
2019,50692,LA LAFAYET,Alonzo Brown,0.4434782608695652,below_threshold
2019,56012,LA LAFAYET,Bralen Trahan,0.425,below_threshold
2019,56014,LA LAFAYET,SchDarren Archie,0.4838709677419355,below_threshold
2019,56016,LA LAFAYET,Ja'len Johnson,0.47812499999999997,below_threshold
2019,56395,LA LAFAYET,Andre Jones Jr.,0.48571428571428565,below_threshold
2019,56397,LA LAFAYET,Bennie Higgins,0.39230769230769225,below_threshold
2019,56991,LA LAFAYET,Zi'Yon Hill-Green,0.47812499999999997,below_threshold
2019,58154,LA LAFAYET,Troy Kruchten,0.39230769230769225,below_threshold
2019,60938,LA LAFAYET,Andre Landry,0.3863636363636364,below_threshold
2019,81272,LA LAFAYET,Lorenzo McCaskill,0.559,below_threshold
2019,81273,LA LAFAYET,Kris Moncrief,0.4434782608695652,below_threshold
2019,81274,LA LAFAYET,Jordan Cordova,0.525,below_threshold
2019,81275,LA LAFAYET,Jourdan Quibodeaux,0.559,below_threshold
2019,81279,LA LAFAYET,AJ Riley,0.5666666666666668,below_threshold
2019,82313,LA LAFAYET,Timaje Porter,0.4434782608695652,below_threshold
2019,82314,LA LAFAYET,Masry Mapieu,0.3863636363636364,below_threshold
2019,83271,LA LAFAYET,Percy Butler,0.4103448275862069,below_threshold
2019,83273,LA LAFAYET,AJ Washington,0.48636363636363644,below_threshold
2019,83274,LA LAFAYET,Eric Garror,0.44000000000000006,below_threshold
2019,83275,LA LAFAYET,Cameron Solomon,0.408,below_threshold
2019,83278,LA LAFAYET,Kam Pedescleaux,0.35307692307692307,below_threshold
2019,83497,LA LAFAYET,Malcolm Rollins,0.34,below_threshold
2019,97569,LA LAFAYET,Dalvin Hutchinson,0.425,below_threshold
2019,97717,LA LAFAYET,Tyler Guidry,0.4749999999999999,below_threshold
2019,97976,LA LAFAYET,Shomari Hayes,0.40375,below_threshold
2019,98450,LA LAFAYET,Kendall Wilkerson,0.459,below_threshold
2019,102710,LA LAFAYET,Ja-Quane Nelson,0.4576923076923077,below_threshold
2019,102769,LA LAFAYET,Lakamion Franklin,0.5844999999999999,below_threshold
2019,81704,LA LAFAYET,Shane Vallot,0.3863636363636364,below_threshold
2019,102821,LA LAFAYET,O'Cyrus Torrence,0.4371428571428571,below_threshold
2019,46735,LA LAFAYET,Kevin Dotson,0.47600000000000003,below_threshold
2019,81707,LA LAFAYET,Max Mitchell,0.646,below_threshold
2019,51649,LA LAFAYET,Rico Robinson,0.425,below_threshold
2019,60428,LA LAFAYET,Levi Lewis,0.51,below_threshold
2019,46139,LA LAFAYET,Robert Hunt,0.5884615384615385,below_threshold
2019,36101,LA LAFAYET,Nick Ralston,0.5913043478260869,below_threshold
2019,27003,LA LAFAYET,Ja'Marcus Bradley,0.508725,below_threshold
2019,56396,LA LAFAYET,Hunter Bergeron,0.39230769230769225,below_threshold
2019,48252,LA LAFAYET,Jarrod Jackson,0.4103448275862069,below_threshold
2019,97814,LA LAFAYET,Peter LeBlanc,0.42130434782608694,below_threshold
2019,59800,LA LAFAYET,Spencer Gardner,0.508725,below_threshold
2019,83993,LA LAFAYET,Pearse Migl,0.408,below_threshold
2019,40127,LA LAFAYET,Jalen Williams,0.7620689655172413,below_threshold
2019,98298,LA LAFAYET,Neal Johnson,0.46142857142857135,below_threshold
2019,84255,LA LAFAYET,Jamal Bell,0.425,below_threshold
2019,59799,LA LAFAYET,Carlos Rubio,0.3863636363636364,below_threshold
2019,42008,LA LAFAYET,Calif Gossett,0.42130434782608694,below_threshold
2019,59802,LA LAFAYET,David Hudson,0.44045454545454543,below_threshold
2019,81708,LA LAFAYET,Luke Junkunc,0.408,below_threshold
2019,102931,LA LAFAYET,Cassius Allen,0.4434782608695652,below_threshold
2019,98734,LA LAFAYET,Brian Smith Jr.,0.40476190476190466,below_threshold
2019,98673,LA LAFAYET,Jaiave Magalei,0.49583333333333324,below_threshold
2019,57272,LA LAFAYET,Elijah Mitchell,0.6152380952380953,below_threshold
2019,84257,LA LAFAYET,Devon Pauley,0.5636363636363636,below_threshold
2019,45828,LA LAFAYET,Raymond Calais,0.39230769230769225,below_threshold
2019,98043,LA LAFAYET,AJ Gillie,0.5368421052631579,below_threshold
2019,98255,LA LAFAYET,Jax Harrington,0.37777777777777777,below_threshold
2019,98277,LA LAFAYET,King McGowen,0.3863636363636364,below_threshold
2019,42174,LA LAFAYET,Trey Ragas,0.36704545454545456,below_threshold
2019,97107,LA LAFAYET,Brandon Legendre,0.47777777777777775,below_threshold
2019,46118,LA LAFAYET,Ken Marks,0.51,below_threshold
2019,81706,LA LAFAYET,Max Yarbrough,0.3695652173913043,below_threshold
2019,98390,LA LAFAYET,Nathan Thomas,0.5700000000000001,below_threshold
2019,98070,LA LAFAYET,Tyler Brown,0.544,below_threshold
2019,98425,LA LAFAYET,Logan Newell,0.39230769230769225,below_threshold
2019,40838,LA LAFAYET,Alex Allen,0.595,below_threshold
2019,40596,LA LAFAYET,Ashton Johnson,0.47812499999999997,below_threshold
2019,102820,LA LAFAYET,Landon Burton,0.5666666666666668,below_threshold
2019,84262,LA LAFAYET,Kaleb Carter,0.46363636363636357,below_threshold
2019,84263,LA LAFAYET,Da'ron Williams,0.68,below_threshold
2019,98003,LA LAFAYET,Clifton McDowell,0.425,below_threshold
2019,83279,LA LAFAYET,Damani Burrell,0.47600000000000003,below_threshold
2019,83693,LA LAFAYET,Chris Smith,0.3695652173913043,below_threshold
2019,97218,LA LAFAYET,Jacob Bernard,0.4541666666666666,below_threshold
2019,35467,LA LAFAYET,Chris Turner,0.4348076923076923,below_threshold
2019,97286,LA LAFAYET,Chandler Fields,0.408,below_threshold
2019,57147,LA LAFAYET,T.J. Wisham,0.44000000000000006,below_threshold
2019,102933,LA LAFAYET,Dalen Cambre,0.5409090909090909,below_threshold
2019,61378,LA LAFAYET,Leroy Franklin,0.37269230769230766,below_threshold
2019,60428,LA LAFAYET,Levi Lewis,0.51,below_threshold
2019,98673,LA LAFAYET,Jaiave Magalei,0.49583333333333324,below_threshold
2019,97286,LA LAFAYET,Chandler Fields,0.408,below_threshold
2019,40127,LA LAFAYET,Jalen Williams,0.7620689655172413,below_threshold
2019,98003,LA LAFAYET,Clifton McDowell,0.425,below_threshold
2019,33531,LA LAFAYET,Deuce Wallace,0.4642857142857143,below_threshold
2019,34595,LA LAFAYET,Ferrod Gardner,0.4541666666666666,below_threshold
2019,36071,LA LAFAYET,Terrence Jones,0.4576923076923077,below_threshold
2019,44162,LA LAFAYET,Chauncey Manac,0.40375,below_threshold
2019,44479,LA LAFAYET,Jacques Boudreaux,0.4589999999999999,below_threshold
2019,45543,LA LAFAYET,Brenndan Johnson,0.578125,below_threshold
2019,47826,LA LAFAYET,Michael Jacquet,0.5191071428571428,below_threshold
2019,49532,LA LAFAYET,Kamar Greenhouse,0.4407407407407408,below_threshold
2019,49785,LA LAFAYET,Terik Miller,0.46363636363636357,below_threshold
2019,49790,LA LAFAYET,Joe Dillon,0.705625,below_threshold
2019,56012,LA LAFAYET,Bralen Trahan,0.425,below_threshold
2019,56014,LA LAFAYET,SchDarren Archie,0.4838709677419355,below_threshold
2019,56016,LA LAFAYET,Ja'len Johnson,0.47812499999999997,below_threshold
2019,56395,LA LAFAYET,Andre Jones Jr.,0.48571428571428565,below_threshold
2019,56397,LA LAFAYET,Bennie Higgins,0.39230769230769225,below_threshold
2019,56991,LA LAFAYET,Zi'Yon Hill-Green,0.47812499999999997,below_threshold
2019,58154,LA LAFAYET,Troy Kruchten,0.39230769230769225,below_threshold
2019,60938,LA LAFAYET,Andre Landry,0.3863636363636364,below_threshold
2019,81272,LA LAFAYET,Lorenzo McCaskill,0.559,below_threshold
2019,81273,LA LAFAYET,Kris Moncrief,0.4434782608695652,below_threshold
2019,81274,LA LAFAYET,Jordan Cordova,0.525,below_threshold
2019,81275,LA LAFAYET,Jourdan Quibodeaux,0.559,below_threshold
2019,81279,LA LAFAYET,AJ Riley,0.5666666666666668,below_threshold
2019,82310,LA LAFAYET,Brandon Gannon,0.3966666666666666,below_threshold
2019,82313,LA LAFAYET,Timaje Porter,0.4434782608695652,below_threshold
2019,82314,LA LAFAYET,Masry Mapieu,0.3863636363636364,below_threshold
2019,83271,LA LAFAYET,Percy Butler,0.4103448275862069,below_threshold
2019,83272,LA LAFAYET,Patrick Mensah,0.35888888888888887,below_threshold
2019,83273,LA LAFAYET,AJ Washington,0.48636363636363644,below_threshold
2019,83274,LA LAFAYET,Eric Garror,0.44000000000000006,below_threshold
2019,83275,LA LAFAYET,Cameron Solomon,0.408,below_threshold
2019,83277,LA LAFAYET,Daijuane Dorsey,0.4576923076923077,below_threshold
2019,83278,LA LAFAYET,Kam Pedescleaux,0.35307692307692307,below_threshold
2019,83497,LA LAFAYET,Malcolm Rollins,0.34,below_threshold
2019,97358,LA LAFAYET,Jaden Henderson,0.459,below_threshold
2019,97569,LA LAFAYET,Dalvin Hutchinson,0.425,below_threshold
2019,97717,LA LAFAYET,Tyler Guidry,0.4749999999999999,below_threshold
2019,97976,LA LAFAYET,Shomari Hayes,0.40375,below_threshold
2019,98450,LA LAFAYET,Kendall Wilkerson,0.459,below_threshold
2019,102663,LA LAFAYET,Jayrin Wilson,0.6464285714285714,below_threshold
2019,102710,LA LAFAYET,Ja-Quane Nelson,0.4576923076923077,below_threshold
2019,102769,LA LAFAYET,Lakamion Franklin,0.5844999999999999,below_threshold
2019,102900,LA LAFAYET,Mekhi Garner,0.46363636363636357,below_threshold
2019,33531,LA LAFAYET,Deuce Wallace,0.4642857142857143,below_threshold
2019,34595,LA LAFAYET,Ferrod Gardner,0.4541666666666666,below_threshold
2019,36071,LA LAFAYET,Terrence Jones,0.4576923076923077,below_threshold
2019,44162,LA LAFAYET,Chauncey Manac,0.40375,below_threshold
2019,44479,LA LAFAYET,Jacques Boudreaux,0.4589999999999999,below_threshold
2019,45543,LA LAFAYET,Brenndan Johnson,0.578125,below_threshold
2019,47826,LA LAFAYET,Michael Jacquet,0.5191071428571428,below_threshold
2019,49532,LA LAFAYET,Kamar Greenhouse,0.4407407407407408,below_threshold
2019,49785,LA LAFAYET,Terik Miller,0.46363636363636357,below_threshold
2019,49790,LA LAFAYET,Joe Dillon,0.705625,below_threshold
2019,50692,LA LAFAYET,Alonzo Brown,0.4434782608695652,below_threshold
2019,56012,LA LAFAYET,Bralen Trahan,0.425,below_threshold
2019,56014,LA LAFAYET,SchDarren Archie,0.4838709677419355,below_threshold
2019,56016,LA LAFAYET,Ja'len Johnson,0.47812499999999997,below_threshold
2019,56395,LA LAFAYET,Andre Jones Jr.,0.48571428571428565,below_threshold
2019,56397,LA LAFAYET,Bennie Higgins,0.39230769230769225,below_threshold
2019,56991,LA LAFAYET,Zi'Yon Hill-Green,0.47812499999999997,below_threshold
2019,58154,LA LAFAYET,Troy Kruchten,0.39230769230769225,below_threshold
2019,81272,LA LAFAYET,Lorenzo McCaskill,0.559,below_threshold
2019,81273,LA LAFAYET,Kris Moncrief,0.4434782608695652,below_threshold
2019,81274,LA LAFAYET,Jordan Cordova,0.525,below_threshold
2019,81275,LA LAFAYET,Jourdan Quibodeaux,0.559,below_threshold
2019,81279,LA LAFAYET,AJ Riley,0.5666666666666668,below_threshold
2019,83271,LA LAFAYET,Percy Butler,0.4103448275862069,below_threshold
2019,83272,LA LAFAYET,Patrick Mensah,0.35888888888888887,below_threshold
2019,83273,LA LAFAYET,AJ Washington,0.48636363636363644,below_threshold
2019,83274,LA LAFAYET,Eric Garror,0.44000000000000006,below_threshold
2019,83275,LA LAFAYET,Cameron Solomon,0.408,below_threshold
2019,83277,LA LAFAYET,Daijuane Dorsey,0.4576923076923077,below_threshold
2019,83278,LA LAFAYET,Kam Pedescleaux,0.35307692307692307,below_threshold
2019,97358,LA LAFAYET,Jaden Henderson,0.459,below_threshold
2019,97717,LA LAFAYET,Tyler Guidry,0.4749999999999999,below_threshold
2019,98450,LA LAFAYET,Kendall Wilkerson,0.459,below_threshold
2019,102663,LA LAFAYET,Jayrin Wilson,0.6464285714285714,below_threshold
2019,102769,LA LAFAYET,Lakamion Franklin,0.5844999999999999,below_threshold
2019,102900,LA LAFAYET,Mekhi Garner,0.46363636363636357,below_threshold
2019,33531,LA LAFAYET,Deuce Wallace,0.4642857142857143,below_threshold
2019,34595,LA LAFAYET,Ferrod Gardner,0.4541666666666666,below_threshold
2019,36071,LA LAFAYET,Terrence Jones,0.4576923076923077,below_threshold
2019,44162,LA LAFAYET,Chauncey Manac,0.40375,below_threshold
2019,44479,LA LAFAYET,Jacques Boudreaux,0.4589999999999999,below_threshold
2019,45543,LA LAFAYET,Brenndan Johnson,0.578125,below_threshold
2019,47826,LA LAFAYET,Michael Jacquet,0.5191071428571428,below_threshold
2019,49532,LA LAFAYET,Kamar Greenhouse,0.4407407407407408,below_threshold
2019,49785,LA LAFAYET,Terik Miller,0.46363636363636357,below_threshold
2019,49790,LA LAFAYET,Joe Dillon,0.705625,below_threshold
2019,50692,LA LAFAYET,Alonzo Brown,0.4434782608695652,below_threshold
2019,56012,LA LAFAYET,Bralen Trahan,0.425,below_threshold
2019,56014,LA LAFAYET,SchDarren Archie,0.4838709677419355,below_threshold
2019,56016,LA LAFAYET,Ja'len Johnson,0.47812499999999997,below_threshold
2019,56395,LA LAFAYET,Andre Jones Jr.,0.48571428571428565,below_threshold
2019,56397,LA LAFAYET,Bennie Higgins,0.39230769230769225,below_threshold
2019,56991,LA LAFAYET,Zi'Yon Hill-Green,0.47812499999999997,below_threshold
2019,58154,LA LAFAYET,Troy Kruchten,0.39230769230769225,below_threshold
2019,60938,LA LAFAYET,Andre Landry,0.3863636363636364,below_threshold
2019,81272,LA LAFAYET,Lorenzo McCaskill,0.559,below_threshold
2019,81273,LA LAFAYET,Kris Moncrief,0.4434782608695652,below_threshold
2019,81274,LA LAFAYET,Jordan Cordova,0.525,below_threshold
2019,81275,LA LAFAYET,Jourdan Quibodeaux,0.559,below_threshold
2019,81279,LA LAFAYET,AJ Riley,0.5666666666666668,below_threshold
2019,82310,LA LAFAYET,Brandon Gannon,0.3966666666666666,below_threshold
2019,82313,LA LAFAYET,Timaje Porter,0.4434782608695652,below_threshold
2019,82314,LA LAFAYET,Masry Mapieu,0.3863636363636364,below_threshold
2019,83271,LA LAFAYET,Percy Butler,0.4103448275862069,below_threshold
2019,83272,LA LAFAYET,Patrick Mensah,0.35888888888888887,below_threshold
2019,83273,LA LAFAYET,AJ Washington,0.48636363636363644,below_threshold
2019,83274,LA LAFAYET,Eric Garror,0.44000000000000006,below_threshold
2019,83275,LA LAFAYET,Cameron Solomon,0.408,below_threshold
2019,83277,LA LAFAYET,Daijuane Dorsey,0.4576923076923077,below_threshold
2019,83278,LA LAFAYET,Kam Pedescleaux,0.35307692307692307,below_threshold
2019,83497,LA LAFAYET,Malcolm Rollins,0.34,below_threshold
2019,97358,LA LAFAYET,Jaden Henderson,0.459,below_threshold
2019,97569,LA LAFAYET,Dalvin Hutchinson,0.425,below_threshold
2019,97717,LA LAFAYET,Tyler Guidry,0.4749999999999999,below_threshold
2019,97976,LA LAFAYET,Shomari Hayes,0.40375,below_threshold
2019,98450,LA LAFAYET,Kendall Wilkerson,0.459,below_threshold
2019,102663,LA LAFAYET,Jayrin Wilson,0.6464285714285714,below_threshold
2019,102710,LA LAFAYET,Ja-Quane Nelson,0.4576923076923077,below_threshold
2019,102769,LA LAFAYET,Lakamion Franklin,0.5844999999999999,below_threshold
2019,102900,LA LAFAYET,Mekhi Garner,0.46363636363636357,below_threshold
2019,104197,AIR FORCE,Bo Gross,0.82675,below_threshold
2019,82196,AIR FORCE,Joey Woodring,0.85,below_threshold
2019,83114,AIR FORCE,Tre Bugg III,0.6383333333333332,below_threshold
2019,104203,AIR FORCE,Kahner George,0.5191071428571428,below_threshold
2019,104208,AIR FORCE,Ryan Booth,0.48571428571428565,below_threshold
2019,104204,AIR FORCE,John Gordon Jr.,0.5666666666666668,below_threshold
2019,104207,AIR FORCE,Unknown Air Force 8,0.43605,below_threshold
2019,104197,AIR FORCE,Bo Gross,0.82675,below_threshold
2019,104206,AIR FORCE,Ben Hoffner,0.5666666666666668,below_threshold
2019,104202,AIR FORCE,Brian Wendt,0.5617391304347825,below_threshold
2019,82196,AIR FORCE,Joey Woodring,0.85,below_threshold
2019,83114,AIR FORCE,Tre Bugg III,0.6383333333333332,below_threshold
2019,83114,AIR FORCE,Tre Bugg III,0.6383333333333332,below_threshold
2019,82196,AIR FORCE,Joey Woodring,0.85,below_threshold
2019,83114,AIR FORCE,Tre Bugg III,0.6383333333333332,below_threshold
2019,100297,AKRON,A.J. Watts,0.8999999999999998,below_threshold
2019,100351,AKRON,John Mitchell,0.85,below_threshold
2019,58463,AKRON,Shawn Muldowney II,0.85,below_threshold
2019,100297,AKRON,A.J. Watts,0.8999999999999998,below_threshold
2019,100351,AKRON,John Mitchell,0.85,below_threshold
2019,100297,AKRON,A.J. Watts,0.8999999999999998,below_threshold
2019,100297,AKRON,A.J. Watts,0.8999999999999998,below_threshold
2019,100351,AKRON,John Mitchell,0.85,below_threshold
2019,84196,GA STATE,Cornelius McCoy,0.48449999999999993,below_threshold
2019,84197,GA STATE,Sam Pinckney,0.46363636363636357,below_threshold
2019,55200,GA STATE,Roger Carter,0.5173913043478261,below_threshold
2019,41402,GA STATE,Jonathan Ifedi,0.5407407407407409,below_threshold
2019,39997,GA STATE,Devin Gentry,0.5636363636363636,below_threshold
2019,41302,GA STATE,Tra Barnett,0.44045454545454543,below_threshold
2019,29432,GA STATE,Aubry Payne,0.525,below_threshold
2019,42084,GA STATE,Matlin Marshall,0.6563636363636364,below_threshold
2019,84195,GA STATE,Terrance Dixon,0.508,below_threshold
2019,98007,GA STATE,Cadarrius Thompson,0.51,below_threshold
2019,83668,GA STATE,Destin Coates,0.47600000000000003,below_threshold
2019,97399,GA STATE,Jamari Thrash,0.4434782608695652,below_threshold
2019,13595,GA STATE,Christian Owens,0.8366666666666667,below_threshold
2019,83671,GA STATE,Seth Paige,0.5138636363636363,below_threshold
2019,102942,GA STATE,Donavon Grier,0.4407407407407408,below_threshold
2019,41302,GA STATE,Tra Barnett,0.44045454545454543,below_threshold
2019,82121,GA STATE,Dan Ellington,0.5483870967741935,below_threshold
2019,83668,GA STATE,Destin Coates,0.47600000000000003,below_threshold
2019,83671,GA STATE,Seth Paige,0.5138636363636363,below_threshold
2019,83669,GA STATE,Tucker Gregg,0.5383333333333332,below_threshold
2019,40198,GA STATE,Darius Stubbs,0.425,below_threshold
2019,98356,GA STATE,Cornelious Brown IV,0.48571428571428565,below_threshold
2019,97415,GA STATE,Kierston Harvey,0.5862068965517242,below_threshold
2019,39997,GA STATE,Devin Gentry,0.5636363636363636,below_threshold
2019,84196,GA STATE,Cornelius McCoy,0.48449999999999993,below_threshold
2019,42084,GA STATE,Matlin Marshall,0.6563636363636364,below_threshold
2019,29432,GA STATE,Aubry Payne,0.525,below_threshold
2019,35574,GA STATE,Ed Curney,0.525,below_threshold
2019,42517,GA STATE,Kendrec Grady,0.4689655172413793,below_threshold
2019,42916,GA STATE,Javonte Lain,0.49583333333333324,below_threshold
2019,43140,GA STATE,Evan Jones,0.7954545454545454,below_threshold
2019,43517,GA STATE,Terry Thomas,0.605625,below_threshold
2019,43627,GA STATE,Remy Lazarus,0.525,below_threshold
2019,55183,GA STATE,Hardrick Willis,0.7296296296296296,below_threshold
2019,55184,GA STATE,Steven Banks,0.6375,below_threshold
2019,55185,GA STATE,Dontae Wilson,0.6538461538461537,below_threshold
2019,55187,GA STATE,Victor Heyward,0.48571428571428565,below_threshold
2019,55189,GA STATE,Trajan Stephens-McQueen,0.5355,below_threshold
2019,55190,GA STATE,Jhi'Shawn Taylor,0.578125,below_threshold
2019,55196,GA STATE,Chris Bacon,0.5666666666666668,below_threshold
2019,55198,GA STATE,Jordan Strachan,0.5700000000000001,below_threshold
2019,55203,GA STATE,Jalen Wade,0.5383333333333332,below_threshold
2019,55206,GA STATE,T.J. Arnold,0.4722222222222222,below_threshold
2019,81529,GA STATE,Akeem Smith,0.72675,below_threshold
2019,81961,GA STATE,Jontrey Hunter,0.5844999999999999,below_threshold
2019,81963,GA STATE,T.J. Smith,0.5767857142857143,below_threshold
2019,82269,GA STATE,Mario Dungy,0.4348076923076923,below_threshold
2019,82550,GA STATE,Blake Carroll,0.5958333333333332,below_threshold
2019,82551,GA STATE,Zach Dixon,0.425,below_threshold
2019,83041,GA STATE,Quavian White,0.508,below_threshold
2019,83492,GA STATE,Tre Moore,0.4722222222222222,below_threshold
2019,83669,GA STATE,Tucker Gregg,0.5383333333333332,below_threshold
2019,83840,GA STATE,Jacorey Crawford,0.5191071428571429,below_threshold
2019,97256,GA STATE,Marcus Anderson,0.6125862068965516,below_threshold
2019,97542,GA STATE,Jordan Veneziale,0.67,below_threshold
2019,97560,GA STATE,Thomas Gore,0.605625,below_threshold
2019,102712,GA STATE,Tahji Gilbert,0.3838709677419355,below_threshold
2019,102903,GA STATE,Keon Carter,0.46363636363636357,below_threshold
2019,81658,GA STATE,Travis Glover,0.4689655172413793,below_threshold
2019,55194,GA STATE,Malik Sumter,0.5636363636363636,below_threshold
2019,41823,GA STATE,Shamarious Gilmore,0.46363636363636357,below_threshold
2019,36289,GA STATE,Hunter Atkinson,0.5700000000000001,below_threshold
2019,55191,GA STATE,Pat Bartlett,0.4710416666666667,below_threshold
2019,84196,GA STATE,Cornelius McCoy,0.48449999999999993,below_threshold
2019,55200,GA STATE,Roger Carter,0.5173913043478261,below_threshold
2019,82121,GA STATE,Dan Ellington,0.5483870967741935,below_threshold
2019,84197,GA STATE,Sam Pinckney,0.46363636363636357,below_threshold
2019,41402,GA STATE,Jonathan Ifedi,0.5407407407407409,below_threshold
2019,29432,GA STATE,Aubry Payne,0.525,below_threshold
2019,39997,GA STATE,Devin Gentry,0.5636363636363636,below_threshold
2019,42084,GA STATE,Matlin Marshall,0.6563636363636364,below_threshold
2019,41302,GA STATE,Tra Barnett,0.44045454545454543,below_threshold
2019,98007,GA STATE,Cadarrius Thompson,0.51,below_threshold
2019,36052,GA STATE,Camrin Knight,0.47600000000000003,below_threshold
2019,55193,GA STATE,Connor Robbins,0.4407407407407408,below_threshold
2019,84195,GA STATE,Terrance Dixon,0.508,below_threshold
2019,83668,GA STATE,Destin Coates,0.47600000000000003,below_threshold
2019,98356,GA STATE,Cornelious Brown IV,0.48571428571428565,below_threshold
2019,81657,GA STATE,Despelado Alexandre,0.44625,below_threshold
2019,83671,GA STATE,Seth Paige,0.5138636363636363,below_threshold
2019,83920,GA STATE,Johnathan Bass,0.47600000000000003,below_threshold
2019,83669,GA STATE,Tucker Gregg,0.5383333333333332,below_threshold
2019,97399,GA STATE,Jamari Thrash,0.4434782608695652,below_threshold
2019,55199,GA STATE,Chris Sibilia,0.612,below_threshold
2019,13595,GA STATE,Christian Owens,0.8366666666666667,below_threshold
2019,97453,GA STATE,Luis Cristobal Jr.,0.5012068965517241,below_threshold
2019,97415,GA STATE,Kierston Harvey,0.5862068965517242,below_threshold
2019,42012,GA STATE,Bryson Duckworth,0.425,below_threshold
2019,97824,GA STATE,Avery Reece,0.5138636363636363,below_threshold
2019,102942,GA STATE,Donavon Grier,0.4407407407407408,below_threshold
2019,40515,GA STATE,Deandre Bowman,0.5230769230769231,below_threshold
2019,40198,GA STATE,Darius Stubbs,0.425,below_threshold
2019,82121,GA STATE,Dan Ellington,0.5483870967741935,below_threshold
2019,98356,GA STATE,Cornelious Brown IV,0.48571428571428565,below_threshold
2019,97415,GA STATE,Kierston Harvey,0.5862068965517242,below_threshold
2019,35574,GA STATE,Ed Curney,0.525,below_threshold
2019,42517,GA STATE,Kendrec Grady,0.4689655172413793,below_threshold
2019,42916,GA STATE,Javonte Lain,0.49583333333333324,below_threshold
2019,43140,GA STATE,Evan Jones,0.7954545454545454,below_threshold
2019,43438,GA STATE,Cedric Stone,0.5037037037037037,below_threshold
2019,43517,GA STATE,Terry Thomas,0.605625,below_threshold
2019,43627,GA STATE,Remy Lazarus,0.525,below_threshold
2019,44731,GA STATE,Khai Anderson,0.657962962962963,below_threshold
2019,55183,GA STATE,Hardrick Willis,0.7296296296296296,below_threshold
2019,55185,GA STATE,Dontae Wilson,0.6538461538461537,below_threshold
2019,55187,GA STATE,Victor Heyward,0.48571428571428565,below_threshold
2019,55189,GA STATE,Trajan Stephens-McQueen,0.5355,below_threshold
2019,55190,GA STATE,Jhi'Shawn Taylor,0.578125,below_threshold
2019,55196,GA STATE,Chris Bacon,0.5666666666666668,below_threshold
2019,55197,GA STATE,Jaylon Jones,0.5958333333333332,below_threshold
2019,55198,GA STATE,Jordan Strachan,0.5700000000000001,below_threshold
2019,55203,GA STATE,Jalen Wade,0.5383333333333332,below_threshold
2019,55206,GA STATE,T.J. Arnold,0.4722222222222222,below_threshold
2019,81529,GA STATE,Akeem Smith,0.72675,below_threshold
2019,81961,GA STATE,Jontrey Hunter,0.5844999999999999,below_threshold
2019,81963,GA STATE,T.J. Smith,0.5767857142857143,below_threshold
2019,82269,GA STATE,Mario Dungy,0.4348076923076923,below_threshold
2019,82550,GA STATE,Blake Carroll,0.5958333333333332,below_threshold
2019,82551,GA STATE,Zach Dixon,0.425,below_threshold
2019,83040,GA STATE,Tyler Gore,0.595,below_threshold
2019,83041,GA STATE,Quavian White,0.508,below_threshold
2019,83492,GA STATE,Tre Moore,0.4722222222222222,below_threshold
2019,83840,GA STATE,Jacorey Crawford,0.5191071428571429,below_threshold
2019,83842,GA STATE,Courtney Williams,0.646,below_threshold
2019,97141,GA STATE,Antavious Lane,0.4103448275862069,below_threshold
2019,97256,GA STATE,Marcus Anderson,0.6125862068965516,below_threshold
2019,97542,GA STATE,Jordan Veneziale,0.67,below_threshold
2019,97560,GA STATE,Thomas Gore,0.605625,below_threshold
2019,102712,GA STATE,Tahji Gilbert,0.3838709677419355,below_threshold
2019,102903,GA STATE,Keon Carter,0.46363636363636357,below_threshold
2019,35574,GA STATE,Ed Curney,0.525,below_threshold
2019,41402,GA STATE,Jonathan Ifedi,0.5407407407407409,below_threshold
2019,42084,GA STATE,Matlin Marshall,0.6563636363636364,below_threshold
2019,42517,GA STATE,Kendrec Grady,0.4689655172413793,below_threshold
2019,43128,GA STATE,Trey Chapman,0.4969230769230769,below_threshold
2019,43140,GA STATE,Evan Jones,0.7954545454545454,below_threshold
2019,43438,GA STATE,Cedric Stone,0.5037037037037037,below_threshold
2019,43627,GA STATE,Remy Lazarus,0.525,below_threshold
2019,44731,GA STATE,Khai Anderson,0.657962962962963,below_threshold
2019,55185,GA STATE,Dontae Wilson,0.6538461538461537,below_threshold
2019,55187,GA STATE,Victor Heyward,0.48571428571428565,below_threshold
2019,55189,GA STATE,Trajan Stephens-McQueen,0.5355,below_threshold
2019,55190,GA STATE,Jhi'Shawn Taylor,0.578125,below_threshold
2019,55196,GA STATE,Chris Bacon,0.5666666666666668,below_threshold
2019,55197,GA STATE,Jaylon Jones,0.5958333333333332,below_threshold
2019,55198,GA STATE,Jordan Strachan,0.5700000000000001,below_threshold
2019,55207,GA STATE,Nygee Williams-Mitchell,0.6375000000000001,below_threshold
2019,81961,GA STATE,Jontrey Hunter,0.5844999999999999,below_threshold
2019,81963,GA STATE,T.J. Smith,0.5767857142857143,below_threshold
2019,82550,GA STATE,Blake Carroll,0.5958333333333332,below_threshold
2019,82551,GA STATE,Zach Dixon,0.425,below_threshold
2019,83040,GA STATE,Tyler Gore,0.595,below_threshold
2019,83041,GA STATE,Quavian White,0.508,below_threshold
2019,83840,GA STATE,Jacorey Crawford,0.5191071428571429,below_threshold
2019,83842,GA STATE,Courtney Williams,0.646,below_threshold
2019,97141,GA STATE,Antavious Lane,0.4103448275862069,below_threshold
2019,97256,GA STATE,Marcus Anderson,0.6125862068965516,below_threshold
2019,97542,GA STATE,Jordan Veneziale,0.67,below_threshold
2019,102712,GA STATE,Tahji Gilbert,0.3838709677419355,below_threshold
2019,102735,GA STATE,Josh Ingram,0.49583333333333324,below_threshold
2019,102903,GA STATE,Keon Carter,0.46363636363636357,below_threshold
2019,35574,GA STATE,Ed Curney,0.525,below_threshold
2019,41402,GA STATE,Jonathan Ifedi,0.5407407407407409,below_threshold
2019,42084,GA STATE,Matlin Marshall,0.6563636363636364,below_threshold
2019,42517,GA STATE,Kendrec Grady,0.4689655172413793,below_threshold
2019,42916,GA STATE,Javonte Lain,0.49583333333333324,below_threshold
2019,43128,GA STATE,Trey Chapman,0.4969230769230769,below_threshold
2019,43140,GA STATE,Evan Jones,0.7954545454545454,below_threshold
2019,43438,GA STATE,Cedric Stone,0.5037037037037037,below_threshold
2019,43517,GA STATE,Terry Thomas,0.605625,below_threshold
2019,43627,GA STATE,Remy Lazarus,0.525,below_threshold
2019,44731,GA STATE,Khai Anderson,0.657962962962963,below_threshold
2019,55183,GA STATE,Hardrick Willis,0.7296296296296296,below_threshold
2019,55184,GA STATE,Steven Banks,0.6375,below_threshold
2019,55185,GA STATE,Dontae Wilson,0.6538461538461537,below_threshold
2019,55187,GA STATE,Victor Heyward,0.48571428571428565,below_threshold
2019,55189,GA STATE,Trajan Stephens-McQueen,0.5355,below_threshold
2019,55190,GA STATE,Jhi'Shawn Taylor,0.578125,below_threshold
2019,55196,GA STATE,Chris Bacon,0.5666666666666668,below_threshold
2019,55197,GA STATE,Jaylon Jones,0.5958333333333332,below_threshold
2019,55198,GA STATE,Jordan Strachan,0.5700000000000001,below_threshold
2019,55203,GA STATE,Jalen Wade,0.5383333333333332,below_threshold
2019,55206,GA STATE,T.J. Arnold,0.4722222222222222,below_threshold
2019,55207,GA STATE,Nygee Williams-Mitchell,0.6375000000000001,below_threshold
2019,81529,GA STATE,Akeem Smith,0.72675,below_threshold
2019,81961,GA STATE,Jontrey Hunter,0.5844999999999999,below_threshold
2019,81963,GA STATE,T.J. Smith,0.5767857142857143,below_threshold
2019,82269,GA STATE,Mario Dungy,0.4348076923076923,below_threshold
2019,82550,GA STATE,Blake Carroll,0.5958333333333332,below_threshold
2019,82551,GA STATE,Zach Dixon,0.425,below_threshold
2019,83040,GA STATE,Tyler Gore,0.595,below_threshold
2019,83041,GA STATE,Quavian White,0.508,below_threshold
2019,83492,GA STATE,Tre Moore,0.4722222222222222,below_threshold
2019,83669,GA STATE,Tucker Gregg,0.5383333333333332,below_threshold
2019,83840,GA STATE,Jacorey Crawford,0.5191071428571429,below_threshold
2019,83842,GA STATE,Courtney Williams,0.646,below_threshold
2019,97141,GA STATE,Antavious Lane,0.4103448275862069,below_threshold
2019,97256,GA STATE,Marcus Anderson,0.6125862068965516,below_threshold
2019,97542,GA STATE,Jordan Veneziale,0.67,below_threshold
2019,97560,GA STATE,Thomas Gore,0.605625,below_threshold
2019,102712,GA STATE,Tahji Gilbert,0.3838709677419355,below_threshold
2019,102735,GA STATE,Josh Ingram,0.49583333333333324,below_threshold
2019,102903,GA STATE,Keon Carter,0.46363636363636357,below_threshold
2019,44184,ARK STATE,Will Bradley-King,0.781081081081081,below_threshold
2019,58501,ARK STATE,Andre Harris Jr.,0.85,below_threshold
2019,44184,ARK STATE,Will Bradley-King,0.781081081081081,below_threshold
2019,83150,ARK STATE,Tra Green,0.82675,below_threshold
2019,44184,ARK STATE,Will Bradley-King,0.781081081081081,below_threshold
2019,83150,ARK STATE,Tra Green,0.82675,below_threshold
2019,44184,ARK STATE,Will Bradley-King,0.781081081081081,below_threshold
2019,83150,ARK STATE,Tra Green,0.82675,below_threshold
2019,47706,BALL ST,Isaac James-Gray,0.6925925925925928,below_threshold
2019,77573,BALL ST,Rayshawn Wilborn,0.7925925925925927,below_threshold
2019,77573,BALL ST,Rayshawn Wilborn,0.7925925925925927,below_threshold
2019,47706,BALL ST,Isaac James-Gray,0.6925925925925928,below_threshold
2019,77573,BALL ST,Rayshawn Wilborn,0.7925925925925927,below_threshold
2019,47706,BALL ST,Isaac James-Gray,0.6925925925925928,below_threshold
2019,77573,BALL ST,Rayshawn Wilborn,0.7925925925925927,below_threshold
2019,97070,BUFFALO,Ron Cook Jr.,0.85,below_threshold
2019,97070,BUFFALO,Ron Cook Jr.,0.85,below_threshold
2019,97968,BUFFALO,Tyrece Woods Jr.,0.85,below_threshold
2019,97070,BUFFALO,Ron Cook Jr.,0.85,below_threshold
2019,37063,BUFFALO,Daniel Clifford,0.7555555555555555,below_threshold
2019,97070,BUFFALO,Ron Cook Jr.,0.85,below_threshold
2019,97968,BUFFALO,Tyrece Woods Jr.,0.85,below_threshold
2019,97070,BUFFALO,Ron Cook Jr.,0.85,below_threshold
2019,97968,BUFFALO,Tyrece Woods Jr.,0.85,below_threshold
2019,97070,BUFFALO,Ron Cook Jr.,0.85,below_threshold
2019,97968,BUFFALO,Tyrece Woods Jr.,0.85,below_threshold
2019,55410,UCF,Gabe Davis,0.8391304347826086,below_threshold
2019,77898,UCF,Christopher DeLoach,0.7906249999999999,below_threshold
2019,55410,UCF,Gabe Davis,0.8391304347826086,below_threshold
2019,77898,UCF,Christopher DeLoach,0.7906249999999999,below_threshold
2019,77898,UCF,Christopher DeLoach,0.7906249999999999,below_threshold
2019,77898,UCF,Christopher DeLoach,0.7906249999999999,below_threshold
2019,77898,UCF,Christopher DeLoach,0.7906249999999999,below_threshold
2019,100903,CINCINNATI,Sauce Gardner,0.6884615384615385,below_threshold
2019,100903,CINCINNATI,Sauce Gardner,0.6884615384615385,below_threshold
2019,100903,CINCINNATI,Sauce Gardner,0.6884615384615385,below_threshold
2019,100903,CINCINNATI,Sauce Gardner,0.6884615384615385,below_threshold
2019,83256,IOWA,JuJu Brents,0.8083333333333335,below_threshold
2019,59771,KANSAS,Earl Bostick Jr.,0.85,below_threshold
2019,97494,KANSAS,Kenneth Logan Jr.,0.8083333333333335,below_threshold
2019,97494,KANSAS,Kenneth Logan Jr.,0.8083333333333335,below_threshold
2019,97494,KANSAS,Kenneth Logan Jr.,0.8083333333333335,below_threshold
2019,40133,KANSAS ST,Unknown Kansas State 87,0.45421875,below_threshold
2019,55983,KANSAS ST,A.J. Parker,0.9052631578947369,below_threshold
2019,40133,KANSAS ST,Unknown Kansas State 87,0.45421875,below_threshold
2019,55983,KANSAS ST,A.J. Parker,0.9052631578947369,below_threshold
2019,61350,KANSAS ST,DJ Render,0.8052631578947369,below_threshold
2019,40133,KANSAS ST,Unknown Kansas State 87,0.45421875,below_threshold
2019,55983,KANSAS ST,A.J. Parker,0.9052631578947369,below_threshold
2019,61350,KANSAS ST,DJ Render,0.8052631578947369,below_threshold
2019,76888,MIAMI FL,Nesta Jade Silvera,0.85,below_threshold
2019,76889,MIAMI FL,Greg Rousseau,0.8620689655172413,below_threshold
2019,98339,MIAMI FL,Jason Blissett Jr.,0.85,below_threshold
2019,77378,MIAMI FL,DJ Scaife Jr.,0.85,below_threshold
2019,77383,MIAMI FL,John Campbell Jr.,0.85,below_threshold
2019,77379,MIAMI FL,Cleveland Reed Jr.,0.85,below_threshold
2019,76889,MIAMI FL,Greg Rousseau,0.8620689655172413,below_threshold
2019,76888,MIAMI FL,Nesta Jade Silvera,0.85,below_threshold
2019,76889,MIAMI FL,Greg Rousseau,0.8620689655172413,below_threshold
2019,98339,MIAMI FL,Jason Blissett Jr.,0.85,below_threshold
2019,76889,MIAMI FL,Greg Rousseau,0.8620689655172413,below_threshold
2019,76888,MIAMI FL,Nesta Jade Silvera,0.85,below_threshold
2019,76889,MIAMI FL,Greg Rousseau,0.8620689655172413,below_threshold
2019,98339,MIAMI FL,Jason Blissett Jr.,0.85,below_threshold
2019,60700,NAVY,Jake Springer,0.7925925925925927,below_threshold
2019,100960,NAVY,J'arius Warren,0.85,below_threshold
2019,60700,NAVY,Jake Springer,0.7925925925925927,below_threshold
2019,100960,NAVY,J'arius Warren,0.85,below_threshold
2019,60700,NAVY,Jake Springer,0.7925925925925927,below_threshold
2019,100960,NAVY,J'arius Warren,0.85,below_threshold
2019,60700,NAVY,Jake Springer,0.7925925925925927,below_threshold
2019,100960,NAVY,J'arius Warren,0.85,below_threshold
2019,84534,CHARLOTTE,Ishod Byarm,0.6173913043478261,below_threshold
2019,61204,CHARLOTTE,Cameron Bent,0.82675,below_threshold
2019,84534,CHARLOTTE,Ishod Byarm,0.6173913043478261,below_threshold
2019,98148,CHARLOTTE,Mike Kelly,0.865,below_threshold
2019,84534,CHARLOTTE,Ishod Byarm,0.6173913043478261,below_threshold
2019,61204,CHARLOTTE,Cameron Bent,0.82675,below_threshold
2019,98148,CHARLOTTE,Mike Kelly,0.865,below_threshold
2019,98148,CHARLOTTE,Mike Kelly,0.865,below_threshold
2019,98148,CHARLOTTE,Mike Kelly,0.865,below_threshold
2019,35491,LA MONROE,John Washington,0.85,below_threshold
2019,35491,LA MONROE,John Washington,0.85,below_threshold
2019,35491,LA MONROE,John Washington,0.85,below_threshold
2019,36780,UNLV,Nathaniel Oishi,0.72675,below_threshold
2019,83424,UNLV,Phillip Hill,0.8285714285714286,below_threshold
2019,83424,UNLV,Phillip Hill,0.8285714285714286,below_threshold
2019,83424,UNLV,Phillip Hill,0.8285714285714286,below_threshold
2019,44800,NEVADA,Bobby Hill,0.6666666666666667,below_threshold
2019,100379,OREGON,D.J. James,0.8999999999999998,below_threshold
2019,100379,OREGON,D.J. James,0.8999999999999998,below_threshold
2019,100379,OREGON,D.J. James,0.8999999999999998,below_threshold
2019,77168,SMU,JC Rispress,0.85,below_threshold
2019,83321,SMU,Cam Jones,0.9075,below_threshold
2019,83321,SMU,Cam Jones,0.9075,below_threshold
2019,77168,SMU,JC Rispress,0.85,below_threshold
2019,83321,SMU,Cam Jones,0.9075,below_threshold
2019,40700,GA SOUTHRN,Mark Michaud,0.48250000000000004,below_threshold
2019,61276,GA SOUTHRN,Malik Murray,0.39230769230769225,below_threshold
2019,42256,GA SOUTHRN,Colby Ransom,0.425,below_threshold
2019,40989,GA SOUTHRN,Darion Anderson,0.5037037037037037,below_threshold
2019,97159,GA SOUTHRN,Khaleb Hood,0.3695652173913043,below_threshold
2019,61277,GA SOUTHRN,Wesley Kennedy III,0.4541666666666666,below_threshold
2019,78869,GA SOUTHRN,NaJee Thompson,0.51,below_threshold
2019,57213,GA SOUTHRN,Matt LaRoche,0.425,below_threshold
2019,57374,GA SOUTHRN,J.D. King,0.4434782608695652,below_threshold
2019,57218,GA SOUTHRN,Logan Wright,0.425,below_threshold
2019,57052,GA SOUTHRN,Cam Brown,0.57375,below_threshold
2019,40384,GA SOUTHRN,Shai Werts,0.49583333333333324,below_threshold
2019,78452,GA SOUTHRN,Anthony Beck II,0.4371428571428571,below_threshold
2019,45343,GA SOUTHRN,Dexter Carter Jr.,0.5857142857142856,below_threshold
2019,57374,GA SOUTHRN,J.D. King,0.4434782608695652,below_threshold
2019,40384,GA SOUTHRN,Shai Werts,0.49583333333333324,below_threshold
2019,61277,GA SOUTHRN,Wesley Kennedy III,0.4541666666666666,below_threshold
2019,57213,GA SOUTHRN,Matt LaRoche,0.425,below_threshold
2019,57218,GA SOUTHRN,Logan Wright,0.425,below_threshold
2019,78482,GA SOUTHRN,Justin Tomlin,0.425,below_threshold
2019,97121,GA SOUTHRN,Gerald Green,0.4434782608695652,below_threshold
2019,61276,GA SOUTHRN,Malik Murray,0.39230769230769225,below_threshold
2019,97159,GA SOUTHRN,Khaleb Hood,0.3695652173913043,below_threshold
2019,78869,GA SOUTHRN,NaJee Thompson,0.51,below_threshold
2019,79640,GA SOUTHRN,C.J. Wright,0.39230769230769225,below_threshold
2019,33921,GA SOUTHRN,Lane Ecton,0.559,below_threshold
2019,34540,GA SOUTHRN,Donald Rutledge Jr.,0.4387096774193548,below_threshold
2019,39277,GA SOUTHRN,Jessie Liptrot,0.3825,below_threshold
2019,43542,GA SOUTHRN,Darrell Baker Jr.,0.4689655172413793,below_threshold
2019,43696,GA SOUTHRN,Monquavion Brinson,0.6,below_threshold
2019,43888,GA SOUTHRN,Randy Wade Jr.,0.5213043478260869,below_threshold
2019,44267,GA SOUTHRN,Alvin Ward Jr.,0.559,below_threshold
2019,44306,GA SOUTHRN,Rashad Byrd,0.48636363636363644,below_threshold
2019,44341,GA SOUTHRN,Traver Vliem,0.4695652173913043,below_threshold
2019,49811,GA SOUTHRN,Todd Bradley-Glenn,0.5275,below_threshold
2019,49997,GA SOUTHRN,Ty Phillips,0.4868181818181818,below_threshold
2019,51155,GA SOUTHRN,Jay Bowdry,0.48250000000000004,below_threshold
2019,56356,GA SOUTHRN,Raymond Johnson III,0.47812499999999997,below_threshold
2019,56855,GA SOUTHRN,Justin Ellis,0.425,below_threshold
2019,56979,GA SOUTHRN,Gavin Adcock,0.49583333333333324,below_threshold
2019,57845,GA SOUTHRN,Stedman Waiters,0.5407407407407409,below_threshold
2019,57847,GA SOUTHRN,Chris Harris Jr.,0.5383333333333332,below_threshold
2019,60658,GA SOUTHRN,Kenderick Duncan,0.37777777777777777,below_threshold
2019,64363,GA SOUTHRN,Reynard Ellis,0.4103448275862069,below_threshold
2019,78422,GA SOUTHRN,Zyon McGee,0.459,below_threshold
2019,78869,GA SOUTHRN,NaJee Thompson,0.51,below_threshold
2019,79211,GA SOUTHRN,Parker Devine,0.44723076923076915,below_threshold
2019,79216,GA SOUTHRN,Elijah Campbell Jr.,0.6296296296296297,below_threshold
2019,79218,GA SOUTHRN,Dillon Springer,0.525,below_threshold
2019,79223,GA SOUTHRN,Quin Williams,0.4541666666666666,below_threshold
2019,79640,GA SOUTHRN,C.J. Wright,0.39230769230769225,below_threshold
2019,97759,GA SOUTHRN,Amaru Herring,0.5275862068965518,below_threshold
2019,97964,GA SOUTHRN,AJ Watkins,0.459,below_threshold
2019,102700,GA SOUTHRN,Thomas Cook,0.72675,below_threshold
2019,27717,GA SOUTHRN,Jake Edwards,0.48571428571428565,below_threshold
2019,41664,GA SOUTHRN,Drew Wilson,0.4434782608695652,below_threshold
2019,59706,GA SOUTHRN,Peyton Backer,0.51,below_threshold
2019,40718,GA SOUTHRN,Lawrence Edwards,0.45,below_threshold
2019,59705,GA SOUTHRN,Jarrod Leeds,0.49583333333333324,below_threshold
2019,57052,GA SOUTHRN,Cam Brown,0.57375,below_threshold
2019,59709,GA SOUTHRN,Caleb Kelly,0.5383333333333333,below_threshold
2019,40700,GA SOUTHRN,Mark Michaud,0.48250000000000004,below_threshold
2019,40384,GA SOUTHRN,Shai Werts,0.49583333333333324,below_threshold
2019,42256,GA SOUTHRN,Colby Ransom,0.425,below_threshold
2019,41586,GA SOUTHRN,Aaron Dowdell,0.4103448275862069,below_threshold
2019,40989,GA SOUTHRN,Darion Anderson,0.5037037037037037,below_threshold
2019,57374,GA SOUTHRN,J.D. King,0.4434782608695652,below_threshold
2019,61276,GA SOUTHRN,Malik Murray,0.39230769230769225,below_threshold
2019,61277,GA SOUTHRN,Wesley Kennedy III,0.4541666666666666,below_threshold
2019,57213,GA SOUTHRN,Matt LaRoche,0.425,below_threshold
2019,97462,GA SOUTHRN,Chase Hancock,0.47600000000000003,below_threshold
2019,46171,GA SOUTHRN,Jakob Cooper,0.425,below_threshold
2019,45043,GA SOUTHRN,Emory McKenzie,0.47812499999999997,below_threshold
2019,78482,GA SOUTHRN,Justin Tomlin,0.425,below_threshold
2019,45343,GA SOUTHRN,Dexter Carter Jr.,0.5857142857142856,below_threshold
2019,78351,GA SOUTHRN,Jawaski Webb,0.3642857142857143,below_threshold
2019,57218,GA SOUTHRN,Logan Wright,0.425,below_threshold
2019,78240,GA SOUTHRN,Khalil Crowder,0.4576923076923077,below_threshold
2019,97159,GA SOUTHRN,Khaleb Hood,0.3695652173913043,below_threshold
2019,97121,GA SOUTHRN,Gerald Green,0.4434782608695652,below_threshold
2019,78869,GA SOUTHRN,NaJee Thompson,0.51,below_threshold
2019,97663,GA SOUTHRN,Emil Smith,0.6729166666666665,below_threshold
2019,97640,GA SOUTHRN,Beau Johnson,0.525,below_threshold
2019,98276,GA SOUTHRN,Griffin Carder,0.51,below_threshold
2019,78244,GA SOUTHRN,Will Browning III,0.3460714285714286,below_threshold
2019,98235,GA SOUTHRN,Aaron Pyron,0.5230769230769231,below_threshold
2019,79211,GA SOUTHRN,Parker Devine,0.44723076923076915,below_threshold
2019,102815,GA SOUTHRN,Peyton Johnson,0.47812499999999997,below_threshold
2019,58349,GA SOUTHRN,Ryan Langan,0.4576923076923077,below_threshold
2019,102816,GA SOUTHRN,Verneal Henshaw Jr.,0.3838709677419355,below_threshold
2019,49997,GA SOUTHRN,Ty Phillips,0.4868181818181818,below_threshold
2019,78251,GA SOUTHRN,Jeremy Smith,0.72675,below_threshold
2019,97648,GA SOUTHRN,Javonte McGriff,0.4589999999999999,below_threshold
2019,41781,GA SOUTHRN,Alex Smith,0.6729166666666665,below_threshold
2019,79223,GA SOUTHRN,Quin Williams,0.4541666666666666,below_threshold
2019,43888,GA SOUTHRN,Randy Wade Jr.,0.5213043478260869,below_threshold
2019,49811,GA SOUTHRN,Todd Bradley-Glenn,0.5275,below_threshold
2019,57214,GA SOUTHRN,Jared Daniels,0.5409090909090909,below_threshold
2019,33921,GA SOUTHRN,Lane Ecton,0.559,below_threshold
2019,33010,GA SOUTHRN,Tyler Bass,0.46142857142857135,below_threshold
2019,78422,GA SOUTHRN,Zyon McGee,0.459,below_threshold
2019,78452,GA SOUTHRN,Anthony Beck II,0.4371428571428571,below_threshold
2019,78906,GA SOUTHRN,Mills Ridings,0.4642857142857143,below_threshold
2019,79002,GA SOUTHRN,Justin Birdsong,0.425,below_threshold
2019,40384,GA SOUTHRN,Shai Werts,0.49583333333333324,below_threshold
2019,78482,GA SOUTHRN,Justin Tomlin,0.425,below_threshold
2019,97159,GA SOUTHRN,Khaleb Hood,0.3695652173913043,below_threshold
2019,33010,GA SOUTHRN,Tyler Bass,0.46142857142857135,below_threshold
2019,33921,GA SOUTHRN,Lane Ecton,0.559,below_threshold
2019,34540,GA SOUTHRN,Donald Rutledge Jr.,0.4387096774193548,below_threshold
2019,39277,GA SOUTHRN,Jessie Liptrot,0.3825,below_threshold
2019,43542,GA SOUTHRN,Darrell Baker Jr.,0.4689655172413793,below_threshold
2019,43696,GA SOUTHRN,Monquavion Brinson,0.6,below_threshold
2019,43888,GA SOUTHRN,Randy Wade Jr.,0.5213043478260869,below_threshold
2019,44267,GA SOUTHRN,Alvin Ward Jr.,0.559,below_threshold
2019,44306,GA SOUTHRN,Rashad Byrd,0.48636363636363644,below_threshold
2019,44341,GA SOUTHRN,Traver Vliem,0.4695652173913043,below_threshold
2019,49346,GA SOUTHRN,Kindle Vildor,0.39230769230769225,below_threshold
2019,49811,GA SOUTHRN,Todd Bradley-Glenn,0.5275,below_threshold
2019,49997,GA SOUTHRN,Ty Phillips,0.4868181818181818,below_threshold
2019,51155,GA SOUTHRN,Jay Bowdry,0.48250000000000004,below_threshold
2019,56356,GA SOUTHRN,Raymond Johnson III,0.47812499999999997,below_threshold
2019,56855,GA SOUTHRN,Justin Ellis,0.425,below_threshold
2019,56979,GA SOUTHRN,Gavin Adcock,0.49583333333333324,below_threshold
2019,57845,GA SOUTHRN,Stedman Waiters,0.5407407407407409,below_threshold
2019,57846,GA SOUTHRN,Tre Allen,0.5614285714285714,below_threshold
2019,57847,GA SOUTHRN,Chris Harris Jr.,0.5383333333333332,below_threshold
2019,60656,GA SOUTHRN,Tra Cofield,0.5037037037037037,below_threshold
2019,60657,GA SOUTHRN,Ryan White,0.46363636363636357,below_threshold
2019,60658,GA SOUTHRN,Kenderick Duncan,0.37777777777777777,below_threshold
2019,64363,GA SOUTHRN,Reynard Ellis,0.4103448275862069,below_threshold
2019,78422,GA SOUTHRN,Zyon McGee,0.459,below_threshold
2019,79001,GA SOUTHRN,Brandon Cross,0.425,below_threshold
2019,79002,GA SOUTHRN,Justin Birdsong,0.425,below_threshold
2019,79011,GA SOUTHRN,Deonta Bembry,0.5173913043478261,below_threshold
2019,79029,GA SOUTHRN,Jaden Moreland,0.4407407407407408,below_threshold
2019,79211,GA SOUTHRN,Parker Devine,0.44723076923076915,below_threshold
2019,79216,GA SOUTHRN,Elijah Campbell Jr.,0.6296296296296297,below_threshold
2019,79218,GA SOUTHRN,Dillon Springer,0.525,below_threshold
2019,79223,GA SOUTHRN,Quin Williams,0.4541666666666666,below_threshold
2019,79640,GA SOUTHRN,C.J. Wright,0.39230769230769225,below_threshold
2019,97759,GA SOUTHRN,Amaru Herring,0.5275862068965518,below_threshold
2019,97964,GA SOUTHRN,AJ Watkins,0.459,below_threshold
2019,102897,GA SOUTHRN,Java'n Singletary,0.525,below_threshold
2019,33921,GA SOUTHRN,Lane Ecton,0.559,below_threshold
2019,34540,GA SOUTHRN,Donald Rutledge Jr.,0.4387096774193548,below_threshold
2019,39277,GA SOUTHRN,Jessie Liptrot,0.3825,below_threshold
2019,43542,GA SOUTHRN,Darrell Baker Jr.,0.4689655172413793,below_threshold
2019,43696,GA SOUTHRN,Monquavion Brinson,0.6,below_threshold
2019,43888,GA SOUTHRN,Randy Wade Jr.,0.5213043478260869,below_threshold
2019,44267,GA SOUTHRN,Alvin Ward Jr.,0.559,below_threshold
2019,44306,GA SOUTHRN,Rashad Byrd,0.48636363636363644,below_threshold
2019,44341,GA SOUTHRN,Traver Vliem,0.4695652173913043,below_threshold
2019,49346,GA SOUTHRN,Kindle Vildor,0.39230769230769225,below_threshold
2019,49811,GA SOUTHRN,Todd Bradley-Glenn,0.5275,below_threshold
2019,49997,GA SOUTHRN,Ty Phillips,0.4868181818181818,below_threshold
2019,51155,GA SOUTHRN,Jay Bowdry,0.48250000000000004,below_threshold
2019,56356,GA SOUTHRN,Raymond Johnson III,0.47812499999999997,below_threshold
2019,56855,GA SOUTHRN,Justin Ellis,0.425,below_threshold
2019,57847,GA SOUTHRN,Chris Harris Jr.,0.5383333333333332,below_threshold
2019,60656,GA SOUTHRN,Tra Cofield,0.5037037037037037,below_threshold
2019,60657,GA SOUTHRN,Ryan White,0.46363636363636357,below_threshold
2019,60658,GA SOUTHRN,Kenderick Duncan,0.37777777777777777,below_threshold
2019,64363,GA SOUTHRN,Reynard Ellis,0.4103448275862069,below_threshold
2019,78422,GA SOUTHRN,Zyon McGee,0.459,below_threshold
2019,79002,GA SOUTHRN,Justin Birdsong,0.425,below_threshold
2019,79011,GA SOUTHRN,Deonta Bembry,0.5173913043478261,below_threshold
2019,79029,GA SOUTHRN,Jaden Moreland,0.4407407407407408,below_threshold
2019,79211,GA SOUTHRN,Parker Devine,0.44723076923076915,below_threshold
2019,79216,GA SOUTHRN,Elijah Campbell Jr.,0.6296296296296297,below_threshold
2019,79218,GA SOUTHRN,Dillon Springer,0.525,below_threshold
2019,79223,GA SOUTHRN,Quin Williams,0.4541666666666666,below_threshold
2019,79640,GA SOUTHRN,C.J. Wright,0.39230769230769225,below_threshold
2019,102897,GA SOUTHRN,Java'n Singletary,0.525,below_threshold
2019,33921,GA SOUTHRN,Lane Ecton,0.559,below_threshold
2019,34540,GA SOUTHRN,Donald Rutledge Jr.,0.4387096774193548,below_threshold
2019,39277,GA SOUTHRN,Jessie Liptrot,0.3825,below_threshold
2019,43542,GA SOUTHRN,Darrell Baker Jr.,0.4689655172413793,below_threshold
2019,43696,GA SOUTHRN,Monquavion Brinson,0.6,below_threshold
2019,43888,GA SOUTHRN,Randy Wade Jr.,0.5213043478260869,below_threshold
2019,44267,GA SOUTHRN,Alvin Ward Jr.,0.559,below_threshold
2019,44306,GA SOUTHRN,Rashad Byrd,0.48636363636363644,below_threshold
2019,44341,GA SOUTHRN,Traver Vliem,0.4695652173913043,below_threshold
2019,49346,GA SOUTHRN,Kindle Vildor,0.39230769230769225,below_threshold
2019,49811,GA SOUTHRN,Todd Bradley-Glenn,0.5275,below_threshold
2019,49997,GA SOUTHRN,Ty Phillips,0.4868181818181818,below_threshold
2019,51155,GA SOUTHRN,Jay Bowdry,0.48250000000000004,below_threshold
2019,56356,GA SOUTHRN,Raymond Johnson III,0.47812499999999997,below_threshold
2019,56855,GA SOUTHRN,Justin Ellis,0.425,below_threshold
2019,56979,GA SOUTHRN,Gavin Adcock,0.49583333333333324,below_threshold
2019,57845,GA SOUTHRN,Stedman Waiters,0.5407407407407409,below_threshold
2019,57846,GA SOUTHRN,Tre Allen,0.5614285714285714,below_threshold
2019,57847,GA SOUTHRN,Chris Harris Jr.,0.5383333333333332,below_threshold
2019,60656,GA SOUTHRN,Tra Cofield,0.5037037037037037,below_threshold
2019,60657,GA SOUTHRN,Ryan White,0.46363636363636357,below_threshold
2019,60658,GA SOUTHRN,Kenderick Duncan,0.37777777777777777,below_threshold
2019,64363,GA SOUTHRN,Reynard Ellis,0.4103448275862069,below_threshold
2019,78422,GA SOUTHRN,Zyon McGee,0.459,below_threshold
2019,78869,GA SOUTHRN,NaJee Thompson,0.51,below_threshold
2019,79001,GA SOUTHRN,Brandon Cross,0.425,below_threshold
2019,79002,GA SOUTHRN,Justin Birdsong,0.425,below_threshold
2019,79011,GA SOUTHRN,Deonta Bembry,0.5173913043478261,below_threshold
2019,79029,GA SOUTHRN,Jaden Moreland,0.4407407407407408,below_threshold
2019,79211,GA SOUTHRN,Parker Devine,0.44723076923076915,below_threshold
2019,79216,GA SOUTHRN,Elijah Campbell Jr.,0.6296296296296297,below_threshold
2019,79218,GA SOUTHRN,Dillon Springer,0.525,below_threshold
2019,79223,GA SOUTHRN,Quin Williams,0.4541666666666666,below_threshold
2019,79640,GA SOUTHRN,C.J. Wright,0.39230769230769225,below_threshold
2019,97759,GA SOUTHRN,Amaru Herring,0.5275862068965518,below_threshold
2019,97964,GA SOUTHRN,AJ Watkins,0.459,below_threshold
2019,102700,GA SOUTHRN,Thomas Cook,0.72675,below_threshold
2019,102897,GA SOUTHRN,Java'n Singletary,0.525,below_threshold
2019,84308,MISS STATE,Stephen Guidry,0.4187037037037038,below_threshold
2019,42344,MISS STATE,Osirus Mitchell,0.408,below_threshold
2019,47913,MISS STATE,Deddrick Thomas,0.5844999999999999,below_threshold
2019,47033,MISS STATE,Farrod Green,0.4541666666666666,below_threshold
2019,26884,MISS STATE,Isaiah Zuber,0.425,below_threshold
2019,57306,MISS STATE,Kylin Hill,0.72675,below_threshold
2019,61463,MISS STATE,Austin Williams,0.6152380952380953,below_threshold
2019,97593,MISS STATE,JaVonta Payton,0.5037037037037037,below_threshold
2019,41001,MISS STATE,Dontea Jones,0.5037037037037037,below_threshold
2019,34474,MISS STATE,Nick Gibson,0.49583333333333324,below_threshold
2019,84010,MISS STATE,Geor'Quarius Spivey,0.425,below_threshold
2019,84310,MISS STATE,Cameron Gardner,0.47600000000000003,below_threshold
2019,35555,MISS STATE,Malik Dear,0.42130434782608694,below_threshold
2019,99166,MISS STATE,Lee Witherspoon,0.4533333333333333,below_threshold
2019,84011,MISS STATE,Brad Cumbest,0.525,below_threshold
2019,83713,MISS STATE,Robert Rivers,0.408,below_threshold
2019,60457,MISS STATE,Keytaon Thompson,0.5533333333333333,below_threshold
2019,57306,MISS STATE,Kylin Hill,0.72675,below_threshold
2019,98212,MISS STATE,Garrett Shrader,0.4407407407407408,below_threshold
2019,28301,MISS STATE,Tommy Stevens,0.35888888888888887,below_threshold
2019,34474,MISS STATE,Nick Gibson,0.49583333333333324,below_threshold
2019,99166,MISS STATE,Lee Witherspoon,0.4533333333333333,below_threshold
2019,35555,MISS STATE,Malik Dear,0.42130434782608694,below_threshold
2019,26884,MISS STATE,Isaiah Zuber,0.425,below_threshold
2019,57565,MISS STATE,Tucker Day,0.3695652173913043,below_threshold
2019,47913,MISS STATE,Deddrick Thomas,0.5844999999999999,below_threshold
2019,97593,MISS STATE,JaVonta Payton,0.5037037037037037,below_threshold
2019,41001,MISS STATE,Dontea Jones,0.5037037037037037,below_threshold
2019,39867,MISS STATE,Logan Burnett,0.408,below_threshold
2019,23468,MISS STATE,Tim Washington,0.68,below_threshold
2019,34696,MISS STATE,Brian Cole II,0.4434782608695652,below_threshold
2019,35935,MISS STATE,Maurice Smitherman,0.4387096774193548,below_threshold
2019,36669,MISS STATE,Chauncey Rivers,0.4407407407407408,below_threshold
2019,39422,MISS STATE,Sh'mar Kilby-Lane,0.3915151515151515,below_threshold
2019,42472,MISS STATE,Cameron Dantzler,0.5576923076923077,below_threshold
2019,43360,MISS STATE,C.J. Morgan,0.3695652173913043,below_threshold
2019,43392,MISS STATE,Erroll Thompson,0.4689655172413793,below_threshold
2019,43511,MISS STATE,Kobe Jones,0.5047619047619046,below_threshold
2019,48461,MISS STATE,Kendell Jones,0.49583333333333324,below_threshold
2019,48483,MISS STATE,Fletcher Adams,0.39230769230769225,below_threshold
2019,50306,MISS STATE,Marquiss Spencer,0.425,below_threshold
2019,50937,MISS STATE,Leo Lewis,0.525,below_threshold
2019,56081,MISS STATE,Tyler Williams,0.6152380952380953,below_threshold
2019,56083,MISS STATE,Jaquarius Landrews,0.5371428571428571,below_threshold
2019,56721,MISS STATE,Aaron Odom,0.40476190476190466,below_threshold
2019,56722,MISS STATE,Lee Autry,0.425,below_threshold
2019,56723,MISS STATE,James Jackson,0.6538461538461537,below_threshold
2019,56999,MISS STATE,Sherman Timbs,0.408,below_threshold
2019,57987,MISS STATE,Willie Gay,0.5213043478260869,below_threshold
2019,81317,MISS STATE,Nathaniel Watson,0.4387096774193548,below_threshold
2019,81318,MISS STATE,Aaron Brule,0.4434782608695652,below_threshold
2019,82499,MISS STATE,Cameron Young,0.49583333333333324,below_threshold
2019,83506,MISS STATE,Fabien Lovett,0.37777777777777777,below_threshold
2019,83508,MISS STATE,Jaden Crumedy,0.4407407407407408,below_threshold
2019,97247,MISS STATE,Fred Peters,0.42130434782608694,below_threshold
2019,97486,MISS STATE,Jarrian Jones,0.5576923076923077,below_threshold
2019,97872,MISS STATE,Martin Emerson Jr.,0.7233333333333334,below_threshold
2019,98311,MISS STATE,Nathan Pickering,0.425,below_threshold
2019,98907,MISS STATE,De'Monte Russell,0.4103448275862069,below_threshold
2019,98908,MISS STATE,Jack Harris,0.47600000000000003,below_threshold
2019,59874,MISS STATE,Tyre Phillips,0.425,below_threshold
2019,36957,MISS STATE,Darryl Williams,0.6152380952380953,below_threshold
2019,41285,MISS STATE,Dareuan Parker,0.5884615384615385,below_threshold
2019,59873,MISS STATE,Tommy Champion,0.408,below_threshold
2019,41341,MISS STATE,Greg Eiland,0.425,below_threshold
2019,41113,MISS STATE,Stewart Reese,0.408,below_threshold
2019,99095,MISS STATE,LaQuinston Sharp,0.4533333333333333,below_threshold
2019,47033,MISS STATE,Farrod Green,0.4541666666666666,below_threshold
2019,42344,MISS STATE,Osirus Mitchell,0.408,below_threshold
2019,84308,MISS STATE,Stephen Guidry,0.4187037037037038,below_threshold
2019,47913,MISS STATE,Deddrick Thomas,0.5844999999999999,below_threshold
2019,26884,MISS STATE,Isaiah Zuber,0.425,below_threshold
2019,57306,MISS STATE,Kylin Hill,0.72675,below_threshold
2019,28301,MISS STATE,Tommy Stevens,0.35888888888888887,below_threshold
2019,98212,MISS STATE,Garrett Shrader,0.4407407407407408,below_threshold
2019,46138,MISS STATE,Michael Story,0.4407407407407408,below_threshold
2019,97593,MISS STATE,JaVonta Payton,0.5037037037037037,below_threshold
2019,84010,MISS STATE,Geor'Quarius Spivey,0.425,below_threshold
2019,41001,MISS STATE,Dontea Jones,0.5037037037037037,below_threshold
2019,36904,MISS STATE,Evans Wilkerson,0.5464285714285714,below_threshold
2019,61463,MISS STATE,Austin Williams,0.6152380952380953,below_threshold
2019,84310,MISS STATE,Cameron Gardner,0.47600000000000003,below_threshold
2019,34474,MISS STATE,Nick Gibson,0.49583333333333324,below_threshold
2019,56723,MISS STATE,James Jackson,0.6538461538461537,below_threshold
2019,99166,MISS STATE,Lee Witherspoon,0.4533333333333333,below_threshold
2019,98401,MISS STATE,Charles Cross,0.408,below_threshold
2019,84011,MISS STATE,Brad Cumbest,0.525,below_threshold
2019,81742,MISS STATE,Kwatrivous Johnson,0.4935483870967741,below_threshold
2019,59872,MISS STATE,Cordavien Suggs,0.425,below_threshold
2019,99097,MISS STATE,Nick Pendley,0.4576923076923077,below_threshold
2019,84309,MISS STATE,Devonta Jason,0.49583333333333324,below_threshold
2019,35555,MISS STATE,Malik Dear,0.42130434782608694,below_threshold
2019,99098,MISS STATE,Brevyn Jones,0.4434782608695652,below_threshold
2019,81490,MISS STATE,Paul Blackwell,0.39230769230769225,below_threshold
2019,39867,MISS STATE,Logan Burnett,0.408,below_threshold
2019,43392,MISS STATE,Erroll Thompson,0.4689655172413793,below_threshold
2019,43511,MISS STATE,Kobe Jones,0.5047619047619046,below_threshold
2019,81318,MISS STATE,Aaron Brule,0.4434782608695652,below_threshold
2019,36669,MISS STATE,Chauncey Rivers,0.4407407407407408,below_threshold
2019,23468,MISS STATE,Tim Washington,0.68,below_threshold
2019,56082,MISS STATE,Landon Guidry,0.5383333333333332,below_threshold
2019,56083,MISS STATE,Jaquarius Landrews,0.5371428571428571,below_threshold
2019,83857,MISS STATE,Marcus Murphy,0.5576923076923077,below_threshold
2019,60964,MISS STATE,Powers Warren,0.408,below_threshold
2019,57564,MISS STATE,Jace Christmann,0.4689655172413793,below_threshold
2019,57987,MISS STATE,Willie Gay,0.5213043478260869,below_threshold
2019,28301,MISS STATE,Tommy Stevens,0.35888888888888887,below_threshold
2019,98212,MISS STATE,Garrett Shrader,0.4407407407407408,below_threshold
2019,39867,MISS STATE,Logan Burnett,0.408,below_threshold
2019,23468,MISS STATE,Tim Washington,0.68,below_threshold
2019,34696,MISS STATE,Brian Cole II,0.4434782608695652,below_threshold
2019,35935,MISS STATE,Maurice Smitherman,0.4387096774193548,below_threshold
2019,36669,MISS STATE,Chauncey Rivers,0.4407407407407408,below_threshold
2019,39422,MISS STATE,Sh'mar Kilby-Lane,0.3915151515151515,below_threshold
2019,42472,MISS STATE,Cameron Dantzler,0.5576923076923077,below_threshold
2019,43011,MISS STATE,Korey Charles,0.5434782608695652,below_threshold
2019,43360,MISS STATE,C.J. Morgan,0.3695652173913043,below_threshold
2019,43392,MISS STATE,Erroll Thompson,0.4689655172413793,below_threshold
2019,43511,MISS STATE,Kobe Jones,0.5047619047619046,below_threshold
2019,48461,MISS STATE,Kendell Jones,0.49583333333333324,below_threshold
2019,48483,MISS STATE,Fletcher Adams,0.39230769230769225,below_threshold
2019,50306,MISS STATE,Marquiss Spencer,0.425,below_threshold
2019,50937,MISS STATE,Leo Lewis,0.525,below_threshold
2019,55636,MISS STATE,Taury Dixon,0.425,below_threshold
2019,56081,MISS STATE,Tyler Williams,0.6152380952380953,below_threshold
2019,56082,MISS STATE,Landon Guidry,0.5383333333333332,below_threshold
2019,56083,MISS STATE,Jaquarius Landrews,0.5371428571428571,below_threshold
2019,56721,MISS STATE,Aaron Odom,0.40476190476190466,below_threshold
2019,56722,MISS STATE,Lee Autry,0.425,below_threshold
2019,56723,MISS STATE,James Jackson,0.6538461538461537,below_threshold
2019,56999,MISS STATE,Sherman Timbs,0.408,below_threshold
2019,57987,MISS STATE,Willie Gay,0.5213043478260869,below_threshold
2019,60689,MISS STATE,Londyn Craft,0.38759999999999994,below_threshold
2019,81317,MISS STATE,Nathaniel Watson,0.4387096774193548,below_threshold
2019,81318,MISS STATE,Aaron Brule,0.4434782608695652,below_threshold
2019,82499,MISS STATE,Cameron Young,0.49583333333333324,below_threshold
2019,83506,MISS STATE,Fabien Lovett,0.37777777777777777,below_threshold
2019,83508,MISS STATE,Jaden Crumedy,0.4407407407407408,below_threshold
2019,83857,MISS STATE,Marcus Murphy,0.5576923076923077,below_threshold
2019,83858,MISS STATE,Shawn Preston Jr.,0.5103448275862069,below_threshold
2019,97247,MISS STATE,Fred Peters,0.42130434782608694,below_threshold
2019,97486,MISS STATE,Jarrian Jones,0.5576923076923077,below_threshold
2019,97872,MISS STATE,Martin Emerson Jr.,0.7233333333333334,below_threshold
2019,98311,MISS STATE,Nathan Pickering,0.425,below_threshold
2019,98829,MISS STATE,Dylan Lawrence,0.425,below_threshold
2019,98907,MISS STATE,De'Monte Russell,0.4103448275862069,below_threshold
2019,98908,MISS STATE,Jack Harris,0.47600000000000003,below_threshold
2019,23468,MISS STATE,Tim Washington,0.68,below_threshold
2019,34696,MISS STATE,Brian Cole II,0.4434782608695652,below_threshold
2019,35935,MISS STATE,Maurice Smitherman,0.4387096774193548,below_threshold
2019,36669,MISS STATE,Chauncey Rivers,0.4407407407407408,below_threshold
2019,39422,MISS STATE,Sh'mar Kilby-Lane,0.3915151515151515,below_threshold
2019,42472,MISS STATE,Cameron Dantzler,0.5576923076923077,below_threshold
2019,43011,MISS STATE,Korey Charles,0.5434782608695652,below_threshold
2019,43360,MISS STATE,C.J. Morgan,0.3695652173913043,below_threshold
2019,43392,MISS STATE,Erroll Thompson,0.4689655172413793,below_threshold
2019,43511,MISS STATE,Kobe Jones,0.5047619047619046,below_threshold
2019,48483,MISS STATE,Fletcher Adams,0.39230769230769225,below_threshold
2019,50306,MISS STATE,Marquiss Spencer,0.425,below_threshold
2019,50937,MISS STATE,Leo Lewis,0.525,below_threshold
2019,55636,MISS STATE,Taury Dixon,0.425,below_threshold
2019,56081,MISS STATE,Tyler Williams,0.6152380952380953,below_threshold
2019,56082,MISS STATE,Landon Guidry,0.5383333333333332,below_threshold
2019,56083,MISS STATE,Jaquarius Landrews,0.5371428571428571,below_threshold
2019,56721,MISS STATE,Aaron Odom,0.40476190476190466,below_threshold
2019,56722,MISS STATE,Lee Autry,0.425,below_threshold
2019,57987,MISS STATE,Willie Gay,0.5213043478260869,below_threshold
2019,60689,MISS STATE,Londyn Craft,0.38759999999999994,below_threshold
2019,81317,MISS STATE,Nathaniel Watson,0.4387096774193548,below_threshold
2019,81318,MISS STATE,Aaron Brule,0.4434782608695652,below_threshold
2019,83506,MISS STATE,Fabien Lovett,0.37777777777777777,below_threshold
2019,83508,MISS STATE,Jaden Crumedy,0.4407407407407408,below_threshold
2019,83857,MISS STATE,Marcus Murphy,0.5576923076923077,below_threshold
2019,83858,MISS STATE,Shawn Preston Jr.,0.5103448275862069,below_threshold
2019,97247,MISS STATE,Fred Peters,0.42130434782608694,below_threshold
2019,97486,MISS STATE,Jarrian Jones,0.5576923076923077,below_threshold
2019,97872,MISS STATE,Martin Emerson Jr.,0.7233333333333334,below_threshold
2019,98829,MISS STATE,Dylan Lawrence,0.425,below_threshold
2019,23468,MISS STATE,Tim Washington,0.68,below_threshold
2019,34696,MISS STATE,Brian Cole II,0.4434782608695652,below_threshold
2019,35935,MISS STATE,Maurice Smitherman,0.4387096774193548,below_threshold
2019,36669,MISS STATE,Chauncey Rivers,0.4407407407407408,below_threshold
2019,39422,MISS STATE,Sh'mar Kilby-Lane,0.3915151515151515,below_threshold
2019,42472,MISS STATE,Cameron Dantzler,0.5576923076923077,below_threshold
2019,43011,MISS STATE,Korey Charles,0.5434782608695652,below_threshold
2019,43360,MISS STATE,C.J. Morgan,0.3695652173913043,below_threshold
2019,43392,MISS STATE,Erroll Thompson,0.4689655172413793,below_threshold
2019,43511,MISS STATE,Kobe Jones,0.5047619047619046,below_threshold
2019,48461,MISS STATE,Kendell Jones,0.49583333333333324,below_threshold
2019,48483,MISS STATE,Fletcher Adams,0.39230769230769225,below_threshold
2019,50306,MISS STATE,Marquiss Spencer,0.425,below_threshold
2019,50937,MISS STATE,Leo Lewis,0.525,below_threshold
2019,55636,MISS STATE,Taury Dixon,0.425,below_threshold
2019,56081,MISS STATE,Tyler Williams,0.6152380952380953,below_threshold
2019,56082,MISS STATE,Landon Guidry,0.5383333333333332,below_threshold
2019,56083,MISS STATE,Jaquarius Landrews,0.5371428571428571,below_threshold
2019,56721,MISS STATE,Aaron Odom,0.40476190476190466,below_threshold
2019,56722,MISS STATE,Lee Autry,0.425,below_threshold
2019,56723,MISS STATE,James Jackson,0.6538461538461537,below_threshold
2019,56999,MISS STATE,Sherman Timbs,0.408,below_threshold
2019,57987,MISS STATE,Willie Gay,0.5213043478260869,below_threshold
2019,60689,MISS STATE,Londyn Craft,0.38759999999999994,below_threshold
2019,81317,MISS STATE,Nathaniel Watson,0.4387096774193548,below_threshold
2019,81318,MISS STATE,Aaron Brule,0.4434782608695652,below_threshold
2019,82499,MISS STATE,Cameron Young,0.49583333333333324,below_threshold
2019,83506,MISS STATE,Fabien Lovett,0.37777777777777777,below_threshold
2019,83508,MISS STATE,Jaden Crumedy,0.4407407407407408,below_threshold
2019,83857,MISS STATE,Marcus Murphy,0.5576923076923077,below_threshold
2019,83858,MISS STATE,Shawn Preston Jr.,0.5103448275862069,below_threshold
2019,97247,MISS STATE,Fred Peters,0.42130434782608694,below_threshold
2019,97486,MISS STATE,Jarrian Jones,0.5576923076923077,below_threshold
2019,97872,MISS STATE,Martin Emerson Jr.,0.7233333333333334,below_threshold
2019,98311,MISS STATE,Nathan Pickering,0.425,below_threshold
2019,98829,MISS STATE,Dylan Lawrence,0.425,below_threshold
2019,98907,MISS STATE,De'Monte Russell,0.4103448275862069,below_threshold
2019,98908,MISS STATE,Jack Harris,0.47600000000000003,below_threshold
2019,99256,TCU,Tre Tomlinson,0.82675,below_threshold
2019,99256,TCU,Tre Tomlinson,0.82675,below_threshold
2019,99256,TCU,Tre Tomlinson,0.82675,below_threshold
2019,62979,TENNESSEE,Joshua Palmer,0.8791666666666665,below_threshold
2019,62979,TENNESSEE,Joshua Palmer,0.8791666666666665,below_threshold
2019,62979,TENNESSEE,Joshua Palmer,0.8791666666666665,below_threshold
2019,41349,TENNESSEE,Jahmir Ross-Johnson,0.7212121212121211,below_threshold
2019,81452,UTSA,Trumane Bell II,0.85,below_threshold
2019,81452,UTSA,Trumane Bell II,0.85,below_threshold
2019,81452,UTSA,Trumane Bell II,0.85,below_threshold
2019,81452,UTSA,Trumane Bell II,0.85,below_threshold
2019,61784,UTEP,Tre Wolf,0.82675,below_threshold
2019,61784,UTEP,Tre Wolf,0.82675,below_threshold
2019,98639,UTEP,Joe Smith,0.9075,below_threshold
2019,61784,UTEP,Tre Wolf,0.82675,below_threshold
2019,75819,UTEP,Gabriel Flynn,0.8391304347826086,below_threshold
2019,98639,UTEP,Joe Smith,0.9075,below_threshold
2019,98639,UTEP,Joe Smith,0.9075,below_threshold
2019,98639,UTEP,Joe Smith,0.9075,below_threshold
2019,98639,UTEP,Joe Smith,0.9075,below_threshold
2019,42172,LA TECH,Adrian Hardy,0.6652173913043479,below_threshold
2019,48200,TEXAS TECH,RJ Turner,0.9052631578947369,below_threshold
2019,78918,LA TECH,Smoke Harris,0.5407407407407409,below_threshold
2019,42194,VA TECH,Damon Hazelton,0.5666666666666668,below_threshold
2019,61642,LA TECH,Malik Stanley,0.5666666666666668,below_threshold
2019,42146,LA TECH,Cee Jay Powell,0.51,below_threshold
2019,78006,VA TECH,Tre Turner,0.78,below_threshold
2019,61382,LA TECH,Griffin Hebert,0.39230769230769225,below_threshold
2019,99693,VA TECH,Tayvion Robinson,0.5872727272727272,below_threshold
2019,48337,LA TECH,Isaiah Graham,0.508,below_threshold
2019,77885,VA TECH,James Mitchell,0.4576923076923077,below_threshold
2019,78560,LA TECH,Justin Henderson,0.5275862068965518,below_threshold
2019,61068,VA TECH,Dalton Keene,0.5666666666666668,below_threshold
2019,77982,VA TECH,Kaleb Smith,0.6652173913043479,below_threshold
2019,45736,VA TECH,Deshawn McClease,0.4689655172413793,below_threshold
2019,40566,LA TECH,Israel Tucker,0.47851851851851845,below_threshold
2019,61800,VA TECH,Hezekiah Grimsley,0.3898275862068965,below_threshold
2019,42083,VA TECH,Phil Patterson,0.5275862068965518,below_threshold
2019,78962,LA TECH,Wayne Toussant,0.4387096774193548,below_threshold
2019,99612,VA TECH,Keshawn King,0.408,below_threshold
2019,34243,LA TECH,Jaqwis Dancy,0.47600000000000003,below_threshold
2019,36036,LA TECH,Bobby Holly,0.48449999999999993,below_threshold
2019,78823,LA TECH,Joshua Matthews,0.5617391304347825,below_threshold
2019,78606,LA TECH,DeAndre Marcus,0.4935483870967741,below_threshold
2019,78919,LA TECH,Tahj Magee,0.525,below_threshold
2019,79490,LA TECH,Jacob Adams,0.6476190476190475,below_threshold
2019,78783,LA TECH,Praise Okorie,0.508,below_threshold
2019,78009,VA TECH,Darryle Simmons,0.5129999999999999,below_threshold
2019,34351,LA TECH,Javonte Woodard,0.48315789473684206,below_threshold
2019,60593,VA TECH,Hendon Hooker,0.49583333333333324,below_threshold
2019,57468,VA TECH,Terius Wheatley,0.4407407407407408,below_threshold
2019,78560,LA TECH,Justin Henderson,0.5275862068965518,below_threshold
2019,45736,VA TECH,Deshawn McClease,0.4689655172413793,below_threshold
2019,60593,VA TECH,Hendon Hooker,0.49583333333333324,below_threshold
2019,27005,LA TECH,J'mar Smith,0.5173913043478261,below_threshold
2019,99612,VA TECH,Keshawn King,0.408,below_threshold
2019,40566,LA TECH,Israel Tucker,0.47851851851851845,below_threshold
2019,77626,VA TECH,Quincy Patterson II,0.4935483870967741,below_threshold
2019,34243,LA TECH,Jaqwis Dancy,0.47600000000000003,below_threshold
2019,60594,VA TECH,Ryan Willis,0.5138636363636363,below_threshold
2019,78606,LA TECH,DeAndre Marcus,0.4935483870967741,below_threshold
2019,78006,VA TECH,Tre Turner,0.78,below_threshold
2019,77723,VA TECH,Caleb Steward,0.47600000000000003,below_threshold
2019,99693,VA TECH,Tayvion Robinson,0.5872727272727272,below_threshold
2019,61068,VA TECH,Dalton Keene,0.5666666666666668,below_threshold
2019,78494,LA TECH,Aaron Allen,0.5173913043478261,below_threshold
2019,78918,LA TECH,Smoke Harris,0.5407407407407409,below_threshold
2019,100872,LA TECH,Jawaun Johnson,0.4407407407407408,below_threshold
2019,57469,VA TECH,Jalen Holston,0.5383333333333333,below_threshold
2019,36036,LA TECH,Bobby Holly,0.48449999999999993,below_threshold
2019,77885,VA TECH,James Mitchell,0.4576923076923077,below_threshold
2019,99620,VA TECH,Tahj Gary,0.5844999999999999,below_threshold
2019,97080,LA TECH,Elijah Hines,0.46363636363636357,below_threshold
2019,78962,LA TECH,Wayne Toussant,0.4387096774193548,below_threshold
2019,60433,LA TECH,Westin Elliott,0.5037037037037037,below_threshold
2019,57550,LA TECH,Brady Farlow,0.5213043478260869,below_threshold
2019,42194,VA TECH,Damon Hazelton,0.5666666666666668,below_threshold
2019,61800,VA TECH,Hezekiah Grimsley,0.3898275862068965,below_threshold
2019,13789,LA TECH,Aaron Roberson,0.6448275862068965,below_threshold
2019,33524,LA TECH,James Jackson,0.6767857142857143,below_threshold
2019,34437,LA TECH,Darryl Lewis,0.5348076923076923,below_threshold
2019,35247,LA TECH,Collin Scott,0.6181818181818182,below_threshold
2019,36553,LA TECH,La'Dante Davenport,0.45,below_threshold
2019,37417,LA TECH,Courtney Wallace,0.48571428571428565,below_threshold
2019,40588,LA TECH,L'Jarius Sneed,0.5103448275862069,below_threshold
2019,42208,VA TECH,Divine Deablo,0.4576923076923077,below_threshold
2019,42732,LA TECH,Zach Hannibal,0.525,below_threshold
2019,42835,LA TECH,Willie Baker,0.5173913043478261,below_threshold
2019,43361,LA TECH,Trey Baldwin,0.544,below_threshold
2019,44092,VA TECH,Khalil Ladler,0.4923076923076922,below_threshold
2019,44138,VA TECH,Jarrod Hewitt,0.425,below_threshold
2019,44466,TEXAS TECH,Nicholas McCann,0.6538461538461537,below_threshold
2019,44482,LA TECH,Ka'Derrion Mason,0.48571428571428565,below_threshold
2019,48674,LA TECH,Kevin Murphy,0.5913043478260869,below_threshold
2019,49308,VA TECH,Reggie Floyd,0.6173913043478261,below_threshold
2019,55619,LA TECH,Amik Robertson,0.5275862068965518,below_threshold
2019,55620,LA TECH,Michael Sam,0.6280555555555555,below_threshold
2019,56017,LA TECH,Ezekiel Barnett,0.4966666666666666,below_threshold
2019,56287,VA TECH,Devon Hunter,0.7374999999999999,below_threshold
2019,56473,VA TECH,TyJuan Garbutt,0.4533333333333333,below_threshold
2019,56475,VA TECH,Emmanuel Belmar,0.425,below_threshold
2019,56477,VA TECH,Robert Porcher,0.4348076923076923,below_threshold
2019,56682,LA TECH,Milton Williams,0.8129032258064516,below_threshold
2019,57929,LA TECH,Randy Hogan,0.5666666666666668,below_threshold
2019,57930,LA TECH,Tristan Allen,0.5275862068965518,below_threshold
2019,58267,VA TECH,Rayshard Ashby,0.4576923076923077,below_threshold
2019,58269,VA TECH,Dylan Rivers,0.5760000000000001,below_threshold
2019,58270,VA TECH,Jaylen Griffin,0.5533333333333333,below_threshold
2019,60673,LA TECH,Jaiden Cole,0.5969230769230769,below_threshold
2019,61803,VA TECH,Caleb Farley,0.49583333333333324,below_threshold
2019,65786,LA TECH,Alex Zayed,0.51,below_threshold
2019,76662,VA TECH,Chamarri Conner,0.5037037037037037,below_threshold
2019,76663,VA TECH,Armani Chatman,0.5230769230769231,below_threshold
2019,76664,VA TECH,Jermaine Waller,0.5614285714285714,below_threshold
2019,76886,VA TECH,Eli Adams,0.6464285714285715,below_threshold
2019,76887,VA TECH,Jaevon Becton,0.5230769230769231,below_threshold
2019,77124,VA TECH,Dax Hollifield,0.72675,below_threshold
2019,77125,VA TECH,Alan Tisdale,0.4434782608695652,below_threshold
2019,77126,VA TECH,Keshon Artis,0.544,below_threshold
2019,78675,LA TECH,Brandon Floyd,0.4969230769230769,below_threshold
2019,79205,LA TECH,Steven Shaw,0.425,below_threshold
2019,79375,LA TECH,D.J. Jackson,0.6280555555555555,below_threshold
2019,79520,LA TECH,Connor Taylor,0.6275862068965518,below_threshold
2019,98144,LA TECH,Keivie Rose,0.46363636363636357,below_threshold
2019,98183,LA TECH,Deshon Hall Jr.,0.5173913043478261,below_threshold
2019,98326,LA TECH,Mykol Clark,0.48571428571428565,below_threshold
2019,98599,VA TECH,Dashawn Crawford,0.4689655172413793,below_threshold
2019,99776,VA TECH,Brion Murray,0.5656521739130436,below_threshold
2019,99832,VA TECH,Josh Fuga,0.44736842105263164,below_threshold
2019,99836,VA TECH,Jaden Cunningham,0.53125,below_threshold
2019,99838,VA TECH,Mario Kendricks Jr.,0.48449999999999993,below_threshold
2019,99848,VA TECH,Norell Pollard,0.49583333333333324,below_threshold
2019,145255,LA TECH,BeeJay Williamson,0.46363636363636357,below_threshold
2019,41726,LA TECH,Kody Russey,0.425,below_threshold
2019,77373,VA TECH,Christian Darrisaw,0.6,below_threshold
2019,41910,LA TECH,Willie Allen,0.4434782608695652,below_threshold
2019,59807,LA TECH,Drew Kirkpatrick,0.6906249999999999,below_threshold
2019,61069,VA TECH,Lecitus Smith,0.544,below_threshold
2019,27004,LA TECH,Ethan Reed,0.5913043478260869,below_threshold
2019,98241,VA TECH,Bryan Hudson,0.4576923076923077,below_threshold
2019,46939,LA TECH,Gewhite Stallworth,0.48449999999999993,below_threshold
2019,98486,VA TECH,Doug Nester,0.4576923076923077,below_threshold
2019,77367,VA TECH,Luke Tenuta,0.46142857142857135,below_threshold
2019,61068,VA TECH,Dalton Keene,0.5666666666666668,below_threshold
2019,59803,LA TECH,Joshua Mote,0.48571428571428565,below_threshold
2019,77885,VA TECH,James Mitchell,0.4576923076923077,below_threshold
2019,60211,VA TECH,Silas Dzansi,0.4187037037037038,below_threshold
2019,45313,VA TECH,Austin Cannon,0.5464285714285714,below_threshold
2019,42194,VA TECH,Damon Hazelton,0.5666666666666668,below_threshold
2019,78006,VA TECH,Tre Turner,0.78,below_threshold
2019,100782,LA TECH,Antawn Lewis,0.544,below_threshold
2019,27005,LA TECH,J'mar Smith,0.5173913043478261,below_threshold
2019,36036,LA TECH,Bobby Holly,0.48449999999999993,below_threshold
2019,45736,VA TECH,Deshawn McClease,0.4689655172413793,below_threshold
2019,61642,LA TECH,Malik Stanley,0.5666666666666668,below_threshold
2019,61382,LA TECH,Griffin Hebert,0.39230769230769225,below_threshold
2019,42172,LA TECH,Adrian Hardy,0.6652173913043479,below_threshold
2019,48200,TEXAS TECH,RJ Turner,0.9052631578947369,below_threshold
2019,48337,LA TECH,Isaiah Graham,0.508,below_threshold
2019,60593,VA TECH,Hendon Hooker,0.49583333333333324,below_threshold
2019,40879,VA TECH,TJ Jackson,0.72675,below_threshold
2019,78918,LA TECH,Smoke Harris,0.5407407407407409,below_threshold
2019,40638,VA TECH,Zachariah Hoyt,0.525,below_threshold
2019,78388,LA TECH,Biron Rossell,0.4689655172413793,below_threshold
2019,99693,VA TECH,Tayvion Robinson,0.5872727272727272,below_threshold
2019,77982,VA TECH,Kaleb Smith,0.6652173913043479,below_threshold
2019,78560,LA TECH,Justin Henderson,0.5275862068965518,below_threshold
2019,60594,VA TECH,Ryan Willis,0.5138636363636363,below_threshold
2019,61800,VA TECH,Hezekiah Grimsley,0.3898275862068965,below_threshold
2019,98296,VA TECH,Nick Gallo,0.48571428571428565,below_threshold
2019,42083,VA TECH,Phil Patterson,0.5275862068965518,below_threshold
2019,78962,LA TECH,Wayne Toussant,0.4387096774193548,below_threshold
2019,42146,LA TECH,Cee Jay Powell,0.51,below_threshold
2019,40566,LA TECH,Israel Tucker,0.47851851851851845,below_threshold
2019,78494,LA TECH,Aaron Allen,0.5173913043478261,below_threshold
2019,77369,VA TECH,John Harris,0.6476190476190475,below_threshold
2019,59808,LA TECH,Abraham Delfin,0.44551724137931026,below_threshold
2019,34243,LA TECH,Jaqwis Dancy,0.47600000000000003,below_threshold
2019,99612,VA TECH,Keshawn King,0.408,below_threshold
2019,34351,LA TECH,Javonte Woodard,0.48315789473684206,below_threshold
2019,78266,LA TECH,Christian Henderson,0.5813999999999999,below_threshold
2019,77626,VA TECH,Quincy Patterson II,0.4935483870967741,below_threshold
2019,78783,LA TECH,Praise Okorie,0.508,below_threshold
2019,41900,TEXAS TECH,Zach Adams,0.85,below_threshold
2019,79490,LA TECH,Jacob Adams,0.6476190476190475,below_threshold
2019,78823,LA TECH,Joshua Matthews,0.5617391304347825,below_threshold
2019,78009,VA TECH,Darryle Simmons,0.5129999999999999,below_threshold
2019,78271,LA TECH,Noah Pitre,0.51,below_threshold
2019,61067,VA TECH,Drake De Iuliis,0.425,below_threshold
2019,60433,LA TECH,Westin Elliott,0.5037037037037037,below_threshold
2019,78606,LA TECH,DeAndre Marcus,0.4935483870967741,below_threshold
2019,97463,LA TECH,Joseph Walker,0.4923076923076922,below_threshold
2019,61380,LA TECH,George Scott,0.5409090909090909,below_threshold
2019,46331,VA TECH,Tyrell Smith,0.49583333333333324,below_threshold
2019,77370,VA TECH,Walker Culver,0.47600000000000003,below_threshold
2019,99702,VA TECH,Jaden Payoute,0.47600000000000003,below_threshold
2019,77723,VA TECH,Caleb Steward,0.47600000000000003,below_threshold
2019,98110,LA TECH,Kyle Maxwell,0.508,below_threshold
2019,40730,LA TECH,Taylor Fondal,0.51,below_threshold
2019,99672,VA TECH,Jesse Hanson,0.47600000000000003,below_threshold
2019,57469,VA TECH,Jalen Holston,0.5383333333333333,below_threshold
2019,78919,LA TECH,Tahj Magee,0.525,below_threshold
2019,98475,LA TECH,Walker Hankinson,0.5355,below_threshold
2019,98393,LA TECH,Stevie Ballard,0.4689655172413793,below_threshold
2019,97864,LA TECH,Carson Rieder,0.4689655172413793,below_threshold
2019,98514,LA TECH,Jonah Brewster,0.47600000000000003,below_threshold
2019,99620,VA TECH,Tahj Gary,0.5844999999999999,below_threshold
2019,40588,LA TECH,L'Jarius Sneed,0.5103448275862069,below_threshold
2019,98021,LA TECH,Jakson Thomson,0.6666666666666667,below_threshold
2019,78248,LA TECH,Drake Carroll,0.4689655172413793,below_threshold
2019,41901,LA TECH,Jake Norris,0.5037037037037037,below_threshold
2019,99633,VA TECH,Jacob Van Landingham,0.4722222222222222,below_threshold
2019,100873,LA TECH,Doyle Adams Jr.,0.5383333333333332,below_threshold
2019,79520,LA TECH,Connor Taylor,0.6275862068965518,below_threshold
2019,58358,LA TECH,Reeves Blankenship,0.49151515151515146,below_threshold
2019,48674,LA TECH,Kevin Murphy,0.5913043478260869,below_threshold
2019,61066,VA TECH,Cole Blaker,0.5173913043478261,below_threshold
2019,145255,LA TECH,BeeJay Williamson,0.46363636363636357,below_threshold
2019,65786,LA TECH,Alex Zayed,0.51,below_threshold
2019,42732,LA TECH,Zach Hannibal,0.525,below_threshold
2019,98053,LA TECH,Brett Pope,0.4250000000000001,below_threshold
2019,78987,LA TECH,Brodrick Calhoun,0.6138888888888888,below_threshold
2019,27005,LA TECH,J'mar Smith,0.5173913043478261,below_threshold
2019,60593,VA TECH,Hendon Hooker,0.49583333333333324,below_threshold
2019,60594,VA TECH,Ryan Willis,0.5138636363636363,below_threshold
2019,78494,LA TECH,Aaron Allen,0.5173913043478261,below_threshold
2019,77626,VA TECH,Quincy Patterson II,0.4935483870967741,below_threshold
2019,60433,LA TECH,Westin Elliott,0.5037037037037037,below_threshold
2019,99693,VA TECH,Tayvion Robinson,0.5872727272727272,below_threshold
2019,42172,LA TECH,Adrian Hardy,0.6652173913043479,below_threshold
2019,13789,LA TECH,Aaron Roberson,0.6448275862068965,below_threshold
2019,33358,LA TECH,Trey Spencer,0.47600000000000003,below_threshold
2019,33524,LA TECH,James Jackson,0.6767857142857143,below_threshold
2019,34437,LA TECH,Darryl Lewis,0.5348076923076923,below_threshold
2019,35247,LA TECH,Collin Scott,0.6181818181818182,below_threshold
2019,36553,LA TECH,La'Dante Davenport,0.45,below_threshold
2019,37417,LA TECH,Courtney Wallace,0.48571428571428565,below_threshold
2019,40588,LA TECH,L'Jarius Sneed,0.5103448275862069,below_threshold
2019,42208,VA TECH,Divine Deablo,0.4576923076923077,below_threshold
2019,42732,LA TECH,Zach Hannibal,0.525,below_threshold
2019,42835,LA TECH,Willie Baker,0.5173913043478261,below_threshold
2019,42874,VA TECH,Jovonn Quillen,0.48571428571428565,below_threshold
2019,43031,VA TECH,Tyree Rodgers,0.5464285714285714,below_threshold
2019,43361,LA TECH,Trey Baldwin,0.544,below_threshold
2019,43376,LA TECH,Reggie Cleveland,0.68,below_threshold
2019,44092,VA TECH,Khalil Ladler,0.4923076923076922,below_threshold
2019,44138,VA TECH,Jarrod Hewitt,0.425,below_threshold
2019,44466,TEXAS TECH,Nicholas McCann,0.6538461538461537,below_threshold
2019,44482,LA TECH,Ka'Derrion Mason,0.48571428571428565,below_threshold
2019,48200,TEXAS TECH,RJ Turner,0.9052631578947369,below_threshold
2019,48674,LA TECH,Kevin Murphy,0.5913043478260869,below_threshold
2019,49308,VA TECH,Reggie Floyd,0.6173913043478261,below_threshold
2019,50509,LA TECH,Ephraim Kitchen,0.4966666666666666,below_threshold
2019,55619,LA TECH,Amik Robertson,0.5275862068965518,below_threshold
2019,55620,LA TECH,Michael Sam,0.6280555555555555,below_threshold
2019,56017,LA TECH,Ezekiel Barnett,0.4966666666666666,below_threshold
2019,56287,VA TECH,Devon Hunter,0.7374999999999999,below_threshold
2019,56473,VA TECH,TyJuan Garbutt,0.4533333333333333,below_threshold
2019,56475,VA TECH,Emmanuel Belmar,0.425,below_threshold
2019,56477,VA TECH,Robert Porcher,0.4348076923076923,below_threshold
2019,56682,LA TECH,Milton Williams,0.8129032258064516,below_threshold
2019,57929,LA TECH,Randy Hogan,0.5666666666666668,below_threshold
2019,57930,LA TECH,Tristan Allen,0.5275862068965518,below_threshold
2019,58267,VA TECH,Rayshard Ashby,0.4576923076923077,below_threshold
2019,58269,VA TECH,Dylan Rivers,0.5760000000000001,below_threshold
2019,58270,VA TECH,Jaylen Griffin,0.5533333333333333,below_threshold
2019,60673,LA TECH,Jaiden Cole,0.5969230769230769,below_threshold
2019,61800,VA TECH,Hezekiah Grimsley,0.3898275862068965,below_threshold
2019,61803,VA TECH,Caleb Farley,0.49583333333333324,below_threshold
2019,65786,LA TECH,Alex Zayed,0.51,below_threshold
2019,76662,VA TECH,Chamarri Conner,0.5037037037037037,below_threshold
2019,76663,VA TECH,Armani Chatman,0.5230769230769231,below_threshold
2019,76664,VA TECH,Jermaine Waller,0.5614285714285714,below_threshold
2019,76681,VA TECH,Jeremy Webb,0.4434782608695652,below_threshold
2019,76886,VA TECH,Eli Adams,0.6464285714285715,below_threshold
2019,76887,VA TECH,Jaevon Becton,0.5230769230769231,below_threshold
2019,77124,VA TECH,Dax Hollifield,0.72675,below_threshold
2019,77125,VA TECH,Alan Tisdale,0.4434782608695652,below_threshold
2019,77126,VA TECH,Keshon Artis,0.544,below_threshold
2019,78009,VA TECH,Darryle Simmons,0.5129999999999999,below_threshold
2019,78675,LA TECH,Brandon Floyd,0.4969230769230769,below_threshold
2019,78783,LA TECH,Praise Okorie,0.508,below_threshold
2019,78823,LA TECH,Joshua Matthews,0.5617391304347825,below_threshold
2019,78918,LA TECH,Smoke Harris,0.5407407407407409,below_threshold
2019,78919,LA TECH,Tahj Magee,0.525,below_threshold
2019,78962,LA TECH,Wayne Toussant,0.4387096774193548,below_threshold
2019,78987,LA TECH,Brodrick Calhoun,0.6138888888888888,below_threshold
2019,79205,LA TECH,Steven Shaw,0.425,below_threshold
2019,79375,LA TECH,D.J. Jackson,0.6280555555555555,below_threshold
2019,79494,LA TECH,Isaiah Windmon,0.408,below_threshold
2019,79520,LA TECH,Connor Taylor,0.6275862068965518,below_threshold
2019,97474,LA TECH,CJ Johnson,0.51,below_threshold
2019,97536,LA TECH,Khiry Morrison,0.5950000000000001,below_threshold
2019,98144,LA TECH,Keivie Rose,0.46363636363636357,below_threshold
2019,98183,LA TECH,Deshon Hall Jr.,0.5173913043478261,below_threshold
2019,98326,LA TECH,Mykol Clark,0.48571428571428565,below_threshold
2019,98599,VA TECH,Dashawn Crawford,0.4689655172413793,below_threshold
2019,99693,VA TECH,Tayvion Robinson,0.5872727272727272,below_threshold
2019,99776,VA TECH,Brion Murray,0.5656521739130436,below_threshold
2019,99832,VA TECH,Josh Fuga,0.44736842105263164,below_threshold
2019,99836,VA TECH,Jaden Cunningham,0.53125,below_threshold
2019,99838,VA TECH,Mario Kendricks Jr.,0.48449999999999993,below_threshold
2019,99848,VA TECH,Norell Pollard,0.49583333333333324,below_threshold
2019,105793,LA TECH,Marquallius Turner Jr.,0.72675,below_threshold
2019,145255,LA TECH,BeeJay Williamson,0.46363636363636357,below_threshold
2019,13789,LA TECH,Aaron Roberson,0.6448275862068965,below_threshold
2019,33358,LA TECH,Trey Spencer,0.47600000000000003,below_threshold
2019,33524,LA TECH,James Jackson,0.6767857142857143,below_threshold
2019,34437,LA TECH,Darryl Lewis,0.5348076923076923,below_threshold
2019,35247,LA TECH,Collin Scott,0.6181818181818182,below_threshold
2019,40588,LA TECH,L'Jarius Sneed,0.5103448275862069,below_threshold
2019,42208,VA TECH,Divine Deablo,0.4576923076923077,below_threshold
2019,42732,LA TECH,Zach Hannibal,0.525,below_threshold
2019,42835,LA TECH,Willie Baker,0.5173913043478261,below_threshold
2019,42874,VA TECH,Jovonn Quillen,0.48571428571428565,below_threshold
2019,43031,VA TECH,Tyree Rodgers,0.5464285714285714,below_threshold
2019,43361,LA TECH,Trey Baldwin,0.544,below_threshold
2019,43376,LA TECH,Reggie Cleveland,0.68,below_threshold
2019,44092,VA TECH,Khalil Ladler,0.4923076923076922,below_threshold
2019,44138,VA TECH,Jarrod Hewitt,0.425,below_threshold
2019,49308,VA TECH,Reggie Floyd,0.6173913043478261,below_threshold
2019,55619,LA TECH,Amik Robertson,0.5275862068965518,below_threshold
2019,55620,LA TECH,Michael Sam,0.6280555555555555,below_threshold
2019,56017,LA TECH,Ezekiel Barnett,0.4966666666666666,below_threshold
2019,56287,VA TECH,Devon Hunter,0.7374999999999999,below_threshold
2019,56473,VA TECH,TyJuan Garbutt,0.4533333333333333,below_threshold
2019,56475,VA TECH,Emmanuel Belmar,0.425,below_threshold
2019,56682,LA TECH,Milton Williams,0.8129032258064516,below_threshold
2019,57929,LA TECH,Randy Hogan,0.5666666666666668,below_threshold
2019,57930,LA TECH,Tristan Allen,0.5275862068965518,below_threshold
2019,58267,VA TECH,Rayshard Ashby,0.4576923076923077,below_threshold
2019,58269,VA TECH,Dylan Rivers,0.5760000000000001,below_threshold
2019,58270,VA TECH,Jaylen Griffin,0.5533333333333333,below_threshold
2019,60673,LA TECH,Jaiden Cole,0.5969230769230769,below_threshold
2019,61803,VA TECH,Caleb Farley,0.49583333333333324,below_threshold
2019,65786,LA TECH,Alex Zayed,0.51,below_threshold
2019,76662,VA TECH,Chamarri Conner,0.5037037037037037,below_threshold
2019,76663,VA TECH,Armani Chatman,0.5230769230769231,below_threshold
2019,76664,VA TECH,Jermaine Waller,0.5614285714285714,below_threshold
2019,76681,VA TECH,Jeremy Webb,0.4434782608695652,below_threshold
2019,76886,VA TECH,Eli Adams,0.6464285714285715,below_threshold
2019,76887,VA TECH,Jaevon Becton,0.5230769230769231,below_threshold
2019,77124,VA TECH,Dax Hollifield,0.72675,below_threshold
2019,77125,VA TECH,Alan Tisdale,0.4434782608695652,below_threshold
2019,77126,VA TECH,Keshon Artis,0.544,below_threshold
2019,78675,LA TECH,Brandon Floyd,0.4969230769230769,below_threshold
2019,78987,LA TECH,Brodrick Calhoun,0.6138888888888888,below_threshold
2019,79520,LA TECH,Connor Taylor,0.6275862068965518,below_threshold
2019,97474,LA TECH,CJ Johnson,0.51,below_threshold
2019,97536,LA TECH,Khiry Morrison,0.5950000000000001,below_threshold
2019,98599,VA TECH,Dashawn Crawford,0.4689655172413793,below_threshold
2019,99776,VA TECH,Brion Murray,0.5656521739130436,below_threshold
2019,99838,VA TECH,Mario Kendricks Jr.,0.48449999999999993,below_threshold
2019,99848,VA TECH,Norell Pollard,0.49583333333333324,below_threshold
2019,145255,LA TECH,BeeJay Williamson,0.46363636363636357,below_threshold
2019,13789,LA TECH,Aaron Roberson,0.6448275862068965,below_threshold
2019,33358,LA TECH,Trey Spencer,0.47600000000000003,below_threshold
2019,33524,LA TECH,James Jackson,0.6767857142857143,below_threshold
2019,34437,LA TECH,Darryl Lewis,0.5348076923076923,below_threshold
2019,35247,LA TECH,Collin Scott,0.6181818181818182,below_threshold
2019,36553,LA TECH,La'Dante Davenport,0.45,below_threshold
2019,37417,LA TECH,Courtney Wallace,0.48571428571428565,below_threshold
2019,40588,LA TECH,L'Jarius Sneed,0.5103448275862069,below_threshold
2019,42208,VA TECH,Divine Deablo,0.4576923076923077,below_threshold
2019,42732,LA TECH,Zach Hannibal,0.525,below_threshold
2019,42835,LA TECH,Willie Baker,0.5173913043478261,below_threshold
2019,42874,VA TECH,Jovonn Quillen,0.48571428571428565,below_threshold
2019,43031,VA TECH,Tyree Rodgers,0.5464285714285714,below_threshold
2019,43361,LA TECH,Trey Baldwin,0.544,below_threshold
2019,43376,LA TECH,Reggie Cleveland,0.68,below_threshold
2019,44092,VA TECH,Khalil Ladler,0.4923076923076922,below_threshold
2019,44138,VA TECH,Jarrod Hewitt,0.425,below_threshold
2019,44466,TEXAS TECH,Nicholas McCann,0.6538461538461537,below_threshold
2019,44482,LA TECH,Ka'Derrion Mason,0.48571428571428565,below_threshold
2019,48200,TEXAS TECH,RJ Turner,0.9052631578947369,below_threshold
2019,48674,LA TECH,Kevin Murphy,0.5913043478260869,below_threshold
2019,49308,VA TECH,Reggie Floyd,0.6173913043478261,below_threshold
2019,50509,LA TECH,Ephraim Kitchen,0.4966666666666666,below_threshold
2019,55619,LA TECH,Amik Robertson,0.5275862068965518,below_threshold
2019,55620,LA TECH,Michael Sam,0.6280555555555555,below_threshold
2019,56017,LA TECH,Ezekiel Barnett,0.4966666666666666,below_threshold
2019,56287,VA TECH,Devon Hunter,0.7374999999999999,below_threshold
2019,56473,VA TECH,TyJuan Garbutt,0.4533333333333333,below_threshold
2019,56475,VA TECH,Emmanuel Belmar,0.425,below_threshold
2019,56477,VA TECH,Robert Porcher,0.4348076923076923,below_threshold
2019,56682,LA TECH,Milton Williams,0.8129032258064516,below_threshold
2019,57929,LA TECH,Randy Hogan,0.5666666666666668,below_threshold
2019,57930,LA TECH,Tristan Allen,0.5275862068965518,below_threshold
2019,58267,VA TECH,Rayshard Ashby,0.4576923076923077,below_threshold
2019,58269,VA TECH,Dylan Rivers,0.5760000000000001,below_threshold
2019,58270,VA TECH,Jaylen Griffin,0.5533333333333333,below_threshold
2019,60673,LA TECH,Jaiden Cole,0.5969230769230769,below_threshold
2019,61800,VA TECH,Hezekiah Grimsley,0.3898275862068965,below_threshold
2019,61803,VA TECH,Caleb Farley,0.49583333333333324,below_threshold
2019,65786,LA TECH,Alex Zayed,0.51,below_threshold
2019,76662,VA TECH,Chamarri Conner,0.5037037037037037,below_threshold
2019,76663,VA TECH,Armani Chatman,0.5230769230769231,below_threshold
2019,76664,VA TECH,Jermaine Waller,0.5614285714285714,below_threshold
2019,76681,VA TECH,Jeremy Webb,0.4434782608695652,below_threshold
2019,76886,VA TECH,Eli Adams,0.6464285714285715,below_threshold
2019,76887,VA TECH,Jaevon Becton,0.5230769230769231,below_threshold
2019,77124,VA TECH,Dax Hollifield,0.72675,below_threshold
2019,77125,VA TECH,Alan Tisdale,0.4434782608695652,below_threshold
2019,77126,VA TECH,Keshon Artis,0.544,below_threshold
2019,78009,VA TECH,Darryle Simmons,0.5129999999999999,below_threshold
2019,78675,LA TECH,Brandon Floyd,0.4969230769230769,below_threshold
2019,78783,LA TECH,Praise Okorie,0.508,below_threshold
2019,78823,LA TECH,Joshua Matthews,0.5617391304347825,below_threshold
2019,78918,LA TECH,Smoke Harris,0.5407407407407409,below_threshold
2019,78919,LA TECH,Tahj Magee,0.525,below_threshold
2019,78962,LA TECH,Wayne Toussant,0.4387096774193548,below_threshold
2019,78987,LA TECH,Brodrick Calhoun,0.6138888888888888,below_threshold
2019,79205,LA TECH,Steven Shaw,0.425,below_threshold
2019,79375,LA TECH,D.J. Jackson,0.6280555555555555,below_threshold
2019,79494,LA TECH,Isaiah Windmon,0.408,below_threshold
2019,79520,LA TECH,Connor Taylor,0.6275862068965518,below_threshold
2019,97474,LA TECH,CJ Johnson,0.51,below_threshold
2019,97536,LA TECH,Khiry Morrison,0.5950000000000001,below_threshold
2019,98144,LA TECH,Keivie Rose,0.46363636363636357,below_threshold
2019,98183,LA TECH,Deshon Hall Jr.,0.5173913043478261,below_threshold
2019,98326,LA TECH,Mykol Clark,0.48571428571428565,below_threshold
2019,98599,VA TECH,Dashawn Crawford,0.4689655172413793,below_threshold
2019,99693,VA TECH,Tayvion Robinson,0.5872727272727272,below_threshold
2019,99776,VA TECH,Brion Murray,0.5656521739130436,below_threshold
2019,99832,VA TECH,Josh Fuga,0.44736842105263164,below_threshold
2019,99836,VA TECH,Jaden Cunningham,0.53125,below_threshold
2019,99838,VA TECH,Mario Kendricks Jr.,0.48449999999999993,below_threshold
2019,99848,VA TECH,Norell Pollard,0.49583333333333324,below_threshold
2019,105793,LA TECH,Marquallius Turner Jr.,0.72675,below_threshold
2019,145255,LA TECH,BeeJay Williamson,0.46363636363636357,below_threshold
2019,77510,TOLEDO,Josh Fenn,0.765,below_threshold
2019,82509,TROY,Will Choloh,0.85,below_threshold
2019,82509,TROY,Will Choloh,0.85,below_threshold
2019,82509,TROY,Will Choloh,0.85,below_threshold
2019,77743,TULANE,Cameron Carroll,0.8192307692307692,below_threshold
2019,77743,TULANE,Cameron Carroll,0.8192307692307692,below_threshold
2019,43467,TULANE,Bopete Keyes,0.575,below_threshold
2019,56462,TULANE,Cam Sample,0.8083333333333335,below_threshold
2019,77743,TULANE,Cameron Carroll,0.8192307692307692,below_threshold
2019,43467,TULANE,Bopete Keyes,0.575,below_threshold
2019,56462,TULANE,Cam Sample,0.8083333333333335,below_threshold
2019,77743,TULANE,Cameron Carroll,0.8192307692307692,below_threshold
2019,43467,TULANE,Bopete Keyes,0.575,below_threshold
2019,56462,TULANE,Cam Sample,0.8083333333333335,below_threshold
2019,43467,TULANE,Bopete Keyes,0.575,below_threshold
2019,56462,TULANE,Cam Sample,0.8083333333333335,below_threshold
2019,77743,TULANE,Cameron Carroll,0.8192307692307692,below_threshold
2019,34045,WAKE,Kendall Hinton,0.5576923076923077,below_threshold
2019,55450,WAKE,Sage Surratt,0.47777777777777775,below_threshold
2019,47964,WAKE,Scotty Washington,0.4517241379310346,below_threshold
2019,39250,WAKE,Steven Claude,0.425,below_threshold
2019,34958,WAKE,Jack Freudenthal,0.37777777777777777,below_threshold
2019,97813,WAKE,Donavon Greene,0.5037037037037037,below_threshold
2019,44947,WAKE,Brandon Chapman,0.4689655172413793,below_threshold
2019,55454,WAKE,Jaquarii Roberson,0.3966666666666666,below_threshold
2019,55452,WAKE,Waydale Jones,0.4576923076923077,below_threshold
2019,97199,WAKE,Kenneth Walker III,0.37777777777777777,below_threshold
2019,55433,WAKE,Christian Beal-Smith,0.5230769230769231,below_threshold
2019,45124,WAKE,Cade Carney,0.47600000000000003,below_threshold
2019,77975,WAKE,A.T. Perry,0.463375,below_threshold
2019,77972,WAKE,Isaiah Isaac,0.47777777777777775,below_threshold
2019,44948,WAKE,Jamie Newman,0.4407407407407408,below_threshold
2019,45124,WAKE,Cade Carney,0.47600000000000003,below_threshold
2019,97199,WAKE,Kenneth Walker III,0.37777777777777777,below_threshold
2019,55433,WAKE,Christian Beal-Smith,0.5230769230769231,below_threshold
2019,77618,WAKE,Sam Hartman,0.425,below_threshold
2019,45211,WAKE,DeAndre' Delaney,0.5230769230769231,below_threshold
2019,142763,WAKE,Kendrell Flowers,0.51,below_threshold
2019,77706,WAKE,Courtney McKinney,0.4606060606060606,below_threshold
2019,97799,WAKE,Michael Kern,0.40375,below_threshold
2019,55447,WAKE,Tayvon Bowers,0.47600000000000003,below_threshold
2019,34045,WAKE,Kendall Hinton,0.5576923076923077,below_threshold
2019,55434,WAKE,Will Drawdy,0.4407407407407408,below_threshold
2019,55450,WAKE,Sage Surratt,0.47777777777777775,below_threshold
2019,33456,WAKE,Amari Henderson,0.5464285714285714,below_threshold
2019,42659,WAKE,Justin Strnad,0.5464285714285714,below_threshold
2019,44320,WAKE,Boogie Basham,0.4407407407407408,below_threshold
2019,44493,WAKE,Sulaiman Kamara,0.4103448275862069,below_threshold
2019,44532,WAKE,Manny Walker,0.44625,below_threshold
2019,45037,WAKE,Ja'Cquez Williams,0.5167999999999999,below_threshold
2019,45046,WAKE,Luke Masterson,0.5187037037037038,below_threshold
2019,45187,WAKE,Traveon Redd,0.5760000000000001,below_threshold
2019,45258,WAKE,Essang Bassey,0.4923076923076922,below_threshold
2019,55425,WAKE,Coby Davis,0.3825,below_threshold
2019,55426,WAKE,Ja'Sir Taylor,0.425,below_threshold
2019,55430,WAKE,Mike Allen,0.48571428571428565,below_threshold
2019,55431,WAKE,Adam Winter,0.49583333333333324,below_threshold
2019,55432,WAKE,Tyler Williams,0.6,below_threshold
2019,55436,WAKE,Jeff Burley,0.425,below_threshold
2019,55439,WAKE,Chase Monroe,0.4576923076923077,below_threshold
2019,76635,WAKE,Kenneth Dicks III,0.425,below_threshold
2019,76637,WAKE,Zion Keith,0.408,below_threshold
2019,76638,WAKE,Nasir Greer,0.408,below_threshold
2019,76873,WAKE,Rondell Bothroyd,0.37777777777777777,below_threshold
2019,76874,WAKE,Dion Bergan Jr.,0.4407407407407408,below_threshold
2019,76875,WAKE,Tyric Swennie,0.4689655172413793,below_threshold
2019,76876,WAKE,Royce Francis,0.425,below_threshold
2019,77105,WAKE,Jacorey Johns,0.4576923076923077,below_threshold
2019,77106,WAKE,Ryan Smenda Jr.,0.4434782608695652,below_threshold
2019,97243,WAKE,Isaiah Essissima,0.3642857142857143,below_threshold
2019,97684,WAKE,Trey Rucker,0.46363636363636357,below_threshold
2019,97741,WAKE,Chase Jones,0.4915217391304348,below_threshold
2019,97911,WAKE,Zach Ranson,0.4434782608695652,below_threshold
2019,97930,WAKE,Justin Cody,0.544,below_threshold
2019,98309,WAKE,Shamar McCollum,0.4517241379310346,below_threshold
2019,98340,WAKE,Isaiah Chaney,0.425,below_threshold
2019,39255,WAKE,Jake Benzinger,0.4407407407407408,below_threshold
2019,55443,WAKE,Zach Tom,0.408,below_threshold
2019,46271,WAKE,Justin Herron,0.48571428571428565,below_threshold
2019,25105,WAKE,Nate Gilliam,0.5321739130434783,below_threshold
2019,55446,WAKE,Sean Maginn,0.408,below_threshold
2019,55442,WAKE,Loic Ngassam Nya,0.3966666666666666,below_threshold
2019,34958,WAKE,Jack Freudenthal,0.37777777777777777,below_threshold
2019,34045,WAKE,Kendall Hinton,0.5576923076923077,below_threshold
2019,55450,WAKE,Sage Surratt,0.47777777777777775,below_threshold
2019,44948,WAKE,Jamie Newman,0.4407407407407408,below_threshold
2019,45124,WAKE,Cade Carney,0.47600000000000003,below_threshold
2019,44947,WAKE,Brandon Chapman,0.4689655172413793,below_threshold
2019,47964,WAKE,Scotty Washington,0.4517241379310346,below_threshold
2019,39250,WAKE,Steven Claude,0.425,below_threshold
2019,97199,WAKE,Kenneth Walker III,0.37777777777777777,below_threshold
2019,55452,WAKE,Waydale Jones,0.4576923076923077,below_threshold
2019,97813,WAKE,Donavon Greene,0.5037037037037037,below_threshold
2019,55433,WAKE,Christian Beal-Smith,0.5230769230769231,below_threshold
2019,55454,WAKE,Jaquarii Roberson,0.3966666666666666,below_threshold
2019,77975,WAKE,A.T. Perry,0.463375,below_threshold
2019,44879,WAKE,Taleni Suhren,0.408,below_threshold
2019,77345,WAKE,Michael Jurgens,0.425,below_threshold
2019,55441,WAKE,Spencer Clapp,0.425,below_threshold
2019,77618,WAKE,Sam Hartman,0.425,below_threshold
2019,77881,WAKE,Blake Whiteheart,0.40375,below_threshold
2019,44818,WAKE,Je'Vionte' Nash,0.4407407407407408,below_threshold
2019,77972,WAKE,Isaiah Isaac,0.47777777777777775,below_threshold
2019,97799,WAKE,Michael Kern,0.40375,below_threshold
2019,45280,WAKE,Tyler Watson,0.3991304347826086,below_threshold
2019,55447,WAKE,Tayvon Bowers,0.47600000000000003,below_threshold
2019,55444,WAKE,Goran Jovanovic,0.44551724137931026,below_threshold
2019,55429,WAKE,Connor Hebbeler,0.39230769230769225,below_threshold
2019,45211,WAKE,DeAndre' Delaney,0.5230769230769231,below_threshold
2019,97431,WAKE,Nolan Groulx,0.4541666666666666,below_threshold
2019,55453,WAKE,Ian Driscoll,0.4589999999999999,below_threshold
2019,77706,WAKE,Courtney McKinney,0.4606060606060606,below_threshold
2019,55434,WAKE,Will Drawdy,0.4407407407407408,below_threshold
2019,97213,WAKE,Taylor Morin,0.49583333333333324,below_threshold
2019,142763,WAKE,Kendrell Flowers,0.51,below_threshold
2019,77347,WAKE,Orlando Heggs II,0.47600000000000003,below_threshold
2019,44948,WAKE,Jamie Newman,0.4407407407407408,below_threshold
2019,77618,WAKE,Sam Hartman,0.425,below_threshold
2019,97799,WAKE,Michael Kern,0.40375,below_threshold
2019,55447,WAKE,Tayvon Bowers,0.47600000000000003,below_threshold
2019,33456,WAKE,Amari Henderson,0.5464285714285714,below_threshold
2019,34045,WAKE,Kendall Hinton,0.5576923076923077,below_threshold
2019,34958,WAKE,Jack Freudenthal,0.37777777777777777,below_threshold
2019,42659,WAKE,Justin Strnad,0.5464285714285714,below_threshold
2019,44320,WAKE,Boogie Basham,0.4407407407407408,below_threshold
2019,44493,WAKE,Sulaiman Kamara,0.4103448275862069,below_threshold
2019,44532,WAKE,Manny Walker,0.44625,below_threshold
2019,45037,WAKE,Ja'Cquez Williams,0.5167999999999999,below_threshold
2019,45046,WAKE,Luke Masterson,0.5187037037037038,below_threshold
2019,45096,WAKE,Keegan Good,0.35416666666666663,below_threshold
2019,45187,WAKE,Traveon Redd,0.5760000000000001,below_threshold
2019,45258,WAKE,Essang Bassey,0.4923076923076922,below_threshold
2019,55425,WAKE,Coby Davis,0.3825,below_threshold
2019,55426,WAKE,Ja'Sir Taylor,0.425,below_threshold
2019,55428,WAKE,Ty Hardimon,0.46363636363636357,below_threshold
2019,55430,WAKE,Mike Allen,0.48571428571428565,below_threshold
2019,55431,WAKE,Adam Winter,0.49583333333333324,below_threshold
2019,55432,WAKE,Tyler Williams,0.6,below_threshold
2019,55433,WAKE,Christian Beal-Smith,0.5230769230769231,below_threshold
2019,55436,WAKE,Jeff Burley,0.425,below_threshold
2019,55439,WAKE,Chase Monroe,0.4576923076923077,below_threshold
2019,55440,WAKE,Jack Rielly,0.47600000000000003,below_threshold
2019,55454,WAKE,Jaquarii Roberson,0.3966666666666666,below_threshold
2019,55455,WAKE,Justin Bartee,0.5464285714285714,below_threshold
2019,76635,WAKE,Kenneth Dicks III,0.425,below_threshold
2019,76637,WAKE,Zion Keith,0.408,below_threshold
2019,76638,WAKE,Nasir Greer,0.408,below_threshold
2019,76873,WAKE,Rondell Bothroyd,0.37777777777777777,below_threshold
2019,76874,WAKE,Dion Bergan Jr.,0.4407407407407408,below_threshold
2019,76875,WAKE,Tyric Swennie,0.4689655172413793,below_threshold
2019,76876,WAKE,Royce Francis,0.425,below_threshold
2019,77105,WAKE,Jacorey Johns,0.4576923076923077,below_threshold
2019,77106,WAKE,Ryan Smenda Jr.,0.4434782608695652,below_threshold
2019,77975,WAKE,A.T. Perry,0.463375,below_threshold
2019,97243,WAKE,Isaiah Essissima,0.3642857142857143,below_threshold
2019,97343,WAKE,AJ Williams,0.72675,below_threshold
2019,97684,WAKE,Trey Rucker,0.46363636363636357,below_threshold
2019,97741,WAKE,Chase Jones,0.4915217391304348,below_threshold
2019,97813,WAKE,Donavon Greene,0.5037037037037037,below_threshold
2019,97911,WAKE,Zach Ranson,0.4434782608695652,below_threshold
2019,97930,WAKE,Justin Cody,0.544,below_threshold
2019,98141,WAKE,Jaylen Hudson,0.5103448275862069,below_threshold
2019,98309,WAKE,Shamar McCollum,0.4517241379310346,below_threshold
2019,98340,WAKE,Isaiah Chaney,0.425,below_threshold
2019,33456,WAKE,Amari Henderson,0.5464285714285714,below_threshold
2019,42659,WAKE,Justin Strnad,0.5464285714285714,below_threshold
2019,44320,WAKE,Boogie Basham,0.4407407407407408,below_threshold
2019,44493,WAKE,Sulaiman Kamara,0.4103448275862069,below_threshold
2019,44532,WAKE,Manny Walker,0.44625,below_threshold
2019,45037,WAKE,Ja'Cquez Williams,0.5167999999999999,below_threshold
2019,45046,WAKE,Luke Masterson,0.5187037037037038,below_threshold
2019,45096,WAKE,Keegan Good,0.35416666666666663,below_threshold
2019,45187,WAKE,Traveon Redd,0.5760000000000001,below_threshold
2019,45258,WAKE,Essang Bassey,0.4923076923076922,below_threshold
2019,47964,WAKE,Scotty Washington,0.4517241379310346,below_threshold
2019,55425,WAKE,Coby Davis,0.3825,below_threshold
2019,55426,WAKE,Ja'Sir Taylor,0.425,below_threshold
2019,55428,WAKE,Ty Hardimon,0.46363636363636357,below_threshold
2019,55439,WAKE,Chase Monroe,0.4576923076923077,below_threshold
2019,55440,WAKE,Jack Rielly,0.47600000000000003,below_threshold
2019,55450,WAKE,Sage Surratt,0.47777777777777775,below_threshold
2019,55455,WAKE,Justin Bartee,0.5464285714285714,below_threshold
2019,76635,WAKE,Kenneth Dicks III,0.425,below_threshold
2019,76637,WAKE,Zion Keith,0.408,below_threshold
2019,76638,WAKE,Nasir Greer,0.408,below_threshold
2019,76873,WAKE,Rondell Bothroyd,0.37777777777777777,below_threshold
2019,76876,WAKE,Royce Francis,0.425,below_threshold
2019,77105,WAKE,Jacorey Johns,0.4576923076923077,below_threshold
2019,77106,WAKE,Ryan Smenda Jr.,0.4434782608695652,below_threshold
2019,97243,WAKE,Isaiah Essissima,0.3642857142857143,below_threshold
2019,97343,WAKE,AJ Williams,0.72675,below_threshold
2019,97684,WAKE,Trey Rucker,0.46363636363636357,below_threshold
2019,97741,WAKE,Chase Jones,0.4915217391304348,below_threshold
2019,97911,WAKE,Zach Ranson,0.4434782608695652,below_threshold
2019,98309,WAKE,Shamar McCollum,0.4517241379310346,below_threshold
2019,33456,WAKE,Amari Henderson,0.5464285714285714,below_threshold
2019,34045,WAKE,Kendall Hinton,0.5576923076923077,below_threshold
2019,34958,WAKE,Jack Freudenthal,0.37777777777777777,below_threshold
2019,42659,WAKE,Justin Strnad,0.5464285714285714,below_threshold
2019,44320,WAKE,Boogie Basham,0.4407407407407408,below_threshold
2019,44493,WAKE,Sulaiman Kamara,0.4103448275862069,below_threshold
2019,44532,WAKE,Manny Walker,0.44625,below_threshold
2019,45037,WAKE,Ja'Cquez Williams,0.5167999999999999,below_threshold
2019,45046,WAKE,Luke Masterson,0.5187037037037038,below_threshold
2019,45096,WAKE,Keegan Good,0.35416666666666663,below_threshold
2019,45187,WAKE,Traveon Redd,0.5760000000000001,below_threshold
2019,45258,WAKE,Essang Bassey,0.4923076923076922,below_threshold
2019,47964,WAKE,Scotty Washington,0.4517241379310346,below_threshold
2019,55425,WAKE,Coby Davis,0.3825,below_threshold
2019,55426,WAKE,Ja'Sir Taylor,0.425,below_threshold
2019,55428,WAKE,Ty Hardimon,0.46363636363636357,below_threshold
2019,55430,WAKE,Mike Allen,0.48571428571428565,below_threshold
2019,55431,WAKE,Adam Winter,0.49583333333333324,below_threshold
2019,55432,WAKE,Tyler Williams,0.6,below_threshold
2019,55433,WAKE,Christian Beal-Smith,0.5230769230769231,below_threshold
2019,55436,WAKE,Jeff Burley,0.425,below_threshold
2019,55439,WAKE,Chase Monroe,0.4576923076923077,below_threshold
2019,55440,WAKE,Jack Rielly,0.47600000000000003,below_threshold
2019,55450,WAKE,Sage Surratt,0.47777777777777775,below_threshold
2019,55454,WAKE,Jaquarii Roberson,0.3966666666666666,below_threshold
2019,55455,WAKE,Justin Bartee,0.5464285714285714,below_threshold
2019,76635,WAKE,Kenneth Dicks III,0.425,below_threshold
2019,76637,WAKE,Zion Keith,0.408,below_threshold
2019,76638,WAKE,Nasir Greer,0.408,below_threshold
2019,76873,WAKE,Rondell Bothroyd,0.37777777777777777,below_threshold
2019,76874,WAKE,Dion Bergan Jr.,0.4407407407407408,below_threshold
2019,76875,WAKE,Tyric Swennie,0.4689655172413793,below_threshold
2019,76876,WAKE,Royce Francis,0.425,below_threshold
2019,77105,WAKE,Jacorey Johns,0.4576923076923077,below_threshold
2019,77106,WAKE,Ryan Smenda Jr.,0.4434782608695652,below_threshold
2019,77975,WAKE,A.T. Perry,0.463375,below_threshold
2019,97243,WAKE,Isaiah Essissima,0.3642857142857143,below_threshold
2019,97343,WAKE,AJ Williams,0.72675,below_threshold
2019,97684,WAKE,Trey Rucker,0.46363636363636357,below_threshold
2019,97741,WAKE,Chase Jones,0.4915217391304348,below_threshold
2019,97813,WAKE,Donavon Greene,0.5037037037037037,below_threshold
2019,97911,WAKE,Zach Ranson,0.4434782608695652,below_threshold
2019,97930,WAKE,Justin Cody,0.544,below_threshold
2019,98141,WAKE,Jaylen Hudson,0.5103448275862069,below_threshold
2019,98309,WAKE,Shamar McCollum,0.4517241379310346,below_threshold
2019,98340,WAKE,Isaiah Chaney,0.425,below_threshold
