player,player_id,position,team_name,player_game_count,assists,avg_depth_of_target,catch_rate,coverage_percent,coverage_snaps_per_reception,coverage_snaps_per_target,declined_penalties,dropped_ints,forced_incompletes,forced_incompletion_rate,franchise_id,grades_coverage_defense,grades_defense,grades_defense_penalty,grades_pass_rush_defense,grades_run_defense,grades_tackle,interceptions,longest,missed_tackle_rate,missed_tackles,pass_break_ups,penalties,qb_rating_against,receptions,snap_counts_coverage,snap_counts_pass_play,stops,tackles,targets,touchdowns,yards,yards_after_catch,yards_per_coverage_snap,yards_per_reception
JR Pace,10116,S,NWESTERN,12,1,14.5,31.8,99.5,57.6,18.3,0,0,5,22.7,256,74.7,73.6,56.3,59.8,70.0,51.0,1,22,27.8,5,2,3,41.3,7,427,429,2,12,22,1,87,10,0.2,12.4
Kamal Martin,12744,LB,MINNESOTA,8,2,2.9,73.9,88.8,12.6,9.3,0,0,1,4.3,225,64.0,70.6,84.7,67.2,72.2,58.3,2,13,22.2,4,1,0,80.9,17,229,258,8,12,23,2,135,100,0.6,7.9
Reggie Robinson II,13094,CB,TULSA,12,1,12.0,51.7,98.7,11.2,5.8,0,0,14,23.3,320,68.0,69.0,85.8,67.0,68.8,69.3,4,59,10.3,3,8,8,52.6,31,383,388,5,25,60,1,427,124,1.2,13.8
Jaylan Foster,13095,CB,S CAROLINA,1,0,,,100.0,,,0,0,0,,289,61.0,62.2,71.4,,60.0,,0,,,0,0,0,0.0,0,2,2,0,0,0,0,0,0,0.0,
Aaron Roberson,13789,CB,LA TECH,13,3,11.1,48.3,97.5,10.7,5.2,0,2,5,17.2,208,73.4,73.6,83.4,56.0,70.7,75.6,1,25,5.0,1,4,0,48.9,14,156,160,8,16,29,0,146,67,1.0,10.4
Hunter Andrews,13808,ED,E MICHIGAN,13,2,-6.0,0.0,2.0,,4.0,0,0,0,0.0,160,60.4,66.9,86.9,56.1,71.2,62.9,0,,20.0,1,0,0,39.6,0,4,197,2,2,1,0,0,0,0.0,
Terez Dickerson,13811,LB,DOMINION,10,1,2.3,85.7,87.9,9.2,7.9,0,0,0,0.0,263,59.3,65.1,79.2,59.0,69.2,73.8,0,29,25.0,1,0,0,103.0,6,58,66,1,2,7,0,61,50,1.1,10.2
Tyrin Ferguson,13817,ED,NEBRASKA,6,1,5.3,66.7,43.2,7.0,4.7,0,0,0,0.0,238,46.9,49.0,83.2,56.5,51.9,39.4,0,20,33.3,1,0,0,99.3,2,16,37,1,1,3,0,30,18,2.1,15.0
Trevon Hill,13821,ED,MIAMI FL,12,1,-3.0,100.0,4.6,9.0,9.0,1,0,0,0.0,220,68.7,71.2,10.0,73.2,69.2,62.6,0,-3,33.3,1,0,4,79.2,1,10,216,6,1,1,0,-3,0,-0.3,-3.0
Adonis Thomas,13851,ED,FLORIDA ST,6,0,-2.0,100.0,11.8,9.0,9.0,0,0,0,0.0,167,57.6,57.5,85.1,52.0,64.6,42.6,0,1,50.0,1,0,0,79.2,1,9,76,1,1,1,0,1,3,0.1,1.0
Robert Hayes Jr.,14327,CB,SMU,12,2,13.1,60.7,99.5,11.1,6.8,0,0,2,7.1,287,65.4,65.7,83.3,57.2,64.8,73.3,0,75,5.9,1,1,2,100.6,17,201,202,3,14,28,1,242,113,1.3,14.2
Anthony J. Taylor,14471,CB,TEXAS ST,12,4,14.3,37.5,99.1,21.4,8.0,0,2,9,22.5,314,80.0,79.4,89.0,59.2,74.6,77.5,1,44,9.5,2,9,2,60.3,15,336,339,3,15,40,2,199,54,0.6,13.3
Ladarian McFarland,14977,LB,UTSA,4,2,2.8,75.0,80.0,8.2,6.1,0,0,1,12.5,331,51.7,47.4,0.0,74.2,44.8,42.2,0,11,46.2,6,1,2,120.8,6,52,65,1,5,8,1,32,41,0.7,5.3
Marquis Couch,21749,ED,MARSHALL,13,2,6.4,40.0,30.0,49.0,19.6,0,0,0,0.0,214,67.9,74.5,41.3,71.4,76.0,72.2,0,23,20.0,1,0,3,54.6,2,101,337,3,2,5,0,23,4,0.2,11.5
Anthony Cruz,22522,S,TEMPLE,2,0,,,100.0,,,0,0,0,,306,63.9,66.6,73.4,,65.2,77.1,0,,0.0,0,0,0,0.0,0,3,3,0,1,0,0,0,0,0.0,
Clay Davis,22969,LB,W KENTUCKY,9,1,4.0,70.0,83.9,12.6,8.9,0,0,2,10.0,346,48.3,55.1,84.0,63.6,59.1,46.9,0,38,36.4,4,2,1,93.8,14,187,223,2,6,20,0,160,119,0.9,11.4
Cortez Davis,22974,CB,HAWAII,15,5,14.0,55.1,100.0,11.9,6.5,0,1,14,17.9,180,75.4,76.4,86.8,,73.2,89.2,1,37,2.4,1,10,4,81.7,43,533,533,13,36,78,4,411,148,0.8,9.6
Dru Prox,23093,LB,KANSAS,4,1,7.8,55.6,84.3,19.4,10.8,0,1,2,22.2,198,65.7,64.2,15.6,60.9,63.2,78.4,0,28,0.0,0,1,1,71.1,5,102,121,3,4,9,0,49,17,0.5,9.8
Tim Washington,23468,LB,MISS STATE,11,0,3.8,50.0,72.3,15.4,7.7,0,1,1,10.0,227,57.6,58.5,0.0,53.8,67.5,75.6,0,10,0.0,0,1,3,56.3,5,81,112,2,4,10,0,27,23,0.4,5.4
K.J. Osborn,23503,WR,MIAMI FL,1,0,,,100.0,,,0,0,0,,220,60.0,62.4,60.0,,,,0,,,0,0,0,0.0,0,1,1,0,0,0,0,0,0,0.0,
Dalton Baker,23619,ED,UTAH ST,12,2,12.5,100.0,20.9,12.5,12.5,0,0,1,50.0,329,61.0,54.8,84.5,61.8,48.0,35.4,0,27,37.5,3,1,0,118.8,2,27,129,1,3,2,0,43,18,1.7,21.5
James Bowe Jr.,23787,S,UMASS,6,2,6.1,72.7,95.4,18.1,13.2,0,0,2,18.2,216,65.0,60.8,85.9,57.3,51.0,39.2,0,47,22.2,4,1,0,145.1,8,146,153,3,12,11,1,173,132,1.2,21.6
Tim Collins,23804,ED,W MICHIGAN,13,2,,,1.1,,,0,0,0,,347,69.9,72.7,59.3,65.0,71.7,62.2,0,,25.0,2,0,1,0.0,0,2,181,7,4,0,0,0,0,0.0,
Dontavious Jackson,24251,LB,FLORIDA ST,10,2,3.1,71.4,87.8,12.8,9.1,0,0,0,0.0,167,47.9,53.3,7.8,60.4,60.3,33.0,0,27,28.6,4,0,3,99.7,15,208,237,4,8,21,1,112,98,0.6,7.5
Alvinoski LaFleur,24504,S,E MICHIGAN,13,1,4.0,93.3,85.2,6.1,5.7,0,0,0,0.0,160,46.5,55.3,80.8,60.4,68.0,53.2,1,52,37.5,6,0,1,108.9,14,92,108,5,9,15,1,172,120,2.0,12.3
Shawn Featherstone,25441,S,AKRON,8,1,12.7,63.6,99.6,32.0,20.4,0,0,1,9.1,102,72.0,74.8,41.3,60.0,79.0,79.5,1,41,14.3,2,1,2,83.5,7,239,240,0,11,11,1,95,24,0.4,13.6
Alvin Davis Jr.,25442,S,AKRON,11,1,10.8,64.0,96.4,18.9,12.1,1,1,3,12.0,102,74.8,82.4,57.1,67.5,90.8,90.0,0,34,3.7,1,3,2,80.8,16,318,330,3,25,25,0,152,57,0.5,9.5
Anfernee Jennings,25449,ED,ALABAMA,13,3,5.4,75.0,20.8,11.8,8.9,4,2,2,25.0,103,68.6,86.9,0.0,88.2,88.6,67.0,1,37,18.2,2,2,10,64.6,6,77,371,11,6,8,0,76,41,1.1,12.7
Shyheim Carter,25451,CB,ALABAMA,13,8,10.4,57.7,93.9,11.6,6.7,0,1,4,7.7,103,73.0,75.0,89.5,58.7,80.6,60.0,1,31,15.6,5,2,0,83.1,30,372,396,10,19,52,3,271,146,0.8,9.0
Malik Lawal,25510,LB,TULANE,13,2,8.7,66.7,45.6,41.5,27.7,0,0,0,0.0,319,51.6,52.7,4.7,69.8,49.2,62.5,0,58,40.0,4,0,2,109.7,2,83,182,2,4,3,0,67,66,0.8,33.5
Tyler Whiley,25511,S,ARIZONA ST,7,2,13.5,83.3,86.6,11.2,9.3,0,0,0,0.0,110,45.2,52.6,0.0,62.2,71.1,80.0,0,48,0.0,0,0,1,154.9,5,58,67,1,3,6,2,70,43,1.3,14.0
Sean Adesanya,25543,ED,C MICHIGAN,14,0,3.5,50.0,2.5,10.0,5.0,0,0,0,0.0,134,68.5,75.3,29.6,77.5,66.7,35.1,1,3,40.0,2,0,5,16.7,1,10,400,9,3,2,0,3,2,0.3,3.0
Jameson Houston,25642,CB,BAYLOR,14,0,10.2,56.0,97.8,11.1,6.2,1,1,10,13.3,118,72.9,72.8,26.4,62.2,75.8,65.4,1,79,14.6,6,6,5,80.2,42,481,492,13,35,75,3,427,178,0.9,10.2
Bravvion Roy,25644,DI,BAYLOR,14,2,,,2.3,,,0,0,0,,118,58.6,88.4,77.0,83.7,85.6,82.0,0,,25.0,2,0,1,0.0,0,10,432,8,4,0,0,0,0,0.0,
Clay Johnston,25685,LB,BAYLOR,6,2,7.3,72.2,87.0,13.5,9.7,0,1,5,27.8,118,65.7,83.1,82.6,77.3,90.2,60.8,1,18,22.2,4,5,0,67.6,13,180,207,10,12,18,0,123,64,0.7,9.5
Chris Miller,25686,S,BAYLOR,13,1,16.6,41.7,97.1,77.4,32.3,1,0,2,16.7,118,63.9,65.7,0.0,52.2,78.3,74.1,0,27,20.6,7,2,4,92.0,5,401,413,4,26,12,1,79,20,0.2,15.8
Henry Black,25687,S,BAYLOR,14,3,10.0,54.3,96.5,26.6,14.5,1,0,2,5.7,118,88.0,82.7,61.4,60.2,76.6,68.0,1,28,10.0,3,2,2,63.9,19,523,542,7,24,35,1,159,99,0.3,8.4
Cam Jefferies,25700,CB,CINCINNATI,14,2,13.3,48.9,100.0,13.5,6.6,1,0,5,10.6,138,61.0,63.2,86.1,,71.8,50.0,1,75,20.0,4,5,4,104.7,23,336,336,4,14,47,4,478,201,1.5,20.8
Antonyo Sotolongo,25704,S,BOWL GREEN,9,2,4.3,90.9,95.7,15.2,13.8,0,0,0,0.0,122,56.1,53.9,19.7,53.4,54.0,33.6,0,44,30.8,8,0,1,158.3,10,155,162,2,16,11,2,144,99,0.9,14.4
Luc Bequette,25776,DI,CAL,13,1,,,1.2,,,1,0,0,,130,67.0,64.4,71.7,60.8,62.8,63.2,0,,0.0,0,0,2,0.0,0,5,423,2,6,0,0,0,0,0.0,
Zeandae Johnson,25779,DI,CAL,13,1,,,0.8,,,0,1,1,,130,65.2,75.0,86.3,67.6,73.8,49.9,0,,25.0,1,1,0,0.0,0,3,381,6,2,0,0,0,0,0.0,
Michael Oliver,25893,LB,C MICHIGAN,14,3,5.8,71.8,89.8,11.1,8.0,0,0,2,5.1,134,62.0,66.9,86.3,58.8,68.3,47.7,1,54,21.4,6,1,1,92.0,28,325,362,13,19,39,1,302,215,1.0,10.8
Willie Edwards,26004,CB,APP STATE,4,0,18.6,60.0,100.0,10.3,6.2,0,0,1,20.0,108,70.4,70.6,76.2,,62.2,48.1,1,34,25.0,1,0,0,49.2,3,33,33,2,3,5,0,44,4,1.4,14.7
Tre Hornbuckle,26138,ED,DUKE,11,2,,,0.5,,,0,0,0,,154,66.4,72.9,45.2,64.0,75.7,59.3,0,,22.2,2,0,2,0.0,0,1,205,10,5,0,0,0,0,0.0,
Trevon McSwain,26142,DI,DUKE,12,1,,,0.4,,,0,0,0,,154,60.5,74.8,67.9,80.9,66.8,46.7,0,,50.0,2,0,1,0.0,0,1,256,4,1,0,0,0,0,0.0,
Jordan Hayes,26143,S,UCF,8,1,5.0,28.6,94.8,43.5,12.4,0,0,1,14.3,323,59.2,58.2,81.5,55.4,56.2,52.3,0,17,16.7,1,0,0,42.0,2,92,97,0,4,7,0,25,19,0.3,12.5
Koby Quansah,26145,LB,DUKE,12,3,7.8,61.5,74.7,18.1,11.1,1,1,2,7.7,154,47.9,64.6,35.7,56.9,77.3,68.4,0,21,30.0,6,1,3,80.1,16,304,407,4,11,26,0,167,109,0.6,10.4
Dylan Singleton,26147,S,DUKE,12,3,8.3,81.5,95.6,16.7,13.6,0,0,1,3.7,154,57.7,59.5,58.2,60.3,61.9,57.3,0,62,14.7,5,0,1,144.8,22,389,407,7,26,27,4,250,117,0.7,11.4
Colby Gore,26197,CB,E CAROLINA,10,3,14.9,59.6,95.3,9.0,5.4,0,0,5,8.8,156,56.2,51.2,17.5,45.5,41.5,69.1,1,66,9.5,4,2,4,111.0,34,325,341,4,35,57,4,590,188,1.9,17.4
Kendall Futrell,26199,ED,E CAROLINA,12,1,3.5,100.0,0.7,1.0,1.0,0,0,0,0.0,156,64.4,86.8,67.3,85.5,80.4,71.5,0,20,20.0,2,0,2,110.4,2,3,413,16,7,2,0,21,14,10.5,10.5
Kevin McGill,26334,CB,E MICHIGAN,11,4,12.2,48.6,99.1,17.3,8.4,1,0,8,21.6,160,79.5,72.5,50.6,68.9,48.8,57.5,1,38,14.3,3,2,5,60.8,18,333,336,5,14,37,1,181,96,0.6,10.1
Jalen Phelps,26343,S,E MICHIGAN,4,0,8.8,88.9,100.0,6.3,5.6,0,0,0,0.0,160,59.9,62.0,82.0,,65.2,66.5,0,23,12.5,1,0,0,101.9,8,52,52,1,7,9,0,76,39,1.5,9.5
Clay Holford,26345,ED,E MICHIGAN,3,0,5.0,0.0,2.1,,1.0,0,0,1,100.0,160,88.9,66.0,81.2,60.7,55.7,78.7,1,,0.0,0,1,0,0.0,0,1,48,1,2,1,0,0,0,0.0,
Brody Hoying,26348,S,E MICHIGAN,13,3,5.2,70.5,88.5,9.4,6.6,1,2,4,9.1,160,75.7,77.0,55.3,77.4,76.5,60.9,4,22,20.0,7,4,1,45.1,31,308,348,11,25,44,0,234,165,0.8,7.5
Kevin McCrary,26396,DI,FAU,13,0,13.0,100.0,1.8,2.0,2.0,0,0,0,0.0,165,55.9,64.4,82.5,63.8,65.4,39.3,0,18,100.0,1,0,0,118.8,1,2,110,2,0,1,0,18,5,9.0,18.0
Kylan Johnson,26452,LB,PITTSBURGH,13,4,4.9,40.0,71.3,51.5,20.6,0,0,2,13.3,268,81.1,75.3,83.5,68.2,67.7,63.8,0,40,14.3,2,1,0,53.5,6,333,467,11,8,15,0,65,55,0.2,10.8
Jeremiah Moon,26453,ED,FLORIDA,9,2,12.5,16.7,35.0,75.0,12.5,1,1,1,16.7,163,76.5,68.5,65.6,68.0,58.6,76.4,0,6,11.1,1,1,1,39.6,1,77,220,6,6,6,0,6,3,0.1,6.0
David Reese II,26454,LB,FLORIDA,13,3,3.5,73.5,86.1,8.6,6.3,0,0,1,2.0,163,62.1,69.4,83.0,51.4,78.3,66.7,0,52,13.3,4,0,0,96.0,36,321,373,9,23,49,1,305,192,1.0,8.5
Jeawon Taylor,26455,S,FLORIDA,11,1,13.3,50.0,94.5,32.6,16.3,0,0,1,7.1,163,63.9,66.1,83.8,64.6,67.5,51.8,0,25,23.5,4,1,0,101.5,7,239,253,4,12,14,1,114,38,0.5,16.3
Marcus Lewis,26457,CB,MARYLAND,10,5,11.5,63.5,98.7,8.6,5.5,0,0,2,3.8,215,57.9,61.4,86.0,56.5,74.6,57.2,2,35,10.3,3,1,2,83.6,33,297,301,4,21,52,2,397,138,1.4,12.0
David Curry,26573,LB,GA TECH,12,5,1.4,82.8,76.0,10.2,8.4,0,0,1,3.4,176,65.2,64.4,54.1,64.2,62.5,71.2,1,33,8.0,2,1,1,95.8,24,260,342,10,18,29,1,223,206,0.9,9.3
Rojesterman Farris II,26587,CB,HAWAII,14,4,14.1,54.9,99.8,12.2,6.7,0,2,9,12.7,180,75.7,77.9,86.5,58.1,84.0,90.0,1,75,3.0,1,6,3,87.8,39,497,498,4,28,71,2,620,174,1.3,15.9
Solomon Matautia,26631,LB,HAWAII,15,4,3.3,82.4,83.5,11.0,9.1,0,0,0,0.0,180,64.2,65.0,89.7,64.7,63.4,65.7,2,26,13.8,4,0,0,83.6,28,323,387,8,21,34,1,258,177,0.8,9.2
Patrick Nelson,26699,LB,SMU,13,4,7.1,70.2,82.9,13.2,9.3,0,0,2,4.3,287,63.9,74.5,65.2,90.7,73.7,60.9,1,68,31.4,11,2,2,117.1,33,456,550,20,20,47,4,417,281,1.0,12.6
Cam Watkins,26701,CB,VANDERBILT,12,2,12.2,60.0,98.7,7.8,4.7,0,0,3,10.0,333,59.5,61.0,18.5,54.6,71.4,55.4,0,70,29.4,5,3,1,134.3,18,149,151,2,10,30,3,352,159,2.5,19.6
Reggie Walker,26885,ED,KANSAS ST,13,1,-2.7,66.7,5.2,8.0,5.3,0,0,0,0.0,199,61.1,69.7,73.0,72.0,64.1,49.8,0,5,42.9,3,0,1,70.1,2,16,310,5,3,3,0,6,14,0.4,3.0
Jamal Parker Jr.,26946,CB,KENT STATE,13,1,16.8,52.2,96.6,14.5,7.5,3,2,9,19.6,201,68.4,67.7,50.4,50.0,68.8,76.1,3,54,7.7,2,6,9,77.2,24,372,385,3,23,46,3,409,126,1.2,17.0
Michael Divinity Jr.,27046,ED,LSU,6,1,1.0,100.0,44.7,10.5,10.5,0,0,0,0.0,211,54.6,65.8,39.8,61.2,81.6,74.6,0,19,22.2,2,0,1,100.0,6,71,159,6,6,6,0,48,42,0.8,8.0
Isaiah Rodgers,27069,CB,UMASS,12,5,17.3,49.0,99.7,12.1,5.9,0,2,6,12.2,216,65.5,67.1,85.4,60.0,70.2,57.2,4,52,17.2,5,6,2,64.5,24,299,300,2,19,49,3,414,83,1.4,17.3
Jonathan Wilson,27127,DI,MEMPHIS,14,0,,,0.4,,,0,0,0,,218,59.5,73.6,85.0,77.1,66.7,35.1,0,,100.0,4,0,0,0.0,0,1,284,4,0,0,0,0,0,0.0,
Bryce Huff,27128,ED,MEMPHIS,14,0,,,1.8,,,0,0,0,,218,66.2,89.0,65.0,90.3,78.6,68.7,0,,80.0,4,0,2,0.0,0,7,388,8,1,0,0,0,0,0.0,
Austin Hall,27129,LB,MEMPHIS,13,7,6.4,79.4,82.4,10.8,8.6,0,1,6,17.6,218,76.7,68.9,87.9,73.2,54.5,77.8,2,31,3.8,1,5,0,99.6,27,308,374,7,18,34,2,309,149,1.1,11.4
Raequan Williams,27300,DI,MICH STATE,13,1,,,0.3,,,1,0,1,,223,60.8,74.0,40.1,76.9,69.6,28.5,0,,50.0,3,0,3,0.0,0,1,353,7,2,0,0,0,0,0.0,
Reuben Jones,27371,ED,W VIRGINIA,12,0,,,2.0,,,1,0,0,,343,58.5,62.1,52.8,65.6,59.5,81.8,0,,60.0,3,0,2,0.0,0,5,244,4,2,0,0,0,0,0.0,
Lavert Hill,27374,CB,MICHIGAN,12,0,12.3,45.2,98.9,18.4,8.3,1,3,9,29.0,222,72.0,69.5,85.7,53.9,56.1,85.8,3,42,0.0,0,9,9,39.7,14,274,277,2,11,31,1,214,68,0.8,15.3
Michael Dwumfour,27376,DI,MICHIGAN,10,0,,,0.9,,,0,0,0,,222,59.9,74.2,17.4,75.2,73.6,47.9,0,,100.0,1,0,2,0.0,0,1,113,0,0,0,0,0,0,0.0,
Joshua Uche,27379,ED,MICHIGAN,13,0,13.2,66.7,26.2,17.5,11.7,2,0,1,16.7,222,64.1,84.2,21.1,91.4,68.8,65.7,0,22,33.3,2,1,3,102.1,4,73,279,9,4,6,0,64,46,0.9,16.0
Ronnell Perkins,27441,LB,MISSOURI,12,1,7.9,46.2,84.0,24.7,11.4,0,0,2,15.4,229,75.8,65.1,89.1,62.2,48.3,42.9,2,16,14.3,1,2,0,17.0,6,158,188,2,5,13,0,50,19,0.3,8.3
DeMarkus Acy,27442,CB,MISSOURI,10,1,10.5,55.3,98.6,9.6,5.3,1,3,6,15.8,229,61.2,63.0,84.3,52.6,69.8,32.9,0,48,28.6,4,4,1,81.5,21,217,220,5,9,38,1,224,128,1.1,10.7
Lucas Weber,27625,LB,NEVADA,6,1,1.4,80.0,67.5,10.0,8.0,0,0,1,10.0,239,55.7,59.5,32.4,63.2,62.7,57.2,0,21,33.3,2,0,1,90.8,8,85,126,3,3,10,0,58,54,0.7,7.3
Alex Hart,27631,LB,NEW MEXICO,12,8,6.5,75.0,79.6,15.0,11.2,0,0,4,14.3,241,58.7,69.1,87.1,70.5,69.2,66.6,1,50,5.0,1,2,0,117.6,21,331,416,11,11,28,2,296,169,0.9,14.1
Jarius Morehead,27752,S,NC STATE,12,6,8.7,63.6,94.9,38.7,24.6,0,0,0,0.0,248,58.6,59.6,45.0,75.2,58.6,46.3,0,13,9.1,2,0,2,115.2,7,279,294,3,14,11,2,54,21,0.2,7.7
Taylor Robinson,27804,S,N TEXAS,10,4,12.8,63.6,99.7,15.0,9.5,1,1,5,15.2,251,43.8,42.3,48.3,75.7,40.3,48.2,1,59,16.1,5,5,4,113.8,21,337,338,5,22,33,3,325,134,1.0,15.5
Quintin Wynne,27823,ED,N ILLINOIS,10,0,3.8,50.0,9.1,10.5,5.3,0,0,0,0.0,254,56.3,66.5,70.6,57.6,74.3,61.7,0,8,40.0,2,0,1,56.3,2,22,242,3,3,4,0,9,8,0.4,4.5
Trayshon Foster,27831,S,N ILLINOIS,12,3,12.6,46.2,96.4,25.1,11.6,0,2,1,3.8,254,63.7,60.1,0.0,84.2,53.6,75.2,0,40,7.1,1,1,5,82.5,12,320,332,3,10,26,1,182,46,0.6,15.2
Trequan Smith,27833,S,N ILLINOIS,6,0,11.5,50.0,91.3,21.0,10.5,0,0,0,0.0,254,37.9,30.6,75.3,56.9,32.1,48.0,0,9,50.0,1,0,0,62.5,1,21,23,0,1,2,0,9,6,0.4,9.0
Joe Gaziano,27949,ED,NWESTERN,12,2,7.7,50.0,12.5,15.3,7.7,1,1,1,16.7,256,62.7,85.6,75.3,81.0,85.1,67.7,0,20,60.0,6,1,1,73.6,3,46,369,8,2,6,0,43,16,0.9,14.3
Trent Goens,27950,ED,NWESTERN,4,1,-0.5,100.0,16.3,7.0,7.0,0,0,0,0.0,256,67.0,71.9,82.1,60.7,73.3,82.2,0,4,0.0,0,0,0,79.2,2,14,86,2,2,2,0,6,7,0.4,3.0
Nathan Fox,27953,LB,HOUSTON,1,0,,,77.8,,,0,0,0,,182,62.5,66.4,73.1,67.5,60.6,27.5,0,,,0,0,0,0.0,0,7,9,0,0,0,0,0,0,0.0,
Trae Williams,27962,CB,NWESTERN,9,0,11.5,68.8,99.6,9.6,6.6,0,0,4,12.5,256,58.9,57.9,84.0,60.0,51.4,51.9,0,50,23.5,4,3,1,134.6,22,227,228,2,13,32,4,274,79,1.3,12.5
Josh Norwood,28076,S,W VIRGINIA,10,1,10.8,61.5,98.2,12.9,7.9,0,0,6,23.1,343,61.9,67.4,0.0,55.1,79.9,70.4,1,81,14.3,3,5,2,104.3,16,216,220,2,17,26,2,258,85,1.3,16.1
Rodjay Burns,28078,LB,LOUISVILLE,13,3,4.6,74.3,75.7,10.2,7.5,1,1,2,5.7,210,74.4,70.1,63.2,68.2,65.6,67.4,1,81,18.5,5,1,1,115.9,26,271,358,10,19,35,3,296,209,1.1,11.4
Justin Hilliard,28079,LB,OHIO STATE,10,0,3.5,66.7,84.4,9.0,6.0,0,0,0,0.0,260,80.7,78.5,77.4,57.1,73.2,75.4,1,3,25.0,1,0,0,30.6,4,38,45,2,3,6,0,5,4,0.1,1.3
Damon Arnette,28080,CB,OHIO STATE,13,3,10.9,44.6,99.4,13.3,5.9,0,1,11,19.6,260,73.8,74.1,42.7,85.3,68.2,63.3,1,46,11.1,3,7,4,60.6,25,345,347,6,21,56,1,306,79,0.9,12.2
Malik Harrison,28081,LB,OHIO STATE,14,1,4.0,68.0,80.4,18.1,12.3,0,1,4,16.0,260,77.1,82.8,58.0,65.5,87.5,63.5,0,53,16.7,3,4,1,122.1,17,319,397,12,14,25,2,220,146,0.7,12.9
Keandre Jones,28092,ED,MARYLAND,12,1,5.9,80.0,18.8,9.1,7.3,0,1,1,10.0,215,62.0,82.1,92.1,73.0,87.4,84.5,0,28,7.1,1,1,0,146.3,8,73,388,12,12,10,2,96,42,1.3,12.0
Mark Jackson Jr.,28095,ED,OKLAHOMA,4,0,,,30.8,,,0,0,0,,261,61.4,57.1,78.2,62.2,52.4,72.2,0,,,0,0,0,0.0,0,4,13,0,0,0,0,0,0,0.0,
Gus Cumberlander,28247,ED,OREGON,5,2,,,1.0,,,0,0,0,,264,60.6,77.0,30.6,74.3,75.8,79.4,0,,0.0,0,0,1,0.0,0,1,99,1,0,0,0,0,0,0.0,
Drayton Carlberg,28248,DI,OREGON,14,2,,,0.3,,,0,0,0,,264,68.0,73.4,85.8,70.2,66.3,37.6,0,,0.0,0,0,0,0.0,0,1,345,5,1,0,0,0,0,0.0,
Troy Dye,28251,LB,OREGON,13,7,4.2,71.4,76.7,14.1,10.1,0,1,3,8.6,264,75.1,76.3,14.9,75.4,72.4,69.3,2,28,22.2,8,3,3,74.2,25,371,484,13,21,35,1,226,185,0.6,9.0
Robert Windsor,28310,DI,PENN STATE,13,2,,,0.3,,,1,0,0,,266,52.0,75.7,71.7,80.5,68.5,75.5,0,,20.0,1,0,1,0.0,0,1,361,4,2,0,0,0,0,0.0,
Garrett Taylor,28311,S,PENN STATE,13,3,7.6,62.1,98.5,24.2,15.0,0,2,0,0.0,266,67.3,77.3,87.2,70.8,90.2,84.6,1,66,16.2,6,0,0,81.8,18,455,462,7,28,29,1,215,118,0.5,11.9
Roe Wilkins,28429,ED,ARIZONA ST,13,0,,,2.5,,,0,0,0,,110,59.2,63.2,68.5,60.2,64.9,28.2,0,,25.0,1,0,1,0.0,0,7,283,2,3,0,0,0,0,0.0,
Myles Adams,28430,DI,RICE,12,2,-7.0,100.0,1.0,3.0,3.0,0,0,0,0.0,275,60.7,84.8,85.3,71.5,87.9,80.0,0,0,0.0,0,0,0,79.2,1,3,313,2,1,1,0,0,7,0.0,0.0
Najee Clayton,28437,LB,W MICHIGAN,13,1,6.4,88.9,76.1,14.0,12.4,0,0,0,0.0,347,47.7,60.9,81.3,60.4,74.5,74.5,2,22,20.0,1,0,0,112.7,8,118,155,2,3,9,1,105,64,0.9,13.1
Matt Bahr,28617,LB,KENT STATE,11,4,6.1,76.9,82.9,14.7,11.3,0,0,1,7.7,201,56.6,61.5,39.7,62.1,64.6,68.8,0,24,7.7,1,1,1,128.7,10,155,187,3,8,13,1,115,50,0.8,11.5
Will Dawkins,28645,S,UAB,10,6,11.3,50.0,98.8,30.0,15.0,0,0,1,6.3,321,70.1,71.0,84.5,67.1,69.6,64.3,1,56,15.8,3,1,0,58.6,8,255,258,3,10,16,0,157,105,0.7,19.6
Cornelius Sturghill,28784,CB,LOUISVILLE,10,0,9.2,60.9,98.7,10.5,6.4,0,0,3,13.0,210,68.5,64.1,81.8,55.6,45.0,51.5,0,34,0.0,0,2,1,82.7,14,148,150,7,17,23,0,165,52,1.1,11.8
Richard Moore,28853,LB,SMU,3,1,3.8,83.3,83.5,8.8,7.3,0,0,1,8.3,287,56.4,62.1,78.9,63.2,69.6,57.5,0,21,37.5,3,1,0,132.3,10,91,109,4,4,12,1,109,85,1.2,10.9
Bryan London II,28856,LB,TEXAS ST,12,2,5.4,82.8,90.8,12.9,10.7,0,0,0,0.0,314,50.4,72.5,87.5,61.6,79.8,70.0,1,28,25.0,6,0,0,128.5,24,324,357,7,16,29,5,255,150,0.8,10.6
Diamon Cannon,28863,LB,TULSA,12,1,0.6,80.0,76.1,9.8,7.9,0,0,2,10.0,320,75.4,70.1,82.8,55.6,68.5,63.6,0,15,12.5,2,2,0,86.0,16,178,234,7,13,20,0,93,107,0.6,5.8
Nevelle Clarke,28931,CB,UCF,11,0,13.2,46.3,99.7,14.9,6.9,1,2,9,16.7,323,72.7,74.6,86.8,59.4,79.2,38.8,2,49,33.3,7,6,4,76.1,25,388,389,6,14,54,4,339,36,0.9,13.6
Brendon Hayes,28933,ED,UCF,12,0,0.0,50.0,2.0,6.0,3.0,1,0,0,0.0,323,59.3,68.2,26.1,72.9,64.9,54.3,0,18,33.3,1,0,4,81.3,1,6,297,8,2,2,0,18,19,3.0,18.0
Evan Austrie,28985,S,UNLV,12,2,10.1,51.2,92.0,17.8,9.1,0,1,6,14.0,325,86.3,78.1,85.9,68.4,64.3,69.4,0,37,12.9,4,6,1,74.5,22,414,450,10,25,43,1,227,99,0.6,10.3
Soli Afalava,28986,ED,UNLV,1,0,-3.0,100.0,100.0,2.0,2.0,0,0,0,0.0,325,63.2,54.5,77.8,,49.6,31.9,0,9,0.0,0,0,0,104.2,1,2,2,0,1,1,0,9,12,4.5,9.0
Javin White,28987,S,UNLV,12,1,8.7,62.8,93.5,7.1,4.5,1,2,11,12.8,325,62.6,64.4,0.0,75.6,71.3,54.1,3,80,17.5,7,10,8,79.0,54,406,434,16,32,86,3,568,329,1.5,10.5
Jericho Flowers,28988,CB,UNLV,12,2,14.3,51.7,99.1,9.2,4.8,1,1,13,14.9,325,61.5,57.6,56.1,67.5,40.0,67.5,4,53,10.0,5,10,6,58.3,45,435,439,12,43,87,0,673,147,1.6,15.0
Jack Jones,29050,CB,ARIZONA ST,13,0,10.2,65.3,98.9,6.9,4.5,0,1,14,18.7,110,71.3,71.2,85.0,52.0,66.4,65.6,3,40,17.1,7,11,2,98.1,49,355,359,13,34,75,6,568,235,1.7,11.6
Ykili Ross,29051,CB,UTEP,9,3,12.0,69.2,99.4,9.4,6.5,0,0,1,3.8,330,59.5,57.2,0.0,60.0,57.0,47.4,2,30,18.8,3,1,5,98.2,18,176,177,2,10,26,4,193,32,1.1,10.7
Kirk Livingstone,29052,ED,USF,12,1,,,0.9,,,0,0,0,,327,61.8,87.2,66.5,69.9,90.9,64.8,0,,0.0,0,0,1,0.0,0,2,229,2,2,0,0,0,0,0.0,
Malik Dixon,29053,S,RUTGERS,10,0,17.8,80.0,98.6,32.8,26.2,0,2,1,20.0,278,47.0,53.2,83.5,59.0,65.9,65.8,0,31,23.1,3,1,0,158.3,4,141,143,0,10,5,1,77,3,0.6,19.3
Adam Shuler,29321,DI,FLORIDA,13,0,,,0.4,,,1,0,0,,163,64.0,66.7,66.5,58.9,69.1,62.6,0,,33.3,1,0,1,0.0,0,1,254,5,2,0,0,0,0,0.0,
Zach Sandwisch,29368,ED,W VIRGINIA,3,0,,,41.7,,,0,0,0,,343,61.9,49.0,78.6,60.2,43.7,73.0,0,,,0,0,0,0.0,0,5,12,0,0,0,0,0,0,0.0,
Deonte Holden,29464,ED,NC STATE,11,0,,,0.7,,,0,0,0,,248,60.1,51.8,82.0,55.4,47.4,55.3,0,,66.7,2,0,0,0.0,0,1,135,2,1,0,0,0,0,0.0,
D'Wayne Eskridge,29573,CB,W MICHIGAN,3,3,9.3,58.8,97.3,6.5,3.8,0,0,2,11.8,347,58.7,57.2,79.5,75.0,47.4,54.5,0,15,10.0,1,2,2,109.6,10,71,73,2,6,17,3,77,56,1.2,7.7
Josiah Hall,29620,ED,WYOMING,11,0,,,2.0,,,0,0,0,,351,60.5,71.6,87.0,55.7,81.5,84.4,0,,,0,0,0,0.0,0,4,201,4,0,0,0,0,0,0.0,
Logan Wilson,29623,LB,WYOMING,13,4,7.3,66.1,89.8,12.3,8.1,0,3,5,8.9,351,81.4,90.6,37.9,85.6,91.6,77.3,4,37,10.5,4,5,2,70.6,37,474,528,10,30,56,2,421,192,0.9,11.4
Marshaun Cameron,30624,CB,COLO STATE,12,2,12.8,57.1,97.0,12.3,7.0,1,0,4,11.4,144,67.0,70.3,87.2,64.1,77.6,91.0,0,50,0.0,0,4,2,102.8,20,258,266,4,14,35,2,286,144,1.2,14.3
Joey Banks,31453,S,BUFFALO,13,2,11.0,71.4,98.7,17.5,12.5,0,0,2,7.1,126,68.4,75.9,48.3,73.6,84.6,90.2,3,52,3.2,1,1,1,110.7,20,371,376,10,28,28,5,330,128,0.9,16.5
Darreyl Patterson,32854,CB,KANSAS ST,9,0,15.2,50.0,100.0,24.7,12.3,0,0,1,16.7,199,71.2,72.4,79.4,,72.7,68.4,1,14,12.5,1,1,1,22.2,3,76,76,1,7,6,0,26,-1,0.4,8.7
Taj Jones,32969,CB,SO MISS,4,0,14.0,100.0,100.0,4.0,4.0,0,0,0,0.0,296,61.3,67.5,74.4,,77.5,79.3,0,34,0.0,0,0,0,158.3,3,12,12,1,2,3,1,42,2,3.5,14.0
Dane Jackson,32989,CB,PITTSBURGH,13,2,10.5,47.4,97.9,17.9,8.5,1,1,13,22.8,268,77.2,79.2,55.7,57.3,89.9,64.1,1,32,23.3,7,7,8,83.8,27,514,525,8,21,57,5,278,153,0.6,10.3
Clayton Johnson,33000,CB,UTSA,12,2,13.3,62.5,97.0,12.2,7.6,0,0,0,0.0,331,49.9,51.3,25.1,78.6,57.2,35.0,0,77,31.6,6,0,2,130.9,15,192,198,1,11,24,2,282,116,1.5,18.8
Zamore Zigler,33012,CB,S JOSE ST,11,0,13.8,60.5,99.5,7.6,4.6,0,0,5,11.6,285,65.3,65.0,84.2,59.0,60.4,48.8,0,62,22.2,6,3,0,94.8,26,205,206,8,21,43,1,357,115,1.8,13.7
Richaud Floyd,33043,CB,MISSOURI,1,0,,,100.0,,,0,0,0,,229,62.9,63.9,71.9,,60.9,,0,,,0,0,0,0.0,0,4,4,0,0,0,0,0,0,0.0,
Roney Elam,33103,CB,TEXAS A&M,3,0,11.1,60.0,97.3,7.7,4.6,0,0,1,6.7,312,79.9,79.0,83.8,74.4,59.3,58.9,2,29,14.3,1,1,0,35.3,9,73,75,4,6,15,0,82,18,1.2,9.1
Julius Lewis,33145,CB,TCU,6,1,21.2,61.9,99.4,11.0,6.8,0,0,2,9.5,305,56.2,56.5,82.0,60.0,57.8,78.0,1,70,10.0,1,2,2,125.5,13,153,154,2,8,21,4,376,89,2.6,28.9
Desmond Anderson,33165,CB,MIDDLE TN,10,1,11.3,72.7,95.9,9.3,6.8,0,0,3,9.1,224,55.4,55.0,84.5,47.3,56.3,59.0,0,75,17.2,5,2,1,128.2,24,232,242,7,23,33,2,359,146,1.6,15.0
Michael Lewis,33204,S,UTEP,12,3,9.1,76.7,97.7,14.6,11.2,0,0,0,0.0,330,49.3,44.3,86.0,47.8,38.3,51.7,1,74,17.9,5,0,0,141.0,23,347,355,5,20,30,6,355,148,1.1,15.4
DeAnte Ford,33293,S,KANSAS,11,0,1.4,87.5,94.7,12.0,10.5,0,0,0,0.0,198,65.9,73.0,84.4,68.9,80.8,74.1,0,19,0.0,0,0,0,96.9,7,90,95,2,5,8,0,58,58,0.7,8.3
Jeremiah Dinson,33322,S,AUBURN,12,11,3.3,75.0,92.2,13.5,10.1,0,1,1,2.8,115,91.4,89.9,58.2,64.8,78.2,90.3,2,14,4.5,2,1,1,66.0,27,390,423,17,31,36,1,132,90,0.4,4.9
Kareem Ali,33353,CB,W MICHIGAN,12,1,-0.6,80.0,100.0,17.0,13.6,1,1,0,0.0,347,69.2,67.4,79.1,,55.6,52.3,1,15,16.7,1,0,1,42.1,4,72,72,3,4,5,0,18,23,0.3,4.5
DJ Williams,33354,CB,UTAH ST,13,2,12.0,65.9,98.9,7.8,5.1,4,1,7,8.5,329,50.4,55.5,11.1,50.9,80.8,62.7,2,78,19.1,9,5,10,113.9,54,442,447,6,36,82,7,760,208,1.8,14.1
Trey Spencer,33358,S,LA TECH,3,0,27.0,100.0,100.0,7.5,7.5,0,0,0,0.0,208,38.6,42.0,76.1,,62.9,,0,54,,0,0,0,158.3,2,15,15,0,0,2,1,72,18,4.8,36.0
Kahlil Robinson,33387,S,TOLEDO,12,1,12.3,68.8,98.4,15.5,10.6,0,2,3,9.4,316,51.5,58.3,86.3,56.6,69.5,78.3,3,43,13.8,4,2,1,86.2,22,364,370,2,24,32,3,266,97,0.8,12.1
DuWayne Johnson,33391,CB,SYRACUSE,1,0,,,100.0,,,0,0,0,,304,61.4,63.3,69.7,,60.0,,0,,,0,0,0,0.0,0,2,2,0,0,0,0,0,0,0.0,
Keith Washington Jr.,33415,CB,W VIRGINIA,10,0,15.2,44.4,100.0,20.4,9.1,0,0,9,25.0,343,75.8,74.7,43.7,,67.6,75.2,3,68,0.0,0,9,2,65.0,16,341,341,3,15,36,3,284,74,0.9,17.8
Jordan Adams,33421,CB,UMASS,7,1,17.0,50.0,100.0,15.0,7.5,0,0,0,0.0,216,51.5,47.8,80.9,,36.9,50.9,1,17,0.0,0,0,0,66.7,5,78,78,1,7,10,1,70,15,0.9,14.0
Chris Stamps,33448,CB,MIDDLE TN,7,2,11.9,67.6,98.1,6.5,4.4,0,0,4,11.8,224,54.5,51.6,82.8,49.2,42.0,77.5,1,34,4.5,1,3,1,105.9,23,154,157,3,19,34,2,327,107,2.2,14.2
Amari Henderson,33456,CB,WAKE,13,3,12.4,60.0,99.8,10.4,6.2,0,3,8,11.4,339,73.6,74.0,53.7,60.0,72.1,48.7,4,50,16.3,7,8,4,72.8,42,449,450,12,33,70,3,508,162,1.2,12.1
Devon Russell,33461,CB,BUFFALO,13,0,13.9,46.7,98.5,17.9,8.3,0,0,7,15.6,126,70.7,73.6,86.9,90.9,72.1,60.7,1,29,15.2,5,6,3,56.6,21,401,407,9,28,45,1,189,84,0.5,9.0
James Jackson,33524,LB,LA TECH,10,9,3.9,73.2,85.1,7.2,5.3,1,0,2,4.9,208,62.0,68.8,50.3,67.4,79.4,83.0,1,22,3.6,1,2,1,85.1,30,222,261,9,18,41,1,237,155,1.1,7.9
Deuce Wallace,33531,S,LA LAFAYET,14,2,14.8,61.5,96.0,19.3,11.8,0,0,1,7.7,207,44.2,46.5,83.3,63.9,49.6,40.5,0,47,30.0,3,1,0,123.2,8,167,174,2,5,13,1,138,47,0.9,17.3
Shawn Wilson,33547,S,OREGON ST,11,5,11.5,75.0,95.9,14.9,11.2,0,2,1,3.1,265,67.6,66.3,54.0,57.7,63.5,79.9,1,53,8.3,3,1,2,119.0,24,374,390,8,28,32,2,358,146,1.0,14.9
Cassius Grady,33577,CB,UTSA,11,1,13.7,59.3,97.5,8.2,4.8,1,2,7,13.0,331,65.8,66.1,3.4,67.1,69.7,79.4,2,58,3.7,1,6,5,105.8,32,276,283,7,25,54,6,424,105,1.6,13.3
Ta'Corian Darden,33612,CB,W KENTUCKY,13,3,12.9,59.0,96.1,14.0,8.3,0,2,7,17.9,346,66.5,69.5,86.5,74.3,73.1,67.2,1,62,17.4,4,6,3,92.0,23,341,355,5,16,39,2,322,123,1.0,14.0
Ernest Gunn,33665,CB,SO MISS,13,3,7.5,51.7,96.1,17.1,8.8,0,0,2,6.9,296,63.6,66.1,87.9,65.2,71.8,60.2,0,57,21.4,3,2,2,80.8,15,269,280,3,8,29,1,168,91,0.7,11.2
Eric Lee Jr.,33681,S,NEBRASKA,11,1,11.8,66.7,97.9,17.1,11.4,0,0,1,8.3,238,87.2,82.4,85.7,69.1,65.7,79.6,2,57,0.0,0,1,1,70.1,8,142,145,2,8,12,0,150,66,1.1,18.8
Shea Campbell,33714,LB,W VIRGINIA,10,1,4.6,81.8,74.8,11.0,9.0,0,1,2,18.2,343,51.3,65.3,84.7,55.2,73.9,58.3,0,28,25.0,2,2,0,136.7,9,101,135,5,5,11,1,105,68,1.1,11.7
Eric Wilson,33735,CB,S DIEGO ST,2,0,15.0,100.0,100.0,5.0,5.0,0,0,0,0.0,284,53.2,52.5,69.5,,60.0,,0,13,,0,0,0,158.3,1,5,5,0,0,1,1,13,0,2.6,13.0
Brock Nichols,33753,S,USF,2,0,,,87.5,,,0,0,0,,327,73.2,65.8,73.9,58.6,58.3,79.7,1,,,0,0,0,0.0,0,7,8,0,0,0,0,0,0,0.0,
Mehdi El Attrach,33828,S,BOSTON COL,10,4,9.9,65.0,98.1,22.0,14.3,0,0,3,15.0,121,51.0,54.1,84.7,52.6,61.6,50.5,1,59,21.4,6,3,0,112.5,13,302,308,4,18,20,2,210,104,0.7,16.2
Brett Winnegan,33851,WR,UTSA,1,0,,,100.0,,,0,0,0,,331,60.0,55.6,60.0,,,,0,,,0,0,0,0.0,0,1,1,0,0,0,0,0,0,0.0,
Meiko Dotson,33902,CB,FAU,13,2,14.0,52.3,98.2,13.8,7.2,1,0,3,6.8,165,84.4,77.8,3.3,54.4,51.7,68.9,9,35,6.9,2,2,4,62.7,23,336,342,11,25,44,3,358,89,1.1,15.6
Khafari Buffalo,33907,S,BOISE ST,10,1,10.2,61.5,89.7,10.6,6.5,1,1,2,15.4,120,68.0,69.1,9.3,53.2,73.9,71.3,1,20,0.0,0,2,1,41.5,8,87,97,2,6,13,0,63,32,0.7,7.9
Joe Bergin,33913,S,NWESTERN,2,0,,,100.0,,,0,0,0,,256,67.0,69.2,72.8,,65.7,81.2,0,,0.0,0,0,0,0.0,0,7,7,0,2,0,0,0,0,0.0,
Lane Ecton,33921,S,GA SOUTHRN,13,0,2.6,75.0,72.2,7.2,5.4,0,0,0,0.0,174,64.2,67.1,36.9,70.9,67.1,51.3,0,34,11.1,1,0,1,99.4,15,114,158,6,8,20,0,167,115,1.5,11.1
David Dowell,33941,S,MICH STATE,13,9,9.6,69.2,100.0,16.5,11.4,0,1,1,2.6,223,68.8,67.8,90.7,,61.3,58.3,1,60,14.3,7,1,0,129.6,27,475,475,7,33,39,6,383,180,0.9,14.2
Chandler Hawkins,33949,S,S JOSE ST,1,0,,,90.9,,,0,0,0,,285,65.7,67.3,77.1,60.0,69.1,78.7,0,,0.0,0,0,0,0.0,0,10,11,0,1,0,0,0,0,0.0,
Omar Hicks,33988,S,OREGON ST,6,4,13.3,81.8,98.6,14.7,12.0,0,0,0,0.0,265,36.5,35.4,13.0,57.9,39.1,56.5,0,23,6.7,1,0,2,148.3,9,140,142,2,10,11,2,111,14,0.8,12.3
Darreon Jackson,34032,S,ARK STATE,12,5,4.5,63.0,91.8,23.9,15.1,1,0,2,7.4,113,73.0,70.7,0.0,60.2,75.0,62.7,2,48,16.7,6,1,6,64.3,17,426,464,5,25,27,1,183,159,0.4,10.8
Da'Quaun Jamison,34082,CB,C MICHIGAN,13,3,7.6,72.4,93.5,9.9,7.1,1,2,7,12.1,134,63.6,60.9,29.1,63.4,55.3,42.1,2,29,22.2,10,5,2,91.9,42,435,465,12,32,58,2,450,214,1.1,10.7
Khalil Brooks,34161,LB,MIDDLE TN,12,2,4.0,68.1,57.1,7.4,5.0,0,2,3,6.4,224,64.1,60.5,90.6,68.2,48.3,53.9,0,34,10.7,3,3,0,86.3,32,248,434,12,23,47,0,310,222,1.3,9.7
Andre Brown Jr.,34189,CB,INDIANA,13,1,10.7,61.9,95.2,17.0,10.5,0,1,1,4.8,190,65.6,65.3,84.0,46.6,68.8,66.0,0,35,8.3,1,1,0,106.1,13,238,250,3,10,21,1,184,60,0.8,14.2
Jovante Moffatt,34207,S,MIDDLE TN,12,1,6.5,81.1,98.4,13.8,11.2,0,1,0,0.0,224,68.5,63.0,87.4,67.2,53.3,68.3,3,30,16.7,6,0,0,86.3,30,431,438,8,29,37,2,314,159,0.8,10.5
Maliek Broady,34220,LB,NEVADA,12,0,6.8,80.0,69.5,14.3,11.4,0,0,0,0.0,239,62.3,63.8,81.5,70.0,59.3,88.8,0,15,0.0,0,0,0,88.3,4,57,82,5,8,5,0,26,14,0.5,6.5
Deamonte Lindsay,34228,ED,W VIRGINIA,3,0,7.0,100.0,50.0,2.0,2.0,0,0,0,0.0,343,54.4,50.8,76.0,71.4,46.1,49.7,0,18,0.0,0,0,0,118.8,2,5,10,1,2,2,0,26,12,6.5,13.0
Justin Bickham,34260,S,IOWA STATE,12,3,5.8,88.2,99.6,15.5,13.6,0,0,1,5.9,193,65.2,67.3,86.6,59.2,72.4,53.9,0,63,24.0,6,1,0,137.7,15,236,237,5,16,17,1,210,138,0.9,14.0
Owen Rogers,34290,LB,BAYLOR,2,0,,,50.0,,,0,0,0,,118,60.0,77.4,66.6,60.0,77.6,73.2,0,,,0,0,0,0.0,0,1,2,0,0,0,0,0,0,0.0,
Logan Wescott,34328,CB,ARK STATE,12,2,4.0,79.5,84.0,7.9,6.3,1,0,3,6.8,113,72.7,77.6,29.1,74.4,84.3,86.5,0,24,12.5,4,2,3,98.5,35,288,343,14,26,44,1,256,169,0.9,7.3
Adam Buirge,34330,S,N ILLINOIS,5,1,7.3,66.7,95.1,19.5,13.0,0,0,0,0.0,254,68.6,66.7,77.0,57.0,61.8,64.6,0,27,0.0,0,0,0,102.1,2,39,41,1,2,3,0,32,17,0.8,16.0
Reid Karel,34337,S,NEBRASKA,2,0,,,100.0,,,0,0,0,,238,65.2,63.8,94.4,,59.3,50.5,0,,50.0,1,0,0,0.0,0,6,6,1,1,0,0,0,0,0.0,
P.J. Mbanasor,34347,CB,LOUISVILLE,1,0,5.0,100.0,90.0,9.0,9.0,0,0,0,0.0,210,48.0,54.2,73.9,58.3,70.4,81.2,0,11,0.0,0,0,0,112.5,1,9,10,0,2,1,0,11,6,1.2,11.0
Denzel Goolsby,34355,S,KANSAS ST,13,3,12.8,47.4,96.7,39.9,18.9,0,1,1,5.3,199,75.9,71.7,88.9,56.0,60.5,83.0,2,32,2.7,1,1,1,71.3,9,379,392,4,33,19,2,156,55,0.4,17.3
Darius Gilbert,34362,S,HOUSTON,1,0,,,100.0,,,0,0,0,,182,65.3,66.8,73.2,,64.0,79.6,0,,0.0,0,0,0,0.0,0,9,9,0,1,0,0,0,0,0.0,
Marshe' Terry,34384,LB,N ILLINOIS,12,4,6.4,61.9,87.5,15.3,9.5,0,0,1,4.8,254,40.9,53.3,83.1,59.7,66.3,84.0,0,23,8.3,1,0,0,115.4,13,210,240,1,7,21,2,151,126,0.8,11.6
Denzel Johnson,34405,S,CLEMSON,14,0,7.8,50.0,98.4,20.3,10.2,1,0,1,5.6,140,68.7,70.2,21.1,55.8,76.4,81.4,1,16,7.7,1,1,1,34.3,9,190,193,6,12,18,0,59,26,0.3,6.6
Darryl Lewis,34437,S,LA TECH,13,1,11.6,60.9,98.7,21.1,12.8,0,0,3,13.0,208,80.0,78.4,88.3,57.9,73.0,88.9,1,35,5.3,1,3,0,63.7,14,306,310,4,17,23,0,160,43,0.5,11.4
Will Sunderland,34449,CB,TROY,11,1,11.9,67.5,100.0,12.2,8.2,1,0,6,15.0,318,79.2,79.2,45.7,,75.6,64.8,4,64,14.7,5,5,2,83.8,27,346,346,7,28,40,3,384,216,1.2,14.2
Andrew Martel,34478,LB,UTSA,12,3,5.5,83.9,88.6,11.7,9.8,0,0,1,3.2,331,48.4,40.1,58.5,53.9,39.3,76.2,0,29,14.3,4,1,1,111.7,26,320,361,9,21,31,1,255,137,0.8,9.8
Dev Lamour,34503,S,BUFFALO,2,1,,,88.9,,,0,0,0,,126,65.1,65.2,71.4,60.0,61.4,74.8,0,,0.0,0,0,0,0.0,0,8,9,0,0,0,0,0,0,0.0,
Christian Campbell,34534,S,GA TECH,12,1,10.8,64.0,95.4,13.4,8.6,0,0,2,8.0,176,56.0,56.7,88.2,59.7,56.4,53.5,0,35,16.7,3,2,2,116.6,16,226,237,8,14,25,2,207,121,1.0,12.9
Donald Rutledge Jr.,34540,S,GA SOUTHRN,12,2,14.8,66.7,98.8,17.0,11.3,0,2,4,14.8,174,60.3,61.5,47.4,55.9,65.7,74.8,1,60,6.7,2,3,1,131.3,18,321,325,6,26,27,3,353,127,1.2,19.6
Ferrod Gardner,34595,LB,LA LAFAYET,13,2,5.5,84.2,81.3,14.1,11.8,0,1,0,0.0,207,73.3,61.7,20.6,60.6,54.4,60.4,0,31,21.1,4,0,2,111.8,16,235,289,8,13,19,1,126,77,0.6,7.9
Zack Baun,34632,ED,WISCONSIN,14,1,3.8,83.3,23.9,10.5,8.8,1,1,2,16.7,349,86.9,89.6,15.9,90.9,77.5,71.4,1,22,18.8,3,2,7,56.3,10,109,456,20,12,12,0,70,40,0.7,7.0
Thad Abram,34655,ED,E MICHIGAN,10,0,,,9.3,,,0,0,0,,160,49.6,49.9,79.9,55.6,52.1,26.9,0,,0.0,0,0,0,0.0,0,5,54,0,1,0,0,0,0,0.0,
Mykelti Williams,34664,S,N ILLINOIS,12,8,9.8,70.4,95.0,17.1,12.0,0,1,1,3.7,254,60.2,57.6,14.2,68.4,55.3,55.0,0,38,15.6,5,1,3,141.2,19,342,360,3,19,27,4,265,105,0.8,13.9
Jarvis Miller,34689,LB,UMASS,12,1,7.1,88.9,77.0,12.1,10.7,0,0,0,0.0,216,53.1,45.5,56.7,50.6,44.1,46.2,0,57,18.8,3,0,1,155.8,16,197,256,5,12,18,2,246,144,1.3,15.4
Brian Cole II,34696,CB,MISS STATE,12,4,8.7,74.6,87.9,6.6,4.9,1,0,1,1.6,227,51.3,59.2,57.6,71.6,74.0,68.4,1,39,12.8,5,0,4,115.4,47,327,372,14,30,63,4,554,322,1.8,11.8
Ross Matiscik,34710,LB,BAYLOR,5,0,4.7,100.0,89.5,5.3,5.3,0,0,0,0.0,118,70.1,69.1,75.1,57.7,63.7,58.6,0,17,0.0,0,0,0,104.2,3,17,19,3,3,3,0,27,13,1.7,9.0
Trent Shaw,34781,LB,USF,2,1,1.0,100.0,83.3,5.0,5.0,0,0,0,0.0,327,65.8,67.6,67.6,59.3,60.0,75.8,0,5,0.0,0,0,0,87.5,1,5,6,0,1,1,0,5,4,1.0,5.0
Ayron Monroe,34783,S,TEMPLE,13,2,11.6,54.8,100.0,20.8,11.4,0,0,3,9.7,306,69.3,70.7,16.4,,77.0,71.8,1,73,23.1,6,1,2,105.9,17,376,376,4,18,31,4,238,112,0.7,14.0
George Campbell,34785,WR,W VIRGINIA,1,0,,,100.0,,,0,0,0,,343,60.0,60.7,61.5,,60.0,,0,,,0,0,0,0.0,0,1,1,0,0,0,0,0,0,0.0,
Akeem Davis-Gaither,34788,LB,APP STATE,14,8,3.3,75.0,62.5,9.2,6.9,0,1,2,4.5,108,61.5,76.5,22.7,82.2,87.0,71.9,1,43,21.1,8,2,4,102.1,33,316,506,14,22,44,2,336,249,1.1,10.2
Jordan Glasgow,34816,LB,MICHIGAN,13,3,1.8,96.6,73.4,8.3,8.0,1,0,2,6.9,222,58.6,78.1,85.6,84.6,79.3,90.4,0,21,9.1,2,1,1,105.7,28,248,338,12,17,29,1,192,144,0.8,6.9
Caleb Repp,34839,TE,UTAH ST,1,0,,,100.0,,,0,0,0,,329,60.0,60.0,64.7,,,,0,,,0,0,2,0.0,0,1,1,0,0,0,0,0,0,0.0,
A.J. Smiley,34869,ED,TROY,7,1,11.3,66.7,30.6,15.5,10.3,0,0,0,0.0,318,58.9,65.5,85.8,60.1,69.5,84.2,0,21,20.0,1,0,0,138.9,2,33,108,1,3,3,1,30,5,1.0,15.0
Nolan Borgersen,34894,S,BOSTON COL,13,1,10.4,56.5,97.5,20.8,11.7,0,0,5,21.7,121,75.0,76.0,87.2,47.3,79.8,55.3,1,26,25.0,9,5,0,67.1,13,278,285,7,26,23,1,119,83,0.4,9.2
Jarrod Jones,34928,LB,ARMY,2,0,,,50.0,,,0,0,0,,114,60.0,62.9,60.7,60.0,60.0,,0,,,0,0,0,0.0,0,1,2,0,0,0,0,0,0,0.0,
Christian Irving,34962,LB,FIU,1,0,,,16.7,,,0,0,0,,166,61.1,55.3,72.1,58.4,53.5,78.4,0,,0.0,0,0,0,0.0,0,1,6,0,1,0,0,0,0,0.0,
Lee Morris,35005,WR,OKLAHOMA,1,0,,,100.0,,,1,0,0,,261,60.0,62.9,60.0,,,,0,,,0,0,1,0.0,0,1,1,0,0,0,0,0,0,0.0,
Mason Ramirez,35026,CB,TEXAS,2,0,,,33.3,,,0,0,0,,311,60.8,57.0,69.5,54.1,,,0,,,0,0,0,0.0,0,2,6,0,0,0,0,0,0,0.0,
Chris Melton,35031,LB,MIDDLE TN,9,1,-1.0,81.8,68.2,14.6,11.9,0,0,0,0.0,224,67.0,60.0,85.5,53.7,57.0,66.2,0,22,16.7,1,0,0,91.3,9,137,201,1,4,11,0,65,82,0.5,7.2
Philip Redwine-Bryant,35032,LB,OKLA STATE,4,0,3.0,0.0,84.6,,19.0,0,0,0,0.0,262,90.8,90.8,71.0,57.6,80.2,82.0,1,,0.0,0,0,0,0.0,0,22,26,1,3,1,0,0,0,0.0,
Reakwon Jones,35041,LB,INDIANA,13,1,3.6,61.1,83.9,17.7,10.8,0,0,0,0.0,190,66.2,58.9,48.1,62.4,53.5,57.1,0,23,11.1,1,0,2,68.3,11,208,248,4,7,18,0,66,38,0.3,6.0
Armani Linton,35048,S,OLE MISS,8,1,12.7,54.5,99.2,21.2,11.5,0,0,5,45.5,226,56.1,55.9,81.4,59.2,53.4,46.1,0,25,25.0,2,3,0,83.5,6,132,133,1,5,11,0,95,27,0.7,15.8
Greg Reaves,35068,ED,USF,12,1,-0.7,80.0,31.2,12.4,9.9,0,0,2,20.0,327,60.8,76.2,63.4,64.7,82.9,61.5,1,36,20.0,2,2,2,88.8,8,101,324,7,7,10,1,68,94,0.7,8.5
Josh Butler,35097,CB,MICH STATE,11,1,12.2,55.3,97.9,12.8,7.1,3,1,2,5.3,223,66.5,68.2,84.3,49.0,76.4,76.0,0,40,5.9,1,2,7,104.7,21,285,291,6,15,38,3,276,77,1.0,13.1
Jamie King,35142,ED,N TEXAS,11,1,3.0,44.4,63.8,23.8,10.6,0,1,4,44.4,251,70.8,66.2,50.0,60.6,63.7,29.7,0,12,33.3,1,3,1,55.3,4,97,152,1,1,9,0,35,40,0.4,8.8
Ben Holt,35158,LB,PURDUE,12,5,4.6,75.7,86.7,12.6,9.6,0,0,1,2.7,273,49.5,58.1,61.5,61.5,63.6,59.7,0,26,16.1,5,1,1,100.6,28,371,428,8,21,37,0,315,202,0.9,11.3
JD Alexander,35169,ED,UNLV,1,1,15.0,100.0,55.6,15.0,15.0,0,0,0,0.0,325,66.4,62.2,79.8,60.6,55.6,80.2,0,29,0.0,0,0,0,118.8,1,15,27,0,1,1,0,29,14,1.9,29.0
Canon Jackson,35196,S,W KENTUCKY,3,0,0.0,100.0,100.0,8.0,8.0,0,0,0,0.0,346,64.3,59.3,70.3,,60.0,26.7,0,3,,0,0,0,79.2,1,8,8,0,0,1,0,3,3,0.4,3.0
Franklin Agbasimere,35211,ED,MISSOURI,5,0,,,3.4,,,0,0,0,,229,65.5,70.0,78.1,56.7,73.7,77.6,0,,0.0,0,0,0,0.0,0,1,29,2,1,0,0,0,0,0.0,
Collin Scott,35247,LB,LA TECH,13,2,6.1,81.3,87.7,12.4,10.1,0,0,0,0.0,208,48.7,54.8,0.0,54.5,65.7,62.3,0,23,16.7,4,0,3,130.6,26,334,381,8,18,32,3,251,118,0.8,9.7
Dana Levine,35250,ED,TEMPLE,13,0,-5.0,100.0,5.9,15.0,15.0,0,0,0,0.0,306,68.9,69.4,19.8,72.0,65.9,50.5,0,-2,37.5,3,0,4,79.2,1,16,272,8,5,1,0,-2,3,-0.1,-2.0
Mohamed Barry,35283,LB,NEBRASKA,12,3,5.8,74.2,86.6,10.3,7.6,0,0,1,3.2,238,51.9,46.0,50.4,60.7,45.4,57.4,0,24,15.4,4,1,1,98.1,23,245,283,9,19,31,1,174,100,0.7,7.6
Eric Gallon II,35291,LB,KANSAS ST,3,0,11.0,100.0,47.4,9.0,9.0,0,0,1,100.0,199,54.7,41.1,77.7,63.9,29.1,27.7,0,34,50.0,1,1,0,118.8,1,9,19,0,1,1,0,34,23,3.8,34.0
Damien Smith,35331,LB,LOUISVILLE,2,0,8.0,100.0,87.5,3.5,3.5,0,0,0,0.0,210,43.1,59.0,72.2,59.1,83.3,73.2,0,16,,0,0,0,118.8,2,7,8,0,0,2,0,27,11,3.9,13.5
Austin Clack,35335,LB,OHIO,3,0,,,100.0,,,0,0,0,,259,62.7,54.9,73.5,,50.6,49.4,0,,,0,0,0,0.0,0,7,7,0,0,0,0,0,0,0.0,
William LeMasters,35452,LB,N TEXAS,3,0,6.0,0.0,90.9,,10.0,0,0,0,0.0,251,46.6,54.6,75.2,59.5,67.1,78.5,0,,,0,0,0,39.6,0,10,11,0,0,1,0,0,0,0.0,
Marcel Spears Jr.,35464,LB,IOWA STATE,13,6,3.3,82.9,79.1,12.0,9.9,1,0,6,17.1,193,75.4,72.0,62.9,58.3,69.4,72.5,0,31,18.9,7,6,1,93.8,29,356,450,16,24,35,0,228,159,0.7,7.9
Jan Johnson,35468,LB,PENN STATE,13,4,6.0,77.8,85.8,13.4,10.4,0,0,0,0.0,266,82.2,82.4,83.7,69.2,77.1,77.6,1,29,13.6,3,0,0,92.1,14,194,226,6,15,18,1,130,46,0.7,9.3
Ben Schrider,35494,ED,CAL,12,1,2.5,100.0,21.2,15.5,15.5,0,0,0,0.0,130,78.6,73.5,88.0,62.7,72.1,74.9,0,8,0.0,0,0,0,83.3,2,32,151,4,3,2,0,8,3,0.3,4.0
John Lako,35535,LB,AKRON,12,3,2.9,93.8,88.0,20.1,18.8,0,0,3,18.8,102,74.6,75.0,85.3,73.2,68.5,69.0,1,37,12.5,3,3,0,84.9,15,314,357,8,18,16,0,170,118,0.6,11.3
Josh Woods,35556,ED,UCLA,12,2,3.6,64.3,44.3,18.0,11.6,0,0,0,0.0,324,58.2,61.1,59.6,59.3,64.5,66.7,1,50,23.5,4,0,2,113.1,9,167,377,9,11,14,2,160,125,1.0,17.8
Alex Grace,35562,S,W MICHIGAN,13,4,3.3,75.0,80.7,7.6,5.7,0,0,2,5.0,347,59.1,58.7,86.7,53.4,59.2,54.9,2,22,20.6,7,1,0,72.1,30,243,301,6,23,40,0,272,215,1.2,9.1
Ed Curney,35574,LB,GA STATE,7,0,4.8,84.6,85.8,16.2,13.7,0,0,1,7.7,175,65.4,68.6,0.0,73.4,70.5,62.8,0,30,18.8,3,1,3,146.0,11,187,218,6,13,13,2,124,97,0.7,11.3
Tim Bonner,35579,ED,FAU,13,0,,,1.9,,,0,0,0,,165,60.0,69.8,32.1,70.5,68.8,40.4,0,,83.3,5,0,3,0.0,0,6,309,4,1,0,0,0,0,0.0,
Kenny Willekes,35624,ED,MICH STATE,13,2,,,1.4,,,3,0,0,,223,70.7,79.4,0.3,74.3,84.8,79.6,0,,25.0,3,0,9,0.0,0,6,439,11,7,0,0,0,0,0.0,
Calvin Brewton,35653,S,DOMINION,12,1,8.3,63.6,97.3,19.9,12.6,0,1,3,13.6,263,67.7,66.2,84.1,51.3,63.8,72.0,0,23,19.0,4,3,0,84.1,14,290,298,3,16,22,0,153,116,0.6,10.9
Jesse Osuna,35670,LB,S JOSE ST,9,2,3.3,75.0,63.8,10.7,8.0,0,0,1,5.0,285,61.2,62.9,0.0,71.9,66.5,60.4,0,37,26.7,4,0,7,93.3,15,162,254,7,9,20,0,138,93,0.9,9.2
Braden Harris,35695,ED,UTAH ST,1,0,,,20.0,,,0,0,0,,329,60.0,61.2,73.6,57.2,62.0,,0,,,0,0,0,0.0,0,1,5,0,0,0,0,0,0,0.0,
Richard McBryde,35699,LB,SMU,13,6,6.2,84.8,85.8,9.4,8.0,0,1,1,2.2,287,42.1,45.4,60.1,62.7,48.6,56.5,0,45,16.2,6,1,1,115.6,39,387,451,9,25,46,1,460,233,1.3,11.8
Tyshun Render,35744,ED,MIDDLE TN,12,2,2.0,100.0,1.5,1.7,1.7,0,0,0,0.0,224,71.0,70.5,58.8,61.3,73.3,59.6,1,28,14.3,1,0,2,113.9,3,5,327,5,4,3,1,34,28,6.8,11.3
Leroy Godfrey,35746,ED,HOUSTON,1,0,,,13.3,,,0,0,0,,182,62.1,63.8,78.1,54.5,67.4,77.0,0,,0.0,0,0,0,0.0,0,2,15,0,1,0,0,0,0,0.0,
Tae Crowder,35774,LB,GEORGIA,14,7,1.8,75.0,86.5,11.2,8.4,0,0,2,7.1,173,78.0,70.0,81.1,65.0,60.5,64.0,0,31,9.4,3,2,0,85.6,21,250,289,7,22,28,0,141,101,0.6,6.7
Rayshad Jackson,35807,LB,UNLV,12,3,3.1,62.5,76.6,19.9,12.4,0,1,6,25.0,325,90.4,82.6,59.5,63.8,73.4,80.6,0,14,12.5,3,5,3,66.7,15,314,410,13,18,24,0,50,36,0.2,3.3
John Houston Jr.,35810,LB,USC,13,10,3.7,78.4,91.1,11.7,9.2,0,1,4,7.8,326,70.8,65.5,38.7,63.4,61.1,65.0,0,36,16.0,8,3,2,109.2,40,490,538,15,32,51,2,361,283,0.8,9.0
Nick Faulkner,35812,ED,KENT STATE,13,3,6.9,72.7,45.9,8.8,6.4,0,0,2,9.1,201,63.9,70.0,92.2,56.7,75.0,80.9,0,26,6.3,1,2,0,114.0,16,153,333,2,12,22,1,191,108,1.4,11.9
Daniel Fennell,35881,ED,S CAROLINA,11,0,2.7,66.7,8.9,4.0,2.7,0,0,0,0.0,289,79.5,69.5,86.0,59.5,67.2,68.6,0,6,20.0,1,0,0,70.1,2,8,90,2,4,3,0,0,7,0.0,0.0
Kyahva Tezino,35886,LB,S DIEGO ST,13,3,2.6,77.1,60.9,11.6,9.0,0,0,3,8.6,284,74.6,88.2,86.7,81.8,83.5,65.3,2,39,25.7,9,3,1,73.3,27,321,527,11,23,35,0,258,181,0.8,9.6
Kyle Pugh,35900,LB,N ILLINOIS,2,1,-5.0,100.0,72.5,35.0,35.0,0,0,0,0.0,254,78.8,68.8,77.2,54.9,58.5,44.2,0,-2,0.0,0,0,0,79.2,1,37,51,3,3,1,0,-2,3,-0.1,-2.0
Antonio Jones-Davis,35904,LB,N ILLINOIS,6,2,6.6,58.3,80.7,18.1,10.6,0,0,0,0.0,254,56.2,75.6,81.9,65.7,85.3,68.6,1,22,9.1,1,0,1,34.7,7,138,171,5,8,12,0,54,33,0.4,7.7
Maurice Smitherman,35935,CB,MISS STATE,6,0,16.4,77.8,87.1,15.9,12.3,2,0,1,11.1,227,58.8,57.4,0.0,53.5,66.2,74.8,0,48,0.0,0,1,2,155.8,7,115,132,0,3,9,1,143,50,1.3,20.4
Antonio Balabani,35939,ED,W MICHIGAN,13,3,6.0,100.0,2.6,8.0,8.0,0,0,0,0.0,347,63.0,66.5,73.3,64.6,65.1,56.6,0,10,25.0,1,0,1,108.3,1,8,313,3,0,1,0,10,4,1.3,10.0
Gabriel Sewell,35942,LB,NEVADA,13,2,6.6,78.3,75.0,15.7,12.3,0,0,0,0.0,239,55.8,60.9,58.2,64.0,63.2,53.3,0,53,23.5,4,0,1,155.0,18,291,388,6,11,23,4,269,160,1.0,14.9
Ben Wisdorf,35947,LB,WYOMING,1,0,7.0,100.0,100.0,5.0,5.0,0,0,0,0.0,351,51.2,75.4,73.3,,87.6,33.6,0,7,100.0,1,0,0,95.8,1,5,5,0,0,1,0,7,0,1.4,7.0
Chad Smith,35955,LB,CLEMSON,15,0,2.6,66.7,69.9,15.4,10.3,0,0,0,0.0,140,57.2,63.8,87.0,62.0,66.3,63.8,1,16,6.3,1,0,0,56.8,14,221,316,10,15,21,0,96,80,0.4,6.9
Jalen Moore,35966,S,OREGON ST,8,2,10.0,63.6,98.2,29.1,18.5,0,0,0,0.0,265,60.5,63.7,85.8,56.0,68.7,66.3,0,20,10.0,2,0,2,85.4,7,214,218,4,16,11,0,80,17,0.4,11.4
Caleb Peart,35968,LB,VANDERBILT,10,0,5.0,66.7,65.2,9.0,6.0,0,0,0,0.0,333,51.0,56.7,87.1,61.6,58.7,69.7,0,64,14.3,1,0,0,144.8,8,75,115,2,6,12,2,137,116,1.9,17.1
Adrian Hynson,35995,S,UTEP,11,6,11.7,78.3,94.9,11.9,9.3,0,0,0,0.0,330,47.5,56.6,85.1,57.3,71.4,79.4,0,33,8.0,2,0,0,158.3,18,225,237,4,17,23,3,288,103,1.3,16.0
Tanner Muse,35997,LB,CLEMSON,15,1,9.5,62.9,93.5,16.3,10.3,0,0,3,8.6,140,79.7,82.7,87.1,73.5,82.8,77.0,4,50,8.3,2,3,0,71.1,22,371,397,10,21,35,2,312,189,0.9,14.2
Braxton Lewis,36000,S,IOWA STATE,12,5,12.9,68.8,98.5,14.5,10.0,0,1,3,9.4,193,61.3,64.4,86.8,66.6,68.9,81.7,1,40,3.4,1,3,0,137.6,22,330,335,9,23,32,4,397,126,1.2,18.0
Darrell Taylor,36001,ED,TENNESSEE,13,3,6.8,50.0,11.8,18.5,9.3,0,0,2,50.0,307,79.4,80.8,75.3,87.5,63.7,62.3,0,14,35.3,6,1,1,59.4,2,40,339,14,8,4,0,15,14,0.4,7.5
Trent Sellers,36003,ED,NEW MEXICO,12,1,-1.5,50.0,0.8,1.0,0.5,0,0,0,0.0,241,62.5,65.8,45.6,68.8,61.6,48.9,0,0,33.3,1,0,2,56.3,1,2,249,1,1,2,0,0,0,0.0,0.0
Bryan Wright,36004,LB,CINCINNATI,14,4,2.1,81.8,72.6,35.3,28.9,1,0,3,27.3,138,75.8,81.1,0.0,81.8,77.2,66.7,0,41,31.6,6,3,6,98.1,9,342,471,10,9,11,0,83,68,0.3,9.2
Jared Gescheidler,36019,LB,IOWA STATE,1,0,,,85.7,,,0,0,0,,193,62.5,76.7,73.4,81.7,66.8,75.7,0,,,0,0,0,0.0,0,6,7,0,0,0,0,0,0,0.0,
Kirk Louis,36045,LB,ARK STATE,11,1,13.0,66.7,73.9,33.0,22.0,0,0,0,0.0,113,47.2,43.3,78.8,52.7,45.0,36.4,0,9,33.3,1,0,0,122.2,2,68,92,1,1,3,1,18,3,0.3,9.0
Terrence Jones,36071,ED,LA LAFAYET,2,0,-4.0,100.0,50.0,2.0,2.0,0,0,0,0.0,207,49.3,61.2,75.3,75.7,62.3,72.2,0,9,,0,0,0,104.2,1,3,6,0,0,1,0,9,13,4.5,9.0
Chukwudi Chukwu,36110,ED,OHIO,13,1,7.0,0.0,4.7,,6.0,1,0,0,0.0,259,63.2,58.5,22.2,63.2,56.6,80.8,0,,0.0,0,0,2,39.6,0,6,127,0,0,1,0,0,0,0.0,
Willie Hibbler,36113,LB,OLE MISS,12,3,4.3,83.3,82.8,12.7,10.6,0,0,2,11.1,226,56.0,59.1,82.0,67.5,57.6,61.4,0,48,12.5,2,2,0,122.2,15,193,233,8,11,18,1,160,127,0.8,10.7
Josh Thomas,36116,S,APP STATE,14,5,9.3,51.3,99.8,23.8,12.2,0,0,3,7.7,108,87.7,83.3,59.7,59.2,72.5,74.8,1,38,12.0,6,2,1,86.3,20,510,511,16,39,39,3,248,116,0.5,12.4
Cristian Williams,36151,S,TULSA,12,4,11.7,66.7,99.6,20.9,13.9,0,0,3,16.7,320,72.0,67.2,41.6,59.2,59.3,70.6,1,26,16.7,3,2,1,62.0,12,274,275,3,11,18,0,119,48,0.5,9.9
Dominic Sheppard,36158,LB,UTSA,2,0,,,50.0,,,0,0,0,,331,60.1,52.7,73.1,58.3,52.1,26.5,0,,,0,0,0,0.0,0,2,4,0,0,0,0,0,0,0.0,
Jacob White,36168,LB,BALL ST,12,3,1.7,82.9,94.6,9.4,7.8,0,0,1,2.9,117,60.1,75.4,53.7,78.4,82.1,71.2,1,33,14.8,4,1,1,106.0,29,283,299,7,20,35,2,270,231,1.0,9.3
Stephen Forester,36173,LB,UTEP,7,1,-2.0,100.0,62.8,47.0,47.0,0,0,0,0.0,330,73.6,55.1,81.2,63.7,43.1,54.3,0,2,0.0,0,0,0,79.2,1,49,78,2,4,1,0,2,4,0.0,2.0
Lucas Cooper,36195,S,COLORADO,1,0,21.0,50.0,91.7,22.0,11.0,0,0,0,0.0,143,50.4,53.3,75.9,63.9,56.4,48.8,0,7,50.0,1,0,0,97.9,1,22,24,0,1,2,1,7,0,0.3,7.0
Boosie Whitlow,36263,ED,LOUISVILLE,13,0,4.5,62.5,45.2,11.2,7.0,0,1,1,12.5,210,59.9,59.1,23.2,58.4,62.1,31.1,0,17,25.0,2,1,2,69.8,5,57,126,7,6,8,0,30,31,0.5,6.0
Shameik Blackshear,36281,ED,TCU,9,0,,,2.5,,,0,0,0,,305,55.0,56.9,87.2,53.6,61.1,30.8,0,,80.0,4,0,0,0.0,0,5,202,3,1,0,0,0,0,0.0,
Derek Wilder,36300,ED,DOMINION,12,0,,,0.4,,,0,0,0,,263,58.2,71.9,51.9,65.1,75.8,68.6,0,,28.6,2,0,2,0.0,0,1,229,5,5,0,0,0,0,0.0,
Myles Cheatum,36338,ED,S DIEGO ST,13,3,1.7,66.7,5.4,11.5,7.7,0,0,0,0.0,284,56.1,60.5,33.4,62.3,64.9,49.9,0,7,16.7,1,0,4,109.7,2,25,465,7,2,3,1,9,3,0.4,4.5
Jamario Bell,36361,ED,ARKANSAS,10,2,4.5,50.0,4.2,7.0,3.5,1,0,0,0.0,111,41.0,49.9,15.0,53.5,62.9,53.6,0,30,25.0,1,0,3,95.8,1,7,165,3,1,2,0,30,25,4.3,30.0
Milan Lanier,36387,DI,MARSHALL,12,1,,,1.4,,,0,0,0,,214,57.0,61.0,61.9,56.7,64.9,77.8,0,,50.0,1,0,1,0.0,0,3,212,0,0,0,0,0,0,0.0,
Scott Patchan,36449,ED,MIAMI FL,13,0,-6.0,100.0,2.0,4.0,4.0,0,0,0,0.0,220,57.2,76.9,0.0,76.5,81.3,67.7,0,18,33.3,2,0,5,118.8,1,4,201,5,4,1,0,18,24,4.5,18.0
Mike Scott,36450,ED,OKLA STATE,13,0,,,10.1,,,0,0,0,,262,64.2,62.6,39.7,65.6,55.0,50.9,0,,66.7,2,0,1,0.0,0,14,138,3,1,0,0,0,0,0.0,
Qaadir Sheppard,36471,ED,OLE MISS,12,1,0.7,90.0,33.6,9.3,8.4,0,0,0,0.0,226,59.1,57.9,6.5,73.1,49.2,25.9,0,60,57.1,8,0,4,142.9,9,87,259,3,5,10,1,103,96,1.2,11.4
Eli Howard,36472,ED,TEXAS TECH,12,2,,,0.3,,,1,0,0,,315,63.6,65.7,31.5,65.0,65.7,59.7,0,,40.0,2,0,3,0.0,0,1,289,5,1,0,0,0,0,0.0,
Malik Manciel,36502,DI,MIDDLE TN,12,1,5.5,50.0,1.8,5.0,2.5,1,0,0,0.0,224,66.8,62.5,55.5,57.5,64.8,54.6,0,6,0.0,0,0,2,56.3,1,5,279,1,1,2,0,6,0,1.2,6.0
Sam McKnight,36620,ED,OHIO,9,0,3.0,50.0,5.5,6.0,3.0,1,0,0,0.0,259,54.1,65.0,0.0,77.8,59.7,44.0,0,10,33.3,1,0,3,64.6,1,6,109,2,2,2,0,10,8,1.7,10.0
Josiah Bronson,36668,DI,WASHINGTON,13,0,,,0.9,,,0,0,0,,340,60.5,62.7,62.0,56.6,67.0,75.5,0,,0.0,0,0,1,0.0,0,2,228,2,1,0,0,0,0,0.0,
Chauncey Rivers,36669,ED,MISS STATE,13,2,10.3,50.0,4.1,6.0,3.0,0,0,1,25.0,227,72.7,77.0,40.4,77.0,71.1,49.9,0,14,27.3,3,1,3,62.5,2,12,291,7,6,4,0,18,7,1.5,9.0
Javier Carbonell,36769,DI,ARK STATE,12,1,,,0.4,,,0,0,0,,113,65.2,63.0,68.0,60.4,62.5,58.6,0,,20.0,1,0,1,0.0,0,1,237,1,3,0,0,0,0,0.0,
Michael Barnett,36829,DI,GEORGIA,13,0,,,1.2,,,0,0,0,,173,62.0,70.3,85.2,59.2,74.1,80.6,0,,0.0,0,0,0,0.0,0,2,166,0,2,0,0,0,0,0.0,
Micah Dew-Treadway,37050,DI,MINNESOTA,13,0,,,0.5,,,0,0,0,,225,49.8,61.1,50.5,57.5,65.9,30.4,0,,100.0,2,0,2,0.0,0,1,219,0,0,0,0,0,0,0.0,
Terry Whittington,37272,ED,SO MISS,12,1,0.0,100.0,22.2,21.0,21.0,1,0,0,0.0,296,67.9,59.8,25.5,69.0,43.9,47.1,0,3,28.6,2,0,2,79.2,2,44,198,10,4,2,0,6,6,0.1,3.0
Nafees Lyon,37319,CB,CHARLOTTE,13,2,14.7,64.8,100.0,9.5,6.1,0,0,4,7.4,136,71.2,71.6,86.0,,67.9,79.7,1,57,7.7,3,2,1,104.4,35,347,347,11,34,54,3,486,163,1.5,13.9
Shawn Burgess-Becker,38286,CB,UCF,4,0,3.5,50.0,93.8,29.0,14.5,0,0,0,0.0,323,70.1,71.5,77.0,75.2,62.5,46.9,0,21,33.3,1,0,0,87.5,1,30,32,2,2,2,0,21,24,0.7,21.0
Rocel McWilliams,38290,DI,S ALABAMA,12,0,,,0.5,,,1,0,0,,288,59.2,71.0,23.2,60.0,78.9,62.7,0,,0.0,0,0,3,0.0,0,1,182,5,1,0,0,0,0,0.0,
J.R. Reed,38339,S,GEORGIA,13,5,5.4,64.9,98.2,19.0,12.4,0,1,7,18.9,173,81.4,81.0,89.5,70.7,76.0,53.9,1,71,19.4,7,6,1,108.3,24,478,487,7,24,37,4,243,167,0.5,10.1
Tyler Johnson,38402,ED,WISCONSIN,13,1,4.7,33.3,23.8,31.0,10.3,0,0,0,0.0,349,69.5,68.4,87.3,65.7,63.1,81.8,0,7,0.0,0,0,0,42.4,1,34,143,1,0,3,0,7,3,0.2,7.0
Camryn Bynum,38408,CB,CAL,13,3,13.7,58.3,97.9,14.1,8.3,0,0,7,11.7,130,73.2,75.8,57.0,68.3,81.5,86.4,1,50,6.7,3,6,2,90.1,35,512,523,5,39,60,2,507,116,1.0,14.5
Cameron Goode,38410,ED,CAL,12,3,0.9,85.0,25.8,6.4,5.4,0,0,1,5.0,130,56.6,67.0,92.4,65.4,69.4,61.3,0,68,25.0,5,1,0,126.9,17,116,449,14,12,20,1,209,211,1.9,12.3
Melquise Stovall,38411,WR,HAWAII,1,0,,,100.0,,,1,0,0,,180,60.0,62.4,60.0,,,,0,,,0,0,1,0.0,0,1,1,0,0,0,0,0,0,0.0,
Kalen Hicks,38445,S,HAWAII,7,3,11.4,53.8,100.0,31.0,16.7,0,0,3,23.1,180,77.5,71.6,85.3,,57.1,71.4,1,42,5.9,1,3,1,76.4,7,229,229,4,13,13,1,112,39,0.5,16.0
Vic Viramontes,38446,LB,UNLV,7,0,5.4,60.0,94.0,25.0,15.0,0,0,0,0.0,325,61.9,53.5,77.8,55.1,46.8,31.2,0,6,0.0,0,0,0,65.4,3,79,84,0,3,5,0,16,10,0.2,5.3
Ryan Beecher,38464,LB,STANFORD,7,1,5.1,90.9,91.7,8.6,7.8,0,0,1,9.1,300,52.8,56.2,80.1,74.0,56.7,38.9,0,25,30.0,3,1,0,118.2,10,88,96,0,6,11,0,136,77,1.6,13.6
Casey Toohill,38472,ED,STANFORD,12,1,1.9,90.0,15.1,6.8,6.1,0,0,0,0.0,300,54.8,65.8,76.4,68.0,64.4,78.6,0,29,33.3,5,0,1,150.4,9,63,417,13,9,10,2,106,91,1.7,11.8
Traveon Beck,38490,CB,CAL,10,0,6.5,64.3,96.0,9.7,6.2,1,2,1,2.4,130,61.2,63.4,88.0,63.2,70.6,50.2,1,39,33.3,6,1,2,76.5,27,266,277,7,12,42,0,310,168,1.2,11.5
Josh Drayden,38498,CB,CAL,4,0,2.2,88.9,97.6,9.8,8.7,0,0,0,0.0,130,71.2,73.1,81.3,55.8,78.9,69.6,0,12,12.5,1,0,0,84.3,8,83,85,5,7,9,0,38,33,0.5,4.8
Viane Moala,38501,DI,UTAH,13,1,,,1.4,,,0,0,0,,328,62.8,73.2,81.8,67.4,72.9,65.9,0,,0.0,0,0,0,0.0,0,2,143,4,4,0,0,0,0,0.0,
Jeremiah Pritchard,38502,LB,HAWAII,12,2,4.2,80.0,87.0,12.1,9.6,0,0,0,0.0,180,39.7,47.1,0.0,65.9,56.1,44.8,0,22,41.2,7,0,3,100.2,20,255,293,4,8,25,0,201,155,0.8,10.1
Chinedu Udeogu,38507,ED,CAL,2,0,,,50.0,,,0,0,0,,130,60.0,73.7,71.3,59.2,68.1,73.0,0,,,0,0,0,0.0,0,1,2,0,0,0,0,0,0,0.0,
Tevin Paul,38523,ED,CAL,11,0,5.0,57.1,21.5,17.8,10.1,2,0,1,14.3,130,65.0,59.7,26.6,56.9,63.5,65.4,0,13,0.0,0,1,4,65.8,4,72,335,5,5,7,0,27,17,0.4,6.8
Zach Wilson,38530,S,HAWAII,5,0,8.0,100.0,96.0,5.5,5.5,0,0,0,0.0,180,50.0,40.5,78.9,59.9,29.2,24.6,0,19,33.3,1,0,0,109.4,4,24,25,0,2,4,0,41,9,1.9,10.3
Evan Weaver,38534,LB,CAL,13,9,3.0,80.3,84.6,9.4,7.5,0,0,2,3.3,130,56.3,70.8,19.0,71.6,78.5,86.3,0,69,12.9,9,2,4,96.0,49,474,560,25,52,61,0,429,351,0.9,8.8
Kaimana Padello,38636,ED,HAWAII,10,1,3.0,91.7,38.1,11.9,10.9,0,0,0,0.0,180,55.9,68.7,72.4,81.9,60.6,48.8,0,33,33.3,3,0,1,109.0,11,133,349,6,5,12,0,122,97,0.9,11.1
Ikem Okeke,38639,S,HAWAII,14,3,14.3,53.3,99.7,17.4,9.3,0,1,3,10.0,180,70.8,66.7,86.8,74.6,54.6,58.1,3,69,15.4,4,3,0,92.4,16,289,290,6,19,30,3,413,173,1.5,25.8
Manly Williams,38651,ED,HAWAII,14,1,,,3.5,,,0,0,0,,180,74.8,54.1,85.1,54.1,49.5,36.0,0,,25.0,1,0,0,0.0,0,6,171,1,2,0,0,0,0,0.0,
Malcolm Holland,38813,CB,ARIZONA,1,0,19.5,0.0,100.0,,1.0,0,0,0,0.0,109,46.5,42.9,77.0,,61.9,73.5,0,,,0,0,0,39.6,0,2,2,0,0,2,0,0,0,0.0,
Kemah Siverand,38861,CB,OKLA STATE,3,0,12.0,66.7,100.0,10.5,7.0,0,0,0,0.0,262,55.8,57.0,76.1,,62.7,27.9,0,35,0.0,0,0,0,109.0,2,23,23,1,1,3,0,37,9,1.8,18.5
Chapelle Russell,38876,LB,TEMPLE,13,4,1.2,68.4,90.0,13.9,9.5,0,1,1,2.6,306,58.0,64.5,54.8,66.9,68.1,64.8,0,27,16.7,4,1,1,76.8,26,379,421,10,16,38,0,161,171,0.4,6.2
Stephen Griffin,38877,CB,NC STATE,12,1,7.3,62.5,88.5,12.1,7.5,0,0,4,16.7,248,68.6,65.9,86.9,57.2,60.5,57.8,0,19,17.6,3,3,1,78.8,15,185,209,4,13,24,0,142,92,0.8,9.5
Sterling Johnson,38905,DI,COAST CAR,11,2,,,10.2,,,0,0,0,,141,50.6,76.2,71.3,78.8,77.3,41.8,0,,16.7,1,0,1,0.0,0,29,285,5,3,0,0,0,0,0.0,
Tyriq Thompson,38942,LB,MICH STATE,13,1,3.5,79.2,79.2,13.8,10.9,0,0,1,4.2,223,57.7,69.7,81.4,57.7,79.2,78.1,1,23,23.1,3,1,0,92.9,19,274,346,3,9,24,1,171,122,0.7,9.0
Ladante Harris,38962,CB,FAU,4,0,19.7,66.7,100.0,7.0,4.7,0,0,0,0.0,165,53.3,56.0,72.3,,64.8,76.6,0,29,0.0,0,0,0,109.7,2,14,14,0,1,3,0,40,9,2.9,20.0
Johnathan Durham,38983,CB,KANSAS ST,9,0,8.2,66.7,95.2,9.5,6.3,0,0,1,8.3,199,60.5,60.7,84.1,56.1,60.9,42.5,0,18,42.9,3,1,0,77.4,8,80,84,2,4,12,0,57,37,0.8,7.1
Anthony Bennett,38986,ED,FAU,8,0,,,25.0,,,0,0,0,,165,61.5,67.3,80.8,61.1,68.8,36.6,0,,100.0,1,0,0,0.0,0,9,36,0,0,0,0,0,0,0.0,
Elijah Sullivan,39006,LB,KANSAS ST,13,4,5.2,71.1,88.1,9.6,6.8,0,1,2,5.3,199,70.7,65.3,0.0,53.1,65.8,62.4,1,37,16.7,7,2,3,72.3,27,275,312,19,31,38,0,200,143,0.8,7.4
Jordan Fisher,39222,LB,TOLEDO,12,8,4.5,81.5,87.6,13.8,11.2,0,0,2,7.4,316,60.7,53.1,27.8,58.8,49.1,48.5,1,28,18.5,5,2,2,105.2,22,326,372,5,14,27,1,270,165,0.9,12.3
Jessie Liptrot,39277,CB,GA SOUTHRN,13,1,15.4,43.3,98.8,17.7,7.7,0,0,5,16.7,174,73.2,71.9,83.3,54.7,60.7,30.9,1,63,36.4,8,5,0,78.9,13,238,241,4,13,30,2,233,81,1.0,17.9
Kyler Manu,39311,LB,WASHINGTON,12,2,3.5,91.7,79.6,7.9,7.3,0,0,2,8.3,340,60.0,56.7,86.3,60.9,52.6,62.9,0,27,10.5,2,1,0,101.7,22,187,235,8,15,24,0,202,118,1.2,9.2
Christian Rector,39404,ED,USC,10,0,-6.0,100.0,4.1,13.0,13.0,0,0,0,0.0,326,50.0,62.7,68.5,59.0,67.5,50.7,1,2,66.7,4,0,1,39.6,1,13,315,2,2,1,0,2,8,0.2,2.0
Sh'mar Kilby-Lane,39422,LB,MISS STATE,2,0,10.5,50.0,85.7,6.0,3.0,0,0,0,0.0,227,35.9,35.7,73.9,59.3,59.6,76.8,0,6,0.0,0,0,0,56.3,1,6,7,0,1,2,0,6,3,1.0,6.0
Korian Reynaud,39580,S,LA MONROE,10,0,6.3,100.0,93.8,14.7,14.7,0,0,0,0.0,209,59.2,60.0,78.3,58.6,60.8,71.2,0,13,0.0,0,0,0,106.9,3,45,48,0,2,3,0,29,10,0.7,9.7
Jalen Smith,39591,S,TEXAS ST,12,6,13.8,66.7,97.5,25.5,17.0,0,0,1,6.7,314,70.6,69.8,87.3,65.7,65.8,72.2,1,60,5.0,1,1,0,79.0,10,270,277,3,13,15,0,177,115,0.7,17.7
Frankie Griffin,39616,S,TEXAS ST,11,2,2.4,85.7,50.2,8.4,7.2,0,0,0,0.0,314,72.2,71.2,16.8,70.3,69.7,74.5,0,19,7.1,1,0,3,94.0,12,105,209,6,11,14,0,92,65,0.9,7.7
De'Vante Cross,39851,S,VIRGINIA,14,2,10.9,55.0,97.0,21.3,11.7,0,1,6,15.0,335,63.9,61.6,87.9,63.9,52.7,64.4,2,47,14.3,4,5,2,79.7,22,493,508,4,22,40,3,265,134,0.6,12.0
Josh Pederson,39861,TE,LA MONROE,1,0,,,100.0,,,0,0,0,,209,60.0,62.9,60.0,,60.0,,0,,,0,0,2,0.0,0,1,1,0,0,0,0,0,0,0.0,
Maurice Ffrench,39871,WR,PITTSBURGH,1,0,,,100.0,,,0,0,0,,268,60.0,62.4,60.0,,,,0,,,0,0,2,0.0,0,1,1,0,0,0,0,0,0,0.0,
Branden Mack,39902,WR,TEMPLE,1,0,,,100.0,,,0,0,0,,306,60.0,60.0,63.1,,,,0,,,0,0,4,0.0,0,1,1,0,0,0,0,0,0,0.0,
Jordan Carmouche,39951,LB,HOUSTON,2,1,5.5,66.7,80.9,9.3,6.2,0,0,0,0.0,182,43.0,48.6,77.5,59.8,60.5,78.6,0,42,0.0,0,0,0,109.7,4,38,47,1,1,6,0,83,65,2.2,20.8
Derrion Rakestraw,39968,S,COLORADO,11,7,8.6,72.4,97.6,16.8,12.2,0,0,3,10.3,143,59.9,56.0,47.4,76.7,44.0,51.4,3,33,14.7,5,3,2,93.5,21,364,373,7,22,29,3,252,143,0.7,12.0
Sam Noyer,40048,S,COLORADO,2,0,26.0,100.0,100.0,19.0,19.0,0,0,0,0.0,143,55.3,56.2,73.6,,60.0,,0,29,,0,0,0,118.8,1,19,19,0,0,1,0,29,3,1.5,29.0
Brandon Martin,40066,LB,BALL ST,1,1,14.0,100.0,93.3,12.0,12.0,0,0,0,0.0,117,58.2,68.3,72.5,60.0,78.0,79.7,0,18,0.0,0,0,0,118.8,1,14,15,0,1,1,0,18,4,1.5,18.0
Ryan Velez,40122,S,ARMY,12,5,9.8,71.4,97.2,20.0,14.3,0,1,1,7.1,114,60.5,52.1,84.9,68.6,35.7,49.6,2,25,4.3,1,1,1,81.5,10,208,214,4,17,14,1,120,46,0.6,12.0
Unknown Kansas State 87,40133,CB,KANSAS ST,1,0,,,100.0,,,0,0,0,,199,60.0,61.6,68.6,,60.0,,0,,,0,0,0,0.0,0,1,1,0,0,0,0,0,0,0.0,
Bryson Oglesby,40176,LB,FRESNO ST,1,0,11.0,100.0,80.0,4.0,4.0,0,0,0,0.0,169,52.8,57.5,71.2,59.7,64.8,76.8,0,15,0.0,0,0,0,118.8,1,4,5,0,1,1,0,15,4,3.8,15.0
Chazz Surratt,40313,LB,N CAROLINA,13,5,4.1,78.3,76.0,17.1,13.4,0,0,3,13.0,245,69.2,62.9,59.7,75.6,49.7,50.2,1,38,29.7,11,2,1,110.7,18,320,421,14,21,23,2,183,127,0.6,10.2
Phillip Howard,40350,CB,MINNESOTA,3,0,14.5,75.0,100.0,8.3,6.3,0,0,0,0.0,225,80.6,80.8,75.2,,65.1,79.8,1,11,0.0,0,0,0,53.1,3,25,25,0,3,4,0,27,11,1.1,9.0
Brandius Batiste,40358,WR,LA MONROE,1,0,,,100.0,,,0,0,0,,209,60.0,62.4,60.0,,,,0,,,0,0,1,0.0,0,1,1,0,0,0,0,0,0,0.0,
Scoop Bradshaw,40570,CB,SYRACUSE,7,0,15.4,35.7,98.9,16.8,6.0,0,0,4,28.6,304,62.1,62.1,80.4,60.0,60.3,80.7,0,39,0.0,0,3,2,80.1,5,91,92,1,5,14,1,82,10,1.0,16.4
L'Jarius Sneed,40588,S,LA TECH,13,3,10.6,47.8,98.6,21.2,10.1,0,1,3,6.5,208,74.3,78.2,59.0,55.8,86.1,88.8,3,38,10.8,4,2,6,45.2,22,482,489,8,30,46,1,256,142,0.5,11.6
Ja'cione Fugate,40621,S,CHARLOTTE,13,1,7.1,72.4,95.3,15.6,11.3,0,1,2,6.9,136,54.9,60.7,86.0,63.3,66.4,67.7,1,57,21.1,4,2,1,129.2,21,343,360,4,14,29,4,289,216,0.9,13.8
Justin Rice,40640,LB,FRESNO ST,12,5,3.3,71.7,87.2,11.3,8.1,0,0,3,5.7,169,47.5,57.4,65.5,91.0,53.8,63.1,2,50,26.3,10,3,1,73.2,38,443,508,9,23,53,0,345,292,0.8,9.1
Aaron Hansford,40694,LB,TEXAS A&M,13,1,3.0,85.7,62.2,14.8,12.7,0,0,2,28.6,312,62.0,65.7,87.0,73.1,54.1,58.5,0,22,12.5,1,2,0,103.6,6,92,148,5,6,7,0,62,45,0.7,10.3
Adam Krumholz,40697,WR,WISCONSIN,1,0,,,100.0,,,0,0,0,,349,60.0,66.3,80.9,,60.0,72.3,0,,,0,0,0,0.0,0,1,1,0,0,0,0,0,0,0.0,
Isaiah Hamilton,40708,S,NEVADA,13,0,12.0,25.0,98.8,79.0,19.8,1,0,1,25.0,239,60.2,62.8,0.0,60.0,72.5,69.7,0,11,0.0,0,1,1,79.2,1,80,81,0,1,4,1,11,0,0.1,11.0
Austin Conrad,40760,ED,OHIO,13,0,4.5,50.0,5.2,13.0,6.5,0,0,0,0.0,259,61.3,67.4,88.1,60.9,69.6,54.7,0,-8,55.6,5,0,0,56.3,1,14,267,6,4,2,0,-8,-4,-0.6,-8.0
Amechie Walker,40763,CB,IOWA STATE,3,1,11.3,66.7,100.0,17.0,11.3,0,0,0,0.0,193,60.5,53.9,75.8,,33.4,29.2,0,38,0.0,0,0,0,149.3,2,34,34,2,2,3,1,38,15,1.1,19.0
Malik Staples,40902,LB,W KENTUCKY,11,1,3.1,85.7,89.1,13.3,11.4,0,0,0,0.0,346,67.0,62.2,82.2,65.8,53.4,87.6,0,23,0.0,0,0,0,101.2,6,82,92,2,3,7,0,58,35,0.7,9.7
D'Vone McClure,40982,LB,ARKANSAS,4,1,-2.0,100.0,84.8,12.0,12.0,0,0,0,0.0,111,65.6,59.4,74.8,61.8,50.4,64.6,0,5,0.0,0,0,0,79.2,3,39,46,2,3,3,0,4,10,0.1,1.3
Kyree Woods,41146,CB,S DIEGO ST,5,0,12.5,54.5,98.8,25.3,13.8,0,1,2,18.2,284,74.3,83.0,82.8,97.8,75.7,62.3,0,34,15.4,2,2,0,77.5,6,159,161,4,11,11,0,79,22,0.5,13.2
Dwayne Johnson Jr.,41183,S,S DIEGO ST,13,3,5.3,72.2,99.2,18.9,13.6,0,3,3,8.3,284,89.0,87.3,55.8,73.0,82.2,73.5,1,61,13.6,6,3,1,87.4,26,509,513,11,35,36,1,237,141,0.5,9.1
Troy Cassidy,41284,LB,S DIEGO ST,13,2,1.7,80.0,49.8,9.4,7.6,1,0,0,0.0,284,53.0,58.8,86.6,64.4,57.6,61.1,0,28,15.4,2,0,1,108.1,16,158,317,8,9,20,1,119,106,0.8,7.4
Jonathan Ifedi,41402,WR,GA STATE,1,0,,,100.0,,,0,0,0,,175,60.0,62.6,73.9,,,,0,,,0,0,0,0.0,0,1,1,0,0,0,0,0,0,0.0,
Kerry Starks,41485,ED,LA MONROE,11,0,-1.5,50.0,4.0,10.0,5.0,0,0,0,0.0,209,58.8,66.7,1.5,79.6,60.3,47.2,0,6,30.0,3,0,6,56.3,1,10,250,12,7,2,0,6,10,0.6,6.0
Eric Sutton,41489,CB,SMU,3,0,13.1,57.1,100.0,11.5,6.6,0,0,2,28.6,287,63.3,62.8,77.6,,58.1,80.5,0,9,0.0,0,1,1,68.8,4,47,47,0,3,7,0,32,4,0.7,8.0
Kameron Miller,41650,S,NEW MEXICO,10,1,10.3,70.0,98.2,22.3,15.6,0,0,0,0.0,241,49.8,46.9,23.6,56.6,45.1,48.3,0,65,27.3,3,0,1,150.8,7,168,171,0,7,10,2,122,83,0.8,17.4
Vince Calhoun,41655,S,E MICHIGAN,13,4,12.1,60.6,93.1,18.5,11.2,1,0,3,9.1,160,58.2,70.6,86.7,68.2,81.0,79.0,1,80,12.9,4,2,2,110.8,20,393,422,5,23,33,3,321,159,0.9,16.1
Alohi Gilman,41662,S,NOTRE DAME,13,1,8.8,73.7,91.7,24.8,18.3,0,1,1,5.3,258,68.9,73.1,86.6,57.3,78.6,60.3,1,38,25.0,4,1,1,105.2,14,364,397,4,11,19,1,210,119,0.6,15.0
Ty Shelby,41752,ED,LA MONROE,12,0,-1.0,100.0,2.2,6.0,6.0,0,0,0,0.0,209,51.3,79.2,72.7,85.2,70.7,70.6,0,24,50.0,2,0,1,118.8,1,6,275,3,2,1,0,24,25,4.0,24.0
Roy Baker,41757,CB,BUFFALO,11,0,14.6,57.1,100.0,11.3,6.4,0,1,5,17.9,126,70.9,71.3,82.6,,67.8,42.4,0,52,14.3,2,2,1,109.2,16,192,192,5,12,28,2,240,59,1.3,15.0
Levonta Taylor,41771,S,FLORIDA ST,11,4,11.2,65.2,94.8,19.9,13.0,0,1,2,8.7,167,63.3,65.8,2.8,67.9,75.0,67.2,1,51,15.4,4,2,2,104.4,15,310,327,5,18,23,2,205,118,0.7,13.7
Kekoa Nawahine,41773,S,BOISE ST,13,3,16.7,42.9,100.0,32.1,13.8,0,0,2,7.1,120,88.3,82.3,88.0,,63.6,58.9,3,58,13.8,4,0,0,35.0,12,400,400,1,22,28,1,167,35,0.4,13.9
Trevon Diggs,41817,CB,ALABAMA,12,7,15.3,43.1,99.5,17.6,7.6,2,1,11,21.6,103,90.3,89.2,20.1,70.2,63.7,58.1,3,37,12.1,4,8,4,45.3,22,417,419,7,22,51,1,309,92,0.8,14.0
Sam Hammond,41836,ED,NEVADA,13,0,,,0.4,,,0,0,0,,239,55.7,66.6,67.9,63.2,69.1,64.2,0,,50.0,2,0,1,0.0,0,1,273,0,2,0,0,0,0,0.0,
Billy Bob Humphreys,41875,TE,S JOSE ST,1,0,,,100.0,,,0,0,0,,285,60.0,60.0,63.1,,,,0,,,0,0,1,0.0,0,1,1,0,0,0,0,0,0,0.0,
Ben Davis,41960,ED,ALABAMA,5,0,,,42.9,,,0,0,0,,103,60.4,74.8,73.7,72.7,67.5,74.4,0,,,0,0,0,0.0,0,3,7,1,0,0,0,0,0,0.0,
Dylan Tonkery,41961,LB,W VIRGINIA,12,3,1.3,91.7,62.7,12.5,11.4,0,0,0,0.0,343,66.7,59.2,88.3,57.2,54.6,33.3,0,46,20.0,2,0,0,108.0,11,146,233,6,5,12,0,119,110,0.9,10.8
Dru Mathis,42027,LB,OREGON,4,0,17.0,100.0,66.7,31.0,31.0,0,0,0,0.0,264,53.0,63.7,75.7,74.6,65.9,81.4,0,28,0.0,0,0,0,118.8,1,34,51,2,2,1,0,28,11,0.9,28.0
Matlin Marshall,42084,WR,GA STATE,1,0,,,100.0,,,0,0,0,,175,60.0,62.4,60.0,,,,0,,,0,0,0,0.0,0,1,1,0,0,0,0,0,0,0.0,
Freddie Johnson,42129,CB,TEMPLE,13,0,13.2,63.0,100.0,11.1,7.0,0,0,2,7.4,306,68.2,68.0,82.6,,63.3,41.8,0,75,28.6,4,1,0,133.1,17,199,199,4,10,27,3,269,115,1.4,15.8
Parnell Motley,42189,CB,OKLAHOMA,14,2,12.3,43.4,98.6,17.1,7.4,0,2,13,24.5,261,78.3,80.1,19.2,64.1,88.7,69.7,1,62,12.5,3,7,6,74.3,23,428,434,3,19,53,3,319,156,0.8,13.9
Divine Deablo,42208,S,VA TECH,13,9,10.4,81.6,98.4,12.0,9.8,3,2,2,4.1,337,69.6,71.8,32.4,81.4,76.7,67.4,1,68,8.7,4,1,4,131.8,40,504,512,10,33,49,4,546,207,1.1,13.7
Nick Grant,42242,CB,VIRGINIA,14,3,12.8,54.0,98.3,10.3,5.5,0,2,8,9.2,335,59.1,60.0,57.5,49.4,67.3,66.7,2,61,14.0,6,8,5,91.2,47,506,515,13,34,87,4,800,310,1.7,17.0
Bryce Hall,42313,CB,VIRGINIA,6,1,12.1,50.0,97.1,17.1,8.5,0,0,1,4.5,335,61.5,65.5,82.9,57.5,82.3,65.0,0,28,14.3,2,1,3,66.3,11,199,205,5,11,22,0,119,42,0.6,10.8
Olin Cushion III,42315,S,FIU,12,6,13.8,52.9,97.3,33.6,17.8,0,0,3,17.6,166,62.0,64.9,88.2,61.7,67.8,67.6,1,35,16.7,5,2,1,98.9,9,330,339,3,19,17,2,155,18,0.5,17.2
Alonzo McCoy,42383,S,C MICHIGAN,12,0,10.1,66.7,94.6,11.9,7.9,1,0,2,9.5,134,67.4,65.0,0.0,45.9,74.2,71.3,3,23,12.5,2,2,4,46.2,14,175,185,4,14,21,0,142,47,0.9,10.1
Jake Long,42387,S,W VIRGINIA,6,0,15.8,100.0,100.0,9.6,9.6,0,0,0,0.0,343,56.7,56.8,0.0,,67.9,66.6,0,25,33.3,1,0,1,118.8,5,52,52,0,2,5,0,92,13,1.9,18.4
Rob Snyder,42389,LB,VIRGINIA,4,0,-0.5,100.0,67.9,19.0,19.0,0,0,0,0.0,335,66.1,70.5,79.1,56.9,75.3,66.8,0,10,33.3,2,0,0,95.8,2,38,56,1,4,2,0,14,15,0.4,7.0
Chris Moore,42400,S,VIRGINIA,10,0,12.1,70.8,96.9,10.8,7.7,0,1,3,12.5,335,54.4,63.5,83.9,67.2,76.5,79.9,0,77,28.6,4,2,0,152.8,17,190,196,4,10,24,3,374,181,2.0,22.0
Dante Cousart,42407,WR,FAU,2,0,,,100.0,,,0,0,0,,165,63.0,64.7,60.0,,60.0,,0,,,0,0,0,0.0,0,2,2,0,0,0,0,0,0,0.0,
Brenton Nelson,42426,CB,VIRGINIA,8,2,7.6,68.2,95.7,12.8,8.7,0,0,2,9.1,335,72.3,72.9,86.5,59.2,71.4,63.3,1,28,25.0,5,1,0,63.6,15,202,211,7,13,22,0,125,75,0.7,8.3
Seth Currens,42435,S,WISCONSIN,1,0,12.0,100.0,100.0,1.0,1.0,0,0,0,0.0,349,28.7,40.0,60.0,,,68.4,0,21,0.0,0,0,0,118.8,1,1,1,0,1,1,0,21,9,21.0,21.0
Ike Brown,42439,CB,FIU,12,1,9.4,55.1,99.7,12.1,6.7,0,0,7,14.3,166,68.4,68.1,49.3,60.0,66.4,75.5,0,28,6.5,2,6,7,87.4,27,351,352,6,28,49,2,303,132,0.9,11.2
Raleigh Texada,42440,CB,BAYLOR,14,3,11.1,68.8,99.3,9.5,6.5,1,1,5,7.8,118,73.1,72.9,49.9,53.9,70.2,87.3,0,71,2.2,1,4,2,113.2,44,431,434,6,41,64,4,506,191,1.2,11.5
Jeremy Level,42442,S,APP STATE,1,0,,,88.9,,,0,0,0,,108,67.1,66.3,71.2,59.7,60.0,78.7,0,,0.0,0,0,0,0.0,0,8,9,0,2,0,0,0,0,0.0,
Greg Eisworth II,42444,S,IOWA STATE,12,8,8.2,48.4,98.9,22.5,10.9,0,2,8,25.8,193,87.2,77.4,87.7,63.9,48.0,50.3,1,19,14.7,5,8,0,52.2,15,347,351,6,21,31,1,61,33,0.2,4.1
Myles Wolfolk,42445,S,N CAROLINA,5,2,13.5,69.2,97.5,16.4,11.4,0,0,0,0.0,245,79.3,75.2,82.4,56.1,64.0,46.9,3,51,31.3,5,0,0,97.9,9,155,159,2,9,13,1,163,59,1.1,18.1
JoJo Domann,42446,LB,NEBRASKA,12,1,5.9,65.9,87.3,8.8,5.8,0,1,6,13.6,238,77.1,69.7,6.9,64.1,56.3,63.2,0,55,14.7,5,4,4,92.5,29,261,299,14,28,44,1,295,192,1.2,10.2
Janarius Robinson,42447,ED,FLORIDA ST,13,4,2.0,88.9,12.9,6.4,5.7,2,0,0,0.0,167,38.5,68.3,3.0,68.5,81.5,57.1,0,23,18.2,2,0,8,103.2,8,54,419,6,5,9,0,79,58,1.5,9.9
Britto Tutt,42448,CB,ARKANSAS,2,0,44.0,100.0,100.0,9.0,9.0,0,0,0,0.0,111,44.5,47.4,73.0,,62.9,,0,40,,0,0,0,158.3,1,9,9,0,0,1,1,40,0,4.4,40.0
Amen Ogbongbemiga,42449,LB,OKLA STATE,13,7,3.7,82.5,81.3,10.1,8.3,0,0,1,2.5,262,59.2,59.5,82.2,66.9,55.4,64.3,1,30,20.5,8,0,0,112.4,33,351,432,19,24,40,3,299,230,0.9,9.1
David Woodward,42450,LB,UTAH ST,7,5,3.8,75.0,88.9,11.9,8.9,0,0,1,4.2,329,70.5,82.3,81.8,93.2,77.9,84.0,0,19,7.4,2,1,0,93.1,18,225,253,11,20,24,0,164,82,0.8,9.1
Isaiah Simmons,42451,S,CLEMSON,15,4,9.0,64.3,84.3,14.1,9.0,1,0,8,19.0,140,88.2,88.5,39.3,81.1,84.4,85.6,3,30,9.3,4,5,2,65.3,27,391,464,21,35,42,2,237,86,0.6,8.8
Clifton Lewis Jr.,42454,LB,TEXAS ST,12,2,3.4,88.9,53.8,12.4,11.0,0,0,1,11.1,314,56.9,69.0,58.0,61.1,78.1,70.0,0,19,33.3,3,1,1,102.8,8,100,186,3,4,9,0,78,49,0.8,9.8
Tay Gowan,42465,CB,UCF,12,1,14.9,40.0,100.0,19.9,7.9,0,0,11,22.0,323,80.1,81.0,86.7,,77.7,69.4,2,70,11.5,3,7,2,54.9,20,425,425,5,22,50,2,274,106,0.7,13.7
Stefan Claiborne,42466,S,W MICHIGAN,13,4,9.8,73.9,98.4,13.5,10.0,0,1,2,8.7,347,62.8,60.4,29.9,58.3,55.1,63.6,0,46,10.7,3,2,1,102.8,17,243,247,4,21,23,0,216,84,0.9,12.7
K'Von Wallace,42467,S,CLEMSON,15,2,8.1,57.4,87.2,13.0,7.5,0,4,8,17.0,140,89.7,83.1,27.2,66.9,68.4,83.7,2,35,3.4,1,8,4,63.9,27,361,414,11,26,47,1,277,143,0.8,10.3
Cameron Dantzler,42472,CB,MISS STATE,9,1,12.9,48.3,94.9,14.9,7.2,0,3,7,24.1,227,77.6,83.5,85.8,94.5,76.7,73.0,2,32,10.0,2,6,3,57.0,14,222,234,3,17,29,1,222,67,1.1,15.9
D.J. Ford,42473,S,N CAROLINA,12,3,5.6,82.4,91.2,19.4,16.0,0,0,3,17.6,245,75.4,73.2,88.0,64.9,66.7,56.5,1,30,23.1,6,2,0,96.6,14,281,308,7,17,17,1,142,83,0.5,10.1
Collin Whitaker,42474,CB,RICE,1,0,4.0,100.0,100.0,10.0,10.0,0,0,0,0.0,275,52.9,53.8,73.4,,60.8,,0,37,,0,0,0,118.8,1,10,10,0,0,1,0,37,33,3.7,37.0
Antoine Winfield Jr.,42475,S,MINNESOTA,13,2,17.6,47.6,95.2,37.9,18.0,0,0,2,9.5,225,89.4,88.6,90.4,86.3,68.6,74.1,7,39,9.1,3,1,0,43.1,10,401,421,5,28,21,1,126,20,0.3,12.6
Sean Harper,42484,S,TULANE,1,0,,,100.0,,,0,0,0,,319,61.4,61.7,68.1,,60.0,,0,,,0,0,0,0.0,0,3,3,0,0,0,0,0,0,0.0,
Tomon Fox,42486,ED,N CAROLINA,13,1,1.9,92.3,23.5,8.0,7.4,1,0,0,0.0,245,57.8,70.6,80.4,74.3,67.1,65.8,1,22,35.7,5,0,1,88.8,12,103,438,10,8,13,1,89,71,0.9,7.4
Andrew Armstrong,42487,LB,SYRACUSE,11,1,4.4,69.7,75.0,12.4,8.7,0,0,1,3.0,304,44.8,60.9,85.2,53.8,73.5,75.3,1,39,20.0,3,1,0,98.2,23,300,400,4,11,33,2,241,186,0.8,10.5
Tahj Herring-Wilson,42490,CB,UCONN,7,2,11.4,71.4,100.0,9.5,6.8,0,0,2,9.5,146,64.3,62.1,8.9,,54.6,60.2,0,26,11.1,2,2,3,117.2,15,148,148,3,14,21,2,120,49,0.8,8.0
Jay Lenard,42492,S,S JOSE ST,12,4,9.0,60.0,98.7,30.4,18.3,0,1,2,10.0,285,79.4,76.1,91.0,70.3,66.5,70.9,2,22,6.5,2,2,0,69.0,12,378,383,6,25,20,2,111,43,0.3,9.3
Devin Harper,42494,LB,OKLA STATE,10,2,8.3,87.5,87.1,11.0,9.6,0,0,0,0.0,262,66.0,75.2,78.4,76.2,76.7,79.9,0,25,12.5,1,0,0,104.7,7,81,93,5,5,8,0,73,23,0.9,10.4
Shemar Jean-Charles,42496,CB,APP STATE,14,2,12.7,55.2,98.4,12.1,6.7,0,2,10,14.9,108,79.0,76.3,86.5,65.2,57.2,70.2,1,53,7.3,3,9,7,89.2,37,480,488,12,36,67,4,441,134,1.0,11.9
Trae Meadows,42502,CB,W KENTUCKY,13,0,16.7,57.1,99.7,10.6,6.1,1,0,5,10.2,346,67.2,70.1,85.6,66.8,75.9,68.8,1,80,11.5,3,4,2,120.9,28,315,316,6,23,49,7,472,132,1.6,16.9
Cedric Boswell,42504,CB,MIAMI OH,3,0,5.3,100.0,100.0,15.0,15.0,0,0,0,0.0,221,70.8,78.8,79.6,,90.4,70.0,0,13,50.0,1,0,0,131.3,3,49,49,1,1,3,1,18,2,0.4,6.0
Jatairis Grant,42507,S,IOWA STATE,2,0,2.0,100.0,93.8,4.7,4.7,0,0,0,0.0,193,73.6,78.1,76.3,60.0,74.6,45.6,0,10,33.3,1,0,0,88.9,3,15,16,1,2,3,0,16,10,1.1,5.3
Dante Bonamico,42508,CB,W VIRGINIA,4,0,4.0,66.7,100.0,10.5,7.0,0,0,0,0.0,343,46.5,49.0,86.1,,54.7,36.5,0,13,25.0,1,0,0,123.6,2,22,22,0,3,3,1,19,10,0.9,9.5
Tyrez Lindsey,42510,S,MEMPHIS,6,0,,,94.9,,,0,0,0,,218,61.3,64.2,81.6,59.5,67.5,79.9,0,,0.0,0,0,0,0.0,0,37,39,0,2,0,0,0,0,0.0,
Chris Jackson,42512,CB,MARSHALL,11,1,13.5,50.0,97.6,14.8,7.4,1,0,11,23.9,214,71.8,71.5,85.6,47.0,69.1,82.1,1,53,0.0,0,7,8,72.7,23,362,371,4,20,46,1,340,112,1.0,14.8
Jerry McBride III,42515,S,BOWL GREEN,4,0,4.9,71.4,100.0,24.0,17.1,0,0,1,14.3,122,72.5,70.7,83.5,,64.0,59.0,0,14,18.2,2,1,0,81.8,5,129,129,1,9,7,0,34,20,0.3,6.8
Cam Brown,42516,LB,PENN STATE,13,8,3.9,82.4,77.6,9.0,7.4,0,1,2,5.9,266,72.0,73.3,57.2,65.8,77.3,56.6,0,48,22.2,8,2,1,99.3,28,263,339,16,20,34,0,266,209,1.1,9.5
Kendrec Grady,42517,LB,GA STATE,3,0,4.0,100.0,92.3,11.0,11.0,0,0,0,0.0,175,51.2,54.3,71.1,58.9,63.5,,0,13,,0,0,0,118.8,1,12,13,0,0,1,0,13,9,1.2,13.0
Bricen Garner,42520,S,PITTSBURGH,2,0,3.5,0.0,100.0,,6.5,0,0,0,0.0,268,72.3,72.4,72.9,,65.4,81.0,0,,0.0,0,0,0,39.6,0,17,17,0,2,2,0,0,0,0.0,
Brandon Burton,42537,S,NEW MEXICO,8,0,14.3,100.0,100.0,25.3,25.3,1,0,0,0.0,241,52.1,58.3,80.7,,69.3,76.1,0,87,40.0,2,0,1,158.3,4,107,107,0,3,4,2,146,89,1.4,36.5
Jashon Waddy,42542,S,TEXAS ST,11,5,6.7,75.0,97.8,20.2,15.2,1,1,3,15.0,314,75.2,70.6,51.1,67.8,62.4,54.9,2,58,19.0,4,2,1,80.2,15,313,320,2,12,20,1,185,146,0.6,12.3
Daniel Thomas,42544,S,AUBURN,13,3,4.4,72.4,95.5,17.3,12.5,0,1,1,3.4,115,76.5,73.5,0.0,55.2,78.4,86.4,0,20,2.7,1,1,5,100.8,21,384,402,10,33,29,2,107,80,0.3,5.1
Krys Barnes,42548,LB,UCLA,11,2,4.8,67.5,72.3,9.6,6.5,0,0,5,12.5,324,67.7,68.4,53.6,55.2,71.4,64.0,1,69,23.3,7,4,1,112.7,27,277,383,12,21,40,3,382,292,1.5,14.1
Jeremy Griffis,42550,CB,NAVY,2,0,14.0,0.0,100.0,,2.0,0,0,0,0.0,237,61.0,62.0,68.7,,60.0,,0,,,0,0,0,39.6,0,2,2,0,0,1,0,0,0,0.0,
James Skalski,42552,LB,CLEMSON,15,2,2.3,71.4,67.2,13.3,9.5,0,0,2,7.1,140,73.1,74.1,52.4,68.0,69.4,45.0,0,26,23.5,4,2,1,80.2,20,272,405,11,11,28,0,125,139,0.5,6.3
Nazeeh Johnson,42553,S,MARSHALL,13,2,10.1,63.0,97.0,15.0,9.4,0,2,9,19.6,214,68.7,73.1,90.3,51.7,79.6,90.4,1,35,8.3,3,4,3,81.8,29,460,474,6,31,46,1,320,143,0.7,11.0
Jordan Fox,42554,ED,STANFORD,5,1,0.6,60.0,28.4,12.3,7.4,1,0,1,20.0,300,59.4,66.1,44.8,64.6,70.2,61.1,0,14,42.9,3,1,1,75.4,3,38,134,4,3,5,0,28,35,0.8,9.3
Evan Foster,42556,S,SYRACUSE,12,7,7.0,59.3,92.6,23.3,13.8,0,2,5,18.5,304,74.4,68.7,56.4,57.4,62.6,76.0,0,30,9.4,3,4,1,81.4,16,388,419,7,22,27,1,114,49,0.3,7.1
Ryan Parker,42563,LB,ARMY,5,1,,,76.9,,,0,0,0,,114,65.4,60.8,76.4,72.7,51.8,67.1,0,,0.0,0,0,0,0.0,0,20,26,0,0,0,0,0,0,0.0,
Max Richardson,42572,LB,BOSTON COL,12,4,2.7,80.0,83.7,13.6,10.9,0,0,2,5.7,121,67.6,73.4,87.3,66.9,74.9,68.1,0,74,22.2,8,2,0,111.7,28,396,473,17,24,35,1,298,265,0.8,10.6
Aaron Ramseur,42585,LB,E CAROLINA,8,1,6.4,60.0,94.0,24.7,14.8,0,0,0,0.0,156,59.6,77.1,77.8,72.1,84.2,80.3,0,17,0.0,0,0,0,88.8,3,79,84,2,0,5,0,44,36,0.6,14.7
Leevel Tatum III,42587,ED,FRESNO ST,11,0,,,2.0,,,0,0,0,,169,53.4,60.6,83.0,61.2,61.4,67.9,0,,50.0,2,0,0,0.0,0,3,153,1,2,0,0,0,0,0.0,
Parker Higgins,42589,LB,HAWAII,1,0,,,100.0,,,0,0,0,,180,62.8,57.9,69.0,,59.0,,0,,,0,0,0,0.0,0,10,10,0,0,0,0,0,0,0.0,
Taylor Riggins,42599,ED,BUFFALO,13,2,,,2.6,,,0,0,1,,126,63.4,87.4,87.4,90.1,74.8,75.3,0,,33.3,1,1,0,0.0,0,8,313,10,0,0,0,0,0,0.0,
Mikial Onu,42603,S,COLORADO,11,7,14.6,50.0,99.5,28.4,14.2,0,1,4,14.3,143,51.3,54.7,87.8,58.7,60.9,55.3,4,81,22.5,9,3,0,95.8,14,410,412,3,24,28,4,353,176,0.9,25.2
Tayler Hawkins,42606,S,S DIEGO ST,11,2,17.2,61.5,97.0,19.8,12.2,0,0,1,7.7,284,68.4,66.5,16.0,56.4,64.7,50.2,0,41,15.4,2,0,1,88.6,8,163,168,0,9,13,0,110,42,0.7,13.8
Lawrence White,42607,S,IOWA STATE,13,5,10.5,63.6,93.5,20.1,12.8,0,2,4,12.1,193,71.9,70.2,58.8,61.3,68.3,67.9,2,33,7.9,3,4,1,64.7,21,434,464,6,30,33,0,276,114,0.7,13.1
Therran Coleman,42611,CB,PITTSBURGH,3,0,33.3,33.3,100.0,38.0,12.7,0,0,1,33.3,268,69.6,69.8,77.3,,63.3,73.5,0,37,0.0,0,1,0,81.3,1,40,40,0,1,3,0,37,3,1.0,37.0
Caesar Williams,42613,CB,WISCONSIN,14,3,12.6,55.9,99.5,10.3,5.7,1,2,8,13.6,349,61.9,66.1,85.8,58.5,84.2,86.3,1,50,3.3,1,7,4,80.5,33,363,365,5,26,59,1,470,125,1.4,14.2
Isaiah Gilchrist,42614,CB,WASHINGTON,1,0,,,100.0,,,0,0,0,,340,62.7,63.4,73.2,,60.2,,0,,,0,0,0,0.0,0,3,3,0,0,0,0,0,0,0.0,
McArthur Burnett,42617,CB,USF,1,0,,,100.0,,,0,0,0,,327,62.7,64.1,71.4,,62.2,,0,,,0,0,0,0.0,0,4,4,0,0,0,0,0,0,0.0,
Brandon Moore,42620,CB,UCF,1,1,7.6,20.0,100.0,28.0,5.6,0,0,1,20.0,323,61.2,61.8,76.6,,62.1,76.2,0,9,0.0,0,1,0,39.6,1,28,28,0,1,5,0,9,8,0.3,9.0
Justin Brown,42621,CB,MIDDLE TN,5,0,17.9,58.3,100.0,10.6,6.2,0,1,2,16.7,224,48.5,51.2,80.1,,62.6,47.5,0,29,16.7,1,2,1,137.2,7,80,80,1,5,12,2,135,19,1.8,19.3
Leighton McCarthy,42626,ED,FAU,14,1,7.0,66.7,15.7,23.0,15.3,0,0,0,0.0,165,64.7,67.8,88.8,58.6,72.9,79.8,0,6,28.6,2,0,0,71.5,2,47,300,8,4,3,0,10,2,0.2,5.0
Chacho Ulloa,42629,S,ARIZONA,1,0,0.0,100.0,100.0,21.0,21.0,0,0,0,0.0,109,62.2,66.0,75.2,,72.3,81.7,0,15,0.0,0,0,0,118.8,1,23,23,0,2,1,0,15,15,0.7,15.0
Tyler Coyle,42631,S,UCONN,11,6,11.2,57.6,97.1,14.9,8.6,0,0,10,30.3,146,81.0,77.9,45.1,49.2,75.0,71.6,1,43,15.2,5,10,1,103.5,19,300,309,6,22,33,3,283,139,1.0,14.9
Shaun Bradley,42632,LB,TEMPLE,13,6,4.7,71.9,86.3,17.0,12.2,0,1,2,6.3,306,63.6,69.2,11.6,62.7,74.8,74.5,0,37,11.1,3,2,3,108.2,23,417,483,10,18,32,1,275,153,0.7,12.0
Calvin Swenson,42636,S,MINNESOTA,3,0,,,100.0,,,0,0,0,,225,66.0,58.8,75.6,,45.3,28.4,0,,,0,0,0,0.0,0,20,20,0,0,0,0,0,0,0.0,
Brandon Bouyer-Randle,42637,LB,MICH STATE,4,0,5.3,100.0,41.2,3.5,3.5,0,0,0,0.0,223,37.4,51.0,79.4,58.7,67.4,80.0,0,43,0.0,0,0,0,158.3,4,14,34,1,1,4,1,66,48,4.7,16.5
Devon Clarke,42640,S,SYRACUSE,3,0,,,100.0,,,0,0,0,,304,65.7,58.8,76.5,,46.7,74.8,0,,,0,0,0,0.0,0,16,16,0,0,0,0,0,0,0.0,
Joe Headen,42645,S,DOMINION,12,3,8.5,80.0,99.4,12.3,9.8,0,0,1,6.7,263,63.8,64.2,83.7,60.0,63.2,56.4,0,57,10.5,2,1,1,152.4,12,158,159,4,14,15,2,166,100,1.1,13.8
John Broussard,42651,S,MEMPHIS,5,0,12.8,33.3,96.7,27.0,9.0,0,0,1,16.7,218,66.5,61.1,79.1,52.2,45.9,65.7,0,36,33.3,1,0,0,59.0,2,59,61,1,2,6,0,42,15,0.8,21.0
Lawson Hall,42652,LB,NEVADA,13,5,6.6,56.3,90.3,27.2,15.3,0,1,1,6.3,239,80.4,78.2,49.5,68.6,69.6,75.7,2,19,15.0,3,1,1,57.0,9,252,279,4,12,16,1,103,58,0.4,11.4
Clifford Chattman,42657,CB,TEXAS A&M,7,1,7.8,46.4,92.7,7.3,3.4,0,0,3,10.7,312,58.6,61.3,85.3,81.8,59.0,43.0,1,31,27.3,3,3,1,57.1,13,101,109,3,7,28,1,130,113,1.4,10.0
Justin Strnad,42659,LB,WAKE,7,2,2.0,87.0,87.4,9.7,8.4,0,2,3,13.0,339,80.5,74.7,41.8,54.3,70.6,55.6,1,55,21.1,4,3,1,123.3,20,201,230,10,13,23,3,194,171,1.0,9.7
Tavante Beckett,42663,LB,MARSHALL,13,2,6.0,78.8,81.5,14.0,11.0,1,0,2,6.1,214,64.4,71.9,62.6,66.7,73.9,42.3,1,47,28.6,10,2,2,111.5,26,388,476,11,23,33,2,295,146,0.8,11.3
Stanley Green,42664,S,ILLINOIS,10,4,19.0,40.0,100.0,113.0,45.2,0,1,1,20.0,187,76.7,81.6,42.6,,83.9,71.5,1,18,15.8,3,1,1,59.6,2,238,238,4,12,5,1,29,3,0.1,14.5
Jake Ellington,42666,ED,ARMY,11,0,14.0,100.0,5.4,3.0,3.0,0,0,0,0.0,114,38.0,63.9,79.5,55.8,71.7,45.9,0,14,0.0,0,0,0,118.8,1,3,56,0,1,1,0,14,0,4.7,14.0
Dominique Ross,42667,LB,N CAROLINA,12,5,5.6,80.5,78.5,8.6,7.0,0,0,4,9.8,245,64.4,68.5,66.2,71.6,69.9,73.3,1,20,15.6,5,3,1,97.8,33,299,381,10,22,41,2,246,155,0.9,7.5
Mike Hampton,42669,CB,USF,12,3,12.0,61.4,99.5,9.9,6.1,0,3,6,10.5,327,60.6,59.0,56.3,59.0,53.3,67.2,0,39,13.5,5,3,4,97.3,35,362,364,10,29,57,2,443,173,1.3,12.7
Mike Palmer,42674,S,BOSTON COL,11,5,11.9,84.0,96.9,15.8,13.2,0,1,2,8.0,121,49.9,55.7,91.3,56.4,66.5,64.6,2,77,16.7,8,1,1,112.1,21,342,353,7,35,25,2,352,152,1.1,16.8
Jalen Walker,42675,CB,BOISE ST,14,2,12.8,48.7,98.4,10.8,5.3,0,1,20,25.6,120,83.2,79.3,0.0,43.3,71.3,62.9,1,46,15.4,6,10,6,68.5,38,425,432,7,31,78,2,423,106,1.0,11.1
Malik Antoine,42676,S,STANFORD,9,1,6.6,77.3,98.8,18.5,14.3,0,0,5,22.7,300,68.9,70.2,87.1,63.7,70.9,82.5,0,43,6.7,1,5,0,143.8,17,323,327,0,13,22,3,199,89,0.6,11.7
Isaiah Graham-Mobley,42679,LB,TEMPLE,8,2,7.9,70.0,84.4,15.7,11.0,0,0,0,0.0,306,65.2,69.9,81.3,59.9,71.6,65.3,0,20,12.5,1,0,0,94.6,7,114,135,2,5,10,0,82,32,0.7,11.7
Tyreek Maddox-Williams,42694,LB,RUTGERS,12,3,4.7,74.1,75.6,9.6,7.1,0,0,2,7.4,278,59.6,56.1,58.8,52.2,54.6,73.0,0,24,5.3,1,2,1,107.5,20,205,271,7,15,27,1,203,140,1.1,10.2
Demetrius Cain,42697,LB,W KENTUCKY,8,0,-2.0,100.0,58.6,8.5,8.5,0,0,0,0.0,346,51.5,37.4,78.9,52.3,32.2,77.1,0,30,0.0,0,0,0,118.8,2,17,29,2,2,2,0,53,57,3.1,26.5
Gerrit Choate,42702,LB,SMU,7,0,4.0,100.0,55.3,20.0,20.0,0,0,0,0.0,287,58.8,61.7,79.3,62.9,61.3,57.5,0,5,0.0,0,0,0,127.1,1,21,38,0,1,1,1,5,1,0.3,5.0
Shaq Smith,42707,ED,MARYLAND,11,0,5.3,66.7,10.6,13.5,9.0,1,0,1,33.3,215,60.2,63.3,56.3,58.7,67.2,80.8,0,18,0.0,0,1,2,88.2,2,28,265,3,3,3,0,22,19,0.8,11.0
Ryan Bowman,42714,ED,WASHINGTON,13,0,,,5.1,,,1,0,0,,340,44.6,72.6,25.5,72.4,76.7,46.0,1,,60.0,3,0,4,0.0,0,16,312,6,2,0,0,0,0,0.0,
Chauncey Golston,42718,ED,IOWA,13,2,,,1.9,,,0,0,0,,192,60.1,75.1,74.7,64.9,81.4,61.4,1,,44.4,4,0,1,0.0,0,9,462,3,3,0,0,0,0,0.0,
Collin Miller,42725,LB,NEBRASKA,12,3,2.6,82.1,82.9,9.0,7.4,0,0,0,0.0,238,63.3,67.4,83.5,72.0,65.3,71.0,0,25,13.0,3,0,0,95.1,23,213,257,5,17,28,0,191,154,0.9,8.3
Zach Hannibal,42732,CB,LA TECH,9,0,16.7,38.5,95.1,15.0,5.8,0,0,4,30.8,208,61.8,66.1,79.3,77.1,74.7,64.3,0,23,20.0,1,3,0,50.5,5,77,81,0,4,13,0,51,12,0.7,10.2
Spencer Eason-Riddle,42747,LB,S CAROLINA,1,1,2.2,100.0,93.8,3.0,3.0,0,0,0,0.0,289,46.1,56.5,70.0,59.5,76.0,79.7,0,20,0.0,0,0,0,101.7,5,15,16,0,1,5,0,42,31,2.8,8.4
Osa Odighizuwa,42754,DI,UCLA,12,3,,,1.9,,,2,0,0,,324,58.9,80.8,41.8,79.1,80.6,63.9,0,,12.5,1,0,3,0.0,0,7,365,6,4,0,0,0,0,0.0,
Cameron Murray,42756,DI,OKLA STATE,13,0,,,0.9,,,0,0,0,,262,59.1,65.5,86.5,63.8,64.0,61.2,0,,50.0,1,0,0,0.0,0,3,348,4,1,0,0,0,0,0.0,
Carlos Becker III,42759,S,FLORIDA ST,9,2,13.7,66.7,88.8,19.8,13.2,0,0,0,0.0,167,54.4,62.0,0.0,81.6,73.1,81.2,0,34,0.0,0,0,3,137.5,4,87,98,2,7,6,2,58,22,0.7,14.5
Greg Ross,42760,CB,N CAROLINA,9,1,17.1,51.3,98.5,12.4,6.3,1,0,5,12.8,245,60.3,61.2,84.3,52.2,65.0,50.9,0,74,18.2,4,5,3,106.8,20,259,263,3,17,39,3,340,105,1.4,17.0
Nick Heninger,42766,ED,UTAH ST,13,0,1.8,80.0,14.8,6.8,5.4,0,0,1,20.0,329,58.3,67.6,86.1,68.5,64.9,29.2,0,12,40.0,2,1,0,85.0,4,27,182,7,3,5,0,22,18,0.8,5.5
Elijah Diarrassouba,42767,DI,APP STATE,13,0,,,1.1,,,0,0,0,,108,58.9,64.7,82.7,59.5,66.5,73.4,0,,50.0,1,0,0,0.0,0,2,184,2,1,0,0,0,0,0.0,
Lorenzo Dantzler,42768,ED,UTSA,12,0,6.3,100.0,4.4,2.7,2.7,0,0,1,33.3,331,60.8,70.9,38.5,70.2,70.7,79.1,0,20,16.7,1,0,2,118.8,3,8,182,8,5,3,0,40,21,5.0,13.3
Kailien Guillory,42769,ED,W MICHIGAN,13,0,-3.0,100.0,3.5,5.0,5.0,0,0,0,0.0,347,78.0,65.4,84.1,60.5,62.0,52.3,0,0,25.0,1,0,0,79.2,1,5,141,4,3,1,0,0,3,0.0,0.0
DeMarcus Lloyd,42778,LB,AKRON,1,1,,,66.7,,,0,0,0,,102,62.3,68.7,71.8,59.8,68.0,82.3,0,,0.0,0,0,0,0.0,0,2,3,0,0,0,0,0,0,0.0,
Aymiel Fleming,42780,DI,HOUSTON,12,0,,,0.4,,,0,0,0,,182,57.9,61.7,69.0,52.8,68.0,58.5,0,,0.0,0,0,2,0.0,0,1,275,0,1,0,0,0,0,0.0,
Bryson Young,42790,ED,OREGON,13,3,0.8,100.0,34.2,12.4,12.4,0,0,0,0.0,264,58.3,64.6,90.1,58.1,69.6,64.3,1,33,25.0,4,0,0,118.8,8,107,313,8,9,8,1,106,100,1.1,13.3
Jay Woods,42791,CB,S ALABAMA,2,0,38.0,100.0,100.0,5.0,5.0,0,0,0,0.0,288,48.4,39.3,73.7,,50.8,73.5,0,41,0.0,0,0,0,118.8,1,5,5,0,1,1,0,41,3,8.2,41.0
Donavan Lynch,42795,ED,ARMY,8,0,9.3,50.0,40.3,15.5,7.8,1,0,0,0.0,114,37.8,64.1,45.0,65.0,76.3,70.3,0,7,50.0,2,0,1,56.3,2,31,77,2,2,4,0,12,0,0.4,6.0
Ajani Kerr,42797,CB,GA TECH,5,0,8.7,72.7,92.3,7.1,5.2,0,0,1,9.1,176,52.0,63.3,85.4,56.5,80.6,79.0,0,21,0.0,0,0,0,95.3,8,60,65,2,6,11,0,86,46,1.5,10.8
Shaka Toney,42806,ED,PENN STATE,13,1,5.0,100.0,5.6,20.0,20.0,2,0,1,100.0,266,76.1,81.3,44.4,79.9,75.0,74.5,0,5,0.0,0,1,3,87.5,1,20,360,10,5,1,0,5,0,0.3,5.0
Marcus Strong,42814,CB,WASH STATE,13,4,10.8,65.1,98.0,10.3,6.7,0,0,5,7.9,341,70.8,69.3,57.6,62.9,63.0,48.5,2,86,18.4,9,4,6,113.9,41,447,456,11,36,63,5,670,350,1.6,16.3
Keeath Magee II,42816,LB,TEXAS A&M,1,0,1.7,100.0,100.0,3.0,3.0,0,0,0,0.0,312,35.6,30.1,71.7,,60.0,31.8,0,8,33.3,1,0,0,93.1,3,9,9,0,2,3,0,19,14,2.1,6.3
Mike Maskalunas,42820,LB,WISCONSIN,6,1,3.2,60.0,89.0,19.7,11.8,0,0,2,40.0,349,75.9,81.5,81.2,59.8,83.1,69.1,0,12,0.0,0,2,0,67.9,3,65,73,2,4,5,0,19,13,0.3,6.3
Jordan Fehr,42823,LB,APP STATE,14,6,5.9,74.2,84.0,17.7,13.1,0,2,2,6.5,108,63.7,65.0,61.1,69.2,63.0,68.2,1,19,15.2,5,2,1,80.3,23,431,513,8,22,31,0,222,90,0.5,9.7
Kendall Coleman,42826,ED,SYRACUSE,12,1,12.0,50.0,3.4,5.5,2.8,0,0,0,0.0,304,53.2,74.0,74.9,76.6,69.8,54.4,0,10,25.0,2,0,1,61.5,2,11,327,8,5,4,0,17,5,1.5,8.5
Chase Lucas,42833,CB,ARIZONA ST,13,0,11.1,70.0,98.8,8.1,5.7,0,2,6,8.6,110,60.3,61.6,86.0,58.2,65.9,58.6,1,45,13.5,7,4,0,91.8,49,416,421,17,45,70,1,548,196,1.4,11.2
Willie Baker,42835,ED,LA TECH,11,0,2.6,93.8,28.2,6.4,6.0,0,0,0,0.0,208,52.8,65.4,57.5,65.5,70.2,45.9,0,19,31.3,5,0,2,113.3,15,100,355,6,11,16,1,99,60,1.0,6.6
Paul Carothers,42836,LB,NAVY,12,0,12.2,66.7,66.4,16.3,10.9,0,0,0,0.0,237,44.1,56.6,35.4,63.9,63.8,68.3,0,24,45.5,5,0,1,135.0,6,101,152,6,6,9,1,87,23,0.9,14.5
Terrell Lewis,42845,ED,ALABAMA,11,1,7.7,66.7,13.7,18.0,12.0,0,0,0,0.0,103,62.0,79.7,69.9,85.9,68.4,37.3,0,15,33.3,3,0,2,93.8,2,41,299,7,5,3,0,26,8,0.7,13.0
Jordan Parker,42850,CB,OKLAHOMA,5,0,12.4,100.0,100.0,9.2,9.2,0,0,0,0.0,261,60.7,62.3,77.7,,66.9,57.8,0,27,20.0,1,0,0,158.3,5,48,48,1,4,5,2,65,11,1.4,13.0
Leni Toailoa,42858,LB,UCLA,11,2,8.6,76.5,69.5,11.2,8.6,0,0,1,5.9,324,40.9,53.1,88.7,55.0,66.9,55.3,0,28,23.1,3,1,0,104.8,13,157,226,5,8,17,0,159,67,1.1,12.2
Justus Rogers,42865,LB,WASH STATE,13,5,2.4,80.0,82.9,13.6,10.9,0,1,1,3.3,341,55.9,47.8,65.0,64.3,40.6,60.2,0,27,13.3,4,1,3,106.3,24,344,415,8,21,30,1,205,169,0.6,8.5
Omari Cobb,42867,LB,MARSHALL,13,2,3.4,79.4,82.4,13.7,10.9,1,0,1,2.9,214,76.0,71.0,61.1,60.7,66.4,76.1,1,23,14.7,5,1,1,103.4,27,393,477,15,27,34,2,240,192,0.7,8.9
Curtis Robinson,42871,LB,STANFORD,11,5,3.6,65.9,89.7,11.7,7.7,0,0,2,4.5,300,54.5,53.3,86.9,85.5,42.9,55.1,0,24,15.2,5,2,0,92.0,29,356,397,4,23,44,1,289,185,0.9,10.0
Avery Williams,42873,CB,BOISE ST,14,1,16.5,61.4,99.1,12.6,7.7,0,0,7,12.3,120,62.3,61.8,86.7,45.7,58.5,50.1,0,75,14.3,6,5,6,126.4,35,461,465,10,35,57,5,601,196,1.4,17.2
Jovonn Quillen,42874,CB,VA TECH,7,2,16.1,72.7,100.0,9.5,6.9,0,0,1,9.1,337,52.1,55.5,79.5,,75.0,68.9,0,33,14.3,1,0,1,145.1,8,81,81,0,4,11,1,150,35,2.0,18.8
Charles Oliver,42876,CB,TEXAS A&M,11,3,10.8,48.1,98.7,11.3,5.4,0,1,15,28.8,312,74.3,73.1,4.9,55.7,72.9,88.3,0,31,4.0,1,8,3,68.0,25,297,301,6,21,52,1,243,104,0.9,9.7
D.C. Williams,42880,CB,VANDERBILT,7,2,10.8,66.7,98.2,8.5,5.7,0,0,1,5.6,333,47.1,51.0,82.2,56.1,70.2,79.1,0,25,11.1,1,0,1,132.2,12,109,111,1,6,18,3,151,44,1.5,12.6
Logan Latin,42882,CB,LA MONROE,11,0,2.3,83.3,80.2,8.5,7.1,0,0,1,8.3,209,60.1,57.0,83.3,55.3,51.0,43.4,0,26,20.0,1,1,1,98.6,10,93,116,0,4,12,0,92,80,1.1,9.2
Troy Pride Jr.,42883,CB,NOTRE DAME,13,3,12.5,54.2,99.7,11.7,6.4,0,0,10,16.9,258,67.7,68.5,86.4,58.3,68.9,67.7,1,50,14.8,4,6,4,86.6,32,388,389,5,20,59,4,337,101,0.9,10.5
Jarrion Street,42887,CB,UAB,1,0,7.0,100.0,93.1,6.3,6.3,0,0,0,0.0,321,55.3,54.7,77.8,74.1,45.4,67.9,0,16,0.0,0,0,1,106.3,4,27,29,1,4,4,0,38,10,1.5,9.5
Grant Morgan,42888,LB,ARKANSAS,10,1,3.8,50.0,77.6,12.0,6.0,0,0,1,12.5,111,47.8,65.7,79.4,65.0,74.8,52.4,0,16,33.3,2,0,0,68.2,4,52,67,1,3,8,0,47,30,1.0,11.8
Kristian Fulton,42894,CB,LSU,15,4,14.3,44.1,98.2,16.7,7.4,0,1,20,29.4,211,86.9,84.7,87.6,45.2,64.5,68.1,1,55,6.5,2,13,6,74.9,30,536,546,5,25,68,3,449,144,0.9,15.0
Jahad Woods,42896,LB,WASH STATE,13,11,3.5,71.9,87.1,8.8,6.3,0,0,2,3.5,341,46.1,61.8,85.9,72.0,67.3,69.3,1,94,15.6,7,2,0,107.6,41,379,435,15,27,57,3,484,329,1.3,11.8
Kylan Stribling,42902,S,MIDDLE TN,9,2,8.1,73.7,94.6,9.6,7.1,0,0,5,26.3,224,75.6,72.6,85.7,53.8,66.0,68.0,1,28,11.1,2,2,1,88.9,14,139,147,6,14,19,1,136,70,1.0,9.7
Lorenzo Burns,42903,CB,ARIZONA,12,3,12.0,64.1,99.7,9.2,5.9,0,0,6,9.4,109,77.2,75.2,86.3,59.7,61.5,78.2,4,66,9.5,4,6,3,74.7,41,398,399,7,35,64,2,536,244,1.4,13.1
Daylon Johnson,42904,S,NEVADA,5,0,14.6,60.0,100.0,15.7,9.4,0,0,0,0.0,239,52.4,54.3,79.6,,60.0,82.6,0,30,0.0,0,0,0,141.7,3,49,49,0,2,5,1,60,26,1.3,20.0
Rachuan Mitchell,42909,CB,SO MISS,12,0,15.0,53.7,95.5,13.2,7.1,0,0,10,18.5,296,67.7,68.3,86.1,60.0,67.5,77.8,2,35,8.7,2,9,3,83.0,29,401,420,3,21,54,3,429,123,1.1,14.8
Deon Edwards,42912,ED,ARKANSAS,2,0,29.0,0.0,80.0,,4.0,0,0,0,0.0,111,42.9,53.3,77.3,60.0,62.7,77.4,0,,,0,0,0,39.6,0,4,5,0,0,1,0,0,0,0.0,
Dicaprio Bootle,42913,CB,NEBRASKA,12,8,10.6,56.8,98.5,15.8,9.0,1,1,7,15.9,238,69.2,68.8,87.0,59.2,64.3,56.3,0,26,11.5,3,5,2,113.4,25,406,412,3,15,44,7,257,94,0.7,10.3
Jahsen Wint,42914,LB,OHIO STATE,5,0,23.0,66.7,100.0,15.0,10.0,0,0,0,0.0,260,55.6,60.6,0.0,71.3,70.0,83.2,0,41,0.0,0,0,1,109.7,2,32,32,1,2,3,0,67,27,2.2,33.5
Kobe Burse,42924,LB,MIAMI OH,12,2,3.2,84.6,90.6,10.4,8.8,0,0,0,0.0,221,72.1,73.8,81.3,46.4,77.0,67.9,0,15,25.0,4,0,0,89.7,11,125,138,6,10,13,0,72,40,0.6,6.5
Travon Fuller,42926,CB,TEXAS A&M,5,0,17.3,66.7,100.0,11.5,7.7,1,0,0,0.0,312,56.8,57.4,74.7,,60.3,79.5,0,27,0.0,0,0,1,149.3,2,24,24,1,2,3,1,42,1,1.8,21.0
P.J. Hall,42928,S,TULANE,13,2,8.9,52.5,98.4,11.3,5.9,0,0,7,11.5,319,71.0,75.3,21.8,61.5,88.1,90.6,2,55,9.1,3,5,4,85.8,32,378,384,12,28,61,5,386,243,1.1,12.1
Nigel Warrior,42930,S,TENNESSEE,13,3,11.8,50.0,99.3,28.9,14.4,0,0,9,32.1,307,88.9,90.1,90.1,79.0,85.1,90.4,4,43,5.7,2,8,3,54.8,14,429,432,9,30,28,2,180,49,0.4,12.9
Jaylon McClain-Sapp,42931,CB,MARSHALL,11,2,22.6,20.0,100.0,42.0,8.4,0,0,6,30.0,214,73.5,68.5,9.9,,39.0,45.1,1,50,14.3,1,3,2,44.8,4,174,174,2,4,20,1,105,14,0.6,26.3
Chris Tooley,42936,CB,FAU,14,0,12.8,46.0,96.9,14.3,6.6,3,2,14,22.2,165,80.5,74.9,24.6,57.7,51.5,56.6,1,46,4.5,1,11,7,64.1,29,440,454,6,21,63,1,377,115,0.9,13.0
Kiondre Thomas,42937,CB,MINNESOTA,13,0,11.6,60.0,100.0,11.3,6.8,0,0,1,4.0,225,60.8,60.7,83.3,,58.0,69.2,1,37,18.8,3,1,2,66.8,15,179,179,1,13,25,0,188,36,1.1,12.5
Jamar Watson,42938,ED,KENTUCKY,13,1,0.6,92.9,38.4,7.8,7.3,0,0,0,0.0,202,76.2,81.6,69.7,89.5,66.6,49.9,0,20,26.7,4,0,1,89.9,13,107,279,13,10,14,0,78,67,0.8,6.0
Jacobi Francis,42941,CB,MEMPHIS,14,0,11.1,44.8,98.3,12.3,5.5,2,0,9,15.5,218,60.1,63.8,86.3,52.4,78.8,80.6,1,38,4.3,1,9,7,67.3,26,349,355,4,22,58,2,328,95,1.0,12.6
Jordan Happle,42942,S,BOISE ST,5,1,7.1,60.0,100.0,19.4,11.7,0,1,2,13.3,120,71.0,72.9,84.3,,74.6,58.7,0,22,21.4,3,2,0,96.8,9,184,184,5,10,15,1,81,40,0.5,9.0
Chris Brown,42952,S,TEXAS,10,1,5.6,56.8,88.8,12.0,6.8,0,0,0,0.0,311,75.6,66.1,14.5,57.0,49.5,40.4,1,75,18.9,7,0,2,73.5,25,309,348,7,29,44,1,274,155,0.9,11.0
Coney Durr,42953,CB,MINNESOTA,13,0,10.6,48.9,98.4,12.5,6.1,0,1,10,21.3,225,70.8,72.8,84.0,52.4,79.0,58.8,1,20,18.2,4,10,0,61.5,23,301,306,5,18,47,1,230,95,0.8,10.0
Noah Burks,42956,ED,WISCONSIN,14,1,4.9,57.1,34.1,12.8,7.3,0,1,2,14.3,349,68.5,65.3,24.3,56.5,72.8,46.2,1,13,40.0,6,2,5,62.5,8,110,323,9,8,14,1,63,31,0.6,7.9
Thomas Pickens,42970,S,MEMPHIS,14,3,5.4,86.4,78.1,9.6,8.3,1,0,0,0.0,218,58.4,58.1,89.0,77.5,47.1,59.7,1,36,20.0,3,0,4,93.0,19,193,247,7,9,22,0,239,130,1.3,12.6
Elias Reynolds,42976,LB,PITTSBURGH,3,0,11.0,0.0,72.3,,43.0,0,0,0,0.0,268,65.3,64.6,80.4,64.2,57.8,57.3,0,,33.3,1,0,0,39.6,0,47,65,2,2,1,0,0,0,0.0,
Jared Dorsa,42981,LB,OHIO,11,9,6.7,64.5,80.5,13.3,8.6,0,1,3,9.7,259,58.6,63.8,86.3,57.5,66.7,60.9,0,41,19.0,4,3,0,110.0,20,285,354,3,8,31,2,243,108,0.9,12.2
Will Evans,42984,ED,OHIO,13,0,4.0,100.0,6.4,9.0,9.0,0,0,0,0.0,259,57.0,64.8,40.3,66.8,64.5,45.7,0,6,33.3,1,0,3,91.7,2,19,295,2,2,2,0,12,4,0.7,6.0
Isaac Garcia,42988,ED,OREGON ST,6,0,,,1.6,,,0,0,0,,265,70.6,67.2,80.6,58.8,66.8,71.9,0,,0.0,0,0,0,0.0,0,1,61,1,1,0,0,0,0,0.0,
Dylan Silcox,42991,LB,RICE,4,0,,,81.0,,,0,0,0,,275,70.2,57.0,86.1,54.2,44.6,48.9,0,,0.0,0,0,0,0.0,0,17,21,1,1,0,0,0,0,0.0,
Khalid Kareem,42993,ED,NOTRE DAME,13,2,,,0.3,,,0,0,0,,258,62.1,85.0,39.9,86.6,78.3,43.6,0,,20.0,1,0,3,0.0,0,1,310,6,2,0,0,0,0,0.0,
Amadeo West,42997,ED,ARMY,3,0,3.0,100.0,32.8,9.5,9.5,0,0,0,0.0,114,64.8,64.0,25.8,61.8,65.0,83.2,0,6,0.0,0,0,1,91.7,2,20,61,2,5,2,0,12,6,0.6,6.0
JoVanni Stewart,43001,CB,W VIRGINIA,4,1,8.5,72.7,93.1,11.3,8.2,0,0,1,9.1,343,69.3,70.3,83.8,59.4,70.4,66.2,0,39,25.0,2,1,0,91.5,8,95,102,2,5,11,0,76,58,0.8,9.5
Myles Reid,43006,LB,MIAMI OH,13,5,4.6,76.9,87.6,12.0,9.2,0,1,1,2.6,221,66.4,70.5,61.1,69.6,70.8,51.7,0,29,19.4,7,1,1,93.9,30,376,429,12,24,39,0,259,142,0.7,8.6
Damon Hayes,43007,CB,RUTGERS,12,0,14.0,45.2,97.7,11.4,5.2,2,2,5,8.1,278,62.9,59.4,53.4,55.0,48.2,57.7,2,58,13.0,3,4,7,61.1,28,341,349,6,20,62,2,358,135,1.1,12.8
Sci Martin Jr.,43008,ED,MISSOURI,1,0,,,50.0,,,0,0,0,,229,60.0,63.7,75.0,59.6,63.4,29.9,0,,,0,0,0,0.0,0,1,2,0,0,0,0,0,0,0.0,
James King,43009,ED,AKRON,2,0,-1.0,50.0,57.1,4.0,2.0,0,0,0,0.0,102,71.6,68.0,80.4,53.5,65.1,61.3,0,7,0.0,0,0,0,58.3,1,4,7,1,1,2,0,7,5,1.8,7.0
Korey Charles,43011,CB,MISS STATE,3,0,-2.0,100.0,100.0,7.0,7.0,0,0,0,0.0,227,83.1,76.7,0.0,,60.0,78.2,0,3,0.0,0,0,1,79.2,1,8,8,2,3,1,0,3,5,0.4,3.0
Elijah Hamilton,43012,CB,VANDERBILT,2,0,20.0,50.0,87.5,6.0,3.0,0,0,0,0.0,333,57.8,69.5,73.8,70.9,77.6,78.2,0,7,0.0,0,0,0,58.3,1,7,8,0,1,2,0,7,3,1.2,7.0
Tyler Gilchrist,43020,CB,AKRON,1,0,5.6,80.0,100.0,2.5,2.0,0,0,0,0.0,102,32.9,35.9,79.7,,61.5,75.1,0,12,0.0,0,0,0,137.1,4,10,10,0,1,5,1,37,20,3.7,9.3
Jonathon Cooper,43021,ED,OHIO STATE,4,0,,,2.8,,,0,0,0,,260,60.2,69.7,27.3,74.8,62.5,39.9,0,,,0,0,1,0.0,0,2,72,0,0,0,0,0,0,0.0,
Marquel Dismuke,43025,S,NEBRASKA,12,5,14.1,46.4,97.2,28.5,13.3,0,1,7,25.0,238,73.9,73.4,87.4,54.1,70.9,67.3,0,36,20.0,6,4,1,66.1,13,382,393,5,19,28,0,170,58,0.5,13.1
Caleb Kelly,43026,LB,OKLAHOMA,4,1,20.0,0.0,88.3,,49.0,0,0,0,0.0,261,60.4,52.6,0.0,59.9,48.4,40.0,0,,50.0,1,0,1,39.6,0,53,60,0,0,1,0,0,0,0.0,
Shawn Jennings,43027,LB,S ALABAMA,5,2,0.2,100.0,96.6,9.3,9.3,0,0,0,0.0,288,71.4,66.7,79.5,78.2,55.0,44.4,0,10,20.0,2,0,0,87.5,6,57,59,4,6,6,0,30,29,0.5,5.0
Tyree Rodgers,43031,S,VA TECH,6,0,12.0,33.3,100.0,30.0,10.0,0,0,0,0.0,337,52.1,54.3,76.3,,60.9,40.9,0,12,,0,0,0,46.5,1,31,31,0,0,3,0,12,1,0.4,12.0
Gage Kreski,43047,S,C MICHIGAN,11,2,5.4,66.7,99.3,21.5,14.3,0,0,0,0.0,134,63.8,71.0,83.3,58.6,84.5,59.7,2,18,21.4,3,0,0,82.9,6,137,138,1,9,9,1,60,30,0.5,10.0
Brandon Jones,43049,S,TEXAS,12,3,9.2,71.9,94.6,11.1,8.0,0,1,4,7.0,311,76.5,74.3,90.3,64.9,62.3,68.0,2,27,10.4,7,4,2,114.5,41,470,497,14,57,57,7,377,153,0.8,9.2
Elan Nash,43051,S,NAVY,13,0,14.6,80.0,83.7,18.4,14.7,0,0,1,10.0,237,61.3,65.9,88.0,61.9,77.3,80.1,0,51,14.3,2,1,0,118.8,8,149,178,5,12,10,0,155,42,1.1,19.4
Drake Spears,43054,LB,W MICHIGAN,13,4,3.0,80.5,88.1,11.8,9.5,0,1,3,7.3,347,73.0,59.3,61.4,54.5,50.7,71.4,2,30,6.9,2,3,1,92.8,33,413,469,11,23,41,2,297,192,0.8,9.0
Jared Mayden,43058,S,ALABAMA,12,5,8.1,60.6,97.6,21.0,12.7,0,1,4,12.1,103,80.1,79.7,87.8,65.0,76.0,73.8,4,34,15.8,6,3,0,50.3,20,449,460,4,27,33,1,215,125,0.5,10.8
Jamal Hicks,43062,S,COLO STATE,12,4,8.0,74.1,94.5,15.5,11.5,1,0,3,11.1,144,69.1,67.5,86.6,69.9,62.1,83.1,0,31,8.1,3,2,3,130.1,20,329,348,12,30,27,5,173,54,0.6,8.7
Jaron Bryant,43064,CB,FRESNO ST,12,3,13.5,60.6,99.6,10.5,6.4,0,2,9,12.7,169,75.2,73.5,87.1,56.2,58.0,59.4,1,62,9.3,4,7,1,94.6,43,473,475,10,36,71,5,417,82,0.9,9.7
Jestin Morrow,43067,CB,MARSHALL,1,0,,,100.0,,,0,0,0,,214,60.0,61.5,68.6,,60.5,,0,,,0,0,0,0.0,0,1,1,0,0,0,0,0,0,0.0,
Brady Breeze,43073,S,OREGON,14,3,9.4,53.6,100.0,17.6,9.4,0,0,5,17.9,264,86.9,84.7,85.8,,75.6,71.1,2,22,7.4,2,1,1,33.8,15,283,283,7,22,28,0,113,63,0.4,7.5
Vernon Scott,43076,S,TCU,10,1,13.5,51.4,98.7,15.5,8.0,0,1,7,20.0,305,84.7,75.9,43.7,67.8,56.5,58.6,1,63,15.0,3,7,2,76.6,18,296,300,4,16,35,1,286,143,1.0,15.9
Tre Webb,43077,S,S JOSE ST,12,0,15.0,53.8,98.5,27.4,14.8,0,0,3,11.5,285,65.5,66.2,86.3,54.9,65.5,62.6,1,71,31.8,7,2,2,89.6,14,399,405,2,15,26,1,286,113,0.7,20.4
Kobe Marfo,43083,CB,RUTGERS,1,0,6.0,100.0,100.0,3.3,3.3,0,0,0,0.0,278,61.5,62.0,72.6,,60.0,77.9,0,8,0.0,0,0,0,94.4,3,11,11,0,3,3,0,20,2,2.0,6.7
Taji Stewart,43084,ED,S ALABAMA,3,0,-2.0,75.0,43.1,7.3,5.5,0,0,0,0.0,288,66.3,71.9,86.2,68.4,70.0,65.0,0,6,0.0,0,0,0,77.1,3,22,51,3,4,4,0,7,20,0.3,2.3
Tim Hart,43085,LB,MEMPHIS,14,3,4.4,56.3,81.8,18.6,10.4,0,0,2,12.5,218,52.0,60.8,81.5,76.2,60.5,66.7,0,16,11.1,1,1,0,114.6,9,175,214,5,5,16,2,100,70,0.6,11.1
Moses Reynolds,43090,CB,TEXAS A&M,2,0,9.3,66.7,94.7,9.0,6.0,0,0,0,0.0,312,64.2,64.1,73.5,60.0,60.0,77.0,0,4,0.0,0,0,0,70.1,2,18,19,2,2,3,0,4,8,0.2,2.0
Brandon Hill,43098,LB,DUKE,9,3,2.4,68.8,82.4,16.7,11.5,0,0,1,6.3,154,71.7,72.1,37.8,72.5,67.6,50.3,0,17,11.1,2,1,1,81.5,11,196,238,8,13,16,0,85,71,0.5,7.7
D.J. Morgan,43099,LB,UCONN,10,1,6.4,54.5,79.1,32.0,17.5,0,2,4,36.4,146,67.2,54.6,87.2,75.4,40.0,52.3,0,12,41.7,5,3,0,92.6,6,201,254,4,6,11,1,39,20,0.2,6.5
Travis Whillock,43100,S,NWESTERN,11,3,8.1,83.3,96.7,18.1,15.0,1,0,0,0.0,256,61.4,70.2,87.0,66.4,81.9,82.3,0,32,13.3,4,0,1,140.6,20,383,396,7,23,24,4,198,52,0.5,9.9
Kevin Meitzenheimer,43102,LB,UTAH ST,13,3,2.6,73.2,86.5,13.3,9.8,0,0,0,0.0,329,49.2,48.6,66.5,55.3,50.2,65.4,1,77,24.2,8,0,1,91.8,30,422,488,5,22,41,0,383,343,1.0,12.8
Shane Simmons,43103,ED,PENN STATE,13,0,3.5,100.0,9.1,6.5,6.5,0,0,0,0.0,266,67.1,66.1,84.9,56.9,69.4,82.8,0,12,0.0,0,0,0,93.8,2,13,143,4,4,2,0,13,6,1.0,6.5
DJ Daniels,43105,S,S ALABAMA,12,2,10.9,64.9,99.6,11.3,7.4,0,1,1,2.7,288,50.7,55.5,88.7,60.0,64.2,59.3,0,67,14.7,5,1,1,133.5,24,284,285,9,27,37,4,367,157,1.3,15.3
Donta Evans,43108,LB,OLE MISS,12,0,3.3,76.9,93.0,9.8,7.5,0,0,1,3.8,226,46.9,52.0,82.6,67.2,55.8,55.7,2,26,26.7,4,0,0,66.8,20,200,215,3,11,26,0,204,154,1.0,10.2
Devin Gil,43111,LB,MICHIGAN,6,1,-0.3,100.0,85.7,6.0,6.0,0,0,0,0.0,222,64.8,77.0,74.7,69.2,78.8,83.0,0,10,0.0,0,0,0,81.9,3,18,21,1,1,3,0,11,12,0.6,3.7
Brock Miller,43112,LB,NC STATE,12,2,7.1,82.6,64.7,8.2,6.7,0,0,1,4.3,248,38.9,45.7,86.2,51.8,52.7,40.2,0,74,31.3,5,1,1,145.7,19,161,249,5,9,23,2,276,145,1.8,14.5
Martin Mangram,43114,S,UMASS,12,2,9.8,88.0,98.7,10.4,9.2,0,0,0,0.0,216,50.8,51.7,86.3,66.2,51.5,55.3,0,85,9.1,2,0,0,156.6,22,233,236,2,18,25,7,302,153,1.3,13.7
Chanse Sylvie,43115,CB,OKLAHOMA,4,0,8.8,100.0,89.2,6.4,6.4,0,0,0,0.0,261,46.7,46.2,79.7,53.9,51.7,79.6,0,25,0.0,0,0,0,158.3,5,33,37,1,3,5,1,89,51,2.8,17.8
Marquill Osborne,43116,CB,CHARLOTTE,13,2,13.4,51.0,97.6,11.8,6.0,1,1,14,27.5,136,69.6,74.8,85.5,61.0,88.5,59.0,3,58,33.3,7,7,4,84.8,26,323,331,5,12,51,5,392,170,1.3,15.1
Benny Walls,43119,S,TEMPLE,9,4,9.5,52.9,98.2,27.8,14.7,0,0,1,5.9,306,88.0,74.4,84.8,66.7,50.1,56.3,2,19,11.1,2,1,1,22.8,9,266,271,3,12,17,0,66,47,0.3,7.3
Trey Chapman,43128,CB,GA STATE,2,0,15.0,0.0,100.0,,2.0,0,0,0,0.0,175,63.2,63.5,64.3,,,,0,,,0,0,0,39.6,0,3,3,0,0,1,0,0,0,0.0,
Alijah Halliburton,43139,S,WYOMING,13,9,7.9,66.7,92.8,19.7,13.1,0,0,2,5.6,351,56.2,69.9,63.1,72.9,83.8,87.1,2,36,15.0,6,1,2,75.7,24,493,531,7,25,36,1,276,148,0.6,11.5
Evan Jones,43140,CB,GA STATE,11,2,15.3,73.7,96.1,8.0,5.9,1,0,2,10.5,175,50.9,59.3,81.8,92.6,72.5,73.4,0,54,13.3,2,1,2,133.1,14,122,127,3,11,19,1,262,85,2.3,18.7
Sean Mahone,43146,S,W VIRGINIA,12,5,9.1,71.4,98.6,20.0,14.3,0,0,2,7.1,343,73.1,75.4,87.7,64.1,76.5,75.3,1,31,12.9,4,2,0,116.5,20,418,424,7,22,28,4,203,57,0.5,10.2
Keyvone Bruton,43150,S,TEMPLE,9,0,9.3,33.3,98.2,51.0,17.0,1,1,1,33.3,306,61.5,62.6,78.9,59.7,64.0,81.5,0,22,0.0,0,1,1,60.4,1,54,55,0,2,3,0,22,1,0.4,22.0
Tuf Borland,43158,LB,OHIO STATE,14,3,4.1,80.0,88.4,15.5,12.4,0,1,1,6.7,260,66.3,74.7,38.5,65.2,78.5,70.2,1,34,7.7,1,1,1,70.6,12,191,216,5,9,15,0,114,85,0.6,9.5
Brennan Thieneman,43166,S,PURDUE,12,2,14.4,42.9,98.6,31.8,13.6,0,2,2,14.3,273,55.9,58.9,85.0,57.4,62.7,64.1,0,45,11.1,2,1,0,103.3,6,204,207,1,14,14,1,140,72,0.7,23.3
Tristan Cooper,43171,S,ARIZONA,11,5,8.9,70.0,95.0,8.8,6.2,0,0,3,6.0,109,66.4,63.1,88.1,69.1,55.2,86.1,0,41,3.6,1,3,0,117.8,35,325,342,10,22,50,4,369,142,1.2,10.5
Ka'Darian Smith,43174,CB,HOUSTON,4,1,14.3,75.0,100.0,9.7,7.3,0,0,1,8.3,182,54.8,55.2,80.2,,58.1,46.5,0,56,20.0,2,0,0,156.3,9,89,89,1,7,12,2,195,89,2.2,21.7
Jack King,43178,ED,ARMY,5,0,4.5,50.0,53.8,7.0,3.5,0,0,0,0.0,114,54.2,64.9,78.8,63.3,71.5,77.4,0,10,0.0,0,0,0,64.6,1,7,13,0,1,2,0,10,4,1.4,10.0
Justin Clark,43185,CB,TOLEDO,2,0,9.0,25.0,100.0,14.0,3.5,0,0,0,0.0,316,50.3,52.9,73.6,,64.7,73.5,0,22,,0,0,0,50.0,1,15,15,0,0,4,0,22,10,1.6,22.0
Nolan Turner,43187,S,CLEMSON,15,5,14.0,58.8,97.8,15.5,9.1,0,2,8,23.5,140,73.9,71.5,86.7,51.1,65.0,50.1,2,79,19.0,4,7,0,86.9,20,317,324,3,12,34,2,332,154,1.1,16.6
Ryan McWood,43189,LB,MIAMI OH,13,3,6.4,71.4,89.6,14.7,10.5,0,0,3,10.7,221,37.7,53.1,83.6,64.6,62.3,56.7,0,43,25.8,8,3,1,102.8,20,309,345,6,20,28,0,277,137,0.9,13.9
Amir Tyler,43191,S,TEMPLE,11,0,12.2,43.8,99.0,20.4,8.9,0,1,9,28.1,306,71.3,71.3,87.2,67.4,67.2,51.7,0,36,13.0,3,9,3,67.8,14,302,305,6,20,32,1,145,60,0.5,10.4
Akeam Peters,43193,S,KENT STATE,12,0,12.3,70.0,98.2,29.0,20.3,1,0,0,0.0,201,70.4,65.7,35.5,56.1,58.5,73.1,0,21,0.0,0,0,2,86.7,7,223,227,4,16,10,0,63,20,0.3,9.0
Isaiah Hayes,43194,S,LOUISVILLE,10,2,10.5,87.5,98.9,12.6,11.0,0,0,0,0.0,210,46.4,47.5,81.7,66.1,47.9,27.8,0,24,33.3,4,0,0,150.5,7,89,90,2,6,8,1,85,25,1.0,12.1
Quincy Lenton,43195,S,FLORIDA,2,0,,,100.0,,,0,0,0,,163,51.9,52.8,74.6,,56.8,27.4,0,,,0,0,0,0.0,0,16,16,0,0,0,0,0,0,0.0,
Richie Grant,43196,S,UCF,12,5,9.6,57.1,98.1,18.6,10.6,0,2,8,19.0,323,64.0,69.2,58.4,54.5,79.4,67.3,1,63,22.5,9,6,1,83.4,24,471,480,10,26,42,2,280,123,0.6,11.7
Korel Smith,43201,CB,FAU,5,0,13.3,100.0,93.8,11.3,11.3,0,0,0,0.0,165,57.1,54.5,0.0,59.9,57.2,48.5,0,29,50.0,2,0,1,158.3,4,45,48,0,2,4,1,67,16,1.5,16.8
Jordan Griffin,43205,S,KENTUCKY,12,5,8.3,65.4,97.6,18.0,11.8,1,0,3,11.5,202,67.7,62.8,87.7,65.4,43.8,40.9,2,30,16.7,3,3,1,75.2,17,322,330,4,10,26,1,236,87,0.8,13.9
Max McDonald,43210,LB,COLO STATE,11,4,5.0,100.0,86.0,13.6,13.6,0,0,0,0.0,144,52.4,50.6,81.1,56.7,51.4,76.5,0,29,16.7,1,0,0,110.8,5,74,86,1,1,5,0,53,28,0.8,10.6
Chima Azunna,43211,S,IOWA STATE,11,2,7.4,75.0,91.7,14.7,11.0,0,0,0,0.0,193,80.1,74.9,81.5,74.7,54.5,49.7,0,50,12.5,2,0,0,156.3,6,88,96,3,12,8,1,118,76,1.3,19.7
John Lamot,43215,LB,BOSTON COL,12,5,4.8,73.0,81.2,12.3,9.0,0,2,2,5.4,121,48.4,51.0,86.8,70.5,48.0,39.9,0,28,24.4,10,2,0,100.3,27,346,426,5,26,37,1,252,189,0.8,9.3
Daniel Bituli,43219,LB,TENNESSEE,11,2,3.5,81.8,85.6,9.0,7.3,1,0,3,9.1,307,56.6,62.2,0.0,76.4,68.0,71.7,0,26,15.4,4,2,7,112.0,27,256,299,10,20,33,1,279,205,1.2,10.3
Kaiden Smith,43224,S,APP STATE,9,1,7.1,37.5,100.0,25.0,9.4,0,1,2,25.0,108,68.2,67.6,82.8,,62.4,61.6,0,12,10.0,1,2,2,45.8,3,81,81,3,8,8,0,22,11,0.3,7.3
Chase Pine,43225,LB,PITTSBURGH,11,0,,,75.9,,,0,1,1,,268,76.4,66.0,78.5,62.0,54.2,49.8,0,,50.0,3,1,0,0.0,0,88,116,2,3,0,0,0,0,0.0,
Gil Barksdale,43230,S,VANDERBILT,1,0,,,100.0,,,0,0,1,,333,62.3,58.2,75.5,,51.8,28.6,0,,100.0,1,0,0,0.0,0,15,15,0,0,0,0,0,0,0.0,
Lawrence Garner,43233,LB,DOMINION,12,2,1.8,82.1,88.1,9.4,7.7,0,0,2,5.1,263,63.2,59.8,30.1,63.5,58.0,59.9,0,22,24.3,9,2,2,106.3,32,317,360,18,26,39,1,291,259,1.0,9.1
Corey Hightower,43234,S,NEW MEXICO,1,0,8.0,100.0,100.0,2.0,2.0,0,0,0,0.0,241,43.6,39.4,67.3,,60.0,,0,2,,0,0,0,118.8,1,2,2,0,0,1,1,2,0,1.0,2.0
Andrew Wright,43235,ED,FRESNO ST,7,0,1.5,100.0,30.3,12.5,12.5,0,0,0,0.0,169,61.8,37.6,0.0,56.0,28.9,26.9,0,13,0.0,0,0,2,95.8,2,27,89,0,1,2,0,14,11,0.6,7.0
Walter Little,43236,LB,NAVY,6,1,0.0,100.0,71.4,45.0,45.0,0,0,0,0.0,237,68.9,63.2,81.8,77.4,48.7,29.0,0,5,0.0,0,0,0,87.5,1,45,63,2,2,1,0,5,5,0.1,5.0
Eric Monroe,43239,S,LSU,10,0,1.5,100.0,98.0,23.5,23.5,0,0,0,0.0,211,47.1,51.9,79.2,58.6,68.3,80.4,0,8,0.0,0,0,0,81.3,2,49,50,2,3,2,0,7,4,0.1,3.5
Chris Henderson,43249,ED,S ALABAMA,12,1,2.3,100.0,53.7,10.9,10.9,0,0,0,0.0,288,61.7,59.2,89.3,60.0,55.0,54.4,0,19,0.0,0,0,0,106.0,7,80,149,1,5,7,0,66,50,0.9,9.4
Joe Bachie,43250,LB,MICH STATE,8,8,3.6,89.5,83.6,14.0,12.5,0,0,3,15.8,223,74.0,79.9,84.9,65.7,79.1,67.7,1,23,11.5,3,3,0,89.7,17,254,304,8,15,19,1,125,66,0.5,7.4
C.J. Pollard,43251,S,USC,8,0,6.4,100.0,94.9,4.8,4.8,0,1,0,0.0,326,39.9,47.9,0.0,71.8,68.9,66.1,0,56,12.5,1,0,1,158.3,11,56,59,1,7,11,2,210,140,4.0,19.1
Cam Jones,43257,S,ARMY,4,1,5.9,57.1,100.0,14.3,8.1,0,0,1,7.1,114,51.6,58.5,82.9,,72.9,40.9,1,25,35.7,5,1,1,45.5,8,119,119,3,8,14,0,86,51,0.8,10.8
DeMarkus Glover,43258,LB,AKRON,9,0,4.7,70.0,85.3,12.6,8.8,0,0,1,10.0,102,62.5,55.5,77.3,52.9,51.5,70.0,1,18,0.0,0,1,0,78.3,7,93,109,0,6,10,1,58,37,0.7,8.3
Braxton Gunther,43264,S,UTAH ST,1,0,,,100.0,,,0,0,0,,329,65.4,65.7,73.3,,60.6,75.1,0,,0.0,0,0,0,0.0,0,8,8,0,1,0,0,0,0,0.0,
Simeon Smiley,43267,CB,PURDUE,12,3,7.7,64.9,96.8,13.1,8.5,0,1,6,16.2,273,72.0,71.5,89.0,72.8,64.2,51.6,1,72,24.1,7,5,2,110.8,24,330,341,8,19,37,4,265,176,0.8,11.0
Jeffrey McCulloch,43269,LB,TEXAS,10,1,5.1,93.8,70.7,9.5,8.9,0,0,1,6.3,311,58.5,57.3,42.7,59.8,56.8,69.5,0,44,25.0,3,1,1,110.4,15,147,208,4,8,16,0,168,100,1.2,11.2
Anthony Ekpe,43280,ED,RICE,8,0,6.0,100.0,20.6,10.7,10.7,1,0,0,0.0,275,53.3,67.6,57.8,70.1,68.6,59.1,0,14,20.0,1,0,1,109.7,3,33,160,3,4,3,0,31,13,1.0,10.3
Josh Perry,43283,CB,MEMPHIS,3,1,10.0,0.0,85.7,,12.0,0,0,0,0.0,218,66.8,60.8,73.9,58.0,50.1,28.4,0,,0.0,0,0,0,39.6,0,12,14,0,0,1,0,0,0,0.0,
Treyvon Reeves,43286,LB,TULSA,8,0,3.2,100.0,91.4,8.3,8.3,0,0,0,0.0,320,62.7,63.8,0.0,47.8,73.4,54.1,0,14,42.9,3,0,1,93.8,6,53,58,3,4,6,0,39,20,0.8,6.5
Donte Vaughn,43287,CB,NOTRE DAME,10,1,13.8,33.3,100.0,20.3,6.8,0,0,8,38.1,258,73.1,70.0,82.5,,53.5,67.8,0,38,11.1,1,4,1,85.6,7,151,151,0,7,21,2,121,34,0.9,17.3
Jamel Cook,43290,S,S CAROLINA,1,0,15.5,50.0,100.0,19.0,9.5,0,0,0,0.0,289,37.5,34.7,75.3,,49.5,27.7,0,6,0.0,0,0,0,56.3,1,19,19,0,1,2,0,6,6,0.3,6.0
Damar Hamlin,43291,CB,PITTSBURGH,12,5,9.3,53.5,99.6,11.5,6.2,0,1,13,18.3,268,65.4,67.1,0.0,72.4,76.4,66.8,1,45,14.3,9,11,8,65.8,38,465,467,11,49,71,0,425,207,1.0,11.2
Isaiah Stallings,43293,LB,NC STATE,2,0,4.0,100.0,100.0,11.0,11.0,0,0,0,0.0,248,65.9,68.5,76.0,,66.3,75.1,0,7,0.0,0,0,0,95.8,1,11,11,0,1,1,0,7,3,0.6,7.0
Sion Harrington,43296,LB,NAVY,3,0,2.0,100.0,75.0,9.0,9.0,0,0,0,0.0,237,71.9,73.6,73.4,65.1,67.7,70.6,0,2,33.3,1,0,0,79.2,1,9,12,1,2,1,0,2,0,0.2,2.0
Braden Smith,43298,S,WYOMING,9,2,6.8,66.7,96.6,22.5,15.0,0,0,0,0.0,351,52.6,53.6,83.9,54.9,58.7,40.3,1,75,30.0,3,0,0,109.7,6,140,145,0,5,9,2,187,148,1.4,31.2
Micahh Smith,43299,CB,ARKANSAS,8,2,9.3,78.9,87.0,5.5,4.4,0,0,0,0.0,111,52.8,59.9,84.2,58.6,77.1,69.3,0,30,18.2,2,0,0,143.6,15,87,100,2,7,19,2,191,98,2.3,12.7
Eli Sullivan,43304,S,NEBRASKA,9,0,5.4,75.0,100.0,7.7,5.8,0,0,1,12.5,238,63.4,46.9,85.7,,25.9,24.8,0,23,37.5,3,1,0,138.5,6,46,46,2,5,8,1,66,36,1.4,11.0
Larry Bryant,43306,ED,TULANE,7,0,17.5,25.0,56.3,27.0,6.8,0,0,3,75.0,319,69.1,64.5,83.7,67.7,56.2,27.4,0,31,100.0,1,2,0,99.0,1,27,48,1,0,4,1,31,23,1.1,31.0
Garrett Crall,43309,ED,WYOMING,13,1,,,4.4,,,0,0,1,,351,63.8,71.7,76.1,66.6,70.8,55.4,0,,33.3,3,0,1,0.0,0,19,427,5,5,0,0,0,0,0.0,
Jarrius Wallace,43310,S,ARIZONA,8,1,6.0,85.7,100.0,12.0,10.3,0,0,0,0.0,109,50.8,57.5,82.2,,70.9,78.6,0,32,11.1,1,0,0,118.8,6,74,74,0,7,7,0,96,64,1.3,16.0
Denzel Polk,43319,ED,NAVY,9,0,,,1.1,,,0,0,0,,237,60.2,70.0,82.2,52.5,78.1,81.8,0,,0.0,0,0,0,0.0,0,1,87,1,1,0,0,0,0,0.0,
Qwuantrezz Knight,43322,S,KENT STATE,11,4,7.3,64.2,91.5,8.1,5.2,0,0,4,7.5,201,52.7,66.5,89.4,66.8,88.1,78.2,0,51,16.7,5,4,2,97.0,34,300,328,12,21,53,2,367,243,1.3,10.8
James Jennette III,43327,ED,BALL ST,12,4,,,0.3,,,1,0,0,,117,67.3,69.8,44.0,65.2,70.8,58.1,0,,0.0,0,0,3,0.0,0,1,323,6,4,0,0,0,0,0.0,
Jordan Helm,43329,S,FAU,11,0,11.5,33.3,100.0,53.0,17.7,0,0,0,0.0,165,66.9,72.2,81.7,,82.8,83.9,0,20,0.0,0,0,0,43.8,2,109,109,1,7,6,0,20,20,0.2,10.0
Bryan Mead,43333,LB,OKLAHOMA,7,0,8.4,100.0,78.7,6.6,6.6,0,0,0,0.0,261,28.8,44.7,0.0,53.3,79.6,50.8,0,24,100.0,1,0,1,158.3,5,37,47,0,0,5,1,64,25,1.9,12.8
Trent Ellis-Brewer,43334,LB,ARK STATE,4,0,3.0,100.0,100.0,7.0,7.0,0,0,0,0.0,113,73.1,69.2,72.4,,53.1,43.5,0,6,0.0,0,0,0,91.7,1,7,7,1,2,1,0,6,3,0.9,6.0
Myles Bryant,43336,S,WASHINGTON,13,8,3.2,66.7,91.8,33.1,22.1,0,0,1,4.8,340,88.4,85.8,90.3,70.8,71.9,77.2,3,28,10.5,4,1,1,41.3,14,484,527,11,26,21,0,117,102,0.3,8.4
La'Mar Winston Jr.,43339,ED,OREGON,14,1,6.5,100.0,15.4,16.0,16.0,1,0,0,0.0,264,50.9,64.4,14.9,71.0,63.6,49.5,0,12,33.3,1,0,3,112.5,2,35,228,3,1,2,0,22,9,0.7,11.0
Roderick Campbell,43340,CB,NWESTERN,3,0,18.5,50.0,100.0,27.0,13.5,1,0,0,0.0,256,52.0,57.9,75.9,,73.2,82.2,0,32,0.0,0,0,1,95.8,1,27,27,1,3,2,0,32,4,1.2,32.0
Tyrique McGhee,43341,CB,GEORGIA,6,3,6.7,50.0,94.7,22.7,11.3,0,0,2,33.3,173,70.1,68.2,79.8,59.1,57.6,60.0,0,23,20.0,1,1,0,108.3,3,72,76,0,1,6,1,36,14,0.5,12.0
Obi Eboh,43343,CB,STANFORD,8,2,12.8,78.8,99.6,8.4,6.6,0,0,2,6.1,300,55.4,55.9,82.9,60.0,58.1,56.8,0,39,19.2,5,1,2,149.6,26,229,230,2,19,33,5,343,82,1.6,13.2
Zeke Brown,43346,CB,BAYLOR,3,0,8.0,33.3,100.0,12.0,4.0,0,0,0,0.0,118,79.7,73.1,72.8,,45.3,28.1,1,3,0.0,0,0,0,2.8,1,12,12,1,1,3,0,3,0,0.3,3.0
DaMarcus Fields,43347,CB,TEXAS TECH,10,0,12.3,68.5,97.0,8.1,5.6,0,0,5,9.3,315,68.1,69.0,46.3,59.0,74.0,73.2,3,55,10.3,4,4,1,102.5,37,319,329,15,35,54,4,541,156,1.8,14.6
Andrew Pryts,43351,LB,STANFORD,12,8,4.0,83.7,90.1,10.8,9.0,0,0,0,0.0,300,58.5,57.7,85.1,60.3,55.5,70.6,1,44,2.9,1,0,1,122.0,36,400,444,8,25,43,3,431,318,1.1,12.0
Mandela Lawrence-Burke,43352,LB,KENT STATE,12,2,7.7,75.0,85.4,13.6,10.2,0,0,1,4.2,201,49.3,44.4,83.7,67.4,41.0,67.0,1,33,13.6,3,1,0,114.6,18,263,308,7,17,24,2,228,144,0.9,12.7
J.J. Parson,43353,CB,STANFORD,9,4,10.0,57.1,95.5,15.3,8.7,0,0,0,0.0,300,57.4,58.8,85.7,54.2,65.0,35.9,1,45,30.8,4,0,1,82.4,8,128,134,0,5,14,1,130,71,1.1,16.3
Jaydon Grant,43354,CB,OREGON ST,12,6,8.7,60.8,87.8,10.9,6.6,0,0,3,5.9,265,65.8,63.9,88.9,57.5,55.3,52.0,2,30,16.7,5,3,0,104.9,31,354,403,4,19,51,6,358,164,1.1,11.5
Brian Bullock,43355,S,NWESTERN,3,0,33.0,0.0,100.0,,8.0,0,0,0,0.0,256,42.1,52.6,74.9,,63.4,56.8,0,,0.0,0,0,0,39.6,0,8,8,0,1,1,0,0,0,0.0,
Donovan Duvernay,43357,CB,TEXAS,3,0,19.7,66.7,100.0,5.0,3.3,0,0,0,0.0,311,43.1,43.8,72.9,,60.3,76.6,0,41,0.0,0,0,0,109.7,2,10,10,0,2,3,0,54,7,5.4,27.0
Cameron Lewis,43359,S,LSU,12,0,5.6,58.3,97.2,18.0,10.5,0,0,1,8.3,211,64.4,65.8,83.7,65.8,66.6,56.8,0,12,18.2,2,1,0,95.5,7,137,141,3,9,12,1,49,41,0.4,7.0
C.J. Morgan,43360,S,MISS STATE,9,6,9.1,62.5,98.9,10.1,6.3,0,0,8,20.0,227,41.1,43.1,38.4,56.4,50.4,39.0,1,60,27.3,12,7,1,118.5,25,262,265,4,26,40,4,398,192,1.6,15.9
Trey Baldwin,43361,LB,LA TECH,12,1,7.4,60.0,93.5,25.0,15.0,0,0,0,0.0,208,75.4,69.6,81.9,70.4,59.0,50.9,1,24,10.0,1,0,0,35.8,6,157,168,4,8,10,0,56,29,0.4,9.3
Eric Burrell,43369,S,WISCONSIN,14,5,10.8,40.0,93.9,34.7,13.9,0,0,6,24.0,349,88.9,78.4,45.5,62.9,59.5,38.5,3,68,18.2,6,6,1,25.5,10,371,395,8,22,25,0,178,96,0.5,17.8
Reggie Cleveland,43376,LB,LA TECH,2,0,,,100.0,,,0,0,0,,208,63.3,71.0,70.3,,67.8,73.1,0,,,0,0,0,0.0,0,9,9,0,0,0,0,0,0,0.0,
Dylan Conner,43381,LB,OHIO,13,4,3.6,78.8,89.7,9.4,7.4,0,0,0,0.0,259,60.4,61.3,60.4,66.0,60.9,47.7,0,61,15.8,6,0,1,102.2,41,411,458,12,28,52,1,363,341,0.9,8.9
Tyshaun Ingram,43391,ED,UMASS,8,0,,,29.8,,,0,0,0,,216,63.1,54.7,32.1,54.5,55.1,45.6,0,,50.0,1,0,1,0.0,0,17,57,0,1,0,0,0,0,0.0,
Erroll Thompson,43392,LB,MISS STATE,12,4,6.4,80.0,70.4,13.8,11.1,0,2,1,5.0,227,46.2,62.5,47.6,54.9,77.2,46.3,0,52,26.9,7,1,1,158.3,16,231,328,6,15,20,3,285,186,1.3,17.8
Christian Holmes,43393,CB,MISSOURI,12,1,14.7,53.2,99.6,9.6,5.1,1,0,4,8.5,229,57.4,60.0,85.3,59.5,70.3,78.2,0,44,0.0,0,2,7,93.8,25,258,259,7,20,47,2,374,60,1.6,15.0
Da'Von Brown,43394,S,FAU,14,3,8.8,69.4,99.4,17.4,12.1,0,0,1,2.8,165,60.3,58.2,88.1,55.3,53.0,33.6,0,60,20.5,8,1,2,122.2,25,459,462,11,28,36,2,378,178,0.9,15.1
Josh Metellus,43395,S,MICHIGAN,13,4,12.3,60.6,97.7,19.5,11.8,0,2,3,9.1,222,72.3,77.2,59.7,62.6,81.9,81.2,2,58,14.3,4,2,1,109.7,20,416,426,6,20,33,4,339,153,0.9,17.0
Linwood Crump,43401,CB,TEMPLE,4,1,20.3,66.7,100.0,9.0,6.0,0,0,0,0.0,306,62.4,63.5,77.9,,65.5,80.7,0,33,0.0,0,0,0,149.3,4,38,38,2,4,6,2,75,5,2.1,18.8
Phil Campbell III,43402,LB,PITTSBURGH,13,1,1.8,80.6,71.0,7.9,6.4,0,0,0,0.0,268,63.7,66.1,43.9,66.5,68.1,72.9,1,22,22.2,4,0,1,78.6,25,213,300,13,13,31,0,189,169,1.0,7.6
Antone Williams,43409,CB,DUKE,2,0,11.0,100.0,100.0,6.0,6.0,0,0,0,0.0,154,54.4,52.9,75.4,,52.6,73.5,0,12,,0,0,0,116.7,1,6,6,0,0,1,0,12,1,2.0,12.0
Skyler Thomas,43418,S,WASH STATE,13,7,11.4,64.3,95.7,14.9,9.5,0,0,3,7.1,341,51.3,53.0,61.0,66.2,54.9,37.6,4,52,21.6,8,3,2,98.2,27,423,442,3,22,42,6,429,162,1.1,15.9
Milo Eifler,43421,LB,ILLINOIS,13,2,3.5,72.4,89.3,15.0,10.9,0,0,1,3.4,187,64.0,58.3,14.3,56.0,56.7,46.3,0,27,18.5,5,1,3,99.2,21,324,363,12,20,29,1,176,127,0.6,8.4
Racheem Boothe,43426,LB,SO MISS,9,1,2.6,66.7,67.5,29.0,19.3,0,0,2,22.2,296,65.5,74.2,86.5,62.7,77.8,71.1,0,16,9.1,1,2,0,87.7,6,181,268,6,9,9,0,65,50,0.4,10.8
Jordan Smith,43427,ED,UAB,14,3,4.5,50.0,2.9,7.0,3.5,0,0,0,0.0,321,53.9,92.0,0.0,91.5,92.7,76.4,0,15,16.7,1,0,9,75.0,1,9,313,9,2,2,0,15,9,2.1,15.0
Michael Pitts,43431,ED,CINCINNATI,13,0,3.3,66.7,15.0,20.0,13.3,0,0,0,0.0,138,61.4,65.5,67.6,62.1,66.9,51.0,0,16,40.0,2,0,1,81.3,2,42,280,4,3,3,0,17,5,0.4,8.5
Jacob Covington,43432,DI,ARMY,13,0,7.0,0.0,0.3,,1.0,0,0,0,0.0,114,62.7,66.4,87.0,59.7,67.6,69.0,0,,28.6,2,0,0,39.6,0,1,326,4,5,1,0,0,0,0.0,
Cedric Stone,43438,S,GA STATE,13,1,10.6,53.1,100.0,14.6,7.8,0,0,6,18.8,175,62.4,61.3,44.1,,59.7,56.9,0,34,25.9,7,4,1,78.0,17,258,258,7,19,32,1,163,89,0.7,9.6
Ayo Shogbonyo,43441,ED,ILLINOIS,13,0,,,0.7,,,0,0,0,,187,58.8,60.2,74.7,60.1,59.3,48.8,0,,50.0,1,0,1,0.0,0,2,272,3,1,0,0,0,0,0.0,
Elorm Lumor,43448,ED,RUTGERS,11,2,7.3,71.4,32.9,13.0,9.3,0,0,1,14.3,278,63.6,60.2,26.6,63.6,58.4,61.1,0,14,42.9,3,1,3,123.2,5,73,222,5,2,7,1,37,22,0.6,7.4
Daelin Hayes,43449,ED,NOTRE DAME,4,0,,,17.0,,,0,0,0,,258,62.5,64.5,83.6,63.7,61.4,80.2,0,,100.0,1,0,0,0.0,0,9,53,1,0,0,0,0,0,0.0,
Allen Cater,43452,ED,N CAROLINA,13,1,5.7,50.0,12.9,11.3,5.7,0,0,0,0.0,245,43.6,53.3,33.8,59.6,55.9,38.9,0,11,16.7,1,0,3,56.3,3,37,286,5,4,6,0,17,19,0.5,5.7
Trenton Thompson,43455,S,S DIEGO ST,12,2,18.0,62.5,95.8,27.2,17.0,1,0,2,12.5,284,70.1,71.1,0.0,61.3,82.0,65.8,0,52,20.0,4,2,4,115.4,10,277,289,1,14,16,1,155,23,0.6,15.5
Noel Cook,43456,ED,APP STATE,14,4,0.2,83.3,28.4,9.0,7.5,1,0,0,0.0,108,58.4,62.4,46.9,57.0,67.9,70.2,1,26,18.2,2,0,3,81.3,10,93,328,5,5,12,1,62,70,0.7,6.2
David Belvin III,43463,ED,FAU,11,2,-6.0,100.0,21.6,15.0,15.0,0,0,0,0.0,165,58.2,47.1,82.9,53.6,42.6,64.2,0,-1,0.0,0,0,0,79.2,1,16,74,0,0,1,0,-1,5,-0.1,-1.0
Roland Walder,43464,ED,BOWL GREEN,11,0,2.5,100.0,12.8,4.0,4.0,0,0,0,0.0,122,49.7,61.0,85.7,56.8,64.4,81.7,0,6,0.0,0,0,0,87.5,2,10,78,1,3,2,0,10,5,1.3,5.0
Bopete Keyes,43467,CB,TULANE,12,3,14.5,49.1,98.6,12.2,6.0,2,3,8,14.0,319,69.5,64.3,50.6,49.0,43.2,43.9,1,40,20.0,7,5,4,73.5,28,356,361,8,25,57,2,357,84,1.0,12.8
Freddie McGee III,43471,CB,E MICHIGAN,12,2,12.2,60.0,100.0,10.4,6.2,1,0,3,10.0,160,75.3,73.7,83.7,,60.0,58.5,0,36,11.1,3,2,3,83.9,18,201,201,8,22,30,1,149,52,0.8,8.3
Barrington Wade,43472,LB,IOWA,7,0,0.0,100.0,88.2,14.0,14.0,0,0,0,0.0,192,56.4,56.4,76.6,57.9,57.6,31.6,0,7,100.0,1,0,0,95.8,1,15,17,0,0,1,0,7,7,0.5,7.0
Akil Jones,43475,LB,COLORADO,12,4,9.1,69.2,79.6,9.1,6.3,0,0,1,3.8,143,39.3,59.8,83.2,70.9,71.2,79.4,0,37,15.8,3,0,0,107.9,18,168,211,2,12,26,1,220,113,1.3,12.2
Demetrius Stitmon,43485,LB,DOMINION,5,0,-3.0,100.0,92.9,12.0,12.0,0,0,0,0.0,263,57.4,61.3,72.7,55.5,65.3,70.9,0,16,50.0,1,0,0,112.5,2,26,28,0,1,2,0,22,28,0.9,11.0
Carter Coughlin,43498,ED,MINNESOTA,13,2,8.2,60.0,14.0,16.0,9.6,0,0,1,20.0,225,79.3,85.1,90.8,81.1,77.1,68.3,0,28,54.5,6,1,0,118.3,3,48,343,6,3,5,1,32,9,0.7,10.7
Nick Niemann,43500,S,IOWA,12,3,4.9,73.7,84.6,14.4,10.6,0,0,0,0.0,192,67.7,65.8,48.5,55.7,66.1,74.0,1,31,30.8,4,0,1,106.6,14,208,246,4,6,19,3,116,76,0.6,8.3
Nate Evans,43502,LB,UCF,13,3,4.3,65.2,85.6,8.9,5.8,1,0,4,8.7,323,56.4,74.7,57.9,74.9,84.3,85.0,0,26,7.1,2,3,2,86.9,30,286,334,14,23,46,1,256,182,1.0,8.5
Alex Highsmith,43507,ED,CHARLOTTE,13,3,0.0,100.0,9.8,16.5,16.5,1,1,0,0.0,136,79.3,85.8,22.7,91.4,72.4,82.6,0,9,0.0,0,0,6,83.3,2,35,357,18,6,2,0,8,8,0.2,4.0
William Kwenkeu,43510,LB,TEMPLE,3,0,-1.0,100.0,80.0,4.0,4.0,0,0,0,0.0,306,39.0,27.7,71.0,59.1,29.9,25.3,0,9,0.0,0,0,0,104.2,1,4,5,0,1,1,0,9,10,2.3,9.0
Kobe Jones,43511,ED,MISS STATE,13,1,2.7,100.0,3.3,2.3,2.3,0,0,0,0.0,227,54.8,65.5,86.6,66.4,62.8,42.8,0,16,20.0,1,0,1,112.5,3,8,239,5,3,3,0,33,25,4.7,11.0
Chris Crumb,43519,DI,BALL ST,12,1,,,0.7,,,0,0,0,,117,64.4,75.9,39.9,66.9,79.5,66.8,0,,25.0,2,0,3,0.0,0,2,287,4,5,0,0,0,0,0.0,
Cassh Maluia,43524,LB,WYOMING,13,2,3.9,80.0,83.6,12.0,9.6,0,0,1,2.5,351,55.7,65.3,86.7,69.2,67.9,55.7,2,31,22.2,6,1,0,76.9,32,398,476,11,19,40,0,298,222,0.8,9.3
Grayland Arnold,43528,S,BAYLOR,13,1,12.2,50.0,99.5,22.6,11.3,0,1,3,8.3,118,81.7,74.1,54.2,68.4,51.6,54.5,6,33,13.3,4,2,1,36.6,18,417,419,6,25,36,1,200,91,0.5,11.1
Frank Coppet,43530,S,VANDERBILT,2,0,,,100.0,,,0,0,0,,333,65.8,59.2,73.8,,49.5,,0,,,0,0,0,0.0,0,15,15,0,0,0,0,0,0,0.0,
Jordan Young,43537,LB,DOMINION,12,7,6.1,66.7,91.9,16.2,10.8,0,0,2,7.4,263,70.1,70.2,85.2,60.3,67.7,61.8,1,32,14.8,4,1,0,91.0,18,305,332,9,16,27,2,156,91,0.5,8.7
Darrell Baker Jr.,43542,S,GA SOUTHRN,12,5,15.2,44.4,97.4,17.6,7.8,0,0,2,11.1,174,48.3,53.9,83.7,62.7,70.5,56.2,0,73,23.1,3,2,2,128.2,8,147,151,1,5,18,2,228,109,1.6,28.5
Marlon Character,43550,CB,LOUISVILLE,13,2,13.8,58.8,96.9,15.4,9.1,0,0,1,5.9,210,63.7,58.5,0.0,77.3,40.1,55.8,0,67,5.9,1,1,2,132.7,10,158,163,4,14,17,2,173,62,1.1,17.3
Eric Popp,43565,LB,OHIO,10,2,4.8,77.3,82.5,11.3,8.7,0,0,0,0.0,259,57.5,58.8,82.7,62.8,58.0,65.9,0,28,6.7,1,0,0,111.4,17,207,251,5,12,22,1,157,106,0.8,9.2
Lawrence Graham,43566,LB,TULANE,12,1,3.0,58.3,72.6,16.5,9.6,0,1,1,4.2,319,49.8,51.1,0.5,62.0,55.1,50.4,0,19,6.7,1,1,3,70.5,14,241,332,7,13,24,0,114,95,0.5,8.1
Sam Franklin Jr.,43580,LB,TEMPLE,13,5,7.2,78.6,91.0,10.2,8.0,0,0,3,5.4,306,65.9,66.0,7.2,68.9,69.1,47.3,1,40,26.1,12,2,6,103.9,44,476,523,12,29,56,2,441,257,1.0,10.0
Treyjohn Butler,43583,CB,STANFORD,1,0,22.0,100.0,100.0,13.0,13.0,0,0,0,0.0,300,56.7,57.0,72.5,,60.0,74.2,0,30,0.0,0,0,0,118.8,1,13,13,0,1,1,0,30,8,2.3,30.0
Robert Cheatem,43596,CB,CHARLOTTE,1,0,,,100.0,,,0,0,0,,136,60.6,62.2,67.2,,60.3,,0,,,0,0,0,0.0,0,2,2,0,0,0,0,0,0,0.0,
Jeremiah Jones,43597,CB,TROY,4,0,3.0,100.0,66.7,9.0,9.0,0,0,0,0.0,318,62.7,59.2,79.7,60.3,49.5,76.9,0,4,0.0,0,0,0,83.3,2,20,30,3,2,2,0,8,2,0.4,4.0
Kyle Williams,43601,CB,UCONN,8,6,5.9,73.9,100.0,8.5,6.3,0,0,1,4.3,146,59.2,60.6,84.1,,64.4,76.8,0,32,5.9,1,1,0,129.4,17,155,155,2,10,23,2,203,138,1.4,11.9
Nick Oelrich,43609,S,FLORIDA,2,0,9.7,66.7,92.9,6.5,4.3,0,0,0,0.0,163,54.5,50.9,75.9,59.5,49.2,76.9,0,29,0.0,0,0,0,104.9,2,13,14,0,1,3,0,34,10,2.6,17.0
Miles Daniel,43623,CB,KENT STATE,3,0,19.0,100.0,100.0,12.0,12.0,0,0,0,0.0,201,59.2,65.9,75.7,,74.3,83.5,0,20,,0,0,0,118.8,1,14,14,0,0,1,0,20,1,1.7,20.0
Elijah Barnett,43625,ED,KENTUCKY,1,1,11.0,0.0,66.7,,6.0,0,0,0,0.0,202,62.2,66.1,75.9,57.7,64.4,77.0,0,,0.0,0,0,0,39.6,0,6,9,0,0,1,0,0,0,0.0,
Remy Lazarus,43627,S,GA STATE,9,5,15.7,53.8,97.1,41.1,22.2,0,1,5,38.5,175,68.7,67.8,85.8,71.4,62.6,61.0,1,30,20.8,5,4,0,85.6,7,299,308,3,14,13,2,97,18,0.3,13.9
Jon-Michael Terry,43635,ED,OKLAHOMA,6,0,3.2,80.0,34.4,10.3,8.2,0,0,0,0.0,261,45.5,62.8,86.8,59.7,74.5,70.8,0,18,40.0,2,0,0,101.7,4,43,125,1,3,5,0,42,45,1.0,10.5
Jake Hansen,43645,LB,ILLINOIS,9,1,6.6,63.0,91.0,14.5,9.1,0,0,0,0.0,187,79.1,80.6,57.2,86.6,74.2,74.1,1,25,6.7,1,0,1,94.2,17,254,279,8,13,27,2,197,97,0.8,11.6
Kyle Meyers,43646,CB,FLORIDA ST,3,0,21.8,75.0,98.2,16.7,12.5,0,0,0,0.0,167,55.7,58.5,77.5,60.0,70.2,81.2,0,36,0.0,0,0,1,116.7,3,54,55,0,4,4,0,62,6,1.2,20.7
Daniel Isom,43647,CB,WASH STATE,9,2,15.6,57.1,98.7,18.2,10.4,0,0,1,4.8,341,62.2,58.8,31.9,56.2,50.8,47.5,0,48,22.2,4,1,1,90.8,12,231,234,2,12,21,0,207,78,0.9,17.3
Alexy Jean-Baptiste,43651,ED,FIU,10,0,,,0.8,,,1,0,0,,166,60.0,71.2,21.5,73.3,68.6,56.7,0,,100.0,2,0,2,0.0,0,1,121,4,0,0,0,0,0,0.0,
Jaylin Thomas,43665,LB,BALL ST,12,5,2.6,81.6,87.4,10.0,8.2,0,0,1,2.6,117,57.4,77.0,86.3,57.7,86.3,66.7,0,52,21.2,7,1,0,108.3,31,320,366,6,21,38,1,300,236,1.0,9.7
Joe Ozougwu,43676,ED,N TEXAS,9,0,2.2,80.0,46.8,7.6,6.1,0,1,1,5.0,251,69.2,68.3,69.8,69.8,63.4,58.8,0,13,12.5,2,1,1,80.4,16,132,282,12,14,20,0,66,48,0.5,4.1
Monquavion Brinson,43696,CB,GA SOUTHRN,13,3,14.2,61.5,99.8,10.0,6.2,5,2,9,13.8,174,62.0,61.1,0.0,58.3,65.9,60.5,0,75,15.4,6,8,10,133.9,40,419,420,7,30,65,8,639,180,1.6,16.0
Perry Young,43698,LB,CINCINNATI,14,4,2.6,60.5,80.1,16.9,10.2,1,2,2,5.3,138,87.1,60.5,64.6,64.8,41.2,76.5,2,54,4.3,1,2,1,72.6,23,415,518,10,18,38,2,223,194,0.6,9.7
Jonathan Smith,43700,LB,N CAROLINA,3,1,,,90.5,,,0,0,0,,245,65.0,62.0,73.9,57.5,58.6,79.0,0,,0.0,0,0,0,0.0,0,19,21,0,0,0,0,0,0,0.0,
Anthony Trinh,43707,ED,STANFORD,1,0,,,33.3,,,0,0,0,,300,60.0,40.0,0.0,50.8,49.4,24.3,0,,100.0,1,0,1,0.0,0,1,3,0,0,0,0,0,0,0.0,
Tyrone Hopper,43714,ED,N CAROLINA,12,0,2.5,50.0,34.4,44.0,22.0,0,0,0,0.0,245,66.4,69.0,87.4,60.7,71.4,74.0,0,45,0.0,0,0,0,135.4,1,44,128,4,3,2,1,45,50,1.0,45.0
Bruno DeRose,43718,LB,BOISE ST,10,0,4.3,100.0,90.4,11.0,11.0,0,0,0,0.0,120,51.3,60.6,77.8,64.3,71.8,63.1,0,28,40.0,2,0,0,154.9,6,66,73,1,3,6,1,70,44,1.1,11.7
Anthony Butler,43726,ED,CHARLOTTE,2,0,,,75.0,,,0,0,0,,136,64.0,59.4,75.2,55.8,55.8,77.4,0,,0.0,0,0,0,0.0,0,9,12,0,1,0,0,0,0,0.0,
Quincy Roche,43734,ED,TEMPLE,13,0,,,3.7,,,0,0,0,,306,66.3,93.5,64.4,93.3,86.7,65.1,0,,42.9,3,0,2,0.0,0,15,407,16,4,0,0,0,0,0.0,
Elijah Ponder,43743,ED,CINCINNATI,14,0,,,0.9,,,0,0,0,,138,66.2,79.2,52.2,68.8,83.0,61.5,0,,60.0,3,0,2,0.0,0,3,321,4,2,0,0,0,0,0.0,
Chris Martin,43745,DI,GA TECH,9,0,,,1.0,,,0,0,0,,176,59.5,45.4,16.6,54.7,46.5,27.2,0,,100.0,2,0,2,0.0,0,1,99,0,0,0,0,0,0,0.0,
Curtis Weaver,43751,ED,BOISE ST,14,2,6.5,75.0,21.5,16.7,12.5,0,0,2,25.0,120,66.7,91.0,68.1,92.4,81.8,64.2,1,19,46.2,6,2,2,62.5,6,105,488,18,5,8,0,72,28,0.7,12.0
Brandon Barlow,43762,ED,BOSTON COL,13,2,5.3,100.0,8.5,7.0,7.0,0,0,0,0.0,121,59.6,69.2,87.6,63.6,71.2,65.2,0,23,28.6,2,0,0,158.3,3,22,259,4,3,3,1,39,23,1.9,13.0
Chance Purvis,43763,ED,E CAROLINA,12,3,,,1.4,,,0,0,0,,156,60.1,66.6,63.5,59.7,71.1,52.8,0,,0.0,0,0,2,0.0,0,5,365,5,4,0,0,0,0,0.0,
Marcel Southall,43793,DI,FAU,13,1,,,4.1,,,0,0,0,,165,57.7,59.2,23.9,55.7,68.4,80.0,0,,0.0,0,0,2,0.0,0,7,171,0,0,0,0,0,0,0.0,
Rashad Smith,43811,LB,FAU,14,11,5.3,74.5,81.6,11.1,8.3,0,0,1,2.1,165,83.3,73.3,87.2,64.3,65.3,73.6,3,32,7.7,4,0,0,61.6,35,412,505,25,37,47,0,271,150,0.7,7.7
Cale Garrett,43813,LB,MISSOURI,5,0,2.2,66.7,81.8,14.9,9.9,0,1,2,16.7,229,91.4,89.0,84.0,60.0,78.6,81.6,3,9,0.0,0,2,0,30.6,8,126,154,7,10,12,0,33,36,0.3,4.1
Paddy Fisher,43822,LB,NWESTERN,12,7,2.8,63.6,93.5,13.5,8.6,0,1,6,13.6,256,77.6,71.4,85.5,45.5,66.7,53.6,1,49,23.5,8,5,1,65.8,28,400,428,10,19,44,0,213,173,0.6,7.6
Myles Rice,43825,ED,WASHINGTON,5,0,2.0,100.0,10.0,5.0,5.0,0,0,0,0.0,340,53.6,52.1,78.9,55.7,52.9,46.1,0,9,0.0,0,0,0,104.2,1,5,50,1,2,1,0,9,7,1.8,9.0
Xavior Motley,43826,CB,OHIO,10,2,13.1,45.5,97.1,16.1,7.3,0,2,4,18.2,259,68.0,69.8,82.6,74.5,68.1,79.6,0,42,7.1,1,3,3,70.3,10,170,175,4,11,22,0,160,40,1.0,16.0
Kenny Hebert,43827,ED,VANDERBILT,11,0,0.3,100.0,28.6,5.1,5.1,0,0,2,16.7,333,55.8,56.2,38.8,64.2,52.7,50.8,0,21,20.0,3,0,2,124.3,12,63,220,8,12,12,1,86,83,1.4,7.2
Isaiah Chambers,43848,ED,HOUSTON,10,1,25.0,100.0,1.1,1.0,1.0,0,0,0,0.0,182,56.3,63.8,33.9,78.1,49.2,62.6,0,54,0.0,0,0,1,158.3,1,1,88,5,0,1,1,54,29,54.0,54.0
Sean Brown,43855,DI,S ALABAMA,12,0,,,0.4,,,0,0,0,,288,61.5,67.6,88.0,64.4,66.2,61.7,0,,0.0,0,0,0,0.0,0,1,233,2,1,0,0,0,0,0.0,
Cole Christiansen,43856,LB,ARMY,12,7,4.5,82.4,70.7,8.9,7.4,0,0,1,2.9,114,60.4,57.6,84.3,62.4,54.0,74.6,0,23,11.5,3,1,0,102.8,28,256,362,9,16,34,1,215,164,0.9,7.7
De'Jon Harris,43858,LB,ARKANSAS,12,5,2.8,89.7,81.3,10.3,9.2,0,0,1,3.4,111,55.4,68.4,84.4,65.8,73.6,73.8,0,46,11.1,3,1,0,113.9,26,283,348,8,19,29,1,249,236,0.9,9.6
Patrice Rene,43868,CB,N CAROLINA,2,0,15.3,66.7,95.7,21.0,14.0,0,0,0,0.0,245,63.4,59.5,77.4,57.2,46.3,60.9,0,10,0.0,0,0,0,119.4,2,44,46,1,3,3,1,16,3,0.4,8.0
Tyler Pistorio,43875,LB,NAVY,8,1,6.2,83.3,75.0,8.0,6.7,0,0,0,0.0,237,47.6,53.7,81.1,72.2,55.1,75.2,1,47,0.0,0,0,0,118.8,5,42,56,0,0,6,1,84,44,2.1,16.8
Derrick Brown,43883,DI,AUBURN,13,3,,,0.8,,,0,0,1,,115,71.2,90.4,28.0,89.9,84.7,87.8,0,,0.0,0,0,5,0.0,0,3,385,11,7,0,0,0,0,0.0,
Randy Wade Jr.,43888,ED,GA SOUTHRN,13,0,2.7,73.3,51.5,12.1,8.9,0,0,1,6.7,174,73.1,68.9,69.7,72.3,60.7,60.1,0,15,16.7,2,1,1,86.8,11,139,270,8,10,15,0,85,59,0.6,7.7
William Davis,43891,DI,FAU,14,0,,,0.4,,,0,0,0,,165,68.5,62.6,86.6,68.4,54.9,59.6,0,,25.0,1,0,0,0.0,0,1,240,3,3,0,0,0,0,0.0,
Lokeni Toailoa,43897,LB,UCLA,12,3,6.8,100.0,62.1,11.0,11.0,0,0,0,0.0,324,54.3,59.6,39.4,60.1,63.9,81.8,0,26,20.0,3,0,1,118.8,11,126,203,4,9,11,0,146,71,1.2,13.3
Rod Stoddard,43926,DI,ARMY,13,2,,,1.1,,,0,0,0,,114,62.9,68.0,69.1,61.7,69.0,79.7,0,,0.0,0,0,1,0.0,0,2,175,0,0,0,0,0,0,0.0,
Alex Miller,43934,DI,NWESTERN,12,0,,,1.1,,,0,0,0,,256,53.0,79.5,68.3,69.1,83.8,74.3,0,,100.0,1,0,1,0.0,0,3,283,3,0,0,0,0,0,0.0,
Jairon McVea,43938,S,BAYLOR,9,2,4.3,77.8,100.0,15.4,12.0,0,0,0,0.0,118,74.6,73.9,83.5,,69.0,70.1,0,15,0.0,0,0,0,82.4,7,116,116,2,6,9,0,34,27,0.3,4.9
Ray Thornton,43941,ED,LSU,7,0,-1.0,100.0,13.2,9.0,9.0,0,0,0,0.0,211,67.7,70.1,83.7,59.6,74.8,81.1,0,29,0.0,0,0,0,118.8,1,9,68,0,1,1,0,29,30,3.2,29.0
Connor Murphy,43946,ED,USC,9,1,,,5.1,,,0,0,0,,326,62.4,63.6,81.8,58.4,65.6,77.5,0,,0.0,0,0,0,0.0,0,4,79,1,0,0,0,0,0,0.0,
Tyler Hall,43958,CB,WYOMING,12,3,13.8,45.2,98.9,12.9,5.8,0,0,11,15.1,351,72.6,70.5,24.9,58.6,61.5,74.9,1,80,6.9,2,6,5,90.0,33,448,453,2,24,73,5,581,195,1.4,17.6
Bradlee Anae,43982,ED,UTAH,14,0,2.0,66.7,6.1,14.5,9.7,3,0,0,0.0,328,46.1,74.7,15.2,88.3,65.0,47.3,0,12,42.9,3,0,7,84.0,2,29,476,14,4,3,0,19,11,0.7,9.5
Ilyaas Motley,43989,CB,OHIO,13,1,14.6,47.5,98.7,18.3,8.7,1,0,8,20.0,259,76.9,75.0,14.5,50.3,71.5,62.0,1,63,17.9,5,4,4,90.4,19,366,371,5,22,40,3,328,137,0.9,17.3
Joel Dublanko,43990,LB,CINCINNATI,14,0,-4.0,50.0,73.6,63.0,31.5,0,0,0,0.0,138,77.0,72.1,80.2,67.9,63.1,74.8,0,5,16.7,1,0,0,56.3,1,67,91,4,5,2,0,5,9,0.1,5.0
Jaylin Bannerman,44002,ED,UTAH ST,3,0,,,21.4,,,0,1,1,,329,76.3,63.4,78.4,54.2,58.1,57.6,0,,100.0,1,1,0,0.0,0,3,14,0,0,0,0,0,0,0.0,
Khalil McDonald,44010,CB,S ALABAMA,4,0,4.3,100.0,100.0,2.0,2.0,0,0,0,0.0,288,47.7,55.7,75.3,,63.3,35.4,0,18,50.0,1,0,0,101.4,3,6,6,1,1,3,0,25,12,4.2,8.3
Daniel Joseph,44012,ED,PENN STATE,12,0,,,7.6,,,1,0,0,,266,61.7,57.8,27.7,63.7,54.1,58.6,0,,100.0,1,0,1,0.0,0,5,66,2,0,0,0,0,0,0.0,
Kenneth Ruff,44013,DI,SYRACUSE,12,0,,,1.1,,,0,0,0,,304,53.5,68.7,68.0,58.9,75.4,36.2,0,,50.0,1,0,1,0.0,0,3,281,1,1,0,0,0,0,0.0,
Jalen Madden,44015,DI,W KENTUCKY,13,0,,,0.8,,,0,0,0,,346,60.6,59.0,46.9,57.5,61.0,82.5,0,,50.0,1,0,2,0.0,0,2,250,2,1,0,0,0,0,0.0,
Hamilcar Rashed,44025,ED,OREGON ST,12,1,5.4,75.0,20.9,12.8,9.6,0,0,1,12.5,265,74.5,79.6,77.4,78.0,73.8,71.2,0,26,15.4,2,1,1,128.1,6,78,374,22,10,8,1,46,40,0.6,7.7
Oluwaseun Oluwatimi,44028,DI,MARYLAND,12,1,,,0.4,,,0,0,0,,215,62.3,65.2,71.2,58.7,67.0,60.5,0,,33.3,1,0,1,0.0,0,1,276,1,1,0,0,0,0,0.0,
Benito Jones,44035,DI,OLE MISS,12,0,,,0.3,,,0,0,0,,226,66.9,68.1,41.0,71.6,64.1,46.3,1,,57.1,4,0,3,0.0,0,1,315,6,3,0,0,0,0,0.0,
Kyle Ball,44037,ED,KANSAS ST,13,0,,,3.7,,,0,0,0,,199,65.3,67.5,64.4,69.8,61.2,29.8,0,,66.7,6,0,1,0.0,0,8,214,3,3,0,0,0,0,0.0,
Jarrod Carter-McLin,44042,ED,UTSA,12,0,6.0,100.0,4.8,6.5,6.5,1,0,0,0.0,331,59.0,57.7,23.2,63.3,56.6,50.7,1,10,40.0,2,0,4,60.4,2,13,273,7,3,2,0,16,4,1.2,8.0
Amani Jones,44063,ED,IOWA,7,1,,,2.4,,,0,0,0,,192,60.9,58.4,80.9,54.5,66.4,54.1,0,,50.0,1,0,0,0.0,0,1,41,1,0,0,0,0,0,0.0,
Emmett Rice,44078,LB,FLORIDA ST,13,5,2.1,73.3,83.1,11.0,8.1,0,0,0,0.0,167,58.4,63.4,82.9,64.5,64.8,54.9,0,31,13.3,4,0,0,91.7,22,255,307,10,21,30,0,205,168,0.8,9.3
Carter Bankston,44086,ED,NAVY,12,1,3.0,50.0,35.3,30.0,15.0,0,0,0,0.0,237,74.8,63.7,86.3,55.3,58.8,47.2,1,6,33.3,1,0,0,16.7,1,30,85,0,1,2,0,6,0,0.2,6.0
Drew Beesley,44091,ED,MICH STATE,13,1,,,1.4,,,1,0,0,,223,56.5,76.2,55.3,77.9,73.9,49.9,1,,50.0,1,0,1,0.0,0,2,138,1,0,0,0,0,0,0.0,
Khalil Ladler,44092,S,VA TECH,11,0,6.8,71.4,87.9,11.3,8.1,0,0,2,14.3,337,63.2,63.3,84.6,65.4,59.5,40.6,0,25,30.0,3,1,0,93.8,10,116,132,3,7,14,0,108,75,1.0,10.8
Sione Tupou,44093,LB,UTEP,10,0,3.0,73.3,87.3,20.3,14.9,0,0,0,0.0,330,55.3,60.6,84.8,65.9,61.8,64.3,0,61,14.3,2,0,0,106.5,11,234,268,5,12,15,0,156,126,0.7,14.2
Kevin Atkins,44094,DI,FRESNO ST,12,1,,,0.5,,,0,0,0,,169,61.7,56.3,60.1,62.9,50.6,32.4,0,,50.0,1,0,2,0.0,0,2,416,5,0,0,0,0,0,0.0,
Xander Gagnon,44110,LB,DUKE,7,0,,,73.7,,,0,0,0,,154,63.2,54.5,76.1,54.2,52.4,28.0,0,,,0,0,0,0.0,0,14,19,0,0,0,0,0,0,0.0,
Brandon Drayton,44122,S,MARSHALL,6,0,12.3,84.6,94.8,17.5,14.8,0,0,0,0.0,214,60.7,62.4,86.4,73.7,59.8,77.1,0,27,0.0,0,0,0,150.5,11,200,211,6,13,13,2,138,31,0.7,12.5
Cam Turner,44134,ED,MIAMI OH,7,0,,,6.7,,,0,0,0,,221,60.3,49.4,80.8,56.5,42.6,73.4,0,,,0,0,0,0.0,0,4,60,0,0,0,0,0,0,0.0,
Jarrod Hewitt,44138,DI,VA TECH,13,1,,,2.0,,,0,0,0,,337,54.0,69.5,41.9,64.5,76.1,52.0,0,,50.0,3,0,3,0.0,0,7,354,3,2,0,0,0,0,0.0,
Julian Okwara,44152,ED,NOTRE DAME,9,0,0.5,50.0,9.4,20.0,10.0,0,0,0,0.0,258,58.4,79.2,46.1,90.4,64.0,38.0,0,43,0.0,0,0,2,95.8,1,21,223,4,1,2,0,43,39,2.2,43.0
Rodarius Williams,44160,CB,OKLA STATE,13,2,12.6,56.3,99.8,13.1,7.4,0,0,8,12.5,262,63.7,65.4,87.1,59.9,70.2,63.2,0,64,7.3,3,5,6,93.0,36,499,500,4,36,64,3,436,180,0.9,12.1
Chauncey Manac,44162,ED,LA LAFAYET,12,0,-0.4,85.7,10.5,3.5,3.0,0,0,0,0.0,207,66.9,74.0,85.2,78.2,62.4,47.4,0,12,28.6,2,0,0,89.3,6,22,209,6,5,7,0,38,36,1.8,6.3
Kash Daniel,44163,LB,KENTUCKY,12,3,3.9,70.8,89.7,12.1,8.5,0,0,2,8.3,202,65.3,66.1,81.8,63.5,64.6,59.5,1,22,12.5,3,2,0,85.1,17,218,243,6,18,24,1,158,112,0.8,9.3
Doug Taumoelau,44174,LB,OREGON ST,11,0,1.5,94.1,74.4,7.6,7.2,0,0,0,0.0,265,69.8,72.8,82.5,65.1,70.3,57.0,0,16,21.4,3,0,2,99.3,16,131,176,6,11,17,0,133,109,1.1,8.3
Ryan Gilmartin,44181,LB,UCONN,5,0,6.4,60.0,89.0,23.7,14.2,0,0,0,0.0,146,52.7,46.9,78.3,61.1,44.6,62.4,0,18,0.0,0,0,0,120.0,3,73,82,1,2,5,1,34,20,0.5,11.3
Will Bradley-King,44184,ED,ARK STATE,13,1,8.0,0.0,1.3,,6.0,0,0,0,0.0,113,52.4,86.6,2.5,91.4,78.2,57.0,0,,25.0,1,0,10,39.6,0,6,453,8,2,1,0,0,0,0.0,
Layton Garnett,44185,LB,UTSA,2,0,,,66.7,,,0,0,0,,331,60.4,73.2,69.5,60.0,70.8,73.2,0,,,0,0,0,0.0,0,2,3,0,0,0,0,0,0,0.0,
Regan Upshaw,44191,ED,CLEMSON,5,0,,,7.7,,,0,0,0,,140,60.0,71.5,77.1,64.6,70.7,64.2,0,,,0,0,0,0.0,0,1,13,0,0,0,0,0,0,0.0,
Eric Mitchell,44194,LB,UCF,13,2,4.7,65.4,85.8,13.7,9.0,0,1,3,11.5,323,40.2,57.4,84.1,69.2,66.0,65.6,0,38,16.7,3,3,0,81.1,17,248,289,9,13,26,0,153,114,0.7,9.0
T.J. Brunson,44198,LB,S CAROLINA,12,3,5.2,70.6,91.2,13.5,9.5,0,0,3,8.8,289,72.4,64.0,3.5,68.5,58.6,59.6,1,24,13.3,4,3,3,85.7,24,344,377,12,23,34,1,222,156,0.7,9.3
Thomas Barber,44199,LB,MINNESOTA,13,3,10.8,83.3,89.2,26.6,22.2,0,0,1,8.3,225,68.2,60.1,84.6,64.5,52.3,55.0,0,51,12.5,2,1,0,158.3,10,282,316,3,11,12,2,176,62,0.7,17.6
Dylan Parsee,44200,LB,UTEP,11,1,3.8,81.8,67.6,12.4,10.2,0,0,0,0.0,330,59.7,55.1,85.5,52.1,52.5,53.6,0,38,30.8,4,0,0,103.4,9,117,173,4,8,11,0,97,74,0.9,10.8
Demarrio Smith,44202,DI,SO MISS,13,0,,,0.8,,,0,0,0,,296,68.1,77.4,84.6,70.5,74.8,64.8,0,,16.7,1,0,0,0.0,0,2,262,4,5,0,0,0,0,0.0,
Marcus Edwards,44213,DI,NAVY,7,0,,,1.5,,,0,0,0,,237,60.5,56.7,79.7,55.7,56.6,36.3,0,,,0,0,0,0.0,0,1,68,0,0,0,0,0,0,0.0,
Dasharm Newsome,44247,S,RICE,12,1,-0.3,100.0,93.0,8.7,8.7,0,0,0,0.0,275,65.9,65.0,77.4,55.3,63.3,75.0,0,10,14.3,1,0,0,85.4,6,53,57,3,5,6,0,27,29,0.5,4.5
Rashawn Battle,44259,LB,RUTGERS,11,0,2.8,66.7,86.0,17.2,11.4,0,0,2,22.2,278,62.5,58.0,79.3,66.5,52.2,35.7,0,33,60.0,3,2,0,84.0,6,111,129,4,2,9,0,57,41,0.6,9.5
Dele Harding,44265,LB,ILLINOIS,13,8,7.7,75.4,91.6,7.3,5.5,1,0,0,0.0,187,39.2,74.2,64.1,52.8,90.6,81.4,3,71,12.9,4,0,2,107.1,49,372,406,7,19,65,3,719,385,2.0,14.7
Alvin Ward Jr.,44267,ED,GA SOUTHRN,9,1,,,32.9,,,0,0,0,,174,65.8,62.5,84.9,57.7,60.9,52.2,0,,0.0,0,0,0,0.0,0,25,76,0,0,0,0,0,0,0.0,
Brian Dawkins Jr.,44278,CB,CLEMSON,2,0,4.0,100.0,100.0,3.0,3.0,0,0,0,0.0,140,52.1,58.5,71.7,,70.0,27.9,0,12,100.0,1,0,0,116.7,1,3,3,0,0,1,0,12,8,4.0,12.0
Cameron Tidd,44280,DI,VANDERBILT,12,0,,,1.7,,,0,0,0,,333,59.0,63.5,84.3,59.2,63.8,84.4,0,,25.0,1,0,0,0.0,0,3,172,0,3,0,0,0,0,0.0,
Christian Johnson,44281,ED,UTEP,4,0,,,3.1,,,0,0,0,,330,60.0,56.0,79.0,51.9,59.7,73.8,0,,,0,0,0,0.0,0,1,32,0,0,0,0,0,0,0.0,
Jamir Jones,44287,ED,NOTRE DAME,11,1,12.0,0.0,20.5,,14.7,0,0,1,33.3,258,67.2,81.1,89.0,76.0,79.7,76.8,0,,0.0,0,0,0,39.6,0,45,220,4,3,3,0,0,0,0.0,
Andre Mintze,44299,ED,VANDERBILT,12,1,,,8.1,,,0,0,0,,333,64.5,78.0,89.3,76.5,73.0,68.1,0,,25.0,1,0,0,0.0,0,18,221,5,2,0,0,0,0,0.0,
Rashad Byrd,44306,LB,GA SOUTHRN,13,6,5.7,60.0,88.5,17.1,10.3,0,0,1,3.3,174,68.9,65.6,55.6,91.4,52.0,65.4,2,44,9.4,3,1,1,57.4,18,323,365,9,23,30,1,158,89,0.5,8.8
Jacquies Turner,44315,ED,SO MISS,13,0,,,2.9,,,0,0,0,,296,55.3,78.6,71.1,71.2,82.2,60.8,0,,66.7,8,0,1,0.0,0,10,344,10,4,0,0,0,0,0.0,
Boogie Basham,44320,ED,WAKE,13,0,,,3.6,,,0,0,0,,339,65.5,86.7,53.5,90.6,74.9,67.0,0,,55.6,5,0,3,0.0,0,15,416,12,4,0,0,0,0,0.0,
Josh Brown,44326,ED,FLORIDA ST,10,0,6.3,75.0,26.9,5.3,4.0,0,0,0,0.0,167,38.5,56.1,83.3,59.5,69.9,63.3,0,12,100.0,1,0,0,94.8,3,18,67,0,0,4,0,29,18,1.8,9.7
Collin Wilder,44328,S,WISCONSIN,13,2,9.8,42.9,93.8,25.3,10.9,0,1,5,35.7,349,78.3,66.7,0.0,72.1,43.1,28.2,1,23,30.0,3,5,3,70.2,6,165,176,1,5,14,3,76,23,0.5,12.7
Charles Wiley,44329,ED,OLE MISS,12,1,0.3,85.7,28.9,10.8,9.3,0,0,0,0.0,226,56.6,62.1,64.9,67.0,59.0,50.6,0,23,30.0,3,0,1,102.4,6,66,228,7,6,7,0,60,61,0.9,10.0
Jaylon McClinton,44330,S,ARMY,8,2,8.1,50.0,97.8,31.8,15.9,0,0,3,37.5,114,65.1,59.4,84.7,55.6,51.1,57.4,0,45,16.7,1,3,0,89.6,4,132,135,1,3,8,0,88,64,0.7,22.0
Antonio Valentino,44336,DI,PENN STATE,12,0,,,1.4,,,0,0,0,,266,58.1,70.3,56.6,64.0,74.7,62.6,0,,,0,0,1,0.0,0,3,217,1,0,0,0,0,0,0.0,
Damian Horton,44338,ED,FAU,14,1,13.0,0.0,2.1,,1.5,1,0,0,0.0,165,64.5,59.1,31.9,62.6,55.6,68.6,0,,25.0,1,0,2,39.6,0,4,195,3,2,2,0,0,0,0.0,
Semisi Fakasiieiki,44340,LB,PURDUE,7,2,10.0,100.0,81.1,21.5,21.5,0,0,0,0.0,273,56.1,60.5,79.5,66.4,60.8,59.2,0,42,25.0,1,0,0,118.8,4,90,111,1,1,4,0,108,68,1.3,27.0
Traver Vliem,44341,ED,GA SOUTHRN,13,0,,,0.7,,,0,0,0,,174,52.5,60.8,64.8,53.9,67.5,77.9,0,,50.0,1,0,1,0.0,0,2,280,4,1,0,0,0,0,0.0,
Jamal Holloway,44350,ED,UNLV,1,0,,,7.1,,,0,0,0,,325,60.0,76.9,76.8,79.1,61.8,,0,,,0,0,0,0.0,0,1,14,0,0,0,0,0,0,0.0,
Maxs Tupai,44358,ED,UTAH,13,1,-0.5,75.0,16.9,10.7,8.0,1,0,0,0.0,328,58.1,64.7,13.6,59.9,76.7,52.7,0,21,42.9,3,0,3,93.8,3,33,195,3,3,4,0,28,31,0.9,9.3
Nyles Pinckney,44360,DI,CLEMSON,14,1,,,0.5,,,1,0,0,,140,59.9,70.1,61.2,61.5,73.8,59.9,0,,0.0,0,0,1,0.0,0,1,182,1,0,0,0,0,0,0.0,
Josiah Coatney,44361,DI,OLE MISS,12,0,,,0.3,,,0,0,0,,226,63.8,82.2,84.9,70.3,84.1,70.4,0,,33.3,2,0,0,0.0,0,1,311,5,4,0,0,0,0,0.0,
Jake Saunders,44365,DI,NWESTERN,11,0,,,0.7,,,0,0,0,,256,60.2,68.2,82.7,64.7,67.2,78.9,0,,0.0,0,0,0,0.0,0,1,139,1,1,0,0,0,0,0.0,
Tyrik Jones,44371,ED,USF,7,0,,,8.8,,,0,0,0,,327,62.8,71.7,79.1,65.5,68.1,61.0,0,,0.0,0,0,0,0.0,0,3,34,2,1,0,0,0,0,0.0,
Michael Pinckney,44382,LB,MIAMI FL,11,4,5.5,81.8,78.3,14.4,11.8,0,1,4,18.2,220,78.1,76.5,53.8,68.3,72.2,68.6,0,66,10.0,2,3,2,140.5,18,274,350,12,14,22,3,181,126,0.7,10.1
Hal Vinson,44387,ED,TEXAS ST,4,0,6.5,100.0,50.0,7.0,7.0,0,0,0,0.0,314,62.8,66.4,0.0,60.5,72.1,84.6,0,27,0.0,0,0,1,118.8,2,14,28,1,5,2,0,31,18,2.2,15.5
Braden White,44393,LB,TEXAS A&M,3,0,,,91.7,,,0,0,0,,312,63.3,68.8,74.3,60.0,69.9,73.6,0,,,0,0,0,0.0,0,11,12,0,0,0,0,0,0,0.0,
Jalen Price,44430,DI,E CAROLINA,12,0,,,0.3,,,0,0,0,,156,62.0,67.2,31.2,59.2,72.6,52.1,0,,50.0,3,0,4,0.0,0,1,339,2,3,0,0,0,0,0.0,
Josh Black,44437,DI,SYRACUSE,12,0,8.0,100.0,0.6,2.0,2.0,0,0,0,0.0,304,52.7,69.4,85.8,67.9,68.6,67.8,0,23,20.0,1,0,0,118.8,1,2,332,8,4,1,0,23,15,11.5,23.0
K.J. Sails,44439,CB,USF,12,3,11.9,59.6,98.9,12.9,7.7,0,0,6,12.8,327,82.1,81.5,24.7,65.7,77.5,77.5,3,35,7.1,2,6,4,88.9,28,375,379,8,23,47,5,319,88,0.9,11.4
Elijah Riley,44440,CB,ARMY,13,4,10.8,54.5,92.2,11.4,6.2,1,1,7,12.7,114,71.8,76.8,87.0,93.6,66.9,57.7,3,30,12.2,5,5,4,44.3,30,357,387,10,32,55,0,257,83,0.7,8.6
Innis Gaines,44443,S,TCU,8,0,5.9,66.7,91.4,14.4,9.6,0,0,1,4.2,305,68.4,69.4,86.3,69.7,67.6,52.9,1,25,36.8,7,1,0,100.0,16,246,269,6,12,24,3,116,85,0.5,7.3
Gavin Everett,44449,ED,INDIANA,6,1,,,3.4,,,0,0,0,,190,65.1,68.0,79.0,61.9,64.1,76.1,0,,0.0,0,0,0,0.0,0,1,29,0,0,0,0,0,0,0.0,
Antonio Parks,44452,CB,UTSA,8,1,-1.3,100.0,89.1,12.7,12.7,0,0,0,0.0,331,72.5,65.4,81.3,57.4,51.0,36.6,0,10,28.6,2,0,0,88.9,3,41,46,3,4,3,0,16,20,0.4,5.3
Dillon Sherman,44461,LB,WASH STATE,2,0,19.0,0.0,63.6,,14.0,0,0,0,0.0,341,60.8,45.5,74.4,61.2,33.6,26.4,0,,33.3,1,0,0,39.6,0,14,22,0,2,1,0,0,0,0.0,
Brenon Thrift,44468,DI,W VIRGINIA,9,0,,,3.6,,,0,0,0,,343,59.5,66.1,80.2,58.7,68.0,75.3,0,,,0,0,0,0.0,0,1,28,0,0,0,0,0,0,0.0,
Doug Costin,44473,DI,MIAMI OH,14,0,,,0.4,,,0,0,0,,221,60.2,84.8,61.3,79.4,83.8,58.2,0,,83.3,5,0,2,0.0,0,2,451,5,1,0,0,0,0,0.0,
Jacques Boudreaux,44479,LB,LA LAFAYET,14,2,4.9,78.6,83.7,22.2,17.4,0,0,1,7.1,207,64.1,62.4,22.9,61.9,61.6,84.8,0,18,8.0,2,1,3,101.2,11,261,312,2,21,14,0,116,72,0.5,10.5
Tai'yon Devers,44486,ED,MINNESOTA,13,0,4.7,33.3,12.2,18.0,6.0,0,1,0,0.0,225,53.2,52.5,6.9,59.5,53.7,57.1,0,14,0.0,0,0,3,88.9,1,20,164,3,1,3,1,14,13,0.8,14.0
Sulaiman Kamara,44493,DI,WAKE,12,0,,,2.9,,,0,0,0,,339,55.1,60.2,88.1,57.0,61.2,65.2,0,,33.3,1,0,0,0.0,0,7,242,2,2,0,0,0,0,0.0,
Andre Anthony,44501,ED,LSU,9,0,,,9.6,,,0,0,0,,211,64.1,60.6,51.2,57.7,62.9,61.6,0,,,0,0,1,0.0,0,12,125,1,0,0,0,0,0,0.0,
Ja'Quize Cross,44503,DI,AKRON,12,0,,,1.1,,,0,0,0,,102,52.7,54.2,84.9,59.5,51.4,38.7,0,,50.0,1,0,0,0.0,0,2,179,2,1,0,0,0,0,0.0,
Will Jones,44505,DI,SMU,4,0,,,9.1,,,0,0,0,,287,60.4,63.1,73.4,61.1,61.7,70.2,0,,,0,0,0,0.0,0,1,11,0,0,0,0,0,0,0.0,
Chase Hatada,44511,ED,BOISE ST,13,0,,,1.5,,,0,1,1,,120,72.7,68.6,87.5,55.9,74.8,75.1,0,,0.0,0,1,0,0.0,0,6,402,7,4,0,0,0,0,0.0,
Ross Blacklock,44526,DI,TCU,12,2,,,1.2,,,0,0,0,,305,61.2,81.2,0.0,75.2,89.0,52.0,0,,30.0,3,0,7,0.0,0,4,327,8,5,0,0,0,0,0.0,
Ty Nix,44530,DI,MIDDLE TN,5,0,,,6.3,,,0,0,1,,224,70.4,62.4,76.2,55.3,51.2,,0,,,0,1,0,0.0,0,1,16,0,0,0,0,0,0,0.0,
Manny Walker,44532,ED,WAKE,11,0,4.0,0.0,9.9,,7.0,0,0,0,0.0,339,75.4,66.4,84.3,58.7,64.1,64.1,1,,0.0,0,0,0,0.0,0,7,71,0,1,1,0,0,0,0.0,
D.J. Wonnum,44550,ED,S CAROLINA,12,1,1.5,87.5,15.1,7.1,6.3,1,0,0,0.0,289,71.9,69.8,75.7,64.0,68.6,55.1,1,42,37.5,3,0,1,118.8,7,53,352,8,4,8,1,105,93,2.1,15.0
Channing Hames,44557,DI,MARSHALL,13,1,,,0.8,,,0,0,0,,214,51.9,70.7,56.5,67.8,72.6,40.3,0,,75.0,3,0,3,0.0,0,3,378,3,0,0,0,0,0,0.0,
Nick Coe,44558,ED,AUBURN,11,0,5.0,0.0,0.9,,2.0,1,0,0,0.0,115,67.6,64.7,39.1,64.3,63.2,66.7,0,,20.0,1,0,2,39.6,0,2,230,3,4,1,0,0,0,0.0,
Curtis Brooks,44559,DI,CINCINNATI,14,0,,,0.3,,,1,0,0,,138,74.1,78.7,20.9,73.5,80.2,69.1,0,,25.0,1,0,4,0.0,0,1,293,3,3,0,0,0,0,0.0,
Tre Williams,44563,ED,MISSOURI,11,0,-5.0,100.0,6.4,12.0,12.0,3,0,0,0.0,229,56.1,61.8,0.0,63.9,68.5,71.0,0,8,,0,0,6,100.0,1,14,219,1,0,1,0,8,13,0.7,8.0
Kameron Toomer,44569,ED,NEVADA,6,1,,,1.3,,,0,0,0,,239,60.9,72.4,83.4,64.6,74.5,81.4,0,,0.0,0,0,0,0.0,0,2,155,1,1,0,0,0,0,0.0,
Jack Heflin,44570,DI,N ILLINOIS,11,0,,,0.8,,,0,0,0,,254,60.0,90.1,85.0,80.9,89.4,29.8,0,,100.0,5,0,0,0.0,0,2,246,2,0,0,0,0,0,0.0,
Jake Pitcher,44607,ED,UTAH ST,7,0,3.0,100.0,11.1,4.0,4.0,0,0,0,0.0,329,52.5,55.7,13.2,64.3,57.2,26.6,0,7,50.0,1,0,1,95.8,1,4,36,0,1,1,0,7,4,1.8,7.0
Nizaire Cromartie,44612,ED,NAVY,13,1,8.8,66.7,25.2,13.7,9.1,0,0,0,0.0,237,51.5,67.2,91.2,69.9,67.1,62.7,0,52,27.3,3,0,0,109.7,6,83,329,6,7,9,0,125,65,1.5,20.8
Leki Fotu,44614,DI,UTAH,13,0,,,1.0,,,1,0,0,,328,63.8,75.7,66.2,61.0,83.4,82.5,0,,0.0,0,0,2,0.0,0,3,301,6,4,0,0,0,0,0.0,
Rakavian Poydras,44617,DI,MIDDLE TN,12,1,,,0.8,,,0,0,0,,224,65.8,68.4,85.3,62.0,68.2,65.4,0,,0.0,0,0,0,0.0,0,2,242,2,4,0,0,0,0,0.0,
Jeffery Pooler Jr.,44627,ED,W VIRGINIA,12,1,5.0,100.0,5.3,13.0,13.0,0,0,0,0.0,343,64.2,66.5,69.7,54.4,75.6,71.4,0,5,40.0,2,0,1,87.5,1,14,264,3,2,1,0,5,0,0.4,5.0
Francis Bernard,44722,LB,UTAH,14,3,2.4,82.1,75.4,15.4,12.7,0,2,1,3.6,328,71.9,75.3,13.4,63.3,79.9,52.6,2,26,26.5,9,1,3,72.9,23,368,488,12,22,28,1,162,122,0.5,7.0
Khai Anderson,44731,CB,GA STATE,4,0,,,100.0,,,0,0,0,,175,62.5,65.1,71.1,,64.8,73.5,0,,,0,0,0,0.0,0,4,4,0,0,0,0,0,0,0.0,
Nick Basquine,44829,WR,OKLAHOMA,1,0,,,100.0,,,0,0,0,,261,60.0,62.4,60.0,,,,0,,,0,0,1,0.0,0,1,1,0,0,0,0,0,0,0.0,
Noruwa Obanor,44957,S,NAVY,9,1,15.5,50.0,92.5,18.0,9.0,0,0,1,25.0,237,66.3,63.9,0.0,55.9,68.0,79.7,0,28,0.0,0,0,1,79.2,2,37,40,0,1,4,0,34,12,0.9,17.0
Ja'Cquez Williams,45037,LB,WAKE,12,0,2.1,87.5,88.0,9.0,7.8,0,0,1,4.2,339,76.3,73.6,83.5,68.3,66.1,77.8,0,23,9.1,2,1,1,109.0,21,191,217,14,20,24,1,164,124,0.9,7.8
Luke Masterson,45046,S,WAKE,6,0,8.2,64.3,85.3,13.3,8.6,0,0,2,14.3,339,58.2,60.6,84.9,76.6,56.3,36.3,0,28,50.0,3,2,0,84.5,9,128,150,2,3,14,0,97,57,0.8,10.8
Keegan Good,45096,S,WAKE,1,0,10.0,0.0,100.0,,1.0,0,0,0,0.0,339,60.0,78.6,99.9,,60.1,,1,,,0,0,0,0.0,0,1,1,0,0,1,0,0,0,0.0,
Chauncey Mason,45156,HB,FAU,1,0,,,100.0,,,0,0,0,,165,60.0,62.4,60.0,,,,0,,,0,0,0,0.0,0,1,1,0,0,0,0,0,0,0.0,
Traveon Redd,45187,S,WAKE,13,3,4.5,56.4,84.1,13.1,7.4,0,0,3,7.7,339,61.5,66.5,59.4,62.5,77.2,70.1,0,19,21.1,4,1,1,89.6,22,292,347,7,12,39,2,219,148,0.8,10.0
Tyrone Hill Jr.,45197,S,BUFFALO,13,4,11.9,63.6,99.5,12.6,8.0,0,4,8,18.2,126,65.5,67.4,89.3,56.6,69.6,71.6,0,52,7.3,3,8,2,122.2,28,377,379,10,34,44,4,388,112,1.1,13.9
Justin Mulbah,45208,LB,BUFFALO,2,0,,,33.3,,,0,0,0,,126,60.0,54.1,70.2,60.0,52.9,26.5,0,,100.0,1,0,0,0.0,0,1,3,0,0,0,0,0,0,0.0,
Kaelin Himphill,45248,LB,S DIEGO ST,2,0,,,66.7,,,0,0,0,,284,60.6,61.9,72.9,59.5,60.6,,0,,,0,0,0,0.0,0,2,3,0,0,0,0,0,0,0.0,
Terrell Burgess,45255,S,UTAH,14,3,7.8,65.0,90.7,16.5,10.7,0,2,6,15.0,328,90.4,85.3,86.6,69.8,73.6,78.9,1,34,6.1,2,5,0,65.6,26,446,492,11,28,40,0,190,87,0.4,7.3
Essang Bassey,45258,CB,WAKE,13,3,12.5,55.6,98.7,11.4,6.3,0,2,9,12.5,339,73.1,72.9,85.4,50.2,71.4,47.2,1,40,29.5,13,7,0,88.3,40,472,478,7,28,72,4,470,188,1.0,11.8
Kadofi Wright,45281,LB,BUFFALO,10,2,6.9,60.9,87.1,13.4,8.1,0,0,1,4.3,126,84.3,85.5,81.6,90.3,77.2,67.2,2,21,18.8,3,1,0,36.7,14,202,232,10,11,23,0,111,56,0.6,7.9
Jordan Milburn,45282,LB,HOUSTON,1,0,,,100.0,,,0,0,0,,182,60.8,66.5,69.5,,65.1,73.2,0,,,0,0,0,0.0,0,3,3,0,0,0,0,0,0,0.0,
Omari Alexander,45288,CB,W KENTUCKY,13,0,8.6,50.0,96.4,21.3,10.7,0,1,4,33.3,346,77.8,75.7,85.4,64.4,65.9,46.6,0,16,100.0,2,4,0,66.7,6,134,139,0,0,12,0,66,58,0.5,11.0
Robert Scott,45321,CB,DOMINION,12,0,5.0,100.0,90.4,10.8,10.8,0,0,0,0.0,263,49.1,52.7,0.0,57.0,63.8,82.6,0,14,0.0,0,0,1,157.3,4,47,52,0,2,4,1,49,29,1.1,12.3
Jordan Fuller,45326,S,OHIO STATE,14,7,7.0,66.7,100.0,51.0,34.0,1,1,5,41.7,260,88.0,83.7,52.1,,71.3,82.2,2,24,3.0,1,4,1,44.4,8,426,426,2,25,12,0,76,27,0.2,9.5
DeQuarius Henry,45340,ED,UTSA,11,0,,,3.2,,,0,0,0,,331,62.3,65.7,86.0,65.2,62.2,41.8,0,,50.0,1,0,0,0.0,0,5,156,6,1,0,0,0,0,0.0,
Kirk Johnson Jr.,45360,WR,UTSA,1,0,,,100.0,,,0,0,0,,331,60.0,55.6,60.0,,,,0,,,0,0,0,0.0,0,1,1,0,0,0,0,0,0,0.0,
Eyioma Uwazurike,45414,ED,IOWA STATE,13,0,,,0.3,,,0,0,0,,193,52.1,64.3,85.5,56.8,71.6,57.3,0,,66.7,2,0,0,0.0,0,1,342,2,1,0,0,0,0,0.0,
Zech McPhearson,45464,CB,TEXAS TECH,12,1,11.6,48.2,99.8,16.1,7.8,1,0,8,14.3,315,74.1,75.6,87.7,60.0,76.6,67.2,0,47,11.8,4,5,4,71.7,27,468,469,10,29,56,1,315,148,0.7,11.7
Jarren Hampton,45468,S,OHIO,13,3,11.5,71.2,99.8,10.1,7.2,0,0,5,9.6,259,56.3,55.0,89.5,60.0,50.1,52.4,0,74,12.2,6,4,1,123.0,37,401,402,17,40,52,3,529,247,1.4,14.3
Eric Banks,45507,ED,UTSA,12,0,-5.0,100.0,2.5,7.0,7.0,0,0,0,0.0,331,65.2,63.9,35.4,64.4,63.4,72.3,0,7,50.0,2,0,3,95.8,1,7,275,3,2,1,0,7,12,1.0,7.0
Christian Bell,45514,ED,WISCONSIN,6,1,3.0,100.0,35.7,15.0,15.0,0,0,0,0.0,349,57.9,60.9,82.3,58.7,63.5,78.9,0,27,0.0,0,0,0,118.8,1,15,42,1,0,1,0,27,24,1.8,27.0
Teddrick McGhee,45533,CB,UTSA,6,0,7.3,83.3,100.0,7.6,6.3,0,0,0,0.0,331,57.1,60.8,77.7,,72.8,64.9,0,13,20.0,1,0,1,129.2,5,42,42,3,4,6,1,33,7,0.9,6.6
Solomon Wise,45534,ED,UTSA,8,2,,,8.3,,,0,0,0,,331,66.1,56.5,18.3,72.9,35.3,54.7,0,,0.0,0,0,1,0.0,0,5,60,2,2,0,0,0,0,0.0,
Brenndan Johnson,45543,CB,LA LAFAYET,13,2,3.5,86.7,96.7,10.5,9.1,0,0,1,6.7,207,66.3,65.4,83.9,73.8,53.1,70.3,0,23,8.3,1,1,0,106.9,13,145,150,1,9,15,0,145,95,1.1,11.2
Brandon Stephens,45644,CB,SMU,13,0,15.4,49.3,99.2,13.8,6.8,0,1,12,16.4,287,72.1,72.4,86.7,50.2,68.8,80.7,0,58,5.1,2,11,1,99.9,36,518,522,10,37,73,5,593,165,1.2,16.5
Jack Dunn,47396,WR,WISCONSIN,1,0,,,100.0,,,0,0,0,,349,60.0,62.7,60.0,,60.0,,0,,,0,0,1,0.0,0,1,1,0,0,0,0,0,0,0.0,
Blake Lynch,47621,LB,BAYLOR,14,10,5.3,75.9,82.8,9.5,7.2,0,0,4,7.4,118,65.4,65.1,64.2,70.1,61.3,53.4,2,28,18.8,9,3,2,84.3,41,408,493,18,29,54,1,366,199,0.9,8.9
Keith Mixon Jr.,47622,WR,W MICHIGAN,1,0,,,100.0,,,0,0,0,,347,60.0,55.6,60.0,,,,0,,,0,0,0,0.0,0,1,1,0,0,0,0,0,0,0.0,
Isaac James-Gray,47706,CB,BALL ST,1,0,,,75.0,,,0,0,0,,117,63.7,69.4,68.8,63.0,,74.8,0,,0.0,0,0,0,0.0,0,3,4,0,1,0,0,0,0,0.0,
Michael Jacquet,47826,CB,LA LAFAYET,13,1,11.6,50.0,97.8,12.0,6.0,1,1,4,9.5,207,74.0,76.9,85.2,85.0,76.0,86.3,2,26,4.5,1,3,2,44.9,21,262,268,7,20,42,0,212,47,0.8,10.1
Anthony Hawkins,47922,CB,COLO STATE,8,1,12.3,57.9,95.6,9.2,5.3,1,1,2,10.5,144,38.7,41.8,0.0,52.5,62.3,37.6,0,38,37.5,3,2,2,121.4,11,108,113,1,4,19,2,164,47,1.6,14.9
Scotty Washington,47964,WR,WAKE,1,0,48.0,0.0,100.0,,1.0,0,0,1,100.0,339,60.0,60.0,63.1,,,,0,,,0,1,1,39.6,0,1,1,0,0,1,0,0,0,0.0,
Stantley Thomas-Oliver III,47981,CB,FIU,13,3,11.9,61.4,99.3,10.8,6.6,0,1,10,17.5,166,64.2,69.5,87.6,93.2,76.0,66.7,1,52,16.3,7,7,2,99.3,35,408,411,10,33,57,3,490,151,1.3,14.0
Donavan Hale,48121,WR,INDIANA,1,0,,,100.0,,,0,0,0,,190,60.0,60.0,64.7,,,,0,,,0,0,2,0.0,0,1,1,0,0,0,0,0,0,0.0,
Seth Dawkins,48176,WR,LOUISVILLE,1,0,,,100.0,,,0,0,0,,210,60.0,60.0,63.7,,,,0,,,0,0,2,0.0,0,1,1,0,0,0,0,0,0,0.0,
Anton Curtis,48264,CB,W MICHIGAN,13,2,11.9,70.5,100.0,13.1,9.3,0,1,5,11.4,347,60.7,62.0,0.0,,76.5,71.1,0,46,15.2,5,2,6,131.8,31,432,432,6,26,44,4,430,216,1.1,13.9
Hasise Dubois,48298,WR,VIRGINIA,1,0,,,100.0,,,2,0,0,,335,60.0,60.4,61.5,,60.0,,0,,,0,0,6,0.0,0,1,1,0,0,0,0,0,0,0.0,
Jonathan Hodoh,48300,WR,LA MONROE,1,0,,,100.0,,,0,0,0,,209,60.0,62.8,60.0,,60.0,,0,,,0,0,3,0.0,0,1,1,0,0,0,0,0,0,0.0,
Dezmon Patmon,48329,WR,WASH STATE,2,0,,,100.0,,,1,0,0,,341,63.4,62.5,66.2,,,74.3,0,,0.0,0,0,2,0.0,0,2,2,0,1,0,0,0,0,0.0,
Dean Lemon,48394,ED,MIAMI OH,14,0,,,1.6,,,0,0,0,,221,63.0,75.3,43.6,66.8,78.5,71.5,0,,0.0,0,0,2,0.0,0,3,188,2,1,0,0,0,0,0.0,
Jonathan Greenard,48407,ED,FLORIDA,12,1,,,6.0,,,0,0,0,,163,73.9,90.5,57.9,88.0,87.7,57.0,1,,44.4,4,0,2,0.0,0,20,335,9,4,0,0,0,0,0.0,
Alex Davis,48417,ED,NEBRASKA,12,0,6.3,77.8,21.3,9.0,7.0,0,0,0,0.0,238,68.5,62.7,90.7,65.0,54.2,58.1,1,27,44.4,4,0,0,61.8,7,64,300,4,5,9,0,75,42,1.2,10.7
Sam Miller,48425,ED,LA MONROE,10,0,2.0,100.0,0.8,1.0,1.0,0,0,0,0.0,209,51.2,64.0,87.1,67.5,61.3,57.5,0,6,0.0,0,0,0,91.7,1,1,130,2,1,1,0,6,4,6.0,6.0
Fermin Silva,48441,ED,MARSHALL,11,0,,,0.9,,,0,0,0,,214,48.3,59.1,14.4,58.5,69.0,65.4,0,,,0,0,2,0.0,0,1,106,1,0,0,0,0,0,0.0,
Wyatt Cook,48446,LB,MARYLAND,3,0,,,100.0,,,0,0,0,,215,63.5,63.3,72.3,,60.6,44.7,0,,,0,0,0,0.0,0,8,8,0,0,0,0,0,0,0.0,
James Smith-Williams,48455,ED,NC STATE,7,1,,,2.7,,,0,0,0,,248,59.9,69.0,57.7,60.6,76.1,75.5,0,,0.0,0,0,1,0.0,0,5,188,2,1,0,0,0,0,0.0,
Fletcher Adams,48483,ED,MISS STATE,8,0,,,2.2,,,0,0,0,,227,60.1,67.2,83.4,65.1,65.2,70.5,0,,,0,0,0,0.0,0,2,93,1,0,0,0,0,0,0.0,
Josh Ward,48546,ED,AKRON,12,2,7.8,66.7,27.1,15.5,10.3,0,0,1,16.7,102,62.9,72.3,73.1,70.6,72.2,78.5,0,23,16.7,1,1,1,122.9,4,62,229,4,3,6,1,37,17,0.6,9.3
Jason Strowbridge,48547,DI,N CAROLINA,12,0,,,2.4,,,0,0,0,,245,63.6,78.4,44.0,70.1,82.5,47.9,0,,22.2,2,0,3,0.0,0,10,410,8,7,0,0,0,0,0.0,
Winston DeLattiboudere,48550,ED,MINNESOTA,13,1,-7.0,100.0,2.4,4.0,4.0,0,0,0,0.0,225,58.5,68.6,86.1,61.3,71.0,42.3,0,-1,50.0,2,0,0,79.2,1,5,212,1,1,1,0,-1,6,-0.3,-1.0
Torrence Brown,48559,ED,SO MISS,6,1,5.3,50.0,32.6,6.5,3.3,0,1,1,25.0,296,68.0,68.5,81.8,63.7,65.5,54.6,0,11,0.0,0,1,0,62.5,2,14,43,0,1,4,0,18,9,1.4,9.0
Jalen Bates,48616,ED,COLO STATE,12,0,-6.0,100.0,6.6,18.0,18.0,0,0,0,0.0,144,64.6,68.0,43.4,67.9,67.2,72.6,0,-5,50.0,1,0,3,79.2,1,20,305,2,1,1,0,-5,1,-0.3,-5.0
Noah Jefferson,48663,DI,FAU,13,2,,,4.3,,,1,0,0,,165,54.3,63.3,23.6,65.7,68.1,72.1,0,,40.0,2,0,3,0.0,0,11,257,3,1,0,0,0,0,0.0,
Edgar Cerenord,48700,DI,DUKE,12,2,,,0.5,,,0,0,0,,154,75.5,68.2,60.7,55.2,71.9,73.8,1,,0.0,0,0,1,0.0,0,1,221,2,1,0,0,0,0,0.0,
Aaron Crawford,48721,DI,N CAROLINA,13,2,,,0.5,,,0,0,0,,245,57.4,86.4,77.0,68.4,91.3,59.9,0,,16.7,1,0,1,0.0,0,2,374,6,3,0,0,0,0,0.0,
Nick Dehdashtian,48733,ED,UNLV,7,0,,,0.9,,,0,0,0,,325,60.4,73.5,83.7,70.2,70.7,55.4,0,,0.0,0,0,0,0.0,0,1,116,1,1,0,0,0,0,0.0,
Marlon Davidson,48741,ED,AUBURN,12,1,-8.0,100.0,0.3,1.0,1.0,0,0,0,0.0,115,67.6,81.2,17.8,83.3,76.5,73.7,0,1,20.0,2,0,5,79.2,1,1,376,12,7,1,0,1,9,1.0,1.0
G.G. Robinson,48834,DI,LOUISVILLE,13,2,,,0.3,,,1,0,0,,210,61.4,66.3,72.8,65.4,64.2,32.1,0,,50.0,4,0,1,0.0,0,1,343,6,2,0,0,0,0,0.0,
George Lea,48879,ED,ARIZONA ST,10,2,2.0,0.0,2.5,,5.0,0,0,0,0.0,110,56.7,71.6,61.0,62.5,80.0,66.0,0,,25.0,1,0,1,39.6,0,5,201,3,1,1,0,0,0,0.0,
Amir Watts,48970,DI,PITTSBURGH,13,1,,,0.4,,,1,0,0,,268,53.8,69.1,30.1,68.4,72.6,37.2,0,,75.0,3,0,4,0.0,0,1,264,1,0,0,0,0,0,0.0,
Khalil Bryant,49009,S,INDIANA,13,0,11.4,61.1,99.0,15.6,9.6,0,0,0,0.0,190,53.2,61.3,85.4,58.2,71.6,82.5,0,52,5.6,1,0,1,115.5,11,191,193,4,17,18,1,190,80,1.1,17.3
Rodney Clemons,49028,S,SMU,13,6,10.6,54.4,99.5,16.7,9.1,0,1,9,15.8,287,79.2,78.0,34.7,55.6,77.3,62.9,4,36,15.7,8,9,2,56.3,31,543,546,5,37,57,3,281,117,0.5,9.1
B.J. Edmonds,49035,S,ARK STATE,13,5,11.7,51.2,97.8,23.4,12.0,0,3,7,16.3,113,62.4,59.7,38.7,59.8,57.2,53.7,2,39,16.3,7,6,2,90.6,22,537,549,10,31,43,5,273,102,0.5,12.4
Larry Pryor,49053,S,TEXAS A&M,5,2,11.2,50.0,100.0,14.0,7.0,0,0,1,16.7,312,44.3,61.3,78.1,,88.3,88.4,0,13,0.0,0,1,0,102.1,3,44,44,0,2,6,1,27,11,0.6,9.0
Jamari Bozeman,49057,S,BOWL GREEN,10,2,9.8,67.7,96.2,13.6,9.2,0,2,6,19.4,122,59.3,55.9,88.5,54.8,49.2,70.6,1,24,8.7,2,5,1,103.7,21,301,313,2,19,31,2,276,142,1.0,13.1
Khaleke Hudson,49073,LB,MICHIGAN,13,2,3.5,88.6,78.1,8.1,7.2,1,0,1,2.3,222,60.6,65.3,27.2,69.7,68.6,78.0,0,34,15.6,5,1,5,114.0,39,338,433,9,25,44,2,340,221,1.1,8.7
Navon Mosley,49115,S,PURDUE,12,2,8.4,75.0,98.6,17.9,13.4,1,0,2,8.3,273,63.1,60.1,52.8,56.6,55.5,72.5,0,42,4.5,1,2,1,125.5,18,342,347,5,19,24,2,191,98,0.6,10.6
Myles Hartsfield,49159,CB,OLE MISS,12,6,9.4,70.2,96.3,9.6,6.7,0,0,4,7.0,226,73.3,71.6,87.0,53.7,63.6,67.0,1,35,10.3,4,2,0,89.7,40,395,410,10,29,57,1,419,209,1.1,10.5
Justin Tranquill,49177,S,W MICHIGAN,13,4,9.4,60.0,93.8,19.1,11.5,0,1,2,5.7,347,79.1,77.1,89.4,60.9,70.0,83.4,2,19,7.5,3,1,0,50.8,21,423,451,8,33,35,0,189,91,0.5,9.0
Deontay Anderson,49179,S,HOUSTON,11,2,14.8,51.7,98.1,26.6,13.8,0,2,6,20.7,182,46.1,46.0,20.3,67.8,48.9,62.1,0,32,14.8,4,6,2,103.2,15,415,423,4,21,29,3,164,40,0.4,10.9
Romeo Finley,49182,LB,MIAMI FL,13,2,7.2,56.1,94.9,11.6,6.5,0,0,5,12.2,220,67.9,64.5,50.9,61.4,60.2,32.6,1,49,21.7,5,3,3,68.4,23,282,297,5,16,41,1,213,151,0.8,9.3
Desmond Franklin,49207,S,APP STATE,13,0,10.6,60.0,98.4,19.0,11.4,0,3,7,20.0,108,64.6,68.8,20.7,63.9,78.8,52.2,1,37,25.9,7,4,2,121.2,21,424,431,3,20,35,4,361,160,0.9,17.2
Khane Pass,49210,S,LOUISVILLE,13,3,8.3,73.9,96.4,24.4,18.0,0,0,2,8.7,210,64.8,63.3,87.2,59.2,59.5,59.3,0,60,18.9,7,0,0,129.8,17,426,442,5,27,23,1,285,157,0.7,16.8
Devin Studstill,49214,S,USF,12,5,9.5,66.7,94.4,22.0,14.7,0,0,4,19.0,327,74.1,67.9,54.3,68.1,56.1,55.3,1,51,12.8,5,2,1,91.2,14,322,341,9,29,21,1,189,98,0.6,13.5
Khalil Oliver,49219,LB,MISSOURI,12,1,9.5,37.5,82.3,22.8,8.5,2,1,7,29.2,229,84.5,74.4,5.4,70.6,62.5,73.1,0,25,0.0,0,5,4,53.1,9,219,266,5,10,24,0,114,39,0.6,12.7
Antwan Cordy,49233,CB,SYRACUSE,11,0,10.4,55.8,97.7,10.3,5.7,0,0,9,20.9,304,52.0,52.3,33.3,65.6,55.1,52.5,0,87,17.6,3,6,2,95.5,24,258,264,5,14,43,1,404,229,1.6,16.8
Evan Rambo,49241,LB,TEXAS TECH,6,2,1.4,60.0,67.3,11.0,6.6,0,0,1,20.0,315,87.0,79.8,77.6,70.7,66.5,62.6,1,9,0.0,0,1,0,25.0,3,35,52,3,4,5,0,10,8,0.3,3.3
Robert Knowles,49285,S,MIAMI FL,13,2,9.1,55.6,96.0,27.4,15.2,0,0,3,16.7,220,73.8,72.1,42.0,58.5,69.5,73.8,0,30,11.1,2,3,1,94.2,10,285,297,4,14,18,1,118,40,0.4,11.8
Myles Dorn,49299,S,N CAROLINA,13,4,10.0,68.2,95.9,14.9,10.2,0,2,5,11.4,245,62.6,62.6,89.3,65.9,59.2,58.1,2,55,14.0,6,3,1,80.4,30,469,489,9,33,44,1,347,197,0.8,11.6
Reggie Floyd,49308,S,VA TECH,13,1,9.3,52.8,98.5,22.8,12.0,0,0,9,25.0,337,74.2,67.8,21.6,62.4,60.5,69.6,0,67,10.0,3,7,3,89.4,19,454,461,5,26,36,1,294,171,0.7,15.5
Jeff James,49310,LB,FAU,4,0,11.0,100.0,76.5,13.0,13.0,0,0,0,0.0,165,45.7,44.5,75.1,57.6,53.9,,0,3,,0,0,0,118.8,1,13,17,0,0,1,1,3,0,0.2,3.0
Carl Austin III,49319,S,UTSA,12,3,7.8,80.8,97.4,16.7,13.5,0,0,2,7.7,331,57.9,60.8,86.0,53.2,65.0,47.5,0,46,31.0,9,1,0,134.1,21,371,381,4,17,26,2,261,123,0.7,12.4
Mike Lee,49332,S,KANSAS,12,4,8.0,68.3,99.1,11.3,7.7,0,2,1,2.4,198,63.3,66.6,14.1,56.9,77.6,74.6,1,42,15.0,6,1,3,99.4,28,332,335,8,30,41,2,338,167,1.1,12.1
Carl Jones,49341,CB,SYRACUSE,3,0,13.8,25.0,100.0,38.0,9.5,0,0,2,50.0,304,69.3,69.4,77.2,,63.4,74.2,0,6,,0,0,0,39.6,1,40,40,0,0,4,0,6,2,0.2,6.0
Kindle Vildor,49346,CB,GA SOUTHRN,11,0,12.2,61.7,100.0,10.1,6.3,1,1,5,10.6,174,63.0,65.0,85.1,,70.4,31.4,2,29,29.6,8,4,5,78.2,29,313,313,7,19,47,2,319,112,1.1,11.0
A'Shon Riggins,49373,CB,INDIANA,2,0,0.0,0.0,87.5,,7.0,0,0,0,0.0,190,64.5,65.2,73.8,60.0,63.4,,0,,,0,0,0,39.6,0,7,8,0,0,1,0,0,0,0.0,
Jaylon Jones,49374,CB,OLE MISS,10,2,13.2,51.2,99.6,12.4,6.4,0,0,6,14.6,226,63.5,62.0,83.8,59.0,53.7,55.5,0,49,20.0,5,3,0,99.3,21,266,267,5,18,41,3,297,110,1.1,14.1
John Reid,49381,CB,PENN STATE,13,3,12.0,61.4,98.2,10.4,6.4,1,2,11,19.3,266,73.0,73.4,86.5,58.9,69.8,82.5,2,56,3.1,1,7,6,90.6,35,382,389,9,28,57,3,471,138,1.3,13.5
Javaris Davis,49432,CB,AUBURN,13,2,9.7,56.4,98.3,10.8,6.1,3,0,10,18.2,115,79.9,76.0,0.0,64.4,64.4,61.7,2,41,18.5,5,8,7,70.0,31,356,362,10,20,55,2,316,124,0.9,10.2
Julian Blackmon,49434,S,UTAH,12,2,15.8,65.4,98.6,23.8,15.6,0,3,5,19.2,328,88.7,89.6,88.1,76.4,78.7,82.8,4,42,16.7,5,5,0,61.9,17,418,424,9,23,26,1,200,88,0.5,11.8
Daniel Brown,49436,CB,NEVADA,10,6,11.8,60.3,99.7,8.8,5.3,0,0,8,12.7,239,75.8,76.5,85.5,58.7,73.7,75.4,4,75,5.3,2,4,3,78.7,38,347,348,14,30,63,4,478,171,1.4,12.6
Allan Koikoi,49447,S,MIAMI OH,3,0,,,100.0,,,0,0,0,,221,61.4,61.3,78.6,,60.2,48.7,0,,0.0,0,0,0,0.0,0,19,19,0,2,0,0,0,0,0.0,
Shaun Crawford,49469,CB,NOTRE DAME,11,1,10.9,51.5,97.3,12.3,6.3,0,0,4,12.1,258,62.8,64.6,84.6,65.9,67.4,71.9,1,43,5.6,1,1,1,67.1,17,217,223,7,16,33,1,195,59,0.9,11.5
Nick Harvey,49476,CB,N TEXAS,12,1,13.5,68.7,99.8,9.3,6.4,0,1,8,11.9,251,69.3,67.4,55.0,60.0,59.3,66.4,1,80,6.3,3,5,6,113.4,46,457,458,8,44,67,4,650,218,1.5,14.1
Jalen Thompson,49477,CB,S ALABAMA,10,1,11.0,54.2,99.0,14.8,8.0,0,2,3,12.5,288,73.3,72.2,84.4,59.2,64.3,42.9,1,38,21.4,3,3,0,91.5,13,198,200,4,10,24,2,195,51,1.0,15.0
D'Angelo Ellis,49479,CB,RICE,2,0,14.3,71.4,100.0,4.8,3.4,0,0,1,14.3,275,58.1,56.8,76.3,,53.6,25.9,0,59,50.0,2,1,0,153.3,5,25,25,1,2,7,2,96,41,4.0,19.2
Chris Williamson,49490,CB,MINNESOTA,13,3,7.3,72.9,94.5,9.1,6.7,1,0,2,4.2,225,58.9,61.2,87.0,70.9,61.3,51.1,1,26,23.5,8,1,2,90.8,35,341,361,10,23,48,1,342,137,1.1,9.8
Douglas Coleman II,49498,S,TEXAS TECH,12,1,14.4,60.9,98.7,31.4,19.1,0,1,1,4.3,315,79.7,76.6,58.6,65.1,69.2,68.1,8,49,11.8,4,1,2,79.2,14,470,476,5,29,23,1,284,122,0.6,20.3
Emmanuel Rugamba,49501,CB,MIAMI OH,13,1,12.3,54.9,97.7,10.0,5.5,1,1,10,12.2,221,76.6,72.8,58.3,74.5,58.8,56.5,1,36,7.5,4,5,7,85.2,45,470,481,20,48,82,5,435,107,1.0,9.7
Christopher Fredrick,49525,CB,SYRACUSE,12,0,11.5,60.6,97.8,9.8,5.9,0,0,8,11.3,304,64.5,64.3,57.5,52.1,64.7,60.4,3,75,15.8,6,6,3,105.2,43,440,450,4,32,71,5,797,357,1.9,18.5
Blair Manly,49531,CB,NEW MEXICO,1,0,,,100.0,,,0,0,0,,241,63.5,65.7,73.0,,63.7,73.5,0,,,0,0,0,0.0,0,6,6,0,0,0,0,0,0,0.0,
Kamar Greenhouse,49532,CB,LA LAFAYET,8,0,17.2,64.7,95.9,5.7,3.7,0,0,2,11.8,207,48.7,50.2,79.3,71.7,52.3,44.8,1,49,25.0,2,2,1,97.4,11,70,73,0,6,17,1,189,63,3.0,17.2
Nick McCloud,49535,CB,NC STATE,2,2,8.6,70.0,98.1,7.1,5.0,0,0,2,20.0,248,66.0,65.1,78.6,60.0,58.2,63.7,0,33,0.0,0,2,0,127.5,7,52,53,2,4,10,1,81,19,1.6,11.6
JuJu Hughes,49545,S,FRESNO ST,12,3,8.3,62.5,98.1,14.9,9.3,0,0,6,12.5,169,80.5,77.2,89.8,67.5,63.9,66.2,2,69,18.4,7,6,0,87.0,30,468,477,11,28,48,2,418,258,0.9,13.9
Ashtyn Davis,49560,S,CAL,11,9,8.0,60.6,95.7,18.2,11.0,0,0,3,9.1,130,73.8,72.2,53.0,61.1,68.9,75.9,2,45,12.2,5,2,2,84.7,20,378,395,5,27,33,2,294,139,0.8,14.7
Keisean Lucier-South,49597,ED,UCLA,9,0,0.1,87.5,10.6,4.1,3.6,0,0,0,0.0,324,57.9,67.5,89.6,68.5,62.9,35.2,0,21,40.0,2,0,0,97.9,7,30,283,4,3,8,0,60,65,2.1,8.6
Markus Bailey,49681,LB,PURDUE,2,1,1.5,100.0,85.8,9.7,9.7,0,0,1,10.0,273,73.2,74.8,83.4,90.3,53.1,51.8,0,23,18.2,2,1,0,131.7,10,103,120,5,8,10,1,76,61,0.8,7.6
Kevin Henry,49713,LB,OKLA STATE,12,2,-0.6,100.0,75.7,9.0,9.0,0,0,1,11.1,262,58.2,64.3,77.5,55.5,74.0,45.5,0,26,41.7,5,1,0,112.5,9,84,111,3,5,9,0,99,104,1.2,11.0
Brandon Wellington,49733,LB,WASHINGTON,13,5,4.8,82.2,83.9,8.9,7.3,0,0,0,0.0,340,43.7,52.1,85.3,61.3,58.0,65.2,0,21,15.6,5,0,1,97.7,37,339,404,2,22,45,0,335,183,1.0,9.1
Cooper Edmiston,49748,LB,TULSA,12,2,7.8,70.0,85.5,43.6,30.5,0,0,1,10.0,320,68.0,60.4,87.5,49.3,57.5,66.9,0,39,13.3,2,1,0,135.4,7,335,392,8,11,10,1,100,59,0.3,14.3
Kumonde Hines,49750,ED,TEXAS ST,8,0,,,10.4,,,0,0,0,,314,62.4,56.1,80.5,56.1,55.4,55.2,0,,,0,0,0,0.0,0,5,48,1,0,0,0,0,0,0.0,
Antoine Brooks Jr.,49751,S,MARYLAND,12,6,7.4,67.3,87.8,10.2,6.8,0,1,3,5.5,215,66.1,76.5,65.1,73.5,90.8,85.6,1,79,7.1,3,2,1,82.8,37,395,450,12,33,55,1,345,211,0.9,9.3
Terik Miller,49785,CB,LA LAFAYET,14,4,8.4,68.4,89.9,14.4,9.8,0,0,2,10.5,207,63.3,62.5,86.5,68.3,57.4,66.1,0,63,13.3,2,2,2,108.4,13,195,217,4,9,19,1,145,79,0.8,11.2
Joe Dillon,49790,ED,LA LAFAYET,14,0,7.3,83.3,23.9,10.6,8.8,1,0,1,16.7,207,57.4,65.5,44.8,76.0,58.4,68.3,0,21,40.0,2,1,2,97.9,5,53,222,9,3,6,0,45,19,0.8,9.0
Todd Bradley-Glenn,49811,LB,GA SOUTHRN,11,0,7.2,72.7,89.6,8.4,6.1,0,0,0,0.0,174,43.6,39.1,80.4,52.7,41.7,33.5,0,22,33.3,3,0,1,93.8,8,69,77,1,6,11,0,82,35,1.2,10.3
DeDarallo Blue,49869,LB,TOLEDO,12,2,7.0,83.3,80.8,13.7,11.4,0,0,2,8.3,316,51.9,50.6,86.7,58.5,49.1,64.2,0,39,10.0,2,2,0,127.1,20,290,359,2,16,24,1,268,150,1.0,13.4
Robert Revels III,49871,LB,TULSA,3,0,,,71.4,,,0,0,0,,320,63.6,66.3,74.0,57.6,65.2,76.5,0,,0.0,0,0,0,0.0,0,5,7,1,1,0,0,0,0,0.0,
Nico Lautanen,49908,DI,BOWL GREEN,12,0,7.0,0.0,2.3,,7.0,1,0,0,0.0,122,55.6,63.9,38.2,64.5,65.5,49.3,0,,25.0,1,0,3,39.6,0,7,298,3,3,1,0,0,0,0.0,
Kuony Deng,49921,LB,CAL,13,8,4.5,81.3,83.9,7.5,6.1,0,0,7,9.3,130,29.9,49.2,63.7,69.0,60.9,61.6,0,29,21.2,11,5,1,113.1,61,469,559,12,33,75,3,595,372,1.3,9.8
Ty Phillips,49997,DI,GA SOUTHRN,13,0,,,1.6,,,2,0,0,,174,55.9,66.4,27.2,68.8,67.5,65.7,0,,50.0,1,0,4,0.0,0,5,304,3,1,0,0,0,0,0.0,
Baylen Baker,50040,DI,UTSA,12,0,,,0.5,,,0,0,0,,331,59.5,67.8,87.4,56.8,71.5,61.7,0,,,0,0,0,0.0,0,1,209,0,0,0,0,0,0,0.0,
Christopher 'Unga,50041,DI,UTAH ST,13,0,,,0.4,,,0,0,0,,329,59.2,71.5,85.6,63.9,72.6,45.4,0,,50.0,1,0,0,0.0,0,1,279,1,1,0,0,0,0,0.0,
Broderick Washington,50049,ED,TEXAS TECH,12,1,,,0.5,,,0,0,1,,315,65.5,72.5,85.7,63.5,73.6,43.0,0,,33.3,2,0,0,0.0,0,2,382,3,3,0,0,0,0,0.0,
Elu Aydon,50053,DI,OREGON ST,12,0,,,1.1,,,0,0,0,,265,69.6,72.8,70.6,57.7,78.2,65.6,0,,0.0,0,0,1,0.0,0,3,266,2,2,0,0,0,0,0.0,
Jackson Pittman,50057,DI,NAVY,13,1,,,0.4,,,0,0,0,,237,59.4,69.0,69.7,61.5,71.7,54.2,0,,50.0,1,0,1,0.0,0,1,241,0,0,0,0,0,0,0.0,
James Lockhart,50065,ED,BAYLOR,14,0,,,0.9,,,1,0,0,,118,59.6,76.4,52.1,73.6,76.4,45.7,0,,75.0,3,0,3,0.0,0,4,457,7,1,0,0,0,0,0.0,
Richard Yeargin,50122,ED,BOSTON COL,13,0,,,0.9,,,0,0,0,,121,60.1,67.7,85.4,56.9,73.8,51.4,0,,100.0,3,0,0,0.0,0,2,229,0,0,0,0,0,0,0.0,
Delontae Scott,50185,ED,SMU,13,0,,,0.3,,,0,0,0,,287,62.4,87.1,56.9,81.4,86.0,73.4,0,,40.0,2,0,2,0.0,0,1,383,10,3,0,0,0,0,0.0,
Malcolm Roach,50191,ED,TEXAS,13,1,9.0,0.0,3.3,,5.5,1,0,1,50.0,311,77.0,79.6,20.6,69.8,84.7,65.8,0,,14.3,1,0,5,39.6,0,12,360,6,5,2,0,0,0,0.0,
La'Darius Hamilton,50192,ED,N TEXAS,12,0,4.0,0.0,0.5,,2.0,0,0,0,0.0,251,57.6,70.5,59.2,72.4,66.3,42.1,0,,77.8,7,0,2,39.6,0,2,414,11,2,1,0,0,0,0.0,
Allen Stallings IV,50193,ED,INDIANA,13,0,-4.0,100.0,15.7,30.0,30.0,0,0,0,0.0,190,62.0,69.1,87.4,71.0,63.7,45.2,0,-4,33.3,2,0,0,79.2,1,34,217,8,4,1,0,-4,0,-0.1,-4.0
Lonzell Gilmore,50194,ED,TEXAS TECH,3,0,-7.0,100.0,23.5,4.0,4.0,0,0,0,0.0,315,72.2,84.6,77.0,73.8,75.5,46.9,0,0,0.0,0,0,0,79.2,1,4,17,1,1,1,0,0,7,0.0,0.0
Jayson VanHook,50241,LB,UTEP,12,1,0.4,89.7,78.9,10.8,9.7,1,0,1,3.4,330,47.8,36.8,86.0,49.6,30.1,29.2,0,61,42.3,11,1,1,136.6,26,291,369,6,14,29,2,327,333,1.2,12.6
Donald Louis Jr.,50254,ED,LA MONROE,12,0,-4.0,100.0,0.4,1.0,1.0,0,0,0,0.0,209,41.4,75.1,4.9,75.3,79.5,69.9,0,3,100.0,2,0,5,79.2,1,1,247,4,0,1,0,3,7,3.0,3.0
JaQuan Bailey,50256,ED,IOWA STATE,4,1,8.0,50.0,5.6,6.0,3.0,0,0,0,0.0,193,55.8,67.5,81.7,60.1,74.9,59.4,0,11,0.0,0,0,0,66.7,1,6,108,0,0,2,0,11,1,1.8,11.0
Tipa Galeai,50275,ED,UTAH ST,12,0,-4.0,66.7,14.7,22.5,15.0,1,0,0,0.0,329,61.9,80.1,74.1,77.0,79.3,61.7,0,24,45.5,5,0,1,96.5,2,46,313,7,6,3,0,28,39,0.6,14.0
Marquiss Spencer,50306,ED,MISS STATE,13,1,1.0,100.0,4.5,5.0,5.0,0,0,0,0.0,227,45.5,73.0,47.3,75.0,72.8,50.5,0,8,50.0,2,0,2,97.9,2,11,242,2,1,2,0,15,13,1.5,7.5
Zo Bridges,50309,ED,TROY,3,1,,,10.9,,,0,0,0,,318,61.5,55.1,83.1,64.5,37.8,51.3,0,,0.0,0,0,0,0.0,0,6,55,2,1,0,0,0,0,0.0,
Justus Te'i,50311,ED,UTAH ST,13,1,2.8,66.7,30.4,12.1,8.1,0,0,0,0.0,329,46.7,61.9,75.6,60.7,67.6,53.0,0,25,27.3,3,0,1,88.9,8,99,326,3,7,12,0,90,91,0.9,11.3
Michael Ojemudia,50327,CB,IOWA,12,6,11.7,56.9,99.6,11.6,6.6,0,2,11,16.9,192,85.5,83.4,85.5,59.6,64.4,79.0,3,39,4.8,2,9,2,55.6,37,445,447,14,34,65,1,315,57,0.7,8.5
Travion Banks,50354,CB,MIAMI OH,13,3,15.4,57.6,99.0,15.1,8.7,0,3,7,21.2,221,90.6,90.4,85.6,65.9,67.0,59.8,5,39,13.5,5,6,1,48.5,19,298,301,3,29,33,1,221,49,0.8,11.6
Desmon Smith,50369,CB,TEXAS TECH,7,0,13.4,62.5,93.1,12.4,7.8,0,1,1,12.5,315,46.5,46.3,0.0,55.5,57.9,83.0,0,22,0.0,0,0,3,85.9,5,67,72,3,4,8,0,61,19,1.0,12.2
Aaron Robinson,50370,CB,UCF,13,1,6.7,58.9,98.1,12.9,7.6,0,1,7,12.5,323,84.9,84.8,88.7,74.4,81.1,46.2,3,32,21.2,7,7,3,63.8,33,454,463,12,25,56,2,310,175,0.7,9.4
Justin Rogers,50372,S,UTEP,12,3,9.0,70.9,96.1,9.2,6.5,0,0,2,3.6,330,61.5,62.3,57.8,65.0,62.9,45.3,2,41,27.5,14,2,1,83.8,39,374,389,13,34,55,1,419,193,1.2,10.7
Jameel Moore,50374,S,N TEXAS,10,2,7.3,69.7,96.7,8.3,5.8,2,0,5,15.2,251,58.4,54.6,85.1,57.0,45.4,76.2,0,40,0.0,0,5,4,89.7,23,205,212,6,16,33,0,234,129,1.2,10.2
Bryce Balous,50388,CB,OKLA STATE,5,0,,,100.0,,,0,0,0,,262,59.0,48.6,0.0,,41.3,23.9,0,,,0,0,1,0.0,0,19,19,0,0,0,0,0,0,0.0,
Tino Ellis,50390,CB,MARYLAND,6,1,16.2,50.0,99.4,21.6,10.8,0,0,2,14.3,215,60.4,61.3,82.6,55.4,64.5,61.7,0,52,0.0,0,1,3,104.2,7,160,161,3,5,14,1,123,55,0.8,17.6
A.J. Green III,50394,CB,OKLA STATE,13,0,11.2,59.3,100.0,13.4,7.9,1,1,9,15.3,262,74.8,75.9,27.0,,82.6,80.5,1,78,8.8,3,5,6,89.7,35,494,494,5,31,59,1,561,212,1.2,16.0
Kyle Mayberry,50403,CB,KANSAS,12,3,14.9,59.0,99.4,13.1,7.7,0,3,5,12.8,198,61.7,60.3,85.5,58.2,52.6,78.3,0,49,10.0,3,5,1,97.3,23,321,323,5,24,39,1,351,90,1.2,15.3
Jawon McDowell,50408,CB,TROY,10,3,12.6,68.8,100.0,8.0,5.5,0,2,7,21.9,318,57.9,59.2,82.5,,64.4,68.2,0,49,6.7,1,5,1,119.5,22,185,185,3,11,32,2,302,94,1.7,13.7
Jace Whittaker,50465,CB,ARIZONA,12,2,11.6,67.8,99.8,10.2,6.9,0,0,3,5.1,109,65.9,64.5,89.1,62.6,56.6,69.6,3,73,12.2,5,3,1,95.8,40,426,427,7,34,59,3,587,222,1.4,14.7
Jeff Gladney,50471,CB,TCU,12,0,14.8,46.6,96.8,13.4,6.3,3,0,13,22.4,305,72.7,71.7,13.0,57.2,72.1,59.7,1,44,19.0,4,8,7,77.4,27,387,400,9,17,58,3,369,82,1.0,13.7
Jalen Julius,50482,S,OLE MISS,12,5,12.9,64.9,99.1,16.9,11.0,0,0,3,8.1,226,62.7,65.9,53.5,63.9,73.3,62.8,0,74,15.9,7,2,2,115.3,24,419,423,10,32,37,2,365,170,0.9,15.2
EJ Muhammad,50519,CB,NEVADA,12,2,12.3,68.6,99.7,10.3,7.1,1,1,7,13.7,239,76.3,76.9,85.1,58.7,74.0,66.9,0,46,13.5,5,6,1,116.6,35,373,374,7,30,51,3,462,121,1.3,13.2
Jacoby Wildman,50521,ED,UTAH ST,13,1,,,7.4,,,0,0,0,,329,67.2,67.4,86.5,58.8,68.8,88.2,0,,0.0,0,0,0,0.0,0,15,202,3,3,0,0,0,0,0.0,
Lamar Jackson,50532,CB,NEBRASKA,12,2,12.7,42.9,98.3,18.4,7.9,1,0,14,28.6,238,77.6,75.4,54.1,72.1,62.8,53.9,3,38,16.7,4,8,3,55.7,21,398,405,8,18,49,3,270,87,0.7,12.9
Nnamdi Oguayo,50570,ED,WASH STATE,13,0,,,3.2,,,0,0,0,,341,65.6,73.2,85.3,70.9,67.6,54.4,0,,33.3,2,0,0,0.0,0,8,249,3,4,0,0,0,0,0.0,
Brady Reiff,50571,DI,IOWA,10,2,,,0.5,,,0,0,0,,192,58.8,70.3,66.7,65.5,71.5,55.8,0,,33.3,2,0,1,0.0,0,1,214,3,2,0,0,0,0,0.0,
Eli Hanback,50615,DI,VIRGINIA,14,1,,,0.6,,,0,0,0,,335,59.6,81.7,86.1,67.3,86.1,84.7,0,,0.0,0,0,0,0.0,0,2,308,6,1,0,0,0,0,0.0,
Marcus Webb,50617,ED,TROY,12,0,,,1.3,,,0,0,0,,318,56.0,76.5,44.6,81.0,71.1,34.2,0,,50.0,2,0,2,0.0,0,3,231,5,2,0,0,0,0,0.0,
Ishmael Davis,50632,ED,TEXAS ST,12,1,,,0.7,,,0,0,0,,314,68.3,81.4,84.7,62.4,84.2,56.7,0,,20.0,1,0,0,0.0,0,2,275,6,3,0,0,0,0,0.0,
Saleem Brightwell,50633,LB,PITTSBURGH,11,4,9.9,58.8,69.9,23.0,13.5,1,0,2,11.8,268,61.3,57.5,23.9,54.3,59.7,68.2,0,44,21.1,4,2,2,119.5,10,244,349,7,11,17,2,119,67,0.5,11.9
Matt Otwinowski,50650,LB,BUFFALO,13,7,4.5,75.0,90.5,12.7,9.5,0,0,2,6.3,126,70.6,67.6,53.2,57.7,65.2,66.1,1,39,4.5,1,2,1,78.8,24,323,357,7,14,32,0,209,108,0.7,8.7
Chris Orr,50653,LB,WISCONSIN,14,2,5.7,72.2,69.1,21.4,15.4,0,2,4,22.2,349,79.9,87.1,87.4,90.3,67.0,68.8,0,21,21.1,4,4,1,90.7,13,298,431,19,13,18,0,123,75,0.4,9.5
Riley Cole,50655,ED,S ALABAMA,12,3,2.2,90.9,55.6,12.2,11.1,0,0,0,0.0,288,67.5,77.0,1.1,73.4,85.4,68.2,0,42,20.0,3,0,4,118.8,10,130,234,5,9,11,0,139,120,1.1,13.9
Shemar Smith,50659,LB,OREGON ST,7,1,1.2,90.9,78.8,9.9,9.0,0,0,0,0.0,265,62.7,65.4,82.4,54.4,67.4,76.8,0,24,0.0,0,0,0,107.6,10,104,132,4,7,11,0,108,93,1.1,10.8
Tajhea Chambers,50673,LB,ARK STATE,13,3,1.4,64.7,84.0,30.6,19.8,0,1,1,5.9,113,56.1,65.0,87.4,72.3,64.9,30.0,1,22,34.6,9,1,0,62.6,11,353,420,11,14,17,0,127,104,0.4,11.5
Alonzo Brown,50692,LB,LA LAFAYET,2,0,,,80.0,,,0,0,0,,207,61.5,72.0,70.6,64.1,,,0,,,0,0,0,0.0,0,4,5,0,0,0,0,0,0,0.0,
Asmar Bilal,50709,LB,NOTRE DAME,13,3,5.4,66.7,84.8,17.7,11.8,0,0,3,12.5,258,71.1,80.0,86.7,57.1,84.0,82.5,0,29,6.3,1,2,1,82.5,16,295,348,5,12,24,0,143,108,0.5,8.9
Isaiah Davis,50717,LB,MARYLAND,12,2,5.5,89.3,86.9,10.2,9.1,0,1,1,3.6,215,42.9,49.6,44.7,63.4,54.4,67.6,1,38,20.0,3,0,1,139.6,25,265,305,1,10,28,3,356,205,1.4,14.2
Sage Lewis,50731,LB,FIU,12,3,6.0,53.6,91.0,21.9,11.7,0,1,2,7.1,166,81.0,75.7,85.9,58.7,69.2,88.2,3,26,0.0,0,2,0,29.8,15,354,389,5,15,28,0,152,91,0.5,10.1
Cortez Sisco Jr.,50757,LB,LA MONROE,12,3,4.9,77.8,78.0,11.7,9.1,2,1,1,3.7,209,45.5,58.7,0.0,89.8,64.1,75.2,1,74,12.0,3,1,7,115.7,21,262,336,9,19,27,1,340,231,1.4,16.2
Jeff Gemmell,50776,LB,CHARLOTTE,12,8,1.3,82.4,72.2,13.6,11.2,0,0,1,5.9,136,82.7,81.6,51.5,79.4,70.2,70.6,1,16,10.3,3,1,1,58.1,14,195,270,8,18,17,0,65,61,0.3,4.6
Jordan Williams,50848,LB,BAYLOR,14,8,4.9,63.5,88.9,12.9,8.2,1,1,5,9.6,118,73.6,65.3,15.9,76.6,54.8,50.0,3,27,27.5,11,5,3,56.3,33,441,496,11,21,52,0,317,209,0.7,9.6
Jordyn Brooks,50851,LB,TEXAS TECH,11,4,2.6,71.4,70.1,25.9,18.5,0,0,0,0.0,315,64.9,90.5,87.7,75.6,91.5,77.6,0,32,8.3,2,0,0,97.9,10,274,391,12,18,14,0,122,93,0.5,12.2
Nikolas Daniels,50853,LB,TEXAS ST,12,6,5.3,71.4,81.7,15.2,10.8,0,0,0,0.0,314,60.0,69.7,41.2,87.5,68.1,82.4,0,39,16.1,5,0,2,91.1,20,316,387,19,20,28,0,198,177,0.7,9.9
Brett Shepherd,50855,LB,MIDDLE TN,8,1,3.5,66.7,69.3,29.5,19.7,0,0,0,0.0,224,71.0,49.9,87.5,59.0,31.8,40.6,0,14,25.0,2,0,0,75.7,4,124,179,4,5,6,0,26,24,0.2,6.5
Mike Linehan,50915,ED,N TEXAS,5,0,,,56.7,,,0,0,0,,251,70.7,67.9,81.7,71.1,59.1,83.0,0,,0.0,0,0,0,0.0,0,17,30,3,1,0,0,0,0,0.0,
Brayden Stringer,50924,LB,TEXAS TECH,8,0,4.5,50.0,74.4,12.5,6.3,0,0,0,0.0,315,56.6,47.2,78.8,66.1,37.9,23.3,0,15,0.0,0,0,0,64.6,2,29,39,0,1,4,0,20,17,0.8,10.0
Leo Lewis,50937,LB,MISS STATE,13,5,5.6,89.3,79.0,9.3,8.3,0,0,1,3.6,227,49.0,46.9,0.0,54.1,51.5,63.0,0,65,28.0,7,1,3,130.2,25,245,310,7,13,28,1,347,204,1.5,13.9
Tron Folsom,50993,LB,COLO STATE,12,0,4.1,84.6,80.8,8.8,7.5,0,0,0,0.0,144,54.1,58.0,89.1,59.6,60.0,61.6,0,34,29.2,7,0,1,106.6,22,206,255,7,17,26,0,249,196,1.3,11.3
Chase Day,51001,LB,LA MONROE,11,3,2.6,88.9,87.1,17.4,15.4,0,0,1,11.1,209,66.4,66.9,0.0,60.5,68.2,79.6,2,18,11.1,2,1,2,60.9,8,149,171,4,13,9,0,73,59,0.5,9.1
Gabe McCoy,51031,ED,UNLV,11,2,5.1,100.0,29.3,15.9,15.9,0,0,0,0.0,325,59.1,61.0,76.2,63.7,57.7,31.6,0,53,33.3,2,0,1,118.8,7,115,393,3,2,7,0,103,67,0.9,14.7
Shaquille Quarterman,51048,LB,MIAMI FL,13,5,2.3,74.4,79.3,11.0,8.2,0,1,2,4.7,220,60.5,80.5,63.0,64.5,88.2,74.5,0,29,13.3,4,2,1,106.8,32,376,474,10,21,43,2,281,289,0.8,8.8
Bobby McMillen III,51068,S,IOWA STATE,11,0,2.0,82.6,89.0,4.7,3.9,0,0,1,4.3,193,48.3,51.7,85.1,56.9,60.6,45.9,0,25,44.4,4,0,0,93.7,19,89,100,1,5,23,0,149,118,1.7,7.8
Bryce Torneden,51069,S,KANSAS,12,4,8.2,72.0,84.3,14.0,10.1,0,1,3,12.0,198,65.8,67.1,88.0,56.8,69.2,74.9,0,51,11.5,3,3,0,139.7,18,264,313,5,19,25,3,228,129,0.9,12.7
Jalen Elliott,51071,S,NOTRE DAME,13,4,11.3,53.3,99.7,15.4,8.2,0,1,3,6.7,258,61.3,60.6,89.2,59.2,56.9,66.4,2,34,3.0,1,2,0,59.2,24,382,383,8,28,45,1,257,69,0.7,10.7
T.J. Holl,51109,LB,LOUISVILLE,8,0,5.0,100.0,76.2,31.0,31.0,0,0,0,0.0,210,39.1,31.7,76.7,58.8,32.8,21.1,0,20,100.0,3,0,0,118.8,1,32,42,0,0,1,0,20,15,0.6,20.0
DeAndre Pierce,51111,S,BOISE ST,5,1,11.1,61.1,98.7,12.8,7.8,1,0,1,5.6,120,60.3,62.6,6.7,57.5,74.6,90.2,0,46,0.0,0,0,1,106.0,11,152,154,1,11,18,1,149,62,1.1,13.5
Marcelino McCrary-Ball,51112,CB,INDIANA,13,2,7.0,63.0,79.9,11.9,7.5,2,0,0,0.0,190,50.6,53.1,0.0,72.9,57.6,76.9,0,34,10.5,2,0,8,96.7,17,219,274,5,15,27,1,193,76,1.0,11.4
Manny Bunch,51113,S,TULSA,12,3,16.6,44.7,100.0,22.5,10.1,0,1,5,13.2,320,65.0,67.3,87.4,,69.0,71.2,0,48,4.5,1,5,1,84.8,17,420,420,6,18,38,2,254,81,0.7,14.9
Trey Turner III,51131,S,CAL,11,2,8.1,64.3,95.9,17.8,11.4,0,0,1,7.1,130,52.7,57.1,83.4,64.2,66.1,78.7,0,40,11.1,2,1,1,128.3,9,165,172,0,14,14,2,111,63,0.7,12.3
Jay Bowdry,51155,S,GA SOUTHRN,13,2,3.3,78.8,78.2,7.3,5.8,2,1,1,3.0,174,64.4,65.6,21.0,57.0,72.6,53.7,0,33,31.3,5,1,3,112.2,26,201,257,6,9,33,2,201,164,1.1,7.7
Evan Tyler,51163,S,BOISE ST,7,1,13.5,75.0,100.0,23.3,17.5,0,0,0,0.0,120,78.5,73.5,0.0,,61.5,86.8,1,11,0.0,0,0,1,51.0,3,70,70,1,6,4,0,25,2,0.4,8.3
Nick Ingram,51197,S,LA MONROE,9,0,9.1,77.8,94.6,20.6,16.0,0,0,0,0.0,209,63.2,59.0,23.6,54.5,55.6,64.5,0,26,9.1,1,0,2,109.3,7,158,167,3,10,9,0,92,26,0.6,13.1
Ethan Aguayo,51246,LB,S JOSE ST,9,7,4.2,71.9,90.9,11.6,8.3,0,0,1,3.1,285,60.0,48.9,86.1,72.3,39.5,59.1,1,32,24.3,9,1,0,74.5,23,279,307,10,21,32,0,196,156,0.7,8.5
Javon Hagan,51256,S,OHIO,13,6,8.4,58.3,98.9,20.2,11.8,0,1,6,16.7,259,70.7,69.0,87.6,75.5,62.2,47.4,0,38,21.1,8,5,0,91.4,21,453,458,9,24,36,2,192,82,0.5,9.1
Ben DeLuca,51269,S,CHARLOTTE,2,0,,,95.5,,,0,0,0,,136,46.6,51.1,75.4,60.0,60.1,52.2,0,,,0,0,0,0.0,0,21,22,0,0,0,0,0,0,0.0,
Kristian Welch,51283,LB,IOWA,10,2,4.6,80.0,89.3,13.1,10.5,0,0,1,3.3,192,53.8,62.6,84.6,74.2,65.1,66.1,0,29,29.2,7,1,1,98.2,24,324,363,13,15,30,0,227,155,0.7,9.5
Damon Lowe,51291,LB,W KENTUCKY,9,0,-0.4,50.0,87.4,19.8,9.9,0,0,1,12.5,346,67.1,61.6,0.0,51.6,61.7,42.2,0,8,40.0,2,0,1,56.3,4,83,95,2,3,8,0,18,23,0.2,4.5
Jordan Mack,51337,LB,VIRGINIA,13,1,7.6,75.0,63.5,14.9,11.2,0,0,0,0.0,335,57.4,63.6,24.2,75.2,60.0,46.6,0,38,29.6,8,0,2,133.3,15,233,367,17,18,20,1,274,205,1.2,18.3
J.T. Ibe,51340,S,S CAROLINA,11,4,11.3,67.7,98.3,15.7,10.6,1,0,2,6.5,289,54.6,64.7,87.6,71.2,82.8,68.8,0,65,19.4,7,2,2,127.1,21,351,357,8,25,31,3,270,70,0.8,12.9
Gavin Graham,51354,LB,TEXAS ST,3,0,3.5,100.0,46.2,5.0,5.0,0,0,0,0.0,314,59.0,58.8,78.5,52.7,60.9,67.3,0,5,0.0,0,0,0,122.9,2,12,26,1,2,2,1,8,1,0.8,4.0
Will Harper,51355,LB,TULANE,11,2,4.6,78.3,77.2,8.4,6.6,0,0,2,8.7,319,57.7,57.9,45.8,55.5,60.8,49.3,0,37,27.3,3,1,1,110.3,18,156,202,4,6,23,1,161,126,1.1,8.9
Melvin Tyus,51374,S,TROY,10,1,17.3,60.0,100.0,17.3,10.4,0,0,2,13.3,318,57.7,53.5,2.9,,48.9,31.5,0,46,33.3,4,2,2,119.3,9,164,164,2,7,15,1,162,76,1.0,18.0
Khairi Muhammad,51389,S,N TEXAS,12,3,12.3,57.1,95.9,25.1,14.4,1,1,6,21.4,251,76.3,73.0,87.6,62.3,65.6,74.6,1,31,10.5,2,4,2,84.4,16,426,444,4,14,28,2,173,64,0.4,10.8
Jaylinn Hawkins,51423,S,CAL,13,5,6.2,65.0,95.9,18.1,11.8,0,0,1,2.5,130,80.4,75.7,90.1,73.1,57.8,64.0,3,22,18.6,8,1,0,56.5,26,486,507,10,30,40,1,222,124,0.5,8.5
Zach McCloud,51575,LB,MIAMI FL,4,0,1.2,80.0,79.5,7.8,6.2,0,0,1,20.0,220,73.6,67.6,74.5,67.0,57.7,57.5,0,16,0.0,0,1,0,92.5,4,31,39,1,3,5,0,31,29,1.0,7.8
Cameron Haney,51585,CB,UTAH ST,11,1,16.7,46.3,99.4,13.1,6.1,0,0,10,18.5,329,74.3,71.3,86.7,74.0,51.6,57.6,1,49,16.0,4,5,1,89.1,25,345,347,6,20,54,4,408,126,1.2,16.3
Jeremy Smith,51586,CB,ARK STATE,13,4,15.2,66.0,99.6,7.8,5.2,0,3,12,12.4,113,51.9,56.5,88.2,59.2,79.4,71.7,3,62,9.6,5,9,1,115.4,64,527,529,9,43,97,9,937,222,1.9,14.6
Micah Farrar,51774,CB,NAVY,9,0,10.7,60.0,100.0,14.3,8.6,0,0,0,0.0,237,60.2,59.7,80.5,,55.8,53.6,1,30,20.0,1,0,0,46.7,6,87,87,0,4,10,0,82,39,1.0,13.7
Christian Cumber,52020,LB,COLO STATE,1,0,,,100.0,,,0,0,0,,144,61.6,49.3,66.0,,51.3,74.3,0,,,0,0,0,0.0,0,3,3,0,0,0,0,0,0,0.0,
Ellison Hubbard,52025,DI,COLO STATE,12,0,,,0.8,,,0,0,0,,144,57.6,61.7,50.9,70.4,56.7,58.4,0,,100.0,2,0,2,0.0,0,2,253,3,0,0,0,0,0,0.0,
Manny Jones,52026,ED,COLO STATE,11,3,-1.0,33.3,8.6,20.0,6.7,1,0,0,0.0,144,70.4,80.1,70.9,71.0,80.4,50.6,0,0,42.9,3,0,1,42.4,1,21,243,6,1,3,0,0,3,0.0,0.0
Warren Jackson,52050,WR,COLO STATE,1,0,,,100.0,,,0,0,0,,144,60.0,60.0,64.7,,,,0,,,0,0,2,0.0,0,1,1,0,0,0,0,0,0,0.0,
Akil Francisco,52051,CB,HAWAII,5,0,16.0,71.4,100.0,5.0,3.6,0,0,1,14.3,180,28.1,28.8,75.3,,61.8,15.4,0,59,50.0,1,1,2,153.3,5,29,29,0,1,7,3,110,44,4.4,22.0
Donovan Dalton,52056,S,HAWAII,10,1,14.4,42.9,100.0,28.7,12.3,0,0,1,14.3,180,57.6,53.3,84.8,,42.0,37.7,0,11,30.0,3,1,0,50.3,3,91,91,2,6,7,0,17,11,0.2,5.7
Eugene Ford,52061,S,HAWAII,15,2,10.3,62.7,99.2,10.0,6.3,0,0,2,3.4,180,60.5,66.0,87.2,72.6,77.9,83.2,0,41,8.6,3,2,2,107.2,37,387,390,6,30,59,4,428,164,1.2,11.6
Kana'i Picanco,52070,LB,HAWAII,5,1,3.7,70.0,87.1,14.6,10.2,0,1,1,10.0,180,59.5,64.9,80.8,65.2,66.6,58.0,0,17,22.2,2,1,0,81.7,7,108,124,3,6,10,0,51,50,0.5,7.3
Paul Scott,52078,LB,HAWAII,14,1,0.7,75.0,83.2,16.2,12.2,0,1,1,8.3,180,79.7,57.4,84.6,62.9,31.8,26.5,1,25,33.3,3,1,0,50.3,9,154,185,3,5,12,0,59,72,0.4,6.6
Chinedu Ogbonna,52091,ED,UMASS,12,1,6.5,71.4,30.6,4.7,3.4,1,0,0,0.0,216,45.5,53.4,71.3,62.9,53.0,50.4,1,30,14.3,2,0,1,109.8,15,71,232,7,11,21,2,183,96,2.6,12.2
Claudin Cherelus,52094,LB,UMASS,9,0,6.7,83.3,80.7,13.8,11.5,0,0,0,0.0,216,42.1,40.4,21.1,57.4,45.1,55.4,0,30,0.0,0,0,1,156.3,5,71,88,1,4,6,2,72,49,1.0,14.4
Cole McCubrey,52095,LB,UMASS,12,3,4.7,88.9,82.9,9.0,8.0,0,1,0,0.0,216,38.5,48.1,82.5,61.3,54.1,64.3,0,62,9.1,2,0,0,125.9,24,223,269,10,17,27,1,304,208,1.4,12.7
Mike Ruane,52109,LB,UMASS,12,1,5.5,81.8,77.7,11.8,9.6,0,0,1,9.1,216,63.3,43.3,45.9,58.5,37.1,70.8,0,14,0.0,0,0,1,132.0,9,108,139,1,6,11,2,68,29,0.6,7.6
Tyris Lebeau,52113,S,UMASS,9,1,5.7,71.4,82.6,6.5,4.7,0,0,1,4.8,216,48.8,55.0,86.2,68.7,58.5,63.8,1,32,0.0,0,1,0,79.9,15,100,121,4,8,21,0,192,181,2.0,12.8
Xavier Steele,52115,S,UMASS,11,2,4.8,71.9,82.9,6.4,4.6,0,1,2,6.3,216,43.1,49.4,44.1,74.6,55.2,51.2,1,57,22.7,5,2,1,117.4,23,150,181,7,15,32,3,286,182,1.9,12.4
David Morris,52127,S,OREGON ST,10,2,15.0,40.0,97.5,36.0,14.4,0,0,1,6.7,265,57.1,63.3,84.5,73.8,73.2,61.4,0,28,35.3,6,1,2,87.9,6,230,236,1,9,15,1,109,33,0.5,18.2
Isaiah Dunn,52129,CB,OREGON ST,12,1,13.3,47.4,99.5,13.9,6.6,0,0,8,14.0,265,72.3,74.6,85.6,57.7,79.8,79.3,0,54,7.1,2,7,4,90.1,27,396,398,3,25,57,3,424,136,1.1,15.7
Jeffrey Manning Jr.,52134,S,OREGON ST,4,0,6.5,100.0,95.2,8.5,8.5,0,0,0,0.0,265,60.9,61.8,76.3,59.2,62.4,26.3,0,18,33.3,1,0,0,118.8,2,20,21,0,2,2,0,29,16,1.7,14.5
Kaleb Hayes,52137,CB,OREGON ST,1,0,,,100.0,,,1,0,0,,265,47.4,38.7,0.0,,62.2,73.1,0,,,0,0,2,0.0,0,5,5,0,0,0,0,0,0,0.0,
Moku Watson,52142,S,OREGON ST,1,0,,,66.7,,,0,0,0,,265,61.2,33.3,72.0,60.0,40.6,,0,,,0,0,0,0.0,0,2,3,0,0,0,0,0,0,0.0,
Garrett Grammer,52202,LB,RICE,5,0,7.0,50.0,80.0,11.0,5.5,0,0,0,0.0,275,58.7,61.7,83.6,57.3,63.8,71.5,0,22,0.0,0,0,0,89.6,1,12,15,0,2,2,0,22,2,2.0,22.0
George Nyakwol,52203,S,RICE,12,3,12.7,45.5,94.1,30.5,13.9,0,0,5,22.7,275,65.6,68.5,86.4,50.9,73.7,49.8,1,63,21.4,6,3,1,53.6,10,319,339,4,19,22,0,172,76,0.6,17.2
Isaiah Richardson,52205,S,RICE,7,1,13.5,100.0,96.5,26.5,26.5,0,0,0,0.0,275,63.1,66.9,79.4,48.7,76.7,59.7,0,29,40.0,2,0,0,118.8,2,55,57,1,2,2,0,35,8,0.7,17.5
Kenneth Orji,52209,ED,RICE,11,6,4.7,88.9,30.4,9.4,8.3,0,0,1,11.1,275,69.0,62.3,89.7,52.2,63.5,64.4,0,13,6.3,1,0,0,126.4,8,78,257,5,9,9,1,49,23,0.7,6.1
Trey Schuman,52216,ED,RICE,8,0,,,1.2,,,0,0,0,,275,61.1,72.2,30.7,72.4,70.4,36.5,0,,0.0,0,0,2,0.0,0,2,164,3,3,0,0,0,0,0.0,
Tyrae Thornton,52217,CB,RICE,12,2,12.4,51.8,98.1,12.2,6.3,1,1,6,10.7,275,65.1,64.1,51.5,55.8,61.1,70.2,0,36,6.1,2,6,4,85.1,29,367,374,6,29,56,2,376,62,1.1,13.0
Brandon Ezell,52222,CB,S JOSE ST,11,2,14.3,57.4,97.0,10.6,6.1,0,0,5,10.6,285,62.4,61.1,85.6,59.3,52.4,53.7,4,46,13.8,4,4,0,78.1,27,296,305,4,23,47,4,397,61,1.4,14.7
Hadari Darden,52234,LB,S JOSE ST,12,0,0.0,66.7,74.8,21.8,14.5,0,0,0,0.0,285,68.3,64.0,86.1,58.3,60.0,62.0,0,18,50.0,3,0,0,80.6,4,92,123,2,3,6,0,33,40,0.4,8.3
Rico Tolefree,52250,LB,S JOSE ST,12,3,4.7,78.6,67.4,13.5,10.6,0,0,0,0.0,285,72.7,68.0,86.9,65.4,62.4,60.4,2,32,23.1,3,0,0,59.5,11,151,224,5,7,14,0,109,83,0.7,9.9
Tre White,52261,CB,S JOSE ST,3,0,15.3,75.0,84.4,9.0,6.8,0,0,0,0.0,285,66.3,69.2,79.6,67.6,69.3,82.3,0,25,0.0,0,0,0,103.1,3,27,32,3,4,4,0,37,9,1.4,12.3
Tysyn Parker,52264,LB,S JOSE ST,9,3,3.1,86.7,85.0,13.5,11.7,0,0,0,0.0,285,56.5,41.0,84.7,66.1,31.8,62.2,0,23,0.0,0,0,0,101.1,13,182,214,7,17,15,0,124,92,0.7,9.5
Caleb Phillips,52265,ED,STANFORD,2,0,,,20.0,,,0,0,0,,300,60.0,73.9,71.0,73.7,60.0,,0,,,0,0,0,0.0,0,1,5,0,0,0,0,0,0,0.0,
Gabe Reid,52273,ED,STANFORD,12,3,3.9,80.0,30.8,9.2,7.3,2,0,0,0.0,300,62.5,65.1,39.2,65.0,66.4,50.8,0,39,20.0,3,0,4,101.1,12,116,377,7,9,15,0,124,95,1.1,10.3
Noah Williams,52278,S,STANFORD,4,0,,,75.0,,,0,0,0,,300,61.4,57.5,72.8,60.0,55.2,83.0,0,,,0,0,0,0.0,0,3,4,0,0,0,0,0,0,0.0,
Paulson Adebo,52280,CB,STANFORD,9,1,12.6,58.8,99.4,10.9,6.4,0,4,8,15.7,300,82.1,78.6,43.1,55.0,57.3,53.2,4,38,14.7,5,5,2,77.7,30,338,340,5,28,51,4,406,127,1.2,13.5
Stu Head,52284,S,STANFORD,8,1,12.0,53.8,99.2,32.4,17.5,0,1,1,7.7,300,52.7,48.0,84.0,66.8,37.8,50.2,0,37,14.3,3,0,0,83.5,7,237,239,3,17,13,0,114,32,0.5,16.3
Thunder Keck,52285,ED,STANFORD,4,0,,,22.7,,,0,0,0,,300,63.3,57.0,77.3,47.4,68.8,47.6,0,,50.0,1,0,0,0.0,0,5,22,0,1,0,0,0,0,0.0,
Bentlee Sanders,52291,CB,USF,12,4,6.3,69.0,90.7,8.7,6.0,0,0,1,2.4,327,66.2,71.8,89.1,78.3,77.9,66.8,1,21,20.0,6,1,0,77.4,29,263,290,10,20,42,0,279,191,1.1,9.6
Jabreel Stephens,52302,ED,USF,2,1,-1.0,0.0,33.3,,1.0,0,0,0,0.0,327,61.1,73.5,76.0,59.2,73.0,76.7,0,,0.0,0,0,0,39.6,0,1,3,0,0,1,0,0,0,0.0,
Kevin Kegler,52310,DI,USF,8,0,,,0.9,,,0,0,0,,327,51.4,74.6,84.0,69.5,75.7,79.5,0,,,0,0,0,0.0,0,1,113,1,0,0,0,0,0,0.0,
Mekhi LaPointe,52315,S,USF,9,1,12.2,80.0,94.6,13.3,10.6,0,0,1,20.0,327,59.6,50.9,81.7,57.3,37.0,65.8,0,34,0.0,0,0,0,158.3,4,53,56,1,4,5,3,80,26,1.5,20.0
Nick Roberts,52318,S,USF,12,3,8.5,54.5,92.7,16.2,8.8,0,1,6,18.2,327,85.4,76.4,88.9,63.2,57.7,58.8,2,24,12.9,4,4,0,43.6,18,306,330,11,24,33,0,169,94,0.6,9.4
Xavier Peters,52819,ED,KENTUCKY,1,1,,,56.3,,,0,0,0,,202,64.8,66.4,79.3,53.9,70.5,75.3,0,,0.0,0,0,0,0.0,0,9,16,0,0,0,0,0,0,0.0,
Cole Pearce,52970,LB,BALL ST,1,0,-1.5,50.0,100.0,3.0,1.5,0,0,0,0.0,117,50.1,54.2,67.1,,64.8,74.3,0,9,,0,0,0,62.5,1,3,3,0,0,2,0,9,7,3.0,9.0
Max Wynn,53481,LB,MIAMI OH,2,0,,,76.5,,,0,0,0,,221,63.2,40.3,0.0,57.8,37.1,27.9,0,,,0,0,1,0.0,0,13,17,0,0,0,0,0,0,0.0,
Luke Bolden,53565,LB,MIAMI OH,6,0,3.0,90.0,96.1,5.3,4.8,0,0,1,10.0,221,44.8,50.2,78.6,57.5,58.7,65.8,0,27,50.0,1,1,0,131.3,9,49,51,1,1,10,1,75,51,1.6,8.3
Ja'von Hicks,53569,S,CINCINNATI,14,0,11.3,63.0,100.0,15.2,9.6,0,2,3,6.5,138,69.6,67.1,29.3,,62.7,44.1,5,69,15.6,5,3,2,81.1,29,473,473,4,27,46,5,329,113,0.7,11.3
Ivan Pace Jr.,53587,ED,MIAMI OH,8,1,5.3,100.0,14.3,5.0,5.0,0,0,0,0.0,221,51.3,75.1,33.3,71.9,83.3,73.2,0,11,33.3,1,0,1,101.4,3,17,119,6,1,3,0,25,9,1.7,8.3
Brody Ingle,54002,LB,CINCINNATI,1,0,,,100.0,,,0,0,0,,138,61.6,58.1,68.0,,56.4,76.5,0,,,0,0,0,0.0,0,4,4,0,0,0,0,0,0,0.0,
Mallory Claybourne,54370,CB,COAST CAR,8,2,6.2,82.4,98.2,11.0,9.1,0,0,0,0.0,141,74.7,76.5,28.7,66.0,81.7,89.1,1,38,0.0,0,0,1,108.8,14,162,165,5,15,17,2,112,48,0.7,8.0
Amir Howard,54371,S,ARK STATE,3,0,,,94.4,,,0,0,0,,113,67.0,73.7,75.1,60.0,72.9,80.5,0,,0.0,0,0,0,0.0,0,17,18,0,1,0,0,0,0,0.0,
Chandler Kryst,54375,CB,COAST CAR,12,2,14.3,62.1,98.0,9.1,5.6,0,2,8,13.8,141,69.5,66.8,86.1,59.4,50.2,55.9,5,98,10.0,3,5,1,95.1,36,348,355,7,25,58,6,595,243,1.8,16.5
Tarron Jackson,54410,ED,COAST CAR,12,1,,,0.8,,,0,0,0,,141,68.1,84.0,88.0,90.7,66.8,43.9,0,,40.0,2,0,0,0.0,0,3,366,12,2,0,0,0,0,0.0,
Alex Spillum,54414,S,COAST CAR,9,2,12.7,68.2,97.3,13.5,9.2,0,0,2,9.1,141,56.2,63.7,36.6,75.8,76.5,59.9,1,47,24.1,7,2,2,118.7,15,215,221,6,20,22,4,207,56,1.0,13.8
Kameron Burton,54415,S,COAST CAR,10,3,11.8,76.5,99.2,17.3,13.2,0,0,1,5.9,141,61.9,56.2,84.8,59.6,44.0,30.3,2,64,29.6,8,1,0,97.3,13,237,239,3,16,17,1,210,108,0.9,16.2
Silas Kelly,54456,LB,COAST CAR,2,0,3.3,90.0,88.1,4.0,3.6,0,0,0,0.0,141,55.5,54.6,79.5,53.7,56.9,46.3,0,15,16.7,1,0,0,88.8,9,37,42,3,5,10,0,53,38,1.5,5.9
Laqavious Paul,54458,LB,COAST CAR,12,2,4.2,92.9,88.3,15.2,14.1,0,0,0,0.0,141,71.1,61.2,84.1,58.4,50.1,64.0,0,20,10.5,2,0,0,118.2,13,212,240,9,15,14,1,93,56,0.5,7.2
Michael Makins,54465,LB,COAST CAR,8,0,5.0,40.0,83.3,32.5,13.0,0,0,0,0.0,141,59.9,61.6,10.8,50.0,66.2,70.7,0,18,0.0,0,0,1,59.6,2,70,84,1,3,5,0,29,12,0.4,14.5
E.J. Porter,54466,LB,COAST CAR,1,0,-1.0,100.0,100.0,5.0,5.0,0,0,0,0.0,141,49.8,37.3,69.1,,46.1,,0,1,,0,0,0,79.2,1,6,6,0,0,1,0,1,2,0.2,1.0
Myles Olufemi,54467,ED,COAST CAR,12,2,1.6,100.0,22.6,7.0,7.0,0,0,0,0.0,141,60.3,52.5,44.0,55.0,51.3,50.6,0,23,44.4,4,0,3,130.1,9,66,292,3,3,9,1,57,50,0.9,6.3
Jaiden Clayton,54518,LB,COAST CAR,2,0,,,80.0,,,0,0,0,,141,61.5,71.7,71.0,59.1,73.8,73.2,0,,,0,0,0,0.0,0,4,5,0,0,0,0,0,0,0.0,
Chris Evans,54520,ED,COAST CAR,10,0,3.3,66.7,25.0,6.5,4.3,0,0,0,0.0,141,59.8,60.1,14.0,62.0,62.1,78.0,0,14,0.0,0,0,1,82.6,2,14,56,2,1,3,0,18,0,1.4,9.0
Ryan Lee,54528,LB,COAST CAR,9,1,-0.1,75.0,78.3,14.2,10.6,0,0,0,0.0,141,55.8,64.0,82.4,66.9,72.0,74.5,0,11,25.0,1,0,0,83.9,6,90,115,1,2,8,0,37,38,0.4,6.2
Brayden Matts,54531,S,COAST CAR,9,2,11.6,60.0,98.8,26.3,15.8,0,0,0,0.0,141,48.5,53.5,84.8,57.7,65.1,50.3,0,30,17.6,3,0,1,90.0,6,167,169,1,12,10,0,91,42,0.6,15.2
Aapri Washington,55013,CB,BUFFALO,13,2,15.7,51.1,99.7,13.9,7.1,0,0,3,6.7,126,63.9,67.0,84.8,60.0,78.5,49.3,2,80,21.4,6,3,1,88.7,23,342,343,5,20,45,3,435,135,1.4,18.9
Wankeith Akin Jr.,55014,CB,BUFFALO,7,0,19.7,66.7,100.0,21.0,14.0,0,0,0,0.0,126,60.0,60.6,76.9,,61.9,77.0,1,30,,0,0,0,70.1,2,47,47,0,0,3,0,54,6,1.3,27.0
Malcolm Koonce,55015,ED,BUFFALO,13,0,5.5,100.0,1.6,2.5,2.5,0,0,0,0.0,126,49.8,83.7,57.1,89.6,71.9,77.9,0,11,100.0,2,0,2,97.9,2,5,317,10,0,2,0,15,4,3.0,7.5
Frendy Darelus,55018,ED,BUFFALO,12,0,,,1.5,,,0,0,0,,126,60.0,58.4,28.2,61.8,57.8,78.0,0,,,0,0,1,0.0,0,1,67,1,0,0,0,0,0,0.0,
Tim Terry,55020,LB,BUFFALO,13,2,3.7,74.1,88.5,12.7,9.4,0,0,2,7.4,126,66.7,64.6,50.4,62.5,62.0,55.2,0,20,15.4,2,2,1,86.5,20,270,305,7,9,27,0,147,104,0.6,7.4
Ja'Varius Harrison,55021,LB,BUFFALO,5,0,-1.5,50.0,88.4,34.0,17.0,0,0,0,0.0,126,60.3,68.9,77.2,68.9,74.0,82.5,0,0,,0,0,0,56.3,1,38,43,0,0,2,0,0,3,0.0,0.0
Ali Abbas,55033,CB,BUFFALO,7,2,15.1,71.4,98.3,5.4,3.9,0,0,1,7.1,126,49.4,49.6,0.0,60.0,63.2,67.4,0,56,11.1,1,1,1,129.2,10,58,59,0,6,14,1,147,35,2.7,14.7
Evan Gantley,55034,S,BUFFALO,1,0,,,100.0,,,0,0,0,,126,60.0,55.4,72.4,,60.0,,0,,,0,0,0,0.0,0,1,1,0,0,0,0,0,0,0.0,
Isaiah King,55037,CB,BUFFALO,4,0,11.5,50.0,100.0,16.0,8.0,0,0,0,0.0,126,57.5,60.1,76.2,,65.7,74.2,0,15,,0,0,0,75.0,1,16,16,0,0,2,0,15,3,0.9,15.0
Ledarius Mack,55041,ED,BUFFALO,13,1,,,7.3,,,0,0,0,,126,62.0,82.2,37.0,88.1,71.4,44.4,0,,50.0,1,0,2,0.0,0,14,193,8,0,0,0,0,0,0.0,
Chibueze Onwuka,55044,DI,BUFFALO,13,2,,,3.3,,,1,0,0,,126,59.1,71.8,48.0,68.4,73.8,71.5,0,,0.0,0,0,2,0.0,0,9,269,5,4,0,0,0,0,0.0,
Devonni Reed,55046,S,C MICHIGAN,13,2,10.8,57.1,99.0,23.1,13.2,0,0,3,10.7,134,49.7,56.7,88.4,65.3,68.2,71.9,0,22,14.3,4,2,2,109.1,16,387,391,5,22,28,3,159,46,0.4,9.9
Norman Anderson,55047,CB,C MICHIGAN,5,0,19.6,53.3,100.0,7.3,3.9,0,0,2,13.3,134,47.1,52.5,78.4,,69.1,75.4,0,36,0.0,0,0,1,111.3,8,61,61,1,4,15,1,153,36,2.6,19.1
Darius Bracy,55048,CB,C MICHIGAN,8,2,13.5,54.2,100.0,14.5,7.8,0,1,2,8.3,134,59.1,59.5,82.0,,59.8,60.0,0,40,13.3,2,2,1,110.2,13,195,195,2,11,24,2,203,56,1.1,15.6
Brandon Brown,55049,CB,C MICHIGAN,10,0,18.3,45.0,99.1,11.1,5.0,0,0,5,25.0,134,65.7,66.2,81.5,60.0,65.2,85.8,0,36,0.0,0,5,1,94.4,9,108,109,1,9,20,1,183,42,1.8,20.3
Troy Brown,55050,LB,C MICHIGAN,14,2,4.6,73.5,90.5,10.5,7.7,1,1,2,4.1,134,88.6,74.3,34.0,61.6,66.4,62.7,3,27,10.3,4,2,2,67.7,36,398,440,22,33,49,1,272,146,0.7,7.6
George Douglas IV,55053,LB,C MICHIGAN,14,1,7.1,78.6,82.8,9.5,7.5,0,0,1,7.1,134,55.6,56.0,79.9,55.0,56.8,29.7,0,43,30.0,3,1,0,142.3,11,111,134,3,6,14,2,121,78,1.2,11.0
Chuck Jones,55054,LB,C MICHIGAN,14,0,5.1,85.7,93.5,11.2,9.6,0,0,1,7.1,134,65.1,70.5,82.5,51.5,74.1,83.2,0,39,0.0,0,1,0,106.8,12,144,154,5,16,14,0,135,87,1.0,11.3
Keegan Cossou,55058,ED,C MICHIGAN,5,0,,,4.8,,,0,0,0,,134,60.0,63.3,77.4,63.8,60.2,49.2,0,,,0,0,0,0.0,0,1,21,1,0,0,0,0,0,0.0,
Ethan Tucky,55071,ED,CINCINNATI,14,0,15.0,0.0,7.9,,11.0,0,0,0,0.0,138,45.5,67.5,58.2,64.9,72.2,85.6,0,,16.7,1,0,1,39.6,0,12,152,7,5,1,0,0,0,0.0,
Jarell White,55079,LB,CINCINNATI,14,3,3.2,65.0,84.5,11.9,7.8,0,0,1,5.0,138,56.6,68.2,39.8,77.4,75.0,60.4,1,17,17.6,3,0,1,52.7,13,163,193,6,11,20,0,83,97,0.5,6.4
RJ Potts,55080,LB,CINCINNATI,3,0,,,91.7,,,0,0,0,,138,63.2,59.5,73.1,58.3,57.3,77.8,0,,,0,0,0,0.0,0,11,12,0,0,0,0,0,0,0.0,
Darrick Forrest,55087,S,CINCINNATI,14,4,12.8,58.5,97.8,14.4,8.4,1,0,5,9.4,138,71.4,73.4,59.0,59.9,75.2,82.0,3,49,6.1,2,3,3,58.5,31,479,490,8,27,53,1,318,94,0.7,10.3
Coby Bryant,55088,CB,CINCINNATI,14,0,11.7,63.2,97.7,10.0,6.3,0,0,12,17.6,138,63.4,64.0,57.5,66.9,64.6,54.7,1,50,14.3,6,8,8,104.2,43,463,474,4,36,68,3,667,236,1.5,15.5
Wilson Huber,55090,TE,CINCINNATI,1,0,6.0,0.0,100.0,,6.0,1,0,1,100.0,138,76.4,66.4,67.2,,50.0,,0,,,0,1,1,39.6,0,7,7,0,0,1,0,0,0,0.0,
Omar Fortt,55100,LB,UCONN,12,3,2.3,84.4,82.4,6.6,5.6,0,0,1,3.1,146,67.6,57.9,12.3,67.4,47.0,70.6,0,37,8.0,2,1,2,94.5,27,187,227,11,20,32,0,214,184,1.2,7.9
Robert P. King III,55101,S,UCONN,10,2,12.1,64.7,95.7,7.6,4.9,0,1,1,2.9,146,52.7,54.4,85.7,54.3,57.7,79.8,0,74,14.3,3,1,1,127.6,22,179,187,5,16,34,3,344,156,2.1,15.6
Abiola Olaniyan,55102,CB,UCONN,7,0,15.4,62.5,100.0,8.6,5.4,0,0,2,12.5,146,59.5,54.5,0.0,,39.6,58.5,1,63,0.0,0,1,2,119.8,10,90,90,1,5,16,2,234,94,2.7,23.4
Ian Swenson,55104,LB,UCONN,11,0,2.6,76.9,76.3,11.1,8.5,0,0,0,0.0,146,50.9,64.1,82.6,66.8,73.7,69.5,0,21,30.0,3,0,1,92.1,10,116,152,1,7,13,0,81,78,0.7,8.1
Darrian Beavers,55107,LB,CINCINNATI,14,0,5.5,63.6,83.0,19.0,12.1,0,0,0,0.0,138,40.2,56.7,77.7,69.9,66.4,54.4,0,40,28.6,2,0,1,92.2,7,151,182,1,5,11,0,98,87,0.7,14.0
Benny McCray,55150,S,FIU,5,0,12.0,0.0,100.0,,23.0,0,0,0,0.0,166,77.0,78.0,78.4,,74.6,81.3,0,,0.0,0,0,0,39.6,0,26,26,0,1,1,0,0,0,0.0,
Rishard Dames,55152,CB,FIU,13,0,6.9,60.8,99.5,8.0,4.9,1,0,6,8.1,166,74.3,74.3,88.9,57.6,72.6,31.7,4,45,34.4,11,4,1,66.3,45,391,393,9,21,74,2,480,332,1.3,10.7
Richard Dames,55153,S,FIU,13,0,7.3,67.6,96.4,12.8,8.6,0,1,4,11.8,166,63.8,63.1,0.0,79.0,63.1,34.2,0,86,29.2,7,3,3,124.5,23,319,331,9,17,34,3,299,177,1.0,13.0
Noah Curtis,55155,ED,FIU,13,0,,,0.4,,,0,0,0,,166,64.2,65.5,68.7,61.5,65.1,54.7,0,,0.0,0,0,1,0.0,0,1,240,4,5,0,0,0,0,0.0,
Tevin Jones,55156,LB,FIU,8,0,13.5,75.0,91.4,10.7,8.0,0,0,1,25.0,166,44.2,55.0,76.9,58.0,63.4,68.6,0,34,50.0,1,1,0,156.3,3,32,35,0,1,4,1,67,24,2.1,22.3
Josh Powell,55159,LB,FIU,6,1,4.5,54.5,94.1,7.7,4.2,0,0,1,9.1,166,69.8,58.0,78.3,67.1,44.8,46.8,0,8,28.6,2,1,0,60.8,6,48,51,3,4,11,0,35,21,0.8,5.8
Jamal Gates,55162,LB,FIU,13,5,4.1,71.9,91.6,14.6,10.5,0,0,3,9.4,166,79.1,60.2,86.0,69.6,45.2,70.0,1,24,4.3,1,3,0,85.7,23,361,394,9,17,32,1,202,140,0.6,8.8
Dorian Hall,55168,S,FIU,13,3,11.8,56.0,97.2,20.9,11.7,0,2,5,20.0,166,84.2,84.2,89.0,67.9,80.0,81.1,1,54,16.7,4,3,1,85.1,14,313,322,1,17,25,1,238,90,0.8,17.0
Daniel Jackson,55169,LB,FIU,10,2,10.0,66.7,70.5,15.0,10.0,0,0,0,0.0,166,55.0,62.0,81.5,65.7,63.3,73.7,0,18,0.0,0,0,0,91.0,2,31,44,0,1,3,0,24,9,0.8,12.0
Dontae Wilson,55185,DI,GA STATE,13,1,,,0.3,,,2,0,0,,175,77.6,81.0,51.4,79.7,78.0,55.8,0,,0.0,0,0,3,0.0,0,1,331,5,3,0,0,0,0,0.0,
Victor Heyward,55187,LB,GA STATE,13,5,4.3,83.3,68.3,6.7,5.6,0,1,3,6.3,175,61.6,67.9,88.5,71.2,68.8,54.6,1,63,22.9,8,3,0,104.8,40,276,404,11,22,48,1,459,306,1.7,11.5
Trajan Stephens-McQueen,55189,LB,GA STATE,13,2,7.2,75.9,82.1,14.0,10.7,0,0,2,6.9,175,53.0,62.7,59.6,67.6,65.5,50.5,2,64,21.4,6,2,1,128.2,22,320,390,12,20,29,5,376,257,1.2,17.1
Jhi'Shawn Taylor,55190,ED,GA STATE,13,1,2.4,75.0,38.9,22.5,16.9,1,0,0,0.0,175,58.9,57.2,77.4,56.5,55.9,64.5,0,22,18.2,2,0,1,89.6,6,137,352,8,8,8,0,48,35,0.4,8.0
Chris Bacon,55196,S,GA STATE,12,1,14.7,52.6,98.9,18.1,9.5,0,0,3,15.8,175,73.5,67.7,23.1,66.0,56.0,56.4,1,39,17.6,3,3,1,99.6,10,186,188,5,13,19,4,164,46,0.9,16.4
Jaylon Jones,55197,CB,GA STATE,9,2,12.8,75.0,100.0,10.7,8.0,1,1,5,15.6,175,70.0,72.8,85.1,,79.2,71.7,0,50,12.5,4,4,2,130.7,24,264,264,5,26,32,2,348,142,1.4,14.5
Jordan Strachan,55198,ED,GA STATE,1,0,,,30.0,,,0,0,0,,175,60.8,68.6,76.2,73.3,60.3,73.0,0,,,0,0,0,0.0,0,3,10,0,0,0,0,0,0,0.0,
Nygee Williams-Mitchell,55207,S,GA STATE,1,0,,,100.0,,,0,0,0,,175,60.0,62.4,60.0,,,,0,,,0,0,0,0.0,0,1,1,0,0,0,0,0,0,0.0,
Adam Beck,55211,LB,TEXAS TECH,9,1,6.7,61.1,78.7,11.7,7.2,0,0,2,11.1,315,51.1,59.9,40.3,67.0,69.2,55.2,0,29,46.2,6,1,2,82.9,11,140,178,3,6,18,0,129,81,1.0,11.7
Justus Harris,55215,CB,MINNESOTA,5,0,2.5,50.0,100.0,31.0,15.5,0,0,0,0.0,225,59.6,70.1,77.3,92.2,69.3,77.6,0,12,,0,0,0,68.8,1,32,32,1,0,2,0,12,6,0.4,12.0
Boye Mafe,55220,ED,MINNESOTA,13,2,2.0,66.7,16.6,12.0,8.0,0,0,0,0.0,225,68.4,77.2,84.6,75.2,70.5,67.3,0,20,28.6,2,0,0,96.5,2,25,151,6,3,3,0,28,31,1.2,14.0
Demetrius Douglas,55246,WR,MINNESOTA,1,0,,,100.0,,,0,0,0,,225,60.0,55.7,60.0,,60.0,,0,,,0,0,0,0.0,0,1,1,0,0,0,0,0,0,0.0,
DeAmonte King,55350,S,TOLEDO,1,0,8.0,66.7,100.0,10.0,6.7,0,0,1,33.3,316,68.9,69.4,75.5,,65.2,80.0,0,22,0.0,0,1,0,93.8,2,20,20,1,2,3,0,26,14,1.3,13.0
Tycen Anderson,55351,S,TOLEDO,12,10,9.1,54.5,96.4,19.7,10.7,0,1,4,12.1,316,67.3,67.7,60.0,58.9,68.7,79.8,0,52,12.5,4,2,4,86.0,18,378,392,4,18,33,1,225,105,0.6,12.5
Zachary Ford,55353,S,TOLEDO,1,0,-1.0,100.0,100.0,4.0,4.0,0,0,0,0.0,316,64.9,65.2,72.0,,60.0,74.3,0,5,0.0,0,0,0,87.5,1,4,4,0,1,1,0,5,6,1.3,5.0
Nate Givhan,55355,ED,TOLEDO,12,0,-0.7,100.0,5.5,4.3,4.3,0,0,0,0.0,316,56.6,49.8,89.8,52.9,47.0,76.0,0,33,25.0,2,0,0,118.8,3,13,235,6,6,3,0,41,43,3.2,13.7
AJ Crider,55360,LB,TOLEDO,2,0,,,100.0,,,0,0,0,,316,62.2,66.9,68.0,,65.1,77.6,0,,0.0,0,0,0,0.0,0,2,2,0,1,0,0,0,0,0.0,
Antwan Collier,55376,S,UCF,13,5,9.0,56.5,98.6,30.2,17.0,1,1,3,13.0,323,85.6,77.1,20.8,62.8,63.8,55.4,4,29,19.4,7,3,3,48.7,13,415,421,8,24,23,1,136,80,0.3,10.5
Zamari Maxwell,55377,CB,UCF,10,1,14.0,50.0,100.0,14.9,7.5,0,2,5,17.9,323,59.8,63.5,84.2,,77.8,58.2,0,75,6.7,1,4,2,87.9,14,224,224,2,13,28,1,217,70,1.0,15.5
Alex Swenson,55378,CB,UCF,1,0,,,100.0,,,0,0,0,,323,60.0,62.8,68.2,,60.0,,0,,,0,0,0,0.0,0,1,1,0,0,0,0,0,0,0.0,
Jon Powell,55379,S,UCF,2,0,11.8,75.0,100.0,6.7,5.0,0,0,0,0.0,323,55.5,56.7,89.6,,60.0,80.2,0,15,0.0,0,0,0,126.0,3,20,20,1,4,4,1,21,0,1.1,7.0
Josh Kelly,55380,CB,UCF,1,0,,,100.0,,,0,0,0,,323,60.0,62.4,60.0,,,,0,,,0,0,0,0.0,0,1,1,0,0,0,0,0,0,0.0,
Kalia Davis,55389,DI,UCF,13,0,,,0.5,,,1,0,0,,323,61.5,80.0,65.6,76.3,77.3,45.8,0,,50.0,1,0,1,0.0,0,1,201,4,1,0,0,0,0,0.0,
Stephon Zayas,55395,ED,UCF,13,0,1.0,0.0,5.6,,10.0,1,0,0,0.0,323,60.8,65.8,64.7,57.6,70.8,70.4,0,,100.0,1,0,1,39.6,0,10,177,1,0,1,0,0,0,0.0,
Otis Anderson,55412,HB,UCF,1,0,,,100.0,,,0,0,0,,323,60.0,62.4,60.0,,,,0,,,0,0,0,0.0,0,1,1,0,0,0,0,0,0,0.0,
Coby Davis,55425,S,WAKE,11,1,12.3,72.7,98.3,28.3,20.5,0,0,0,0.0,339,60.2,59.4,86.3,54.7,57.0,47.8,0,56,20.0,2,0,0,145.1,8,230,234,2,7,11,1,176,122,0.8,22.0
Ja'Sir Taylor,55426,CB,WAKE,13,1,11.8,62.2,96.8,8.3,5.2,0,0,1,2.2,339,51.8,51.7,85.3,81.5,40.7,36.5,2,30,17.4,4,1,0,90.0,28,241,249,5,18,45,3,350,175,1.5,12.5
Troy Simon,55427,CB,TOLEDO,2,0,2.0,100.0,96.7,9.0,9.0,0,0,0,0.0,316,60.9,61.6,76.8,59.5,62.8,46.9,0,13,50.0,1,0,0,139.6,3,29,30,0,1,3,1,24,20,0.9,8.0
Ty Hardimon,55428,CB,WAKE,1,0,,,100.0,,,0,0,0,,339,60.0,42.5,71.2,,62.4,,0,,,0,0,0,0.0,0,1,1,0,0,0,0,0,0,0.0,
Chase Monroe,55439,LB,WAKE,11,1,5.5,75.0,84.9,24.0,18.0,0,0,0,0.0,339,62.4,64.0,79.3,59.4,64.6,65.2,1,23,25.0,2,0,0,77.1,3,73,86,1,5,4,0,50,33,0.7,16.7
Jack Rielly,55440,LB,WAKE,1,0,,,100.0,,,0,0,0,,339,60.0,53.2,66.3,,54.9,,0,,,0,0,0,0.0,0,1,1,0,0,0,0,0,0,0.0,
Sage Surratt,55450,WR,WAKE,1,0,,,100.0,,,0,0,0,,339,60.0,60.0,64.7,,,,0,,,0,0,0,0.0,0,1,1,0,0,0,0,0,0,0.0,
Justin Bartee,55455,S,WAKE,1,0,,,100.0,,,0,0,0,,339,60.0,63.1,69.0,,62.7,75.1,0,,,0,0,0,0.0,0,1,1,0,0,0,0,0,0,0.0,
Malik Hausman,55567,CB,ARIZONA,1,0,23.0,50.0,100.0,5.0,2.5,0,0,0,0.0,109,49.6,49.3,69.9,,60.0,74.2,0,43,0.0,0,0,0,95.8,1,5,5,0,1,2,0,43,3,8.6,43.0
Azizi Hearn,55569,CB,WYOMING,13,3,9.8,58.7,99.2,12.8,7.5,0,0,3,6.5,351,64.3,63.1,49.3,58.6,57.6,82.3,0,32,6.7,2,2,6,77.4,27,363,366,9,25,46,0,291,97,0.8,10.8
Antonio Phillips,55572,CB,BALL ST,11,3,13.9,51.4,98.3,18.7,9.6,1,1,4,11.4,117,81.1,77.5,50.2,52.5,64.4,63.5,4,41,6.5,2,4,3,46.4,18,347,353,5,26,35,1,265,46,0.8,14.7
Timarcus Davis,55574,CB,ARIZONA ST,9,0,12.2,66.7,100.0,6.3,4.2,0,0,1,8.3,110,62.2,64.2,78.2,,69.8,83.1,0,91,0.0,0,1,0,148.6,8,50,50,3,6,12,2,148,78,3.0,18.5
Harrison Hand,55576,CB,TEMPLE,12,5,10.6,61.8,98.5,11.1,6.9,0,2,5,9.1,306,70.6,71.9,86.2,66.4,73.2,61.8,3,60,17.1,7,2,2,79.1,34,399,405,12,29,55,2,477,144,1.3,14.0
Branden Smith,55582,CB,CAL,8,1,4.8,83.3,98.6,7.1,5.9,0,0,1,8.3,130,60.6,61.4,80.3,60.0,64.6,45.2,0,15,25.0,2,1,0,120.5,10,73,74,2,5,12,1,75,35,1.1,7.5
Elijah Hicks,55584,CB,CAL,13,5,11.9,61.4,98.0,17.3,10.6,0,0,5,11.4,130,70.9,72.5,86.7,70.2,70.6,63.6,0,45,14.7,5,3,1,115.2,27,481,491,8,24,44,3,414,174,0.9,15.3
LeAnthony Williams,55585,CB,CLEMSON,8,0,21.3,33.3,100.0,37.0,12.3,0,0,0,0.0,140,60.9,60.8,77.9,,58.9,74.2,0,18,0.0,0,0,1,54.9,1,39,39,0,1,3,0,18,2,0.5,18.0
A.J. Terrell,55586,CB,CLEMSON,15,2,13.8,52.3,95.7,18.0,9.4,1,1,6,13.6,140,80.7,76.6,88.2,59.8,55.1,46.9,2,56,12.0,3,4,2,86.6,23,426,445,7,20,44,3,392,89,0.9,17.0
Chris Miller,55588,CB,COLORADO,4,0,24.9,45.5,97.7,16.6,7.5,0,0,1,9.1,143,70.0,66.9,79.4,58.7,53.5,69.3,1,32,16.7,1,1,0,59.3,5,84,86,1,5,11,1,71,6,0.9,14.2
Josh Blackwell,55589,CB,DUKE,10,2,15.8,41.7,100.0,17.5,7.3,0,0,11,22.9,154,74.5,71.7,86.2,,48.7,57.6,0,57,4.3,1,4,1,67.0,20,375,375,4,20,48,0,348,146,1.0,17.4
Marco Wilson,55592,CB,FLORIDA,13,3,11.1,68.6,97.5,11.7,8.0,0,1,5,9.8,163,69.3,70.8,87.5,70.0,69.1,57.7,3,32,18.8,6,4,3,93.9,35,423,434,12,23,51,4,404,188,1.0,11.5
CJ Henderson,55593,CB,FLORIDA,9,1,15.0,54.1,97.5,13.3,7.2,0,2,8,21.6,163,58.9,62.6,83.6,63.5,75.0,51.7,0,54,19.2,5,5,2,109.0,20,275,282,5,20,37,2,389,116,1.5,19.5
Wylan Free,55596,S,FRESNO ST,12,2,16.8,50.0,98.6,33.5,16.8,0,0,1,4.2,169,71.5,65.2,87.6,61.8,50.0,71.2,2,53,4.5,1,1,0,96.2,12,420,426,4,19,24,3,274,70,0.7,22.8
Hasan Defense,55610,CB,KANSAS,12,2,12.9,51.0,99.4,12.4,6.3,1,0,8,15.7,198,66.4,63.4,49.9,57.3,52.2,71.5,1,25,0.0,0,5,6,70.2,26,342,344,2,19,51,2,254,52,0.8,9.8
Keith Sherald Jr.,55613,S,KENT STATE,13,6,11.9,51.4,98.4,20.7,10.6,0,1,5,13.5,201,74.7,70.3,89.9,55.8,60.2,65.3,3,49,11.8,4,5,0,63.9,19,425,432,2,24,37,2,309,93,0.8,16.3
Cedrick Dort Jr.,55614,CB,KENTUCKY,12,0,13.1,28.6,100.0,37.0,10.6,0,0,4,19.0,202,73.3,66.3,86.0,,30.2,28.3,0,22,18.2,2,4,0,39.6,6,232,232,1,9,21,0,60,19,0.3,10.0
Amik Robertson,55619,CB,LA TECH,12,6,10.5,53.2,96.7,10.4,5.5,0,1,19,24.7,208,91.2,90.2,55.9,81.2,71.9,58.0,5,59,15.2,7,17,2,55.0,41,438,453,13,33,77,2,497,273,1.2,12.1
Michael Sam,55620,CB,LA TECH,13,2,16.5,57.8,99.6,12.2,7.0,0,2,5,7.8,208,72.7,75.9,86.5,60.0,84.1,90.1,3,48,2.4,1,5,2,77.2,37,466,468,9,39,64,2,554,81,1.2,15.0
Corey Straughter,55623,CB,LA MONROE,12,0,16.7,27.9,99.7,24.9,7.0,1,1,10,23.3,209,89.7,87.2,48.7,60.0,72.2,58.5,5,54,21.1,4,6,3,13.7,12,319,320,3,15,43,1,190,70,0.6,15.8
Rhoy Williams,55626,CB,LA MONROE,10,0,11.4,81.3,100.0,7.2,5.9,0,0,2,12.5,209,44.2,46.5,81.1,,56.2,44.5,0,56,25.0,3,1,1,158.3,13,104,104,1,9,16,3,236,126,2.5,18.2
Anthony Johnson,55628,CB,LOUISVILLE,12,2,10.7,66.7,98.3,8.4,5.6,1,1,7,13.7,210,73.3,69.8,84.6,66.5,40.2,34.7,1,47,17.2,5,2,4,107.9,34,294,299,6,22,51,4,395,136,1.4,11.6
Russ Yeast,55629,S,LOUISVILLE,11,3,11.3,60.9,97.9,14.2,8.7,0,0,3,6.5,210,46.2,53.1,53.8,61.0,69.0,60.6,1,72,21.9,7,2,2,127.6,28,411,420,6,22,46,7,489,280,1.2,17.5
Kary Vincent Jr.,55631,CB,LSU,15,1,12.0,54.0,100.0,9.9,5.4,1,0,9,10.3,211,64.2,65.4,25.7,,73.8,53.8,4,44,20.5,8,5,6,68.0,47,497,497,11,30,87,3,597,244,1.3,12.7
Tre Person,55633,CB,MICH STATE,12,0,10.9,55.0,98.1,13.4,7.4,0,0,1,5.0,223,59.4,59.9,84.3,54.5,63.1,27.1,0,44,45.5,5,0,0,115.4,11,155,158,3,6,20,2,164,95,1.1,14.9
Josiah Scott,55634,CB,MICH STATE,13,2,15.0,51.7,98.6,13.3,6.9,0,3,7,12.1,223,78.5,77.3,86.1,46.9,64.7,78.3,3,33,7.0,3,6,3,58.7,30,426,432,9,38,58,2,328,68,0.8,10.9
Emmanuel Flowers,55635,S,MICH STATE,2,0,,,100.0,,,0,0,0,,223,64.4,64.7,71.4,,61.1,76.2,0,,0.0,0,0,0,0.0,0,6,6,0,1,0,0,0,0,0.0,
Taury Dixon,55636,CB,MISS STATE,1,0,,,100.0,,,0,0,0,,227,62.3,63.1,68.1,,60.0,,0,,,0,0,0,0.0,0,3,3,0,0,0,0,0,0,0.0,
Tre Shaw,55648,CB,N CAROLINA,1,0,9.0,0.0,100.0,,6.0,0,0,0,0.0,245,54.4,55.2,71.9,,60.7,,0,,,0,0,0,39.6,0,6,6,0,0,1,0,0,0,0.0,
Chris Ingram,55650,CB,NC STATE,6,3,10.5,59.5,98.0,9.6,5.7,0,0,2,4.8,248,66.7,68.6,83.8,63.1,73.8,81.5,2,52,6.7,2,2,2,85.0,25,249,254,5,25,42,3,296,97,1.2,11.8
Temitope Agoro,55666,CB,NOTRE DAME,3,0,13.0,0.0,100.0,,2.0,0,0,1,100.0,258,27.5,29.8,76.4,,55.8,74.3,0,,,0,1,1,39.6,0,4,4,0,0,1,0,0,0,0.0,
Marlin Brooks,55667,CB,OHIO,13,2,12.5,61.3,96.1,9.6,5.9,0,0,2,3.2,259,61.0,61.6,86.6,45.1,66.4,45.7,1,48,20.5,9,2,4,111.0,38,391,407,11,33,62,5,561,240,1.5,14.8
Tariq Drake,55668,CB,OHIO,3,1,11.7,66.7,85.7,3.0,2.0,0,0,1,33.3,259,46.1,53.3,69.9,76.1,60.1,37.7,0,10,50.0,1,1,0,115.3,2,6,7,1,0,3,1,13,1,2.2,6.5
Jamal Hudson,55669,CB,OHIO,4,2,10.8,55.6,94.1,17.2,9.6,0,1,1,11.1,259,68.6,63.9,80.0,57.9,45.2,61.8,0,35,0.0,0,1,1,73.8,5,95,101,2,8,9,0,55,14,0.6,11.0
De'Vante Mitchell,55670,CB,OHIO,7,1,7.1,75.0,100.0,8.8,6.6,0,0,1,12.5,259,59.8,55.1,81.9,,46.5,38.1,0,54,33.3,3,1,0,116.7,6,56,56,1,5,8,0,103,97,1.9,17.2
Marcus Williamson,55671,CB,OHIO STATE,7,0,10.3,42.9,100.0,10.7,4.6,0,0,0,0.0,260,48.7,50.9,79.2,,59.1,76.3,0,26,0.0,0,0,1,104.8,3,37,37,1,1,7,1,46,8,1.4,15.3
Amir Riep,55672,CB,OHIO STATE,12,2,11.8,50.0,98.6,13.9,6.9,0,0,5,27.8,260,78.1,77.5,84.2,57.7,71.0,65.1,2,45,20.0,2,4,2,54.6,9,137,139,1,6,18,1,138,81,1.1,15.3
Shaun Wade,55673,CB,OHIO STATE,13,2,7.8,56.3,94.8,10.3,5.8,0,3,8,16.7,260,74.9,78.6,3.2,92.8,77.7,80.0,1,26,9.5,2,7,3,69.9,27,290,306,10,17,48,1,261,115,0.9,9.7
Jeff Okudah,55674,CB,OHIO STATE,14,2,12.1,43.4,100.0,16.6,7.2,0,0,11,20.8,260,85.9,82.8,16.8,,64.0,61.7,3,28,18.8,6,9,2,42.5,23,400,400,8,24,53,1,274,89,0.7,11.9
Tre Brown,55677,CB,OKLAHOMA,14,2,13.4,44.8,99.0,14.3,6.4,2,1,15,25.9,261,64.0,65.4,16.3,64.3,76.5,67.7,1,33,14.8,4,13,10,71.0,26,399,403,4,21,58,3,299,104,0.8,11.5
Justin Broiles,55678,CB,OKLAHOMA,12,0,11.7,72.7,97.0,9.6,7.0,0,0,1,4.5,261,56.8,56.3,86.3,55.8,54.8,59.4,0,35,7.1,1,1,1,131.1,16,164,169,2,13,22,2,201,60,1.3,12.6
Geronda Hall,55683,CB,DOMINION,12,2,7.6,69.6,91.3,9.4,6.6,2,0,5,10.9,263,59.5,63.3,30.1,54.0,76.1,67.3,2,57,13.5,5,3,4,105.3,32,315,345,6,30,46,3,459,293,1.5,14.3
Thomas Graham Jr.,55685,CB,OREGON,14,4,8.8,60.6,100.0,11.3,6.9,1,1,9,12.7,264,82.9,80.9,2.7,,68.4,71.9,2,48,10.6,5,4,6,80.6,43,521,521,17,38,71,3,438,118,0.9,10.2
Deommodore Lenoir,55686,CB,OREGON,14,2,13.9,53.4,98.0,11.8,6.3,2,1,16,21.9,264,74.9,76.1,54.1,54.3,82.4,83.8,1,81,2.8,1,4,7,85.8,39,489,499,11,33,73,3,546,198,1.2,14.0
Donovan Johnson,55687,CB,PENN STATE,2,1,33.0,100.0,100.0,6.5,6.5,0,0,0,0.0,266,63.3,64.5,74.3,,64.6,81.6,0,40,0.0,0,0,0,118.8,2,15,15,1,4,2,0,69,3,5.3,34.5
DJ Brown,55688,CB,PENN STATE,5,0,10.3,75.0,100.0,9.7,7.3,0,0,1,25.0,266,66.8,74.7,75.8,,91.2,80.1,0,21,0.0,0,1,0,104.2,3,30,30,0,3,4,0,38,4,1.3,12.7
Tariq Castro-Fields,55689,CB,PENN STATE,12,3,11.4,58.3,97.5,9.5,5.5,0,2,5,8.3,266,61.9,62.7,86.8,61.0,62.9,46.8,2,49,18.4,7,4,2,69.4,35,351,360,10,28,60,0,470,135,1.4,13.4
Lamont Wade,55690,S,PENN STATE,13,4,6.9,53.6,94.3,13.4,7.2,0,1,4,7.1,266,70.0,74.5,24.1,68.0,87.5,77.4,0,42,11.4,5,3,3,80.2,30,427,453,16,35,56,2,290,194,0.7,9.7
Dedrick Mackey,55691,CB,PURDUE,12,3,16.0,53.2,98.5,11.0,5.9,0,0,7,11.3,273,65.8,65.4,86.2,76.8,55.1,66.4,3,75,11.5,3,6,1,109.2,33,385,391,5,20,62,8,645,237,1.8,19.5
Kenneth Major,55692,CB,PURDUE,12,2,13.3,55.3,98.8,11.4,6.3,0,0,2,5.3,273,59.2,57.8,34.0,72.4,50.3,63.7,0,48,16.7,4,1,3,84.2,21,256,259,6,18,38,1,249,108,1.0,11.9
Justin Guy-Robinson,55696,CB,SMU,3,0,19.0,66.7,100.0,12.5,8.3,0,0,1,33.3,287,64.9,65.8,75.3,,65.0,76.6,0,26,0.0,0,0,0,103.5,2,27,27,0,1,3,0,33,11,1.3,16.5
Tobias Moss,55698,CB,DOMINION,9,1,15.6,44.0,97.8,15.5,6.8,0,1,5,20.0,263,75.3,76.6,83.2,65.3,75.9,77.3,0,37,0.0,0,3,0,73.3,11,178,182,5,14,25,0,207,52,1.2,18.8
Devin Rockette,55699,CB,S ALABAMA,12,2,14.0,57.1,99.0,11.7,6.7,0,1,6,21.4,288,61.4,62.9,83.6,55.9,66.8,62.0,1,30,18.2,2,6,3,97.2,16,198,200,2,7,28,3,179,60,1.0,11.2
Gus Nave,55700,CB,S ALABAMA,9,0,9.9,69.2,100.0,7.8,5.4,0,1,1,7.7,288,57.1,60.8,79.6,,73.3,66.6,1,23,25.0,1,1,0,91.7,9,74,74,0,3,13,2,76,30,1.1,8.4
Keenan Reed,55711,CB,TCU,6,0,11.5,50.0,100.0,64.0,32.0,0,0,1,50.0,305,63.9,65.1,80.3,,67.0,77.4,0,11,0.0,0,0,0,66.7,1,70,70,0,1,2,0,11,16,0.2,11.0
Kordell Rodgers,55713,CB,TEXAS ST,4,0,13.5,63.6,98.1,7.3,4.6,0,0,3,27.3,314,65.7,66.4,78.5,59.3,66.1,52.8,0,43,12.5,1,3,0,100.6,7,53,54,1,7,11,0,120,22,2.4,17.1
Shon Spralling,55718,CB,TROY,7,1,5.2,88.9,93.4,8.4,7.4,1,0,1,11.1,318,63.5,60.9,0.0,55.2,61.8,54.9,0,35,14.3,1,1,1,138.9,8,71,76,2,5,9,1,76,35,1.1,9.5
Orlando Lacey,55720,CB,TROY,6,0,12.1,50.0,100.0,9.3,4.6,1,0,1,12.5,318,67.8,67.5,0.0,,75.2,61.1,1,17,16.7,1,1,1,29.2,4,40,40,2,5,8,0,48,26,1.3,12.0
Jaylon Monroe,55721,CB,TULANE,13,0,12.1,55.0,98.6,18.4,10.1,1,0,5,12.5,319,79.0,78.0,87.2,57.1,65.8,78.4,2,37,7.4,2,5,2,64.3,22,419,425,7,25,40,2,197,70,0.5,9.0
Willie Langham,55722,CB,TULANE,13,1,14.4,58.1,96.8,13.0,7.5,0,1,3,9.7,319,57.9,61.5,84.8,65.1,77.6,68.5,0,42,17.6,3,3,0,129.9,18,245,253,3,13,31,3,351,90,1.5,19.5
Grayson Cash,55727,S,UAB,12,0,11.2,64.3,98.2,27.1,17.4,0,2,4,28.6,321,60.2,64.2,86.4,56.0,70.2,55.6,0,75,14.3,2,3,1,147.3,9,267,272,0,12,14,3,185,106,0.8,20.6
Dy'jonn Turner,55732,CB,UAB,14,2,7.8,53.3,95.1,13.6,7.2,0,0,9,15.0,321,84.8,82.6,89.7,56.3,77.5,71.2,1,50,15.6,5,8,2,62.2,32,463,487,11,25,60,0,325,199,0.7,10.2
Greg Johnson,55734,CB,USC,11,1,9.1,60.7,95.6,8.6,5.2,0,1,6,10.7,326,62.6,65.2,87.7,79.2,64.1,61.1,2,38,11.1,3,4,0,76.6,34,305,319,7,23,56,2,362,177,1.2,10.6
Andre Grayson,55735,CB,UTAH ST,13,3,8.3,71.4,98.4,8.7,6.2,0,2,5,8.9,329,52.1,55.6,90.0,83.7,60.8,40.6,1,70,25.8,8,4,1,113.2,40,368,374,6,20,56,3,553,329,1.6,13.8
Zahodri Jackson,55736,CB,UTAH ST,4,0,8.0,50.0,95.2,18.0,9.0,0,0,0,0.0,329,57.4,59.3,76.2,60.0,66.0,76.2,0,13,0.0,0,0,0,70.8,1,20,21,0,1,2,0,13,2,0.7,13.0
Jarrod Green,55737,CB,UTAH ST,2,0,10.0,33.3,100.0,13.0,4.3,0,0,1,16.7,329,67.6,67.9,77.5,,63.7,75.1,0,10,0.0,0,0,0,42.4,2,26,26,0,1,6,0,17,6,0.7,8.5
Ja'Marcus Ingram,55738,CB,TEXAS TECH,9,1,11.0,76.2,97.0,7.6,5.8,0,0,2,9.5,315,53.4,53.3,5.8,58.4,58.5,49.8,1,44,25.0,4,2,1,107.0,16,130,134,2,11,21,1,229,71,1.9,14.3
Vance Vallair,55742,S,UTSA,5,0,2.5,100.0,100.0,12.5,12.5,0,0,0,0.0,331,64.6,65.2,84.4,,63.6,29.6,0,7,50.0,1,0,0,79.2,2,26,26,1,1,2,0,6,1,0.2,3.0
George Hicks III,55744,CB,WASH STATE,13,0,17.5,40.0,98.4,16.6,6.7,0,0,6,17.1,341,63.2,65.6,83.9,57.3,71.3,56.5,1,61,23.5,4,3,2,82.0,14,251,255,5,13,35,2,331,99,1.4,23.6
Hakeem Bailey,55746,CB,W VIRGINIA,12,7,13.1,60.0,100.0,9.4,5.6,0,0,10,14.3,343,75.6,74.0,47.8,,65.5,78.6,1,75,6.4,3,10,2,86.1,42,412,412,11,37,70,2,511,160,1.3,12.2
Madison Cone,55747,CB,WISCONSIN,10,0,9.6,50.0,98.9,10.4,5.2,1,0,0,0.0,349,55.5,56.0,84.2,57.7,59.9,81.9,0,13,0.0,0,0,1,84.9,8,90,91,3,6,16,1,78,2,0.9,9.8
Faion Hicks,55748,CB,WISCONSIN,14,2,13.4,56.8,100.0,12.8,7.3,0,1,2,4.5,349,53.4,53.2,85.4,66.3,48.1,58.4,0,34,8.0,2,1,6,95.5,25,339,339,3,21,44,2,326,59,1.0,13.0
Keyon Blankenbaker,55749,CB,WYOMING,13,3,8.0,59.8,98.6,9.5,5.7,0,1,8,9.8,351,58.8,61.6,91.1,61.4,70.4,74.5,0,50,10.6,5,5,1,86.4,49,487,494,9,39,82,1,600,306,1.3,12.2
C.J. Coldon Jr.,55750,CB,WYOMING,3,1,6.3,61.9,99.3,10.1,6.2,0,0,3,14.3,351,67.6,69.4,82.4,60.0,75.7,56.3,0,53,18.8,3,1,0,98.7,13,137,138,3,12,21,1,147,72,1.1,11.3
James Jones IV,55757,CB,AIR FORCE,8,0,20.6,57.1,100.0,14.0,8.0,0,0,1,14.3,101,53.8,55.1,78.7,,62.6,40.1,0,16,40.0,2,1,0,75.9,4,58,58,1,3,7,0,44,13,0.8,11.0
Eric Ward,55759,CB,AIR FORCE,5,1,12.9,66.7,100.0,6.4,4.3,0,0,1,5.6,101,43.8,45.9,80.8,,66.0,65.9,0,14,12.5,1,1,0,122.0,12,81,81,0,6,18,3,107,30,1.4,8.9
Zane Lewis,55761,CB,AIR FORCE,13,2,11.8,52.6,99.5,13.5,7.1,0,2,12,21.1,101,80.1,77.1,84.8,59.2,60.7,59.2,1,29,18.2,6,11,3,65.4,30,415,417,7,25,57,1,286,82,0.7,9.5
Grant Theil,55762,CB,AIR FORCE,13,4,8.2,69.6,94.3,11.6,8.1,0,0,4,8.7,101,68.3,68.7,87.5,60.1,68.8,68.6,0,87,13.9,5,4,0,123.5,32,383,406,8,27,46,4,380,186,1.0,11.9
Jeremy Fejedelem,55763,S,AIR FORCE,12,3,9.3,74.2,96.7,16.0,11.9,0,0,4,12.9,101,66.3,71.2,88.9,64.6,76.6,83.9,2,36,6.1,2,3,0,93.3,23,378,391,9,28,31,2,259,73,0.7,11.3
Garrett Kauppila,55764,S,AIR FORCE,12,2,10.9,66.7,99.7,21.5,14.3,0,0,1,4.2,101,63.7,62.0,87.9,60.0,55.2,62.5,0,32,11.8,4,1,0,101.2,16,350,351,7,28,24,1,171,44,0.5,10.7
Jordyn Riley,55767,CB,AKRON,11,2,15.0,56.3,99.1,7.9,4.4,1,0,5,10.4,102,46.4,43.7,85.0,55.1,34.3,45.6,1,76,16.0,4,4,4,87.5,27,227,229,4,19,48,2,384,143,1.8,14.2
Zaire Jacobs,55769,S,AKRON,2,0,17.7,66.7,100.0,12.0,8.0,0,0,0,0.0,102,43.4,49.6,78.6,,63.8,81.9,0,23,0.0,0,0,0,109.7,2,25,25,0,2,3,0,39,7,1.6,19.5
Daniel Wright,55772,S,ALABAMA,8,0,2.5,100.0,98.0,23.5,23.5,0,0,0,0.0,103,64.8,63.6,77.6,59.9,59.8,67.2,0,7,0.0,0,0,0,135.4,2,50,51,0,4,2,1,14,9,0.3,7.0
Kyriq McDonald,55774,CB,CINCINNATI,1,0,,,100.0,,,0,0,0,,138,60.0,60.4,68.3,,60.0,,0,,,0,0,0,0.0,0,1,1,0,0,0,0,0,0,0.0,
Xavier McKinney,55775,S,ALABAMA,13,6,8.9,59.3,92.8,11.7,6.9,0,3,5,8.5,103,87.0,86.9,59.5,90.3,79.3,79.0,3,27,7.0,3,4,2,72.0,35,435,469,19,34,59,3,350,154,0.9,10.0
Shaun Jolly,55783,CB,APP STATE,14,5,12.1,53.1,99.8,13.8,7.3,2,1,11,17.2,108,91.4,91.7,87.0,60.0,85.2,84.5,5,35,2.9,1,10,4,54.9,34,502,503,9,29,64,3,391,58,0.8,11.5
Steven Jones Jr.,55785,CB,APP STATE,9,2,17.7,50.0,100.0,11.2,5.6,0,0,0,0.0,108,65.0,64.1,79.1,,56.9,65.3,0,24,0.0,0,0,0,74.7,6,71,71,0,4,12,0,89,29,1.3,14.8
Ryan Huff,55786,S,APP STATE,11,2,5.8,66.7,97.9,14.2,9.4,0,0,0,0.0,108,52.4,55.1,81.4,58.3,62.1,56.7,0,14,20.0,1,0,1,115.0,6,95,97,1,2,9,1,44,29,0.5,7.3
Kobe Williams,55787,CB,ARIZONA ST,12,6,8.7,48.9,99.8,17.3,8.4,0,1,9,20.0,110,82.4,82.8,87.0,58.7,77.7,78.2,0,48,10.3,4,8,1,78.3,22,399,400,10,29,45,2,223,132,0.6,10.1
Joey Bryant,55791,CB,MEMPHIS,11,0,17.1,50.0,100.0,14.4,7.2,0,0,3,15.0,218,55.1,57.1,82.4,,65.7,49.0,0,36,30.0,3,3,0,116.5,10,149,149,4,7,20,2,189,39,1.3,18.9
Darien Cornay,55792,S,ARIZONA ST,1,0,,,75.0,,,0,0,0,,110,61.9,64.4,71.4,60.0,62.5,74.8,0,,,0,0,0,0.0,0,3,4,0,0,0,0,0,0,0.0,
Evan Fields,55793,S,ARIZONA ST,13,7,7.4,74.1,91.7,20.8,15.4,0,0,0,0.0,110,55.9,58.5,52.2,69.1,60.4,67.7,2,95,19.5,8,0,2,97.4,20,431,470,5,26,27,1,347,288,0.8,17.4
Jarques McClellion,55795,CB,ARKANSAS,12,2,15.1,54.2,100.0,13.5,7.3,0,0,4,8.3,111,62.4,59.7,86.1,,43.7,51.5,1,37,11.1,3,3,3,95.7,26,376,376,1,22,48,4,339,99,1.0,13.0
Korey Hernandez,55796,CB,E MICHIGAN,13,0,15.4,50.0,99.3,18.1,9.1,1,0,1,7.1,160,65.7,61.5,4.6,58.6,52.9,54.9,1,68,0.0,0,1,2,105.7,7,134,135,1,8,14,2,218,71,1.7,31.1
Montaric Brown,55797,CB,ARKANSAS,10,2,10.6,51.4,99.3,15.8,8.1,0,1,5,14.3,111,61.1,65.0,84.7,75.5,74.0,57.4,1,30,25.0,6,3,2,94.7,18,299,301,4,16,35,4,198,71,0.7,11.0
Chevin Calloway,55799,S,SMU,10,0,10.4,80.0,100.0,13.4,10.7,0,0,2,20.0,287,44.2,47.6,83.4,,63.0,77.7,1,36,12.5,1,2,2,118.8,8,114,114,3,7,10,2,128,43,1.2,16.0
Kamren Curl,55800,S,ARKANSAS,11,6,8.5,72.2,98.6,13.0,9.4,1,0,3,8.3,111,89.6,87.6,50.8,77.0,69.2,80.0,2,32,8.9,4,2,2,101.4,26,360,365,10,35,36,4,218,135,0.6,8.4
Demari Medley,55803,CB,ARK STATE,5,0,15.4,60.0,100.0,9.1,5.5,0,0,1,6.7,113,53.6,54.5,80.2,,60.4,86.3,0,37,0.0,0,0,1,90.4,9,85,85,2,10,15,0,138,11,1.7,15.3
Chris Skyers,55809,S,ARMY,3,0,,,50.0,,,0,0,0,,114,61.0,59.7,71.4,53.8,62.5,,0,,100.0,1,0,0,0.0,0,3,6,0,0,0,0,0,0,0.0,
Javhari Bourdeau,55811,CB,ARMY,13,2,15.7,50.0,99.7,14.3,7.1,1,0,6,13.6,114,74.4,70.4,85.8,76.6,46.5,40.5,1,24,12.5,4,4,5,86.9,22,326,327,9,26,44,4,236,43,0.8,10.7
Dean Ngendakuriyo,55815,CB,ARMY,2,0,,,100.0,,,0,0,0,,114,60.4,62.2,70.3,,61.5,,0,,,0,0,0,0.0,0,2,2,0,0,0,0,0,0,0.0,
Devin Guice,55822,CB,AUBURN,2,0,,,100.0,,,0,0,0,,115,62.0,62.7,70.2,,60.0,,0,,,0,0,0,0.0,0,3,3,0,0,0,0,0,0,0.0,
Malcolm Askew,55823,S,AUBURN,4,0,-4.0,100.0,93.8,13.0,13.0,0,0,0,0.0,115,74.6,77.4,74.8,59.2,75.7,77.4,0,2,,0,0,0,79.2,1,15,16,0,0,1,0,2,6,0.2,2.0
Jordyn Peters,55824,CB,AUBURN,5,0,12.5,60.0,100.0,5.8,3.5,0,0,1,10.0,115,47.3,55.8,79.2,,78.2,86.5,0,29,0.0,0,1,0,84.2,6,37,37,0,5,10,0,77,10,2.2,12.8
Brandon Sebastian,55829,CB,BOSTON COL,13,2,12.9,52.6,98.7,12.4,6.5,2,1,12,15.8,121,68.0,70.6,86.7,58.3,79.1,62.7,1,74,18.4,7,11,5,82.0,40,513,520,9,29,76,4,437,158,0.9,10.9
Jahmin Muse,55830,S,BOSTON COL,10,0,7.3,87.5,80.4,8.0,7.0,0,0,0,0.0,121,60.1,55.2,85.1,67.6,37.0,57.5,1,26,7.1,1,0,1,112.8,14,115,143,7,13,16,2,125,51,1.1,8.9
Ty Redding,55832,CB,BOWL GREEN,8,0,13.2,84.6,98.5,5.9,5.0,0,0,0,0.0,122,54.3,56.1,0.0,59.6,66.4,50.5,1,41,16.7,1,0,1,112.3,11,66,67,0,5,13,1,172,23,2.6,15.6
Melvin Jackson III,55834,CB,BOWL GREEN,7,0,9.4,80.0,95.9,14.0,11.2,0,0,1,10.0,122,60.2,64.3,83.4,92.6,49.9,57.2,0,53,0.0,0,1,0,158.3,8,117,122,5,4,10,2,147,77,1.3,18.4
Cedric Mitchell,55835,S,BOWL GREEN,1,0,,,100.0,,,0,0,0,,122,60.0,60.0,66.2,,60.0,,0,,,0,0,0,0.0,0,1,1,0,0,0,0,0,0,0.0,
Sy Dabney,55836,S,BOWL GREEN,1,0,,,100.0,,,0,0,0,,122,61.4,66.7,70.1,,66.6,77.7,0,,,0,0,0,0.0,0,2,2,0,0,0,0,0,0,0.0,
Marquavis Gibbs,55850,S,CHARLOTTE,13,4,8.8,68.8,97.2,15.1,10.4,0,0,1,3.1,136,59.0,64.9,56.6,82.5,70.0,73.6,1,69,17.9,5,1,1,98.4,22,348,358,4,19,32,1,320,157,1.0,14.5
Christian Haynes,55851,CB,CHARLOTTE,2,0,27.5,0.0,100.0,,3.0,0,0,0,0.0,136,71.3,67.3,92.0,,53.3,,0,,,0,0,0,39.6,0,6,6,0,0,2,0,0,0,0.0,
Isaiah Lewis,55854,S,COLORADO,1,2,-6.0,100.0,100.0,13.0,13.0,0,0,0,0.0,143,67.6,69.9,74.9,,66.9,80.9,0,6,0.0,0,0,0,91.7,1,13,13,1,2,1,0,6,12,0.5,6.0
Delvontae Harris,55860,LB,E CAROLINA,2,0,7.7,66.7,76.2,14.5,9.7,1,0,0,0.0,156,35.9,36.4,77.2,59.1,42.7,64.3,0,29,0.0,0,0,1,149.3,2,32,42,0,1,3,1,49,24,1.7,24.5
Davondre Robinson,55861,S,E CAROLINA,12,6,8.2,61.5,97.7,11.9,7.3,0,0,4,10.3,156,82.0,71.8,43.6,57.8,60.1,66.1,3,29,9.4,3,4,1,63.3,24,303,310,7,23,39,2,233,106,0.8,9.7
Jeff Hubbard,55867,CB,E MICHIGAN,11,3,12.0,72.7,100.0,9.8,7.1,1,0,1,4.5,160,60.7,58.8,82.6,,45.6,54.4,1,54,10.5,2,0,1,124.1,16,167,167,5,14,22,2,264,70,1.7,16.5
Blake Bogan,55868,CB,E MICHIGAN,13,4,10.3,66.7,99.7,12.9,8.6,0,0,3,9.1,160,68.2,74.6,89.9,60.0,88.1,52.6,1,96,27.0,10,3,0,105.4,22,305,306,6,23,33,2,318,192,1.1,14.5
Patrick Moorer,55877,CB,FLORIDA,2,0,,,100.0,,,0,0,0,,163,62.7,63.8,71.0,,60.0,,0,,,0,0,0,0.0,0,3,3,0,0,0,0,0,0,0.0,
Austin Perry,55878,CB,FLORIDA,2,0,12.0,50.0,100.0,9.0,4.5,0,0,0,0.0,163,48.5,47.0,77.6,,53.2,21.0,0,11,100.0,1,0,0,66.7,1,9,9,0,0,2,0,11,5,1.2,11.0
Brad Stewart Jr.,55881,S,FLORIDA,10,1,15.3,71.4,97.8,17.2,12.3,0,0,1,7.1,163,64.3,65.6,83.5,64.5,65.5,76.9,0,23,6.7,1,1,0,118.8,10,175,179,4,13,14,1,112,54,0.7,11.2
Shawn Davis,55882,S,FLORIDA,12,6,11.7,62.5,98.0,18.4,11.5,0,0,4,16.7,163,82.4,79.3,37.9,80.3,65.0,61.4,3,25,15.4,6,4,1,37.8,15,287,293,7,27,24,0,134,47,0.5,8.9
Diashun Moss,55889,CB,FAU,6,0,9.3,66.7,95.0,9.5,6.3,0,0,0,0.0,165,56.8,58.5,75.9,58.3,65.8,79.3,0,11,0.0,0,0,0,88.2,2,19,20,1,3,3,0,22,0,1.2,11.0
Zyon Gilbert,55891,CB,FAU,14,3,15.9,49.1,99.5,14.8,7.3,1,1,7,13.2,165,66.3,64.4,53.9,58.8,58.4,63.9,2,45,15.4,6,6,3,59.2,26,406,408,7,30,53,1,326,84,0.8,12.5
Stanford Samuels III,55893,CB,FLORIDA ST,12,4,12.5,50.6,96.1,11.0,5.6,0,0,9,11.1,167,73.4,73.9,86.6,46.1,77.0,76.0,2,56,8.5,4,7,3,71.0,41,474,493,11,39,81,2,560,187,1.2,13.7
Cyrus Fagan,55895,S,FLORIDA ST,8,2,10.1,73.1,98.1,10.1,7.4,0,2,3,11.5,167,65.1,67.8,10.2,64.6,77.6,61.4,1,23,19.4,7,2,2,114.7,19,204,208,4,27,26,3,183,94,1.0,9.6
Hamsah Nasirildeen,55898,S,FLORIDA ST,12,2,10.5,62.5,88.2,21.5,13.5,0,0,1,4.2,167,81.6,80.3,0.0,62.7,81.8,81.1,2,48,7.5,3,1,3,68.9,15,344,390,6,35,24,1,205,121,0.6,13.7
Chris Coleman,55906,CB,FRESNO ST,6,0,14.4,57.1,100.0,9.0,5.1,0,0,1,4.8,169,45.5,44.4,81.5,,42.8,40.6,0,23,22.2,2,1,0,107.4,12,109,109,4,7,21,2,131,53,1.2,10.9
Chris Gaston,55907,CB,FRESNO ST,7,4,9.5,74.3,99.4,5.8,4.3,0,0,1,2.9,169,51.7,50.2,82.1,60.0,43.9,55.1,1,29,15.4,4,1,1,106.5,26,160,161,3,18,35,2,297,97,2.0,11.4
Arron Mosby,55908,LB,FRESNO ST,12,4,4.0,70.2,87.3,12.1,8.5,0,1,4,8.5,169,82.0,70.1,59.6,57.5,58.5,54.3,1,34,25.8,8,4,1,84.9,33,419,480,11,19,47,1,294,201,0.7,8.9
Richard LeCounte III,55910,S,GEORGIA,14,6,7.4,78.4,97.8,17.3,13.6,0,0,4,10.8,173,83.5,80.7,57.6,82.2,69.8,74.0,4,73,11.9,5,3,2,87.6,29,526,538,8,31,37,2,377,187,0.8,13.0
William Poole,55911,CB,GEORGIA,3,0,13.0,40.0,100.0,9.5,3.8,0,0,1,20.0,173,64.4,65.9,78.8,,66.5,37.9,0,21,33.3,1,0,0,64.6,2,20,20,0,2,5,0,35,12,1.8,17.5
Eric Stokes,55912,CB,GEORGIA,14,2,13.1,56.9,96.3,10.8,6.1,1,2,12,18.5,173,78.5,81.4,85.8,87.9,74.7,85.0,0,28,2.9,1,7,4,82.6,37,417,433,11,31,65,2,356,125,0.9,9.6
Latavious Brini,55915,S,GEORGIA,3,0,15.3,33.3,100.0,6.0,2.0,0,0,0,0.0,173,71.9,73.2,70.5,,,75.1,1,8,0.0,0,0,0,2.8,1,6,6,0,1,3,0,8,0,1.3,8.0
Ameer Speed,55918,CB,GEORGIA,3,0,15.0,100.0,100.0,10.0,10.0,0,0,0,0.0,173,64.7,65.2,75.3,,62.7,78.5,0,45,0.0,0,0,0,118.8,2,20,20,2,3,2,0,50,20,2.5,25.0
D.J. Small,55930,CB,HOUSTON,10,1,17.2,73.7,100.0,10.1,7.4,0,0,2,10.5,182,54.2,54.9,81.5,,59.0,78.3,0,45,0.0,0,2,1,150.7,14,148,148,2,11,19,2,269,30,1.9,19.2
Devodric Bynum,55931,CB,UAB,11,1,12.8,33.3,99.0,31.0,10.3,1,0,1,11.1,321,65.2,64.5,0.0,60.0,66.9,67.7,0,13,16.7,1,0,4,42.4,3,104,105,0,4,9,0,24,17,0.3,8.0
Grant Stuard,55933,S,HOUSTON,12,6,6.1,73.8,91.2,8.1,6.0,1,0,3,4.6,182,43.0,56.3,32.1,71.4,76.9,67.1,0,75,10.8,4,3,3,111.9,48,405,444,12,27,65,3,513,341,1.3,10.7
Bryan Cook,55940,S,CINCINNATI,1,1,,,100.0,,,0,0,0,,138,64.9,65.0,71.3,,61.0,74.8,0,,0.0,0,0,0,0.0,0,11,11,0,0,0,0,0,0,0.0,
Nate Hobbs,55948,CB,ILLINOIS,13,2,11.3,56.9,98.7,9.0,5.1,0,0,10,13.9,187,70.2,70.0,31.8,60.2,71.6,78.1,1,59,0.0,0,10,4,91.7,41,382,387,14,39,72,4,508,137,1.4,12.4
Dawson DeGroot,55949,LB,ILLINOIS,3,1,5.4,80.0,91.5,9.8,7.8,0,0,0,0.0,187,63.3,64.8,79.5,59.0,64.9,72.9,0,14,0.0,0,0,0,86.7,4,43,47,1,2,5,0,24,15,0.6,6.0
Michael Marchese,55952,S,ILLINOIS,2,0,22.3,25.0,100.0,30.0,7.5,0,0,0,0.0,187,46.2,56.3,76.2,75.6,69.8,80.6,1,25,0.0,0,0,0,13.5,1,30,30,0,2,4,0,25,1,0.8,25.0
Tony Adams,55953,CB,ILLINOIS,10,1,9.8,63.6,99.0,14.1,9.0,0,1,0,0.0,187,70.3,68.2,86.9,58.3,60.8,49.5,2,40,25.0,6,0,1,50.9,14,206,208,3,17,22,0,178,101,0.9,12.7
Alec McEachern,55956,LB,ILLINOIS,2,0,,,85.7,,,0,0,0,,187,62.6,66.5,74.9,59.2,66.8,77.6,0,,,0,0,0,0.0,0,6,7,0,0,0,0,0,0,0.0,
Juwan Burgess,55958,S,INDIANA,13,1,15.5,45.0,100.0,19.0,8.6,0,0,2,10.0,190,66.7,65.0,0.0,,66.4,70.6,0,45,11.1,2,2,4,86.9,9,190,190,3,15,20,1,147,31,0.9,16.3
Raheem Layne,55960,CB,INDIANA,13,0,15.1,56.8,97.5,8.9,5.1,0,1,6,16.2,190,59.1,62.1,83.1,48.8,76.4,76.1,0,40,10.5,2,4,1,108.6,21,199,204,2,17,37,3,286,66,1.5,13.6
Bryant Fitzgerald,55961,S,INDIANA,13,0,10.6,50.0,96.1,16.6,8.3,0,1,2,10.0,190,48.4,53.8,84.2,60.0,63.3,64.3,0,36,15.4,2,2,0,109.4,10,171,178,2,11,20,2,155,73,0.9,15.5
Matt Hankins,55963,CB,IOWA,10,2,10.8,63.0,98.9,10.3,6.5,0,0,7,13.0,192,78.0,78.9,86.3,70.4,73.1,84.6,2,42,0.0,0,6,2,78.8,34,363,367,8,34,54,2,354,54,1.0,10.4
Josh Valentine-Turner,55964,CB,FIU,9,1,7.6,44.4,99.0,22.8,10.1,0,0,2,22.2,166,75.2,70.4,81.8,60.0,51.0,32.6,0,13,25.0,2,2,0,51.6,4,99,100,3,5,9,0,20,15,0.2,5.0
Wes Dvorak,55966,S,IOWA,2,0,,,100.0,,,0,0,0,,192,60.8,64.5,71.5,,63.7,76.2,0,,,0,0,0,0.0,0,2,2,0,0,0,0,0,0,0.0,
Geno Stone,55967,S,IOWA,13,4,9.2,60.0,99.0,22.6,13.5,0,2,3,8.6,192,84.5,83.5,90.3,72.0,74.0,69.5,1,23,12.2,5,3,0,78.9,21,491,496,12,32,35,2,165,60,0.3,7.9
Datrone Young,55969,CB,IOWA STATE,13,2,12.4,52.9,99.4,17.7,9.4,1,1,4,11.8,193,68.9,69.4,85.0,57.0,67.0,29.3,0,71,37.5,9,2,1,96.8,18,325,327,4,13,34,2,253,151,0.8,14.1
Keontae Jones,55970,CB,IOWA STATE,3,0,17.0,100.0,96.2,12.5,12.5,0,0,0,0.0,193,64.5,62.6,76.6,60.0,54.7,77.0,0,22,0.0,0,0,0,158.3,2,25,26,0,1,2,1,30,3,1.2,15.0
Richard Bowens III,55972,S,IOWA STATE,1,0,,,100.0,,,0,0,0,,193,63.8,62.8,72.5,,59.7,78.7,0,,,0,0,0,0.0,0,8,8,0,0,0,0,0,0,0.0,
Ross Elder,55981,S,KANSAS ST,3,1,-2.0,0.0,93.3,,14.0,0,0,0,0.0,199,66.8,67.0,76.9,59.6,64.5,78.8,0,,0.0,0,0,0,39.6,0,14,15,0,0,1,0,0,0,0.0,
Walter Neil,55982,CB,KANSAS ST,11,3,15.0,58.3,99.5,13.1,7.7,0,1,0,0.0,199,62.3,62.8,23.2,59.2,68.1,47.5,1,41,16.7,3,0,2,68.2,14,195,196,5,12,24,0,201,50,1.1,14.4
A.J. Parker,55983,CB,KANSAS ST,8,2,15.8,60.5,100.0,8.6,5.2,0,0,4,10.5,199,65.0,66.2,83.7,,68.1,62.5,3,33,12.0,3,2,1,63.6,23,208,208,6,20,38,1,321,43,1.6,14.0
Jahron McPherson,55986,CB,KANSAS ST,13,2,7.2,62.3,96.1,9.1,5.7,0,0,2,3.8,199,53.9,52.3,52.3,64.9,46.9,26.8,1,60,32.0,8,1,2,79.3,33,318,331,6,15,53,1,342,234,1.1,10.4
Gervarrius Owens,55987,CB,HOUSTON,12,2,16.3,61.2,99.2,11.8,7.2,0,3,6,12.2,182,52.3,54.1,88.5,72.1,56.9,49.8,1,62,18.2,6,5,0,120.4,30,369,372,4,25,49,4,571,209,1.6,19.0
Daron Bowles,55989,S,KANSAS ST,2,0,29.0,100.0,100.0,4.0,4.0,0,0,0,0.0,199,32.4,41.7,71.5,,64.1,74.3,0,33,,0,0,0,118.8,1,4,4,0,0,1,0,33,4,8.3,33.0
Brock Monty,55990,S,KANSAS ST,3,0,-2.0,50.0,100.0,20.0,10.0,0,0,0,0.0,199,67.1,63.0,75.9,,51.6,81.4,0,9,0.0,0,0,0,62.5,1,20,20,1,3,2,0,9,9,0.5,9.0
Elvis Hines,55992,CB,KENT STATE,13,2,12.7,60.7,97.5,10.7,6.5,2,1,11,18.0,201,60.7,58.6,29.0,51.1,56.5,82.2,0,77,4.9,2,7,11,101.3,37,429,440,4,37,61,2,552,215,1.4,14.9
Tyrell Ajian,55995,S,KENTUCKY,11,1,5.6,68.4,96.5,14.3,9.8,0,0,0,0.0,202,62.1,61.9,84.9,52.0,61.8,61.7,1,21,16.7,3,0,0,65.2,13,194,201,4,14,19,0,128,64,0.7,9.8
Yusuf Corker,55996,S,KENTUCKY,13,5,10.3,54.2,97.7,24.5,13.3,0,0,3,12.5,202,82.4,72.8,40.5,70.2,53.0,83.3,1,33,0.0,0,3,1,75.0,13,333,341,6,22,24,2,100,35,0.3,7.7
Bralen Trahan,56012,S,LA LAFAYET,14,1,10.9,45.8,96.1,17.1,7.8,0,0,3,12.5,207,66.4,59.4,33.4,66.9,49.1,45.3,2,42,23.1,3,2,1,58.0,11,199,207,2,9,24,2,142,75,0.8,12.9
SchDarren Archie,56014,CB,LA LAFAYET,1,0,,,83.3,,,0,0,0,,207,63.8,69.8,73.0,60.0,61.4,,0,,,0,0,0,0.0,0,5,6,0,0,0,0,0,0,0.0,
Ja'len Johnson,56016,LB,LA LAFAYET,13,1,10.0,50.0,82.0,21.5,10.8,0,0,1,25.0,207,76.8,71.2,82.3,66.2,58.4,65.1,0,9,0.0,0,1,0,56.3,2,50,61,2,2,4,0,8,1,0.2,4.0
Ezekiel Barnett,56017,LB,LA TECH,13,0,2.8,81.3,59.1,6.2,5.0,1,0,2,6.3,208,75.6,69.7,0.0,69.1,64.8,57.8,1,36,19.2,5,1,4,82.3,26,169,286,12,21,32,0,220,176,1.4,8.5
Kereon Merrell,56024,CB,MARSHALL,12,1,11.7,64.1,95.7,9.7,6.2,0,1,6,9.4,214,73.8,78.7,86.4,83.7,85.9,68.1,1,44,14.3,6,4,0,100.1,41,420,439,12,35,64,4,466,160,1.2,11.4
Fofie Bazzie,56029,S,MARYLAND,4,0,5.0,100.0,100.0,10.0,10.0,0,0,0,0.0,215,61.4,65.6,77.8,,69.1,80.0,0,14,0.0,0,0,0,118.8,1,11,11,0,1,1,0,14,9,1.4,14.0
Deon Jones,56031,S,MARYLAND,10,2,5.1,64.3,99.6,26.7,17.1,0,0,1,7.1,215,66.9,70.3,23.8,59.1,79.6,62.8,0,16,22.7,5,1,2,80.4,9,257,258,2,15,14,0,83,43,0.3,9.2
Kenny Bennett,56032,CB,MARYLAND,4,0,17.1,62.5,100.0,9.6,6.0,1,0,1,12.5,215,58.1,59.2,78.8,,64.4,80.5,0,58,0.0,0,0,3,145.8,5,56,56,1,5,8,1,123,56,2.6,24.6
Ladarius Jordan,56036,CB,MEMPHIS,1,0,41.0,0.0,100.0,,5.0,0,0,1,100.0,218,70.5,71.9,70.4,,60.0,,0,,,0,0,0,39.6,0,5,5,0,0,1,0,0,0,0.0,
T.J. Carter,56037,CB,MEMPHIS,12,0,11.0,53.7,94.8,15.5,8.3,1,0,4,9.8,218,75.1,72.4,53.3,61.6,63.2,51.1,0,30,15.4,4,4,6,87.1,22,366,386,4,22,41,2,237,84,0.7,10.8
La'Andre Thomas,56039,S,MEMPHIS,14,1,9.8,58.7,95.3,12.6,7.4,0,0,3,6.5,218,56.2,54.0,48.2,76.1,45.1,62.5,1,53,10.5,4,2,4,88.4,27,365,383,11,33,46,2,353,167,1.0,13.1
Carlito Gonzalez,56040,S,MEMPHIS,11,0,9.3,25.0,94.9,87.0,21.8,0,0,1,25.0,218,72.9,68.1,82.0,45.7,61.2,57.1,0,5,42.9,3,1,0,39.6,1,94,99,0,4,4,0,5,1,0.1,5.0
Sanchez Blake Jr.,56043,S,MEMPHIS,10,0,6.0,66.7,92.3,30.0,20.0,0,1,1,8.3,218,74.6,67.5,86.4,54.9,57.2,58.8,2,13,16.7,4,0,1,65.3,8,252,273,9,20,12,1,56,35,0.2,7.0
Xavier Cullens,56044,LB,MEMPHIS,13,2,5.0,70.6,87.4,15.7,11.1,0,1,2,11.8,218,65.9,74.0,84.6,69.3,75.2,70.0,1,74,11.8,2,2,0,97.4,12,202,231,3,13,17,1,169,154,0.9,14.1
Trajan Bandy,56045,CB,MIAMI FL,13,0,10.3,50.0,96.7,14.8,7.4,1,2,7,14.6,220,66.4,64.2,48.6,76.3,46.5,41.9,0,62,18.2,4,7,3,80.3,24,376,389,7,18,48,1,341,111,1.0,14.2
Amari Carter,56049,S,MIAMI FL,13,2,7.8,58.8,91.4,24.3,14.3,0,0,2,11.8,220,63.4,61.0,0.0,60.0,61.9,75.5,1,80,6.3,1,2,2,117.9,10,256,280,3,13,17,2,227,175,0.9,22.7
Bart Baratti,56051,LB,MIAMI OH,14,4,6.6,71.1,81.1,13.0,9.3,2,0,0,0.0,221,62.4,66.7,6.0,66.9,73.8,50.5,1,45,22.9,8,0,4,86.1,27,369,455,10,23,38,0,326,216,0.9,12.1
Mike Brown,56054,CB,MIAMI OH,14,4,11.8,56.5,97.2,18.0,10.2,0,1,2,4.3,221,65.4,64.5,91.6,55.2,60.4,61.3,3,46,16.7,6,0,0,74.4,26,490,504,8,26,46,3,338,124,0.7,13.0
Sterling Weatherford,56055,S,MIAMI OH,14,9,9.8,48.8,96.1,23.4,11.4,0,1,8,19.5,221,85.2,81.8,90.1,68.5,72.8,67.7,1,26,12.2,6,8,0,65.0,20,493,513,10,34,41,2,159,34,0.3,8.0
Jaylen Kelly-Powell,56057,CB,MICHIGAN,3,0,16.7,66.7,100.0,5.5,3.7,0,0,0,0.0,222,49.1,45.7,74.3,,46.3,28.1,0,59,0.0,0,0,0,149.3,2,12,12,0,1,3,1,79,46,7.2,39.5
Ambry Thomas,56058,CB,MICHIGAN,13,1,13.1,53.2,99.7,12.4,6.6,2,0,6,12.8,222,82.1,80.8,86.0,58.3,67.5,74.2,3,41,6.7,2,3,3,56.3,25,333,334,11,27,47,1,332,131,1.1,13.3
Hunter Reynolds,56060,S,MICHIGAN,2,1,,,100.0,,,0,0,0,,222,65.0,71.2,71.3,,71.0,79.3,0,,0.0,0,0,0,0.0,0,5,5,0,0,0,0,0,0,0.0,
Benjamin St-Juste,56061,CB,MINNESOTA,12,2,11.0,57.1,99.3,10.8,6.2,1,1,11,26.2,225,74.2,75.0,85.5,65.0,71.4,90.7,0,49,0.0,0,9,4,85.4,24,275,277,6,22,42,1,280,68,1.1,11.7
J'Marick Woods,56062,LB,MICHIGAN,2,1,-7.0,100.0,92.0,22.0,22.0,0,0,0,0.0,222,54.6,63.1,78.3,59.5,74.0,57.8,0,20,33.3,1,0,0,118.8,1,23,25,0,1,1,0,20,27,0.9,20.0
Brad Hawkins,56063,S,MICHIGAN,11,5,6.7,51.9,100.0,22.9,11.9,0,1,2,7.4,222,80.3,81.5,88.1,,80.6,83.9,0,25,8.3,2,1,0,77.4,14,345,345,6,17,27,1,128,111,0.4,9.1
Shakur Brown,56064,CB,MICH STATE,7,2,16.6,48.4,97.4,14.1,6.8,0,2,4,12.9,223,62.6,61.9,21.4,73.0,55.1,65.5,1,46,0.0,0,3,4,80.2,15,224,230,5,8,31,2,221,29,1.0,14.7
Reed Blankenship,56065,S,MIDDLE TN,7,6,8.7,61.9,96.5,17.7,11.0,0,1,3,14.3,224,77.6,73.1,86.0,61.9,62.1,66.6,2,23,10.7,3,3,1,71.0,13,245,254,3,19,21,2,127,83,0.6,9.8
Raheme Fuller,56068,CB,MIDDLE TN,2,1,13.2,41.2,100.0,11.0,4.5,0,0,2,11.8,224,57.3,58.9,78.7,,67.1,61.4,0,63,16.7,1,0,1,105.8,7,79,79,2,4,17,2,123,49,1.6,17.6
Cody Smith,56070,LB,MIDDLE TN,12,1,1.8,60.0,67.0,11.8,7.1,0,0,0,0.0,224,43.8,32.1,84.9,57.5,29.3,46.2,0,19,0.0,0,0,0,101.3,6,77,115,2,4,10,1,38,36,0.5,6.3
Wayne Parks,56071,ED,MIDDLE TN,3,0,,,30.0,,,0,0,0,,224,66.2,68.1,77.7,56.9,70.5,80.0,0,,,0,0,0,0.0,0,6,20,0,0,0,0,0,0,0.0,
Ty Rocconi,56072,S,OLE MISS,2,1,,,100.0,,,0,0,0,,226,68.5,56.9,72.5,,37.5,51.7,0,,0.0,0,0,0,0.0,0,15,15,0,1,0,0,0,0,0.0,
C.J. Miller,56075,S,OLE MISS,3,0,1.0,100.0,100.0,9.0,9.0,0,0,0,0.0,226,66.3,62.1,72.9,,54.7,76.2,0,5,0.0,0,0,0,87.5,1,10,10,0,1,1,0,5,4,0.6,5.0
Tyler Williams,56081,CB,MISS STATE,10,1,14.6,50.0,96.6,21.1,10.6,0,0,5,27.8,227,75.1,72.8,84.5,53.0,63.1,52.4,0,23,30.8,4,4,1,66.9,9,201,208,2,8,18,0,100,34,0.5,11.1
Landon Guidry,56082,S,MISS STATE,3,0,,,100.0,,,0,0,0,,227,64.3,59.4,75.2,,51.3,75.3,0,,,0,0,0,0.0,0,10,10,0,0,0,0,0,0,0.0,
Jaquarius Landrews,56083,S,MISS STATE,13,7,13.0,53.7,97.7,18.4,9.9,0,3,4,9.8,227,56.4,58.5,87.4,71.3,59.1,57.4,1,57,24.3,9,4,0,81.6,22,427,437,2,21,41,1,362,132,0.9,16.5
Adam Sparks,56085,CB,MISSOURI,5,0,9.2,70.6,100.0,6.8,4.8,0,1,1,5.9,229,58.6,62.0,80.5,,73.8,75.6,0,46,0.0,0,1,1,119.7,12,87,87,5,10,17,1,160,56,2.0,13.3
Marcus Wiggins,56098,CB,NAVY,2,0,20.0,33.3,91.7,11.0,3.7,0,0,0,0.0,237,55.4,58.8,75.0,58.1,70.2,76.6,0,9,0.0,0,0,0,42.4,1,11,12,0,1,3,0,9,0,0.8,9.0
Berdale Robins,56102,CB,NEVADA,12,0,13.5,54.5,99.5,10.4,5.7,1,2,4,12.1,239,71.6,72.6,82.9,60.0,72.3,81.7,2,48,8.3,1,4,1,63.2,18,190,191,3,11,33,1,244,59,1.3,13.6
Austin Arnold,56105,S,NEVADA,12,0,15.8,52.5,99.8,19.3,10.1,0,0,4,10.0,239,51.6,52.7,16.8,60.0,60.1,54.2,1,66,21.4,6,2,2,118.2,21,418,419,5,22,40,6,415,134,1.0,19.8
Nephi Sewell,56107,S,UTAH,3,0,-3.0,100.0,92.3,34.0,34.0,0,0,0,0.0,328,62.6,69.4,78.8,91.5,64.0,57.3,0,2,50.0,2,0,0,79.2,1,36,39,2,2,1,0,2,5,0.1,2.0
Cam Johnson,56122,CB,N TEXAS,12,3,12.9,52.8,99.3,15.2,8.0,0,0,4,7.5,251,66.0,66.8,86.4,56.0,66.8,58.0,0,72,10.0,4,4,5,85.6,28,453,456,7,33,53,1,422,134,1.0,15.1
Jalen McKie,56126,CB,N ILLINOIS,12,1,15.3,58.6,100.0,10.4,6.1,0,1,9,15.5,254,64.6,69.4,86.1,,86.9,72.8,1,45,16.2,6,9,0,110.8,34,372,372,6,30,58,5,534,120,1.5,15.7
Dillon Thomas,56127,CB,N ILLINOIS,8,1,13.3,65.3,98.1,4.6,3.0,0,1,6,12.2,254,59.5,62.4,81.5,57.3,71.9,78.6,0,47,6.1,2,3,1,112.8,32,156,159,6,30,49,3,422,108,2.9,13.2
Cameron Ruiz,56131,CB,NWESTERN,11,1,11.2,58.6,98.2,9.1,5.3,0,0,11,19.0,256,69.5,65.9,85.1,64.7,45.3,78.5,1,27,5.7,2,8,6,86.1,34,329,335,11,32,58,3,350,105,1.1,10.3
Donovan Sermons,56133,CB,NWESTERN,1,0,3.0,100.0,100.0,1.0,1.0,0,0,0,0.0,256,51.7,47.9,65.6,,60.0,21.7,0,10,100.0,1,0,0,108.3,1,1,1,0,0,1,0,10,7,10.0,10.0
Bryce Jackson,56134,S,NWESTERN,12,1,12.0,100.0,95.2,31.3,31.3,0,0,1,33.3,256,61.4,63.6,82.9,54.1,69.9,60.0,0,20,28.6,2,1,0,118.8,3,99,104,0,4,3,0,42,6,0.4,14.0
Patrick Pelini,56138,S,NOTRE DAME,1,0,,,100.0,,,0,0,0,,258,61.6,68.5,71.1,,67.8,76.2,0,,,0,0,0,0.0,0,2,2,0,0,0,0,0,0,0.0,
Tre Sterling,56141,S,OKLA STATE,12,7,6.5,71.4,91.5,15.1,10.8,0,0,7,20.0,262,83.7,78.1,49.7,58.5,67.3,65.3,1,23,6.7,2,7,1,72.7,25,396,433,14,21,35,0,193,93,0.5,7.7
Paris Ford,56142,S,PITTSBURGH,13,5,12.9,52.8,97.6,22.1,11.6,2,2,8,22.2,268,73.9,72.6,0.0,63.7,74.9,51.4,3,71,18.6,8,7,6,60.9,19,447,458,11,30,36,2,268,97,0.6,14.1
Damarri Mathis,56143,CB,PITTSBURGH,13,2,15.4,36.8,99.7,17.7,6.5,1,0,12,21.1,268,72.9,72.6,46.3,58.1,69.1,65.6,2,50,13.0,3,8,8,47.6,21,398,399,5,18,57,1,323,130,0.9,15.4
Jason Pinnock,56144,CB,PITTSBURGH,10,0,18.4,45.2,96.1,14.6,6.6,1,0,8,25.8,268,75.5,73.7,82.4,49.7,69.4,42.2,1,94,25.0,3,6,1,111.4,14,220,229,1,9,31,5,339,149,1.7,24.2
Jazzee Stocker,56145,S,PITTSBURGH,10,0,12.9,68.8,97.8,11.5,7.9,0,0,1,6.3,268,64.5,69.6,83.0,79.2,73.7,82.8,0,34,0.0,0,1,2,135.2,11,135,138,4,7,16,2,139,44,1.1,12.6
Tre Avery,56146,CB,RUTGERS,11,2,15.7,69.2,97.0,10.1,7.0,0,1,3,11.5,278,67.3,67.8,83.6,80.0,60.5,50.6,2,30,16.7,2,2,2,105.9,18,191,197,2,8,26,5,241,52,1.3,13.4
Tim Barrow,56150,S,RUTGERS,11,1,9.1,62.9,99.5,9.1,5.7,0,0,5,14.3,278,48.2,50.1,37.6,56.9,56.5,67.2,0,48,8.7,2,3,3,103.2,22,215,216,3,20,35,2,249,80,1.2,11.3
Jamyest Williams,56165,S,S CAROLINA,4,0,9.3,75.0,98.8,8.8,6.6,0,0,0,0.0,289,39.4,44.3,81.0,60.0,57.7,66.9,0,31,12.5,1,0,0,143.4,9,83,84,0,7,12,1,147,42,1.9,16.3
JonTe Demby,56186,LB,SO MISS,1,0,14.0,0.0,100.0,,2.0,0,0,1,100.0,296,68.3,74.6,64.2,,,,0,,,0,0,0,39.6,0,2,2,0,0,1,0,0,0,0.0,
WyDale Flott,56188,CB,SO MISS,2,0,16.0,100.0,90.0,8.0,8.0,0,0,0,0.0,296,52.3,51.5,75.2,60.0,55.7,74.8,0,20,,0,0,0,158.3,1,9,10,0,0,1,1,20,4,2.5,20.0
Tyler Barnes,56190,S,SO MISS,6,1,20.8,60.0,100.0,16.7,10.0,0,0,0,0.0,296,38.4,41.2,78.9,,51.6,66.2,0,51,0.0,0,0,1,143.8,3,51,51,0,2,5,1,80,22,1.6,26.7
Darius Kennedy,56191,ED,SO MISS,10,2,0.7,100.0,36.4,14.3,14.3,0,0,0,0.0,296,70.4,75.1,84.4,75.0,68.0,37.9,0,5,28.6,2,0,0,84.7,3,44,121,3,3,3,0,13,11,0.3,4.3
Eric Coley,56200,S,SYRACUSE,12,5,8.1,52.9,97.6,17.3,9.2,0,0,2,11.8,304,66.2,69.5,82.8,65.0,72.2,80.1,1,27,5.6,1,2,0,59.4,9,164,168,3,12,17,1,74,31,0.5,8.2
Kyle Strickland,56201,CB,SYRACUSE,1,0,25.0,0.0,100.0,,2.0,0,0,0,0.0,304,62.2,64.9,70.0,,64.2,74.2,0,,,0,0,0,39.6,0,3,3,0,0,1,0,0,0,0.0,
Ifeatu Melifonwu,56203,CB,SYRACUSE,9,0,12.4,43.1,98.9,12.0,5.2,0,1,9,17.6,304,74.1,72.0,39.6,57.3,62.4,56.1,2,58,14.3,2,8,2,67.0,22,274,277,3,12,51,2,395,169,1.5,18.0
Christian Braswell,56207,CB,TEMPLE,12,2,17.5,37.1,99.7,15.8,5.9,0,2,10,16.1,306,75.7,77.4,85.9,58.3,79.5,63.5,1,43,19.4,6,7,2,57.2,23,386,387,6,23,62,2,300,49,0.8,13.0
Ty Mason,56208,CB,TEMPLE,10,0,12.6,66.7,100.0,13.0,8.7,0,0,1,11.1,306,62.1,60.2,0.0,,59.5,45.2,0,51,22.2,2,1,1,133.1,6,80,80,3,7,9,1,83,19,1.1,13.8
Josh Allen,56209,CB,TEMPLE,1,0,,,100.0,,,0,0,0,,306,60.0,61.9,66.9,,60.0,,0,,,0,0,0,0.0,0,1,1,0,0,0,0,0,0,0.0,
George Reid,56212,LB,TEMPLE,4,0,2.0,100.0,100.0,21.0,21.0,0,0,0,0.0,306,65.9,64.3,76.1,,60.0,56.4,0,7,0.0,0,0,0,95.8,1,21,21,0,1,1,0,7,5,0.3,7.0
Kobe Boyce,56215,CB,TEXAS,12,0,13.7,52.4,98.4,16.2,8.5,0,1,6,28.6,311,60.7,56.5,82.5,58.0,30.0,24.5,0,38,50.0,3,5,1,96.1,11,182,185,0,3,21,1,174,47,1.0,15.8
Montrell Estell,56217,S,TEXAS,10,0,14.3,75.0,94.9,18.3,13.8,0,0,3,25.0,311,51.2,56.7,85.1,56.1,69.5,71.8,1,25,0.0,0,3,0,121.5,9,169,178,0,9,12,4,158,30,1.0,17.6
Josh Thompson,56218,CB,TEXAS,4,2,13.0,87.5,86.5,10.7,9.4,0,0,0,0.0,311,58.9,61.9,0.0,65.3,76.2,72.8,0,45,20.0,2,0,1,158.3,7,77,89,0,6,8,1,128,47,1.7,18.3
Hank Coutoumanos,56219,S,TEXAS,1,0,,,100.0,,,0,0,0,,311,60.0,60.0,63.7,,,,0,,,0,0,0,0.0,0,1,1,0,0,0,0,0,0,0.0,
Myles Jones,56220,CB,TEXAS A&M,13,2,18.1,44.4,100.0,17.5,7.8,0,0,6,11.1,312,63.3,63.5,86.6,,59.9,56.7,2,57,22.2,6,5,0,72.3,24,443,443,5,19,54,3,390,102,0.9,16.3
Devin Morris,56221,S,TEXAS A&M,9,0,8.1,53.8,93.9,10.6,5.7,0,0,1,7.7,312,70.8,73.3,79.4,76.2,66.9,59.5,1,25,20.0,1,1,1,35.7,7,77,82,5,4,13,0,65,43,0.9,9.3
Keldrick Carper,56222,S,TEXAS A&M,12,4,11.0,52.9,93.5,32.0,16.9,0,0,2,11.8,312,60.6,63.0,86.1,63.1,65.9,79.8,0,22,11.5,3,2,0,66.5,9,303,324,4,19,17,0,83,40,0.3,9.2
Debione Renfro,56223,CB,TEXAS A&M,11,1,14.2,48.6,97.4,16.6,8.1,1,0,6,17.1,312,56.8,56.0,40.2,59.4,55.1,78.3,0,58,0.0,0,3,3,119.5,17,295,303,4,15,35,5,314,142,1.1,18.5
Derrick Tucker,56224,S,TEXAS A&M,2,0,8.3,66.7,93.8,7.5,5.0,0,0,0,0.0,312,57.2,62.8,75.3,59.7,70.5,77.7,0,15,,0,0,0,86.8,2,15,16,0,0,3,0,21,14,1.4,10.5
Thomas Leggett,56227,S,TEXAS TECH,11,1,13.3,70.4,91.6,15.4,10.8,0,0,1,3.7,315,44.4,50.9,87.4,61.9,61.6,44.2,0,74,18.2,4,1,0,137.5,19,307,335,6,17,27,2,346,179,1.2,18.2
John Davis,56230,CB,TEXAS TECH,3,0,16.7,66.7,100.0,7.0,4.7,0,0,1,33.3,315,67.5,68.7,75.3,,66.2,74.3,0,8,,0,1,0,75.7,2,14,14,0,0,3,0,13,11,0.9,6.5
Adrian Frye,56233,CB,TEXAS TECH,11,5,17.9,62.5,98.2,10.0,6.2,0,1,2,4.2,315,28.2,30.0,88.4,54.0,69.1,30.8,1,75,25.0,6,2,5,137.2,30,321,327,2,13,48,7,700,243,2.3,23.3
Shea Pitts,56242,ED,UCLA,7,0,,,23.7,,,0,0,0,,324,71.2,64.4,82.1,69.8,47.7,39.2,0,,0.0,0,0,0,0.0,0,9,38,3,1,0,0,0,0,0.0,
Elijah Gates,56243,CB,UCLA,11,0,12.0,70.2,100.0,7.7,5.4,0,0,5,10.6,324,45.2,52.3,84.7,,86.8,58.7,0,52,21.4,6,1,6,145.5,33,275,275,3,22,47,7,511,182,2.0,15.5
Jay Shaw,56244,CB,UCLA,12,1,7.5,66.7,91.7,9.8,6.5,0,0,3,6.7,324,65.7,61.8,0.0,57.8,56.4,55.5,1,41,16.7,5,2,4,92.5,30,309,337,6,24,45,2,317,125,1.1,10.6
Quentin Lake,56245,S,UCLA,4,1,7.0,83.3,95.4,19.2,16.0,0,0,2,33.3,324,71.1,68.3,83.9,65.6,60.0,53.7,0,15,0.0,0,1,0,100.0,5,103,108,0,9,6,0,48,16,0.5,9.6
Mo Osling III,56246,CB,UCLA,4,0,13.0,0.0,90.0,,33.0,0,0,0,0.0,324,64.8,67.4,80.5,78.4,61.3,37.2,0,,100.0,1,0,0,39.6,0,36,40,0,0,1,0,0,0,0.0,
Darnay Holmes,56247,CB,UCLA,10,2,11.7,51.0,99.2,13.1,6.7,0,0,6,11.8,324,61.8,61.3,43.0,55.9,60.9,75.0,2,35,6.5,2,4,5,86.3,26,356,359,7,27,51,5,311,104,0.9,12.0
Kyle Moses,56253,CB,UNLV,1,1,14.0,100.0,100.0,5.5,5.5,0,0,0,0.0,325,57.2,54.8,75.8,,49.7,79.1,0,32,0.0,0,0,0,158.3,4,24,24,1,3,4,1,62,9,2.8,15.5
Demitrious Gibbs,56254,S,UNLV,5,0,18.6,60.0,94.3,20.3,12.2,0,0,0,0.0,325,54.3,55.0,82.5,59.0,55.4,40.3,0,56,0.0,0,0,0,143.8,3,66,70,0,1,5,2,72,43,1.2,24.0
Greg Francis,56256,S,UNLV,10,2,8.8,58.3,98.8,44.6,26.0,0,1,3,25.0,325,69.4,58.4,86.7,68.3,32.0,39.6,0,31,23.8,5,3,0,85.8,7,325,329,1,14,12,0,101,55,0.3,14.4
Jaylon Johnson,56259,CB,UTAH,13,0,12.2,44.6,99.3,14.5,6.5,1,4,12,18.5,328,84.4,83.8,50.2,52.5,75.5,82.4,2,50,3.3,1,8,4,52.0,29,438,441,10,29,65,1,319,115,0.8,11.0
Javelin Guidry,56262,CB,UTAH,14,3,8.9,68.6,96.5,8.7,5.9,2,3,5,7.1,328,72.6,72.5,90.7,53.8,69.3,84.2,1,40,7.3,3,3,4,94.8,48,436,452,9,35,70,2,538,222,1.3,11.2
Josh Nurse,56264,CB,UTAH,13,2,8.5,53.5,99.0,11.9,6.4,1,0,6,14.0,328,79.0,80.1,33.3,91.1,71.0,75.1,0,33,11.1,3,6,3,88.1,23,284,287,12,22,43,3,188,71,0.7,8.2
Tae Daley,56273,S,VANDERBILT,10,5,11.5,53.8,97.6,33.1,17.8,0,0,3,23.1,333,61.0,57.5,40.2,55.8,53.9,55.3,3,20,18.5,5,3,2,72.0,7,244,250,2,17,13,3,78,26,0.3,11.1
Randall Haynie,56274,CB,VANDERBILT,11,1,10.9,43.5,100.0,12.5,5.4,0,0,3,13.0,333,69.2,66.5,0.0,,59.8,55.4,1,33,9.1,1,3,1,42.1,10,136,136,2,9,23,0,121,31,1.0,12.1
Allan George,56275,CB,VANDERBILT,12,4,10.5,56.5,95.7,9.9,5.6,1,0,4,8.7,333,61.3,60.4,86.9,84.2,45.5,40.2,1,66,19.4,6,3,1,107.7,26,265,277,7,21,46,4,426,258,1.7,16.4
Devon Hunter,56287,S,VA TECH,10,1,11.3,66.7,98.9,20.5,13.7,0,0,0,0.0,337,62.5,62.4,79.7,60.0,60.9,81.4,0,16,0.0,0,0,0,85.4,4,86,87,2,5,6,0,40,13,0.5,10.0
Keith Taylor Jr.,56289,CB,WASHINGTON,13,11,11.0,60.9,97.6,11.3,6.9,0,2,6,8.7,340,65.8,65.6,88.1,58.0,64.7,55.8,0,64,13.7,7,6,4,104.4,42,495,507,13,33,69,4,535,259,1.1,12.7
Elijah Molden,56290,CB,WASHINGTON,13,8,7.3,65.6,94.8,7.7,5.1,0,2,14,15.1,340,90.9,90.8,62.7,71.2,81.0,81.8,4,41,10.1,7,10,2,73.3,61,491,518,26,54,93,2,610,303,1.3,10.0
Brandon McKinney,56291,S,WASHINGTON,8,0,3.0,33.3,97.4,73.0,24.3,0,0,1,33.3,340,58.5,57.7,79.7,54.5,57.5,31.5,0,26,100.0,1,1,0,66.0,1,74,76,0,0,3,0,26,29,0.4,26.0
Armani Marsh,56292,CB,WASH STATE,13,3,7.3,51.4,96.1,12.4,6.4,0,1,5,13.5,341,68.6,64.2,86.7,51.5,50.8,49.1,0,31,11.8,2,3,0,78.1,19,249,259,3,12,37,1,215,122,0.9,11.3
Roger Cray,56303,CB,W KENTUCKY,7,0,20.6,35.0,99.2,17.3,6.1,0,1,3,15.0,346,68.5,70.8,82.1,59.6,77.1,63.1,2,31,14.3,1,3,1,17.7,7,126,127,2,6,20,0,125,15,1.0,17.9
Dionte Ruffin,56304,CB,W KENTUCKY,13,2,14.2,51.6,99.4,10.3,5.3,0,3,6,9.7,346,59.4,63.8,48.1,57.5,87.2,79.2,0,54,7.4,2,4,4,84.1,32,349,351,2,23,62,2,421,94,1.3,13.2
Antwon Kincade,56306,S,W KENTUCKY,13,7,12.5,57.1,99.5,24.9,14.3,0,0,4,14.3,346,85.2,89.1,88.7,60.0,90.0,86.8,2,46,7.7,3,2,0,67.1,16,420,422,9,29,28,1,237,86,0.6,14.8
Devon Key,56307,S,W KENTUCKY,13,1,14.9,45.5,99.3,27.2,12.4,0,0,6,18.2,346,72.1,74.9,65.9,57.1,78.4,77.2,1,68,10.5,2,5,2,99.3,15,431,434,6,16,33,3,330,107,0.8,22.0
A.J. Thomas,56309,S,W MICHIGAN,13,4,10.9,60.5,97.0,18.4,11.1,0,0,3,7.9,347,58.6,66.2,90.1,54.7,81.3,65.4,0,44,22.5,9,3,0,126.3,23,450,464,4,27,38,5,312,146,0.7,13.6
Calin Crawford,56310,CB,W MICHIGAN,10,2,13.8,28.6,96.6,14.0,4.0,0,0,1,7.1,347,62.3,56.6,77.6,57.6,36.9,34.2,0,20,12.5,1,0,0,39.6,4,57,59,2,5,14,0,31,20,0.6,7.8
Jalen Harris,56321,ED,ARIZONA,12,2,-3.0,100.0,8.3,12.5,12.5,1,0,0,0.0,109,72.1,53.3,53.0,62.0,40.7,67.2,0,1,33.3,2,0,2,79.2,2,25,303,4,2,2,0,2,8,0.1,1.0
Kylan Wilborn,56325,ED,ARIZONA,12,0,,,5.2,,,0,0,0,,109,63.0,56.1,84.1,64.3,44.4,47.0,0,,100.0,1,0,0,0.0,0,8,153,0,0,0,0,0,0,0.0,
Christian Albright,56327,ED,BALL ST,12,1,10.1,62.5,14.6,10.8,6.8,1,0,0,0.0,117,77.4,70.0,80.4,60.2,70.4,67.4,0,36,18.8,3,0,1,94.3,5,57,390,10,12,8,0,77,28,1.4,15.4
Jordan Williams,56328,LB,BALL ST,12,1,2.5,63.6,56.6,12.5,8.0,0,0,1,4.5,117,48.9,58.2,66.1,70.2,60.4,36.3,0,27,50.0,6,1,1,80.9,14,180,318,9,5,22,0,136,122,0.8,9.7
Marcus Valdez,56333,ED,BOSTON COL,13,0,7.5,100.0,7.6,5.8,5.8,0,0,0,0.0,121,49.2,79.7,87.6,80.9,80.6,39.6,0,20,75.0,6,0,0,118.8,4,23,304,4,2,4,0,52,22,2.3,13.0
Nick Figueroa,56335,ED,USC,12,0,2.0,100.0,2.1,2.0,2.0,0,0,0,0.0,326,63.6,60.6,81.3,52.7,65.1,79.1,0,3,0.0,0,0,0,79.2,1,2,94,2,1,1,0,3,1,1.5,3.0
Logan Rudolph,56338,ED,CLEMSON,15,0,12.0,0.0,4.7,,10.0,0,0,0,0.0,140,68.4,65.9,87.2,61.5,64.3,65.9,0,,0.0,0,0,0,39.6,0,10,212,3,2,1,0,0,0,0.0,
Justin Foster,56340,ED,CLEMSON,15,1,8.7,33.3,3.6,10.0,3.3,1,0,0,0.0,140,40.4,69.4,50.5,72.4,71.8,72.2,0,54,0.0,0,0,2,81.9,1,10,276,6,2,3,0,54,46,5.4,54.0
Terrance Lang,56343,ED,COLORADO,12,1,,,0.6,,,1,0,0,,143,49.5,57.5,68.9,56.0,62.1,44.0,0,,42.9,3,0,1,0.0,0,2,347,7,3,0,0,0,0,0.0,
Chris Rumph II,56345,ED,DUKE,12,0,11.0,0.0,6.6,,13.0,0,0,0,0.0,154,63.8,93.7,35.1,92.7,90.3,74.3,0,,60.0,3,0,2,39.6,0,14,212,7,2,1,0,0,0,0.0,
Drew Jordan,56346,ED,DUKE,12,2,,,3.5,,,1,0,0,,154,64.7,69.8,36.9,65.3,72.7,82.8,0,,33.3,1,0,3,0.0,0,9,257,1,0,0,0,0,0,0.0,
Victor Dimukeje,56347,ED,DUKE,12,0,-1.3,100.0,1.6,1.3,1.3,1,0,0,0.0,154,44.6,73.7,31.5,81.7,69.6,50.3,0,26,71.4,5,0,4,158.3,3,5,313,11,2,3,1,45,49,11.3,15.0
Zach Carter,56349,ED,FLORIDA,13,0,,,0.4,,,0,0,0,,163,60.5,75.5,63.4,64.0,83.2,77.2,0,,50.0,2,0,1,0.0,0,1,241,4,2,0,0,0,0,0.0,
Joshua Kaindoh,56353,ED,FLORIDA ST,3,1,7.3,66.7,19.7,7.0,4.7,0,0,0,0.0,167,59.9,64.5,83.2,69.5,57.7,55.2,0,18,25.0,1,0,0,106.3,2,14,71,0,2,3,0,35,17,2.5,17.5
Kwami Jones,56354,ED,FRESNO ST,4,0,,,2.2,,,0,0,0,,169,61.9,53.7,20.5,50.7,62.6,82.1,0,,0.0,0,0,2,0.0,0,3,137,3,2,0,0,0,0,0.0,
Raymond Johnson III,56356,ED,GA SOUTHRN,12,1,,,2.6,,,0,0,0,,174,61.0,86.5,86.5,86.8,78.9,43.7,0,,20.0,1,0,0,0.0,0,7,274,5,3,0,0,0,0,0.0,
A.J. Epenesa,56369,ED,IOWA,13,1,-0.5,100.0,4.9,10.5,10.5,0,0,0,0.0,192,69.1,84.4,54.6,85.7,76.8,73.2,0,2,45.5,5,0,3,79.2,2,23,472,16,5,2,0,3,4,0.1,1.5
Willie McCaleb,56378,ED,KANSAS,12,0,,,5.1,,,0,0,0,,198,61.5,72.1,80.4,62.5,77.5,46.0,0,,,0,0,0,0.0,0,5,98,0,0,0,0,0,0,0.0,
Bronson Massie,56381,ED,KANSAS ST,11,0,2.0,0.0,6.3,,7.0,0,0,0,0.0,199,61.1,61.3,84.2,59.0,61.1,59.7,0,,,0,0,0,39.6,0,7,112,0,0,1,0,0,0,0.0,
Wyatt Hubert,56383,ED,KANSAS ST,12,2,-4.0,100.0,2.5,7.0,7.0,1,0,0,0.0,199,67.5,81.4,22.6,86.3,73.1,52.7,0,5,33.3,3,0,4,87.5,1,7,282,10,4,1,0,5,9,0.7,5.0
Zayin West,56384,DI,KENT STATE,13,2,,,0.3,,,1,0,0,,201,65.2,64.6,69.8,55.0,69.1,60.4,0,,37.5,3,0,1,0.0,0,1,307,5,3,0,0,0,0,0.0,
Andre Jones Jr.,56395,ED,LA LAFAYET,14,1,1.3,100.0,14.1,11.3,11.3,0,0,0,0.0,207,62.8,63.2,86.4,58.1,63.2,72.4,0,6,22.2,2,0,0,90.3,3,38,269,5,6,3,0,17,13,0.5,5.7
Bennie Higgins,56397,DI,LA LAFAYET,14,0,22.0,0.0,0.3,,0.5,0,0,0,0.0,207,70.8,70.1,85.5,67.3,65.6,83.8,0,,20.0,1,0,0,39.6,0,1,287,6,4,2,0,0,0,0.0,
Neil Farrell Jr.,56401,DI,LSU,15,0,,,0.5,,,1,0,0,,211,57.9,78.3,58.5,66.9,83.8,53.7,0,,100.0,1,0,1,0.0,0,1,208,2,0,0,0,0,0,0.0,
Lashawn Paulino-Bell,56405,ED,VANDERBILT,10,0,6.0,100.0,4.9,4.0,4.0,0,1,0,0.0,333,54.8,58.3,41.6,63.5,55.6,46.1,0,9,25.0,1,0,1,104.2,1,5,102,4,3,1,0,9,3,2.3,9.0
Jacub Panasiuk,56407,ED,MICH STATE,13,1,-1.0,100.0,2.4,7.0,7.0,1,0,0,0.0,223,64.1,75.5,38.9,90.0,56.6,55.2,0,2,20.0,1,0,3,79.2,1,8,327,8,3,1,0,2,3,0.3,2.0
Jackson Perkins,56413,ED,NAVY,10,0,5.0,0.0,3.1,,4.0,1,1,1,100.0,237,68.0,64.2,38.6,55.5,66.6,48.6,1,,75.0,3,1,2,0.0,0,6,193,2,1,1,0,0,0,0.0,
Jake Lawler,56419,ED,N CAROLINA,4,0,,,42.1,,,0,0,0,,245,63.7,64.2,79.4,54.1,66.6,74.7,0,,,0,0,0,0.0,0,8,19,0,0,0,0,0,0,0.0,
Ibrahim Kante,56423,ED,NC STATE,12,1,,,1.7,,,1,0,0,,248,59.9,53.4,18.7,54.6,57.3,46.4,0,,0.0,0,0,3,0.0,0,3,179,0,1,0,0,0,0,0.0,
Matt Lorbeck,56427,ED,N ILLINOIS,12,1,2.3,66.7,3.6,5.5,3.7,0,0,1,33.3,254,64.9,85.0,88.0,84.7,76.1,77.0,0,4,16.7,1,1,0,109.7,2,11,307,6,4,3,1,6,10,0.5,3.0
Earnest Brown IV,56428,ED,NWESTERN,6,1,1.0,66.7,9.1,3.5,2.3,0,0,1,33.3,256,75.7,86.6,22.6,89.1,68.9,65.7,0,1,40.0,2,1,1,70.1,2,7,77,3,2,3,0,0,3,0.0,0.0
Chase Young,56436,ED,OHIO STATE,12,1,-1.0,100.0,4.8,5.3,5.3,0,1,0,0.0,260,68.5,96.0,42.9,96.4,77.5,73.0,0,8,37.5,3,0,3,79.2,3,16,336,18,4,3,0,6,9,0.4,2.0
Addison Gumbs,56438,ED,OREGON ST,2,0,1.0,100.0,42.1,3.5,3.5,0,0,0,0.0,265,42.0,44.7,80.5,56.8,50.3,38.2,0,14,100.0,2,0,0,95.8,2,8,19,0,0,2,0,14,12,2.0,7.0
Brock Martin,56439,LB,OKLA STATE,13,0,5.5,100.0,37.8,19.8,19.8,0,0,0,0.0,262,58.8,61.8,88.9,63.0,59.9,46.9,0,23,33.3,1,0,0,155.2,4,84,222,1,2,4,1,47,28,0.6,11.8
James Valle III,56440,ED,DOMINION,10,0,,,4.7,,,0,0,0,,263,61.2,53.2,83.3,51.6,54.3,78.4,0,,,0,0,0,0.0,0,3,64,0,0,0,0,0,0,0.0,
Marcus Haynes,56441,ED,DOMINION,12,1,3.0,100.0,7.5,12.0,12.0,1,0,0,0.0,263,72.5,73.8,14.0,71.2,74.3,69.1,0,3,0.0,0,0,3,79.2,1,12,159,6,2,1,0,3,0,0.3,3.0
Yetur Gross-Matos,56444,ED,PENN STATE,12,0,2.0,100.0,2.4,4.0,4.0,0,0,0,0.0,266,46.2,84.8,87.9,81.8,83.0,58.7,0,9,66.7,4,0,0,85.4,2,8,338,11,2,2,0,9,5,1.1,4.5
Kai Higgins,56446,DI,PURDUE,12,0,,,1.3,,,0,0,0,,273,59.9,54.6,26.8,56.8,56.5,43.1,0,,16.7,1,0,3,0.0,0,3,227,5,5,0,0,0,0,0.0,
Michael Scott,56459,ED,AKRON,12,2,3.2,100.0,42.3,11.0,11.0,0,0,0,0.0,102,52.9,60.9,33.6,58.5,67.9,69.6,0,11,28.6,2,0,2,95.8,5,58,137,0,3,5,0,35,19,0.6,7.0
Patrick Johnson,56460,ED,TULANE,13,3,2.8,70.6,32.2,10.9,7.7,1,0,2,11.8,319,67.3,70.9,64.8,71.3,68.1,47.9,0,18,28.6,4,2,2,79.5,12,134,416,6,7,17,0,76,57,0.6,6.3
Cam Sample,56462,ED,TULANE,13,2,,,1.5,,,1,0,0,,319,62.2,80.7,72.0,69.1,84.1,80.3,0,,37.5,3,0,1,0.0,0,6,395,5,3,0,0,0,0,0.0,
Devon Anderson,56465,DI,UTAH ST,13,1,,,0.8,,,0,0,0,,329,54.9,77.7,69.6,80.3,73.3,42.4,0,,40.0,2,0,1,0.0,0,2,262,4,2,0,0,0,0,0.0,
TyJuan Garbutt,56473,ED,VA TECH,11,0,-1.0,100.0,9.0,14.5,14.5,0,0,0,0.0,337,81.1,69.5,53.2,62.0,69.5,66.8,0,7,0.0,0,0,2,79.2,2,29,322,6,9,2,0,6,8,0.2,3.0
Emmanuel Belmar,56475,ED,VA TECH,13,1,10.8,50.0,9.9,16.0,8.0,0,0,0,0.0,337,57.1,69.6,60.8,66.0,73.8,72.5,0,28,14.3,1,0,2,75.0,2,36,365,7,5,4,0,30,8,0.9,15.0
Will Rodgers,56479,DI,WASH STATE,12,1,,,3.5,,,1,0,0,,341,54.9,55.3,51.6,64.9,49.9,54.0,0,,27.3,3,0,2,0.0,0,11,315,9,7,0,0,0,0,0.0,
Dallas Hobbs,56481,DI,WASH STATE,13,0,5.0,100.0,1.2,2.0,2.0,0,0,0,0.0,341,57.1,67.5,84.2,65.3,66.6,44.3,0,5,100.0,1,0,0,87.5,1,2,172,2,0,1,0,5,0,2.5,5.0
Mosese Fifita,56498,DI,AIR FORCE,13,1,,,0.7,,,0,0,0,,101,57.9,79.9,74.6,69.5,84.5,59.3,0,,33.3,1,0,1,0.0,0,3,413,8,1,0,0,0,0,0.0,
Demetrius Taylor,56513,ED,APP STATE,14,1,-3.0,100.0,0.2,1.0,1.0,0,0,0,0.0,108,75.2,78.9,12.8,80.8,74.4,52.5,1,-5,28.6,2,0,6,39.6,1,1,424,10,4,1,0,-5,-2,-5.0,-5.0
Tyler Johnson,56520,ED,ARIZONA ST,10,1,0.3,100.0,18.5,8.0,8.0,0,0,0,0.0,110,47.8,56.5,20.7,60.6,62.1,56.3,0,13,45.5,5,0,2,94.8,4,32,173,5,5,4,0,27,26,0.8,6.8
Shannon Forman,56522,DI,ARIZONA ST,13,0,,,5.5,,,0,0,0,,110,58.5,60.0,56.4,54.2,66.2,26.0,0,,0.0,0,0,1,0.0,0,9,165,0,1,0,0,0,0,0.0,
D.J. Davidson,56523,DI,ARIZONA ST,13,2,,,2.5,,,0,0,0,,110,64.4,66.8,88.0,60.1,67.4,76.9,0,,0.0,0,0,0,0.0,0,9,365,3,7,0,0,0,0,0.0,
Edriece Patterson,56542,ED,ARMY,12,0,4.0,0.0,9.9,,27.0,0,0,0,0.0,114,66.0,50.8,67.7,49.1,51.1,66.4,0,,50.0,3,0,1,39.6,0,28,282,5,3,1,0,0,0,0.0,
CJ Hunt,56589,DI,E MICHIGAN,12,1,,,0.5,,,1,0,0,,160,63.1,55.5,3.3,54.3,60.9,59.7,0,,0.0,0,0,4,0.0,0,1,194,3,3,0,0,0,0,0.0,
Collin Dell,56602,DI,FAU,14,0,,,0.9,,,0,0,0,,165,59.7,66.7,82.2,63.2,67.3,50.3,0,,100.0,1,0,0,0.0,0,1,109,2,0,0,0,0,0,0.0,
Malik Herring,56616,ED,GEORGIA,13,1,-7.0,50.0,0.4,1.0,0.5,0,0,1,50.0,173,67.8,90.5,62.5,85.8,85.0,85.5,0,16,0.0,0,0,1,77.1,1,1,225,5,6,2,0,16,26,16.0,16.0
Alexander Duke,56623,ED,HOUSTON,6,0,,,5.9,,,0,0,0,,182,60.7,49.8,80.8,71.5,31.7,45.8,0,,,0,0,0,0.0,0,2,34,0,0,0,0,0,0,0.0,
Payton Turner,56624,ED,HOUSTON,12,1,,,2.3,,,1,0,0,,182,59.8,76.7,71.9,74.6,74.6,61.9,0,,0.0,0,0,1,0.0,0,7,307,5,3,0,0,0,0,0.0,
Blake Young,56626,DI,HOUSTON,7,0,,,0.6,,,0,0,0,,182,60.0,64.7,82.8,58.4,66.9,76.0,0,,,0,0,0,0.0,0,1,166,0,0,0,0,0,0,0.0,
Isaiah Gay,56635,ED,ILLINOIS,11,1,,,0.5,,,0,0,0,,187,58.8,62.6,66.2,64.8,60.5,44.8,0,,50.0,2,0,1,0.0,0,1,187,2,1,0,0,0,0,0.0,
Owen Carney,56637,ED,ILLINOIS,13,0,,,2.1,,,0,0,0,,187,66.8,64.5,85.1,68.8,55.4,36.8,0,,66.7,2,0,0,0.0,0,3,144,3,1,0,0,0,0,0.0,
Tramar Reece,56645,ED,INDIANA,4,0,,,7.7,,,0,0,0,,190,60.0,81.5,76.3,67.9,81.0,76.1,0,,,0,0,0,0.0,0,1,13,0,0,0,0,0,0,0.0,
Michael Ziemba,56646,ED,INDIANA,13,0,-0.2,100.0,19.0,7.6,7.6,0,0,0,0.0,190,65.6,68.1,66.4,60.6,71.1,43.4,0,16,28.6,2,0,1,90.8,5,44,231,4,5,5,0,29,30,0.8,5.8
Alfred Bryant,56647,ED,INDIANA,13,1,,,3.3,,,0,0,0,,190,81.2,66.5,18.8,60.3,64.0,52.1,0,,0.0,0,0,3,0.0,0,6,180,1,3,0,0,0,0,0.0,
Tucker Robertson,56652,ED,IOWA STATE,10,0,,,1.5,,,0,0,0,,193,64.3,49.7,0.0,63.7,43.3,64.2,0,,0.0,0,0,2,0.0,0,1,65,1,2,0,0,0,0,0.0,
Chris Whittaker,56671,ED,FIU,11,1,-3.0,100.0,0.9,2.0,2.0,1,0,0,0.0,166,53.2,63.5,0.0,63.4,73.1,62.9,0,43,33.3,1,0,5,158.3,1,2,211,2,1,1,1,43,46,21.5,43.0
Milton Williams,56682,ED,LA TECH,13,0,,,0.2,,,0,0,0,,208,61.1,72.6,74.3,60.0,80.7,78.1,0,,40.0,4,0,1,0.0,0,1,435,11,6,0,0,0,0,0.0,
Jamare Edwards,56686,DI,MARSHALL,13,1,,,1.7,,,0,0,0,,214,58.4,68.3,81.1,66.5,67.5,49.6,0,,33.3,1,0,0,0.0,0,2,118,3,1,0,0,0,0,0.0,
Rodney Croom,56687,DI,MARSHALL,13,3,-2.0,0.0,1.7,,4.0,0,0,1,100.0,214,77.0,62.4,84.9,55.9,61.2,71.9,0,,0.0,0,0,0,39.6,0,4,232,1,3,1,0,0,0,0.0,
Bryce Brand,56691,ED,MARYLAND,12,0,0.0,100.0,3.8,6.0,6.0,0,0,0,0.0,215,52.1,63.8,9.8,71.2,61.5,26.6,0,8,50.0,1,0,3,100.0,1,6,157,2,1,1,0,8,8,1.3,8.0
JoJo Dorceus,56701,ED,MEMPHIS,14,2,-0.5,50.0,17.6,44.0,22.0,0,0,0,0.0,218,64.5,77.8,72.9,66.3,85.0,63.2,0,-4,50.0,7,0,1,56.3,1,49,279,9,5,2,0,-4,1,-0.1,-4.0
Jonathan Garvin,56703,ED,MIAMI FL,12,0,-2.5,100.0,4.8,8.0,8.0,1,0,0,0.0,220,60.4,80.9,45.1,88.2,70.7,66.5,0,10,50.0,3,0,3,97.9,2,16,332,7,3,2,0,15,20,0.9,7.5
DJ Johnson,56704,ED,OREGON,12,0,3.0,100.0,7.9,4.5,4.5,0,0,0,0.0,264,62.2,69.7,82.6,70.5,62.9,75.2,0,11,0.0,0,0,0,108.3,2,9,114,4,3,2,0,20,14,2.2,10.0
Kwity Paye,56713,ED,MICHIGAN,12,0,,,1.3,,,2,0,0,,222,57.8,80.9,23.1,77.8,83.4,72.2,0,,25.0,1,0,5,0.0,0,4,320,7,3,0,0,0,0,0.0,
Aaron Odom,56721,ED,MISS STATE,3,0,8.0,100.0,21.4,3.0,3.0,0,0,0,0.0,227,60.6,57.9,74.8,54.2,61.2,,0,8,,0,0,0,100.0,1,3,14,0,0,1,0,8,0,2.7,8.0
Lee Autry,56722,DI,MISS STATE,5,0,,,1.0,,,0,0,0,,227,60.6,60.1,82.3,65.2,54.3,41.2,0,,0.0,0,0,0,0.0,0,1,102,2,1,0,0,0,0,0.0,
Chris Turner,56726,ED,MISSOURI,12,0,-7.0,100.0,3.3,10.0,10.0,0,0,0,0.0,229,70.6,64.8,87.3,56.2,68.0,57.9,0,-10,40.0,2,0,0,79.2,1,10,301,4,3,1,0,-10,-3,-1.0,-10.0
Kobie Whiteside,56732,DI,MISSOURI,12,1,,,0.7,,,1,0,0,,229,49.4,76.5,37.3,78.8,74.2,47.7,0,,50.0,1,0,3,0.0,0,2,286,6,0,0,0,0,0,0.0,
Jordan Elliott,56734,DI,MISSOURI,12,0,,,0.3,,,0,0,0,,229,76.5,92.4,23.2,91.1,91.1,72.9,0,,33.3,2,0,4,0.0,0,1,291,6,4,0,0,0,0,0.0,
Chris Green,56750,DI,NEVADA,13,1,,,1.8,,,0,0,0,,239,63.4,80.0,87.3,74.3,78.5,55.3,0,,0.0,0,0,0,0.0,0,4,224,3,2,0,0,0,0,0.0,
Xach Gill,56758,DI,N CAROLINA,10,1,,,1.4,,,0,0,0,,245,60.8,70.6,79.1,68.0,67.7,58.4,0,,0.0,0,0,0,0.0,0,1,71,1,0,0,0,0,0,0.0,
Samdup Miller,56782,ED,NWESTERN,8,0,,,3.4,,,0,0,0,,256,58.6,78.6,85.9,69.0,81.7,74.6,0,,33.3,1,0,0,0.0,0,7,206,2,2,0,0,0,0,0.0,
Amos Ogun-Semore,56790,ED,OHIO,13,4,,,5.0,,,0,0,0,,259,59.0,66.7,42.5,64.2,69.9,65.8,0,,0.0,0,0,2,0.0,0,10,202,2,1,0,0,0,0,0.0,
Kaieem Caesar,56792,DI,OHIO,13,2,,,0.4,,,0,0,0,,259,62.5,66.6,85.1,60.7,67.2,63.2,0,,0.0,0,0,0,0.0,0,1,278,1,0,0,0,0,0,0.0,
Aaron Cox,56794,ED,OHIO STATE,2,0,,,12.5,,,0,0,0,,260,60.0,64.4,75.7,55.9,66.7,73.7,0,,,0,0,0,0.0,0,1,8,0,0,0,0,0,0,0.0,
Haskell Garrett,56797,DI,OHIO STATE,12,0,,,1.0,,,0,0,0,,260,60.0,80.5,81.0,69.8,81.8,66.7,0,,0.0,0,0,0,0.0,0,1,102,0,1,0,0,0,0,0.0,
Jordon Scott,56802,DI,OREGON,14,1,,,0.4,,,0,0,0,,264,67.6,69.6,54.1,65.9,69.3,43.5,0,,0.0,0,0,2,0.0,0,1,285,2,2,0,0,0,0,0.0,
Deslin Alexandre,56807,ED,PITTSBURGH,13,0,,,0.6,,,0,0,0,,268,66.2,66.8,42.4,62.8,69.1,73.6,0,,16.7,1,0,3,0.0,0,2,355,10,5,0,0,0,0,0.0,
Jaylen Twyman,56809,DI,PITTSBURGH,13,0,5.0,100.0,1.1,5.0,5.0,1,0,0,0.0,268,65.7,74.3,59.1,70.7,73.2,81.3,0,8,12.5,1,0,2,100.0,1,5,449,14,7,1,0,8,3,1.6,8.0
Mike Tverdov,56811,ED,RUTGERS,12,0,,,3.9,,,0,0,0,,278,54.7,65.4,85.5,72.1,58.4,37.8,0,,60.0,3,0,0,0.0,0,10,254,2,2,0,0,0,0,0.0,
Connor Mitchell,56821,ED,S DIEGO ST,12,0,,,6.0,,,0,0,0,,284,54.5,47.5,81.8,53.5,49.0,24.4,0,,100.0,2,0,0,0.0,0,7,116,0,0,0,0,0,0,0.0,
Toby Ndukwe,56825,ED,SMU,9,0,,,1.3,,,0,0,0,,287,59.9,67.1,80.1,67.8,62.1,60.1,0,,100.0,1,0,0,0.0,0,1,75,3,0,0,0,0,0,0.0,
Turner Coxe,56827,ED,SMU,13,1,0.9,85.7,25.1,14.0,12.0,0,0,1,14.3,287,71.9,76.6,72.9,69.1,76.9,76.1,0,17,0.0,0,1,1,83.3,6,88,351,6,7,7,0,28,19,0.3,4.7
Brad Johnson,56831,ED,S CAROLINA,4,0,,,14.7,,,0,0,0,,289,62.9,73.8,82.4,63.8,75.3,74.6,0,,,0,0,0,0.0,0,5,34,0,0,0,0,0,0,0.0,
Aaron Sterling,56832,ED,S CAROLINA,12,2,,,1.3,,,0,0,0,,289,66.1,74.5,87.4,64.8,77.2,68.6,0,,33.3,2,0,0,0.0,0,4,317,8,2,0,0,0,0,0.0,
Delmond Landry,56847,DI,SO MISS,13,0,,,0.4,,,0,0,0,,296,43.0,71.7,86.9,61.9,76.1,73.9,0,,100.0,2,0,0,0.0,0,1,230,1,0,0,0,0,0,0.0,
Zach Morton,56853,ED,SYRACUSE,2,0,,,10.0,,,0,0,0,,304,60.0,55.6,75.0,55.2,57.3,,0,,,0,0,0,0.0,0,1,10,0,0,0,0,0,0,0.0,
Brandon Berry,56854,ED,SYRACUSE,12,0,,,2.4,,,0,0,0,,304,58.6,73.7,52.7,79.3,67.0,48.7,0,,0.0,0,0,1,0.0,0,3,125,6,1,0,0,0,0,0.0,
Justin Ellis,56855,DI,GA SOUTHRN,1,0,,,10.0,,,0,0,0,,174,60.0,63.5,71.5,63.1,60.7,,0,,,0,0,0,0.0,0,1,10,0,0,0,0,0,0,0.0,
Kingsley Jonathan,56856,ED,SYRACUSE,12,0,,,6.5,,,0,0,0,,304,56.8,76.4,63.8,76.7,75.2,56.4,0,,66.7,2,0,1,0.0,0,12,186,2,1,0,0,0,0,0.0,
Alton Robinson,56857,ED,SYRACUSE,12,0,7.5,50.0,2.7,9.0,4.5,0,0,0,0.0,304,54.8,76.0,16.4,83.3,72.6,43.7,0,14,66.7,6,0,6,72.9,1,10,365,8,3,2,0,14,5,1.6,14.0
Curtis Harper,56859,DI,SYRACUSE,11,0,,,0.9,,,0,0,0,,304,59.2,49.9,82.4,59.3,45.5,77.7,0,,0.0,0,0,0,0.0,0,1,112,2,1,0,0,0,0,0.0,
Terrell Cooper,56860,DI,TCU,12,0,,,1.2,,,0,0,0,,305,59.8,71.1,55.5,67.5,71.7,48.9,0,,50.0,2,0,1,0.0,0,2,163,3,2,0,0,0,0,0.0,
Corey Bethley,56861,DI,TCU,12,1,,,0.9,,,0,0,0,,305,53.1,75.0,69.3,67.6,79.2,50.9,0,,80.0,4,0,1,0.0,0,3,323,2,0,0,0,0,0,0.0,
Arnold Ebiketie,56862,ED,TEMPLE,10,1,,,1.8,,,0,0,0,,306,61.0,77.8,82.3,78.3,69.9,59.6,0,,0.0,0,0,0,0.0,0,1,57,2,0,0,0,0,0,0.0,
Ifeanyi Maijeh,56866,DI,TEMPLE,12,0,,,0.3,,,0,0,0,,306,63.1,77.6,54.1,75.2,75.3,52.8,0,,33.3,2,0,2,0.0,0,1,341,10,4,0,0,0,0,0.0,
Ta'Quon Graham,56868,ED,TEXAS,13,0,,,0.3,,,0,0,0,,311,64.9,77.8,53.5,62.6,87.1,66.4,0,,0.0,0,0,2,0.0,0,1,330,2,1,0,0,0,0,0.0,
Micheal Clemons,56872,ED,TEXAS A&M,11,0,,,0.5,,,1,0,0,,312,63.4,68.9,42.3,61.6,73.9,62.3,0,,37.5,3,0,2,0.0,0,1,210,4,5,0,0,0,0,0.0,
Tyree Johnson,56873,ED,TEXAS A&M,12,0,2.7,0.0,13.2,,13.7,0,0,0,0.0,312,64.8,64.7,17.7,67.4,64.4,62.5,0,,0.0,0,0,5,39.6,0,43,326,3,2,3,0,0,0,0.0,
Odua Isibor,56901,DI,UCLA,11,0,,,3.8,,,0,0,0,,324,57.2,50.6,52.1,57.0,47.7,67.0,0,,,0,0,1,0.0,0,8,213,3,0,0,0,0,0,0.0,
Nate Neal,56907,ED,UNLV,12,0,,,2.0,,,1,0,0,,325,69.3,63.2,45.4,55.6,68.7,59.7,0,,0.0,0,0,2,0.0,0,5,249,1,2,0,0,0,0,0.0,
Jalen Graves,56909,ED,UNLV,10,0,,,0.7,,,0,0,0,,325,64.0,61.8,83.6,55.5,63.9,78.9,1,,,0,0,0,0.0,0,1,136,0,0,0,0,0,0,0.0,
Kolo Uasike,56911,DI,UNLV,12,0,,,2.8,,,0,0,0,,325,58.2,72.7,2.9,64.4,84.3,46.8,1,,,0,0,6,0.0,0,8,289,1,0,0,0,0,0,0.0,
Dayo Odeyingbo,56923,ED,VANDERBILT,12,0,8.0,100.0,0.6,2.0,2.0,3,0,0,0.0,333,55.5,71.2,1.5,78.9,69.0,60.7,0,5,50.0,1,0,7,127.1,1,2,319,2,1,1,1,5,0,2.5,5.0
Darius Stills,56933,DI,W VIRGINIA,12,1,-2.0,100.0,0.9,3.0,3.0,1,0,0,0.0,343,65.8,76.1,57.7,74.1,72.6,50.5,0,2,25.0,2,0,2,79.2,1,3,325,9,5,1,0,2,4,0.7,2.0
DeAngelo Malone,56941,ED,W KENTUCKY,13,2,2.8,75.0,7.7,10.7,8.0,0,0,0,0.0,346,81.5,85.6,90.9,82.2,76.3,86.7,0,14,0.0,0,0,0,87.5,3,34,441,21,12,4,0,22,17,0.7,7.3
Jaylon George,56945,DI,W KENTUCKY,13,2,,,1.8,,,0,0,0,,346,59.9,62.9,68.3,54.8,67.3,50.7,0,,33.3,1,0,1,0.0,0,5,284,0,0,0,0,0,0,0.0,
Ali Fayad,56946,ED,W MICHIGAN,13,0,,,0.3,,,3,0,0,,347,58.9,80.7,0.0,82.3,81.7,60.2,0,,20.0,1,0,8,0.0,0,1,352,7,4,0,0,0,0,0.0,
Ralph Holley,56950,DI,W MICHIGAN,13,0,,,0.9,,,1,0,0,,347,58.4,67.7,39.9,66.9,68.6,48.6,0,,0.0,0,0,3,0.0,0,3,324,5,2,0,0,0,0,0.0,
Jordan Jackson,56957,ED,AIR FORCE,13,1,,,4.4,,,0,0,0,,101,68.8,67.4,72.1,68.0,61.0,74.6,0,,0.0,0,0,1,0.0,0,17,387,7,5,0,0,0,0,0.0,
Chidi Ogbonnaya,56961,ED,BAYLOR,14,0,,,0.7,,,0,0,0,,118,60.2,67.0,55.7,70.3,62.7,79.8,0,,50.0,1,0,1,0.0,0,1,146,1,1,0,0,0,0,0.0,
James Lynch,56962,ED,BAYLOR,14,1,,,0.2,,,0,0,0,,118,62.2,77.5,55.8,79.6,70.4,29.4,0,,25.0,2,0,3,0.0,0,1,502,18,5,0,0,0,0,0.0,
Jordan Williams,56968,DI,CLEMSON,15,0,,,2.0,,,0,0,0,,140,57.0,70.8,56.3,72.4,68.4,69.6,0,,,0,0,1,0.0,0,3,151,3,0,0,0,0,0,0.0,
Kyree Campbell,56972,DI,FLORIDA,13,3,,,0.5,,,0,0,0,,163,66.4,71.1,41.6,69.4,70.0,69.1,0,,22.2,2,0,2,0.0,0,1,221,3,4,0,0,0,0,0.0,
Cory Durden,56976,DI,FLORIDA ST,13,0,,,0.3,,,1,0,0,,167,61.3,75.3,58.2,81.7,65.9,36.6,0,,75.0,6,0,2,0.0,0,1,399,7,2,0,0,0,0,0.0,
Keiti Iakopo,56978,DI,FRESNO ST,12,1,,,1.2,,,0,0,0,,169,48.4,72.7,0.0,73.1,78.4,30.1,0,,50.0,1,0,7,0.0,0,4,334,1,0,0,0,0,0,0.0,
Zi'Yon Hill-Green,56991,DI,LA LAFAYET,12,0,,,0.3,,,0,0,0,,207,64.1,69.6,39.0,61.9,72.8,59.2,0,,14.3,1,0,3,0.0,0,1,289,5,6,0,0,0,0,0.0,
Dom Peterson,57002,ED,NEVADA,12,0,,,0.6,,,0,0,1,,239,62.0,89.9,66.3,84.3,87.3,78.6,0,,50.0,1,0,1,0.0,0,2,318,9,1,0,0,0,0,0.0,
Larrell Murchison,57004,ED,NC STATE,12,1,-7.0,100.0,0.6,2.0,2.0,1,0,0,0.0,248,46.4,73.9,70.1,65.3,80.9,46.5,0,2,50.0,3,0,1,79.2,1,2,334,6,2,1,0,2,9,1.0,2.0
Caeveon Patton,57033,ED,TEXAS ST,12,0,,,0.4,,,0,0,0,,314,60.1,77.4,84.6,58.1,84.1,70.8,0,,0.0,0,0,0,0.0,0,1,258,1,1,0,0,0,0,0.0,
Marlon Tuipulotu,57035,DI,USC,12,0,,,0.4,,,0,0,0,,326,68.3,70.4,49.3,62.1,68.9,52.0,0,,45.5,5,0,2,0.0,0,1,265,9,6,0,0,0,0,0.0,
Brandon Pili,57036,DI,USC,13,0,,,0.7,,,0,0,0,,326,55.9,70.8,66.4,63.1,75.8,55.3,0,,100.0,4,0,1,0.0,0,2,293,2,0,0,0,0,0,0.0,
John Penisini,57037,DI,UTAH,14,4,,,0.9,,,1,0,0,,328,62.5,81.5,68.9,65.0,90.6,63.5,0,,22.2,2,0,1,0.0,0,3,334,4,3,0,0,0,0,0.0,
Devan Barrett,57152,CB,AUBURN,3,0,12.0,0.0,94.4,,15.0,0,0,0,0.0,115,59.8,61.7,74.5,60.0,65.9,74.2,0,,,0,0,0,39.6,0,17,18,0,0,1,0,0,0,0.0,
Zach Johnson,57265,S,KENTUCKY,2,0,20.0,0.0,100.0,,13.0,0,1,0,0.0,202,56.9,60.9,75.2,,60.0,72.3,0,,,0,0,0,39.6,0,14,14,0,0,1,0,0,0,0.0,
C.J. Holmes,57361,CB,PENN STATE,1,0,,,100.0,,,0,0,0,,266,60.0,50.0,0.0,,60.0,,0,,,0,0,1,0.0,0,1,1,0,0,0,0,0,0,0.0,
Aslan Pugh,57388,LB,RUTGERS,1,0,,,100.0,,,0,0,0,,278,62.4,74.0,73.6,,75.4,76.1,0,,,0,0,0,0.0,0,7,7,0,0,0,0,0,0,0.0,
Allen Stritzinger,57419,CB,SYRACUSE,9,0,10.7,33.3,86.1,15.8,5.3,0,0,4,33.3,304,68.3,70.8,82.5,54.5,79.2,74.8,0,16,14.3,1,2,2,42.4,4,68,79,1,6,12,0,35,29,0.6,8.8
Kyle Harrell,57437,ED,UAB,12,0,,,3.8,,,0,0,0,,321,71.2,71.1,81.8,69.9,55.6,78.9,0,,0.0,0,0,0,0.0,0,2,53,2,1,0,0,0,0,0.0,
De'Marco Guidry,57463,LB,UTSA,3,0,-0.5,100.0,92.9,6.5,6.5,0,0,0,0.0,331,43.2,41.7,76.6,59.9,48.1,63.9,0,30,,0,0,0,118.8,2,13,14,0,0,2,0,40,41,3.1,20.0
Marcelis Logan,57478,HB,W KENTUCKY,1,0,,,100.0,,,0,0,0,,346,60.0,55.6,60.0,,60.0,,0,,,0,0,0,0.0,0,1,1,0,0,0,0,0,0,0.0,
Lakota Wills,57664,ED,AIR FORCE,8,1,5.6,69.2,36.8,9.1,6.3,0,0,0,0.0,101,54.1,75.2,88.7,80.2,76.5,59.6,0,59,13.3,2,0,0,117.1,9,84,228,5,12,13,1,99,57,1.2,11.0
Kyle Johnson,57665,LB,AIR FORCE,13,0,4.8,71.0,81.9,15.5,11.0,0,0,2,6.5,101,68.6,68.6,85.4,75.4,60.9,63.6,1,31,20.0,5,1,0,79.5,22,348,425,11,20,31,0,236,124,0.7,10.7
Christopher Musselman,57667,LB,AIR FORCE,5,0,-2.0,100.0,33.3,5.0,5.0,0,0,0,0.0,101,72.8,73.1,75.0,66.8,61.6,48.8,0,-2,0.0,0,0,0,79.2,1,5,15,2,1,1,0,-2,0,-0.4,-2.0
Jake Ksiazek,57668,ED,AIR FORCE,12,0,,,5.5,,,0,0,0,,101,56.9,69.9,83.8,64.1,73.4,61.9,0,,100.0,2,0,0,0.0,0,7,128,3,0,0,0,0,0,0.0,
Bubba Arslanian,57671,LB,AKRON,12,5,6.0,75.0,87.2,11.2,8.4,1,2,2,8.3,102,50.2,62.3,79.8,85.4,64.0,80.0,0,35,4.3,1,2,1,136.1,18,211,242,6,17,24,6,184,119,0.9,10.2
Vandarius Cowan,57677,ED,W VIRGINIA,2,0,12.0,0.0,30.8,,8.0,0,0,0,0.0,343,53.4,56.7,0.0,62.0,62.7,80.0,0,,,0,0,1,39.6,0,8,26,1,0,1,0,0,0,0.0,
Markail Benton,57678,LB,ALABAMA,8,1,0.8,81.8,85.6,9.3,7.6,0,0,1,9.1,103,57.6,59.3,81.3,53.8,64.1,48.1,0,22,27.3,3,1,0,95.5,9,89,104,2,7,11,0,76,70,0.9,8.4
Christopher Allen,57679,ED,ALABAMA,11,0,-3.0,100.0,13.3,7.5,7.5,0,0,0,0.0,103,62.9,70.1,84.9,64.5,71.6,54.2,0,7,50.0,1,0,0,83.3,2,15,113,1,1,2,0,8,14,0.5,4.0
D'Marco Jackson,57691,LB,APP STATE,13,5,9.1,65.2,81.1,12.7,8.3,0,0,2,8.7,108,56.3,73.6,83.5,59.1,88.6,66.9,0,26,15.8,3,2,0,104.3,15,202,249,11,11,23,1,184,74,1.0,12.3
Tony Fields II,57698,LB,ARIZONA,12,9,6.4,72.4,75.5,13.2,9.6,0,0,3,10.3,109,52.8,60.9,0.0,79.8,61.2,52.0,1,24,25.0,9,2,5,84.4,21,293,388,7,18,29,1,173,122,0.6,8.2
Anthony Pandy,57699,ED,ARIZONA,12,1,5.6,92.6,60.1,8.1,7.5,0,0,0,0.0,109,38.2,54.1,90.0,58.0,62.0,54.7,1,33,25.0,7,0,0,135.3,25,211,351,10,20,27,3,305,173,1.5,12.2
Colin Schooler,57700,LB,ARIZONA,12,7,4.8,73.2,87.5,12.7,9.3,0,1,2,4.9,109,60.2,63.5,61.9,65.6,63.6,65.4,0,30,15.0,6,2,1,98.0,30,399,456,13,27,41,1,264,149,0.7,8.8
Kyle Soelle,57702,ED,ARIZONA ST,12,1,8.8,75.0,27.4,6.2,4.6,0,0,0,0.0,110,50.0,49.7,86.5,56.9,46.9,53.7,0,23,0.0,0,0,0,109.9,6,37,135,1,3,8,0,87,39,2.4,14.5
Hayden Henry,57707,LB,ARKANSAS,10,2,3.5,63.6,62.7,7.0,4.5,0,0,2,18.2,111,80.3,65.6,81.6,72.0,48.1,51.0,0,22,10.0,1,2,0,110.4,7,52,83,6,7,11,1,66,51,1.3,9.4
Gabe Richardson,57710,ED,ARKANSAS,10,2,,,4.3,,,0,0,0,,111,55.1,54.3,86.3,54.6,54.3,48.1,0,,30.0,3,0,0,0.0,0,9,211,7,5,0,0,0,0,0.0,
Caleb Bonner,57713,LB,ARK STATE,13,2,3.7,63.8,90.7,15.2,9.7,0,0,3,6.4,113,74.8,59.6,67.8,49.1,47.7,72.2,1,26,19.0,4,2,2,72.2,30,480,529,6,15,47,1,211,160,0.5,7.0
Joe Stephenson,57715,ED,ARMY,8,0,1.3,100.0,53.7,7.0,7.0,0,0,0,0.0,114,55.5,66.5,84.7,53.9,73.9,83.8,0,14,50.0,1,0,0,98.6,3,22,41,0,1,3,0,23,19,1.1,7.7
Jeremiah Lowery,57722,ED,ARMY,12,0,6.1,100.0,36.4,10.4,10.4,0,0,0,0.0,114,57.8,62.2,70.6,56.5,66.4,73.6,0,18,16.7,1,0,1,132.8,8,86,236,3,5,8,2,51,6,0.6,6.4
Big Kat Bryant,57725,ED,AUBURN,13,1,-1.3,100.0,4.2,5.3,5.3,0,0,0,0.0,115,50.6,61.7,12.5,60.9,71.3,48.1,0,18,57.1,4,0,6,143.8,3,17,409,4,2,3,1,27,34,1.7,9.0
Chandler Wooten,57726,LB,AUBURN,13,0,1.7,61.5,85.9,15.1,9.3,0,0,0,0.0,115,58.8,54.3,83.1,51.5,52.2,36.7,1,13,41.7,5,0,0,69.4,8,128,149,0,7,13,1,70,56,0.6,8.8
K.J. Britt,57727,LB,AUBURN,13,2,1.6,66.7,87.8,23.5,15.7,0,0,1,6.7,115,70.1,84.6,85.0,62.7,89.8,66.1,0,64,18.2,2,1,0,140.3,10,251,286,5,7,15,2,155,149,0.7,15.5
T.D. Moultry,57728,ED,AUBURN,11,0,,,1.9,,,0,0,0,,115,48.9,61.4,0.0,69.7,62.8,26.5,0,,100.0,3,0,3,0.0,0,2,104,1,0,0,0,0,0,0.0,
Brock Burns,57730,ED,BALL ST,12,1,0.0,100.0,13.3,5.0,5.0,0,0,0,0.0,117,65.3,63.9,85.1,56.6,67.8,67.5,0,6,20.0,1,0,0,79.2,2,11,83,2,3,2,0,4,4,0.4,2.0
Hank Grenda,57733,LB,BALL ST,6,1,11.0,100.0,86.5,45.0,45.0,0,0,0,0.0,117,60.3,68.3,76.6,62.8,77.1,83.6,0,12,0.0,0,0,0,116.7,1,45,52,0,2,1,0,12,1,0.3,12.0
Jimmy Daw,57734,LB,BALL ST,12,3,3.5,94.1,57.6,5.5,5.2,0,1,1,5.9,117,47.7,62.1,86.2,66.8,75.6,73.1,0,22,18.2,2,1,0,101.0,16,91,158,6,6,17,0,140,109,1.6,8.8
Jalen Pitre,57737,LB,BAYLOR,4,0,4.3,66.7,90.7,24.5,16.3,0,0,0,0.0,118,62.4,70.3,75.5,64.3,80.3,76.4,0,10,0.0,0,0,0,71.5,2,49,54,2,2,3,0,10,11,0.2,5.0
Bryson Jackson,57738,LB,BAYLOR,3,1,1.7,66.7,92.7,18.0,12.0,0,0,0,0.0,118,64.5,59.4,75.1,55.9,51.3,44.9,0,9,0.0,0,0,0,70.1,2,38,41,0,1,3,0,9,10,0.3,4.5
Terrel Bernard,57739,LB,BAYLOR,14,5,3.4,83.3,78.6,13.2,11.0,0,0,2,6.7,118,75.5,69.9,59.2,65.5,61.8,67.8,1,31,18.9,7,2,1,84.6,25,342,435,10,25,30,0,229,157,0.7,9.2
Ashton Logan,57740,LB,BAYLOR,3,0,,,78.9,,,0,0,0,,118,71.4,52.7,75.3,51.3,40.1,54.3,0,,0.0,0,0,0,0.0,0,15,19,1,1,0,0,0,0,0.0,
Michael McNair,57741,LB,BAYLOR,2,0,,,40.0,,,0,0,0,,118,60.3,36.2,72.1,56.1,33.3,26.4,0,,,0,0,0,0.0,0,2,5,0,0,0,0,0,0,0.0,
Riley Whimpey,57745,LB,BOISE ST,14,3,5.2,67.7,87.1,18.2,12.3,0,3,6,19.4,120,75.0,70.1,33.1,64.9,65.1,72.1,0,26,18.2,4,6,3,85.6,21,399,458,7,15,31,0,201,150,0.5,9.6
Benton Wickersham,57748,LB,BOISE ST,14,11,1.0,74.1,88.3,16.9,12.5,0,0,2,7.4,120,77.4,66.7,84.5,57.5,56.5,66.6,1,23,17.9,5,2,0,71.2,20,354,401,6,12,27,0,148,134,0.4,7.4
Ezekiel Noa,57750,LB,BOISE ST,4,2,2.4,100.0,90.4,11.7,11.7,0,0,0,0.0,120,70.2,68.7,77.8,64.3,63.7,73.2,0,12,0.0,0,0,0,99.4,7,85,94,6,8,7,0,55,38,0.7,7.9
Aisa Kelemete,57751,ED,BOISE ST,3,0,,,5.3,,,0,0,0,,120,60.0,59.3,76.3,57.2,60.3,31.7,0,,,0,0,0,0.0,0,1,19,0,0,0,0,0,0,0.0,
Paul Theobald,57753,LB,BOSTON COL,6,0,10.3,100.0,88.9,7.7,7.7,0,0,0,0.0,121,48.8,54.5,77.5,58.3,59.9,50.8,0,19,,0,0,0,142.4,3,24,27,0,0,3,1,26,-4,1.1,8.7
Isaiah McDuffie,57754,LB,BOSTON COL,4,1,4.5,72.7,55.2,8.0,5.8,0,0,0,0.0,121,52.3,56.0,23.7,62.3,59.7,79.7,0,18,0.0,0,0,1,89.2,8,64,116,5,9,11,0,70,23,1.1,8.8
Kholbe Coleman,57757,LB,BOWL GREEN,12,4,4.7,82.6,82.9,14.8,12.3,1,0,1,4.3,122,54.5,59.7,63.4,64.3,61.7,71.3,0,26,28.6,6,1,1,99.6,19,295,356,7,11,23,0,182,124,0.6,9.6
Jerry Roberts,57759,ED,BOWL GREEN,11,4,8.6,93.8,61.0,10.7,10.0,0,0,0,0.0,122,45.6,50.1,28.2,57.9,53.5,69.4,0,40,8.3,1,0,4,158.3,15,169,277,3,7,16,5,212,96,1.3,14.1
Henry Segura,57775,LB,CHARLOTTE,13,2,1.4,82.4,79.9,16.1,13.2,0,0,0,0.0,136,78.4,63.4,85.1,62.3,50.0,49.3,2,23,21.7,5,0,0,94.5,14,235,294,8,16,17,2,115,99,0.5,8.2
Jonathan Francois,57781,LB,FAU,4,1,4.5,50.0,66.7,12.0,6.0,0,0,0,0.0,165,57.6,65.6,72.2,53.6,76.6,80.8,0,3,0.0,0,0,0,56.3,1,12,18,0,1,2,0,3,9,0.3,3.0
Baylon Spector,57782,LB,CLEMSON,14,0,6.4,66.7,70.3,17.0,11.3,0,1,0,0.0,140,58.0,65.7,0.0,58.5,76.1,40.7,0,22,22.2,2,0,2,84.0,6,104,148,5,7,9,0,57,21,0.6,9.5
Nate Landman,57788,LB,COLORADO,12,5,4.0,87.5,82.4,7.4,6.5,0,1,4,7.1,143,59.4,62.8,62.7,63.4,63.6,59.1,1,31,18.2,10,4,1,98.6,49,375,455,17,40,56,1,449,295,1.2,9.2
Jonathan Van Diest,57791,LB,COLORADO,5,2,-0.5,83.3,82.1,13.6,11.3,0,0,0,0.0,143,46.1,40.3,79.4,67.1,35.2,45.2,0,49,0.0,0,0,0,118.8,5,69,84,1,2,6,0,86,90,1.3,17.2
Carson Wells,57792,ED,COLORADO,10,4,3.0,69.6,36.8,7.7,5.3,0,0,1,4.3,143,69.3,66.2,90.3,58.3,65.9,68.5,1,23,15.8,3,1,0,68.0,16,124,337,5,12,23,0,144,109,1.2,9.0
Jacob Callier,57793,ED,COLORADO,3,0,,,15.0,,,0,0,0,,143,60.7,56.1,0.0,62.2,61.8,72.2,0,,,0,0,1,0.0,0,3,20,0,0,0,0,0,0,0.0,
Bruce Bivens,57795,LB,E CAROLINA,12,0,3.1,78.9,90.2,18.4,14.5,0,0,0,0.0,156,49.1,46.8,53.1,55.5,48.0,42.2,0,39,33.3,5,0,2,115.8,15,285,316,6,10,19,1,144,126,0.5,9.6
Terry Myrick,57801,LB,E MICHIGAN,13,4,2.7,85.3,89.3,11.3,9.7,0,1,0,0.0,160,58.6,53.7,60.4,71.5,48.7,79.6,0,64,4.5,1,0,1,112.7,29,349,391,8,17,34,1,296,236,0.9,10.2
Desean Boyd,57802,LB,E MICHIGAN,2,0,,,60.0,,,0,0,0,,160,60.8,64.6,70.2,57.0,66.5,76.1,0,,,0,0,0,0.0,0,3,5,0,0,0,0,0,0,0.0,
Ventrell Miller,57809,LB,FLORIDA,12,7,0.8,75.0,89.1,11.0,8.3,0,0,1,4.2,163,79.4,76.7,83.9,84.3,63.8,48.7,0,15,20.0,5,1,0,81.3,18,205,230,12,13,24,0,96,113,0.5,5.3
James Houston,57810,LB,FLORIDA,12,1,0.6,83.3,87.0,9.7,8.1,0,0,0,0.0,163,47.7,55.2,9.0,77.8,58.0,52.2,0,52,28.6,4,0,2,102.4,10,100,115,6,9,12,0,103,94,1.1,10.3
Lacedrick Brunson,57811,LB,FLORIDA,10,1,0.7,85.7,86.7,11.8,10.1,0,0,0,0.0,163,64.0,73.3,80.7,72.5,77.0,88.1,0,34,0.0,0,0,0,107.7,6,72,83,2,2,7,0,69,74,1.0,11.5
Hosea Barnwell V,57818,LB,FAU,13,5,2.9,80.0,75.2,11.9,9.5,0,0,0,0.0,165,53.4,58.7,0.0,46.9,73.2,61.5,0,17,23.8,5,0,3,90.7,20,249,331,7,11,25,0,144,91,0.6,7.2
Akileis Leroy,57821,LB,FAU,13,6,6.2,76.5,76.4,9.0,6.9,0,0,1,2.9,165,74.8,87.3,0.0,82.2,90.9,77.6,3,34,22.6,7,1,4,80.8,26,252,330,12,18,34,2,262,138,1.1,10.1
DeCalon Brooks,57822,LB,FLORIDA ST,11,1,3.4,92.9,76.0,5.2,4.9,0,0,0,0.0,167,29.6,39.4,81.6,58.4,53.0,27.9,0,42,57.1,4,0,0,142.6,13,73,96,0,2,14,1,195,148,2.9,15.0
Leonard Warner III,57826,LB,FLORIDA ST,12,8,3.3,91.2,77.4,9.4,8.6,0,1,1,2.9,167,46.3,56.1,87.7,63.3,61.2,59.7,0,31,22.2,6,1,0,113.7,31,309,399,6,13,34,1,304,231,1.0,9.8
Mykal Walker,57834,ED,FRESNO ST,12,3,3.8,86.7,51.3,18.8,16.3,0,1,0,0.0,169,75.8,71.2,92.8,60.1,68.8,78.4,0,18,0.0,0,0,0,96.1,13,255,497,10,20,15,0,106,48,0.4,8.2
Alex Cruz,57835,ED,FRESNO ST,10,0,5.5,50.0,25.7,29.0,14.5,0,0,0,0.0,169,65.7,70.9,0.0,78.8,68.4,66.1,0,2,16.7,1,0,3,56.3,1,29,113,1,5,2,0,2,6,0.1,2.0
Jaden Hunter,57837,LB,W KENTUCKY,8,0,-3.5,100.0,79.5,16.5,16.5,0,0,0,0.0,346,62.5,55.9,76.9,59.9,50.7,26.0,0,7,,0,0,0,93.8,2,35,44,1,0,2,0,13,20,0.4,6.5
Nate McBride,57838,LB,GEORGIA,6,0,0.3,0.0,88.9,,7.3,0,0,1,33.3,173,79.3,67.6,0.0,56.9,59.6,51.2,0,,0.0,0,1,1,39.6,0,24,27,0,1,3,0,0,0,0.0,
Monty Rice,57839,LB,GEORGIA,14,5,4.1,72.2,81.8,10.5,7.6,1,0,1,2.8,173,64.0,73.5,51.6,90.8,67.9,60.3,0,24,18.2,6,1,1,94.7,26,287,351,8,22,36,1,200,162,0.7,7.7
Walter Grant,57841,ED,GEORGIA,11,1,0.0,100.0,44.4,8.7,8.7,0,0,0,0.0,173,55.7,62.5,84.8,65.4,63.4,80.8,0,7,0.0,0,0,1,87.5,3,28,63,2,1,3,0,15,15,0.6,5.0
Chris Harris Jr.,57847,LB,GA SOUTHRN,13,2,5.0,80.0,78.6,18.5,14.8,0,0,0,0.0,174,62.9,56.6,80.8,65.7,47.8,59.1,0,9,25.0,1,0,0,90.0,4,81,103,1,1,5,0,28,21,0.4,7.0
Amaud Willis-Dalton,57851,LB,HOUSTON,7,3,5.3,58.3,93.0,13.0,7.6,0,0,1,8.3,182,71.2,65.7,2.6,65.5,56.8,74.3,1,15,12.5,1,1,1,71.2,7,93,100,1,4,12,2,45,23,0.5,6.4
David Anenih,57853,ED,HOUSTON,12,0,5.0,100.0,14.2,42.0,42.0,1,0,0,0.0,182,58.8,75.2,34.9,80.2,70.3,68.1,0,17,33.3,1,0,3,118.8,1,44,310,7,2,1,0,17,12,0.4,17.0
Derek Parish,57854,ED,HOUSTON,12,0,-1.0,100.0,5.9,11.0,11.0,0,0,0,0.0,182,43.1,80.8,63.8,72.8,86.4,63.9,0,8,25.0,1,0,1,100.0,1,11,188,3,3,1,0,8,9,0.7,8.0
Thomas Allen,57874,LB,INDIANA,8,1,0.3,100.0,88.5,10.8,10.8,0,0,0,0.0,190,54.4,61.4,78.0,61.5,65.6,46.0,0,10,25.0,1,0,0,94.8,4,46,52,1,2,4,0,27,26,0.6,6.8
Jake Hummel,57879,LB,IOWA STATE,13,1,5.3,63.6,73.6,14.6,9.3,0,1,1,9.1,193,69.2,68.1,84.1,53.7,67.5,64.7,1,20,12.5,1,1,1,70.3,7,103,140,4,6,11,1,60,35,0.6,8.6
O'Rien Vance,57881,LB,IOWA STATE,12,3,6.5,73.7,73.5,18.2,13.4,0,0,0,0.0,193,38.7,60.0,85.3,75.5,66.4,50.5,0,48,40.0,6,0,0,124.2,14,263,358,7,6,19,1,197,102,0.8,14.1
Kyron Johnson,57890,LB,KANSAS,12,1,3.8,88.9,87.4,11.5,10.2,0,0,1,3.7,198,67.0,58.4,85.7,65.7,48.9,69.8,0,38,11.1,3,1,1,103.9,24,291,333,11,23,27,0,241,161,0.9,10.0
Cooper Root,57891,LB,KANSAS,2,1,-2.5,100.0,100.0,5.5,5.5,0,0,0,0.0,198,54.8,45.4,74.3,,42.2,42.2,0,7,33.3,1,0,0,93.8,2,12,12,0,1,2,0,13,18,1.2,6.5
Jay Dineen,57893,LB,KANSAS,10,2,3.0,82.4,90.1,7.2,5.9,0,0,1,5.9,198,45.1,47.0,79.6,69.9,47.9,54.8,0,52,16.7,2,1,0,158.0,14,109,121,3,8,17,2,227,192,2.2,16.2
Da'Quan Patton,57896,LB,KANSAS ST,13,4,7.2,61.9,88.6,19.4,12.0,0,1,4,19.0,199,66.0,56.1,88.0,48.9,49.9,51.9,2,38,16.7,4,2,0,48.2,13,264,298,10,16,21,0,172,106,0.7,13.2
Blake Richmeier,57897,LB,KANSAS ST,2,0,,,100.0,,,0,0,0,,199,62.0,44.6,70.3,,41.0,73.1,0,,,0,0,0,0.0,0,5,5,0,0,0,0,0,0,0.0,
Cepeda Phillips,57900,LB,KENT STATE,13,1,5.7,81.0,76.1,15.2,12.3,1,0,0,0.0,201,47.7,69.0,9.3,81.1,75.0,79.0,0,39,7.7,1,0,3,113.1,17,274,360,9,11,21,0,234,138,0.9,13.8
Kesean Gamble,57903,ED,KENT STATE,13,3,0.1,90.9,48.2,12.3,11.2,0,0,0,0.0,201,69.6,74.0,91.5,63.0,76.2,77.5,0,34,15.4,2,0,0,109.5,10,133,276,6,8,11,0,113,119,0.9,11.3
William Nalty,57904,LB,KENTUCKY,1,0,-3.0,100.0,84.6,11.0,11.0,0,0,0,0.0,202,54.9,57.0,70.0,57.3,63.9,74.3,0,15,,0,0,0,118.8,1,11,13,0,0,1,0,15,18,1.4,15.0
Jamin Davis,57905,LB,KENTUCKY,12,2,8.0,64.3,77.7,10.2,6.6,0,0,0,0.0,202,54.1,67.1,83.0,84.3,68.2,68.3,1,22,22.2,2,0,3,58.3,9,94,121,3,5,14,0,109,62,1.2,12.1
Jordan Wright,57907,ED,KENTUCKY,13,2,1.3,87.5,28.0,8.7,7.6,0,0,0,0.0,202,67.4,68.5,38.0,71.4,63.0,70.2,0,11,0.0,0,0,2,90.6,7,63,225,7,6,8,0,46,38,0.8,6.6
Josh Paschal,57908,ED,KENTUCKY,13,0,4.8,66.7,29.0,15.0,10.0,0,0,0,0.0,202,58.6,74.7,89.2,66.7,81.8,73.6,0,16,16.7,1,0,1,83.3,4,63,217,9,5,6,0,37,29,0.6,9.3
Randy Hogan,57929,LB,LA TECH,4,0,6.6,60.0,86.7,4.3,2.6,0,0,0,0.0,208,54.2,50.7,72.9,56.4,53.6,73.2,0,41,0.0,0,0,0,93.8,3,13,15,1,1,5,0,50,27,3.8,16.7
Tristan Allen,57930,ED,LA TECH,12,0,3.6,66.7,33.8,8.7,5.8,0,0,0,0.0,208,64.9,58.1,47.0,57.6,55.6,79.7,0,12,16.7,1,0,1,72.9,6,52,154,5,5,9,0,33,21,0.6,5.5
Hunter Smith,57931,LB,LA MONROE,6,0,,,68.0,,,0,0,0,,209,64.7,56.7,76.7,53.2,54.1,57.9,0,,0.0,0,0,0,0.0,0,17,25,0,1,0,0,0,0,0.0,
Rashaad Harding,57932,LB,LA MONROE,12,3,1.1,81.8,85.3,15.9,13.0,0,0,1,9.1,209,60.6,71.3,85.2,74.2,71.7,59.0,0,27,6.3,1,1,1,95.1,9,151,177,6,12,11,0,75,65,0.5,8.3
Nick Okeke,57936,ED,LOUISVILLE,12,0,7.2,60.0,40.0,15.7,9.4,0,0,0,0.0,210,54.0,58.2,87.4,57.4,60.3,69.5,0,10,0.0,0,0,0,67.9,3,50,125,1,2,5,0,19,13,0.4,6.3
Dorian Etheridge,57937,LB,LOUISVILLE,13,2,6.6,70.4,82.0,15.1,10.6,0,0,4,14.8,210,53.5,65.5,0.0,82.4,69.1,53.3,1,77,31.8,7,3,3,132.1,19,297,362,8,13,27,5,306,208,1.1,16.1
Tabarius Peterson,57939,ED,LOUISVILLE,13,2,-2.0,100.0,0.8,2.0,2.0,0,0,0,0.0,210,67.8,67.5,44.3,61.7,68.0,42.5,0,6,0.0,0,0,2,91.7,1,2,246,1,2,1,0,6,8,3.0,6.0
Patrick Queen,57941,LB,LSU,15,2,3.3,69.7,83.3,15.8,11.0,0,0,3,9.1,211,81.8,74.4,34.1,68.2,64.7,65.4,1,20,10.3,3,2,3,79.2,23,393,472,12,24,33,1,171,148,0.5,7.4
Jacob Phillips,57942,LB,LSU,15,1,4.2,63.3,85.0,17.8,11.3,0,0,1,3.3,211,52.1,65.6,85.2,54.8,76.0,88.8,0,30,5.6,1,1,1,94.3,19,364,428,5,16,30,1,204,140,0.6,10.7
K'Lavon Chaisson,57945,ED,LSU,13,0,2.0,90.9,21.7,9.7,8.8,3,0,1,9.1,211,61.7,73.1,19.2,79.8,70.7,61.8,0,23,17.6,3,1,6,95.1,10,101,465,12,14,11,0,75,69,0.8,7.5
Domenick Murphy,57948,LB,MARSHALL,4,0,4.2,80.0,93.3,7.0,5.6,0,0,0,0.0,214,33.0,48.0,77.2,57.7,74.2,80.0,0,12,0.0,0,0,0,98.3,4,28,30,1,2,5,0,38,32,1.4,9.5
Tyler Brown,57951,LB,MARSHALL,13,2,7.4,72.2,81.1,11.3,8.2,0,0,0,0.0,214,51.7,64.4,82.4,71.3,73.7,69.7,0,61,33.3,3,0,0,105.1,13,154,190,5,4,18,0,185,96,1.3,14.2
Jaquan Yulee,57953,ED,MARSHALL,2,1,,,35.5,,,0,0,1,,214,77.1,77.8,78.6,72.7,64.5,81.9,0,,0.0,0,1,0,0.0,0,11,31,1,0,0,0,0,0,0.0,
Ayinde Eley,57955,LB,MARYLAND,11,3,3.1,86.5,84.9,8.3,7.2,0,0,2,5.4,215,42.0,48.2,87.0,62.7,52.2,51.1,1,37,22.6,7,2,0,122.9,32,282,332,8,21,37,3,359,279,1.3,11.2
Bruce Miller,57956,LB,MARYLAND,1,0,,,100.0,,,0,0,0,,215,55.5,53.7,65.5,,62.1,25.9,0,,100.0,1,0,0,0.0,0,1,1,0,0,0,0,0,0,0.0,
Tyler Garvey,57957,LB,MEMPHIS,4,0,0.0,0.0,100.0,,10.0,0,0,0,0.0,218,62.7,74.6,75.1,72.2,72.8,78.2,0,,,0,0,0,39.6,0,10,10,1,0,1,0,0,0,0.0,
J.J. Russell,57958,LB,MEMPHIS,14,4,5.3,57.7,80.9,17.9,10.3,0,2,4,15.4,218,72.5,51.7,0.0,66.1,37.8,67.7,0,16,11.1,2,4,4,70.0,15,284,351,7,12,26,0,124,97,0.5,8.3
Nate Robinson,57967,LB,MIAMI OH,1,0,,,100.0,,,0,0,0,,221,61.8,51.9,73.9,,49.8,43.1,0,,,0,0,0,0.0,0,5,5,0,0,0,0,0,0,0.0,
Drew Singleton,57970,LB,RUTGERS,10,1,1.8,80.0,88.2,19.3,15.4,0,0,0,0.0,278,66.5,69.5,81.5,83.3,62.9,74.7,0,22,25.0,1,0,0,92.5,4,82,93,2,2,5,0,31,22,0.4,7.8
Josh Ross,57971,LB,MICHIGAN,3,0,-0.3,50.0,81.0,16.5,8.3,0,0,0,0.0,222,72.7,56.1,0.0,68.8,44.6,58.0,0,6,0.0,0,0,1,56.3,2,34,42,2,4,4,0,7,13,0.2,3.5
Jordan Anthony,57972,LB,MICHIGAN,6,0,1.3,66.7,73.3,10.5,7.0,0,0,0,0.0,222,59.6,69.3,79.9,52.6,74.8,72.1,0,18,33.3,1,0,0,92.4,2,22,30,1,2,3,0,25,17,1.2,12.5
Noah Harvey,57974,LB,MICH STATE,12,2,2.5,52.4,60.8,10.6,5.6,0,0,2,9.5,223,60.4,64.6,83.0,61.1,67.7,59.1,0,20,14.3,2,1,0,83.2,11,124,204,8,10,21,1,109,92,0.9,9.9
Antjuan Simmons,57975,LB,MICH STATE,13,3,3.1,73.7,78.1,8.8,6.5,0,1,2,3.5,223,63.8,66.9,86.7,68.6,66.6,70.9,1,40,15.6,5,1,0,82.1,42,395,506,16,24,57,0,354,256,1.0,8.4
Dante Razzano,57978,LB,MICH STATE,1,0,,,100.0,,,0,0,0,,223,60.0,60.4,63.9,,,,0,,,0,0,0,0.0,0,1,1,0,0,0,0,0,0,0.0,
DQ Thomas,57979,LB,MIDDLE TN,12,2,0.4,85.0,61.5,13.8,11.7,0,1,0,0.0,224,67.7,67.0,86.5,62.7,65.3,59.4,0,14,30.8,8,0,0,87.7,17,249,405,12,16,20,0,101,115,0.4,5.9
Cain McWilliams,57980,LB,MIDDLE TN,1,0,,,100.0,,,0,0,0,,224,60.0,62.7,66.2,,61.0,,0,,,0,0,0,0.0,0,1,1,0,0,0,0,0,0,0.0,
Brenden Williams,57985,ED,OLE MISS,5,0,-3.0,100.0,20.8,5.0,5.0,0,0,0,0.0,226,53.8,60.4,79.4,70.8,51.5,72.2,0,4,0.0,0,0,0,83.3,1,5,24,1,1,1,0,4,7,0.8,4.0
Momo Sanogo,57986,LB,OLE MISS,1,1,-2.0,100.0,92.0,11.0,11.0,0,0,0,0.0,226,66.0,67.4,74.1,67.6,62.8,83.3,0,3,33.3,1,0,0,79.2,2,23,25,1,1,2,0,-1,3,0.0,-0.5
Willie Gay,57987,LB,MISS STATE,5,2,5.6,71.4,70.0,12.0,8.6,2,0,0,0.0,227,90.0,83.5,0.0,77.6,71.0,78.3,1,33,16.7,2,0,2,103.9,5,63,90,3,8,7,1,71,36,1.2,14.2
Aubrey Miller Jr.,57993,LB,MISSOURI,1,0,,,100.0,,,0,0,0,,229,62.3,64.9,65.2,,60.1,74.3,0,,0.0,0,0,0,0.0,0,2,2,0,1,0,0,0,0,0.0,
Jamal Brooks,57996,LB,MISSOURI,5,0,3.3,83.3,91.8,8.4,7.0,0,0,0,0.0,229,63.5,74.4,78.3,67.1,78.3,77.3,0,10,0.0,0,0,0,120.1,5,45,49,1,5,6,1,20,8,0.5,4.0
Austin Talbert-Loving,58010,LB,NAVY,2,0,,,73.3,,,0,0,1,,237,66.7,85.6,75.4,75.1,85.5,42.1,0,,50.0,1,1,0,0.0,0,11,15,1,1,0,0,0,0,0.0,
Ian Blake,58012,ED,NAVY,2,0,,,57.1,,,0,0,0,,237,62.1,61.0,74.7,56.9,60.2,,0,,,0,0,0,0.0,0,4,7,0,0,0,0,0,0,0.0,
Griffin Baumoel,58016,LB,MIAMI OH,1,0,,,100.0,,,0,0,0,,221,60.0,43.5,0.0,,58.6,74.3,0,,,0,0,1,0.0,0,1,1,0,0,0,0,0,0,0.0,
Andrew Ward,58023,LB,C MICHIGAN,8,2,1.0,57.1,87.5,14.5,8.3,0,1,2,28.6,134,62.2,58.1,13.4,55.6,57.9,68.2,0,19,0.0,0,2,1,116.7,4,63,72,1,2,7,1,46,54,0.8,11.5
Avery Roberts,58025,LB,OREGON ST,11,10,2.6,86.8,74.0,8.0,6.9,0,0,1,2.6,265,55.5,62.5,52.9,68.3,64.3,68.7,0,50,13.2,5,1,1,121.7,33,276,373,13,23,38,1,422,349,1.6,12.8
Mar'Quette Jackson,58026,CB,NEVADA,8,0,9.6,77.8,98.0,6.8,5.3,0,1,0,0.0,239,37.3,46.3,87.3,59.6,65.9,53.7,0,37,20.0,2,0,0,150.5,14,100,102,1,8,18,2,202,79,2.1,14.4
Trevor Price,58030,LB,NEVADA,1,0,,,75.0,,,0,0,0,,239,64.5,69.8,75.8,58.0,71.0,72.2,0,,,0,0,0,0.0,0,12,16,0,0,0,0,0,0,0.0,
Kyle Adams,58031,LB,NEVADA,13,1,3.6,62.5,69.5,30.2,18.9,0,0,1,12.5,239,71.9,64.1,79.6,55.8,59.7,60.2,0,21,33.3,3,0,0,72.4,5,155,223,2,5,8,0,35,33,0.2,7.0
Lamin Touray,58033,LB,NEVADA,11,0,8.0,50.0,89.2,28.5,14.3,0,0,0,0.0,239,56.1,59.9,80.5,59.1,63.5,71.3,0,28,,0,0,0,79.2,2,58,65,0,0,4,0,34,24,0.6,17.0
Brandon Shook,58037,LB,NEW MEXICO,12,1,0.8,80.0,76.5,12.0,9.6,0,0,0,0.0,241,61.1,64.4,10.4,51.5,70.5,62.8,0,8,33.3,2,0,1,121.3,4,52,68,2,3,5,1,18,16,0.4,4.5
Jeremiah Gemmel,58043,LB,N CAROLINA,13,7,6.9,70.7,80.6,12.4,8.8,1,0,3,7.3,245,45.6,54.6,31.6,63.0,60.8,70.5,0,39,8.3,3,2,3,99.1,29,379,470,14,26,41,0,375,209,1.0,12.9
Louis Acceus,58047,LB,NC STATE,8,2,4.9,73.3,72.8,18.3,13.4,0,0,0,0.0,248,66.1,74.3,86.7,74.1,69.2,71.5,0,51,15.4,2,0,0,99.6,11,209,287,8,9,15,0,131,112,0.7,11.9
Isaiah Moore,58049,LB,NC STATE,11,0,0.9,91.3,65.8,10.9,10.0,1,0,0,0.0,248,34.0,50.2,27.9,58.9,64.1,56.0,0,57,8.3,1,0,2,120.7,21,237,360,3,11,23,1,218,205,1.0,10.4
Jordan Cole,58069,LB,N ILLINOIS,10,2,2.4,68.0,83.6,12.1,8.2,0,1,0,0.0,254,69.9,64.9,51.2,55.5,61.8,52.4,0,21,17.6,3,0,1,73.9,17,219,262,8,12,25,0,91,69,0.4,5.4
Rayshawn Gay,58071,LB,N ILLINOIS,1,0,1.0,0.0,78.6,,11.0,0,0,0,0.0,254,63.9,65.5,75.4,74.7,55.4,37.4,0,,,0,0,0,39.6,0,11,14,0,0,1,0,0,0,0.0,
Michael Kennedy,58072,ED,N ILLINOIS,9,2,2.0,100.0,11.5,6.0,6.0,0,0,0,0.0,254,63.0,69.4,81.8,65.2,66.8,79.5,0,7,0.0,0,0,0,95.8,1,6,52,1,1,1,0,7,5,1.2,7.0
Chris Bergin,58080,S,NWESTERN,12,5,2.7,84.6,90.6,7.8,6.6,0,0,1,2.6,256,68.1,71.4,88.7,64.9,75.1,51.1,0,26,25.0,8,1,0,105.9,33,270,298,9,19,39,1,287,218,1.1,8.7
Peter McIntyre,58082,LB,NWESTERN,2,1,9.0,100.0,100.0,7.0,7.0,0,0,0,0.0,256,55.0,57.8,76.3,,61.8,73.2,0,9,0.0,0,0,0,104.2,1,7,7,0,0,1,0,9,0,1.3,9.0
Blake Gallagher,58083,LB,NWESTERN,12,3,5.9,60.0,90.4,27.5,16.5,0,0,1,5.0,256,73.9,77.5,88.6,54.3,77.7,71.6,3,35,14.3,4,1,0,65.6,12,348,385,8,21,20,1,175,116,0.5,14.6
Troy Hudetz,58084,LB,NWESTERN,1,0,,,100.0,,,0,0,0,,256,60.0,47.4,66.1,,60.0,,0,,,0,0,0,0.0,0,1,1,0,0,0,0,0,0,0.0,
Erik Mueller,58085,LB,NWESTERN,3,0,17.0,100.0,100.0,8.0,8.0,0,0,0,0.0,256,49.7,68.1,0.0,,86.8,66.9,0,25,0.0,0,0,1,118.8,1,9,9,0,1,1,0,25,8,3.1,25.0
Jeremiah Owusu-Koramoah,58089,LB,NOTRE DAME,13,2,3.6,80.0,84.3,8.8,7.0,0,0,3,7.5,258,77.2,76.2,88.1,80.0,67.5,75.8,0,24,11.1,3,2,1,92.1,32,291,345,18,22,40,0,244,196,0.9,7.6
Drew White,58090,LB,NOTRE DAME,13,5,2.9,80.0,91.6,16.3,13.0,0,0,1,5.0,258,64.7,77.7,85.2,77.2,78.8,58.5,0,37,13.0,3,1,0,100.2,16,272,297,9,15,20,0,161,112,0.6,10.1
T.J. Robinson,58092,LB,OHIO,2,0,4.0,100.0,60.0,3.0,3.0,0,0,0,0.0,259,73.3,64.1,70.6,66.9,45.3,79.1,0,4,0.0,0,0,0,83.3,1,3,5,1,2,1,0,4,0,1.3,4.0
Pete Werner,58093,LB,OHIO STATE,14,3,7.4,51.4,94.7,16.0,8.2,0,1,3,8.6,260,74.8,70.8,80.6,47.3,70.1,65.5,0,41,8.3,2,3,1,64.8,18,304,321,8,19,35,0,167,75,0.6,9.3
Baron Browning,58095,LB,OHIO STATE,12,1,5.7,65.4,75.8,10.2,6.7,0,0,1,3.8,260,46.2,62.6,37.9,76.6,70.5,56.6,0,38,30.8,4,1,1,106.9,17,179,236,8,8,26,1,234,151,1.4,13.8
Levi Draper,58097,LB,OKLAHOMA,4,0,-1.5,100.0,83.3,7.5,7.5,0,0,0,0.0,261,78.8,72.6,72.0,56.3,55.2,77.9,0,9,0.0,0,0,0,89.6,2,15,18,2,3,2,0,11,14,0.7,5.5
Kenneth Murray Jr.,58099,LB,OKLAHOMA,14,2,1.1,87.9,82.0,12.7,11.1,0,0,2,6.1,261,80.6,67.6,43.3,62.8,58.5,68.6,0,81,8.8,3,2,2,118.4,29,393,479,27,29,33,2,250,237,0.7,8.6
Patrick Macon,58102,LB,USF,9,0,6.4,71.4,79.8,13.4,9.6,0,0,2,14.3,327,41.7,53.6,0.0,76.7,60.5,49.6,0,23,41.7,5,2,3,97.6,10,138,173,4,7,14,0,121,94,0.9,12.1
Sampson Niu,58107,LB,OREGON,14,2,2.8,75.0,82.8,11.4,8.6,0,0,0,0.0,264,64.7,57.4,81.7,61.7,47.2,60.0,1,16,9.1,1,0,0,56.9,9,111,134,4,8,12,0,78,65,0.8,8.7
Isaac Slade-Matautia,58108,LB,OREGON,14,8,2.9,82.9,83.0,11.1,9.2,0,1,7,17.1,264,68.4,65.7,86.5,68.6,58.6,54.1,0,46,18.2,6,7,1,115.9,34,399,481,11,19,41,2,324,240,0.9,9.5
Brelin Faison-Walden,58110,LB,CHARLOTTE,7,1,5.5,83.3,68.0,12.6,10.5,0,0,0,0.0,136,57.7,58.4,81.6,52.8,61.6,78.8,0,15,0.0,0,0,0,134.7,5,66,97,1,4,6,1,41,26,0.7,8.2
Max Chizmar,58111,LB,PENN STATE,4,1,6.0,100.0,100.0,8.0,8.0,0,0,0,0.0,266,55.3,57.6,72.9,,62.4,77.8,0,9,0.0,0,0,0,104.2,1,9,9,0,0,1,0,9,3,1.1,9.0
Ellis Brooks,58112,LB,PENN STATE,13,3,2.9,60.0,84.7,23.5,14.1,0,0,0,0.0,266,62.0,61.1,24.7,71.0,57.0,62.1,0,19,17.6,3,0,1,73.8,6,149,176,5,11,10,0,52,35,0.4,8.7
Cam Bright,58115,LB,PITTSBURGH,13,3,1.8,79.4,75.8,9.3,7.4,1,1,1,2.9,268,74.2,76.5,28.3,82.8,75.2,80.7,0,19,9.1,3,0,3,100.0,27,270,356,17,27,34,1,192,139,0.8,7.1
Jonah Williams,58118,LB,PURDUE,1,0,21.0,0.0,100.0,,5.0,0,0,0,0.0,273,48.4,44.4,65.5,,,,0,,,0,0,0,39.6,0,5,5,0,0,1,0,0,0,0.0,
Cornel Jones,58119,LB,PURDUE,5,0,2.8,90.0,78.6,8.3,7.5,0,0,1,10.0,273,51.1,44.1,80.1,58.0,41.0,49.5,0,23,25.0,2,1,0,101.3,9,77,98,2,6,10,0,83,61,1.1,9.2
Derrick Barnes,58120,ED,PURDUE,12,1,1.8,86.7,18.2,5.5,4.7,0,0,0,0.0,273,62.1,62.9,79.7,63.8,59.6,73.2,0,33,16.7,3,0,1,97.2,13,75,412,15,14,15,0,110,103,1.5,8.5
Olakunle Fatukasi,58122,LB,RUTGERS,12,1,2.1,66.7,85.2,16.3,10.9,0,0,2,11.1,278,79.7,76.1,85.0,71.8,67.5,81.4,0,23,0.0,0,2,0,97.0,12,208,244,5,15,18,1,90,51,0.5,7.5
CJ Onyechi,58123,ED,RUTGERS,12,0,3.8,75.0,23.1,12.7,9.5,0,0,1,25.0,278,81.7,60.1,66.4,61.1,49.8,50.7,0,6,0.0,0,0,1,77.1,3,39,169,5,3,4,0,6,9,0.2,2.0
Tyshon Fogg,58124,LB,RUTGERS,12,4,6.8,89.5,87.3,12.9,11.6,0,0,2,10.5,278,52.2,65.8,81.5,70.3,71.0,82.6,0,50,5.3,1,1,0,118.8,17,233,267,6,14,19,0,283,179,1.3,16.6
Caden McDonald,58128,ED,S DIEGO ST,13,0,3.8,80.0,38.6,8.3,6.6,0,0,1,5.0,284,64.5,55.8,73.7,57.5,47.1,64.3,1,14,15.8,3,0,1,63.8,16,137,355,13,16,20,0,86,75,0.7,5.4
Andrew Aleki,58129,LB,S DIEGO ST,13,5,3.7,87.0,53.5,8.7,7.5,1,0,0,0.0,284,47.9,55.8,63.4,59.4,61.8,31.4,0,30,44.4,8,0,1,97.1,20,177,331,5,5,23,0,168,108,1.0,8.4
Seyddrick Lakalaka,58130,ED,S DIEGO ST,5,0,5.6,80.0,53.4,7.8,6.2,0,0,1,20.0,284,62.9,61.5,81.4,62.1,55.4,50.8,0,20,16.7,1,0,0,95.0,4,31,58,3,5,5,0,34,23,1.1,8.5
Shaine Hailey,58131,LB,SMU,8,0,5.8,75.0,89.7,20.0,15.0,0,0,1,25.0,287,57.9,52.8,77.6,54.9,49.1,40.7,0,20,50.0,2,1,0,95.8,3,61,68,1,2,4,0,30,26,0.5,10.0
Nick Mobley,58133,LB,S ALABAMA,12,5,5.1,93.8,90.6,19.0,17.8,0,0,1,6.3,288,58.9,57.4,83.4,79.6,52.5,76.9,0,28,6.3,1,1,0,139.6,15,298,329,5,10,16,1,201,132,0.7,13.4
Damani Staley,58136,LB,S CAROLINA,7,1,8.5,50.0,86.0,21.0,10.5,0,0,1,25.0,289,69.7,50.9,76.8,55.1,36.9,77.4,0,17,0.0,0,1,0,103.1,2,43,50,0,1,4,1,19,2,0.5,9.5
Eldridge Thompson,58138,LB,S CAROLINA,1,0,,,85.7,,,0,0,0,,289,64.9,68.1,68.3,60.0,63.3,75.8,0,,0.0,0,0,0,0.0,0,6,7,0,1,0,0,0,0,0.0,
Sherrod Greene,58141,LB,S CAROLINA,12,0,3.2,82.4,78.7,7.6,6.2,1,0,0,0.0,289,64.3,69.7,33.0,67.5,74.3,67.2,0,13,14.3,1,0,1,85.3,14,111,141,5,6,17,0,76,68,0.7,5.4
Troy Kruchten,58154,LB,LA LAFAYET,2,0,,,66.7,,,0,0,0,,207,61.5,75.5,73.6,68.6,71.4,76.0,0,,,0,0,0,0.0,0,4,6,0,0,0,0,0,0,0.0,
Zach Portlock,58157,LB,SO MISS,1,0,,,100.0,,,0,0,0,,296,60.3,32.9,67.8,,39.1,,0,,,0,0,0,0.0,0,2,2,0,0,0,0,0,0,0.0,
Santrell Latham,58158,LB,SO MISS,12,6,-3.4,75.0,69.6,25.2,18.9,0,0,0,0.0,296,78.3,74.9,41.1,60.4,71.0,71.1,0,39,8.3,1,0,1,98.4,6,156,224,5,5,8,0,65,98,0.4,10.8
Tyrell Richards,58174,ED,SYRACUSE,9,1,6.5,50.0,42.5,34.0,17.0,0,0,1,50.0,304,75.3,62.2,0.0,64.3,60.0,41.5,0,6,33.3,1,1,3,56.3,1,34,80,3,1,2,0,6,4,0.2,6.0
Audley Isaacs,58177,LB,TEMPLE,6,1,7.6,42.9,91.8,21.0,9.0,0,0,0,0.0,306,50.8,48.5,0.0,64.6,49.7,66.5,0,25,0.0,0,0,1,64.0,3,67,73,0,1,7,0,44,29,0.7,14.7
Cort Jaquess,58183,LB,TEXAS,1,1,-3.0,100.0,83.3,9.0,9.0,0,0,0,0.0,311,65.2,62.0,72.5,58.4,56.8,49.4,0,8,0.0,0,0,0,100.0,1,10,12,1,2,1,0,8,11,0.9,8.0
Marqez Bimage,58184,ED,TEXAS,12,0,,,2.6,,,0,0,0,,311,49.9,68.1,39.9,67.3,70.7,28.0,0,,100.0,2,0,1,0.0,0,3,114,1,0,0,0,0,0,0.0,
Anthony Hines III,58187,LB,TEXAS A&M,13,5,1.6,80.0,89.1,6.8,5.4,0,0,1,2.0,312,46.0,50.6,82.3,59.3,53.0,59.7,0,44,17.2,5,0,0,103.5,40,286,321,9,19,50,1,362,329,1.3,9.1
Buddy Johnson,58189,LB,TEXAS A&M,13,2,2.4,73.5,87.3,13.5,9.9,0,0,0,0.0,312,45.1,52.3,88.4,62.9,57.1,57.0,0,27,18.2,4,0,0,100.4,25,357,409,8,16,34,1,222,195,0.7,8.9
Malik Alley,58190,LB,TEXAS ST,3,0,0.0,100.0,80.0,8.0,8.0,0,0,0,0.0,314,54.0,60.0,74.6,58.4,64.2,80.9,0,11,,0,0,0,112.5,1,8,10,0,0,1,0,11,11,1.4,11.0
Riko Jeffers,58197,LB,TEXAS TECH,12,4,7.4,69.4,70.6,12.1,8.4,0,0,1,2.8,315,29.6,45.7,40.3,61.8,56.1,60.6,0,46,23.3,7,1,2,102.1,25,319,452,9,19,36,0,364,189,1.2,14.6
Kevin Nixon,58198,ED,TROY,4,0,,,11.8,,,0,0,0,,318,70.7,65.2,22.5,60.3,66.7,82.7,0,,50.0,1,0,1,0.0,0,10,85,1,1,0,0,0,0,0.0,
Carlton Martial,58199,LB,TROY,12,6,4.1,66.7,86.4,18.6,12.4,1,0,3,10.0,318,89.4,91.3,90.1,78.0,86.4,59.5,3,20,14.3,5,3,1,51.7,20,394,456,16,24,30,1,162,122,0.4,8.1
Justin Whisenhunt,58200,LB,TROY,10,0,4.2,88.2,76.1,7.7,6.8,0,0,0,0.0,318,54.3,49.8,86.0,51.5,47.8,53.3,0,18,27.3,3,0,0,94.9,15,124,163,3,8,17,0,115,60,1.0,7.7
Kj Vault,58202,LB,TULANE,2,0,-4.0,0.0,66.7,,6.0,0,0,0,0.0,319,70.5,73.8,73.0,61.9,69.1,75.3,0,,,0,0,0,39.6,0,6,9,1,0,1,0,0,0,0.0,
Monty Montgomery,58203,LB,LOUISVILLE,12,1,2.4,60.0,72.6,25.3,15.2,0,0,0,0.0,210,52.2,66.9,0.0,87.9,74.3,75.2,0,8,22.2,2,0,3,65.4,3,77,106,9,6,5,0,16,19,0.2,5.3
Marvin Moody,58204,LB,TULANE,13,1,4.6,65.4,73.9,12.7,8.3,0,0,2,7.7,319,47.0,58.9,51.0,67.8,64.7,74.0,0,68,20.0,3,2,1,118.1,17,227,307,6,11,26,1,304,232,1.4,17.9
Kristopher Moll,58205,LB,UAB,13,11,3.8,79.4,84.7,14.2,11.3,0,2,1,2.9,321,72.0,70.8,0.0,85.1,63.0,62.3,1,42,16.7,8,1,4,91.8,27,411,485,22,29,34,1,225,171,0.6,8.3
Luke Brasher,58207,LB,UAB,8,0,-0.8,60.0,77.6,16.3,9.8,0,0,1,20.0,321,58.9,63.7,78.7,64.7,65.9,47.9,0,32,50.0,2,1,0,92.1,3,52,67,0,2,5,0,48,52,1.0,16.0
Thomas Johnston,58210,ED,UAB,13,1,9.0,100.0,5.2,2.0,2.0,0,0,1,100.0,321,53.4,46.5,84.1,53.1,44.9,38.7,0,16,50.0,1,0,0,118.8,1,3,58,0,0,1,0,16,7,8.0,16.0
Fitzgerald Mofor,58214,ED,UAB,14,0,-1.0,50.0,3.5,10.0,5.0,1,0,0,0.0,321,73.9,73.0,23.1,65.1,79.8,79.3,0,0,0.0,0,0,4,56.3,1,10,282,6,4,2,0,0,3,0.0,0.0
Jayce Smalley,58226,ED,UCLA,3,0,,,36.4,,,0,0,0,,324,61.3,64.1,76.2,63.6,60.6,,0,,,0,0,0,0.0,0,4,11,0,0,0,0,0,0,0.0,
Farrell Hester II,58232,LB,UNLV,12,3,3.5,87.5,90.8,12.0,10.5,0,0,1,4.2,325,57.3,61.4,82.7,55.0,65.0,75.9,0,26,15.0,3,1,0,104.2,21,268,295,5,14,24,0,216,153,0.9,10.3
Juliano Falaniko,58234,ED,USC,9,0,-1.3,33.3,8.2,7.0,2.3,1,0,0,0.0,326,52.1,46.5,0.0,58.0,50.8,29.7,0,8,66.7,2,0,3,42.4,1,7,85,1,1,3,0,8,5,1.1,8.0
Hunter Echols,58237,ED,USC,9,1,-0.7,66.7,7.5,5.5,3.7,0,0,1,33.3,326,55.2,58.1,87.3,57.0,60.5,26.8,0,18,66.7,4,0,0,95.1,2,12,161,1,1,3,0,27,28,2.5,13.5
Devin Lloyd,58238,LB,UTAH,14,2,3.5,72.2,77.1,14.1,10.2,0,1,3,8.3,328,60.2,69.5,66.9,69.8,72.0,65.2,1,40,18.5,5,2,2,106.1,26,380,493,14,20,36,3,239,186,0.7,9.2
Kalaii Griffin,58250,LB,UTEP,5,2,4.6,71.4,67.2,7.6,5.4,0,0,0,0.0,330,53.1,48.9,78.1,54.1,46.6,59.3,0,49,33.3,2,0,0,113.7,5,39,58,2,2,7,0,109,94,2.9,21.8
Brayden DeVault-Smith,58259,LB,VANDERBILT,12,0,2.2,80.0,72.4,9.8,7.8,0,0,0,0.0,333,53.0,58.3,2.4,51.9,66.3,55.5,0,20,,0,0,1,110.8,4,42,58,0,0,5,0,53,46,1.4,13.3
Dimitri Moore,58261,LB,VANDERBILT,12,5,4.4,70.4,84.2,14.9,10.5,0,0,2,7.4,333,53.4,52.9,32.8,56.9,55.5,72.1,0,30,12.0,3,2,5,97.3,19,294,349,9,17,27,0,237,184,0.8,12.5
Michael Owusu,58262,ED,VANDERBILT,6,0,,,13.8,,,0,0,0,,333,61.5,58.7,81.9,61.1,55.7,79.7,0,,,0,0,0,0.0,0,4,29,0,0,0,0,0,0,0.0,
Feleti Afemui,58263,LB,VANDERBILT,10,5,2.7,85.2,89.2,7.5,6.4,0,0,0,0.0,333,33.6,31.0,82.6,52.6,33.7,41.3,0,31,25.0,4,0,0,125.9,23,181,203,2,7,27,1,304,253,1.8,13.2
Rayshard Ashby,58267,LB,VA TECH,13,4,6.6,70.7,83.2,14.1,10.0,0,1,4,9.8,337,54.4,75.8,62.2,70.2,89.0,67.4,0,31,23.7,9,2,1,95.8,29,426,512,16,25,41,1,262,124,0.6,9.0
Dylan Rivers,58269,LB,VA TECH,2,0,4.0,100.0,57.1,3.0,3.0,0,0,0,0.0,337,59.1,57.3,72.5,56.3,59.3,75.8,0,14,0.0,0,0,0,118.8,1,4,7,1,1,1,0,14,10,4.7,14.0
Jaylen Griffin,58270,ED,VA TECH,12,0,6.3,50.0,10.8,8.0,4.0,0,0,0,0.0,337,50.1,51.5,57.3,57.0,51.1,27.3,0,12,25.0,1,0,1,67.7,2,17,157,4,3,4,0,23,1,1.4,11.5
Ariel Ngata,58271,ED,WASHINGTON,10,1,6.3,66.7,39.2,19.0,12.7,0,0,0,0.0,340,64.9,52.6,0.0,56.4,59.4,61.1,0,12,0.0,0,0,4,75.7,2,38,97,2,3,3,0,13,3,0.3,6.5
Joe Tryon-Shoyinka,58272,ED,WASHINGTON,13,1,-0.5,50.0,14.7,43.0,21.5,1,0,1,50.0,340,69.1,67.2,29.1,70.9,62.0,55.5,0,-2,12.5,1,1,4,56.3,1,51,348,12,6,2,0,-2,2,0.0,-2.0
Fa'Avae Fa'Avae,58274,ED,WASH STATE,8,0,0.0,50.0,34.4,10.0,5.0,0,0,0,0.0,341,55.2,58.6,1.2,63.2,63.1,23.8,0,4,100.0,1,0,1,56.3,1,11,32,0,0,2,0,4,0,0.4,4.0
Willie Taylor III,58278,ED,WASH STATE,13,1,6.3,100.0,27.8,9.1,9.1,1,0,0,0.0,341,47.0,55.4,32.1,66.2,54.7,36.7,0,29,45.5,5,0,3,116.1,7,68,245,4,5,7,0,83,39,1.3,11.9
Karson Block,58279,ED,WASH STATE,13,1,,,1.4,,,0,0,0,,341,61.7,57.6,58.0,55.7,58.6,54.1,0,,25.0,1,0,1,0.0,0,2,145,1,2,0,0,0,0,0.0,
Quondarius Qualls,58280,ED,W VIRGINIA,7,1,10.0,100.0,25.8,12.0,12.0,0,0,0,0.0,343,54.2,61.5,89.5,61.3,62.4,69.0,0,26,0.0,0,0,0,118.8,4,50,194,2,1,4,0,50,10,1.0,12.5
Kyle Bailey,58289,LB,W KENTUCKY,13,3,4.5,74.3,84.0,11.6,8.6,0,0,2,5.7,346,90.4,76.0,58.1,64.5,62.8,74.4,3,47,7.7,3,2,1,61.1,26,320,381,19,33,35,1,196,112,0.6,7.5
Juwuan Jones,58290,ED,W KENTUCKY,13,2,-1.0,100.0,1.3,5.0,5.0,0,0,0,0.0,346,80.6,61.4,53.5,56.6,63.5,73.9,0,5,22.2,2,0,3,87.5,1,5,392,10,5,1,0,5,6,1.0,5.0
Treshaun Hayward,58293,LB,W MICHIGAN,13,12,3.6,90.0,83.9,8.2,7.4,0,0,1,2.0,347,52.8,54.6,0.0,77.6,53.4,75.1,0,37,11.5,6,1,5,103.7,45,396,472,18,34,50,0,445,306,1.2,9.9
Corvin Moment,58294,LB,W MICHIGAN,1,0,3.0,100.0,78.6,5.5,5.5,0,0,0,0.0,347,79.0,82.7,72.0,65.7,67.7,50.2,0,7,0.0,0,0,0,87.5,2,11,14,2,2,2,0,10,4,0.9,5.0
Izayah Green-May,58302,ED,WISCONSIN,8,0,7.0,100.0,20.3,15.0,15.0,0,0,0,0.0,349,64.5,62.5,22.9,72.6,49.1,24.8,0,10,0.0,0,0,1,108.3,1,15,74,2,1,1,0,10,3,0.7,10.0
Davon Wells-Ross,58305,ED,WYOMING,11,1,,,1.2,,,0,0,0,,351,61.6,66.5,81.6,68.3,58.7,61.5,0,,0.0,0,0,0,0.0,0,1,86,2,3,0,0,0,0,0.0,
Vinny Labus,58381,LB,N ILLINOIS,11,4,10.2,57.1,84.8,25.0,14.3,0,0,1,7.1,254,51.5,49.9,83.8,53.3,51.6,57.0,0,30,14.3,2,1,0,86.3,8,207,244,4,8,14,0,123,38,0.6,15.4
Mike Flowers,58440,DI,NAVY,6,0,,,1.3,,,0,0,0,,237,60.0,70.3,79.9,61.3,73.4,39.9,0,,100.0,1,0,0,0.0,0,1,77,1,0,0,0,0,0,0.0,
Tate Haynes,60348,CB,BOSTON COL,13,5,10.2,79.1,97.3,7.1,5.6,0,0,2,4.7,121,43.6,45.2,85.9,78.7,44.8,32.6,1,60,25.0,9,1,0,134.3,34,250,257,6,22,43,4,478,194,2.0,14.1
Evan Fochtman,60473,S,NAVY,13,4,13.5,48.6,98.0,19.5,9.5,0,1,4,11.4,237,60.3,62.7,88.8,68.2,64.5,78.2,2,47,12.5,4,3,0,58.6,17,343,350,7,24,35,1,255,88,0.8,15.0
Jason Shelley,60581,QB,UTAH,1,0,,,100.0,,,0,0,0,,328,60.0,63.0,65.9,,60.7,75.1,0,,,0,0,0,0.0,0,1,1,0,0,0,0,0,0,0.0,
Xavier Bell,60623,CB,ARIZONA,5,0,9.3,100.0,94.7,4.5,4.5,0,0,0,0.0,109,61.4,59.4,78.7,60.0,56.2,82.4,0,44,0.0,0,0,0,158.3,4,18,19,2,2,4,1,50,13,2.8,12.5
Scottie Young,60624,S,ARIZONA,12,0,9.3,65.9,99.8,16.2,10.7,0,1,5,12.2,109,64.6,60.2,59.5,60.0,52.9,48.5,1,39,25.7,9,4,4,107.0,27,458,459,7,26,41,4,272,129,0.6,10.1
Troy Young,60625,S,ARIZONA,2,0,4.5,100.0,100.0,20.0,20.0,0,0,0,0.0,109,64.9,68.3,78.1,,73.1,82.0,0,5,0.0,0,0,0,85.4,2,42,42,0,1,2,0,9,0,0.2,4.5
Demetrius Murray,60627,S,BALL ST,2,0,,,93.3,,,0,0,0,,117,66.0,57.9,73.0,59.5,50.8,65.2,0,,0.0,0,0,0,0.0,0,14,15,1,1,0,0,0,0,0.0,
Bryce Cosby,60628,S,BALL ST,12,6,11.0,51.4,97.4,21.1,10.8,0,3,5,13.5,117,77.9,76.5,90.1,58.3,69.5,74.5,2,43,7.0,3,5,0,46.9,19,415,426,5,34,37,0,218,73,0.5,11.5
Brett Anderson II,60629,S,BALL ST,11,1,11.2,41.7,96.2,14.6,6.1,0,0,1,8.3,117,55.6,54.4,82.6,54.5,52.3,53.0,0,18,0.0,0,1,0,54.5,5,75,78,1,6,12,0,51,25,0.7,10.2
Kekaula Kaniho,60637,CB,BOISE ST,14,3,11.3,76.8,88.5,9.7,7.5,0,0,3,5.4,120,69.1,70.6,89.7,69.3,68.9,59.6,1,52,14.6,6,2,1,115.3,43,439,496,14,32,56,2,601,194,1.4,14.0
Tyreque Jones,60638,S,BOISE ST,10,1,10.3,50.0,98.9,11.4,5.7,0,2,2,4.3,120,61.2,58.8,86.9,70.3,45.9,56.8,1,27,23.8,5,2,1,74.3,23,274,277,7,15,46,3,197,85,0.7,8.6
Daniel Scott,60640,S,CAL,7,0,21.7,33.3,96.1,73.0,24.3,0,0,1,33.3,130,64.8,66.2,80.2,67.1,65.1,57.9,1,40,0.0,0,0,0,42.4,1,74,77,0,3,3,0,40,11,0.5,40.0
Lummie Young IV,60642,S,DUKE,8,0,10.0,40.0,95.7,31.5,12.6,0,0,0,0.0,154,53.2,60.4,81.0,79.9,65.7,56.5,0,7,0.0,0,0,0,87.5,2,67,70,1,2,5,1,11,-1,0.2,5.5
Leonard Johnson,60643,CB,DUKE,12,4,14.0,49.4,98.9,10.3,5.1,0,1,12,14.8,154,68.7,64.6,87.0,63.1,45.4,60.9,2,41,9.7,3,7,4,87.4,40,437,442,4,24,81,6,579,173,1.4,14.5
Michael Carter II,60644,CB,DUKE,12,3,10.2,58.9,97.5,12.2,7.2,0,1,9,16.1,154,73.5,72.6,90.1,63.4,66.0,70.2,1,40,6.5,2,8,2,81.4,33,431,442,8,26,56,2,346,194,0.9,10.5
Damani Neal,60645,S,DUKE,3,0,,,80.0,,,0,0,0,,154,62.3,56.5,0.0,60.0,61.0,51.2,0,,,0,0,1,0.0,0,4,5,0,0,0,0,0,0,0.0,
Marquis Waters,60646,S,DUKE,12,2,7.2,66.7,97.1,18.5,12.4,0,1,6,18.2,154,75.9,73.1,88.7,71.7,66.2,47.6,2,72,15.2,5,5,1,111.9,22,436,449,10,26,33,4,316,216,0.8,14.4
Donovan Stiner,60647,S,FLORIDA,13,2,5.6,63.6,95.1,32.1,20.5,0,0,1,9.1,163,85.7,74.8,16.8,56.7,46.2,45.3,4,17,11.8,2,1,1,66.3,7,231,243,2,13,11,1,54,41,0.2,7.7
James Pierre,60649,CB,FAU,13,4,10.4,56.1,98.3,10.5,5.9,0,0,8,12.1,165,78.3,77.5,0.0,69.1,76.8,68.1,3,59,5.7,2,4,7,98.2,37,411,418,13,29,66,7,522,258,1.3,14.1
Quran Hafiz,60651,S,FAU,13,2,8.1,86.7,86.6,10.6,9.2,0,0,0,0.0,165,62.4,58.8,31.1,64.1,53.4,64.0,0,74,17.6,3,0,2,158.3,13,149,172,3,12,15,2,199,106,1.4,15.3
SaVion Harris,60652,S,UTSA,11,1,8.6,78.6,97.1,17.1,13.4,1,0,1,7.1,331,49.3,49.5,29.9,65.1,52.2,52.7,1,67,25.0,4,1,1,112.8,11,202,208,5,11,14,1,184,81,1.0,16.7
Ahman Ross,60654,S,FAU,14,2,6.5,61.5,89.9,25.1,15.5,0,0,3,23.1,165,66.6,63.6,0.0,52.6,65.5,42.0,0,8,21.4,3,2,2,92.8,8,214,238,2,9,13,1,43,33,0.2,5.4
Tra Cofield,60656,S,GA SOUTHRN,4,1,28.0,100.0,100.0,4.5,4.5,0,0,0,0.0,174,26.5,24.2,71.5,,45.1,31.6,0,46,50.0,1,0,0,158.3,2,10,10,0,0,2,2,81,25,9.0,40.5
Ryan White,60657,LB,GA SOUTHRN,1,0,,,100.0,,,0,0,0,,174,60.0,49.4,64.2,,60.0,,0,,,0,0,0,0.0,0,1,1,0,0,0,0,0,0,0.0,
Kenderick Duncan,60658,S,GA SOUTHRN,13,0,12.6,44.1,99.5,27.3,12.1,0,2,8,23.5,174,71.5,76.6,49.1,57.4,84.3,78.6,2,25,12.5,4,6,1,75.6,15,432,434,3,28,34,4,180,81,0.4,12.0
A.J. Musolino,60667,LB,KENT STATE,4,0,,,92.3,,,0,0,0,,201,64.0,61.5,75.4,59.6,59.7,70.6,0,,,0,0,0,0.0,0,12,13,0,0,0,0,0,0,0.0,
Jaiden Cole,60673,S,LA TECH,9,2,12.3,0.0,98.9,,28.7,0,0,0,0.0,208,61.6,62.2,83.2,65.2,60.1,52.3,0,,18.2,2,0,0,39.6,0,86,87,0,7,3,0,0,0,0.0,
Traveion Webster,60676,LB,LA MONROE,11,1,3.6,100.0,75.8,9.8,9.8,0,0,0,0.0,209,48.8,43.6,14.0,55.6,44.0,48.6,0,15,36.4,4,0,1,132.6,9,97,128,4,6,9,2,57,34,0.6,6.3
Austin Hawley,60677,S,LA MONROE,12,1,9.5,50.0,95.4,22.5,11.2,1,1,0,0.0,209,68.6,60.8,0.0,69.9,53.7,44.3,1,29,16.7,2,0,4,61.0,11,269,282,5,9,22,1,111,49,0.4,10.1
Jack Fagot,60678,S,LOUISVILLE,11,0,12.8,66.7,95.2,29.3,19.5,0,1,1,16.7,210,69.8,67.6,0.0,52.5,68.3,71.2,1,22,0.0,0,1,1,89.6,4,120,126,0,8,6,1,46,7,0.4,11.5
TreSean Smith,60680,S,LOUISVILLE,1,0,,,100.0,,,0,0,1,,210,60.0,60.0,64.7,,,,0,,,0,1,0,0.0,0,1,1,0,0,0,0,0,0,0.0,
Rodney Owens,60682,CB,MEMPHIS,1,0,-1.0,0.0,75.0,,3.0,0,0,0,0.0,218,69.1,77.3,69.8,70.8,60.0,73.1,0,,,0,0,0,39.6,0,3,4,1,0,1,0,0,0,0.0,
C.J. Avery,60683,LB,LOUISVILLE,13,5,7.4,65.8,84.9,14.9,9.8,0,1,3,7.9,210,64.3,58.0,60.4,67.7,51.4,59.1,0,31,3.6,1,3,1,99.7,25,383,451,11,22,38,1,310,165,0.8,12.4
Todd Harris Jr.,60684,S,LSU,3,0,13.5,100.0,100.0,26.5,26.5,1,0,0,0.0,211,38.2,39.0,79.9,60.0,56.6,81.2,0,20,25.0,1,0,3,158.3,2,58,58,1,3,2,1,30,3,0.6,15.0
Grant Delpit,60685,S,LSU,14,4,7.8,66.7,93.2,29.5,19.7,0,3,4,16.7,211,68.0,66.3,32.2,70.9,60.0,44.5,2,55,22.6,7,4,3,88.2,16,504,541,7,20,24,2,216,116,0.5,13.5
Dominique Long,60688,S,MICH STATE,8,0,23.3,33.3,100.0,33.0,11.0,0,0,0,0.0,223,41.1,47.7,77.5,,70.1,61.2,0,19,33.3,1,0,0,56.3,1,33,33,0,2,3,0,19,2,0.6,19.0
Londyn Craft,60689,S,MISS STATE,1,0,,,100.0,,,0,0,0,,227,62.0,62.8,68.4,,60.0,,0,,,0,0,0,0.0,0,4,4,0,0,0,0,0,0,0.0,
Jordan Ulmer,60690,S,MISSOURI,4,0,7.7,33.3,100.0,33.0,11.0,0,0,0,0.0,229,71.1,71.4,78.0,,66.0,40.0,0,26,50.0,1,0,0,66.0,1,34,34,1,1,3,0,26,12,0.8,26.0
Joshuah Bledsoe,60691,CB,MISSOURI,12,2,13.3,51.9,97.7,13.0,6.8,0,1,6,11.1,229,59.8,62.5,58.9,65.3,67.3,48.8,0,51,20.0,6,6,1,102.5,28,390,399,5,22,54,4,421,125,1.2,15.0
Tyree Gillespie,60692,S,MISSOURI,12,4,13.3,40.0,96.4,55.0,22.0,0,0,7,46.7,229,75.7,80.0,45.1,76.6,82.8,71.5,0,75,9.1,2,5,1,94.3,6,351,364,3,16,15,1,132,92,0.4,22.0
Cameron Kinley,60699,CB,NAVY,13,1,12.5,52.2,91.5,12.1,6.3,2,0,4,8.7,237,60.6,59.4,86.3,61.4,52.0,59.3,0,61,9.5,2,2,3,109.2,24,301,329,4,18,46,4,383,158,1.3,16.0
Jake Springer,60700,LB,NAVY,13,3,3.6,70.3,63.5,9.0,6.3,1,1,2,5.4,237,73.9,72.4,71.4,73.2,64.2,57.6,0,31,17.2,5,2,3,102.5,26,238,375,20,21,37,2,212,141,0.9,8.2
Johnny Hernandez,60701,S,NEW MEXICO,10,3,11.5,54.2,98.8,18.6,10.1,0,2,2,8.3,241,39.7,41.4,86.1,72.0,44.0,32.0,0,76,28.0,7,2,0,138.9,13,255,258,3,15,24,5,355,203,1.5,27.3
Nico Bolden,60704,S,NEW MEXICO,5,1,15.0,50.0,92.3,11.3,5.7,0,0,0,0.0,241,48.1,59.1,81.9,57.8,72.2,55.4,0,57,28.6,2,0,0,95.8,3,36,39,0,4,6,0,84,61,2.5,28.0
Tyreke Davis,60707,LB,N TEXAS,12,4,1.0,75.8,76.6,11.2,8.5,0,0,1,3.0,251,81.8,73.4,87.1,71.3,61.3,57.7,0,18,20.0,7,1,0,90.7,25,298,389,16,24,33,1,122,137,0.4,4.9
Makyle Sanders,60708,S,N TEXAS,10,3,11.3,51.4,99.3,15.6,8.0,0,2,5,14.3,251,65.5,65.7,46.8,59.0,67.1,69.7,1,52,18.2,4,4,1,72.6,18,296,298,4,15,35,1,252,132,0.9,14.0
Jordan Genmark Heath,60719,LB,NOTRE DAME,6,0,5.0,100.0,81.0,7.5,7.5,0,0,0,0.0,258,44.8,49.2,77.1,55.1,54.9,44.7,0,24,,0,0,0,118.8,2,17,21,0,0,2,0,33,23,2.2,16.5
Michael Ballentine,60720,S,OHIO,5,0,6.0,100.0,100.0,21.0,21.0,0,0,1,100.0,259,78.8,72.2,74.6,,51.0,40.8,0,9,0.0,0,1,0,104.2,1,21,21,0,1,1,0,9,3,0.4,9.0
Alvin Floyd,60721,S,OHIO,6,1,15.5,100.0,97.4,9.0,9.0,0,0,0,0.0,259,61.4,64.7,0.0,60.0,80.6,86.5,1,24,0.0,0,0,1,118.8,4,37,38,0,4,4,1,69,15,1.9,17.3
Isaiah Pryor,60724,S,OHIO STATE,4,0,,,100.0,,,0,0,0,,260,66.6,66.7,76.3,,63.0,76.4,0,,0.0,0,0,0,0.0,0,22,22,0,1,0,0,0,0,0.0,
Brendon White,60725,LB,OHIO STATE,11,0,7.1,66.7,95.7,8.6,5.7,0,0,1,6.7,260,78.3,74.8,78.1,71.2,64.2,80.2,0,9,10.0,1,1,0,71.0,10,90,94,5,9,15,0,48,27,0.6,4.8
Robert Barnes,60726,S,OKLAHOMA,4,1,18.0,66.7,100.0,13.5,9.0,0,0,0,0.0,261,43.5,51.3,76.6,,75.4,84.1,0,39,0.0,0,0,0,149.3,2,29,29,0,2,3,1,50,9,1.9,25.0
Ryan Jones,60728,LB,OKLAHOMA,7,0,1.3,66.7,84.1,26.0,17.3,0,0,1,33.3,261,63.2,50.9,0.0,57.8,44.5,69.0,1,5,,0,1,1,30.6,2,58,69,0,0,3,0,2,0,0.0,1.0
Malcolm Rodriguez,60731,LB,OKLA STATE,13,2,7.6,79.3,83.6,14.8,11.7,0,0,3,10.3,262,67.2,72.1,83.4,59.4,76.7,60.1,1,29,17.2,5,3,0,112.1,23,362,433,9,22,29,2,256,94,0.8,11.1
Nick Pickett,60736,S,OREGON,14,3,5.3,61.9,99.8,30.0,18.6,0,1,4,19.0,264,77.2,74.4,40.2,60.0,67.7,70.7,1,11,11.5,3,3,2,82.2,13,414,415,4,20,21,2,84,47,0.2,6.5
Drew Hartlaub,60737,S,PENN STATE,3,0,,,100.0,,,0,0,0,,266,65.4,68.1,72.1,,60.0,75.1,0,,0.0,0,0,0,0.0,0,8,8,1,1,0,0,0,0,0.0,
Justin Neff,60738,S,PENN STATE,2,0,,,100.0,,,0,0,0,,266,63.6,65.3,72.1,,63.0,75.3,0,,,0,0,0,0.0,0,7,7,0,0,0,0,0,0,0.0,
Jonathan Sutherland,60739,S,PENN STATE,10,0,8.4,71.4,98.9,18.0,12.9,0,0,0,0.0,266,63.5,67.3,80.1,60.0,73.6,76.4,0,38,0.0,0,0,0,113.7,5,94,95,2,6,7,0,89,45,1.0,17.8
Darren Hall,60742,CB,S DIEGO ST,12,4,12.1,54.1,96.9,10.7,5.8,0,1,13,17.6,284,74.4,74.8,85.5,68.8,67.1,75.3,1,53,5.1,2,10,1,77.9,40,445,459,9,33,74,2,486,129,1.1,12.2
Tariq Thompson,60743,CB,S DIEGO ST,13,5,8.2,61.8,98.9,10.7,6.6,0,0,6,7.9,284,80.2,81.5,90.8,94.0,71.5,36.1,4,41,26.7,16,5,0,58.9,47,522,528,20,39,76,1,416,220,0.8,8.9
Delano Robinson,60745,LB,SMU,11,3,6.3,72.7,86.5,13.3,9.7,0,1,1,3.0,287,47.3,47.3,0.0,64.5,50.9,67.9,0,33,16.7,4,1,5,91.5,24,339,392,9,17,33,0,228,143,0.7,9.5
A.J. DeShazor Jr.,60748,LB,S ALABAMA,12,2,1.7,66.7,91.5,18.7,12.4,0,0,0,0.0,288,78.2,78.1,89.8,50.7,80.1,79.7,1,14,12.5,2,0,0,71.3,12,236,258,3,12,18,1,79,89,0.4,6.6
Sterrling Fisher,60749,LB,S ALABAMA,10,2,3.5,87.5,81.3,8.9,7.8,0,0,0,0.0,288,63.3,65.4,83.9,58.5,67.9,62.6,1,22,0.0,0,0,0,65.6,7,65,80,0,2,8,0,74,60,1.2,10.6
La'Kendrick Van Zandt,60760,LB,TCU,5,1,10.0,66.7,87.7,10.2,6.8,0,0,1,11.1,305,60.0,66.0,77.4,67.1,71.7,54.6,1,35,33.3,1,1,0,99.3,6,64,73,0,1,9,2,90,52,1.5,15.0
Garret Wallow,60761,LB,TCU,12,3,3.3,82.1,88.8,15.8,13.0,0,0,0,0.0,305,81.9,68.4,85.5,70.8,52.3,70.0,1,30,7.9,3,0,2,72.8,23,388,437,20,32,28,0,141,105,0.4,6.1
Kyle Nixon,60764,S,TROY,7,1,9.9,57.1,98.7,17.8,10.1,0,0,1,14.3,318,66.4,60.3,81.5,72.6,42.9,26.4,1,16,28.6,2,1,0,71.1,4,78,79,3,4,7,1,36,14,0.5,9.0
Tirise Barge,60767,LB,TULANE,9,0,4.0,85.7,63.4,4.2,3.6,0,0,0,0.0,319,54.7,69.9,78.9,62.6,81.0,58.0,0,15,20.0,1,0,1,91.7,6,26,41,2,4,7,0,42,19,1.7,7.0
Quentin Brown,60769,LB,TULANE,2,0,12.0,100.0,86.7,13.0,13.0,0,0,0,0.0,319,54.5,59.2,72.9,59.2,65.1,79.0,0,13,,0,0,0,118.8,1,13,15,0,0,1,0,13,1,1.0,13.0
Chase Kuerschen,60770,S,TULANE,12,7,10.4,64.3,98.0,17.9,11.5,0,0,2,7.1,319,57.1,60.1,52.6,59.6,65.1,54.2,2,75,17.1,7,2,1,108.9,18,336,343,8,27,28,4,292,159,0.9,16.2
Will Boler,60771,S,UAB,14,3,13.0,48.8,98.3,24.8,12.1,0,2,9,22.0,321,80.5,80.5,6.1,78.4,80.2,72.9,2,64,17.6,6,8,4,74.9,20,534,543,10,25,41,3,277,119,0.6,13.9
Kobe Griffin,60777,LB,UAB,10,3,0.8,69.2,98.9,9.8,6.8,0,1,1,7.7,321,54.5,61.9,81.1,59.5,74.2,49.9,0,21,42.9,3,1,0,111.1,9,92,93,0,1,13,1,80,89,0.9,8.9
Bubba Bolden,60779,S,MIAMI FL,5,0,21.8,40.0,95.3,38.5,15.4,0,0,1,20.0,220,72.5,70.4,80.7,60.8,62.1,65.1,1,67,0.0,0,1,1,47.9,2,81,85,2,5,5,0,74,45,1.0,37.0
Richard Hagestad,60780,S,USC,1,0,,,100.0,,,0,0,0,,326,63.1,63.0,71.2,,60.0,,0,,,0,0,0,0.0,0,6,6,0,0,0,0,0,0,0.0,
Isaiah Pola-Mao,60781,S,USC,13,3,9.3,68.8,95.8,20.6,14.2,0,1,1,3.1,326,72.7,63.7,56.0,74.0,44.9,85.0,4,33,3.2,1,1,1,67.2,22,479,500,7,27,32,1,284,160,0.6,12.9
Derrek Pitts Jr.,60785,S,MARSHALL,2,0,5.0,50.0,96.4,26.0,13.0,0,0,0,0.0,214,67.3,62.0,0.0,59.5,61.3,69.0,0,4,0.0,0,0,1,56.3,1,27,28,1,2,2,0,4,0,0.2,4.0
Exree Loe,60790,LB,W VIRGINIA,12,4,3.8,75.0,83.3,16.0,12.0,0,0,2,16.7,343,67.7,67.4,0.7,56.2,73.2,68.9,0,21,14.3,2,2,2,92.0,9,150,180,2,8,12,0,79,50,0.5,8.8
Scott Nelson,60791,S,WISCONSIN,1,0,22.0,0.0,100.0,,5.7,0,1,0,0.0,349,33.0,47.5,75.1,,77.0,80.4,0,,,0,0,0,39.6,0,17,17,0,0,3,0,0,0,0.0,
Tyler Mais,60792,S,WISCONSIN,5,0,,,92.6,,,0,0,0,,349,66.2,67.2,74.6,58.8,67.1,73.1,0,,,0,0,0,0.0,0,25,27,0,0,0,0,0,0,0.0,
Esaias Gandy,60793,LB,WYOMING,9,0,3.0,25.0,80.0,43.0,10.8,0,0,1,25.0,351,74.2,79.4,81.1,58.3,82.1,82.7,0,3,0.0,0,1,0,39.6,1,44,55,3,5,4,0,3,5,0.1,3.0
Dylan Meeks,60832,ED,AKRON,11,1,,,0.5,,,1,0,0,,102,58.4,65.8,62.2,56.1,70.8,74.1,0,,0.0,0,0,1,0.0,0,1,198,3,3,0,0,0,0,0.0,
Ben Moos,60867,ED,CAL,1,0,2.0,100.0,60.0,3.0,3.0,0,0,0,0.0,130,63.6,57.5,76.0,57.4,53.3,73.1,0,7,0.0,0,0,0,95.8,1,3,5,0,1,1,0,7,5,2.3,7.0
Jack Camper,60962,ED,MICH STATE,5,0,,,6.7,,,0,0,0,,223,60.0,50.1,77.3,60.9,46.0,29.9,0,,,0,0,0,0.0,0,1,15,0,0,0,0,0,0,0.0,
Keion White,60998,ED,DOMINION,12,2,3.3,66.7,5.1,8.0,5.3,1,0,0,0.0,263,71.3,84.8,0.0,83.7,87.8,64.3,1,7,22.2,2,0,10,34.7,2,16,312,6,5,3,0,12,8,0.8,6.0
Noah Igbinoghene,61155,CB,AUBURN,13,0,11.3,52.2,98.4,13.1,6.8,1,1,11,15.9,115,69.0,71.3,86.4,56.0,79.1,74.8,0,47,11.8,4,6,5,84.1,36,504,512,7,30,69,2,478,204,1.0,13.3
R.J. Sneed II,61166,WR,BAYLOR,1,0,,,100.0,,,0,0,0,,118,60.0,62.4,60.0,,,,0,,,0,0,4,0.0,0,1,1,0,0,0,0,0,0,0.0,
Mark Webb Jr.,61274,CB,GEORGIA,14,4,6.8,67.9,91.5,9.4,6.4,2,1,4,7.5,173,69.9,71.2,89.4,57.6,77.4,90.4,0,60,3.0,1,2,3,107.1,36,356,389,11,28,53,3,376,217,1.1,10.4
DJ Render,61350,CB,KANSAS ST,1,0,22.0,0.0,100.0,,3.0,0,0,0,0.0,199,61.9,62.5,69.8,,,,0,,,0,0,0,39.6,0,3,3,0,0,1,0,0,0,0.0,
Zach Jackson,61387,WR,LA MONROE,1,0,-1.0,100.0,100.0,1.0,1.0,0,0,0,0.0,209,60.0,79.3,60.0,,,,0,4,,0,0,3,83.3,1,1,1,0,0,1,0,4,5,4.0,4.0
JaCoby Stevens,61402,S,LSU,15,3,8.4,77.6,87.2,12.8,9.9,0,0,4,8.2,211,55.0,62.9,26.3,71.8,71.8,81.3,3,51,9.7,3,3,8,88.7,38,518,594,12,25,49,1,479,238,1.0,12.6
Tahj Capehart,61416,CB,MARYLAND,5,0,4.8,50.0,70.8,8.0,4.0,0,0,0,0.0,215,70.4,64.3,79.7,58.3,54.5,47.3,0,10,0.0,0,0,0,56.3,2,17,24,2,1,4,0,10,3,0.6,5.0
Tyson Williams,61499,S,NEVADA,13,4,11.9,59.1,95.1,15.1,8.9,0,1,7,15.9,239,57.7,58.0,61.8,59.1,58.5,45.1,1,37,17.1,6,4,1,91.0,26,404,425,5,25,44,2,359,184,0.9,13.8
Daiyan Henley,61500,S,NEVADA,1,0,,,66.7,,,0,0,0,,239,62.8,65.0,92.0,57.7,65.9,80.5,0,,,0,0,0,0.0,0,4,6,0,0,0,0,0,0,0.0,
Markel Davis,61556,CB,OHIO,2,0,,,100.0,,,0,0,0,,259,61.0,62.4,68.5,,60.0,,0,,,0,0,0,0.0,0,2,2,0,0,0,0,0,0,0.0,
CeeDee Lamb,61570,WR,OKLAHOMA,1,0,,,100.0,,,1,0,0,,261,60.0,62.9,60.0,,60.0,,0,,,0,0,6,0.0,0,1,1,0,0,0,0,0,0,0.0,
A.J. Brooks,61751,CB,UAB,14,1,9.3,60.0,99.4,10.5,6.3,0,0,6,24.0,321,63.7,62.3,8.8,60.0,60.0,49.5,0,35,18.2,2,3,2,97.1,15,171,172,2,8,25,1,190,83,1.2,12.7
Drew Tejchman,61767,S,UNLV,3,0,15.5,100.0,98.9,41.0,41.0,0,0,0,0.0,325,68.6,69.3,0.0,60.0,75.5,90.0,0,17,0.0,0,0,1,118.8,2,90,91,0,7,2,0,31,0,0.4,15.5
Bronson Boyd,61776,CB,UTAH,3,1,24.7,33.3,95.2,19.0,6.3,0,0,0,0.0,328,47.5,47.5,74.5,58.7,60.1,27.9,0,4,50.0,1,0,0,42.4,1,20,21,0,0,3,0,4,2,0.2,4.0
Dadrian Taylor,61789,CB,UTSA,7,0,11.0,60.0,88.0,13.3,8.0,0,0,0,0.0,331,77.6,76.1,82.0,70.9,62.5,61.6,1,45,0.0,0,0,0,64.6,3,44,50,2,4,5,0,65,25,1.6,21.7
Tariq Woolen,61790,WR,UTSA,2,1,11.3,100.0,100.0,5.7,5.7,0,0,0,0.0,331,46.2,42.4,0.0,,54.3,34.7,0,30,33.3,1,0,3,118.8,3,21,21,0,1,3,0,42,8,2.5,14.0
Tyler Mahnke,61791,LB,UTSA,5,0,6.5,50.0,83.3,19.0,9.5,0,0,0,0.0,331,54.2,60.8,76.7,54.4,70.5,42.2,0,11,100.0,1,0,0,106.3,1,20,24,0,0,2,1,11,12,0.6,11.0
Caleb Farley,61803,CB,VA TECH,11,0,15.4,36.0,98.5,20.9,7.5,0,0,12,24.0,337,90.5,86.9,85.8,64.1,49.9,43.7,4,56,20.0,3,9,5,26.8,18,396,402,5,12,50,1,257,88,0.7,14.3
Alex Cook,61805,S,WASHINGTON,4,0,7.0,0.0,100.0,,12.0,0,0,0,0.0,340,66.1,66.1,73.6,,60.8,76.9,0,,0.0,0,0,0,39.6,0,12,12,0,1,1,0,0,0,0.0,
Harrison Taylor,61830,S,W MICHIGAN,4,0,6.5,100.0,100.0,10.0,10.0,0,0,0,0.0,347,67.3,63.5,77.2,,53.6,81.4,1,14,0.0,0,0,0,66.7,2,21,21,0,3,2,0,19,6,1.0,9.5
Deron Harrell,61833,CB,WISCONSIN,8,1,12.2,44.4,98.5,15.8,7.0,0,0,5,27.8,349,60.8,60.3,81.2,59.6,55.6,71.7,0,75,0.0,0,3,0,111.6,8,133,135,0,6,18,2,153,70,1.2,19.1
Lonnie Phelps,62497,ED,MIAMI OH,14,0,,,0.6,,,0,0,0,,221,60.1,71.3,26.4,74.3,64.8,48.2,0,,75.0,3,0,2,0.0,0,1,178,3,1,0,0,0,0,0.0,
Chris Oats,62603,LB,KENTUCKY,12,2,4.1,87.5,93.3,10.5,9.2,0,0,1,6.3,202,65.2,64.8,15.9,50.3,67.3,51.6,0,23,22.7,5,1,1,99.2,14,152,163,9,15,16,0,125,99,0.9,8.9
Joey Blount,62771,S,VIRGINIA,14,7,16.6,56.3,94.8,24.2,13.6,1,1,3,9.4,335,69.0,67.8,28.6,72.9,63.0,52.9,3,59,20.8,10,1,2,68.9,18,456,481,10,31,32,2,293,107,0.7,16.3
Zane Zandier,62773,LB,VIRGINIA,14,5,3.8,70.6,67.8,25.5,18.0,1,0,3,17.6,335,60.5,53.8,35.6,67.3,47.7,45.0,1,47,25.0,6,3,3,108.0,12,325,479,11,13,17,2,132,90,0.4,11.0
Charles Snowden,62775,ED,VIRGINIA,14,2,1.5,78.9,41.1,11.2,8.8,0,0,1,5.3,335,64.8,72.4,79.4,75.6,69.9,89.5,0,17,14.3,3,0,2,98.9,15,179,435,16,16,19,1,67,76,0.4,4.5
Elliott Brown,62777,ED,VIRGINIA,7,0,-1.0,100.0,60.7,7.5,7.5,0,0,0,0.0,335,66.3,71.0,81.7,65.4,68.7,81.9,0,59,0.0,0,0,0,118.8,2,17,28,1,2,2,0,56,58,3.7,28.0
Matt Gahm,62779,ED,VIRGINIA,14,1,3.7,66.7,45.6,13.1,8.8,0,1,1,8.3,335,65.1,68.7,67.9,64.8,70.6,70.1,1,21,33.3,3,1,1,70.5,8,110,241,4,5,12,1,57,43,0.5,7.1
Mandy Alonso,62784,DI,VIRGINIA,14,2,,,0.3,,,0,0,0,,335,63.5,71.4,51.5,69.8,69.2,64.2,0,,0.0,0,0,2,0.0,0,1,332,2,0,0,0,0,0,0.0,
Kaleb Oliver,62915,S,GA TECH,10,3,10.4,51.7,90.0,11.8,6.1,0,1,3,10.3,176,71.5,71.3,51.3,60.9,71.3,72.4,2,47,25.0,2,3,1,69.0,15,190,211,0,3,29,1,286,156,1.6,19.1
Cheyenne Labruzza,62917,S,TENNESSEE,3,0,15.0,100.0,95.0,18.0,18.0,0,0,0,0.0,307,59.1,63.5,76.7,59.5,71.8,76.3,0,15,,0,0,0,118.8,1,19,20,0,0,1,0,15,0,0.8,15.0
Shawn Shamburger,62918,CB,TENNESSEE,13,4,8.0,56.4,90.0,15.6,8.8,0,0,4,10.3,307,73.1,74.3,58.6,72.8,72.4,62.5,1,33,15.0,3,4,1,60.1,22,361,401,6,13,39,0,203,103,0.6,9.2
Theo Jackson,62919,S,TENNESSEE,12,6,6.7,64.7,97.5,20.4,13.2,0,0,2,11.8,307,69.3,69.8,85.2,66.3,68.0,80.9,1,27,10.7,3,2,0,56.7,11,238,244,3,19,17,0,103,69,0.5,9.4
Tre Swilling,62922,CB,GA TECH,12,0,14.1,45.2,98.3,12.0,5.4,3,1,15,24.2,176,53.4,57.2,52.4,76.7,70.2,50.5,1,41,20.0,3,9,9,79.5,28,357,363,4,12,62,4,372,86,1.1,13.3
Jaytlin Askew,62924,CB,GA TECH,6,0,21.0,50.0,100.0,29.0,14.5,0,0,0,0.0,176,64.2,65.9,77.2,,67.7,76.2,0,26,,0,0,0,95.8,1,31,31,0,0,2,0,26,2,0.9,26.0
Deandre Johnson,62927,ED,TENNESSEE,13,0,4.0,100.0,2.9,1.0,1.0,0,0,0,0.0,307,49.7,68.2,46.1,70.7,67.1,53.1,0,4,,0,0,1,83.3,1,3,103,3,0,1,0,4,0,4.0,4.0
Ryan Thaxton,62929,ED,USF,2,0,,,75.0,,,0,0,0,,327,52.6,59.8,74.4,59.2,67.2,45.6,0,,100.0,1,0,0,0.0,0,3,4,0,0,0,0,0,0,0.0,
Kivon Bennett,62934,ED,TENNESSEE,13,0,-2.0,0.0,8.6,,11.0,1,0,0,0.0,307,54.2,69.1,29.7,75.6,63.6,54.6,0,,60.0,3,0,2,39.6,0,15,175,3,2,1,0,0,0,0.0,
Antwan Owens,62938,ED,GA TECH,8,0,,,2.1,,,0,0,0,,176,92.5,69.8,39.2,64.9,67.1,63.3,1,,,0,0,2,0.0,0,3,143,1,0,0,0,0,0,0.0,
Kelton Dawson,62939,ED,GA TECH,10,0,,,6.0,,,0,0,0,,176,65.5,63.4,87.3,56.9,64.4,57.8,0,,0.0,0,0,0,0.0,0,10,166,1,2,0,0,0,0,0.0,
Shanon Reid,62950,LB,TENNESSEE,3,0,13.0,50.0,90.9,28.0,14.0,0,0,0,0.0,307,66.4,65.6,78.3,55.5,63.3,84.7,0,28,0.0,0,0,0,95.8,1,30,33,1,3,2,0,28,7,1.0,28.0
Will Ignont,62951,LB,TENNESSEE,3,0,4.3,66.7,89.6,9.8,6.5,1,0,0,0.0,307,51.6,51.7,0.0,72.2,58.4,52.8,0,12,25.0,1,0,2,79.2,4,43,48,1,3,6,0,31,25,0.8,7.8
Solon Page III,62952,LB,TENNESSEE,4,2,7.5,50.0,88.0,22.0,11.0,0,0,0,0.0,307,52.8,53.6,76.7,55.5,62.6,82.9,0,13,0.0,0,0,0,70.8,1,22,25,0,3,2,0,13,16,0.6,13.0
Bruce Jordan-Swilling,62954,LB,GA TECH,7,0,0.7,100.0,73.6,17.0,17.0,0,0,0,0.0,176,54.2,49.3,82.9,65.1,46.1,63.6,0,14,0.0,0,0,0,109.7,3,53,72,1,3,3,0,31,29,0.6,10.3
Jaquan Henderson,62955,ED,GA TECH,11,1,16.7,33.3,11.1,10.0,3.3,0,1,1,33.3,176,45.7,52.8,85.6,53.1,56.8,77.5,0,54,33.3,1,1,0,81.9,1,10,90,2,1,3,0,54,35,5.4,54.0
LaTrell Bumphus,62977,ED,TENNESSEE,11,1,,,0.9,,,0,0,0,,307,65.1,66.1,83.9,61.1,64.7,84.3,0,,0.0,0,0,0,0.0,0,1,110,5,1,0,0,0,0,0.0,
Avery Showell,62986,S,GA TECH,10,0,10.7,66.7,98.6,31.5,21.0,0,0,1,33.3,176,67.1,66.0,82.5,59.4,62.5,71.5,0,41,25.0,1,1,1,149.3,2,68,69,2,3,3,1,45,23,0.7,22.5
Tariq Carpenter,62987,S,GA TECH,11,2,5.8,79.4,99.3,10.0,8.0,0,1,4,11.8,176,77.4,74.0,86.4,58.4,66.8,77.4,1,22,12.5,4,4,0,116.8,27,287,289,12,26,34,5,186,99,0.7,6.9
DeMarquez Trotter,63032,LB,W KENTUCKY,1,0,,,100.0,,,0,0,0,,346,60.0,71.2,61.2,,60.0,72.3,0,,,0,0,0,0.0,0,1,1,0,0,0,0,0,0,0.0,
Noah Wilder,63376,LB,UAB,13,5,3.3,73.2,90.7,11.5,8.4,0,0,3,7.3,321,65.3,65.5,7.7,66.9,66.2,67.5,0,23,14.3,3,2,4,107.8,30,371,409,11,13,41,2,280,167,0.8,9.3
Kam Butler,63872,ED,MIAMI OH,14,0,,,0.6,,,0,0,0,,221,69.6,67.9,52.9,56.9,74.9,44.0,0,,0.0,0,0,3,0.0,0,3,470,7,4,0,0,0,0,0.0,
Reynard Ellis,64363,LB,GA SOUTHRN,13,0,6.6,86.7,80.4,11.0,9.5,0,3,2,6.7,174,48.1,71.5,82.1,71.5,81.6,57.6,0,57,23.1,6,2,0,140.1,26,299,372,10,20,30,2,369,212,1.3,14.2
Akayleb Evans,65033,CB,TULSA,3,0,10.0,40.0,100.0,15.5,6.2,0,0,2,20.0,320,53.9,54.6,78.0,,57.8,61.2,0,40,16.7,1,1,2,97.5,4,69,69,1,5,10,1,69,38,1.1,17.3
Keylon Stokes,65080,WR,TULSA,1,0,,,100.0,,,1,0,0,,320,60.0,62.4,60.0,,,,0,,,0,0,1,0.0,0,1,1,0,0,0,0,0,0,0.0,
Allie Green IV,65081,CB,TULSA,12,2,10.8,50.0,98.6,10.8,5.4,3,0,7,11.7,320,58.2,58.7,0.0,56.8,78.0,63.5,0,53,20.0,5,2,10,81.7,30,357,362,6,18,60,2,386,179,1.2,12.9
Brenden Young,65084,S,ARKANSAS,3,0,,,100.0,,,0,0,0,,111,62.4,47.6,71.7,,41.2,28.5,0,,,0,0,0,0.0,0,5,5,0,0,0,0,0,0,0.0,
Troy Hairston,65088,ED,C MICHIGAN,14,3,3.0,0.0,2.8,,7.0,0,0,0,0.0,134,61.8,79.8,28.3,76.1,81.6,76.7,0,,33.3,2,0,3,39.6,0,7,246,2,1,1,0,0,0,0.0,
Samuel Womack III,65771,CB,TOLEDO,12,3,12.9,54.2,97.9,9.0,4.9,0,1,15,18.1,316,68.2,66.1,86.8,46.0,56.5,68.8,2,66,11.6,5,9,3,84.0,45,430,439,9,35,83,4,611,207,1.5,13.6
Alex Zayed,65786,LB,LA TECH,13,2,7.6,60.0,89.1,42.3,25.4,0,0,1,20.0,208,66.1,69.6,80.4,53.1,73.1,55.5,0,21,33.3,2,0,0,86.3,3,131,147,1,2,5,0,41,19,0.3,13.7
Xavier Henderson,66267,S,MICH STATE,13,2,7.8,65.8,99.6,18.4,12.1,0,0,3,7.9,223,77.9,72.5,90.1,55.6,57.3,44.6,2,83,15.2,7,2,0,105.2,25,490,492,10,37,38,4,320,208,0.7,12.8
Jeremiah Wood,66274,LB,OHIO,6,0,5.8,50.0,86.2,12.0,6.0,0,0,0,0.0,259,60.7,71.8,73.9,67.2,79.0,66.2,0,18,,0,0,0,68.8,2,25,29,0,0,4,0,24,4,1.0,12.0
Samari Springs,66806,CB,ARIZONA,4,0,7.0,50.0,100.0,12.0,6.0,0,0,0,0.0,109,51.6,54.8,75.0,,66.3,59.9,0,6,33.3,1,0,0,56.3,1,12,12,0,2,2,0,6,2,0.5,6.0
Shaun Lewis,68800,CB,HOUSTON,9,1,19.4,32.1,99.4,16.8,5.4,0,0,4,14.3,182,64.4,65.8,82.4,60.0,69.7,73.4,1,52,14.3,1,3,1,63.7,9,159,160,2,5,28,2,174,44,1.2,19.3
Deven Jarvis,70770,S,FRESNO ST,2,0,6.3,66.7,100.0,12.5,8.3,0,0,0,0.0,169,58.8,59.5,73.1,,61.1,81.0,0,7,0.0,0,0,0,74.3,2,25,25,2,3,3,0,12,3,0.5,6.0
Drake Jackson,70839,ED,USC,11,3,,,4.5,,,0,0,0,,326,75.8,69.6,46.2,63.3,72.3,63.7,0,,20.0,2,0,4,0.0,0,17,376,8,5,0,0,0,0,0.0,
Jayden Williams,70895,CB,USC,1,0,3.5,100.0,100.0,8.5,8.5,0,0,0,0.0,326,62.9,53.5,74.7,,29.9,46.5,0,12,0.0,0,0,0,95.8,2,17,17,2,3,2,0,14,7,0.8,7.0
Tarik Luckett,71171,CB,COLORADO,5,0,17.0,62.5,89.8,15.2,9.5,0,0,0,0.0,143,52.0,53.0,80.0,57.8,58.4,82.5,0,18,0.0,0,0,0,93.8,5,79,88,0,5,8,0,76,9,1.0,15.2
Jeremiah Criddell,71369,S,OKLAHOMA,3,0,6.0,0.0,100.0,,9.0,0,0,0,0.0,261,55.9,52.1,0.0,,65.5,75.1,0,,,0,0,1,39.6,0,10,10,0,0,1,0,0,0,0.0,
Akili Arnold,71406,S,OREGON ST,4,2,8.3,50.0,98.8,25.7,12.8,0,0,0,0.0,265,54.6,58.5,80.9,59.5,72.5,77.3,0,13,8.3,1,0,1,60.4,3,80,81,0,9,6,0,24,10,0.3,8.0
Elijah Juarez,71580,LB,ARIZONA ST,3,1,-3.6,100.0,92.9,2.6,2.6,0,0,0,0.0,110,53.2,46.6,71.9,59.5,45.1,34.6,0,18,33.3,2,0,0,112.5,5,13,14,0,3,5,0,55,73,4.2,11.0
Jaxen Turner,71728,S,ARIZONA,1,0,5.0,100.0,76.9,4.5,4.5,0,0,0,0.0,109,66.7,59.2,0.0,56.3,61.4,40.8,0,13,50.0,1,0,1,95.8,2,10,13,1,1,2,0,14,4,1.6,7.0
Ralen Goforth,72169,LB,USC,5,0,1.0,50.0,85.3,27.0,13.5,0,0,1,50.0,326,70.7,49.4,75.3,57.2,27.1,25.2,0,6,0.0,0,1,0,56.3,1,29,34,0,1,2,0,6,10,0.2,6.0
Chris Steele,72190,CB,USC,12,1,11.9,57.8,99.1,11.3,6.6,1,0,5,11.1,326,66.7,68.4,84.7,53.6,73.7,90.5,0,52,0.0,0,4,2,106.3,26,317,320,3,19,45,3,366,129,1.2,14.1
Trent McDuffie,72191,CB,WASHINGTON,12,2,9.6,60.7,99.3,12.4,7.5,0,1,5,8.9,340,83.7,85.4,87.1,44.8,86.2,90.0,1,39,3.0,1,4,1,94.3,34,436,439,11,30,56,4,339,135,0.8,10.0
Zahran Manley,72425,CB,STANFORD,3,0,0.0,100.0,100.0,19.0,19.0,0,0,0,0.0,300,68.7,65.0,0.0,,63.9,73.5,0,5,0.0,0,0,1,87.5,1,20,20,0,1,1,0,5,5,0.3,5.0
Evan Williams,73864,S,FRESNO ST,8,2,11.4,68.8,99.2,21.7,14.9,0,2,1,6.3,169,66.2,64.4,86.7,59.3,57.7,54.2,1,44,13.3,2,1,0,75.0,11,252,254,3,11,16,0,160,67,0.7,14.5
Max Williams,73985,CB,USC,4,0,6.4,75.0,91.0,11.0,8.3,0,0,1,12.5,326,74.3,76.2,80.7,65.2,74.8,55.8,0,14,40.0,2,1,0,87.5,6,71,78,1,3,8,0,44,29,0.7,7.3
Donte Lindsey,75689,CB,UMASS,7,0,13.7,66.7,100.0,22.8,15.2,0,0,0,0.0,216,65.5,58.7,80.6,,42.7,40.2,0,18,0.0,0,0,0,130.6,4,94,94,0,3,6,2,48,15,0.5,12.0
Elijah Johnson,75690,S,UMASS,4,2,12.4,44.4,92.0,25.0,11.1,0,0,0,0.0,216,46.9,41.0,83.4,57.2,33.4,68.0,0,18,0.0,0,0,0,64.6,4,104,113,0,5,9,0,55,47,0.6,13.8
Justin Lewis,75691,CB,UMASS,2,1,,,100.0,,,0,0,0,,216,59.2,58.3,75.9,,55.8,47.4,0,,0.0,0,0,0,0.0,0,25,25,0,0,0,0,0,0,0.0,
Dajon Owens,75698,CB,COLO STATE,8,1,16.7,36.4,100.0,14.3,5.2,0,0,2,18.2,144,50.8,50.0,79.0,,48.7,53.7,0,29,0.0,0,2,1,64.6,4,60,60,0,1,11,0,85,10,1.5,21.3
Rashad Ajayi,75699,CB,COLO STATE,9,0,16.3,57.9,98.6,11.8,6.8,1,0,3,15.8,144,51.3,49.0,15.0,55.8,47.3,50.6,0,56,28.6,2,3,5,118.8,11,140,142,1,5,19,2,152,30,1.2,13.8
Malcolm Magee,75700,S,COLO STATE,1,0,,,100.0,,,0,0,0,,144,60.0,60.0,63.7,,,,0,,,0,0,0,0.0,0,1,1,0,0,0,0,0,0,0.0,
Logan Stewart,75703,S,COLO STATE,12,2,11.4,70.0,96.7,12.9,9.0,0,0,2,6.7,144,59.3,62.6,87.4,74.0,63.6,67.7,2,40,11.5,3,2,1,77.2,21,290,300,7,21,30,1,241,66,0.9,11.5
Adonis Rufran,75704,CB,COLO STATE,3,0,10.8,66.7,94.4,4.3,2.8,0,0,0,0.0,144,52.3,47.8,72.5,59.2,46.4,48.0,0,29,0.0,0,0,0,136.1,4,17,18,1,3,6,1,56,8,3.3,14.0
Andrew Bird,75707,CB,RICE,10,1,16.7,71.0,100.0,10.0,7.1,1,0,1,3.2,275,56.1,52.6,85.6,,37.3,50.5,1,44,18.2,4,1,1,121.0,22,226,226,3,17,31,2,385,74,1.8,17.5
Jason White,75708,CB,RICE,7,1,9.2,80.0,91.9,13.8,11.0,0,0,0,0.0,275,62.5,60.1,80.2,52.6,52.3,57.1,0,14,12.5,1,0,0,100.8,4,57,62,3,6,5,0,41,4,0.7,10.3
Khoury Bethley,75719,S,HAWAII,15,3,10.7,60.9,100.0,26.8,16.3,0,0,0,0.0,180,69.6,57.2,16.2,,43.2,49.6,2,26,15.6,5,0,2,72.4,14,393,393,6,24,23,2,148,48,0.4,10.6
Kai Kaneshiro,75720,CB,HAWAII,12,4,12.2,51.2,98.8,11.5,5.9,0,0,3,7.3,180,60.9,58.1,86.5,56.9,46.2,40.4,3,36,15.4,4,1,1,53.9,21,250,253,7,18,41,2,230,88,1.0,11.0
Kalamaku Kuewa,75723,CB,HAWAII,1,0,,,100.0,,,0,0,0,,180,62.1,63.5,63.8,,,75.1,0,,0.0,0,0,0,0.0,0,1,1,0,1,0,0,0,0,0.0,
Rome Weber,75728,S,WYOMING,13,5,11.3,36.4,96.8,49.6,18.0,0,1,2,9.1,351,70.9,72.9,90.2,75.7,69.7,55.8,1,23,18.2,6,1,1,44.1,8,417,431,7,22,22,1,82,27,0.2,10.3
Prudy Calderon,75733,S,RICE,10,0,13.7,64.7,97.0,11.3,7.3,0,2,2,11.8,275,47.8,55.0,84.2,64.3,73.4,79.8,0,53,9.1,1,2,0,145.1,11,130,134,1,10,17,4,202,82,1.6,18.4
Damion Dickens,75740,ED,COLO STATE,11,0,,,1.7,,,1,0,0,,144,65.6,65.8,52.7,66.4,62.9,68.2,0,,0.0,0,0,1,0.0,0,2,121,4,2,0,0,0,0,0.0,
Solomon Byrd,75742,ED,WYOMING,12,4,9.3,75.0,6.3,5.3,4.0,0,0,0,0.0,351,57.1,73.3,69.6,76.9,68.6,68.0,0,56,0.0,0,0,1,156.3,3,18,288,9,4,4,1,88,47,5.5,29.3
Shannon Junior II,75748,ED,UMASS,2,0,,,11.9,,,0,0,0,,216,62.9,64.5,80.7,57.4,68.5,75.0,0,,,0,0,0,0.0,0,5,42,1,0,0,0,0,0,0.0,
Uchenna Ezewike,75750,ED,UMASS,3,1,-5.0,100.0,21.4,3.0,3.0,0,0,0,0.0,216,71.3,72.3,75.5,64.7,60.0,74.1,0,-3,0.0,0,0,0,79.2,1,3,14,1,0,1,0,-3,2,-1.0,-3.0
Jonah Kahahawai-Welch,75759,ED,HAWAII,7,0,,,36.4,,,0,0,0,,180,63.4,68.1,77.9,64.8,66.4,46.7,0,,100.0,1,0,0,0.0,0,12,33,0,0,0,0,0,0,0.0,
Derek Thomas,75760,ED,HAWAII,9,0,1.8,62.5,28.1,12.6,7.9,0,1,1,12.5,180,63.7,62.2,62.5,61.3,60.8,78.1,0,21,0.0,0,1,1,79.2,5,65,231,6,10,8,0,48,34,0.8,9.6
Jonah Laulu,75763,ED,HAWAII,13,0,,,2.8,,,0,0,0,,180,72.8,59.6,82.3,56.1,57.5,64.3,0,,0.0,0,0,0,0.0,0,3,106,4,1,0,0,0,0,0.0,
Jan-Phillip Bombek,75769,ED,COLO STATE,10,0,,,6.1,,,0,0,0,,144,69.1,65.1,22.9,78.1,54.0,60.3,0,,0.0,0,0,3,0.0,0,11,180,7,1,0,0,0,0,0.0,
Jacob Doddridge,75787,ED,RICE,4,0,,,7.7,,,0,0,0,,275,60.8,62.3,76.4,55.8,66.7,,0,,,0,0,0,0.0,0,2,26,0,0,0,0,0,0,0.0,
Michael Nesmith,75803,S,UMASS,5,0,6.1,71.4,81.6,6.2,4.4,0,0,0,0.0,216,55.7,51.1,85.9,61.1,45.9,48.5,0,33,0.0,0,0,0,99.1,5,31,38,1,3,7,0,63,21,2.0,12.6
Dequan Jackson,75810,LB,COLO STATE,12,3,0.6,78.6,81.5,19.1,15.0,0,0,0,0.0,144,64.6,61.5,53.8,58.7,59.9,86.6,0,18,12.5,2,0,1,110.7,11,221,271,7,11,14,1,68,78,0.3,6.2
Cam'Ron Carter,75811,LB,COLO STATE,11,2,3.1,73.3,75.6,10.0,7.3,0,0,0,0.0,144,65.8,62.2,41.3,66.7,58.4,75.0,1,62,18.2,2,0,1,91.0,11,118,156,6,7,15,1,120,105,1.1,10.9
Troy Golden,75814,LB,COLO STATE,3,0,,,58.8,,,0,0,0,,144,71.7,67.7,77.0,54.9,61.2,74.8,0,,0.0,0,0,0,0.0,0,10,17,1,1,0,0,0,0,0.0,
Leevi Lafaele,75817,ED,WYOMING,3,0,,,2.6,,,0,0,0,,351,60.0,66.8,78.3,63.1,66.7,29.8,0,,,0,0,0,0.0,0,1,39,0,0,0,0,0,0,0.0,
Chad Muma,75818,LB,WYOMING,13,2,8.3,75.0,82.1,8.0,6.0,0,0,0,0.0,351,59.8,76.7,80.1,90.1,77.3,73.3,0,29,15.4,2,0,0,97.9,12,101,123,9,9,16,0,128,72,1.3,10.7
Antonio Montero,75822,LB,RICE,12,11,5.1,89.7,80.6,9.8,8.8,0,0,2,6.9,275,51.9,63.4,52.6,73.0,66.5,60.8,0,42,7.7,2,2,1,118.2,26,266,330,6,13,29,0,359,236,1.4,13.8
Treshawn Chamberlain,75823,S,RICE,12,4,6.4,70.3,84.4,9.5,6.7,0,0,5,13.5,275,72.7,66.5,53.3,61.6,58.1,57.2,2,57,11.1,3,5,2,75.5,26,260,308,8,20,37,1,252,154,1.0,9.7
Blaze Alldredge,75826,LB,RICE,12,5,4.4,84.4,74.7,10.7,9.1,0,0,0,0.0,275,59.0,67.0,62.8,73.8,65.4,71.3,0,25,23.7,9,0,1,101.2,27,301,403,16,24,32,1,185,94,0.6,6.9
Ikenna Enechukwu,75875,ED,RICE,12,0,0.0,0.0,3.1,,5.0,0,0,0,0.0,275,59.1,50.7,58.9,50.3,53.7,30.9,0,,100.0,3,0,1,39.6,0,5,162,1,0,1,0,0,0,0.0,
Joe Norwood,75905,CB,UMASS,4,0,7.9,60.0,100.0,11.0,6.6,0,0,1,6.7,216,46.0,45.9,83.7,,46.2,44.9,1,30,31.8,7,1,0,77.9,9,103,103,3,15,15,1,113,78,1.1,12.6
Quinn Brinnon,75908,S,COLO STATE,8,0,-1.3,66.7,97.5,18.0,12.0,0,0,0,0.0,144,65.7,65.5,77.8,60.0,64.2,63.3,0,15,0.0,0,0,0,79.9,2,39,40,1,3,3,0,16,18,0.4,8.0
Tywan Francis,75909,S,COLO STATE,7,0,15.1,50.0,100.0,18.3,9.1,0,0,2,25.0,144,69.5,67.6,80.9,,59.5,65.7,0,23,0.0,0,2,0,63.0,4,77,77,3,10,8,0,37,17,0.5,9.3
Trey McBride,75916,TE,COLO STATE,1,0,,,100.0,,,0,0,0,,144,60.0,60.0,64.7,,,,0,,,0,0,4,0.0,0,1,1,0,0,0,0,0,0,0.0,
James Green III,75943,CB,HAWAII,2,0,26.0,0.0,100.0,,9.0,0,0,0,0.0,180,30.6,32.0,72.0,,60.3,,0,,,0,0,1,39.6,0,12,12,0,0,1,0,0,0,0.0,
Chandler Jones,76565,CB,LOUISVILLE,13,1,11.3,57.1,97.9,14.1,8.0,0,0,11,19.6,210,73.8,74.2,86.7,61.2,69.2,55.3,1,24,14.7,5,8,2,88.5,32,463,473,8,28,56,4,301,70,0.7,9.4
Montre Miller,76568,CB,KENT STATE,7,0,10.5,83.3,100.0,5.8,4.8,1,0,1,16.7,201,49.5,54.8,76.4,,66.4,44.4,0,25,40.0,2,0,1,158.3,5,29,29,0,3,6,2,81,48,2.8,16.2
Jeremiah Lewis,76571,CB,DUKE,7,0,23.0,0.0,100.0,,11.0,0,0,2,66.7,154,62.3,62.4,78.5,,61.3,79.8,0,,0.0,0,0,1,39.6,0,34,34,0,1,3,0,0,0,0.0,
Teshaun Smith,76572,CB,NC STATE,5,1,8.6,81.3,100.0,8.7,7.1,0,0,0,0.0,248,60.7,61.4,80.1,,65.3,69.1,0,36,12.5,2,0,1,146.1,13,116,116,4,13,16,2,153,60,1.4,11.8
De'Von Graves,76573,CB,NC STATE,11,2,12.3,61.5,96.9,15.3,9.4,0,0,4,15.4,248,68.3,68.0,85.7,68.7,62.8,36.3,0,31,26.1,6,4,0,93.6,16,253,261,5,15,26,1,171,77,0.7,10.7
Taiyon Palmer,76574,CB,NC STATE,3,0,23.6,40.0,96.2,24.0,9.6,0,0,1,20.0,248,58.5,59.3,76.7,61.9,61.4,26.2,0,40,66.7,2,1,0,127.1,2,51,53,0,1,5,1,75,11,1.6,37.5
Kishawn Miller,76576,CB,NC STATE,12,3,11.7,68.3,97.5,9.3,6.3,1,0,3,7.3,248,60.2,61.7,85.0,62.7,65.4,72.5,0,52,9.1,3,3,5,119.8,28,272,279,6,27,41,3,358,90,1.4,12.8
Mario Goodrich,76578,CB,CLEMSON,11,0,12.2,27.3,97.3,35.3,9.6,0,0,2,18.2,140,76.5,77.7,82.7,54.9,79.8,67.0,1,16,20.0,1,2,0,1.7,3,108,111,1,4,11,0,28,6,0.3,9.3
Elijah Clark,76579,CB,TEMPLE,2,0,6.0,100.0,100.0,3.0,3.0,0,0,0,0.0,306,51.9,54.8,73.9,,62.8,21.4,0,11,100.0,1,0,0,112.5,1,3,3,0,0,1,0,11,5,3.7,11.0
Aaron Adu,76580,CB,TEMPLE,2,0,12.0,100.0,100.0,8.0,8.0,0,0,0,0.0,306,58.3,60.9,72.4,,65.2,78.8,0,16,0.0,0,0,0,118.8,1,8,8,0,2,1,0,16,4,2.0,16.0
Chauncey Moore,76581,CB,TEMPLE,2,0,13.0,100.0,100.0,3.0,3.0,0,0,0,0.0,306,61.9,64.8,74.4,,64.3,73.5,0,26,,0,0,0,118.8,1,3,3,0,0,1,0,26,13,8.7,26.0
Arquon Bush,76582,CB,CINCINNATI,11,1,15.1,44.7,99.7,17.3,7.7,0,0,6,15.8,138,64.4,65.6,45.5,58.6,71.6,56.7,0,36,16.7,2,5,3,71.4,17,312,313,2,9,38,1,212,74,0.7,12.5
Taj Ward,76583,S,CINCINNATI,11,0,15.7,71.4,100.0,13.1,9.4,0,0,0,0.0,138,58.5,57.0,86.3,,50.8,59.0,0,39,11.1,1,0,0,137.5,10,141,141,2,8,14,1,205,50,1.6,20.5
Ar'mani Johnson,76586,CB,SMU,12,2,17.8,47.5,99.2,13.1,6.2,0,0,12,20.3,287,80.0,79.5,46.5,66.2,70.9,90.0,2,40,2.9,1,7,2,88.3,28,386,389,9,31,59,6,381,45,1.0,13.6
Treveon Johnson,76587,CB,SMU,1,0,,,100.0,,,0,0,0,,287,62.9,63.6,69.2,,60.0,,0,,,0,0,0,0.0,0,4,4,0,0,0,0,0,0,0.0,
Tanner McCalister,76591,S,OKLA STATE,12,2,10.7,65.4,94.4,12.3,8.0,0,0,3,11.5,262,47.8,50.8,86.0,58.4,58.0,62.2,0,28,10.0,2,0,2,130.4,17,221,234,2,16,26,3,221,57,1.1,13.0
John Gregory,76593,CB,OHIO,2,0,24.5,0.0,100.0,,3.0,0,0,0,0.0,259,82.7,82.7,72.4,,61.4,,1,,,0,0,0,0.0,0,6,6,0,0,2,0,0,0,0.0,
Byron Hanspard Jr.,76595,CB,BAYLOR,3,0,16.8,25.0,100.0,20.0,5.0,0,0,1,25.0,118,48.7,55.1,74.6,,70.6,76.4,0,11,,0,0,0,39.6,1,22,22,0,0,4,0,11,0,0.6,11.0
Mark Milton,76596,CB,BAYLOR,6,0,7.0,50.0,100.0,24.5,12.3,0,0,0,0.0,118,57.4,60.4,78.2,,70.6,81.2,0,6,0.0,0,0,0,56.3,2,52,52,0,2,4,0,12,7,0.2,6.0
JayVeon Cardwell,76597,CB,OKLA STATE,2,0,9.0,50.0,100.0,8.5,4.3,0,0,0,0.0,262,61.5,61.7,72.9,,60.0,21.7,0,20,100.0,1,0,0,70.8,2,17,17,0,0,4,0,26,18,1.5,13.0
Corione Harris,76600,CB,KANSAS,7,3,13.6,60.9,100.0,8.3,5.0,0,0,2,8.7,198,56.1,57.8,81.7,,63.5,63.4,0,28,16.7,2,1,1,93.9,14,124,124,0,7,23,1,147,35,1.3,10.5
Elijah Jones,76601,CB,KANSAS,5,0,7.8,75.0,98.0,7.8,5.9,0,0,1,12.5,198,66.0,63.5,78.5,60.0,55.5,44.1,0,20,14.3,1,0,0,95.3,6,48,49,0,6,8,0,59,23,1.3,9.8
Ricky Thomas Jr.,76602,S,KANSAS,12,2,10.6,64.3,100.0,15.4,9.9,0,0,1,7.1,198,55.6,59.8,84.6,,71.9,88.2,1,51,0.0,0,1,0,104.8,9,148,148,0,12,14,2,132,35,0.9,14.7
Capone Blue,76604,CB,KENT STATE,1,0,,,66.7,,,0,0,0,,201,62.0,64.7,71.0,60.0,64.8,74.3,0,,,0,0,0,0.0,0,2,3,0,0,0,0,0,0,0.0,
Jeremiah Salaam,76605,S,KENT STATE,11,2,10.2,68.4,99.6,17.2,11.8,0,0,3,15.8,201,61.3,57.0,87.4,59.5,45.8,55.2,0,31,22.2,4,2,0,129.1,13,244,245,3,12,19,2,159,71,0.7,12.2
Jalynn Williams,76606,S,TOLEDO,12,0,8.2,75.0,90.1,8.1,6.1,0,0,0,0.0,316,59.6,67.6,17.9,70.0,77.9,75.7,0,27,8.3,1,0,1,96.4,12,100,111,4,11,16,0,122,50,1.3,10.2
Jordan Hendy,76607,CB,TOLEDO,9,1,14.1,57.1,100.0,10.3,5.9,0,0,1,14.3,316,64.4,59.1,78.6,,42.8,58.7,1,40,0.0,0,0,2,62.2,4,45,45,0,4,7,0,92,35,2.2,23.0
Desmond Bernard,76609,S,TOLEDO,1,0,,,100.0,,,0,0,0,,316,60.0,62.5,69.6,,60.7,,0,,,0,0,0,0.0,0,1,1,0,0,0,0,0,0,0.0,
Devin Haney,76611,CB,N ILLINOIS,8,2,12.1,63.0,100.0,6.6,4.2,0,0,1,3.7,254,44.3,49.3,81.3,,72.3,60.2,1,41,21.1,4,1,1,96.8,17,117,117,1,13,27,1,294,86,2.6,17.3
Antwain Walker,76613,CB,N ILLINOIS,3,1,12.6,30.8,100.0,14.0,4.3,0,0,1,7.7,254,51.9,56.3,78.4,,65.9,60.0,0,23,33.3,1,1,3,43.4,4,61,61,0,1,13,0,49,30,0.9,12.3
Tyler Potts,76616,CB,BALL ST,11,0,14.4,50.0,98.7,12.0,6.0,0,0,3,25.0,117,62.2,64.2,79.6,58.7,71.4,70.3,1,51,14.3,1,1,2,84.0,6,78,79,2,6,12,2,102,7,1.4,17.0
Gerald Smith,76617,CB,BALL ST,2,0,14.5,50.0,93.3,14.0,7.0,0,0,0,0.0,117,60.3,64.4,75.3,66.8,62.0,,0,8,,0,0,0,60.4,1,14,15,0,0,2,0,8,2,0.6,8.0
Amechi Uzodinma II,76619,CB,BALL ST,12,0,17.2,46.8,99.8,14.3,6.7,1,1,12,19.4,117,71.7,68.9,85.6,58.1,52.6,39.5,5,64,10.0,3,11,3,40.1,29,431,432,4,27,62,0,485,121,1.2,16.7
Justin Birchette,76620,CB,OHIO,6,2,18.1,21.4,97.9,15.0,3.2,0,0,5,35.7,259,63.8,61.9,0.0,59.3,66.2,83.8,0,38,0.0,0,4,1,66.4,3,47,48,1,7,14,1,52,14,1.2,17.3
Elmore Hempstead Jr.,76621,CB,KANSAS,7,1,14.5,30.8,98.4,15.0,4.6,0,1,6,46.2,198,78.7,74.1,79.5,59.1,54.1,51.6,0,14,22.2,2,4,2,40.2,4,62,63,1,6,13,0,28,5,0.5,7.0
A.J. Lytton,76623,CB,FLORIDA ST,9,0,13.3,55.6,100.0,18.8,10.4,0,0,0,0.0,167,66.3,70.1,81.2,,80.3,66.2,0,13,16.7,1,0,3,66.4,5,103,103,3,5,9,0,39,12,0.4,7.8
Jaiden Woodbey,76624,LB,FLORIDA ST,4,2,4.7,63.6,87.3,19.4,12.4,0,0,2,18.2,167,59.7,57.7,85.1,63.2,52.9,76.3,0,13,0.0,0,1,0,72.2,7,144,165,1,5,11,0,45,21,0.3,6.4
Asante Samuel Jr.,76625,CB,FLORIDA ST,12,3,12.7,50.7,98.7,13.1,6.6,0,3,14,20.9,167,78.7,76.9,56.0,51.4,67.7,65.8,1,74,8.7,4,9,3,75.0,34,469,475,14,39,67,2,432,105,1.0,12.7
Isaiah Bolden,76626,CB,FLORIDA ST,9,0,10.3,55.6,98.6,6.3,3.5,0,0,1,5.6,167,49.8,52.2,79.2,59.1,67.5,64.0,1,28,25.0,2,1,1,86.6,10,68,69,2,6,18,2,105,35,1.7,10.5
Marquis Williams,76627,CB,PITTSBURGH,2,0,15.8,83.3,100.0,2.2,1.8,0,0,0,0.0,268,38.0,40.7,72.1,,64.0,79.3,0,50,0.0,0,0,0,154.9,5,11,11,2,3,6,1,70,9,6.4,14.0
Erick Hallett,76631,CB,PITTSBURGH,9,1,12.5,47.6,93.6,11.1,5.3,0,0,2,9.5,268,58.7,61.3,82.2,57.9,72.7,68.7,0,41,22.2,2,2,0,69.1,10,117,125,3,6,21,0,138,44,1.2,13.8
Elijah Jones,76632,CB,BOSTON COL,11,0,10.4,61.1,99.0,18.3,11.2,0,0,1,5.6,121,65.2,62.2,83.6,55.2,45.5,55.7,0,29,14.3,3,1,1,103.2,11,204,206,5,18,18,1,137,45,0.7,12.5
Aaron Gethers,76633,CB,BOSTON COL,3,0,,,100.0,,,0,0,0,,121,60.9,62.1,74.9,,63.4,73.5,0,,0.0,0,0,0,0.0,0,12,12,1,1,0,0,0,0,0.0,
Jason Maitre,76634,CB,BOSTON COL,11,0,14.5,60.0,99.6,10.1,6.1,1,1,6,15.0,121,57.2,57.4,84.2,58.9,57.4,69.2,1,85,9.1,2,5,4,111.3,24,257,258,3,20,40,3,428,187,1.8,17.8
Kenneth Dicks III,76635,CB,WAKE,3,0,0.0,66.7,86.7,6.5,4.3,0,0,0,0.0,339,50.4,53.1,78.9,58.2,58.3,53.3,0,14,,0,0,0,86.8,2,13,15,0,0,3,0,21,29,1.6,10.5
Zion Keith,76637,S,WAKE,6,0,8.8,100.0,86.5,8.0,8.0,0,0,0,0.0,339,47.9,54.8,77.3,61.2,72.2,60.6,0,55,50.0,1,0,0,118.8,4,32,37,0,1,4,0,74,39,2.3,18.5
Nasir Greer,76638,S,WAKE,12,1,8.3,78.6,97.4,16.2,12.8,0,0,2,7.1,339,73.4,74.6,16.6,85.3,74.1,53.8,1,33,27.0,10,1,2,125.0,22,368,378,5,26,28,3,252,100,0.7,11.5
Brendan Radley-Hiles,76640,S,OKLAHOMA,14,6,6.4,68.8,93.1,15.3,10.5,0,0,2,6.3,261,63.7,59.3,4.9,56.4,55.4,43.9,2,26,14.3,4,1,4,75.3,22,366,393,4,18,32,1,242,138,0.7,11.0
Andre Cisco,76641,S,SYRACUSE,9,5,8.7,72.2,100.0,11.2,8.1,0,1,5,13.9,304,61.0,58.0,88.0,,51.1,68.6,5,90,9.4,3,5,0,105.8,26,304,304,4,24,36,6,376,178,1.3,14.5
Trill Williams,76643,CB,SYRACUSE,11,2,9.0,64.1,94.7,11.7,7.5,0,0,2,5.1,304,66.2,68.5,46.6,67.0,75.6,61.3,1,64,19.2,5,2,3,98.7,25,302,319,4,19,39,2,344,165,1.2,13.8
DeAndre Hollins,76647,CB,N CAROLINA,11,0,10.1,50.0,96.9,11.2,5.6,0,0,5,15.6,245,54.6,56.4,82.8,53.7,67.1,86.6,0,48,0.0,0,3,4,80.6,16,187,193,2,10,32,1,203,40,1.1,12.7
Graham Eklund,76648,CB,N CAROLINA,1,0,23.0,100.0,100.0,5.0,5.0,0,0,0,0.0,245,48.1,49.6,73.3,,60.3,74.8,0,26,0.0,0,0,0,118.8,1,5,5,0,1,1,0,26,3,5.2,26.0
Javon Terry,76649,CB,N CAROLINA,2,0,9.0,100.0,91.7,11.0,11.0,0,0,0,0.0,245,65.7,69.8,73.7,71.9,60.0,73.0,0,9,,0,0,0,104.2,1,11,12,1,0,1,0,9,0,0.8,9.0
Trey Morrison,76650,CB,N CAROLINA,10,2,14.6,53.3,99.6,10.5,5.6,1,0,3,6.7,245,61.0,61.9,84.3,60.0,63.7,67.3,1,41,8.7,2,1,5,62.4,24,263,264,5,19,45,0,271,61,1.1,11.3
Damel Hickman,76651,CB,E CAROLINA,1,0,,,100.0,,,0,0,0,,156,60.0,60.9,67.1,,60.0,,0,,,0,0,0,0.0,0,1,1,0,0,0,0,0,0,0.0,
Jaylon King,76652,S,GA TECH,9,0,3.0,60.0,95.9,14.3,8.6,0,0,1,20.0,176,48.1,56.2,79.9,58.6,69.0,29.8,0,12,62.5,5,1,1,77.1,3,47,49,0,3,5,0,30,25,0.7,10.0
Zamari Walton,76654,CB,GA TECH,11,1,13.9,64.5,99.6,12.3,7.9,0,0,4,12.9,176,61.1,60.0,10.6,60.0,61.6,41.5,0,62,24.0,6,2,3,125.6,20,261,262,5,18,31,3,279,96,1.1,14.0
Juanyeh Thomas,76655,S,GA TECH,12,2,5.5,73.1,98.9,13.4,9.8,0,0,3,11.5,176,80.8,80.0,47.1,58.1,77.1,77.6,1,26,8.3,3,3,1,89.9,19,269,272,10,31,26,1,188,122,0.7,9.9
Heskin Smith,76658,CB,VIRGINIA,5,0,15.5,62.5,92.9,6.9,4.3,0,0,4,12.5,335,47.8,52.0,81.1,56.4,66.9,73.9,0,56,7.1,1,2,1,138.8,20,145,156,0,13,32,4,346,66,2.5,17.3
Chamarri Conner,76662,CB,VA TECH,13,3,11.2,54.8,87.1,10.4,5.7,1,1,6,9.7,337,72.4,74.1,33.9,76.1,72.2,66.4,1,47,15.9,7,5,3,89.5,34,370,425,18,34,62,4,401,123,1.1,11.8
Armani Chatman,76663,CB,VA TECH,9,3,14.6,66.7,98.8,10.7,7.1,0,1,5,23.8,337,75.3,72.5,17.1,57.6,61.4,67.7,0,30,12.5,2,4,2,127.0,14,158,160,4,11,21,4,150,36,1.0,10.7
Jermaine Waller,76664,CB,VA TECH,12,0,16.2,39.2,97.3,20.9,8.2,0,0,16,31.4,337,84.5,81.8,46.0,68.8,69.0,66.9,3,58,9.5,2,8,4,57.6,20,436,448,4,19,51,4,260,63,0.6,13.0
Tanner Ingle,76667,S,NC STATE,11,3,6.1,76.6,93.6,10.9,8.4,0,0,3,6.4,248,44.1,53.4,28.6,86.4,61.5,41.5,0,51,20.5,8,3,2,119.5,36,409,437,12,28,47,3,364,202,0.9,10.1
Gilbert Frierson,76668,S,MIAMI FL,13,1,7.7,47.4,89.4,10.6,5.0,0,1,2,10.5,220,66.0,64.7,78.8,56.2,62.8,43.5,1,65,33.3,2,2,1,52.5,9,101,113,0,3,19,0,150,76,1.6,16.7
Al Blades Jr.,76669,CB,MIAMI FL,13,1,13.1,43.9,98.1,16.8,7.4,0,0,6,14.6,220,70.6,66.6,42.5,50.2,52.9,44.5,2,39,18.2,4,5,2,42.7,18,317,323,7,17,41,0,240,104,0.8,13.3
DJ Ivey,76670,CB,MIAMI FL,12,0,12.4,60.5,99.1,13.3,8.0,0,0,1,2.6,220,50.9,52.0,85.2,52.4,58.2,58.1,3,49,14.8,4,1,1,84.0,23,322,325,13,23,38,3,347,119,1.1,15.1
Gurvan Hall Jr.,76671,S,MIAMI FL,13,5,10.5,58.8,90.1,17.3,10.1,0,1,4,11.8,220,74.4,76.2,55.3,74.5,74.6,73.8,1,20,12.2,5,3,1,88.4,20,366,406,9,31,34,3,164,52,0.5,8.2
Caleb Clear,76673,CB,NAVY,1,0,,,100.0,,,0,0,0,,237,61.5,60.9,71.2,,58.7,28.1,0,,,0,0,0,0.0,0,2,2,0,0,0,0,0,0,0.0,
Michael McMorris,76674,CB,NAVY,13,3,10.4,57.4,98.1,11.2,6.4,0,2,10,18.5,237,72.0,75.4,85.7,57.6,85.6,65.7,1,53,14.3,5,7,2,81.9,31,358,365,8,27,54,2,355,198,1.0,11.5
Mitchell West,76676,S,NAVY,2,1,0.0,100.0,100.0,4.0,4.0,0,0,0,0.0,237,53.3,55.0,72.0,,60.1,74.8,0,9,0.0,0,0,0,104.2,1,4,4,0,0,1,0,9,9,2.3,9.0
Daniel Taylor,76679,CB,NAVY,6,0,8.8,50.0,96.3,6.3,3.1,0,0,0,0.0,237,40.3,46.3,76.1,65.4,68.1,76.6,0,28,0.0,0,0,0,75.5,4,26,27,0,2,8,0,61,28,2.4,15.3
Chike Otaluka,76680,CB,NAVY,1,0,41.0,0.0,100.0,,1.0,0,0,0,0.0,237,60.0,42.3,65.6,,60.0,,0,,,0,0,0,39.6,0,1,1,0,0,1,0,0,0,0.0,
Jeremy Webb,76681,CB,VA TECH,1,0,,,100.0,,,0,0,0,,337,62.2,64.5,70.3,,63.6,73.5,0,,,0,0,0,0.0,0,4,4,0,0,0,0,0,0,0.0,
Dyllon Lester,76682,CB,UCF,7,1,9.6,44.4,96.7,21.3,9.4,0,0,1,11.1,323,56.4,53.0,82.0,67.0,38.4,49.0,0,17,14.3,1,1,1,61.3,4,89,92,1,5,9,0,48,25,0.6,12.0
Jermaine McMillian,76684,CB,UCF,2,1,26.0,0.0,100.0,,6.0,0,0,0,0.0,323,54.3,54.9,72.3,,60.0,77.0,0,,0.0,0,0,0,39.6,0,7,7,0,0,1,0,0,0,0.0,
Derek Gainous,76685,S,UCF,7,1,6.3,100.0,100.0,19.3,19.3,0,0,0,0.0,323,61.9,63.3,80.5,,64.9,65.9,0,16,0.0,0,0,0,156.3,3,63,63,0,2,3,1,36,17,0.6,12.0
Quindell Johnson,76689,S,MEMPHIS,14,1,13.9,32.3,95.6,28.6,9.2,0,0,3,9.7,218,69.7,72.0,86.9,70.3,71.6,75.0,2,47,5.9,1,1,0,26.3,10,301,315,4,15,31,0,180,71,0.6,18.0
Chris Claybrooks,76692,CB,MEMPHIS,9,1,13.4,69.4,95.9,7.2,5.0,0,0,2,5.6,218,51.2,52.8,27.1,61.7,61.0,73.1,1,53,8.0,2,1,2,101.4,25,189,197,3,22,36,1,378,144,2.1,15.1
Messiah Turner,76699,S,UCONN,2,0,11.0,0.0,100.0,,32.0,0,0,1,100.0,146,69.0,63.1,76.9,,53.3,31.3,0,,33.3,1,1,0,39.6,0,32,32,0,2,1,0,0,0,0.0,
Keyshawn Paul,76700,CB,UCONN,12,0,13.1,48.9,97.4,12.3,6.0,0,1,6,12.8,146,66.6,65.9,47.5,54.9,65.8,47.5,1,73,19.0,4,2,5,86.7,23,300,308,2,17,47,3,355,152,1.3,15.4
Myles Berry,76702,LB,E CAROLINA,8,0,-0.3,75.0,90.9,20.0,15.0,0,0,0,0.0,156,63.7,52.9,77.8,54.2,44.7,61.5,0,15,0.0,0,0,0,81.3,3,60,66,1,2,4,0,16,31,0.3,5.3
Jordan Morrison,76703,LB,UCONN,1,0,,,100.0,,,0,0,0,,146,66.1,66.0,69.6,,61.3,50.4,0,,0.0,0,0,0,0.0,0,10,10,1,1,0,0,0,0,0.0,
Oneil Robinson,76704,S,UCONN,9,0,15.8,73.3,100.0,7.3,5.3,0,0,0,0.0,146,41.8,46.6,84.5,,55.2,33.8,1,74,42.9,3,0,0,127.1,11,86,86,1,4,15,3,221,109,2.8,20.1
Troy Hurst,76705,CB,MEMPHIS,2,0,,,100.0,,,0,0,0,,218,62.1,62.8,69.0,,60.0,,0,,,0,0,0,0.0,0,3,3,0,0,0,0,0,0,0.0,
Gleson Sprewell,76707,S,HOUSTON,4,1,17.5,72.7,100.0,15.3,11.1,0,0,0,0.0,182,48.2,51.4,84.8,,60.7,33.9,1,53,20.0,3,0,0,116.5,8,124,124,0,11,11,3,184,46,1.5,23.0
Garrison Vaughn,76708,S,HOUSTON,7,1,12.1,45.8,100.0,14.9,6.8,0,1,5,20.8,182,60.2,59.2,85.4,,54.8,42.3,0,21,20.0,4,4,1,59.9,11,172,172,3,15,24,0,113,35,0.7,10.3
Torey Richardson,76711,CB,HOUSTON,2,0,10.0,100.0,100.0,7.0,7.0,0,0,0,0.0,182,55.8,58.5,71.8,,64.5,76.2,0,10,0.0,0,0,0,108.3,1,7,7,0,1,1,0,10,0,1.4,10.0
Michael Witherspoon,76712,CB,E CAROLINA,2,1,13.4,81.8,97.9,5.0,4.1,1,0,0,0.0,156,37.6,42.8,77.7,55.4,70.0,69.9,0,37,12.5,1,0,1,114.8,9,47,48,1,6,11,0,127,42,2.8,14.1
Warren Saba,76713,CB,E CAROLINA,9,1,6.7,80.0,92.6,6.0,4.8,0,0,2,13.3,156,64.1,62.1,0.0,62.1,65.8,86.1,0,51,0.0,0,2,3,125.8,12,75,81,2,7,15,1,133,68,1.8,11.1
Nolan Johnson,76714,S,E CAROLINA,2,1,13.3,50.0,100.0,23.5,11.8,0,0,0,0.0,156,63.5,59.3,79.4,,46.6,47.7,0,13,20.0,1,0,0,64.6,2,48,48,1,3,4,0,20,5,0.4,10.0
Jaren Rainey,76715,S,E CAROLINA,2,0,4.0,100.0,100.0,5.5,5.5,0,0,0,0.0,156,66.7,68.8,74.1,,67.4,80.1,0,5,0.0,0,0,0,83.3,2,11,11,0,1,2,0,8,0,0.7,4.0
Daniel Charles,76716,S,E CAROLINA,12,6,10.0,63.3,97.3,16.0,10.1,0,1,2,6.7,156,55.9,57.2,87.7,67.6,56.8,56.9,2,94,11.1,3,2,1,118.7,19,323,332,3,18,30,5,443,276,1.5,23.3
Miguel Edwards,76720,CB,OKLAHOMA,1,0,,,100.0,,,0,0,0,,261,63.7,64.3,68.4,,,,0,,,0,0,0,0.0,0,5,5,0,0,0,0,0,0,0.0,
Jalen Green,76723,CB,TEXAS,10,2,14.0,47.6,97.7,12.2,5.8,1,0,8,19.0,311,63.8,62.1,21.0,65.7,54.8,49.6,0,41,25.0,6,4,3,71.2,20,251,257,4,16,42,0,297,100,1.2,14.9
Anthony Cook,76724,CB,TEXAS,11,1,12.7,62.1,98.1,14.2,8.8,0,0,3,10.3,311,63.2,63.2,83.6,54.8,61.5,60.1,0,39,20.0,4,1,2,111.1,18,265,270,6,15,29,2,239,47,0.9,13.3
Caden Sterns,76725,S,TEXAS,9,2,9.6,70.4,94.5,14.7,10.4,0,0,1,3.7,311,65.0,66.0,85.3,66.4,63.8,58.5,0,61,14.3,5,1,1,119.4,19,290,307,7,28,27,1,300,113,1.1,15.8
Tyler Days,76727,S,BOSTON COL,2,0,,,100.0,,,0,0,0,,121,64.1,58.2,72.5,,52.2,28.6,0,,,0,0,0,0.0,0,7,7,0,0,0,0,0,0,0.0,
B.J. Foster,76728,S,TEXAS,9,1,7.5,78.1,81.2,10.9,8.5,0,0,1,3.1,311,63.4,56.5,48.5,51.8,47.8,45.6,1,51,21.7,5,1,2,124.6,25,280,345,13,17,32,3,305,174,1.1,12.2
DeMarvion Overshown,76729,LB,TEXAS,8,0,6.5,62.5,77.8,13.4,8.4,0,3,2,12.5,311,69.3,67.5,85.9,57.8,66.0,47.0,1,44,20.0,1,2,0,90.1,10,140,180,4,4,16,1,158,133,1.2,15.8
Anthony Johnson Jr.,76736,CB,IOWA STATE,13,2,12.7,51.7,92.8,13.4,6.9,0,1,10,16.7,193,69.1,69.4,88.0,83.5,55.4,59.3,0,46,12.8,5,6,2,94.3,31,425,458,9,32,60,5,308,58,0.7,9.9
Terrence Ganyi,76739,LB,UCONN,7,0,-1.3,66.7,73.5,15.5,10.3,0,0,0,0.0,146,57.7,57.3,81.5,53.5,59.3,53.4,0,13,50.0,1,0,0,89.6,2,36,49,0,1,3,0,23,28,0.7,11.5
Jeremy Lucien,76740,CB,UCONN,11,0,16.1,61.1,99.2,10.0,6.1,0,0,1,5.6,146,50.7,52.4,7.5,59.7,66.1,54.8,0,19,21.4,3,1,3,124.8,11,121,122,2,11,18,4,139,32,1.3,12.6
Derek Bowman,76741,LB,KANSAS ST,1,0,,,100.0,,,0,0,0,,199,60.0,61.9,63.8,,60.0,,0,,,0,0,0,0.0,0,1,1,0,0,0,0,0,0,0.0,
Ekow Boye-Doe,76742,CB,KANSAS ST,2,0,29.0,100.0,100.0,5.0,5.0,0,0,0,0.0,199,53.5,54.0,71.4,,60.2,,0,32,,0,0,0,118.8,1,5,5,0,0,1,0,32,3,6.4,32.0
Wayne Jones,76744,S,KANSAS ST,13,2,11.2,75.0,95.3,19.1,14.3,0,1,2,10.0,199,49.4,52.4,10.9,62.7,59.2,40.6,0,50,33.3,8,1,2,142.1,15,304,319,3,14,20,2,212,82,0.7,14.1
Kevion McGee,76746,CB,KANSAS ST,13,3,13.2,70.0,99.6,12.8,9.0,0,0,2,6.7,199,54.0,55.6,86.0,59.8,61.5,79.8,0,37,4.8,1,0,2,116.4,21,284,285,3,17,30,1,323,98,1.2,15.4
Lance Robinson,76747,CB,KANSAS ST,5,0,13.6,50.0,100.0,14.3,7.1,0,0,3,21.4,199,59.0,58.2,0.0,,61.6,55.7,0,58,20.0,1,2,2,117.0,7,105,105,1,4,14,2,113,36,1.1,16.1
James Harris Jr.,76753,CB,BOWL GREEN,2,0,,,100.0,,,0,0,0,,122,46.1,40.3,69.8,,60.0,,0,,,0,0,0,0.0,0,2,2,0,0,0,0,0,0,0.0,
Evan Brown,76754,LB,BOWL GREEN,4,0,3.0,100.0,83.3,13.0,13.0,0,0,0,0.0,122,56.8,44.0,74.2,58.2,38.2,25.3,0,6,50.0,2,0,0,91.7,1,15,18,2,2,1,0,6,3,0.5,6.0
Richie Carpenter Jr.,76757,CB,KENT STATE,4,0,6.0,100.0,77.8,1.8,1.8,0,0,0,0.0,201,26.5,34.6,80.0,58.9,66.4,77.8,0,20,0.0,0,0,0,103.1,4,7,9,1,1,4,0,35,11,5.0,8.8
Zedrick Raymond,76759,CB,MIAMI OH,13,2,13.3,58.1,99.5,14.1,8.2,0,1,6,14.0,221,62.0,63.3,50.7,78.5,66.1,63.3,0,53,8.7,2,5,7,131.0,25,375,377,5,19,43,6,422,142,1.2,16.9
Cecil Singleton Jr.,76760,S,MIAMI OH,9,0,4.0,80.0,97.5,9.1,7.3,0,1,0,0.0,221,66.4,70.2,80.4,59.0,75.0,60.2,0,37,33.3,2,0,1,129.6,8,79,81,3,4,10,1,71,54,1.0,8.9
Ja'don Rucker-Furlow,76761,CB,MIAMI OH,4,0,19.7,85.7,100.0,6.7,5.7,0,0,1,14.3,221,56.7,58.4,77.6,,64.8,80.7,0,61,0.0,0,1,0,158.3,6,42,42,1,5,7,4,141,56,3.5,23.5
Nate Bauer,76764,S,TOLEDO,12,2,7.4,73.7,97.0,10.9,8.1,0,0,1,5.3,316,61.8,56.0,20.8,57.1,48.2,56.7,0,24,6.7,1,0,1,119.4,14,160,165,6,12,19,2,95,49,0.6,6.8
Patrick Lupro,76765,CB,W MICHIGAN,13,1,9.8,66.1,97.0,9.4,6.2,0,1,6,10.2,347,78.2,71.3,50.8,64.3,46.8,52.5,3,59,11.6,5,3,4,89.9,39,389,401,14,37,59,4,444,128,1.2,11.4
Zaire Barnes,76766,S,W MICHIGAN,11,0,3.3,66.7,79.5,7.7,5.1,0,0,1,4.2,347,53.2,53.7,84.5,56.0,54.3,33.3,0,71,29.4,5,1,0,120.0,16,128,161,6,12,24,2,199,143,1.6,12.4
Keni-H Lovely,76768,CB,W MICHIGAN,5,0,3.3,66.7,100.0,10.5,7.0,0,0,1,33.3,347,67.9,64.9,77.1,,52.8,39.1,0,9,0.0,0,1,0,79.9,2,22,22,0,1,3,0,16,8,0.8,8.0
Jake Moertl,76771,CB,W MICHIGAN,1,0,,,100.0,,,0,0,0,,347,60.0,61.1,68.5,,60.4,,0,,,0,0,0,0.0,0,1,1,0,0,0,0,0,0,0.0,
Caleb Biggers,76772,CB,BOWL GREEN,10,0,14.2,67.6,98.4,11.6,7.9,0,0,5,13.5,122,65.8,69.6,44.5,55.3,86.0,64.1,0,53,14.3,4,5,2,129.4,25,306,311,6,24,37,3,391,143,1.3,15.6
J.D. Harris,76774,CB,N ILLINOIS,1,0,0.0,0.0,100.0,,3.0,0,0,0,0.0,254,62.5,63.6,71.4,,60.5,,0,,,0,0,0,39.6,0,3,3,0,0,1,0,0,0,0.0,
Zhamaine March,76775,CB,N ILLINOIS,3,0,3.0,100.0,100.0,10.5,10.5,0,0,0,0.0,254,66.7,67.9,77.0,,69.2,79.1,0,9,0.0,0,0,0,94.8,4,42,42,1,4,4,0,27,15,0.6,6.8
Timarcus Simpson,76778,CB,E MICHIGAN,4,0,,,100.0,,,0,0,0,,160,66.0,66.5,73.8,,60.0,,0,,,0,0,0,0.0,0,16,16,0,0,0,0,0,0,0.0,
Jerodd Vines,76781,CB,E MICHIGAN,11,1,14.9,63.6,100.0,12.2,7.8,0,1,5,22.7,160,61.9,63.0,83.4,,64.8,46.5,0,87,13.3,2,4,0,145.5,14,179,179,4,12,22,5,268,100,1.6,19.1
Montrae Braswell,76783,CB,C MICHIGAN,13,0,15.1,51.1,98.9,10.8,5.5,0,2,7,14.9,134,64.8,62.4,84.2,63.3,50.0,51.2,1,74,25.0,6,6,1,106.4,24,271,274,9,18,47,4,477,187,1.8,19.9
Willie Reid,76784,S,C MICHIGAN,14,3,13.7,58.8,98.5,32.2,18.9,1,2,2,11.8,134,66.0,65.3,0.0,57.6,69.3,70.3,0,49,13.3,2,2,3,137.4,10,334,339,1,10,17,2,192,59,0.6,19.2
Rolliann Sturkey,76786,CB,C MICHIGAN,2,0,35.0,50.0,100.0,11.0,5.5,0,0,1,50.0,134,55.4,55.9,72.8,,60.3,73.5,0,46,0.0,0,1,0,135.4,1,11,11,0,1,2,1,46,10,4.2,46.0
Reggie Corner Jr.,76788,CB,AKRON,3,1,5.9,100.0,93.0,5.1,5.1,0,0,0,0.0,102,45.0,52.9,82.0,56.7,75.7,73.4,0,21,16.7,1,0,0,117.3,7,40,43,0,4,7,0,85,44,2.4,12.1
Charlie Thomas III,76790,LB,GA TECH,12,1,2.3,83.3,77.2,13.3,11.1,0,0,2,16.7,176,70.0,62.6,87.8,62.8,55.7,59.4,0,41,6.3,1,2,0,114.2,10,139,180,6,14,12,0,137,111,1.0,13.7
D'Shawn Jamison,76791,CB,TEXAS,12,2,11.2,58.2,95.8,10.3,6.0,0,1,5,9.1,311,73.6,73.4,85.1,58.3,68.0,49.9,3,50,23.3,7,3,2,74.1,32,343,358,8,21,55,3,371,135,1.1,11.6
Joseph Boletepeli,76806,ED,NC STATE,7,0,,,1.1,,,0,0,0,,248,60.0,69.5,80.9,63.5,70.7,65.2,0,,,0,0,0,0.0,0,1,92,2,0,0,0,0,0,0.0,
Xavier Thomas,76807,ED,CLEMSON,12,2,0.0,100.0,6.1,16.0,16.0,0,0,0,0.0,140,66.3,69.8,67.3,64.2,71.5,56.6,0,3,33.3,2,0,1,79.2,1,16,262,4,2,1,0,3,3,0.2,3.0
KJ Henry,76808,ED,CLEMSON,15,1,,,11.4,,,0,0,0,,140,60.9,62.1,86.0,64.2,57.6,42.4,0,,66.7,2,0,0,0.0,0,21,184,1,0,0,0,0,0,0.0,
Justin Mascoll,76809,ED,CLEMSON,15,0,,,3.2,,,1,0,0,,140,60.9,58.6,4.2,55.4,67.3,46.3,0,,100.0,1,0,3,0.0,0,4,124,0,0,0,0,0,0,0.0,
Myjai Sanders,76816,ED,CINCINNATI,14,1,8.0,0.0,2.1,,7.0,2,0,1,100.0,138,71.4,79.5,27.9,82.8,70.4,70.7,0,,33.3,2,0,4,39.6,0,7,330,8,3,1,0,0,0,0.0,
Mychal Keys,76817,ED,CINCINNATI,1,0,,,50.0,,,0,0,0,,138,60.0,60.2,68.5,59.4,60.0,,0,,,0,0,0,0.0,0,1,2,0,0,0,0,0,0,0.0,
Gary Wiley,76821,ED,SMU,13,1,6.6,100.0,26.1,8.2,8.2,0,0,0,0.0,287,66.3,64.6,48.4,63.0,63.2,84.8,0,96,0.0,0,0,1,158.3,5,41,157,5,3,5,1,130,97,3.2,26.0
Juan Monjarres,76823,ED,TULANE,5,0,1.3,100.0,15.2,3.3,3.3,0,0,0,0.0,319,57.9,71.0,83.5,70.9,68.2,60.9,0,9,66.7,2,0,0,79.2,3,10,66,1,1,3,0,8,4,0.8,2.7
Carlos Hatcher,76824,ED,TULANE,4,1,,,32.0,,,0,0,0,,319,65.2,62.1,80.7,56.6,61.2,80.8,0,,0.0,0,0,0,0.0,0,8,25,0,0,0,0,0,0,0.0,
Davon Wright,76825,DI,TULANE,12,1,,,0.6,,,0,0,0,,319,66.6,61.7,82.3,54.4,62.9,54.5,0,,28.6,2,0,0,0.0,0,1,179,3,4,0,0,0,0,0.0,
Zach Petersen,76835,ED,IOWA STATE,13,0,0.7,66.7,6.0,8.5,5.7,0,0,0,0.0,193,62.3,65.3,67.3,59.7,67.7,60.4,0,8,27.3,3,0,1,77.1,2,17,285,5,8,3,0,14,18,0.8,7.0
Ochaun Mathis,76838,ED,TCU,12,2,-0.5,50.0,5.1,19.0,9.5,1,0,0,0.0,305,56.8,63.0,52.2,59.8,67.6,62.6,0,-1,37.5,3,0,3,56.3,1,21,411,4,3,2,0,-1,2,-0.1,-1.0
Will McDonald IV,76842,ED,IOWA STATE,11,0,5.0,66.7,13.0,7.0,4.7,0,0,0,0.0,193,43.3,74.3,82.8,84.1,58.0,65.5,0,21,50.0,1,0,0,93.8,2,14,108,6,1,3,0,26,20,1.9,13.0
Azur Kamara,76843,ED,KANSAS,12,0,8.0,100.0,41.7,21.3,21.3,0,0,0,0.0,198,55.3,59.6,75.1,68.3,54.8,74.7,0,20,25.0,2,0,2,118.8,6,134,321,6,6,6,0,81,33,0.6,13.5
Najee Stevens-McKenzie,76844,ED,KANSAS,12,4,3.9,71.4,52.2,10.7,7.6,1,0,1,7.1,198,64.4,58.0,50.1,65.2,51.8,60.8,2,24,16.7,2,0,2,82.1,10,118,226,3,6,14,1,122,112,1.1,12.2
Darrius Moragne,76845,ED,KANSAS,12,0,,,0.3,,,0,0,0,,198,65.2,69.6,40.9,64.7,71.2,48.0,0,,66.7,2,0,3,0.0,0,1,307,4,1,0,0,0,0,0.0,
Terrance Taylor,76852,ED,TOLEDO,9,0,,,4.5,,,0,0,0,,316,63.9,77.1,27.5,71.7,80.4,60.8,0,,50.0,1,0,2,0.0,0,8,178,3,1,0,0,0,0,0.0,
Jawon Denton,76855,ED,N ILLINOIS,6,0,,,20.0,,,0,0,0,,254,61.0,62.0,78.7,59.0,63.6,75.2,0,,,0,0,0,0.0,0,5,25,0,0,0,0,0,0,0.0,
Jalen Redmond,76861,DI,OKLAHOMA,13,2,,,1.0,,,0,0,0,,261,56.9,82.6,82.6,76.3,83.3,75.7,0,,25.0,1,0,0,0.0,0,2,200,7,1,0,0,0,0,0.0,
John Morgan III,76865,ED,PITTSBURGH,13,2,,,0.8,,,1,0,0,,268,63.2,69.8,23.6,66.3,71.3,82.5,0,,33.3,1,0,2,0.0,0,1,122,2,0,0,0,0,0,0.0,
Rondell Bothroyd,76873,DI,WAKE,12,1,,,1.2,,,0,0,0,,339,57.5,72.7,85.8,72.2,69.3,64.7,0,,37.5,3,0,0,0.0,0,3,249,6,4,0,0,0,0,0.0,
Royce Francis,76876,ED,WAKE,11,2,,,1.3,,,0,0,0,,339,60.7,69.1,82.0,55.9,74.1,80.3,0,,0.0,0,0,0,0.0,0,1,75,0,0,0,0,0,0,0.0,
T.K. Chimedza,76883,DI,GA TECH,12,0,,,0.5,,,0,0,0,,176,57.2,54.5,66.4,62.7,51.6,67.6,0,,25.0,1,0,1,0.0,0,1,204,3,3,0,0,0,0,0.0,
Curtis Ryans,76884,ED,GA TECH,8,1,,,10.7,,,0,0,0,,176,69.1,71.6,81.5,56.8,75.3,70.4,0,,0.0,0,0,0,0.0,0,6,56,1,1,0,0,0,0,0.0,
Eli Adams,76886,ED,VA TECH,12,0,18.0,100.0,13.2,17.0,17.0,0,0,0,0.0,337,57.3,64.7,25.3,61.7,70.9,82.8,0,25,,0,0,2,158.3,1,18,136,0,0,1,1,25,7,1.5,25.0
Jaevon Becton,76887,ED,VA TECH,10,0,1.0,0.0,10.3,,12.0,1,0,0,0.0,337,54.2,52.5,15.2,54.5,58.7,34.1,0,,,0,0,2,39.6,0,12,116,1,0,1,0,0,0,0.0,
Greg Rousseau,76889,ED,MIAMI FL,13,0,14.3,66.7,5.1,7.5,5.0,0,0,0,0.0,220,56.2,76.2,71.0,80.7,68.9,59.5,0,30,40.0,4,0,1,99.3,2,15,295,19,6,3,0,30,6,2.0,15.0
Randy Charlton,76902,ED,UCF,10,0,-1.0,100.0,9.1,16.0,16.0,0,0,0,0.0,323,68.2,71.6,18.2,65.5,75.4,78.6,0,3,0.0,0,0,3,79.2,1,16,176,2,2,1,0,3,4,0.2,3.0
Landon Woodson,76904,ED,UCF,10,1,,,3.8,,,0,0,0,,323,63.8,65.0,44.5,63.7,62.3,63.7,0,,20.0,1,0,1,0.0,0,4,106,4,3,0,0,0,0,0.0,
Logan Hall,76919,DI,HOUSTON,12,0,,,0.5,,,0,0,0,,182,60.1,63.4,83.0,62.9,60.9,66.0,0,,,0,0,0,0.0,0,1,198,0,0,0,0,0,0,0.0,
Moro Ojomo,76927,DI,TEXAS,13,0,6.0,0.0,0.5,,1.0,0,0,0,0.0,311,59.1,75.6,85.8,67.2,77.8,70.0,0,,,0,0,0,39.6,0,1,208,0,0,1,0,0,0,0.0,
Karl Brooks,76941,ED,BOWL GREEN,12,0,3.0,50.0,8.1,23.0,11.5,1,0,0,0.0,122,60.8,74.2,17.2,81.5,70.3,67.1,1,9,25.0,1,0,5,22.9,1,23,284,8,3,2,0,9,12,0.4,9.0
Andre Carter,76957,ED,W MICHIGAN,13,0,,,0.9,,,2,0,0,,347,63.6,65.3,0.0,67.5,68.4,62.5,0,,66.7,2,0,5,0.0,0,2,223,4,1,0,0,0,0,0.0,
Braden Fiske,76958,DI,W MICHIGAN,12,0,,,1.4,,,0,0,0,,347,58.4,66.0,83.0,58.9,69.1,38.4,0,,66.7,2,0,0,0.0,0,2,141,2,1,0,0,0,0,0.0,
Mikey Haney,76969,ED,E MICHIGAN,13,1,,,0.9,,,1,0,0,,160,57.5,56.9,49.5,54.4,60.2,73.9,0,,33.3,1,0,2,0.0,0,2,216,2,1,0,0,0,0,0.0,
Shawn Simeon,76970,ED,E MICHIGAN,13,1,11.0,100.0,4.9,10.0,10.0,1,0,0,0.0,160,74.3,63.2,21.6,55.8,70.9,52.9,0,11,50.0,5,0,3,112.5,1,11,224,5,4,1,0,11,0,1.1,11.0
Turan Rush,76971,ED,E MICHIGAN,13,1,-2.0,100.0,2.6,9.0,9.0,1,0,0,0.0,160,73.0,64.5,62.9,67.2,58.6,64.3,0,6,25.0,2,0,2,91.7,1,9,342,6,5,1,0,6,8,0.7,6.0
Habakkuk Baldonado,76972,ED,PITTSBURGH,13,1,-1.0,0.0,0.4,,1.0,1,0,0,0.0,268,59.5,76.6,86.1,70.8,76.6,86.5,0,,0.0,0,0,1,39.6,0,1,231,4,0,1,0,0,0,0.0,
Amir Siddiq,76973,ED,C MICHIGAN,12,0,,,2.6,,,0,0,0,,134,65.5,68.9,38.0,63.8,67.1,46.5,0,,0.0,0,0,1,0.0,0,2,77,1,1,0,0,0,0,0.0,
LaQuan Johnson Jr.,76978,ED,C MICHIGAN,13,1,4.5,50.0,2.5,9.0,4.5,0,0,0,0.0,134,59.2,75.7,59.6,78.9,69.4,42.4,0,22,20.0,1,0,2,89.6,1,9,363,6,3,2,0,22,11,2.4,22.0
Cole Baker,76979,DI,OHIO,12,1,,,0.4,,,0,0,0,,259,55.9,72.1,65.1,63.5,77.1,60.9,0,,50.0,3,0,1,0.0,0,1,248,4,2,0,0,0,0,0.0,
Tahj Rice,76993,DI,DUKE,11,0,,,1.4,,,0,0,0,,154,62.0,57.7,31.0,63.8,54.1,25.4,0,,50.0,1,0,1,0.0,0,1,71,1,1,0,0,0,0,0.0,
Alim McNeill,76996,DI,NC STATE,12,0,,,1.2,,,1,0,0,,248,48.7,79.4,69.7,80.8,77.1,37.0,0,,0.0,0,0,1,0.0,0,3,255,6,1,0,0,0,0,0.0,
Jelani Brown,77018,DI,KANSAS,12,1,-7.0,0.0,0.8,,2.0,0,0,2,200.0,198,82.8,60.1,73.7,54.1,60.1,72.3,0,,0.0,0,1,1,39.6,0,2,251,0,0,1,0,0,0,0.0,
DeShondrick Foxworth,77026,DI,BUFFALO,4,0,,,2.6,,,0,0,0,,126,60.8,62.0,77.5,65.2,57.3,76.5,0,,0.0,0,0,0,0.0,0,1,39,3,2,0,0,0,0,0.0,
Eddie Wilson,77027,DI,BUFFALO,13,0,,,0.5,,,0,0,0,,126,59.2,72.3,39.2,68.0,74.3,60.4,0,,,0,0,2,0.0,0,1,188,3,0,0,0,0,0,0.0,
Amari Gainer,77091,ED,FLORIDA ST,13,2,3.2,71.4,43.6,9.9,7.0,1,0,1,4.8,167,73.8,76.0,32.8,69.7,78.5,69.2,0,29,19.0,4,0,3,83.6,15,153,351,15,15,21,0,111,78,0.8,7.4
Wendell Davis Jr.,77095,LB,PITTSBURGH,4,0,-2.0,100.0,65.0,13.0,13.0,0,0,0,0.0,268,50.7,43.4,74.5,60.0,42.3,76.0,0,18,0.0,0,0,0,118.8,1,13,20,1,1,1,0,18,20,1.4,18.0
Robert Hicks,77097,ED,LOUISVILLE,6,0,-2.0,0.0,47.8,,10.0,0,0,0,0.0,210,63.7,60.6,79.7,55.3,59.8,31.2,0,,,0,0,0,39.6,0,11,23,0,0,1,0,0,0,0.0,
Quen Head,77098,LB,LOUISVILLE,7,0,-3.3,100.0,91.2,10.0,10.0,0,0,0,0.0,210,58.7,68.1,76.0,58.7,81.3,50.2,0,5,50.0,1,0,0,83.3,3,31,34,0,1,3,0,12,22,0.4,4.0
Yasir Abdullah,77100,ED,LOUISVILLE,12,4,3.2,66.7,37.1,10.8,7.2,0,0,0,0.0,210,71.2,65.7,88.2,57.7,63.8,79.0,1,22,0.0,0,0,0,74.1,6,69,186,6,10,9,1,41,29,0.6,6.8
Nick DeNucci,77101,LB,BOSTON COL,1,1,-2.0,100.0,50.0,2.0,2.0,0,0,0,0.0,121,71.2,79.5,73.5,66.9,69.9,79.1,0,-1,0.0,0,0,0,79.2,1,2,4,0,0,1,0,-1,1,-0.5,-1.0
Joe Sparacio,77102,S,BOSTON COL,12,3,5.1,80.6,85.5,7.0,5.7,0,0,1,2.8,121,46.0,50.5,89.0,51.8,56.8,42.5,1,41,22.7,5,0,0,124.1,29,213,249,7,14,36,3,356,230,1.7,12.3
Hugh Davis,77103,LB,BOSTON COL,6,1,5.0,50.0,88.9,15.0,7.5,0,0,0,0.0,121,52.2,55.6,78.6,59.8,58.9,64.4,0,0,50.0,1,0,0,56.3,1,16,18,0,0,2,0,0,4,0.0,0.0
Evan Stewart,77104,LB,BOSTON COL,1,0,,,100.0,,,0,0,0,,121,60.4,62.2,72.2,,61.5,74.3,0,,,0,0,0,0.0,0,2,2,0,0,0,0,0,0,0.0,
Jacorey Johns,77105,ED,WAKE,13,1,0.6,80.0,16.6,14.5,11.6,0,0,0,0.0,339,49.9,65.8,90.5,62.6,70.2,72.6,0,19,25.0,2,0,0,115.0,4,61,368,6,5,5,0,58,61,1.0,14.5
Ryan Smenda Jr.,77106,LB,WAKE,13,3,4.7,64.0,85.4,21.9,14.0,0,1,2,8.0,339,70.9,67.3,60.0,74.8,59.0,56.9,1,33,8.0,2,2,1,68.6,16,362,424,12,20,25,0,179,158,0.5,11.2
Juan Wallace,77110,LB,SYRACUSE,4,0,12.5,50.0,68.3,28.0,14.0,0,0,0,0.0,304,55.6,61.7,74.4,52.3,71.4,82.9,0,14,0.0,0,0,0,72.9,1,28,41,0,2,2,0,14,1,0.5,14.0
Lakiem Williams,77111,LB,SYRACUSE,12,1,5.0,80.8,70.0,14.6,11.8,0,1,1,3.8,304,63.5,61.1,60.9,64.9,57.2,56.0,0,23,23.1,6,1,1,96.6,21,322,460,9,19,26,0,187,104,0.6,8.9
Matthew Flint,77114,LB,N CAROLINA,1,0,,,100.0,,,0,0,0,,245,60.3,62.6,67.5,,60.0,,0,,,0,0,0,0.0,0,2,2,0,0,0,0,0,0,0.0,
Jordan Domineck,77116,ED,GA TECH,7,3,13.0,100.0,12.9,8.5,8.5,1,0,0,0.0,176,55.8,59.0,24.4,71.4,51.4,68.2,0,64,25.0,2,0,2,118.8,2,18,140,3,3,2,0,77,51,4.5,38.5
Quez Jackson,77117,LB,GA TECH,12,3,3.3,58.3,84.1,17.1,10.0,0,1,1,8.3,176,64.8,64.3,44.0,58.6,64.1,61.8,0,21,16.7,1,1,1,76.7,7,132,157,1,2,12,0,75,46,0.6,10.7
Shaka Heyward,77120,LB,DUKE,10,1,8.5,50.0,75.1,41.8,20.9,0,1,1,12.5,154,71.2,66.7,83.4,60.9,61.8,62.5,1,7,30.8,4,1,0,56.3,4,178,237,6,8,8,1,21,17,0.1,5.3
Rocky Shelton II,77121,LB,DUKE,2,0,,,83.3,,,0,0,0,,154,61.8,63.3,73.8,68.1,58.6,76.1,0,,,0,0,0,0.0,0,5,6,0,0,0,0,0,0,0.0,
Dax Hollifield,77124,LB,VA TECH,13,8,5.0,73.9,84.0,18.0,13.3,0,0,0,0.0,337,69.3,63.6,84.3,70.6,54.1,64.9,3,32,4.3,1,0,0,55.4,17,320,381,8,14,23,0,173,102,0.6,10.2
Alan Tisdale,77125,LB,VA TECH,11,3,3.4,93.8,81.1,9.9,9.3,0,0,3,18.8,337,62.2,66.2,84.0,68.8,64.6,58.2,0,27,31.6,6,2,0,108.3,15,154,190,9,10,16,0,160,133,1.1,10.7
Keshon Artis,77126,LB,VA TECH,2,0,,,83.3,,,0,0,0,,337,51.8,64.7,72.6,60.0,73.6,76.1,0,,0.0,0,0,0,0.0,0,5,6,0,1,0,0,0,0,0.0,
Payton Wilson,77127,LB,NC STATE,11,2,6.4,72.7,76.1,16.8,12.2,0,0,3,27.3,248,69.9,63.4,0.0,67.0,60.6,69.5,1,17,26.3,5,3,3,48.7,8,137,180,5,12,11,0,63,26,0.5,7.9
Calvin Hart Jr.,77128,LB,NC STATE,11,0,4.9,71.4,89.6,23.8,17.0,0,0,1,14.3,248,64.3,51.7,84.0,63.0,41.7,72.2,0,24,0.0,0,1,0,139.3,5,120,134,5,8,7,1,64,60,0.5,12.8
Alex Gray,77129,LB,NC STATE,1,0,,,80.0,,,0,0,0,,248,72.6,59.7,73.6,57.3,43.0,75.8,0,,0.0,0,0,0,0.0,0,8,10,2,2,0,0,0,0,0.0,
Seth Williams,77131,LB,NC STATE,1,0,,,33.3,,,0,0,0,,248,60.0,55.9,68.0,58.7,56.1,73.0,0,,,0,0,0,0.0,0,1,3,0,0,0,0,0,0,0.0,
Darian Stephenson,77132,LB,MIAMI FL,1,0,-6.0,0.0,100.0,,3.0,0,0,0,0.0,220,50.3,32.3,71.0,,46.0,73.1,0,,,0,0,0,39.6,0,3,3,0,0,1,0,0,0,0.0,
Patrick Joyner Jr.,77133,LB,MIAMI FL,1,0,,,50.0,,,0,0,0,,220,60.0,62.4,68.4,59.5,61.8,,0,,,0,0,0,0.0,0,1,2,0,0,0,0,0,0,0.0,
Mike Jones Jr.,77134,LB,CLEMSON,11,2,8.0,62.5,72.0,10.8,6.8,0,0,1,12.5,140,64.9,72.3,10.0,73.5,78.1,74.6,0,34,11.1,1,1,1,91.1,5,54,75,2,6,8,0,71,27,1.3,14.2
Jake Venables,77135,LB,CLEMSON,14,1,0.3,88.9,72.4,9.4,8.3,0,0,0,0.0,140,66.2,74.2,80.6,53.2,80.3,71.5,0,19,14.3,1,0,0,91.7,8,76,105,6,5,9,0,54,51,0.7,6.8
DaeSean Winston,77142,S,TEMPLE,9,1,14.7,45.5,99.0,20.4,9.3,0,1,2,18.2,306,67.7,66.1,82.6,58.7,60.7,74.4,0,42,8.3,1,1,0,108.7,5,104,105,1,10,11,2,77,12,0.8,15.4
Boaz Pogue,77144,CB,TEMPLE,4,0,5.3,66.7,100.0,10.5,7.0,0,0,0,0.0,306,60.8,57.2,76.2,,51.5,27.6,0,13,,0,0,0,81.3,2,21,21,0,0,3,0,17,3,0.8,8.5
Ty Van Fossen,77147,LB,CINCINNATI,2,0,9.5,50.0,75.0,6.0,3.0,0,0,1,50.0,138,85.9,79.1,73.1,57.0,62.8,60.3,0,1,0.0,0,1,0,56.3,1,6,8,1,2,2,0,1,6,0.2,1.0
Eriq Gilyard,77152,LB,UCF,13,5,6.3,66.7,83.0,16.0,10.7,0,0,0,0.0,323,46.7,59.8,83.1,57.7,68.3,77.8,1,16,13.6,3,0,0,81.6,16,268,323,7,14,24,1,158,68,0.6,9.9
Keith Brown Jr.,77155,LB,MEMPHIS,6,1,8.0,100.0,81.1,28.0,28.0,0,0,0,0.0,218,60.8,59.3,76.1,61.0,56.8,40.1,0,10,0.0,0,0,0,108.3,1,30,37,0,0,1,0,10,2,0.4,10.0
Jaylon Allen,77156,ED,MEMPHIS,4,0,-3.0,100.0,25.0,4.0,4.0,0,0,0,0.0,218,61.4,61.3,78.9,60.5,59.4,29.6,0,12,,0,0,0,116.7,1,4,16,0,0,1,0,12,15,3.0,12.0
Grant Sawyer,77158,LB,TULSA,7,0,15.0,100.0,53.3,8.0,8.0,0,0,0,0.0,320,44.6,50.4,74.7,64.4,56.0,77.3,0,34,,0,0,0,158.3,1,8,15,0,0,1,1,34,19,4.3,34.0
TieNeal Martin,77159,S,TULSA,2,0,7.0,100.0,100.0,12.5,12.5,0,0,0,0.0,320,60.8,63.5,74.2,,66.7,79.5,0,14,,0,0,0,104.2,2,26,26,0,0,2,0,18,4,0.7,9.0
Justin Wright,77160,LB,TULSA,2,0,9.0,100.0,100.0,3.0,3.0,0,0,0,0.0,320,42.1,41.1,71.7,,57.6,42.5,0,9,,0,0,0,104.2,1,3,3,0,0,1,0,9,0,3.0,9.0
Yohance Burnett,77162,LB,TULSA,12,3,1.1,66.7,75.2,14.2,9.4,0,0,0,0.0,320,64.0,63.0,83.9,57.9,61.8,80.5,0,11,11.1,1,0,2,78.5,6,91,121,5,5,9,0,45,32,0.5,7.5
Trevor Denbow,77165,S,SMU,13,0,12.7,41.4,98.9,27.6,11.4,0,1,6,20.7,287,66.3,61.5,49.2,67.9,52.9,36.4,0,32,23.3,7,5,3,75.6,12,346,350,5,23,29,1,192,77,0.6,16.0
Jimmy Phillips Jr.,77166,S,SMU,6,0,4.6,60.0,84.0,13.0,7.8,0,0,1,20.0,287,71.6,75.3,79.7,73.9,71.5,80.9,0,20,0.0,0,1,0,72.9,3,42,50,2,3,5,0,25,3,0.6,8.3
Preston Ellison,77167,LB,SMU,2,0,,,70.0,,,0,0,0,,287,50.5,41.0,71.0,55.8,48.3,20.1,0,,100.0,1,0,0,0.0,0,7,10,0,0,0,0,0,0,0.0,
James Patterson,77169,LB,BUFFALO,10,2,3.8,70.0,88.9,13.7,9.6,1,0,0,0.0,126,64.0,73.2,37.4,84.1,77.3,64.1,1,41,30.8,4,0,2,86.0,14,208,234,4,7,20,1,143,111,0.7,10.2
Sam Bruchhaus,77173,LB,TULANE,1,0,,,100.0,,,0,0,0,,319,60.0,72.5,66.0,,67.8,73.1,0,,,0,0,0,0.0,0,1,1,0,0,0,0,0,0,0.0,
Kevon Jones,77179,ED,UCONN,10,1,,,0.4,,,0,0,0,,146,84.2,62.8,31.9,65.1,58.9,68.2,0,,0.0,0,0,3,0.0,0,1,242,4,4,0,0,0,0,0.0,
Donavan Mutin,77180,LB,HOUSTON,12,3,4.8,80.6,84.5,13.9,11.2,0,0,1,3.2,182,38.6,52.3,86.9,54.8,65.2,76.9,1,47,10.5,2,0,0,118.1,25,360,426,4,14,31,2,323,241,0.9,12.9
Zamar Kirven,77181,LB,HOUSTON,8,1,4.7,73.7,82.0,9.4,6.9,0,0,1,5.3,182,52.5,57.0,82.9,71.5,56.7,49.5,1,13,22.2,4,1,0,83.2,14,137,167,4,13,19,1,110,64,0.8,7.9
Antonio Grier,77185,LB,USF,12,0,3.6,83.3,76.0,9.8,8.2,0,1,1,5.6,327,50.4,55.9,47.4,70.2,56.7,83.6,0,30,28.6,4,1,1,104.2,15,152,200,9,10,18,0,162,112,1.1,10.8
Dwayne Boyles,77186,LB,USF,12,3,6.4,70.8,70.5,12.7,9.0,1,0,2,8.3,327,76.0,60.4,43.7,65.3,49.1,75.7,0,50,9.5,2,1,2,110.9,17,222,315,13,16,24,1,207,140,1.0,12.2
Drew Mims,77187,LB,USF,8,0,3.8,75.0,85.9,8.7,6.5,0,0,0,0.0,327,55.9,59.6,77.8,68.6,59.7,90.0,0,17,0.0,0,0,0,136.5,6,55,64,4,4,8,1,62,27,1.2,10.3
Gerard Stringer,77188,CB,E CAROLINA,12,6,9.0,69.8,91.7,9.8,6.8,0,0,2,4.7,156,64.5,68.3,61.0,55.5,78.8,70.8,2,48,28.1,9,2,1,93.6,30,308,336,4,17,43,2,384,213,1.3,12.8
Zaven Collins,77190,LB,TULSA,12,1,3.2,62.5,83.6,30.3,18.9,0,0,3,18.8,320,80.2,77.9,84.2,59.1,75.5,56.5,0,21,20.0,3,3,0,79.7,10,337,403,9,11,16,0,98,94,0.3,9.8
Jireh Wilson,77192,S,E CAROLINA,10,0,14.8,60.0,94.8,8.1,4.9,0,0,1,4.0,156,54.3,58.7,81.2,60.9,64.2,67.2,0,73,16.7,2,0,0,100.1,15,128,135,3,10,25,1,208,81,1.7,13.9
Eldridge Salguero,77194,LB,BOWL GREEN,5,0,3.3,100.0,76.0,6.3,6.3,0,0,0,0.0,122,43.1,50.8,78.9,57.0,57.3,33.6,0,17,50.0,1,0,0,104.2,3,19,25,0,1,3,0,27,17,1.4,9.0
Brian Asamoah II,77195,LB,OKLAHOMA,7,0,2.2,83.3,73.0,10.0,8.3,0,0,1,16.7,261,52.5,62.2,78.4,59.2,70.5,65.0,0,38,40.0,2,1,0,158.3,5,54,74,4,3,6,1,76,62,1.5,15.2
Nik Bonitto,77196,ED,OKLAHOMA,14,2,3.0,63.6,47.2,15.0,9.5,0,1,3,27.3,261,88.5,78.9,69.2,72.9,71.0,68.1,1,11,9.1,1,2,1,38.4,7,117,248,7,8,11,0,56,38,0.5,8.0
DaShaun White,77198,LB,OKLAHOMA,14,1,6.3,80.0,83.5,15.1,12.1,0,0,0,0.0,261,57.7,60.2,84.6,65.1,59.3,69.8,0,33,0.0,0,0,1,136.7,16,259,310,2,10,20,2,176,72,0.7,11.0
Carson Kropp,77200,LB,OKLA STATE,1,0,5.0,0.0,100.0,,1.0,0,0,0,0.0,262,60.0,53.5,65.0,,65.6,74.3,0,,,0,0,0,39.6,0,1,1,0,0,1,0,0,0,0.0,
Ayodele Adeoye,77203,LB,TEXAS,12,3,5.9,88.2,72.3,16.0,14.1,0,1,1,5.9,311,57.2,53.5,84.6,55.6,51.6,68.5,1,70,12.5,2,1,0,133.3,15,248,343,7,11,17,2,212,144,0.9,14.1
Joseph Ossai,77205,LB,TEXAS,13,3,3.1,83.3,53.6,12.5,10.4,1,0,0,0.0,311,70.1,70.8,16.1,63.1,74.6,38.7,2,36,33.3,8,0,4,68.1,20,263,491,11,13,24,0,208,191,0.8,10.4
Byron Vaughns,77206,ED,TEXAS,4,0,6.2,80.0,50.0,5.5,4.4,0,0,0,0.0,311,36.1,53.8,80.4,65.0,64.7,41.7,0,22,100.0,1,0,0,132.9,4,23,46,0,0,5,1,32,13,1.5,8.0
Ben Wilson,77208,LB,TCU,6,4,1.6,100.0,88.9,9.7,9.7,0,0,0,0.0,305,75.2,66.8,77.3,57.7,55.8,66.4,0,12,0.0,0,0,0,88.4,9,96,108,7,9,9,0,47,33,0.5,5.2
Jake Abbott,77212,LB,W VIRGINIA,2,0,,,100.0,,,0,0,0,,343,60.8,65.5,72.9,,65.1,75.8,0,,,0,0,0,0.0,0,3,3,0,0,0,0,0,0,0.0,
Josh Chandler-Semedo,77214,LB,W VIRGINIA,10,4,4.1,80.0,79.1,13.5,10.8,0,0,2,13.3,343,74.1,75.2,51.2,54.3,78.4,86.4,0,25,10.5,2,2,1,96.4,12,167,211,5,13,15,0,107,86,0.7,8.9
Mike Rose,77218,LB,IOWA STATE,13,5,3.4,80.0,81.4,8.8,7.0,0,2,2,3.6,193,79.5,75.8,65.7,62.1,72.1,60.3,1,25,15.6,7,2,1,96.5,44,398,489,22,33,55,2,334,222,0.9,7.6
Gerry Vaughn,77220,CB,IOWA STATE,1,0,,,100.0,,,0,0,0,,193,63.7,61.2,71.1,,55.6,75.1,0,,,0,0,0,0.0,0,5,5,0,0,0,0,0,0,0.0,
Hunter Webb,77225,LB,UCONN,3,0,,,100.0,,,0,0,0,,146,63.2,62.1,72.4,,59.2,74.3,0,,,0,0,0,0.0,0,9,9,0,0,0,0,0,0,0.0,
Nick Allen,77229,LB,KANSAS ST,2,0,2.5,50.0,100.0,7.0,3.5,0,0,1,50.0,199,76.6,68.9,70.1,,50.6,73.1,0,2,,0,1,0,56.3,1,7,7,0,0,2,0,2,1,0.3,2.0
Cody Fletcher,77231,LB,KANSAS ST,7,1,7.7,55.6,94.3,9.2,5.1,0,0,2,22.2,199,66.5,68.3,78.8,54.5,68.5,47.6,0,19,25.0,1,2,0,74.3,5,50,53,2,2,9,0,56,27,1.2,11.2
Daniel Green,77232,LB,KANSAS ST,13,4,6.1,50.0,86.0,15.2,7.6,0,1,2,10.0,199,35.8,53.9,81.7,65.9,68.8,50.5,0,70,33.3,4,2,0,116.5,10,160,186,4,4,20,2,189,114,1.2,18.9
Xavier Benson,77236,LB,TEXAS TECH,12,5,2.5,81.1,76.2,9.8,7.9,0,0,2,5.4,315,61.8,62.8,87.0,57.5,63.9,66.2,0,48,11.5,3,0,1,101.5,30,307,403,12,18,37,1,229,182,0.8,7.6
Brandon Perce,77241,LB,BOWL GREEN,11,7,7.1,71.9,86.6,12.7,9.2,0,0,1,3.1,122,61.3,52.8,4.8,63.6,49.4,53.5,2,60,18.2,8,1,4,103.9,23,305,352,12,29,32,3,282,148,1.0,12.3
Matt Harmon,77244,ED,KENT STATE,5,0,4.0,100.0,25.0,5.0,5.0,1,0,0,0.0,201,52.2,52.4,11.0,55.1,57.7,46.2,0,13,,0,0,1,118.8,1,5,20,0,0,1,0,13,9,2.6,13.0
Sebastian Spear,77245,ED,KENT STATE,2,0,,,25.0,,,0,0,0,,201,52.5,38.5,74.7,58.5,49.6,25.6,0,,100.0,1,0,0,0.0,0,1,4,0,0,0,0,0,0,0.0,
Daniel Bolden,77252,LB,TOLEDO,12,2,4.9,66.7,82.7,10.2,6.8,0,0,0,0.0,316,72.4,79.4,77.6,50.1,82.3,74.9,0,24,16.7,2,0,0,85.9,6,62,75,4,8,9,0,61,39,1.0,10.2
Kobie Beltram,77260,LB,E MICHIGAN,13,11,3.4,82.1,89.1,11.4,9.4,0,1,4,10.3,160,73.3,64.2,63.2,59.4,57.8,87.7,0,28,4.8,2,4,1,126.9,32,385,432,11,29,39,3,324,203,0.9,10.1
Matthew Buschman,77262,LB,E MICHIGAN,2,0,1.0,100.0,100.0,5.0,5.0,0,0,0,0.0,160,52.4,55.8,72.4,,62.2,80.1,0,8,0.0,0,0,0,100.0,1,6,6,0,1,1,0,8,7,1.6,8.0
Bryce Houston,77265,LB,OHIO,2,0,6.0,100.0,78.6,10.5,10.5,0,0,0,0.0,259,51.5,38.1,77.4,54.9,29.2,35.8,0,13,0.0,0,0,0,112.5,2,22,28,0,1,2,0,22,10,1.0,11.0
Keye Thompson,77266,LB,OHIO,9,1,6.3,80.0,80.3,16.0,12.8,0,0,2,20.0,259,65.9,76.8,82.7,62.2,81.6,57.5,0,44,16.7,1,2,0,145.0,8,139,173,1,4,10,1,108,73,0.8,13.5
Jack McCrory,77267,LB,OHIO,13,1,7.5,100.0,50.0,5.0,5.0,0,0,0,0.0,259,63.1,61.0,83.0,65.2,36.3,85.3,0,22,0.0,0,0,0,108.8,10,52,104,7,7,10,0,101,26,2.0,10.1
Vinny DePalma,77273,LB,BOSTON COL,11,3,8.7,64.7,80.3,8.3,5.4,0,0,1,5.9,121,60.6,58.1,81.5,53.7,57.3,59.5,0,21,18.2,2,1,0,105.5,11,94,117,1,6,17,1,122,52,1.3,11.1
Noah Taylor,77559,ED,VIRGINIA,14,3,9.3,54.5,47.1,14.0,7.6,0,0,1,4.5,335,89.7,76.7,92.1,70.7,60.8,79.7,2,25,12.5,3,1,0,29.2,12,181,384,17,18,22,0,103,42,0.6,8.6
Diego Fagot,77563,LB,NAVY,13,4,4.6,71.4,71.5,16.9,12.1,0,0,1,4.8,237,80.6,74.2,58.1,68.1,65.1,73.8,1,45,10.7,3,1,2,72.7,15,261,365,19,21,21,0,156,96,0.6,10.4
Tony Brown,77565,S,NAVY,10,1,10.8,60.0,72.0,17.7,10.6,0,0,0,0.0,237,51.1,45.1,0.0,56.4,38.8,56.8,0,73,33.3,1,0,1,143.8,3,54,75,0,1,5,1,99,56,1.9,33.0
Dyontae Johnson,77568,LB,TOLEDO,12,0,0.8,75.0,82.4,23.7,17.8,0,0,1,25.0,316,69.0,73.3,81.1,65.5,71.9,79.4,0,28,0.0,0,1,0,111.5,3,75,91,1,4,4,0,45,38,0.6,15.0
Davion Tyson,77572,CB,BALL ST,1,0,,,71.4,,,0,0,0,,117,64.0,56.7,76.4,57.9,49.6,26.9,0,,,0,0,0,0.0,0,5,7,0,0,0,0,0,0,0.0,
Rayshawn Wilborn,77573,S,BALL ST,12,3,13.0,51.4,97.3,22.8,11.7,0,0,5,14.3,117,38.7,43.9,32.0,59.4,52.9,66.1,2,75,7.1,2,5,2,85.7,18,425,437,3,23,35,2,382,166,0.9,21.2
Cameron Fleming,77736,CB,MEMPHIS,1,0,43.0,0.0,100.0,,3.0,0,0,0,0.0,218,50.8,48.4,68.2,,60.0,,0,,,0,0,0,39.6,0,3,3,0,0,1,0,0,0,0.0,
Lavarey Banton,77748,HB,UCONN,1,0,20.5,50.0,100.0,7.0,3.5,0,0,0,0.0,146,42.9,42.0,70.5,,60.0,74.2,0,45,0.0,0,0,0,95.8,1,7,7,0,1,2,0,45,11,6.4,45.0
Brian Norris,77750,LB,USF,4,0,2.0,100.0,81.8,2.3,2.3,0,0,0,0.0,327,54.8,61.4,73.7,86.2,56.5,83.2,0,22,0.0,0,0,0,96.9,4,9,11,1,1,4,0,29,21,3.2,7.3
Trenell Troutman,77810,LB,LOUISVILLE,5,0,5.0,100.0,78.3,8.5,8.5,0,0,0,0.0,210,68.7,65.9,79.0,58.0,61.4,85.1,0,9,0.0,0,0,0,120.8,2,18,23,2,2,2,1,7,0,0.4,3.5
Sean Michael Flanagan,77812,S,OKLA STATE,2,0,8.5,50.0,84.2,15.0,7.5,0,0,1,50.0,262,76.8,66.5,0.0,58.0,57.7,81.5,0,23,0.0,0,1,1,91.7,1,16,19,0,1,2,0,23,7,1.5,23.0
Nate Thompson,77813,S,DUKE,5,0,,,100.0,,,0,0,0,,154,62.9,69.0,71.3,,71.0,78.4,0,,,0,0,0,0.0,0,11,11,0,0,0,0,0,0,0.0,
Malik Dunlap,77814,CB,NC STATE,8,0,17.2,53.3,97.4,9.1,4.8,0,1,8,26.7,248,49.6,51.1,83.3,72.9,53.6,54.5,0,59,25.0,3,4,1,95.1,16,149,153,1,9,30,1,270,75,1.9,16.9
Tyler Baker-Williams,77815,CB,NC STATE,12,2,8.9,51.9,91.9,18.7,9.7,0,0,5,18.5,248,78.1,73.1,47.9,57.6,63.1,68.4,0,27,4.8,1,3,1,74.9,14,273,297,10,18,27,1,112,37,0.4,8.0
Kevin Brennan,77819,S,NAVY,13,3,14.3,60.9,97.4,12.9,7.8,0,0,4,8.7,237,41.5,51.4,17.3,70.2,70.6,62.0,2,70,28.6,8,4,2,117.8,28,372,382,4,17,46,7,480,185,1.3,17.1
Kendarin Ray,77823,S,TULSA,10,0,18.6,60.0,100.0,26.7,16.0,0,1,1,20.0,320,67.9,77.9,80.5,,87.2,89.0,0,49,0.0,0,1,0,104.2,3,92,92,0,5,5,0,64,13,0.8,21.3
Bryson Powers,77824,S,TULSA,10,0,10.7,66.7,100.0,49.0,32.7,0,0,0,0.0,320,53.8,59.9,80.8,,74.5,64.0,0,14,25.0,1,0,0,95.1,2,108,108,0,3,3,0,27,9,0.3,13.5
Daiquain Jackson,77826,S,TULSA,5,0,16.0,0.0,100.0,,10.0,0,0,0,0.0,320,57.4,57.8,72.3,,60.0,73.1,0,,0.0,0,0,0,39.6,0,11,11,0,1,1,0,0,0,0.0,
Brandon Johnson,77827,CB,TULSA,12,2,16.2,62.1,100.0,8.8,5.5,1,0,3,5.2,320,41.5,49.4,53.5,,75.6,79.4,0,90,7.3,3,2,5,128.9,36,344,344,9,36,58,5,645,192,2.0,17.9
Michael Salerno,77828,S,SMU,1,0,23.0,100.0,100.0,4.0,4.0,0,0,0,0.0,287,49.7,40.1,0.0,,,22.2,0,37,100.0,1,0,1,118.8,1,4,4,0,0,1,0,37,14,9.3,37.0
Larry Brooks,77832,S,TULANE,12,1,11.9,42.9,98.8,12.8,5.5,0,1,5,17.9,319,68.0,63.8,85.9,46.6,52.8,40.1,4,37,35.0,7,3,2,20.1,12,163,165,1,12,28,0,147,61,1.0,12.3
Grant Hamel,77833,CB,TULANE,1,0,,,100.0,,,0,0,0,,319,61.8,61.8,69.4,,59.8,,0,,,0,0,0,0.0,0,3,3,0,0,0,0,0,0,0.0,
Macon Clark,77834,S,TULANE,11,1,8.2,54.5,99.0,16.7,9.1,0,1,1,9.1,319,70.8,61.5,0.0,59.9,41.1,41.8,1,35,0.0,0,1,1,72.5,6,103,104,4,7,11,1,86,43,0.9,14.3
Patrick Fields,77835,S,OKLAHOMA,14,1,10.0,63.6,98.2,21.2,13.5,0,0,6,18.2,261,71.0,73.4,26.0,73.5,75.8,77.7,0,39,13.3,4,6,5,95.4,21,482,491,6,25,33,1,239,75,0.5,11.4
Delarrin Turner-Yell,77836,CB,OKLAHOMA,13,3,10.2,58.3,99.3,13.7,8.0,0,0,3,6.3,261,64.3,58.7,21.1,81.6,42.3,54.7,0,78,13.3,6,2,3,110.4,28,421,424,9,36,48,3,448,205,1.2,16.0
JT Woods,77837,S,BAYLOR,14,1,14.5,76.2,98.3,17.1,13.0,0,0,1,4.8,118,53.9,50.0,39.3,50.9,44.8,36.0,0,34,25.0,5,0,1,144.3,16,283,288,3,14,21,2,237,51,0.9,14.8
Christian Morgan,77838,S,BAYLOR,9,2,10.3,50.0,89.7,25.0,12.5,0,0,0,0.0,118,57.9,52.1,76.7,55.5,44.6,34.3,0,26,25.0,2,0,0,76.0,2,52,58,2,4,4,0,31,0,0.6,15.5
Colby Delashaw,77839,S,BAYLOR,1,1,,,100.0,,,0,0,0,,118,64.6,64.2,69.5,,60.0,76.4,0,,0.0,0,0,0,0.0,0,3,3,0,0,0,0,0,0,0.0,
Kanion Williams,77840,S,OKLA STATE,2,1,7.0,0.0,88.9,,15.0,0,0,1,100.0,262,71.8,72.6,74.7,59.5,67.1,80.4,0,,0.0,0,1,0,39.6,0,16,18,0,0,1,0,0,0,0.0,
Jarrick Bernard-Converse,77841,CB,OKLA STATE,13,3,11.2,58.7,97.0,11.7,6.9,0,0,6,9.5,262,61.7,66.2,59.1,73.3,76.3,81.2,1,73,8.1,3,5,1,111.4,37,456,470,13,31,63,6,533,186,1.2,14.4
Jason Taylor II,77842,S,OKLA STATE,7,1,9.0,77.8,94.1,8.1,6.3,0,0,0,0.0,262,57.1,55.2,81.5,56.2,52.3,55.6,0,56,12.5,1,0,0,153.5,7,64,68,2,6,9,2,102,53,1.8,14.6
Kolby Harvell-Peel,77843,S,OKLA STATE,12,1,12.6,48.9,95.9,18.5,9.0,0,1,14,31.1,262,89.5,84.5,89.5,60.4,64.2,55.8,5,63,11.4,4,11,1,44.6,22,423,441,14,30,45,2,287,137,0.7,13.0
C.J. Ceasar II,77846,CB,TCU,1,0,13.3,66.7,100.0,4.0,2.7,0,0,1,33.3,305,81.8,77.4,77.4,,53.6,74.2,0,4,0.0,0,1,0,70.1,2,8,8,1,1,3,0,6,-1,0.8,3.0
Tre'von Moehrig,77847,S,TCU,12,4,12.4,53.2,100.0,16.4,8.7,0,1,15,31.9,305,91.9,91.6,56.7,,76.8,71.6,4,47,18.6,8,12,2,57.8,25,437,437,10,31,47,3,288,144,0.7,11.5
Ar'Darius Washington,77848,S,TCU,12,0,10.9,35.7,98.5,50.0,17.9,0,0,4,28.6,305,92.1,91.7,84.9,71.1,72.4,83.5,5,46,0.0,0,2,0,11.6,5,265,269,8,15,14,0,65,38,0.3,13.0
Kwantel Raines,77851,S,W VIRGINIA,9,1,4.7,90.9,90.1,8.7,7.9,0,0,0,0.0,343,51.0,58.1,82.8,63.2,69.3,28.8,0,24,55.6,5,0,1,100.0,10,91,101,0,3,11,0,88,42,1.0,8.8
Davon Ferguson,77852,S,KANSAS,12,3,10.0,70.0,99.6,16.2,11.4,0,0,1,5.0,198,50.4,57.9,86.8,79.3,66.8,64.1,0,48,17.4,4,1,0,143.5,14,244,245,5,16,20,4,209,76,0.9,14.9
Jeremiah McCullough,77853,S,KANSAS,7,2,7.0,70.0,100.0,20.9,14.6,0,2,4,40.0,198,75.4,72.0,84.9,,62.1,45.9,1,18,23.1,3,4,0,86.3,7,153,153,2,8,10,2,62,28,0.4,8.9
Isaac Gill,77856,CB,OHIO,1,0,19.0,0.0,100.0,,2.0,0,0,0,0.0,259,67.4,71.2,69.7,,60.0,,1,,,0,0,0,0.0,0,2,2,0,0,1,0,0,0,0.0,
Saeed Holt,77857,S,TOLEDO,12,2,9.2,92.3,87.5,11.2,10.3,0,0,1,3.8,316,57.3,63.7,87.6,68.5,70.2,48.9,0,75,28.6,8,1,1,157.2,24,287,328,12,18,26,3,350,166,1.3,14.6
Caleb Sutherland,77858,S,TOLEDO,1,0,,,100.0,,,0,0,0,,316,62.3,59.4,71.0,,57.2,28.7,0,,,0,0,0,0.0,0,4,4,0,0,0,0,0,0,0.0,
Joshua Earl,77859,S,N ILLINOIS,4,0,,,100.0,,,0,0,0,,254,66.6,64.0,74.5,,57.6,78.4,0,,,0,0,0,0.0,0,19,19,0,0,0,0,0,0,0.0,
Malcolm Lee,77861,S,BALL ST,1,0,,,100.0,,,0,0,0,,117,60.0,60.0,63.7,,,,0,,,0,0,0,0.0,0,1,1,0,0,0,0,0,0,0.0,
Cory Gross Jr.,77862,S,BUFFALO,12,1,10.3,50.0,100.0,14.3,7.1,0,0,3,18.8,126,53.5,57.6,84.5,,64.9,73.0,0,33,16.7,2,1,1,99.2,8,123,123,0,9,16,1,133,68,1.2,16.6
Jamison Collier,77863,S,OHIO,2,0,,,100.0,,,0,0,0,,259,61.2,64.1,70.3,,62.0,75.1,0,,,0,0,0,0.0,0,2,2,0,0,0,0,0,0,0.0,
Alex Wolff,77864,S,OHIO,1,0,,,100.0,,,0,0,0,,259,60.8,63.7,68.2,,61.5,75.1,0,,,0,0,0,0.0,0,2,2,0,0,0,0,0,0,0.0,
Jalen Hooks,77865,CB,AKRON,11,1,9.8,69.2,97.1,7.1,4.9,0,0,2,5.1,102,58.9,62.7,84.1,64.8,70.8,69.0,0,40,4.0,1,1,3,101.8,27,199,205,10,23,39,2,233,45,1.2,8.6
Christopher DeLoach,77898,ED,UCF,12,0,,,4.0,,,1,0,0,,323,60.8,62.4,46.6,61.9,62.5,32.2,0,,0.0,0,0,1,0.0,0,4,99,1,1,0,0,0,0,0.0,
Brayden Willis,77917,TE,OKLAHOMA,1,0,,,100.0,,,0,0,0,,261,60.0,62.8,60.0,,,,0,,,0,0,0,0.0,0,1,1,0,0,0,0,0,0,0.0,
Derion Kendrick,78022,CB,CLEMSON,15,1,11.0,54.4,98.7,12.0,6.5,0,1,5,8.8,140,66.6,66.2,49.3,54.1,65.1,86.0,2,43,3.3,1,3,6,73.6,31,382,387,5,28,57,3,318,107,0.9,10.3
Zion Roland,78078,CB,USF,2,0,,,100.0,,,0,0,0,,327,65.7,70.8,77.7,,72.7,79.2,0,,0.0,0,0,0,0.0,0,6,6,0,1,0,0,0,0,0.0,
Jaquayln Crawford,78082,CB,OKLAHOMA,1,0,,,100.0,,,0,0,0,,261,63.5,64.3,71.5,,60.0,,0,,,0,0,0,0.0,0,5,5,0,0,0,0,0,0,0.0,
Drake Stoops,78087,WR,OKLAHOMA,1,0,,,100.0,,,0,0,0,,261,62.9,64.6,60.0,,,70.1,0,,0.0,0,0,0,0.0,0,1,1,0,1,0,0,0,0,0.0,
Kalon Barnes,78089,CB,BAYLOR,14,1,12.6,52.2,96.8,16.8,8.7,0,0,5,21.7,118,75.6,76.3,83.8,63.7,73.0,67.8,1,83,12.5,2,4,3,93.8,12,210,217,2,13,23,2,206,83,1.0,17.2
Will Baxter,78090,CB,BAYLOR,1,0,13.0,100.0,100.0,3.0,3.0,0,0,0,0.0,118,51.2,53.0,70.5,,60.7,74.3,0,18,,0,0,0,118.8,1,3,3,0,0,1,0,18,5,6.0,18.0
Tayvonn Kyle,78131,CB,IOWA STATE,7,3,7.8,68.8,98.5,8.3,5.7,0,0,2,6.3,193,64.0,62.3,83.4,70.4,48.1,61.9,0,32,11.5,3,2,1,93.9,22,192,195,8,20,32,1,185,66,1.0,8.4
Tory Spears,78134,CB,IOWA STATE,1,0,,,100.0,,,0,0,0,,193,65.6,57.7,71.3,,48.2,27.6,0,,0.0,0,0,0,0.0,0,6,6,0,1,0,0,0,0,0.0,
Phillip Brooks,78138,WR,KANSAS ST,1,0,,,100.0,,,0,0,0,,199,62.8,64.5,60.0,,60.0,70.3,0,,0.0,0,0,1,0.0,0,1,1,0,1,0,0,0,0,0.0,
Zyon McGee,78422,S,GA SOUTHRN,7,2,-2.3,100.0,67.6,8.0,8.0,0,0,0,0.0,174,62.6,61.6,80.9,57.4,61.0,63.5,0,9,0.0,0,0,0,88.9,3,25,37,0,0,3,0,16,23,0.7,5.3
Gregory Grate Jr,78672,CB,MIDDLE TN,12,1,11.3,73.5,97.7,6.8,5.0,0,0,2,4.1,224,55.4,57.9,84.2,50.7,68.2,36.4,0,30,32.1,9,1,1,126.3,36,254,260,2,18,49,4,421,101,1.7,11.7
Decorian Patterson,78673,CB,MIDDLE TN,12,2,8.2,70.7,87.7,7.1,5.0,0,0,3,7.3,224,66.0,64.6,88.1,55.1,61.4,64.0,0,96,13.6,3,3,0,125.3,29,213,243,10,17,41,3,392,263,1.9,13.5
Brandon Floyd,78675,S,LA TECH,3,0,11.0,50.0,87.5,14.0,7.0,0,0,0,0.0,208,45.5,53.0,72.0,58.3,69.7,75.1,0,20,,0,0,0,85.4,1,14,16,0,0,2,0,20,6,1.4,20.0
Kendricks Gladney Jr.,78700,S,MIDDLE TN,4,0,4.0,0.0,97.3,,35.0,0,0,0,0.0,224,65.7,69.5,85.8,60.0,75.2,68.8,0,,25.0,1,0,0,39.6,0,36,37,0,3,1,0,0,0,0.0,
Brodrick Calhoun,78987,CB,LA TECH,2,0,3.0,100.0,100.0,7.0,7.0,0,0,0,0.0,208,72.5,75.2,73.4,,72.7,79.6,0,4,0.0,0,0,0,83.3,2,14,14,2,2,2,0,8,2,0.6,4.0
Justin Birdsong,79002,CB,GA SOUTHRN,6,0,2.0,100.0,100.0,14.5,14.5,0,0,0,0.0,174,65.3,66.0,76.9,,65.1,66.1,0,5,50.0,1,0,0,79.2,2,34,34,1,1,2,0,4,0,0.1,2.0
Teldrick Ross,79003,CB,MIDDLE TN,1,0,12.3,75.0,100.0,3.0,2.3,1,0,0,0.0,224,53.9,49.7,0.0,,60.1,46.5,0,38,50.0,1,0,1,116.7,3,11,11,0,1,4,0,75,27,8.3,25.0
Deonta Bembry,79011,CB,GA SOUTHRN,2,0,,,100.0,,,0,0,0,,174,64.0,65.2,73.0,,62.4,,0,,,0,0,0,0.0,0,6,6,0,0,0,0,0,0,0.0,
Jaden Moreland,79029,LB,GA SOUTHRN,1,0,,,100.0,,,0,0,0,,174,60.0,61.6,64.4,,60.0,,0,,,0,0,0,0.0,0,1,1,0,0,0,0,0,0,0.0,
Parker Devine,79211,DI,GA SOUTHRN,10,1,,,6.8,,,0,0,0,,174,64.8,67.6,80.2,61.6,66.9,76.6,0,,0.0,0,0,0,0.0,0,3,44,0,0,0,0,0,0,0.0,
Elijah Campbell Jr.,79216,ED,GA SOUTHRN,11,0,,,3.8,,,0,0,0,,174,57.2,51.0,77.9,50.9,56.1,38.2,0,,100.0,1,0,0,0.0,0,2,53,0,0,0,0,0,0,0.0,
Jorden Starling,79217,ED,MIDDLE TN,12,0,,,0.6,,,0,0,0,,224,62.7,60.2,32.0,47.4,73.0,55.5,0,,16.7,1,0,2,0.0,0,1,166,4,5,0,0,0,0,0.0,
Dillon Springer,79218,ED,GA SOUTHRN,13,2,,,2.4,,,0,0,0,,174,63.5,63.4,82.5,61.8,60.4,60.3,0,,20.0,1,0,0,0.0,0,5,210,6,2,0,0,0,0,0.0,
Quin Williams,79223,ED,GA SOUTHRN,13,0,5.5,100.0,33.6,20.0,20.0,0,0,0,0.0,174,68.1,62.9,86.9,65.9,51.3,56.4,0,7,0.0,0,0,0,91.7,2,40,119,3,3,2,0,12,1,0.3,6.0
Jordan Branch,79367,DI,MIDDLE TN,12,0,,,2.0,,,0,0,0,,224,55.3,49.0,82.3,55.3,46.8,34.6,0,,,0,0,0,0.0,0,2,101,1,0,0,0,0,0,0.0,
Jarek Campbell,79505,ED,MIDDLE TN,4,0,,,52.9,,,0,0,0,,224,59.2,62.4,76.5,61.3,63.5,77.1,0,,,0,0,0,0.0,0,9,17,1,0,0,0,0,0,0.0,
Connor Taylor,79520,LB,LA TECH,13,3,5.2,69.2,86.3,29.0,20.1,0,0,2,15.4,208,83.8,74.5,50.5,63.5,65.4,64.6,1,24,20.0,4,2,1,49.5,9,270,313,9,13,13,0,68,54,0.3,7.6
C.J. Wright,79640,DI,GA SOUTHRN,10,0,,,0.7,,,0,0,0,,174,55.3,84.5,85.9,64.7,90.6,74.1,0,,100.0,1,0,0,0.0,0,1,136,0,0,0,0,0,0,0.0,
Matthew McQuinn,81159,CB,APP STATE,1,0,,,100.0,,,0,0,0,,108,60.0,60.4,63.8,,,,0,,,0,0,0,0.0,0,1,1,0,0,0,0,0,0,0.0,
Nick Hampton,81162,ED,APP STATE,14,0,5.7,66.7,6.0,7.0,4.7,0,0,0,0.0,108,64.1,77.3,26.9,78.3,72.2,79.3,0,14,28.6,2,0,2,71.5,2,14,233,8,5,3,0,10,4,0.7,5.0
Jordan Mitchell,81163,LB,APP STATE,3,0,,,100.0,,,0,1,1,,108,76.0,82.3,72.2,,71.0,73.1,0,,,0,1,0,0.0,0,10,10,0,0,0,0,0,0,0.0,
Logan Doublin,81165,LB,APP STATE,4,0,-1.0,100.0,85.7,8.5,8.5,0,0,0,0.0,108,63.4,78.0,74.1,56.3,85.6,83.1,0,15,0.0,0,0,0,95.8,2,18,21,1,1,2,0,14,16,0.8,7.0
Trey Cobb,81166,LB,APP STATE,14,1,6.9,75.0,82.6,15.7,11.8,0,0,0,0.0,108,41.7,56.0,46.8,62.0,69.4,64.5,0,34,20.0,3,0,1,110.4,15,251,304,3,11,20,0,220,136,0.9,14.7
Tyler Bird,81168,LB,APP STATE,7,1,7.0,100.0,93.1,13.0,13.0,0,1,1,50.0,108,69.8,70.2,73.1,66.4,62.0,47.2,0,12,0.0,0,1,0,106.3,2,27,29,1,3,2,0,19,5,0.7,9.5
Merlin Robertson,81171,LB,ARIZONA ST,13,6,4.3,77.8,50.1,11.6,9.0,0,1,2,7.4,110,55.3,58.4,41.1,57.1,63.2,68.5,1,26,18.2,4,2,3,114.2,21,254,507,8,12,27,2,248,178,1.0,11.8
Khaylan Kearse-Thomas,81172,LB,ARIZONA ST,13,5,3.5,72.2,61.7,9.3,6.8,0,0,1,2.8,110,55.1,61.3,42.4,66.0,63.9,38.4,2,29,26.5,9,1,4,73.4,26,251,407,17,20,36,0,296,235,1.2,11.4
Darien Butler,81174,LB,ARIZONA ST,13,4,4.0,80.8,63.3,12.1,9.8,0,1,0,0.0,110,53.3,63.9,42.6,67.4,68.5,67.0,0,25,15.4,4,0,2,126.1,21,266,420,7,18,26,2,211,139,0.8,10.0
Andrew Parker,81176,LB,ARKANSAS,4,1,-0.5,100.0,100.0,9.0,9.0,0,0,0,0.0,111,50.6,39.8,75.4,,38.6,80.6,0,8,0.0,0,0,0,95.8,2,19,19,0,0,2,0,14,15,0.8,7.0
Bumper Pool,81177,LB,ARKANSAS,12,2,2.7,87.0,77.1,11.6,10.0,0,0,2,8.7,111,63.2,54.6,83.6,77.9,41.1,59.4,0,48,16.0,4,2,1,113.8,20,243,315,9,19,23,1,180,116,0.8,9.0
Kemonte Yow,81189,LB,ARMY,3,0,14.0,0.0,76.9,,10.0,0,0,0,0.0,114,61.6,64.5,71.5,56.9,66.1,76.7,0,,,0,0,0,39.6,0,10,13,0,0,1,0,0,0,0.0,
Arik Smith,81190,LB,ARMY,13,2,8.2,94.1,71.0,16.2,15.2,0,0,0,0.0,114,54.8,59.4,88.2,66.2,58.4,52.6,0,37,21.1,4,0,0,118.8,16,269,379,9,13,17,0,241,102,0.9,15.1
Zakoby McClain,81192,LB,AUBURN,12,2,4.7,75.0,88.2,14.3,10.8,0,0,0,0.0,115,70.6,80.4,82.0,63.4,84.8,83.3,1,21,0.0,0,0,0,91.0,9,135,153,5,8,12,1,96,54,0.7,10.7
Michael Harris,81193,LB,AUBURN,3,0,-1.0,100.0,88.2,14.0,14.0,0,0,0,0.0,115,63.5,55.9,0.0,57.9,60.8,20.1,0,1,,0,0,1,79.2,1,15,17,0,0,1,0,1,2,0.1,1.0
Tanner Dean,81194,LB,AUBURN,3,0,0.0,50.0,100.0,5.0,2.5,0,0,0,0.0,115,75.3,88.3,71.2,,85.4,79.7,0,-2,0.0,0,0,0,56.3,1,5,5,1,2,2,0,-2,2,-0.4,-2.0
Josh Marsh,81195,LB,AUBURN,2,0,2.0,100.0,83.3,10.0,10.0,0,0,0,0.0,115,54.0,63.0,72.3,58.5,75.6,76.0,0,15,0.0,0,0,0,118.8,1,10,12,0,1,1,0,15,13,1.5,15.0
Brandon Hawkins,81198,LB,BOISE ST,6,1,5.7,100.0,80.8,14.0,14.0,0,0,1,33.3,120,56.6,61.4,77.2,69.2,61.6,45.0,0,28,66.7,2,1,0,118.8,3,42,52,1,0,3,0,40,23,1.0,13.3
William Stewart,81208,LB,COAST CAR,1,0,,,100.0,,,0,0,0,,141,60.0,61.0,64.2,,,,0,,,0,0,0,0.0,0,1,1,0,0,0,0,0,0,0.0,
Cincir Evans,81209,LB,COAST CAR,11,3,5.4,82.8,84.5,7.9,6.6,0,0,1,3.4,141,57.1,52.9,56.5,62.7,46.2,44.1,1,35,13.3,2,1,2,112.2,24,202,239,4,10,29,2,257,145,1.4,10.7
Teddy Gallagher,81210,LB,COAST CAR,11,2,6.0,85.7,94.2,11.4,9.8,0,0,1,3.6,141,45.1,47.2,24.6,49.6,51.6,48.8,0,31,13.0,3,1,2,112.5,24,293,311,11,18,28,1,228,125,0.8,9.5
Jamar Darboe,81213,LB,COAST CAR,4,1,6.5,100.0,100.0,17.5,17.5,0,0,0,0.0,141,62.8,61.5,72.4,,59.5,75.4,0,21,0.0,0,0,0,118.8,2,35,35,0,2,2,0,27,14,0.8,13.5
Andrew Chatfield Jr.,81219,ED,FLORIDA,7,0,,,11.8,,,0,0,0,,163,61.8,71.2,79.4,57.1,76.2,76.7,0,,,0,0,0,0.0,0,4,34,0,0,0,0,0,0,0.0,
Rocky Jacques-Louis,81222,LB,FIU,8,0,0.3,75.0,55.0,7.0,5.3,0,0,0,0.0,166,44.6,50.9,78.8,64.6,53.1,73.7,0,18,0.0,0,0,0,92.7,3,22,40,1,1,4,0,27,22,1.3,9.0
Khalan Tolson,81241,LB,ILLINOIS,4,4,6.8,63.6,85.7,15.4,9.8,0,0,1,9.1,187,63.5,59.9,83.1,64.4,54.5,55.2,0,29,0.0,0,1,0,111.6,7,114,133,5,5,11,1,69,36,0.6,9.9
James Miller,81243,LB,INDIANA,13,0,2.2,100.0,82.1,7.4,7.4,0,0,0,0.0,190,42.2,60.1,79.5,74.3,69.4,68.1,0,76,0.0,0,0,0,155.8,9,69,84,2,4,9,1,167,147,2.5,18.6
Cam Jones,81244,LB,INDIANA,12,2,5.1,68.4,85.9,12.1,8.3,0,0,2,10.5,190,66.9,62.0,18.1,74.1,51.2,67.2,1,72,13.3,2,2,1,92.9,13,170,198,8,11,19,1,174,109,1.1,13.4
Aaron Casey,81245,LB,INDIANA,4,0,-0.5,100.0,77.8,6.5,6.5,0,0,0,0.0,190,55.2,74.4,73.1,84.8,77.5,32.1,0,5,100.0,1,0,0,85.4,2,14,18,1,0,2,0,9,10,0.7,4.5
Micah McFadden,81246,LB,INDIANA,13,0,4.6,75.0,72.4,11.3,8.5,0,0,3,10.7,190,55.5,70.6,23.3,81.9,72.3,35.6,2,45,40.0,10,2,2,100.0,21,257,355,9,15,28,2,278,218,1.2,13.2
Joe Evans,81247,ED,IOWA,8,0,0.0,100.0,3.8,3.0,3.0,0,0,0,0.0,192,50.9,58.5,82.6,66.5,35.7,79.3,0,16,33.3,1,0,0,118.8,1,3,79,5,2,1,0,16,16,5.3,16.0
Djimon Colbert,81250,LB,IOWA,13,2,2.9,67.8,89.0,9.6,6.5,0,1,5,8.5,192,77.9,58.7,88.3,46.9,40.0,59.0,1,23,19.4,7,5,0,73.5,40,396,445,14,27,59,1,231,189,0.6,5.8
Dillon Doyle,81254,LB,IOWA,6,1,6.3,100.0,88.0,7.7,7.7,0,0,0,0.0,192,42.0,42.0,81.1,51.5,47.5,56.1,0,28,16.7,1,0,0,118.8,12,95,108,1,4,12,0,150,75,1.6,12.5
Seth Benson,81255,LB,IOWA,1,0,,,60.0,,,0,0,0,,192,63.7,66.6,73.3,58.1,66.0,61.8,0,,0.0,0,0,0,0.0,0,3,5,0,1,0,0,0,0,0.0,
Jackson High,81264,LB,KENTUCKY,1,0,-4.0,100.0,100.0,3.0,3.0,0,0,0,0.0,202,50.3,43.3,65.9,,,73.1,0,21,0.0,0,0,0,118.8,1,3,3,0,1,1,0,21,25,7.0,21.0
DeAndre Square,81267,LB,KENTUCKY,12,2,4.4,63.3,90.6,14.9,9.4,0,0,1,3.3,202,59.3,64.6,86.9,77.6,62.7,76.6,1,74,12.5,3,1,0,87.6,19,299,330,11,19,30,1,256,188,0.9,13.5
Lorenzo McCaskill,81272,LB,LA LAFAYET,13,6,5.3,66.7,80.0,12.3,8.2,0,0,0,0.0,207,52.5,51.7,0.0,57.6,58.7,90.9,0,30,0.0,0,0,4,87.9,10,132,165,2,9,15,0,109,60,0.9,10.9
Kris Moncrief,81273,ED,LA LAFAYET,14,3,-0.8,100.0,27.1,10.7,10.7,0,0,1,16.7,207,63.9,60.4,48.1,62.4,58.1,56.9,0,58,11.1,1,1,2,158.3,6,67,247,10,5,6,1,88,93,1.4,14.7
Jordan Cordova,81274,LB,LA LAFAYET,6,1,4.5,100.0,65.8,11.5,11.5,0,0,0,0.0,207,49.1,49.0,0.0,59.2,59.0,51.1,0,7,0.0,0,0,1,93.8,2,25,38,0,1,2,0,13,4,0.6,6.5
Jourdan Quibodeaux,81275,LB,LA LAFAYET,13,2,4.4,75.0,72.1,13.0,9.8,0,1,1,12.5,207,57.6,58.4,83.0,67.4,55.3,66.0,0,18,0.0,0,1,1,92.7,6,80,111,1,6,8,0,54,28,0.7,9.0
AJ Riley,81279,ED,LA LAFAYET,3,0,7.0,0.0,31.3,,3.0,0,0,0,0.0,207,62.2,62.8,77.1,60.1,61.1,,0,,,0,0,0,39.6,0,5,16,0,0,1,0,0,0,0.0,
KeyShawn Johnson,81280,LB,LA MONROE,5,0,7.3,66.7,63.6,2.5,1.7,0,0,0,0.0,209,48.0,54.9,81.8,55.6,59.5,40.5,0,13,0.0,0,0,0,118.1,2,7,11,1,1,3,1,15,6,3.0,7.5
Micah Baskerville,81281,LB,LSU,9,0,5.0,50.0,89.4,29.0,14.5,0,1,1,25.0,211,68.2,73.4,79.1,60.3,74.5,73.7,0,5,33.3,1,1,0,56.3,2,59,66,2,2,4,0,6,5,0.1,3.0
Damone Clark,81282,LB,LSU,15,3,2.6,85.7,61.6,9.1,7.8,0,0,0,0.0,211,60.6,66.0,43.6,67.3,67.9,73.5,0,45,13.3,2,0,1,108.6,12,117,190,12,10,14,0,141,134,1.3,11.8
Jordan Mosley,81290,S,MARYLAND,12,5,9.3,57.7,99.7,20.3,11.7,0,2,3,11.5,215,63.2,62.5,46.2,58.6,62.1,78.6,1,29,3.7,1,3,1,84.9,15,321,322,4,21,26,2,157,82,0.5,10.5
Tanyi Makia,81294,ED,MARYLAND,1,0,,,100.0,,,0,0,0,,215,60.0,68.4,71.5,,66.1,72.2,0,,,0,0,0,0.0,0,1,1,0,0,0,0,0,0,0.0,
Chance Campbell,81295,LB,MARYLAND,10,1,7.4,71.4,85.2,11.5,8.2,0,0,3,14.3,215,75.7,76.0,84.2,65.3,72.0,78.2,1,30,13.0,3,3,1,73.5,15,184,216,7,19,21,0,160,95,0.9,10.7
Oladimeji Olayinka,81296,ED,MARYLAND,8,0,9.0,0.0,8.5,,3.0,0,0,0,0.0,215,61.1,58.0,82.5,65.7,46.7,38.5,0,,,0,0,0,39.6,0,4,47,1,0,1,0,0,0,0.0,
David Brownlee,81297,LB,MARYLAND,1,0,,,100.0,,,0,0,0,,215,60.0,62.7,66.1,,60.0,,0,,,0,0,0,0.0,0,1,1,0,0,0,0,0,0,0.0,
Cameron McGrone,81300,LB,MICHIGAN,12,3,4.6,60.0,78.5,21.6,13.0,1,0,0,0.0,222,47.5,69.1,56.0,76.4,75.4,72.5,0,31,21.4,3,0,3,124.0,12,281,358,9,8,20,2,185,136,0.7,15.4
Chase Kline,81302,ED,MICH STATE,8,0,19.5,0.0,38.9,,7.0,0,0,1,50.0,223,78.4,66.9,77.7,59.5,53.9,76.2,0,,,0,1,0,39.6,0,14,36,1,0,2,0,0,0,0.0,
Thomas Rush,81306,LB,MINNESOTA,3,0,9.0,0.0,76.5,,6.5,0,0,0,0.0,225,64.4,64.4,78.9,55.2,64.4,79.7,0,,0.0,0,0,0,39.6,0,13,17,0,1,2,0,0,0,0.0,
Braelen Oliver,81307,LB,MINNESOTA,13,3,9.4,76.5,83.6,9.5,7.3,0,1,1,5.9,225,31.9,42.4,6.6,73.0,56.9,33.8,0,70,33.3,5,1,1,157.1,13,127,152,7,7,17,2,315,196,2.5,24.2
Mariano Sori-Marin,81309,LB,MINNESOTA,10,1,3.7,83.3,90.4,15.3,12.8,0,0,0,0.0,225,53.6,58.9,3.7,61.7,65.9,67.9,0,16,25.0,4,0,2,124.3,10,160,177,4,11,12,1,86,44,0.6,8.6
Jacquez Jones,81311,LB,OLE MISS,11,4,1.3,86.2,86.9,9.2,8.0,0,0,0,0.0,226,61.7,57.6,36.8,62.4,54.2,73.9,0,16,12.9,4,0,1,92.0,25,238,274,13,23,29,0,176,149,0.8,7.0
Luke Knox,81312,ED,OLE MISS,11,0,2.1,57.1,51.5,7.8,4.4,0,1,1,14.3,226,58.2,48.3,83.9,51.9,40.3,28.3,0,18,66.7,2,1,0,67.0,4,34,66,1,1,7,0,29,42,0.9,7.3
Nathaniel Watson,81317,LB,MISS STATE,2,0,9.0,0.0,81.3,,13.0,0,0,0,0.0,227,49.4,54.7,73.9,55.8,65.8,76.1,0,,,0,0,0,39.6,0,13,16,0,0,1,0,0,0,0.0,
Aaron Brule,81318,LB,MISS STATE,9,1,9.3,75.0,82.9,10.7,8.0,0,0,0,0.0,227,51.5,55.4,77.4,69.1,56.6,46.4,0,30,33.3,1,0,0,116.7,3,34,41,2,1,4,0,65,44,2.0,21.7
Nick Bolton,81322,LB,MISSOURI,12,5,4.7,58.6,89.3,19.4,11.4,1,2,8,27.6,229,90.4,91.1,58.3,74.4,89.5,79.0,2,61,14.8,4,8,1,71.0,17,352,394,9,18,29,2,180,151,0.5,10.6
Cameron Wilkins,81325,LB,MISSOURI,8,1,4.6,71.4,84.7,14.0,10.0,0,0,0,0.0,229,52.7,76.6,83.3,68.2,87.4,71.6,1,9,25.0,1,0,0,44.6,5,72,85,2,2,7,0,38,18,0.5,7.6
Chris Cassidy,81328,LB,NEBRASKA,2,0,13.0,0.0,88.9,,8.0,0,0,0,0.0,238,34.8,31.1,72.7,60.0,54.9,73.6,0,,,0,0,0,39.6,0,8,9,0,0,1,0,0,0,0.0,
James Fotofili,81329,LB,NEVADA,10,0,-2.3,100.0,75.4,17.0,17.0,0,0,0,0.0,239,62.9,54.7,77.3,47.5,50.2,35.0,0,4,33.3,1,0,0,79.2,3,52,69,2,2,3,0,5,12,0.1,1.7
Giovanni Miranda,81330,LB,NEVADA,7,0,,,64.7,,,0,0,0,,239,71.1,63.4,73.8,70.2,48.1,45.3,0,,50.0,1,0,0,0.0,0,22,34,0,1,0,0,0,0,0.0,
Dylan Horton,81335,ED,NEW MEXICO,5,2,4.3,83.3,36.0,5.5,4.6,0,0,0,0.0,241,49.9,67.0,88.1,73.3,67.7,88.9,0,53,0.0,0,0,0,133.3,10,58,161,6,7,12,1,112,62,2.0,11.2
Alexander Moana Vainikolo,81337,LB,NEW MEXICO,12,1,3.0,75.0,67.5,15.7,11.8,0,0,0,0.0,241,58.9,65.8,44.0,76.4,63.9,70.2,0,32,22.2,4,0,2,101.6,18,291,431,13,13,24,1,133,108,0.5,7.4
K.D. Davis,81340,LB,N TEXAS,12,3,3.8,75.0,83.8,25.6,19.2,0,0,1,6.3,251,57.3,59.9,28.4,56.0,64.6,72.3,0,34,28.6,6,1,2,119.3,12,326,389,12,12,16,1,130,111,0.4,10.8
Larry Nixon III,81342,LB,N TEXAS,7,0,2.0,100.0,84.4,25.0,25.0,0,0,1,50.0,251,87.7,81.7,78.1,53.8,71.5,71.9,0,32,33.3,1,1,0,118.8,2,54,64,0,2,2,0,39,35,0.8,19.5
Jaylen Rivers,81343,ED,NWESTERN,1,0,,,100.0,,,0,0,0,,256,61.8,52.1,76.8,,48.4,20.4,0,,,0,0,0,0.0,0,3,3,0,0,0,0,0,0,0.0,
Khalid Jones,81346,ED,NWESTERN,1,0,,,100.0,,,0,0,0,,256,53.4,52.7,71.7,,60.5,24.9,0,,100.0,1,0,0,0.0,0,2,2,0,0,0,0,0,0,0.0,
Ovie Oghoufo,81347,ED,NOTRE DAME,7,0,4.0,100.0,7.4,4.0,4.0,0,0,0,0.0,258,50.5,71.8,24.2,65.0,80.0,82.0,0,8,0.0,0,0,1,100.0,1,4,54,0,1,1,0,8,4,2.0,8.0
Jack Lamb,81348,LB,NOTRE DAME,7,0,-2.0,80.0,59.7,9.8,7.8,0,0,0,0.0,258,63.2,53.0,83.9,52.0,43.6,54.0,0,8,25.0,1,0,0,80.0,4,40,67,2,3,5,0,16,19,0.4,4.0
Shayne Simon,81349,LB,NOTRE DAME,6,0,0.0,0.0,77.5,,31.0,0,0,0,0.0,258,65.9,76.3,79.1,66.8,77.9,59.4,0,,,0,0,0,39.6,0,31,40,0,0,1,0,0,0,0.0,
Bo Bauer,81350,LB,NOTRE DAME,5,0,0.0,100.0,91.7,19.0,19.0,0,0,0,0.0,258,66.1,70.7,77.5,79.0,65.3,74.7,0,2,,0,0,0,79.2,1,22,24,0,0,1,0,2,2,0.1,2.0
Teradja Mitchell,81351,LB,OHIO STATE,8,1,5.2,80.0,81.5,10.5,8.4,0,0,1,20.0,260,70.2,75.1,74.4,59.9,76.9,64.5,0,12,16.7,1,0,0,85.0,4,44,54,2,4,5,0,22,5,0.5,5.5
Dallas Gant,81352,LB,OHIO STATE,10,0,8.0,66.7,81.5,20.0,13.3,0,0,0,0.0,260,55.1,82.2,80.8,88.9,88.3,87.1,0,17,0.0,0,0,0,97.9,2,44,54,1,1,3,0,29,1,0.7,14.5
K'Vaughan Pope,81353,LB,OHIO STATE,6,1,8.0,0.0,78.8,,12.0,0,0,0,0.0,260,80.3,81.4,76.2,69.4,72.2,71.2,2,,0.0,0,0,0,0.0,0,26,33,0,0,2,0,0,0,0.0,
Matthew Tago,81356,ED,OREGON ST,8,1,0.4,100.0,35.3,7.8,7.8,0,0,0,0.0,265,67.7,53.3,87.0,54.3,44.8,53.7,0,16,25.0,1,0,0,86.7,5,42,119,2,2,5,0,24,22,0.6,4.8
John McCartan,81357,ED,OREGON ST,12,0,6.0,57.1,37.9,23.3,13.3,0,0,2,28.6,265,68.0,60.0,68.1,52.9,60.1,45.1,1,35,36.4,4,1,1,91.4,4,99,261,7,7,7,1,70,59,0.8,17.5
Micah Parsons,81360,LB,PENN STATE,13,6,6.5,65.1,77.5,11.1,7.2,0,3,4,9.3,266,68.5,91.6,55.5,86.8,94.8,90.0,0,40,0.0,0,4,1,89.3,28,324,418,12,22,43,0,340,179,1.1,12.1
Jesse Luketa,81361,LB,PENN STATE,13,0,4.1,52.9,86.5,11.4,6.1,0,2,4,23.5,266,76.0,71.3,80.3,50.6,65.9,82.5,0,19,10.0,1,3,0,59.4,9,109,126,5,9,17,0,54,27,0.5,6.0
Charlie Katshir,81362,CB,PENN STATE,6,0,-7.0,100.0,91.7,22.0,22.0,0,0,0,0.0,266,58.9,72.2,76.1,58.3,91.5,61.8,0,3,50.0,1,0,0,79.2,1,22,24,0,1,1,0,3,10,0.1,3.0
Jaylan Alexander,81363,LB,PURDUE,11,5,4.6,75.0,76.7,10.8,8.1,0,0,1,6.3,273,53.0,55.3,87.3,51.5,59.1,52.3,0,18,21.4,3,1,0,87.5,12,135,176,4,6,16,0,88,63,0.7,7.3
Deion Jennings,81371,ED,RUTGERS,11,1,3.2,80.0,57.7,6.4,5.1,0,0,1,10.0,278,61.8,63.5,85.5,66.2,61.3,72.9,1,29,0.0,0,1,0,58.3,8,56,97,0,4,10,0,75,53,1.5,9.4
Chike Nwankwo,81372,LB,RUTGERS,1,0,,,85.7,,,0,0,0,,278,62.7,65.5,69.9,60.0,64.3,78.9,0,,,0,0,0,0.0,0,6,7,0,0,0,0,0,0,0.0,
Viliami Fehoko Jr.,81376,ED,S JOSE ST,12,0,,,0.9,,,0,0,0,,285,65.1,61.4,69.8,68.4,54.8,55.7,0,,28.6,2,0,1,0.0,0,2,219,1,5,0,0,0,0,0.0,
Kyle Harmon,81377,LB,S JOSE ST,12,4,7.2,72.7,81.5,23.8,17.3,0,0,1,9.1,285,59.2,51.4,85.8,67.8,46.4,52.9,0,31,38.5,5,0,0,124.8,8,194,238,2,4,11,1,84,37,0.4,10.5
Isa'ako Togia,81380,LB,S JOSE ST,3,0,6.0,100.0,93.3,14.0,14.0,0,0,0,0.0,285,44.1,48.5,74.0,59.4,61.1,21.0,0,6,,0,0,0,91.7,1,14,15,0,0,1,0,6,0,0.4,6.0
Christian Webb,81381,ED,S JOSE ST,6,0,,,58.3,,,0,0,0,,285,64.4,67.1,80.5,61.1,66.6,82.1,0,,,0,0,0,0.0,0,14,24,0,0,0,0,0,0,0.0,
Roy Yancey,81391,LB,S ALABAMA,11,0,3.5,90.0,92.5,14.7,13.2,0,0,0,0.0,288,50.4,60.6,79.4,64.3,66.9,74.3,0,52,10.0,1,0,0,156.3,9,136,147,6,9,10,2,120,83,0.9,13.3
Kade Koler,81392,LB,S ALABAMA,1,0,,,100.0,,,0,0,0,,288,60.0,62.4,67.3,,60.2,,0,,,0,0,0,0.0,0,1,1,0,0,0,0,0,0,0.0,
Rosendo Louis Jr.,81397,LB,S CAROLINA,3,0,3.5,50.0,86.4,19.0,9.5,0,0,0,0.0,289,57.4,61.3,71.6,53.8,70.1,42.9,0,18,100.0,1,0,0,81.3,1,19,22,0,0,2,0,18,15,0.9,18.0
Ernest Jones,81399,LB,S CAROLINA,12,9,5.4,68.4,86.6,12.5,8.5,0,0,3,7.9,289,63.4,64.7,58.7,56.6,66.9,70.2,2,81,16.1,5,3,1,96.9,26,342,395,7,17,38,2,385,284,1.2,14.8
Hayes Maples,81400,LB,SO MISS,10,1,4.5,66.7,63.9,14.8,9.8,0,0,0,0.0,296,59.5,61.3,0.0,61.8,64.6,49.2,0,64,12.5,1,0,1,149.3,4,62,97,4,6,6,1,90,70,1.5,22.5
Ty'Ree Evans,81401,LB,SO MISS,5,0,-6.0,100.0,50.0,7.5,7.5,0,0,0,0.0,296,55.9,62.2,76.9,66.7,61.1,76.7,0,5,,0,0,0,85.4,2,16,32,1,0,2,0,9,21,0.6,4.5
J.J. Peterson,81406,LB,TENNESSEE,6,0,0.0,100.0,94.3,16.0,16.0,0,0,0,0.0,307,60.2,64.8,73.5,64.0,66.8,84.0,0,21,0.0,0,0,0,118.8,2,33,35,1,3,2,0,25,25,0.8,12.5
KJ Robertson,81421,LB,TROY,12,4,3.4,80.6,80.4,9.5,7.6,0,0,2,6.5,318,74.9,70.3,55.8,76.2,60.3,73.0,0,40,7.7,2,2,1,108.1,25,246,306,9,20,31,1,228,139,1.0,9.1
Antonio Showers,81422,ED,TROY,11,0,-3.5,50.0,7.6,13.0,6.5,0,0,0,0.0,318,56.7,68.9,59.0,64.6,72.5,46.2,0,5,100.0,1,0,1,56.3,1,14,184,1,0,2,0,5,11,0.4,5.0
Deshaun Oliver Jr.,81424,LB,UAB,2,0,7.0,33.3,100.0,11.0,3.7,0,0,1,33.3,321,63.2,54.1,73.7,,43.7,38.0,0,13,50.0,1,0,0,47.9,1,11,11,0,1,3,0,13,2,1.2,13.0
Nikia Eason Jr.,81426,ED,UAB,7,0,,,3.6,,,0,0,0,,321,55.1,73.6,82.0,66.4,80.3,55.3,0,,66.7,2,0,0,0.0,0,2,56,0,1,0,0,0,0,0.0,
Bo Calvert,81431,LB,UCLA,1,0,-1.0,100.0,64.7,6.7,6.7,0,0,0,0.0,324,69.2,50.3,74.0,53.9,36.5,61.1,0,10,33.3,1,0,0,90.3,3,22,34,2,2,3,0,17,20,0.9,5.7
Je'Vari Anderson,81432,LB,UCLA,3,1,3.0,100.0,80.0,5.0,5.0,0,0,0,0.0,324,65.1,50.2,73.8,66.0,30.7,80.3,0,21,0.0,0,0,0,118.8,3,16,20,1,2,3,0,39,30,2.6,13.0
Elijah Wade,81433,DI,UCLA,4,0,,,1.5,,,0,0,0,,324,60.5,76.3,80.3,62.2,80.6,80.7,0,,0.0,0,0,0,0.0,0,1,67,1,1,0,0,0,0,0.0,
Malakai Salu,81434,LB,UNLV,7,0,6.3,75.0,88.6,12.3,9.3,0,0,0,0.0,325,45.6,49.3,78.0,54.1,57.0,47.3,0,20,100.0,1,0,0,139.6,3,39,44,0,0,4,1,34,11,0.9,11.3
Sione Lund,81438,LB,UTAH,8,1,5.0,80.0,88.5,11.3,9.0,0,0,0,0.0,328,51.8,62.0,77.4,62.7,74.4,81.9,0,20,0.0,0,0,0,114.2,4,46,52,0,2,5,0,57,40,1.3,14.3
Andrew Mata'Afa,81439,LB,UTAH,5,1,12.0,100.0,83.3,12.5,12.5,0,1,0,0.0,328,75.9,79.3,76.9,66.5,69.1,79.9,0,17,0.0,0,0,0,118.8,2,25,30,2,3,2,0,25,1,1.0,12.5
Elijah Shelton,81442,LB,UTAH ST,5,1,3.0,75.0,78.9,13.5,10.1,0,0,0,0.0,329,37.0,46.3,80.4,57.4,56.5,47.9,0,15,44.4,4,0,2,128.6,6,86,109,1,4,8,1,47,34,0.6,7.8
Eric Munoz,81446,LB,UTAH ST,5,2,6.2,36.4,81.5,22.5,8.2,0,0,0,0.0,329,81.8,62.4,80.5,56.3,46.4,59.0,2,17,14.3,2,0,0,6.4,4,97,119,5,10,11,0,36,36,0.4,9.0
Elijah Ruiz,81447,LB,UTEP,1,0,2.3,100.0,63.2,2.8,2.8,0,0,0,0.0,330,42.4,46.7,77.3,61.5,60.2,28.7,0,17,66.7,2,0,0,95.8,4,12,19,1,1,4,0,28,19,2.5,7.0
Trumane Bell II,81452,DI,UTSA,1,0,,,33.3,,,0,0,0,,331,60.0,80.1,69.8,79.0,73.4,74.5,0,,,0,0,0,0.0,0,1,3,1,0,0,0,0,0,0.0,
Alston Orji,81453,ED,VANDERBILT,1,0,,,100.0,,,0,0,0,,333,60.1,70.5,70.8,,64.1,72.2,0,,,0,0,0,0.0,0,2,2,0,0,0,0,0,0,0.0,
Elijah McAllister,81455,ED,VANDERBILT,12,1,,,1.6,,,0,0,0,,333,74.4,65.6,86.0,60.3,64.1,73.4,0,,0.0,0,0,0,0.0,0,2,124,4,3,0,0,0,0,0.0,
Jackson Sirmon,81458,LB,WASHINGTON,11,1,3.7,100.0,87.3,10.7,10.7,0,0,0,0.0,340,71.7,71.8,81.1,79.3,62.9,51.7,0,31,0.0,0,0,0,131.3,10,110,126,4,11,10,1,75,38,0.7,7.5
Edefuan Ulofoshio,81459,LB,WASHINGTON,6,4,1.2,100.0,89.7,10.4,10.4,0,0,0,0.0,340,76.1,81.9,78.9,82.1,78.9,85.0,0,11,0.0,0,0,0,114.6,12,131,146,5,10,12,1,58,44,0.5,4.8
MJ Tafisi Jr.,81460,LB,WASHINGTON,6,1,4.4,100.0,81.7,9.8,9.8,0,0,0,0.0,340,47.4,56.3,75.4,66.5,67.1,36.2,0,28,50.0,3,0,0,118.8,5,49,60,1,2,5,0,63,41,1.3,12.6
Zion Tupuola-Fetui,81461,ED,WASHINGTON,11,0,9.3,66.7,18.3,7.5,5.0,0,0,0,0.0,340,38.9,52.0,34.2,57.1,60.6,59.6,0,24,0.0,0,0,1,107.6,2,15,82,0,1,3,0,36,21,2.4,18.0
Trey Urquhart,81465,ED,W KENTUCKY,1,0,,,100.0,,,0,0,0,,346,60.0,61.8,68.5,,60.0,,0,,,0,0,0,0.0,0,1,1,0,0,0,0,0,0,0.0,
Mario Wright II,81466,ED,W KENTUCKY,2,0,,,3.1,,,0,0,0,,346,60.0,67.6,80.1,56.9,75.9,76.6,0,,100.0,1,0,0,0.0,0,1,32,0,0,0,0,0,0,0.0,
DJ Schramm,81524,LB,BOISE ST,3,0,,,83.3,,,0,0,0,,120,64.5,64.2,75.1,57.8,62.2,33.0,0,,,0,0,0,0.0,0,15,18,0,0,0,0,0,0,0.0,
Grant Donaldson,81946,ED,AIR FORCE,11,1,5.9,100.0,40.3,6.0,6.0,0,0,0,0.0,101,51.4,65.4,88.6,60.9,72.3,73.9,0,38,33.3,2,0,1,149.6,10,62,154,2,3,10,2,104,53,1.7,10.4
Joseph Ogunbanjo,81950,ED,CAL,5,0,,,5.6,,,0,0,0,,130,72.2,74.5,80.4,69.0,64.2,76.6,0,,0.0,0,0,0,0.0,0,2,36,0,1,0,0,0,0,0.0,
Nick Alftin,81954,ED,CAL,1,0,-4.0,0.0,16.3,,8.0,0,0,0,0.0,130,62.8,54.9,82.6,62.5,42.6,26.9,0,,,0,0,0,39.6,0,8,49,1,0,1,0,0,0,0.0,
Alex Tchangam,81955,ED,COLORADO,12,2,9.7,66.7,21.8,7.7,5.1,0,0,0,0.0,143,46.5,63.8,57.5,67.8,68.7,87.9,0,26,0.0,0,0,1,83.6,6,46,211,6,8,9,0,56,17,1.2,9.3
Nu'umotu Falo Jr.,81956,ED,COLORADO,10,0,12.7,66.7,37.6,19.5,13.0,0,0,0,0.0,143,47.9,57.3,86.2,53.1,65.9,34.5,0,22,100.0,2,0,0,96.5,2,41,109,0,0,3,0,28,5,0.7,14.0
Azeez Ojulari,81959,ED,GEORGIA,14,2,1.0,100.0,9.7,9.3,9.3,0,0,0,0.0,173,75.7,78.0,70.8,71.4,76.9,70.0,0,12,44.4,4,0,2,88.9,3,31,320,8,3,3,0,16,13,0.6,5.3
Adam Anderson,81960,ED,GEORGIA,14,0,5.3,100.0,31.4,10.7,10.7,0,0,0,0.0,173,55.5,62.6,4.4,66.8,68.4,54.0,0,13,33.3,2,0,2,111.1,3,33,105,4,4,3,0,32,16,1.0,10.7
Jontrey Hunter,81961,LB,GA STATE,1,0,,,88.9,,,0,0,0,,175,45.5,49.9,69.9,59.5,63.2,73.1,0,,,0,0,0,0.0,0,8,9,0,0,0,0,0,0,0.0,
T.J. Smith,81963,ED,GA STATE,8,0,,,18.6,,,0,0,0,,175,65.6,64.1,84.1,58.9,63.0,64.5,0,,0.0,0,0,0,0.0,0,8,43,1,2,0,0,0,0,0.0,
Joseph Johnson,81968,LB,NEBRASKA,2,0,1.0,100.0,87.5,3.5,3.5,0,0,0,0.0,238,62.6,82.6,71.7,59.6,90.8,44.8,0,12,50.0,1,0,0,89.6,2,7,8,1,1,2,0,11,9,1.6,5.5
Simon Otte,81969,ED,NEBRASKA,2,0,13.0,100.0,55.6,5.0,5.0,0,0,0,0.0,238,52.5,52.7,77.3,58.0,58.9,37.3,0,26,,0,0,0,118.8,1,5,9,0,0,1,0,26,13,5.2,26.0
Caleb Tannor,81970,ED,NEBRASKA,12,0,-2.3,66.7,26.5,15.0,10.0,0,0,1,33.3,238,60.0,54.5,87.9,57.9,49.6,48.8,0,-1,66.7,2,1,0,70.1,2,31,117,3,1,3,0,-3,9,-0.1,-1.5
Tangaloa Kaufusi,81979,ED,STANFORD,6,0,,,6.9,,,0,0,0,,300,61.0,57.7,81.5,55.2,59.5,78.7,0,,,0,0,0,0.0,0,4,58,0,0,0,0,0,0,0.0,
Kana'i Mauga,81982,LB,USC,12,3,2.9,78.8,78.8,8.8,6.9,0,1,1,3.0,326,38.0,41.4,3.6,57.8,48.3,45.1,1,53,25.0,5,1,4,109.3,26,245,311,5,12,33,2,278,242,1.2,10.7
Eli'jah Winston,81983,ED,USC,4,0,0.0,0.0,22.7,,5.0,0,0,0,0.0,326,44.9,52.4,80.5,62.3,53.7,59.0,0,,0.0,0,0,0,39.6,0,5,22,0,1,1,0,0,0,0.0,
Abdul-Malik McClain,81984,ED,USC,5,0,-3.0,100.0,8.7,4.0,4.0,0,0,1,100.0,326,69.6,70.0,79.9,66.0,60.0,47.0,0,3,100.0,1,1,0,79.2,1,4,46,2,0,1,0,3,6,0.8,3.0
Jaylan Franklin,81987,ED,WISCONSIN,6,0,,,6.3,,,0,0,0,,349,60.0,60.8,0.0,72.7,55.0,32.9,0,,,0,0,1,0.0,0,1,16,1,0,0,0,0,0,0.0,
Ron Stone Jr.,81989,ED,WASH STATE,13,5,3.2,92.3,33.3,6.0,5.5,1,0,0,0.0,341,50.2,61.1,64.4,67.0,61.6,90.0,0,39,0.0,0,0,1,112.8,12,76,228,4,8,13,0,144,105,2.0,12.0
Hank Pladson,81990,LB,WASH STATE,6,2,-0.7,66.7,90.9,15.0,10.0,0,0,0,0.0,341,65.0,60.9,77.5,56.7,56.9,44.3,1,17,33.3,1,0,0,56.9,2,30,33,0,0,3,0,28,31,0.9,14.0
Davion Taylor,81991,LB,COLORADO,12,1,6.6,78.0,85.6,7.9,6.2,0,0,4,6.8,143,58.8,62.4,66.8,62.4,67.3,76.1,0,79,17.4,8,3,2,139.3,46,374,437,17,37,59,5,628,378,1.7,13.7
Tyriq Goodman,82105,CB,COAST CAR,3,0,11.3,75.0,78.3,5.3,4.0,0,0,0,0.0,141,51.2,51.6,76.3,53.9,59.7,46.3,0,17,33.3,1,0,0,88.5,3,18,23,1,2,4,0,23,1,1.4,7.7
Reese Taylor,82132,CB,INDIANA,11,1,17.8,40.0,97.4,22.0,8.8,0,1,2,13.3,190,76.6,77.2,81.8,55.0,76.5,69.8,1,37,0.0,0,1,0,65.7,6,147,151,0,6,15,1,129,38,1.0,21.5
Tyler Friday,82153,ED,OHIO STATE,11,0,,,0.8,,,0,0,0,,260,60.0,70.4,83.7,72.2,63.4,69.6,0,,,0,0,0,0.0,0,1,121,2,0,0,0,0,0,0.0,
Odafe Oweh,82161,ED,PENN STATE,13,0,,,1.0,,,0,0,0,,266,60.5,74.6,61.1,81.8,59.5,77.0,0,,100.0,1,0,1,0.0,0,2,209,5,0,0,0,0,0,0.0,
Jarvis Hayes,82173,ED,TROY,9,0,3.8,83.3,14.0,6.0,5.0,0,0,0,0.0,318,62.0,58.1,89.3,61.6,51.8,51.8,1,11,14.3,1,0,0,93.1,5,30,215,5,6,6,1,38,21,1.3,7.6
John Hines Jr.,82174,ED,TROY,12,1,,,0.5,,,1,0,0,,318,58.5,64.6,38.2,57.9,72.2,61.3,0,,50.0,2,0,2,0.0,0,1,187,3,1,0,0,0,0,0.0,
Patrick Richardson,82175,ED,TROY,3,0,,,16.7,,,0,0,0,,318,60.0,46.5,77.2,55.0,46.1,73.6,0,,,0,0,0,0.0,0,1,6,0,0,0,0,0,0,0.0,
Mika Tafua,82183,ED,UTAH,14,2,1.1,42.9,6.7,8.0,3.4,0,0,1,14.3,328,66.7,68.3,42.6,64.7,70.5,64.0,0,9,37.5,3,1,3,50.3,3,24,359,6,3,7,0,7,8,0.3,2.3
Hale Motu'apuaka,82184,DI,UTAH ST,11,0,2.0,0.0,2.1,,2.0,0,0,0,0.0,329,60.6,63.9,81.5,61.9,62.8,56.3,0,,0.0,0,0,0,39.6,0,2,95,1,1,1,0,0,0,0.0,
Praise Amaewhule,82185,ED,UTEP,12,1,-2.0,50.0,0.8,2.0,1.0,0,0,0,0.0,330,62.1,65.8,87.4,63.6,63.6,56.0,0,-1,0.0,0,0,0,56.3,1,2,242,3,2,2,0,-1,8,-0.5,-1.0
Michael Purcell,82194,ED,AIR FORCE,11,0,5.0,100.0,3.6,3.0,3.0,0,0,0,0.0,101,61.5,63.2,81.2,59.4,64.0,50.7,0,5,50.0,1,0,0,87.5,1,3,84,0,1,1,0,5,0,1.7,5.0
George Blackstock,82209,DI,APP STATE,14,3,,,0.3,,,0,0,0,,108,72.4,69.6,52.3,69.0,66.4,54.7,0,,0.0,0,0,2,0.0,0,1,300,6,3,0,0,0,0,0.0,
Jermayne Lole,82212,DI,ARIZONA ST,13,1,,,5.4,,,0,0,0,,110,60.5,75.3,59.0,67.8,79.2,72.7,0,,50.0,2,0,2,0.0,0,23,425,6,1,0,0,0,0,0.0,
Terry Hampton,82220,DI,ARK STATE,7,0,,,0.8,,,0,0,0,,113,60.1,46.5,81.2,53.3,41.7,78.1,0,,0.0,0,0,0,0.0,0,1,118,0,1,0,0,0,0,0.0,
Kwabena Bonsu,82237,DI,ARMY,12,2,,,0.4,,,0,0,0,,114,63.3,57.6,63.7,59.2,55.5,70.7,0,,16.7,1,0,1,0.0,0,1,247,7,3,0,0,0,0,0.0,
Caleb Johnson,82240,ED,AUBURN,4,0,,,5.6,,,0,0,0,,115,60.0,67.0,0.0,62.6,74.1,77.7,0,,,0,0,1,0.0,0,1,18,1,0,0,0,0,0,0.0,
Mustafa Johnson,82249,DI,COLORADO,9,1,,,0.9,,,0,0,0,,143,61.5,72.3,82.9,64.0,74.2,71.6,0,,37.5,3,0,0,0.0,0,2,214,5,4,0,0,0,0,0.0,
Isaiah Johnson,82263,ED,FRESNO ST,8,2,6.7,100.0,5.7,3.3,3.3,0,0,0,0.0,169,60.4,50.7,86.3,56.6,44.4,65.9,0,47,0.0,0,0,0,158.3,3,11,192,4,2,3,1,55,35,5.5,18.3
James Head Jr.,82285,ED,INDIANA,13,0,,,4.2,,,0,0,0,,190,69.2,64.7,70.1,72.2,54.2,84.5,0,,,0,0,1,0.0,0,11,264,3,0,0,0,0,0,0.0,
John Waggoner,82292,ED,IOWA,9,0,,,6.1,,,0,0,0,,192,60.4,60.8,78.9,59.0,60.5,29.8,0,,,0,0,0,0.0,0,2,33,1,0,0,0,0,0,0.0,
Sam Burton,82317,ED,MARSHALL,12,1,0.0,66.7,20.9,12.0,8.0,0,0,0,0.0,214,71.6,77.0,50.9,69.2,77.8,70.5,0,10,0.0,0,0,1,72.9,2,24,115,3,3,3,0,11,9,0.5,5.5
Owen Porter,82318,ED,MARSHALL,8,1,,,20.7,,,0,0,0,,214,63.7,55.8,80.5,53.8,54.7,77.0,0,,0.0,0,0,0,0.0,0,6,29,0,0,0,0,0,0,0.0,
Darius Hodge,82319,ED,MARSHALL,12,0,,,2.5,,,0,0,0,,214,71.3,75.2,5.0,71.5,76.4,72.7,0,,0.0,0,0,4,0.0,0,5,197,8,4,0,0,0,0,0.0,
Koby Cumberlander,82320,ED,MARSHALL,13,3,,,0.5,,,0,0,0,,214,61.5,64.2,63.2,64.7,61.3,66.1,0,,0.0,0,0,1,0.0,0,1,212,3,1,0,0,0,0,0.0,
Tyler Baylor,82322,ED,MARYLAND,7,0,,,5.1,,,0,0,0,,215,71.6,66.7,83.7,59.9,65.7,67.7,0,,0.0,0,0,0,0.0,0,3,59,1,1,0,0,0,0,0.0,
Aidan Hutchinson,82330,ED,MICHIGAN,13,3,,,2.8,,,1,1,2,,222,68.5,82.9,50.7,76.0,83.6,74.5,0,,30.0,3,1,3,0.0,0,11,387,7,4,0,0,0,0,0.0,
Jatorian Hansford,82342,ED,MISSOURI,11,0,,,2.9,,,0,0,0,,229,52.6,47.8,41.4,54.6,47.1,53.4,0,,,0,0,2,0.0,0,6,205,0,0,0,0,0,0,0.0,
Erin Austin,82353,ED,NEW MEXICO,12,1,,,1.7,,,1,0,1,,241,63.2,78.9,57.2,77.8,74.5,52.8,1,,25.0,1,1,2,0.0,0,6,353,3,2,0,0,0,0,0.0,
Eku Leota,82363,ED,NWESTERN,10,0,,,0.8,,,1,0,0,,256,63.7,70.2,52.8,72.6,63.2,36.8,0,,100.0,1,0,1,0.0,0,1,133,4,0,0,0,0,0,0.0,
Jayson Ademilola,82365,DI,NOTRE DAME,11,1,-9.0,100.0,0.9,1.0,1.0,0,0,0,0.0,258,59.3,75.8,81.8,72.1,74.0,81.7,0,-5,0.0,0,0,0,79.2,1,1,114,1,1,1,0,-5,4,-5.0,-5.0
Branson Deen,82372,ED,PURDUE,9,1,4.0,50.0,6.3,6.0,3.0,0,0,0,0.0,273,51.9,52.3,83.9,59.9,48.6,27.3,0,7,50.0,2,0,0,58.3,1,6,96,0,1,2,0,7,10,1.2,7.0
Robin Jutwreten,82379,ED,RUTGERS,11,0,,,1.3,,,0,0,0,,278,60.0,57.7,81.1,56.5,57.6,41.6,0,,,0,0,0,0.0,0,1,78,0,0,0,0,0,0,0.0,
Jalil Lecky,82384,ED,S DIEGO ST,7,0,,,2.9,,,0,0,0,,284,60.1,66.2,77.8,64.4,62.7,74.4,0,,0.0,0,0,0,0.0,0,1,35,2,1,0,0,0,0,0.0,
Keshawn Banks,82385,ED,S DIEGO ST,13,0,-6.0,100.0,5.0,22.0,22.0,1,0,1,100.0,284,53.6,66.1,61.5,70.5,67.4,37.2,0,4,50.0,6,1,2,83.3,1,22,441,7,6,1,0,4,10,0.2,4.0
Cameron Thomas,82387,DI,S DIEGO ST,13,2,,,1.6,,,0,0,0,,284,63.7,84.8,73.0,82.1,80.6,47.9,0,,33.3,2,0,1,0.0,0,6,384,8,2,0,0,0,0,0.0,
Cade Hall,82391,ED,S JOSE ST,12,0,,,0.7,,,0,0,0,,285,60.4,78.9,23.4,84.7,74.4,54.0,0,,80.0,4,0,5,0.0,0,2,278,3,1,0,0,0,0,0.0,
Demanuel Talauati,82393,DI,S JOSE ST,11,0,,,2.1,,,0,0,0,,285,54.4,52.9,3.5,61.7,54.5,23.4,0,,0.0,0,0,4,0.0,0,3,140,3,1,0,0,0,0,0.0,
Kingsley Enagbare,82409,ED,S CAROLINA,12,0,,,0.8,,,0,0,0,,289,53.5,63.0,9.0,68.4,61.8,45.8,0,,60.0,3,0,4,0.0,0,2,239,6,2,0,0,0,0,0.0,
Nick Dawson,82416,ED,SO MISS,3,0,,,11.1,,,0,0,0,,296,60.0,64.8,72.6,55.2,68.9,,0,,,0,0,0,0.0,0,1,9,0,0,0,0,0,0,0.0,
Ethan Edmondson,82419,ED,SO MISS,13,0,,,1.3,,,0,0,0,,296,60.5,54.7,80.9,56.2,53.3,43.4,0,,0.0,0,0,0,0.0,0,1,80,0,1,0,0,0,0,0.0,
Jeremiah Martin,82431,ED,TEXAS A&M,9,0,1.8,80.0,29.0,7.3,5.8,0,0,0,0.0,312,55.9,52.0,85.1,56.7,46.4,80.2,0,16,0.0,0,0,0,84.2,4,29,100,2,4,5,0,21,26,0.7,5.3
Tyree Wilson,82432,ED,TEXAS A&M,9,0,,,6.0,,,0,0,0,,312,61.4,65.5,29.6,64.8,66.5,80.8,0,,50.0,1,0,1,0.0,0,5,84,2,1,0,0,0,0,0.0,
Nico Ezidore,82439,DI,TEXAS ST,12,0,,,0.9,,,0,0,0,,314,56.5,56.4,36.5,59.5,57.3,59.9,0,,25.0,1,0,3,0.0,0,2,223,1,3,0,0,0,0,0.0,
Fish McWilliams,82441,DI,UAB,14,0,,,1.0,,,0,0,0,,321,60.0,71.4,81.1,69.5,68.4,78.7,0,,100.0,1,0,0,0.0,0,1,99,2,0,0,0,0,0,0.0,
Antonio Moultrie,82442,DI,UAB,14,0,,,0.7,,,0,0,0,,321,61.3,66.9,82.8,61.9,66.8,68.9,0,,0.0,0,0,0,0.0,0,1,148,1,2,0,0,0,0,0.0,
Tyler Manoa,82445,DI,UCLA,11,1,,,1.4,,,0,0,0,,324,56.4,58.9,8.2,61.8,63.5,67.4,0,,33.3,1,0,3,0.0,0,2,140,0,1,0,0,0,0,0.0,
Otito Ogbonnia,82450,DI,UCLA,11,0,,,1.1,,,1,0,0,,324,59.0,74.0,46.9,64.4,78.2,54.8,0,,,0,0,1,0.0,0,1,90,1,0,0,0,0,0,0.0,
Tavis Malakius,82453,DI,UNLV,4,0,,,2.7,,,0,0,0,,325,59.0,59.3,80.2,59.3,59.1,78.7,0,,,0,0,0,0.0,0,2,74,0,0,0,0,0,0,0.0,
Dominion Ezinwa,82454,DI,UNLV,10,0,,,0.6,,,0,0,0,,325,59.4,60.0,85.5,54.8,62.8,53.3,0,,100.0,1,0,0,0.0,0,1,157,0,0,0,0,0,0,0.0,
Montrice Johns,82455,DI,UNLV,12,2,,,1.6,,,0,0,0,,325,61.4,67.8,82.8,62.5,68.2,28.5,0,,0.0,0,0,0,0.0,0,3,188,1,0,0,0,0,0,0.0,
Chris Manoa,82456,DI,UNLV,8,0,,,1.2,,,0,0,0,,325,58.3,53.9,81.9,54.0,54.5,38.7,0,,0.0,0,0,0,0.0,0,1,81,0,1,0,0,0,0,0.0,
Caleb Tremblay,82458,ED,USC,11,0,,,5.6,,,0,0,0,,326,69.9,72.3,54.7,74.6,63.7,71.3,0,,0.0,0,0,1,0.0,0,9,160,4,2,0,0,0,0,0.0,
Taki Taimani,82468,DI,WASHINGTON,13,0,,,0.9,,,0,0,0,,340,60.6,67.4,44.0,66.1,67.2,68.2,0,,50.0,1,0,1,0.0,0,1,107,1,1,0,0,0,0,0.0,
Misiona Aiolupotea-Pei,82473,DI,WASH STATE,13,0,,,1.0,,,1,0,0,,341,53.3,60.8,23.7,70.9,58.2,80.7,0,,0.0,0,0,3,0.0,0,2,199,2,1,0,0,0,0,0.0,
Deporess Schletty,82477,DI,W KENTUCKY,5,1,,,2.6,,,0,0,0,,346,60.2,62.0,76.9,58.5,63.1,58.1,0,,0.0,0,0,0,0.0,0,1,39,0,0,0,0,0,0,0.0,
Quentin Bivens,82497,DI,OLE MISS,12,1,,,2.2,,,0,0,0,,226,60.4,67.1,79.9,65.6,65.1,55.3,0,,0.0,0,0,0,0.0,0,3,139,4,2,0,0,0,0,0.0,
Isaac Hodgins,82503,DI,OREGON ST,12,2,,,0.3,,,2,0,0,,265,64.7,50.7,52.0,52.7,50.6,60.1,0,,0.0,0,0,2,0.0,0,1,327,2,1,0,0,0,0,0.0,
PJ Mustipher,82505,DI,PENN STATE,13,1,,,0.9,,,0,0,0,,266,57.7,74.6,85.1,64.1,78.0,83.6,0,,0.0,0,0,0,0.0,0,2,227,2,1,0,0,0,0,0.0,
Demonte Meeks,82536,LB,AIR FORCE,13,3,4.8,85.0,65.0,15.9,13.6,0,0,0,0.0,101,60.4,70.7,58.3,63.7,74.5,85.1,0,30,6.7,1,0,1,101.0,17,277,426,14,11,20,0,165,92,0.6,9.7
Colt Doughty,82538,LB,CAL,3,0,,,86.4,,,0,0,0,,130,66.3,58.2,75.6,55.6,50.8,80.3,0,,0.0,0,0,0,0.0,0,19,22,1,1,0,0,0,0,0.0,
Evan Tattersall,82541,LB,CAL,1,0,,,100.0,,,0,0,0,,130,60.5,80.2,70.4,,80.5,76.4,0,,,0,0,0,0.0,0,2,2,0,0,0,0,0,0,0.0,
Quay Walker,82547,LB,GEORGIA,13,1,3.9,75.0,72.0,13.8,10.4,0,0,0,0.0,173,60.9,59.3,0.0,61.5,62.9,84.4,0,9,16.7,1,0,2,85.4,6,85,118,4,4,8,0,40,27,0.5,6.7
Channing Tindall,82548,LB,GEORGIA,5,1,25.0,0.0,70.0,,27.0,0,0,0,0.0,173,65.8,74.3,79.1,68.5,75.9,80.4,0,,0.0,0,0,0,39.6,0,28,40,1,0,1,0,0,0,0.0,
Blake Carroll,82550,LB,GA STATE,8,0,8.5,100.0,85.7,14.5,14.5,0,0,0,0.0,175,63.8,58.9,76.7,67.0,51.8,50.9,0,12,0.0,0,0,0,102.1,2,30,35,1,1,2,0,17,0,0.6,8.5
Zach Dixon,82551,LB,GA STATE,8,2,5.7,91.7,92.6,13.4,12.3,0,0,0,0.0,175,45.8,39.0,84.6,69.1,37.9,27.5,0,23,30.0,3,0,0,131.3,11,150,162,2,5,12,1,106,46,0.7,9.6
Will Honas,82552,LB,NEBRASKA,12,3,4.1,78.6,81.0,9.6,7.6,0,0,2,7.1,238,46.4,49.0,84.4,50.1,55.2,70.6,0,40,8.3,2,1,0,104.8,22,218,269,4,19,28,0,256,172,1.2,11.6
MJ Cunningham,82554,LB,OREGON,9,1,-0.5,100.0,68.8,12.3,12.3,0,0,0,0.0,264,60.2,55.6,79.6,59.5,50.1,67.5,0,7,25.0,1,0,0,85.4,4,53,77,2,2,4,0,18,20,0.4,4.5
Nate Heaukulani,82556,LB,OREGON,3,0,11.0,100.0,66.7,8.0,8.0,0,0,0,0.0,264,51.0,53.1,71.6,67.1,54.0,32.3,0,16,,0,0,0,118.8,1,8,12,1,0,1,0,16,5,2.0,16.0
Jacob Mangum-Farrar,82557,LB,STANFORD,1,0,,,100.0,,,0,0,0,,300,60.5,62.6,70.5,,62.1,78.2,0,,,0,0,0,0.0,0,2,2,0,0,0,0,0,0,0.0,
Ricky Miezan,82558,LB,STANFORD,2,0,-3.0,100.0,65.0,13.0,13.0,0,0,0,0.0,300,73.7,80.6,76.0,68.4,71.6,81.0,0,4,0.0,0,0,0,83.3,1,13,20,1,3,1,0,4,7,0.3,4.0
Palaie Gaoteote IV,82559,LB,USC,8,3,0.6,88.2,83.2,14.5,12.8,0,0,0,0.0,326,53.2,64.3,85.3,53.0,74.3,47.7,0,19,31.6,6,0,2,93.1,15,227,273,6,10,17,0,108,101,0.5,7.2
Raymond Scott,82560,S,USC,1,0,30.0,100.0,100.0,6.0,6.0,0,0,0,0.0,326,45.5,46.7,72.5,,60.0,,0,27,,0,0,0,158.3,1,6,6,0,0,1,1,27,0,4.5,27.0
Jack Sanborn,82566,LB,WISCONSIN,14,2,3.6,66.7,82.6,18.6,12.4,0,0,3,10.0,349,83.8,72.8,82.5,77.3,56.5,38.3,3,20,24.0,6,3,0,37.4,20,393,476,14,17,30,0,139,98,0.4,7.0
Parker Noren,82644,LB,AIR FORCE,6,0,9.6,57.1,73.3,8.0,4.6,0,0,0,0.0,101,47.6,54.4,83.2,60.8,61.8,46.6,0,39,50.0,3,0,0,91.4,4,33,45,1,3,7,0,70,37,2.2,17.5
Ale Kaho,82646,LB,ALABAMA,7,1,1.4,100.0,97.5,7.4,7.4,0,0,0,0.0,103,45.4,56.8,76.9,60.0,68.2,62.4,0,11,0.0,0,0,0,142.9,5,39,40,0,0,5,1,44,37,1.2,8.8
Jarez Parks,82648,ED,ALABAMA,6,0,,,10.0,,,0,0,0,,103,60.0,75.7,73.5,74.9,60.0,,0,,,0,0,0,0.0,0,1,10,0,0,0,0,0,0,0.0,
Jaylen Moody,82649,LB,ALABAMA,6,0,,,90.9,,,0,0,0,,103,47.3,55.8,74.4,59.7,64.4,58.0,0,,,0,0,0,0.0,0,10,11,0,0,0,0,0,0,0.0,
McKenzie Barnes,83020,CB,ARIZONA,3,0,16.0,100.0,100.0,6.5,6.5,0,0,0,0.0,109,49.2,45.4,73.1,,46.4,73.5,0,14,,0,0,0,147.9,2,13,13,0,0,2,2,20,0,1.5,10.0
Dominique Harrison,83022,CB,N TEXAS,3,0,25.0,0.0,100.0,,9.5,0,0,0,0.0,251,67.2,62.3,78.5,,50.7,27.3,0,,,0,0,0,39.6,0,21,21,0,0,2,0,0,0,0.0,
Terin Adams,83023,CB,UTAH ST,5,0,8.1,87.5,100.0,7.3,6.4,0,0,0,0.0,329,55.6,58.5,79.6,,69.4,44.8,0,19,28.6,2,0,1,106.3,7,57,57,1,5,8,0,76,32,1.5,10.9
Jerry Jacobs,83025,CB,ARK STATE,3,0,14.6,50.0,100.0,6.9,3.5,0,0,2,9.1,113,64.2,63.1,81.0,,56.7,80.0,0,51,0.0,0,1,0,72.7,11,79,79,2,11,22,0,153,37,2.0,13.9
Nathan Page,83027,CB,ARK STATE,7,2,15.3,60.0,99.2,9.5,5.7,2,0,4,10.0,113,61.6,63.9,28.5,64.9,76.4,79.9,2,56,7.7,2,4,4,72.4,24,238,240,4,22,40,1,315,73,1.4,13.1
Tyric LeBeauf,83029,CB,BOISE ST,8,0,14.8,50.0,97.1,8.5,4.3,0,1,3,18.8,120,61.3,60.0,79.5,55.5,55.2,66.8,0,50,0.0,0,2,0,129.2,8,68,70,1,5,16,2,176,46,2.6,22.0
Chigozie Anusiem,83031,CB,CAL,11,3,8.5,50.0,97.4,12.1,6.0,1,2,7,29.2,130,73.9,73.2,82.2,68.3,58.7,82.4,0,19,0.0,0,5,1,78.5,12,150,154,2,11,24,1,120,32,0.8,10.0
Damari Kelly,83033,CB,COAST CAR,3,1,8.3,88.9,100.0,4.0,3.6,0,0,0,0.0,141,45.8,46.1,76.8,,52.6,51.4,0,28,0.0,0,0,0,144.7,8,34,34,0,3,9,2,83,29,2.6,10.4
Jordan Morris,83034,CB,COAST CAR,6,1,12.6,75.0,98.7,11.8,8.9,0,0,1,12.5,141,62.5,62.4,80.0,60.0,60.6,28.3,0,31,44.4,4,1,1,156.3,6,78,79,0,4,8,2,132,60,1.9,22.0
Derick Bush,83035,CB,COAST CAR,11,2,10.1,64.7,98.6,9.2,5.9,0,0,4,11.8,141,73.0,71.6,82.8,53.7,60.9,70.5,1,39,13.6,3,3,0,95.3,22,214,217,4,17,34,2,261,85,1.3,11.9
Mekhi Blackmon,83036,CB,COLORADO,4,1,10.8,84.6,98.3,10.7,9.1,0,0,0,0.0,143,57.0,59.4,0.0,74.0,70.3,68.2,0,39,22.2,2,0,2,155.9,11,119,121,1,6,13,2,155,85,1.3,14.1
Teja Young,83038,S,FAU,13,1,5.8,80.0,100.0,16.4,13.1,0,0,0,0.0,165,67.9,68.0,83.0,,67.2,77.0,0,26,10.0,1,0,0,98.8,8,138,138,3,8,10,0,77,32,0.6,9.6
Tyler Gore,83040,CB,GA STATE,12,2,9.5,67.6,100.0,8.2,5.5,0,0,3,8.8,175,62.1,53.9,21.0,,28.8,27.1,2,52,20.0,4,3,2,113.5,23,192,192,2,14,34,4,329,136,1.8,14.3
Quavian White,83041,CB,GA STATE,10,0,14.3,52.7,98.3,9.9,5.2,1,3,9,16.4,175,76.8,75.8,83.9,78.7,65.3,81.6,2,51,9.5,2,5,3,90.0,29,296,301,5,19,55,4,460,89,1.6,15.9
Stanley Garner,83042,CB,KENTUCKY,1,0,7.7,66.7,100.0,4.0,2.7,0,0,1,33.3,202,58.0,57.9,70.3,,,28.3,0,9,50.0,1,0,1,79.9,2,9,9,0,1,3,0,16,5,2.0,8.0
Jordan Oliver,83050,CB,LA MONROE,10,0,13.3,57.1,100.0,9.4,5.4,0,1,2,14.3,209,79.8,75.6,80.6,,55.7,51.6,1,15,22.2,2,2,0,61.9,8,83,83,4,7,14,1,61,3,0.8,7.6
Lloyd Cole,83052,CB,LSU,2,0,7.0,100.0,100.0,6.0,6.0,0,0,0,0.0,211,64.3,64.7,71.0,,60.8,,0,8,,0,0,0,100.0,1,7,7,0,0,1,0,8,1,1.3,8.0
Chris Jackson,83053,CB,MICH STATE,1,0,,,100.0,,,0,0,0,,223,58.0,58.3,71.5,,60.0,74.2,0,,0.0,0,0,0,0.0,0,8,8,1,1,0,0,0,0,0.0,
Davion Williams,83054,CB,MICH STATE,2,0,,,100.0,,,0,0,0,,223,60.7,57.8,73.1,,52.3,25.3,0,,100.0,1,0,0,0.0,0,10,10,0,0,0,0,0,0,0.0,
Kalon Gervin,83055,CB,MICH STATE,9,0,15.0,63.6,100.0,12.0,7.6,0,0,0,0.0,223,53.9,54.6,81.0,,58.2,26.6,0,39,42.9,3,0,1,129.0,7,92,92,2,4,11,1,115,65,1.4,16.4
Donte Martin,83060,CB,NEW MEXICO,12,1,13.8,52.0,99.1,10.2,5.3,0,0,10,13.3,241,59.2,62.1,87.1,58.3,72.6,85.8,0,57,3.1,1,8,4,107.7,39,420,424,6,30,75,7,562,112,1.4,14.4
Sevyn Banks,83062,CB,OHIO STATE,11,0,9.0,33.3,100.0,30.7,10.2,0,0,3,33.3,260,81.6,82.3,80.1,,76.0,84.2,1,17,0.0,0,3,0,2.8,3,96,96,1,6,9,0,25,9,0.3,8.3
Tyreke Johnson,83063,CB,OHIO STATE,6,0,,,100.0,,,0,0,0,,260,49.0,53.0,77.0,,65.2,,0,,,0,0,2,0.0,0,19,19,0,0,0,0,0,0,0.0,
Lance Boykin,83066,CB,DOMINION,11,1,13.1,58.6,99.5,11.1,6.5,0,0,4,13.8,263,59.2,58.7,0.0,59.6,64.3,44.5,1,72,21.1,4,1,4,113.6,17,200,201,3,14,29,3,296,125,1.6,17.4
Haki Woods Jr.,83067,CB,OREGON,4,1,9.7,70.0,93.9,6.0,4.2,0,0,2,20.0,264,61.5,68.4,79.4,90.0,72.9,73.4,0,24,16.7,1,2,0,78.3,7,46,49,1,4,10,0,43,18,1.0,6.1
Verone McKinley III,83068,S,OREGON,13,6,9.3,65.0,100.0,18.2,11.9,0,2,5,12.5,264,71.1,67.7,88.9,,54.3,44.1,4,48,18.9,7,5,1,73.1,26,501,501,5,24,40,3,302,176,0.6,11.6
Charles Sudduth,83071,CB,OREGON,1,0,21.0,100.0,100.0,2.0,2.0,0,0,0,0.0,264,46.2,43.0,66.9,,60.0,74.2,0,20,0.0,0,0,0,158.3,1,2,2,0,1,1,1,20,0,10.0,20.0
Jaden Robinson,83074,CB,OREGON ST,1,0,,,100.0,,,0,0,0,,265,60.0,61.3,67.3,,60.0,,0,,,0,0,0,0.0,0,1,1,0,0,0,0,0,0,0.0,
Trent Gordon,83076,CB,PENN STATE,10,3,12.5,54.5,100.0,10.4,5.7,0,0,4,18.2,266,66.8,66.4,81.3,,60.0,55.3,0,18,18.8,3,4,1,68.0,12,133,133,6,10,22,0,108,45,0.9,9.0
Cedarious Barfield,83078,CB,S DIEGO ST,1,0,,,100.0,,,0,1,1,,284,73.0,80.4,66.5,,60.0,,0,,,0,1,0,0.0,0,2,2,0,0,0,0,0,0,0.0,
Luq Barcoo,83079,CB,S DIEGO ST,13,3,16.0,45.7,98.7,12.0,5.5,1,5,18,19.6,284,85.0,84.7,86.5,73.7,74.9,83.7,9,58,2.1,1,14,5,34.0,42,520,527,13,43,92,2,578,137,1.2,13.8
Nehemiah Shelton,83083,CB,S JOSE ST,12,0,12.0,62.5,96.9,7.8,4.9,1,1,6,10.7,285,72.8,70.7,85.9,46.3,60.3,73.0,3,75,5.6,2,5,3,96.4,35,285,294,9,34,56,5,468,173,1.7,13.4
Travis Reed,83085,CB,S ALABAMA,12,3,18.4,51.7,100.0,9.7,5.0,1,1,14,23.3,288,60.2,61.7,46.5,,68.5,67.9,3,53,11.8,4,9,6,87.8,31,314,314,4,27,60,5,514,120,1.7,16.6
Kendall Williamson,83090,S,STANFORD,11,2,10.9,78.1,99.5,16.1,12.6,1,0,4,12.5,300,67.1,68.2,88.0,91.7,62.1,90.0,0,36,2.6,1,2,1,142.3,25,422,424,7,35,32,3,341,91,0.8,13.6
Craig Slocum Jr.,83096,S,TROY,9,0,7.8,60.0,97.1,11.0,6.6,0,0,1,10.0,318,49.8,53.8,81.3,58.7,63.1,57.5,0,25,20.0,1,1,0,117.1,6,68,70,1,4,10,1,76,29,1.2,12.7
CD Daniels,83097,CB,UAB,9,0,14.0,61.1,98.5,17.0,10.4,0,0,4,22.2,321,70.1,70.7,84.2,58.2,69.6,54.3,0,40,21.4,3,1,1,112.3,11,202,205,3,11,18,1,176,38,0.9,16.0
Starling Thomas V,83098,CB,UAB,14,3,14.6,48.4,99.0,23.8,11.5,1,0,5,16.1,321,64.3,64.2,48.3,53.4,65.8,72.1,1,36,0.0,0,2,9,95.4,15,383,387,5,18,31,4,200,28,0.6,13.3
Olaijah Griffin,83100,CB,USC,11,2,14.9,42.6,98.7,16.3,6.9,1,0,8,14.8,326,68.6,67.2,0.0,53.3,69.1,70.3,0,35,10.0,3,5,7,67.7,23,389,394,9,25,54,2,231,54,0.6,10.0
Isaac Taylor-Stuart,83101,CB,USC,12,4,11.6,56.1,98.0,12.4,7.0,2,0,6,14.6,326,65.8,65.3,85.5,50.8,62.0,65.7,1,71,12.9,4,4,3,112.9,23,301,307,6,23,41,5,341,144,1.2,14.8
Chase Williams,83102,S,USC,11,2,7.2,68.0,95.1,13.9,9.5,0,0,0,0.0,326,61.7,60.4,85.7,51.9,57.7,62.9,0,34,9.5,2,0,0,119.1,17,252,265,3,17,25,2,202,95,0.9,11.9
Michael Anyanwu,83103,CB,UTAH ST,1,0,24.5,50.0,100.0,7.0,3.5,0,0,0,0.0,329,40.6,40.4,72.1,,60.0,,0,11,,0,0,0,66.7,1,7,7,0,0,2,0,11,0,1.6,11.0
Corey Mayfield Jr.,83106,CB,UTSA,10,1,15.3,48.0,98.4,14.5,7.0,0,1,7,28.0,331,64.7,58.6,25.5,55.7,37.9,71.5,0,28,8.3,1,4,3,111.7,12,184,187,1,10,25,3,180,70,1.0,15.0
Donte Burton,83110,CB,WISCONSIN,12,0,15.7,57.1,97.1,11.5,6.6,0,0,1,7.1,349,46.0,49.5,0.0,69.8,74.4,41.0,0,36,0.0,0,0,3,110.7,8,100,103,2,3,14,1,125,20,1.4,15.6
Rachad Wildgoose,83111,CB,WISCONSIN,13,0,11.0,48.1,99.1,12.0,5.8,1,0,8,14.8,349,67.1,67.4,87.5,56.2,65.4,53.1,1,48,20.0,4,5,3,78.4,26,334,337,7,16,54,3,329,151,1.1,12.7
Alexander Smith,83112,CB,WISCONSIN,8,0,11.0,77.8,95.9,6.4,5.0,0,0,0,0.0,349,55.2,58.3,81.6,64.0,65.0,78.8,0,25,0.0,0,0,0,110.2,7,47,49,1,3,9,0,94,31,2.1,13.4
Travian Blaylock,83113,CB,WISCONSIN,1,0,,,100.0,,,0,0,0,,349,60.0,62.4,60.0,,,,0,,,0,0,0,0.0,0,1,1,0,0,0,0,0,0,0.0,
Tre Bugg III,83114,CB,AIR FORCE,12,4,14.8,65.8,99.7,7.6,5.0,0,0,7,9.2,101,57.8,60.0,85.0,60.0,69.2,80.7,3,58,9.3,4,6,1,103.5,50,388,389,7,35,76,4,830,273,2.2,16.6
Elisha Palm,83117,CB,AIR FORCE,6,0,19.0,100.0,100.0,7.0,7.0,0,0,0,0.0,101,50.0,52.0,74.3,,62.7,,0,27,,0,0,0,158.3,2,15,15,0,0,2,2,33,1,2.4,16.5
Pat Surtain II,83119,CB,ALABAMA,13,2,10.8,57.1,97.9,15.8,9.0,0,0,6,12.2,103,84.6,83.5,25.5,48.4,79.5,73.7,2,37,8.8,3,5,6,65.1,28,471,481,8,29,49,1,301,139,0.7,10.8
Jalyn Armour-Davis,83120,CB,ALABAMA,5,0,12.0,50.0,95.8,10.5,5.3,0,0,1,25.0,103,61.4,61.5,79.4,60.0,54.4,74.8,0,28,,0,1,0,121.9,2,23,24,0,0,4,1,37,14,1.8,18.5
Josh Jobe,83122,CB,ALABAMA,9,1,16.5,40.9,100.0,16.2,6.6,0,1,5,22.7,103,67.8,68.2,13.3,,71.6,88.5,1,44,0.0,0,5,4,43.0,9,151,151,1,11,22,0,136,56,0.9,15.1
Mike Price,83130,CB,APP STATE,3,0,13.7,100.0,100.0,6.3,6.3,0,0,0,0.0,108,54.0,54.7,73.2,,60.6,73.5,0,14,0.0,0,0,0,149.3,3,19,19,1,1,3,1,31,-1,1.6,10.3
Kaleb Dawson,83131,S,APP STATE,5,0,11.0,0.0,100.0,,31.0,0,0,1,100.0,108,72.2,68.7,73.8,,55.5,30.5,0,,25.0,1,1,0,39.6,0,31,31,0,3,1,0,0,0,0.0,
Alijah Gammage,83135,S,ARIZONA ST,1,0,,,100.0,,,0,0,0,,110,53.1,56.8,69.9,,62.5,28.7,0,,100.0,1,0,0,0.0,0,7,7,0,0,0,0,0,0,0.0,
LaDarrius Bishop,83138,CB,ARKANSAS,7,1,11.1,86.4,100.0,7.4,6.4,0,0,1,4.5,111,57.9,61.5,82.1,,78.0,84.1,0,47,5.6,1,1,1,149.1,19,149,149,3,16,22,2,285,90,2.0,15.0
Simeon Blair,83139,CB,ARKANSAS,1,0,3.5,50.0,100.0,3.0,1.5,0,0,0,0.0,111,51.7,50.0,67.9,,60.0,21.4,0,22,100.0,1,0,0,89.6,1,3,3,0,0,2,0,22,18,7.3,22.0
Joe Foucha,83141,S,ARKANSAS,12,5,8.9,72.7,90.3,20.3,14.7,1,0,1,4.5,111,52.3,51.2,0.0,60.8,55.1,62.3,1,50,26.8,11,1,7,111.0,16,345,382,3,25,22,1,284,175,0.9,17.8
Myles Mason,83143,S,ARKANSAS,12,1,11.0,64.3,99.4,16.4,10.6,0,0,0,0.0,111,48.4,54.9,83.9,59.2,68.4,72.5,0,75,11.1,2,0,1,124.4,9,159,160,5,15,14,1,151,102,1.0,16.8
Derrick Bean,83147,LB,ARK STATE,1,0,,,100.0,,,0,0,0,,113,61.4,48.8,70.4,,47.5,,0,,,0,0,0,0.0,0,3,3,0,0,0,0,0,0,0.0,
Antonio Fletcher,83149,S,ARK STATE,13,3,9.7,63.2,98.9,18.5,11.7,0,1,6,15.8,113,62.4,58.1,3.1,56.6,53.3,36.2,0,60,22.9,8,5,3,111.1,24,462,467,3,24,38,2,354,220,0.8,14.8
Tra Green,83150,S,ARK STATE,2,0,11.0,100.0,100.0,34.0,34.0,0,0,0,0.0,113,59.0,58.1,78.9,,55.5,55.6,0,11,100.0,1,0,0,112.5,1,35,35,0,0,1,0,11,0,0.3,11.0
Ryan Ragone,83152,LB,MIAMI FL,5,0,2.0,100.0,85.7,8.0,8.0,0,0,0,0.0,220,64.6,66.4,73.7,56.8,66.3,52.9,0,12,0.0,0,0,0,102.1,2,18,21,0,1,2,0,17,13,1.1,8.5
Akyah Miranda,83161,CB,ARMY,4,0,12.0,0.0,100.0,,4.0,0,0,0,0.0,114,69.4,68.2,60.0,,,70.3,0,,0.0,0,0,0,39.6,0,4,4,0,1,1,0,0,0,0.0,
Malkelm Morrison,83164,CB,ARMY,13,4,6.7,69.5,83.3,6.2,4.3,0,1,5,8.5,114,55.6,56.7,49.6,55.6,63.8,57.2,0,38,20.0,7,3,2,112.3,41,264,317,15,24,59,4,420,250,1.6,10.2
Caleb John,83166,CB,ARMY,5,0,,,100.0,,,0,0,0,,114,69.1,69.0,78.6,,63.6,72.5,0,,0.0,0,0,0,0.0,0,8,8,0,1,0,0,0,0,0.0,
Cedrick Cunningham Jr.,83170,S,ARMY,11,3,13.2,88.2,94.7,18.6,16.4,0,0,2,11.8,114,61.4,66.4,85.8,60.9,73.3,78.9,0,56,8.7,2,2,0,138.4,15,287,303,4,18,17,1,323,131,1.2,21.5
Christian Tutt,83174,CB,AUBURN,13,1,9.0,60.0,93.5,8.6,5.2,0,1,4,8.0,115,65.5,66.3,88.7,76.9,59.2,68.4,2,58,4.2,1,2,1,102.4,30,273,292,12,22,50,5,404,192,1.6,13.5
Jamien Sherwood,83175,S,AUBURN,13,3,7.0,60.0,93.1,17.8,10.7,0,0,2,10.0,115,64.5,64.1,17.8,56.8,66.5,62.7,0,13,5.9,1,2,2,64.6,12,230,247,7,13,20,0,59,51,0.3,4.9
Roger McCreary,83176,CB,AUBURN,13,1,12.9,55.0,99.5,10.2,5.6,0,2,13,21.7,115,81.1,78.0,85.1,56.2,53.3,72.5,1,47,3.2,1,10,3,76.5,33,368,370,10,29,60,1,432,168,1.3,13.1
Smoke Monday,83177,S,AUBURN,13,3,16.1,85.7,96.8,33.3,28.6,0,0,0,0.0,115,60.5,59.8,0.0,61.1,65.8,54.8,1,73,28.6,4,0,3,118.8,6,215,222,3,7,7,2,153,79,0.8,25.5
Delrick Abrams Jr.,83192,CB,COLORADO,11,2,12.9,52.8,97.4,14.1,7.4,0,0,8,15.1,143,69.0,70.4,50.0,65.4,72.7,76.0,0,53,6.1,2,5,2,100.7,28,406,417,5,29,53,4,374,151,0.9,13.4
Aaron Maddox,83193,S,COLORADO,6,1,20.2,60.0,98.1,34.0,20.4,0,0,0,0.0,143,34.8,52.2,83.6,57.1,82.4,71.7,0,65,16.7,1,0,0,143.8,3,104,106,1,4,5,1,97,38,1.0,32.3
Dustin Johnson,83197,LB,COLORADO,1,0,,,100.0,,,0,0,0,,143,62.4,65.9,67.1,,63.0,74.3,0,,,0,0,0,0.0,0,3,3,0,0,0,0,0,0,0.0,
Trey Dean III,83208,CB,FLORIDA,13,2,11.8,72.7,93.1,10.8,7.8,0,0,0,0.0,163,50.5,52.9,0.8,73.5,62.5,71.2,1,36,11.8,2,0,4,111.9,24,268,288,6,13,33,2,330,79,1.3,13.8
Jamal Anderson,83212,CB,FIU,6,0,18.0,0.0,100.0,,4.0,0,0,1,25.0,166,82.7,81.2,75.5,,66.4,76.2,0,,0.0,0,1,0,39.6,0,17,17,1,1,4,0,0,0,0.0,
Jesson Walker,83213,CB,FIU,1,0,-4.0,0.0,100.0,,3.0,0,0,0,0.0,166,70.1,75.8,71.9,,69.8,73.5,0,,,0,0,0,39.6,0,3,3,0,0,1,0,0,0,0.0,
Tyson Campbell,83217,CB,GEORGIA,9,2,10.9,40.0,98.4,22.4,9.0,0,0,6,30.0,173,76.8,76.4,82.8,67.6,62.0,69.2,0,41,5.9,1,3,0,55.0,8,185,188,8,14,20,0,94,30,0.5,11.8
Divaad Wilson,83218,CB,GEORGIA,12,0,6.2,66.7,95.1,9.2,6.1,0,0,2,6.7,173,68.3,64.6,20.8,61.1,49.3,65.5,1,46,5.3,1,2,2,81.3,20,195,205,7,18,30,1,190,87,1.0,9.5
Otis Reese IV,83219,S,GEORGIA,5,0,18.5,50.0,95.7,22.0,11.0,0,0,0,0.0,173,56.7,59.5,77.2,59.6,66.3,76.4,0,50,,0,0,0,95.8,1,22,23,0,0,2,0,50,25,2.3,50.0
Chris Smith II,83220,S,GEORGIA,7,2,16.0,50.0,100.0,47.0,23.5,0,0,0,0.0,173,74.2,70.7,79.1,,54.2,60.2,0,6,0.0,0,0,0,56.3,1,49,49,0,2,2,0,6,0,0.1,6.0
Hugh Nelson II,83221,CB,GEORGIA,1,0,3.0,100.0,100.0,2.0,2.0,0,0,0,0.0,173,63.5,64.7,69.7,,60.0,73.5,0,4,0.0,0,0,0,83.3,1,2,2,1,1,1,0,4,1,2.0,4.0
Delano Ware,83234,S,ILLINOIS,7,0,17.0,25.0,96.8,58.0,14.5,0,0,1,25.0,187,58.0,56.3,79.8,58.9,54.3,68.1,0,18,0.0,0,1,0,45.8,1,60,62,0,2,4,0,18,1,0.3,18.0
Nick Walker,83235,CB,ILLINOIS,4,0,11.0,50.0,100.0,17.0,8.5,0,0,0,0.0,187,64.8,63.7,79.4,,58.4,79.8,0,9,0.0,0,0,0,58.3,2,38,38,0,1,4,0,14,0,0.4,7.0
Quan Martin,83236,CB,ILLINOIS,9,3,16.6,43.5,98.9,18.0,7.8,0,0,0,0.0,187,48.0,52.8,85.6,59.6,70.6,48.2,0,54,30.8,4,0,1,114.3,10,185,187,1,6,23,3,201,45,1.1,20.1
Kerby Joseph,83239,S,ILLINOIS,5,0,13.0,50.0,100.0,15.9,7.9,0,0,1,7.1,187,45.1,52.6,0.0,,74.7,76.0,0,24,9.1,1,1,1,110.7,7,113,113,1,10,14,2,92,14,0.8,13.1
Sydney Brown,83241,S,ILLINOIS,11,1,14.1,59.4,100.0,14.1,8.4,0,0,1,3.1,187,42.1,43.8,88.0,,46.5,56.4,3,41,15.4,4,1,4,94.3,19,282,282,1,21,32,4,324,95,1.2,17.1
Jamar Johnson,83243,CB,INDIANA,13,1,5.7,61.1,87.1,11.4,6.9,0,0,1,5.6,190,76.4,80.1,22.6,83.5,80.1,63.1,2,21,10.0,1,1,3,31.7,11,135,155,4,8,18,0,79,47,0.6,7.2
Noah Pierre,83244,S,INDIANA,5,0,3.5,100.0,100.0,6.5,6.5,0,0,0,0.0,190,72.7,73.2,73.6,,63.1,81.7,0,9,0.0,0,0,0,91.7,2,14,14,1,2,2,0,12,5,0.9,6.0
Jaylin Williams,83246,CB,INDIANA,13,3,12.9,48.5,98.4,14.4,7.0,0,0,5,15.2,190,69.4,67.1,83.1,50.4,56.7,68.9,1,44,11.1,2,3,3,73.5,16,246,250,5,13,33,2,186,34,0.8,11.6
Devon Matthews,83248,S,INDIANA,12,1,13.8,58.6,99.3,15.2,8.9,0,1,3,10.3,190,57.0,56.4,86.8,57.8,53.6,67.3,0,46,5.0,1,2,2,109.6,17,275,277,8,18,29,2,248,44,1.0,14.6
Samuel Slusher,83252,CB,INDIANA,1,0,20.0,0.0,100.0,,5.0,0,0,0,0.0,190,52.5,53.1,71.8,,60.9,,0,,,0,0,0,39.6,0,5,5,0,0,1,0,0,0,0.0,
DJ Johnson,83253,CB,IOWA,5,1,22.1,52.6,99.2,11.2,5.9,1,0,3,15.8,192,62.7,63.3,81.2,58.3,65.5,85.4,0,51,0.0,0,1,1,104.5,10,119,120,4,10,19,1,187,40,1.7,18.7
Terry Roberts,83255,CB,IOWA,6,1,8.5,100.0,100.0,8.5,8.5,0,0,0,0.0,192,67.5,67.9,74.3,,62.2,81.0,0,20,0.0,0,0,0,116.7,2,19,19,0,3,2,0,24,7,1.4,12.0
Kaevon Merriweather,83257,S,IOWA,1,2,21.0,100.0,100.0,14.5,14.5,0,0,0,0.0,192,53.6,59.0,76.6,,71.1,83.4,0,30,0.0,0,0,0,158.3,2,30,30,0,2,2,1,50,11,1.7,25.0
Jack Koerner,83258,S,IOWA,12,3,12.4,46.7,99.6,31.9,14.9,0,1,3,10.0,192,79.2,74.5,89.0,67.9,60.6,67.2,1,73,9.1,3,2,0,82.2,14,464,466,4,27,30,2,237,95,0.5,16.9
Riley Moss,83259,CB,IOWA,7,0,18.4,28.6,100.0,22.8,6.5,0,1,4,28.6,192,75.2,76.7,79.9,,75.3,52.3,2,54,40.0,2,3,1,41.7,4,92,92,0,3,14,1,102,19,1.1,25.5
Jamari Brown,83269,CB,KENTUCKY,11,3,15.9,62.5,98.7,10.6,6.6,1,0,6,18.8,202,70.0,68.5,83.2,49.0,60.6,90.1,0,39,4.8,1,6,4,107.0,20,225,228,6,17,32,1,326,45,1.5,16.3
Percy Butler,83271,S,LA LAFAYET,13,4,8.7,66.7,96.5,30.4,20.3,0,0,1,8.3,207,76.0,80.7,39.3,56.9,89.4,80.5,0,29,16.7,4,1,2,81.9,8,251,260,5,16,12,0,70,34,0.3,8.8
Patrick Mensah,83272,CB,LA LAFAYET,1,0,10.0,0.0,100.0,,3.0,0,0,0,0.0,207,51.3,50.5,69.6,,60.0,,0,,,0,0,0,39.6,0,3,3,0,0,1,0,0,0,0.0,
AJ Washington,83273,CB,LA LAFAYET,14,1,13.0,53.6,97.3,8.8,4.7,0,0,4,14.3,207,80.1,79.0,82.5,61.6,67.6,85.8,3,49,12.5,1,3,1,49.7,15,142,146,2,6,28,1,206,53,1.6,13.7
Eric Garror,83274,CB,LA LAFAYET,14,4,14.0,50.9,99.2,11.8,6.0,0,2,7,12.3,207,65.1,62.0,86.2,52.5,44.8,52.8,0,66,12.9,4,6,2,81.4,29,361,364,7,23,57,1,425,133,1.2,14.7
Cameron Solomon,83275,S,LA LAFAYET,14,1,8.3,68.8,97.1,20.5,14.1,0,1,1,6.3,207,71.7,65.2,30.1,69.8,49.5,67.4,0,53,7.7,1,1,1,100.0,11,236,243,3,11,16,0,156,118,0.7,14.2
Daijuane Dorsey,83277,CB,LA LAFAYET,5,0,13.1,57.1,100.0,11.5,6.6,0,0,1,14.3,207,64.5,62.9,77.6,,51.8,39.9,0,15,20.0,1,1,0,71.1,4,48,48,1,4,7,0,36,16,0.8,9.0
Kam Pedescleaux,83278,S,LA LAFAYET,14,3,10.5,50.0,95.5,16.5,8.2,0,1,7,26.9,207,77.2,77.1,85.2,66.0,71.1,68.2,1,36,11.8,2,7,0,52.2,13,233,244,5,12,26,0,153,74,0.7,11.8
Steven Gilmore,83286,CB,MARSHALL,12,3,12.4,62.1,99.4,8.3,5.2,0,0,6,10.3,214,71.2,72.5,85.6,57.8,74.1,77.4,2,59,6.7,3,4,4,81.2,36,318,320,11,39,58,1,501,206,1.7,13.9
Vincent Flythe,83288,CB,MARYLAND,3,0,16.0,66.7,100.0,8.0,5.3,1,0,1,16.7,215,61.6,62.6,77.0,,64.6,58.9,0,59,25.0,1,1,1,149.3,4,32,32,1,3,6,1,116,31,3.6,29.0
Myles Sims,83292,CB,GA TECH,10,0,16.5,52.9,98.3,12.1,6.4,0,0,3,17.6,176,53.8,57.4,82.3,64.5,69.8,87.4,0,25,0.0,0,2,1,72.7,9,117,119,3,12,17,0,108,28,1.0,12.0
Gemon Green,83293,CB,MICHIGAN,2,0,5.0,100.0,100.0,3.0,3.0,0,0,0,0.0,222,39.4,43.0,71.7,,63.3,79.2,0,28,0.0,0,0,0,118.8,2,6,6,0,2,2,0,35,25,5.8,17.5
Sammy Faustin,83295,S,MICHIGAN,3,0,,,100.0,,,0,0,0,,222,65.0,56.0,70.5,,50.9,28.9,0,,0.0,0,0,0,0.0,0,7,7,0,1,0,0,0,0,0.0,
Vincent Gray,83297,CB,MICHIGAN,13,3,13.1,32.4,99.3,22.2,7.2,1,1,4,10.8,222,60.8,60.4,85.3,56.6,56.5,55.7,0,47,14.3,3,3,2,68.8,12,284,286,5,15,37,2,192,42,0.7,16.0
Terell Smith,83302,CB,MINNESOTA,8,0,12.5,69.2,100.0,10.0,6.9,0,0,1,7.7,225,53.5,54.8,80.3,,63.9,43.5,0,27,30.0,3,0,1,96.3,9,94,94,2,7,13,0,114,34,1.3,12.7
Benny Sapp III,83304,S,MINNESOTA,1,0,,,100.0,,,0,0,0,,225,63.2,63.4,72.7,,60.0,,0,,,0,0,0,0.0,0,5,5,0,0,0,0,0,0,0.0,
Jordan Howden,83305,S,MINNESOTA,13,3,11.4,47.8,99.0,17.7,8.5,0,1,5,10.9,225,63.0,66.1,89.0,56.2,71.7,71.3,1,40,11.1,3,3,1,66.5,22,410,414,3,21,46,1,291,97,0.7,13.2
Josh Aune,83307,LB,MINNESOTA,2,0,,,80.0,,,0,0,0,,225,62.8,51.8,72.7,55.1,44.7,,0,,,0,0,0,0.0,0,12,15,0,0,0,0,0,0,0.0,
Kam White,83309,S,OLE MISS,1,0,,,100.0,,,0,0,0,,226,65.2,64.8,69.0,,,76.2,0,,0.0,0,0,0,0.0,0,8,8,0,1,0,0,0,0,0.0,
Keidron Smith,83310,CB,OLE MISS,12,2,13.6,56.6,97.6,12.0,6.8,0,2,11,20.8,226,64.3,68.7,85.0,64.9,85.1,59.6,1,61,17.9,7,7,2,109.2,30,373,382,10,30,53,5,463,164,1.3,15.4
Jakorey Hawkins,83311,CB,OLE MISS,10,0,9.3,75.0,97.2,11.3,8.5,0,0,0,0.0,226,66.5,62.9,80.0,60.0,47.7,,0,13,,0,0,0,94.8,3,35,36,0,0,4,0,29,20,0.9,9.7
Jarvis Ware,83314,CB,MISSOURI,11,0,13.6,53.3,97.0,8.9,4.7,1,0,7,15.6,229,59.6,62.3,0.0,47.7,86.0,76.7,0,41,8.7,2,5,6,92.3,24,227,234,7,21,45,2,334,79,1.6,13.9
Chris Mills,83315,S,MISSOURI,1,1,,,100.0,,,0,0,0,,229,63.7,64.7,65.8,,,74.2,0,,0.0,0,0,0,0.0,0,3,3,0,0,0,0,0,0,0.0,
Braxton Clark,83319,CB,NEBRASKA,6,0,8.6,75.0,98.5,11.0,8.3,0,0,1,12.5,238,74.6,76.2,79.3,58.3,77.5,70.4,1,10,12.5,1,0,0,45.3,6,66,67,4,7,8,0,39,20,0.6,6.5
Cam Jones,83321,S,SMU,4,0,,,100.0,,,0,0,0,,287,58.3,60.4,74.1,,63.3,49.5,0,,100.0,1,0,0,0.0,0,17,17,0,0,0,0,0,0,0.0,
Isaiah Stalbird,83325,CB,NEBRASKA,2,0,14.5,0.0,100.0,,5.5,0,0,1,50.0,238,86.5,84.1,73.2,,61.4,73.4,0,,0.0,0,1,0,39.6,0,11,11,0,1,2,0,0,0,0.0,
Cam Taylor-Britt,83326,S,NEBRASKA,11,2,13.7,67.6,96.4,11.2,7.6,0,0,2,5.9,238,51.0,51.8,88.6,73.6,48.8,29.2,3,96,26.9,7,2,1,78.9,23,264,274,4,17,34,1,387,182,1.5,16.8
Deontai Williams,83327,S,NEBRASKA,1,0,,,100.0,,,0,0,0,,238,72.4,58.6,0.0,,54.4,47.1,0,,0.0,0,0,1,0.0,0,7,7,1,1,0,0,0,0,0.0,
Jordan Lee,83328,CB,NEVADA,12,2,8.2,76.0,90.2,10.0,7.6,0,0,1,4.0,239,60.7,66.0,89.2,59.3,76.5,70.1,1,23,13.3,2,1,0,94.4,19,194,215,5,11,25,1,194,90,1.0,10.2
Jaden Dedman,83329,CB,NEVADA,3,0,16.0,0.0,100.0,,7.0,0,0,0,0.0,239,54.6,63.1,72.8,,73.6,78.4,0,,,0,0,0,39.6,0,7,7,0,0,1,0,0,0,0.0,
Emany Johnson,83331,CB,NEVADA,8,3,10.5,65.5,94.3,9.2,6.0,0,0,2,6.9,239,58.1,61.8,89.1,60.8,71.9,73.5,0,38,10.0,2,2,0,134.6,19,181,192,6,15,29,4,267,78,1.5,14.1
JoJo Claiborne,83333,S,NEVADA,9,0,16.5,50.0,100.0,27.0,13.5,0,0,0,0.0,239,56.5,49.6,0.0,,48.2,50.9,0,14,0.0,0,0,1,112.5,1,28,28,0,3,2,1,14,0,0.5,14.0
De'John Rogers,83334,CB,NEW MEXICO,12,1,14.0,60.0,98.3,9.1,5.5,2,0,8,11.4,241,58.5,59.2,23.6,57.5,68.3,82.1,1,41,7.3,3,7,9,92.9,42,405,412,6,37,70,2,626,223,1.6,14.9
Keelan Crosby,83337,S,N TEXAS,3,0,,,92.3,,,0,0,0,,251,63.6,61.2,79.8,63.7,54.4,29.8,0,,,0,0,0,0.0,0,12,13,0,0,0,0,0,0,0.0,
AJ Hampton,83339,CB,NWESTERN,10,3,12.1,71.0,100.0,7.8,5.5,2,0,1,3.2,256,58.1,57.7,81.8,,54.3,45.5,1,32,20.0,4,0,3,106.0,22,183,183,3,13,31,2,273,82,1.6,12.4
Greg Newsome II,83341,CB,NWESTERN,8,3,12.0,57.4,99.6,8.7,5.0,1,0,7,14.9,256,59.4,62.9,84.0,59.7,77.0,68.5,0,41,10.3,3,5,6,87.4,27,248,249,4,23,47,1,342,96,1.5,12.7
Houston Griffith,83342,S,NOTRE DAME,7,0,11.5,25.0,100.0,29.0,7.3,0,0,1,25.0,258,68.1,65.3,78.3,,59.5,83.6,0,8,,0,1,0,39.6,1,31,31,0,0,4,0,8,9,0.3,8.0
TaRiq Bracy,83344,CB,NOTRE DAME,13,2,11.8,61.0,100.0,10.4,6.4,0,1,8,19.5,258,73.9,76.3,84.2,,81.6,90.8,0,41,0.0,0,8,0,101.2,25,270,270,7,22,41,2,315,61,1.2,12.6
DJ Brown,83345,S,NOTRE DAME,6,1,12.8,50.0,100.0,9.5,4.8,0,0,1,25.0,258,60.6,48.4,78.4,,37.5,25.1,0,26,33.3,1,0,0,118.8,2,20,20,0,1,4,1,34,19,1.8,17.0
Paul Moala,83346,LB,NOTRE DAME,7,0,2.7,33.3,65.5,19.0,6.3,0,0,0,0.0,258,60.3,72.8,80.4,73.5,74.6,84.5,0,6,50.0,1,0,0,81.9,1,19,29,2,1,3,1,6,0,0.3,6.0
Kitan Oladapo,83349,LB,OREGON ST,1,0,,,100.0,,,0,0,0,,265,60.0,61.7,63.0,,60.0,,0,,,0,0,0,0.0,0,1,1,0,0,0,0,0,0,0.0,
Jordan Rucker,83350,CB,PURDUE,1,0,,,100.0,,,0,0,0,,273,62.6,64.3,73.8,,63.2,,0,,,0,0,0,0.0,0,4,4,0,0,0,0,0,0,0.0,
Kadin Smith,83351,S,PURDUE,1,0,,,100.0,,,0,0,0,,273,64.1,64.2,68.9,,60.0,76.2,0,,0.0,0,0,0,0.0,0,5,5,0,1,0,0,0,0,0.0,
Cory Trice Jr.,83353,CB,PURDUE,9,2,12.5,58.6,99.1,12.5,7.3,0,1,2,6.9,273,66.6,69.9,35.4,58.7,82.9,91.0,3,32,0.0,0,2,2,61.6,17,223,225,5,19,29,1,270,67,1.3,15.9
Kessawn Abraham,83359,CB,RUTGERS,3,0,,,100.0,,,0,0,0,,278,65.8,59.7,75.1,,46.0,,0,,,0,0,0,0.0,0,11,11,0,0,0,0,0,0,0.0,
Christian Izien,83360,S,RUTGERS,12,0,11.6,90.9,99.6,22.5,20.5,0,0,0,0.0,278,60.4,56.0,0.0,60.0,53.8,58.9,0,44,4.2,1,0,2,158.3,10,238,239,7,23,11,3,182,56,0.8,18.2
Jarrett Paul,83363,CB,RUTGERS,9,4,13.1,68.3,98.4,6.1,4.2,0,0,2,4.9,278,31.2,41.4,84.9,59.4,68.7,56.7,0,80,24.1,7,2,0,131.3,28,183,186,4,18,41,3,471,191,2.7,16.8
Avery Young,83364,CB,RUTGERS,12,2,15.5,48.6,99.1,16.9,8.2,2,0,7,18.9,278,61.5,66.0,14.5,54.5,86.1,80.0,1,58,9.1,1,4,8,110.5,18,331,334,2,8,37,5,351,151,1.2,19.5
Jaycee Horn,83375,CB,S CAROLINA,12,2,12.7,51.0,97.4,15.7,8.0,1,3,11,22.4,289,63.8,69.0,86.8,95.7,66.1,39.7,0,42,18.5,5,8,4,86.5,25,415,426,3,20,49,2,333,151,0.8,13.3
R.J. Roderick,83376,S,S CAROLINA,12,1,7.0,64.3,98.0,13.8,8.9,0,0,2,4.8,289,64.5,65.9,55.0,70.2,67.5,61.8,2,27,11.5,3,1,1,90.8,27,395,403,6,22,42,4,234,127,0.6,8.7
Israel Mukuamu,83377,CB,S CAROLINA,12,4,12.9,51.0,99.8,16.2,8.2,0,1,9,17.6,289,72.1,73.1,25.4,60.0,78.3,89.4,4,55,5.0,2,7,8,68.7,26,446,447,7,34,51,3,455,140,1.1,17.5
Dawson Hoffman,83380,S,S CAROLINA,1,0,,,100.0,,,0,0,0,,289,61.1,61.6,69.6,,60.0,,0,,,0,0,0,0.0,0,2,2,0,0,0,0,0,0,0.0,
Ty Williams,83382,CB,SO MISS,13,5,12.9,56.7,94.7,10.7,6.1,1,2,12,17.9,296,68.2,68.0,88.2,74.6,55.6,45.5,0,70,20.5,9,10,3,116.9,38,425,449,12,30,67,6,607,221,1.5,16.0
Malik Shorts,83383,S,SO MISS,5,0,10.5,33.3,99.0,49.0,16.3,0,0,1,16.7,296,60.3,55.5,0.0,59.2,50.4,46.3,1,20,25.0,1,1,1,45.1,2,101,102,0,3,6,1,22,6,0.2,11.0
D.Q. Thomas,83384,S,SO MISS,13,3,7.7,74.1,87.2,9.6,7.1,0,0,3,5.6,296,78.9,82.2,87.6,81.1,82.9,87.9,3,56,6.1,2,2,1,89.2,40,401,460,20,28,54,3,389,190,1.0,9.7
Shannon Showers,83385,S,SO MISS,12,3,15.9,75.0,99.7,15.0,11.3,1,0,2,7.1,296,49.6,56.3,36.1,59.2,77.6,69.9,2,74,12.5,4,2,4,126.5,21,330,331,4,25,28,4,477,169,1.5,22.7
Ky'El Hemby,83387,S,SO MISS,13,4,13.2,75.0,98.9,17.7,13.3,0,1,3,9.4,296,66.5,68.4,88.2,66.8,68.4,63.1,2,75,13.0,6,3,1,130.2,24,443,448,10,36,32,5,402,130,0.9,16.8
Tre Davis,83388,CB,SO MISS,2,0,10.0,0.0,100.0,,9.0,0,0,0,0.0,296,70.1,70.7,71.5,,60.0,,0,,,0,0,0,39.6,0,9,9,0,0,1,0,0,0,0.0,
Curry Benn,83389,CB,SO MISS,1,0,33.0,100.0,100.0,1.0,1.0,0,0,0,0.0,296,47.4,40.3,63.8,,,73.5,0,37,0.0,0,0,0,118.8,1,1,1,0,1,1,0,37,4,37.0,37.0
Bryce Thompson,83392,CB,TENNESSEE,10,4,11.1,70.3,96.2,11.8,8.3,0,0,1,2.7,307,65.7,65.7,85.0,72.5,56.1,55.1,3,48,10.0,3,1,2,70.2,26,325,338,8,23,37,0,385,127,1.3,14.8
Trevon Flowers,83393,S,TENNESSEE,6,0,7.4,62.5,95.4,20.2,12.6,0,0,3,37.5,307,73.6,69.8,0.0,54.4,66.7,79.9,1,17,0.0,0,0,1,43.2,5,104,109,1,7,8,0,55,39,0.5,11.0
Brandon Davis,83394,CB,TENNESSEE,1,0,,,100.0,,,0,0,0,,307,60.0,60.3,65.9,,,,0,,,0,0,0,0.0,0,1,1,0,0,0,0,0,0,0.0,
Kenneth George Jr.,83396,CB,TENNESSEE,11,0,12.3,50.0,96.5,14.5,7.2,0,1,3,13.6,307,70.2,66.5,82.5,59.1,49.3,32.9,1,19,23.1,3,3,0,50.4,11,164,170,2,10,22,0,135,25,0.8,12.3
Leon O'Neal Jr.,83397,S,TEXAS A&M,13,3,10.6,47.4,95.8,26.8,12.7,1,1,3,15.8,312,45.1,38.7,36.8,60.0,29.8,26.4,1,38,35.5,11,3,1,87.6,9,252,263,7,17,19,2,150,93,0.6,16.7
Jordan Moore,83399,S,HOUSTON,8,0,9.0,75.0,89.7,6.8,5.1,0,0,2,12.5,182,64.4,66.8,83.9,74.7,63.7,82.8,0,36,0.0,0,2,0,107.0,12,87,97,3,9,16,0,163,102,2.0,13.6
Alvin Pacheco,83401,S,TEXAS ST,12,2,9.7,58.3,97.3,24.6,14.3,0,1,1,8.3,314,59.3,58.0,85.5,58.4,54.7,67.2,0,51,8.3,1,1,0,126.4,7,181,186,0,9,12,1,138,96,0.8,19.7
Jarron Morris,83402,CB,TEXAS ST,12,2,10.6,65.1,99.2,8.7,5.7,2,0,6,9.5,314,68.4,66.3,86.1,54.4,56.6,49.5,2,38,14.3,6,4,8,112.5,41,372,375,9,34,63,9,451,87,1.3,11.0
Jaylen Key,83413,S,UAB,2,0,4.0,100.0,100.0,9.0,9.0,0,0,0,0.0,321,71.7,72.1,70.0,,62.2,77.8,0,4,0.0,0,0,0,83.3,1,9,9,1,1,1,0,4,0,0.4,4.0
Rayshad Williams,83416,CB,UCLA,10,0,12.2,80.0,99.2,7.9,6.3,0,0,2,5.0,324,46.6,50.5,84.2,54.7,75.0,62.0,0,58,16.1,5,0,2,158.3,32,262,264,6,26,40,7,538,222,2.1,16.8
Stephan Blaylock,83417,S,UCLA,12,6,9.2,80.6,99.6,15.8,12.7,0,1,3,8.3,324,56.1,61.8,88.5,59.1,70.4,70.7,0,75,15.7,8,1,0,130.9,29,485,487,8,37,36,2,395,200,0.9,13.6
Alex Johnson,83418,S,UCLA,2,0,22.0,100.0,90.9,4.5,4.5,0,0,0,0.0,324,45.4,45.9,77.6,59.2,60.0,,0,35,,0,0,0,118.8,2,10,11,0,0,2,0,46,2,5.1,23.0
Kenny Churchwell III,83419,S,UCLA,5,1,9.0,50.0,100.0,16.5,8.3,0,0,0,0.0,324,56.3,50.4,0.0,,47.7,63.0,0,10,16.7,1,0,2,97.9,2,38,38,1,4,4,1,14,6,0.4,7.0
Patrick Jolly Jr.,83420,CB,UCLA,2,0,0.0,100.0,100.0,4.0,4.0,0,0,0,0.0,324,55.9,50.1,72.6,,48.9,26.2,0,13,50.0,1,0,0,93.8,2,10,10,0,1,2,0,13,13,1.6,6.5
Elisha Guidry,83421,S,UCLA,12,2,4.7,69.7,97.0,16.0,11.2,0,0,1,3.0,324,61.3,61.9,87.5,51.4,63.7,66.0,0,45,16.0,4,1,0,104.2,23,384,396,4,19,33,1,269,235,0.7,11.7
Phillip Hill,83424,S,UNLV,1,0,7.0,100.0,100.0,7.0,7.0,0,0,0,0.0,325,55.0,58.9,70.4,,64.7,77.8,0,13,0.0,0,0,0,118.8,1,7,7,0,1,1,0,13,6,1.9,13.0
Myles Plummer,83425,CB,UNLV,9,1,17.0,65.5,99.0,10.4,6.8,0,0,3,10.3,325,56.1,55.4,83.2,59.0,51.4,64.5,0,50,0.0,0,0,0,138.3,19,207,209,6,17,29,3,328,77,1.7,17.3
Bryce Jackson,83428,S,UNLV,6,0,8.4,66.7,98.1,16.8,11.2,0,0,0,0.0,325,72.6,76.4,82.2,80.6,74.6,80.2,0,10,0.0,0,0,0,70.1,6,103,105,5,7,9,0,25,7,0.2,4.2
Vonte Davis,83429,S,UTAH,6,1,13.0,100.0,100.0,8.8,8.8,0,0,0,0.0,328,68.9,73.4,74.5,,78.1,69.1,0,74,16.7,1,0,0,158.3,4,36,36,3,4,4,1,114,62,3.3,28.5
R.J. Hubert,83431,S,UTAH,10,0,8.5,70.0,92.9,18.0,12.6,0,0,0,0.0,328,60.3,60.5,0.0,53.2,69.1,63.1,0,17,20.0,3,0,1,96.7,7,131,141,0,12,10,0,87,71,0.7,12.4
Tareke Lewis,83432,CB,UTAH,14,4,15.2,53.8,100.0,13.0,7.0,0,1,9,23.1,328,76.1,75.9,84.4,,65.6,64.2,1,77,5.6,1,6,0,102.8,21,285,285,2,13,39,3,383,108,1.4,18.2
Malone Mataele,83433,CB,UTAH,3,0,7.3,75.0,100.0,5.7,4.3,0,0,0,0.0,328,67.5,67.9,75.4,,61.8,79.3,0,8,0.0,0,0,0,81.3,3,18,18,1,3,4,0,16,5,0.9,5.3
Tyson Wilson,83438,S,UTEP,3,0,3.0,100.0,100.0,4.0,4.0,0,0,0,0.0,330,28.2,27.1,68.2,,60.0,,0,15,,0,0,0,118.8,1,5,5,0,0,1,0,15,12,3.8,15.0
Ray Walters,83440,CB,UTEP,3,0,11.0,100.0,100.0,5.0,5.0,0,0,0,0.0,330,47.1,47.3,70.9,,60.0,,0,19,,0,0,0,158.3,1,5,5,0,0,1,1,19,8,3.8,19.0
Justin Prince,83441,S,UTEP,4,1,5.0,58.3,97.6,17.0,9.9,1,0,1,8.3,330,67.1,65.7,0.0,56.4,65.1,65.9,0,17,18.8,3,1,1,70.1,7,124,127,4,12,12,0,56,43,0.5,8.0
Josh Caldwell,83442,CB,UTEP,12,0,13.6,50.9,99.0,10.5,5.4,0,0,12,22.6,330,60.3,63.0,11.0,57.0,78.8,74.5,0,45,12.9,4,9,4,97.6,27,295,298,5,27,53,5,275,72,1.0,10.2
Nathan Logoleo,83443,ED,UTEP,10,0,,,5.0,,,0,0,0,,330,63.5,68.4,84.1,58.6,69.6,53.5,0,,0.0,0,0,0,0.0,0,6,120,1,3,0,0,0,0,0.0,
Brendon Harris,83446,S,VANDERBILT,10,0,9.3,81.8,94.5,14.3,11.7,0,1,2,18.2,333,69.2,63.5,84.9,54.6,55.2,33.6,0,55,28.6,6,2,0,149.1,9,138,146,4,15,11,1,147,71,1.1,16.3
Maxwell Worship,83447,S,VANDERBILT,8,0,5.6,85.7,93.5,8.0,6.9,1,0,0,0.0,333,42.2,45.3,79.1,46.6,57.4,45.8,0,20,33.3,2,0,3,140.2,6,58,62,2,4,7,1,57,33,1.2,9.5
BJ Anderson,83448,CB,VANDERBILT,12,0,12.1,70.4,99.0,9.4,6.6,0,0,3,11.1,333,62.8,64.7,29.0,55.5,75.6,74.6,0,63,10.0,2,3,3,135.4,19,192,194,6,18,27,2,324,143,1.8,17.1
Tre' Douglas III,83449,CB,VANDERBILT,2,0,-4.0,100.0,100.0,4.0,4.0,0,0,0,0.0,333,72.8,73.3,72.6,,62.8,76.6,0,-4,0.0,0,0,0,79.2,1,4,4,1,2,1,0,-4,0,-1.0,-4.0
Dashaun Jerkins,83450,S,VANDERBILT,11,2,6.7,68.8,97.5,26.5,18.2,0,0,2,12.5,333,49.2,55.3,86.8,70.1,63.1,63.0,0,23,18.2,4,2,0,95.8,11,307,315,2,16,16,0,140,87,0.5,12.7
Kyler Gordon,83451,CB,WASHINGTON,13,2,8.7,69.2,99.6,14.5,10.0,0,0,4,15.4,340,70.7,71.6,21.8,58.3,79.7,65.1,0,31,16.7,4,3,4,88.5,18,270,271,4,18,26,0,179,53,0.7,9.9
Dominique Hampton,83452,CB,WASHINGTON,5,0,15.3,66.7,100.0,7.7,5.1,0,1,1,11.1,340,51.6,53.0,78.2,,63.8,77.8,0,41,0.0,0,1,0,104.9,6,47,47,0,3,9,0,102,14,2.2,17.0
Dustin Bush,83455,CB,WASHINGTON,3,0,18.0,0.0,100.0,,12.0,0,0,0,0.0,340,64.8,65.2,72.5,,60.0,21.7,0,,100.0,1,0,0,39.6,0,12,12,0,0,1,0,0,0,0.0,
Pat Nunn,83457,S,WASH STATE,10,1,8.0,75.0,91.7,12.2,9.1,0,0,1,12.5,341,68.9,68.9,83.2,56.2,68.2,70.2,0,47,0.0,0,1,0,156.3,6,77,84,3,5,8,1,104,49,1.4,17.3
Beanie Bishop Jr.,83459,CB,W KENTUCKY,10,0,12.9,63.6,99.0,12.9,8.2,0,0,1,9.1,346,62.0,64.6,80.2,60.0,73.7,85.6,0,33,0.0,0,1,0,121.8,7,95,96,2,9,11,1,96,14,1.1,13.7
A.J. Brathwaite Jr.,83460,S,W KENTUCKY,5,1,11.0,0.0,96.4,,25.0,0,0,0,0.0,346,73.7,73.3,84.7,59.7,66.4,80.2,0,,0.0,0,0,0,39.6,0,27,28,1,1,1,0,0,0,0.0,
Cardavion Myers,83463,CB,W KENTUCKY,2,0,8.0,0.0,100.0,,7.0,0,0,0,0.0,346,65.0,66.2,76.6,,60.0,,0,,,0,0,0,39.6,0,7,7,0,0,1,0,0,0,0.0,
Alontae Taylor,83469,CB,TENNESSEE,13,2,14.6,57.5,97.6,14.7,8.5,0,2,2,5.0,307,61.3,63.3,86.1,73.4,64.5,57.5,1,64,16.0,4,2,1,96.2,23,362,371,7,19,40,3,304,95,0.9,13.2
Michael Matus,83473,ED,ARIZONA ST,12,0,11.0,0.0,6.7,,7.0,0,0,0,0.0,110,55.6,54.2,80.6,53.4,67.7,74.5,0,,100.0,1,0,0,39.6,0,7,105,0,0,1,0,0,0,0.0,
Noel Iwuchukwu,83474,ED,ARK STATE,12,0,,,3.4,,,0,0,0,,113,59.6,67.0,82.7,64.3,66.0,82.5,0,,0.0,0,0,0,0.0,0,3,88,2,1,0,0,0,0,0.0,
Demitri Washington,83476,ED,BOISE ST,14,1,3.8,83.3,46.1,24.4,20.3,1,0,0,0.0,120,66.4,71.4,64.4,68.4,74.4,59.4,0,14,25.0,2,0,1,89.6,5,129,280,8,5,6,0,33,10,0.3,6.6
Dylan Herberg,83477,ED,BOISE ST,2,0,,,44.4,,,0,0,0,,120,61.6,53.9,76.8,65.3,46.2,73.0,0,,,0,0,0,0.0,0,4,9,1,0,0,0,0,0,0.0,
Shawn Lawson,83496,CB,KENTUCKY,1,0,,,80.0,,,0,0,0,,202,64.4,65.4,73.5,60.0,60.0,74.8,0,,0.0,0,0,0,0.0,0,4,5,0,1,0,0,0,0,0.0,
Myles Cole,83500,ED,LA MONROE,5,0,,,9.5,,,0,0,0,,209,60.5,62.0,79.8,53.2,64.9,77.0,0,,,0,0,0,0.0,0,2,21,0,0,0,0,0,0,0.0,
Travez Moore,83501,ED,LSU,2,0,,,8.3,,,0,0,0,,211,61.8,69.0,81.0,66.0,66.5,45.3,0,,100.0,1,0,0,0.0,0,4,48,0,0,0,0,0,0,0.0,
Fabien Lovett,83506,DI,MISS STATE,13,1,,,1.7,,,0,0,0,,227,59.5,60.9,70.3,64.2,58.0,40.4,0,,50.0,1,0,1,0.0,0,4,239,1,0,0,0,0,0,0.0,
Jaden Crumedy,83508,DI,MISS STATE,11,0,,,1.1,,,0,0,0,,227,56.4,63.9,84.7,59.3,65.4,49.2,0,,33.3,1,0,0,0.0,0,2,184,2,2,0,0,0,0,0.0,
Zak Mahannah,83510,DI,NEVADA,5,0,,,3.1,,,0,0,0,,239,60.0,57.6,78.8,59.5,56.7,76.7,0,,,0,0,0,0.0,0,1,32,0,0,0,0,0,0,0.0,
Tyreke Smith,83513,ED,OHIO STATE,11,1,3.0,100.0,5.4,7.0,7.0,0,0,0,0.0,260,57.9,75.8,84.2,74.7,73.3,66.7,0,13,50.0,1,0,0,118.8,1,8,148,2,0,1,0,13,10,1.9,13.0
Javontae Jean-Baptiste,83514,ED,OHIO STATE,13,1,4.0,0.0,3.8,,4.0,0,0,0,0.0,260,60.9,65.2,83.6,65.0,61.4,37.7,0,,0.0,0,0,0,39.6,0,4,106,3,1,1,0,0,0,0.0,
Jack Colletto,83540,LB,OREGON ST,2,0,4.0,0.0,81.3,,12.0,0,0,0,0.0,265,55.0,64.0,74.4,70.0,68.0,75.6,0,,,0,0,0,39.6,0,13,16,0,0,1,0,0,0,0.0,
Malcolm Davidson,83660,HB,FAU,1,0,,,100.0,,,0,0,0,,165,60.0,62.4,60.0,,,,0,,,0,0,0,0.0,0,1,1,0,0,0,0,0,0,0.0,
Jeremy Banks,83769,LB,TENNESSEE,3,1,6.3,66.7,94.4,8.5,5.7,0,0,0,0.0,307,68.6,58.3,74.2,60.0,47.7,71.0,2,8,0.0,0,0,0,77.1,2,17,18,0,0,3,1,14,15,0.8,7.0
Marquez Johnson,83776,CB,TEXAS A&M,1,0,15.7,66.7,100.0,2.5,1.7,0,0,0,0.0,312,54.8,54.6,70.5,,60.0,74.8,0,20,0.0,0,0,0,93.8,2,5,5,0,1,3,0,26,12,5.2,13.0
Gino Appleberry,83803,HB,W KENTUCKY,1,0,,,100.0,,,0,0,0,,346,60.0,62.4,60.0,,,,0,,,0,0,0,0.0,0,1,1,0,0,0,0,0,0,0.0,
Amari Burney,83811,LB,FLORIDA,8,1,8.9,69.0,90.6,8.5,5.8,0,0,1,3.4,163,60.7,60.8,83.1,56.7,61.1,70.9,1,47,0.0,0,1,0,87.4,20,174,192,7,20,29,1,214,121,1.3,10.7
Fa'Najae Gotay,83821,LB,MARYLAND,5,3,3.2,85.7,79.8,6.2,5.3,0,0,0,0.0,215,54.5,61.4,87.4,60.9,68.2,53.5,0,26,15.4,2,0,0,101.8,12,79,99,2,8,14,0,118,84,1.6,9.8
Michael Barrett,83822,LB,MICHIGAN,4,0,11.0,100.0,100.0,5.5,5.5,0,0,0,0.0,222,43.5,55.8,75.2,,74.5,79.8,0,18,0.0,0,0,0,118.8,2,11,11,0,2,2,0,25,3,2.3,12.5
Austin Ajiake,83826,LB,UNLV,1,0,4.0,100.0,100.0,9.0,9.0,0,0,0,0.0,325,59.8,61.2,76.8,,61.7,77.8,0,4,0.0,0,0,0,83.3,1,9,9,1,1,1,0,4,0,0.4,4.0
Christian Young,83827,S,ARIZONA,11,2,12.9,50.0,100.0,26.6,13.3,0,0,3,16.7,109,64.9,63.6,0.0,,73.6,61.8,0,38,23.1,3,2,4,96.3,9,248,248,0,8,18,1,147,37,0.6,16.3
Day Day Coleman,83828,LB,ARIZONA,3,1,-2.0,100.0,85.7,23.0,23.0,0,0,0,0.0,109,67.9,64.1,74.0,62.7,53.8,69.0,0,0,0.0,0,0,0,79.2,1,24,28,1,3,1,0,0,2,0.0,0.0
Cam Phillips,83830,S,ARIZONA ST,9,4,6.2,58.3,98.5,15.2,8.9,0,1,4,11.1,110,71.9,73.3,89.9,56.2,74.4,74.0,1,58,7.5,3,3,0,83.7,21,335,340,9,33,36,2,225,155,0.7,10.7
Aashari Crosswell,83831,S,ARIZONA ST,13,2,10.8,57.8,100.0,17.8,10.3,0,1,7,15.6,110,76.8,77.0,54.1,,75.8,90.8,2,39,5.7,2,6,3,86.6,26,481,481,9,31,45,4,273,134,0.6,10.5
Ely Doyle,83832,LB,ARIZONA ST,1,0,,,28.6,,,0,0,0,,110,61.3,73.2,72.6,74.0,60.0,,0,,,0,0,0,0.0,0,2,7,0,0,0,0,0,0,0.0,
Armani-Eli Adams,83838,S,FAU,8,1,38.0,100.0,98.0,47.0,47.0,0,0,0,0.0,165,50.6,53.8,81.2,60.0,58.9,63.6,0,57,0.0,0,0,0,158.3,1,49,50,0,1,1,1,57,19,1.2,57.0
Jacorey Crawford,83840,S,GA STATE,9,0,7.3,42.9,92.2,18.3,7.9,0,0,1,14.3,175,53.3,48.2,80.0,55.8,41.7,29.2,0,15,28.6,2,1,1,53.9,3,59,64,0,5,7,0,27,6,0.5,9.0
Courtney Williams,83842,S,GA STATE,6,0,,,100.0,,,0,0,1,,175,72.1,69.4,77.2,,63.6,75.4,0,,0.0,0,1,0,0.0,0,61,61,1,4,0,0,0,0,0.0,
Tyler Glass,83845,S,LA MONROE,12,5,10.8,66.7,97.6,19.4,13.0,0,0,2,8.3,209,49.1,50.7,87.6,60.0,53.0,57.1,0,84,18.8,6,2,0,149.3,16,331,339,4,21,24,5,318,201,1.0,19.9
Jabari Johnson,83846,S,LA MONROE,4,0,14.0,100.0,100.0,6.0,6.0,0,0,0,0.0,209,30.4,36.8,72.8,,50.2,28.4,0,42,,0,0,0,158.3,2,12,12,0,0,2,1,48,20,4.0,24.0
Michael Dowell,83855,LB,MICH STATE,9,1,5.4,88.9,71.8,6.6,5.9,0,0,0,0.0,223,60.2,54.5,79.2,57.7,37.1,69.2,0,16,0.0,0,0,0,99.1,8,56,78,5,8,9,0,70,36,1.3,8.8
Marcus Murphy,83857,S,MISS STATE,3,0,8.5,54.5,100.0,14.8,8.1,0,0,0,0.0,227,85.6,67.0,80.9,,35.7,29.7,2,25,12.5,1,0,0,40.5,6,95,95,0,7,11,0,86,42,1.0,14.3
Shawn Preston Jr.,83858,S,MISS STATE,6,0,6.9,66.7,100.0,12.5,8.3,0,0,2,22.2,227,49.8,53.6,79.2,,61.3,62.2,0,38,27.3,3,2,0,128.5,6,81,81,2,8,9,1,73,55,1.0,12.2
Patrick Peek,83861,S,NEW MEXICO,4,4,6.9,70.0,98.9,23.9,16.7,0,0,0,0.0,241,68.8,65.5,0.0,58.8,63.5,82.4,0,54,9.1,1,0,2,136.3,7,176,178,1,6,10,1,102,100,0.6,14.6
Alex Morris,83862,S,N TEXAS,5,2,8.8,75.0,100.0,13.3,10.0,0,0,0,0.0,251,66.6,62.3,79.3,,51.2,55.9,0,8,11.1,1,0,0,85.4,3,42,42,3,6,4,0,20,6,0.5,6.7
Jaxon Gibbs,83863,CB,N TEXAS,6,1,12.5,69.2,98.4,13.2,9.2,0,0,0,0.0,251,60.0,62.9,83.6,70.6,65.4,81.2,0,31,0.0,0,0,0,96.0,9,125,127,2,9,13,0,113,45,0.9,12.6
Josh Proctor,83864,S,OHIO STATE,11,0,18.0,75.0,98.8,27.0,20.3,0,2,3,75.0,260,80.4,78.3,80.3,63.2,63.6,72.3,1,27,0.0,0,3,0,77.1,3,85,86,2,6,4,0,53,4,0.7,17.7
Marcus Hooker,83865,S,OHIO STATE,6,1,9.0,50.0,100.0,31.0,15.5,0,0,0,0.0,260,77.6,73.6,78.6,,62.1,82.0,0,2,0.0,0,0,0,56.3,1,36,36,1,1,2,0,2,9,0.1,2.0
Justinn Richardson,83871,S,DOMINION,8,0,9.0,77.8,97.9,12.6,9.8,0,0,1,11.1,263,52.8,57.7,81.5,57.9,64.9,54.4,0,22,25.0,1,1,0,147.9,7,92,94,0,3,9,2,90,42,1.0,12.9
Jevon Holland,83873,CB,OREGON,14,6,11.1,63.8,97.5,11.6,7.4,0,1,6,8.7,264,85.3,81.5,90.3,52.2,72.4,74.1,4,57,11.1,5,5,1,69.2,44,541,555,11,34,69,2,472,170,0.9,10.7
Steve Stephens IV,83874,S,OREGON,5,1,-4.0,100.0,97.4,37.0,37.0,0,0,0,0.0,264,73.5,70.7,78.9,60.0,59.7,60.8,1,5,0.0,0,0,0,47.9,1,38,39,0,1,1,0,5,9,0.1,5.0
Rashad Scott,83879,S,S DIEGO ST,1,0,,,100.0,,,0,0,0,,284,63.7,64.4,70.1,,60.0,74.3,0,,0.0,0,0,0,0.0,0,2,2,1,1,0,0,0,0,0.0,
Allan Mwata,83880,S,S DIEGO ST,1,0,17.0,0.0,100.0,,2.0,0,0,0,0.0,284,60.6,60.9,67.5,,60.0,,0,,,0,0,0,39.6,0,2,2,0,0,1,0,0,0,0.0,
Bobby Brown II,83885,CB,S JOSE ST,10,4,11.4,65.2,95.4,12.0,7.8,0,1,1,4.3,285,66.4,64.5,87.2,57.8,54.9,38.5,3,55,21.4,3,1,1,58.2,15,186,195,4,7,23,1,148,80,0.8,9.9
Tre Jenkins,83886,S,S JOSE ST,2,1,12.0,100.0,100.0,14.0,14.0,0,0,0,0.0,285,51.9,60.7,75.5,,75.8,81.4,0,30,0.0,0,0,0,158.3,1,15,15,0,0,1,1,30,18,2.1,30.0
Keith Gallmon Jr.,83890,S,S ALABAMA,12,3,6.8,59.1,100.0,20.3,12.0,0,4,3,13.6,288,74.8,76.8,87.6,,75.9,63.2,1,22,18.8,6,3,0,68.4,13,276,276,5,23,22,1,110,74,0.4,8.5
Collin Willis,83898,S,TROY,4,1,2.4,100.0,80.5,4.6,4.6,0,0,0,0.0,318,53.9,61.0,81.2,64.2,74.3,50.1,0,13,33.3,2,0,0,97.0,7,33,41,1,3,7,0,51,34,1.6,7.3
Jaquez Dunmore,83899,S,TROY,12,2,14.1,73.3,99.6,22.6,16.6,0,0,0,0.0,318,50.7,51.5,34.6,60.0,55.2,54.2,0,64,21.4,3,0,2,154.9,11,262,263,0,9,15,3,245,107,1.0,22.3
TJ Harris,83901,CB,TROY,12,4,7.9,74.5,94.5,8.9,6.6,0,1,3,6.4,318,51.1,59.2,88.0,58.5,74.0,70.9,1,43,9.1,2,3,0,94.7,35,326,345,5,16,47,0,445,256,1.4,12.7
Micah Murphy,83902,S,TROY,3,0,,,90.9,,,0,0,0,,318,54.6,57.2,71.3,60.0,63.6,74.3,0,,,0,0,0,0.0,0,10,11,0,0,0,0,0,0,0.0,
Talanoa Hufanga,83903,S,USC,10,3,8.8,77.3,91.5,19.8,15.3,0,0,1,4.5,326,71.1,70.2,53.1,58.7,70.2,78.3,0,36,14.3,5,1,1,136.7,17,354,387,4,27,22,2,211,81,0.6,12.4
Jordan McMillan,83904,S,USC,2,0,,,100.0,,,0,0,0,,326,66.9,70.4,73.8,,70.4,80.1,0,,0.0,0,0,0,0.0,0,16,16,0,1,0,0,0,0,0.0,
Shaq Bond,83906,S,UTAH ST,13,5,11.4,46.2,98.9,71.7,33.1,0,0,3,23.1,329,75.8,73.9,88.0,79.7,66.5,58.9,3,19,23.1,6,3,0,54.3,6,452,457,6,15,13,2,43,11,0.1,7.2
Kelechi Nwachuku,83908,S,UTSA,11,4,11.5,75.0,97.9,30.0,22.5,0,1,2,25.0,331,54.3,56.3,84.2,70.2,57.5,55.6,0,28,25.0,4,2,0,115.6,6,189,193,1,8,8,0,98,44,0.5,16.3
Tyrese Ross,83910,S,WASH STATE,11,0,4.9,87.5,99.2,16.3,14.3,0,0,0,0.0,341,58.5,57.2,3.6,60.0,57.9,30.0,0,19,38.5,5,0,2,139.1,7,119,120,4,8,8,1,63,38,0.6,9.0
Chad Davis Jr.,83913,S,WASH STATE,3,0,5.0,0.0,100.0,,11.0,0,0,0,0.0,341,67.9,58.7,74.9,,44.5,50.9,0,,0.0,0,0,0,39.6,0,11,11,0,2,1,0,0,0,0.0,
Reggie Pearson Jr.,83915,S,WISCONSIN,14,6,10.6,52.0,95.8,27.9,14.5,0,2,4,16.0,349,69.9,68.3,40.3,66.6,64.8,53.8,0,37,16.7,5,4,2,111.0,13,385,402,5,19,25,3,156,65,0.4,12.0
John Torchio,83916,S,WISCONSIN,6,0,11.8,33.3,96.4,26.0,8.7,0,0,1,16.7,349,66.0,61.9,78.3,58.0,51.7,54.6,1,12,33.3,1,1,0,4.2,2,54,56,1,2,6,0,20,3,0.4,10.0
Derrick Deese Jr.,84043,TE,S JOSE ST,1,0,,,100.0,,,0,0,0,,285,60.0,60.0,64.7,,,,0,,,0,0,3,0.0,0,1,1,0,0,0,0,0,0,0.0,
Gerrit Prince,84065,TE,UAB,1,0,,,100.0,,,0,0,0,,321,60.0,60.0,63.1,,,,0,,,0,0,2,0.0,0,1,1,0,0,0,0,0,0,0.0,
Anthony Schwartz,84135,WR,AUBURN,1,0,,,100.0,,,0,0,0,,115,60.0,62.8,78.7,,60.0,,0,,,0,0,1,0.0,0,1,1,0,0,0,0,0,0,0.0,
Matthew Hill,84138,WR,AUBURN,1,0,,,100.0,,,1,0,0,,115,60.0,62.9,60.0,,60.0,,0,,,0,0,1,0.0,0,1,1,0,0,0,0,0,0,0.0,
Jaivon Heiligh,84159,WR,COAST CAR,1,0,,,100.0,,,0,0,0,,141,60.0,62.3,61.5,,61.9,70.3,0,,,0,0,3,0.0,0,1,1,0,0,0,0,0,0,0.0,
Zac Berezowitz,84243,CB,KENTUCKY,1,0,,,100.0,,,0,0,0,,202,64.1,65.0,70.3,,60.0,,0,,,0,0,0,0.0,0,6,6,0,0,0,0,0,0,0.0,
Josh Newton,84268,CB,LA MONROE,12,1,13.1,59.6,99.7,10.8,6.4,2,1,5,10.6,209,52.8,53.9,17.7,60.0,63.4,72.6,0,62,10.0,2,1,7,125.7,28,322,323,4,17,47,5,434,190,1.4,15.5
Kenan Jones,84273,S,LSU,1,0,,,100.0,,,0,0,0,,211,61.7,62.2,70.1,,60.0,,0,,,0,0,0,0.0,0,4,4,0,0,0,0,0,0,0.0,
Naquan Renalds,84280,S,MARSHALL,3,0,5.0,100.0,100.0,5.0,5.0,0,0,0,0.0,214,76.0,78.2,72.4,,67.2,77.7,1,7,0.0,0,0,0,56.3,1,5,5,0,1,1,0,7,2,1.4,7.0
Cameron Brown,84353,CB,OHIO STATE,14,0,11.8,40.0,99.3,16.4,6.6,1,0,1,5.0,260,59.9,62.4,82.2,60.0,71.6,86.5,0,24,0.0,0,0,3,68.3,8,137,138,6,9,20,1,78,12,0.6,9.8
Tyrone Legette,84413,CB,S ALABAMA,2,0,19.0,0.0,100.0,,2.0,0,0,0,0.0,288,51.6,42.5,73.3,,46.8,,0,,,0,0,0,39.6,0,2,2,0,0,1,0,0,0,0.0,
Darius Rush,84416,CB,S CAROLINA,1,0,15.0,50.0,100.0,13.0,6.5,0,0,1,50.0,289,81.7,82.2,72.9,,60.0,77.0,0,2,0.0,0,1,0,56.3,1,13,13,1,2,2,0,2,0,0.2,2.0
TD Marshall,84462,CB,UAB,14,1,14.8,37.8,98.4,17.5,6.6,0,0,8,17.8,321,65.9,60.2,44.3,61.4,33.8,50.5,1,42,4.5,1,5,4,81.1,17,317,322,6,20,45,5,213,55,0.7,12.5
Siaosi Mariner,84476,WR,UTAH ST,1,0,,,100.0,,,0,0,0,,329,60.0,60.0,63.1,,,,0,,,0,0,2,0.0,0,1,1,0,0,0,0,0,0,0.0,
Sam Lockett III,84482,S,UTAH ST,2,0,,,100.0,,,0,0,0,,329,65.3,71.3,74.6,,74.4,80.3,0,,,0,0,0,0.0,0,13,13,0,0,0,0,0,0,0.0,
Luke Martin,84526,LB,CHARLOTTE,12,1,-2.7,83.3,84.9,13.2,11.0,0,0,0,0.0,136,72.1,52.6,80.8,59.7,38.4,56.3,0,11,20.0,1,0,0,81.3,5,73,86,3,3,6,0,21,31,0.3,4.2
Lance McMillan,84527,CB,CHARLOTTE,11,0,12.9,52.6,97.2,10.0,5.3,1,0,3,15.8,136,55.3,57.1,81.6,53.4,65.4,75.1,0,40,11.1,1,3,1,98.1,10,105,108,1,8,19,1,158,46,1.6,15.8
DJ Anderson,84528,CB,CHARLOTTE,6,0,21.5,50.0,92.0,11.0,5.5,0,1,1,25.0,136,51.3,55.0,75.9,68.2,58.1,81.2,0,73,0.0,0,1,0,135.4,2,23,25,2,3,4,1,88,48,4.0,44.0
Matt Martinez,84530,S,CHARLOTTE,4,1,3.0,100.0,95.2,10.0,10.0,0,0,0,0.0,136,77.2,60.1,86.1,60.0,28.2,49.7,0,3,0.0,0,0,0,79.2,2,20,21,3,3,2,0,6,0,0.3,3.0
Jonnie Pitman,84533,CB,CHARLOTTE,11,2,9.2,64.1,92.0,9.1,5.8,0,0,2,5.1,136,49.8,50.3,51.7,61.4,50.4,39.1,0,64,11.8,2,2,3,122.1,25,241,262,8,13,39,4,303,133,1.3,12.1
Markees Watts,84537,ED,CHARLOTTE,13,0,-2.7,66.7,8.0,13.0,8.7,0,0,0,0.0,136,62.0,64.3,53.4,69.2,60.1,67.7,0,40,33.3,3,0,3,109.7,2,28,350,11,6,3,0,50,56,1.9,25.0
Taylor Chandler,84557,ED,CHARLOTTE,7,0,5.0,100.0,13.2,5.0,5.0,0,0,0,0.0,136,48.0,55.9,81.4,53.3,61.7,78.6,0,8,,0,0,0,139.6,1,5,38,0,0,1,1,8,3,1.6,8.0
Darius Muasau,86008,LB,HAWAII,14,3,2.1,78.6,70.2,14.7,11.6,0,0,0,0.0,180,61.0,59.9,85.8,58.5,58.7,60.6,0,25,20.0,3,0,0,123.2,11,167,238,4,9,14,1,110,96,0.7,10.0
Rashawn Yates,86850,DI,USF,12,0,,,0.7,,,0,0,0,,327,60.0,70.5,58.7,71.3,68.0,52.8,0,,,0,0,1,0.0,0,1,144,2,0,0,0,0,0,0.0,
Vincent Davis,86856,S,USF,10,0,11.2,60.0,99.1,18.8,11.3,0,0,0,0.0,327,71.3,72.3,83.5,59.5,71.4,82.6,1,19,12.5,1,0,0,72.5,6,116,117,2,7,10,1,64,34,0.6,10.7
Gabriel Murphy,89099,LB,N TEXAS,1,0,,,100.0,,,0,0,0,,251,63.2,64.9,65.8,,,73.2,0,,0.0,0,0,0,0.0,0,3,3,1,1,0,0,0,0,0.0,
Jeffmario Brown,89110,ED,ARK STATE,9,2,,,22.7,,,0,0,0,,113,67.5,52.7,5.4,68.5,42.5,39.7,0,,0.0,0,0,3,0.0,0,35,154,2,2,0,0,0,0,0.0,
Nihym Anderson,90269,ED,RUTGERS,1,0,,,100.0,,,0,0,0,,278,61.4,56.2,75.1,,54.1,,0,,,0,0,0,0.0,0,2,2,0,0,0,0,0,0,0.0,
Tyler Snead,90863,WR,E CAROLINA,1,0,,,100.0,,,0,0,0,,156,60.0,60.0,63.7,,,,0,,,0,0,0,0.0,0,1,1,0,0,0,0,0,0,0.0,
Riley Sharp,90868,ED,OREGON ST,10,1,4.6,80.0,24.0,13.5,10.8,0,0,0,0.0,265,65.5,58.1,89.4,55.4,55.3,70.3,0,10,12.5,1,0,0,95.0,4,55,229,6,6,5,0,34,12,0.6,8.5
Joseph White,90870,S,VIRGINIA,2,0,12.0,0.0,100.0,,7.0,0,0,0,0.0,335,64.8,64.5,70.3,,60.0,76.4,0,,0.0,0,0,0,39.6,0,8,8,0,1,1,0,0,0,0.0,
Andrew Choi,90947,ED,HAWAII,6,0,,,32.1,,,0,1,0,,180,62.3,57.3,0.0,60.3,60.0,49.2,0,,100.0,2,0,1,0.0,0,9,28,2,0,0,0,0,0,0.0,
Vince Sanford,90952,CB,AIR FORCE,4,0,8.5,100.0,93.3,7.0,7.0,0,0,0,0.0,101,71.3,74.8,76.0,59.9,75.0,81.6,0,17,0.0,0,0,0,104.2,2,14,15,1,1,2,0,18,1,1.3,9.0
Michael Lacey,91013,LB,TOLEDO,1,0,3.0,0.0,100.0,,1.0,0,0,0,0.0,316,60.0,65.4,0.0,,67.0,74.3,0,,,0,0,1,39.6,0,1,1,0,0,1,0,0,0,0.0,
Trey Laing,91245,LB,USF,3,0,,,20.0,,,0,0,0,,327,60.9,71.0,0.0,54.4,86.8,81.3,0,,,0,0,1,0.0,0,2,10,0,0,0,0,0,0,0.0,
Devan Wade,91249,CB,W VIRGINIA,1,0,,,100.0,,,0,0,0,,343,60.0,53.3,66.5,,56.9,,0,,,0,0,0,0.0,0,1,1,0,0,0,0,0,0,0.0,
Valerian Agbaw,97063,CB,KANSAS,1,0,,,80.0,,,0,0,0,,198,52.3,47.4,71.6,46.9,61.7,24.6,0,,,0,0,0,0.0,0,4,5,0,0,0,0,0,0,0.0,
Ron Cook Jr.,97070,WR,BUFFALO,1,0,,,100.0,,,0,0,0,,126,60.0,55.0,60.0,,60.0,,0,,,0,0,0,0.0,0,1,1,0,0,0,0,0,0,0.0,
Mark Aitken,97088,CB,N ILLINOIS,1,0,13.1,72.7,97.0,3.8,2.7,0,0,1,9.1,254,28.8,32.0,75.3,58.3,70.3,57.9,0,42,20.0,1,1,1,143.8,8,32,33,1,4,11,1,134,24,4.5,16.8
Larry Robbins,97089,CB,BUFFALO,1,0,,,100.0,,,0,0,0,,126,61.8,62.3,67.3,,,,0,,,0,0,0,0.0,0,3,3,0,0,0,0,0,0,0.0,
Skyy Moore,97116,WR,W MICHIGAN,1,0,10.0,0.0,100.0,,1.0,0,0,1,100.0,347,60.0,81.3,60.0,,,,0,,,0,1,2,39.6,0,1,1,0,0,1,0,0,0,0.0,
Randy Jordan,97138,CB,FRESNO ST,8,2,14.6,59.5,99.5,8.9,5.3,0,0,2,5.4,169,55.3,56.4,83.0,60.0,60.8,61.0,0,50,11.1,2,2,3,93.8,22,203,204,3,14,37,1,294,66,1.5,13.4
Antavious Lane,97141,S,GA STATE,1,0,,,100.0,,,0,0,0,,175,49.2,46.8,68.9,,55.3,24.2,0,,100.0,1,0,0,0.0,0,2,2,0,0,0,0,0,0,0.0,
Joshua Carter,97142,LB,S ALABAMA,2,0,,,100.0,,,0,0,0,,288,60.6,49.3,70.9,,47.1,76.1,0,,,0,0,0,0.0,0,2,2,0,0,0,0,0,0,0.0,
Malik Fleming,97144,CB,E CAROLINA,10,1,10.6,75.0,100.0,12.6,9.4,1,0,1,8.3,156,57.7,58.4,0.0,,70.0,53.6,0,38,25.0,1,1,1,116.7,9,122,122,0,2,12,0,153,62,1.4,17.0
Allen Smith,97148,ED,WYOMING,2,0,4.0,100.0,60.0,3.0,3.0,0,0,0,0.0,351,71.4,72.1,73.2,57.7,60.0,72.5,0,4,0.0,0,0,0,83.3,1,3,5,1,1,1,0,4,0,1.3,4.0
Chris McDonald,97222,CB,TOLEDO,12,1,12.9,57.8,99.2,9.5,5.5,1,1,9,14.1,316,59.4,59.4,85.7,56.6,57.2,69.7,0,70,10.7,3,9,4,102.7,37,375,378,7,24,64,3,565,161,1.6,15.3
Jahmal Sam,97223,CB,UTSA,9,0,12.8,75.0,100.0,12.0,9.0,0,0,1,8.3,331,66.9,66.6,81.4,,63.0,65.2,0,39,15.8,3,0,0,143.8,9,115,115,5,16,12,1,148,57,1.4,16.4
Joshua Landrum,97224,CB,RICE,2,0,,,100.0,,,0,0,0,,275,64.2,65.8,72.2,,62.8,74.2,0,,,0,0,0,0.0,0,10,10,0,0,0,0,0,0,0.0,
Brandon Crossley,97225,CB,COLO STATE,8,0,12.6,44.4,97.0,10.3,4.6,0,0,5,18.5,144,64.9,61.5,85.6,56.3,46.4,44.3,0,26,16.7,1,3,1,70.0,12,131,135,2,5,27,1,120,20,1.0,10.0
Tavian Mayo,97231,CB,W VIRGINIA,1,0,15.3,100.0,100.0,4.0,4.0,0,0,0,0.0,343,44.4,45.6,74.6,,56.8,76.2,0,18,0.0,0,0,0,158.3,3,12,12,0,2,3,1,39,0,3.3,13.0
Micah Abraham,97232,S,MARSHALL,11,3,10.4,50.0,97.5,19.3,9.7,1,0,4,13.3,214,76.5,69.1,45.0,63.2,46.9,51.8,1,75,18.2,4,4,1,79.7,15,308,316,4,15,30,1,279,184,1.0,18.6
Deshawn Ruffin,97233,CB,FRESNO ST,3,0,11.7,90.0,100.0,6.7,6.0,0,0,0,0.0,169,51.5,53.6,79.3,,66.7,63.8,0,19,14.3,1,0,1,150.4,9,66,66,1,6,10,1,121,22,2.0,13.4
Solomon Rogers,97235,S,CHARLOTTE,1,0,,,100.0,,,0,0,0,,136,61.9,61.6,69.3,,60.0,78.0,0,,,0,0,0,0.0,0,3,3,0,0,0,0,0,0,0.0,
Rod Heard II,97237,CB,NWESTERN,1,0,3.0,100.0,100.0,3.0,3.0,0,0,0,0.0,256,64.2,65.1,70.2,,60.0,74.2,0,5,0.0,0,0,0,87.5,1,3,3,1,1,1,0,5,2,1.7,5.0
Caleb Blake,97240,S,COLO STATE,1,0,,,100.0,,,0,0,0,,144,60.0,60.0,63.7,,,,0,,,0,0,0,0.0,0,1,1,0,0,0,0,0,0,0.0,
Keondre Swoopes,97241,CB,UAB,7,0,17.3,40.0,100.0,15.2,6.1,0,0,3,20.0,321,59.1,60.0,81.8,,63.3,61.5,0,32,25.0,1,2,2,83.8,6,96,96,1,3,15,1,94,14,1.0,15.7
Isaiah Essissima,97243,CB,WAKE,7,0,16.3,75.0,96.6,9.3,7.0,0,0,0,0.0,339,63.8,66.3,76.4,58.1,71.8,81.7,0,40,0.0,0,0,0,156.3,3,28,29,0,4,4,1,56,-4,2.0,18.7
Fred Peters,97247,CB,MISS STATE,9,2,5.4,72.7,77.8,7.6,5.5,0,0,1,9.1,227,59.7,67.9,82.3,85.7,67.1,84.2,1,18,0.0,0,1,0,98.9,8,63,81,2,3,11,2,91,42,1.5,11.4
Rashad Wisdom,97249,CB,UTSA,12,2,8.0,62.9,87.3,12.4,7.8,0,0,2,5.7,331,76.3,65.1,88.5,54.3,42.0,46.3,1,35,23.3,7,1,0,84.1,22,288,330,10,21,35,1,269,176,1.0,12.2
Jaden Davis,97250,CB,OKLAHOMA,14,0,10.1,65.0,97.8,7.8,5.1,1,0,1,2.5,261,60.6,65.7,28.2,54.0,88.0,81.7,1,40,10.5,2,1,4,109.1,26,220,225,5,17,40,3,367,147,1.8,14.1
Marcus Anderson,97256,LB,GA STATE,2,0,,,75.0,,,0,0,0,,175,60.9,64.4,69.9,60.0,62.1,,0,,,0,0,0,0.0,0,3,4,0,0,0,0,0,0,0.0,
Jordan Murry,97258,CB,WYOMING,9,0,9.4,65.4,97.7,7.0,4.6,1,0,3,11.5,351,59.9,62.7,83.0,57.1,75.4,79.9,0,34,5.6,1,2,1,100.5,17,125,128,4,17,26,1,194,55,1.6,11.4
Reddy Steward,97289,CB,TROY,6,0,19.5,69.2,98.2,6.0,4.2,1,0,0,0.0,318,41.5,46.7,77.7,60.0,73.8,73.8,0,39,11.1,1,0,1,151.4,9,56,57,1,8,13,3,199,48,3.7,22.1
Dell Pettus,97290,S,TROY,12,0,9.9,65.4,97.7,21.1,13.8,0,1,3,11.5,318,65.2,65.4,87.4,51.8,65.3,75.5,0,20,14.8,4,2,2,121.8,17,378,387,4,23,26,4,160,72,0.4,9.4
Jordan Clark,97324,CB,ARIZONA ST,2,0,3.5,100.0,100.0,3.8,3.8,0,0,0,0.0,110,64.7,66.2,75.2,,66.2,80.3,0,16,0.0,0,0,0,99.0,4,15,15,1,4,4,0,31,17,2.1,7.8
Thomas Harper,97325,CB,OKLA STATE,8,1,11.5,100.0,100.0,22.5,22.5,0,0,0,0.0,262,72.3,68.1,77.4,,43.7,54.8,0,21,0.0,0,0,0,118.8,2,46,46,2,5,2,0,30,7,0.7,15.0
Daquan Evans,97326,CB,USF,8,0,19.3,66.7,100.0,7.0,4.7,0,0,0,0.0,327,61.7,64.4,75.5,,67.8,78.2,1,35,0.0,0,0,0,70.1,2,15,15,1,2,3,0,49,3,3.5,24.5
Nic Jones,97327,CB,BALL ST,12,0,15.5,64.5,90.4,8.3,5.4,0,0,3,9.7,117,50.8,52.2,84.5,51.5,64.7,78.1,0,53,6.7,1,3,1,134.1,20,169,187,4,14,31,3,342,101,2.1,17.1
Juan Powell,97330,S,E CAROLINA,4,0,10.0,80.0,100.0,6.3,5.0,0,0,0,0.0,156,55.7,59.4,78.8,,68.0,80.9,0,27,9.1,1,0,0,141.3,8,53,53,3,10,10,2,84,15,1.7,10.5
Jacquez Norman,97332,CB,TULANE,2,0,20.0,0.0,100.0,,3.2,0,0,0,0.0,319,51.0,47.4,0.0,,62.5,,0,,,0,0,1,39.6,0,17,17,0,0,5,0,0,0,0.0,
Mike Coleman,97333,CB,TOLEDO,1,0,,,100.0,,,0,0,0,,316,63.2,68.6,72.9,,70.0,73.5,0,,,0,0,0,0.0,0,4,4,0,0,0,0,0,0,0.0,
Levi Williams,97334,CB,TULANE,2,0,6.0,100.0,100.0,5.0,5.0,0,0,0,0.0,319,64.6,65.3,70.5,,60.5,74.2,0,6,0.0,0,0,0,91.7,1,5,5,0,1,1,0,6,0,1.2,6.0
Kiland Harrison,97335,CB,TULANE,2,0,22.7,66.7,100.0,6.5,4.3,0,0,0,0.0,319,47.8,49.2,74.7,,61.6,73.5,0,20,0.0,0,0,1,147.2,2,14,14,0,1,3,1,36,3,2.8,18.0
Mykael Wright,97337,CB,OREGON,12,3,15.9,34.8,100.0,22.6,7.9,0,1,6,26.1,264,81.9,82.7,82.8,,77.1,89.9,1,21,0.0,0,3,2,28.4,8,187,187,4,15,23,0,85,16,0.5,10.6
Keaton Ellis,97338,CB,PENN STATE,13,1,15.1,47.4,96.1,15.6,7.4,0,0,3,15.8,266,67.3,75.3,82.0,50.0,93.6,44.8,0,42,27.3,3,2,0,102.7,9,146,152,3,7,19,1,199,63,1.4,22.1
Cameron Mitchell,97340,CB,NWESTERN,1,1,,,100.0,,,0,0,0,,256,68.8,60.5,67.4,,49.3,28.1,0,,0.0,0,0,0,0.0,0,1,1,0,0,0,0,0,0,0.0,
Ken Robinson,97341,CB,UTSA,3,0,7.0,0.0,100.0,,9.0,0,0,0,0.0,331,57.1,61.8,73.3,,70.1,27.5,0,,100.0,1,0,0,39.6,0,9,9,0,0,1,0,0,0,0.0,
Ja'Von Kimpson,97342,CB,MIAMI OH,1,1,12.2,60.0,100.0,4.0,2.4,0,0,0,0.0,221,50.3,48.3,73.9,,48.3,46.5,0,30,0.0,0,0,0,129.2,3,14,14,0,2,5,1,45,5,3.8,15.0
AJ Williams,97343,S,WAKE,1,0,,,100.0,,,0,0,0,,339,51.4,47.7,74.5,,51.6,21.8,0,,100.0,1,0,0,0.0,0,3,3,0,0,0,0,0,0,0.0,
Naijee Jones,97346,S,RUTGERS,4,0,,,100.0,,,0,0,0,,278,67.2,67.9,75.8,,65.4,77.7,0,,0.0,0,0,0,0.0,0,21,21,0,1,0,0,0,0,0.0,
Keevan Bailey,97347,CB,COLO STATE,8,1,12.9,64.3,98.3,11.4,7.4,0,1,2,14.3,144,64.9,63.9,82.9,56.7,59.4,56.8,1,37,20.0,2,0,2,91.7,9,117,119,1,7,14,1,141,20,1.4,15.7
Dadrion Taylor-Demerson,97348,S,TEXAS TECH,8,2,16.7,77.8,95.8,15.6,12.1,0,0,0,0.0,315,35.4,38.7,0.0,63.8,59.3,53.2,0,70,12.5,2,0,2,158.3,7,113,118,2,12,9,2,183,95,1.7,26.1
Woo Governor,97349,CB,C MICHIGAN,2,0,,,100.0,,,0,0,0,,134,52.4,52.5,69.7,,60.0,,0,,,0,0,0,0.0,0,5,5,0,0,0,0,0,0,0.0,
Jakeen Harris,97351,S,NC STATE,7,3,16.4,20.0,89.7,66.0,13.2,0,0,0,0.0,248,63.9,59.7,81.7,68.2,51.3,56.7,0,11,0.0,0,0,1,79.2,1,70,78,1,3,5,1,11,0,0.2,11.0
Bryson Whitehead,97352,CB,CHARLOTTE,1,0,31.0,100.0,100.0,1.0,1.0,0,0,0,0.0,136,60.0,41.8,67.0,,60.0,,0,34,,0,0,0,118.8,1,1,1,0,0,1,0,34,3,34.0,34.0
Coco Azema,97353,HB,NWESTERN,2,0,3.0,100.0,80.0,4.0,4.0,0,0,0,0.0,256,72.1,72.7,72.7,59.2,60.0,73.0,0,2,0.0,0,0,0,79.2,1,4,5,1,1,1,0,2,-1,0.5,2.0
Alex Hogan,97354,CB,TEXAS TECH,6,0,15.7,44.4,100.0,23.5,10.4,0,0,2,22.2,315,65.0,64.3,80.3,,57.6,39.5,0,73,28.6,2,1,0,128.2,4,101,101,0,5,9,1,113,61,1.2,28.3
Shi'heem Watkins,97355,CB,COAST CAR,3,0,7.3,66.7,100.0,4.5,3.0,0,0,1,33.3,141,68.4,69.7,74.0,,65.8,78.8,0,16,0.0,0,1,0,91.0,2,9,9,0,2,3,0,24,8,2.7,12.0
Jeremiah Josephs,97357,S,MIAMI OH,1,0,,,100.0,,,0,0,0,,221,66.4,63.1,75.2,,56.5,80.0,0,,0.0,0,0,0,0.0,0,18,18,0,1,0,0,0,0,0.0,
Jaden Henderson,97358,CB,LA LAFAYET,1,0,15.8,50.0,100.0,5.0,2.5,0,0,0,0.0,207,40.6,44.7,77.3,,63.1,,0,28,,0,0,0,125.0,2,11,11,0,0,4,1,40,9,4.0,20.0
Jalen Alexander,97361,CB,DUKE,9,0,16.8,47.4,92.1,7.4,3.5,1,0,1,5.3,154,41.4,51.7,85.4,55.5,73.2,71.2,2,50,12.5,1,0,1,80.7,9,70,76,2,7,19,2,199,61,3.0,22.1
Christian Roland-Wallace,97374,CB,ARIZONA,12,1,16.0,60.6,100.0,16.3,9.9,1,2,4,12.1,109,75.2,73.7,47.8,,65.1,77.2,1,53,4.8,1,3,2,125.1,20,338,338,5,19,33,4,361,132,1.1,18.1
Keontra Smith,97375,S,MIAMI FL,1,0,,,100.0,,,0,0,0,,220,62.8,65.0,70.8,,61.3,74.3,0,,,0,0,0,0.0,0,4,4,0,0,0,0,0,0,0.0,
Woodi Washington,97379,CB,OKLAHOMA,4,0,12.8,100.0,100.0,7.7,7.7,0,0,0,0.0,261,60.2,58.6,80.8,,52.9,68.6,0,42,0.0,0,0,0,158.3,6,49,49,1,9,6,1,101,24,2.2,16.8
Jarius Reimonenq,97383,CB,ARK STATE,11,4,12.5,73.5,98.3,8.8,6.4,1,0,4,11.8,113,59.9,67.0,85.9,57.5,85.1,58.8,1,44,19.2,5,4,3,105.6,25,236,240,7,17,34,1,365,108,1.7,14.6
Kirk Lockhart,97388,S,RICE,7,0,10.7,66.7,100.0,7.3,4.8,0,0,1,16.7,275,69.1,67.0,77.8,,60.3,51.0,0,20,33.3,1,1,0,136.8,4,30,30,2,2,6,1,57,16,2.0,14.3
Khambrail Winters,97428,CB,TEXAS ST,12,2,9.9,70.9,99.4,8.5,6.0,0,0,5,9.1,314,64.7,65.3,52.6,54.7,68.3,90.8,0,45,2.7,1,5,3,116.5,39,346,348,12,34,55,4,410,125,1.2,10.5
Trevon Booker,97468,CB,MIAMI OH,2,0,9.0,100.0,100.0,3.5,3.5,0,0,0,0.0,221,63.7,64.4,72.0,,61.0,76.6,0,17,0.0,0,0,0,108.3,2,7,7,1,2,2,0,20,2,2.9,10.0
Nicktroy Fortune,97469,CB,W VIRGINIA,11,2,14.5,54.2,100.0,10.8,5.8,0,0,4,16.7,343,60.4,63.2,83.5,,71.7,79.8,0,37,0.0,0,3,1,110.8,13,145,145,2,10,24,2,206,21,1.5,15.8
Keonte Glinton,97470,CB,WYOMING,1,0,,,100.0,,,0,0,0,,351,63.4,64.0,69.5,,60.0,,0,,,0,0,0,0.0,0,5,5,0,0,0,0,0,0,0.0,
Kerry Martin Jr.,97473,S,W VIRGINIA,12,2,11.8,50.0,99.3,31.3,15.7,0,0,5,27.8,343,74.1,70.6,85.5,52.6,63.6,70.0,0,26,5.6,1,3,1,102.3,9,294,296,4,15,18,2,93,37,0.3,10.3
CJ Johnson,97474,CB,LA TECH,2,0,28.0,100.0,100.0,10.0,10.0,0,0,0,0.0,208,45.1,44.9,72.0,,60.0,74.2,0,74,0.0,0,0,0,158.3,1,10,10,0,1,1,1,74,46,7.4,74.0
Cameron Williams,97475,S,WASHINGTON,13,1,11.6,61.5,95.7,42.0,25.8,1,0,0,0.0,340,80.8,73.6,45.6,50.0,61.4,46.8,3,22,29.2,7,0,3,39.1,8,353,369,3,16,13,0,79,18,0.2,9.9
Kieran Clark,97480,CB,NEVADA,1,0,14.3,66.7,100.0,7.0,4.7,0,0,0,0.0,239,50.2,48.4,76.0,,50.1,73.5,0,15,0.0,0,0,0,88.2,2,14,14,0,1,3,0,22,8,1.6,11.0
Chace Cromartie,97481,S,SMU,11,1,12.2,68.4,99.1,15.7,10.7,0,1,2,10.5,287,61.5,60.7,84.7,56.1,57.2,58.0,0,50,20.0,3,2,0,145.6,13,214,216,2,11,19,6,214,76,1.0,16.5
Myles Bell,97485,CB,UCONN,9,0,11.9,69.6,100.0,11.9,8.3,0,0,1,4.3,146,59.0,60.5,83.7,,65.8,69.8,0,58,5.9,1,1,0,149.3,16,201,201,3,16,23,4,274,100,1.4,17.1
Jarrian Jones,97486,CB,MISS STATE,11,0,14.8,46.2,98.5,21.0,9.7,0,0,2,15.4,227,62.2,60.6,82.4,59.0,50.9,40.9,0,30,30.0,3,1,0,93.1,6,133,135,0,7,13,1,84,39,0.7,14.0
Michael Washington,97487,CB,HAWAII,2,0,11.5,100.0,100.0,15.5,15.5,0,0,0,0.0,180,61.8,61.0,76.4,,57.2,53.2,0,17,0.0,0,0,0,118.8,2,32,32,0,1,2,0,28,5,0.9,14.0
Donald Clay,97488,S,SMU,2,0,-1.0,100.0,100.0,16.0,16.0,0,0,0,0.0,287,72.0,71.4,74.8,,60.0,76.2,0,5,0.0,0,0,0,87.5,1,16,16,1,1,1,0,5,6,0.3,5.0
Devin Bush,97493,CB,ARKANSAS,1,0,,,100.0,,,0,0,0,,111,63.0,64.2,69.6,,60.0,,0,,,0,0,0,0.0,0,4,4,0,0,0,0,0,0,0.0,
Kenneth Logan Jr.,97494,S,KANSAS,4,1,30.0,100.0,100.0,7.5,7.5,0,0,0,0.0,198,44.1,46.9,76.7,,54.1,55.1,0,43,0.0,0,0,0,158.3,2,18,18,0,3,2,1,75,15,5.0,37.5
Dean Clark,97495,S,KENT STATE,9,0,5.0,66.7,97.3,16.5,11.0,0,0,0,0.0,201,47.4,55.2,78.9,60.0,67.5,64.9,0,14,50.0,1,0,0,85.4,2,36,37,0,1,3,0,20,15,0.6,10.0
Tyler Judson,97496,S,TULANE,2,0,0.0,0.0,100.0,,11.0,0,0,1,100.0,319,79.9,78.6,75.1,,68.7,79.4,0,,,0,1,0,39.6,0,12,12,0,0,1,0,0,0,0.0,
Christian Williams,97498,CB,MIAMI FL,2,1,14.0,50.0,100.0,6.0,3.0,0,0,1,50.0,220,66.8,68.5,74.5,,64.6,28.3,0,11,50.0,1,1,0,66.7,1,6,6,0,0,2,0,11,7,1.8,11.0
Khalid Martin,97503,S,NC STATE,2,0,0.0,100.0,94.9,18.0,18.0,0,0,0,0.0,248,58.5,56.7,78.3,57.2,54.5,29.4,0,9,33.3,1,0,0,102.1,2,37,39,0,2,2,0,17,17,0.5,8.5
Jaden Voisin,97506,CB,S ALABAMA,2,0,10.0,100.0,100.0,8.0,8.0,0,0,0,0.0,288,50.8,57.4,75.8,,70.6,,0,40,,0,0,0,118.8,1,8,8,0,0,1,0,40,30,5.0,40.0
Damon Miller,97507,S,UAB,2,0,,,100.0,,,0,0,0,,321,64.9,64.6,70.6,,,74.3,0,,0.0,0,0,0,0.0,0,5,5,0,1,0,0,0,0,0.0,
Josh DeBerry,97508,CB,BOSTON COL,5,2,7.3,53.3,96.5,10.1,5.4,0,0,4,26.7,121,69.2,67.7,82.1,65.0,53.6,84.0,0,35,0.0,0,4,0,76.5,8,83,86,1,4,15,0,108,93,1.3,13.5
Damien Miller,97509,CB,UAB,3,0,20.7,33.3,100.0,15.0,5.0,0,0,0,0.0,321,61.4,64.6,73.7,,69.5,78.5,0,25,0.0,0,0,0,64.6,1,15,15,0,2,3,0,25,4,1.7,25.0
Willie Harts,97513,S,ARIZONA ST,10,1,6.4,63.6,100.0,19.6,12.5,0,0,1,9.1,110,65.6,63.7,10.1,,61.1,64.0,1,49,22.2,2,1,1,52.5,7,142,142,2,6,11,0,93,45,0.7,13.3
Nick Cross,97514,S,MARYLAND,11,2,10.0,59.1,99.6,19.7,11.6,0,0,4,18.2,215,79.8,81.4,86.9,59.8,81.6,74.0,2,55,25.0,4,4,0,93.0,13,267,268,0,10,22,3,211,99,0.8,16.2
Marvae Myers,97517,CB,MIDDLE TN,2,0,18.2,60.0,97.3,11.7,7.0,0,0,0,0.0,224,58.5,59.9,77.4,60.0,65.4,80.5,0,48,0.0,0,0,0,104.2,3,36,37,1,4,5,0,86,10,2.5,28.7
Dax Hill,97519,S,MICHIGAN,11,1,7.6,77.3,100.0,10.5,8.1,0,0,3,13.6,222,73.3,71.6,85.2,,60.6,64.3,1,85,13.6,3,3,1,105.9,17,191,191,6,18,22,1,228,103,1.3,13.4
Justin Clark,97522,CB,N ILLINOIS,1,0,10.0,100.0,100.0,2.0,2.0,0,0,0,0.0,254,52.2,50.0,65.6,,,74.2,0,13,0.0,0,0,0,118.8,1,2,2,0,1,1,0,13,3,6.5,13.0
Drake Thomas,97525,LB,NC STATE,12,1,3.5,100.0,72.0,10.0,10.0,0,1,1,8.3,248,63.1,64.7,79.1,57.8,66.1,65.2,1,22,28.6,2,1,0,97.6,12,121,168,6,4,12,1,109,67,0.9,9.1
Thomas Joe-Kamara,97527,LB,TEMPLE,1,0,,,100.0,,,0,0,0,,306,60.0,69.1,72.9,,67.7,72.2,0,,,0,0,0,0.0,0,1,1,0,0,0,0,0,0,0.0,
Jalen Williams,97529,S,BOSTON COL,1,0,,,100.0,,,0,0,0,,121,60.0,63.7,70.4,,62.6,74.3,0,,,0,0,0,0.0,0,1,1,0,0,0,0,0,0,0.0,
Romel Goston,97533,CB,N ILLINOIS,1,0,,,66.7,,,0,0,0,,254,61.5,62.7,69.4,60.0,60.0,,0,,,0,0,0,0.0,0,2,3,0,0,0,0,0,0,0.0,
Khiry Morrison,97536,S,LA TECH,2,0,,,100.0,,,0,0,0,,208,49.2,51.3,74.0,,60.0,,0,,,0,0,0,0.0,0,17,17,0,0,0,0,0,0,0.0,
Quincy Riley,97539,CB,MIDDLE TN,3,0,16.0,33.3,100.0,22.0,7.3,0,0,0,0.0,224,53.5,58.3,79.0,,74.2,33.9,0,12,100.0,2,0,0,44.4,2,49,49,0,0,6,0,21,3,0.5,10.5
Jordan Veneziale,97542,LB,GA STATE,6,1,3.5,100.0,93.5,10.5,10.5,0,0,0,0.0,175,60.5,53.2,79.9,77.1,45.0,70.0,0,16,0.0,0,0,0,112.5,4,43,46,1,4,4,0,44,30,1.0,11.0
Jett Elad,97543,CB,OHIO,1,0,,,100.0,,,0,0,0,,259,60.0,49.6,70.3,,58.6,22.2,0,,,0,0,0,0.0,0,1,1,0,0,0,0,0,0,0.0,
Jayden Jernigan,97544,DI,OKLA STATE,13,1,,,1.4,,,0,0,0,,262,61.8,60.3,57.0,55.4,64.9,69.5,0,,0.0,0,0,2,0.0,0,3,221,4,3,0,0,0,0,0.0,
Mark Perry,97556,CB,COLORADO,8,1,7.1,65.0,84.9,10.2,6.6,0,0,1,5.0,143,53.5,60.1,85.4,70.7,78.2,53.4,0,39,35.7,5,1,0,105.0,13,135,159,2,8,20,1,154,93,1.2,11.8
Tyrique Stevenson,97562,CB,GEORGIA,12,1,10.4,56.0,90.3,11.0,6.2,0,0,5,20.0,173,67.3,69.9,82.2,71.9,75.2,44.8,0,21,31.3,5,3,1,66.4,14,159,176,6,10,25,0,106,51,0.7,7.6
Elijah Chatman,97568,DI,SMU,8,0,,,2.6,,,0,0,0,,287,60.3,73.2,7.5,66.8,76.9,46.2,0,,0.0,0,0,1,0.0,0,1,39,3,2,0,0,0,0,0.0,
Kevin Anderson,97595,S,TEXAS ST,6,1,13.8,75.0,97.5,12.0,9.0,0,0,0,0.0,314,58.2,66.9,78.5,59.6,78.5,74.0,0,28,0.0,0,0,0,146.9,3,39,40,1,3,4,1,41,4,1.1,13.7
Trejan Bridges,97600,WR,OKLAHOMA,1,1,10.0,0.0,100.0,,8.0,0,0,0,0.0,261,44.8,41.4,0.0,,64.2,76.0,0,,0.0,0,0,3,39.6,0,9,9,0,0,1,0,0,0,0.0,
Tyler Davis,97610,DI,CLEMSON,15,0,,,1.3,,,0,0,0,,140,63.4,79.6,87.5,72.7,78.9,78.7,0,,20.0,1,0,0,0.0,0,4,318,9,4,0,0,0,0,0.0,
DeJordan Mask,97611,S,TEXAS ST,2,0,,,100.0,,,0,0,0,,314,63.7,64.7,71.2,,61.9,74.8,0,,0.0,0,0,0,0.0,0,6,6,0,1,0,0,0,0,0.0,
Ahdarrious Gee,97615,LB,TROY,1,1,22.0,100.0,83.3,5.0,5.0,0,0,0,0.0,318,44.3,38.3,67.0,59.5,,74.3,0,32,0.0,0,0,0,158.3,1,5,6,0,0,1,1,32,10,6.4,32.0
Sheridan Jones,97633,CB,CLEMSON,10,0,14.8,33.3,100.0,18.3,6.1,0,0,1,11.1,140,62.0,66.1,80.2,,76.2,81.2,0,63,0.0,0,0,0,103.5,3,55,55,1,3,9,1,79,56,1.4,26.3
Quavaris Crouch,97635,ED,TENNESSEE,13,4,4.8,75.0,39.5,9.7,7.3,0,0,1,12.5,307,51.0,57.3,86.7,63.6,56.0,57.7,0,14,33.3,3,1,0,89.1,6,60,152,2,2,8,0,47,35,0.8,7.8
Josh Wallace,97676,CB,UMASS,12,1,15.3,68.0,96.2,11.5,7.8,2,0,2,8.0,216,64.5,65.1,5.6,52.8,74.1,65.4,1,60,11.8,2,0,3,132.7,17,201,209,1,14,25,3,306,112,1.6,18.0
Brandon Joseph,97680,S,NWESTERN,1,0,,,100.0,,,0,0,0,,256,64.7,61.8,69.8,,57.4,49.1,0,,0.0,0,0,0,0.0,0,3,3,1,1,0,0,0,0,0.0,
Ryan Melton,97682,CB,S ALABAMA,3,1,14.0,100.0,100.0,4.3,4.3,0,0,0,0.0,288,47.1,52.1,75.9,,67.6,83.0,0,23,0.0,0,0,0,158.3,3,15,15,0,3,3,1,38,1,2.9,12.7
Alex Austin,97683,CB,OREGON ST,3,0,12.9,57.1,100.0,9.8,5.6,0,0,1,14.3,265,66.4,61.8,78.3,,43.6,32.3,0,21,16.7,1,0,0,80.1,4,43,43,0,5,7,0,51,26,1.3,12.8
Trey Rucker,97684,S,WAKE,13,7,14.1,73.7,97.7,20.9,15.4,0,0,1,5.3,339,63.8,53.3,41.4,45.2,36.3,45.7,1,64,17.6,6,0,1,133.2,14,303,310,3,21,19,5,259,101,0.9,18.5
Mehki Miller,97686,S,MIAMI OH,1,0,10.0,0.0,100.0,,9.0,0,0,1,100.0,221,82.7,79.0,75.3,,64.1,74.3,0,,,0,1,0,39.6,0,9,9,0,0,1,0,0,0,0.0,
Brentt Cunningham,97687,CB,S ALABAMA,1,0,4.0,100.0,100.0,2.0,2.0,0,0,0,0.0,288,63.1,64.3,69.5,,60.0,74.8,0,4,0.0,0,0,0,83.3,1,2,2,1,1,1,0,4,0,2.0,4.0
Clayton Bush,97688,S,W KENTUCKY,2,0,-3.0,100.0,100.0,8.0,8.0,0,0,0,0.0,346,64.2,65.2,93.3,,60.0,,0,2,,0,0,0,79.2,1,8,8,0,0,1,0,2,5,0.3,2.0
Eli Neal,97693,LB,MARSHALL,3,0,4.5,100.0,87.5,10.5,10.5,0,0,0,0.0,214,58.4,63.3,71.7,55.7,68.0,59.2,0,9,50.0,1,0,0,97.9,2,21,24,0,1,2,0,15,6,0.7,7.5
Dorian Williams,97694,LB,TULANE,5,0,,,86.2,,,0,0,0,,319,56.9,59.1,78.7,64.0,59.5,43.0,0,,100.0,1,0,0,0.0,0,25,29,0,0,0,0,0,0,0.0,
Bobby Wolfe,97695,CB,ARIZONA,8,0,15.0,66.7,98.7,9.4,6.3,0,0,2,16.7,109,58.6,61.0,79.7,60.0,70.6,63.8,0,56,20.0,1,2,1,109.7,8,78,79,1,4,12,0,169,62,2.3,21.1
Deland McCullough II,97696,CB,MIAMI OH,1,0,8.5,100.0,100.0,2.0,2.0,0,0,0,0.0,221,38.0,41.5,70.3,,64.1,76.6,0,16,0.0,0,0,0,158.3,2,4,4,0,1,2,1,27,10,6.8,13.5
Akeem Dent,97700,S,FLORIDA ST,13,2,14.4,45.5,97.5,19.9,9.1,0,3,6,18.2,167,61.9,58.0,88.0,51.3,46.6,60.6,0,36,13.6,3,5,1,75.4,15,318,326,4,17,33,1,201,76,0.7,13.4
M.J. Griffin,97703,S,TEMPLE,2,1,,,100.0,,,0,0,0,,306,64.4,65.9,70.4,,63.5,78.7,0,,0.0,0,0,0,0.0,0,4,4,0,0,0,0,0,0,0.0,
Matt Salopek,97704,S,MIAMI OH,3,0,,,100.0,,,0,0,0,,221,63.2,66.6,76.0,,68.0,70.1,0,,,0,0,0,0.0,0,11,11,0,0,0,0,0,0,0.0,
Storm Duck,97705,CB,N CAROLINA,13,0,13.2,53.2,95.6,10.7,5.7,0,0,8,17.0,245,81.3,78.7,84.5,57.3,65.0,48.7,2,39,11.5,3,5,1,69.0,25,280,293,6,23,47,2,295,60,1.1,11.8
KJ Johnson II,97707,S,COAST CAR,8,2,7.6,66.7,98.3,18.5,12.3,0,0,0,0.0,141,51.9,49.8,83.1,54.7,47.7,81.6,0,17,10.0,1,0,1,124.8,6,119,121,1,7,9,1,65,43,0.6,10.8
Rich Miller,97709,LB,BUFFALO,2,0,3.5,100.0,100.0,3.5,3.5,0,0,0,0.0,126,51.5,52.4,72.0,,57.1,76.5,0,9,,0,0,0,97.9,2,8,8,0,0,2,0,15,8,2.1,7.5
Tiger Peterson,97711,S,HAWAII,1,0,,,100.0,,,0,0,0,,180,65.9,57.4,71.6,,54.7,28.7,0,,0.0,0,0,0,0.0,0,9,9,0,1,0,0,0,0,0.0,
Joe Smith,97716,LB,TOLEDO,1,0,,,100.0,,,0,0,0,,316,60.0,45.2,71.1,,44.7,26.5,0,,,0,0,0,0.0,0,1,1,0,0,0,0,0,0,0.0,
Tyler Guidry,97717,ED,LA LAFAYET,12,0,0.0,100.0,20.8,4.7,4.7,0,0,0,0.0,207,58.3,64.7,84.0,56.4,70.4,84.7,0,10,0.0,0,0,0,91.7,3,15,72,2,3,3,0,18,18,1.3,6.0
Jalen Davis,97720,LB,MIDDLE TN,2,0,0.0,100.0,50.0,2.0,2.0,0,0,0,0.0,224,52.3,76.0,82.2,58.9,85.4,82.7,0,6,,0,0,0,91.7,1,2,4,0,0,1,0,6,6,3.0,6.0
Omar Speights,97723,LB,OREGON ST,12,3,3.0,85.7,74.3,12.6,10.8,0,0,2,9.5,265,68.8,59.9,12.0,61.1,53.7,68.6,1,22,20.0,5,2,2,70.2,18,237,319,13,17,21,0,118,91,0.5,6.6
Wesley Walker,97725,CB,GA TECH,2,1,11.3,66.7,90.9,5.0,3.3,0,0,0,0.0,176,47.8,48.0,74.0,60.0,60.0,37.2,0,19,33.3,1,0,0,99.3,2,10,11,0,1,3,0,30,22,3.0,15.0
Cory Gildersleeve Jr.,97727,LB,C MICHIGAN,3,0,,,92.3,,,0,0,0,,134,54.2,54.1,74.1,59.7,56.7,78.1,0,,,0,0,0,0.0,0,12,13,0,0,0,0,0,0,0.0,
Mohamed Kamara,97731,ED,COLO STATE,8,1,7.0,100.0,62.1,39.0,39.0,0,0,1,100.0,144,73.3,70.8,84.7,73.8,63.0,70.6,0,8,0.0,0,0,0,100.0,1,41,66,1,2,1,0,8,1,0.2,8.0
Tarique Barnes,97735,LB,ILLINOIS,5,1,0.5,100.0,100.0,7.0,7.0,0,0,0,0.0,187,52.0,42.0,73.4,,38.8,49.0,0,13,0.0,0,0,0,110.4,2,16,16,0,1,2,0,21,20,1.5,10.5
Kyle Kelly,97740,LB,OHIO,1,0,,,100.0,,,0,0,0,,259,60.0,60.5,62.1,,,,0,,,0,0,0,0.0,0,1,1,0,0,0,0,0,0,0.0,
Chase Jones,97741,LB,WAKE,6,2,1.5,81.8,93.1,7.4,6.1,0,0,1,9.1,339,57.5,55.4,79.4,57.4,53.3,80.0,0,55,0.0,0,1,0,108.3,9,67,72,2,7,11,0,110,101,1.6,12.2
Case Hatch,97745,TE,ARIZONA ST,3,1,3.0,66.7,90.0,9.0,6.0,0,0,0,0.0,110,44.5,49.9,72.9,67.3,65.6,52.0,0,12,25.0,1,0,0,88.2,2,18,20,1,2,3,0,22,17,1.2,11.0
Tavian Brown,97747,LB,COLO STATE,3,0,,,71.4,,,0,0,0,,144,62.5,55.2,73.7,58.8,51.8,75.8,0,,,0,0,0,0.0,0,5,7,0,0,0,0,0,0,0.0,
Nelson Paul,97757,ED,SMU,12,0,15.2,100.0,20.9,6.2,6.2,0,0,0,0.0,287,36.5,55.5,10.7,64.5,66.0,57.5,0,35,66.7,2,0,2,158.3,5,32,153,2,1,5,2,102,26,3.3,20.4
Cian Quiroga,97760,LB,COLO STATE,3,0,,,22.2,,,0,0,0,,144,61.2,66.2,73.5,62.9,64.3,73.1,0,,,0,0,0,0.0,0,2,9,0,0,0,0,0,0,0.0,
Javon Solomon,97821,ED,TROY,3,0,,,13.3,,,0,0,0,,318,60.5,70.4,77.9,58.7,73.7,76.8,0,,,0,0,0,0.0,0,2,15,0,0,0,0,0,0,0.0,
Martin Emerson Jr.,97872,CB,MISS STATE,13,1,13.9,54.5,93.5,14.9,8.1,0,0,3,13.6,227,61.6,62.8,27.5,48.7,73.8,72.8,1,39,12.5,2,1,3,98.1,12,187,200,1,13,22,2,207,72,1.2,17.3
Kejuan Markham,97873,S,ARIZONA ST,6,1,4.0,75.0,95.1,12.7,9.5,0,0,1,25.0,110,65.1,67.6,79.1,66.7,66.3,47.5,0,29,20.0,1,1,0,113.5,3,39,41,1,3,4,0,47,35,1.2,15.7
Alex Angus,97879,LB,E CAROLINA,1,0,,,100.0,,,0,0,0,,156,61.0,61.5,64.9,,,,0,,,0,0,0,0.0,0,3,3,0,0,0,0,0,0,0.0,
Jamal Morris,97881,S,OKLAHOMA,1,0,5.0,100.0,100.0,4.0,4.0,0,0,0,0.0,261,65.0,65.3,74.0,,60.0,74.8,0,5,0.0,0,0,0,87.5,1,5,5,1,1,1,0,5,0,1.3,5.0
Prince Wallace-Bemah,97882,LB,CHARLOTTE,3,0,3.8,75.0,86.1,10.0,7.5,0,0,0,0.0,136,65.3,67.4,77.0,85.7,53.5,84.0,0,10,50.0,1,0,0,83.3,3,31,36,3,1,4,0,18,15,0.6,6.0
Gavin Potter,97883,LB,KANSAS,10,2,6.8,79.2,79.8,12.8,10.1,0,0,0,0.0,198,38.2,30.0,54.8,86.2,27.9,28.9,0,51,18.8,3,0,1,114.9,19,257,322,7,11,24,0,278,142,1.1,14.6
Mario Nunez,97885,CB,KENT STATE,3,0,8.6,85.7,97.2,4.8,4.1,0,0,1,14.3,201,69.7,64.7,77.0,59.6,45.5,42.9,0,23,11.1,1,0,1,111.9,6,35,36,1,8,7,0,76,30,2.6,12.7
Jalen Jackson,97887,CB,MIDDLE TN,1,0,11.0,50.0,100.0,13.0,6.5,0,0,1,50.0,224,64.7,65.0,72.3,,60.0,,0,14,,0,1,0,72.9,1,14,14,0,0,2,0,14,8,1.1,14.0
Dominic Tatum,97888,CB,UTAH ST,4,0,5.5,50.0,100.0,6.7,3.3,0,0,0,0.0,329,59.1,52.3,75.8,,37.1,46.8,0,6,33.3,1,0,0,56.3,3,23,23,1,2,6,0,15,11,0.8,5.0
J'Coryan Anderson,97891,LB,MARSHALL,3,0,-1.7,100.0,71.4,3.3,3.3,0,0,0,0.0,214,39.9,49.8,74.6,62.9,63.1,74.3,0,35,,0,0,0,158.3,3,10,14,0,0,3,1,59,64,5.9,19.7
Tyler Nubin,97895,S,MINNESOTA,4,0,13.8,0.0,100.0,,4.8,0,0,2,50.0,225,85.5,84.6,74.8,,62.4,78.8,0,,0.0,0,2,0,39.6,0,20,20,0,1,4,0,0,0,0.0,
Solo Turner,97897,LB,BAYLOR,1,0,,,100.0,,,0,0,0,,118,60.8,62.9,72.5,,61.2,,0,,,0,0,0,0.0,0,3,3,0,0,0,0,0,0,0.0,
Marcus LaFrance,97900,S,MIDDLE TN,2,0,4.0,100.0,95.2,9.8,9.8,0,0,0,0.0,224,67.3,61.5,0.0,58.0,55.7,59.5,0,64,25.0,1,0,1,158.3,4,40,42,2,3,4,1,69,53,1.8,17.3
Jaylon Sharpe,97906,LB,CHARLOTTE,10,1,5.0,100.0,85.5,22.0,22.0,1,0,0,0.0,136,64.1,63.8,0.0,49.0,73.1,68.9,0,13,25.0,1,0,2,100.0,2,47,55,0,2,2,0,16,6,0.4,8.0
Michael Jansey Jr.,97908,LB,NWESTERN,1,0,,,100.0,,,0,0,0,,256,60.0,45.9,66.1,,60.0,,0,,,0,0,0,0.0,0,1,1,0,0,0,0,0,0,0.0,
Zach Ranson,97911,LB,WAKE,2,0,,,75.0,,,0,0,0,,339,52.4,56.3,72.0,60.0,63.4,43.9,0,,50.0,1,0,0,0.0,0,3,4,0,1,0,0,0,0,0.0,
Nick Rattin,97916,LB,N ILLINOIS,9,0,5.5,73.3,91.5,16.9,12.4,0,0,1,6.7,254,81.0,67.5,39.1,57.0,56.1,45.2,1,40,30.8,4,1,1,65.4,11,194,212,2,9,15,0,108,77,0.6,9.8
Shammond Cooper,97918,LB,ILLINOIS,2,0,-4.5,100.0,100.0,4.5,4.5,0,0,0,0.0,187,71.1,66.6,73.7,,53.6,58.1,0,4,25.0,1,0,0,79.2,2,10,10,2,3,2,0,6,15,0.7,3.0
Jackson Mitchell,97924,LB,UCONN,7,2,2.8,81.8,79.6,16.9,13.8,0,0,1,9.1,146,50.6,52.1,40.5,66.0,53.2,71.5,0,53,33.3,2,1,1,118.8,9,160,201,2,2,11,0,148,117,1.0,16.4
Adetomiwa Adebawore,97934,ED,NWESTERN,7,0,,,3.8,,,0,0,0,,256,59.8,68.3,82.8,66.5,66.3,56.7,0,,50.0,1,0,0,0.0,0,4,105,2,1,0,0,0,0,0.0,
Jacob Lacey,97948,DI,NOTRE DAME,12,0,,,0.9,,,0,0,0,,258,59.2,62.8,82.4,64.8,60.4,79.7,0,,0.0,0,0,0,0.0,0,1,111,2,1,0,0,0,0,0.0,
Levelle Bailey,97956,LB,FRESNO ST,8,0,4.1,76.5,88.3,12.2,9.4,1,0,0,0.0,169,49.6,53.2,37.6,61.8,58.6,48.7,1,60,23.1,3,0,1,124.6,13,166,188,4,10,17,2,180,135,1.1,13.8
Sam Brooks Jr.,97957,LB,MIAMI FL,3,0,-0.2,80.0,82.4,6.5,5.2,0,0,0,0.0,220,39.3,58.0,0.0,62.7,77.6,72.8,0,17,50.0,1,0,1,84.2,4,28,34,2,1,5,0,21,26,0.8,5.3
Adrian Woliver,97961,ED,TOLEDO,6,0,,,2.0,,,0,0,0,,316,60.0,59.4,84.4,60.1,57.5,61.0,0,,,0,0,0,0.0,0,1,49,0,0,0,0,0,0,0.0,
Josh Pearcy,97966,ED,RICE,1,0,,,50.0,,,0,0,0,,275,60.0,61.4,64.7,60.0,60.2,,0,,,0,0,0,0.0,0,1,2,0,0,0,0,0,0,0.0,
Tyrece Woods Jr.,97968,DI,BUFFALO,13,0,,,1.0,,,0,0,2,,126,67.0,69.3,80.6,59.2,67.5,77.7,0,,0.0,0,2,0,0.0,0,1,99,3,2,0,0,0,0,0.0,
Jalil Clemons,98119,ED,MEMPHIS,13,1,,,1.6,,,0,0,0,,218,62.9,70.5,83.5,61.1,72.9,71.0,0,,66.7,2,0,0,0.0,0,2,125,3,0,0,0,0,0,0.0,
Myles Farmer,98122,S,NEBRASKA,1,0,,,100.0,,,0,0,0,,238,62.0,62.6,65.9,,60.0,,0,,,0,0,0,0.0,0,3,3,0,0,0,0,0,0,0.0,
JT Killen,98125,LB,COAST CAR,2,0,12.5,100.0,83.3,8.3,8.3,0,0,0,0.0,141,42.1,51.0,72.8,53.6,71.7,56.4,0,28,33.3,1,0,0,118.8,4,35,42,0,2,4,0,66,16,2.0,16.5
Derick Hall,98130,ED,AUBURN,11,0,,,3.1,,,0,0,0,,115,61.8,64.2,86.4,63.1,61.7,56.8,0,,0.0,0,0,0,0.0,0,3,97,1,1,0,0,0,0,0.0,
Clayton Coll,98134,LB,BALL ST,11,1,4.3,68.8,80.4,10.8,7.4,0,0,1,6.3,117,55.0,57.1,1.9,75.7,51.0,74.8,0,28,0.0,0,1,1,88.0,11,123,153,3,3,16,0,110,64,0.9,10.0
Connor Grieco,98135,S,BOSTON COL,4,0,16.7,100.0,100.0,16.0,16.0,0,0,0,0.0,121,45.6,51.3,79.7,,65.2,71.3,0,63,0.0,0,0,0,158.3,3,49,49,0,3,3,2,96,52,2.0,32.0
TJ Robinson,98137,CB,RUTGERS,2,0,44.0,100.0,100.0,3.0,3.0,0,0,0,0.0,278,29.9,43.0,74.7,,70.3,78.9,0,56,,0,0,0,158.3,1,3,3,0,0,1,1,56,12,18.7,56.0
Cole Mashburn,98147,ED,MEMPHIS,2,0,-3.0,100.0,21.4,3.0,3.0,0,0,0,0.0,218,62.8,56.6,78.2,52.6,58.0,47.7,0,4,50.0,1,0,0,83.3,1,3,14,1,1,1,0,4,7,1.3,4.0
Mike Kelly,98148,ED,CHARLOTTE,3,0,,,11.1,,,0,0,0,,136,60.0,71.9,76.3,81.6,61.4,50.0,0,,,0,0,0,0.0,0,1,9,0,0,0,0,0,0,0.0,
Jalen Graham,98165,S,PURDUE,11,4,5.4,79.4,93.1,11.9,9.4,0,0,3,8.8,273,65.0,61.5,90.0,55.1,52.0,70.2,0,46,9.1,2,3,1,113.7,27,336,361,12,16,34,2,224,111,0.7,8.3
Tre Brown,98170,LB,WASH STATE,13,1,-0.5,87.5,86.7,8.4,7.4,1,0,0,0.0,341,50.6,72.2,21.7,62.4,87.0,74.3,0,17,25.0,2,0,1,135.9,7,65,75,3,5,8,1,57,59,1.0,8.1
Adrian Bickham,98195,ED,RICE,5,0,,,18.5,,,0,1,1,,275,69.0,66.4,77.6,53.8,66.3,,0,,,0,1,0,0.0,0,5,27,0,0,0,0,0,0,0.0,
Armoni Dixon,98205,ED,TULANE,3,0,,,25.0,,,0,0,0,,319,49.2,51.8,75.4,57.1,62.8,72.2,0,,,0,0,0,0.0,0,2,8,0,0,0,0,0,0,0.0,
Derek Stingley Jr.,98253,CB,LSU,15,0,15.6,37.0,98.8,16.3,6.0,0,2,20,21.7,211,91.7,91.7,86.9,60.2,78.3,48.6,6,85,17.9,5,15,2,51.4,34,589,596,3,23,92,5,608,200,1.1,17.9
Mataio Soli,98306,ED,ARKANSAS,12,0,,,2.3,,,1,0,0,,111,63.2,58.6,53.4,59.7,58.0,57.6,0,,0.0,0,0,2,0.0,0,6,256,1,2,0,0,0,0,0.0,
Steven Parker,98308,ED,KANSAS,3,0,6.5,50.0,38.9,7.0,3.5,0,0,1,50.0,198,54.9,42.0,80.0,59.4,36.1,27.1,0,12,,0,0,0,108.3,1,7,18,0,0,2,1,12,4,1.7,12.0
Shamar McCollum,98309,ED,WAKE,11,0,3.3,100.0,20.0,4.7,4.7,0,0,0,0.0,339,51.2,53.8,84.3,64.4,47.6,48.6,0,19,0.0,0,0,0,105.6,3,14,70,3,1,3,0,28,18,2.0,9.3
Jamel Hamm,98310,CB,UNLV,2,0,6.3,75.0,100.0,9.0,6.8,0,0,0,0.0,325,49.9,53.9,75.5,,69.6,58.0,0,13,33.3,1,0,0,97.9,3,27,27,0,2,4,0,32,13,1.2,10.7
Sylvain Yondjouen,98313,ED,GA TECH,10,0,,,1.1,,,0,0,0,,176,63.6,56.4,19.0,59.8,56.1,28.7,0,,,0,0,2,0.0,0,1,90,0,0,0,0,0,0,0.0,
David Ugwoegbu,98314,ED,OKLAHOMA,13,0,0.9,62.5,40.4,12.4,7.8,0,0,1,12.5,261,90.2,63.7,88.0,56.9,46.9,58.9,0,9,12.5,1,1,0,66.7,5,65,161,6,7,8,0,19,27,0.3,3.8
Alex Wright,98318,ED,UAB,14,0,,,1.0,,,1,0,0,,321,71.2,78.8,65.4,74.5,76.0,68.7,0,,50.0,1,0,1,0.0,0,2,204,4,1,0,0,0,0,0.0,
George Karlaftis,98319,ED,PURDUE,12,1,-3.0,100.0,0.2,1.0,1.0,0,0,0,0.0,273,70.8,74.1,66.8,69.2,73.3,65.5,1,20,30.0,3,0,2,79.2,1,1,430,13,6,1,0,20,23,20.0,20.0
Jason Vaughn,98440,ED,USF,12,0,9.0,0.0,28.8,,9.5,0,0,0,0.0,327,57.6,69.0,35.4,66.0,73.4,84.9,0,,0.0,0,0,1,39.6,0,19,66,1,1,2,0,0,0,0.0,
Shitta Sillah,98442,ED,BOSTON COL,9,0,,,15.0,,,0,0,0,,121,66.5,61.3,82.8,54.8,63.6,60.8,0,,25.0,1,0,0,0.0,0,12,80,2,3,0,0,0,0,0.0,
Kayvon Thibodeaux,98444,ED,OREGON,14,0,4.3,75.0,13.9,14.7,11.0,1,0,1,25.0,264,76.3,77.9,51.7,79.9,65.0,57.4,0,10,30.0,3,1,3,83.3,3,47,337,17,7,4,0,18,12,0.4,6.0
Kendall Wilkerson,98450,DI,LA LAFAYET,13,0,,,2.7,,,0,0,0,,207,59.1,56.7,81.3,63.6,49.3,46.5,0,,0.0,0,0,0,0.0,0,4,150,2,1,0,0,0,0,0.0,
Eric Watts,98459,ED,UCONN,12,1,,,3.1,,,1,0,0,,146,65.5,56.2,65.3,52.7,57.7,69.0,0,,0.0,0,0,1,0.0,0,6,194,2,5,0,0,0,0,0.0,
Adam Plant,98461,ED,TCU,7,0,,,6.7,,,0,0,0,,305,61.4,63.1,82.6,57.0,66.5,76.7,0,,,0,0,0,0.0,0,4,60,0,0,0,0,0,0,0.0,
Zach Harrison,98503,ED,OHIO STATE,14,0,,,7.1,,,0,0,0,,260,61.9,70.7,84.8,62.3,73.4,84.3,0,,50.0,1,0,1,0.0,0,10,141,5,1,0,0,0,0,0.0,
Tatum Bethune,98532,LB,UCF,8,2,3.9,46.7,85.0,9.6,4.5,0,0,1,6.7,323,67.4,70.4,0.0,57.2,77.2,61.2,0,11,10.0,1,0,1,53.5,7,68,80,3,7,15,0,39,27,0.6,5.6
Jeremiah Jean-Baptiste,98536,LB,UCF,6,0,5.4,100.0,94.7,7.3,7.3,0,1,0,0.0,323,45.2,52.5,74.7,45.9,68.7,51.2,0,32,50.0,3,0,0,118.8,7,54,57,3,3,7,0,125,87,2.5,17.9
Jaylen Mahoney,98558,CB,VANDERBILT,12,4,6.1,55.6,93.1,19.0,10.6,0,0,2,11.1,333,74.0,72.9,86.8,63.3,64.4,74.7,1,50,7.1,1,2,0,50.0,10,201,216,4,9,18,0,107,95,0.6,10.7
James Tarver,98560,CB,UCF,2,0,10.5,100.0,100.0,6.5,6.5,0,0,0,0.0,323,51.7,55.5,76.3,,70.6,59.8,0,18,33.3,1,0,0,158.3,4,26,26,0,2,4,1,56,20,2.2,14.0
Justin Harris,98565,LB,VANDERBILT,1,0,,,50.0,,,0,0,0,,333,60.0,59.8,65.1,59.2,,,0,,,0,0,0,0.0,0,1,2,0,0,0,0,0,0,0.0,
Anfernee Orji,98568,LB,VANDERBILT,8,0,3.0,25.0,97.9,43.0,10.8,0,0,1,25.0,333,60.6,63.1,75.9,67.0,64.1,81.5,0,1,0.0,0,1,1,79.2,1,46,47,0,1,4,1,1,4,0.0,1.0
Duron Lowe,98590,CB,UTEP,12,1,15.3,51.4,99.7,16.4,8.5,0,1,8,22.9,330,64.5,65.9,85.9,60.0,66.9,70.4,0,48,7.1,1,4,2,109.0,18,309,310,4,12,35,3,298,68,1.0,16.6
Fentrell Cypress II,98591,CB,VIRGINIA,1,0,,,100.0,,,0,0,0,,335,60.0,61.3,68.9,,60.0,,0,,,0,0,0,0.0,0,1,1,0,0,0,0,0,0,0.0,
Derrick Langford,98592,CB,WASH STATE,10,0,24.3,42.9,98.0,22.7,9.7,0,0,4,28.6,341,68.6,66.9,81.4,55.2,56.2,81.9,0,44,0.0,0,4,1,106.0,6,144,147,0,5,14,1,149,32,1.1,24.8
Shahman Moore,98593,CB,WASH STATE,3,0,15.5,50.0,100.0,9.0,4.5,0,0,0,0.0,341,66.5,67.8,74.7,,65.6,76.2,0,3,0.0,0,0,0,56.3,1,9,9,0,1,2,0,3,1,0.3,3.0
Tony Collier,98594,CB,NEW MEXICO,7,0,25.3,25.0,100.0,53.0,13.3,0,0,0,0.0,241,53.2,56.4,80.2,,67.9,78.2,0,80,0.0,0,0,1,118.8,1,55,55,2,3,4,1,80,35,1.5,80.0
Dashawn Crawford,98599,DI,VA TECH,11,0,6.0,0.0,2.8,,5.0,0,0,0,0.0,337,64.3,77.2,61.7,81.0,69.4,65.9,1,,50.0,1,0,1,0.0,0,6,215,5,1,1,0,0,0,0.0,
Trevon Mason,98601,DI,ARIZONA,12,1,4.0,100.0,0.3,1.0,1.0,0,0,0,0.0,109,59.7,67.1,85.4,61.7,68.0,62.3,0,7,40.0,2,0,0,95.8,1,1,300,2,2,1,0,7,3,7.0,7.0
Myles Tapusoa,98603,DI,ARIZONA,11,0,,,1.5,,,0,0,0,,109,50.8,51.6,7.7,60.6,53.8,38.5,0,,50.0,1,0,3,0.0,0,2,133,2,1,0,0,0,0,0.0,
Aaron Donkor,98605,ED,ARK STATE,6,1,-1.0,100.0,17.3,22.0,22.0,0,0,0,0.0,113,66.0,73.5,85.6,75.4,65.8,61.3,0,3,0.0,0,0,0,79.2,1,22,127,1,1,1,0,3,4,0.1,3.0
Mike Hinton,98609,ED,TULANE,13,0,,,0.7,,,0,0,0,,319,60.1,71.2,81.1,61.8,75.6,79.1,0,,50.0,1,0,0,0.0,0,1,145,2,1,0,0,0,0,0.0,
Jason Harris,98610,ED,UCLA,12,1,7.8,80.0,23.3,11.5,9.2,1,0,0,0.0,324,54.0,60.3,65.0,56.3,67.2,71.7,0,83,25.0,1,0,1,158.3,4,47,202,3,2,5,1,131,93,2.8,32.8
Enock Makonzo,98611,S,COAST CAR,2,0,19.0,50.0,100.0,25.0,12.5,0,0,0,0.0,141,48.2,54.4,76.9,,65.7,50.4,0,8,0.0,0,0,0,60.4,1,28,28,0,1,2,0,8,2,0.3,8.0
Logan Darby,98612,S,UMASS,7,2,17.6,87.5,98.9,11.9,10.4,0,0,0,0.0,216,50.7,47.8,80.9,59.9,45.1,58.4,0,55,25.0,3,0,0,158.3,7,90,91,1,7,8,2,152,60,1.8,21.7
Tre Young,98615,CB,S ALABAMA,12,2,8.4,73.1,99.6,11.5,8.4,0,0,2,7.7,288,65.8,61.8,88.5,60.0,49.1,70.2,0,27,4.5,1,2,0,98.1,19,229,230,2,19,26,0,219,119,1.0,11.5
Bryce Beekman,98616,S,WASH STATE,13,3,13.4,67.9,99.4,17.1,11.6,0,1,2,7.1,341,54.0,54.5,85.0,54.5,54.2,29.2,1,54,29.2,7,2,2,95.1,19,344,346,5,14,28,1,265,87,0.8,13.9
Diamond Harrell,98630,S,UCONN,8,3,6.5,71.4,100.0,12.4,8.9,0,0,1,4.8,146,60.7,63.0,86.3,,67.3,64.1,2,21,14.8,4,1,1,52.6,15,194,194,3,20,21,0,154,71,0.8,10.3
Brandon Burks,98631,LB,E MICHIGAN,9,1,7.1,100.0,93.3,7.0,7.0,0,0,0,0.0,160,51.4,58.0,80.9,47.8,67.1,71.2,0,29,16.7,1,0,0,118.8,7,56,60,1,4,7,0,95,45,1.9,13.6
Tariq Speights,98632,LB,E MICHIGAN,6,0,-1.5,50.0,88.2,14.0,7.0,0,0,0,0.0,160,64.8,62.7,0.0,59.1,65.5,76.1,0,3,,0,0,1,56.3,1,15,17,0,0,2,0,3,4,0.2,3.0
Swayze Bozeman,98634,LB,SO MISS,13,5,3.9,77.8,73.3,15.9,12.4,0,0,0,0.0,296,70.6,57.6,85.2,55.7,47.9,58.0,0,47,12.5,2,0,0,99.5,14,233,318,11,9,18,0,142,83,0.6,10.1
Nick Anderson,98636,LB,TULANE,12,4,2.4,70.0,84.3,10.4,7.3,0,0,1,10.0,319,62.3,67.9,78.1,69.8,68.2,81.5,0,28,0.0,0,1,0,130.8,7,75,89,4,4,10,1,89,62,1.2,12.7
Trennan Carlson,98638,ED,UTAH,5,0,12.0,0.0,32.1,,9.0,0,0,0,0.0,328,41.3,41.7,78.2,53.7,49.4,74.6,0,,0.0,0,0,0,39.6,0,9,28,1,1,1,0,0,0,0.0,
Joe Smith,98639,LB,UTEP,7,0,3.4,87.5,77.6,11.3,9.9,0,0,0,0.0,330,53.1,54.1,83.1,57.4,55.5,68.3,0,49,0.0,0,0,1,153.6,7,83,107,1,4,8,1,91,77,1.2,13.0
Nick Jackson,98640,LB,VIRGINIA,8,1,2.5,72.7,70.7,10.3,7.5,0,0,0,0.0,335,64.1,61.2,12.0,58.9,60.9,84.2,0,19,11.1,1,0,1,83.9,8,87,123,4,7,11,0,56,55,0.7,7.0
James Lewis,98641,LB,NEW MEXICO,3,0,-2.3,66.7,71.4,7.0,4.7,0,0,0,0.0,241,47.4,41.7,75.4,50.6,47.7,28.7,0,59,50.0,1,0,0,149.3,2,15,21,1,1,3,1,64,68,4.6,32.0
Jacobi Hearn,98643,ED,NEW MEXICO,12,5,1.3,80.0,30.8,7.1,5.7,0,0,2,13.3,241,65.4,81.0,91.5,81.3,75.8,61.6,0,16,14.3,2,2,0,91.4,12,93,302,13,7,15,0,89,82,1.0,7.4
Reco Hannah,98644,LB,NEW MEXICO,7,0,4.0,100.0,80.0,5.0,5.0,0,0,0,0.0,241,62.7,66.1,78.6,55.4,71.6,60.3,0,22,33.3,1,0,0,147.9,5,28,35,1,2,5,1,50,30,2.0,10.0
Jaydon Hill,98645,CB,FLORIDA,7,0,10.3,57.1,98.5,16.0,9.1,0,1,1,14.3,163,64.9,68.8,79.2,59.2,83.7,84.1,0,14,0.0,0,1,0,68.8,4,65,66,3,5,7,0,32,9,0.5,8.0
Chester Kimbrough,98646,CB,FLORIDA,7,2,16.3,41.7,98.8,15.6,6.5,0,1,3,25.0,163,68.8,66.6,79.6,60.0,51.7,45.2,0,27,16.7,1,2,0,87.2,5,80,81,1,3,12,1,65,38,0.8,13.0
Kaiir Elam,98693,CB,FLORIDA,11,0,11.0,43.5,99.0,20.3,8.8,0,0,6,26.1,163,89.8,87.8,14.5,53.5,63.2,84.1,3,20,0.0,0,3,1,18.3,10,207,209,3,9,23,0,108,28,0.5,10.8
Jonathan Alexander,98707,S,KANSAS ST,12,0,12.9,46.2,95.8,22.2,10.2,0,0,2,15.4,199,58.9,70.4,82.2,69.3,87.2,69.3,0,70,14.3,1,2,0,102.7,6,137,143,3,6,13,1,114,46,0.9,19.0
Naeem Smith,98708,S,RICE,12,4,7.1,65.8,97.1,11.4,7.5,0,0,4,10.5,275,64.6,65.2,89.1,67.1,62.2,59.2,2,50,21.2,7,1,0,95.8,25,297,306,10,22,38,3,315,183,1.1,12.6
Shaddrick Lowery,98709,S,NEW MEXICO,1,0,,,100.0,,,0,0,0,,241,60.5,61.0,66.5,,60.0,,0,,,0,0,0,0.0,0,2,2,0,0,0,0,0,0,0.0,
Te'Cory Couch,98755,CB,MIAMI FL,7,0,9.0,100.0,88.2,8.7,8.7,0,0,0,0.0,220,55.8,56.3,78.6,53.5,64.6,78.5,0,29,0.0,0,0,0,118.8,3,30,34,1,2,3,0,51,24,2.0,17.0
Noa Kamana,98758,LB,HAWAII,5,0,-1.0,50.0,90.3,27.0,13.5,0,0,0,0.0,180,63.8,62.0,77.3,57.2,58.8,82.2,0,1,0.0,0,0,0,56.3,1,28,31,1,3,2,0,1,7,0.0,1.0
DJuan Matthews,98766,DI,HAWAII,15,0,,,0.5,,,0,0,0,,180,60.5,60.4,13.9,57.9,66.3,80.7,0,,0.0,0,0,3,0.0,0,1,188,1,1,0,0,0,0,0.0,
Kyon Barrs,98769,DI,ARIZONA,11,0,8.0,100.0,0.7,1.0,1.0,0,0,0,0.0,109,55.8,48.3,30.8,53.5,49.9,81.3,0,11,50.0,1,0,2,112.5,1,1,151,1,1,1,0,11,3,11.0,11.0
Derrion Clark,98772,LB,ARIZONA,4,0,-2.0,100.0,58.3,7.0,7.0,0,0,0,0.0,109,62.6,39.0,0.0,56.6,39.1,74.3,0,33,,0,0,1,118.8,1,7,12,0,0,1,0,33,35,4.7,33.0
Tauivi Ho Ching,98778,LB,HAWAII,4,0,-2.0,100.0,92.6,5.3,5.3,0,0,0,0.0,180,66.4,64.4,74.9,58.5,59.3,82.5,0,8,0.0,0,0,0,79.2,4,25,27,1,2,4,0,10,18,0.5,2.5
Mohamoud Diabate,98780,ED,FLORIDA,11,0,-1.0,100.0,35.2,13.7,13.7,1,0,0,0.0,163,55.3,68.2,39.2,76.8,63.9,53.1,0,25,57.1,4,0,1,118.8,3,43,122,5,3,3,0,38,41,0.9,12.7
Ty'Ron Hopper,98781,CB,FLORIDA,1,0,,,100.0,,,0,0,0,,163,61.4,67.0,67.9,,60.0,,0,,,0,0,0,0.0,0,2,2,0,0,0,0,0,0,0.0,
Jesiah Pierre,98782,LB,FLORIDA,1,0,,,100.0,,,0,0,0,,163,60.3,62.4,67.5,,60.0,,0,,,0,0,0,0.0,0,2,2,0,0,0,0,0,0,0.0,
Khris Bogle,98783,ED,FLORIDA,13,0,1.0,100.0,6.5,7.0,7.0,0,0,0,0.0,163,73.2,66.3,84.3,58.3,66.5,67.5,0,2,33.3,2,0,0,79.2,1,7,107,6,4,1,0,2,1,0.3,2.0
Andrew Barnes,98813,S,MIAMI FL,1,0,,,100.0,,,0,0,0,,220,48.5,53.6,68.0,,60.3,29.2,0,,100.0,1,0,0,0.0,0,2,2,0,0,0,0,0,0,0.0,
Gannon Feldmann,98814,S,MIAMI FL,1,0,,,100.0,,,0,0,0,,220,60.9,60.8,67.7,,60.0,,0,,,0,0,0,0.0,0,2,2,0,0,0,0,0,0,0.0,
Dylan Lawrence,98829,CB,MISS STATE,1,0,,,100.0,,,0,0,0,,227,65.0,65.2,69.3,,60.0,75.3,0,,0.0,0,0,0,0.0,0,4,4,1,1,0,0,0,0,0.0,
M.J. Devonshire,98832,CB,KENTUCKY,3,1,17.8,33.3,97.4,18.5,6.2,0,0,2,33.3,202,75.0,74.7,76.4,59.1,61.6,81.1,0,38,0.0,0,1,0,57.6,2,38,39,1,5,6,0,40,12,1.1,20.0
Jay Ward,98833,CB,LSU,9,0,16.9,33.3,95.5,12.0,4.0,0,0,3,33.3,211,67.6,69.6,78.8,65.0,65.3,78.2,0,24,0.0,0,3,0,93.5,3,42,44,1,3,9,2,52,12,1.4,17.3
Cor'Dale Flott,98834,CB,LSU,13,2,12.0,32.0,97.5,18.0,5.8,0,1,7,28.0,211,70.2,71.7,83.4,53.5,76.7,63.7,0,35,16.7,2,5,0,52.4,8,153,157,4,8,25,0,142,41,1.0,17.8
Ray'Darious Jones,98835,CB,LSU,4,0,25.0,0.0,100.0,,14.0,0,0,0,0.0,211,65.9,66.4,74.3,,62.8,,0,,,0,0,0,39.6,0,14,14,0,0,1,0,0,0,0.0,
Jammie Robinson,98836,CB,S CAROLINA,12,5,8.8,58.3,98.7,10.5,6.1,1,1,3,5.0,289,70.5,70.4,89.1,56.9,67.1,90.7,1,37,0.0,0,3,2,85.6,35,392,397,11,31,60,3,362,166,1.0,10.3
Cam Smith,98837,CB,S CAROLINA,2,2,11.3,100.0,100.0,9.0,9.0,0,0,0,0.0,289,60.6,61.1,75.6,,61.5,81.3,0,32,0.0,0,0,0,158.3,3,27,27,0,4,3,1,45,17,1.7,15.0
Shilo Sanders,98838,CB,S CAROLINA,1,0,11.0,50.0,100.0,23.0,11.5,0,0,0,0.0,289,60.6,61.5,74.4,,62.5,76.4,0,5,0.0,0,0,0,56.3,1,23,23,0,1,2,0,5,1,0.2,5.0
Johnny Dixon,98839,CB,S CAROLINA,7,1,15.4,60.0,98.4,19.0,11.4,0,0,0,0.0,289,65.4,62.7,79.4,60.0,49.2,57.0,1,17,0.0,0,0,0,77.9,3,60,61,0,1,5,1,31,7,0.5,10.3
Jordan Villafane,98841,CB,S CAROLINA,1,0,5.0,100.0,100.0,2.0,2.0,0,0,0,0.0,289,63.6,64.7,67.3,,60.0,75.1,0,5,0.0,0,0,0,87.5,1,2,2,0,1,1,0,5,0,2.5,5.0
Warren Burrell,98842,CB,TENNESSEE,6,0,15.8,55.0,97.3,9.2,5.1,0,0,1,5.0,307,50.5,54.7,81.5,68.4,66.8,70.8,0,29,20.0,2,0,1,110.6,11,107,110,2,8,20,2,141,28,1.4,12.8
Romello Edwards,98843,CB,TENNESSEE,1,0,-2.0,100.0,100.0,4.0,4.0,0,0,0,0.0,307,71.8,73.2,71.8,,64.1,76.2,0,1,0.0,0,0,0,79.2,1,5,5,1,1,1,0,1,3,0.3,1.0
Tyus Fields,98844,S,TENNESSEE,1,0,,,100.0,,,0,0,0,,307,61.7,67.9,70.4,,67.5,75.3,0,,,0,0,0,0.0,0,4,4,0,0,0,0,0,0,0.0,
Jaylen McCollough,98845,S,TENNESSEE,10,3,8.7,62.5,97.8,16.9,10.6,0,0,3,12.5,307,74.3,71.2,85.6,62.4,61.2,69.3,0,75,4.8,1,2,0,119.4,15,268,274,5,17,24,2,216,119,0.9,14.4
Kenney Solomon,98848,CB,TENNESSEE,1,0,20.5,50.0,100.0,4.0,2.0,0,0,0,0.0,307,65.8,67.0,70.4,,60.9,,1,11,,0,0,0,27.1,1,5,5,0,0,2,0,11,0,2.8,11.0
Elijah Blades,98849,CB,TEXAS A&M,7,1,17.5,52.6,96.8,17.3,9.1,0,0,2,10.5,312,63.2,69.3,82.4,95.2,64.1,67.1,0,41,23.1,3,0,4,111.7,10,184,190,3,9,19,2,140,30,0.8,14.0
Erick Young,98850,S,TEXAS A&M,1,0,,,100.0,,,0,0,0,,312,75.6,78.4,70.7,,66.3,78.3,1,,0.0,0,0,0,0.0,0,7,7,0,1,0,0,0,0,0.0,
Brian Williams,98851,S,TEXAS A&M,4,0,-6.0,50.0,89.5,33.0,16.5,0,0,0,0.0,312,60.8,56.4,77.0,55.2,48.3,20.0,0,9,100.0,1,0,0,62.5,1,34,38,0,0,2,0,9,17,0.3,9.0
Demani Richardson,98852,S,TEXAS A&M,12,3,10.3,76.2,93.9,19.3,14.7,0,0,4,19.0,312,56.4,63.1,44.1,61.3,75.3,73.2,1,78,7.1,2,4,2,113.7,16,326,347,9,23,21,1,291,165,0.9,18.2
Konnor Hitchcock,98855,CB,TEXAS A&M,1,0,,,100.0,,,0,0,0,,312,63.1,63.5,69.0,,60.0,,0,,,0,0,0,0.0,0,5,5,0,0,0,0,0,0,0.0,
Jordan Battle,98857,S,ALABAMA,13,0,7.9,60.0,97.5,20.8,12.5,0,1,1,5.0,103,66.3,66.8,85.7,62.4,65.4,69.6,1,14,0.0,0,1,1,48.8,12,268,275,5,13,20,0,84,85,0.3,7.0
Scooby Carter,98858,CB,ALABAMA,2,0,-6.0,0.0,100.0,,10.0,0,0,0,0.0,103,54.1,57.4,74.7,,65.8,74.2,0,,,0,0,1,39.6,0,11,11,0,0,1,0,0,0,0.0,
Brandon Turnage,98859,CB,ALABAMA,1,0,,,100.0,,,0,0,0,,103,60.0,60.8,63.8,,,,0,,,0,0,0,0.0,0,1,1,0,0,0,0,0,0,0.0,
Marcus Banks,98861,CB,ALABAMA,2,0,,,100.0,,,0,0,0,,103,64.7,65.4,73.9,,62.7,,0,,,0,0,0,0.0,0,8,8,0,0,0,0,0,0,0.0,
DeMarcco Hellams,98863,S,ALABAMA,5,0,-1.0,100.0,78.6,10.0,10.0,0,0,0,0.0,103,64.0,71.8,74.7,79.0,65.4,79.7,0,0,0.0,0,0,0,79.2,1,11,14,1,1,1,0,0,1,0.0,0.0
Jalen Catalon,98867,S,ARKANSAS,2,0,,,100.0,,,0,1,1,,111,75.5,85.2,75.0,,89.8,84.0,0,,,0,1,0,0.0,0,12,12,0,0,0,0,0,0,0.0,
Greg Brooks Jr.,98869,CB,ARKANSAS,12,1,7.4,76.7,90.1,6.9,5.3,0,0,3,7.0,111,51.9,49.8,88.5,54.3,41.7,29.8,1,69,36.0,9,1,0,121.5,33,245,272,5,15,43,3,432,276,1.9,13.1
Malik Chavis,98870,CB,ARKANSAS,1,0,,,100.0,,,0,0,0,,111,64.2,66.9,72.3,,65.6,63.0,0,,0.0,0,0,0,0.0,0,3,3,0,1,0,0,0,0,0.0,
Zion Puckett,98874,CB,AUBURN,4,0,5.8,60.0,80.8,6.3,3.8,0,0,1,20.0,115,59.3,57.6,80.9,54.3,57.2,51.7,0,30,50.0,1,1,0,142.5,3,21,26,0,1,5,1,61,39,3.2,20.3
Nehemiah Pritchett,98875,CB,AUBURN,4,1,10.0,50.0,100.0,29.0,14.5,0,0,0,0.0,115,67.3,66.2,76.8,,59.6,80.2,0,20,0.0,0,0,0,85.4,1,32,32,2,2,2,0,20,16,0.7,20.0
Jaylin Simpson,98876,S,AUBURN,3,0,0.0,100.0,100.0,7.0,7.0,0,0,0,0.0,115,60.0,65.1,72.4,,68.7,27.5,0,12,100.0,1,0,0,116.7,1,7,7,0,0,1,0,12,12,1.7,12.0
DJ Daniel,98878,CB,GEORGIA,13,3,14.3,47.2,97.8,16.6,7.8,0,0,9,17.0,173,72.5,73.6,48.7,63.6,76.8,89.2,0,40,0.0,0,6,5,77.9,25,439,449,4,27,53,2,304,73,0.7,12.2
Lewis Cine,98879,S,GEORGIA,8,1,4.9,81.8,98.5,14.2,11.6,0,0,0,0.0,173,69.9,73.7,81.7,68.2,78.3,82.0,1,24,0.0,0,0,0,53.0,9,135,137,1,7,11,0,64,32,0.5,7.1
Jonathan Haynes,98884,S,OLE MISS,11,1,10.3,82.4,100.0,15.9,13.1,0,0,0,0.0,226,54.7,56.8,37.0,,61.9,77.8,1,78,9.1,2,0,1,130.4,14,231,231,1,19,17,2,200,91,0.9,14.3
Jalen Jordan,98885,CB,OLE MISS,2,0,6.0,100.0,100.0,5.0,5.0,0,0,0,0.0,226,65.0,65.4,70.1,,60.0,76.6,0,12,0.0,0,0,0,97.9,2,10,10,1,2,2,0,15,3,1.5,7.5
AJ Finley,98887,S,OLE MISS,12,1,8.0,70.0,96.7,8.3,5.8,0,0,0,0.0,226,54.5,56.2,79.9,59.2,61.0,71.1,0,36,14.3,1,0,0,129.6,7,58,60,3,5,10,1,86,72,1.5,12.3
Deantre Prince,98888,CB,OLE MISS,10,1,12.2,58.6,99.6,13.1,7.7,0,0,2,6.9,226,67.0,67.2,83.2,62.0,58.4,50.0,2,43,14.3,3,2,0,77.9,17,227,228,5,17,29,2,228,82,1.0,13.4
Jay Stanley,98889,S,OLE MISS,7,0,8.4,80.0,100.0,17.4,13.9,0,0,2,20.0,226,62.7,61.0,82.8,,55.9,59.6,0,51,16.7,1,1,0,151.7,8,141,141,1,5,10,1,124,56,0.9,15.5
Chris Shearin,98891,CB,MISSOURI,4,0,1.3,66.7,92.3,6.0,4.0,0,0,0,0.0,229,71.8,70.9,77.2,60.0,63.6,74.2,0,0,0.0,0,0,0,70.1,2,12,13,1,1,3,0,-2,2,-0.2,-1.0
Stacy Brown,98892,LB,MISSOURI,3,0,,,50.0,,,0,0,0,,229,70.7,63.7,77.6,62.9,53.1,27.0,0,,,0,0,0,0.0,0,7,14,0,0,0,0,0,0,0.0,
Ishmael Az-Zahir,98893,CB,MISSOURI,1,0,32.0,0.0,100.0,,21.0,0,0,0,0.0,229,66.6,67.0,75.6,,62.2,,0,,,0,0,0,39.6,0,21,21,0,0,1,0,0,0,0.0,
Taj Dodson,98898,S,KENTUCKY,3,0,14.0,100.0,97.1,7.8,7.8,0,0,0,0.0,202,34.7,36.4,75.6,59.4,57.2,75.9,0,32,0.0,0,0,0,158.3,4,33,34,0,1,4,1,71,15,2.3,17.8
Moses Douglass,98899,S,KENTUCKY,2,0,-2.5,100.0,92.9,12.5,12.5,0,0,0,0.0,202,56.6,58.5,74.9,56.7,65.0,28.2,0,11,50.0,1,0,0,108.3,2,26,28,0,1,2,0,20,25,0.8,10.0
Brandin Echols,98900,CB,KENTUCKY,13,2,12.5,47.4,98.7,13.1,6.2,0,0,13,22.8,202,82.3,78.0,49.7,92.3,53.4,71.0,0,18,3.3,1,11,3,70.5,27,368,373,8,27,57,2,236,71,0.7,8.7
Jalen Geiger,98901,CB,KENTUCKY,2,0,5.0,100.0,95.0,18.0,18.0,0,1,0,0.0,202,67.4,67.6,73.7,60.0,60.6,73.5,0,6,0.0,0,0,0,91.7,1,19,20,0,1,1,0,6,1,0.3,6.0
Quandre Mosely,98902,S,KENTUCKY,12,2,10.9,33.3,99.5,71.0,23.7,0,0,2,22.2,202,75.4,78.1,86.4,66.9,80.3,86.7,1,20,7.7,1,2,1,6.5,3,221,222,2,10,9,0,35,4,0.2,11.7
Maurice Hampton Jr.,98903,S,LSU,5,0,12.7,66.7,100.0,23.0,15.3,0,0,1,33.3,211,59.2,64.6,79.4,,74.4,85.5,0,14,0.0,0,1,0,92.4,2,48,48,0,3,3,0,25,3,0.5,12.5
Cade Comeaux,98904,S,LSU,1,0,,,100.0,,,0,0,0,,211,61.5,61.3,66.8,,,,0,,,0,0,0,0.0,0,4,4,0,0,0,0,0,0,0.0,
DeMarvin Leal,98919,ED,TEXAS A&M,12,1,,,0.9,,,1,0,0,,312,60.6,68.8,65.0,60.5,73.1,66.3,0,,20.0,1,0,1,0.0,0,2,217,3,3,0,0,0,0,0.0,
Zach Williams,98931,ED,ARKANSAS,10,1,,,2.0,,,0,0,0,,111,65.1,55.2,29.0,54.2,53.9,81.0,0,,0.0,0,0,1,0.0,0,1,51,0,0,0,0,0,0,0.0,
Travon Walker,98940,DI,GEORGIA,12,1,,,1.2,,,0,0,0,,173,62.4,56.9,43.7,60.5,44.7,52.7,0,,16.7,1,0,1,0.0,0,2,165,5,4,0,0,0,0,0.0,
Isaiah McGuire,98948,ED,MISSOURI,6,0,27.0,100.0,3.1,1.0,1.0,0,0,0,0.0,229,54.3,61.8,0.0,70.1,66.6,53.6,0,21,0.0,0,0,1,158.3,1,1,32,1,1,1,1,21,0,21.0,21.0
Lakia Henry,98956,LB,OLE MISS,12,4,5.5,71.4,88.7,11.3,8.1,0,0,2,7.1,226,62.7,53.1,0.0,62.1,50.3,72.7,0,31,14.3,4,1,2,97.2,20,235,265,10,20,28,1,159,67,0.7,8.0
Ashanti Cistrunk,98958,LB,OLE MISS,2,0,,,80.0,,,0,0,0,,226,61.6,65.4,71.7,60.0,64.8,73.1,0,,,0,0,0,0.0,0,4,5,0,0,0,0,0,0,0.0,
Derek Boykins,98980,LB,S CAROLINA,1,0,-1.0,100.0,100.0,5.5,5.5,0,0,0,0.0,289,73.2,75.3,68.8,,64.3,77.5,0,6,0.0,0,0,0,85.4,2,11,11,1,2,2,0,9,11,0.8,4.5
Jahmar Brown,98981,LB,S CAROLINA,6,0,4.7,50.0,74.4,9.3,4.7,0,0,1,16.7,289,60.0,63.7,79.8,54.3,69.0,80.6,0,31,0.0,0,1,0,79.9,3,29,39,0,2,6,0,52,46,1.9,17.3
Henry To'oTo'o,98982,LB,TENNESSEE,13,5,3.7,70.3,87.9,12.2,8.6,0,0,3,8.1,307,61.9,59.8,58.7,55.0,59.7,62.6,0,28,16.0,4,2,1,111.4,26,333,379,8,16,37,2,291,206,0.9,11.2
Andre White,98990,LB,TEXAS A&M,11,1,1.7,100.0,73.0,29.0,29.0,0,0,0,0.0,312,62.3,57.9,82.3,62.7,43.6,44.5,0,8,57.1,4,0,0,93.1,3,89,122,3,2,3,0,19,14,0.2,6.3
Christian Harris,98996,LB,ALABAMA,13,2,2.5,85.7,88.0,10.2,8.7,0,0,2,9.5,103,48.5,67.9,46.1,58.4,82.2,70.4,0,30,21.1,4,1,1,125.0,18,198,225,3,13,21,1,214,162,1.2,11.9
Shane Lee,98998,LB,ALABAMA,13,4,4.2,73.5,81.0,12.3,9.1,0,0,1,2.9,103,43.6,49.1,30.9,61.6,54.9,90.1,1,40,3.7,1,0,2,102.1,25,328,405,15,22,34,2,256,183,0.8,10.2
Zach Zimos,99001,LB,ARKANSAS,1,0,,,100.0,,,0,0,0,,111,60.9,62.9,66.0,,60.0,,0,,,0,0,0,0.0,0,2,2,0,0,0,0,0,0,0.0,
Owen Pappoe,99006,LB,AUBURN,13,3,4.4,75.9,81.8,11.1,8.4,0,0,1,3.4,115,53.8,58.8,85.8,65.1,60.4,73.3,0,19,20.0,4,1,0,88.4,22,261,319,7,13,29,0,161,140,0.7,7.3
OC Brothers,99008,LB,AUBURN,2,0,,,100.0,,,0,0,0,,115,60.3,78.4,67.8,,76.5,76.5,0,,,0,0,0,0.0,0,2,2,0,0,0,0,0,0,0.0,
Nolan Smith,99014,ED,GEORGIA,14,2,8.7,66.7,9.0,8.5,5.7,0,0,0,0.0,173,56.9,69.6,86.6,69.9,66.7,84.2,0,10,0.0,0,0,0,78.5,2,18,199,10,5,3,0,15,8,0.9,7.5
Jermaine Johnson,99015,ED,GEORGIA,14,1,9.0,0.0,17.8,,13.0,1,0,1,50.0,173,72.2,72.1,14.0,63.3,82.4,75.0,0,,50.0,2,0,2,39.6,0,28,157,3,1,2,0,0,0,0.0,
Trezmen Marshall,99017,LB,GEORGIA,5,1,-1.0,100.0,72.2,13.0,13.0,0,0,0,0.0,173,66.2,53.1,73.2,57.1,39.4,77.6,0,4,0.0,0,0,0,83.3,1,13,18,1,1,1,0,4,5,0.3,4.0
Nakobe Dean,99018,LB,GEORGIA,14,2,5.6,35.7,80.5,28.8,10.3,0,0,3,21.4,173,72.5,74.3,83.8,64.3,73.5,65.9,0,13,16.7,1,2,0,44.3,5,149,185,1,3,14,0,28,29,0.2,5.6
Devin Nicholson,99021,LB,MISSOURI,5,1,0.3,50.0,75.0,26.7,13.3,0,0,0,0.0,229,67.6,63.4,85.2,49.6,62.8,71.6,0,22,25.0,1,0,0,63.2,3,84,112,1,2,6,0,28,25,0.4,9.3
Tra Wilkins,99025,LB,KENTUCKY,1,0,3.3,66.7,95.2,10.0,6.7,0,0,0,0.0,202,57.5,66.5,72.7,66.0,72.7,42.5,0,19,50.0,1,0,0,92.4,2,20,21,0,1,3,0,25,14,1.3,12.5
Sam Williams,99106,ED,OLE MISS,12,0,1.4,100.0,32.5,6.8,6.8,1,0,0,0.0,226,63.7,67.5,51.5,69.1,65.7,81.2,1,49,16.7,2,0,4,73.8,14,100,308,11,10,14,0,124,105,1.3,8.9
Marquez Bembry,99107,LB,KENTUCKY,1,0,7.0,0.0,100.0,,15.0,0,0,0,0.0,202,65.5,62.3,72.5,,55.6,76.2,0,,0.0,0,0,0,39.6,0,16,16,1,1,1,0,0,0,0.0,
Jared Casey,99108,ED,KENTUCKY,3,0,7.0,75.0,52.3,7.7,5.8,0,0,0,0.0,202,48.7,57.8,83.5,63.7,67.5,73.0,0,11,,0,0,0,91.7,3,23,44,0,0,4,0,26,20,1.1,8.7
K.D. McDaniel,99109,ED,KENTUCKY,2,0,6.0,100.0,20.8,5.0,5.0,0,0,0,0.0,202,50.3,57.0,80.4,56.3,67.2,26.9,0,9,100.0,1,0,0,104.2,1,5,24,0,0,1,0,9,3,1.8,9.0
J.J. Weaver,99111,ED,KENTUCKY,3,0,5.0,100.0,33.3,9.0,9.0,0,1,1,100.0,202,86.5,72.9,79.7,58.4,56.4,57.2,0,6,0.0,0,1,0,91.7,1,11,33,3,4,1,0,6,1,0.7,6.0
Jalani Williams,99172,S,MISSOURI,2,0,5.0,0.0,100.0,,4.0,0,0,0,0.0,229,51.2,56.9,73.8,,64.7,76.4,0,,,0,0,0,39.6,0,4,4,0,0,1,0,0,0,0.0,
Martez Manuel,99173,S,MISSOURI,6,0,4.0,0.0,97.4,,36.0,0,0,0,0.0,229,76.3,74.5,81.4,59.8,69.1,81.3,0,,,0,0,0,39.6,0,38,39,0,0,1,0,0,0,0.0,
Marcel Brooks,99177,ED,LSU,11,1,,,5.8,,,0,0,0,,211,65.5,51.1,0.0,57.7,41.6,46.9,0,,0.0,0,0,2,0.0,0,6,104,4,2,0,0,0,0,0.0,
Tre Tomlinson,99256,CB,TCU,6,0,12.1,57.1,100.0,11.0,6.3,0,0,1,14.3,305,70.2,68.4,0.0,,68.4,53.2,0,12,25.0,1,1,1,67.0,4,46,46,1,3,7,0,29,21,0.7,7.3
Kee'yon Stewart,99257,CB,TCU,9,2,15.8,50.0,100.0,12.5,6.3,2,0,7,18.4,305,59.2,63.1,84.5,76.6,77.1,88.3,0,54,0.0,0,4,4,110.6,19,254,254,3,12,38,5,249,45,1.0,13.1
Demarco Jones,99259,CB,OKLA STATE,1,0,,,100.0,,,0,0,0,,262,60.0,64.1,66.9,,61.5,74.2,0,,,0,0,0,0.0,0,1,1,0,0,0,0,0,0,0.0,
Xavier Player,99260,LB,OKLA STATE,1,0,,,100.0,,,0,0,0,,262,60.0,62.3,64.5,,60.0,,0,,,0,0,0,0.0,0,1,1,0,0,0,0,0,0,0.0,
Brandon White,99261,CB,BAYLOR,1,0,,,100.0,,,0,0,0,,118,62.1,62.9,69.8,,60.0,,0,,,0,0,0,0.0,0,3,3,0,0,0,0,0,0,0.0,
Kenyatta Watson II,99265,CB,TEXAS,4,1,10.4,55.6,100.0,11.6,6.4,0,0,1,11.1,311,70.5,70.9,77.3,,65.2,81.7,0,31,0.0,0,1,0,116.0,5,58,58,1,4,9,1,66,19,1.1,13.2
Chris Adimora,99266,CB,TEXAS,8,1,15.2,60.0,79.7,10.2,6.1,0,0,2,20.0,311,60.2,53.3,82.6,50.3,38.4,64.5,0,15,14.3,1,2,0,73.8,6,63,79,1,5,10,0,52,9,0.9,8.7
Marques Caldwell,99268,CB,TEXAS,1,0,,,100.0,,,0,0,0,,311,60.0,60.7,63.8,,,,0,,,0,0,0,0.0,0,1,1,0,0,0,0,0,0,0.0,
Tyler Owens,99271,S,TEXAS,4,0,30.6,60.0,97.8,14.3,8.6,0,0,0,0.0,311,62.4,61.8,0.0,59.7,69.3,66.0,0,51,16.7,1,0,1,104.2,3,45,46,2,5,5,0,88,3,2.0,29.3
Will Jones II,99276,CB,KANSAS ST,2,0,-1.5,100.0,83.3,2.5,2.5,0,0,0,0.0,199,53.2,53.4,74.1,59.2,60.4,28.3,0,9,50.0,1,0,0,79.2,2,5,6,1,1,2,0,6,9,1.2,3.0
Logan Wilson,99280,CB,KANSAS ST,1,0,,,100.0,,,0,0,0,,199,61.6,63.1,69.9,,60.1,,0,,,0,0,0,0.0,0,2,2,0,0,0,0,0,0,0.0,
Kym'Mani King,99282,CB,IOWA STATE,2,0,39.0,100.0,100.0,9.0,9.0,0,0,0,0.0,193,54.6,57.0,73.2,,64.5,77.0,0,35,0.0,0,0,0,158.3,1,9,9,0,1,1,1,35,0,3.9,35.0
D.J. Miller Jr.,99283,CB,IOWA STATE,9,1,8.6,37.5,97.5,25.0,9.4,0,1,2,25.0,193,64.7,66.9,81.3,57.1,73.5,59.1,0,18,28.6,2,2,0,52.6,3,77,79,2,4,8,0,37,42,0.5,12.3
Wyatt Harris,99298,LB,TCU,8,2,3.0,85.7,90.3,21.0,18.0,0,0,1,14.3,305,58.5,58.0,79.9,63.0,55.8,29.7,1,21,27.3,3,1,0,68.2,6,131,145,2,6,7,0,69,64,0.5,11.5
Parker Workman,99300,ED,TCU,9,0,4.0,0.0,3.6,,3.0,0,0,0,0.0,305,42.5,64.1,85.9,61.2,67.2,53.0,0,,100.0,3,0,0,39.6,0,4,111,1,0,1,0,0,0,0.0,
Colt Ellison,99301,ED,TCU,6,1,-1.0,100.0,3.8,2.0,2.0,1,0,0,0.0,305,48.3,53.6,44.4,57.2,56.9,78.5,0,8,0.0,0,0,1,129.2,2,4,105,1,2,2,1,11,13,2.8,5.5
Isreal Isuman-Hundley,99302,LB,OKLA STATE,1,0,,,100.0,,,0,0,0,,262,60.0,63.9,67.6,,60.7,,0,,,0,0,0,0.0,0,1,1,0,0,0,0,0,0,0.0,
Ben Kopenski,99303,LB,OKLA STATE,1,0,,,66.7,,,0,0,0,,262,60.2,59.7,68.6,59.6,,,0,,,0,0,0,0.0,0,2,3,0,0,0,0,0,0,0.0,
Trace Ford,99307,ED,OKLA STATE,13,1,-0.8,87.5,36.6,16.3,14.3,0,0,0,0.0,262,74.6,65.3,64.4,61.9,58.2,43.8,1,13,33.3,4,0,1,44.3,7,119,325,8,7,8,0,33,48,0.3,4.7
Garmon Randolph,99314,LB,BAYLOR,3,0,-3.0,100.0,58.3,7.0,7.0,0,0,0,0.0,118,59.3,68.2,75.2,55.9,75.4,26.5,0,9,100.0,1,0,0,104.2,1,7,12,0,0,1,0,9,12,1.3,9.0
Joseph Wete,99316,ED,OKLAHOMA,1,0,,,100.0,,,0,0,0,,261,61.4,62.6,72.6,,60.3,,0,,,0,0,0,0.0,0,3,3,0,0,0,0,0,0,0.0,
Jacoby Jones,99317,ED,TEXAS,11,2,,,1.3,,,0,0,0,,311,60.3,61.5,80.3,64.3,56.8,44.9,0,,37.5,3,0,0,0.0,0,1,79,2,3,0,0,0,0,0.0,
LaRon Stokes,99330,DI,OKLAHOMA,13,1,,,1.2,,,0,0,0,,261,59.1,68.9,64.0,58.7,75.6,81.0,0,,0.0,0,0,1,0.0,0,3,242,1,2,0,0,0,0,0.0,
Tony Bradford Jr.,99335,ED,TEXAS TECH,11,1,,,1.3,,,0,0,0,,315,59.5,67.1,83.7,63.2,67.4,64.2,0,,0.0,0,0,0,0.0,0,2,150,1,2,0,0,0,0,0.0,
Gabe Hall,99350,DI,BAYLOR,8,1,,,1.6,,,0,0,0,,118,60.3,55.8,21.2,63.1,53.5,74.6,0,,0.0,0,0,1,0.0,0,1,62,0,0,0,0,0,0,0.0,
Juwan Mitchell,99368,LB,TEXAS,11,3,2.7,89.5,78.7,13.6,12.2,0,0,1,5.3,311,62.3,66.1,47.4,60.5,69.2,71.7,0,14,12.5,2,1,1,94.3,17,236,300,4,11,19,0,126,77,0.5,7.4
Marcus Tillman Jr.,99369,LB,TEXAS,1,0,,,83.3,,,0,0,0,,311,62.0,77.9,72.1,67.8,73.4,73.6,0,,,0,0,0,0.0,0,5,6,0,0,0,0,0,0,0.0,
David Gbenda,99370,LB,TEXAS,1,0,,,41.7,,,0,0,0,,311,61.9,28.6,74.1,53.1,25.3,77.7,0,,,0,0,0,0.0,0,5,12,0,0,0,0,0,0,0.0,
Jared Bartlett,99374,LB,W VIRGINIA,4,0,2.8,100.0,40.5,8.5,8.5,0,0,0,0.0,343,51.0,53.0,84.3,51.3,60.1,70.3,0,14,0.0,0,0,0,101.0,4,34,84,2,3,4,0,33,22,1.0,8.3
Dee Winters,99376,LB,TCU,8,2,3.0,92.9,88.4,10.3,9.6,0,1,0,0.0,305,56.8,60.8,81.2,70.4,60.5,52.6,0,38,16.7,2,0,0,112.5,13,137,155,7,8,14,0,154,121,1.1,11.8
Na'Drian Dizadare,99379,LB,OKLA STATE,2,0,5.0,0.0,100.0,,10.0,0,0,0,0.0,262,64.0,52.6,68.5,,42.3,73.1,0,,,0,0,0,39.6,0,12,12,0,0,1,0,0,0,0.0,
Kamryn Farrar,99380,LB,OKLA STATE,1,0,,,100.0,,,0,0,0,,262,78.5,81.2,68.6,,60.0,74.3,0,,0.0,0,0,0,0.0,0,4,4,1,1,0,0,0,0,0.0,
Relijah Sherman,99381,LB,OKLA STATE,1,0,33.0,100.0,50.0,1.0,1.0,0,0,0,0.0,262,60.0,24.7,67.3,60.0,61.9,,0,41,,0,0,0,118.8,1,1,2,0,0,1,0,41,8,41.0,41.0
Levi Archer,99386,LB,KANSAS ST,1,0,,,100.0,,,0,0,0,,199,60.0,62.1,64.6,,60.3,,0,,,0,0,0,0.0,0,1,1,0,0,0,0,0,0,0.0,
Khalid Duke,99387,ED,KANSAS ST,7,2,,,6.9,,,1,0,0,,199,79.4,67.6,12.4,63.5,64.2,48.1,0,,25.0,1,0,1,0.0,0,4,58,3,1,0,0,0,0,0.0,
Aric Horne,99389,CB,IOWA STATE,1,0,,,100.0,,,0,0,0,,193,61.6,63.6,69.7,,60.6,,0,,,0,0,0,0.0,0,2,2,0,0,0,0,0,0,0.0,
Trystan Slinker,99395,LB,BAYLOR,3,0,0.0,100.0,100.0,9.0,9.0,0,0,0,0.0,118,64.7,61.6,68.4,,57.1,50.8,0,2,0.0,0,0,0,79.2,1,9,9,0,1,1,0,2,2,0.2,2.0
Matt Jones,99396,LB,BAYLOR,4,0,,,93.8,,,0,0,0,,118,65.3,49.7,74.4,77.0,29.2,43.7,0,,0.0,0,0,0,0.0,0,15,16,0,2,0,0,0,0,0.0,
Kosi Eldridge,99397,S,TEXAS TECH,4,0,13.0,50.0,75.0,21.0,10.5,0,0,1,50.0,315,60.9,67.8,77.5,59.5,77.8,80.7,0,15,,0,0,1,75.0,1,24,32,0,0,2,0,15,20,0.7,15.0
Tyrique Matthews,99398,LB,TEXAS TECH,4,1,1.0,100.0,81.3,6.0,6.0,0,0,0,0.0,315,44.2,59.8,74.9,57.3,73.4,82.7,0,9,0.0,0,0,0,141.7,2,13,16,0,0,2,1,17,15,1.4,8.5
Noah Guzman,99499,LB,W VIRGINIA,8,0,6.0,80.0,92.0,8.6,6.9,0,0,1,6.7,343,40.8,49.3,81.6,56.7,66.2,60.1,0,24,28.6,2,1,0,106.4,12,104,113,1,5,15,0,143,73,1.4,11.9
Tykee Smith,99500,CB,W VIRGINIA,12,2,5.9,73.5,96.5,10.6,7.8,2,0,6,17.6,343,74.2,71.9,0.0,79.3,68.1,79.8,2,46,0.0,0,6,3,96.3,25,273,283,10,24,34,2,309,190,1.2,12.4
Josh Foster,99503,LB,TCU,1,0,,,100.0,,,0,0,0,,305,60.0,61.5,64.2,,60.6,,0,,,0,0,0,0.0,0,1,1,0,0,0,0,0,0,0.0,
Millard Bradford,99504,S,TCU,9,1,10.4,61.5,93.1,7.8,4.8,0,0,0,0.0,305,53.5,63.6,0.0,62.2,83.6,74.5,0,23,0.0,0,0,1,80.0,8,67,72,2,6,13,0,83,16,1.3,10.4
Will Williams,99512,LB,BAYLOR,2,0,-3.0,100.0,92.9,13.0,13.0,0,0,0,0.0,118,59.0,57.5,70.9,59.2,57.0,59.4,0,6,100.0,1,0,0,91.7,1,13,14,0,0,1,0,6,9,0.5,6.0
Collin Losack,99513,LB,BAYLOR,1,0,,,100.0,,,0,0,0,,118,60.0,60.1,62.1,,,,0,,,0,0,0,0.0,0,1,1,0,0,0,0,0,0,0.0,
Jackson Webb,99548,WR,OKLAHOMA,1,0,,,100.0,,,0,0,0,,261,60.0,62.6,73.9,,,,0,,,0,0,0,0.0,0,1,1,0,0,0,0,0,0,0.0,
Kevon Glenn,99720,LB,FLORIDA ST,2,0,,,100.0,,,0,0,0,,167,62.3,63.3,66.1,,60.0,,0,,,0,0,0,0.0,0,6,6,0,0,0,0,0,0,0.0,
Don Chapman,99721,S,N CAROLINA,7,0,9.4,50.0,98.3,24.0,12.0,0,1,1,7.1,245,72.7,74.0,85.8,76.5,69.4,63.4,2,60,20.0,2,0,0,65.2,7,177,180,4,8,14,1,125,100,0.7,17.9
Mikel Jones,99722,LB,SYRACUSE,11,2,9.5,50.0,71.3,54.0,27.0,0,0,0,0.0,304,63.6,62.7,2.2,63.9,63.1,48.9,0,23,44.4,4,0,2,63.5,2,112,157,0,3,4,0,19,11,0.2,9.5
Chico Bennett Jr.,99725,ED,GA TECH,7,0,-6.0,100.0,9.3,5.0,5.0,0,0,0,0.0,176,62.4,55.0,83.5,57.6,52.5,67.0,0,22,,0,0,0,118.8,1,5,54,1,0,1,0,22,28,4.4,22.0
Demetrius Knight Jr.,99728,LB,GA TECH,10,1,-0.3,75.0,65.1,8.7,6.5,0,0,2,50.0,176,62.4,65.8,77.5,68.7,62.7,75.9,0,14,0.0,0,2,0,95.8,3,28,43,1,3,4,0,30,37,1.2,10.0
Kane Patterson,99729,LB,CLEMSON,5,0,10.0,0.0,78.3,,17.0,0,0,0,0.0,140,65.1,79.4,76.5,77.9,75.6,83.0,0,,50.0,1,0,0,39.6,0,18,23,1,1,1,0,0,0,0.0,
Joseph Charleston,99732,S,CLEMSON,11,0,-2.5,100.0,100.0,21.5,21.5,0,0,0,0.0,140,76.3,73.7,77.6,,66.9,61.9,0,4,0.0,0,0,0,79.2,2,44,44,3,3,2,0,4,9,0.1,2.0
Jarvis Brownlee Jr.,99734,CB,FLORIDA ST,1,0,5.0,100.0,100.0,4.0,4.0,0,0,0,0.0,167,65.0,55.1,69.1,,52.3,74.2,0,8,0.0,0,0,0,100.0,1,4,4,0,1,1,0,8,3,2.0,8.0
Cecil Powell,99735,CB,NC STATE,4,1,9.8,100.0,100.0,9.0,9.0,0,0,0,0.0,248,62.5,64.6,78.9,,69.2,85.4,0,32,0.0,0,0,0,118.8,5,45,45,2,6,5,0,89,40,2.0,17.8
Obi Egbuna,99738,CB,N CAROLINA,2,0,8.5,75.0,91.7,3.7,2.8,0,0,1,25.0,245,56.6,61.1,73.3,66.9,60.7,38.3,0,23,33.3,1,1,0,143.8,3,11,12,0,2,4,1,38,10,3.5,12.7
Kalen DeLoach,99740,LB,FLORIDA ST,5,0,1.0,100.0,68.4,12.0,12.0,0,0,0,0.0,167,57.1,64.2,75.1,61.5,71.8,34.9,0,26,50.0,1,0,0,118.8,1,13,19,1,1,1,0,26,25,2.2,26.0
Brandon Hill,99742,CB,PITTSBURGH,2,0,,,100.0,,,0,0,0,,268,60.4,60.8,68.4,,60.0,,0,,,0,0,0,0.0,0,2,2,0,0,0,0,0,0,0.0,
Andrew Booth Jr.,99744,CB,CLEMSON,7,0,13.7,66.7,93.1,12.5,8.3,0,0,1,33.3,140,71.7,71.7,78.4,59.2,66.7,53.1,0,6,50.0,1,1,0,70.1,2,27,29,1,1,3,0,9,7,0.4,4.5
Jordan Huff,99745,CB,GA TECH,1,0,,,33.3,,,0,0,0,,176,60.0,60.1,70.6,57.1,60.0,,0,,,0,0,0,0.0,0,1,3,0,0,0,0,0,0,0.0,
Eugene Asante,99748,LB,N CAROLINA,3,0,5.0,100.0,84.8,13.5,13.5,0,0,0,0.0,245,59.5,71.0,77.5,53.8,82.2,75.4,0,12,0.0,0,0,0,106.3,2,28,33,1,3,2,0,19,9,0.7,9.5
Adrian Cole,99749,CB,SYRACUSE,1,0,,,100.0,,,0,0,0,,304,64.9,65.5,71.8,,60.0,,0,,,0,0,0,0.0,0,7,7,0,0,0,0,0,0,0.0,
Jalyn Phillips,99751,S,CLEMSON,4,0,41.0,0.0,95.0,,17.0,0,0,0,0.0,140,71.2,73.8,76.6,59.1,74.5,81.3,0,,,0,0,0,39.6,0,19,20,0,0,1,0,0,0,0.0,
Giovanni Biggers,99755,S,N CAROLINA,1,0,26.0,100.0,100.0,11.0,11.0,0,0,0,0.0,245,51.0,58.9,73.1,,70.1,77.4,0,28,,0,0,0,118.8,1,11,11,0,0,1,0,28,2,2.5,28.0
Antonio Clary,99757,S,VIRGINIA,1,0,28.0,100.0,100.0,1.0,1.0,0,0,0,0.0,335,42.3,60.2,72.4,,78.2,81.2,0,23,,0,0,0,158.3,1,2,2,0,0,1,1,23,0,23.0,23.0
Keith Maguire,99760,LB,CLEMSON,2,0,,,75.0,,,0,0,0,,140,69.3,88.4,70.5,59.1,79.9,76.3,1,,,0,0,0,0.0,0,3,4,0,0,0,0,0,0,0.0,
Kenan Johnson,99761,S,GA TECH,3,0,6.5,50.0,28.6,2.0,1.0,0,0,0,0.0,176,61.1,54.2,76.0,53.7,51.5,36.3,0,11,50.0,1,0,0,66.7,1,2,7,0,1,2,0,11,3,5.5,11.0
Raymond Woodie III,99762,S,FLORIDA ST,7,0,1.7,100.0,87.0,13.0,13.0,0,0,0,0.0,167,63.6,64.4,79.8,67.6,60.5,52.9,0,77,0.0,0,0,0,118.8,3,40,46,1,3,3,0,91,86,2.3,30.3
Geoffrey Cantin-Arku,99763,LB,SYRACUSE,2,0,,,80.0,,,0,0,0,,304,61.1,60.2,67.9,59.2,60.0,,0,,,0,0,0,0.0,0,4,5,0,0,0,0,0,0,0.0,
SirVocea Dennis,99767,LB,PITTSBURGH,1,0,27.0,100.0,100.0,3.0,3.0,0,0,0,0.0,268,43.2,35.2,66.0,,60.0,73.6,0,34,0.0,0,0,0,118.8,1,3,3,0,1,1,0,34,7,11.3,34.0
Jaylon Scott,99771,LB,NC STATE,3,0,17.0,0.0,60.0,,17.0,0,0,1,100.0,248,70.1,61.4,76.9,60.0,54.1,52.5,0,,0.0,0,1,0,39.6,0,18,30,1,2,1,0,0,0,0.0,
Renardo Green,99773,CB,FLORIDA ST,10,0,11.9,45.5,99.0,18.2,8.3,0,0,3,27.3,167,74.7,73.0,0.0,60.0,70.4,47.9,0,39,25.0,1,2,2,110.8,5,97,98,0,3,11,1,107,25,1.2,21.4
Lannden Zanders,99774,S,CLEMSON,10,1,12.2,50.0,94.2,15.7,7.8,0,0,1,16.7,140,67.0,74.0,81.0,80.4,77.8,75.8,0,15,20.0,1,1,0,61.1,3,49,52,2,3,6,0,25,3,0.5,8.3
Brion Murray,99776,CB,VA TECH,6,1,13.7,16.7,97.7,42.0,7.0,0,0,2,33.3,337,83.7,81.3,80.1,59.6,69.3,84.3,1,1,0.0,0,1,0,0.0,1,43,44,1,3,6,0,1,2,0.0,1.0
T.C. Harrison,99779,LB,VIRGINIA,1,1,,,69.2,,,0,0,0,,335,71.4,76.2,73.0,78.0,50.6,73.2,0,,0.0,0,0,0,0.0,0,9,13,0,0,0,0,0,0,0.0,
Jaylon Baker,99781,CB,VIRGINIA,2,0,14.1,57.1,100.0,6.3,3.6,0,0,0,0.0,335,38.8,38.3,76.9,,46.1,18.8,0,57,75.0,3,0,0,141.4,4,27,27,0,1,7,1,138,63,5.5,34.5
Jaleel McRae,99788,LB,FLORIDA ST,13,1,5.2,90.0,77.8,10.3,9.3,0,0,0,0.0,167,54.0,53.4,7.9,61.8,54.5,42.4,0,22,25.0,3,0,1,106.7,9,98,126,7,8,10,0,96,48,1.0,10.7
LaVonta Bentley,99789,LB,CLEMSON,1,0,,,100.0,,,0,0,0,,140,65.4,64.5,0.0,,68.4,78.7,0,,0.0,0,0,1,0.0,0,1,1,1,1,0,0,0,0,0.0,
Brendan Gant,99793,LB,FLORIDA ST,11,5,4.8,66.7,77.0,11.0,7.3,0,0,0,0.0,167,51.5,52.5,0.0,63.9,62.4,55.9,0,19,29.4,5,0,4,82.9,10,117,152,3,7,15,0,91,84,0.8,9.1
Taylor McCawley,99794,LB,GA TECH,1,0,,,100.0,,,0,0,0,,176,60.0,66.2,68.5,,62.9,,0,,,0,0,0,0.0,0,1,1,0,0,0,0,0,0,0.0,
Parks Cochrane,99801,LB,N CAROLINA,1,0,,,100.0,,,0,0,0,,245,60.4,67.5,65.3,,64.8,,0,,,0,0,0,0.0,0,3,3,0,0,0,0,0,0,0.0,
Derrick McLendon II,99810,ED,FLORIDA ST,4,0,,,19.0,,,0,0,0,,167,61.9,66.2,78.4,62.6,65.0,75.5,0,,,0,0,0,0.0,0,4,21,0,0,0,0,0,0,0.0,
Tomari Fox,99811,ED,N CAROLINA,12,0,,,10.4,,,0,0,0,,245,67.8,69.8,50.9,64.8,70.3,48.7,0,,0.0,0,0,1,0.0,0,14,135,2,2,0,0,0,0,0.0,
Khadry Jackson,99823,LB,N CAROLINA,4,1,4.0,50.0,92.6,12.5,6.3,0,0,0,0.0,245,60.6,63.8,70.8,66.8,63.4,75.8,0,11,0.0,0,0,0,56.3,2,25,27,0,0,4,0,8,14,0.3,4.0
Cam'Ron Kelly,99827,S,N CAROLINA,2,0,32.0,0.0,100.0,,30.0,0,0,0,0.0,245,57.5,53.1,76.9,,46.3,42.2,0,,0.0,0,0,0,39.6,0,30,30,0,1,1,0,0,0,0.0,
Major Williams,99828,CB,VIRGINIA,1,0,14.5,50.0,100.0,6.0,3.0,0,0,1,50.0,335,61.6,61.8,70.5,,60.0,21.4,0,22,100.0,1,0,0,89.6,1,7,7,0,0,2,0,22,13,3.7,22.0
Tenyeh Dixon,99834,S,VIRGINIA,4,0,11.0,50.0,75.0,11.0,5.5,0,0,0,0.0,335,65.8,65.6,72.6,56.7,61.6,77.9,0,8,0.0,0,0,0,60.4,1,12,16,1,1,2,0,8,4,0.7,8.0
Mario Kendricks Jr.,99838,DI,VA TECH,13,0,,,1.2,,,0,0,0,,337,60.5,54.5,82.7,60.7,47.5,79.6,0,,0.0,0,0,0,0.0,0,2,171,4,3,0,0,0,0,0.0,
Norell Pollard,99848,DI,VA TECH,13,2,,,1.2,,,0,0,0,,337,62.2,67.5,83.5,64.1,66.4,36.5,0,,42.9,3,0,0,0.0,0,3,260,6,2,0,0,0,0,0.0,
Russell Vaden IV,100280,S,E MICHIGAN,10,1,2.5,50.0,98.5,61.0,30.5,0,0,1,50.0,160,66.6,63.8,80.4,47.7,59.5,68.0,0,82,20.0,1,1,0,95.8,1,66,67,1,3,2,0,82,83,1.3,82.0
Keyshawn Swanson,100281,S,AKRON,3,0,-2.0,100.0,100.0,7.0,7.0,0,0,0,0.0,102,43.9,51.9,77.2,,68.9,29.8,0,31,66.7,2,0,0,158.3,2,16,16,0,1,2,1,33,37,2.4,16.5
Jordan Anderson,100285,S,BOWL GREEN,11,4,9.7,55.0,94.9,19.7,10.9,0,0,7,35.0,122,85.4,82.3,87.6,65.9,71.1,72.3,1,25,8.7,2,6,1,49.4,11,225,237,7,17,20,0,107,80,0.5,9.7
Davin Wilson,100287,CB,BOWL GREEN,4,0,14.6,50.0,97.9,12.9,6.4,0,0,2,14.3,122,65.1,68.6,81.3,54.7,80.9,57.8,1,55,25.0,2,1,0,84.8,7,93,95,1,6,14,1,158,36,1.8,22.6
Tyson McDonald,100288,CB,AKRON,2,0,6.8,83.3,100.0,8.4,7.0,0,1,0,0.0,102,53.7,57.0,81.2,,66.9,81.7,0,28,0.0,0,0,0,117.4,5,43,43,0,2,6,0,73,42,1.7,14.6
Adetutu Daranijo,100292,S,AKRON,4,0,21.6,80.0,94.7,13.0,10.4,0,0,0,0.0,102,30.8,49.8,80.9,82.9,86.7,79.8,0,49,12.5,1,0,0,158.3,4,54,57,2,7,5,1,101,33,1.9,25.3
Dishon McNary,100293,CB,C MICHIGAN,1,1,13.6,60.0,100.0,10.0,6.0,0,0,0,0.0,134,55.1,50.5,77.2,,40.7,34.1,0,15,0.0,0,0,1,82.9,3,34,34,1,1,5,0,37,-1,1.2,12.3
Konota Gaskins,100295,S,BOWL GREEN,2,0,10.0,100.0,100.0,6.0,6.0,0,0,0,0.0,122,52.2,44.2,74.3,,40.4,35.7,0,13,0.0,0,0,0,118.8,1,6,6,0,1,1,0,13,3,2.2,13.0
JaJuan Hudson,100296,CB,BOWL GREEN,10,0,13.5,61.4,97.8,7.4,4.5,1,0,5,8.8,122,44.1,43.7,43.4,53.1,48.4,47.4,0,49,19.4,7,5,2,120.7,35,272,278,2,29,57,5,522,152,2.0,14.9
A.J. Watts,100297,CB,AKRON,10,1,9.8,60.0,95.0,13.3,8.0,0,0,6,24.0,102,55.4,60.6,88.0,65.2,67.2,49.6,0,53,28.6,4,5,1,107.6,15,210,221,4,9,25,2,173,80,0.9,11.5
Brock Horne,100301,LB,BOWL GREEN,1,0,,,100.0,,,0,0,0,,122,60.3,64.2,68.0,,61.3,,0,,,0,0,0,0.0,0,2,2,0,0,0,0,0,0,0.0,
Kempton Shine,100302,CB,E MICHIGAN,4,0,21.0,60.0,100.0,22.3,13.4,0,0,1,20.0,160,65.0,68.9,78.2,,80.0,84.2,0,32,0.0,0,0,1,100.4,3,70,70,1,6,5,0,58,19,0.9,19.3
Darren Anders,100304,LB,BOWL GREEN,4,0,,,70.8,,,0,0,0,,122,65.9,63.0,78.3,69.3,58.4,80.5,0,,0.0,0,0,0,0.0,0,17,24,2,1,0,0,0,0,0.0,
Jabbar Price,100312,ED,KENT STATE,13,0,7.0,100.0,6.2,4.0,4.0,1,0,0,0.0,201,41.5,58.1,45.1,57.9,63.2,64.1,0,2,,0,0,1,118.8,1,6,97,1,0,1,1,2,0,0.5,2.0
Keniuel Gates,100314,CB,OHIO,1,0,,,100.0,,,0,0,0,,259,61.7,62.7,67.8,,60.0,,0,,,0,0,0,0.0,0,2,2,0,0,0,0,0,0,0.0,
Randy Cochran Jr.,100315,CB,AKRON,11,5,13.4,64.1,100.0,10.7,6.9,0,0,4,10.3,102,55.0,60.3,85.1,,76.9,59.8,0,49,17.9,5,3,0,131.8,25,282,282,3,18,39,4,394,163,1.5,15.8
Corey Thomas Jr.,100330,S,AKRON,1,0,,,92.0,,,0,0,0,,102,72.8,62.7,75.2,58.1,46.2,30.1,1,,,0,0,0,0.0,0,23,25,0,0,0,0,0,0,0.0,
Julian Richardson,100336,ED,AKRON,12,0,3.4,100.0,42.6,4.0,4.0,0,0,0,0.0,102,40.2,59.1,86.9,54.2,69.6,73.2,0,44,50.0,1,0,0,158.3,7,29,68,1,1,7,1,95,71,3.4,13.6
Demetrick Watts II,100339,LB,AKRON,2,0,-1.0,100.0,100.0,10.0,10.0,0,0,0,0.0,102,55.1,47.2,73.0,,44.5,27.8,0,11,0.0,0,0,0,104.2,2,22,22,0,1,2,0,18,20,0.9,9.0
Ronald McGee,100347,DI,BUFFALO,13,0,,,3.8,,,0,0,0,,126,53.5,57.6,83.7,61.3,57.4,66.0,0,,33.3,1,0,0,0.0,0,7,184,2,2,0,0,0,0,0.0,
Kyu Blu Kelly,100375,CB,STANFORD,12,1,13.9,60.8,99.0,12.6,7.7,0,0,3,5.9,300,66.7,66.8,85.7,66.3,60.5,62.5,1,41,12.9,4,3,3,90.6,31,408,412,4,26,51,2,403,117,1.0,13.0
D.J. James,100379,CB,OREGON,10,1,9.0,75.0,100.0,7.7,5.8,0,0,1,12.5,264,46.4,48.1,0.0,,72.9,74.1,0,16,12.5,1,1,3,98.4,6,49,49,1,6,8,0,65,20,1.4,10.8
K.J. Trujillo,100380,CB,COLORADO,8,3,10.5,61.8,96.4,12.5,7.7,0,1,4,11.8,143,69.9,66.8,83.8,57.3,45.3,47.0,1,38,14.3,3,4,0,112.6,21,271,281,1,15,34,4,262,93,1.0,12.5
Adonis Otey,100388,CB,USC,2,0,3.0,50.0,100.0,22.0,11.0,0,0,0,0.0,326,71.7,72.1,73.9,,60.0,74.2,0,1,0.0,0,0,0,56.3,1,22,22,1,1,2,0,1,6,0.0,1.0
Asa Turner,100389,S,WASHINGTON,12,1,4.8,50.0,95.7,22.1,11.1,0,0,0,0.0,340,61.8,60.9,20.7,65.5,60.1,31.1,1,23,41.7,5,0,1,52.3,8,178,186,3,6,16,1,53,49,0.3,6.6
JaTravis Broughton,100391,CB,UTAH,4,0,8.7,66.7,96.2,12.0,8.0,0,0,0,0.0,328,59.6,55.9,0.0,59.7,61.6,77.0,1,16,0.0,0,0,1,56.9,2,25,26,0,2,3,0,28,8,1.2,14.0
Drew Rawls,100395,S,UTAH,2,0,0.0,100.0,100.0,11.0,11.0,0,0,0,0.0,328,66.5,66.0,72.7,,60.0,,0,15,,0,0,0,158.3,1,12,12,0,0,1,1,15,15,1.4,15.0
Trey Davis,100400,CB,WASH STATE,1,1,4.6,60.0,92.9,4.3,2.6,0,0,0,0.0,341,53.9,56.4,77.2,59.7,64.5,77.2,0,12,0.0,0,0,0,71.3,3,13,14,1,1,5,0,23,14,1.8,7.7
Carl Jones Jr.,100406,LB,UCLA,12,2,5.6,61.5,75.6,14.3,8.8,0,0,1,7.7,324,51.2,53.4,80.8,62.3,54.6,48.1,0,65,36.4,4,1,0,131.1,8,121,160,0,5,13,1,164,129,1.4,20.5
Connor Soelle,100407,S,ARIZONA ST,1,0,,,100.0,,,0,0,0,,110,61.2,60.7,65.8,,,,0,,,0,0,0,0.0,0,2,2,0,0,0,0,0,0,0.0,
Nahshon Wright,100412,CB,OREGON ST,11,5,14.5,59.2,98.8,10.9,6.5,0,1,4,8.2,265,66.6,65.5,37.1,65.6,59.0,72.3,3,44,8.3,2,3,2,94.5,29,330,334,1,17,49,5,407,104,1.3,14.0
Jojo Forest,100413,CB,OREGON ST,8,2,12.3,75.0,99.5,9.2,6.9,1,0,1,3.6,265,48.8,50.9,19.3,60.0,69.5,76.2,0,56,11.1,2,1,3,156.3,21,207,208,2,14,28,6,383,161,2.0,18.2
Braxten Croteau,100417,ED,CAL,7,1,,,14.4,,,0,0,0,,130,65.7,58.2,86.3,54.9,57.2,80.2,0,,0.0,0,0,0,0.0,0,15,104,0,0,0,0,0,0,0.0,
Tautala Pesefea Jr.,100438,DI,ARIZONA ST,9,0,,,5.1,,,0,0,0,,110,58.8,53.2,80.1,63.5,49.0,29.8,0,,,0,0,0,0.0,0,2,39,0,0,0,0,0,0,0.0,
Simon Sandberg,100446,DI,OREGON ST,9,0,,,0.5,,,0,0,0,,265,70.9,56.5,55.6,56.9,55.4,68.2,0,,0.0,0,0,1,0.0,0,1,185,2,1,0,0,0,0,0.0,
Tristan Sinclair,100458,LB,STANFORD,3,1,0.4,80.0,96.9,7.5,6.0,0,1,1,20.0,300,52.7,65.6,77.3,60.7,79.5,47.3,0,12,40.0,2,1,0,89.2,4,31,32,1,2,5,0,27,37,0.9,6.8
Ge'Mon Eaford,100459,LB,OREGON,3,0,,,75.0,,,0,0,0,,264,63.4,65.7,73.5,64.9,61.6,74.3,0,,,0,0,0,0.0,0,12,16,0,0,0,0,0,0,0.0,
Jash Allen,100462,ED,COLORADO,2,0,1.5,50.0,29.4,5.0,2.5,0,0,0,0.0,143,62.1,70.3,78.2,69.3,65.1,79.0,0,13,0.0,0,0,0,70.8,1,5,17,0,1,2,0,13,8,2.6,13.0
Maninoa Tufono,100469,LB,USC,1,0,3.8,100.0,91.7,2.8,2.8,0,0,0,0.0,326,40.9,41.2,68.2,60.0,60.0,35.1,0,18,33.3,1,0,0,118.8,4,11,12,0,2,4,0,52,37,4.7,13.0
Alphonzo Tuputala,100487,LB,WASHINGTON,1,0,10.0,100.0,100.0,1.0,1.0,0,0,0,0.0,340,37.9,37.4,69.5,,65.9,32.8,0,15,100.0,1,0,0,116.7,2,2,2,0,0,2,0,24,4,12.0,12.0
Rocky Katoanga,100493,ED,WASH STATE,1,0,,,50.0,,,0,0,0,,341,60.0,60.5,68.3,60.0,,,0,,,0,0,0,0.0,0,1,2,0,0,0,0,0,0,0.0,
Adam Cohen,100498,LB,UCLA,4,0,5.5,0.0,87.5,,6.0,0,0,0,0.0,324,54.8,52.3,73.1,56.8,56.5,,0,,,0,0,0,39.6,0,14,16,0,0,2,0,0,0,0.0,
Laiatu Latu,100551,ED,WASHINGTON,11,0,9.0,100.0,8.4,5.0,5.0,0,0,0,0.0,340,49.2,63.4,83.6,62.4,64.9,51.3,0,22,0.0,0,0,0,118.8,2,10,119,2,1,2,0,26,8,2.6,13.0
Mase Funa,100554,ED,OREGON,14,0,2.8,60.0,34.8,24.3,14.6,0,0,1,20.0,264,63.5,64.3,88.9,56.9,67.7,49.6,0,11,50.0,2,0,0,71.3,3,80,230,4,2,5,0,23,18,0.3,7.7
Jamar Montgomery,100556,ED,COLORADO,4,0,,,31.3,,,0,0,0,,143,61.9,74.6,78.2,81.5,56.3,75.8,0,,,0,0,0,0.0,0,5,16,1,0,0,0,0,0,0.0,
Jonathan McGill,100607,CB,STANFORD,10,2,11.6,58.8,95.0,11.8,6.9,0,0,4,11.8,300,59.0,62.4,0.0,63.1,80.9,88.5,1,43,8.3,1,2,2,97.4,20,246,259,3,9,34,3,238,67,1.0,11.9
Jamal Hill,100609,CB,OREGON,4,1,2.0,100.0,100.0,11.5,11.5,0,0,0,0.0,264,63.8,60.1,78.3,,48.1,48.0,0,14,0.0,0,0,0,108.3,2,23,23,0,2,2,0,20,16,0.9,10.0
Dorian Hewett,100613,CB,USC,4,0,12.0,75.0,98.2,16.3,12.3,0,0,1,25.0,326,73.5,75.6,78.0,60.0,77.1,84.6,0,9,0.0,0,0,0,87.5,3,54,55,2,4,4,0,22,3,0.4,7.3
Kaulana Makaula,100614,CB,USC,3,0,8.8,40.0,95.5,19.0,7.6,0,0,0,0.0,326,60.3,63.0,82.7,57.5,70.7,82.4,0,14,0.0,0,0,0,53.8,2,42,44,0,3,5,0,22,6,0.6,11.0
Briton Allen,100615,S,USC,4,0,21.0,0.0,95.0,,18.0,0,0,0,0.0,326,55.4,53.7,76.8,60.0,53.7,29.1,0,,,0,0,0,39.6,0,19,20,0,0,1,0,0,0,0.0,
Ashton McNeal,100668,CB,FAU,2,0,,,100.0,,,0,0,0,,165,62.5,63.9,63.6,,,,0,,,0,0,0,0.0,0,2,2,0,0,0,0,0,0,0.0,
Will Brocchini,100669,CB,DOMINION,7,0,12.5,60.0,100.0,17.0,10.2,0,1,1,10.0,263,76.7,73.8,82.5,,63.0,79.1,1,58,11.1,1,1,0,92.5,6,106,106,3,8,10,1,112,63,1.1,18.7
Kaleb Ford-Dement,100670,CB,DOMINION,12,1,12.9,50.0,99.7,13.5,6.7,0,3,11,22.9,263,81.4,74.8,85.7,60.0,39.1,44.4,2,54,16.0,4,11,2,60.5,24,342,343,6,20,48,1,313,90,1.0,13.0
Miles McCord,100672,CB,RICE,3,0,11.8,0.0,100.0,,7.0,0,0,0,0.0,275,58.3,51.1,0.0,,45.5,21.7,0,,100.0,1,0,1,39.6,0,29,29,0,0,4,0,0,0,0.0,
Tre'shon Devones,100673,CB,RICE,6,1,13.1,52.2,99.4,12.6,6.6,0,0,2,8.7,275,73.7,73.2,83.2,60.0,65.6,51.4,0,90,16.7,2,1,1,102.3,12,161,162,3,9,23,1,233,101,1.5,19.4
Deante Nelson,100674,CB,FAU,1,0,27.0,0.0,100.0,,1.0,0,0,0,0.0,165,60.0,60.3,63.8,,,,0,,,0,0,0,39.6,0,1,1,0,0,1,0,0,0,0.0,
Dwight Toombs II,100675,LB,FAU,1,0,3.5,100.0,70.0,3.5,3.5,0,0,0,0.0,165,74.3,74.1,74.3,57.4,63.9,81.7,0,6,0.0,0,0,0,83.3,2,7,10,1,4,2,0,8,1,1.1,4.0
DeShawn Gaddie Jr.,100680,CB,N TEXAS,2,0,,,100.0,,,0,0,0,,251,70.7,71.9,70.9,,60.6,,0,,,0,0,0,0.0,0,4,4,0,0,0,0,0,0,0.0,
Quinn Whitlock,100682,CB,N TEXAS,2,0,12.5,0.0,100.0,,7.5,0,0,0,0.0,251,56.9,61.3,73.1,,71.4,76.7,0,,,0,0,0,39.6,0,15,15,0,0,2,0,0,0,0.0,
Orlandus McLaurin,100686,S,SO MISS,1,0,,,100.0,,,0,0,0,,296,60.7,60.7,66.9,,60.0,,0,,,0,0,0,0.0,0,2,2,0,0,0,0,0,0,0.0,
Dy'vonne Inyang,100689,S,UTEP,8,0,19.0,100.0,100.0,19.0,19.0,0,0,0,0.0,330,60.1,59.6,75.1,,58.4,66.0,0,16,0.0,0,0,0,158.3,1,21,21,1,1,1,1,16,0,0.8,16.0
Clarence Hicks,100695,LB,UTSA,10,1,7.0,75.0,56.9,8.6,6.4,0,0,1,8.3,331,35.3,63.4,32.3,77.3,76.7,42.3,0,24,42.9,3,1,1,130.6,9,82,144,3,3,12,1,110,60,1.4,12.2
Esaias Carpenter,100700,DI,MARSHALL,1,0,,,12.5,,,0,0,0,,214,60.0,36.6,73.6,57.8,36.0,,0,,,0,0,0,0.0,0,1,8,0,0,0,0,0,0,0.0,
Eriq Kitchen,100710,ED,SO MISS,13,1,,,1.0,,,0,0,0,,296,61.7,75.3,84.2,66.8,77.6,72.5,0,,33.3,1,0,0,0.0,0,2,209,3,1,0,0,0,0,0.0,
Caliph Brice,100738,LB,FAU,11,2,9.3,85.7,75.3,11.3,9.7,0,0,0,0.0,165,64.5,58.6,80.2,63.2,52.2,62.5,1,28,0.0,0,0,0,99.4,6,73,97,4,3,7,1,55,27,0.8,9.2
Cecil Rolle Jr.,100740,LB,FAU,2,0,4.5,100.0,82.4,7.0,7.0,0,0,0,0.0,165,65.5,60.0,71.5,55.8,53.6,77.4,0,8,0.0,0,0,0,87.5,2,14,17,0,1,2,0,10,1,0.7,5.0
Eddie Williams,100742,LB,FAU,5,0,8.0,0.0,84.0,,21.0,0,0,0,0.0,165,54.4,65.4,73.8,55.2,78.2,80.3,0,,,0,0,0,39.6,0,21,25,0,0,1,0,0,0,0.0,
Kevin Wood,100748,LB,N TEXAS,11,1,0.3,100.0,75.0,14.8,14.8,0,0,0,0.0,251,57.9,49.0,9.4,48.3,48.3,29.8,0,59,40.0,2,0,1,158.3,4,60,80,1,2,4,1,86,85,1.5,21.5
Trevor Harmanson,100753,LB,UTSA,11,3,5.8,80.8,84.4,9.1,7.4,0,0,1,3.8,331,37.7,30.4,16.2,53.6,32.0,42.0,0,25,12.5,3,0,2,107.4,21,200,237,5,18,26,0,254,144,1.3,12.1
DJ Turner,100756,LB,UTEP,3,1,-4.0,100.0,66.7,6.0,6.0,0,0,0,0.0,330,73.6,68.5,75.6,56.1,61.6,49.6,0,0,0.0,0,0,0,79.2,1,6,9,1,1,1,0,0,4,0.0,0.0
Ryan Henry,100758,ED,DOMINION,3,0,9.0,100.0,4.3,1.0,1.0,0,0,0,0.0,263,60.0,51.8,80.2,53.2,60.6,77.0,0,9,,0,0,0,104.2,1,1,23,0,0,1,0,9,0,9.0,9.0
Peter Agabe,100762,DI,CHARLOTTE,1,0,-5.0,100.0,100.0,2.0,2.0,0,0,0,0.0,136,52.2,32.4,67.2,,61.8,69.7,0,16,,0,0,0,118.8,1,2,2,0,0,1,0,16,21,8.0,16.0
E.J. Jackson,100846,S,MARSHALL,1,0,,,100.0,,,0,0,0,,214,62.8,63.8,71.9,,61.4,,0,,,0,0,0,0.0,0,5,5,0,0,0,0,0,0,0.0,
Harrell Blackmon,100854,S,DOMINION,9,2,5.4,94.1,100.0,11.1,10.5,0,0,1,5.9,263,44.1,48.6,26.7,,59.6,45.0,1,65,25.0,6,0,1,133.8,16,186,186,2,16,17,3,255,167,1.4,15.9
R'Tarriun Johnson,100855,S,DOMINION,3,1,3.0,100.0,90.0,8.0,8.0,0,0,0,0.0,263,52.2,49.9,73.7,59.5,52.4,26.4,0,25,50.0,1,0,0,158.3,1,9,10,0,0,1,1,25,22,3.1,25.0
Romain Mungin,100870,CB,FAU,4,0,12.3,75.0,100.0,11.7,8.8,0,0,0,0.0,165,62.5,64.2,76.3,,67.2,52.7,0,37,33.3,1,0,0,116.7,3,35,35,0,2,4,0,59,11,1.7,19.7
Justin Harris,100902,CB,CINCINNATI,5,0,35.8,20.0,100.0,25.0,5.0,0,0,1,20.0,138,54.9,45.9,0.0,,37.0,27.9,0,40,0.0,0,0,1,60.4,1,26,26,0,1,5,0,40,3,1.6,40.0
Sauce Gardner,100903,CB,CINCINNATI,13,1,13.4,39.7,99.1,13.1,5.2,1,1,16,27.6,138,90.2,88.0,44.1,54.9,68.7,65.1,3,55,14.8,4,8,5,39.4,23,320,323,7,22,58,0,360,137,1.2,15.7
Damarion Williams,100904,CB,HOUSTON,12,3,12.3,54.4,98.0,13.5,7.4,0,0,7,12.3,182,77.3,72.2,86.8,56.3,45.5,63.1,2,36,10.4,5,6,1,71.0,31,438,447,11,40,57,2,363,117,0.9,11.7
Sam Westfall,100914,CB,SMU,1,0,8.0,0.0,100.0,,7.0,0,0,0,0.0,287,65.3,65.8,69.9,,60.0,,0,,,0,0,0,39.6,0,7,7,0,0,1,0,0,0,0.0,
Tyon Davis,100917,CB,TULSA,10,1,18.1,50.0,98.4,11.6,5.8,0,0,3,30.0,320,69.1,66.2,78.7,57.7,54.3,41.7,0,34,0.0,0,3,0,107.9,5,61,62,0,1,10,1,74,27,1.3,14.8
Ryan Nixon,100918,CB,TULSA,3,0,7.5,100.0,100.0,5.5,5.5,0,0,0,0.0,320,65.4,69.3,74.6,,72.6,78.2,0,9,0.0,0,0,0,97.9,2,12,12,1,1,2,0,15,0,1.4,7.5
Gabriel Rogers,100921,CB,MEMPHIS,2,0,,,100.0,,,0,0,0,,218,63.9,64.4,72.7,,60.4,,0,,,0,0,0,0.0,0,7,7,0,0,0,0,0,0,0.0,
Eugene Bowman,100927,CB,USF,4,0,13.5,50.0,100.0,12.0,6.0,0,0,0,0.0,327,60.3,61.2,75.6,,62.2,74.2,0,20,0.0,0,0,0,85.4,1,12,12,0,1,2,0,20,6,1.7,20.0
Ja'Quan McMillian,100931,CB,E CAROLINA,12,1,14.5,46.3,99.0,15.3,7.1,2,1,10,18.5,156,74.9,74.0,86.1,50.4,66.3,61.2,3,53,13.3,4,7,3,60.2,25,402,406,0,25,54,3,313,105,0.8,12.5
Everitt Cunningham,100935,ED,MEMPHIS,13,2,3.5,100.0,14.3,13.5,13.5,0,0,1,50.0,218,57.8,59.6,49.1,71.9,50.9,35.0,0,12,33.3,2,0,2,89.6,2,30,210,6,2,2,0,11,4,0.4,5.5
Tre'Mon Morris-Brash,100952,ED,UCF,13,2,11.0,75.0,7.5,3.3,2.5,0,0,1,25.0,323,55.2,66.5,12.9,76.2,63.9,29.8,0,31,42.9,3,0,3,114.6,3,12,160,4,2,4,0,48,9,4.8,16.0
J'arius Warren,100960,DI,NAVY,13,2,,,3.2,,,0,0,0,,237,59.6,55.4,69.4,54.0,56.8,61.1,0,,20.0,1,0,1,0.0,0,10,309,3,2,0,0,0,0,0.0,
Chelen Garnes,100968,LB,NAVY,8,0,17.5,36.4,78.9,17.3,6.3,0,0,1,9.1,237,72.4,70.0,84.0,60.3,61.2,62.7,2,27,33.3,1,1,0,10.6,4,71,90,2,2,11,0,47,4,0.7,11.8
Dillon Harris,100985,ED,UCONN,12,2,2.0,100.0,6.2,14.0,14.0,0,0,0,0.0,146,59.1,61.4,66.4,62.4,59.8,63.2,1,9,40.0,2,0,1,64.6,1,15,242,0,1,1,0,9,7,0.6,9.0
Terrance Edgeston,100986,LB,HOUSTON,7,0,2.9,100.0,88.7,14.1,14.1,0,0,0,0.0,182,53.2,49.1,80.9,56.6,44.4,48.2,0,20,28.6,2,0,0,138.2,9,133,150,1,5,9,2,69,44,0.5,7.7
Tama Tuitele,100993,LB,NAVY,6,0,4.8,100.0,68.2,11.3,11.3,0,0,0,0.0,237,58.3,60.7,0.0,55.4,68.8,72.4,0,18,16.7,1,0,1,114.6,4,45,66,3,5,4,0,46,27,1.0,11.5
Demaruez Bellamy,100998,LB,USF,11,1,4.5,100.0,85.5,17.0,17.0,0,0,0,0.0,327,75.0,46.3,0.0,70.5,30.6,65.9,0,18,25.0,1,0,2,92.7,4,71,83,2,2,4,0,25,7,0.4,6.3
Taeaviion Gray,101000,LB,USF,2,0,,,50.0,,,0,0,0,,327,50.2,28.6,71.2,57.5,28.9,20.7,0,,,0,0,0,0.0,0,3,6,0,0,0,0,0,0,0.0,
Brian Holloway,101002,LB,SMU,7,1,7.4,87.5,83.6,15.3,13.4,0,0,0,0.0,287,59.8,64.1,4.3,50.5,76.8,56.7,0,22,36.4,4,0,1,107.8,7,112,134,2,6,8,0,79,34,0.7,11.3
Jacob Dingle,101077,S,CINCINNATI,1,0,,,100.0,,,0,0,0,,138,60.8,61.5,69.4,,60.0,,0,,,0,0,0,0.0,0,2,2,0,0,0,0,0,0,0.0,
Ja'Quan Sheppard,101078,CB,CINCINNATI,1,0,27.0,0.0,100.0,,4.0,0,0,0,0.0,138,62.5,63.3,70.4,,60.0,,0,,,0,0,0,39.6,0,4,4,0,0,1,0,0,0,0.0,
Ton'Quez Ball,101089,S,TULANE,1,0,5.0,100.0,100.0,6.0,6.0,0,0,0,0.0,319,65.0,65.2,75.3,,60.2,74.8,0,8,0.0,0,0,0,100.0,1,6,6,0,1,1,0,8,3,1.3,8.0
Jett Hendrix,101092,S,TULSA,1,0,,,100.0,,,0,0,0,,320,60.5,60.7,67.5,,60.0,,0,,,0,0,0,0.0,0,2,2,0,0,0,0,0,0,0.0,
Markel Reed,101142,CB,BOISE ST,10,0,13.6,45.8,98.7,13.4,6.1,0,0,2,8.3,120,65.4,64.6,81.8,53.5,58.6,68.1,0,22,0.0,0,1,1,74.1,11,153,155,2,7,24,1,115,11,0.8,10.5
Andre Neal,101143,CB,COLO STATE,11,1,15.8,45.2,99.6,15.8,7.1,0,0,6,19.4,144,67.1,65.3,85.1,59.8,56.2,85.6,2,42,0.0,0,2,2,63.9,14,235,236,2,14,31,2,220,52,1.0,15.7
Blake Harrington,101144,CB,WYOMING,1,0,6.0,100.0,100.0,8.0,8.0,0,0,0,0.0,351,55.9,48.2,71.4,,50.7,19.3,0,17,100.0,1,0,0,118.8,1,8,8,0,0,1,0,17,11,2.1,17.0
Cam Lampkin,101146,CB,UTAH ST,11,0,13.2,38.5,98.0,18.4,7.1,0,1,2,15.4,329,71.4,73.0,81.4,59.7,74.9,53.9,1,13,30.0,3,2,0,40.2,5,98,100,1,7,13,1,36,10,0.4,7.2
Antonio Hunt,101148,CB,NEW MEXICO,2,0,24.5,100.0,100.0,3.0,3.0,0,0,0,0.0,241,29.7,33.7,74.7,,62.6,,0,37,,0,0,1,158.3,2,8,8,0,0,2,1,54,5,9.0,27.0
Michael LoVett III,101149,CB,NEW MEXICO,8,0,15.8,75.0,97.2,7.4,5.6,0,0,1,8.3,241,42.5,54.3,80.5,57.5,89.0,51.7,0,52,28.6,2,0,0,156.3,9,69,71,2,5,12,3,174,37,2.6,19.3
Aaron Lewis,101150,CB,UNLV,12,2,11.0,64.3,97.9,8.3,5.4,0,0,4,9.5,325,61.5,61.9,83.7,57.3,61.7,75.7,0,76,7.1,2,4,0,141.4,27,237,242,3,24,42,5,465,219,2.1,17.2
Christian Swint,101154,S,NEVADA,3,0,,,100.0,,,0,0,1,,239,55.9,44.2,0.0,,46.4,64.7,0,,0.0,0,1,1,0.0,0,12,12,0,1,0,0,0,0,0.0,
Corvan Taylor,101157,S,AIR FORCE,5,0,,,90.0,,,0,0,0,,101,74.8,65.0,77.1,59.2,50.2,62.1,0,,0.0,0,0,0,0.0,0,18,20,1,2,0,0,0,0,0.0,
Colby Raphiel,101158,S,AIR FORCE,5,0,18.5,50.0,100.0,12.0,6.0,0,0,0,0.0,101,51.0,47.1,74.0,,48.3,20.3,0,30,100.0,1,0,0,135.4,1,13,13,0,0,2,1,30,5,2.5,30.0
David Eure,101160,CB,AIR FORCE,1,0,,,100.0,,,0,0,0,,101,63.0,65.7,69.6,,63.7,74.2,0,,,0,0,0,0.0,0,4,4,0,0,0,0,0,0,0.0,
Matthew Anderson,101161,S,AIR FORCE,1,0,,,100.0,,,0,0,0,,101,65.6,67.0,74.1,,64.6,78.2,0,,0.0,0,0,0,0.0,0,7,7,0,1,0,0,0,0,0.0,
Teagan Liufau,101167,ED,WYOMING,9,0,12.0,100.0,2.7,2.0,2.0,0,0,0,0.0,351,57.5,58.3,82.4,57.2,61.0,79.5,0,13,0.0,0,0,0,118.8,1,2,75,1,1,1,0,13,1,6.5,13.0
AJ Vongphachanh,101172,LB,UTAH ST,4,1,6.8,75.0,75.7,9.0,6.8,0,0,0,0.0,329,45.0,60.1,77.5,65.9,68.0,75.2,0,18,50.0,1,0,0,107.3,3,28,37,0,0,4,0,41,16,1.5,13.7
Jonah Tavai,101174,DI,S DIEGO ST,12,0,,,0.9,,,0,0,0,,284,60.0,61.9,83.0,65.3,56.7,35.4,0,,,0,0,0,0.0,0,1,109,2,0,0,0,0,0,0.0,
Naki Fahina,101179,DI,UNLV,5,0,,,1.7,,,0,0,0,,325,59.2,48.0,78.5,55.4,45.8,51.5,0,,,0,0,0,0.0,0,1,60,0,0,0,0,0,0,0.0,
Christopher Herrera,101186,DI,AIR FORCE,10,0,6.0,0.0,1.9,,4.0,0,0,0,0.0,101,59.1,67.0,83.8,64.8,65.9,65.3,0,,50.0,2,0,0,39.6,0,4,215,1,2,1,0,0,0,0.0,
Elmer Pauni,101188,DI,NEW MEXICO,6,0,,,2.9,,,0,0,0,,241,60.2,57.4,23.5,59.1,59.3,74.8,0,,0.0,0,0,1,0.0,0,1,35,0,1,0,0,0,0,0.0,
Joey Noble,101190,ED,NEW MEXICO,11,0,,,1.2,,,0,0,0,,241,58.0,75.6,45.1,74.8,74.6,84.1,0,,0.0,0,0,1,0.0,0,1,85,2,1,0,0,0,0,0.0,
Claude Cole,101192,DI,WYOMING,10,0,,,1.4,,,0,0,0,,351,60.0,49.3,79.8,55.2,46.9,75.7,0,,,0,0,0,0.0,0,1,70,0,0,0,0,0,0,0.0,
Tristan Nichols,101196,ED,NEVADA,11,0,,,1.6,,,0,0,0,,239,60.0,75.6,79.5,74.5,64.6,76.8,0,,,0,0,0,0.0,0,1,63,5,0,0,0,0,0,0.0,
John Lyons,101201,LB,AIR FORCE,1,1,6.0,100.0,75.0,3.0,3.0,0,0,0,0.0,101,65.2,74.0,69.4,59.2,73.9,78.8,0,4,0.0,0,0,0,83.3,1,3,4,1,1,1,0,4,-2,1.3,4.0
Noah Bush,101202,LB,AIR FORCE,1,0,,,75.0,,,0,0,0,,101,61.0,71.3,71.5,59.9,72.4,73.2,0,,,0,0,0,0.0,0,3,4,0,0,0,0,0,0,0.0,
Michael Shawcroft,101215,LB,S DIEGO ST,2,0,9.0,0.0,20.0,,1.0,0,0,0,0.0,284,60.0,56.7,68.0,54.6,60.1,,0,,,0,0,0,39.6,0,1,5,0,0,1,0,0,0,0.0,
Jacoby Windmon,101226,ED,UNLV,9,0,0.0,50.0,16.9,10.0,5.0,0,0,0,0.0,325,55.9,54.1,84.7,67.3,44.1,65.4,0,6,50.0,1,0,0,56.3,1,11,65,1,1,2,0,6,1,0.6,6.0
Kyle Beaudry,101227,LB,UNLV,1,0,,,100.0,,,0,0,0,,325,64.0,65.9,73.4,,63.4,76.0,0,,,0,0,0,0.0,0,14,14,0,0,0,0,0,0,0.0,
Jordan Cobbs,101229,LB,S JOSE ST,2,0,13.0,100.0,83.3,5.0,5.0,0,0,0,0.0,285,42.2,50.1,72.4,59.6,59.4,54.5,0,24,,0,0,0,118.8,1,5,6,0,0,1,0,24,11,4.8,24.0
Devin Sanders,101232,ED,NEW MEXICO,12,2,7.0,100.0,33.3,19.7,19.7,0,0,0,0.0,241,70.0,63.3,89.1,55.1,63.0,68.0,0,53,16.7,1,0,0,118.8,3,61,183,2,3,3,0,63,42,1.1,21.0
Nathan King,101279,LB,AIR FORCE,5,0,,,93.8,,,0,0,0,,101,65.2,65.8,73.0,59.5,63.3,77.6,0,,,0,0,0,0.0,0,15,16,0,0,0,0,0,0,0.0,
Kyron White,101307,CB,S DIEGO ST,1,0,,,100.0,,,0,0,0,,284,61.0,61.8,67.3,,60.0,,0,,,0,0,0,0.0,0,2,2,0,0,0,0,0,0,0.0,
Patrick McMorris,101309,S,S DIEGO ST,1,0,,,100.0,,,0,0,0,,284,60.6,67.2,64.4,,60.7,74.8,0,,,0,0,0,0.0,0,2,2,0,0,0,0,0,0,0.0,
JL Skinner,101311,S,BOISE ST,7,0,16.1,37.5,96.3,17.3,6.5,0,0,2,25.0,120,65.1,66.3,80.3,58.4,67.7,83.6,0,47,0.0,0,2,0,106.8,3,52,54,0,2,8,1,65,11,1.3,21.7
Troy Lefeged Jr.,101315,S,UTAH ST,13,4,8.6,58.6,95.8,25.2,14.8,1,1,4,13.8,329,70.9,77.3,63.9,66.3,83.5,75.4,0,45,12.2,5,2,3,101.2,17,451,471,7,32,29,1,270,205,0.6,15.9
Cash Gilliam,101316,LB,UTAH ST,5,0,8.8,75.0,92.9,17.0,12.8,0,0,0,0.0,329,56.5,65.3,78.4,68.0,73.6,28.3,0,11,40.0,2,0,0,129.2,3,52,56,2,3,4,1,24,9,0.5,8.0
Jerrick Reed II,101322,S,NEW MEXICO,10,3,8.2,68.0,97.5,10.7,7.3,0,0,2,4.0,241,64.1,62.6,88.1,65.1,55.8,75.3,1,30,5.9,2,2,0,80.9,34,384,394,12,29,50,1,286,175,0.8,8.4
Letayveon Beaton,101323,S,NEW MEXICO,11,2,13.0,76.0,98.1,16.0,12.2,0,2,4,16.0,241,45.8,49.2,86.2,54.8,54.1,61.3,0,69,11.1,3,3,1,130.8,19,318,324,3,22,25,1,427,156,1.4,22.5
Marquis Wilson,101363,CB,PENN STATE,10,3,12.1,78.6,100.0,10.0,7.9,1,0,0,0.0,266,70.6,70.5,81.0,,64.8,60.0,2,46,13.3,2,0,1,73.2,11,115,115,2,10,14,0,155,46,1.4,14.1
Joey Porter Jr.,101364,CB,PENN STATE,4,1,12.5,75.0,100.0,15.7,11.8,0,0,1,25.0,266,60.7,62.9,78.9,,70.3,52.6,0,22,25.0,1,1,1,156.3,3,49,49,0,2,4,1,55,13,1.2,18.3
Daequan Hardy,101365,CB,PENN STATE,2,0,,,100.0,,,0,0,0,,266,64.1,66.3,70.3,,62.2,74.2,0,,,0,0,0,0.0,0,5,5,0,0,0,0,0,0,0.0,
Semar Melvin,101368,CB,WISCONSIN,4,0,15.4,75.0,100.0,11.0,8.3,0,0,2,25.0,349,64.0,65.2,79.1,,67.5,46.9,0,51,33.3,1,1,1,156.3,6,71,71,0,2,8,1,106,33,1.6,17.7
Quinton Newsome,101371,CB,NEBRASKA,3,0,,,100.0,,,0,0,0,,238,65.7,60.4,73.7,,47.3,21.4,0,,,0,0,0,0.0,0,13,13,0,0,0,0,0,0,0.0,
Cam Allen,101374,S,PURDUE,10,3,16.1,50.0,96.9,24.4,12.2,0,0,2,20.0,273,77.4,68.3,0.6,56.9,56.8,65.5,1,34,0.0,0,2,1,27.5,5,126,130,4,7,10,0,56,15,0.5,11.2
Treron Collins,101382,S,MARYLAND,1,0,,,100.0,,,0,0,0,,215,60.0,60.7,70.0,,60.0,,0,,,0,0,0,0.0,0,1,1,0,0,0,0,0,0,0.0,
Erwin Byrd,101383,CB,MARYLAND,1,0,,,100.0,,,0,0,0,,215,60.7,62.1,70.7,,60.0,,0,,,0,0,0,0.0,0,2,2,0,0,0,0,0,0,0.0,
Deonte Banks,101384,CB,MARYLAND,11,2,13.1,66.7,99.1,15.7,10.5,0,0,3,14.3,215,69.5,69.7,85.2,47.2,69.8,63.2,1,28,16.7,4,2,2,104.3,14,230,232,4,18,21,2,175,41,0.8,12.5
Lavonte Gater,101385,CB,MARYLAND,10,1,12.7,74.2,97.1,7.0,5.2,1,0,3,9.7,215,58.0,60.9,83.6,68.3,68.9,64.9,0,51,9.5,2,0,1,132.9,23,167,172,8,18,31,2,353,83,2.2,15.3
Devon Witherspoon,101388,CB,ILLINOIS,12,3,12.6,47.4,98.0,15.7,7.4,0,1,3,15.8,187,57.8,65.4,85.4,51.8,89.7,55.5,0,40,31.3,5,2,1,76.6,9,148,151,1,8,19,0,160,69,1.1,17.8
Tiawan Mullen,101394,CB,INDIANA,13,1,11.4,45.0,96.5,14.2,6.4,2,0,12,30.0,190,73.4,80.8,84.9,55.8,93.6,71.2,0,31,16.7,3,10,7,79.2,18,278,288,5,14,40,2,220,82,0.9,12.2
Larry Tracy III,101395,CB,INDIANA,1,0,,,100.0,,,0,0,0,,190,63.0,63.7,71.2,,60.0,,0,,,0,0,0,0.0,0,5,5,0,0,0,0,0,0,0.0,
Josh Sanguinetti,101396,S,INDIANA,2,0,,,100.0,,,0,0,0,,190,63.7,65.4,72.2,,63.9,74.3,0,,,0,0,0,0.0,0,6,6,0,0,0,0,0,0,0.0,
Dane Belton,101398,CB,IOWA,8,5,9.5,83.9,95.7,9.9,8.3,0,0,0,0.0,192,59.4,58.8,36.8,62.6,57.5,70.8,0,55,16.7,4,0,1,113.7,26,265,277,6,15,31,0,350,110,1.4,13.5
Jermari Harris,101401,CB,IOWA,1,0,,,100.0,,,0,0,0,,192,65.4,67.1,71.3,,63.5,77.0,0,,0.0,0,0,0,0.0,0,7,7,0,1,0,0,0,0,0.0,
Adisa Isaac,101406,ED,PENN STATE,10,0,14.0,100.0,8.9,2.5,2.5,0,0,0,0.0,266,47.6,75.0,81.9,77.3,72.4,82.0,0,24,0.0,0,0,0,118.8,2,7,79,3,2,2,0,33,5,6.6,16.5
Tijaun Mason,101426,ED,RUTGERS,7,1,21.0,0.0,42.4,,13.0,0,1,1,100.0,278,74.9,72.9,83.9,73.1,58.8,75.2,0,,0.0,0,1,0,39.6,0,14,33,0,0,1,0,0,0,0.0,
Leo Chenal,101463,LB,WISCONSIN,8,0,-3.5,100.0,80.5,30.5,30.5,0,0,0,0.0,349,71.0,72.4,76.7,61.1,70.8,44.8,0,1,28.6,2,0,0,79.2,2,66,82,3,5,2,0,2,9,0.0,1.0
Travis Wiltjer,101464,LB,WISCONSIN,1,0,19.0,100.0,66.7,6.0,6.0,0,0,0,0.0,349,51.3,51.0,70.3,56.6,61.7,73.2,0,19,0.0,0,0,0,118.8,1,6,9,0,1,1,0,19,0,3.2,19.0
Luke Reimer,101469,LB,NEBRASKA,1,0,,,100.0,,,0,0,0,,238,63.2,67.5,71.3,,66.3,80.8,0,,0.0,0,0,0,0.0,0,5,5,0,1,0,0,0,0,0.0,
Anthony Solomon,101481,LB,MICHIGAN,1,0,,,100.0,,,0,0,0,,222,60.0,49.1,65.1,,60.0,,0,,,0,0,0,0.0,0,1,1,0,0,0,0,0,0,0.0,
Cade Stover,101486,ED,OHIO STATE,2,0,,,7.7,,,0,0,0,,260,60.0,59.6,75.8,54.7,62.1,52.1,0,,,0,0,0,0.0,0,1,13,0,0,0,0,0,0,0.0,
Craig Young,101487,LB,OHIO STATE,1,0,,,66.7,,,0,0,0,,260,60.3,65.7,70.6,59.6,66.1,76.7,0,,,0,0,0,0.0,0,2,3,0,0,0,0,0,0,0.0,
Tommy Eichenberg,101488,LB,OHIO STATE,1,0,,,66.7,,,0,0,0,,260,62.2,64.3,68.8,59.6,60.5,73.2,0,,0.0,0,0,0,0.0,0,2,3,1,1,0,0,0,0,0.0,
Cortez Andrews,101493,LB,MARYLAND,3,0,0.6,100.0,100.0,1.6,1.6,0,0,0,0.0,215,68.8,66.8,73.0,,57.4,54.9,0,11,20.0,1,0,0,87.5,5,9,9,3,4,5,0,25,22,3.1,5.0
Kameron Blount,101494,LB,MARYLAND,1,1,,,100.0,,,0,0,0,,215,61.0,67.8,69.3,,64.6,73.2,0,,0.0,0,0,0,0.0,0,1,1,0,0,0,0,0,0,0.0,
Lance Dixon,101496,LB,PENN STATE,2,0,,,100.0,,,0,0,0,,266,65.7,60.7,0.0,,65.6,77.6,0,,0.0,0,0,1,0.0,0,7,7,0,1,0,0,0,0,0.0,
Brandon Smith,101497,LB,PENN STATE,13,2,1.3,100.0,78.6,5.9,5.9,0,0,0,0.0,266,53.5,65.2,80.8,74.3,75.6,67.1,0,27,28.6,2,0,0,141.2,9,55,70,2,3,9,1,81,73,1.5,9.0
Jeslord Boateng,101508,LB,MICH STATE,8,0,-0.8,50.0,78.4,13.5,6.8,0,0,0,0.0,223,70.3,67.0,77.7,54.5,62.1,79.1,0,4,0.0,0,0,0,56.3,2,29,37,2,2,4,0,6,14,0.2,3.0
Jack Campbell,101515,LB,IOWA,3,1,2.3,66.7,92.9,12.0,8.0,0,0,0,0.0,192,63.0,58.3,74.7,58.3,50.0,62.6,0,8,0.0,0,0,0,75.7,2,26,28,0,1,3,0,13,2,0.5,6.5
Khali Saunders,101518,LB,PURDUE,3,0,8.3,66.7,85.0,8.5,5.7,0,0,0,0.0,273,63.1,60.0,75.5,56.9,55.8,30.8,0,22,0.0,0,0,0,92.4,2,17,20,2,2,3,0,25,13,1.5,12.5
Garrett Nelson,101604,ED,NEBRASKA,7,1,0.0,100.0,19.1,8.0,8.0,0,0,0,0.0,238,53.7,53.7,84.4,64.4,48.9,33.2,0,8,0.0,0,0,0,100.0,1,9,47,1,1,1,0,8,8,1.0,8.0
Jaquan Brisker,101665,S,PENN STATE,13,6,6.1,58.3,97.0,43.3,25.3,1,1,2,16.7,266,85.4,82.0,0.0,79.0,68.9,53.3,2,35,24.0,6,2,3,51.0,7,318,328,3,13,12,0,115,65,0.4,16.4
Tyler Rudolph,101666,S,PENN STATE,2,0,,,100.0,,,0,0,0,,266,63.8,63.9,71.9,,60.0,,0,,,0,0,0,0.0,0,5,5,0,0,0,0,0,0,0.0,
Marvin Grant,101670,S,PURDUE,2,0,5.0,75.0,100.0,4.0,3.0,0,0,0,0.0,273,57.7,54.9,72.7,,53.0,40.5,0,18,0.0,0,0,0,108.3,3,13,13,0,1,4,0,42,27,3.5,14.0
O'shai Fletcher,102648,CB,TROY,12,2,12.5,66.0,98.9,10.4,6.9,1,0,4,8.0,318,57.2,56.2,48.3,55.8,54.6,52.4,0,92,10.3,4,2,4,113.3,33,362,366,6,33,50,2,514,229,1.5,15.6
Milan Tucker,102655,CB,APP STATE,3,0,4.0,100.0,100.0,12.0,12.0,0,0,0,0.0,108,65.2,65.6,73.5,,60.4,37.2,0,7,33.3,1,0,0,95.8,1,12,12,1,2,1,0,7,3,0.6,7.0
Nick Ross,102656,CB,APP STATE,13,5,8.6,55.0,96.0,14.2,7.8,0,0,2,10.0,108,67.9,67.1,85.3,52.4,61.7,78.9,1,30,11.1,2,2,0,56.7,11,166,173,0,11,20,0,142,60,0.9,12.9
Jayrin Wilson,102663,CB,LA LAFAYET,11,0,25.1,44.4,100.0,17.8,7.9,0,0,1,11.1,207,80.3,80.2,79.7,,69.6,82.5,1,44,0.0,0,0,0,70.4,4,77,77,1,5,9,1,73,0,1.0,18.3
Elery Alexander,102665,S,ARK STATE,4,0,-1.3,100.0,100.0,9.0,9.0,0,0,0,0.0,113,79.3,75.7,78.5,,63.2,61.4,0,3,0.0,0,0,0,79.2,3,30,30,3,3,3,0,4,8,0.1,1.3
Anthony Switzer,102668,S,ARK STATE,6,1,22.0,66.7,100.0,32.0,21.3,0,0,0,0.0,113,67.9,74.6,76.7,,79.9,74.9,0,34,20.0,1,0,1,149.3,2,70,70,1,3,3,1,58,16,0.9,29.0
Marquel Broughton,102671,S,ARMY,8,0,2.7,66.7,88.9,11.0,7.3,0,0,0,0.0,114,57.4,62.9,77.3,60.0,71.1,84.3,0,6,0.0,0,0,0,71.5,2,24,27,1,2,3,0,10,7,0.5,5.0
Isaiah Morris,102676,CB,ARMY,2,0,,,50.0,,,0,0,0,,114,60.0,62.9,60.1,60.0,,,0,,,0,0,0,0.0,0,1,2,0,0,0,0,0,0,0.0,
Jabari Moore,102681,CB,ARMY,9,1,17.9,42.9,98.2,11.8,5.0,0,0,2,9.5,114,52.6,54.8,80.7,60.0,65.8,46.2,0,69,20.0,2,2,0,112.3,9,108,110,1,7,21,3,176,49,1.7,19.6
Kyle Hamilton,102684,S,NOTRE DAME,13,2,14.3,30.4,96.9,34.9,10.6,0,0,6,26.1,258,89.4,79.5,87.3,71.3,46.7,57.8,4,20,8.7,2,5,1,1.3,7,250,258,6,19,23,0,74,17,0.3,10.6
K.J. Wallace,102686,CB,NOTRE DAME,2,0,,,100.0,,,0,0,0,,258,63.2,63.9,71.2,,61.9,,0,,,0,0,0,0.0,0,6,6,0,0,0,0,0,0,0.0,
Kailon Davis,102702,ED,ARK STATE,9,0,,,3.3,,,2,0,0,,113,61.4,55.2,0.0,62.4,56.4,76.1,0,,0.0,0,0,2,0.0,0,2,60,1,1,0,0,0,0,0.0,
Tahji Gilbert,102712,DI,GA STATE,11,0,,,1.6,,,1,1,0,,175,60.0,57.1,31.7,58.0,59.2,49.9,0,,,0,0,1,0.0,0,1,61,0,0,0,0,0,0,0.0,
Johnathon Weir,102724,ED,UMASS,8,0,0.0,80.0,27.9,4.8,3.8,0,0,0,0.0,216,43.8,56.1,85.8,54.2,61.4,58.5,0,39,0.0,0,0,0,118.8,4,19,68,0,1,5,0,89,89,4.7,22.3
Isaiah Foskey,102728,ED,NOTRE DAME,4,0,,,8.3,,,0,0,0,,258,61.2,61.0,79.5,56.1,64.1,63.9,0,,,0,0,0,0.0,0,3,36,0,0,0,0,0,0,0.0,
Josh Ingram,102735,LB,GA STATE,1,0,,,100.0,,,0,0,0,,175,60.2,60.4,62.8,,,,0,,,0,0,0,0.0,0,2,2,0,0,0,0,0,0,0.0,
Lakamion Franklin,102769,LB,LA LAFAYET,1,0,,,75.0,,,0,0,0,,207,60.9,56.0,70.6,64.5,46.9,76.1,0,,,0,0,0,0.0,0,3,4,0,0,0,0,0,0,0.0,
Kelvin Johnson,102770,LB,S ALABAMA,12,3,8.3,81.8,96.3,21.9,17.9,0,0,1,9.1,288,71.0,58.7,82.4,76.1,48.9,43.9,0,17,15.4,2,1,0,94.3,9,209,217,2,8,11,0,73,28,0.4,8.1
KeSean Brown,102847,LB,APP STATE,7,0,3.0,75.0,96.9,10.0,7.5,0,0,0,0.0,108,54.1,61.2,74.1,59.4,71.6,70.3,0,11,50.0,1,0,0,77.1,3,31,32,0,1,4,0,10,11,0.3,3.3
Brendan Harrington,102848,LB,APP STATE,4,2,-3.0,100.0,55.0,11.0,11.0,0,0,0,0.0,108,67.8,68.4,0.0,66.9,73.3,81.3,0,11,0.0,0,0,1,112.5,1,11,20,1,2,1,0,11,14,1.0,11.0
Markeveon Coleman,102849,LB,TEXAS ST,5,1,4.0,0.0,92.9,,38.0,0,0,1,100.0,314,64.4,59.4,77.8,70.7,52.0,65.4,0,,50.0,1,1,1,39.6,0,39,42,0,0,1,0,0,0,0.0,
Taj Jones,102895,CB,UMASS,2,0,11.0,100.0,90.9,10.0,10.0,0,0,0,0.0,216,59.4,63.1,75.5,60.0,68.1,77.0,0,16,0.0,0,0,0,118.8,1,10,11,0,1,1,0,16,5,1.6,16.0
Java'n Singletary,102897,S,GA SOUTHRN,5,0,3.0,66.7,100.0,39.0,26.0,0,0,0,0.0,174,67.7,61.8,82.1,,48.1,46.5,1,19,25.0,1,0,0,69.4,2,83,83,0,3,3,0,37,22,0.5,18.5
Mekhi Garner,102900,CB,LA LAFAYET,2,1,21.7,0.0,100.0,,6.3,0,0,0,0.0,207,54.5,59.8,76.2,,75.0,79.8,0,,0.0,0,0,1,39.6,0,22,22,0,0,3,0,0,0,0.0,
Keilos Swinney,102901,CB,LA MONROE,12,1,9.2,72.2,91.8,8.3,6.0,1,0,4,7.4,209,58.1,63.6,64.5,64.6,74.7,65.4,0,73,16.0,4,4,1,118.8,39,345,376,9,20,54,3,492,236,1.5,12.6
Bobby Bell,102902,S,LA MONROE,2,0,,,100.0,,,0,0,0,,209,61.3,55.9,71.8,,53.4,63.2,0,,,0,0,0,0.0,0,3,3,0,0,0,0,0,0,0.0,
Keon Carter,102903,S,GA STATE,5,0,8.8,62.5,98.4,12.0,7.5,0,0,1,12.5,175,59.1,58.7,77.7,60.0,58.0,56.4,0,27,0.0,0,1,0,86.5,5,61,62,0,4,8,0,62,8,1.0,12.4
Tanner Davis,102905,S,UMASS,2,0,-5.0,100.0,100.0,7.0,7.0,0,0,0,0.0,216,63.0,53.3,76.4,,46.4,46.8,0,-5,50.0,1,0,0,79.2,1,7,7,1,1,1,0,-5,0,-0.7,-5.0
Tre' Ross,102909,LB,TROY,1,0,,,100.0,,,0,0,0,,318,60.0,62.1,66.3,,60.0,,0,,,0,0,0,0.0,0,1,1,0,0,0,0,0,0,0.0,
Kaylon Geiger,102929,WR,TROY,1,0,,,100.0,,,1,0,0,,318,60.0,62.4,60.0,,60.0,,0,,,0,0,5,0.0,0,1,1,0,0,0,0,0,0,0.0,
Kyron McKinnie-Harper,104179,CB,C MICHIGAN,12,3,13.9,51.9,99.5,13.6,7.1,0,1,13,25.0,134,71.7,73.4,14.9,58.7,85.6,63.4,0,38,17.9,5,10,3,92.8,27,383,385,0,20,52,3,352,79,1.0,13.0
Caleb Humphrey,104191,ED,AIR FORCE,4,0,4.0,100.0,71.4,10.0,10.0,0,0,0,0.0,101,53.2,59.5,74.9,65.4,62.4,48.7,0,7,,0,0,0,95.8,1,10,14,0,0,1,0,7,3,0.7,7.0
Ivin White Jr.,104212,ED,LA MONROE,8,0,-3.0,100.0,1.2,1.0,1.0,0,0,0,0.0,209,30.8,64.6,14.5,69.3,69.8,46.2,0,44,50.0,1,0,2,158.3,1,1,85,1,1,1,1,44,47,44.0,44.0
Justin Whiteside,104220,LB,C MICHIGAN,1,0,,,100.0,,,0,0,0,,134,61.3,47.0,67.0,,46.7,20.0,0,,,0,0,0,0.0,0,3,3,0,0,0,0,0,0,0.0,
Elijah Benoit,105791,CB,UCF,1,0,,,100.0,,,0,0,0,,323,60.0,62.4,60.0,,,,0,,,0,0,0,0.0,0,1,1,0,0,0,0,0,0,0.0,
Ken Savanah,105798,LB,HOUSTON,3,1,10.0,100.0,100.0,6.0,6.0,0,0,0,0.0,182,55.4,60.7,70.4,,65.7,76.5,0,33,0.0,0,0,0,118.8,1,10,10,0,0,1,0,33,23,5.5,33.0
Isaiah Cromarty,105809,CB,USF,1,0,,,100.0,,,0,0,0,,327,60.0,62.1,69.8,,61.6,,0,,,0,0,0,0.0,0,1,1,0,0,0,0,0,0,0.0,
Nelson Ceaser,123656,ED,HOUSTON,1,0,,,25.0,,,0,0,0,,182,60.0,83.8,70.1,81.8,,71.1,0,,,0,0,0,0.0,0,1,4,1,0,0,0,0,0,0.0,
Xavier Smith,134137,LB,E CAROLINA,12,1,5.3,60.0,86.9,17.4,10.5,0,1,4,13.3,156,66.5,50.8,85.6,52.6,42.4,63.8,0,45,0.0,0,3,0,97.1,18,332,382,8,17,30,2,164,110,0.5,9.1
BeeJay Williamson,145255,S,LA TECH,10,2,13.9,88.2,96.7,13.3,11.7,0,0,0,0.0,208,42.1,49.8,85.1,64.9,67.3,65.8,0,45,26.7,4,0,1,158.0,15,206,213,3,9,17,2,244,34,1.2,16.3
Tyrone Lewis Jr.,147159,CB,KANSAS ST,1,0,,,100.0,,,0,0,0,,199,62.4,62.8,70.5,,60.0,,0,,,0,0,0,0.0,0,5,5,0,0,0,0,0,0,0.0,
David Miller,148265,CB,NAVY,2,0,36.0,0.0,100.0,,18.0,0,0,1,100.0,237,73.7,74.0,73.9,,60.0,,0,,,0,1,0,39.6,0,18,18,0,0,1,0,0,0,0.0,
Ke'Vric Wiggins Jr.,150947,CB,LA MONROE,2,0,,,100.0,,,0,0,0,,209,56.5,59.4,74.8,,65.7,73.5,0,,,0,0,0,0.0,0,16,16,0,0,0,0,0,0,0.0,
Chris Joyce,169071,CB,TULANE,4,0,12.0,54.5,100.0,11.3,6.2,0,0,1,9.1,319,53.5,57.0,80.2,,73.5,26.6,0,31,25.0,1,1,0,112.7,6,70,70,1,3,11,1,92,41,1.4,15.3
