player,player_id,position,team_name,player_game_count,block_percent,declined_penalties,franchise_id,grades_offense,grades_pass_block,grades_run_block,hits_allowed,hurries_allowed,non_spike_pass_block,non_spike_pass_block_percentage,pass_block_percent,pbe,penalties,pressures_allowed,sacks_allowed,snap_counts_block,snap_counts_ce,snap_counts_lg,snap_counts_lt,snap_counts_offense,snap_counts_pass_block,snap_counts_pass_play,snap_counts_rg,snap_counts_rt,snap_counts_run_block,snap_counts_te
Taaga Tuulima,38661,C,HAWAII,15,100.0,1,180,66.6,79.3,59.4,2,20,693,100.0,100.0,98.4,5,22,0,1069,1069,0,0,1069,720,720,0,0,349,0
Ilm Manning,75852,T,HAWAII,15,100.0,1,180,66.3,69.4,62.6,4,24,692,100.0,100.0,97.5,6,31,3,1067,0,0,1067,1067,719,719,0,0,348,0
Alan Ali,60053,C,SMU,13,100.0,0,287,54.6,61.0,50.7,3,11,538,100.0,100.0,98.7,3,14,0,1051,1050,0,0,1051,573,573,0,0,478,0
Junior Diaz,26655,C,FAU,14,100.0,0,165,80.3,82.0,79.0,1,7,550,100.0,100.0,99.3,2,8,0,1047,1047,0,0,1047,583,583,0,0,464,0
Brandon Walton,41533,T,FAU,14,100.0,2,165,71.6,84.0,60.6,2,6,547,100.0,100.0,99.1,5,9,1,1040,0,0,1039,1040,579,579,0,0,461,1
Lloyd Cushenberry III,41924,C,LSU,15,100.0,0,211,61.1,54.8,64.2,5,25,629,100.0,100.0,97.0,4,34,4,1039,1039,0,0,1039,652,652,0,0,387,0
Jake Benzinger,39255,T,WAKE,13,100.0,1,339,66.0,71.9,62.8,4,17,533,100.0,100.0,97.3,7,25,4,1037,0,0,18,1037,558,558,0,1015,479,4
Jaylon Thomas,77421,T,SMU,13,99.8,0,287,72.2,80.1,63.4,3,13,532,99.8,99.6,98.3,3,17,1,1036,0,0,1025,1038,566,568,0,0,470,10
Steve Eipper,25886,C,C MICHIGAN,14,100.0,0,134,58.3,64.4,55.6,4,8,521,100.0,100.0,98.5,6,14,2,1033,1033,0,0,1033,550,550,0,0,483,0
Luke Goedeke,77548,T,C MICHIGAN,14,100.0,2,134,81.4,74.3,81.0,6,18,521,100.0,100.0,97.1,5,27,3,1031,0,0,0,1031,550,550,0,1028,481,2
Zach Tom,55443,C,WAKE,13,100.0,0,339,66.6,79.4,59.4,1,11,530,100.0,100.0,98.9,0,12,0,1030,1030,0,0,1030,555,555,0,0,475,0
Nick Weber,59684,G,FAU,14,100.0,0,165,59.1,75.3,53.8,2,10,537,100.0,100.0,98.7,5,13,1,1029,0,0,0,1029,569,569,1029,0,460,0
Hayden Howerton,60052,G,SMU,13,100.0,0,287,60.5,74.1,55.3,0,14,527,100.0,100.0,98.7,3,14,0,1026,0,1025,0,1026,562,562,0,0,464,1
Justin Herron,46271,T,WAKE,13,100.0,0,339,69.0,84.2,58.1,4,5,527,100.0,100.0,98.4,4,13,4,1019,0,0,1015,1019,552,552,0,0,467,4
Clayton Walderzak,55063,T,C MICHIGAN,14,100.0,0,134,69.4,56.7,72.8,4,20,518,100.0,100.0,97.1,1,27,3,1008,0,0,1006,1008,546,546,0,0,462,2
Gene Pryor,75851,T,HAWAII,14,100.0,0,180,68.5,76.2,65.1,3,11,648,100.0,100.0,98.6,10,16,2,1008,0,0,0,1008,675,675,0,1008,333,0
Garrett Larson,45560,C,BOISE ST,14,100.0,0,120,73.4,69.6,73.3,5,12,531,100.0,100.0,98.2,2,18,1,1000,1000,0,0,1000,552,552,0,0,448,0
Travis Glover,81658,T,GA STATE,13,100.0,0,175,45.2,42.0,46.0,4,32,433,100.0,100.0,95.6,2,37,1,998,0,0,7,998,460,460,0,980,538,1
Jakari Robinson,55084,C,CINCINNATI,14,100.0,0,138,51.2,47.5,56.4,3,10,446,100.0,100.0,97.9,11,16,3,995,995,0,0,995,467,467,0,0,528,0
Malik Sumter,55194,C,GA STATE,13,100.0,1,175,68.8,67.2,68.2,0,12,430,100.0,100.0,98.6,3,12,0,989,989,0,0,989,457,457,0,0,532,0
Shamarious Gilmore,41823,G,GA STATE,13,100.0,0,175,67.4,70.7,65.1,0,11,428,100.0,100.0,98.0,4,14,3,983,0,983,0,983,455,455,0,0,528,0
Hunter Atkinson,36289,T,GA STATE,13,100.0,0,175,79.6,79.0,76.2,3,7,428,100.0,100.0,97.4,3,16,6,981,0,0,961,981,455,455,0,0,526,10
Jimmy Morrissey,41626,C,PITTSBURGH,13,100.0,0,268,71.4,80.7,67.1,0,10,592,100.0,100.0,99.2,4,10,0,980,980,0,0,980,615,615,0,0,365,0
Demytrick Ali'ifua,41289,C,UTAH ST,13,100.0,0,329,57.9,63.6,55.8,2,7,556,100.0,100.0,99.2,7,9,0,980,980,0,0,980,583,583,0,0,397,0
X'Zauvea Gadlin,77580,T,TULSA,12,100.0,1,320,55.5,46.6,57.7,10,22,513,100.0,100.0,95.1,2,41,9,979,0,0,0,979,541,541,0,978,438,1
Chris Paul,77579,G,TULSA,12,100.0,1,320,68.9,82.3,65.8,5,3,512,100.0,100.0,98.8,6,10,2,977,0,977,0,977,540,540,0,0,437,0
Obinna Eze,59837,T,MEMPHIS,14,100.0,1,218,67.3,69.4,64.7,1,16,470,100.0,100.0,97.3,7,21,4,976,0,0,875,976,498,498,0,99,478,2
Bryce Hargrove,41946,G,PITTSBURGH,13,100.0,1,268,63.8,69.1,59.9,7,16,589,100.0,100.0,97.9,3,24,1,974,0,974,0,974,612,612,0,0,362,0
Karter Shaw,81898,G,UTAH ST,13,100.0,0,329,71.7,67.8,72.2,2,20,554,100.0,100.0,97.8,3,23,1,973,0,0,0,973,581,581,973,0,392,0
Nate Brown,40643,T,NEVADA,13,99.9,0,239,56.6,71.1,48.1,7,24,573,99.8,99.8,96.6,7,35,4,971,0,0,0,972,602,603,0,970,369,2
Damien Lewis,81532,G,LSU,15,100.0,1,211,79.2,76.6,82.1,3,7,586,100.0,100.0,98.5,4,14,4,963,0,0,0,963,608,608,963,0,355,0
Derek Kerstetter,60116,T,TEXAS,13,100.0,1,311,71.0,91.6,61.2,4,10,564,100.0,100.0,98.2,7,17,3,963,43,15,0,963,594,594,154,744,369,7
Sam Cosmi,60114,T,TEXAS,13,99.9,2,311,83.3,86.0,76.3,0,13,564,99.8,99.8,98.7,9,14,1,963,0,0,943,964,594,595,0,0,369,21
Ryan Neuzil,41123,G,APP STATE,14,100.0,4,108,78.6,78.1,79.5,2,9,414,100.0,100.0,98.7,6,11,0,958,0,958,0,958,433,433,0,0,525,0
Noah Hannon,58480,C,APP STATE,14,100.0,2,108,79.2,83.9,76.8,1,5,414,100.0,100.0,99.3,4,6,0,958,958,0,0,958,433,433,0,0,525,0
Isaac Moore,77495,T,TEMPLE,13,100.0,2,306,70.1,70.6,67.9,2,10,506,100.0,100.0,98.2,6,15,3,957,0,0,957,957,531,531,0,0,426,0
Beau Morris,24688,T,SMU,12,100.0,0,287,65.7,72.9,59.2,2,13,488,100.0,100.0,97.6,2,19,4,956,0,1,16,956,520,520,0,936,436,2
Cooper Hodges,81548,T,APP STATE,14,99.9,1,108,79.8,73.6,82.1,1,12,414,100.0,99.8,97.7,7,16,3,955,0,0,0,956,432,433,0,949,523,7
Ryan Nelson,62778,G,VIRGINIA,14,100.0,0,335,63.1,66.9,60.5,3,17,603,100.0,100.0,97.8,1,23,3,955,0,946,0,955,635,635,1,6,320,0
Pat Bartlett,55191,G,GA STATE,13,100.0,0,175,60.1,61.5,59.0,1,18,412,100.0,100.0,97.5,6,20,1,955,0,0,0,955,438,438,955,0,517,0
Adam Klein,77395,T,TEMPLE,13,100.0,0,306,64.9,66.0,62.1,3,20,505,100.0,100.0,97.5,4,24,1,955,0,0,0,955,530,530,0,955,425,0
Keith Ismael,41878,C,S DIEGO ST,13,100.0,1,284,80.3,88.8,77.3,1,4,455,100.0,100.0,99.2,4,6,1,955,954,0,0,955,474,474,0,0,481,0
Jordan Johnson,28921,C,UCF,13,100.0,1,323,63.9,59.2,65.7,3,10,458,100.0,100.0,98.6,6,13,0,955,955,0,0,955,485,485,0,0,470,0
Travis Bruffy,42074,T,TEXAS TECH,12,100.0,1,315,66.9,81.1,55.2,4,14,584,100.0,100.0,98.1,3,20,2,953,0,0,951,953,613,613,0,0,340,0
Ivory Scott,98699,G,ARK STATE,13,100.0,2,113,58.4,75.1,49.6,3,17,541,100.0,100.0,97.8,2,22,2,953,0,0,3,953,577,577,950,0,376,0
Gerard Wheeler,76561,C,TULSA,12,100.0,0,320,61.2,63.6,59.2,5,13,493,100.0,100.0,98.0,6,19,1,953,953,0,0,953,519,519,0,0,434,0
Dawson Deaton,60131,C,TEXAS TECH,12,100.0,0,315,70.5,54.8,76.0,1,12,584,100.0,100.0,98.9,3,13,0,950,950,0,0,950,612,612,0,0,338,0
Jordan Reid,60805,T,MICH STATE,13,100.0,0,223,60.3,61.2,58.1,8,12,505,100.0,100.0,97.4,3,23,3,950,0,0,0,950,534,534,0,949,416,0
Parker Braun,40258,G,TEXAS,13,100.0,0,311,68.6,70.4,72.4,4,14,551,100.0,100.0,98.0,9,20,2,949,0,949,0,949,581,581,0,0,368,0
Dustin Woodard,27124,C,MEMPHIS,14,100.0,3,218,86.0,77.8,90.1,1,3,462,100.0,100.0,99.4,6,5,1,948,948,0,0,948,490,490,0,0,458,0
Alec Lindstrom,58532,C,BOSTON COL,13,100.0,0,121,67.5,78.2,66.2,0,4,336,100.0,100.0,99.1,6,5,1,945,945,0,0,945,350,350,0,0,595,0
Tyler Vrabel,77343,T,BOSTON COL,13,100.0,0,121,73.9,81.0,70.2,1,8,336,100.0,100.0,98.7,5,9,0,944,0,1,939,944,353,353,0,0,591,0
Abraham Lucas,60218,T,WASH STATE,13,100.0,0,341,84.5,87.8,74.1,2,12,751,100.0,100.0,98.7,1,17,3,944,0,0,0,944,786,786,0,943,158,0
Jarrett Horst,102823,T,ARK STATE,13,100.0,6,113,51.4,55.7,58.1,9,20,534,100.0,100.0,96.9,19,31,2,941,0,0,938,941,571,571,0,0,370,3
Jake Brown,28920,T,UCF,13,100.0,1,323,59.7,55.9,63.6,4,13,454,100.0,100.0,96.8,8,23,6,940,0,0,0,940,481,481,0,940,459,0
Josh Watson,41677,G,WASH STATE,13,100.0,1,341,65.7,68.3,64.4,4,27,752,100.0,100.0,97.7,4,33,2,940,0,0,0,940,786,786,940,0,154,0
Ben Petrula,58533,T,BOSTON COL,13,100.0,0,121,64.9,56.0,68.3,6,13,333,100.0,100.0,96.8,5,20,1,938,0,0,0,938,347,347,0,938,591,0
Mike Novitsky,77545,C,BUFFALO,13,100.0,0,126,72.7,62.9,74.5,1,5,292,100.0,100.0,99.0,4,6,0,936,936,0,0,936,304,304,0,0,632,0
Harry Crider,59744,G,INDIANA,13,100.0,1,190,57.2,68.1,51.2,1,20,527,100.0,100.0,97.6,3,23,2,935,86,849,0,935,569,569,0,0,366,0
Shane Lemieux,28149,G,OREGON,14,100.0,1,264,76.0,76.2,75.9,3,13,476,100.0,100.0,98.1,3,17,1,935,0,935,0,935,497,497,0,0,438,0
Derek Smith,36229,G,C MICHIGAN,14,100.0,0,134,72.6,76.6,71.2,6,10,475,100.0,100.0,97.7,4,19,3,935,0,870,21,935,500,500,43,0,435,0
Ernesto Ramirez,102825,T,ARK STATE,13,100.0,1,113,43.9,40.6,47.2,6,29,531,100.0,100.0,93.9,5,50,15,935,0,0,2,935,567,567,0,933,368,0
Marcus Keyes,46187,G,OKLA STATE,13,100.0,1,262,72.0,77.1,69.6,2,7,413,100.0,100.0,98.4,3,11,2,935,0,933,0,935,445,445,0,0,490,0
Calvin Throckmorton,28238,T,OREGON,14,100.0,0,264,82.5,90.2,78.3,2,7,476,100.0,100.0,99.1,3,9,0,935,189,0,0,935,497,497,0,739,438,7
Liam Ryan,41618,T,WASH STATE,13,100.0,0,341,70.3,79.1,70.7,3,15,746,100.0,100.0,98.4,16,21,3,933,0,0,932,933,781,781,0,0,152,0
Olusegun Oluwatimi,98581,C,VIRGINIA,14,100.0,0,335,69.2,76.2,66.0,0,11,587,100.0,100.0,98.4,5,15,4,933,924,3,0,933,619,619,6,0,314,0
Tyler Biadasz,41178,C,WISCONSIN,14,100.0,0,349,83.5,70.5,86.2,0,4,377,100.0,100.0,99.2,4,5,1,933,933,0,0,933,390,390,0,0,543,0
Frederick Mauigoa,41388,C,WASH STATE,13,100.0,0,341,66.0,73.7,57.3,6,26,744,100.0,100.0,97.7,3,33,1,932,932,0,0,932,778,778,0,0,154,0
Caleb Jones,59747,T,INDIANA,13,100.0,1,190,64.8,66.1,61.5,7,10,524,100.0,100.0,97.2,4,23,6,932,0,0,189,932,566,566,0,743,366,0
Jordan Tucker,59936,T,N CAROLINA,13,100.0,1,245,70.6,75.7,66.0,3,13,468,100.0,100.0,97.6,5,19,3,928,0,0,0,928,494,494,0,927,434,0
Robert Haskins,77575,T,VIRGINIA,14,99.9,0,335,57.8,43.9,68.1,7,33,583,100.0,99.8,96.2,4,42,2,928,0,0,926,929,614,615,0,1,314,1
Evin Ksiezarczyk,14214,T,BUFFALO,13,100.0,0,126,69.9,52.1,72.8,5,10,290,100.0,100.0,97.1,4,16,1,927,0,0,925,927,302,302,0,0,625,0
Jonah Jackson,37070,G,OHIO STATE,14,100.0,1,260,78.5,77.8,78.4,0,9,430,100.0,100.0,98.7,5,10,1,926,0,926,0,926,460,460,0,0,466,0
Alijah Vera-Tucker,57107,G,USC,13,100.0,0,326,78.8,87.9,76.7,0,6,562,100.0,100.0,99.3,2,7,1,926,0,926,0,926,590,590,0,0,336,0
Austin Jackson,60816,T,USC,13,100.0,0,326,74.1,79.0,67.6,1,9,562,100.0,100.0,98.4,5,14,4,926,0,0,926,926,590,590,0,0,336,0
Josh Myers,59992,C,OHIO STATE,14,100.0,0,260,72.5,72.5,71.5,1,10,430,100.0,100.0,97.8,2,15,4,926,926,0,0,926,460,460,0,0,466,0
Penei Sewell,81788,T,OREGON,14,99.9,0,264,95.8,91.1,95.7,2,5,470,99.8,99.8,99.3,4,7,0,926,0,0,924,927,491,492,0,0,435,3
Mike Onwenu,27357,G,MICHIGAN,13,100.0,1,222,77.6,85.5,75.8,3,6,457,100.0,100.0,99.0,3,9,0,925,0,0,0,925,496,496,924,0,429,0
Wyatt Davis,59993,G,OHIO STATE,14,100.0,0,260,82.6,75.4,83.0,0,15,429,100.0,100.0,98.3,1,15,0,923,0,0,0,923,459,459,923,0,464,0
Bryce Meeker,46205,T,IOWA STATE,13,100.0,4,193,69.3,72.4,70.5,3,18,541,100.0,100.0,97.7,11,23,2,923,0,0,0,923,573,573,0,922,350,1
Curtis Blackwell,58521,G,BALL ST,12,100.0,0,117,61.2,76.0,56.4,4,10,435,100.0,100.0,98.4,4,14,0,923,0,0,0,923,461,461,923,0,462,0
Ryan Roberts,36149,T,FLORIDA ST,13,99.9,2,167,57.5,54.5,59.1,3,22,506,99.8,99.8,96.3,6,31,6,923,0,0,101,924,540,541,0,820,383,3
Ben Bredeson,27305,G,MICHIGAN,13,100.0,1,222,71.4,88.7,66.8,1,8,455,100.0,100.0,99.0,4,9,0,922,0,921,1,922,493,493,0,0,429,0
Danny Pinter,47339,T,BALL ST,12,99.9,0,117,91.2,77.8,90.9,1,14,434,99.8,99.8,98.0,2,16,1,922,0,0,0,923,460,461,0,923,462,0
Collin Olson,36523,C,IOWA STATE,13,100.0,2,193,56.6,53.4,58.4,5,12,539,100.0,100.0,98.4,6,17,0,921,832,89,0,921,571,571,0,0,350,0
Zach Shackelford,41139,C,TEXAS,13,100.0,1,311,56.5,53.3,57.6,2,11,542,100.0,100.0,97.9,4,18,5,921,921,0,0,921,572,572,0,0,349,0
Josh Knipfel,59756,G,IOWA STATE,13,100.0,0,193,64.9,60.5,67.9,4,18,538,100.0,100.0,97.8,4,23,1,919,0,0,60,919,570,570,858,0,349,1
Cesar Ruiz,59857,C,MICHIGAN,13,100.0,1,222,71.8,87.2,66.3,2,7,455,100.0,100.0,99.0,6,9,0,919,919,0,0,919,492,492,0,0,427,0
Coy McMillon,60106,C,TCU,12,100.0,0,305,56.1,56.6,54.1,2,18,475,100.0,100.0,97.7,1,21,1,919,919,0,0,919,495,495,0,0,424,0
Sidney Wells,100797,T,UAB,14,100.0,0,321,60.7,62.7,58.5,2,15,382,100.0,100.0,96.7,3,21,4,916,0,0,0,916,397,397,0,913,519,0
Ezra Cleveland,41973,T,BOISE ST,13,99.9,0,120,82.5,81.9,78.2,2,7,483,100.0,100.0,98.4,1,12,3,915,0,0,914,916,502,502,0,0,413,2
Shane Vallot,81704,C,LA LAFAYET,14,100.0,2,207,64.1,77.5,64.2,1,3,423,100.0,100.0,99.5,13,4,0,915,915,0,0,915,446,446,0,0,469,0
Joey Claybrook,60141,T,TULANE,13,100.0,0,319,53.8,47.0,59.3,8,25,408,100.0,100.0,94.7,7,38,5,913,0,0,855,913,421,421,0,58,492,0
Carlos Vettorello,77348,T,SYRACUSE,12,100.0,4,304,56.9,60.7,58.2,1,25,510,100.0,100.0,96.3,11,32,6,912,221,0,652,912,532,532,0,38,380,1
Tyrese Robinson,59998,G,OKLAHOMA,14,100.0,1,261,59.9,62.8,59.6,2,18,440,100.0,100.0,97.0,7,23,3,912,0,0,0,912,458,458,795,117,454,0
Jordan Meredith,60235,G,W KENTUCKY,13,100.0,1,346,77.8,88.9,76.9,1,3,511,100.0,100.0,99.0,6,7,3,912,0,0,0,912,529,529,911,0,383,0
Evan Adams,46802,G,SYRACUSE,12,100.0,0,304,64.0,80.3,60.3,2,13,510,100.0,100.0,98.1,5,17,2,912,0,912,0,912,532,532,0,0,380,0
Airon Servais,41573,C,SYRACUSE,12,100.0,2,304,54.1,62.2,52.6,0,20,510,100.0,100.0,97.3,10,24,4,912,653,0,259,912,532,532,0,0,380,0
Corey Dublin,60142,G,TULANE,13,100.0,0,319,67.9,76.1,67.4,1,12,408,100.0,100.0,98.4,7,13,0,911,0,911,0,911,421,421,0,0,490,0
Miles Pate,36494,T,W KENTUCKY,13,100.0,0,346,76.0,77.6,69.9,5,12,510,100.0,100.0,97.7,0,20,3,911,0,17,0,911,528,528,0,892,383,1
Seth Joest,41891,C,W KENTUCKY,13,100.0,0,346,68.9,81.4,62.0,1,5,510,100.0,100.0,99.4,2,6,0,910,910,0,0,910,528,528,0,0,382,0
Andre Harris Jr.,58501,G,ARK STATE,13,100.0,3,113,68.2,85.8,62.7,0,7,517,100.0,100.0,98.9,6,9,2,910,0,910,0,910,551,551,0,0,359,0
Kody Russey,41726,C,LA TECH,13,100.0,1,208,76.1,78.9,74.3,3,10,502,100.0,100.0,98.5,5,14,1,909,909,0,0,909,535,535,0,0,374,0
Brian Anderson,59932,C,N CAROLINA,13,100.0,0,245,52.2,55.0,53.3,3,9,463,100.0,100.0,97.4,8,18,6,908,908,0,0,908,491,491,0,0,417,0
Luke Juriga,29571,C,W MICHIGAN,13,100.0,0,347,78.3,85.3,73.5,1,3,453,100.0,100.0,99.3,3,5,1,907,907,0,0,907,481,481,0,0,426,0
Jaylon Moore,43678,T,W MICHIGAN,13,100.0,3,347,70.7,81.0,62.7,2,6,447,100.0,100.0,98.7,8,10,2,906,0,0,899,906,475,475,0,6,431,0
Sam Tecklenburg,47316,G,BAYLOR,14,100.0,2,118,65.4,84.5,58.6,2,5,509,100.0,100.0,99.1,5,8,1,906,297,545,0,906,543,543,64,0,363,0
Brian Dooley,77531,T,E MICHIGAN,13,100.0,0,160,68.0,67.7,64.6,2,17,520,100.0,100.0,97.4,2,23,4,905,0,0,0,905,556,556,0,904,349,1
Christian Montano,98651,C,TULANE,13,100.0,1,319,59.2,39.2,66.0,0,19,403,100.0,100.0,97.4,6,20,1,905,905,0,0,905,416,416,0,0,489,0
Baer Hunter,44512,G,APP STATE,14,100.0,1,108,68.4,72.2,69.7,0,5,378,100.0,100.0,98.8,9,7,2,903,0,0,0,903,396,396,903,0,507,0
Tyler Witt,40256,G,W KENTUCKY,13,100.0,0,346,72.3,80.1,69.0,4,11,499,100.0,100.0,98.5,2,15,0,901,1,899,0,901,516,516,0,0,385,0
Conner Olson,41504,G,MINNESOTA,13,100.0,0,225,57.4,62.9,55.8,4,6,369,100.0,100.0,97.8,4,13,3,900,448,337,0,900,393,393,114,0,507,0
Sam Schlueter,41640,T,MINNESOTA,13,99.9,0,225,65.9,59.0,65.8,9,5,368,99.7,99.7,97.8,1,15,1,899,0,0,842,900,392,393,0,0,507,57
Mike Caliendo,41446,G,W MICHIGAN,13,100.0,0,347,68.3,73.2,67.2,2,9,448,100.0,100.0,98.8,5,11,0,897,0,896,0,897,476,476,0,0,421,0
Royce Newman,41746,G,OLE MISS,12,100.0,0,226,60.2,60.6,57.8,1,8,392,100.0,100.2,98.6,2,10,1,896,0,758,0,896,417,416,138,0,479,0
J.L. Gaston,41762,T,TROY,12,100.0,1,318,74.5,75.5,68.0,1,19,547,100.0,100.0,97.3,1,25,5,896,0,1,0,896,585,585,0,894,311,0
Levi Brown,36815,C,MARSHALL,13,100.0,1,214,63.1,56.5,65.4,1,14,397,100.0,100.0,98.1,4,15,0,895,895,0,0,895,429,429,0,0,466,0
Alex Mollette,40437,G,MARSHALL,13,100.0,0,214,68.0,78.0,63.6,0,10,397,100.0,100.0,98.7,0,10,0,895,0,895,0,895,429,429,0,0,466,0
Jack Driscoll,27064,T,AUBURN,13,100.0,1,115,72.7,87.0,65.7,0,9,423,100.0,100.0,98.7,6,10,1,894,0,0,0,894,443,443,0,893,451,1
Grant Gibson,57005,C,NC STATE,12,100.0,1,248,68.9,65.2,73.0,1,11,512,100.0,100.0,98.6,6,13,1,894,894,0,0,894,535,535,0,0,359,0
Marquel Harrell,37373,G,AUBURN,13,100.0,1,115,71.3,84.9,69.0,0,6,423,100.0,100.0,99.3,5,6,0,893,0,892,0,893,443,443,0,0,450,0
Austin Deculus,59821,T,LSU,13,100.0,0,211,66.0,67.6,62.4,4,25,539,100.0,100.0,96.8,2,32,3,893,0,0,0,893,558,558,0,893,335,0
Grant Hermanns,40648,T,PURDUE,12,99.9,0,273,64.9,72.4,61.1,5,13,568,100.0,99.8,98.1,6,20,2,892,0,0,889,893,598,599,0,0,294,2
Julian Sams,77500,G,KENT STATE,13,100.0,0,201,67.1,80.4,59.9,0,11,451,100.0,100.0,98.6,0,12,1,892,0,891,0,892,487,487,0,1,405,0
Daishawn Dixon,37289,G,S DIEGO ST,13,100.0,1,284,70.0,79.6,66.2,2,7,423,100.0,100.0,98.9,3,9,0,890,0,889,0,890,439,439,0,0,451,0
Matt Hennessy,41141,C,TEMPLE,12,100.0,0,306,87.7,81.4,89.2,1,4,470,100.0,100.0,99.5,5,5,0,889,889,0,0,889,494,494,0,0,395,0
Marquice Robinson,81639,T,FAU,14,100.0,1,165,56.1,67.7,47.9,4,13,468,100.0,100.0,97.5,1,20,3,889,0,0,0,889,498,498,0,889,391,0
D'Ante Smith,41497,T,E CAROLINA,12,100.0,2,156,71.0,75.0,68.8,2,18,456,100.0,100.0,97.1,7,23,3,889,0,0,889,889,491,491,0,0,398,0
David Murray,81885,G,UCLA,12,100.0,0,324,58.0,72.7,54.2,0,13,500,100.0,100.0,98.1,6,16,3,888,0,0,0,888,516,516,888,0,372,0
Cordel Iwuagwu,46201,G,TCU,12,100.0,1,305,64.6,75.8,60.6,6,6,466,100.0,100.0,97.6,3,17,5,887,0,887,0,887,486,486,0,0,401,0
Trace Clopton,81843,C,SO MISS,13,100.0,0,296,54.9,64.4,54.2,5,15,484,100.0,100.0,97.5,10,22,2,887,885,2,0,887,504,504,0,0,383,0
Matthew Cindric,81604,G,CAL,13,100.0,1,130,60.8,59.1,63.0,3,19,482,100.0,100.0,96.9,7,26,4,884,184,700,0,884,515,515,0,0,369,0
Tyler Haycraft,36621,T,LOUISVILLE,13,99.7,0,210,62.3,62.0,69.6,4,10,389,99.2,99.3,97.4,13,17,3,884,0,0,0,887,408,411,0,863,476,23
Drake Dorbeck,37286,T,SO MISS,13,100.0,1,296,81.3,85.6,76.7,2,9,485,100.0,100.0,98.7,6,12,1,882,0,0,870,882,505,505,0,6,377,6
Cain Madden,41602,G,MARSHALL,13,100.0,0,214,75.9,79.0,74.2,1,7,397,100.0,100.0,98.5,1,10,2,881,0,0,0,881,429,429,879,0,452,0
Arvin Fletcher,41722,G,SO MISS,13,100.0,1,296,64.2,68.2,59.9,6,17,485,100.0,100.0,97.2,1,25,2,881,3,640,0,881,505,505,49,186,376,3
Joshua Fedd-Jackson,60812,G,NC STATE,12,100.0,1,248,78.0,74.4,80.3,1,12,506,100.0,100.0,98.3,4,15,2,881,0,0,0,881,529,529,881,0,352,0
William Dunkle,81815,G,S DIEGO ST,13,100.0,0,284,73.8,83.4,70.3,3,7,418,100.0,100.0,98.8,4,10,0,880,0,0,0,880,435,435,879,0,445,1
Bobby Reynolds,39584,C,LA MONROE,12,100.0,0,209,67.5,79.7,65.6,0,9,444,100.0,100.0,99.0,8,9,0,879,879,0,0,879,465,465,0,0,414,0
Jake Curhan,38549,T,CAL,13,100.0,0,130,80.0,81.3,75.3,3,10,478,100.0,100.0,98.2,4,15,2,878,0,0,0,878,511,511,4,873,367,1
John Phillips,39364,G,BOSTON COL,12,100.0,0,121,73.4,86.5,70.0,0,6,303,100.0,100.0,98.7,2,7,1,878,0,0,0,878,317,317,874,0,561,0
Scottie Dill,36231,T,MEMPHIS,13,100.0,1,218,73.9,72.7,71.4,2,10,408,100.0,100.0,98.0,8,14,2,877,0,0,0,877,433,433,0,877,444,0
Donell Stanley,46747,C,S CAROLINA,12,100.0,0,289,66.7,82.0,58.5,0,3,512,100.0,100.0,99.5,2,4,1,877,813,64,0,877,535,535,0,0,342,0
Dakota Davis,60104,G,SYRACUSE,12,100.0,1,304,61.0,81.4,55.7,0,10,497,100.0,100.0,98.4,7,13,3,877,0,0,0,877,519,519,877,0,358,0
Johnny Wilson,45581,C,OKLA STATE,12,100.0,2,262,63.8,64.3,63.0,2,6,393,100.0,100.0,98.7,5,9,1,876,802,0,0,876,421,421,72,0,455,0
Cohl Cabral,12740,C,ARIZONA ST,13,100.0,1,110,63.5,62.2,64.7,2,12,486,100.0,100.0,98.4,5,15,1,875,736,0,137,875,515,515,0,0,360,2
Manuel Orona-Lopez,77414,G,MEMPHIS,14,99.9,0,218,69.1,69.2,70.4,2,11,432,100.0,99.8,98.0,5,15,2,875,40,0,0,876,456,457,833,0,419,3
Trey Hill,81653,C,GEORGIA,14,100.0,1,173,73.8,80.2,70.7,1,0,405,100.0,100.0,99.6,4,2,1,874,873,0,0,874,433,433,0,0,441,0
Robert Valencia,60221,G,WASH STATE,13,100.0,0,341,67.5,73.0,63.3,2,15,692,100.0,100.0,98.3,1,20,3,873,0,872,0,873,726,726,0,0,147,0
Steven Nielsen,26265,T,E MICHIGAN,13,100.0,1,160,70.5,73.3,70.4,4,19,506,100.0,100.0,97.5,6,24,1,873,0,0,863,873,541,541,0,9,332,1
Aaron Frost,82350,G,NEVADA,13,99.9,2,239,55.9,61.1,60.5,2,25,526,99.8,99.8,97.1,16,29,2,872,0,0,0,873,552,553,872,0,320,1
Luke Wattenberg,41024,G,WASHINGTON,13,100.0,0,340,67.3,75.3,65.2,2,15,435,100.0,100.0,97.8,6,18,1,871,0,871,0,871,455,455,0,0,416,0
Jovahn Fair,46125,G,TEMPLE,13,100.0,1,306,70.3,87.0,66.9,1,6,454,100.0,100.0,99.0,5,8,1,871,0,871,0,871,479,479,0,0,392,0
Jared Thomas,36609,C,NWESTERN,12,100.0,0,256,63.2,77.6,57.9,2,5,366,100.0,100.0,99.0,1,7,0,870,870,0,0,870,397,397,0,0,473,0
Donovan Laie,81553,T,ARIZONA,12,100.0,2,109,64.6,71.5,56.3,3,17,500,100.0,100.0,97.4,3,23,3,870,0,58,812,870,523,523,0,0,347,0
Will Sherman,59662,T,COLORADO,12,100.0,0,143,62.5,74.2,59.3,1,11,450,100.0,100.0,98.2,12,14,2,870,0,0,5,870,477,477,0,865,393,0
Braeden Daniels,81891,G,UTAH,14,100.0,2,328,56.1,45.2,59.7,2,20,379,100.0,100.0,96.3,7,25,3,870,0,864,6,870,401,401,0,0,469,0
Cole Van Lanen,41583,T,WISCONSIN,13,100.0,0,349,72.6,65.3,74.0,4,6,358,100.0,100.0,97.2,5,15,5,869,0,0,869,869,371,371,0,0,498,0
Jake Burton,43915,T,UCLA,12,100.0,1,324,79.3,78.8,78.4,0,13,482,100.0,100.0,97.8,6,17,4,868,0,0,6,868,499,499,0,862,369,0
Nick Buchanan,36857,C,FLORIDA,13,100.0,0,163,58.0,61.2,54.4,2,12,496,100.0,100.0,98.2,1,16,2,868,868,0,0,868,533,533,0,0,335,0
Stone Forsythe,41795,T,FLORIDA,13,100.0,1,163,70.4,69.7,69.2,4,13,496,100.0,100.0,97.7,7,20,3,868,0,1,779,868,533,533,0,88,335,0
Sean Rhyan,72009,T,UCLA,12,99.9,0,324,57.6,54.6,59.5,6,30,499,99.8,99.8,96.2,4,37,1,868,0,0,855,869,513,514,0,0,355,14
Tim Lynott,26025,C,COLORADO,12,100.0,1,143,59.0,57.3,60.2,2,16,450,100.0,100.0,98.0,7,18,0,867,867,0,0,867,477,477,0,0,390,0
John Molchon,46921,G,BOISE ST,13,100.0,1,120,70.8,85.3,65.7,2,8,478,100.0,100.0,98.7,5,11,1,867,0,641,59,867,496,496,0,167,371,0
Kendrick Green,56642,G,ILLINOIS,13,100.0,3,187,78.9,66.6,83.3,2,15,434,100.0,100.0,97.4,7,20,3,866,115,751,0,866,459,459,0,0,407,0
Alex Palczewski,59738,T,ILLINOIS,13,100.0,3,187,74.1,69.9,76.2,2,16,434,100.0,100.0,97.5,9,20,2,866,0,0,0,866,459,459,0,864,407,2
Richie Petitbon,51663,G,ILLINOIS,13,100.0,0,187,66.9,81.1,62.8,3,7,434,100.0,100.0,98.6,2,11,1,866,0,0,0,866,459,459,866,0,407,0
Charlie Heck,36501,T,N CAROLINA,12,100.0,0,245,69.1,74.1,62.9,1,13,442,100.0,100.0,98.4,2,14,0,865,0,0,864,865,466,466,0,1,399,0
Arlington Hambright,60003,T,COLORADO,12,100.0,1,143,74.7,75.7,76.1,2,11,448,100.0,100.0,98.3,8,14,1,865,0,0,865,865,475,475,0,0,390,0
Mike Van Hoeven,41296,C,E MICHIGAN,13,100.0,0,160,68.1,71.6,65.8,2,10,488,100.0,100.0,98.6,2,13,1,865,865,0,0,865,522,522,0,0,343,0
Carter Warren,60023,T,PITTSBURGH,13,99.5,1,268,42.3,44.8,41.5,5,35,514,99.2,99.3,95.7,3,42,2,865,0,0,754,869,533,537,0,0,332,114
Vederian Lowe,59741,T,ILLINOIS,13,100.0,0,187,73.5,76.9,68.0,5,10,434,100.0,100.0,97.4,3,19,4,865,0,0,863,865,459,459,0,0,406,2
Jared Hilbers,36916,T,WASHINGTON,13,100.0,0,340,81.9,81.5,76.0,3,7,433,100.0,100.0,98.4,1,12,2,865,0,0,70,865,453,453,0,783,412,11
Jalen Allen,36842,G,CHARLOTTE,13,100.0,1,136,63.4,75.4,62.5,2,8,363,100.0,100.0,98.6,8,10,0,864,0,0,0,864,392,392,864,0,472,0
Teven Jenkins,41534,T,OKLA STATE,12,100.0,1,262,85.7,82.3,82.8,0,7,382,100.0,100.0,99.1,4,7,0,864,0,0,224,864,412,412,0,635,452,3
Tyler Linderbaum,82291,C,IOWA,13,100.0,0,192,81.7,80.0,79.8,2,6,440,100.0,100.0,98.9,1,9,1,864,864,0,0,864,464,464,0,0,400,0
Christian Darrisaw,77373,T,VA TECH,13,100.0,0,337,80.3,75.5,78.4,4,10,372,100.0,100.0,97.3,2,17,3,863,0,1,861,863,391,391,0,0,472,1
Hagen Meservy,59986,G,OHIO,13,100.0,0,259,66.3,67.9,65.5,2,15,368,100.0,100.0,96.6,3,21,4,861,0,0,0,861,390,390,857,3,471,0
Brandon Jones,59812,G,LA MONROE,12,100.0,0,209,65.8,61.5,66.4,0,10,433,100.0,100.0,98.8,3,10,0,860,0,268,0,860,454,454,591,0,406,0
Austen Pleasants,37066,T,OHIO,13,99.9,0,259,75.2,60.8,74.9,7,18,367,99.7,99.7,95.5,0,29,4,860,0,0,861,861,389,390,0,0,471,0
O'Cyrus Torrence,102821,G,LA LAFAYET,14,100.0,0,207,72.8,80.5,71.5,0,10,397,100.0,100.0,98.7,4,10,0,859,0,830,0,859,419,419,29,0,440,0
Carson Green,60118,T,TEXAS A&M,13,100.0,0,312,75.9,73.2,76.7,3,17,488,100.0,100.0,97.3,5,23,3,859,0,0,0,859,517,517,0,859,342,0
Dan Moore Jr.,60120,T,TEXAS A&M,13,100.0,3,312,60.3,60.8,62.6,2,21,488,100.0,100.0,97.0,9,26,3,859,0,0,859,859,517,517,0,0,342,0
Creed Humphrey,59996,C,OKLAHOMA,14,100.0,0,261,68.0,61.9,70.7,1,10,420,100.0,100.0,98.7,6,11,0,858,858,0,0,858,436,436,0,0,422,0
Marques Grimes,37176,T,OHIO,13,100.0,0,259,80.9,75.0,77.9,2,10,368,100.0,100.0,97.8,0,14,2,858,0,0,0,858,390,390,1,857,468,0
Luke Doerger,41758,C,TOLEDO,12,100.0,0,316,71.3,67.3,72.3,4,10,407,100.0,100.0,97.5,4,17,3,857,856,0,0,857,426,426,0,0,431,0
Nick Ford,60183,G,UTAH,14,100.0,0,328,64.0,56.9,68.2,3,16,381,100.0,100.0,96.7,12,22,3,857,0,0,0,857,403,403,738,119,454,0
Julian Good-Jones,36624,T,IOWA STATE,12,100.0,1,193,67.0,65.0,66.0,7,20,497,100.0,100.0,97.3,3,27,0,857,0,0,856,857,527,527,0,0,330,0
Corey Gaynor,59844,C,MIAMI FL,13,100.0,2,220,62.1,74.2,57.0,5,11,525,100.0,100.0,97.7,6,20,4,857,857,0,0,857,551,551,0,0,306,0
Dylan Parham,60953,G,MEMPHIS,14,100.0,1,218,70.5,68.1,70.8,1,19,428,100.0,100.0,96.5,5,25,5,857,0,856,0,857,452,452,0,1,405,0
Adam Gregoire,40748,T,KENT STATE,13,99.8,2,201,53.9,47.6,56.4,1,21,421,99.5,99.6,95.2,9,31,9,856,0,0,0,858,454,456,36,820,402,0
Miles Beach,41233,T,NEVADA,13,100.0,2,239,51.2,57.7,49.6,5,26,513,100.0,100.0,96.2,7,35,4,856,0,246,604,856,540,540,0,1,316,5
Tristan Wirfs,64818,T,IOWA,13,100.0,1,192,92.3,88.7,91.8,2,3,436,100.0,100.0,99.0,3,7,2,855,0,0,160,855,461,461,0,694,394,0
Chris Glaser,62780,G,VIRGINIA,14,100.0,1,335,66.4,50.9,71.8,9,17,527,100.0,100.0,96.8,3,30,4,855,2,6,0,855,555,555,846,0,300,0
Sosaia Mose,59947,C,N TEXAS,12,100.0,1,251,43.0,18.9,56.6,2,14,492,100.0,100.0,97.4,3,21,5,855,855,0,0,855,512,512,0,0,343,0
Thayer Munford Jr.,59994,T,OHIO STATE,14,100.0,1,260,76.9,67.2,78.1,1,14,399,100.0,100.0,96.9,6,20,5,855,0,0,855,855,423,423,0,0,432,0
Cameron Bell,39228,T,TOLEDO,12,100.0,2,316,55.1,52.7,54.8,6,24,406,100.0,100.0,95.3,4,34,4,855,0,0,89,855,425,425,0,762,430,3
Alex Losoya,40839,G,ARIZONA ST,13,100.0,1,110,49.6,52.8,49.5,4,19,474,100.0,100.0,96.9,8,26,3,855,0,854,0,855,502,502,1,0,353,0
Jarrett Patterson,81775,C,NOTRE DAME,13,100.0,0,258,73.9,76.0,73.2,2,5,472,100.0,100.0,99.3,5,7,0,854,854,0,0,854,497,497,0,0,357,0
Matt Farniok,41585,T,NEBRASKA,12,100.0,1,238,68.0,58.9,70.8,0,23,395,100.0,100.0,95.8,5,28,5,853,0,0,3,853,406,406,0,849,447,0
Blaise Andries,55233,G,MINNESOTA,13,100.0,0,225,60.2,36.1,64.5,6,10,351,100.0,100.0,97.2,3,18,2,852,0,562,56,852,375,375,0,232,477,1
Jason Erdmann,38609,G,WISCONSIN,13,100.0,0,349,72.7,60.8,74.4,7,7,338,100.0,100.0,97.9,4,14,0,852,14,188,0,852,350,350,641,0,502,0
Ben Brown,59869,G,OLE MISS,12,100.0,1,226,65.6,75.7,62.6,2,1,366,100.0,100.3,99.3,2,4,1,852,97,0,0,852,390,389,755,0,462,0
Tre'Vour Wallace-Simms,41855,G,MISSOURI,12,100.0,2,229,62.4,75.7,59.5,1,8,436,100.0,100.0,98.5,7,11,2,851,0,538,0,851,465,465,313,0,386,0
Trystan Colon,41117,C,MISSOURI,12,100.0,0,229,69.4,84.3,61.6,1,4,436,100.0,100.0,99.0,3,7,2,851,851,0,0,851,465,465,0,0,386,0
Kyle Stapley,81761,C,NEW MEXICO,12,100.0,0,241,64.5,82.1,60.2,1,3,374,100.0,100.0,98.9,5,6,2,851,850,0,0,851,406,406,0,0,445,0
Logan Bruss,60251,T,WISCONSIN,13,100.0,0,349,74.9,63.7,75.2,6,9,333,100.0,100.0,97.4,1,16,1,851,0,0,0,851,344,344,23,828,507,0
Jalen Mayfield,81725,T,MICHIGAN,13,100.0,0,222,70.2,68.8,69.3,3,23,424,100.0,100.0,96.7,3,27,1,851,0,0,0,851,458,458,0,851,393,0
Nate Warnock,59783,C,KENT STATE,13,100.0,0,201,62.5,68.5,62.9,1,7,412,100.0,100.0,98.8,8,9,1,850,849,0,1,850,445,445,0,0,405,0
DJ Scaife Jr.,77378,T,MIAMI FL,13,100.0,0,220,67.3,70.2,66.1,2,18,521,100.0,100.0,97.5,7,23,3,849,0,0,0,849,547,547,100,737,302,11
Barry Wesley,52018,T,COLO STATE,12,100.0,1,144,77.2,77.4,77.6,3,17,486,100.0,100.0,97.5,3,22,2,849,0,358,3,849,510,510,15,466,339,7
T.J. Storment,41643,T,COLO STATE,12,100.0,3,144,64.7,80.4,55.6,5,8,485,100.0,100.0,98.0,7,16,3,849,0,5,842,849,510,510,2,0,339,0
Colton Prater,46078,C,TEXAS A&M,13,100.0,0,312,58.5,50.4,63.6,6,15,480,100.0,100.0,97.0,7,25,4,848,848,0,0,848,509,509,0,0,339,0
Morgan James,51639,G,CINCINNATI,12,100.0,0,138,66.1,75.9,62.5,1,5,386,100.0,100.0,99.2,2,6,0,848,0,0,0,848,404,404,848,0,444,0
Alfred Edwards III,60190,T,UTAH ST,12,100.0,1,329,60.8,62.9,57.5,4,22,491,100.0,100.0,97.1,5,27,1,848,0,0,836,848,516,516,0,0,332,12
Marquis Hayes,60000,G,OKLAHOMA,13,100.0,1,261,61.1,80.2,58.0,0,10,410,100.0,100.0,98.8,8,10,0,848,0,848,0,848,424,424,0,0,424,0
Jack Snyder,41119,T,S JOSE ST,12,99.9,0,285,77.0,72.7,74.1,7,14,526,99.8,99.8,97.4,1,24,3,848,0,0,848,849,561,562,0,0,287,1
Kevin Dotson,46735,G,LA LAFAYET,14,100.0,2,207,92.1,85.2,92.3,0,2,391,100.0,100.0,99.5,3,3,1,847,0,0,0,847,411,411,847,0,436,0
Jalen McKenzie,60817,G,USC,13,100.0,1,326,60.1,68.8,58.3,5,10,515,100.0,100.0,98.0,6,18,3,847,0,0,0,847,541,541,690,157,306,0
Nik Urban,41887,G,NWESTERN,12,100.0,0,256,61.4,62.6,59.6,4,7,361,100.0,100.0,97.9,1,13,2,847,0,847,0,847,391,391,0,0,456,0
Cameron Clark,46229,T,CHARLOTTE,13,100.0,4,136,79.1,78.3,78.6,1,4,354,100.0,100.0,99.3,8,5,0,845,0,0,843,845,384,384,0,0,461,1
Liam Eichenberg,41851,T,NOTRE DAME,13,100.0,1,258,80.5,85.6,78.8,3,9,471,100.0,100.0,98.7,10,12,0,845,0,0,842,845,496,496,0,0,349,3
Aaron Banks,59983,G,NOTRE DAME,13,100.0,1,258,73.1,82.1,70.4,1,6,471,100.0,100.0,98.8,3,9,2,844,0,832,12,844,496,496,0,0,348,0
Keegan Cryder,57110,C,WYOMING,13,100.0,1,351,63.4,57.9,63.0,2,5,312,100.0,100.0,98.2,1,9,2,844,844,0,0,844,328,328,0,0,516,0
Dohnovan West,100546,G,ARIZONA ST,13,100.0,0,110,69.2,72.9,66.5,3,10,474,100.0,100.0,97.4,1,19,6,844,139,0,0,844,500,500,704,1,344,0
Quinn Oseland,36914,T,S JOSE ST,12,100.0,1,285,55.2,56.7,56.5,8,14,524,100.0,100.0,97.1,8,26,4,844,0,0,0,844,559,559,0,841,285,3
Trey Carter,54494,G,COAST CAR,12,100.0,0,141,64.0,66.7,62.5,2,5,375,100.0,100.0,99.1,4,7,0,843,143,0,0,843,400,400,700,0,443,0
Brenden Jaimes,59909,T,NEBRASKA,12,100.0,1,238,72.3,88.1,63.0,0,7,391,100.0,100.0,98.6,3,9,2,842,0,0,834,842,402,402,0,0,440,8
Drake Jackson,40872,C,KENTUCKY,13,100.0,2,202,78.0,76.2,78.7,1,5,297,100.0,100.0,98.7,7,7,1,842,842,0,0,842,321,321,0,0,521,0
Trevor Downing,77472,G,IOWA STATE,13,100.0,0,193,59.8,69.2,59.8,4,18,499,100.0,100.0,97.4,7,24,2,841,0,837,0,841,528,528,4,0,313,0
Troy Kowalski,46352,G,S JOSE ST,12,100.0,0,285,64.3,74.1,57.5,5,5,526,100.0,100.0,98.9,1,11,1,840,0,840,0,840,561,561,0,0,279,0
Eric Quevedo,37108,G,BOISE ST,12,100.0,2,120,63.3,62.1,63.9,13,11,451,100.0,100.0,97.3,4,24,0,840,0,0,0,840,470,470,840,0,370,0
Zion Nelson,98239,T,MIAMI FL,13,100.0,2,220,51.4,46.8,51.2,4,22,511,100.0,100.0,95.1,2,38,12,840,0,0,839,840,536,536,0,0,304,1
Blake Brandel,46282,T,OREGON ST,12,100.0,0,265,90.0,93.1,82.5,0,4,454,100.0,100.0,99.3,1,5,1,839,0,0,839,839,473,473,0,0,366,0
Chris Ferguson,31490,G,CINCINNATI,12,100.0,2,138,55.3,38.5,58.3,2,20,373,100.0,100.0,96.2,4,25,3,839,0,479,253,839,392,392,0,107,447,0
Sam Gerak,59970,G,NWESTERN,12,100.0,0,256,61.2,57.3,62.1,3,11,354,100.0,100.0,97.2,4,17,3,838,0,23,0,838,385,385,815,0,453,0
Jordan Steckler,39044,T,N ILLINOIS,12,100.0,0,254,81.1,90.5,71.9,2,4,417,100.0,100.0,99.3,3,6,0,836,0,0,0,836,434,434,5,831,402,0
Ryan Van Demark,55113,T,UCONN,12,100.0,0,146,68.1,70.8,62.2,3,21,435,100.0,100.0,96.3,3,28,4,836,0,0,834,836,454,454,0,0,382,0
Sidy Sow,59675,G,E MICHIGAN,12,100.0,0,160,65.9,69.1,63.4,2,16,477,100.0,100.0,98.1,2,18,0,836,0,790,46,836,509,509,0,0,327,0
Christian Haynes,77339,G,UCONN,12,100.0,1,146,66.6,65.3,69.0,2,14,436,100.0,100.0,97.0,7,21,5,835,0,0,0,835,455,455,835,0,380,0
Caleb Chandler,59814,G,LOUISVILLE,13,100.0,1,210,64.4,76.9,63.2,0,10,371,100.0,100.0,97.8,6,13,3,835,0,835,0,835,390,390,0,0,445,0
Derek Downs,58536,T,BOWL GREEN,12,100.0,3,122,64.4,64.4,64.6,2,14,374,100.0,100.0,97.6,5,17,1,834,0,0,0,834,389,389,0,833,445,0
Cam Jurgens,84014,C,NEBRASKA,12,100.0,1,238,44.1,46.1,43.9,1,13,389,100.0,100.0,98.2,3,14,0,834,834,0,0,834,400,400,0,0,434,0
Jack Kramer,37006,C,BOWL GREEN,12,100.0,1,122,68.8,75.2,69.2,3,3,374,100.0,100.0,98.9,6,7,1,833,832,0,0,833,389,389,0,0,444,0
Tristan Crowder,46149,G,TROY,11,100.0,0,318,67.3,76.7,61.8,5,11,500,100.0,100.0,98.0,0,18,2,833,0,0,1,833,535,535,831,0,298,0
Michal Menet,41448,C,PENN STATE,13,100.0,1,266,78.3,68.0,81.5,2,10,413,100.0,100.0,97.8,4,15,3,832,832,0,0,832,435,435,0,0,397,0
Branden Bowen,28023,T,OHIO STATE,13,100.0,0,260,75.7,72.7,74.1,4,10,395,100.0,100.0,97.7,2,16,2,832,0,0,0,832,419,419,3,829,413,0
Boss Tagaloa,44428,C,UCLA,12,100.0,0,324,60.2,49.7,64.2,2,28,466,100.0,100.0,96.4,5,32,2,832,832,0,0,832,479,479,0,0,353,0
Manase Mose,59950,G,N TEXAS,12,100.0,1,251,62.4,59.6,62.3,2,17,480,100.0,100.0,97.8,2,20,1,831,0,0,0,831,500,500,831,0,331,0
Sadarius Hutcherson,41336,T,S CAROLINA,12,99.2,2,289,61.2,60.5,63.0,6,11,473,98.5,98.6,97.8,8,19,2,831,0,52,748,838,494,501,0,0,337,35
Clay Cordasco,52126,G,OREGON ST,12,100.0,1,265,65.4,64.3,66.2,1,9,448,100.0,100.0,98.0,5,14,4,831,0,0,0,831,466,466,831,0,365,0
Mike Horton,25577,G,AUBURN,12,100.0,1,115,61.1,77.1,55.6,1,7,398,100.0,100.0,98.5,3,10,2,831,0,1,0,831,417,417,830,0,414,0
Willie Allen,41910,T,LA TECH,13,100.0,2,208,66.1,72.1,59.3,1,14,466,100.0,100.0,98.0,8,17,2,831,0,0,822,831,496,496,0,1,335,8
Nathan Monnin,60930,G,KENT STATE,13,99.9,0,201,64.7,74.0,63.4,0,4,409,100.0,99.8,99.0,4,6,2,830,0,0,0,831,444,445,830,0,386,1
Sid Acosta,60177,C,UNLV,12,100.0,0,325,73.0,73.3,71.1,1,4,428,100.0,100.0,98.7,1,8,3,830,830,0,0,830,444,444,0,0,386,0
Tremayne Anchrum Jr.,41813,T,CLEMSON,15,100.0,1,140,71.4,77.7,67.2,3,8,439,100.0,100.0,98.5,4,12,1,829,0,0,0,829,471,471,0,829,358,0
Ford Higgins,41067,C,NAVY,13,100.0,0,237,73.0,47.4,76.2,0,5,167,100.0,100.0,97.9,5,6,1,829,829,0,0,829,178,178,0,0,651,0
Josh Dunlop,60821,T,UTSA,12,100.0,1,331,73.2,79.7,66.4,3,8,453,100.0,100.0,98.6,3,12,1,829,0,0,0,829,468,468,0,826,361,0
Ahofitu Maka,100803,C,UTSA,12,100.0,2,331,61.5,39.1,69.2,1,22,454,100.0,100.0,97.0,7,25,2,828,828,0,0,828,467,467,0,0,361,0
Will Fries,41530,T,PENN STATE,13,100.0,3,266,68.4,65.7,68.6,3,15,406,100.0,100.0,96.8,6,22,4,827,0,0,0,827,427,427,0,827,400,0
Prince Tega Wanogho,44820,T,AUBURN,12,99.5,0,115,77.3,76.4,74.8,3,11,399,99.0,99.1,98.2,2,14,0,826,0,0,760,830,419,423,0,0,407,68
Colby Ragland,81872,T,UAB,13,100.0,0,321,53.3,51.2,52.8,4,21,333,100.0,100.0,95.6,2,27,2,826,0,0,824,826,348,348,0,0,478,1
Jared Hocker,60121,G,TEXAS A&M,13,100.0,0,312,70.7,64.4,73.2,3,16,467,100.0,100.0,97.3,2,22,3,826,0,826,0,826,495,495,0,0,331,0
Hunter Littlejohn,36901,C,INDIANA,12,100.0,1,190,61.2,76.2,52.9,1,11,467,100.0,100.0,98.3,2,14,2,825,825,0,0,825,502,502,0,0,323,0
Justin Polu,28976,T,UNLV,12,100.0,0,325,65.4,66.0,62.3,1,13,423,100.0,100.0,97.4,2,18,4,824,0,0,0,824,439,439,392,432,385,0
Tony Barnett,37068,G,DOMINION,12,100.0,0,263,53.5,47.2,52.0,4,17,482,100.0,100.0,97.6,1,22,1,823,0,823,0,823,504,504,0,0,319,0
Steven Gonzalez,28270,G,PENN STATE,13,100.0,0,266,75.5,72.6,76.4,1,8,409,100.0,100.0,98.7,2,10,1,822,0,822,0,822,430,430,0,0,392,0
Tyre Phillips,59874,T,MISS STATE,13,100.0,3,227,79.4,78.2,77.4,1,12,383,100.0,100.0,97.8,8,15,2,821,0,2,818,821,398,398,0,0,423,0
Boe Wilson,41394,G,NEBRASKA,12,100.0,0,238,54.8,71.0,51.0,2,8,384,100.0,100.0,97.9,3,13,3,821,0,0,0,821,395,395,821,0,426,0
Marcus McKethan,60811,G,N CAROLINA,12,100.0,0,245,59.9,77.2,55.1,3,8,419,100.0,100.0,98.4,4,12,1,821,0,0,0,821,441,441,821,0,380,0
Drew Dalman,52270,C,STANFORD,12,100.0,1,300,74.8,74.0,75.7,1,9,499,100.0,100.0,99.0,4,10,0,820,820,0,0,820,526,526,0,0,294,0
Jovaughn Gwyn,81839,G,S CAROLINA,11,100.0,0,289,63.8,74.3,59.9,2,6,477,100.0,100.0,99.0,2,9,1,819,0,0,0,819,497,497,818,0,322,0
Teton Saltes,42581,T,NEW MEXICO,12,100.0,1,241,72.0,71.3,70.7,1,12,360,100.0,100.0,97.4,5,16,3,819,0,0,0,819,390,390,0,819,429,0
Nolan Laufenberg,81539,G,AIR FORCE,13,100.0,0,101,82.3,60.7,81.1,1,8,129,100.0,100.0,96.5,2,9,0,818,0,716,0,818,141,141,102,0,677,0
Larnel Coleman,44146,T,UMASS,12,100.0,2,216,66.0,63.8,69.3,5,14,429,100.0,100.0,97.1,8,22,3,818,0,0,817,818,447,447,0,1,371,0
Brandon Kipper,52054,T,OREGON ST,12,100.0,3,265,69.6,70.6,73.7,5,16,439,100.0,100.0,97.4,13,22,1,818,0,0,8,818,456,456,0,809,362,0
Parker Boudreaux,41112,G,UCF,13,100.0,2,323,64.0,78.3,61.0,1,4,383,100.0,100.0,99.3,9,5,0,818,0,0,0,818,406,406,818,0,412,0
Paul Nosworthy,36547,G,BUFFALO,13,100.0,0,126,73.2,73.3,72.2,2,6,263,100.0,100.0,98.5,3,8,0,818,0,818,0,818,272,272,0,0,546,0
Nolan Ulizio,27360,T,PITTSBURGH,13,99.9,0,268,58.3,74.8,51.0,1,20,494,99.8,99.8,97.3,9,24,3,818,0,0,0,819,516,517,0,783,302,35
Andrew Thomas,59701,T,GEORGIA,13,100.0,1,173,92.7,89.0,91.7,0,8,382,100.0,100.0,98.7,2,9,1,817,0,0,816,817,410,410,0,0,407,1
Austin Stidham,60135,T,TROY,12,100.0,0,318,70.7,68.6,69.0,5,25,502,100.0,100.0,96.6,3,32,2,817,0,0,812,817,535,535,0,3,282,2
Darrin Paulo,37405,T,UTAH,14,100.0,0,328,66.2,79.0,59.2,1,8,369,100.0,100.0,98.0,3,12,3,817,0,0,815,817,390,390,0,0,427,1
Scott Hattok,58457,T,AIR FORCE,13,99.8,0,101,90.5,83.8,88.4,1,1,128,98.5,98.6,99.2,3,2,0,816,0,0,0,818,140,142,0,653,676,165
Brandon Kennedy,46813,C,TENNESSEE,13,100.0,0,307,59.9,53.2,62.2,4,9,407,100.0,100.0,97.9,4,15,2,815,815,0,0,815,432,432,0,0,383,0
Anthony McKinney,77581,T,TCU,11,100.0,2,305,63.4,73.7,58.0,8,17,414,100.0,100.0,96.3,7,28,3,815,0,0,812,815,432,432,0,0,383,3
Rudy Stofer,57111,T,WYOMING,13,100.0,1,351,56.3,54.9,57.8,5,20,299,100.0,100.0,94.8,6,28,3,815,0,0,811,815,314,314,0,0,501,4
Kelby Wickline,36313,T,W VIRGINIA,12,100.0,0,343,64.6,79.0,53.5,3,17,491,100.0,100.0,97.6,4,22,2,815,0,0,0,815,515,515,8,806,300,0
Adrian Magee,37336,G,LSU,15,100.0,0,211,71.7,70.9,74.7,1,16,500,100.0,100.0,97.7,6,20,3,815,0,606,131,815,519,519,68,10,296,0
Trent Hixson,59905,G,NEBRASKA,12,100.0,0,238,61.5,70.0,58.1,3,6,377,100.0,100.0,98.0,1,12,3,815,0,784,0,815,387,387,31,0,428,0
Peter Nestrowitz,57103,G,NAVY,13,100.0,1,237,72.8,64.0,72.5,1,6,163,100.0,100.0,97.2,4,8,1,814,0,0,0,814,174,174,814,0,640,0
Rakavius Chambers,57099,G,DUKE,12,100.0,2,154,59.2,59.2,60.9,4,9,410,100.0,100.0,98.2,5,14,1,814,0,0,0,814,427,427,814,0,387,0
Cole Spencer,60236,T,W KENTUCKY,13,100.0,0,346,81.8,87.4,72.9,3,6,452,100.0,100.0,99.0,0,9,0,813,0,0,812,813,468,468,0,0,345,0
Nick Rosi,77511,G,TOLEDO,12,100.0,3,316,80.9,83.9,78.6,1,7,392,100.0,100.0,98.7,4,9,1,813,0,812,0,813,410,410,0,0,403,0
Jacob Shoemaker,98656,T,S ALABAMA,12,100.0,2,288,51.6,52.0,49.6,4,15,356,100.0,100.0,96.2,2,23,4,813,0,0,810,813,383,383,0,0,430,0
Lorenz Metz,77486,T,CINCINNATI,13,100.0,4,138,49.8,38.1,68.3,2,19,371,100.0,100.0,96.4,18,24,3,811,0,0,98,811,389,389,0,713,422,0
Eli Johnson,40824,C,OLE MISS,12,100.0,1,226,50.9,57.8,48.7,3,9,358,100.0,100.3,98.0,3,13,1,811,811,0,0,811,378,377,0,0,433,0
Jacob Still,41563,C,ARK STATE,11,100.0,0,113,47.2,41.9,49.2,3,14,445,100.0,100.0,96.7,4,23,6,810,810,0,0,810,476,476,0,0,334,0
Nick Kaltmayer,36985,T,KANSAS ST,13,100.0,0,199,74.3,81.0,68.2,1,9,360,100.0,100.0,97.5,4,14,4,810,0,0,12,810,376,376,0,798,434,0
Adam Holtorf,36660,C,KANSAS ST,13,100.0,0,199,65.2,67.0,64.6,2,12,360,100.0,100.0,97.8,4,15,1,810,810,0,0,810,376,376,0,0,434,0
Brian Ankerson,41827,C,S ALABAMA,12,100.0,0,288,61.0,59.4,61.5,0,11,355,100.0,100.0,97.9,4,13,2,809,809,0,0,809,381,381,0,0,428,0
Tyler Mitchell,26880,G,KANSAS ST,13,100.0,0,199,70.1,86.0,66.9,1,8,360,100.0,100.0,98.7,4,9,0,809,0,0,0,809,376,376,797,12,433,0
Colton McKivitz,29314,T,W VIRGINIA,12,100.0,0,343,76.3,82.5,68.5,3,11,489,100.0,100.0,98.4,3,15,1,808,0,0,799,808,513,513,0,0,295,8
Simi Moala,81892,T,UTAH,14,100.0,3,328,50.8,42.9,54.5,4,30,362,100.0,100.0,94.5,5,37,3,808,0,0,78,808,382,382,0,730,426,0
Max Mitchell,81707,T,LA LAFAYET,14,100.0,0,207,81.9,79.1,80.2,4,9,370,100.0,100.0,97.7,2,15,2,807,0,83,314,807,385,385,0,394,422,16
Zion Johnson,99681,G,BOSTON COL,13,100.0,0,121,71.4,72.5,69.1,1,7,279,100.0,100.0,98.6,1,8,0,805,0,794,7,805,295,295,0,0,510,0
David Forney,40791,G,NAVY,13,100.0,0,237,65.9,47.2,67.2,1,11,163,100.0,100.0,96.3,4,12,0,804,0,804,0,804,174,174,0,0,630,0
Junior Angilau,77465,G,TEXAS,12,100.0,1,311,68.0,77.5,65.7,2,9,476,100.0,100.0,98.2,5,14,3,801,0,0,0,801,501,501,801,0,300,0
Bobby DeHaro,60194,G,UTEP,12,100.0,0,330,70.2,73.9,68.1,0,4,381,100.0,100.0,98.4,1,8,4,800,0,800,0,800,414,414,0,0,386,0
Jackson Carman,52575,T,CLEMSON,15,100.0,2,140,74.2,75.9,73.6,3,10,427,100.0,100.0,98.2,7,14,1,800,0,0,800,800,457,457,0,0,343,0
Scott Frantz,26882,T,KANSAS ST,13,100.0,0,199,67.7,79.0,63.3,2,12,354,100.0,100.0,97.2,5,17,3,798,0,0,798,798,370,370,0,0,428,0
Hakeem Adeniji,45419,T,KANSAS,12,100.0,2,198,66.7,72.7,62.1,1,5,426,100.0,100.0,98.6,5,9,3,798,0,0,786,798,450,450,0,0,348,12
Scott Brooks,52046,C,COLO STATE,12,100.0,0,144,42.8,58.0,38.3,3,13,454,100.0,100.0,98.0,6,17,1,796,796,0,0,796,477,477,0,0,319,0
Kayode Awosika,44909,T,BUFFALO,11,99.9,1,126,81.7,78.4,79.1,0,6,259,99.6,99.6,97.7,3,9,3,796,0,0,0,797,271,272,0,762,525,34
Keyshawn McLeod,36440,T,TULANE,13,100.0,1,319,64.6,61.1,64.5,3,16,350,100.0,100.0,96.7,10,21,2,796,0,0,0,796,361,361,41,755,435,0
Trey Adams,46310,T,WASHINGTON,12,100.0,0,340,70.1,71.3,70.0,5,10,396,100.0,100.0,97.3,6,18,3,795,0,0,784,795,415,415,0,0,380,10
Madison Akamnonu,46971,G,TEXAS TECH,12,100.0,1,315,59.6,64.2,57.8,6,14,485,100.0,100.0,97.7,3,21,1,795,0,793,0,795,509,509,0,0,286,0
Alex Givens,46844,T,OLE MISS,12,100.0,0,226,67.6,51.8,70.9,1,14,353,100.0,100.3,97.3,3,17,2,793,0,0,0,793,375,374,0,793,418,0
Kyle Hoppe,40461,C,S JOSE ST,12,100.0,0,285,46.7,62.2,42.4,3,14,496,100.0,100.0,98.3,9,17,0,791,791,0,0,791,529,529,0,0,262,0
Dylan Bradshaw,41566,C,TROY,11,100.0,1,318,59.1,72.8,52.9,2,11,480,100.0,100.0,98.4,6,14,1,791,790,0,0,791,511,511,0,0,280,1
McKade Mettauer,100537,G,CAL,13,100.0,1,130,55.0,57.0,55.6,0,21,432,100.0,100.0,96.6,7,25,4,790,0,0,0,790,464,464,786,0,326,4
Brayden Patton,40463,G,N ILLINOIS,12,100.0,0,254,60.1,53.8,61.3,6,8,393,100.0,100.0,97.7,2,16,2,789,213,14,0,789,410,410,562,0,379,0
Trace Ellison,40146,G,LA MONROE,12,99.7,0,209,61.5,60.1,60.3,2,13,400,99.5,99.5,97.4,3,18,3,788,0,590,194,790,420,422,0,0,368,5
Rashawn Slater,59971,T,NWESTERN,11,100.0,1,256,90.0,87.4,89.1,1,4,328,100.0,100.0,99.2,8,5,0,787,0,0,783,787,355,355,0,0,432,4
Kary Kutsch,81622,G,COLORADO,12,100.0,1,143,64.3,65.6,64.3,0,15,411,100.0,100.0,97.7,9,17,2,787,0,787,0,787,436,436,0,0,351,0
Joe Sculthorpe,41846,G,NC STATE,11,100.0,1,248,72.0,67.5,77.0,2,5,450,100.0,100.0,99.0,7,8,1,786,0,786,0,786,473,473,0,0,313,0
Reece Jordan,55554,C,TEXAS ST,12,100.0,0,314,49.2,57.1,43.6,5,8,477,100.0,100.0,98.6,2,13,0,786,786,0,0,786,498,498,0,0,288,0
Cole Schneider,55401,G,UCF,13,100.0,2,323,60.2,63.4,59.4,4,7,389,100.0,100.0,98.3,5,12,1,786,0,785,0,786,410,410,0,0,376,0
Nate Gilliam,25105,G,WAKE,12,100.0,1,339,63.2,79.9,58.5,3,4,386,100.0,100.0,98.8,3,8,1,785,0,0,0,785,405,405,785,0,380,0
Curtis Dunlap Jr.,81729,G,MINNESOTA,12,100.0,1,225,57.5,44.2,58.7,6,15,312,100.0,100.0,96.3,4,22,1,785,0,0,0,785,333,333,785,0,452,0
Chris Ivy Jr.,46974,T,TULSA,11,100.0,1,320,58.6,63.6,55.5,13,12,426,100.0,100.0,96.4,3,28,3,784,0,0,778,784,446,446,0,0,338,6
Treyvion Shannon,81916,T,UTSA,12,100.0,0,331,71.9,75.9,70.5,4,13,418,100.0,100.0,96.8,5,22,5,783,0,0,780,783,432,432,0,0,351,0
Dallas Connell,41663,G,FIU,12,100.0,0,166,74.3,83.1,70.0,0,4,375,100.0,100.0,99.5,1,4,0,783,224,443,0,783,388,388,116,0,395,0
John Ojukwu,58530,T,BOISE ST,11,100.0,0,120,59.8,57.6,58.9,10,16,407,100.0,100.0,95.6,3,31,5,782,0,0,0,782,423,423,0,781,359,1
Aaron Brewer,46014,T,TEXAS ST,12,100.0,0,314,82.0,79.6,83.5,0,13,476,100.0,100.0,98.0,5,16,3,781,0,0,0,781,496,496,1,780,285,0
Nick Leverett,27699,G,RICE,12,100.0,0,275,68.0,63.1,68.2,3,6,380,100.0,100.0,98.6,4,10,1,781,0,770,0,781,407,407,1,0,374,4
Jean Delance,41866,T,FLORIDA,13,100.0,2,163,50.1,54.8,50.2,4,20,446,100.0,100.0,96.2,6,29,5,780,0,0,0,780,482,482,0,780,298,0
Jakai Clark,97645,G,MIAMI FL,12,100.0,1,220,57.0,57.9,56.3,1,20,479,100.0,100.0,97.4,3,23,2,779,13,45,0,779,500,500,721,0,279,0
Matt McCann,46926,G,PURDUE,11,100.0,2,273,60.2,74.2,51.0,2,11,497,100.0,100.0,98.1,3,16,3,778,0,0,2,778,524,524,770,6,254,0
Dillon Reinkensmeyer,39838,T,VIRGINIA,14,100.0,1,335,59.5,57.2,59.7,4,17,487,100.0,100.0,96.6,4,27,6,777,27,0,0,777,516,516,68,681,261,0
Shane McGough,41342,C,FIU,12,100.0,0,166,67.0,72.3,63.9,3,4,357,100.0,100.0,99.0,2,7,0,776,639,134,0,776,371,371,0,0,405,0
Kendel Wright,41197,T,NAVY,13,99.9,0,237,65.0,48.6,66.6,0,11,154,99.4,99.4,95.1,3,13,2,774,0,0,744,775,165,166,0,30,609,1
Matt Peart,46179,T,UCONN,12,100.0,0,146,90.2,86.0,90.3,1,4,397,100.0,100.0,98.9,6,7,2,774,0,0,1,774,415,415,0,773,359,0
Tyler Stevens,52263,G,S JOSE ST,12,100.0,0,285,53.0,43.4,55.8,7,19,478,100.0,100.0,96.9,4,28,2,773,0,0,0,773,511,511,773,0,262,0
Spencer Burford,81920,G,UTSA,12,100.0,0,331,65.7,76.3,61.8,1,10,430,100.0,100.0,98.5,3,12,1,772,0,719,48,772,444,444,0,2,328,0
Derron Gatewood,30523,C,UTEP,12,100.0,0,330,52.6,55.1,50.3,0,8,368,100.0,100.0,98.4,1,10,2,772,772,0,0,772,400,400,0,0,372,0
William Atterbury,46361,G,USF,12,100.0,0,327,63.5,62.0,67.9,0,18,416,100.0,100.0,97.4,7,20,2,772,0,0,112,772,437,437,659,0,335,0
Jedrick Wills Jr.,58467,T,ALABAMA,13,100.0,1,103,88.8,82.6,90.5,4,8,427,100.0,100.0,98.4,6,13,1,770,0,0,0,770,451,451,0,760,319,10
Drew Richmond,46228,T,USC,12,100.0,0,326,56.9,60.4,53.5,3,15,463,100.0,100.0,97.2,4,22,4,770,0,0,0,770,486,486,0,770,284,0
Kyle Spalding,40356,T,S DIEGO ST,12,100.0,0,284,71.3,63.0,75.0,4,23,375,100.0,100.0,96.1,4,28,1,769,0,0,764,769,392,392,0,0,377,4
Isaac Weaver,41945,C,DOMINION,11,100.0,2,263,45.8,61.0,40.1,2,17,446,100.0,100.0,97.4,5,21,2,769,649,0,120,769,466,466,0,0,303,0
Jake Edwards,27717,G,GA SOUTHRN,13,100.0,0,174,56.3,71.6,53.1,1,3,186,100.0,100.0,96.8,0,8,4,768,0,0,0,768,203,203,765,0,565,0
Simon Stepaniak,46773,G,INDIANA,11,100.0,0,190,68.6,70.5,68.3,1,13,426,100.0,100.0,98.1,5,15,1,768,0,86,0,768,458,458,682,0,310,0
Demetris Harris,52295,G,USF,12,100.0,0,327,64.5,80.1,59.4,1,8,414,100.0,100.0,98.4,4,11,2,768,0,767,0,768,435,435,0,0,333,0
Casey Holman,77315,T,DUKE,12,100.0,0,154,62.9,53.9,64.5,2,14,390,100.0,100.0,97.2,2,19,3,768,0,0,768,768,407,407,0,0,361,0
Matt Brayton,41588,G,UNLV,11,100.0,0,325,73.2,73.5,75.2,1,12,415,100.0,100.0,98.2,4,14,1,767,0,585,182,767,429,429,0,0,338,0
Ty Clary,58490,C,ARKANSAS,12,100.0,0,111,69.0,62.3,69.9,2,11,417,100.0,100.0,98.4,2,13,0,767,767,0,0,767,443,443,0,0,324,0
Brett Heggie,41179,G,FLORIDA,12,100.0,1,163,59.3,62.1,57.3,3,11,434,100.0,100.0,97.0,4,20,6,766,0,415,0,766,466,466,351,0,300,0
Danny Godlevske,40471,C,MIAMI OH,13,100.0,0,221,57.7,69.0,54.6,0,6,358,100.0,100.0,98.3,4,9,3,766,766,0,0,766,371,371,0,0,395,0
Jordan Rhodes,60062,G,S CAROLINA,11,100.0,0,289,60.3,58.0,58.3,8,6,447,100.0,100.0,98.2,1,15,1,765,0,764,0,765,467,467,0,0,298,0
Jon Runyan,36661,T,MICHIGAN,11,100.0,0,222,69.4,67.2,66.1,1,13,382,100.0,100.0,97.6,2,16,2,763,0,0,763,763,411,411,0,0,352,0
Brett Neilon,55555,C,USC,11,100.0,0,326,66.1,58.6,67.7,0,20,460,100.0,100.0,97.2,2,23,3,762,762,0,0,762,482,482,0,0,280,0
Brad Cecil,86862,C,USF,12,100.0,0,327,47.9,39.0,52.4,2,27,414,100.0,100.0,95.8,5,32,3,761,760,0,0,761,433,433,0,0,328,0
Nous Keobounnam,41631,C,OREGON ST,12,100.0,0,265,58.8,71.3,52.8,1,10,403,100.0,100.0,97.4,3,16,5,761,761,0,0,761,419,419,0,0,342,0
Gage Cervenka,37119,G,CLEMSON,15,100.0,0,140,69.2,65.3,72.4,3,7,407,100.0,100.0,98.8,6,10,0,760,7,0,0,760,433,433,752,0,327,0
Bryce Petersen,77557,C,AKRON,12,100.0,2,102,43.2,49.8,38.1,0,22,518,100.0,100.0,97.9,6,22,0,760,594,166,0,760,546,546,0,0,214,0
Jacob Monk,98058,T,DUKE,12,100.0,1,154,55.2,37.4,62.9,3,10,381,100.0,100.0,96.5,3,20,7,759,0,0,0,759,399,399,0,759,360,0
Tommy Doyle,40459,T,MIAMI OH,13,100.0,0,221,73.8,83.0,67.0,1,9,348,100.0,100.0,98.3,2,11,1,758,0,0,756,758,362,362,0,0,396,1
Trey Smith,62960,G,TENNESSEE,13,99.9,0,307,78.6,68.8,83.9,3,8,372,99.7,99.7,98.5,4,11,0,758,0,756,0,759,395,396,0,0,363,3
David Bolisomi,46366,T,TCU,12,100.0,0,305,60.1,75.4,55.7,5,14,392,100.0,100.0,97.3,5,20,1,757,0,0,0,757,409,409,264,493,348,0
D'Antne Demery,81644,T,FIU,13,100.0,2,166,72.6,66.8,70.7,7,9,360,100.0,100.0,96.9,3,19,3,756,0,0,755,756,372,372,0,0,384,0
Darryl Williams,36957,C,MISS STATE,13,100.0,1,227,64.2,45.1,68.3,2,6,351,100.0,100.0,98.6,1,9,1,755,755,0,0,755,365,365,0,0,390,0
Tim Tanner-Blair,41518,G,BOWL GREEN,11,100.0,0,122,60.3,77.0,55.3,1,7,334,100.0,100.0,98.2,3,10,2,753,0,0,0,753,348,348,752,0,405,0
Larry Borom,59879,T,MISSOURI,12,100.0,0,229,61.5,69.6,54.5,4,15,388,100.0,100.0,97.3,3,20,1,753,0,132,91,753,412,412,67,463,341,0
Weston Wright,77494,G,TEXAS TECH,12,100.0,0,315,50.8,60.6,48.0,3,12,461,100.0,100.0,97.7,5,18,3,753,0,60,0,753,486,486,691,0,267,0
Victor Johnson,36507,T,APP STATE,14,100.0,0,108,66.6,66.4,65.8,4,15,327,100.0,100.0,97.1,5,19,0,753,0,0,749,753,343,343,0,0,410,4
Drew Kirkpatrick,59807,G,LA TECH,13,100.0,0,208,64.4,75.1,59.9,1,8,403,100.0,100.0,98.4,1,11,2,753,0,753,0,753,432,432,0,0,321,0
Kaleb Slaven,40645,T,BALL ST,10,100.0,0,117,56.9,52.0,58.3,4,15,339,100.0,100.0,95.4,5,25,6,752,0,0,752,752,361,361,0,0,391,0
Terence Steele,39461,T,TEXAS TECH,10,100.0,1,315,60.1,69.1,60.0,3,12,460,100.0,100.0,97.7,12,18,3,752,0,0,0,752,485,485,9,743,267,0
Doug Kramer,41458,C,ILLINOIS,12,100.0,0,187,79.7,80.8,77.3,1,3,365,100.0,100.0,99.5,4,4,0,751,751,0,0,751,388,388,0,0,363,0
Dalton Wagner,58493,T,ARKANSAS,12,100.0,0,111,58.9,63.1,55.3,4,15,407,100.0,100.0,96.4,2,24,5,751,0,0,0,751,432,432,0,751,319,0
Landon Young,41761,T,KENTUCKY,13,100.0,0,202,78.3,89.2,72.3,0,4,271,100.0,100.0,98.9,5,5,1,751,0,0,751,751,294,294,0,0,457,0
Yasir Durant,59878,T,MISSOURI,11,100.0,0,229,73.5,82.9,63.1,1,6,396,100.0,100.0,98.6,2,9,2,748,0,0,746,748,423,423,0,0,325,0
Tyler Steen,81921,T,VANDERBILT,12,100.0,1,333,64.2,59.8,65.5,6,17,411,100.0,100.0,96.5,4,26,3,748,0,0,0,748,429,429,0,748,319,0
Alex Leatherwood,58468,T,ALABAMA,13,100.0,0,103,74.0,81.9,72.3,1,9,416,100.0,100.0,98.8,9,10,0,748,0,0,737,748,440,440,0,0,308,11
Kenyon Green,99052,G,TEXAS A&M,13,100.0,0,312,62.4,40.9,70.2,7,17,419,100.0,100.0,96.2,4,28,4,747,0,0,0,747,446,446,747,0,301,0
Nick Harris,46752,C,WASHINGTON,12,100.0,0,340,79.0,83.1,75.8,0,3,382,100.0,100.0,99.1,4,5,2,747,747,0,0,747,398,398,0,0,349,0
Jake Hanson,28148,C,OREGON,12,100.0,0,264,71.8,77.1,67.6,0,8,370,100.0,100.0,98.4,1,10,2,746,746,0,0,746,388,388,0,0,358,0
Jack Franklin,54420,G,COAST CAR,12,100.0,1,141,57.1,64.1,53.9,2,9,340,100.0,100.0,98.1,2,12,1,746,0,577,0,746,365,365,169,0,381,0
Hunter Corne,58462,G,AKRON,12,100.0,0,102,46.9,35.8,49.4,2,30,507,100.0,100.0,95.9,5,37,5,746,0,0,0,746,535,535,746,0,211,0
Eastwood Thomas,41599,T,LA MONROE,12,99.9,0,209,59.4,59.2,59.7,3,15,374,99.7,99.7,97.6,3,18,0,745,0,0,436,746,390,391,0,292,355,17
Cameron Muller,60008,G,DOMINION,11,100.0,0,263,54.3,57.2,50.6,4,15,435,100.0,100.0,96.9,2,23,4,745,0,0,0,745,456,456,745,0,289,0
Adrian Ealy,59995,T,OKLAHOMA,12,100.0,0,261,73.4,78.2,67.5,2,9,356,100.0,100.0,97.9,3,13,2,744,0,0,0,744,371,371,0,741,373,3
Michael Maietti,40939,C,RUTGERS,12,100.0,0,278,63.2,74.8,58.4,0,7,335,100.0,100.0,99.0,3,7,0,744,744,0,0,744,353,353,0,0,391,0
Devontay Love-Taylor,44392,T,FIU,13,100.0,0,166,73.4,68.5,72.0,1,11,347,100.0,100.0,97.4,2,15,3,742,0,0,121,742,362,362,0,614,380,5
Steven Miller,25508,T,ARIZONA ST,13,100.0,2,110,70.0,71.9,68.9,3,14,418,100.0,100.0,97.0,6,21,4,742,0,0,2,742,444,444,0,739,298,1
Zach Venesky,36871,G,RUTGERS,12,100.0,1,278,57.0,73.9,51.8,2,9,331,100.0,100.0,98.0,2,12,1,741,0,741,0,741,350,350,0,0,391,0
Billy Honaker,60810,T,NAVY,13,99.7,0,237,72.8,64.1,73.6,0,9,153,98.7,98.8,96.4,4,10,1,741,0,0,0,743,163,165,0,682,578,61
Logan Stenberg,37181,G,KENTUCKY,13,100.0,1,202,75.3,82.8,79.9,0,1,262,100.0,100.0,99.8,14,1,0,737,0,737,0,737,285,285,0,0,452,0
Sean Maginn,55446,G,WAKE,13,100.0,1,339,55.7,62.0,53.9,3,9,377,100.0,100.0,97.9,3,14,2,737,6,731,0,737,396,396,0,0,341,0
Marcus Norman,46968,T,USF,12,100.0,1,327,61.1,54.6,65.9,0,17,390,100.0,100.0,96.0,8,24,7,733,0,0,172,733,410,410,0,560,323,0
Will Ulmer,41256,T,MARSHALL,13,100.0,0,214,73.6,69.5,72.9,0,10,329,100.0,100.0,97.9,2,12,2,732,0,0,389,732,354,354,0,340,378,0
Lecitus Smith,61069,G,VA TECH,12,100.0,0,337,63.6,65.4,61.9,2,8,325,100.0,100.0,97.8,1,12,2,731,0,730,0,731,340,340,0,0,391,0
Walter Rouse,100564,T,STANFORD,12,100.0,0,300,51.4,51.7,51.9,7,19,445,100.0,100.0,96.0,4,31,5,731,0,0,730,731,469,469,0,1,262,0
John Simpson,41715,G,CLEMSON,14,99.9,1,140,71.7,70.8,73.4,2,10,401,100.0,100.0,98.5,8,12,0,731,0,731,0,732,429,429,0,0,302,0
Caleb Bright,40877,T,BOWL GREEN,11,100.0,2,122,66.7,77.4,62.2,3,11,345,100.0,100.0,97.7,5,15,1,731,0,1,730,731,359,359,0,0,372,0
Brandon Council,41433,G,AKRON,12,100.0,1,102,57.7,55.7,61.8,1,18,497,100.0,100.0,97.3,5,23,4,731,166,273,154,731,523,523,0,138,208,0
Jeff Taylor,41769,G,COLO STATE,11,99.9,1,144,58.1,70.4,55.0,2,9,408,99.8,99.8,98.4,7,12,1,729,70,0,0,730,430,431,653,0,299,0
Orlando Umana,60185,C,UTAH,12,100.0,1,328,61.4,64.7,61.3,1,9,328,100.0,100.0,97.6,6,13,3,729,729,0,0,729,348,348,0,0,381,0
Foster Sarell,52272,T,STANFORD,11,99.9,1,300,70.5,75.0,67.6,3,10,435,99.8,99.8,98.0,5,15,2,727,0,0,0,728,459,460,0,726,268,2
Zach Quinney,62969,T,GA TECH,12,100.0,1,176,44.6,32.4,51.0,12,16,341,100.0,100.0,94.7,3,32,4,727,0,1,612,727,355,355,0,112,372,2
D'Mitri Emmanuel,59657,T,CHARLOTTE,12,99.9,0,136,69.1,76.5,66.7,0,5,313,100.0,99.7,98.6,4,7,2,727,0,119,0,728,333,334,0,607,394,1
Roy Albritton,37364,G,S ALABAMA,12,100.0,1,288,51.4,57.0,48.4,1,10,317,100.0,100.0,97.9,5,12,1,726,0,0,0,726,343,343,723,0,383,0
Nick Krimin,41825,G,RUTGERS,12,100.0,0,278,56.2,64.0,55.5,0,10,326,100.0,100.0,97.9,5,12,2,725,0,0,0,725,345,345,725,0,380,0
Mitchell Berg,55364,T,TOLEDO,11,100.0,1,316,52.1,48.2,56.0,9,10,332,100.0,100.0,95.6,6,24,5,725,0,0,720,725,349,349,0,0,376,5
Mike Yerardi,37018,G,UMASS,11,100.0,0,216,53.7,52.2,52.4,3,10,382,100.0,100.0,97.5,2,16,3,724,213,0,0,724,397,397,511,0,327,0
Baveon Johnson,41337,C,FLORIDA ST,11,100.0,0,167,48.4,54.0,48.5,5,10,410,100.0,100.0,97.0,5,20,5,724,724,0,0,724,436,436,0,0,288,0
Evan Neal,99063,G,ALABAMA,13,100.0,0,103,71.2,70.0,70.1,3,8,399,100.0,100.0,98.4,1,12,1,723,0,723,0,723,423,423,0,0,300,0
Will Gilchrist,78349,T,MIDDLE TN,12,99.9,0,224,66.0,60.9,66.2,1,12,403,99.8,99.8,98.1,4,14,1,722,0,0,714,723,426,427,0,0,296,7
Ricky Stromberg,99066,G,ARKANSAS,12,100.0,0,111,65.0,66.3,67.3,6,9,389,100.0,100.0,98.1,5,15,0,722,0,113,0,722,417,417,609,0,305,0
Landon Dickerson,41712,C,ALABAMA,13,100.0,0,103,77.9,80.8,79.3,2,4,397,100.0,100.0,99.2,6,6,0,720,504,0,0,720,420,420,216,0,300,0
Brady Scott,59689,G,FLORIDA ST,12,100.0,2,167,56.2,52.1,57.6,5,12,396,100.0,100.0,96.6,5,22,5,720,0,561,0,720,417,417,47,112,303,0
Sean Pollard,41995,C,CLEMSON,15,100.0,2,140,68.4,75.2,67.1,1,2,389,100.0,100.0,99.4,7,4,1,720,720,0,0,720,416,416,0,0,304,0
Jack DeFoor,41168,G,GA TECH,12,100.0,1,176,53.9,53.5,53.1,0,9,340,100.0,100.0,98.7,3,9,0,719,0,667,0,719,354,354,0,51,365,0
Sam Thompson,81612,C,COAST CAR,10,100.0,1,141,64.7,61.8,64.7,2,8,338,100.0,100.0,98.5,3,10,0,719,719,0,0,719,357,357,0,0,362,0
Jared Southers,51664,T,GA TECH,12,100.0,1,176,53.6,46.0,57.2,0,17,338,100.0,100.0,95.4,3,24,7,718,0,0,1,718,352,352,162,553,366,1
Isaiah Wilson,59704,T,GEORGIA,11,100.0,0,173,80.4,84.6,73.4,2,6,333,100.0,100.0,98.5,1,9,1,718,0,0,0,718,358,358,0,718,360,0
Eric Seay,78291,G,MIDDLE TN,12,100.0,0,224,53.1,72.6,44.5,0,13,396,100.0,100.0,98.4,2,13,0,717,0,717,0,717,421,421,0,0,296,0
Tate Heitmeier,60815,G,TEXAS ST,11,100.0,1,314,65.8,61.5,69.0,3,15,430,100.0,100.0,97.4,4,20,2,717,0,0,0,717,449,449,714,1,268,0
Nick Saldiveri,81785,T,DOMINION,11,100.0,1,263,68.5,66.2,66.9,2,22,414,100.0,100.0,96.1,2,28,4,716,0,0,0,716,432,432,0,715,284,0
Logan Harris,55558,G,WYOMING,11,100.0,0,351,59.3,56.0,59.4,5,9,267,100.0,100.0,97.0,2,15,1,715,0,0,0,715,279,279,714,1,436,0
Matt Carrick,57101,G,MICH STATE,13,100.0,0,223,56.4,57.1,54.2,5,6,388,100.0,100.0,97.8,1,14,3,714,0,0,0,714,407,407,714,0,307,0
Ethan Reed,27004,G,LA TECH,13,100.0,0,208,61.3,69.9,56.3,2,9,389,100.0,100.0,98.3,3,12,1,714,0,0,0,714,417,417,714,0,297,0
Shea Baker,52215,G,RICE,12,100.0,0,275,56.3,61.1,52.2,1,8,348,100.0,100.0,98.1,0,11,2,713,191,4,0,713,374,374,518,0,339,0
Bryce Bray,77459,G,OKLA STATE,13,100.0,0,262,68.0,72.7,67.3,1,9,314,100.0,100.0,97.8,2,12,2,712,0,0,75,712,337,337,411,224,375,0
Nino Leone,41393,C,UCONN,11,100.0,0,146,65.7,71.8,62.2,2,11,355,100.0,100.0,97.9,2,14,1,711,711,0,0,711,370,370,0,0,341,0
Kirk Kelley,46314,G,TROY,10,100.0,0,318,71.0,72.4,71.5,1,9,437,100.0,100.0,98.2,3,13,3,710,0,701,9,710,468,468,0,0,242,0
Darian Kinnard,51789,T,KENTUCKY,13,100.0,0,202,89.2,69.1,89.1,0,8,244,100.0,100.0,96.7,1,12,4,706,0,0,0,706,261,261,0,706,445,0
Solomon Kindley,41471,G,GEORGIA,13,100.0,0,173,72.6,75.9,72.2,3,4,328,100.0,100.0,98.3,3,9,2,704,0,703,0,704,350,350,0,0,354,0
Samuel Jackson,55403,T,UCF,13,100.0,1,323,57.0,55.1,56.7,3,5,345,100.0,100.0,98.0,2,11,3,704,0,84,479,704,367,367,140,0,337,1
Jack Sides,41907,T,ARMY,13,99.9,0,114,79.4,49.6,79.3,1,6,131,99.2,99.3,97.3,0,7,0,703,1,0,28,704,141,142,318,327,562,30
Will Bramel,81803,T,PURDUE,12,100.0,0,273,46.0,39.8,48.4,3,31,448,100.0,100.0,95.3,0,38,4,703,0,1,0,703,471,471,6,695,232,0
Matt Skibinski,37326,T,MIAMI OH,12,100.0,0,221,57.4,63.0,55.1,4,10,337,100.0,100.0,97.6,4,15,1,702,0,0,0,702,351,351,0,700,351,0
Robbie Bell,41191,G,LOUISVILLE,13,100.0,3,210,53.6,50.6,54.3,3,18,302,100.0,100.0,96.2,6,22,1,702,0,0,0,702,317,317,702,0,385,0
Clay Servin,75871,T,RICE,11,100.0,2,275,52.5,54.5,50.9,2,17,342,100.0,100.0,96.3,2,22,3,701,0,5,685,701,367,367,2,9,334,0
Mekhi Becton,59818,T,LOUISVILLE,11,99.9,0,210,83.0,82.5,79.6,3,6,302,99.7,99.7,98.2,2,10,1,700,0,0,686,701,314,315,0,0,386,15
Michael Saffell,58546,C,CAL,11,100.0,1,130,74.6,75.7,72.5,0,8,362,100.0,100.0,98.6,5,9,1,700,700,0,0,700,387,387,0,0,313,0
Justice Oluwaseun,60179,T,UNLV,11,100.0,1,325,70.9,62.4,74.2,3,14,355,100.0,100.0,96.5,3,21,4,697,0,0,324,697,368,368,0,373,329,0
Justin Gooseberry,98666,T,RICE,11,99.9,0,275,65.0,74.9,60.7,1,11,337,99.7,99.7,97.3,4,15,3,696,0,0,6,697,362,363,0,680,334,11
Bryan Hudson,98241,C,VA TECH,12,100.0,0,337,49.4,66.3,45.5,1,6,276,100.0,100.0,98.4,3,8,1,696,696,0,0,696,289,289,0,0,407,0
Sean Christie,46896,G,MARYLAND,12,100.0,1,215,57.1,62.9,54.2,4,10,388,100.0,100.0,96.9,2,19,5,694,0,694,0,694,409,409,0,0,285,0
Elex Woodworth,27802,T,N TEXAS,10,100.0,1,251,64.3,76.3,55.3,3,10,402,100.0,100.0,98.1,1,14,1,694,0,274,420,694,421,421,0,0,273,0
Solo Vaipulu,75849,G,HAWAII,10,100.0,0,180,67.5,69.8,65.0,0,13,434,100.0,100.0,98.3,4,14,1,692,0,0,0,692,452,452,692,0,240,0
Myron Cunningham,33168,T,ARKANSAS,11,100.0,0,111,58.7,54.9,57.2,8,18,360,100.0,100.0,96.1,1,27,1,690,0,0,494,690,383,383,180,15,307,1
Jaelyn Duncan,81722,T,MARYLAND,12,100.0,3,215,40.9,27.1,57.7,8,29,382,100.0,100.0,93.3,10,44,7,688,0,0,681,688,402,402,0,0,286,6
Casey Phillips,77451,T,BAYLOR,13,100.0,0,118,63.7,63.6,65.0,3,13,365,100.0,100.0,96.2,6,22,6,687,0,0,378,687,392,392,0,304,295,4
Chris Estrella,59923,G,NEW MEXICO,12,100.0,1,241,66.1,80.3,62.1,1,6,292,100.0,100.0,98.8,4,7,0,687,0,663,22,687,319,319,1,0,368,0
Jaelin Fisher,41571,C,CHARLOTTE,12,100.0,3,136,53.1,49.9,56.3,0,5,273,100.0,100.0,99.1,8,5,0,686,686,0,0,686,294,294,0,0,392,0
Parker Ferguson,81537,T,AIR FORCE,13,100.0,0,101,85.7,67.5,85.7,1,3,108,100.0,100.0,98.1,3,4,0,686,0,89,525,686,119,119,0,70,567,2
Case Cook,59876,G,MISSOURI,12,100.0,1,229,62.1,80.0,57.5,0,7,352,100.0,100.0,98.4,3,9,2,683,26,186,0,683,374,374,471,0,309,0
Nathan Edwards,41470,C,NEVADA,12,100.0,0,239,59.6,73.1,52.3,2,6,399,100.0,100.0,98.2,1,11,3,682,682,0,0,682,420,420,0,0,262,0
Oge Udeogu,41943,G,C MICHIGAN,12,100.0,1,134,68.1,72.6,65.1,4,6,351,100.0,100.0,98.6,1,10,0,681,0,0,0,681,373,373,681,0,308,0
Hadon Merchant,60056,G,S ALABAMA,11,100.0,2,288,57.2,65.1,58.2,2,10,306,100.0,100.0,97.4,7,14,2,681,0,681,0,681,328,328,0,0,353,0
Blake Bedier,99448,T,BAYLOR,14,100.0,1,118,56.9,63.7,55.1,6,13,345,100.0,100.0,97.0,7,20,1,678,0,0,0,678,372,372,0,676,306,0
Ethan Howard,54499,T,COAST CAR,10,100.0,0,141,63.6,64.6,63.1,2,5,299,100.0,100.0,97.8,3,10,3,677,0,0,414,677,317,317,0,261,360,2
Gus Lavaka,41803,G,OREGON ST,11,100.0,0,265,76.4,78.5,74.9,1,6,364,100.0,100.0,98.8,1,8,1,677,0,677,0,677,381,381,0,0,296,0
Zach Thomas,43641,T,S DIEGO ST,12,100.0,0,284,72.2,79.6,68.5,0,6,310,100.0,100.0,99.0,5,6,0,676,0,0,0,676,323,323,0,643,353,33
J.R. Hensley,37017,G,HAWAII,11,100.0,0,180,72.2,84.0,72.7,3,2,436,100.0,100.0,99.2,6,6,1,675,0,675,0,675,457,457,0,0,218,0
Matt Morgan,59663,T,E CAROLINA,10,100.0,0,156,54.1,58.5,49.2,5,18,342,100.0,100.0,96.1,0,25,2,674,0,0,0,674,364,364,176,498,310,0
Rasheed Walker,81798,T,PENN STATE,13,100.0,0,266,69.7,63.9,68.4,2,11,329,100.0,100.0,96.5,1,18,5,674,0,0,644,674,345,345,0,29,329,0
Josh McCauley,40870,C,ARIZONA,10,100.0,0,109,71.0,81.0,65.6,1,7,380,100.0,100.0,98.9,3,8,0,670,670,0,0,670,393,393,0,0,277,0
Vincent Picozzi,40641,G,TEMPLE,9,100.0,0,306,73.3,75.7,71.4,2,5,340,100.0,100.0,98.4,0,9,2,669,0,0,0,669,356,356,669,0,313,0
Jordan Asbury,41385,G,W MICHIGAN,11,100.0,0,347,69.2,69.8,69.2,2,5,347,100.0,100.0,98.7,3,8,1,668,0,0,0,668,370,370,668,0,298,0
Daniel Faalele,81734,T,MINNESOTA,11,100.0,2,225,72.3,76.5,70.5,2,8,282,100.0,100.0,97.2,6,13,3,666,0,0,0,666,301,301,0,665,365,0
Branden Pena,40714,C,E CAROLINA,12,100.0,0,156,47.2,51.9,46.3,3,13,346,100.0,100.0,97.7,4,16,0,663,586,0,0,663,372,372,77,0,291,0
Gewhite Stallworth,46939,T,LA TECH,12,100.0,0,208,45.6,48.1,46.3,5,23,368,100.0,100.0,95.1,4,32,4,659,0,0,7,659,391,391,0,650,268,2
Jake Fruhmorgen,47017,C,BAYLOR,12,100.0,0,118,45.4,39.7,47.4,3,9,338,100.0,100.0,98.2,5,12,0,659,657,0,0,659,364,364,0,0,295,0
Saahdiq Charles,59820,T,LSU,9,100.0,2,211,70.4,71.7,70.5,3,14,404,100.0,100.0,97.4,5,19,2,658,0,0,658,658,419,419,0,0,239,0
Drew Wilson,41664,T,GA SOUTHRN,13,100.0,1,174,70.2,56.2,70.4,2,6,166,100.0,100.0,96.4,2,10,2,656,0,0,0,656,177,177,0,656,479,0
Darius Harper,77401,T,CINCINNATI,12,100.0,0,138,54.2,46.5,55.3,1,12,296,100.0,100.0,95.8,1,19,6,655,0,0,570,655,307,307,0,85,348,0
Peyton Backer,59706,C,GA SOUTHRN,13,100.0,1,174,63.7,58.6,63.1,2,6,161,100.0,100.0,96.9,4,9,1,654,631,23,0,654,176,176,0,0,478,0
Helber Fagundes,75837,G,UMASS,12,100.0,1,216,60.5,58.7,60.6,2,9,341,100.0,100.0,97.8,3,13,2,653,0,653,0,653,354,354,0,0,299,0
Andrew Poenitsch,36629,C,BALL ST,9,100.0,0,117,61.6,56.2,60.8,2,13,308,100.0,100.0,96.9,0,17,2,652,652,0,0,652,324,324,0,0,328,0
Navaughn Donaldson,59848,G,MIAMI FL,12,100.0,0,220,70.7,77.6,69.4,3,6,396,100.0,100.0,98.1,2,12,3,651,0,650,0,651,415,415,0,0,236,0
Jack Wohlabaugh,41710,C,DUKE,9,100.0,1,154,67.9,56.4,69.3,3,2,324,100.0,100.0,98.6,2,7,2,649,649,0,0,649,340,340,0,0,309,0
Fernando Frye,77437,G,E CAROLINA,12,100.0,0,156,52.5,54.9,52.7,2,11,344,100.0,100.0,97.5,5,15,2,648,0,525,0,648,371,371,123,0,277,0
Quireo Woodley,59697,G,FRESNO ST,10,100.0,0,169,64.9,49.7,68.9,2,14,352,100.0,100.0,97.2,1,18,2,646,0,0,0,646,373,373,645,0,273,1
Tomas Jack-Kurdyla,45284,G,BUFFALO,12,100.0,0,126,75.2,73.4,73.4,2,4,197,100.0,100.0,98.5,1,6,0,646,0,0,0,646,206,206,646,0,440,0
Luke Fortner,42028,G,KENTUCKY,13,100.0,1,202,77.0,77.0,74.3,3,2,223,100.0,100.0,98.4,1,6,1,646,0,100,0,646,240,240,546,0,406,0
Wanya Morris,98247,T,TENNESSEE,13,100.0,3,307,39.2,20.9,52.3,9,11,316,100.0,100.0,95.3,7,25,5,643,0,20,588,643,341,341,0,31,302,4
Cade Mays,81995,G,GEORGIA,13,100.0,0,173,65.5,53.2,68.2,3,10,301,100.0,100.0,96.8,1,16,3,642,46,59,108,642,320,320,336,64,322,27
Jacob Brammer,59944,T,N TEXAS,9,100.0,0,251,69.4,66.7,70.7,7,9,364,100.0,100.0,96.7,4,20,4,642,0,0,0,642,379,379,0,642,263,0
Jacob Rowland,37104,T,TEXAS ST,12,100.0,0,314,51.5,46.7,52.9,6,16,368,100.0,100.0,95.9,3,26,4,640,0,236,384,640,385,385,9,11,255,0
Kamaal Seymour,37020,T,RUTGERS,12,100.0,0,278,56.1,57.2,55.5,6,8,293,100.0,100.0,96.6,3,17,3,639,0,0,0,639,312,312,0,634,327,5
Ikem Ekwonu,98286,T,NC STATE,12,100.0,0,248,80.5,68.1,85.0,3,13,350,100.0,100.0,97.7,2,16,0,639,0,0,618,639,369,369,0,0,270,21
Ellis McKennie,46811,C,MARYLAND,12,100.0,1,215,70.2,77.7,64.7,2,8,350,100.0,100.0,98.0,1,12,2,639,406,0,43,639,369,369,86,102,270,2
Connor Vikupitz,58451,G,AIR FORCE,13,100.0,0,101,70.8,40.1,70.6,5,2,97,100.0,100.0,96.4,0,7,0,638,265,13,0,638,106,106,360,0,532,0
Brandon Heidecker,51619,G,TOLEDO,11,100.0,1,316,53.1,51.8,54.0,1,14,293,100.0,100.0,97.1,5,16,1,638,0,0,0,638,308,308,530,108,330,0
Nick Dennis,75405,G,SMU,13,100.0,0,287,62.4,74.5,58.1,2,6,317,100.0,100.0,98.7,1,8,0,636,0,27,0,636,336,336,607,0,300,1
Josh Jones,26634,T,HOUSTON,9,100.0,0,182,93.4,91.2,92.7,0,2,296,100.0,100.0,99.7,2,2,0,635,0,0,635,635,325,325,0,0,310,0
Dylan Galloway,41857,T,OKLA STATE,10,100.0,0,262,71.9,77.0,65.0,0,5,264,100.0,100.0,98.3,3,7,2,635,0,0,634,635,288,288,0,1,347,0
Jaxson Kirkland,60215,G,WASHINGTON,11,100.0,0,340,72.9,79.0,72.0,1,6,320,100.0,100.0,98.6,4,8,1,634,0,0,0,634,332,332,633,0,302,0
Khalique Washington,98704,T,SO MISS,12,100.0,0,296,51.2,62.9,46.4,7,18,328,100.0,100.0,95.0,5,29,4,630,0,0,7,630,341,341,0,609,289,7
Javon Mosley,86866,T,NEW MEXICO,11,100.0,0,241,68.4,70.5,67.0,2,9,283,100.0,100.0,97.7,4,12,1,630,0,0,629,630,309,309,0,0,321,0
Marques Cox,77518,T,N ILLINOIS,11,99.8,0,254,57.7,56.8,59.1,2,18,303,100.0,99.7,96.7,3,20,0,629,0,0,627,630,314,315,0,0,315,2
Bryce Foxworth,60081,G,SO MISS,12,100.0,1,296,42.0,35.9,42.5,4,17,359,100.0,100.0,96.5,6,23,2,622,0,0,0,622,374,374,622,0,248,0
Chase Behrndt,43963,G,W VIRGINIA,11,100.0,0,343,61.4,69.7,62.7,5,9,352,100.0,100.0,97.7,6,15,1,620,250,2,0,620,373,373,368,0,247,0
Dareuan Parker,41285,G,MISS STATE,11,100.0,0,227,67.1,75.5,64.2,3,6,287,100.0,100.0,97.7,1,11,2,620,0,619,0,620,299,299,0,0,321,0
Landan Paulsen,36919,G,IOWA,12,100.0,0,192,58.5,55.1,59.1,1,16,319,100.0,100.0,96.1,3,21,4,619,0,616,0,619,339,339,2,0,280,0
Valentino Daltoso,40467,T,CAL,11,100.0,1,130,66.0,69.8,65.1,2,17,339,100.0,100.0,96.9,4,20,1,616,0,106,432,616,359,359,74,4,257,0
Keenan Murphy,40970,G,HOUSTON,12,100.0,1,182,54.8,61.0,52.8,1,6,282,100.0,100.0,98.0,6,9,2,616,59,557,0,616,310,310,0,0,306,0
Cam DeGeorge,41469,G,UCONN,10,100.0,0,146,70.7,73.1,69.5,4,6,311,100.0,100.0,98.4,1,10,0,613,0,613,0,613,324,324,0,0,289,0
Alex Herndon,40851,T,ARMY,12,100.0,0,114,74.1,38.4,74.0,0,4,71,100.0,100.0,95.8,2,5,1,612,0,0,507,612,75,75,0,77,537,28
Caleb Shaffer,98380,G,MIAMI OH,13,100.0,1,221,63.5,57.1,64.8,1,12,284,100.0,100.0,97.7,2,13,0,611,0,510,0,611,296,296,101,0,315,0
Xavier Newman,58525,G,BAYLOR,10,100.0,2,118,52.6,57.9,53.1,8,11,353,100.0,100.0,97.3,7,19,0,611,0,0,0,611,377,377,611,0,234,0
Gio Pancotti,40010,G,HOUSTON,12,100.0,1,182,60.7,54.6,61.0,3,10,275,100.0,100.0,96.5,4,16,3,606,0,262,0,606,301,301,230,114,305,0
Barrett Miller,100562,G,STANFORD,11,100.0,0,300,54.2,54.1,51.5,5,13,377,100.0,100.0,96.8,1,21,3,605,0,519,17,605,398,398,69,0,207,0
Jaxson Deaton,40011,G,ARMY,13,100.0,0,114,70.0,62.5,70.4,4,2,93,100.0,100.0,96.8,5,6,0,604,0,582,0,604,100,100,21,0,504,0
Dontae Bull,81650,T,FRESNO ST,10,100.0,0,169,63.8,61.8,66.6,9,13,324,100.0,100.0,96.3,5,23,1,603,0,0,350,603,340,340,0,252,263,1
Gray Davis,59917,G,NEVADA,13,100.0,0,239,53.6,71.5,50.2,0,8,363,100.0,100.0,98.3,8,10,2,602,0,523,0,602,379,379,79,0,223,0
Trevor Brown,46388,T,AKRON,10,100.0,1,102,62.5,72.9,49.5,3,21,423,100.0,100.0,96.0,5,29,5,601,0,0,484,601,447,447,0,115,154,1
Brian Chaffin,36773,C,RICE,9,100.0,0,275,54.8,55.1,54.7,2,7,282,100.0,100.0,97.7,2,11,2,600,467,0,0,600,302,302,133,0,298,0
Alaric Jackson,40972,T,IOWA,10,100.0,0,192,71.4,65.7,71.7,5,11,317,100.0,100.0,96.8,2,18,2,599,0,0,599,599,332,332,0,0,267,0
Dallas Warmack,46183,G,OREGON,13,100.0,0,264,70.9,83.6,70.3,0,5,310,100.0,100.0,99.2,5,5,0,599,0,0,0,599,322,322,599,0,277,0
Samuel Williams,39843,T,LA MONROE,12,100.0,0,209,57.1,52.6,59.2,8,14,305,100.0,100.0,96.4,2,22,0,597,0,0,0,597,320,320,0,574,277,22
BJ Etienne,59686,G,FAU,13,100.0,2,165,58.4,64.5,54.9,1,9,305,100.0,100.0,97.7,3,12,2,596,0,393,9,596,324,324,0,194,272,0
Rico Robinson,51649,T,LA LAFAYET,13,100.0,0,207,64.8,74.1,57.7,2,10,277,100.0,100.0,97.8,1,12,0,596,0,0,583,596,293,293,0,0,303,13
Saige Young,60205,G,VANDERBILT,11,100.0,1,333,44.1,51.4,42.2,4,10,325,100.0,100.0,96.6,6,18,4,596,0,596,0,596,338,338,0,0,258,0
Dominic Taylor,84547,G,CHARLOTTE,11,100.0,0,136,63.6,72.1,60.9,0,3,239,100.0,100.0,99.4,1,3,0,595,27,567,0,595,261,261,0,1,334,0
James Gmiter,76932,G,W VIRGINIA,11,100.0,1,343,65.8,73.5,61.2,2,8,358,100.0,100.0,98.0,1,12,2,594,0,330,1,594,375,375,262,0,219,0
Loic Ngassam Nya,55442,G,WAKE,13,100.0,0,339,54.1,71.0,53.2,2,5,310,100.0,100.0,98.5,6,8,1,594,0,334,0,594,322,322,260,0,272,0
Christopher Mitchell,58453,C,AIR FORCE,13,100.0,0,101,69.1,64.7,68.3,1,1,80,100.0,100.0,98.7,4,2,0,594,594,0,0,594,89,89,0,0,505,0
Julio Garcia,28977,G,UNLV,10,100.0,4,325,76.9,76.4,81.5,1,3,305,100.0,100.0,99.0,8,5,1,592,0,145,0,592,316,316,447,0,276,0
Gabriel Houy,60020,G,PITTSBURGH,12,100.0,0,268,57.9,68.6,55.1,3,10,366,100.0,100.0,97.7,6,15,2,591,0,0,1,591,379,379,432,147,212,11
Thomas Preston III,81767,G,N TEXAS,10,100.0,0,251,59.0,72.4,55.7,2,9,333,100.0,100.0,98.0,4,12,1,589,0,589,0,589,346,346,0,0,243,0
Doug Nester,98486,G,VA TECH,12,100.0,0,337,55.5,67.2,53.2,2,3,231,100.0,100.0,97.6,2,8,3,585,0,0,0,585,241,241,585,0,344,0
R.J. Proctor,37075,T,OKLAHOMA,12,100.0,0,261,60.2,54.3,60.6,1,16,268,100.0,100.0,95.7,4,20,3,583,0,68,515,583,281,281,0,0,302,0
Dante Bivens,77317,G,TULSA,11,100.0,0,320,49.3,53.9,50.9,3,9,319,100.0,100.0,96.9,7,16,4,579,0,0,6,579,333,333,572,1,246,0
Steven Hayes,59990,C,OHIO,9,100.0,0,259,68.8,77.6,64.9,0,8,251,100.0,100.0,98.0,2,9,1,576,576,0,0,576,263,263,0,0,313,0
William Lay III,62971,C,GA TECH,10,100.0,0,176,46.3,59.8,42.5,4,11,271,100.0,100.0,96.9,1,16,1,575,575,0,0,575,284,284,0,0,291,0
Zuri Henry,81907,T,UTEP,11,100.0,0,330,52.1,54.2,55.4,4,17,269,100.0,100.0,94.6,6,25,4,575,0,0,404,575,295,295,0,171,280,0
JB Hunter,58509,T,ARMY,12,99.5,0,114,55.9,4.5,61.1,2,8,97,98.0,97.1,93.8,2,11,1,574,168,0,8,577,101,104,0,282,473,119
Matt Tanner,58537,G,BOWL GREEN,11,100.0,0,122,52.9,43.2,54.2,3,7,237,100.0,100.0,97.0,3,12,2,573,0,478,0,573,246,246,94,0,327,0
Jake Ferguson,61081,TE,WISCONSIN,14,63.7,0,349,67.0,46.1,61.1,1,1,46,12.8,12.4,95.7,0,3,1,572,0,0,0,898,46,372,0,0,526,758
Sam Garvin,59743,C,PURDUE,9,100.0,0,273,72.6,76.0,69.8,1,8,356,100.0,100.0,98.7,2,9,0,572,572,0,0,572,374,374,0,0,198,0
Zach Baker,26083,G,DUKE,11,100.0,1,154,57.6,39.0,62.3,3,14,274,100.0,100.0,96.2,4,19,2,572,0,570,0,572,285,285,0,0,287,0
Luke Tenuta,77367,T,VA TECH,12,100.0,0,337,62.6,55.2,62.2,4,10,224,100.0,100.0,95.1,0,18,4,572,0,0,0,572,236,236,0,549,336,23
Connor Galvin,77450,T,BAYLOR,10,100.0,1,118,64.0,67.5,59.1,4,13,336,100.0,100.0,96.9,2,19,2,570,0,0,560,570,354,354,0,0,216,8
Gunnar Vogel,41644,T,NWESTERN,9,100.0,2,256,58.7,50.1,61.5,4,9,280,100.0,100.0,97.0,5,15,2,567,0,0,76,567,300,300,0,490,267,1
Lawrence Edwards,40718,G,GA SOUTHRN,13,100.0,1,174,59.5,72.7,57.9,1,1,145,100.0,100.0,97.9,2,4,2,567,0,505,0,567,159,159,61,0,408,0
Malik Clark,45322,G,KANSAS,12,100.0,1,198,61.2,65.6,62.1,2,5,286,100.0,100.0,98.8,6,7,0,566,0,566,0,566,299,299,0,0,267,0
Andrew Smith Jr.,81873,C,UAB,9,100.0,0,321,48.5,48.7,48.0,0,11,238,100.0,100.0,96.8,1,13,2,566,401,0,0,566,245,245,165,0,321,0
Heneli Bloomfield,81897,G,UTAH ST,13,100.0,0,329,68.8,84.5,68.3,2,6,339,100.0,100.0,98.8,6,8,0,566,0,566,0,566,354,354,0,0,212,0
Kaleb Kim,36766,C,AUBURN,9,100.0,0,115,61.1,71.0,56.6,0,2,235,100.0,100.0,99.6,0,2,0,565,516,0,0,565,248,248,49,0,317,0
Nick Sink,41523,C,OHIO,12,100.0,0,259,70.3,82.3,66.1,2,4,222,100.0,100.0,98.6,1,6,0,565,297,265,0,565,235,235,3,0,330,0
Jarrod Leeds,59705,T,GA SOUTHRN,11,99.8,0,174,58.0,61.3,57.1,2,5,132,100.0,99.3,95.1,3,10,3,565,0,0,565,566,140,141,0,0,425,0
Greg Fecanin,60156,G,UAB,14,100.0,0,321,59.7,74.3,54.7,0,4,245,100.0,100.0,98.8,0,5,1,565,0,57,0,565,251,251,505,0,314,0
Kevin Davis,60199,G,UTSA,10,100.0,0,331,68.3,68.4,67.8,0,9,294,100.0,100.0,98.1,2,10,1,563,0,0,0,563,302,302,563,0,261,0
Matthew Bedford,101579,T,INDIANA,9,100.0,0,190,46.6,39.8,59.5,6,17,319,100.0,100.0,95.1,8,27,4,563,0,0,563,563,349,349,0,0,214,0
Richard Gouraige,81635,G,FLORIDA,12,100.0,0,163,56.3,63.0,50.2,2,10,324,100.0,100.0,97.8,2,13,1,562,0,452,109,562,349,349,0,0,213,1
Desmond Noel,41776,G,FAU,11,100.0,0,165,66.1,75.6,63.0,0,2,275,100.0,100.0,98.9,2,4,2,559,0,559,0,559,293,293,0,0,266,0
C.J. Perez,77520,C,N ILLINOIS,9,100.0,2,254,63.5,60.8,64.2,2,8,296,100.0,100.0,98.0,3,11,1,558,558,0,0,558,308,308,0,0,250,0
LaDarius Henderson,98275,T,ARIZONA ST,10,100.0,2,110,43.5,39.5,48.6,5,16,331,100.0,100.0,95.3,3,26,5,556,0,0,554,556,346,346,0,0,210,1
Dontae Lucas,98047,G,FLORIDA ST,10,100.0,1,167,61.7,66.9,60.2,3,8,317,100.0,100.0,97.3,4,14,3,556,0,102,0,556,342,342,454,0,214,0
Robert Jones,100786,T,MIDDLE TN,12,100.0,0,224,72.6,74.6,68.2,1,7,303,100.0,100.0,98.3,2,9,1,556,0,0,0,556,325,325,0,549,231,5
Tarik Adams,41898,T,MARSHALL,12,100.0,0,214,72.5,63.2,73.9,1,8,257,100.0,100.0,97.1,1,12,3,554,0,0,0,554,280,280,0,554,274,0
Sean Bailey,40720,G,E CAROLINA,8,100.0,0,156,59.4,63.3,56.2,3,8,261,100.0,100.0,97.5,0,12,1,550,0,0,0,550,285,285,550,0,265,0
Jake Kradel,77328,G,PITTSBURGH,9,100.0,0,268,65.0,61.8,68.5,2,10,319,100.0,100.0,97.5,3,14,2,548,0,0,0,548,330,330,548,0,218,0
Peyton Reeder,56549,C,ARMY,10,100.0,1,114,74.5,18.8,77.8,3,5,98,100.0,100.0,95.9,3,8,0,548,371,0,0,548,105,105,177,0,443,0
Devin Cochran,41198,T,VANDERBILT,9,100.0,2,333,68.3,76.7,60.7,3,4,294,100.0,100.0,98.5,5,8,1,547,0,0,547,547,304,304,0,0,243,0
Cole Clemens,60203,G,VANDERBILT,9,100.0,0,333,57.1,51.5,58.9,1,11,305,100.0,100.0,97.4,2,14,2,545,0,0,78,545,317,317,467,0,228,0
Sincere Haynesworth,97644,G,TULANE,10,100.0,2,319,64.0,69.1,63.0,2,4,232,100.0,100.0,98.3,3,7,1,543,72,0,0,543,238,238,471,0,305,0
Syrus Tuitele,59696,T,FRESNO ST,8,100.0,1,169,81.0,73.1,80.1,0,13,302,100.0,100.0,97.5,1,14,1,542,0,0,1,542,318,318,0,541,224,0
Artice Hobbs IV,57142,HB,ARMY,13,79.5,0,114,67.9,22.2,56.9,0,1,4,3.7,3.4,87.5,1,1,0,542,0,0,0,682,4,116,0,0,538,408
Brian Abosi,52087,T,UMASS,11,100.0,0,216,45.1,31.9,54.5,3,22,277,100.0,100.0,94.8,4,27,2,542,0,0,0,542,289,289,0,542,253,0
Donovan Jennings,86861,T,USF,10,100.0,0,327,66.1,74.8,64.6,3,9,298,100.0,100.0,97.7,4,13,1,541,0,0,429,541,310,310,112,0,231,0
Matt Allen,41727,C,MICH STATE,9,100.0,0,223,60.4,75.0,54.9,1,3,308,100.0,100.0,99.4,2,4,0,538,538,0,0,538,323,323,0,0,215,0
Mershawn Miller,55164,G,FIU,13,100.0,0,166,68.3,77.7,63.7,1,2,255,100.0,100.0,99.4,0,3,0,534,30,32,0,534,268,268,471,0,266,0
Kell Walker,45957,FB,ARMY,13,77.1,1,114,65.5,45.7,63.1,0,1,16,14.5,13.6,96.9,3,1,0,534,0,0,0,693,16,118,0,0,518,484
Kyler Hack,81899,T,UTAH ST,9,100.0,0,329,55.1,42.4,61.8,4,22,298,100.0,100.0,94.3,1,30,4,534,0,0,75,534,314,314,0,456,220,3
Austin Myers,40815,G,TCU,10,100.0,2,305,58.1,73.7,54.5,4,10,291,100.0,100.0,97.3,3,15,1,534,0,0,20,534,300,300,513,1,234,0
Cole Bentley,59816,C,LOUISVILLE,11,100.0,1,210,67.6,66.3,68.2,1,8,229,100.0,100.0,97.2,6,11,2,532,448,57,0,532,239,239,26,0,293,0
Austin Capps,25521,G,ARKANSAS,9,100.0,0,111,68.3,69.2,67.8,0,6,284,100.0,100.0,98.6,1,7,1,531,0,531,0,531,302,302,0,0,229,0
Luke Martin,77525,G,BALL ST,10,100.0,5,117,51.0,51.5,52.4,0,12,258,100.0,100.0,97.7,7,12,0,531,0,531,0,531,273,273,0,0,258,0
Mike Miranda,60016,G,PENN STATE,13,100.0,1,266,65.1,61.9,65.1,3,8,249,100.0,100.0,97.4,2,12,1,529,60,23,0,529,264,264,446,0,265,0
Brady Aiello,28150,G,OREGON,14,99.6,0,264,69.2,73.9,65.9,2,5,263,99.2,99.3,97.9,2,9,2,525,0,0,6,527,276,278,296,209,249,16
Deonte Brown,41457,G,ALABAMA,9,100.0,0,103,74.4,58.7,80.0,2,11,272,100.0,100.0,97.6,2,13,0,521,0,16,0,521,288,288,505,0,233,0
Duke Clemens,100545,G,UCLA,9,100.0,0,324,54.2,52.5,51.7,0,14,283,100.0,100.0,96.1,0,18,4,519,0,519,0,519,289,289,0,0,230,0
Jacob Capra,41743,T,S DIEGO ST,9,100.0,0,284,60.7,75.6,56.6,0,9,228,100.0,100.0,97.1,6,11,2,517,0,0,198,517,236,236,1,312,281,5
Luke Campbell,41501,G,MICH STATE,9,100.0,0,223,60.9,62.5,60.6,0,11,292,100.0,100.0,97.8,3,12,1,517,0,467,4,517,312,312,46,0,205,0
Sam Dervil,59674,G,E MICHIGAN,13,100.0,2,160,51.5,63.3,49.1,1,11,300,100.0,100.0,98.0,4,12,0,517,0,0,0,517,319,319,517,0,198,0
Jake Donnellon,41670,G,E MICHIGAN,13,100.0,1,160,69.2,61.2,70.5,0,12,288,100.0,100.0,97.9,2,12,0,516,0,124,0,516,310,310,392,0,206,0
Joshua Ezeudu,77355,G,N CAROLINA,12,100.0,0,245,61.3,84.4,52.5,1,5,268,100.0,100.0,98.9,4,6,0,516,0,380,85,516,287,287,1,47,229,3
David Moorman,36751,G,WISCONSIN,12,100.0,0,349,68.3,65.8,67.6,3,2,192,100.0,100.0,98.2,1,6,1,512,0,400,0,512,197,197,16,86,315,0
Austin Fontaine,82325,G,MARYLAND,12,100.0,1,215,49.6,59.6,47.1,2,7,272,100.0,100.0,96.9,4,13,4,511,35,32,0,511,284,284,443,0,227,0
Lee Dufour,27415,C,UAB,8,100.0,0,321,62.5,79.9,59.3,0,2,211,100.0,100.0,98.1,3,5,3,511,509,0,0,511,224,224,0,0,287,0
Tommy Champion,59873,T,MISS STATE,12,100.0,0,227,54.9,62.1,51.5,2,5,235,100.0,100.0,98.1,3,8,1,510,0,126,0,510,247,247,113,271,263,0
Josh Harshman,47108,TE,WYOMING,13,70.6,0,351,60.6,76.4,63.5,0,2,62,23.7,23.2,98.4,6,2,0,509,0,0,3,721,64,276,0,0,445,600
Justin Rigg,42096,TE,KENTUCKY,13,75.3,1,202,61.0,69.5,62.2,0,3,59,27.4,27.7,97.5,4,3,0,509,0,0,0,676,64,231,0,0,445,476
Ed Montilus,77353,G,N CAROLINA,13,100.0,0,245,59.9,62.0,59.5,1,8,255,100.0,100.0,97.8,2,10,1,509,0,509,0,509,266,266,0,0,243,0
Mark Stickford,60026,G,PURDUE,11,99.8,1,273,52.9,57.0,46.9,7,12,331,100.0,99.7,97.1,1,19,0,508,0,418,0,509,344,345,89,0,164,2
Bryson Speas,59937,T,NC STATE,12,100.0,0,248,64.0,73.2,58.4,3,7,296,100.0,100.0,98.3,2,10,0,507,0,23,35,507,309,309,11,437,198,1
Trevor Ruhland,37058,G,NOTRE DAME,9,100.0,0,258,64.3,78.5,59.6,3,2,269,100.0,100.0,99.1,2,5,0,507,0,0,0,507,288,288,507,0,219,0
Marcus Minor,59831,T,MARYLAND,10,100.0,2,215,46.1,36.5,56.4,4,16,272,100.0,100.0,95.2,6,23,3,507,0,0,0,507,291,291,0,502,216,5
John Bates,42275,TE,BOISE ST,14,64.8,0,120,72.4,72.2,74.2,0,4,82,23.6,24.0,97.6,2,4,0,507,0,0,1,782,87,362,0,1,420,661
Landon Forman,77553,T,AKRON,9,100.0,0,102,29.7,14.2,52.4,9,28,349,100.0,100.0,92.4,5,45,8,507,0,0,0,507,363,363,0,507,144,0
Josh Ball,40733,T,MARSHALL,13,100.0,1,214,80.6,76.8,80.7,1,9,212,100.0,100.0,97.2,4,11,1,506,0,0,504,506,228,228,0,0,278,0
Jack Coan,60613,QB,WISCONSIN,14,54.7,0,349,78.5,,60.4,0,0,0,0.0,0.0,,1,0,0,506,0,0,0,925,0,385,0,0,506,0
Josh McCulloch,81832,T,S ALABAMA,10,100.0,0,288,58.4,53.8,60.7,1,16,207,100.0,100.0,95.4,2,18,1,505,0,0,0,505,223,223,0,505,282,0
Paiton Fears,98700,T,ARIZONA,11,100.0,1,109,57.6,58.9,56.9,0,15,299,100.0,100.0,96.2,4,19,4,505,0,110,0,505,314,314,0,395,191,0
Robert Congel,60119,G,ARIZONA,10,100.0,0,109,61.5,75.3,55.4,0,5,294,100.0,100.0,98.8,2,6,1,505,53,432,0,505,309,309,20,0,196,0
Briason Mays,77469,C,W VIRGINIA,7,100.0,1,343,51.8,68.6,45.7,1,8,302,100.0,100.0,98.5,3,9,0,499,498,0,0,499,315,315,0,0,184,0
Mike Lonsdorf,41498,T,RUTGERS,12,99.8,0,278,60.3,45.6,64.7,2,14,217,99.5,99.6,94.5,2,20,4,498,0,0,469,499,229,230,0,21,269,9
Elijah Klein,81912,G,UTEP,9,100.0,0,330,54.2,53.0,54.2,1,12,255,100.0,100.0,97.5,2,13,0,495,0,0,38,495,273,273,442,15,222,0
Donald Hammond III,82065,QB,AIR FORCE,13,65.6,0,101,89.3,62.2,60.0,0,0,1,0.8,0.8,100.0,3,0,0,494,0,0,0,753,1,130,0,0,493,0
Dalton Keene,61068,TE,VA TECH,13,70.7,0,337,62.5,63.4,62.4,1,3,99,34.9,35.2,98.0,0,4,0,492,0,0,0,696,105,298,0,0,387,386
Michael Brown,77467,G,W VIRGINIA,10,100.0,0,343,58.6,58.3,57.1,4,4,308,100.0,100.0,98.7,3,8,0,491,0,484,7,491,324,324,0,0,167,0
Parker Houston,41809,TE,S DIEGO ST,13,66.2,0,284,52.7,66.0,55.7,1,2,79,24.5,25.4,98.1,3,3,0,490,0,0,0,740,85,335,0,0,405,404
Vincent McConnell,55089,G,CINCINNATI,12,100.0,0,138,46.3,37.2,47.1,1,14,212,100.0,100.0,95.5,1,17,2,489,0,270,0,489,225,225,128,91,264,0
Spencer Kanz,41941,T,W MICHIGAN,10,100.0,0,347,66.0,50.0,72.5,2,10,260,100.0,100.0,96.5,1,15,3,488,0,0,0,488,278,278,0,487,210,0
Cade Otton,61071,TE,WASHINGTON,13,61.5,0,340,70.2,68.3,79.3,1,2,68,18.7,19.0,97.8,4,3,0,488,0,0,2,794,72,378,0,2,416,510
Abdul Bello,37001,T,FLORIDA ST,10,100.0,0,167,39.5,43.2,40.5,7,9,281,100.0,100.0,96.4,5,18,2,488,0,0,481,488,298,298,0,0,190,7
Matt Smith,41124,C,FRESNO ST,8,100.0,0,169,68.5,81.7,63.6,0,3,274,100.0,100.0,99.5,2,3,0,488,488,0,0,488,286,286,0,0,202,0
Thomas Hennigan,61125,WR,APP STATE,14,55.6,1,108,69.4,62.1,53.8,0,0,0,0.0,0.3,,6,0,0,488,0,0,0,878,1,390,0,0,487,6
Cody Creason,38799,G,ARIZONA,7,100.0,0,109,68.8,77.4,66.4,3,4,268,100.0,100.0,98.7,3,7,0,488,0,0,0,488,276,276,488,0,212,0
Giovanni Ricci,13756,TE,W MICHIGAN,13,56.6,0,347,70.0,63.4,49.4,1,0,81,18.6,19.3,99.4,1,1,0,487,0,0,0,860,89,462,0,0,398,540
David Galten,60146,G,UAB,8,100.0,0,321,59.4,75.9,57.5,1,2,203,100.0,100.0,98.3,4,5,2,487,0,487,0,487,212,212,0,0,275,0
Dylan Wonnum,81842,T,S CAROLINA,7,99.8,0,289,60.7,57.6,61.6,1,12,316,99.7,99.7,96.7,2,17,4,485,0,0,52,486,333,334,0,424,152,7
Alonzo Velazquez,60823,T,WYOMING,9,100.0,1,351,68.1,73.1,65.8,1,5,164,100.0,100.0,97.6,2,7,1,483,0,0,0,483,172,172,0,479,311,4
Kylen Granson,40630,TE,SMU,13,51.9,0,287,66.3,60.7,69.0,2,0,81,16.4,15.6,97.5,4,3,1,482,0,0,2,928,82,527,0,0,400,247
Kyler Schott,81684,G,IOWA,8,100.0,0,192,74.8,69.2,76.8,1,6,239,100.0,100.0,98.1,1,8,1,482,11,0,0,482,252,252,471,0,230,0
Sean McMoore,41115,C,VANDERBILT,9,100.0,1,333,34.1,21.6,41.6,1,20,262,100.0,100.0,95.6,2,22,1,481,481,0,0,481,272,272,0,0,209,0
Michael Howard,36169,T,OLE MISS,12,100.0,0,226,45.8,42.1,47.5,1,6,211,100.0,100.0,97.9,1,8,1,480,0,0,438,480,217,217,0,41,263,1
Edgar Burrola,58486,T,ARIZONA,11,100.0,0,109,68.8,68.8,66.3,2,10,261,100.0,100.0,97.7,1,12,0,480,0,0,0,480,271,271,0,480,209,0
Josh Lugg,59982,T,NOTRE DAME,9,100.0,1,258,67.5,83.0,63.1,3,5,247,100.0,100.0,98.4,5,8,0,480,0,0,48,480,263,263,0,431,217,1
Rusty Feth,53571,G,MIAMI OH,11,100.0,0,221,59.2,68.8,56.5,0,5,202,100.0,100.0,98.8,2,5,0,478,0,46,0,478,209,209,430,0,269,2
Cobe Bryant,101037,G,SMU,12,100.0,1,287,55.2,59.3,58.2,3,7,238,100.0,100.0,97.9,5,10,0,477,0,0,0,477,254,254,365,112,223,0
Tanner Morgan,55239,QB,MINNESOTA,13,53.1,1,225,85.5,,61.4,0,0,0,0.0,0.0,,3,0,0,476,0,0,0,896,0,391,0,0,476,0
Ryan Alexander,47052,T,SYRACUSE,7,100.0,1,304,62.4,78.6,59.4,0,12,288,100.0,100.0,97.6,7,13,1,476,0,0,0,476,305,305,0,476,171,0
Marshon Ford,77874,TE,LOUISVILLE,13,78.3,1,210,70.3,49.4,62.6,3,8,126,49.2,50.6,95.6,1,11,0,475,0,0,0,607,135,267,0,0,340,168
Nick Broeker,99084,T,OLE MISS,11,100.0,0,226,54.3,51.7,56.0,1,11,195,100.0,100.5,96.4,3,13,1,475,0,0,475,475,214,213,0,0,261,0
Jack Freeman,77435,C,HOUSTON,8,100.0,0,182,53.5,51.3,52.6,5,3,229,100.0,100.0,98.3,1,8,0,475,475,0,0,475,252,252,0,0,223,0
Ben Cleveland,41696,G,GEORGIA,13,100.0,0,173,77.8,78.5,76.7,0,7,208,100.0,100.0,98.3,2,7,0,475,0,0,0,475,223,223,475,0,252,0
Henry Pearson,83930,TE,APP STATE,14,72.8,0,108,66.0,70.6,80.3,0,1,52,23.6,23.4,97.1,1,2,1,474,0,0,0,651,54,231,0,1,420,303
Evan Curl,36897,G,KANSAS ST,13,100.0,0,199,63.9,71.6,62.6,0,7,231,100.0,100.0,98.1,2,8,1,473,0,467,0,473,243,243,6,0,230,0
Antonio Nunn,42411,WR,BUFFALO,12,65.3,0,126,80.0,,66.1,0,0,0,0.0,0.0,,4,0,0,472,0,0,0,723,0,251,0,0,472,0
Antwine Loper,54534,T,COAST CAR,8,100.0,0,141,56.9,38.9,63.4,4,11,219,100.0,100.0,95.2,1,18,3,471,0,0,16,471,234,234,0,455,237,0
Joey Magnifico,36183,TE,MEMPHIS,13,65.4,1,218,58.8,69.6,64.1,2,0,85,26.5,26.4,98.8,5,2,0,471,0,0,0,720,89,337,0,0,382,480
Marcus Greer,79674,G,MIDDLE TN,10,100.0,0,224,49.6,46.3,48.2,1,12,256,100.0,100.0,97.1,3,14,1,471,0,0,0,471,277,277,471,0,194,0
Andru Tovi,59773,C,KANSAS,12,100.0,0,198,61.4,55.2,62.6,2,13,258,100.0,100.0,96.7,1,16,1,470,470,0,0,470,270,270,0,0,200,0
Kade Waguespack,60830,T,AIR FORCE,11,85.6,0,101,74.3,79.7,80.2,0,0,4,5.1,4.8,100.0,3,0,0,468,0,0,63,547,4,83,0,49,464,128
Christian Trahan,77912,TE,HOUSTON,12,78.7,1,182,62.3,45.0,46.9,0,10,141,55.1,54.3,92.9,2,15,5,466,0,0,0,592,150,276,0,0,316,359
Chris Hughes,23029,G,KANSAS,12,100.0,0,198,70.1,77.2,67.0,3,6,244,100.0,100.0,98.2,0,9,0,466,0,1,0,466,261,261,465,0,205,0
Ryan Luehrman,42371,TE,OHIO,13,63.4,0,259,67.7,54.1,55.7,0,3,55,18.0,18.3,95.5,2,4,1,464,0,0,0,732,60,328,0,0,404,346
Bryson Cain,41281,G,ARIZONA,10,100.0,0,109,61.9,76.3,55.4,1,5,271,100.0,100.0,98.9,0,6,0,464,0,280,0,464,282,282,184,0,182,0
Mark Brooks,41609,T,W MICHIGAN,12,100.0,0,347,81.5,73.9,80.3,3,5,199,100.0,100.0,97.5,1,9,1,463,0,0,0,463,209,209,0,462,254,0
Cornelius McCoy,84196,WR,GA STATE,13,52.1,0,175,71.9,,58.5,0,0,0,0.0,0.0,,6,0,0,461,0,0,0,885,0,423,0,0,461,0
Tanner King,57106,T,TEXAS ST,8,100.0,0,314,40.9,18.1,53.8,9,17,275,100.0,100.0,94.9,2,27,1,461,0,68,393,461,289,289,0,0,172,0
Erik Swenson,40250,T,OKLAHOMA,10,100.0,0,261,67.8,72.1,65.1,1,14,228,100.0,100.0,96.7,4,15,0,460,0,0,407,460,237,237,0,53,223,0
Cam Brown,57052,TE,GA SOUTHRN,13,93.4,0,174,53.7,64.9,55.8,0,0,54,62.8,64.8,100.0,0,0,0,456,0,0,0,488,59,91,0,0,397,384
D'Andre Plantin,37015,T,N TEXAS,8,100.0,0,251,47.9,58.4,41.5,4,7,261,100.0,100.0,97.5,1,12,1,456,0,5,343,456,272,272,0,108,184,0
Tre Nixon,40445,WR,UCF,13,49.4,1,323,59.9,,61.9,0,0,0,0.0,0.0,,4,0,0,456,0,0,0,924,0,468,0,0,456,0
Zac Thomas,39989,QB,APP STATE,14,48.0,0,108,72.2,,60.2,0,0,0,0.0,0.0,,3,0,0,456,0,0,0,950,0,433,0,0,456,0
Benn Olson,41556,G,N ILLINOIS,10,100.0,0,254,61.9,71.5,59.4,0,4,246,100.0,100.0,98.8,4,5,1,456,65,391,0,456,255,255,0,0,201,0
Greg Eiland,41341,T,MISS STATE,11,100.0,0,227,58.1,51.7,58.6,4,10,213,100.0,100.0,95.3,1,17,3,455,0,0,11,455,217,217,0,443,238,0
Joshua Mote,59803,G,LA TECH,13,99.1,0,208,70.8,71.6,70.6,0,8,235,98.3,98.4,98.3,0,8,0,455,0,209,0,459,245,249,212,2,210,36
John Michael Schmitz Jr.,55238,C,MINNESOTA,12,100.0,0,225,85.0,78.1,82.8,1,1,180,100.0,100.0,99.4,1,2,0,452,451,0,0,452,189,189,0,0,263,0
Nolan Givan,42166,TE,BALL ST,12,70.5,0,117,52.3,60.0,58.6,1,2,72,28.8,29.2,97.9,4,3,0,452,0,0,0,641,78,267,0,0,374,552
Sam Neverov,58535,G,BOWL GREEN,8,100.0,1,122,61.8,47.0,63.1,4,8,206,100.0,100.0,97.1,4,12,0,451,0,356,94,451,214,214,0,0,237,0
C.J. Thorpe,60018,G,PENN STATE,13,100.0,0,266,70.1,44.4,77.1,5,5,218,100.0,100.0,96.8,4,12,2,450,0,18,0,450,226,226,432,0,224,0
Noah Henderson,77439,T,E CAROLINA,11,100.0,0,156,41.1,23.8,52.0,7,20,255,100.0,100.0,94.7,0,27,0,449,0,0,10,449,276,276,0,439,173,0
Ry Schneider,41164,G,OKLA STATE,12,100.0,1,262,64.9,68.4,63.1,1,5,198,100.0,100.0,97.5,3,8,2,446,160,0,0,446,211,211,286,0,235,0
T.J. McCoy,37073,C,LOUISVILLE,9,100.0,0,210,51.4,56.6,55.8,0,4,194,100.0,100.0,97.9,6,6,2,444,444,0,0,444,204,204,0,0,240,0
Levi Lewis,60428,QB,LA LAFAYET,14,47.8,0,207,72.1,62.2,60.2,0,0,1,0.2,0.2,100.0,4,0,0,443,0,0,0,926,1,451,0,0,442,0
Bernhard Raimann,77948,TE,C MICHIGAN,14,71.0,0,134,47.7,73.5,54.9,0,2,68,28.3,28.5,98.5,4,2,0,443,0,0,0,624,72,253,0,2,371,566
Mark Kallenberger,59748,G,IOWA,12,100.0,1,192,71.2,74.7,69.8,2,6,228,100.0,100.0,98.2,1,8,0,442,0,127,124,442,237,237,190,1,205,0
Jakoby Jones,100794,G,UAB,12,100.0,1,321,50.5,47.3,54.4,1,8,200,100.0,100.0,96.7,4,11,2,440,0,297,55,440,205,205,0,0,235,86
Kameren Stewart,98488,T,COAST CAR,7,100.0,2,141,32.6,24.1,40.6,1,16,189,100.0,100.0,94.4,7,19,2,439,0,0,435,439,201,201,0,1,238,3
Marcus Williams,60973,TE,NEW MEXICO,12,64.0,1,241,68.0,51.6,57.9,1,3,88,27.7,28.5,96.6,3,5,1,437,0,0,0,683,98,344,0,0,339,145
Matt Martin,78348,C,MIDDLE TN,9,100.0,3,224,56.9,59.2,64.9,0,6,248,100.0,100.0,98.8,8,6,0,436,436,0,0,436,268,268,0,0,168,0
J.D. Duplain,101572,G,MICH STATE,9,100.0,0,223,55.5,62.7,51.2,1,3,216,100.0,100.0,98.6,0,5,1,434,0,434,0,434,226,226,0,0,208,0
Tyler Johnson,48054,WR,MINNESOTA,13,53.0,0,225,91.5,,60.6,0,0,0,0.0,0.0,,1,0,0,433,0,0,0,817,0,384,0,0,433,0
Stewart Reese,41113,G,MISS STATE,11,100.0,0,227,59.8,76.3,55.5,3,5,215,100.0,100.0,98.1,2,8,0,433,0,0,0,433,222,222,303,130,211,0
Jacob Jankoviak,101276,G,NEW MEXICO,11,100.0,0,241,64.1,61.8,64.0,2,7,194,100.0,100.0,97.7,2,9,0,432,0,71,0,432,211,211,361,0,221,0
Charlie Woerner,42257,TE,GEORGIA,14,65.3,0,173,58.9,67.4,82.9,0,2,54,19.7,20.4,98.1,2,2,0,432,0,0,0,662,59,289,0,0,373,380
Camden Harrison,61153,WR,ARMY,12,74.6,0,114,73.8,61.0,75.6,0,0,1,0.7,0.7,100.0,2,0,0,432,0,0,6,579,1,148,0,1,431,2
Matt Bockhorst,51714,G,CLEMSON,15,100.0,1,140,73.1,70.3,75.9,2,3,197,100.0,100.0,98.2,3,6,1,431,0,300,0,431,210,210,131,0,221,0
Jake Hescock,41322,FB,UCF,12,80.6,0,323,55.6,36.9,60.4,2,10,142,60.9,58.7,95.1,1,13,1,431,0,0,0,535,148,252,0,0,283,114
Dalton Tomlison,98403,C,UMASS,9,100.0,0,216,35.2,25.8,42.8,1,7,221,100.0,100.0,96.8,3,11,3,431,413,0,0,431,231,231,18,0,200,0
Noah Togiai,47282,TE,OREGON ST,12,56.1,0,265,63.4,72.7,55.7,0,2,84,20.5,20.7,98.8,3,2,0,430,0,0,0,767,88,425,0,0,342,536
Khalil Keith,58528,G,BAYLOR,10,100.0,0,118,62.3,68.3,61.4,3,4,227,100.0,100.0,97.6,3,9,2,429,0,417,0,429,240,240,0,0,189,11
Darta Lee,81911,T,UTEP,10,100.0,1,330,64.3,58.9,73.3,5,8,209,100.0,100.0,95.5,6,16,3,429,0,0,358,429,224,224,71,0,205,0
Drew Plitt,39879,QB,BALL ST,12,46.5,0,117,66.2,,60.5,0,0,0,0.0,0.0,,2,0,0,429,0,0,0,923,0,461,0,0,429,1
Clyde McCauley III,36930,T,KANSAS,12,100.0,0,198,64.5,70.7,59.6,1,5,216,100.0,100.0,98.1,1,7,1,426,0,4,3,426,231,231,0,415,195,4
Jace Fuamatu,81648,G,FRESNO ST,7,100.0,0,169,57.8,52.5,59.6,1,10,221,100.0,100.0,97.1,3,12,1,426,0,418,0,426,238,238,8,0,188,0
Roger Carter,55200,TE,GA STATE,13,60.4,0,175,63.4,77.9,56.0,0,0,28,9.7,10.3,100.0,1,0,0,425,0,0,3,704,32,311,0,7,393,194
Brady White,25506,QB,MEMPHIS,14,44.6,0,218,73.4,62.2,61.5,0,0,1,0.2,0.2,100.0,4,0,0,425,0,0,0,952,1,493,0,0,424,0
Austin Watkins,84457,WR,UAB,14,53.7,0,321,87.1,,64.5,0,0,0,0.0,0.0,,0,0,0,424,0,0,0,789,0,365,0,0,424,0
Robert Hainsey,59980,T,NOTRE DAME,8,100.0,1,258,74.6,79.0,72.6,2,6,241,100.0,100.0,98.3,6,8,0,423,0,0,0,423,252,252,0,423,171,0
Jerome Carvin,81852,G,TENNESSEE,10,99.8,0,307,51.5,48.0,49.5,0,7,190,99.5,99.5,98.2,1,7,0,422,17,2,1,423,207,208,396,0,215,7
Shane Buechele,12659,QB,SMU,13,41.3,0,287,82.7,62.2,60.6,0,0,0,0.0,0.2,,1,0,0,422,0,0,0,1023,1,571,0,0,421,0
Austin Dorris,47305,TE,BOWL GREEN,12,60.2,0,122,40.5,60.3,41.9,0,0,62,18.9,18.4,96.8,5,2,2,422,0,0,0,701,63,342,0,0,359,534
Jake Hornibrook,100519,G,STANFORD,7,100.0,0,300,55.9,49.1,55.0,5,10,270,100.0,100.0,96.5,0,17,2,422,0,0,0,422,281,281,422,0,141,0
Jake Fromm,60389,QB,GEORGIA,14,47.3,0,173,86.5,,60.2,0,0,0,0.0,0.0,,3,0,0,421,0,0,0,891,0,445,0,0,421,0
Josiah Deguara,47034,TE,CINCINNATI,14,53.8,0,138,70.2,48.2,69.7,0,4,37,9.7,9.8,94.6,3,4,0,421,0,0,0,782,39,400,0,0,382,468
Ryan Carriere,41232,TE,CHARLOTTE,13,82.5,0,136,54.3,56.7,65.8,1,3,82,49.1,49.7,97.6,4,4,0,420,0,0,0,509,88,177,0,0,332,446
Tanner Cowley,47479,TE,VIRGINIA,14,55.9,0,335,60.3,70.0,58.1,0,10,144,30.9,32.3,95.8,0,11,1,420,0,0,0,751,158,489,1,0,262,428
Nick Brahms,58514,C,AUBURN,9,100.0,0,115,65.6,76.3,61.4,1,2,211,100.0,100.0,99.3,1,3,0,419,419,0,0,419,219,219,0,0,200,0
James Mitchell,77885,TE,VA TECH,13,63.4,0,337,70.2,59.6,61.8,1,0,48,17.6,18.3,99.0,2,1,0,418,0,0,2,659,53,289,0,2,365,316
Daniel Bellinger,84041,TE,S DIEGO ST,13,64.1,0,284,62.2,63.3,57.0,0,1,33,13.0,12.7,95.5,1,2,1,417,0,0,0,651,34,268,0,1,383,553
Nouredin Nouili,98263,G,COLO STATE,8,100.0,0,144,53.3,65.9,47.2,1,5,245,100.0,100.0,98.0,1,8,2,417,0,410,2,417,261,261,0,5,156,0
Greg Long,41334,T,UTEP,7,100.0,0,330,51.7,47.0,57.4,1,9,191,100.0,100.0,94.2,4,16,6,417,0,0,0,417,206,206,0,417,211,0
Jelani Woods,60509,TE,OKLA STATE,13,70.5,0,262,54.8,80.6,57.9,0,1,83,33.3,34.1,99.4,2,1,0,416,0,0,1,590,90,264,0,2,326,405
Victor Tucker,61203,WR,CHARLOTTE,13,53.1,1,136,83.4,,72.5,0,0,0,0.0,0.0,,2,0,0,415,0,0,0,782,0,364,0,0,415,1
Ben Knutson,39837,G,TULANE,10,100.0,0,319,52.4,75.8,52.0,1,0,177,100.0,100.0,99.2,5,2,1,414,0,0,0,414,182,182,414,0,232,0
Amir Luckett,59864,T,MIDDLE TN,12,100.0,2,224,59.0,61.9,58.4,2,5,233,100.0,100.0,98.5,3,7,0,413,0,0,31,413,247,247,131,245,166,6
Robert Hunt,46139,T,LA LAFAYET,7,100.0,0,207,87.1,80.7,86.0,0,1,184,100.0,100.0,99.2,2,2,1,412,0,0,0,412,196,196,6,402,216,4
Ryan Agnew,33451,QB,S DIEGO ST,12,46.2,0,284,80.5,,60.0,0,0,0,0.0,0.0,,2,0,0,412,0,0,0,891,0,442,0,0,412,0
Dylan Couch,41390,G,TULSA,7,100.0,1,320,48.2,59.3,45.8,1,6,194,100.0,100.0,98.2,5,7,0,412,34,0,0,412,209,209,378,0,203,0
Caleb Kelly,59709,T,GA SOUTHRN,10,100.0,0,174,69.5,62.4,70.1,1,0,112,100.0,100.0,97.8,4,3,2,411,0,0,251,411,125,125,0,157,286,0
Ed Ingram,59819,G,LSU,11,100.0,1,211,60.0,56.0,60.4,3,3,236,100.0,100.0,98.3,1,7,1,411,0,411,0,411,245,245,0,0,166,0
Brett Kitrell,59985,G,OHIO,8,100.0,0,259,61.5,61.9,64.7,3,7,192,100.0,100.0,96.9,6,11,1,410,0,410,0,410,206,206,0,0,204,0
Grant Miller,60200,C,VANDERBILT,8,99.8,0,333,30.8,25.8,34.8,2,7,236,100.0,100.0,97.7,4,10,1,410,286,28,0,411,249,249,97,0,161,0
LaQuinston Sharp,99095,G,MISS STATE,9,100.0,0,227,61.1,50.8,62.5,3,5,176,100.0,100.0,96.6,3,10,2,410,1,0,0,410,182,182,408,0,228,0
Jake Molinich,45060,TE,BUFFALO,13,86.2,1,126,49.8,63.2,56.4,0,1,23,26.7,26.1,97.8,1,1,0,407,0,0,0,472,23,88,0,0,384,369
James Fagan,84031,T,DOMINION,9,100.0,0,263,57.3,54.6,58.2,2,10,251,100.0,100.0,94.8,1,19,7,406,0,0,391,406,266,266,0,15,140,0
Gabe Davis,55410,WR,UCF,12,47.7,0,323,79.4,,73.5,0,0,0,0.0,0.0,,5,0,0,406,0,0,1,851,0,445,0,0,406,0
Justin Herbert,28237,QB,OREGON,14,43.6,1,264,82.7,,60.0,0,0,0,0.0,0.0,,6,0,0,405,0,0,0,928,0,494,0,0,405,0
Frank Crum,75860,T,WYOMING,10,100.0,2,351,57.4,49.3,62.1,1,6,155,100.0,100.0,95.8,4,10,3,405,0,20,38,405,164,164,0,344,241,3
AJ Arcuri,44757,T,MICH STATE,7,100.0,2,223,52.1,54.3,54.3,2,5,200,100.0,100.0,97.2,4,9,2,404,0,0,403,404,209,209,0,0,195,1
Jake Stetz,58529,G,BOISE ST,7,100.0,0,120,83.0,89.1,80.9,1,0,178,100.0,100.0,99.7,1,1,0,403,11,235,1,403,185,185,156,0,218,0
Emanuel McGirt Jr.,46377,T,NC STATE,12,100.0,1,248,54.9,52.6,60.9,3,10,223,100.0,100.0,97.1,4,13,0,403,0,0,244,403,227,227,0,155,176,4
Dyami Brown,77986,WR,N CAROLINA,13,46.6,0,245,69.9,,73.4,0,0,0,0.0,0.0,,3,0,0,403,0,0,0,864,0,461,0,0,403,0
Matthew Bergeron,99658,T,SYRACUSE,10,100.0,2,304,63.2,58.1,67.2,1,13,191,100.0,100.0,94.8,3,17,3,403,0,0,22,403,195,195,0,381,208,0
Patrick Arnold,55559,G,WYOMING,11,100.0,0,351,45.2,36.3,48.2,0,11,140,100.0,100.0,94.6,3,13,2,402,9,266,0,402,148,148,127,0,254,0
Brady Russell,60876,TE,COLORADO,12,55.1,0,143,54.8,63.1,62.9,0,3,52,14.4,14.4,93.3,3,5,2,402,0,0,0,729,55,382,0,0,347,354
Jack Stoll,42058,TE,NEBRASKA,12,56.6,1,238,61.0,71.9,72.1,1,0,30,9.1,9.4,98.3,2,1,0,401,0,0,4,708,32,339,0,3,369,372
Michael Eletise,40716,G,HAWAII,10,100.0,1,180,69.8,72.8,68.1,2,3,259,100.0,100.0,98.6,3,6,1,400,0,393,0,400,265,265,7,0,135,0
Keith Williams,30673,T,COLO STATE,10,100.0,0,144,51.8,49.1,53.4,5,16,224,100.0,100.0,94.0,2,24,3,399,0,0,6,399,232,232,0,392,167,1
Henry Hattis,41923,G,STANFORD,6,100.0,1,300,54.8,64.5,56.6,2,4,229,100.0,100.0,98.3,6,7,1,398,0,0,0,398,245,245,329,69,153,0
Nathan Veloz,37180,G,N ILLINOIS,11,100.0,1,254,65.0,79.7,62.2,4,3,213,100.0,100.0,97.9,3,8,1,397,0,344,0,397,221,221,53,0,176,0
Myron Mitchell,100887,WR,UAB,14,53.9,0,321,62.1,,52.6,0,0,0,0.0,0.0,,3,0,0,397,0,0,0,736,0,337,0,0,397,0
Jon Wassink,34650,QB,W MICHIGAN,13,43.8,0,347,72.5,,60.1,0,0,0,0.0,0.0,,2,0,0,397,0,0,0,907,0,481,0,0,397,0
Branden Mack,39902,WR,TEMPLE,13,44.1,0,306,68.6,,62.6,0,0,0,0.0,0.0,,4,0,0,395,0,0,0,895,0,500,0,0,395,0
Jacob Eason,46444,QB,WASHINGTON,13,45.0,0,340,84.3,,60.9,0,0,0,0.0,0.0,,3,0,0,395,0,0,0,877,0,457,0,0,395,0
Darnell Mooney,48236,WR,TULANE,13,51.3,0,319,72.5,,76.1,0,0,0,0.0,0.0,,2,0,0,394,0,0,0,768,0,374,0,0,394,1
Kyle Vantrease,55029,QB,BUFFALO,11,65.1,0,126,83.1,,60.2,0,0,0,0.0,0.0,,0,0,0,394,0,0,0,605,0,178,0,0,394,0
Ty Shaw,40627,G,UTAH ST,12,100.0,0,329,51.3,60.0,47.8,0,8,204,100.0,100.0,98.0,1,8,0,393,0,393,0,393,216,216,0,0,177,0
Sam Howell,97599,QB,N CAROLINA,13,41.3,0,245,82.0,,60.3,0,0,0,0.0,0.0,,3,0,0,393,0,0,0,952,0,514,0,0,393,0
Jake Burt,36147,TE,BOSTON COL,11,72.5,0,121,57.3,69.7,58.6,0,0,29,16.7,16.8,100.0,3,0,0,393,0,0,0,542,30,179,0,0,363,462
Kadin Remsberg,83598,TE,AIR FORCE,13,59.5,0,101,71.5,67.5,59.6,0,0,11,11.8,12.9,100.0,1,0,0,393,0,0,0,660,13,101,0,0,380,283
Armani Levias,60947,TE,MARSHALL,13,57.3,0,214,70.9,62.2,62.8,0,1,38,12.3,12.6,98.7,1,1,0,392,0,0,0,684,42,334,0,0,350,362
Josh Ali,61359,WR,KENTUCKY,13,60.5,0,202,56.5,,54.0,0,0,0,0.0,0.0,,2,0,0,391,0,0,0,646,0,253,0,0,391,3
Tony Poljan,40148,TE,C MICHIGAN,12,55.7,1,134,70.9,69.5,66.3,0,1,58,16.7,16.4,99.1,4,1,0,390,0,0,0,700,61,371,0,0,329,506
Zach Smith,25631,QB,TULSA,12,42.1,1,320,67.8,,60.2,0,0,0,0.0,0.0,,4,0,0,390,0,0,0,927,0,521,0,0,390,0
Justin McMillan,39359,QB,TULANE,13,43.4,0,319,70.6,62.2,60.0,0,0,1,0.3,0.2,100.0,2,0,0,390,0,0,0,898,1,412,0,0,389,0
Justin Fields,82118,QB,OHIO STATE,14,42.4,0,260,91.5,,60.0,0,0,0,0.0,0.0,,2,0,0,389,0,0,0,918,0,457,0,0,389,0
Rashod Bateman,84296,WR,MINNESOTA,13,51.2,0,225,87.1,,60.7,0,0,0,0.0,0.0,,0,0,0,389,0,0,0,760,0,371,0,0,389,0
Jared Rice,35282,TE,FRESNO ST,12,52.0,0,169,68.2,77.3,77.2,0,1,69,16.9,17.1,97.8,0,2,1,388,0,0,0,746,74,432,0,0,314,532
Edward Collins,77408,T,UCF,11,100.0,0,323,56.0,54.4,62.2,1,5,165,100.0,100.0,97.6,9,7,1,388,0,0,387,388,175,175,0,0,213,0
Matt Alaimo,84066,TE,RUTGERS,12,64.3,0,278,44.2,62.2,46.8,1,1,37,15.5,15.4,97.3,1,2,0,388,0,0,3,603,39,254,0,6,349,412
Mark Michaud,40700,WR,GA SOUTHRN,13,69.2,0,174,70.4,,79.9,0,0,0,0.0,0.0,,1,0,0,388,0,0,0,561,0,173,0,0,388,4
Pat Freiermuth,84085,TE,PENN STATE,13,53.7,0,266,74.6,56.6,61.5,0,2,40,11.3,10.9,95.0,1,3,1,387,0,0,0,721,41,375,0,0,346,434
Bryce Mitchell,55370,WR,TOLEDO,12,52.2,0,316,67.8,,59.6,0,0,0,0.0,0.0,,4,0,0,386,0,0,0,739,0,353,0,0,386,2
James Proche II,48037,WR,SMU,13,42.8,1,287,86.3,,73.1,0,0,0,0.0,0.0,,4,0,0,386,0,0,0,901,0,513,0,0,386,0
Cole Minshew,37160,G,FLORIDA ST,8,100.0,2,167,54.6,64.1,50.9,4,4,203,100.0,100.0,97.5,2,9,1,385,0,64,0,385,216,216,321,0,169,0
Tyler Higby,37065,T,MICH STATE,7,100.0,0,223,49.3,35.0,53.3,2,8,209,100.0,100.0,97.6,0,10,0,385,0,0,292,385,221,221,87,0,164,5
Jacob Gall,55024,G,BUFFALO,10,100.0,1,126,67.2,56.6,66.8,2,4,116,100.0,100.0,97.4,1,6,0,385,3,99,0,385,122,122,283,0,263,0
Hayden Pittman,61045,TE,UAB,14,73.8,0,321,69.0,63.9,69.7,0,3,67,33.7,34.3,97.8,2,3,0,383,0,0,0,519,71,207,0,0,312,427
Kevin Feder,51624,T,KANSAS,12,100.0,0,198,55.2,53.2,61.9,2,16,212,100.0,100.0,95.8,4,18,0,382,0,0,0,382,221,221,0,380,161,2
Damonte Coxie,61419,WR,MEMPHIS,14,44.4,0,218,81.7,,71.7,0,0,0,0.0,0.0,,5,0,0,382,0,0,0,860,0,478,0,0,382,0
Zac Ricketts,36953,G,BALL ST,10,100.0,0,117,55.7,61.4,55.2,1,7,166,100.0,100.0,97.6,2,8,0,382,0,382,0,382,176,176,0,0,206,0
Luke McCleery,58508,T,ARMY,12,100.0,0,114,85.3,62.3,83.3,1,3,82,100.0,100.0,97.6,0,4,0,381,0,0,240,381,88,88,0,81,293,60
Tyler Huntley,46448,QB,UTAH,14,46.7,0,328,90.0,,60.2,0,0,0,0.0,0.0,,4,0,0,380,0,0,0,814,0,394,0,0,380,0
Mychal Cooper,78029,WR,NAVY,12,75.5,0,237,81.0,64.1,79.7,0,0,1,0.9,0.8,100.0,0,0,0,379,0,0,16,502,1,121,0,3,378,35
Tommy Kraemer,40976,G,NOTRE DAME,7,100.0,0,258,66.3,77.6,63.2,1,3,212,100.0,100.0,99.1,3,4,0,378,0,0,0,378,220,220,378,0,158,0
David Zavala,36789,G,NEW MEXICO,11,100.0,0,241,73.3,72.5,72.5,0,3,180,100.0,100.0,98.6,0,4,1,378,0,132,0,378,195,195,245,0,183,0
Ben Peterson,83599,TE,AIR FORCE,13,94.5,0,101,84.3,27.7,82.8,0,0,1,5.3,4.5,100.0,1,0,0,378,0,0,0,400,1,22,0,0,377,279
Lucas Niang,47004,T,TCU,7,100.0,0,305,81.0,84.8,73.8,1,5,184,100.0,100.0,98.4,0,6,0,378,0,0,0,378,191,191,0,378,187,0
Kayden Lyles,60256,G,WISCONSIN,10,100.0,0,349,56.9,63.1,54.1,1,3,157,100.0,100.0,97.5,0,6,2,378,0,377,0,378,163,163,0,0,215,1
Geraud Sanders,61094,WR,AIR FORCE,13,74.0,0,101,91.4,,63.1,0,0,0,0.0,0.0,,2,0,0,378,0,0,0,511,0,132,0,0,378,13
John Mitchell,48188,WR,FAU,14,43.1,0,165,60.3,,67.4,0,0,0,0.0,0.0,,3,0,0,377,0,0,0,875,0,498,0,0,377,2
Josh Rivas,59780,G,KANSAS ST,13,100.0,0,199,85.4,75.7,85.6,1,5,137,100.0,100.0,97.8,1,6,0,377,0,376,0,377,142,142,1,0,235,0
Ryan Becker,47348,TE,SMU,13,69.4,0,287,58.2,63.4,72.7,1,0,74,32.2,32.8,96.6,5,3,2,376,1,0,1,542,81,247,0,0,295,360
Hyrin White,59875,T,MISSOURI,8,100.0,1,229,62.0,72.6,59.9,0,6,168,100.0,100.0,98.2,4,6,0,375,0,0,12,375,179,179,0,362,196,1
Cole Fotheringham,84070,TE,UTAH,14,69.7,0,328,51.3,41.1,46.8,1,3,44,22.6,21.6,93.2,5,5,1,375,0,0,0,538,45,208,0,0,330,464
Dan Ellington,82121,QB,GA STATE,13,40.5,0,175,73.5,,60.1,0,0,0,0.0,0.0,,2,0,0,375,0,0,0,926,0,432,0,0,375,0
Brett Gabbert,97404,QB,MIAMI OH,14,46.2,0,221,64.5,81.4,60.1,0,0,2,0.5,0.5,100.0,4,0,0,374,0,0,0,810,2,392,0,0,372,0
Jack Freudenthal,34958,TE,WAKE,13,57.0,0,339,58.8,70.2,48.1,0,2,65,19.3,19.4,98.5,2,2,0,374,0,0,3,656,68,350,0,3,306,431
Peyton Hendershot,60915,TE,INDIANA,13,50.1,0,190,67.6,60.9,48.7,0,3,89,20.7,20.2,98.3,0,3,0,371,0,0,0,740,93,461,0,0,278,446
Jaivon Heiligh,84159,WR,COAST CAR,12,50.9,0,141,65.0,,66.9,0,0,0,0.0,0.0,,3,0,0,371,0,0,0,729,0,358,0,0,371,0
Jalen McCleskey,47668,WR,TULANE,13,51.2,0,319,66.1,55.0,56.2,1,0,1,0.3,0.3,50.0,4,1,0,370,0,0,0,722,1,352,0,0,369,2
Cortez Herrin,41765,G,E CAROLINA,6,100.0,0,156,54.6,64.6,49.3,1,7,196,100.0,100.0,98.0,2,8,0,370,0,370,0,370,208,208,0,0,162,0
Shai Werts,40384,QB,GA SOUTHRN,11,53.3,0,174,56.6,,60.2,0,0,0,0.0,0.0,,5,0,0,370,0,0,0,694,0,191,0,0,370,0
Spencer Nigh,42421,TE,AUBURN,13,85.4,0,115,63.2,73.6,66.3,0,1,85,59.0,58.0,99.4,1,1,0,369,0,0,0,432,87,150,0,0,282,214
Roy Hemsley,37288,T,ARIZONA ST,11,100.0,1,110,69.7,81.0,67.4,2,3,183,100.0,100.0,98.6,4,5,0,369,0,0,181,369,197,197,62,125,172,1
Jacob South,81901,T,UTAH ST,9,100.0,1,329,58.0,59.9,56.3,1,7,193,100.0,100.0,97.4,1,9,1,369,0,0,58,369,199,199,0,311,170,0
Malcolm Perry,46513,HB,NAVY,13,47.2,0,237,89.4,,60.0,0,0,0,0.0,0.0,,1,0,0,368,0,0,0,780,0,165,0,0,368,0
Trishton Jackson,41247,WR,SYRACUSE,12,41.2,0,304,73.9,46.3,75.4,0,0,0,0.0,0.0,,6,0,0,367,0,0,0,890,0,523,0,0,367,1
Ryan Swoboda,77576,T,VIRGINIA,10,100.0,0,335,61.8,50.1,68.6,4,13,222,100.0,100.0,94.8,1,20,3,367,0,0,68,367,231,231,0,298,136,0
Farrod Green,47033,TE,MISS STATE,13,60.7,0,227,65.6,67.1,69.3,0,1,49,17.6,17.6,96.9,0,2,1,367,0,0,0,605,51,289,0,0,316,387
Matt Seybert,38958,TE,MICH STATE,12,66.3,1,223,58.6,53.8,53.7,0,3,65,27.0,27.3,94.6,2,5,2,366,0,0,1,552,70,256,0,0,296,396
Trey McBride,75916,TE,COLO STATE,12,52.2,0,144,83.6,73.4,81.4,0,1,90,22.2,21.9,99.4,4,1,0,366,0,0,0,701,94,429,0,1,272,473
Johnny Johnson III,61588,WR,OREGON,14,46.4,1,264,69.9,64.5,74.6,0,0,1,0.2,0.2,100.0,5,0,0,364,0,0,0,784,1,421,0,0,363,13
Alex Criddle,43983,G,PURDUE,8,100.0,1,273,51.7,56.8,47.0,2,5,234,100.0,100.0,98.1,4,8,1,364,0,363,0,364,248,248,0,0,116,0
Bo Nix,97790,QB,AUBURN,13,41.8,0,115,63.1,,61.0,0,0,0,0.0,0.0,,4,0,0,362,0,0,0,866,0,441,0,0,362,0
Jacob Hunt,84552,TE,CHARLOTTE,13,76.2,0,136,52.7,58.0,60.5,2,4,70,40.7,40.5,95.7,0,6,0,362,0,0,1,475,77,190,0,0,285,341
Skylar Thompson,60417,QB,KANSAS ST,13,44.7,0,199,80.6,,60.2,0,0,0,0.0,0.0,,4,0,0,361,0,0,0,807,0,376,0,0,361,0
Christopher Bleich,81634,G,FLORIDA,8,100.0,0,163,61.0,52.5,63.1,2,9,196,100.0,100.0,96.2,2,13,2,361,0,0,7,361,209,209,354,0,152,0
Mike Carrigan,42341,WR,KENT STATE,11,46.5,0,201,63.6,,68.3,0,0,0,0.0,0.0,,1,0,0,361,0,0,0,776,0,415,0,0,361,0
Darnell Wright,98480,T,TENNESSEE,11,100.0,0,307,39.0,58.0,37.2,3,6,167,100.0,100.0,96.1,5,11,2,360,0,0,0,360,181,181,56,304,179,0
Sam Crawford Jr.,78052,WR,TULSA,12,42.9,1,320,65.2,,60.3,0,0,0,0.0,0.0,,4,0,0,360,0,0,0,839,0,479,0,0,360,0
Quintin Morris,61182,TE,BOWL GREEN,12,53.7,1,122,71.5,69.1,49.0,0,0,10,3.3,3.1,100.0,3,0,0,360,0,0,0,671,10,321,0,0,350,353
Shacquille Williams,55179,G,FIU,12,100.0,0,166,70.0,71.8,71.1,1,4,157,100.0,100.0,97.8,2,6,1,358,0,34,0,358,161,161,306,18,197,0
Marlon Williams,55411,WR,UCF,13,50.9,1,323,71.8,,65.1,0,0,0,0.0,0.0,,3,0,0,358,0,0,0,704,0,346,0,0,358,3
Kenny Yeboah,42196,TE,TEMPLE,11,69.2,0,306,74.7,70.8,71.2,0,0,62,28.8,30.9,100.0,3,0,0,357,0,0,0,516,71,230,0,0,286,351
Jarrett LaRubbio,28571,G,MIAMI OH,8,100.0,0,221,58.0,51.0,57.6,0,11,180,100.0,100.0,95.8,1,13,2,357,0,0,43,357,187,187,268,46,170,0
Ahmad Wagner,84249,WR,KENTUCKY,12,59.6,0,202,59.3,,60.1,0,0,0,0.0,0.0,,0,0,0,356,0,0,0,597,0,241,0,0,356,4
Jahan Dotson,84375,WR,PENN STATE,13,46.4,0,266,60.2,,73.5,0,0,0,0.0,0.0,,1,0,0,356,0,0,0,767,0,410,0,0,356,0
John Spellacy,51777,C,E CAROLINA,9,100.0,0,156,54.0,50.4,55.3,2,7,194,100.0,100.0,97.2,1,10,1,356,356,0,0,356,209,209,0,0,147,0
Daniel Johnson,77452,T,KENT STATE,9,100.0,0,201,52.2,44.4,56.8,1,6,153,100.0,100.0,95.8,3,10,3,356,0,0,353,356,164,164,0,3,192,0
Cole Kmet,60995,TE,NOTRE DAME,11,50.4,1,258,69.4,76.3,56.9,0,0,62,15.7,16.0,100.0,7,0,0,356,0,0,0,707,67,418,0,0,289,400
Adonis Boone,77558,T,LOUISVILLE,10,99.7,1,210,58.8,84.4,50.6,0,3,170,99.4,99.4,97.9,3,5,2,355,0,0,189,356,180,181,164,0,175,1
Kedarian Jones,33450,WR,MEMPHIS,14,44.4,0,218,62.2,,62.1,0,0,0,0.0,0.0,,0,0,0,355,0,0,0,799,0,442,0,0,355,1
Jonathan Adams Jr.,61148,WR,ARK STATE,13,39.4,0,113,66.6,65.5,68.1,0,1,1,0.2,0.2,50.0,3,1,0,354,0,0,0,898,1,545,0,0,353,1
Tazh Maloy,41206,FB,NAVY,10,82.3,0,237,74.0,37.5,61.6,0,6,29,41.4,42.1,89.7,1,6,0,354,0,0,0,430,32,76,0,0,322,302
Desmond Ridder,55086,QB,CINCINNATI,13,41.5,0,138,72.2,,60.7,0,0,0,0.0,0.0,,4,0,0,354,0,0,0,854,0,410,0,0,354,0
Adagio Lopeti,77482,G,KANSAS,12,100.0,0,198,58.4,50.4,58.3,2,8,187,100.0,100.0,96.8,0,11,1,354,0,18,0,354,194,194,336,0,160,0
Steven Montez,46465,QB,COLORADO,12,40.9,0,143,73.4,62.2,60.8,0,0,1,0.2,0.2,100.0,4,0,0,353,0,0,0,863,1,475,0,0,352,0
Austin Pope,41038,TE,TENNESSEE,13,79.3,0,307,49.5,48.2,61.7,3,9,70,44.6,45.6,91.4,5,12,0,353,0,0,0,445,77,169,0,0,276,342
Ray Ladner,58159,TE,SO MISS,13,68.6,0,296,33.1,36.3,38.9,0,1,70,30.8,31.8,96.4,1,3,2,351,0,0,1,512,75,236,0,4,276,339
Isaiah Green,60442,QB,MARSHALL,13,41.2,1,214,66.9,62.2,60.2,0,0,1,0.3,0.2,100.0,5,0,0,351,0,0,0,851,1,420,0,0,350,0
Nick Aibuedefe,36345,T,FRESNO ST,7,100.0,2,169,56.5,50.8,58.3,2,11,191,100.0,100.0,96.1,3,14,1,350,0,70,263,350,202,202,9,8,148,0
Hunter Long,60859,TE,BOSTON COL,12,67.3,0,121,68.6,76.2,42.9,0,1,27,14.5,14.1,98.1,3,1,0,350,0,0,0,520,28,198,0,0,322,432
Kyle Markway,36419,TE,S CAROLINA,12,49.7,1,289,53.5,43.6,58.1,3,1,66,16.2,16.5,93.9,6,6,2,350,0,0,12,704,70,424,0,6,280,382
Devin Asiasi,40294,TE,UCLA,12,48.7,0,324,79.0,74.9,68.1,0,1,47,11.5,11.9,98.9,5,1,0,350,0,0,2,719,50,419,0,3,300,450
Jalen Wydermyer,99185,TE,TEXAS A&M,13,54.2,0,312,66.7,58.3,46.2,3,1,55,16.3,16.4,96.4,5,4,0,350,0,0,0,646,58,354,0,0,292,565
Chris Robison,60378,QB,FAU,14,36.9,0,165,78.6,,60.0,0,0,0,0.0,0.0,,2,0,0,350,0,0,0,949,0,561,0,0,350,0
Omar Bayless,25522,WR,ARK STATE,13,38.1,0,113,88.2,65.5,60.3,0,0,1,0.2,0.2,100.0,6,0,0,349,0,0,0,917,1,569,0,0,348,1
Lucky Jackson,29557,WR,W KENTUCKY,13,41.6,0,346,77.1,,69.6,0,0,0,0.0,0.0,,3,0,0,349,0,0,0,839,0,489,0,0,349,0
Daniel Lee,98726,WR,BUFFALO,13,62.3,0,126,59.2,,57.9,0,0,0,0.0,0.0,,1,0,0,349,0,0,0,560,0,211,0,0,349,1
Cade Stewart,41614,C,CLEMSON,13,100.0,0,140,65.9,60.8,64.8,0,0,169,100.0,100.0,100.0,2,0,0,349,337,12,0,349,178,178,0,0,171,0
Nate Stanley,46565,QB,IOWA,13,40.6,0,192,87.6,,60.0,0,0,0,0.0,0.0,,4,0,0,349,0,0,0,860,0,462,0,0,349,0
Keenen Johnson,45257,WR,TULSA,12,42.8,0,320,60.3,,58.7,0,0,0,0.0,0.0,,2,0,0,349,0,0,0,816,0,467,0,0,349,0
Johnny Jordan,59835,C,MARYLAND,7,100.0,0,215,61.5,52.5,62.7,3,6,201,100.0,100.0,96.8,0,11,2,348,348,0,0,348,214,214,0,0,134,0
Tavaris Harrison,26395,WR,FAU,13,42.6,0,165,57.5,,59.4,0,0,0,0.0,0.0,,1,0,0,347,0,0,0,814,0,467,0,0,347,1
Silas Dzansi,60211,T,VA TECH,8,100.0,0,337,58.2,59.6,60.9,1,8,160,100.0,100.0,94.7,3,13,4,347,0,0,0,347,169,169,10,336,178,1
Jalen Reagor,61697,WR,TCU,12,44.1,1,305,69.2,,69.0,0,0,0,0.0,0.0,,2,0,0,346,0,0,0,784,0,427,0,0,346,2
Tyrick James,77909,TE,TULANE,13,61.9,0,319,51.7,75.9,45.0,1,0,37,15.2,15.5,98.6,4,1,0,346,0,0,0,559,39,252,0,0,307,383
Riley Lees,42322,WR,NWESTERN,12,51.1,0,256,59.3,,57.8,0,0,0,0.0,0.0,,0,0,0,346,0,0,0,677,0,328,0,0,346,0
Dominic Pastucci,60820,G,UTSA,10,100.0,0,331,63.7,62.9,64.0,0,6,192,100.0,100.0,97.9,1,7,1,346,0,91,0,346,199,199,250,0,147,0
Elijah Moore,84302,WR,OLE MISS,12,48.4,0,226,76.3,,58.2,0,0,0,0.0,0.0,,3,0,0,345,0,0,0,713,0,363,0,0,345,0
Isaiah Hodgins,52130,WR,OREGON ST,12,43.5,0,265,90.1,,68.8,0,0,0,0.0,0.0,,1,0,0,345,0,0,0,794,0,449,0,0,345,1
David Martin-Robinson,77892,TE,TEMPLE,13,75.8,0,306,33.1,64.5,38.0,0,3,68,39.3,40.2,97.8,3,3,0,344,0,0,0,454,74,184,0,0,270,390
Jake Nelson,59915,T,NEVADA,5,100.0,0,239,59.4,81.2,52.0,3,6,192,100.0,100.0,97.7,6,9,0,344,0,0,342,344,201,201,1,0,143,1
Mitchell Brinkman,42021,TE,N ILLINOIS,12,60.9,0,254,70.4,52.5,38.4,0,1,39,15.5,16.0,96.2,2,2,1,343,0,0,3,563,42,262,0,0,301,489
Blake Proehl,61224,WR,E CAROLINA,12,41.9,0,156,66.8,,49.0,0,0,0,0.0,0.0,,1,0,0,343,0,0,0,819,0,476,0,0,343,0
Tommy Hudson,47412,TE,ARIZONA ST,13,70.0,0,110,60.9,70.3,67.8,0,3,66,32.7,32.9,97.7,2,3,0,343,0,0,2,490,72,219,0,3,271,370
Colby Pursell,41506,G,COLORADO,7,100.0,1,143,70.5,63.9,71.4,0,6,170,100.0,100.0,98.2,1,6,0,342,0,0,0,342,178,178,342,0,164,0
Thaddeus Moss,47191,TE,LSU,14,41.2,1,211,63.2,61.4,69.2,0,1,42,8.2,7.9,96.4,4,2,1,342,0,0,0,831,42,531,0,0,300,489
Sandon McCoy,57146,HB,ARMY,13,67.5,0,114,76.4,56.5,76.5,2,1,101,77.7,77.5,95.5,5,6,3,342,0,0,0,507,107,138,0,0,235,3
Alec Pierce,78038,WR,CINCINNATI,14,49.2,0,138,67.8,,73.7,0,0,0,0.0,0.0,,1,0,0,342,0,0,0,695,0,353,0,0,342,23
Shea Patterson,40688,QB,MICHIGAN,13,40.0,0,222,72.7,,60.3,0,0,0,0.0,0.0,,3,0,0,341,0,0,0,853,0,466,0,0,341,0
Eddie Rivas,59955,G,TEXAS ST,10,100.0,0,314,60.8,61.5,57.8,0,12,240,100.0,100.0,97.5,1,12,0,341,0,273,0,341,248,248,68,0,93,0
Austin Cannon,45313,G,VA TECH,10,100.0,0,337,58.8,65.4,58.6,0,6,131,100.0,100.0,97.7,3,6,0,340,0,174,0,340,141,141,166,0,199,0
Dillon Stoner,48304,WR,OKLA STATE,13,49.5,0,262,67.8,,64.1,0,0,0,0.0,0.0,,2,0,0,339,0,0,0,685,0,345,0,0,339,1
Harrison Bryant,26394,TE,FAU,13,49.6,1,165,92.5,75.2,78.9,0,0,35,9.6,9.4,100.0,5,0,0,339,0,0,1,684,36,381,0,0,303,258
Dominick Wood-Anderson,84056,TE,TENNESSEE,13,60.1,1,307,65.1,70.0,68.7,2,1,71,25.4,24.8,97.9,1,3,0,339,0,0,1,564,74,298,0,5,265,377
Anthony Russo,40108,QB,TEMPLE,13,40.8,0,306,72.7,62.2,60.0,0,0,1,0.2,0.2,100.0,2,0,0,338,0,0,0,828,1,467,0,0,337,0
Ko Kieft,41372,TE,MINNESOTA,12,91.1,0,225,67.3,61.9,69.6,1,3,77,70.6,71.1,94.8,0,6,2,337,0,0,1,370,81,114,0,0,256,361
Kanawai Noa,47501,WR,NEBRASKA,10,51.6,0,238,52.0,,61.7,0,0,0,0.0,0.0,,1,0,0,337,0,0,0,653,0,316,0,0,337,2
Jonathan Nance,61142,WR,MISSOURI,12,44.4,0,229,57.9,,68.0,0,0,0,0.0,0.0,,5,0,0,337,0,0,0,759,0,421,0,0,337,1
Nathan Rourke,60504,QB,OHIO,13,39.4,0,259,86.7,,60.1,0,0,0,0.0,0.0,,4,0,0,336,0,0,0,852,0,387,0,0,336,0
Hunter Kampmoyer,42701,TE,OREGON,13,67.6,0,264,53.0,66.7,65.7,0,0,42,21.3,21.1,95.2,2,2,2,336,0,0,0,497,43,204,0,0,293,382
Nick Ralston,36101,TE,LA LAFAYET,14,67.4,0,207,71.4,70.0,76.6,0,3,53,25.4,25.8,97.2,0,3,0,335,0,0,0,497,56,217,0,0,279,353
Mitchell Wilcox,47234,TE,USF,12,59.2,1,327,60.9,59.5,49.4,1,3,59,21.2,21.4,96.6,5,4,0,335,0,0,0,566,63,294,0,0,272,314
Jordan McFadden,77578,T,CLEMSON,12,99.7,0,140,88.3,77.5,86.7,1,4,160,99.4,99.4,97.8,0,6,1,335,0,0,286,336,167,168,0,49,168,0
Kyle Pitts,83964,TE,FLORIDA,13,47.3,0,163,70.0,69.6,42.6,1,1,68,16.2,17.3,98.5,3,2,0,335,0,0,0,708,78,451,0,0,257,440
Keylon Stokes,65080,WR,TULSA,12,41.5,1,320,68.7,,51.6,0,0,0,0.0,0.0,,1,0,0,335,0,0,0,808,0,462,0,0,335,1
Colby Ransom,42256,WR,GA SOUTHRN,13,70.8,0,174,59.5,,75.2,0,0,0,0.0,0.0,,1,0,0,334,0,0,0,472,0,138,0,0,334,0
Taj Harris,77970,WR,SYRACUSE,12,40.9,0,304,59.2,,63.7,0,0,0,0.0,0.0,,2,0,0,334,0,0,0,816,0,480,0,0,334,0
Dean Powell,81583,G,ARMY,9,100.0,0,114,64.3,52.3,64.7,1,3,63,100.0,100.0,96.8,2,4,0,333,0,88,0,333,67,67,244,0,266,0
Jalen Tolbert,61637,WR,S ALABAMA,12,50.9,0,288,65.8,,57.9,0,0,0,0.0,0.0,,2,0,0,333,0,0,0,654,0,321,0,0,333,0
Justin Jefferson,61398,WR,LSU,15,35.4,1,211,85.4,30.8,60.8,0,1,1,0.2,0.2,50.0,1,1,0,332,0,0,0,937,1,606,0,0,331,35
Adam Dulka,44293,TE,KENT STATE,13,79.6,0,201,48.2,60.2,42.4,0,0,79,49.7,51.7,98.7,2,1,1,332,0,0,0,417,91,176,0,1,241,360
Dennis Grosel,60351,QB,BOSTON COL,13,59.0,0,121,58.6,62.2,60.1,0,0,1,0.5,0.5,100.0,2,0,0,331,0,0,0,561,1,202,0,0,330,0
CJ Williams,57323,HB,NAVY,13,67.4,0,237,81.7,54.8,76.3,0,1,10,9.3,8.7,95.0,0,1,0,331,0,0,0,491,10,115,0,0,321,261
Api Mane,77477,C,KANSAS,12,100.0,1,198,47.3,23.2,57.3,4,7,168,100.0,100.0,96.1,3,12,1,331,331,0,0,331,180,180,0,0,151,0
Jhamon Ausbon,61718,WR,TEXAS A&M,13,40.2,0,312,71.6,,70.4,0,0,0,0.0,0.0,,1,0,0,331,0,0,0,824,0,493,0,0,331,2
Noah Gray,60878,WR,DUKE,12,51.0,0,154,61.8,44.0,53.9,0,3,51,14.4,14.3,93.1,0,5,2,330,0,0,0,647,53,370,0,0,277,127
John Raine,39957,TE,FAU,14,53.9,1,165,60.9,70.1,49.6,0,2,60,18.5,18.7,98.3,6,2,0,330,0,0,0,612,65,347,0,0,265,286
Josh Pederson,39861,TE,LA MONROE,12,54.6,0,209,74.7,73.4,57.6,0,1,55,17.4,17.5,99.1,2,1,0,330,0,0,11,604,58,331,0,6,272,421
Aaron Dowdell,41586,G,GA SOUTHRN,6,100.0,0,174,45.0,68.5,45.2,0,2,75,100.0,100.0,97.3,2,3,1,330,102,228,0,330,79,79,0,0,251,0
Nate Wieting,39663,TE,IOWA,11,58.3,1,192,52.6,47.6,63.8,0,1,43,16.3,16.3,96.5,4,2,1,330,0,0,0,566,46,282,0,0,284,451
Logan Carter,42205,TE,OKLA STATE,13,76.4,0,262,60.3,70.9,64.7,0,2,63,40.6,42.0,98.4,2,2,0,330,0,0,0,432,74,176,0,0,256,259
Cameron Dollar,61207,WR,CHARLOTTE,13,51.2,0,136,67.3,,49.7,0,0,0,0.0,0.0,,0,0,0,330,0,0,0,644,0,313,0,0,330,1
Riley Miller,34826,WR,BALL ST,12,48.1,0,117,71.4,,68.2,0,0,0,0.0,0.0,,0,0,0,330,0,0,0,686,0,356,0,0,330,0
Cedric Byrd II,75938,WR,HAWAII,15,32.4,1,180,64.3,,57.1,0,0,0,0.0,0.0,,2,0,0,329,0,0,0,1016,0,683,0,0,329,0
Daniel Parker Jr.,82343,TE,MISSOURI,12,72.3,0,229,60.5,61.6,58.0,1,1,57,31.8,31.5,98.2,2,2,0,329,0,0,0,455,58,184,0,0,271,366
Siaosi Mariner,84476,WR,UTAH ST,13,39.9,0,329,73.4,,51.0,0,0,0,0.0,0.0,,2,0,0,328,0,0,0,822,0,494,0,0,328,0
CeeDee Lamb,61570,WR,OKLAHOMA,13,48.1,1,261,90.0,,69.5,0,0,0,0.0,0.0,,6,0,0,328,0,0,0,682,0,346,0,0,328,1
Jess Trussell,47062,TE,UTEP,11,72.6,0,330,53.6,50.7,46.7,1,1,61,35.3,34.4,98.4,2,2,0,328,0,0,0,452,65,189,0,0,263,445
Nick Samac,101570,C,MICH STATE,7,100.0,0,223,59.3,61.2,57.2,2,4,151,100.0,100.0,96.7,1,8,2,328,328,0,0,328,160,160,0,0,168,0
Jay Rose,55118,TE,UCONN,11,57.2,1,146,50.0,59.5,57.5,0,1,43,15.5,14.9,96.5,4,2,1,328,0,0,2,573,43,288,0,0,285,423
Giovanni Fauolo Sr.,40519,TE,UNLV,12,57.4,2,325,60.6,71.0,59.1,1,0,50,17.6,17.6,99.0,3,1,0,328,0,0,0,571,52,295,0,0,276,361
Korab Idrizi,42055,TE,BOSTON COL,10,69.7,0,121,59.3,24.0,60.5,1,0,8,5.6,6.6,93.7,4,1,0,327,0,0,0,469,10,152,0,0,317,279
Dylan Deatherage,60242,G,W MICHIGAN,10,100.0,0,347,67.3,66.4,68.7,1,3,126,100.0,100.0,97.6,2,5,1,326,0,18,53,326,131,131,253,0,195,1
Sam Pinckney,84197,WR,GA STATE,9,53.1,1,175,65.9,,62.4,0,0,0,0.0,0.0,,2,0,0,326,0,0,0,614,0,288,0,0,326,0
Damon Hazelton,42194,WR,VA TECH,10,55.3,0,337,72.2,,73.4,0,0,0,0.0,0.0,,3,0,0,326,0,0,0,589,0,262,0,0,326,4
Jared Smart,98732,WR,HAWAII,15,32.6,1,180,68.9,,63.6,0,0,0,0.0,0.0,,3,0,0,326,0,0,0,1000,0,674,0,0,326,14
Aaron Hackett,61027,TE,SYRACUSE,12,62.6,0,304,65.2,72.2,58.6,1,1,84,30.9,31.9,97.6,3,3,1,326,0,0,1,521,91,285,0,0,235,402
Reggie Gilliam,40951,FB,TOLEDO,12,74.1,0,316,67.3,57.5,73.5,0,0,33,23.2,24.2,97.0,1,1,1,324,0,0,0,437,36,149,0,0,288,127
Daniel Morris,101358,WR,AIR FORCE,13,95.9,0,101,69.6,61.9,83.2,0,0,0,0.0,6.7,,1,0,0,324,0,0,1,338,1,15,0,0,323,14
Viktor Beach,60030,C,PURDUE,5,100.0,0,273,39.7,42.7,35.8,3,10,215,100.0,100.0,96.0,0,15,2,324,324,0,0,324,228,228,0,0,96,0
Patrick Nuss,60152,G,UAB,8,100.0,0,321,63.0,53.9,62.8,1,1,117,100.0,100.0,99.1,1,2,0,324,0,72,0,324,123,123,243,0,201,2
Kendall Hinton,34045,WR,WAKE,11,43.6,0,339,77.0,,62.2,0,0,0,0.0,0.0,,0,0,0,323,0,0,0,741,0,416,0,0,323,2
JD Spielman,39935,WR,NEBRASKA,12,47.4,0,238,73.7,,55.2,0,0,0,0.0,0.0,,0,0,0,323,0,0,0,682,0,355,0,0,323,0
Andrew Parchment,41928,WR,KANSAS,12,43.1,0,198,68.3,,55.9,0,0,0,0.0,0.0,,3,0,0,323,0,0,0,750,0,426,0,0,323,1
Sam Allan,59782,T,KENT STATE,9,100.0,0,201,49.5,40.6,51.0,2,11,165,100.0,100.0,93.6,0,17,4,323,0,18,261,323,180,180,44,0,143,0
Khadere Kounta,98468,T,DOMINION,8,100.0,0,263,52.8,54.9,51.6,0,15,188,100.0,100.0,93.4,1,20,5,323,0,0,286,323,193,193,0,37,130,0
K'Rojhn Calbert,62961,T,TENNESSEE,11,99.7,0,307,52.1,56.5,52.5,2,7,164,99.4,99.4,97.3,3,9,0,323,0,0,1,324,174,175,2,310,149,9
Cody White,61448,WR,MICH STATE,13,39.5,1,223,75.6,,61.7,0,0,0,0.0,0.0,,5,0,0,322,0,0,0,815,0,489,0,0,322,4
Nick Eubanks,40402,TE,MICHIGAN,13,56.1,0,222,63.3,68.8,59.9,0,1,38,14.1,14.3,98.7,0,1,0,322,0,0,0,574,42,294,0,0,280,458
Casey Roddick,81623,G,COLORADO,10,100.0,0,143,58.3,76.4,54.2,3,2,172,100.0,100.0,98.5,3,5,0,322,0,54,0,322,185,185,268,0,137,0
Kobay White,40782,WR,BOSTON COL,13,53.8,0,121,65.4,,63.9,0,0,0,0.0,0.0,,4,0,0,322,0,0,0,599,0,274,0,0,322,27
Dillon Gabriel,86272,QB,UCF,13,39.2,0,323,81.4,,60.1,0,0,0,0.0,0.0,,4,0,0,321,0,0,0,819,0,449,0,0,321,0
Jaylen Nichols,99040,T,S CAROLINA,5,100.0,0,289,39.1,21.0,51.8,1,8,163,100.0,100.0,94.8,2,13,4,321,0,0,0,321,169,169,0,316,152,5
Colton Jackson,25518,T,ARKANSAS,5,100.0,0,111,56.8,41.1,63.0,4,5,181,100.0,100.0,95.9,0,12,3,321,0,0,321,321,191,191,0,0,130,0
Charleston Rambo,61569,WR,OKLAHOMA,14,47.8,1,261,73.6,61.2,73.5,0,0,1,0.3,0.3,100.0,3,0,0,320,0,0,0,670,1,349,0,0,319,0
Holton Ahlers,77651,QB,E CAROLINA,12,35.0,0,156,73.6,81.4,60.2,0,0,2,0.4,0.4,100.0,3,0,0,320,0,0,0,914,2,520,0,0,318,0
Dustin Crum,60418,QB,KENT STATE,13,37.8,0,201,91.7,,60.1,0,0,0,0.0,0.0,,0,0,0,319,0,0,0,844,0,451,0,0,319,1
Ramaud Chiaokhiao-Bowman,41212,WR,NWESTERN,12,54.8,0,256,57.6,,70.2,0,0,0,0.0,0.0,,0,0,0,319,0,0,0,582,0,263,0,0,319,13
Noah Knapp,81582,C,ARMY,7,100.0,0,114,71.0,66.9,68.2,0,1,59,100.0,100.0,99.2,1,1,0,318,318,0,0,318,63,63,0,0,255,0
Kavious Price,26943,WR,KENT STATE,13,41.6,0,201,61.1,,68.2,0,0,0,0.0,0.0,,3,0,0,318,0,0,0,764,0,439,0,0,318,1
Aaron Young,26090,WR,DUKE,12,47.0,0,154,57.9,,53.3,0,0,0,0.0,0.0,,2,0,0,318,0,0,0,677,0,359,0,0,318,0
Ashton Morgan,60176,T,UNLV,5,100.0,0,325,33.4,6.1,54.2,4,9,171,100.0,100.0,94.4,4,16,3,317,0,0,317,317,179,179,0,0,138,0
Chris Owens,40732,C,ALABAMA,11,99.1,0,103,61.4,71.8,57.1,1,3,169,98.3,98.3,98.8,1,4,0,317,293,0,0,320,178,181,5,0,139,21
Daniel Barker,83982,HB,ILLINOIS,13,56.1,0,187,53.3,49.7,41.8,0,2,48,16.8,17.6,93.7,4,4,2,317,0,0,0,565,53,301,0,0,264,102
Brian Lewerke,34412,QB,MICH STATE,13,35.0,0,223,68.4,62.2,60.1,0,0,1,0.2,0.2,100.0,2,0,0,317,0,0,0,907,1,510,0,0,316,0
Tyquan Thornton,78092,WR,BAYLOR,14,39.0,1,118,65.9,,66.0,0,0,0,0.0,0.0,,2,0,0,316,0,0,0,810,0,494,0,0,316,0
Austin Maloney,33846,WR,FIU,13,46.7,0,166,66.6,,69.2,0,0,0,0.0,0.0,,0,0,0,316,0,0,0,676,0,360,0,0,316,0
Benjamin Waters,55765,TE,AIR FORCE,13,71.8,0,101,89.8,63.9,69.1,0,0,1,0.9,0.8,100.0,0,0,0,316,0,0,0,440,1,120,0,0,315,267
Dez Fitzpatrick,42349,WR,LOUISVILLE,13,48.6,0,210,68.3,69.5,56.4,0,0,2,0.6,0.6,100.0,3,0,0,315,0,0,0,648,2,335,0,0,313,0
Isaiah McKoy,78160,WR,KENT STATE,11,44.2,0,201,71.5,,70.9,0,0,0,0.0,0.0,,3,0,0,315,0,0,0,712,0,397,0,0,315,0
Brant Kuithe,84071,TE,UTAH,14,56.6,0,328,84.1,68.3,66.4,0,2,26,10.5,9.9,96.2,4,2,0,315,0,0,1,557,26,262,0,0,289,387
Jordan Love,40306,QB,UTAH ST,13,34.6,0,329,75.3,,60.0,0,0,0,0.0,0.0,,1,0,0,314,0,0,0,908,0,551,0,0,314,0
Sean McKeon,42266,TE,MICHIGAN,10,66.4,0,222,74.0,70.2,69.0,0,1,70,32.0,32.6,99.3,0,1,0,314,0,0,0,473,77,236,0,0,237,420
Luke Farrell,42353,TE,OHIO STATE,14,68.1,0,260,66.3,74.6,65.1,1,1,74,34.9,34.4,98.6,0,2,0,314,0,0,0,461,77,224,0,0,237,364
Dixie Wooten III,40814,T,HOUSTON,6,100.0,2,182,64.8,57.5,68.9,1,4,145,100.0,100.0,96.9,5,7,2,314,0,0,6,314,163,163,0,308,151,0
Adam Jewell,81536,T,AIR FORCE,11,100.0,0,101,80.1,80.4,75.6,0,0,36,100.0,100.0,97.2,0,1,1,314,0,0,234,314,38,38,0,68,276,12
Michael Pittman Jr.,29049,WR,USC,13,35.3,0,326,81.2,,75.3,0,0,0,0.0,0.0,,2,0,0,313,0,0,0,886,0,573,0,0,313,0
Jack Abraham,40557,QB,SO MISS,13,37.7,0,296,78.0,,60.6,0,0,0,0.0,0.0,,6,0,0,313,0,0,0,830,0,471,0,0,313,0
Zac Crosby,39924,TE,S ALABAMA,11,83.5,0,288,50.4,68.7,49.2,1,0,46,45.1,45.6,98.9,1,1,0,313,0,0,0,375,52,114,0,0,261,336
Henry Bazakas,36548,T,CAL,8,100.0,2,130,46.7,53.6,44.4,2,11,182,100.0,100.0,95.3,3,15,2,313,0,33,276,313,195,195,0,0,118,4
Tony Brown,48344,WR,COLORADO,12,43.9,0,143,77.6,,65.4,0,0,0,0.0,0.0,,1,0,0,313,0,0,0,713,0,394,0,0,313,2
Mikey Minihan,62963,G,GA TECH,8,100.0,0,176,61.9,66.7,59.5,2,5,130,100.0,100.0,97.3,0,7,0,312,0,66,0,312,135,135,245,0,177,1
Ethan Wiederkehr,59969,T,NWESTERN,10,100.0,0,256,65.9,60.3,66.5,1,6,113,100.0,100.0,96.0,2,8,1,312,0,0,7,312,126,126,0,299,186,6
Alec Anderson,81882,G,UCLA,9,100.0,2,324,68.4,77.7,65.1,1,5,163,100.0,100.0,98.2,4,6,0,311,0,167,70,311,171,171,3,71,140,0
Jake Luton,17287,QB,OREGON ST,11,42.5,0,265,88.5,,60.2,0,0,0,0.0,0.0,,2,0,0,311,0,0,0,731,0,404,0,0,311,0
Drew Rosi,55369,TE,TOLEDO,12,55.3,0,316,58.9,67.2,57.5,0,0,34,12.3,13.1,100.0,3,0,0,311,0,0,5,562,38,289,0,3,273,284
Tyler Davis,47743,TE,GA TECH,12,60.1,0,176,58.4,54.3,51.9,0,3,47,19.3,19.5,96.8,1,3,0,310,0,0,1,516,50,256,0,0,260,316
Ryan Mitchell,61487,WR,NAVY,13,76.7,0,237,66.7,,66.5,0,0,0,0.0,0.0,,0,0,0,309,0,0,3,403,0,94,0,8,309,12
Octavious Cooley,39994,TE,OLE MISS,12,71.2,0,226,69.5,65.3,68.0,0,0,36,23.2,22.8,97.2,0,1,1,309,0,0,0,434,37,162,0,0,272,277
Connor Hansen,62962,G,GA TECH,7,100.0,0,176,36.6,11.8,42.4,6,13,172,100.0,100.0,92.7,0,22,3,309,0,0,0,309,179,179,309,0,130,0
Dalton Schoen,34407,WR,KANSAS ST,13,47.5,0,199,67.3,,56.2,0,0,0,0.0,0.0,,1,0,0,308,0,0,0,648,0,339,0,0,308,2
Bruno LaBelle,42163,TE,CINCINNATI,14,87.3,0,138,56.9,74.7,57.3,0,0,37,45.7,46.4,100.0,2,0,0,308,0,0,0,353,39,84,0,0,269,323
Michael Sullivan,75838,G,UMASS,8,100.0,0,216,42.2,21.4,49.0,1,11,155,100.0,100.0,93.5,2,16,4,307,0,0,0,307,161,161,257,46,146,4
Tre Turner,78006,WR,VA TECH,11,49.1,0,337,68.6,,53.1,0,0,0,0.0,0.0,,1,0,0,307,0,0,0,625,0,293,0,0,307,6
Danny Motowski,104180,G,C MICHIGAN,13,100.0,1,134,55.5,63.6,54.6,0,5,160,100.0,100.0,97.8,3,6,1,307,7,1,1,307,166,166,298,0,141,0
Josh Imatorbhebhe,40548,WR,ILLINOIS,11,46.7,1,187,64.5,,63.9,0,0,0,0.0,0.0,,7,0,0,307,0,0,0,657,0,350,0,0,307,0
Riley Locklear,62959,G,TENNESSEE,11,99.7,0,307,59.2,65.7,64.5,0,1,162,99.4,99.4,97.8,5,4,3,306,0,10,0,307,167,168,292,0,139,1
Sage Surratt,55450,WR,WAKE,9,44.6,0,339,83.4,,64.5,0,0,0,0.0,0.0,,0,0,0,306,0,0,0,686,0,380,0,0,306,3
Isaac Ellis,77419,G,MEMPHIS,13,100.0,0,218,56.4,41.3,58.6,1,8,102,100.0,100.0,94.6,1,10,1,306,42,131,0,306,111,111,130,1,195,1
Max Duggan,99470,QB,TCU,12,38.1,0,305,67.1,,60.3,0,0,0,0.0,0.0,,2,0,0,306,0,0,0,803,0,430,0,0,306,0
Keoni-Kordell Makekau,57324,TE,NAVY,13,72.3,0,237,70.5,57.8,59.6,0,1,14,14.6,13.9,96.4,1,1,0,306,0,0,0,423,14,101,0,0,292,215
Hunter Bryant,61072,TE,WASHINGTON,12,48.7,1,340,74.8,36.4,50.5,0,0,10,3.2,3.6,100.0,2,0,0,305,0,0,0,626,12,331,0,0,293,271
Skyy Moore,97116,WR,W MICHIGAN,13,47.1,0,347,75.0,60.9,51.9,0,0,1,0.3,0.3,100.0,2,0,0,305,0,0,0,647,1,342,0,0,304,0
Kawaan Baker,61639,WR,S ALABAMA,12,45.3,1,288,64.6,,64.5,0,0,0,0.0,0.0,,1,0,0,304,0,0,0,671,0,347,0,0,304,0
Mackenzie Nworah,40808,G,INDIANA,8,100.0,0,190,63.0,71.4,58.8,0,5,162,100.0,100.0,97.8,0,6,1,304,0,0,0,304,178,178,304,0,126,0
Joe Burrow,28022,QB,LSU,15,30.9,0,211,95.0,,60.1,0,0,0,0.0,0.0,,4,0,0,304,0,0,0,983,0,632,0,0,304,0
Jadan Blue,61705,WR,TEMPLE,13,38.4,1,306,75.4,,69.2,0,0,0,0.0,0.0,,1,0,0,304,0,0,0,792,0,482,0,0,304,2
Antwan Davis,61163,WR,BALL ST,12,44.8,0,117,66.9,,57.9,0,0,0,0.0,0.0,,2,0,0,304,0,0,0,678,0,374,0,0,304,0
Isaiah Likely,83955,TE,COAST CAR,12,53.7,0,141,81.3,55.8,74.1,2,0,34,12.4,11.8,94.1,5,3,1,303,0,0,0,564,35,296,0,1,268,375
Julian Ortega-Jones,78155,WR,BOWL GREEN,11,51.9,1,122,59.7,,70.2,0,0,0,0.0,0.0,,3,0,0,303,0,0,0,584,0,281,0,0,303,16
Isiah Cox,78199,WR,OHIO,13,53.4,0,259,72.6,,61.9,0,0,0,0.0,0.0,,3,0,0,303,0,0,0,567,0,263,0,0,303,0
Tamorrion Terry,61258,WR,FLORIDA ST,13,38.8,2,167,73.9,,61.9,0,0,0,0.0,0.0,,2,0,0,303,0,0,0,780,0,474,0,0,303,1
JaCorey Sullivan,55060,WR,C MICHIGAN,13,41.4,0,134,74.6,,69.0,0,0,0,0.0,0.0,,4,0,0,302,0,0,1,729,0,427,0,0,302,0
Jonathan Mingo,97774,WR,OLE MISS,12,53.7,0,226,54.2,,64.0,0,0,0,0.0,0.0,,1,0,0,302,0,0,0,562,0,259,0,0,302,0
Dazz Newsome,61510,WR,N CAROLINA,12,43.5,1,245,83.5,76.2,64.6,0,0,2,0.5,0.5,100.0,2,0,0,302,0,0,0,694,2,391,0,0,300,0
Brandon Peters,40416,QB,ILLINOIS,11,44.4,0,187,66.3,,60.2,0,0,0,0.0,0.0,,4,0,0,302,0,0,0,680,0,344,0,0,302,0
Justin Witt,41782,T,NC STATE,5,100.0,0,248,66.6,59.2,72.2,2,4,177,100.0,100.0,97.7,2,7,1,302,0,0,0,302,187,187,0,301,115,1
Osirus Mitchell,42344,WR,MISS STATE,13,51.4,0,227,68.7,,63.6,0,0,0,0.0,0.0,,2,0,0,301,0,0,0,586,0,285,0,0,301,0
Chris Reynolds,60361,QB,CHARLOTTE,13,38.5,0,136,81.8,,60.4,0,0,0,0.0,0.0,,2,0,0,300,0,0,0,780,0,360,0,0,300,0
Mason Wolfe,39281,G,KENTUCKY,13,100.0,1,202,66.3,63.7,66.7,0,2,108,100.0,100.0,99.1,1,2,0,299,0,0,0,299,116,116,299,0,183,0
KJ Hamler,61590,WR,PENN STATE,13,43.1,0,266,72.5,,64.4,0,0,0,0.0,0.0,,0,0,0,299,0,0,0,694,0,383,0,0,299,0
Tylan Wallace,61577,WR,OKLA STATE,8,51.8,0,262,81.4,,68.3,0,0,0,0.0,0.0,,4,0,0,298,0,0,0,575,0,276,0,0,298,0
Will Wallace,61043,TE,TULANE,13,73.4,0,319,52.3,75.0,61.2,0,1,37,25.9,27.0,98.6,4,1,0,298,0,0,0,406,40,148,0,0,258,320
Tommy DeVito,60545,QB,SYRACUSE,12,38.6,0,304,52.4,62.2,60.2,0,0,1,0.2,0.2,100.0,7,0,0,298,0,0,0,772,1,451,0,0,297,0
Teagan Quitoriano,84036,TE,OREGON ST,12,80.5,0,265,71.2,73.9,72.8,0,1,78,52.3,52.9,98.1,2,2,1,297,0,0,0,369,81,153,0,1,216,362
K.J. Hill,28025,WR,OHIO STATE,14,43.9,0,260,72.0,,59.7,0,0,0,0.0,0.0,,0,0,0,297,0,0,0,677,0,379,0,0,297,2
Matt Pistone,47166,TE,BOISE ST,14,84.4,0,120,43.4,41.0,53.6,3,2,36,40.4,42.7,93.1,5,5,0,297,0,0,0,352,41,96,0,0,256,228
Lynn Bowden Jr.,61361,QB,KENTUCKY,13,39.2,0,202,73.0,62.1,65.3,0,0,1,0.4,0.3,100.0,0,0,0,297,0,0,0,757,1,293,0,0,296,4
Jared Pinkney,47214,TE,VANDERBILT,11,51.4,1,333,53.8,55.5,55.8,1,1,29,9.7,9.7,96.6,6,2,0,296,0,0,0,576,30,310,0,0,266,379
James Morgan,25694,QB,FIU,12,42.0,0,166,66.4,,60.0,0,0,0,0.0,0.0,,2,0,0,296,0,0,0,705,0,391,0,0,296,0
Jalon Calhoun,97272,WR,DUKE,12,45.6,0,154,59.7,,49.2,0,0,0,0.0,0.0,,1,0,0,296,0,0,0,649,0,348,0,0,296,44
John Campbell Jr.,77383,G,MIAMI FL,11,100.0,0,220,45.6,47.3,47.7,0,16,172,100.0,100.0,95.3,4,16,0,295,0,180,21,295,185,185,0,92,110,2
Jayden Daniels,97993,QB,ARIZONA ST,12,36.7,0,110,66.7,,60.4,0,0,0,0.0,0.0,,5,0,0,295,0,0,0,803,0,464,0,0,295,0
Yazeed Atariwa,30682,G,TOLEDO,9,100.0,0,316,66.6,60.9,66.8,1,3,156,100.0,100.0,98.1,0,5,1,295,0,46,0,295,161,161,249,0,134,0
Spencer Sanders,77660,QB,OKLA STATE,11,41.3,0,262,64.7,,60.0,0,0,0,0.0,0.0,,2,0,0,295,0,0,0,715,0,325,0,0,295,0
Tyler Orsini,101264,C,NEVADA,8,100.0,0,239,44.9,29.2,49.9,1,6,176,100.0,100.0,97.4,0,8,1,295,295,0,0,295,184,184,0,0,111,0
JoJo Ward,75940,WR,HAWAII,15,31.5,0,180,65.7,,62.8,0,0,0,0.0,0.0,,5,0,0,294,0,0,0,933,0,639,0,0,294,9
Jordan Nathan,42039,WR,UTAH ST,13,38.6,0,329,61.8,,57.4,0,0,0,0.0,0.0,,2,0,0,294,0,0,0,761,0,460,0,0,294,0
Jeremy Singleton,61289,WR,HOUSTON,12,48.2,0,182,59.6,,59.2,0,0,0,0.0,0.0,,1,0,0,294,0,0,0,610,0,316,0,0,294,0
Tim Jones,61669,WR,SO MISS,13,39.0,1,296,74.6,63.1,62.8,0,0,1,0.2,0.2,100.0,4,0,0,293,0,0,0,751,1,458,0,0,292,9
Cole Garrison,41479,T,APP STATE,12,99.7,1,108,62.8,50.1,65.8,4,3,123,99.2,99.2,95.5,3,9,2,293,0,0,223,294,127,128,55,12,166,4
Maurice McIntyre,77365,G,DUKE,11,100.0,0,154,60.0,70.8,56.2,0,0,140,100.0,100.0,100.0,1,0,0,293,0,291,0,293,145,145,0,0,148,0
Beau Corrales,61513,WR,N CAROLINA,13,43.7,0,245,63.0,62.1,56.5,0,0,1,0.3,0.3,100.0,2,0,0,292,0,0,0,668,1,377,0,0,291,0
Leroy Watson,98723,TE,UTSA,12,62.3,0,331,45.4,47.5,63.5,0,5,55,24.4,24.4,95.5,2,5,0,292,0,0,0,469,57,234,0,0,235,361
Jordan McCray,47802,WR,OKLA STATE,13,53.4,0,262,61.3,,64.6,0,0,0,0.0,0.0,,0,0,0,292,0,0,0,547,0,255,0,0,292,0
Trevor Lawrence,77632,QB,CLEMSON,15,34.6,0,140,91.1,,60.2,0,0,0,0.0,0.0,,1,0,0,291,0,0,0,841,0,487,0,0,291,0
Mason Fine,46629,QB,N TEXAS,12,37.2,0,251,77.3,,60.0,0,0,0,0.0,0.0,,3,0,0,290,0,0,0,780,0,470,0,0,290,0
Bradley Rozner,98743,WR,RICE,12,43.5,0,275,71.2,,73.1,0,0,0,0.0,0.0,,1,0,0,290,0,0,0,667,0,377,0,0,290,2
Garrett Walston,42000,TE,N CAROLINA,13,62.1,0,245,54.5,60.3,54.5,1,4,86,34.4,34.4,97.1,1,5,0,290,0,0,1,467,93,270,0,0,197,283
Antawn Lewis,100782,T,LA TECH,13,100.0,0,208,62.1,66.6,61.6,1,5,145,100.0,100.0,96.6,2,8,2,289,0,0,0,289,154,154,0,289,135,0
Eric Abojei,60824,G,WYOMING,6,100.0,0,351,57.5,73.8,56.7,1,2,95,100.0,100.0,98.4,2,3,0,289,0,289,0,289,101,101,0,0,188,0
Raiqwon O'Neal,81811,T,RUTGERS,9,100.0,0,278,52.5,61.1,51.7,2,4,132,100.0,100.0,95.5,3,9,3,289,0,0,287,289,139,139,0,0,150,2
Elijah Cooks,61501,WR,NEVADA,13,35.0,0,239,76.4,,82.5,0,0,0,0.0,0.0,,2,0,0,289,0,0,0,826,0,537,0,0,289,2
Tyler Vaughns,40283,WR,USC,13,35.2,0,326,71.8,,58.2,0,0,0,0.0,0.0,,5,0,0,289,0,0,0,820,0,531,0,0,289,0
Des Holmes,60017,T,PENN STATE,13,100.0,0,266,68.1,67.0,64.5,2,6,134,100.0,100.0,97.0,0,8,0,288,0,0,257,288,141,141,0,31,147,0
Jonathan Hodoh,48300,WR,LA MONROE,12,47.1,0,209,59.1,,65.0,0,0,0,0.0,0.0,,3,0,0,288,0,0,0,611,0,323,0,0,288,0
Dorian Thompson-Robinson,83574,QB,UCLA,11,36.5,0,324,66.5,,60.0,0,0,0,0.0,0.0,,3,0,0,288,0,0,0,789,0,459,0,0,288,0
James Palmer,77906,TE,TULSA,12,80.7,0,320,50.7,57.7,47.1,2,2,59,47.2,47.3,96.6,2,4,0,288,0,0,0,357,62,131,0,0,226,202
Jonathan Stewart,60202,T,VANDERBILT,8,100.0,0,333,56.9,80.2,47.9,3,2,164,100.0,100.0,98.5,2,5,0,287,0,0,142,287,172,172,120,25,115,0
Caleb Evans,41292,QB,LA MONROE,12,33.7,0,209,89.5,,60.0,0,0,0,0.0,0.0,,4,0,0,287,0,0,0,852,0,451,0,0,287,0
Jamie Newman,44948,QB,WAKE,12,33.6,0,339,85.1,,60.3,0,0,0,0.0,0.0,,2,0,0,286,0,0,0,851,0,436,0,0,286,0
Bo Melton,61610,WR,RUTGERS,12,50.9,0,278,66.8,,61.1,0,0,0,0.0,0.0,,3,0,0,286,0,0,0,562,0,272,0,0,286,0
Chase Claypool,42312,WR,NOTRE DAME,13,39.4,1,258,83.3,,81.5,0,0,0,0.0,0.0,,1,0,0,286,0,0,0,726,0,440,0,0,286,1
Jack Shutack,36664,G,COLORADO,8,100.0,1,143,56.9,46.9,59.0,1,8,140,100.0,100.0,95.4,2,11,2,285,0,13,0,285,148,148,272,0,137,0
Cody Rudy,43508,TE,BALL ST,12,91.3,1,117,60.1,30.9,62.5,0,1,16,40.0,37.2,90.6,4,2,1,285,0,0,0,312,16,43,0,0,269,214
Brock Purdy,77672,QB,IOWA STATE,13,31.5,0,193,79.8,62.2,60.2,0,0,1,0.2,0.2,100.0,1,0,0,285,0,0,0,906,1,569,0,0,284,0
Shemar Thornton,84180,WR,FIU,13,44.7,0,166,68.1,,76.9,0,0,0,0.0,0.0,,4,0,0,285,0,0,0,638,0,353,0,0,285,0
Braylon Jones,26635,C,HOUSTON,4,100.0,1,182,64.2,41.8,67.9,0,7,133,100.0,100.0,96.6,2,8,1,285,285,0,0,285,141,141,0,0,144,0
Kirk Merritt,35096,WR,ARK STATE,13,38.8,0,113,73.1,,70.9,0,0,0,0.0,0.0,,0,0,0,285,0,0,0,735,0,449,0,0,285,0
Kenny Pickett,60515,QB,PITTSBURGH,12,32.2,0,268,75.0,,61.1,0,0,0,0.0,0.0,,2,0,0,285,0,0,0,886,0,568,0,0,285,0
Ja'Marcus Bradley,27003,WR,LA LAFAYET,14,49.5,0,207,88.5,,73.0,0,0,0,0.0,0.0,,0,0,0,285,0,0,0,576,0,291,0,0,285,0
Jarrett Hopple,41856,T,USF,9,100.0,0,327,47.4,33.4,53.4,4,6,145,100.0,100.0,94.5,1,13,3,285,0,0,46,285,154,154,0,238,131,0
Zac Lefebvre,44819,TE,BUFFALO,11,62.6,0,126,59.7,71.1,58.9,0,0,11,6.3,6.1,100.0,2,0,0,285,0,0,1,455,11,181,0,2,274,314
Devery Hamilton,40636,G,STANFORD,4,100.0,2,300,53.8,45.3,53.2,5,7,172,100.0,100.0,95.3,4,14,2,284,0,284,0,284,181,181,0,0,103,0
Michael Woods II,84117,WR,ARKANSAS,12,40.7,0,111,58.6,,68.5,0,0,0,0.0,0.0,,2,0,0,284,0,0,0,698,0,414,0,0,284,0
Jason-Matthew Sharsh,52065,WR,HAWAII,15,32.4,0,180,69.7,,54.4,0,0,0,0.0,0.0,,4,0,0,283,0,0,0,873,0,586,0,0,283,0
Miles Reed,52077,HB,HAWAII,15,49.2,0,180,75.9,72.3,59.2,3,5,223,67.8,66.3,97.3,1,10,2,283,0,0,0,575,228,344,0,0,55,0
Chase Cota,84465,WR,UCLA,12,38.7,1,324,57.3,,67.7,0,0,0,0.0,0.0,,2,0,0,282,0,0,0,728,0,446,0,0,282,13
Josh Seltzner,60255,G,WISCONSIN,7,100.0,0,349,62.1,81.3,58.0,1,2,103,100.0,100.0,98.5,1,3,0,282,0,1,0,282,106,106,281,0,176,0
C.J. Johnson,104187,WR,E CAROLINA,12,43.0,1,156,80.2,,60.7,0,0,0,0.0,0.0,,4,0,0,281,0,0,0,654,0,373,0,0,281,1
Ian Book,40216,QB,NOTRE DAME,13,34.1,0,258,77.9,62.2,60.0,0,0,1,0.2,0.2,100.0,3,0,0,281,0,0,0,825,1,488,0,0,280,0
Blake Bueter,60807,G,MICH STATE,11,100.0,0,223,53.3,59.2,52.0,1,6,133,100.0,100.0,96.6,2,8,1,281,98,63,0,281,144,144,112,0,137,8
DaShon Bussell,78169,WR,W MICHIGAN,13,46.4,1,347,57.9,,57.8,0,0,0,0.0,0.0,,3,0,0,281,0,0,0,606,0,325,0,0,281,0
Chris Autman-Bell,55245,WR,MINNESOTA,13,48.3,0,225,64.9,,79.1,0,0,0,0.0,0.0,,1,0,0,281,0,0,0,582,0,301,0,0,281,0
Jordan Kress,98740,WR,NEW MEXICO,12,49.7,0,241,69.7,,56.9,0,0,0,0.0,0.0,,0,0,0,280,0,0,0,563,0,283,0,0,280,0
Ja'Marr Chase,84270,WR,LSU,14,34.9,0,211,91.1,,57.5,0,0,0,0.0,0.0,,0,0,0,280,0,0,0,803,0,522,0,0,280,0
Quentin Harris,26084,QB,DUKE,12,33.5,0,154,56.2,62.2,60.0,0,0,1,0.2,0.2,100.0,3,0,0,279,0,0,0,832,1,436,0,0,278,0
John Okwoli,40257,WR,WYOMING,13,57.6,1,351,49.3,,58.8,0,0,0,0.0,0.0,,4,0,0,279,0,0,0,484,0,205,0,0,279,0
Darion Anderson,40989,WR,GA SOUTHRN,13,74.4,0,174,55.5,,60.2,0,0,0,0.0,0.0,,0,0,0,279,0,0,0,375,0,96,0,0,279,0
Cade Carney,45124,HB,WAKE,11,53.0,2,339,75.3,81.2,66.4,0,5,193,69.2,69.2,98.2,3,6,1,279,0,0,0,526,202,292,0,0,77,2
Sam Ehlinger,60555,QB,TEXAS,13,29.5,0,311,90.1,,60.2,0,0,0,0.0,0.0,,4,0,0,279,0,0,0,945,0,590,0,0,279,0
Collin Reed,36143,TE,APP STATE,13,71.5,0,108,72.6,54.1,83.5,1,0,33,24.1,22.9,98.5,2,1,0,278,0,0,5,389,33,144,0,3,245,267
Tre' McKitty,60896,TE,FLORIDA ST,11,58.7,0,167,56.4,30.7,50.1,1,3,66,26.7,27.2,95.5,3,5,1,277,0,0,6,472,73,268,0,2,204,241
Carter Stanley,13634,QB,KANSAS,12,37.1,0,198,65.2,,60.0,0,0,0,0.0,0.0,,0,0,0,277,0,0,0,746,0,428,0,0,277,0
David Redding,59849,G,MIAMI OH,8,100.0,0,221,54.1,53.7,53.8,0,2,123,100.0,100.0,99.2,1,2,0,277,0,217,0,277,129,129,59,0,148,0
J.C. Chalk,39958,TE,CLEMSON,15,59.1,0,140,46.3,76.4,50.8,0,0,59,24.0,25.9,100.0,1,0,0,277,0,0,1,469,67,259,0,0,210,295
Stephen Guidry,84308,WR,MISS STATE,12,50.5,0,227,65.5,,70.7,0,0,0,0.0,0.0,,0,0,0,277,0,0,0,549,0,272,0,0,277,0
Bryce Wade,98509,T,UMASS,7,100.0,1,216,63.0,59.5,61.8,0,8,147,100.0,100.0,96.6,1,9,1,276,0,0,23,276,153,153,0,252,123,0
Emeka Emezie,61517,WR,NC STATE,12,39.2,0,248,61.2,62.1,54.2,0,0,1,0.2,0.2,100.0,0,0,0,276,0,0,0,704,1,429,0,0,275,1
Jesse Matthews,84395,WR,S DIEGO ST,13,42.7,0,284,78.6,,71.0,0,0,0,0.0,0.0,,2,0,0,276,0,0,0,646,0,369,0,0,276,19
Jarrett Guarantano,40771,QB,TENNESSEE,13,45.1,0,307,68.6,,60.2,0,0,0,0.0,0.0,,2,0,0,276,0,0,0,612,0,318,0,0,276,0
Luke Harris,41383,C,MIDDLE TN,11,100.0,0,224,49.5,54.9,50.7,3,4,142,100.0,100.0,97.5,2,7,0,275,228,0,46,275,150,150,0,0,125,1
Amon-Ra St. Brown,84470,WR,USC,13,32.6,0,326,73.9,,68.8,0,0,0,0.0,0.0,,1,0,0,275,0,0,0,844,0,562,0,0,275,0
Markis McCray,27009,WR,LA MONROE,12,44.6,0,209,63.7,,58.3,0,0,0,0.0,0.0,,3,0,0,275,0,0,0,617,0,335,0,0,275,0
Justin Murphy,46683,G,HOUSTON,4,100.0,1,182,65.4,77.1,60.9,1,0,129,100.0,100.0,98.8,3,2,1,274,0,0,0,274,137,137,216,58,137,0
Jake Andrews,81868,C,TROY,9,100.0,0,318,57.1,59.5,56.3,2,2,161,100.0,100.0,98.8,1,4,0,274,138,73,0,274,173,173,61,0,101,1
RB Marlow III,78152,WR,BOWL GREEN,12,49.8,0,122,52.3,,66.8,0,0,0,0.0,0.0,,6,0,0,274,0,0,0,550,0,260,0,0,274,0
Jorge Reyna,60384,QB,FRESNO ST,12,35.1,0,169,65.4,62.2,60.3,0,0,1,0.2,0.2,100.0,0,0,0,274,0,0,0,781,1,453,0,0,273,0
Jalen Hurts,40291,QB,OKLAHOMA,14,31.0,0,261,91.8,,60.1,0,0,0,0.0,0.0,,0,0,0,274,0,0,0,885,0,446,0,0,274,0
Daniel Crawford,27822,TE,N ILLINOIS,12,48.5,0,254,59.6,74.4,41.8,0,0,17,5.7,5.8,100.0,3,0,0,274,0,0,1,565,18,309,0,0,256,320
Andrew Homer,41269,TE,MIAMI OH,14,60.4,0,221,50.8,68.8,51.3,1,2,64,26.9,27.2,97.7,0,3,0,273,0,0,1,452,67,246,0,0,206,298
Jordan Duncan,38485,WR,CAL,11,40.7,0,130,58.8,,61.5,0,0,0,0.0,0.0,,0,0,0,272,0,0,0,668,0,396,0,0,272,7
Jeremiah Hall,57083,TE,OKLAHOMA,14,72.0,0,261,88.1,59.6,80.8,1,3,63,38.4,38.1,95.2,0,5,1,272,0,0,1,378,64,168,0,0,208,272
Hunter Anthony,77458,G,OKLA STATE,8,100.0,1,262,56.1,58.1,55.6,1,6,119,100.0,100.0,97.1,2,7,0,271,0,0,32,271,129,129,165,74,142,0
Andrew Starr,100259,T,N ILLINOIS,9,100.0,1,254,55.3,42.8,60.0,1,6,133,100.0,100.0,95.9,2,9,2,271,0,60,209,271,138,138,0,0,133,1
Sean Clifford,51708,QB,PENN STATE,12,36.5,0,266,71.2,,60.2,0,0,0,0.0,0.0,,2,0,0,271,0,0,0,743,0,400,0,0,271,0
Kjetil Cline,39898,WR,ARMY,13,83.4,0,114,57.3,,58.7,0,0,0,0.0,0.0,,0,0,0,271,0,0,0,325,0,54,0,0,271,7
Cameron Odom,61558,WR,OHIO,12,56.3,1,259,54.4,,61.5,0,0,0,0.0,0.0,,2,0,0,271,0,0,0,481,0,210,0,0,271,0
Donta Thompson,47770,TE,TEXAS TECH,12,38.5,0,315,52.0,64.5,53.9,0,1,20,4.6,4.6,97.5,1,1,0,271,0,0,0,704,21,454,0,0,250,418
Taven Birdow,57046,HB,AIR FORCE,13,56.7,0,101,72.8,76.9,72.4,0,3,59,72.8,72.5,97.5,1,3,0,270,0,0,0,476,66,91,0,0,204,11
Sal Cannella,60853,WR,AUBURN,13,49.5,1,115,52.8,67.1,72.2,0,0,3,1.1,1.4,100.0,3,0,0,270,0,0,0,545,4,279,0,0,266,0
Tyler Simmons,40087,WR,GEORGIA,14,52.7,0,173,60.8,61.2,71.5,0,0,1,0.5,0.4,100.0,1,0,0,270,0,0,0,512,1,231,0,0,269,6
Khameron Taylor,40532,TE,S ALABAMA,9,79.2,0,288,51.9,69.1,52.0,0,2,38,36.5,37.2,97.4,1,2,0,270,0,0,0,341,42,113,0,0,228,308
Sterling Palmer,83968,TE,FIU,13,59.9,1,166,49.6,43.6,43.0,0,2,26,13.1,13.5,92.3,1,3,1,269,0,0,0,449,28,208,0,1,241,389
Jarrid Williams,38432,T,HOUSTON,4,100.0,0,182,67.8,74.7,65.9,0,7,124,100.0,100.0,97.2,2,7,0,269,0,0,0,269,135,135,0,269,134,0
Austin Allen,60970,TE,NEBRASKA,12,69.3,0,238,57.6,61.9,60.7,0,1,19,14.2,14.5,97.4,1,1,0,269,0,0,1,388,20,138,0,0,249,274
Cormac Sampson,84083,TE,WISCONSIN,13,93.7,0,349,79.5,67.0,77.9,0,1,28,60.9,60.9,98.2,0,1,0,269,4,0,0,287,28,46,0,0,241,283
Jason Pellerin,36053,TE,OLE MISS,12,65.0,0,226,54.7,50.4,57.7,1,3,31,18.9,19.2,93.5,2,4,0,268,0,0,0,412,34,177,0,0,234,252
Randal Grimes,61774,WR,UNLV,11,42.7,0,325,62.6,,54.7,0,0,0,0.0,0.0,,2,0,0,268,0,0,0,627,0,359,0,0,268,0
Tucker Fisk,52286,TE,STANFORD,11,74.8,0,300,53.1,45.1,63.0,0,2,55,39.3,39.6,98.2,2,2,0,267,0,0,0,357,59,149,0,0,208,343
Quintez Cephus,29614,WR,WISCONSIN,14,47.2,0,349,82.5,,68.9,0,0,0,0.0,0.0,,4,0,0,267,0,0,0,566,0,299,0,0,267,2
Carson Terrell,61059,TE,UTAH ST,12,45.6,1,329,50.5,72.3,74.8,0,0,9,2.8,3.6,100.0,2,0,0,267,0,0,13,586,12,331,0,0,255,342
Denzel Mims,47800,WR,BAYLOR,14,36.8,0,118,81.9,,59.3,0,0,0,0.0,0.0,,1,0,0,266,0,0,0,723,0,457,0,0,266,1
Marquez Stevenson,41838,WR,HOUSTON,12,43.3,0,182,73.6,,57.7,0,0,0,0.0,0.0,,1,0,0,266,0,0,0,614,0,339,0,0,266,0
Kellen Mond,60556,QB,TEXAS A&M,13,31.3,0,312,76.7,,60.0,0,0,0,0.0,0.0,,7,0,0,266,0,0,0,850,0,509,0,0,266,0
Akilian Butler,47457,WR,BOISE ST,14,42.2,2,120,55.0,70.9,67.9,0,0,3,0.9,0.8,100.0,3,0,0,265,0,0,0,628,3,359,0,0,262,6
Cary Angeline,40767,TE,NC STATE,12,45.5,0,248,57.7,65.4,38.0,0,1,45,13.0,12.9,98.9,2,1,0,265,0,0,7,583,47,365,0,2,218,257
Ryan Hilinski,71295,QB,S CAROLINA,11,36.4,0,289,60.8,62.2,60.2,0,0,1,0.2,0.2,100.0,2,0,0,265,0,0,0,729,1,455,0,0,264,0
Adrian Martinez,83522,QB,NEBRASKA,10,38.8,0,238,52.3,62.2,60.1,0,0,1,0.3,0.3,100.0,3,0,0,265,0,0,0,683,1,329,0,0,264,0
Kyle Horn,36296,TE,UMASS,11,57.9,1,216,58.7,30.2,65.5,2,3,50,21.5,21.0,93.0,3,6,1,264,0,0,1,456,51,243,0,0,213,139
Isaiah Washington,98102,WR,RUTGERS,12,50.2,0,278,59.2,,78.7,0,0,0,0.0,0.0,,1,0,0,264,0,0,0,526,0,262,0,0,264,0
Stephon Robinson Jr.,78136,WR,KANSAS,12,40.4,1,198,73.7,,70.3,0,0,0,0.0,0.0,,2,0,0,264,0,0,0,653,0,385,0,0,264,0
Jarred Sylvester,81763,T,NEW MEXICO,11,100.0,0,241,69.3,65.5,67.1,1,4,105,100.0,100.0,97.6,3,5,0,264,0,0,216,264,114,114,0,47,150,0
Kenyon Oblad,83576,QB,UNLV,11,41.4,0,325,66.9,,60.0,0,0,0,0.0,0.0,,1,0,0,264,0,0,0,638,0,350,0,0,264,0
Malick Mbodj,40023,WR,CINCINNATI,10,55.6,0,138,60.2,,80.0,0,0,0,0.0,0.0,,2,0,0,264,0,0,0,475,0,211,0,0,264,3
Rob Saulin,60857,TE,BAYLOR,14,90.7,0,118,31.5,36.4,42.4,2,3,66,71.7,74.0,94.7,2,6,1,263,0,0,0,290,77,104,0,0,186,279
Jon Gaines II,81879,G,UCLA,9,100.0,0,324,55.5,54.3,53.0,2,2,151,100.0,100.0,98.0,0,5,1,263,0,215,0,263,157,157,48,0,106,0
Scott Bracey,40270,WR,DUKE,11,49.9,0,154,57.1,,59.5,0,0,0,0.0,0.0,,2,0,0,263,0,0,0,527,0,264,0,0,263,0
Joseph Hooper,101038,G,TEMPLE,6,100.0,0,306,61.1,54.1,61.4,1,5,152,100.0,100.0,98.0,0,6,0,263,0,7,0,263,160,160,256,0,103,0
Dontay Demus Jr.,84284,WR,MARYLAND,12,40.6,0,215,66.2,,73.9,0,0,0,0.0,0.0,,0,0,0,263,0,0,0,647,0,384,0,0,263,6
Lyndell Hudson Jr.,81643,T,FIU,11,100.0,0,166,54.9,47.3,56.6,2,6,121,100.0,100.0,96.7,0,8,0,263,0,0,17,263,125,125,0,245,138,0
J'mar Smith,27005,QB,LA TECH,11,34.5,0,208,82.8,,60.0,0,0,0,0.0,0.0,,3,0,0,263,0,0,0,763,0,448,0,0,263,0
Bobby Holly,36036,TE,LA TECH,13,82.7,0,208,75.7,76.6,71.5,0,0,35,41.7,44.4,100.0,0,0,0,263,0,0,0,318,40,90,0,0,223,246
Quez Watkins,61664,WR,SO MISS,11,39.3,0,296,75.7,,57.9,0,0,0,0.0,0.0,,0,0,0,262,0,0,0,666,0,404,0,0,262,0
Kendall Parham,84458,WR,UAB,13,51.2,0,321,65.8,,62.7,0,0,0,0.0,0.0,,2,0,0,262,0,0,0,512,0,249,0,0,262,0
Gaej Walker,42531,HB,W KENTUCKY,13,31.6,0,346,71.0,54.4,44.6,1,8,137,30.2,30.9,96.0,0,10,1,262,0,0,0,830,145,469,0,0,117,1
Malik Harkness,84548,T,CHARLOTTE,7,100.0,0,136,51.9,29.4,58.8,1,8,114,100.0,100.0,93.4,1,12,3,262,0,0,11,262,128,128,3,248,134,0
Brycen Hopkins,47338,TE,PURDUE,12,35.5,2,273,65.1,69.5,41.7,0,1,48,9.6,9.8,99.0,4,1,0,262,0,0,1,738,52,528,2,0,210,313
Cade Briggs,73582,G,NEW MEXICO,9,100.0,0,241,46.4,81.9,42.6,0,2,102,100.0,100.0,99.0,2,2,0,261,0,1,0,261,110,110,260,0,151,0
Jake Paulson,55242,TE,MINNESOTA,9,83.7,0,225,68.2,60.4,72.4,0,0,51,51.5,51.4,98.0,0,1,1,261,0,0,0,312,54,105,0,0,207,286
Henry Bainivalu,60214,G,WASHINGTON,7,100.0,0,340,73.4,72.0,75.6,1,3,119,100.0,100.0,98.3,3,4,0,261,0,0,0,261,127,127,243,0,134,18
Jake Tonges,60864,TE,CAL,13,54.9,1,130,58.6,49.6,56.0,0,3,25,11.0,11.2,94.0,5,3,0,260,0,0,0,474,27,241,0,0,233,359
Devin Duvernay,40006,WR,TEXAS,13,34.2,0,311,89.4,,67.2,0,0,0,0.0,0.0,,1,0,0,260,0,0,0,761,0,494,0,0,260,0
Chris Garrison,47251,TE,BOSTON COL,8,68.9,0,121,61.2,76.7,69.5,0,0,14,11.2,10.7,100.0,0,0,0,259,0,0,0,376,14,131,0,0,245,256
Corey Sutton,61123,WR,APP STATE,9,50.7,0,108,73.3,,58.5,0,0,0,0.0,0.0,,1,0,0,259,0,0,0,511,0,252,0,0,259,0
Binjimen Victor,42198,WR,OHIO STATE,14,51.2,0,260,75.7,,58.7,0,0,0,0.0,0.0,,2,0,0,258,0,0,0,504,0,246,0,0,258,1
Devin Carter,78013,WR,NC STATE,12,36.9,0,248,54.4,,52.7,0,0,0,0.0,0.0,,1,0,0,258,0,0,0,699,0,441,0,0,258,1
Anthony Todd,41847,C,BALL ST,6,100.0,0,117,47.8,49.5,46.9,0,7,122,100.0,100.0,96.3,0,8,1,258,249,9,0,258,130,130,0,0,128,0
Jamaree Salyer,81656,T,GEORGIA,9,100.0,0,173,81.3,76.4,80.8,0,2,119,100.0,100.0,99.2,0,2,0,258,12,33,0,258,129,129,60,150,129,2
Ryan Hayes,84003,T,MICHIGAN,10,100.0,0,222,68.2,81.0,59.7,0,2,113,100.0,100.0,98.2,1,3,1,257,0,0,170,257,126,126,0,77,131,10
T.J. Fiailoa,39844,G,LA MONROE,4,100.0,0,209,53.9,52.4,51.9,1,3,128,100.0,100.0,98.4,0,4,0,257,0,0,0,257,135,135,256,0,122,0
John Samuel Shenker,60854,TE,AUBURN,13,76.9,0,115,52.8,69.8,46.1,0,1,35,32.4,31.3,98.6,1,1,0,257,0,0,49,334,35,112,0,0,222,146
Layne Hatcher,82068,QB,ARK STATE,10,37.5,0,113,85.7,,60.1,0,0,0,0.0,0.0,,3,0,0,257,0,0,0,685,0,399,0,0,257,0
Thair Blakes,61049,TE,UAB,13,79.5,0,321,72.4,70.1,69.0,0,1,40,38.5,38.9,98.7,3,1,0,256,0,0,1,322,42,108,0,0,214,295
Sione Finau,98074,G,FIU,9,100.0,0,166,66.4,75.8,63.3,1,3,108,100.0,100.0,98.1,0,4,0,256,0,250,0,256,113,113,0,0,143,6
Kelvin Smith,45207,TE,N TEXAS,10,60.5,0,251,55.2,52.4,60.0,1,4,76,32.5,31.8,95.4,0,6,1,256,0,0,0,423,78,245,0,0,178,305
Nelson Smith,57075,HB,NAVY,13,65.3,0,237,66.5,52.2,63.2,1,5,53,73.6,74.7,92.5,0,7,1,256,0,0,0,392,56,75,0,0,200,0
Deshawn McClease,45736,HB,VA TECH,13,42.5,0,337,68.9,69.5,51.3,2,4,124,44.1,44.3,97.6,0,6,0,256,0,0,0,602,131,296,0,0,125,5
Kobe Smith,84397,WR,S DIEGO ST,13,44.6,0,284,72.2,,65.6,0,0,0,0.0,0.0,,1,0,0,255,0,0,0,572,0,317,0,0,255,1
Darius Washington,99679,T,FLORIDA ST,4,100.0,0,167,45.4,53.1,53.0,1,5,128,100.0,100.0,96.1,5,8,2,255,0,0,252,255,139,139,0,0,116,3
Samuel Emilus,75926,WR,UMASS,12,46.6,0,216,55.7,,60.9,0,0,0,0.0,0.0,,3,0,0,255,0,0,0,547,0,292,0,0,255,0
Carl Tucker,47165,TE,N CAROLINA,11,70.8,0,245,53.0,66.1,58.0,0,1,59,36.9,37.1,97.5,0,2,1,255,0,0,0,360,62,167,0,0,193,255
Austin Conway,29618,WR,WYOMING,13,51.8,0,351,63.9,,68.0,0,0,0,0.0,0.0,,1,0,0,255,0,0,0,492,0,231,0,0,255,0
Malachi Carter,77993,WR,GA TECH,12,49.8,0,176,55.9,,57.6,0,0,0,0.0,0.0,,3,0,0,254,0,0,0,510,0,256,0,0,254,3
Eli Wolf,47286,TE,GEORGIA,14,56.8,0,173,58.8,32.1,77.0,0,1,19,9.5,10.6,97.4,0,1,0,254,0,0,0,447,23,216,0,0,231,208
Devin Miller,60945,TE,MARSHALL,13,73.2,0,214,60.3,55.4,71.5,0,0,23,21.3,21.8,100.0,0,0,0,254,0,0,0,347,26,119,0,1,228,269
Adam Prentice,35639,TE,COLO STATE,12,75.8,0,144,66.5,71.6,76.9,0,2,53,42.1,41.2,98.1,1,2,0,254,0,0,0,335,56,136,0,0,198,181
Naasir Watkins,81999,T,KENTUCKY,12,100.0,0,202,67.3,68.8,67.6,0,0,86,100.0,100.0,98.8,3,1,1,253,0,0,99,253,95,95,0,154,158,0
Tyrone Sampson Jr.,81646,C,FRESNO ST,6,100.0,0,169,60.8,81.4,54.9,0,1,132,100.0,100.0,99.6,2,1,0,253,253,0,0,253,144,144,0,0,109,0
Erik Krommenhoek,61056,TE,USC,13,61.7,0,326,47.8,48.3,51.9,0,2,47,23.9,24.2,95.7,1,3,1,253,0,0,0,410,50,207,0,0,203,215
Seth Dawkins,48176,WR,LOUISVILLE,13,48.8,0,210,62.8,,77.0,0,0,0,0.0,0.0,,2,0,0,253,0,0,0,518,0,265,0,0,253,0
Shaun Beyer,40860,TE,IOWA,13,64.3,0,192,51.4,76.8,50.2,0,0,24,15.5,15.2,100.0,2,0,0,252,0,0,0,392,25,165,0,0,227,311
Chuba Hubbard,57373,HB,OKLA STATE,13,30.7,0,262,88.1,77.3,68.2,3,5,137,38.1,39.4,97.1,0,8,0,252,0,0,0,821,152,386,0,0,100,0
Ruben Guerra,51638,G,UTEP,6,100.0,0,330,56.8,48.1,56.6,1,4,92,100.0,100.0,97.3,2,5,0,252,2,0,0,252,105,105,247,3,147,0
Nick Lenners,60929,TE,KANSAS ST,13,63.0,1,199,49.0,51.3,53.7,1,1,20,12.4,13.5,90.0,3,3,1,252,0,0,0,400,23,171,0,0,229,330
Lesley Dalger,60829,TE,AIR FORCE,10,81.0,0,101,53.8,64.1,67.4,0,0,0,0.0,1.7,,2,0,0,252,0,0,32,311,1,60,0,19,251,48
Kennedy Brooks,57371,HB,OKLAHOMA,13,43.7,0,261,82.1,74.2,54.4,0,5,105,39.2,39.9,97.6,0,5,0,251,0,0,0,574,111,278,0,0,140,3
Seth Williams,84137,WR,AUBURN,12,41.6,0,115,73.5,,68.9,0,0,0,0.0,0.0,,3,0,0,251,0,0,2,604,0,353,0,0,251,0
Jeremy Ruckert,84029,TE,OHIO STATE,14,62.0,0,260,67.5,49.7,70.3,0,2,43,23.1,23.8,95.3,0,3,1,251,0,0,0,405,48,202,0,0,203,290
Colin Marquez,58454,G,AIR FORCE,10,100.0,0,101,68.8,38.2,70.2,1,5,59,100.0,100.0,94.9,0,6,0,251,0,41,0,251,63,63,210,0,188,0
DaVondre Love,46774,T,INDIANA,7,100.0,0,190,56.5,61.8,52.8,0,5,109,100.0,100.0,96.8,0,6,1,250,0,0,7,250,114,114,0,243,136,0
Tyrone Tracy,84226,WR,IOWA,13,47.3,0,192,69.5,,54.6,0,0,0,0.0,0.0,,1,0,0,250,0,0,0,529,0,273,0,0,250,4
Warren Jackson,52050,WR,COLO STATE,10,38.9,0,144,90.1,66.5,74.8,0,0,2,0.5,0.5,100.0,2,0,0,249,0,0,0,640,2,393,0,0,247,39
Blaise Gammon,26883,TE,KANSAS ST,13,78.3,0,199,50.6,71.0,57.4,0,1,24,27.3,25.8,97.9,1,1,0,249,0,0,0,318,24,93,0,0,225,292
Aaron Fuller,47537,WR,WASHINGTON,13,41.2,2,340,72.7,62.1,72.5,0,0,1,0.3,0.3,100.0,4,0,0,249,0,0,0,605,1,357,0,0,248,1
Brandon Chapman,44947,TE,WAKE,13,59.7,0,339,49.6,45.8,54.9,1,2,49,23.9,22.6,96.9,0,3,0,249,0,0,1,417,49,217,0,1,200,319
Javonis Isaac,42036,TE,ARK STATE,11,57.4,0,113,44.0,67.0,39.7,0,2,56,24.5,24.5,98.2,4,2,0,249,0,0,0,434,60,245,0,2,189,102
Bryce Bailey,60204,G,VANDERBILT,12,98.8,0,333,55.4,43.5,57.5,3,4,110,97.3,97.4,95.9,0,8,1,249,0,140,6,252,114,117,0,0,135,106
Blake Lodes,81710,T,LA MONROE,11,100.0,0,209,58.2,54.4,59.9,2,3,123,100.0,100.0,98.0,1,5,0,248,0,0,247,248,128,128,0,0,120,1
Scotty Washington,47964,WR,WAKE,8,46.3,0,339,68.4,,66.0,0,0,0,0.0,0.0,,1,0,0,248,0,0,0,536,0,288,0,0,248,1
Will Taylor,55550,C,DUKE,7,100.0,1,154,57.0,59.3,57.1,0,3,108,100.0,100.0,98.6,1,3,0,248,248,0,0,248,111,111,0,0,137,0
DeVonta Smith,61100,WR,ALABAMA,13,39.6,1,103,82.7,,69.1,0,0,0,0.0,0.0,,4,0,0,248,0,0,0,626,0,378,0,0,248,2
Cole Tucker,61537,WR,N ILLINOIS,12,45.0,0,254,70.2,,55.0,0,0,0,0.0,0.0,,0,0,0,248,0,0,0,551,0,303,0,0,248,0
J.D. King,57374,HB,GA SOUTHRN,12,48.0,0,174,74.9,43.3,64.3,1,2,29,27.6,27.0,94.8,0,3,0,248,0,0,0,517,30,111,0,0,218,1
John Hightower,84142,WR,BOISE ST,14,37.5,1,120,73.4,,62.5,0,0,0,0.0,0.0,,2,0,0,248,0,0,0,662,0,400,0,0,248,0
Gavin Sharp,84076,TE,UTSA,11,60.6,0,331,55.0,71.1,60.4,0,1,38,19.4,21.1,98.7,3,1,0,248,0,0,0,409,43,204,0,0,205,286
Marcus Tatum,41437,T,TENNESSEE,9,100.0,0,307,52.2,44.3,56.5,1,11,117,100.0,100.0,94.9,2,12,0,247,0,1,54,247,121,121,2,186,126,4
Albert Okwuegbunam,41933,TE,MISSOURI,11,49.5,1,229,61.2,69.2,56.5,0,0,24,9.4,9.4,100.0,8,0,0,247,0,0,0,499,26,278,0,1,221,292
Tyler Lamm,39862,TE,LA MONROE,11,71.2,0,209,61.9,50.3,59.0,0,1,34,26.6,26.5,95.6,1,2,1,247,0,0,5,347,36,136,0,20,211,297
Ty Pollard,46997,G,SO MISS,10,100.0,0,296,59.2,61.0,57.1,4,4,120,100.0,100.0,95.8,0,9,1,247,0,138,1,247,123,123,105,3,124,0
Kelly Bryant,34897,QB,MISSOURI,10,36.6,0,229,68.7,,60.0,0,0,0,0.0,0.0,,4,0,0,247,0,0,0,675,0,375,0,0,247,0
Ty Scott,78042,WR,C MICHIGAN,14,36.8,0,134,65.0,,50.1,0,0,0,0.0,0.0,,2,0,0,246,0,0,0,668,0,421,0,0,246,1
Kaleb Barker,46494,QB,TROY,12,29.5,0,318,77.7,,60.0,0,0,0,0.0,0.0,,2,0,0,246,0,0,0,834,0,561,0,0,246,0
Julien Bourassa,55036,TE,BUFFALO,11,83.1,0,126,53.8,71.7,56.9,0,0,10,16.9,16.7,100.0,0,0,0,246,0,0,0,296,10,60,0,0,236,246
Tony Gaiter IV,47627,WR,FIU,13,44.6,1,166,67.3,76.2,65.2,0,0,2,0.7,0.6,100.0,4,0,0,246,0,0,0,552,2,308,0,0,244,1
Lee Morris,35005,WR,OKLAHOMA,14,50.8,1,261,65.0,68.6,67.3,0,0,3,1.3,1.2,100.0,1,0,0,246,0,0,0,484,3,241,0,0,243,6
David Bell,97989,WR,PURDUE,12,32.2,1,273,77.3,,55.7,0,0,0,0.0,0.0,,4,0,0,246,0,0,0,765,0,516,0,0,246,0
Miller Forristall,47378,TE,ALABAMA,9,54.8,0,103,59.5,46.3,65.0,1,2,46,19.2,19.1,96.7,2,3,0,246,0,0,1,449,48,251,0,2,198,348
Joshua Palmer,62979,WR,TENNESSEE,13,39.8,0,307,65.8,68.2,59.7,0,0,2,0.6,1.1,100.0,0,0,0,245,0,0,0,615,4,372,0,0,241,20
Reed Tyler,83619,TE,ARK STATE,13,49.3,0,113,50.7,47.8,49.9,0,2,47,16.8,16.0,95.7,0,3,1,245,0,0,0,497,48,300,0,1,197,113
Ronnie Bell,84288,WR,MICHIGAN,13,41.0,0,222,69.9,63.9,59.0,0,0,1,0.3,0.3,100.0,1,0,0,244,0,0,0,595,1,352,0,0,243,0
Quin Jernighan,35215,WR,W KENTUCKY,13,41.3,0,346,58.9,,63.7,0,0,0,0.0,0.0,,2,0,0,244,0,0,0,591,0,347,0,0,244,0
Jonathan Ifedi,41402,WR,GA STATE,12,53.5,0,175,56.0,,62.9,0,0,0,0.0,0.0,,0,0,0,243,0,0,0,454,0,211,0,0,243,0
Brayden Willis,77917,TE,OKLAHOMA,14,75.9,0,261,68.8,56.8,56.6,0,3,41,36.0,37.0,96.3,0,3,0,243,0,0,0,320,44,119,0,2,199,243
Xavier Gaines,40094,WR,MARSHALL,13,46.9,2,214,63.5,54.4,54.8,0,1,8,3.4,3.8,93.7,4,1,0,243,0,0,0,518,10,264,0,0,233,83
Shane Hooks,78198,WR,OHIO,13,51.7,1,259,72.1,,68.2,0,0,0,0.0,0.0,,5,0,0,243,0,0,0,470,0,227,0,0,243,0
Hutch White,41208,WR,TEXAS ST,12,37.1,0,314,71.1,,70.6,0,0,0,0.0,0.0,,1,0,0,243,0,0,0,655,0,411,0,0,243,3
Brandon Aiyuk,84109,WR,ARIZONA ST,12,37.1,1,110,77.8,,67.4,0,0,0,0.0,0.0,,4,0,0,243,0,0,0,655,0,411,0,0,243,2
Chris Elmore,57090,TE,SYRACUSE,12,85.8,0,304,54.3,70.6,60.7,0,3,56,60.9,60.4,97.3,1,3,0,242,0,0,0,282,58,96,0,0,184,118
Tutu Atwell,77965,WR,LOUISVILLE,13,43.4,1,210,91.2,,64.5,0,0,0,0.0,0.0,,2,0,0,242,0,0,0,558,0,312,0,0,242,0
Frank Darby,40988,WR,ARIZONA ST,13,37.4,0,110,69.7,,80.6,0,0,0,0.0,0.0,,0,0,0,241,0,0,0,644,0,403,0,0,241,0
Demari Simpkins,47553,WR,UTAH,14,48.5,0,328,58.8,61.9,65.9,0,0,1,0.4,0.4,100.0,2,0,0,241,0,0,0,497,1,248,0,0,240,5
Nico Collins,61441,WR,MICHIGAN,12,41.1,1,222,70.9,,63.6,0,0,0,0.0,0.0,,3,0,0,241,0,0,0,586,0,345,0,0,241,0
Chris Olave,84355,WR,OHIO STATE,14,47.3,0,260,85.1,,60.9,0,0,0,0.0,0.0,,2,0,0,241,0,0,0,509,0,266,0,0,241,3
OJ Davis,43181,WR,NAVY,13,86.7,0,237,65.7,80.2,75.3,0,0,1,2.7,5.1,100.0,0,0,0,241,0,0,11,278,2,39,0,15,239,8
Adam Luehrman,41375,TE,OHIO,13,77.2,1,259,58.2,71.9,66.5,0,0,38,35.5,36.0,97.4,1,1,1,240,0,0,0,311,40,111,0,1,200,231
Marquez Callaway,42295,WR,TENNESSEE,13,40.3,1,307,69.5,,62.4,0,0,0,0.0,0.0,,2,0,0,240,0,0,0,596,0,356,0,0,240,11
Patrick O'Brien,40273,QB,COLO STATE,11,36.0,0,144,72.4,,60.0,0,0,0,0.0,0.0,,3,0,0,240,0,0,0,667,0,398,0,0,240,0
Badara Traore,82001,T,LSU,8,100.0,2,211,62.0,62.3,61.7,1,4,133,100.0,100.0,98.1,2,5,0,240,0,0,76,240,137,137,0,164,103,0
Chance Warren,77869,WR,NAVY,12,73.8,0,237,69.6,,56.9,0,0,0,0.0,0.0,,0,0,0,240,0,0,0,325,0,81,0,0,240,2
Nicholas Petit-Frere,82003,T,OHIO STATE,11,100.0,0,260,59.2,50.2,59.5,3,1,79,100.0,100.0,97.5,2,4,0,240,0,0,47,240,87,87,0,193,153,0
Coker Wright,98240,G,SO MISS,8,100.0,0,296,55.6,27.3,65.5,4,8,139,100.0,100.0,95.7,1,12,0,240,1,104,0,240,146,146,87,48,94,0
Ryan Bay,28245,TE,OREGON,14,77.1,0,264,57.9,54.9,59.7,0,1,27,28.7,28.3,94.4,0,2,1,239,0,0,0,310,28,99,0,6,211,252
Zech Byrd,98711,TE,E CAROLINA,12,72.2,0,156,54.2,65.3,49.4,0,2,45,34.6,34.3,97.8,1,2,0,239,0,0,0,331,48,140,0,0,191,236
Desmond Phillips,40244,WR,TOLEDO,12,44.1,0,316,63.9,,56.3,0,0,0,0.0,0.0,,1,0,0,239,0,0,0,542,0,303,0,0,239,1
Danzel McKinley-Lewis,47648,WR,TOLEDO,12,43.9,1,316,67.6,,60.4,0,0,0,0.0,0.0,,4,0,0,239,0,0,0,544,0,305,0,0,239,0
Jalen Walker,61429,WR,MIAMI OH,14,45.6,0,221,63.4,,59.2,0,0,0,0.0,0.0,,0,0,0,238,0,0,0,522,0,281,0,0,238,7
Malik Cunningham,60436,QB,LOUISVILLE,12,42.3,0,210,74.0,,60.1,0,0,0,0.0,0.0,,2,0,0,238,0,0,0,562,0,257,0,0,238,0
CJ Marable,55264,HB,COAST CAR,12,34.9,0,141,78.5,47.2,47.6,2,5,97,30.2,30.8,95.4,1,8,1,238,0,0,0,681,106,344,0,0,132,10
George Pickens,99229,WR,GEORGIA,14,44.5,1,173,85.5,,70.0,0,0,0,0.0,0.0,,7,0,0,238,0,0,0,535,0,297,0,0,238,0
Tyler Mabry,25705,TE,MARYLAND,12,57.3,0,215,52.5,49.0,52.7,2,1,39,18.8,18.8,96.2,0,3,0,238,0,0,6,415,41,218,0,5,197,308
Marcus Joyner,40796,TE,DOMINION,12,57.5,0,263,56.0,52.4,60.4,0,2,51,23.1,25.4,98.0,2,2,0,238,0,0,0,414,60,236,0,0,178,288
Kyle Schrank,47408,TE,BALL ST,11,72.7,0,117,47.8,67.9,50.9,0,4,46,34.8,35.5,95.7,0,4,0,237,0,0,0,326,49,138,0,0,188,295
Charlie Kolar,60917,TE,IOWA STATE,13,40.7,1,193,85.5,56.1,61.9,1,2,53,13.9,13.7,97.2,5,3,0,237,0,0,0,583,55,401,0,0,182,298
Nick Westbrook-Ikhine,47861,WR,INDIANA,13,36.2,0,190,65.1,,73.0,0,0,0,0.0,0.0,,1,0,0,237,0,0,0,654,0,417,0,0,237,0
Kelvin Hopkins Jr.,41309,QB,ARMY,12,51.1,0,114,74.7,,60.0,0,0,0,0.0,0.0,,0,0,0,237,0,0,0,464,0,90,0,0,237,0
Kedon Slovis,100580,QB,USC,12,33.6,0,326,78.8,,60.0,0,0,0,0.0,0.0,,1,0,0,237,0,0,0,705,0,456,0,0,237,0
Te'Vailance Hunt,78109,WR,TCU,12,44.1,0,305,58.1,,68.8,0,0,0,0.0,0.0,,0,0,0,237,0,0,0,537,0,300,0,0,237,0
Charlie Brewer,60344,QB,BAYLOR,14,29.0,1,118,80.5,,60.3,0,0,0,0.0,0.0,,4,0,0,236,0,0,0,813,0,498,0,0,236,0
Tanner Mathias,56482,TE,W MICHIGAN,13,92.5,0,347,60.7,45.8,65.6,0,3,50,74.6,73.2,97.0,1,3,0,236,0,0,0,255,52,71,0,0,184,239
Clevan Thomas Jr.,61362,WR,KENTUCKY,13,69.5,0,202,57.4,76.2,61.0,0,0,2,2.2,2.0,100.0,0,0,0,235,0,0,0,338,2,102,0,0,233,2
Shawn Muldowney II,58463,G,AKRON,6,100.0,0,102,58.2,63.3,56.1,2,4,146,100.0,100.0,97.9,1,6,0,235,0,235,0,235,159,159,0,0,76,0
Jarrin Pierce,100875,WR,MIDDLE TN,12,38.0,0,224,61.7,,58.9,0,0,0,0.0,0.0,,4,0,0,235,0,0,0,619,0,383,0,0,235,0
Tyler Johnston III,60570,QB,UAB,11,39.8,0,321,79.3,,60.0,0,0,0,0.0,0.0,,1,0,0,235,0,0,0,590,0,286,0,0,235,0
Zane Pope,61265,WR,FRESNO ST,12,41.9,0,169,64.5,,62.9,0,0,0,0.0,0.0,,1,0,0,235,0,0,0,561,0,326,0,0,235,0
Denzel Okafor,42007,T,TEXAS,7,100.0,0,311,67.7,70.7,65.4,0,10,135,100.0,100.0,96.3,1,10,0,235,0,0,16,235,140,140,7,212,95,0
Ty Lee,39885,WR,MIDDLE TN,12,38.6,0,224,60.5,,70.7,0,0,0,0.0,0.0,,2,0,0,234,0,0,0,607,0,367,0,0,234,0
Hunter Thedford,50645,TE,UTAH,14,84.8,0,328,73.4,68.4,75.5,0,1,37,47.4,47.5,98.6,2,1,0,234,0,0,0,276,38,80,0,0,196,272
Grant Loy,40276,QB,BOWL GREEN,12,42.2,1,122,59.3,,60.0,0,0,0,0.0,0.0,,3,0,0,234,0,0,0,555,0,236,0,0,234,0
Jalen Virgil,41991,WR,APP STATE,14,52.2,0,108,66.7,61.1,64.2,0,0,0,0.0,0.5,,1,0,0,234,0,0,0,448,1,206,0,0,233,1
Netane Muti,41339,G,FRESNO ST,3,100.0,0,169,74.1,88.7,72.6,0,2,141,100.0,100.0,98.6,3,3,1,234,0,233,0,234,148,148,0,0,86,1
Adam Mehelic,60957,TE,MIAMI OH,14,87.9,0,221,55.8,63.7,61.7,0,1,39,54.9,55.6,98.7,1,1,0,233,0,0,0,265,40,72,0,0,193,192
Bryce Gibbs,36969,T,KENT STATE,3,100.0,0,201,47.1,41.0,54.0,1,5,122,100.0,100.0,95.1,3,9,3,233,0,0,233,233,132,132,0,0,101,0
Steven Claude,39250,WR,WAKE,12,44.2,1,339,57.0,,65.8,0,0,0,0.0,0.0,,1,0,0,233,0,0,0,527,0,294,0,0,233,8
Hunter Bergeron,56396,TE,LA LAFAYET,14,74.4,0,207,49.0,46.4,61.6,1,1,31,29.0,27.9,96.8,0,2,0,232,0,0,5,312,31,111,0,1,201,251
Justyn Ross,78021,WR,CLEMSON,14,38.7,0,140,78.2,,57.2,0,0,0,0.0,0.0,,0,0,0,232,0,0,0,599,0,367,0,0,232,0
Antonio Gibson,78050,WR,MEMPHIS,14,37.7,0,218,81.3,74.0,67.2,0,0,7,2.1,2.0,100.0,1,0,0,232,0,0,0,615,7,356,0,0,225,6
Levi Paulsen,46916,T,IOWA,8,100.0,0,192,65.4,59.1,65.3,3,2,109,100.0,100.0,96.8,0,6,1,232,0,0,1,232,121,121,70,160,111,0
Matt Drayton,97667,WR,UCONN,12,44.4,0,146,56.4,,60.2,0,0,0,0.0,0.0,,1,0,0,232,0,0,0,523,0,291,0,0,232,0
Malik Williams,61121,WR,APP STATE,14,41.6,0,108,78.1,69.5,63.7,0,0,2,0.6,0.6,100.0,1,0,0,231,0,0,0,555,2,321,0,0,229,3
Quinten Dormady,35426,QB,C MICHIGAN,10,39.6,1,134,58.3,,60.0,0,0,0,0.0,0.0,,2,0,0,231,0,0,0,584,0,338,0,0,231,0
Reagan Roberson,60972,TE,NEVADA,13,85.9,0,239,37.1,68.9,48.0,1,1,43,54.4,54.8,97.7,3,2,0,231,0,1,6,269,46,84,0,1,185,232
Myles Fells,57326,FB,NAVY,13,79.7,1,237,62.0,56.9,59.9,0,1,19,31.7,34.4,97.4,2,1,0,231,0,0,0,290,22,64,0,0,209,186
Jarrod Jackson,48252,WR,LA LAFAYET,14,44.4,0,207,63.8,64.5,66.3,0,0,1,0.4,0.3,100.0,2,0,0,231,0,0,0,520,1,290,0,0,230,11
Jett Duffey,41634,QB,TEXAS TECH,10,33.0,0,315,87.1,62.2,60.0,0,0,1,0.2,0.2,100.0,2,0,0,231,0,0,0,700,1,447,0,0,230,0
Chase Allen,39988,TE,IOWA STATE,13,62.9,0,193,73.9,64.7,72.5,1,1,39,23.6,22.7,97.4,3,2,0,231,0,0,0,367,40,176,1,0,191,271
Brennan Eagles,78103,WR,TEXAS,12,36.4,0,311,57.5,,59.3,0,0,0,0.0,0.0,,4,0,0,230,0,0,0,632,0,402,0,0,230,5
K.J. Osborn,23503,WR,MIAMI FL,13,34.0,0,220,64.5,,73.4,0,0,0,0.0,0.0,,0,0,0,230,0,0,0,677,0,440,0,0,230,1
Sean Chambers,75888,QB,WYOMING,8,50.4,0,351,69.0,,60.0,0,0,0,0.0,0.0,,2,0,0,230,0,0,0,456,0,160,0,0,230,0
Donta Anthony Jr.,84030,TE,DOMINION,12,59.3,0,263,47.2,44.1,61.1,0,4,49,24.3,25.1,93.9,2,5,1,230,0,0,0,388,53,211,0,0,177,255
Jerry Jeudy,61103,WR,ALABAMA,13,38.3,0,103,85.6,,70.6,0,0,0,0.0,0.0,,4,0,0,230,0,0,0,600,0,370,0,0,230,1
Jordan Myers,41521,TE,RICE,12,69.1,0,275,57.0,74.2,46.2,0,0,7,6.9,7.2,100.0,1,0,0,230,0,0,0,333,8,111,0,0,222,249
Dejan Rasuo,84545,C,CHARLOTTE,9,100.0,0,136,54.0,43.8,54.8,0,2,92,100.0,100.0,97.8,1,3,1,229,113,48,34,229,102,102,0,33,127,0
Khalil McClain,60568,WR,TROY,12,33.7,0,318,65.9,,75.5,0,0,0,0.0,0.0,,2,0,0,229,0,0,0,680,0,451,0,0,229,0
Jack Bradley,98432,TE,RICE,12,79.8,0,275,42.3,61.5,46.9,0,1,49,48.0,47.7,96.9,1,2,1,229,0,0,6,287,53,111,0,0,176,261
Deddrick Thomas,47913,WR,MISS STATE,13,50.7,0,227,69.9,,67.5,0,0,0,0.0,0.0,,0,0,0,229,0,0,0,452,0,222,0,0,229,5
Jeremy Cooper,77483,G,CINCINNATI,4,100.0,1,138,59.4,55.4,62.2,0,4,101,100.0,100.0,98.0,5,4,0,229,0,229,0,229,106,106,0,0,123,0
Dare Rosenthal,82491,T,LSU,5,100.0,0,211,68.2,75.1,61.7,1,0,121,100.0,100.0,98.8,1,2,1,228,0,0,228,228,125,125,0,0,103,0
Anthony Watley,41237,TE,E CAROLINA,12,70.8,0,156,51.9,70.2,51.9,0,1,40,32.0,31.4,98.7,1,1,0,228,0,0,0,322,43,137,0,0,185,209
La'Michael Pettway,34983,WR,IOWA STATE,13,32.5,0,193,66.6,60.9,61.5,0,0,1,0.2,0.2,100.0,2,0,0,228,0,0,0,702,1,475,0,0,227,8
Andrew Boselli,40469,C,FLORIDA ST,5,100.0,0,167,45.3,37.5,53.3,1,4,115,100.0,100.0,97.8,3,5,0,228,226,0,0,228,123,123,2,0,105,0
Adonicas Sanders,62988,WR,GA TECH,12,50.6,0,176,64.5,,66.8,0,0,0,0.0,0.0,,0,0,0,228,0,0,0,451,0,223,0,0,228,0
Ahmarean Brown,97164,WR,GA TECH,12,47.2,1,176,61.1,,53.2,0,0,0,0.0,0.0,,2,0,0,228,0,0,0,483,0,254,0,0,228,0
Ean Pfeifer,36767,TE,LOUISVILLE,13,90.8,0,210,75.3,65.4,69.7,1,1,44,65.7,67.1,97.7,0,2,0,228,0,0,11,251,47,70,0,18,181,221
Jahcour Pearson,42095,WR,W KENTUCKY,13,35.3,0,346,75.5,,50.0,0,0,0,0.0,0.0,,0,0,0,227,0,0,0,643,0,411,0,0,227,1
Austin Trammell,52195,WR,RICE,12,38.3,1,275,78.1,,67.2,0,0,0,0.0,0.0,,1,0,0,227,0,0,0,593,0,364,0,0,227,1
Brenden Knox,57287,HB,MARSHALL,13,33.8,0,214,79.7,51.2,64.4,1,9,143,47.0,47.3,95.1,2,12,2,227,0,0,0,671,155,328,0,0,72,1
Will Mallory,77888,TE,MIAMI FL,13,51.5,0,220,50.2,72.0,45.0,0,0,50,19.7,20.4,100.0,2,0,0,227,0,0,1,441,55,269,0,13,172,333
Gerrit Prince,84065,TE,UAB,14,73.2,0,321,50.7,47.0,62.9,0,3,41,33.9,34.6,93.9,2,4,1,227,0,0,0,310,44,127,0,0,183,254
Quazzel White,60107,G,TCU,7,100.0,0,305,67.7,68.5,71.0,0,8,125,100.0,100.0,96.8,3,8,0,226,0,24,84,226,132,132,115,3,94,0
Charlie Mangieri,83918,TE,NWESTERN,12,64.9,0,256,34.3,60.2,39.6,1,0,14,11.0,11.6,96.4,3,1,0,226,0,0,4,348,16,138,0,1,210,284
Paul Toala,41621,C,UTAH,8,100.0,0,328,73.3,75.3,71.2,1,0,74,100.0,100.0,99.3,1,1,0,226,191,0,0,226,77,77,35,0,149,0
Chris Finke,33014,WR,NOTRE DAME,12,35.8,0,258,62.5,,56.5,0,0,0,0.0,0.0,,0,0,0,226,0,0,0,631,0,404,0,0,226,0
James Blackman,60382,QB,FLORIDA ST,12,36.4,1,167,62.7,62.2,60.4,0,0,1,0.3,0.3,100.0,2,0,0,225,0,0,0,618,1,377,0,0,224,0
Cade Brewer,61034,TE,TEXAS,9,46.3,0,311,52.2,72.1,62.4,0,1,51,17.2,17.2,97.1,1,2,1,224,0,0,7,484,54,314,0,6,170,225
Javian Hawkins,77704,HB,LOUISVILLE,13,36.0,0,210,85.3,54.8,55.4,2,8,143,53.6,53.5,96.5,2,10,0,224,0,0,0,623,151,282,0,0,73,0
Jaylen Erwin,98750,WR,UCLA,12,35.5,0,324,57.1,,63.3,0,0,0,0.0,0.0,,0,0,0,224,0,0,0,631,0,407,0,0,224,3
Jason Pirtle,42235,TE,N TEXAS,12,60.9,0,251,65.4,47.7,57.8,1,1,51,27.0,26.7,98.0,0,2,0,223,0,0,0,366,52,195,0,0,171,237
Zay Flowers,97268,WR,BOSTON COL,13,50.5,0,121,66.2,,64.9,0,0,0,0.0,0.0,,1,0,0,223,0,0,0,442,0,192,0,0,223,3
Zach Jackson,61387,WR,LA MONROE,12,43.7,0,209,57.8,,56.1,0,0,0,0.0,0.0,,3,0,0,223,0,0,0,510,0,287,0,0,223,0
Ihmir Smith-Marsette,61324,WR,IOWA,13,37.5,0,192,71.8,,59.4,0,0,0,0.0,0.0,,2,0,0,223,0,0,0,594,0,360,0,0,223,3
Dylan Soehner,42375,TE,IOWA STATE,12,75.5,0,193,73.8,67.0,72.0,0,1,36,34.6,33.9,98.6,3,1,0,222,0,0,0,294,37,109,0,1,185,218
Ben Glines,47760,WR,BOSTON COL,12,59.4,1,121,55.7,65.9,55.4,0,0,1,0.7,0.7,100.0,1,0,0,222,0,0,0,374,1,147,0,0,221,14
Jordan McCloud,101058,QB,USF,12,38.8,0,327,56.4,,60.0,0,0,0,0.0,0.0,,5,0,0,222,0,0,0,572,0,313,0,0,222,0
Trey Knox,98359,WR,ARKANSAS,11,41.3,1,111,66.2,,72.9,0,0,0,0.0,0.0,,1,0,0,222,0,0,0,537,0,315,0,0,222,0
Dante Wright,97188,WR,COLO STATE,12,32.3,0,144,65.9,,66.0,0,0,0,0.0,0.0,,0,0,0,222,0,0,0,688,0,450,0,0,222,0
Wayne Taulapapa,91020,HB,VIRGINIA,12,40.9,0,335,63.9,67.2,69.5,2,4,118,37.8,38.5,96.6,0,7,1,222,0,0,0,543,127,330,0,0,95,5
K.D. Nixon,61216,WR,COLORADO,12,40.7,0,143,65.6,,85.0,0,0,0,0.0,0.0,,5,0,0,222,0,0,0,546,0,320,0,0,222,1
Terrace Marshall Jr.,84271,WR,LSU,12,33.5,2,211,71.1,,59.0,0,0,0,0.0,0.0,,2,0,0,221,0,0,0,659,0,438,0,0,221,0
Jamale Carothers,77868,HB,NAVY,11,62.3,0,237,77.6,35.4,59.0,2,2,56,75.7,72.5,91.1,0,7,3,221,0,0,0,355,58,80,0,0,163,0
Donny Navarro III,84220,WR,ILLINOIS,12,46.6,0,187,60.8,,70.7,0,0,0,0.0,0.0,,1,0,0,221,0,0,0,474,0,253,0,0,221,0
Sadiq Palmer,41606,WR,UMASS,12,48.1,1,216,59.9,,53.2,0,0,0,0.0,0.0,,2,0,0,221,0,0,0,459,0,238,0,0,221,2
Malik Stanley,61642,WR,LA TECH,13,40.0,0,208,74.8,61.1,82.4,0,0,0,0.0,0.3,,2,0,0,221,0,0,0,553,1,333,0,0,220,7
Jacobi Lott,77480,G,KANSAS,9,100.0,0,198,47.5,52.1,41.0,1,6,134,100.0,100.0,97.4,0,7,0,221,0,212,0,221,145,145,0,0,76,0
Mike Glass III,60369,QB,E MICHIGAN,12,28.2,2,160,81.9,,60.4,0,0,0,0.0,0.0,,4,0,0,221,0,0,0,783,0,482,0,0,221,0
Dylan Niedrowski,77427,G,UCONN,8,100.0,0,146,49.4,39.0,58.6,3,8,130,100.0,100.0,93.5,4,14,3,220,0,143,0,220,136,136,0,64,84,13
Tarik Black,61442,WR,MICHIGAN,12,45.5,0,222,59.1,,73.5,0,0,0,0.0,0.0,,2,0,0,220,0,0,0,484,0,264,0,0,220,0
Griffin Hebert,61382,WR,LA TECH,13,37.2,0,208,65.6,56.3,68.6,0,0,3,0.9,0.8,100.0,0,0,0,220,0,0,0,591,3,374,0,0,217,8
Kalil Pimpleton,61799,WR,C MICHIGAN,14,31.2,1,134,72.6,,78.4,0,0,0,0.0,0.0,,3,0,0,219,0,0,0,701,0,477,0,0,219,4
Jaetavian Toles,61738,WR,TULANE,13,50.5,1,319,50.8,35.8,53.8,0,1,3,1.4,1.4,83.3,5,1,0,219,0,0,0,434,3,218,0,0,216,0
Billy Bob Humphreys,41875,TE,S JOSE ST,12,50.9,0,285,50.0,56.8,50.9,0,0,34,14.6,15.6,100.0,1,0,0,219,0,0,0,430,39,250,0,1,180,284
Thomas Odukoya,77872,TE,E MICHIGAN,13,65.2,0,160,51.3,65.0,65.8,0,1,33,23.2,23.5,98.5,0,1,0,219,0,0,1,336,36,153,0,0,183,236
Dimitri Stanley,83810,WR,COLORADO,12,39.6,0,143,55.2,,53.4,0,0,0,0.0,0.0,,1,0,0,218,0,0,0,550,0,328,0,0,218,1
Zach Saum,47060,T,ARMY,13,96.0,0,114,72.3,78.4,71.0,0,0,8,53.3,52.6,100.0,0,0,0,218,0,0,79,227,10,19,0,69,208,56
Matt Bjorson,83984,TE,INDIANA,13,73.9,0,190,39.4,54.2,46.6,1,2,37,33.9,33.6,95.9,2,3,0,218,0,0,0,295,39,116,0,0,179,248
Aubry Payne,29432,TE,GA STATE,11,61.3,0,175,64.9,66.6,59.1,0,1,25,15.9,16.6,98.0,0,1,0,217,0,0,0,354,27,163,0,1,190,126
Darren Woods Jr.,28982,WR,UNLV,10,45.7,0,325,60.2,,69.7,0,0,0,0.0,0.0,,0,0,0,217,0,0,0,475,0,258,0,0,217,3
Christoph Henle,77914,TE,BAYLOR,12,68.9,0,118,53.4,67.8,60.5,0,2,58,39.2,39.5,96.6,1,3,1,217,0,0,0,315,64,162,0,0,153,265
Garrett Wilson,97405,WR,OHIO STATE,14,47.5,0,260,72.7,,66.2,0,0,0,0.0,0.0,,2,0,0,217,0,0,0,457,0,240,0,0,217,1
Jack Anderson,60130,G,TEXAS TECH,3,100.0,0,315,68.1,84.4,58.0,1,1,123,100.0,100.0,99.2,0,2,0,216,0,0,0,216,128,128,215,0,88,0
Elijah Stove,40061,WR,AUBURN,13,47.2,0,115,64.6,,63.4,0,0,0,0.0,0.0,,0,0,0,216,0,0,0,458,0,235,0,0,216,1
Tre Wolf,61784,WR,UTEP,12,41.0,0,330,65.5,,60.9,0,0,0,0.0,0.0,,0,0,0,216,0,0,0,527,0,308,0,0,216,0
Donovan Peoples-Jones,61439,WR,MICHIGAN,11,43.9,1,222,70.0,,71.0,0,0,0,0.0,0.0,,3,0,0,216,0,0,0,492,0,275,0,0,216,0
Deangelo Antoine,47557,WR,FAU,13,42.7,0,165,79.7,68.4,62.9,0,0,1,0.4,0.4,100.0,0,0,0,216,0,0,0,506,1,284,0,0,215,5
Josh Love,34044,QB,S JOSE ST,12,28.0,0,285,88.8,,60.0,0,0,0,0.0,0.0,,2,0,0,216,0,0,0,771,0,534,0,0,216,0
Jaydan Smith,81867,G,TEXAS ST,5,100.0,0,314,54.9,37.5,57.2,1,9,126,100.0,100.0,96.0,1,10,0,215,0,215,0,215,132,132,0,0,83,0
Cedric Peterson,34139,WR,ARIZONA,12,39.8,0,109,60.9,60.9,69.7,0,0,1,0.3,0.3,100.0,1,0,0,215,0,0,0,540,1,326,0,0,214,1
Shadell Bell,34825,TE,COAST CAR,12,68.6,0,141,55.3,61.5,57.0,0,1,17,16.2,15.5,91.2,3,2,1,214,0,0,0,312,18,116,0,0,196,222
Rashad Medaris,32782,WR,CINCINNATI,14,39.3,0,138,61.4,,66.7,0,0,0,0.0,0.0,,1,0,0,214,0,0,0,544,0,329,0,0,214,0
Will Gragg,36407,TE,PITTSBURGH,13,46.1,0,268,52.7,57.2,51.9,0,2,42,14.8,14.4,95.2,3,3,1,214,0,0,41,464,42,292,0,10,172,215
J.K. Dobbins,57366,HB,OHIO STATE,14,28.9,0,260,83.8,67.3,65.7,2,5,141,40.2,40.0,96.8,0,8,1,214,0,0,0,741,148,370,0,0,66,0
Dontario Drummond,98738,WR,OLE MISS,12,48.9,0,226,57.4,,62.8,0,0,0,0.0,0.0,,4,0,0,214,0,0,0,438,0,224,0,0,214,0
Kendric Pryor,40408,WR,WISCONSIN,14,49.2,0,349,67.4,,56.1,0,0,0,0.0,0.0,,0,0,0,214,0,0,0,435,0,208,0,0,214,1
Jarren Williams,77629,QB,MIAMI FL,12,37.0,0,220,59.8,,60.6,0,0,0,0.0,0.0,,6,0,0,214,0,0,0,579,0,352,0,0,214,0
Chandler Reeves,40731,T,CLEMSON,11,100.0,0,140,62.2,57.8,63.7,1,5,89,100.0,100.0,96.6,1,6,0,213,0,6,0,213,94,94,11,196,119,0
Sam James,78123,WR,W VIRGINIA,12,32.7,1,343,63.1,,55.0,0,0,0,0.0,0.0,,4,0,0,213,0,0,0,652,0,434,0,0,213,2
Andy Koch,81900,T,UTAH ST,3,100.0,0,329,56.5,53.9,62.1,1,7,130,100.0,100.0,96.9,2,8,0,213,0,0,0,213,137,137,0,213,76,0
Brevin Jordan,77887,TE,MIAMI FL,10,44.6,0,220,70.9,54.5,58.4,0,0,43,14.5,14.8,100.0,3,0,0,213,0,0,0,478,46,310,0,0,167,319
Artayvious Lynn,42326,TE,TCU,12,62.6,0,305,58.6,72.5,52.9,0,0,12,8.8,9.3,100.0,0,0,0,213,0,0,1,340,13,140,0,0,200,270
Jeremiah Haydel,61719,WR,TEXAS ST,11,36.6,0,314,55.6,69.9,42.2,0,0,3,0.8,0.8,100.0,2,0,0,212,0,0,0,580,3,371,0,0,209,2
Nakia Griffin-Stewart,36403,TE,PITTSBURGH,13,48.1,0,268,52.4,64.0,51.6,0,1,27,10.9,10.9,98.1,2,1,0,211,0,0,48,439,28,256,0,16,183,229
Spencer Anderson,81719,T,MARYLAND,10,100.0,0,215,60.9,61.7,61.0,0,3,110,100.0,100.0,97.7,1,4,1,211,0,10,29,211,115,115,10,157,96,4
Tee Higgins,61211,WR,CLEMSON,15,38.3,0,140,90.5,,71.8,0,0,0,0.0,0.0,,3,0,0,211,0,0,0,551,0,339,0,0,211,0
Derrick Deese Jr.,84043,TE,S JOSE ST,11,43.9,0,285,52.1,47.3,61.1,0,2,24,8.6,9.5,95.8,3,2,0,210,0,0,1,478,28,296,0,1,182,324
Sean Fitzgerald,59855,G,COAST CAR,9,100.0,1,141,54.9,18.8,60.8,1,5,70,100.0,100.0,94.3,2,7,1,210,7,203,0,210,76,76,0,0,134,0
Anthony Brown,40316,QB,BOSTON COL,6,52.9,0,121,65.7,,60.0,0,0,0,0.0,0.0,,1,0,0,210,0,0,0,397,0,153,0,0,210,0
Khalil Tate,40237,QB,ARIZONA,11,35.6,0,109,75.8,,60.0,0,0,0,0.0,0.0,,0,0,0,209,0,0,0,587,0,336,0,0,209,0
Tyler Snead,90863,WR,E CAROLINA,12,35.2,0,156,73.8,,63.4,0,0,0,0.0,0.0,,0,0,0,209,0,0,0,594,0,382,0,0,209,0
Dominique Robinson,61436,WR,MIAMI OH,14,53.3,0,221,59.4,,59.2,0,0,0,0.0,0.0,,2,0,0,209,0,0,0,392,0,183,0,0,209,0
Kurt Danneker,77443,G,OHIO,7,100.0,0,259,61.4,54.7,62.7,2,2,71,100.0,100.0,97.2,1,4,0,209,0,209,0,209,76,76,0,0,133,0
A.J. Taylor,29615,WR,WISCONSIN,12,47.0,0,349,61.7,,58.0,0,0,0,0.0,0.0,,1,0,0,209,0,0,0,445,0,230,0,0,209,1
Jahmir Ross-Johnson,41349,T,TENNESSEE,6,100.0,1,307,72.5,79.3,76.7,1,2,106,100.0,100.0,98.6,4,3,0,209,0,0,209,209,106,106,0,0,103,0
Henry Ruggs III,61102,WR,ALABAMA,12,39.7,0,103,75.0,,66.1,0,0,0,0.0,0.0,,1,0,0,209,0,0,0,527,0,318,0,0,209,2
Tyrice Richie,100193,WR,N ILLINOIS,11,42.2,0,254,67.1,,54.2,0,0,0,0.0,0.0,,0,0,0,209,0,0,0,495,0,283,0,0,209,0
Justin Dutton,58496,C,ARK STATE,8,100.0,0,113,51.7,23.5,64.0,0,4,125,100.0,100.0,98.4,2,4,0,208,149,48,0,208,134,134,7,3,74,1
Bryson Cannon,98712,TE,E MICHIGAN,13,51.2,0,160,63.0,48.4,61.6,0,1,27,12.8,12.4,94.4,1,2,1,208,0,0,0,406,28,226,0,1,180,192
Jaeger Bull,52207,TE,RICE,12,66.5,0,275,47.6,65.8,56.9,0,0,11,9.9,11.8,100.0,2,0,0,208,0,0,3,313,14,119,0,1,194,267
Dominic Johnson,41594,QB,BUFFALO,9,73.8,0,126,60.4,,65.7,0,0,0,0.0,0.0,,1,0,0,208,0,0,0,282,0,74,0,0,208,0
Peter LeBlanc,97814,WR,LA LAFAYET,14,55.3,0,207,64.5,,57.3,0,0,0,0.0,0.0,,2,0,0,208,0,0,0,376,0,168,0,0,208,0
Angelo Owens,41947,G,MIDDLE TN,10,100.0,1,224,53.7,64.3,46.8,0,4,129,100.0,100.0,98.4,1,4,0,208,0,80,0,208,137,137,128,0,71,0
Jaylen Larry,52100,C,UMASS,3,100.0,0,216,53.5,50.8,55.5,0,3,108,100.0,100.0,98.6,1,3,0,208,208,0,0,208,113,113,0,0,95,0
Chase Garbers,60356,QB,CAL,9,37.9,0,130,77.8,,60.0,0,0,0,0.0,0.0,,3,0,0,207,0,0,0,546,0,303,0,0,207,0
Terrell Bynum,61804,WR,WASHINGTON,13,48.3,0,340,67.1,,76.8,0,0,0,0.0,0.0,,0,0,0,207,0,0,0,429,0,221,0,0,207,0
Michael Wilson,84423,WR,STANFORD,12,31.9,0,300,66.9,,68.9,0,0,0,0.0,0.0,,2,0,0,207,0,0,0,648,0,441,0,0,207,1
Ches Jackson,75855,G,COLO STATE,9,100.0,0,144,61.7,39.5,68.7,2,7,117,100.0,100.0,96.2,0,9,0,206,0,28,0,206,122,122,178,0,84,0
Johnny Langan,77617,QB,RUTGERS,11,40.0,0,278,38.4,,60.1,0,0,0,0.0,0.0,,2,0,0,206,0,0,0,515,0,218,0,0,206,0
Adrian Hardy,42172,WR,LA TECH,10,36.7,0,208,63.5,,81.6,0,0,0,0.0,0.0,,3,0,0,206,0,0,0,561,0,355,0,0,206,0
Crishaun Lappin,84017,TE,NEVADA,13,81.7,1,239,70.9,68.8,77.9,0,2,33,42.3,43.2,97.0,2,2,0,206,0,0,0,252,35,81,0,0,171,158
Jermaine Ledbetter,81753,G,NEVADA,12,100.0,0,239,50.1,59.5,49.3,1,5,103,100.0,100.0,97.1,4,6,0,206,0,191,0,206,110,110,15,0,96,0
Elijah Collins,83705,HB,MICH STATE,13,32.7,0,223,72.7,78.6,59.0,1,3,114,37.0,38.0,98.2,1,4,0,206,0,0,0,630,123,324,0,0,83,0
Kameron Wilson,77902,TE,MEMPHIS,13,74.6,0,218,55.5,53.1,56.6,0,2,29,30.9,30.0,93.1,1,3,1,206,0,0,0,276,30,100,1,0,176,227
Jaylond Adams,61665,WR,SO MISS,9,41.3,0,296,70.2,,66.5,0,0,0,0.0,0.0,,2,0,0,206,0,0,0,499,0,287,0,0,206,1
Van Jefferson,47447,WR,FLORIDA,13,36.3,0,163,70.4,62.1,50.1,0,0,1,0.3,0.3,100.0,0,0,0,206,0,0,0,568,1,362,0,0,205,0
Hasise Dubois,48298,WR,VIRGINIA,14,28.5,2,335,78.5,61.0,63.0,0,0,1,0.2,0.2,100.0,6,0,0,205,0,0,0,719,1,515,0,0,204,5
Jack Luavasa,77930,TE,KANSAS,12,74.0,0,198,37.2,60.0,38.3,0,0,34,33.0,32.7,97.1,2,1,1,205,0,0,9,277,35,107,0,2,170,253
Carson Van Lynn,77329,T,PITTSBURGH,13,98.6,0,268,46.2,53.2,45.4,1,5,85,96.6,96.7,96.5,0,6,0,205,0,0,95,208,89,92,0,4,116,109
Jalen Knox,84314,WR,MISSOURI,12,40.5,0,229,53.8,,61.2,0,0,0,0.0,0.0,,0,0,0,205,0,0,0,506,0,301,0,0,205,2
Cam Akers,57206,HB,FLORIDA ST,11,31.0,2,167,79.2,72.2,49.8,1,8,156,43.6,43.2,97.1,3,9,0,204,0,0,0,659,165,382,0,0,39,3
Kendrick Rogers,41228,WR,TEXAS A&M,13,34.6,0,312,59.4,,78.3,0,0,0,0.0,0.0,,4,0,0,203,0,0,0,587,0,384,0,0,203,0
Tyler Smith,98385,T,TULSA,4,100.0,0,320,74.8,69.4,72.6,1,0,87,100.0,100.0,99.4,3,1,0,203,0,0,203,203,95,95,0,0,108,0
Sheldon Jones,84492,WR,UTSA,12,41.7,0,331,55.1,,54.0,0,0,0,0.0,0.0,,1,0,0,203,0,0,0,487,0,284,0,0,203,0
Nick Polino,36717,G,N CAROLINA,7,100.0,0,245,56.1,63.8,57.3,1,4,100,100.0,100.0,96.5,2,6,1,203,66,26,0,203,104,104,111,0,99,0
Taysir Mack,41635,WR,PITTSBURGH,12,30.0,1,268,68.6,,58.9,0,0,0,0.0,0.0,,1,0,0,203,0,0,0,677,0,474,0,0,203,2
Kalija Lipscomb,29112,WR,VANDERBILT,11,38.8,0,333,71.0,,65.0,0,0,0,0.0,0.0,,1,0,0,202,0,0,0,520,0,314,0,0,202,0
Reggie Roberson Jr.,61815,WR,SMU,8,45.2,0,287,84.0,,69.2,0,0,0,0.0,0.0,,2,0,0,202,0,0,0,447,0,243,0,0,202,0
Eddie McDoom,27362,WR,USF,12,48.2,0,327,54.3,,47.5,0,0,0,0.0,0.0,,1,0,0,202,0,0,0,419,0,215,0,0,202,0
Solomon Enis,84473,WR,UTAH,14,52.5,0,328,58.6,,61.2,0,0,0,0.0,0.0,,1,0,0,201,0,0,0,383,0,181,0,0,201,3
Justin Garrett,84486,WR,UTEP,12,48.4,0,330,73.6,,52.5,0,0,0,0.0,0.0,,1,0,0,201,0,0,0,415,0,214,0,0,201,22
Juwan Johnson,28305,WR,OREGON,10,46.7,1,264,67.6,,88.7,0,0,0,0.0,0.0,,1,0,0,201,0,0,0,430,0,229,0,0,201,10
RJ Turner,48200,WR,TEXAS TECH,12,35.3,0,315,66.2,,58.4,0,0,0,0.0,0.0,,0,0,0,201,0,0,0,569,0,368,0,0,201,0
Gabe Nabers,40117,FB,FLORIDA ST,13,62.2,0,167,55.3,41.8,48.0,0,2,49,29.3,29.5,95.9,2,3,1,201,0,0,4,323,51,173,0,1,150,110
Spencer Gardner,59800,T,LA LAFAYET,10,99.5,0,207,69.1,73.8,59.1,0,1,80,98.8,98.9,99.4,0,1,0,201,0,0,0,202,86,87,0,199,115,3
Kyle Williams,42191,WR,ARIZONA ST,13,34.3,1,110,59.4,77.3,69.4,0,0,5,1.4,1.3,100.0,3,0,0,201,0,0,0,586,5,376,0,0,196,14
Max Banes,77433,G,HOUSTON,4,100.0,0,182,57.3,82.9,50.5,0,2,94,100.0,100.0,98.9,0,2,0,201,0,0,0,201,100,100,201,0,101,0
Will Putnam,99655,G,CLEMSON,11,100.0,0,140,70.5,82.6,67.4,0,1,87,100.0,100.0,99.4,0,1,0,201,0,2,0,201,92,92,199,0,109,0
Tre Walker,52260,WR,S JOSE ST,10,30.9,0,285,86.0,,75.6,0,0,0,0.0,0.0,,4,0,0,201,0,0,0,650,0,449,0,0,201,0
Casey Verhulst,60128,T,TEXAS TECH,7,100.0,0,315,60.0,58.1,58.5,1,4,122,100.0,100.0,97.1,0,6,1,200,0,0,0,200,125,125,7,192,75,0
Erik Ezukanma,78148,WR,TEXAS TECH,12,34.8,2,315,67.3,,66.7,0,0,0,0.0,0.0,,4,0,0,200,0,0,0,574,0,374,0,0,200,0
Tevaka Tuioti,40663,QB,NEW MEXICO,9,43.2,0,241,70.3,,60.1,0,0,0,0.0,0.0,,0,0,0,200,0,0,0,463,0,233,0,0,200,0
Carson Strong,83524,QB,NEVADA,10,30.6,0,239,61.7,62.2,60.2,0,0,1,0.2,0.2,100.0,6,0,0,200,0,0,0,654,1,446,0,0,199,0
Sean Riley,47728,WR,SYRACUSE,12,34.2,2,304,49.1,74.3,53.0,0,0,2,0.5,0.5,100.0,2,0,0,200,0,0,0,585,2,383,0,0,198,0
Eric Miller,52938,T,PURDUE,10,100.0,0,273,51.2,50.9,52.8,1,10,126,100.0,100.0,95.6,1,11,0,199,0,1,4,199,134,134,0,193,65,0
Terrance Davis,46756,G,MARYLAND,4,100.0,0,215,71.8,76.7,72.9,2,1,109,100.0,100.0,98.6,1,3,0,199,0,0,0,199,114,114,199,0,85,0
Isaiah Graham,48337,WR,LA TECH,13,40.5,0,208,61.5,,47.0,0,0,0,0.0,0.0,,0,0,0,199,0,0,0,491,0,292,0,0,199,0
Jack Zergiotis,97603,QB,UCONN,10,38.6,0,146,45.3,,60.1,0,0,0,0.0,0.0,,2,0,0,199,0,0,0,516,0,307,0,0,199,0
Keith Mixon Jr.,47622,WR,W MICHIGAN,13,37.8,0,347,66.7,,62.7,0,0,0,0.0,0.0,,0,0,0,199,0,0,0,526,0,326,0,0,199,3
Maurice Ffrench,39871,WR,PITTSBURGH,11,29.3,0,268,70.8,,63.9,0,0,0,0.0,0.0,,2,0,0,199,0,0,0,680,0,471,0,0,199,2
Danny Davis III,61836,WR,WISCONSIN,14,44.3,1,349,65.1,,68.9,0,0,0,0.0,0.0,,3,0,0,199,0,0,0,449,0,241,0,0,199,0
Ross Bowers,38380,QB,N ILLINOIS,9,36.7,0,254,58.4,,60.0,0,0,0,0.0,0.0,,1,0,0,198,0,0,0,539,0,328,0,0,198,0
Nick Bowers,36271,TE,PENN STATE,13,70.5,0,266,71.9,73.9,59.5,0,0,20,19.6,21.0,100.0,0,0,0,198,0,0,1,281,22,105,0,0,176,237
Michael Roberts,84128,WR,ARMY,13,72.3,0,114,59.4,,78.0,0,0,0,0.0,0.0,,2,0,0,198,0,0,0,274,0,76,0,0,198,1
Ty Storey,35344,QB,W KENTUCKY,11,28.5,0,346,78.9,,60.0,0,0,0,0.0,0.0,,1,0,0,198,0,0,0,694,0,400,0,0,198,0
Ethan White,98418,G,FLORIDA,6,100.0,0,163,60.0,51.4,60.5,1,2,112,100.0,100.0,98.7,0,3,0,197,0,31,0,197,119,119,166,0,78,0
Dennis Robinson,61540,WR,N ILLINOIS,12,51.8,1,254,47.7,,55.0,0,0,0,0.0,0.0,,2,0,0,197,0,0,0,380,0,183,0,0,197,1
Riley Neal,35543,QB,VANDERBILT,11,37.6,0,333,55.0,,60.2,0,0,0,0.0,0.0,,4,0,0,197,0,0,0,524,0,304,0,0,197,0
Ty Fryfogle,61321,WR,INDIANA,13,34.7,0,190,65.3,,49.0,0,0,0,0.0,0.0,,2,0,0,197,0,0,0,568,0,371,0,0,197,0
Quentin Hardy,47379,TE,MIAMI OH,12,64.2,0,221,37.4,33.3,38.6,1,2,38,26.6,27.2,93.4,3,4,1,197,0,0,0,307,41,151,0,1,156,220
Zach Watts,75862,G,WYOMING,4,100.0,0,351,57.6,58.5,55.8,2,1,81,100.0,100.0,98.1,1,3,0,196,0,196,0,196,84,84,0,0,112,0
Gavin Reinwald,60865,TE,CAL,12,52.8,0,130,49.7,61.4,50.9,0,0,19,10.6,10.7,100.0,0,0,0,196,0,0,0,371,21,196,0,0,175,261
Kyle Philips,84463,WR,UCLA,12,30.8,0,324,72.9,,72.8,0,0,0,0.0,0.0,,0,0,0,195,0,0,0,634,0,438,0,0,195,1
Austin Mack,28070,WR,OHIO STATE,11,50.5,0,260,73.7,,72.1,0,0,0,0.0,0.0,,2,0,0,195,0,0,0,386,0,191,0,0,195,6
Cole McDonald,38584,QB,HAWAII,14,23.1,0,180,80.7,,60.1,0,0,0,0.0,0.0,,1,0,0,195,0,0,0,843,0,581,0,0,195,0
Coy Cronk,46235,T,INDIANA,4,100.0,1,190,60.5,65.7,61.4,0,3,113,100.0,100.0,98.7,2,3,0,194,0,0,194,194,121,121,0,0,73,0
Bailey Gaither,47904,WR,S JOSE ST,12,32.9,0,285,67.1,,60.5,0,0,0,0.0,0.0,,4,0,0,194,0,0,0,589,0,395,0,0,194,0
Landon Wolf,40906,WR,OKLA STATE,13,47.8,0,262,55.2,,44.1,0,0,0,0.0,0.0,,2,0,0,194,0,0,0,406,0,212,0,0,194,0
Tre'von Bradley,61291,WR,HOUSTON,12,47.3,0,182,60.5,,70.8,0,0,0,0.0,0.0,,0,0,0,194,0,0,0,410,0,216,0,0,194,0
Bobby Klemm,60138,G,TROY,10,100.0,0,318,72.7,65.2,73.9,3,2,105,100.0,100.0,96.7,0,6,1,194,0,116,69,194,111,111,8,0,83,0
Terrell Jana,62782,WR,VIRGINIA,14,28.0,0,335,75.4,63.8,61.6,0,0,1,0.2,0.2,100.0,1,0,0,194,0,0,0,692,1,499,0,0,193,3
Hendon Hooker,60593,QB,VA TECH,11,38.8,0,337,74.6,,60.0,0,0,0,0.0,0.0,,1,0,0,193,0,0,0,497,0,210,0,0,193,0
Joshua Simon,98358,TE,W KENTUCKY,12,35.9,0,346,52.2,73.9,48.1,0,0,36,9.8,10.4,100.0,1,0,0,193,0,0,0,537,40,384,0,1,153,273
Brendan Suckley,75922,FB,RICE,10,92.3,0,275,60.3,70.6,59.8,0,2,41,71.9,74.2,97.6,0,2,0,193,0,0,0,209,46,62,0,0,147,2
David O'Meara,83967,TE,FIU,12,87.3,0,166,46.4,59.6,47.5,2,0,34,55.7,54.8,97.1,1,2,0,193,0,0,0,221,34,62,0,1,159,218
Ben Miles,57078,FB,KANSAS,12,86.5,0,198,51.2,44.3,50.7,0,2,41,61.2,63.0,97.6,0,2,0,192,0,0,0,222,46,73,0,0,146,33
Colby Parkinson,52266,TE,STANFORD,12,30.4,0,300,67.1,70.2,61.1,0,0,4,0.9,0.9,100.0,5,0,0,192,0,0,0,632,4,444,0,0,188,277
Anselem Umeh,40280,WR,NEW MEXICO,12,50.0,0,241,67.9,,58.7,0,0,0,0.0,0.0,,0,0,0,192,0,0,0,384,0,192,0,0,192,0
Rashee Rice,97605,WR,SMU,10,45.0,0,287,69.8,,77.8,0,0,0,0.0,0.0,,0,0,0,191,0,0,0,424,0,232,0,0,191,0
Peyton Ramsey,40186,QB,INDIANA,11,30.7,0,190,86.4,,60.0,0,0,0,0.0,0.0,,2,0,0,191,0,0,0,622,0,383,0,0,191,0
Treyvon Hughes,39807,HB,UTEP,12,46.0,0,330,79.9,83.1,50.9,0,3,97,65.1,64.3,98.5,1,3,0,191,0,0,0,415,101,157,0,0,90,2
Mekhi Stevenson,28983,WR,UNLV,12,49.5,0,325,56.7,,57.7,0,0,0,0.0,0.0,,0,0,0,191,0,0,0,386,0,195,0,0,191,0
Deven Thompkins,84480,WR,UTAH ST,12,37.2,0,329,64.3,,53.2,0,0,0,0.0,0.0,,1,0,0,191,0,0,0,514,0,318,0,0,191,0
Matt Myers,77698,QB,BUFFALO,5,56.4,1,126,56.6,,60.0,0,0,0,0.0,0.0,,2,0,0,190,0,0,0,337,0,126,0,0,190,0
Randall St. Felix,52319,WR,USF,12,43.7,0,327,58.6,,62.1,0,0,0,0.0,0.0,,2,0,0,190,0,0,0,435,0,245,0,0,190,0
Onesimus Clarke,52144,G,OREGON ST,6,100.0,0,265,74.0,60.5,72.3,1,3,102,100.0,100.0,98.0,0,4,0,190,0,170,12,190,105,105,8,0,85,0
Jyaire Shorter,84337,WR,N TEXAS,12,39.3,0,251,68.4,,54.1,0,0,0,0.0,0.0,,2,0,0,190,0,0,0,483,0,293,0,0,190,0
Jon Jacobs,45394,G,ARIZONA,4,100.0,0,109,65.1,64.6,64.1,2,5,104,100.0,100.0,96.6,1,7,0,190,0,0,0,190,112,112,185,5,78,0
Brady Ross,35703,FB,IOWA,13,77.2,1,192,60.7,59.0,68.5,0,1,26,35.6,34.2,98.1,2,1,0,190,0,0,0,246,26,76,0,0,164,3
Jake Hausmann,40987,TE,OHIO STATE,13,79.7,0,260,51.3,64.9,51.7,0,0,32,42.1,42.2,100.0,2,0,0,189,0,0,0,237,35,83,0,0,154,212
Kyle Krepsz,81538,G,AIR FORCE,4,100.0,0,101,70.7,62.7,71.1,0,1,27,100.0,100.0,98.1,2,1,0,189,0,0,0,189,28,28,189,0,161,0
Luke Whittemore,61736,WR,TROY,12,36.3,0,318,61.3,,63.8,0,0,0,0.0,0.0,,1,0,0,189,0,0,0,521,0,332,0,0,189,0
Malik Murray,61276,WR,GA SOUTHRN,13,55.6,0,174,61.5,,61.7,0,0,0,0.0,0.0,,0,0,0,189,0,0,0,340,0,144,0,0,189,0
Ray Thomas-Ishman,27062,G,UMASS,3,100.0,1,216,62.6,66.0,65.1,0,2,98,100.0,100.0,99.0,4,2,0,188,0,188,0,188,103,103,0,0,85,0
Anthony Palazzolo,37175,G,BOSTON COL,12,100.0,0,121,61.5,79.3,59.3,1,2,74,100.0,100.0,98.0,1,3,0,188,0,165,0,188,79,79,19,0,109,0
Hank Bachmeier,101284,QB,BOISE ST,8,39.5,0,120,68.1,,60.1,0,0,0,0.0,0.0,,2,0,0,188,0,0,0,476,0,269,0,0,188,0
Prince Pines,77449,G,BAYLOR,6,100.0,0,118,57.0,33.3,60.4,3,3,96,100.0,100.0,96.9,1,6,0,188,0,3,0,188,103,103,183,0,85,0
T.J. Vasher,42135,WR,TEXAS TECH,10,35.8,0,315,70.6,,75.0,0,0,0,0.0,0.0,,1,0,0,188,0,0,0,525,0,337,0,0,188,0
JaMycal Hasty,25582,HB,BAYLOR,14,38.2,0,118,69.7,46.9,56.5,4,8,112,38.5,37.5,93.7,2,13,1,188,0,0,0,492,116,309,0,0,72,0
James Graham,77621,QB,GA TECH,11,37.8,0,176,51.5,,60.1,0,0,0,0.0,0.0,,1,0,0,188,0,0,0,497,0,251,0,0,188,0
Jaelon Darden,61522,WR,N TEXAS,12,35.7,0,251,78.0,70.8,59.8,0,0,1,0.3,0.3,100.0,1,0,0,188,0,0,0,527,1,339,0,0,187,0
Alex Akingbulu,40634,T,FRESNO ST,5,100.0,0,169,68.2,80.9,65.3,2,1,90,100.0,100.0,98.3,2,3,0,188,0,0,188,188,99,99,0,0,89,0
Jake Fuzak,44882,T,BUFFALO,13,100.0,0,126,73.1,59.8,73.6,1,0,35,100.0,100.0,95.7,1,2,1,187,0,0,22,187,35,35,0,159,152,6
Bryan Edwards,28486,WR,S CAROLINA,10,35.8,1,289,77.9,66.7,61.2,0,0,1,0.3,0.3,100.0,5,0,0,187,0,0,1,522,1,334,0,0,186,2
Mike Williams,84327,WR,NEBRASKA,12,55.0,0,238,51.6,,63.5,0,0,0,0.0,0.0,,3,0,0,187,0,0,0,340,0,153,0,0,187,0
Arthur Jackson III,78190,WR,E MICHIGAN,13,36.9,0,160,80.1,,67.0,0,0,0,0.0,0.0,,0,0,0,187,0,0,0,507,0,320,0,0,187,0
Isaiah Wright,40113,WR,TEMPLE,11,36.2,1,306,60.3,,52.1,0,0,0,0.0,0.0,,1,0,0,187,0,0,0,516,0,325,0,0,187,0
Bennett Clark,77506,T,MIAMI OH,11,100.0,0,221,59.0,41.4,61.8,0,0,65,100.0,100.0,96.9,0,2,2,187,0,0,62,187,67,67,0,96,120,28
Carlos Strickland II,38391,TE,UTSA,12,36.7,1,331,67.8,63.4,69.2,0,0,12,3.7,3.6,100.0,2,0,0,187,0,0,0,509,12,334,0,0,175,165
Antwan Dixon,33173,WR,KENT STATE,13,38.2,0,201,64.3,,77.0,0,0,0,0.0,0.0,,0,0,0,186,0,0,0,487,0,296,0,0,186,3
Bryan Thompson,61777,WR,UTAH,12,52.0,0,328,71.3,,57.0,0,0,0,0.0,0.0,,2,0,0,186,0,0,0,358,0,172,0,0,186,0
Dominic Christian,27646,WR,NEVADA,12,32.1,0,239,56.3,62.1,61.8,0,0,0,0.0,0.3,,0,0,0,186,0,0,0,580,1,394,0,0,185,0
Spencer Tears,48319,WR,N ILLINOIS,12,40.2,0,254,56.6,,54.5,0,0,0,0.0,0.0,,0,0,0,186,0,0,0,463,0,276,0,0,186,0
Diego Cervantes,81783,C,DOMINION,4,100.0,0,263,53.0,46.9,54.1,1,3,105,100.0,100.0,97.1,1,5,1,186,186,0,0,186,111,111,0,0,75,0
Tyler Beach,60252,T,WISCONSIN,9,100.0,0,349,68.7,64.9,68.9,3,1,61,100.0,100.0,96.7,1,4,0,185,0,0,111,185,63,63,0,66,122,6
Broc Thompson,97867,WR,MARSHALL,11,50.5,0,214,66.6,,63.6,0,0,0,0.0,0.0,,0,0,0,185,0,0,0,366,0,181,0,0,185,0
Luke Mayock,48346,WR,MIAMI OH,12,58.4,0,221,59.2,,57.0,0,0,0,0.0,0.0,,0,0,0,185,0,0,0,317,0,132,0,0,185,1
Jimmy Marshall,61453,WR,MIDDLE TN,12,37.5,0,224,71.2,63.9,59.3,0,0,1,0.3,0.3,100.0,0,0,0,184,0,0,0,491,1,308,0,0,183,2
Wesley Kennedy III,61277,HB,GA SOUTHRN,9,49.3,0,174,77.1,72.7,64.8,0,0,20,24.4,26.4,100.0,0,0,0,184,0,0,0,373,24,91,0,0,160,1
Carlton Todd,100274,WR,BUFFALO,12,58.2,0,126,55.1,,55.5,0,0,0,0.0,0.0,,1,0,0,184,0,0,0,316,0,132,0,0,184,0
Chigoziem Okonkwo,84000,TE,MARYLAND,12,46.9,0,215,60.6,65.9,55.1,1,0,27,11.8,12.2,98.1,1,1,0,184,0,0,1,392,29,237,0,1,155,257
Mike Martinez,100628,TE,UCLA,12,82.1,0,324,72.1,60.0,79.1,0,2,19,33.9,33.3,94.7,1,2,0,184,0,0,1,224,20,60,0,1,164,213
Leon Pinto,77393,G,TEMPLE,8,100.0,0,306,49.1,52.2,52.2,0,3,97,100.0,100.0,97.4,2,4,1,183,73,84,0,183,98,98,26,0,85,0
Justin Dedich,83018,C,USC,4,100.0,0,326,60.6,54.8,65.7,1,5,109,100.0,100.0,97.2,3,6,0,183,176,0,0,183,115,115,7,0,68,0
B.J. Casteel,61133,WR,ARIZONA,12,36.5,0,109,62.1,,55.9,0,0,0,0.0,0.0,,2,0,0,183,0,0,0,501,0,317,0,0,183,3
Devin Gentry,39997,WR,GA STATE,13,47.3,0,175,65.2,,48.2,0,0,0,0.0,0.0,,0,0,0,183,0,0,0,387,0,201,0,0,183,1
Jaylen Dixon,61775,WR,UTAH,14,50.1,0,328,76.1,,72.8,0,0,0,0.0,0.0,,0,0,0,182,0,0,0,363,0,162,0,0,182,0
Garrett Collingham,35036,TE,BOISE ST,14,47.8,1,120,57.0,60.4,68.7,0,1,13,6.4,7.0,96.2,1,1,0,182,0,0,0,381,15,213,0,0,167,205
Rashod Berry,28071,TE,OHIO STATE,12,76.2,0,260,60.0,75.0,63.9,0,0,30,36.1,34.5,100.0,1,0,0,182,0,0,0,239,30,87,0,0,152,195
Devin Maddox,64506,WR,TOLEDO,11,60.3,0,316,58.9,,56.0,0,0,0,0.0,0.0,,2,0,0,182,0,0,0,302,0,119,0,0,182,6
Bryce Perkins,35299,QB,VIRGINIA,14,19.1,0,335,64.0,,60.0,0,0,0,0.0,0.0,,3,0,0,181,0,0,0,946,0,630,0,0,181,0
Tua Tagovailoa,60326,QB,ALABAMA,9,38.1,0,103,90.3,,60.4,0,0,0,0.0,0.0,,2,0,0,181,0,0,0,475,0,290,0,0,181,0
Harry Miller,98280,C,OHIO STATE,10,100.0,0,260,72.6,67.4,69.4,0,1,52,100.0,100.0,99.0,1,1,0,181,181,0,0,181,54,54,0,0,127,0
Steven Bailey,41462,C,ARIZONA,3,100.0,0,109,61.9,78.6,59.9,0,2,98,100.0,100.0,99.0,2,2,0,181,181,0,0,181,107,107,0,0,74,0
Cam Ross,97105,WR,UCONN,11,32.8,0,146,72.5,,53.6,0,0,0,0.0,0.0,,1,0,0,180,0,0,0,548,0,364,0,0,180,0
Tom Stewart,98677,QB,RICE,10,45.9,0,275,53.6,62.2,60.3,0,0,1,0.5,0.5,100.0,1,0,0,180,0,0,0,392,1,194,0,0,179,0
Asher O'Hara,78529,QB,MIDDLE TN,12,24.1,1,224,80.4,,60.0,0,0,0,0.0,0.0,,1,0,0,180,0,0,0,748,0,446,0,0,180,0
Bryce Wolma,60844,TE,ARIZONA,11,78.6,0,109,48.9,64.4,43.4,0,3,31,40.3,40.2,95.2,0,3,0,180,0,0,0,229,33,82,0,0,147,165
Maurice Smith,99650,G,FLORIDA ST,4,100.0,0,167,54.0,68.5,51.1,1,3,97,100.0,100.0,97.9,1,4,0,180,1,179,0,180,101,101,0,0,79,0
R.J. Sneed II,61166,WR,BAYLOR,14,32.0,0,118,63.8,,56.8,0,0,0,0.0,0.0,,4,0,0,180,0,0,0,563,0,383,0,0,180,0
Isaiah Zuber,26884,WR,MISS STATE,13,49.6,0,227,59.5,,61.6,0,0,0,0.0,0.0,,0,0,0,179,0,0,0,361,0,179,0,0,179,0
Liam Jimmons,44413,G,USC,6,100.0,0,326,67.0,51.9,72.4,1,3,117,100.0,100.0,96.6,0,6,2,179,0,0,0,179,122,122,173,6,57,0
Kylin Hill,57306,HB,MISS STATE,13,30.0,0,227,83.9,62.6,59.5,1,4,93,36.2,35.7,97.3,0,5,0,179,0,0,0,597,96,269,0,0,83,0
Cephus Johnson III,60530,QB,S ALABAMA,8,41.2,0,288,46.4,,60.0,0,0,0,0.0,0.0,,1,0,0,179,0,0,0,434,0,202,0,0,179,0
Davis Allen,99697,TE,CLEMSON,15,68.3,0,140,63.3,64.8,68.3,0,1,31,27.9,29.7,98.4,0,1,0,179,0,0,0,262,35,118,0,0,144,182
Pearse Migl,83993,TE,LA LAFAYET,14,69.6,0,207,56.4,37.9,49.6,1,2,26,26.3,27.1,94.2,2,3,0,179,0,0,1,257,29,107,0,0,150,200
Brey Walker,77446,G,OKLAHOMA,6,100.0,0,261,66.6,64.8,66.0,0,4,90,100.0,100.0,97.8,1,4,0,178,0,0,0,178,94,94,178,0,84,0
Austin Kendall,40056,QB,W VIRGINIA,9,32.5,1,343,66.2,81.4,60.4,0,0,1,0.3,0.6,100.0,4,0,0,178,0,0,0,547,2,350,0,0,176,0
Patrick Paul,101019,T,HOUSTON,3,100.0,1,182,47.1,64.7,46.3,3,1,81,100.0,100.0,97.5,2,4,0,178,0,0,178,178,86,86,0,0,92,0
Trent Thompson,84074,TE,UTEP,12,77.4,1,330,64.7,78.7,62.1,0,0,28,35.9,38.1,100.0,1,0,0,178,0,0,0,230,32,84,0,0,146,169
Mason Stokke,42627,FB,WISCONSIN,12,75.6,0,349,78.3,64.5,71.9,0,1,24,36.4,38.2,97.9,0,1,0,177,0,0,0,234,26,68,0,0,151,71
Romeo Doubs,84329,WR,NEVADA,10,35.7,0,239,67.7,,57.8,0,0,0,0.0,0.0,,1,0,0,176,0,0,0,493,0,316,0,0,176,1
TJ Jackson,40879,G,VA TECH,8,100.0,0,337,49.9,55.5,48.8,0,4,83,100.0,100.0,97.6,1,4,0,176,0,0,24,176,88,88,129,23,88,0
Ryan Johnson,41740,G,TENNESSEE,9,100.0,0,307,70.4,83.4,66.2,0,0,68,100.0,100.0,100.0,0,0,0,176,24,36,0,176,73,73,95,19,103,2
Kevin Jarvis,57100,T,MICH STATE,3,100.0,0,223,60.0,61.7,60.1,2,2,95,100.0,100.0,97.9,2,4,0,176,0,0,175,176,103,103,0,0,73,1
Clayton Tune,77652,QB,HOUSTON,7,39.3,0,182,66.9,,60.0,0,0,0,0.0,0.0,,2,0,0,175,0,0,0,445,0,239,0,0,175,0
Shi Smith,61643,WR,S CAROLINA,10,34.0,0,289,62.1,,55.7,0,0,0,0.0,0.0,,4,0,0,175,0,0,0,515,0,338,0,0,175,1
Lowell Narcisse,60439,QB,UTSA,11,33.8,0,331,50.2,,60.1,0,0,0,0.0,0.0,,2,0,0,175,0,0,0,517,0,272,0,0,175,0
Dalton Frantz,79403,FB,MIDDLE TN,10,85.8,0,224,66.9,72.8,66.8,0,1,56,66.7,67.8,97.3,1,2,1,175,0,0,1,204,61,90,0,0,114,23
Michael Lawrence,47737,WR,N TEXAS,12,38.0,0,251,79.6,,75.1,0,0,0,0.0,0.0,,0,0,0,175,0,0,0,461,0,286,0,0,175,0
Josh Johnson,88760,HB,LA MONROE,12,31.4,0,209,82.6,58.6,58.6,1,2,91,34.5,35.0,97.3,2,4,1,175,0,0,0,558,97,277,0,0,78,0
Noah Bean,61054,TE,UNLV,11,54.0,0,325,69.4,64.6,48.5,0,0,28,16.4,16.0,96.4,2,1,1,174,0,0,0,322,28,175,0,0,146,194
Mitchell Guadagni,34779,QB,TOLEDO,6,47.2,0,316,75.4,,60.0,0,0,0,0.0,0.0,,1,0,0,174,0,0,0,369,0,166,0,0,174,0
Zak Simon,52117,WR,UMASS,12,43.5,0,216,62.4,,46.3,0,0,0,0.0,0.0,,2,0,0,174,0,0,0,400,0,226,0,0,174,0
Shamari Brooks,61855,HB,TULSA,12,28.8,0,320,69.2,33.4,60.2,4,10,149,44.5,43.9,93.3,3,17,3,174,0,0,0,604,156,355,0,0,18,0
Tony Gray,59870,T,UCF,5,100.0,0,323,65.3,76.1,64.8,0,2,87,100.0,100.0,98.9,2,2,0,174,0,0,174,174,90,90,0,0,84,0
Gavin Cupp,40825,G,OHIO STATE,9,100.0,0,260,62.2,82.5,58.8,0,0,52,100.0,100.0,98.1,0,1,1,174,0,0,0,174,54,54,174,0,120,0
Jace James,61545,WR,NWESTERN,8,58.2,0,256,61.6,,60.6,0,0,0,0.0,0.0,,1,0,0,174,0,0,0,299,0,123,0,0,174,4
Darrell Stewart Jr.,27299,WR,MICH STATE,9,38.2,0,223,75.2,,63.2,0,0,0,0.0,0.0,,0,0,0,174,0,0,0,455,0,280,0,0,174,2
Trevon Grimes,61565,WR,FLORIDA,13,35.2,2,163,61.5,67.3,43.0,0,0,2,0.7,0.6,100.0,3,0,0,173,0,0,0,492,2,320,0,0,171,1
Bryce Carpenter,82101,QB,COAST CAR,11,38.8,0,141,67.3,,60.0,0,0,0,0.0,0.0,,0,0,0,173,0,0,0,446,0,186,0,0,173,0
Scooter Harrington,40983,TE,STANFORD,12,74.9,0,300,66.1,76.3,71.7,0,0,24,30.8,30.1,100.0,0,0,0,173,0,0,1,231,25,83,0,1,148,210
Diondre Overton,40338,WR,CLEMSON,15,40.3,0,140,62.1,,67.7,0,0,0,0.0,0.0,,1,0,0,173,0,0,0,429,0,256,0,0,173,3
Conner Estes,59810,T,S ALABAMA,6,100.0,0,288,61.1,57.3,60.4,2,3,84,100.0,100.0,97.0,0,5,0,172,0,3,12,172,89,89,0,154,83,0
Dennis Bardwell,59720,G,HOUSTON,5,100.0,0,182,73.7,82.8,73.8,0,1,82,100.0,100.0,99.4,1,1,0,172,0,0,0,172,87,87,172,0,85,0
Joshua Alabi,28073,T,OHIO STATE,7,100.0,0,260,63.3,61.3,61.5,0,5,58,100.0,100.0,95.7,0,5,0,172,0,0,99,172,65,65,0,73,107,0
Braylon Sanders,61457,WR,OLE MISS,8,51.0,0,226,63.4,,61.2,0,0,0,0.0,0.0,,1,0,0,172,0,0,0,337,0,164,0,0,172,0
Isaac Lessard,35745,FB,S DIEGO ST,9,94.0,0,284,58.1,32.7,58.4,1,1,14,58.3,57.7,92.9,1,2,0,171,0,0,0,182,15,26,0,0,156,4
Smoke Harris,78918,WR,LA TECH,13,41.3,0,208,65.7,,58.0,0,0,0,0.0,0.0,,0,0,0,171,0,0,0,414,0,233,0,0,171,0
Tarique Milton,61328,WR,IOWA STATE,13,34.1,0,193,68.8,63.1,58.8,0,0,1,0.3,0.3,100.0,0,0,0,171,0,0,0,502,1,332,0,0,170,2
Kyle Trask,39987,QB,FLORIDA,12,27.4,0,163,69.9,,60.2,0,0,0,0.0,0.0,,3,0,0,171,0,0,0,624,0,419,0,0,171,0
Deiyantei Powell-Woods,104183,G,C MICHIGAN,14,100.0,0,134,56.6,67.9,53.5,0,2,63,100.0,100.0,98.4,2,2,0,171,0,169,0,171,69,69,1,0,102,0
Laviska Shenault Jr.,61220,WR,COLORADO,11,36.6,0,143,86.3,,68.2,0,0,0,0.0,0.0,,1,0,0,170,0,0,0,464,0,271,0,0,170,1
Zachariah Hoyt,40638,C,VA TECH,5,100.0,0,337,63.2,85.3,55.9,0,2,82,100.0,100.0,98.8,0,2,0,170,170,0,0,170,87,87,0,0,83,0
Bryce Miller,101125,WR,USF,12,43.0,0,327,61.5,,59.6,0,0,0,0.0,0.0,,0,0,0,170,0,0,0,395,0,225,0,0,170,1
Cam Johnson,84497,WR,VANDERBILT,12,38.0,0,333,61.8,,64.4,0,0,0,0.0,0.0,,0,0,0,170,0,0,0,447,0,277,0,0,170,2
Kyle Fourtenbary,41150,TE,W KENTUCKY,13,64.6,0,346,57.5,70.0,42.8,0,0,31,25.2,25.0,100.0,1,0,0,170,0,0,0,263,31,124,0,0,139,198
Chris Pierce,61794,WR,VANDERBILT,12,43.3,0,333,58.5,63.9,69.4,0,0,1,0.5,0.5,100.0,0,0,0,169,0,0,0,390,1,222,0,0,168,26
Quartney Davis,39931,WR,TEXAS A&M,11,29.1,0,312,68.1,,44.6,0,0,0,0.0,0.0,,1,0,0,169,0,0,0,581,0,407,0,0,169,2
Deshaunte Jones,47495,WR,IOWA STATE,13,29.4,0,193,78.9,40.6,75.8,0,0,1,0.3,0.2,100.0,1,0,0,169,0,0,0,574,1,404,0,0,168,3
Deon Humphrey,59687,G,FAU,12,100.0,0,165,76.6,73.4,79.5,0,0,84,100.0,100.0,100.0,1,0,0,169,0,129,0,169,87,87,40,0,82,0
Bubba Wa'a,98791,G,HAWAII,4,100.0,0,180,54.1,90.8,39.8,0,0,116,100.0,100.0,100.0,2,0,0,169,0,11,0,169,117,117,158,0,52,0
Deon Jackson,57189,HB,DUKE,12,31.0,0,154,64.4,39.3,48.1,2,5,70,26.5,26.0,95.0,0,7,0,169,0,0,0,546,72,277,0,0,97,1
Tyler Ringwood,40509,WR,CHARLOTTE,13,44.4,0,136,72.9,64.5,77.0,0,0,1,0.5,0.5,100.0,2,0,0,168,0,0,0,378,1,211,0,0,167,4
Jermaine Johnson,102949,WR,UMASS,12,45.4,0,216,60.5,63.9,50.3,0,0,1,0.5,0.5,100.0,2,0,0,168,0,0,0,370,1,198,0,0,167,0
Joe Reed,40221,WR,VIRGINIA,13,26.2,0,335,71.4,,63.5,0,0,0,0.0,0.0,,1,0,0,168,0,0,0,641,0,467,0,0,168,8
Fred Payton,82102,QB,COAST CAR,10,40.0,0,141,57.2,,60.0,0,0,0,0.0,0.0,,3,0,0,168,0,0,0,420,0,224,0,0,168,0
Juan Rodriguez,45596,TE,FRESNO ST,11,70.3,0,169,72.3,65.5,81.3,0,0,22,24.4,26.0,95.5,2,1,1,168,0,0,0,239,25,96,0,0,143,221
Trenton Gillison,66276,TE,MICH STATE,12,52.7,0,223,47.1,65.5,47.4,0,1,23,13.6,14.2,97.8,1,1,0,168,0,0,1,319,25,176,0,0,143,232
Kendall Randolph,58466,TE,ALABAMA,12,90.8,0,103,79.6,74.4,82.0,0,0,46,75.4,74.6,100.0,1,0,0,167,0,8,2,184,50,67,11,1,117,159
Pokey Wilson,55894,WR,FLORIDA ST,8,41.6,0,167,61.7,,57.8,0,0,0,0.0,0.0,,0,0,0,167,0,0,0,401,0,233,0,0,167,0
Tommy Stevens,28301,QB,MISS STATE,9,40.0,0,227,69.2,,60.0,0,0,0,0.0,0.0,,3,0,0,167,0,0,0,417,0,204,0,0,167,0
Trevon Clark,98727,WR,CAL,13,36.9,0,130,51.0,,53.5,0,0,0,0.0,0.0,,1,0,0,167,0,0,0,453,0,284,0,0,167,2
John Rhys Plumlee,97602,QB,OLE MISS,9,34.2,0,226,76.0,,60.0,0,0,0,0.0,0.0,,0,0,0,167,0,0,0,489,0,187,0,0,167,0
Ryan McCollum,41974,G,TEXAS A&M,8,100.0,0,312,59.4,48.6,61.2,2,8,104,100.0,100.0,94.2,0,11,1,167,22,33,0,167,107,107,112,0,60,0
Major Tennison,60837,TE,ALABAMA,13,61.4,0,103,47.0,59.2,58.2,1,0,34,25.4,24.5,98.5,0,1,0,167,0,0,3,272,34,139,0,2,133,247
Matt LaRoche,57213,HB,GA SOUTHRN,12,64.7,0,174,53.6,59.5,58.3,2,0,19,40.4,39.6,94.7,0,2,0,167,0,0,0,258,19,48,0,0,148,4
Kyric McGowan,61544,WR,NWESTERN,9,41.5,0,256,57.4,79.9,59.8,0,0,6,3.0,3.3,100.0,0,0,0,167,0,0,0,402,7,213,0,0,160,5
Jacob Harris,34255,WR,UCF,13,39.4,0,323,59.8,,70.2,0,0,0,0.0,0.0,,2,0,0,167,0,0,0,424,0,257,0,0,167,0
Connor Wedington,52267,WR,STANFORD,10,32.8,0,300,67.6,,58.8,0,0,0,0.0,0.0,,1,0,0,166,0,0,0,506,0,339,0,0,166,3
Allen Dailey Jr.,84245,WR,KENTUCKY,13,62.9,1,202,63.9,62.1,74.8,0,0,1,1.1,1.0,100.0,1,0,0,166,0,0,0,264,1,99,0,0,165,2
Larry Collins Jr.,54559,WR,COAST CAR,8,60.1,0,141,58.2,,66.4,0,0,0,0.0,0.0,,0,0,0,166,0,0,0,276,0,110,0,0,166,0
Drew Dixon,61131,WR,ARIZONA,12,44.3,1,109,55.7,,64.2,0,0,0,0.0,0.0,,3,0,0,166,0,0,0,375,0,209,0,0,166,0
Ardell Brown,98728,WR,UCONN,11,39.0,0,146,67.9,,58.6,0,0,0,0.0,0.0,,0,0,0,166,0,0,0,426,0,260,0,0,166,0
Aidan Smith,40310,QB,NWESTERN,8,39.0,0,256,50.6,,60.3,0,0,0,0.0,0.0,,2,0,0,166,0,0,0,426,0,212,0,0,166,0
Amari Rodgers,61212,WR,CLEMSON,14,36.2,0,140,62.3,82.4,50.6,0,0,2,0.7,0.7,100.0,0,0,0,166,0,0,0,458,2,292,0,0,164,3
Champ Flemings,52125,WR,OREGON ST,12,38.2,0,265,63.4,,64.2,0,0,0,0.0,0.0,,1,0,0,166,0,0,0,435,0,266,0,0,166,2
Maurice Alexander,33465,WR,FIU,9,45.4,0,166,62.5,,73.0,0,0,0,0.0,0.0,,0,0,0,166,0,0,0,366,0,191,0,0,166,0
Jaylen Hall,61825,WR,W MICHIGAN,13,48.1,0,347,66.6,,62.5,0,0,0,0.0,0.0,,1,0,0,166,0,0,0,345,0,179,0,0,166,0
Payne Durham,84037,TE,PURDUE,12,65.4,0,273,61.9,62.1,56.4,0,1,51,38.1,38.0,97.1,0,2,1,166,0,0,0,254,54,142,0,2,112,172
Andrew Brito,98674,QB,UMASS,9,43.8,0,216,47.4,,60.1,0,0,0,0.0,0.0,,0,0,0,166,0,0,0,379,0,204,0,0,166,0
Willie Johnson,41116,WR,MARSHALL,13,45.6,0,214,64.1,,58.4,0,0,0,0.0,0.0,,2,0,0,166,0,0,0,364,0,190,0,0,166,0
Trey Pugh,57358,TE,NWESTERN,4,77.8,0,256,42.9,72.6,53.2,0,0,5,10.6,11.3,100.0,3,0,0,165,0,0,0,212,6,53,0,0,159,196
Justice Williams,35208,HB,ILLINOIS,13,57.9,0,187,54.0,44.9,47.1,0,2,23,16.5,17.2,95.7,0,2,0,165,0,0,0,285,25,145,0,0,140,28
Michael McFarlane,54545,TE,COAST CAR,12,87.8,0,141,55.9,72.5,57.7,0,0,13,38.2,37.8,100.0,0,0,0,165,0,0,3,188,14,37,0,2,151,170
Justin Self,60809,T,NAVY,9,100.0,0,237,75.7,60.6,73.1,0,0,23,100.0,100.0,95.7,0,1,1,165,10,0,50,165,25,25,0,97,140,8
Thayer Thomas,61515,WR,NC STATE,12,33.7,0,248,60.0,62.6,56.0,0,0,1,0.3,0.3,100.0,0,0,0,165,0,0,0,489,1,325,0,0,164,5
Octavius Evans,61172,WR,BOISE ST,14,46.3,0,120,65.9,,88.6,0,0,0,0.0,0.0,,1,0,0,165,0,0,0,356,0,190,0,0,165,1
Josh Jackson,40482,QB,MARYLAND,10,37.3,0,215,43.3,,60.0,0,0,0,0.0,0.0,,2,0,0,165,0,0,0,442,0,264,0,0,165,0
Ray Davis,101072,HB,TEMPLE,12,30.2,0,306,80.5,65.6,54.9,0,6,128,42.1,42.5,96.1,0,8,2,164,0,0,0,543,136,320,0,0,28,1
Isaiah Spiller,99146,HB,TEXAS A&M,13,27.1,0,312,72.7,48.2,64.9,2,7,86,25.8,26.6,93.6,1,10,1,164,0,0,0,605,94,354,0,0,70,1
Andre Baccellia,47901,WR,WASHINGTON,13,36.4,0,340,56.2,,65.7,0,0,0,0.0,0.0,,0,0,0,164,0,0,0,450,0,282,0,0,164,1
Bryan Addison,83825,WR,OREGON,14,43.2,0,264,54.1,,60.1,0,0,0,0.0,0.0,,2,0,0,164,0,0,0,380,0,216,0,0,164,0
Jamil Viaud,77420,T,KENT STATE,4,100.0,0,201,50.5,44.6,55.4,0,4,88,100.0,100.0,97.7,1,4,0,164,0,0,102,164,94,94,0,62,70,0
Keith Gavin,42056,WR,FLORIDA ST,13,37.5,0,167,54.5,,69.3,0,0,0,0.0,0.0,,4,0,0,164,0,0,0,437,0,273,0,0,164,1
Ricky Smalling,61317,WR,ILLINOIS,7,43.9,0,187,62.2,,69.4,0,0,0,0.0,0.0,,0,0,0,163,0,0,0,371,0,208,0,0,163,0
Bula Schmidt,97646,G,FRESNO ST,5,100.0,0,169,53.9,58.6,54.2,0,1,81,100.0,100.0,99.4,1,1,0,163,60,80,0,163,82,82,23,0,81,0
Matt Womack,46391,G,ALABAMA,9,100.0,0,103,71.9,68.8,70.3,0,2,62,100.0,100.0,98.4,0,2,0,163,0,0,52,163,62,62,86,18,101,7
Makai Polk,100647,WR,CAL,13,41.7,0,130,61.7,,61.5,0,0,0,0.0,0.0,,1,0,0,163,0,0,0,391,0,228,0,0,163,1
Matt Corral,83517,QB,OLE MISS,10,38.8,0,226,70.0,,60.0,0,0,0,0.0,0.0,,3,0,0,163,0,0,0,420,0,231,0,0,163,0
Travis Etienne Jr.,57185,HB,CLEMSON,15,27.2,0,140,90.5,54.6,56.0,0,4,100,31.8,32.4,97.0,0,5,1,163,0,0,0,599,110,339,0,0,53,0
Joshua Youngblood,99552,WR,KANSAS ST,13,54.0,0,199,61.7,,56.2,0,0,0,0.0,0.0,,0,0,0,162,0,0,0,300,0,126,0,0,162,1
Anthony Jones,45670,HB,FIU,12,32.9,0,166,72.5,89.0,68.9,0,0,97,41.6,40.9,96.9,1,3,3,162,0,0,0,492,99,242,0,0,63,0
Mason Barta,57056,FB,KANSAS ST,13,94.2,0,199,42.0,69.2,47.0,0,2,18,64.3,65.5,94.4,1,2,0,162,0,0,0,172,19,29,0,0,143,20
Steven Witchoskey,61077,TE,W KENTUCKY,13,81.4,0,346,55.4,77.1,61.5,0,0,21,36.2,36.2,100.0,1,0,0,162,0,0,0,199,21,58,0,0,141,159
Tommy Tremble,84025,TE,NOTRE DAME,13,51.3,0,258,70.9,38.6,84.8,1,0,13,8.0,7.8,96.2,0,1,0,162,0,0,3,316,13,167,0,0,149,163
Jaylen Miller,41460,T,DUKE,8,100.0,0,154,50.4,13.7,60.6,2,5,65,100.0,100.0,93.1,0,8,1,162,0,0,110,162,67,67,0,52,95,0
Bryce Witham,47401,TE,MINNESOTA,10,88.0,0,225,79.8,58.7,74.2,0,0,37,66.1,62.7,97.3,1,1,1,162,0,0,0,184,37,59,0,2,125,171
Cameron Hairston,55122,WR,UCONN,11,55.9,0,146,64.2,,51.9,0,0,0,0.0,0.0,,1,0,0,162,0,0,0,290,0,128,0,0,162,0
Jose Barbon,78032,WR,TEMPLE,13,33.3,0,306,52.1,,62.3,0,0,0,0.0,0.0,,0,0,0,161,0,0,0,483,0,322,0,0,161,0
Nikko Remigio,84150,WR,CAL,11,30.3,0,130,62.4,,58.2,0,0,0,0.0,0.0,,0,0,0,161,0,0,0,531,0,367,0,0,161,1
Garrett Shrader,98212,QB,MISS STATE,10,36.4,0,227,69.5,,60.0,0,0,0,0.0,0.0,,2,0,0,161,0,0,0,442,0,211,0,0,161,0
Daniel George,84378,WR,PENN STATE,12,48.9,0,266,53.1,,70.7,0,0,0,0.0,0.0,,1,0,0,160,0,0,0,327,0,167,0,0,160,0
Tony Jones Jr.,40498,HB,NOTRE DAME,12,33.3,0,258,77.2,65.8,71.7,0,9,105,38.9,39.7,95.7,0,9,0,160,0,0,0,480,114,287,0,0,46,1
Justin Shaffer,59703,G,GEORGIA,6,100.0,0,173,73.2,86.9,72.7,0,0,64,100.0,100.0,100.0,1,0,0,160,0,159,0,160,70,70,0,0,90,1
Joseph Boggs,77524,T,BALL ST,4,100.0,0,117,61.0,69.8,54.9,0,5,86,100.0,100.0,97.1,0,5,0,160,0,0,160,160,89,89,0,0,71,0
Myron Gailliard,47624,WR,SMU,11,39.0,0,287,55.2,62.1,61.6,0,0,1,0.4,0.4,100.0,1,0,0,160,0,0,0,410,1,251,0,0,159,0
Miles Marshall,84224,WR,INDIANA,12,50.2,0,190,61.1,,54.6,0,0,0,0.0,0.0,,0,0,0,159,0,0,0,317,0,158,0,0,159,0
Jackson Marcotte,75917,TE,WYOMING,10,82.4,0,351,66.1,21.4,43.2,1,2,15,31.9,30.6,90.0,0,3,0,159,0,0,0,193,15,49,0,0,144,185
Jalen Williams,40127,WR,LA LAFAYET,14,52.1,1,207,69.1,,88.8,0,0,0,0.0,0.0,,2,0,0,159,0,0,0,305,0,146,0,0,159,1
Casey Washington,101710,WR,ILLINOIS,9,55.0,0,187,60.9,,62.9,0,0,0,0.0,0.0,,1,0,0,159,0,0,0,289,0,130,0,0,159,0
Kohl Levao,75850,G,HAWAII,3,100.0,0,180,62.6,64.1,60.4,1,2,118,100.0,100.0,98.7,0,3,0,159,3,0,0,159,124,124,156,0,35,0
Jordan Mason,62946,HB,GA TECH,12,37.6,0,176,86.9,71.7,74.7,0,1,64,42.7,42.7,99.2,0,1,0,159,0,0,0,423,67,157,0,0,92,2
Asim Rose,40265,HB,KENTUCKY,13,38.3,0,202,69.6,57.5,55.5,1,3,50,33.3,33.5,96.0,0,4,0,159,0,0,0,415,54,161,0,0,105,0
Jake Baumert,41775,G,ARMY,6,100.0,0,114,84.0,84.2,81.7,0,0,22,100.0,100.0,100.0,0,0,0,159,0,122,0,159,26,26,35,0,133,0
Napoleon Maxwell,28508,HB,FIU,13,39.6,0,166,73.3,82.8,63.1,0,2,73,39.9,39.4,98.6,1,2,0,159,0,0,0,402,74,188,0,0,85,0
Malik Knowles,78141,WR,KANSAS ST,11,43.8,0,199,71.1,,59.4,0,0,0,0.0,0.0,,1,0,0,158,0,0,0,361,0,196,0,0,158,0
Otis Anderson,55412,HB,UCF,13,35.4,0,323,75.8,50.2,42.2,1,4,67,29.1,29.2,96.3,0,5,0,158,0,0,0,446,71,243,0,0,87,0
Kaylon Geiger,102929,WR,TROY,12,26.5,1,318,71.6,,42.0,0,0,0,0.0,0.0,,5,0,0,158,0,0,0,596,0,435,0,0,158,1
Alan Busey,61787,WR,UTEP,12,39.1,0,330,63.4,,57.1,0,0,0,0.0,0.0,,0,0,0,158,0,0,0,404,0,246,0,0,158,0
Parker Howell,46355,TE,W KENTUCKY,10,95.2,1,346,32.1,65.7,37.8,0,1,54,87.1,87.3,99.1,1,1,0,157,0,6,0,165,55,63,0,0,102,158
Desmond Trotter,83552,QB,S ALABAMA,8,48.2,0,288,63.7,,60.0,0,0,0,0.0,0.0,,0,0,0,157,0,0,0,326,0,148,0,0,157,0
Neal Johnson,98298,TE,LA LAFAYET,12,53.0,0,207,44.9,68.8,41.0,0,0,18,12.1,12.0,100.0,0,0,0,157,0,0,4,296,19,158,0,0,138,169
Derrion Grim,61264,WR,FRESNO ST,12,40.6,0,169,62.4,,49.0,0,0,0,0.0,0.0,,1,0,0,157,0,0,0,387,0,227,0,0,157,0
Whop Philyor,61320,WR,INDIANA,12,27.9,0,190,76.7,63.9,54.1,0,0,1,0.3,0.3,100.0,2,0,0,157,0,0,0,562,1,398,0,0,156,0
Eric Douglas,60061,T,S CAROLINA,7,100.0,2,289,44.1,28.6,53.7,2,4,85,100.0,100.0,95.3,3,7,1,157,0,2,40,157,90,90,64,41,67,9
Keaton Upshaw,54307,TE,KENTUCKY,13,65.3,1,202,48.0,67.7,41.4,1,0,23,22.5,21.7,97.8,3,1,0,156,0,0,0,239,23,106,0,0,133,155
Kavika Johnson,46384,WR,UTEP,12,48.3,0,330,51.8,,61.9,0,0,0,0.0,0.0,,0,0,0,156,0,0,0,323,0,164,0,0,156,0
Caleb Repp,34839,TE,UTAH ST,12,35.9,0,329,74.2,70.0,67.1,0,0,4,1.5,1.8,100.0,2,0,0,156,0,0,2,435,5,284,0,0,151,185
Brandon Smith,61327,WR,IOWA,9,38.6,1,192,74.8,,79.5,0,0,0,0.0,0.0,,1,0,0,156,0,0,0,404,0,248,0,0,156,1
Mac Jones,60323,QB,ALABAMA,11,47.3,0,103,78.7,,60.1,0,0,0,0.0,0.0,,0,0,0,156,0,0,0,330,0,170,0,0,156,0
Zacc Weldon,45632,FB,TROY,11,90.1,0,318,52.2,57.7,51.4,0,2,39,69.6,72.6,97.4,1,2,0,155,0,0,0,172,45,62,0,0,110,5
Dylan Hopkins,83571,QB,UAB,10,48.9,0,321,57.0,,60.0,0,0,0,0.0,0.0,,1,0,0,155,0,0,0,317,0,109,0,0,155,0
Jonathan Timmons,41481,G,CHARLOTTE,8,100.0,0,136,58.8,76.4,57.5,0,2,59,100.0,100.0,98.3,2,2,0,155,0,152,0,155,60,60,3,0,95,0
Jalen Cunningham,82340,G,OLE MISS,7,100.0,0,226,52.2,77.3,46.7,0,0,63,100.0,100.0,100.0,0,0,0,155,0,155,0,155,69,69,0,0,86,0
Emmanuel Logan-Greene,55409,WR,NEW MEXICO,11,45.3,0,241,54.1,,57.7,0,0,0,0.0,0.0,,0,0,0,155,0,0,0,342,0,182,0,0,155,0
Taye Barber,78107,WR,TCU,9,37.9,0,305,64.5,,65.0,0,0,0,0.0,0.0,,1,0,0,155,0,0,0,409,0,248,0,0,155,1
Amad Anderson Jr.,84380,WR,PURDUE,12,30.3,1,273,56.2,,63.7,0,0,0,0.0,0.0,,1,0,0,155,0,0,0,512,0,357,0,0,155,0
Biron Rossell,78388,T,LA TECH,8,100.0,0,208,64.4,52.5,68.0,0,5,59,100.0,100.0,95.8,2,5,0,155,0,0,130,155,63,63,0,25,92,0
Jauan Jennings,48027,WR,TENNESSEE,13,31.0,1,307,88.9,,57.8,0,0,0,0.0,0.0,,2,0,0,155,0,0,0,500,0,332,0,0,155,11
Nate Stewart,61099,WR,AKRON,12,27.0,0,102,64.2,,62.5,0,0,0,0.0,0.0,,0,0,0,155,0,0,0,574,0,419,0,0,155,1
Jeremiah Miller,54523,WR,COAST CAR,10,38.1,0,141,61.3,,64.7,0,0,0,0.0,0.0,,0,0,0,155,0,0,0,407,0,252,0,0,155,0
Neil McLaurin,84417,WR,SO MISS,13,37.8,0,296,55.9,,64.5,0,0,0,0.0,0.0,,0,0,0,155,0,0,0,410,0,255,0,0,155,1
Jacob Cowing,100894,WR,UTEP,12,36.5,0,330,70.4,,62.4,0,0,0,0.0,0.0,,2,0,0,155,0,0,0,425,0,270,0,0,155,0
Tyjon Lindsey,61489,WR,OREGON ST,10,41.3,0,265,55.4,,68.1,0,0,0,0.0,0.0,,2,0,0,155,0,0,0,375,0,212,0,0,155,9
Cole Kirby,59863,C,MIDDLE TN,6,100.0,0,224,25.4,0.0,38.2,0,5,90,100.0,100.0,96.1,0,6,1,154,142,0,0,154,96,96,0,0,58,12
Cameron Jackel,60144,T,TULANE,7,100.0,0,319,79.8,58.0,81.2,0,4,62,100.0,100.0,96.8,0,4,0,154,0,0,0,154,63,63,0,154,91,0
Lawrence Cager,34914,WR,GEORGIA,9,50.7,0,173,83.8,,72.0,0,0,0,0.0,0.0,,1,0,0,154,0,0,0,304,0,150,0,0,154,5
Jacquez Sloan,61821,WR,W KENTUCKY,13,39.7,0,346,68.1,,54.1,0,0,0,0.0,0.0,,2,0,0,154,0,0,0,388,0,225,0,0,154,0
Denzel Carter,69915,TE,TULSA,7,74.0,0,320,57.6,69.8,56.2,0,0,29,36.3,34.9,100.0,4,0,0,154,0,0,0,208,29,83,0,0,125,145
Kenneth Gainwell,77737,HB,MEMPHIS,14,23.3,1,218,89.0,84.6,59.8,0,0,75,22.9,22.8,100.0,1,0,0,154,0,0,0,661,79,347,0,0,75,1
Brandon Crum,98028,TE,S ALABAMA,8,77.7,0,288,61.6,34.7,55.8,1,3,31,44.3,42.9,90.3,2,5,1,153,0,0,0,197,33,77,0,0,120,156
Nate Weinman,61083,TE,WYOMING,9,86.9,0,351,53.3,67.2,58.8,0,0,13,38.2,37.8,100.0,1,0,0,153,0,0,1,176,14,37,0,2,139,169
Shaq Vann,28243,HB,E MICHIGAN,10,30.2,0,160,70.1,60.5,60.7,1,4,82,30.4,29.9,94.5,0,7,2,153,0,0,0,506,86,288,0,0,67,0
Breece Hall,97636,HB,IOWA STATE,12,26.9,0,193,77.3,63.4,82.5,2,7,106,32.7,33.1,94.8,2,10,1,153,0,0,0,568,114,344,0,0,39,1
Aaron Molina,61504,WR,NEW MEXICO,10,53.9,0,241,67.0,,64.8,0,0,0,0.0,0.0,,1,0,0,153,0,0,0,284,0,131,0,0,153,0
Dylan Drummond,78187,WR,E MICHIGAN,13,30.5,0,160,67.9,,54.5,0,0,0,0.0,0.0,,1,0,0,153,0,0,0,501,0,345,0,0,153,2
Carter Ware,61032,TE,TCU,11,80.5,0,305,55.7,47.9,62.9,0,0,18,33.3,33.9,94.4,3,1,1,153,0,0,0,190,19,56,0,0,134,106
Mathew Sexton,26287,WR,E MICHIGAN,11,37.9,0,160,64.9,,68.1,0,0,0,0.0,0.0,,0,0,0,153,0,0,0,404,0,248,0,0,153,0
Obi Obialo,42337,WR,MARSHALL,4,57.1,0,214,70.1,,71.5,0,0,0,0.0,0.0,,0,0,0,153,0,0,0,268,0,115,0,0,153,0
Daylon Charlot,13641,WR,KANSAS,12,31.2,1,198,68.4,,82.8,0,0,0,0.0,0.0,,2,0,0,153,0,0,0,491,0,338,0,0,153,6
Kade Warner,61494,WR,NEBRASKA,7,51.2,0,238,58.7,,60.3,0,0,0,0.0,0.0,,0,0,0,152,0,0,0,297,0,145,0,0,152,1
Christian Roberson,41870,TE,CHARLOTTE,12,70.4,1,136,58.7,64.2,63.8,0,0,12,16.2,16.9,100.0,2,0,0,152,0,0,0,216,13,77,0,0,139,133
Micah Hilts,98429,TE,TEXAS ST,10,54.7,0,314,61.4,55.2,58.2,0,1,45,26.8,27.6,98.9,1,1,0,152,0,0,0,278,48,174,0,0,104,189
Cam Blakely,78164,WR,MIAMI OH,14,48.9,0,221,52.9,,57.6,0,0,0,0.0,0.0,,0,0,0,151,0,0,0,309,0,158,0,0,151,1
Jacqez Hairston,54433,HB,COAST CAR,12,54.9,0,141,70.4,69.3,64.9,0,0,38,47.5,47.6,100.0,1,0,0,151,0,0,0,275,40,84,0,0,111,1
Grayson Gunter,42364,TE,ARKANSAS,12,59.9,0,111,47.0,42.6,56.9,0,0,30,24.0,23.5,96.7,0,1,1,151,0,0,0,252,31,132,0,0,120,168
Erik Beilman,35933,TE,NEW MEXICO,12,93.2,0,241,65.1,73.4,65.3,0,1,25,75.8,73.8,98.0,2,1,0,151,0,0,0,162,31,42,0,0,120,60
Chase Hancock,97462,TE,GA SOUTHRN,8,98.7,0,174,56.5,66.8,54.6,1,0,27,93.1,93.5,98.1,0,1,0,151,0,0,0,153,29,31,0,0,122,131
Quian Williams,61237,WR,E MICHIGAN,13,38.0,0,160,83.2,,60.1,0,0,0,0.0,0.0,,0,0,0,151,0,0,0,397,0,246,0,0,151,0
Jamal Bell,84255,WR,LA LAFAYET,14,48.7,0,207,80.7,,71.6,0,0,0,0.0,0.0,,0,0,0,151,0,0,0,310,0,159,0,0,151,0
Kekaniokoa Holomalia-Gonzalez,81593,G,BOISE ST,5,100.0,0,120,62.7,71.9,58.6,3,1,84,100.0,100.0,97.6,0,4,0,151,11,125,0,151,87,87,15,0,64,0
Dylan Parham,41351,TE,NC STATE,7,82.9,0,248,58.2,64.4,63.1,0,0,17,35.4,35.4,100.0,0,0,0,150,0,0,0,181,17,48,0,0,133,124
Jamarye Joiner,82071,WR,ARIZONA,12,30.0,0,109,64.7,,49.0,0,0,0,0.0,0.0,,2,0,0,150,0,0,0,500,0,350,0,0,150,0
Joseph Ngata,98214,WR,CLEMSON,15,49.2,0,140,68.3,,73.8,0,0,0,0.0,0.0,,0,0,0,150,0,0,0,305,0,155,0,0,150,1
Troy Thingstad,36646,T,S ALABAMA,6,100.0,0,288,55.4,29.8,65.1,2,4,67,100.0,100.0,92.5,0,8,2,150,0,0,0,150,73,73,0,150,77,0
Logan Zschernitz,100262,G,N ILLINOIS,4,100.0,0,254,59.2,59.2,57.9,0,2,49,100.0,100.0,98.0,0,2,0,150,0,10,0,150,53,53,140,0,97,0
Kenny Cooper,40949,C,GA TECH,4,100.0,0,176,44.3,4.6,62.4,1,1,69,100.0,100.0,95.7,1,4,2,150,150,0,0,150,70,70,0,0,80,0
Sean Shaw Jr.,78133,WR,IOWA STATE,11,40.0,0,193,62.0,,47.2,0,0,0,0.0,0.0,,1,0,0,150,0,0,0,375,0,225,0,0,150,0
Gunner Gentry,75958,WR,WYOMING,12,58.6,1,351,57.9,,69.0,0,0,0,0.0,0.0,,1,0,0,150,0,0,0,256,0,106,0,0,150,0
Matteo Mele,81929,C,WASHINGTON,5,100.0,0,340,57.2,42.8,59.1,1,2,59,100.0,100.0,97.5,0,3,0,150,150,0,0,150,63,63,0,0,87,0
Reggie Todd,61462,WR,TROY,12,31.6,1,318,66.2,,50.5,0,0,0,0.0,0.0,,1,0,0,150,0,0,0,475,0,325,0,0,150,0
Tayvion Robinson,99693,WR,VA TECH,13,39.2,0,337,65.5,,52.0,0,0,0,0.0,0.0,,0,0,0,149,0,0,0,380,0,219,0,0,149,0
Michael Arnold,41417,G,FLORIDA ST,6,100.0,0,167,49.6,63.0,48.8,0,2,82,100.0,100.0,98.8,2,2,0,149,0,33,0,149,89,89,116,0,60,0
Thomas Geddis,48306,WR,CINCINNATI,14,56.2,0,138,50.1,,63.9,0,0,0,0.0,0.0,,1,0,0,149,0,0,0,265,0,116,0,0,149,3
Kaleb Smith,77982,WR,VA TECH,12,56.2,0,337,57.1,,52.7,0,0,0,0.0,0.0,,1,0,0,149,0,0,0,265,0,116,0,0,149,0
Dominic Gudino,60049,G,S DIEGO ST,5,100.0,0,284,49.9,68.8,51.8,1,3,69,100.0,100.0,97.1,5,4,0,149,8,65,0,149,74,74,76,0,75,0
Cheyenne O'Grady,36344,TE,ARKANSAS,7,39.4,0,111,64.8,47.1,44.4,1,0,25,10.4,10.2,94.0,3,2,1,149,0,0,0,378,26,254,0,0,123,204
Grant Misch,77560,TE,VIRGINIA,14,87.1,0,335,68.2,65.5,67.5,1,0,22,52.4,50.0,97.7,0,1,0,149,0,0,0,171,22,44,0,0,127,146
Malcolm Epps,77951,WR,TEXAS,13,35.4,0,311,54.7,64.5,59.1,0,0,1,0.4,0.4,100.0,0,0,0,148,0,0,0,418,1,271,0,0,147,6
Darryl Jones,84286,WR,MARYLAND,12,39.7,0,215,52.8,,74.2,0,0,0,0.0,0.0,,1,0,0,148,0,0,0,373,0,225,0,0,148,0
Chabastin Taylor,61354,WR,KANSAS ST,13,60.7,0,199,59.9,,60.9,0,0,0,0.0,0.0,,1,0,0,148,0,0,0,244,0,96,0,0,148,0
Milton Wright,97775,WR,PURDUE,11,33.9,0,273,52.2,,63.5,0,0,0,0.0,0.0,,0,0,0,148,0,0,0,437,0,288,0,0,148,0
Kearis Jackson,84188,WR,GEORGIA,10,56.8,0,173,58.7,,75.2,0,0,0,0.0,0.0,,0,0,0,147,0,0,0,259,0,110,0,0,147,1
Corey Gammage,98735,WR,MARSHALL,8,51.2,0,214,61.8,,71.2,0,0,0,0.0,0.0,,1,0,0,147,0,0,0,287,0,140,0,0,147,0
Aston Walter,29870,HB,RICE,11,38.8,1,275,77.2,90.8,66.9,0,1,92,52.9,54.8,99.5,1,1,0,147,0,0,0,379,103,188,0,0,44,0
Jaylon Redd,61586,WR,OREGON,12,36.8,0,264,67.4,,62.2,0,0,0,0.0,0.0,,1,0,0,147,0,0,0,400,0,247,0,0,147,0
Josh Johnson,61329,WR,TULSA,12,31.5,0,320,56.6,,43.4,0,0,0,0.0,0.0,,1,0,0,147,0,0,0,467,0,320,0,0,147,0
Logan Long,60928,TE,KANSAS ST,13,79.5,0,199,57.3,72.8,63.9,0,0,10,20.8,20.8,100.0,1,0,0,147,0,0,0,185,10,48,0,0,137,163
Treylon Burks,99218,WR,ARKANSAS,11,33.7,0,111,67.9,,50.1,0,0,0,0.0,0.0,,2,0,0,146,0,0,0,433,0,279,0,0,146,1
Colin Newell,59753,C,IOWA STATE,3,100.0,0,193,69.6,85.0,65.9,0,1,83,100.0,100.0,99.4,1,1,0,146,86,0,0,146,87,87,60,0,59,0
Nico Ragaini,84232,WR,IOWA,13,31.4,0,192,68.2,,73.2,0,0,0,0.0,0.0,,1,0,0,146,0,0,0,465,0,318,0,0,146,1
Kamareon Williams,98038,TE,FIU,13,77.2,0,166,40.3,78.1,38.3,0,0,18,29.5,29.5,100.0,0,0,0,146,0,0,0,189,18,61,0,0,128,143
Luke Price,57784,TE,CLEMSON,15,73.4,0,140,72.8,76.9,79.8,0,0,29,36.3,36.9,100.0,1,0,0,146,0,0,0,199,31,84,0,0,115,156
Tayvian Cunningham,98658,WR,ARIZONA,12,39.8,0,109,64.6,,61.3,0,0,0,0.0,0.0,,0,0,0,146,0,0,0,367,0,221,0,0,146,2
Tra Minter,57401,HB,S ALABAMA,12,26.5,0,288,81.4,69.6,57.9,1,1,56,22.2,22.8,98.2,0,2,0,146,0,0,0,551,62,272,0,0,84,0
Sam Marrazzo,60170,C,UCLA,8,100.0,0,324,66.0,61.3,65.2,0,1,80,100.0,100.0,98.1,0,2,1,145,107,38,0,145,85,85,0,0,60,0
Devin Leary,77628,QB,NC STATE,8,35.6,1,248,55.9,,60.3,0,0,0,0.0,0.0,,2,0,0,145,0,0,0,407,0,251,0,0,145,0
Jaron Caldwell,28974,G,UNLV,4,100.0,1,325,58.9,44.7,62.1,1,2,54,100.0,100.0,97.2,1,3,0,145,0,120,6,145,56,56,0,19,89,0
Eli Peters,40041,QB,TOLEDO,5,53.1,0,316,54.9,,60.0,0,0,0,0.0,0.0,,0,0,0,145,0,0,0,273,0,126,0,0,145,0
Stone Smartt,60492,QB,DOMINION,10,32.4,0,263,54.8,62.2,60.0,0,0,1,0.4,0.4,100.0,1,0,0,145,0,0,0,448,1,258,0,0,144,0
Savon Scarver,61783,WR,UTAH ST,11,37.5,0,329,54.2,,46.3,0,0,0,0.0,0.0,,2,0,0,145,0,0,0,387,0,242,0,0,145,0
Mohamed Jabbie,41293,WR,RUTGERS,10,46.2,0,278,54.2,,62.7,0,0,0,0.0,0.0,,0,0,0,145,0,0,0,314,0,168,0,0,145,1
Camren McDonald,77871,TE,FLORIDA ST,13,62.5,0,167,55.0,81.9,59.0,0,0,25,23.6,23.7,100.0,1,0,0,145,0,0,1,232,27,114,0,0,118,87
Stanley Berryhill III,61128,WR,ARIZONA,12,38.4,0,109,60.9,61.0,53.4,0,0,1,0.4,0.4,100.0,1,0,0,145,0,0,0,378,1,234,0,0,144,0
Demetris Robertson,38547,WR,GEORGIA,13,34.6,1,173,65.6,64.4,64.1,0,0,1,0.4,0.4,100.0,1,0,0,144,0,0,0,416,1,267,0,0,143,7
Davis Mills,52269,QB,STANFORD,8,33.0,0,300,70.7,,60.0,0,0,0,0.0,0.0,,5,0,0,144,0,0,0,437,0,288,0,0,144,0
Greg White,61526,WR,N TEXAS,12,42.0,0,251,61.3,,60.0,0,0,0,0.0,0.0,,0,0,0,144,0,0,0,343,0,199,0,0,144,0
Jake Cerny,41952,G,ILLINOIS,6,100.0,0,187,63.9,67.0,61.9,0,1,65,100.0,100.0,97.7,0,2,1,144,0,108,31,144,68,68,0,2,76,3
Anthony Gordon,40119,QB,WASH STATE,13,15.5,0,341,81.1,,60.0,0,0,0,0.0,0.0,,4,0,0,143,0,0,0,922,0,770,0,0,143,0
Sam Stovall,81774,T,NWESTERN,7,100.0,0,256,73.4,51.6,72.9,0,0,28,100.0,100.0,100.0,0,0,0,143,0,0,0,143,31,31,55,87,112,1
Steven Bedosky,54493,T,COAST CAR,2,100.0,0,141,57.7,59.5,55.7,0,1,63,100.0,100.0,97.6,0,2,1,143,0,0,1,143,69,69,0,141,74,1
Keenan Orr,66745,TE,KENT STATE,13,79.0,0,201,69.0,67.6,58.4,0,1,23,39.0,39.7,97.8,1,1,0,143,0,0,0,181,25,63,0,1,118,167
Bryson Smith,60395,WR,HOUSTON,10,45.1,0,182,55.6,,71.5,0,0,0,0.0,0.0,,1,0,0,142,0,0,0,315,0,157,0,0,142,0
C.J. Hayes,61447,WR,MICH STATE,11,38.1,0,223,53.1,,73.7,0,0,0,0.0,0.0,,1,0,0,142,0,0,0,373,0,231,0,0,142,0
Dalton Rigdon,61729,WR,TEXAS TECH,10,35.4,0,315,67.4,,59.6,0,0,0,0.0,0.0,,1,0,0,142,0,0,0,401,0,253,0,0,142,0
Marcus Childers,40476,QB,N ILLINOIS,9,47.7,0,254,49.1,,60.0,0,0,0,0.0,0.0,,1,0,0,142,0,0,0,298,0,106,0,0,142,0
T.J. Simmons,47741,WR,W VIRGINIA,10,34.1,0,343,70.2,73.6,65.3,0,0,2,0.7,0.7,100.0,1,0,0,142,0,0,0,417,2,276,0,0,140,11
Lamont Atkins,62768,HB,VIRGINIA,14,46.3,0,335,57.6,78.2,40.2,1,1,81,36.3,35.6,97.5,0,3,1,142,0,0,0,307,83,233,0,0,59,10
D.J. Matthews Jr.,61255,WR,FLORIDA ST,12,36.0,0,167,71.1,,68.4,0,0,0,0.0,0.0,,5,0,0,141,0,0,0,392,0,249,0,0,141,0
Kenneth Walker III,97199,HB,WAKE,12,47.8,0,339,80.8,78.2,48.4,1,2,94,63.9,64.3,98.4,0,3,0,141,0,0,0,295,99,154,0,0,42,5
Collin Johnson,47808,WR,TEXAS,7,33.2,0,311,78.1,73.6,85.0,0,0,2,0.7,0.7,100.0,3,0,0,141,0,0,0,425,2,286,0,0,139,11
Josh Hammond,40293,WR,FLORIDA,13,36.8,0,163,67.8,60.9,57.0,0,0,1,0.5,0.4,100.0,0,0,0,141,0,0,0,383,1,237,0,0,140,1
Collin Moore,60866,TE,CAL,11,80.5,0,130,53.7,74.9,57.9,0,0,11,24.4,29.2,100.0,0,0,0,140,0,0,0,174,14,48,0,1,126,167
Khalil Shakir,84140,WR,BOISE ST,14,27.9,0,120,86.9,67.2,59.2,0,0,2,0.6,0.6,100.0,1,0,0,140,0,0,0,502,2,348,0,0,138,0
Matt Dotson,60961,TE,MICH STATE,8,45.5,1,223,48.6,41.1,58.0,0,1,14,8.0,9.2,96.4,3,1,0,140,0,0,5,308,17,185,0,0,123,201
Michael Warren II,55076,HB,CINCINNATI,14,22.9,0,138,84.2,58.6,65.1,0,5,73,27.2,26.9,95.2,0,6,1,140,0,0,0,611,76,283,0,0,64,1
Donavan Hale,48121,WR,INDIANA,11,37.4,0,190,63.7,64.2,51.2,0,0,1,0.5,0.4,100.0,2,0,0,140,0,0,0,374,1,233,0,0,139,4
Jared Wiley,98508,TE,TEXAS,11,72.5,0,311,54.9,71.2,61.6,0,1,25,32.9,33.8,94.0,1,2,1,140,0,0,8,193,27,80,0,1,113,119
Darrynton Evans,40692,HB,APP STATE,14,23.3,0,108,78.8,80.3,57.0,1,2,88,31.3,31.1,98.3,0,3,0,140,0,0,0,601,91,293,0,0,49,5
Mike O'Laughlin,77925,TE,W VIRGINIA,12,54.7,0,343,53.8,62.3,71.8,0,1,31,21.7,22.7,98.4,1,1,0,140,0,0,0,256,34,150,0,8,106,156
Stephen Sullivan,40411,WR,LSU,15,46.8,0,211,57.2,51.1,64.3,0,1,14,8.4,8.6,96.4,0,1,0,140,0,0,0,299,15,174,0,0,125,69
Cedric Patterson III,84332,WR,NEW MEXICO,12,56.5,0,241,65.8,,62.1,0,0,0,0.0,0.0,,0,0,0,140,0,0,0,248,0,107,0,0,140,0
Jack Sorenson,41983,WR,MIAMI OH,11,43.1,0,221,80.1,,66.0,0,0,0,0.0,0.0,,1,0,0,140,0,0,0,325,0,185,0,0,140,1
Johnny Maea,100526,G,UTAH,9,100.0,0,328,60.4,43.1,60.8,0,3,35,100.0,100.0,95.7,1,3,0,139,0,0,0,139,37,37,139,0,102,0
Jason Moore,58523,G,BAYLOR,9,100.0,0,118,55.1,76.5,50.5,1,0,47,100.0,100.0,98.9,0,1,0,139,0,1,42,139,51,51,91,3,88,0
Al'Dontre Davis,61698,WR,TCU,10,47.6,1,305,48.3,,77.4,0,0,0,0.0,0.0,,1,0,0,139,0,0,0,292,0,153,0,0,139,0
Pro Wells,77922,WR,TCU,12,39.9,0,305,59.8,70.1,54.1,0,0,2,1.0,0.9,100.0,2,0,0,139,0,0,0,348,2,211,0,0,137,21
La'Mical Perine,26408,HB,FLORIDA,13,24.2,0,163,75.4,81.0,61.5,0,0,58,17.0,17.8,100.0,1,0,0,139,0,0,0,574,65,365,0,0,74,0
Gunner Britton,81937,T,W KENTUCKY,8,100.0,0,346,68.5,63.8,67.3,1,2,74,100.0,100.0,95.3,0,5,2,139,0,0,112,139,77,77,0,17,62,9
Mason Hays,40111,WR,TEXAS ST,11,38.8,0,314,57.8,29.9,56.3,0,0,2,0.9,0.9,100.0,1,0,0,139,0,0,0,358,2,221,0,0,137,2
Toa Taua,83722,HB,NEVADA,13,21.6,0,239,68.5,53.6,56.3,1,8,109,27.3,27.4,93.1,1,12,3,139,0,0,0,645,116,423,0,0,23,1
Benny LeMay,57184,HB,CHARLOTTE,11,26.2,1,136,79.9,64.4,51.0,0,7,44,20.0,21.9,92.0,1,7,0,138,0,0,0,526,52,237,0,0,86,0
Kai Locksley,34333,QB,UTEP,11,29.6,0,330,70.5,,61.4,0,0,0,0.0,0.0,,3,0,0,138,0,0,0,466,0,232,0,0,138,0
Tavin Richardson,27000,WR,MARSHALL,9,48.8,0,214,53.9,,63.2,0,0,0,0.0,0.0,,1,0,0,138,0,0,0,283,0,145,0,0,138,0
Jacob Breeland,35748,TE,OREGON,6,48.1,0,264,79.5,75.9,45.1,0,0,16,10.0,10.2,100.0,0,0,0,138,0,0,3,287,17,166,0,1,121,190
Jackson Anthrop,41338,WR,PURDUE,12,27.1,0,273,56.0,,61.3,0,0,0,0.0,0.0,,0,0,0,138,0,0,0,509,0,360,0,0,138,6
Tyler Walton,78201,WR,OHIO,13,55.2,0,259,70.0,,61.7,0,0,0,0.0,0.0,,0,0,0,138,0,0,0,250,0,108,0,0,138,0
Michael Story,46138,G,MISS STATE,7,100.0,2,227,57.3,50.2,62.8,0,7,66,100.0,100.0,93.2,4,8,1,137,0,101,0,137,70,70,35,0,67,0
Justin Henderson,78560,HB,LA TECH,13,27.7,0,208,70.6,66.5,54.3,0,5,79,34.3,34.5,96.8,0,5,0,137,0,0,0,494,87,252,0,0,50,0
Kyle Porter,40304,HB,HOUSTON,11,34.7,0,182,71.6,59.5,59.6,0,2,76,39.6,39.9,93.4,0,6,4,137,0,0,0,395,83,208,0,0,54,0
JaVonta Payton,97593,WR,MISS STATE,12,50.4,0,227,60.3,,58.6,0,0,0,0.0,0.0,,1,0,0,137,0,0,0,272,0,133,0,0,137,0
DeJon Packer,52230,HB,S JOSE ST,12,27.5,0,285,72.8,66.1,76.2,1,4,96,30.6,31.0,97.4,0,5,0,137,0,0,0,499,104,336,0,0,33,0
Jordan Wilson,42112,TE,UCLA,12,56.7,0,324,53.7,72.2,58.2,0,0,6,5.7,5.5,100.0,0,0,0,136,0,0,4,240,6,110,0,1,130,175
Ramel Keyton,99204,WR,TENNESSEE,13,58.6,0,307,59.5,,69.2,0,0,0,0.0,0.0,,1,0,0,136,0,0,0,232,0,95,0,0,136,5
Tyrie Cleveland,42134,WR,FLORIDA,13,40.4,0,163,64.3,,57.4,0,0,0,0.0,0.0,,0,0,0,136,0,0,0,337,0,201,0,0,136,3
Skyler Miller,58306,FB,WYOMING,13,96.5,0,351,49.1,43.0,49.2,0,0,12,70.6,70.6,91.7,0,1,1,136,0,0,0,141,12,17,0,0,124,12
Reese Leitao,61035,TE,TEXAS,11,69.4,0,311,41.3,75.6,39.6,0,0,28,32.6,31.8,100.0,1,0,0,136,0,0,6,196,28,88,0,0,108,116
Brian Thomas,98655,T,MEMPHIS,3,100.0,0,218,43.9,44.4,54.1,0,2,72,100.0,100.0,97.2,4,3,1,136,0,0,136,136,76,76,0,0,60,0
Matt Lee,98544,G,UCF,4,100.0,0,323,65.9,58.5,65.2,1,1,52,100.0,100.0,98.1,1,2,0,136,49,70,0,136,55,55,0,0,81,3
Tobias Oliver,62976,WR,GA TECH,12,42.5,2,176,61.8,,62.4,0,0,0,0.0,0.0,,4,0,0,135,0,0,0,318,0,138,0,0,135,0
Xavier Jones,45742,HB,SMU,13,21.4,1,287,76.1,63.0,56.4,0,4,91,27.4,29.3,96.7,1,5,1,135,0,0,0,632,105,358,0,0,30,0
Scottie Phillips,83711,HB,OLE MISS,10,34.3,0,226,71.1,76.0,63.8,2,0,59,32.1,33.0,98.3,0,2,0,135,0,0,0,394,65,197,0,0,70,0
Line Latu,78182,WR,E MICHIGAN,13,34.0,0,160,61.6,,64.0,0,0,0,0.0,0.0,,1,0,0,135,0,0,0,397,0,256,0,0,135,0
Jerrion Ealy,97163,HB,OLE MISS,12,36.6,0,226,74.7,67.4,55.8,0,1,32,20.5,20.2,98.4,0,1,0,135,0,0,0,369,33,163,0,0,102,0
Fred Holly III,38662,HB,HAWAII,12,58.2,0,180,77.8,73.2,57.2,0,4,109,71.2,71.3,98.2,0,4,0,135,0,0,0,232,112,157,0,0,23,0
Timothy Jackson,101200,HB,AIR FORCE,10,50.4,0,101,88.5,86.3,67.9,0,0,22,71.0,68.8,100.0,1,0,0,134,0,0,0,266,22,32,0,0,112,4
Deonte Simpson,100881,WR,N TEXAS,9,39.6,0,251,60.7,,52.4,0,0,0,0.0,0.0,,0,0,0,134,0,0,0,338,0,204,0,0,134,0
Kam Scott,84315,WR,MISSOURI,11,47.7,1,229,60.3,,71.6,0,0,0,0.0,0.0,,2,0,0,134,0,0,0,281,0,146,0,0,134,0
Mike Harley Jr.,61423,WR,MIAMI FL,13,25.2,0,220,56.8,,46.0,0,0,0,0.0,0.0,,2,0,0,134,0,0,0,532,0,393,0,0,134,4
Cameron Butler,52019,TE,COLO STATE,7,59.0,1,144,61.2,72.3,63.6,0,0,21,18.6,19.1,100.0,3,0,0,134,0,0,5,227,22,115,0,2,112,143
Nate Craig-Myers,47863,WR,COLO STATE,9,40.7,0,144,64.0,67.7,47.8,0,0,2,1.1,1.0,100.0,2,0,0,134,0,0,0,329,2,197,0,0,132,15
Braydon Johnson,61576,WR,OKLA STATE,13,43.6,0,262,68.1,,52.1,0,0,0,0.0,0.0,,0,0,0,134,0,0,0,307,0,173,0,0,134,0
Cameron Scarlett,35806,HB,STANFORD,12,22.8,0,300,74.9,84.6,58.2,1,1,117,32.9,32.8,99.1,0,2,0,134,0,0,0,589,122,372,0,0,12,0
Emil Ekiyor,81540,G,ALABAMA,8,100.0,0,103,76.1,45.6,78.1,1,1,44,100.0,100.0,97.7,0,2,0,134,2,107,0,134,44,44,25,0,90,0
Carlos Rubio,59799,G,LA LAFAYET,7,100.0,0,207,76.2,82.4,72.8,0,1,58,100.0,100.0,99.1,1,1,0,133,0,32,59,133,60,60,35,7,73,0
Chandler Anthony,40240,T,N TEXAS,6,100.0,0,251,60.8,64.3,57.5,1,2,70,100.0,100.0,96.4,0,4,1,133,0,0,0,133,71,71,19,114,62,0
Darius Wade,28055,QB,BOWL GREEN,7,44.0,0,122,56.9,,60.0,0,0,0,0.0,0.0,,1,0,0,133,0,0,0,302,0,154,0,0,133,0
Reggie Sutton,81813,T,RUTGERS,7,97.8,0,278,76.2,61.0,75.5,0,0,40,93.0,93.0,100.0,1,0,0,132,0,0,1,135,40,43,0,89,92,45
Justin Hall,61158,WR,BALL ST,12,26.2,1,117,74.6,,64.9,0,0,0,0.0,0.0,,2,0,0,132,0,0,0,503,0,347,0,0,132,4
Jaylon Henderson,39535,QB,BOISE ST,9,39.4,0,120,69.2,62.2,60.1,0,0,1,0.6,0.6,100.0,1,0,0,132,0,0,0,335,1,167,0,0,131,0
A.J. Davis,57381,HB,PITTSBURGH,11,28.5,0,268,66.7,72.1,63.0,2,3,90,31.1,32.1,97.2,0,5,0,132,0,0,0,463,96,299,0,0,36,3
Gresch Jensen,24735,QB,TEXAS ST,6,34.4,0,314,61.9,,60.0,0,0,0,0.0,0.0,,1,0,0,131,0,0,0,381,0,237,0,0,131,0
Elijah Jeffreys,78070,WR,UCONN,10,48.7,0,146,58.7,,59.0,0,0,0,0.0,0.0,,0,0,0,131,0,0,0,269,0,138,0,0,131,0
Steve Jenkins,101350,WR,UNLV,11,38.9,0,325,67.1,,55.9,0,0,0,0.0,0.0,,1,0,0,131,0,0,0,337,0,205,0,0,131,0
Curtis Hodges,61137,TE,ARIZONA ST,8,53.7,0,110,46.3,64.1,51.4,0,0,27,19.9,19.3,100.0,1,0,0,131,0,0,0,244,27,140,0,0,104,140
Will Farrar,60132,G,TEXAS TECH,7,100.0,0,315,60.6,66.3,56.4,1,2,87,100.0,100.0,98.3,0,3,0,131,12,102,0,131,92,92,17,0,39,0
Deondre Farrier,26165,WR,E CAROLINA,12,35.5,0,156,63.0,62.1,63.9,0,0,1,0.4,0.4,100.0,1,0,0,131,0,0,0,369,1,239,0,0,130,0
Randall West,35805,QB,UMASS,8,41.3,0,216,64.7,,60.0,0,0,0,0.0,0.0,,1,0,0,131,0,0,0,317,0,176,0,0,131,0
Sincere McCormick,97119,HB,UTSA,12,25.7,1,331,75.4,80.2,55.7,1,3,64,25.2,25.9,96.9,1,4,0,130,0,0,0,505,68,263,0,0,62,1
Ronnie Rivers,57208,HB,FRESNO ST,12,21.6,0,169,76.3,55.1,62.9,1,1,42,12.8,14.7,97.6,0,2,0,130,0,0,0,602,51,346,0,0,79,1
Ben Bresnahan,84078,TE,VANDERBILT,12,46.6,0,333,56.7,39.0,52.7,1,0,8,5.3,5.7,93.7,2,1,0,130,0,0,0,279,9,158,0,0,121,169
Mike Evans,83928,TE,APP STATE,13,78.3,0,108,56.2,73.0,62.1,0,0,8,19.0,20.0,100.0,2,0,0,130,0,0,0,166,9,45,0,3,121,138
Eno Benjamin,57136,HB,ARIZONA ST,12,17.9,0,110,75.7,47.5,56.9,2,3,79,19.7,19.5,95.6,3,6,1,130,0,0,0,727,83,425,0,0,47,0
Matlin Marshall,42084,WR,GA STATE,11,50.6,0,175,55.3,,60.9,0,0,0,0.0,0.0,,0,0,0,130,0,0,0,257,0,126,0,0,130,0
Rontavius Groves,40901,WR,N CAROLINA,13,43.6,0,245,67.6,,59.9,0,0,0,0.0,0.0,,1,0,0,130,0,0,0,298,0,166,0,0,130,2
AJ Dillon,57165,HB,BOSTON COL,12,22.3,0,121,91.3,75.1,78.9,0,2,66,34.9,34.0,95.5,1,4,2,130,0,0,0,583,67,197,0,0,63,0
Chris Platt,47570,WR,BAYLOR,14,33.0,0,118,58.4,,65.5,0,0,0,0.0,0.0,,1,0,0,130,0,0,0,394,0,260,0,0,130,2
Ayden Eberhardt,40554,WR,WYOMING,13,61.1,0,351,62.0,,68.5,0,0,0,0.0,0.0,,0,0,0,129,0,0,0,211,0,82,0,0,129,0
Sewo Olonilua,45767,HB,TCU,12,27.1,0,305,76.0,71.2,82.3,2,1,71,26.0,25.6,96.5,0,4,1,129,0,0,0,476,73,285,0,0,56,0
Stephon Huderson,57434,TE,TULANE,12,46.6,0,319,67.8,44.5,63.3,0,1,27,22.3,24.0,98.1,0,1,0,129,0,0,0,277,30,125,0,0,99,72
Josh Sills,41748,C,W VIRGINIA,2,100.0,0,343,63.8,76.0,57.9,0,2,78,100.0,100.0,98.7,0,2,0,129,66,0,0,129,82,82,63,0,47,0
Jeremiah Byers,100806,T,UTEP,2,100.0,0,330,54.3,64.1,55.4,0,1,69,100.0,100.0,99.3,2,1,0,129,0,0,0,129,76,76,0,129,53,0
Amare Jones,77742,WR,TULANE,12,37.6,0,319,78.1,78.0,55.2,0,0,6,3.8,3.8,100.0,2,0,0,129,0,0,0,343,6,158,0,0,123,15
Josiah Johnson,75883,WR,UMASS,12,50.2,0,216,53.1,38.8,32.3,0,1,11,8.3,8.0,95.5,0,1,0,128,0,0,0,255,11,138,0,0,117,58
Jack Plummer,83543,QB,PURDUE,7,28.9,0,273,67.9,,60.0,0,0,0,0.0,0.0,,1,0,0,128,0,0,0,443,0,291,0,0,128,0
Greg McCrae,55384,HB,UCF,10,45.2,0,323,76.2,78.2,68.7,1,3,96,64.9,65.8,97.9,0,4,0,128,0,0,0,283,102,155,0,0,26,1
McLane Mannix,61496,WR,TEXAS TECH,12,35.6,0,315,55.4,60.5,52.4,0,0,1,0.5,0.4,100.0,0,0,0,128,0,0,0,360,1,231,0,0,127,0
Yo'Heinz Tyler,78181,WR,BALL ST,12,37.8,0,117,76.4,,65.8,0,0,0,0.0,0.0,,0,0,0,127,0,0,0,336,0,209,0,0,127,0
Cole Garcia,75872,G,RICE,4,100.0,0,275,51.1,46.3,56.5,1,4,77,100.0,100.0,94.2,2,7,2,127,0,1,0,127,83,83,126,0,44,0
Nick Muse,61079,TE,S CAROLINA,8,51.0,0,289,58.4,72.3,53.1,0,0,9,7.2,7.6,100.0,0,0,0,127,0,0,4,249,10,132,0,1,117,136
Heron Maurisseau,78069,WR,UCONN,12,44.3,0,146,50.6,,52.5,0,0,0,0.0,0.0,,0,0,0,127,0,0,0,287,0,160,0,0,127,0
Keion Wakefield,61392,WR,LOUISVILLE,12,55.0,1,210,57.3,,58.8,0,0,0,0.0,0.0,,1,0,0,127,0,0,0,231,0,104,0,0,127,0
Kadarius Smith,41840,G,SMU,7,100.0,0,287,52.2,70.1,47.1,0,1,56,100.0,100.0,97.3,0,2,1,127,0,4,1,127,59,59,95,26,68,0
David Moore,40713,QB,C MICHIGAN,6,38.6,0,134,60.0,,60.0,0,0,0,0.0,0.0,,1,0,0,127,0,0,0,329,0,194,0,0,127,0
Bret Clark,61735,WR,TROY,11,30.5,0,318,61.4,62.1,56.1,0,0,1,0.4,0.3,100.0,1,0,0,126,0,0,0,413,1,288,0,0,125,0
Anthony Schwartz,84135,WR,AUBURN,13,41.6,0,115,73.9,,62.0,0,0,0,0.0,0.0,,1,0,0,126,0,0,0,303,0,166,0,0,126,0
Michael Carter,57337,HB,N CAROLINA,13,26.3,0,245,84.6,82.0,55.5,0,3,95,36.5,36.9,97.4,0,4,1,126,0,0,0,479,100,271,0,0,26,0
Raghib Ismail Jr.,33507,WR,WYOMING,12,39.4,0,351,76.2,,62.4,0,0,0,0.0,0.0,,2,0,0,126,0,0,0,320,0,188,0,0,126,0
Elijah Kothe,84399,WR,S DIEGO ST,9,54.8,0,284,73.6,,87.0,0,0,0,0.0,0.0,,0,0,0,126,0,0,0,230,0,104,0,0,126,2
Stanley Hubbard,55111,C,UCONN,4,100.0,1,146,61.2,68.7,58.7,0,4,81,100.0,100.0,97.5,1,4,0,126,126,0,0,126,85,85,0,0,41,0
Max Charite,81831,G,S ALABAMA,3,100.0,0,288,56.2,61.1,54.3,0,2,48,100.0,100.0,97.9,0,2,0,125,0,125,0,125,52,52,0,0,73,0
Wiley Green,75891,QB,RICE,7,39.7,0,275,48.3,,60.0,0,0,0,0.0,0.0,,1,0,0,125,0,0,0,315,0,179,0,0,125,0
Drayton Law,55061,WR,C MICHIGAN,13,70.2,0,134,54.1,,55.9,0,0,0,0.0,0.0,,1,0,0,125,0,0,0,178,0,53,0,0,125,17
Isaac Klarkowski,97949,C,RICE,2,100.0,0,275,61.8,67.6,59.1,0,1,56,100.0,100.0,99.1,0,1,0,125,124,1,0,125,58,58,0,0,67,0
Isaac Martin,57938,TE,LOUISVILLE,13,88.7,0,210,58.2,70.9,58.0,0,1,22,57.9,60.0,97.7,0,1,0,125,0,0,0,141,24,40,0,1,101,31
Tyler Vander Waal,60615,QB,WYOMING,8,48.6,0,351,55.4,,60.0,0,0,0,0.0,0.0,,1,0,0,125,0,0,0,257,0,120,0,0,125,0
Cody Ince,81687,G,IOWA,6,100.0,0,192,59.0,51.1,58.9,2,1,59,100.0,100.0,97.5,0,3,0,125,0,124,0,125,62,62,0,0,63,0
Isiah Pacheco,83747,HB,RUTGERS,11,29.3,0,278,73.4,50.2,48.6,1,4,58,31.9,32.3,92.2,0,7,2,125,0,0,0,427,62,192,0,0,63,0
Mike Beaudry,101052,QB,UCONN,5,53.2,0,146,50.7,,60.0,0,0,0,0.0,0.0,,3,0,0,125,0,0,0,235,0,104,0,0,125,0
Drake London,86519,WR,USC,13,25.6,0,326,65.3,,56.6,0,0,0,0.0,0.0,,2,0,0,124,0,0,0,485,0,361,0,0,124,0
Malik Hancock,43345,TE,ARMY,13,75.2,0,114,79.9,70.0,65.8,0,0,10,25.6,25.0,100.0,0,0,0,124,0,0,0,165,10,40,0,0,114,102
Journey Brown,57380,HB,PENN STATE,13,30.6,0,266,75.8,36.0,57.4,1,5,54,26.9,28.0,88.9,0,9,3,124,0,0,0,405,59,211,0,0,65,0
Michael Irvin II,42255,TE,MIAMI FL,12,66.7,0,220,41.4,55.5,37.6,0,2,26,30.6,30.3,96.2,0,2,0,124,0,0,0,186,27,89,0,0,97,137
Tariq Woolen,61790,WR,UTSA,6,48.2,0,331,57.5,,82.7,0,0,0,0.0,0.0,,3,0,0,124,0,0,0,257,0,133,0,0,124,3
Kolby Taylor,52141,WR,OREGON ST,9,35.2,0,265,59.4,68.4,62.6,0,0,2,0.9,0.9,100.0,0,0,0,123,0,0,0,349,2,228,0,0,121,4
Trent Cloud,55094,WR,CINCINNATI,8,54.4,0,138,50.6,,65.6,0,0,0,0.0,0.0,,1,0,0,123,0,0,0,226,0,103,0,0,123,0
Jayshon Jackson,78041,WR,CINCINNATI,14,41.1,0,138,54.1,,47.5,0,0,0,0.0,0.0,,0,0,0,123,0,0,0,299,0,176,0,0,123,0
Anthony Roberson,41039,FB,UCF,9,90.4,2,323,53.6,64.7,59.2,1,0,34,72.3,72.9,98.5,3,1,0,123,0,0,0,136,35,48,0,0,88,34
Tyson Morris,61144,WR,ARKANSAS,12,38.9,0,111,54.6,,64.6,0,0,0,0.0,0.0,,0,0,0,123,0,0,0,316,0,193,0,0,123,0
Pooka Williams Jr.,77771,HB,KANSAS,11,23.5,0,198,86.3,70.4,55.6,1,2,80,29.9,30.1,96.9,2,4,1,123,0,0,0,523,85,282,0,0,38,1
Jordan Cronkrite,39192,HB,USF,10,30.7,0,327,74.1,27.1,53.1,1,8,88,39.8,39.9,92.6,0,11,2,122,0,0,0,397,91,228,0,0,31,0
Zakhari Franklin,97620,WR,UTSA,9,35.8,0,331,73.6,,50.6,0,0,0,0.0,0.0,,0,0,0,122,0,0,0,341,0,219,0,0,122,5
Frank Ladson Jr.,99571,WR,CLEMSON,15,48.2,0,140,60.9,,82.7,0,0,0,0.0,0.0,,1,0,0,122,0,0,0,253,0,131,0,0,122,0
Rodell Rahmaan,78156,WR,BOWL GREEN,12,59.5,1,122,56.4,61.9,70.4,0,0,1,1.3,1.2,100.0,1,0,0,122,0,0,0,205,1,84,0,0,121,2
Antoine Green,77985,WR,N CAROLINA,10,45.5,0,245,57.6,,61.9,0,0,0,0.0,0.0,,1,0,0,122,0,0,0,268,0,146,0,0,122,0
Connor Slomka,44054,FB,ARMY,12,44.0,0,114,75.0,68.6,71.8,0,0,12,85.7,81.3,100.0,2,0,0,122,0,0,0,277,13,16,0,0,109,0
Jake Bargas,47044,TE,N CAROLINA,13,81.9,0,245,61.9,72.1,59.7,0,1,20,43.5,42.6,97.5,2,1,0,122,0,0,0,149,20,47,0,0,102,103
John Burt,47850,WR,TEXAS,12,37.7,0,311,47.5,,54.0,0,0,0,0.0,0.0,,0,0,0,122,0,0,0,324,0,202,0,0,122,0
Keaontay Ingram,77761,HB,TEXAS,13,24.4,0,311,77.8,46.6,50.5,0,5,72,24.2,23.9,93.7,0,7,2,122,0,0,0,500,74,309,0,0,48,0
Steven Williams,60511,WR,DOMINION,12,36.3,0,263,58.2,,67.3,0,0,0,0.0,0.0,,1,0,0,122,0,0,0,336,0,214,0,0,122,0
Tabari Hines,47491,WR,NC STATE,12,32.1,1,248,61.2,,57.8,0,0,0,0.0,0.0,,1,0,0,122,0,0,0,380,0,256,0,0,122,0
Matthew Hill,84138,WR,AUBURN,11,70.3,1,115,62.4,,67.4,0,0,0,0.0,0.0,,1,0,0,121,0,0,0,172,0,50,0,0,121,0
Xavior Gray,100263,T,AKRON,4,100.0,0,102,64.5,64.8,61.5,0,6,87,100.0,100.0,94.3,1,8,2,121,0,0,120,121,91,91,0,0,30,1
Waydale Jones,55452,WR,WAKE,7,62.7,0,339,56.8,,67.0,0,0,0,0.0,0.0,,0,0,0,121,0,0,0,193,0,72,0,0,121,1
Brian Parish,59948,T,N TEXAS,7,100.0,0,251,47.2,33.6,55.9,2,5,61,100.0,100.0,94.3,1,7,0,121,0,0,111,121,62,62,0,10,59,0
Josh Vann,84414,WR,S CAROLINA,9,36.7,0,289,51.3,,56.3,0,0,0,0.0,0.0,,0,0,0,121,0,0,0,330,0,209,0,0,121,0
Kato Nelson,40264,QB,AKRON,10,22.6,1,102,57.5,,60.0,0,0,0,0.0,0.0,,6,0,0,121,0,0,0,535,0,398,0,0,121,0
Lucas Krull,83962,TE,FLORIDA,12,68.2,0,163,48.6,58.8,41.5,0,1,21,28.4,30.9,97.6,0,1,0,120,0,0,0,176,25,81,0,0,95,143
Berkeley Holman,61543,WR,NWESTERN,12,40.7,0,256,53.2,,57.5,0,0,0,0.0,0.0,,0,0,0,120,0,0,0,295,0,175,0,0,120,0
Jahaziel Lee,40537,T,GA TECH,3,100.0,0,176,45.9,52.0,47.9,0,2,46,100.0,100.0,97.8,1,2,0,120,0,0,119,120,48,48,0,0,72,0
Nick Starkel,40326,QB,ARKANSAS,8,37.4,0,111,56.5,,60.1,0,0,0,0.0,0.0,,0,0,0,120,0,0,0,321,0,194,0,0,120,0
Warren Ericson,81652,G,GEORGIA,6,100.0,0,173,65.5,86.9,63.2,0,0,48,100.0,100.0,100.0,1,0,0,120,46,2,0,120,51,51,72,0,69,0
Corey Crooms Jr.,97276,WR,W MICHIGAN,12,51.1,0,347,59.4,,60.6,0,0,0,0.0,0.0,,0,0,0,120,0,0,0,235,0,115,0,0,120,0
Noah Henderson,97631,WR,CHARLOTTE,11,57.7,0,136,55.5,,60.0,0,0,0,0.0,0.0,,0,0,0,120,0,0,0,208,0,88,0,0,120,0
Chasen Hines,81531,G,LSU,9,100.0,0,211,55.1,87.7,49.5,0,0,46,100.0,100.0,100.0,0,0,0,120,35,77,0,120,46,46,8,0,74,0
Joshua Cephus,98095,WR,UTSA,12,47.4,0,331,52.3,,57.3,0,0,0,0.0,0.0,,1,0,0,120,0,0,0,253,0,133,0,0,120,1
Boogie Knight,78211,WR,AKRON,12,25.3,0,102,61.6,,67.8,0,0,0,0.0,0.0,,0,0,0,120,0,0,0,474,0,354,0,0,120,0
Alex Fontenot,57186,HB,COLORADO,11,23.4,0,143,77.8,80.2,48.6,0,3,65,24.9,26.9,97.7,1,3,0,120,0,0,0,513,75,279,0,0,45,0
Jayce Medlock,97820,TE,UCONN,9,60.4,0,146,61.9,62.5,54.5,0,1,8,10.3,10.3,93.7,0,1,0,119,0,0,0,197,9,87,0,0,110,116
Eli Pancol,97995,WR,DUKE,11,57.2,0,154,60.3,77.5,51.2,0,0,2,2.4,2.3,100.0,0,0,0,119,0,0,0,208,2,88,0,0,117,35
Josh Delgado,97320,WR,OREGON,14,45.6,0,264,60.1,,66.3,0,0,0,0.0,0.0,,0,0,0,119,0,0,0,261,0,142,0,0,119,1
Kaleb Fossum,33966,WR,NEVADA,10,30.9,0,239,60.2,,49.8,0,0,0,0.0,0.0,,0,0,0,119,0,0,0,385,0,266,0,0,119,0
Mason Fairchild,98376,TE,KANSAS,12,82.1,0,198,58.7,60.3,48.8,0,1,20,44.4,44.7,97.5,0,1,0,119,0,0,3,145,21,47,0,3,98,129
George Holani,72154,HB,BOISE ST,14,24.8,1,120,75.7,41.1,57.2,1,5,63,28.6,27.4,95.2,3,6,0,119,0,0,0,480,63,230,0,0,56,1
Julian Hicks,55059,WR,AKRON,11,26.4,2,102,55.4,,38.9,0,0,0,0.0,0.0,,5,0,0,118,0,0,0,447,0,329,0,0,118,1
Trevis Graham,102925,WR,TEXAS ST,12,32.4,0,314,63.5,,38.9,0,0,0,0.0,0.0,,1,0,0,118,0,0,0,364,0,246,0,0,118,0
Jakob Cooper,46171,C,GA SOUTHRN,3,100.0,0,174,29.0,17.4,38.5,0,1,27,100.0,100.0,98.1,2,1,0,118,111,7,0,118,27,27,0,0,91,0
Mataeo Durant,77719,HB,DUKE,12,35.5,0,154,56.6,26.3,61.0,1,4,47,30.3,29.8,90.4,0,7,2,117,0,0,0,330,48,161,0,0,69,23
Julian Barnett,101745,WR,MICH STATE,13,44.2,0,223,64.8,,71.8,0,0,0,0.0,0.0,,1,0,0,117,0,0,0,265,0,146,0,0,117,1
Taylor Edwards,40120,TE,UMASS,7,62.6,1,216,39.1,23.6,48.1,1,2,25,26.9,27.1,94.0,2,3,0,117,0,0,0,187,26,96,0,0,91,71
Brennon Dingle,40202,WR,UMASS,12,40.0,1,216,60.1,,49.6,0,0,0,0.0,0.0,,1,0,0,116,0,0,0,290,0,173,0,0,116,1
Chandler Farrell,41404,TE,S CAROLINA,12,90.6,0,289,56.8,71.5,56.8,0,1,20,62.5,63.6,97.5,0,1,0,116,0,0,11,128,21,33,0,3,95,101
Roschon Johnson,99467,TE,TEXAS,13,27.1,0,311,80.1,69.0,70.6,0,3,73,29.8,29.3,96.6,0,4,1,116,0,0,0,428,77,263,0,0,39,0
Geor'Quarius Spivey,84010,TE,MISS STATE,13,57.7,0,227,45.0,64.6,48.8,0,1,10,11.1,10.5,95.0,1,1,0,116,0,0,0,201,10,95,0,0,106,129
Nick Abbs,81651,G,FRESNO ST,3,100.0,0,169,55.5,77.7,48.9,0,1,62,100.0,100.0,99.2,0,1,0,116,0,0,0,116,65,65,116,0,51,0
Sean Ryan,78030,WR,W VIRGINIA,8,35.8,0,343,62.2,61.0,61.9,0,0,1,0.5,0.5,100.0,1,0,0,116,0,0,0,324,1,209,0,0,115,0
Jalen Camp,40986,WR,GA TECH,4,53.5,0,176,67.5,,75.8,0,0,0,0.0,0.0,,0,0,0,116,0,0,0,217,0,101,0,0,116,0
Justin Shorter,84376,WR,PENN STATE,10,40.8,0,266,52.8,,63.2,0,0,0,0.0,0.0,,0,0,0,116,0,0,0,284,0,168,0,0,116,0
Jake Bobo,77997,WR,DUKE,8,46.2,0,154,62.0,,60.7,0,0,0,0.0,0.0,,1,0,0,116,0,0,0,251,0,135,0,0,116,0
Jack Dunn,47396,WR,WISCONSIN,13,73.9,0,349,61.7,,72.2,0,0,0,0.0,0.0,,1,0,0,116,0,0,0,157,0,39,0,0,116,0
OrTre' Smith,61646,WR,S CAROLINA,9,49.6,1,289,54.2,,57.5,0,0,0,0.0,0.0,,2,0,0,115,0,0,0,232,0,117,0,0,115,2
Christian Hayes,42254,WR,ARMY,9,88.5,0,114,59.7,,57.2,0,0,0,0.0,0.0,,0,0,0,115,0,0,0,130,0,14,0,0,115,0
Austin Warner,41389,G,N ILLINOIS,4,100.0,0,254,70.5,86.4,70.3,0,0,34,100.0,100.0,100.0,1,0,0,115,9,21,0,115,35,35,85,0,80,0
Ahmari Davis,83727,HB,NEW MEXICO,9,31.3,0,241,73.9,59.5,56.8,1,4,72,41.1,41.1,96.5,0,5,0,115,0,0,0,367,76,185,0,0,39,0
Samson Nacua,43380,WR,UTAH,14,39.8,0,328,62.4,,53.3,0,0,0,0.0,0.0,,2,0,0,115,0,0,0,289,0,174,0,0,115,5
John Hughes,99420,G,W VIRGINIA,6,100.0,0,343,51.1,65.0,46.3,1,3,75,100.0,100.0,97.3,1,4,0,115,0,0,0,115,76,76,113,2,39,0
Cole Banwart,41557,G,IOWA,3,100.0,0,192,62.6,71.4,59.8,0,2,55,100.0,100.0,98.2,1,2,0,115,0,10,0,115,58,58,105,0,57,0
Jerome Buckner,78200,WR,OHIO,10,45.3,0,259,67.5,,68.5,0,0,0,0.0,0.0,,0,0,0,115,0,0,0,254,0,138,0,0,115,0
Lokahi Pauole,98548,G,UCF,7,100.0,0,323,59.6,83.9,56.2,0,0,33,100.0,100.0,100.0,0,0,0,115,0,19,0,115,35,35,95,0,80,0
Miles Battle,84301,WR,OLE MISS,10,61.3,0,226,49.0,,58.4,0,0,0,0.0,0.0,,1,0,0,114,0,0,0,186,0,72,0,0,114,0
Nick Thompson,98718,TE,S ALABAMA,8,86.4,0,288,52.1,60.3,53.0,0,1,19,55.9,53.8,97.4,1,1,0,114,0,0,0,132,21,39,0,0,93,126
Matthew Jones,81781,G,OHIO STATE,8,100.0,0,260,68.1,84.2,68.1,0,0,33,100.0,100.0,100.0,1,0,0,114,0,114,0,114,35,35,0,0,79,0
Kirby Adcock,58491,G,ARKANSAS,6,100.0,0,111,53.9,57.4,51.3,1,2,51,100.0,100.0,97.1,0,3,0,114,0,114,0,114,57,57,0,0,57,0
Matthew McKay,60485,QB,NC STATE,6,38.4,0,248,57.1,62.2,60.0,0,0,1,0.6,0.6,100.0,1,0,0,114,0,0,0,297,1,167,0,0,113,0
Jeff Thomas,61425,WR,MIAMI FL,10,31.0,1,220,72.3,67.5,71.4,0,0,2,0.8,0.8,100.0,2,0,0,113,0,0,0,364,2,247,0,0,111,4
Ian McIver,59997,C,OKLAHOMA,5,100.0,0,261,43.4,69.3,41.0,0,0,46,100.0,100.0,100.0,0,0,0,113,113,0,0,113,49,49,0,0,64,0
Moe Neal,39882,HB,SYRACUSE,12,22.8,0,304,74.4,59.1,53.7,0,3,86,29.3,29.6,95.9,0,5,2,113,0,0,0,495,89,301,0,0,24,0
Mike Johnson,41265,G,ARMY,7,100.0,0,114,69.2,57.9,67.7,0,0,6,100.0,100.0,100.0,0,0,0,112,0,13,14,112,8,8,81,1,104,1
Sam LaPorta,101690,TE,IOWA,12,54.6,0,192,71.4,72.6,53.5,0,0,6,6.3,6.1,100.0,0,0,0,112,0,0,0,205,6,99,0,0,106,141
Johnathon Johnson,33340,WR,MISSOURI,8,37.3,0,229,63.1,,62.1,0,0,0,0.0,0.0,,1,0,0,112,0,0,0,300,0,186,0,0,112,3
Dee Wiggins,78016,WR,MIAMI FL,12,33.8,0,220,60.7,,67.1,0,0,0,0.0,0.0,,1,0,0,112,0,0,0,331,0,216,0,0,112,0
Freddie Swain,26448,WR,FLORIDA,12,31.6,0,163,76.8,,69.5,0,0,0,0.0,0.0,,1,0,0,112,0,0,0,354,0,238,0,0,112,1
Tra Barnett,41302,HB,GA STATE,13,19.9,0,175,85.6,77.1,57.3,1,0,45,19.3,19.3,98.9,0,1,0,111,0,0,0,559,47,243,0,0,64,0
Maverick Wolfley,57673,TE,AKRON,7,40.1,1,102,47.9,66.8,39.9,0,0,30,16.0,16.6,96.7,3,1,1,111,0,0,2,277,33,199,0,0,78,147
DeeJay Dallas,55632,HB,MIAMI FL,10,28.2,0,220,78.3,57.0,50.7,1,5,79,33.2,33.5,96.2,0,6,0,111,0,0,0,394,83,248,0,0,28,0
Keshunn Abram,100266,WR,KENT STATE,11,47.0,0,201,56.4,,64.3,0,0,0,0.0,0.0,,0,0,0,111,0,0,0,236,0,125,0,0,111,0
Stanley Clerveaux,27769,WR,USF,12,42.5,0,327,48.5,,69.8,0,0,0,0.0,0.0,,1,0,0,111,0,0,0,261,0,150,0,0,111,0
Jared Atkinson,25636,WR,BAYLOR,13,52.9,0,118,57.8,,72.1,0,0,0,0.0,0.0,,0,0,0,111,0,0,0,210,0,99,0,0,111,0
James Burns,130513,WR,MIAMI OH,13,39.6,1,221,61.6,,49.9,0,0,0,0.0,0.0,,1,0,0,111,0,0,0,280,0,166,0,0,111,3
Jordan Mitchell,34997,WR,SO MISS,8,38.8,0,296,69.9,,49.0,0,0,0,0.0,0.0,,1,0,0,111,0,0,0,286,0,175,0,0,111,0
Dre Brown,35037,HB,ILLINOIS,13,32.5,0,187,78.0,77.6,62.4,1,2,72,40.9,41.2,96.5,0,4,1,110,0,0,0,338,77,187,0,0,33,0
Leonard Taylor,62290,TE,CINCINNATI,14,78.0,0,138,55.9,70.9,54.2,0,0,9,22.5,22.5,100.0,2,0,0,110,0,0,0,141,9,40,0,0,101,111
Ryan Willis,60594,QB,VA TECH,6,40.0,0,337,61.4,,60.0,0,0,0,0.0,0.0,,1,0,0,110,0,0,0,275,0,146,0,0,110,0
Hunter Buczkowski,41264,TE,C MICHIGAN,12,89.4,0,134,56.1,74.8,56.3,0,0,8,42.1,40.9,100.0,0,0,0,110,0,0,1,123,9,22,0,0,101,92
Braden Lenzy,84348,WR,NOTRE DAME,9,42.5,0,258,63.2,,64.2,0,0,0,0.0,0.0,,0,0,0,110,0,0,0,259,0,136,0,0,110,0
Tanner Matthews,58018,WR,NAVY,11,94.8,0,237,69.8,67.8,80.9,0,0,1,16.7,14.3,100.0,0,0,0,110,0,0,5,116,1,7,0,5,109,7
Zack Moss,40341,HB,UTAH,13,21.0,0,328,91.3,67.3,55.2,0,5,60,26.8,26.3,92.5,2,7,2,110,0,0,0,524,62,236,0,0,48,0
Carlos Carriere,61413,WR,MARYLAND,12,38.4,0,215,54.6,,72.1,0,0,0,0.0,0.0,,2,0,0,109,0,0,0,284,0,175,0,0,109,0
Nolan Matthews-Harris,98433,TE,ARIZONA ST,12,53.7,0,110,50.1,64.4,60.0,0,0,17,16.0,16.1,100.0,3,0,0,109,0,0,0,203,18,112,0,0,91,122
KeSean Carter,78146,WR,TEXAS TECH,12,34.2,0,315,67.1,,53.7,0,0,0,0.0,0.0,,0,0,0,109,0,0,0,319,0,210,0,0,109,0
Emory McKenzie,45043,TE,GA SOUTHRN,11,98.2,0,174,63.3,75.4,61.5,0,0,6,75.0,80.0,100.0,0,0,0,109,0,0,0,111,8,10,0,0,101,88
Broc Bando,59911,G,NEBRASKA,5,100.0,0,238,55.1,56.1,53.8,0,1,42,100.0,100.0,98.8,0,1,0,109,0,68,41,109,43,43,0,0,66,0
Christian Sims,100276,TE,BOWL GREEN,11,63.4,0,122,51.7,33.0,48.6,0,1,1,1.6,1.6,50.0,0,1,0,109,0,0,0,172,1,64,0,0,108,95
K.J. Costello,40268,QB,STANFORD,5,35.7,0,300,63.7,,60.9,0,0,0,0.0,0.0,,3,0,0,109,0,0,0,305,0,194,0,0,109,0
D'Eriq King,26636,QB,HOUSTON,4,38.2,0,182,75.5,,60.0,0,0,0,0.0,0.0,,0,0,0,109,0,0,0,285,0,141,0,0,109,0
Ke'Shawn Vaughn,45866,HB,VANDERBILT,12,19.9,2,333,77.7,67.0,50.4,1,3,67,23.1,23.2,95.5,5,5,1,109,0,0,0,549,70,302,0,0,39,0
Shocky Jacques-Louis,77960,WR,PITTSBURGH,12,27.6,0,268,60.4,54.1,51.9,0,0,0,0.0,0.0,,1,0,0,109,0,0,0,395,0,273,0,0,109,0
Xazavian Valladay,57490,HB,WYOMING,12,20.8,0,351,80.9,68.8,76.9,0,2,49,24.1,23.4,98.0,0,2,0,109,0,0,0,524,50,214,0,0,59,1
Brandon Smith,100812,T,DOMINION,5,100.0,0,263,39.6,28.9,44.6,0,3,61,100.0,100.0,94.3,0,5,2,109,0,0,38,109,63,63,3,68,46,0
George Campbell,34785,WR,W VIRGINIA,12,38.5,0,343,70.9,30.7,60.7,0,1,2,1.2,1.1,75.0,0,1,0,109,0,0,0,283,2,176,0,0,107,2
King Doerue,97192,HB,PURDUE,12,22.2,0,273,62.2,68.1,48.6,0,4,73,23.5,23.4,95.9,0,5,1,109,0,0,0,490,75,321,0,0,34,4
Paul Woods,84391,WR,RUTGERS,12,57.4,0,278,55.5,,60.9,0,0,0,0.0,0.0,,0,0,0,109,0,0,0,190,0,81,0,0,109,0
Chris Cunningham,47312,TE,DOMINION,10,45.0,0,263,61.3,74.3,55.7,0,0,13,9.4,9.0,100.0,0,0,0,109,0,0,0,242,13,144,0,0,96,95
Brian Cobbs,84285,WR,MARYLAND,11,37.6,0,215,61.8,,53.8,0,0,0,0.0,0.0,,0,0,0,108,0,0,0,287,0,179,0,0,108,1
O'Shaan Allison,77801,HB,OHIO,12,31.0,0,259,72.9,63.2,57.4,0,2,46,32.4,32.4,97.8,0,2,0,108,0,0,0,348,48,148,0,0,60,0
Jabari Laws,82085,QB,ARMY,10,50.9,0,114,80.7,,60.4,0,0,0,0.0,0.0,,2,0,0,108,0,0,0,212,0,29,0,0,108,1
Tre'Shaun Harrison,77958,WR,FLORIDA ST,12,35.8,0,167,66.2,,50.1,0,0,0,0.0,0.0,,0,0,0,108,0,0,0,302,0,190,0,0,108,0
Malik Washington,97108,WR,NWESTERN,11,53.7,0,256,54.7,,53.1,0,0,0,0.0,0.0,,0,0,0,108,0,0,0,201,0,93,0,0,108,0
Xavier Brown,48031,WR,LA MONROE,5,44.8,0,209,60.9,,56.0,0,0,0,0.0,0.0,,1,0,0,108,0,0,0,241,0,133,0,0,108,0
Seth Caillouet,84061,TE,TEXAS ST,9,68.8,0,314,53.2,62.3,38.5,0,1,30,38.5,39.5,98.3,0,1,0,108,0,0,0,157,32,81,0,0,76,122
Ali Jennings,145344,WR,W VIRGINIA,10,34.2,0,343,62.4,,64.2,0,0,0,0.0,0.0,,1,0,0,107,0,0,0,313,0,206,0,0,107,0
Jacob Copeland,84176,WR,FLORIDA,13,40.5,0,163,64.8,,52.7,0,0,0,0.0,0.0,,1,0,0,107,0,0,0,264,0,153,0,0,107,0
Grant Gunnell,98367,QB,ARIZONA,8,34.6,0,109,81.5,,60.0,0,0,0,0.0,0.0,,1,0,0,107,0,0,0,309,0,196,0,0,107,0
Jonathan Taylor,57488,HB,WISCONSIN,14,19.5,0,349,91.1,84.4,52.0,0,0,32,21.9,21.6,100.0,0,0,0,107,0,0,0,548,32,148,0,0,75,1
Will Matthews,26941,HB,KENT STATE,8,30.3,0,201,76.9,87.5,50.6,0,1,54,31.4,34.3,99.1,0,1,0,107,0,0,0,353,62,181,0,0,45,0
Brandon Walters,83626,TE,ARMY,10,71.3,0,114,68.8,40.4,68.6,0,0,4,10.0,9.3,100.0,0,0,0,107,0,0,0,150,4,43,0,0,103,52
Davyn Flenord,61638,WR,S ALABAMA,12,39.1,0,288,56.8,,50.8,0,0,0,0.0,0.0,,0,0,0,106,0,0,0,271,0,165,0,0,106,0
Nick Johns,35833,TE,AKRON,8,49.8,0,102,45.4,55.1,54.8,0,1,22,17.5,17.7,97.7,1,1,0,106,0,0,0,213,23,130,0,0,83,95
Adam Krumholz,40697,WR,WISCONSIN,10,77.9,0,349,61.5,,83.1,0,0,0,0.0,0.0,,0,0,0,106,0,0,0,136,0,30,0,0,106,0
Demetrius Mauney,97401,HB,E CAROLINA,12,30.5,1,156,64.2,42.2,56.4,0,6,67,39.0,39.5,95.5,3,6,0,106,0,0,0,347,73,185,0,0,33,0
AJ Lewis,84063,FB,TROY,11,73.6,0,318,55.6,68.3,38.2,0,2,20,37.0,37.7,95.0,0,2,0,106,0,0,0,144,23,61,0,0,83,22
Garrett Curran,81596,T,BOISE ST,4,100.0,0,120,66.1,66.1,68.1,1,3,51,100.0,100.0,96.1,1,4,0,106,0,0,36,106,53,53,0,70,53,0
Jamari Peacock,62770,HB,VIRGINIA,11,89.1,0,335,69.0,86.6,69.7,0,0,29,72.5,71.4,100.0,0,0,0,106,0,0,0,119,30,42,0,0,76,1
Darrell Harding Jr.,98211,WR,DUKE,10,61.4,0,154,59.7,,55.7,0,0,0,0.0,0.0,,0,0,0,105,0,0,0,171,0,66,0,0,105,0
Julian Santos,41814,G,DUKE,8,100.0,0,154,52.3,56.6,53.3,0,1,38,100.0,100.0,98.7,1,1,0,105,0,36,0,105,43,43,69,0,62,0
Aaron Mathews,41132,WR,PITTSBURGH,13,33.5,0,268,60.2,72.0,58.7,0,0,3,1.5,1.4,100.0,1,0,0,105,0,0,32,313,3,211,0,5,102,6
Nykeim Johnson,61692,WR,SYRACUSE,12,35.0,0,304,56.8,62.1,65.1,0,0,1,0.5,0.5,100.0,0,0,0,105,0,0,0,300,1,195,0,0,104,0
Drake Anderson,83729,HB,NWESTERN,12,28.0,0,256,65.4,43.7,62.1,0,4,39,27.1,27.4,92.3,0,5,1,105,0,0,0,375,43,157,0,0,62,0
Tyler Vitt,83566,QB,TEXAS ST,9,25.5,0,314,75.5,,60.1,0,0,0,0.0,0.0,,2,0,0,105,0,0,0,411,0,266,0,0,105,0
Terelle West,40835,HB,MIDDLE TN,10,47.1,0,224,74.9,77.0,56.5,0,2,50,40.3,40.6,98.0,0,2,0,105,0,0,0,223,54,133,0,0,51,0
Jordan Wayne-Prather,78154,WR,BOWL GREEN,9,53.6,0,122,47.6,,54.0,0,0,0,0.0,0.0,,1,0,0,105,0,0,0,196,0,89,0,0,105,0
Pete Nank,59850,G,MIAMI OH,6,100.0,0,221,57.9,64.6,55.2,1,2,50,100.0,100.0,97.0,0,3,0,105,0,104,0,105,51,51,0,0,54,0
Cornell Powell,40689,WR,CLEMSON,13,50.7,0,140,60.7,,73.9,0,0,0,0.0,0.0,,0,0,0,105,0,0,0,207,0,102,0,0,105,1
Derius Davis,78196,WR,TCU,11,44.1,0,305,58.1,,60.0,0,0,0,0.0,0.0,,0,0,0,105,0,0,0,238,0,130,0,0,105,0
Tay Martin,61811,WR,WASH STATE,13,18.4,0,341,62.0,,88.7,0,0,0,0.0,0.0,,1,0,0,105,0,0,0,572,0,467,0,0,105,7
Tyrrell Pigrome,46511,QB,MARYLAND,11,37.1,0,215,58.6,,60.0,0,0,0,0.0,0.0,,2,0,0,105,0,0,0,283,0,156,0,0,105,0
Charlie Booker,98622,HB,RICE,10,46.3,0,275,61.8,65.4,64.8,2,3,83,71.6,71.9,94.6,0,7,2,105,0,0,0,227,87,121,0,0,18,0
Bailey Sharp,37059,T,AUBURN,6,100.0,0,115,62.5,88.2,57.0,0,0,33,100.0,100.0,100.0,0,0,0,105,0,0,84,105,33,33,16,0,72,5
Robert Kraeling,41976,T,DUKE,7,100.0,0,154,57.1,82.2,52.6,0,0,30,100.0,100.0,100.0,0,0,0,104,0,0,0,104,32,32,14,86,72,4
Derrick Dillon,34886,WR,LSU,12,44.1,0,211,61.9,,50.9,0,0,0,0.0,0.0,,0,0,0,104,0,0,0,236,0,132,0,0,104,0
Spencer Brown,57441,HB,UAB,11,34.4,0,321,71.1,71.2,53.1,0,1,70,61.9,62.2,99.3,0,1,0,104,0,0,0,302,74,119,0,0,30,0
Jadon Haselwood,97791,WR,OKLAHOMA,13,46.8,0,261,72.4,,80.0,0,0,0,0.0,0.0,,1,0,0,104,0,0,0,222,0,116,0,0,104,0
Donavon Greene,97813,WR,WAKE,4,48.6,0,339,74.0,,66.2,0,0,0,0.0,0.0,,0,0,0,104,0,0,0,214,0,110,0,0,104,0
Shane Clenin,58492,G,ARKANSAS,5,100.0,0,111,54.0,57.7,52.4,2,1,50,100.0,100.0,97.0,0,3,0,104,52,52,0,104,55,55,0,0,49,0
Isaiah Hamilton,84401,WR,S JOSE ST,12,26.3,0,285,76.9,,50.7,0,0,0,0.0,0.0,,0,0,0,104,0,0,0,396,0,285,0,0,104,0
Caleb Reams,47126,WR,ILLINOIS,5,48.8,0,187,61.2,,81.9,0,0,0,0.0,0.0,,0,0,0,104,0,0,0,213,0,109,0,0,104,0
Glenn Beal,84059,TE,TEXAS A&M,10,72.2,0,312,51.5,56.9,65.0,0,0,14,25.9,27.3,100.0,1,0,0,104,0,0,0,144,15,55,0,0,89,132
Wan'Dale Robinson,101735,HB,NEBRASKA,10,27.4,0,238,74.7,9.8,46.1,1,1,7,3.7,3.6,85.7,1,2,0,104,0,0,0,380,7,195,0,0,97,4
Hezekiah Grimsley,61800,WR,VA TECH,11,61.3,0,337,76.0,,54.2,0,0,0,0.0,0.0,,0,0,0,103,0,0,0,168,0,63,0,0,103,3
Dan Chisena,34061,WR,PENN STATE,12,52.8,0,266,49.2,,70.7,0,0,0,0.0,0.0,,1,0,0,103,0,0,0,195,0,92,0,0,103,0
Cam Sutton,41231,TE,FRESNO ST,12,54.2,1,169,60.2,72.8,58.5,0,0,6,6.9,7.6,100.0,3,0,0,103,0,0,0,190,7,92,0,0,96,131
D'vonte Price,55158,HB,FIU,11,47.2,0,166,66.8,25.3,68.2,1,0,11,15.5,14.7,95.5,0,1,0,103,0,0,0,218,11,75,0,0,92,3
Travis Levy,57164,WR,BOSTON COL,13,54.5,0,121,57.9,74.4,72.9,0,0,2,3.6,3.3,100.0,2,0,0,103,0,0,0,189,2,60,0,0,101,5
JuanCarlos Santana,78056,WR,TULSA,10,40.4,0,320,68.3,,74.5,0,0,0,0.0,0.0,,0,0,0,103,0,0,0,255,0,152,0,0,103,0
JaQuan Blackwell,40098,WR,S JOSE ST,11,38.9,0,285,62.1,,64.5,0,0,0,0.0,0.0,,0,0,0,103,0,0,0,265,0,162,0,0,103,1
Chase Brice,60363,QB,CLEMSON,13,48.6,0,140,80.9,,60.2,0,0,0,0.0,0.0,,0,0,0,102,0,0,0,210,0,97,0,0,102,0
Kaylan Wiggins,55167,QB,FIU,10,54.3,0,166,76.3,,60.0,0,0,0,0.0,0.0,,0,0,0,102,0,0,0,188,0,40,0,0,102,0
John Chenal,82534,FB,WISCONSIN,12,72.9,0,349,67.1,70.0,56.9,0,0,14,43.8,42.9,100.0,0,0,0,102,0,0,0,140,15,35,0,0,87,28
Walter Fletcher,98685,HB,BALL ST,12,23.5,0,117,78.5,43.6,54.2,0,5,58,23.6,24.6,90.5,0,8,3,102,0,0,0,434,65,264,0,0,37,1
Jacob Gasser,98751,WR,UNLV,11,42.1,0,325,45.5,,55.4,0,0,0,0.0,0.0,,1,0,0,102,0,0,0,242,0,139,0,0,102,0
Travis Koontz,98720,TE,TEXAS TECH,12,40.3,0,315,54.0,71.0,46.2,0,0,7,4.7,5.0,100.0,2,0,0,102,0,0,0,253,8,159,0,0,94,160
Michael Penix Jr.,82134,QB,INDIANA,6,33.1,0,190,84.0,,60.0,0,0,0,0.0,0.0,,0,0,0,102,0,0,0,308,0,184,0,0,102,0
Tyler Long,77509,G,TOLEDO,3,100.0,0,316,64.7,52.8,67.5,0,1,43,100.0,100.0,98.8,1,1,0,102,0,0,0,102,45,45,102,0,57,0
Christian Anderson,60339,QB,ARMY,6,51.5,0,114,71.9,,60.0,0,0,0,0.0,0.0,,2,0,0,101,0,0,0,196,0,38,0,0,101,0
Matt Landers,61271,WR,GEORGIA,12,41.9,0,173,55.5,,73.6,0,0,0,0.0,0.0,,3,0,0,101,0,0,0,241,0,139,0,0,101,0
Jack Schroer,37325,C,MIAMI OH,6,100.0,0,221,40.5,33.8,44.6,1,1,39,100.0,100.0,97.4,0,2,0,101,95,0,0,101,42,42,3,0,59,3
Sheriron Jones,33910,QB,NEW MEXICO,6,41.2,0,241,48.1,62.2,60.1,0,0,1,1.1,1.0,100.0,0,0,0,101,0,0,0,245,1,104,0,0,100,0
Jakai Moore,99041,T,S CAROLINA,3,100.0,0,289,43.5,51.8,42.1,1,1,48,100.0,100.0,97.9,0,2,0,101,0,0,10,101,48,48,0,91,53,0
Renard Bell,42089,WR,WASH STATE,13,15.8,0,341,57.0,63.1,43.0,0,0,0,0.0,0.2,,1,0,0,101,0,0,0,640,1,540,0,0,100,0
E.J. Scott,52024,WR,COLO STATE,10,31.2,0,144,54.1,,61.6,0,0,0,0.0,0.0,,1,0,0,101,0,0,0,324,0,221,0,0,101,1
Ron Cook Jr.,97070,WR,BUFFALO,12,56.1,0,126,62.7,70.2,61.5,0,0,1,1.7,1.6,100.0,0,0,0,101,0,0,0,180,1,62,0,0,100,10
Garet Morrell,40248,TE,MARSHALL,11,79.4,0,214,55.1,58.0,58.3,0,0,16,38.1,38.1,100.0,1,0,0,100,0,0,0,126,16,42,0,0,84,113
Demarcus Gregory,84300,WR,OLE MISS,10,54.1,0,226,61.3,,57.7,0,0,0,0.0,0.0,,1,0,0,100,0,0,0,185,0,85,0,0,100,0
Tre Harbison III,45521,HB,N ILLINOIS,11,21.6,0,254,77.6,49.4,57.6,1,2,62,33.2,33.3,97.6,0,3,0,100,0,0,0,462,65,195,0,0,35,0
Shedrick Jackson,84136,WR,AUBURN,9,56.5,0,115,57.5,,79.2,0,0,0,0.0,0.0,,0,0,0,100,0,0,0,177,0,77,0,0,100,0
Bryce Oliver,84248,WR,KENTUCKY,11,69.9,1,202,73.1,,62.8,0,0,0,0.0,0.0,,1,0,0,100,0,0,0,143,0,43,0,0,100,1
John Lovett,57157,HB,BAYLOR,14,35.5,0,118,83.0,67.0,58.0,0,1,49,40.2,38.9,96.9,1,2,1,100,0,0,0,282,51,131,0,0,49,0
Talik Keaton,84282,WR,MARSHALL,10,44.4,0,214,59.3,,68.8,0,0,0,0.0,0.0,,0,0,0,100,0,0,0,225,0,125,0,0,100,0
Tommy Brown,81543,T,ALABAMA,8,100.0,0,103,84.3,62.2,82.5,0,1,20,100.0,100.0,97.5,0,1,0,100,0,0,0,100,20,20,25,75,80,0
Jaret Patterson,77745,HB,BUFFALO,13,17.3,0,126,88.9,64.5,60.1,1,1,33,17.6,17.9,97.0,0,2,0,100,0,0,0,577,35,195,0,0,65,4
Austin Sample,40650,G,AKRON,4,100.0,0,102,64.7,74.3,61.0,0,3,63,100.0,100.0,97.6,0,3,0,100,0,86,0,100,66,66,14,0,34,0
Tyler Goodson,101659,HB,IOWA,13,26.2,0,192,73.2,32.2,53.6,0,6,63,30.7,31.0,93.7,0,7,1,100,0,0,0,381,66,213,0,0,34,0
Nick Basquine,44829,WR,OKLAHOMA,14,34.5,0,261,69.7,,84.2,0,0,0,0.0,0.0,,1,0,0,100,0,0,0,290,0,190,0,0,100,1
Deion Hair-Griffin,42213,WR,N TEXAS,7,40.8,0,251,46.9,,64.9,0,0,0,0.0,0.0,,2,0,0,100,0,0,0,245,0,145,0,0,100,0
Chaton Mobley,57982,HB,MIDDLE TN,8,43.1,0,224,62.9,82.0,59.9,0,2,60,44.4,44.8,98.3,0,2,0,100,0,0,0,232,64,143,0,0,36,0
Jack Clement,63443,C,KENT STATE,7,100.0,0,201,42.5,29.5,57.9,1,4,55,100.0,100.0,95.5,3,5,0,100,100,0,0,100,60,60,0,0,40,0
Dwayne Scott,45593,G,BOSTON COL,8,100.0,0,121,50.4,63.7,48.6,0,2,34,100.0,100.0,97.1,0,2,0,100,38,0,0,100,37,37,62,0,63,0
Ygenio Booker,77711,WR,TULANE,13,51.3,0,319,70.0,9.1,58.8,0,1,2,2.6,2.6,75.0,0,1,0,100,0,0,0,195,2,77,0,0,98,24
Devon Modster,40118,QB,CAL,6,35.1,0,130,59.4,,60.0,0,0,0,0.0,0.0,,0,0,0,100,0,0,0,285,0,175,0,0,100,0
Dedrick Mills,39953,HB,NEBRASKA,12,25.3,0,238,71.8,26.3,59.4,0,2,21,12.3,12.6,90.5,1,3,1,100,0,0,0,395,22,174,0,0,78,0
Dylan McMahon,98044,G,NC STATE,4,100.0,0,248,65.1,52.6,66.4,0,4,48,100.0,100.0,95.8,0,4,0,100,0,100,0,100,48,48,0,0,52,0
Trent Goens,27950,ED,NWESTERN,9,90.0,0,256,52.1,38.7,56.0,0,1,7,41.2,42.1,92.9,0,1,0,99,0,0,0,110,8,19,0,0,91,105
Chavis Dawkins,40977,WR,S CAROLINA,10,37.5,0,289,52.4,60.9,68.3,0,0,1,0.6,0.6,100.0,0,0,0,99,0,0,0,264,1,166,0,0,98,1
Perry Carter,61384,WR,LA MONROE,12,45.0,0,209,64.9,,64.6,0,0,0,0.0,0.0,,0,0,0,99,0,0,0,220,0,119,0,0,99,0
Stevie Scott III,83680,HB,INDIANA,11,21.1,0,190,77.3,64.1,80.5,3,2,45,20.3,20.7,94.4,1,5,0,99,0,0,0,470,50,241,0,0,49,0
Nick Gallo,98296,TE,VA TECH,8,88.4,0,337,46.5,50.4,48.8,0,0,14,51.9,56.7,100.0,0,0,0,99,0,0,0,112,17,30,0,0,82,85
Chris Rodriguez Jr.,83689,HB,KENTUCKY,12,45.0,0,202,74.2,52.0,62.9,0,1,23,34.8,32.4,97.8,0,1,0,99,0,0,0,220,23,71,0,0,76,0
Jameson Williams,101701,WR,OHIO STATE,10,64.7,0,260,59.5,,84.2,0,0,0,0.0,0.0,,2,0,0,99,0,0,0,153,0,54,0,0,99,0
Andrew Lawson,41612,G,DOMINION,4,100.0,0,263,55.4,25.5,61.3,0,6,58,100.0,100.0,93.1,0,7,1,99,0,12,0,99,59,59,87,0,40,0
Bentavious Thompson,55383,HB,UCF,12,46.0,0,323,91.1,75.6,55.9,1,0,54,67.5,69.4,99.1,0,1,0,99,0,0,0,215,59,85,0,0,40,0
Jay Jay Wilson,38931,WR,AUBURN,12,40.7,0,115,60.4,,78.7,0,0,0,0.0,0.0,,0,0,0,99,0,0,2,243,0,144,0,0,99,18
Reynaldo Flores,83794,HB,UTEP,12,60.0,0,330,65.8,82.1,61.9,1,0,61,55.0,56.7,99.2,1,1,0,99,0,0,0,165,72,127,0,0,27,0
Hunter Johnson,60362,QB,NWESTERN,6,36.5,0,256,49.2,,60.0,0,0,0,0.0,0.0,,3,0,0,99,0,0,0,271,0,141,0,0,99,0
Alex Hornibrook,34842,QB,FLORIDA ST,5,36.7,0,167,62.9,,62.6,0,0,0,0.0,0.0,,0,0,0,99,0,0,0,270,0,166,0,0,99,0
Christian Beal-Smith,55433,HB,WAKE,8,46.3,0,339,65.4,32.8,51.8,1,5,65,60.7,61.6,93.8,0,7,1,99,0,0,0,214,69,112,0,0,30,3
Grant Carrigan,61001,TE,PITTSBURGH,13,92.5,0,268,50.4,81.3,51.2,0,0,9,52.9,52.9,100.0,0,0,0,98,0,0,8,106,9,17,0,14,89,82
Shameen Jones,61609,WR,RUTGERS,10,57.3,0,278,49.1,,68.8,0,0,0,0.0,0.0,,0,0,0,98,0,0,0,171,0,72,0,0,98,0
Anu Somoye,27629,WR,NEW MEXICO,10,56.0,1,241,54.8,,55.1,0,0,0,0.0,0.0,,3,0,0,98,0,0,0,175,0,77,0,0,98,0
Turon Ivy Jr.,83983,TE,INDIANA,11,76.6,0,190,52.9,49.9,56.0,0,1,15,35.7,38.8,96.7,0,1,0,98,0,0,0,128,19,49,0,0,79,101
Xavier Legette,99197,WR,S CAROLINA,9,33.2,0,289,46.4,,55.1,0,0,0,0.0,0.0,,0,0,0,98,0,0,0,295,0,197,0,0,98,1
Marquis McClain,40669,WR,AUBURN,10,75.4,0,115,68.5,,89.4,0,0,0,0.0,0.0,,0,0,0,98,0,0,0,130,0,32,0,1,98,0
Jauan Williams,41749,T,FLORIDA ST,5,100.0,0,167,42.8,37.5,49.5,0,2,60,100.0,100.0,96.7,2,3,1,98,0,0,98,98,64,64,0,0,34,0
Chris Brooks,83644,HB,CAL,13,18.5,0,130,77.6,30.0,72.2,2,6,55,21.0,21.6,92.7,0,8,0,98,0,0,0,529,61,283,0,0,37,1
Uzoma Osuji,41028,T,RICE,6,99.0,1,275,57.7,54.3,62.4,0,5,50,98.0,98.1,95.0,2,5,0,98,0,0,71,99,52,53,0,18,46,10
Joshua Fleeks,78088,WR,BAYLOR,14,36.3,0,118,63.7,,62.6,0,0,0,0.0,0.0,,0,0,0,98,0,0,0,270,0,163,0,0,98,1
Calif Gossett,42008,WR,LA LAFAYET,11,49.5,0,207,62.2,,60.4,0,0,0,0.0,0.0,,0,0,0,98,0,0,0,198,0,100,0,0,98,0
Bo Alexander,36872,TE,HOUSTON,12,95.1,0,182,70.4,69.3,68.3,1,0,16,76.2,78.3,96.9,0,1,0,98,0,0,0,103,18,23,0,0,80,103
Billy Ross,59935,G,N CAROLINA,9,100.0,0,245,54.4,68.7,54.7,0,1,35,100.0,100.0,98.6,1,1,0,98,0,68,19,98,38,38,10,1,60,0
Brevyn Spann-Ford,84006,TE,MINNESOTA,10,85.1,0,225,93.3,73.7,85.7,0,0,8,32.0,37.0,100.0,0,0,0,97,0,0,0,114,10,27,0,0,87,77
Kavosiey Smoke,83691,HB,KENTUCKY,13,36.6,0,202,72.0,54.9,53.1,0,0,27,30.7,34.4,100.0,1,0,0,97,0,0,0,265,33,96,0,0,64,0
Sawyer Smith,46505,QB,KENTUCKY,9,38.0,0,202,29.7,,60.2,0,0,0,0.0,0.0,,2,0,0,97,0,0,0,255,0,146,0,0,97,0
Ky'Jon Tyler,54563,WR,COAST CAR,9,35.7,0,141,60.9,,65.1,0,0,0,0.0,0.0,,0,0,0,97,0,0,0,272,0,171,0,0,97,0
Dylan Autenrieth,40793,TE,NC STATE,3,74.0,0,248,61.7,52.4,62.6,1,0,18,36.0,34.6,97.2,0,1,0,97,0,0,4,131,18,52,0,0,79,88
Demetrius Douglas,55246,WR,MINNESOTA,13,37.7,0,225,61.6,,56.2,0,0,0,0.0,0.0,,0,0,0,97,0,0,0,257,0,160,0,0,97,0
Josh Fields,57459,HB,UTEP,11,44.9,0,330,64.6,65.0,67.0,1,1,62,53.4,52.8,96.8,0,3,1,96,0,0,0,214,66,125,0,0,30,1
TJ Chase,40259,WR,CLEMSON,11,53.0,1,140,55.0,,61.6,0,0,0,0.0,0.0,,1,0,0,96,0,0,0,181,0,85,0,0,96,0
Trey Simpson,81836,G,S ALABAMA,11,100.0,0,288,54.7,46.7,54.4,0,2,40,100.0,100.0,97.5,0,2,0,96,0,0,0,96,41,41,95,0,55,0
JJ Jefferson,84341,WR,NWESTERN,7,45.3,0,256,58.1,,60.8,0,0,0,0.0,0.0,,0,0,0,96,0,0,0,212,0,116,0,0,96,0
Ben Hicks,46595,QB,ARKANSAS,7,35.8,0,111,55.3,,60.4,0,0,0,0.0,0.0,,0,0,0,96,0,0,0,268,0,164,0,0,96,0
Javen Banks,84444,WR,TEXAS ST,9,34.0,0,314,61.0,,57.1,0,0,0,0.0,0.0,,0,0,0,96,0,0,0,282,0,186,0,0,96,4
De'Montre Tuggle,98688,HB,OHIO,12,33.8,1,259,82.3,40.6,50.4,0,4,42,34.1,35.3,92.9,1,5,1,96,0,0,0,284,47,133,0,0,49,0
Snoop Conner,99163,HB,OLE MISS,12,40.9,0,226,68.3,29.6,51.6,0,1,21,27.3,28.4,88.1,0,3,2,96,0,0,0,235,23,81,0,0,73,0
William Potosky III,35914,TE,SO MISS,12,75.0,0,296,53.8,70.9,58.9,0,0,21,41.2,40.7,100.0,0,0,0,96,0,1,0,128,22,54,0,0,74,111
Willie Wright,61250,WR,FAU,11,45.9,0,165,58.0,61.9,60.2,0,0,1,1.0,0.9,100.0,1,0,0,96,0,0,0,209,1,110,0,0,95,0
Kyle Jarvis,98716,TE,NEW MEXICO,11,84.8,0,241,47.5,74.9,51.2,0,0,15,51.7,48.5,100.0,1,0,0,95,0,0,0,112,16,33,0,0,79,72
Brandon Mello,81607,T,CAL,4,100.0,0,130,41.0,30.0,45.6,0,3,56,100.0,100.0,93.7,1,5,2,95,0,0,89,95,63,63,0,6,32,0
Beau Bisharat,25962,TE,COLORADO,9,72.0,1,143,53.7,76.4,68.7,0,0,9,20.0,26.0,100.0,1,0,0,95,0,0,0,132,13,50,0,0,82,87
Evan Conley,97783,QB,LOUISVILLE,7,46.8,0,210,63.9,,60.0,0,0,0,0.0,0.0,,0,0,0,95,0,0,0,203,0,94,0,0,95,0
James Bostic,61793,WR,VANDERBILT,11,49.7,0,333,62.1,,58.2,0,0,0,0.0,0.0,,0,0,0,95,0,0,0,191,0,96,0,0,95,0
Travell Harris,61810,WR,WASH STATE,13,17.4,0,341,56.6,67.7,46.8,0,0,1,0.2,0.2,100.0,1,0,0,95,0,0,0,545,1,451,0,0,94,0
Dan Dawkins,81924,G,VANDERBILT,4,100.0,0,333,42.3,54.1,44.1,0,3,54,100.0,100.0,97.2,3,3,0,95,6,2,0,95,56,56,87,0,39,0
Lamarius Benson,77405,G,UCF,6,100.0,0,323,47.1,83.3,42.6,0,0,30,100.0,100.0,100.0,0,0,0,95,0,94,0,95,31,31,0,0,64,0
Xavier Weaver,101130,WR,USF,12,41.1,0,327,55.0,,54.2,0,0,0,0.0,0.0,,0,0,0,95,0,0,0,231,0,135,0,0,95,1
Logan Thimons,44055,FB,W VIRGINIA,11,87.0,0,343,64.0,74.2,64.8,0,0,20,58.8,60.0,100.0,0,0,0,94,0,0,0,108,21,35,0,0,73,13
Jordan Davis,38301,TE,LOUISVILLE,11,64.4,0,210,64.0,51.7,65.0,0,0,13,20.6,21.2,92.3,1,1,1,94,0,0,6,146,14,66,0,4,80,73
Jordan Morgan,98652,T,ARIZONA,4,100.0,0,109,59.1,60.5,57.1,0,4,45,100.0,100.0,95.6,0,4,0,94,0,0,92,94,47,47,0,0,47,2
Mekhi Sargent,83684,HB,IOWA,13,27.0,0,192,70.9,49.5,62.6,2,2,48,27.3,29.1,95.8,0,4,0,94,0,0,0,348,55,189,0,0,39,1
Jacob Mathis,39891,TE,USF,11,63.9,0,327,71.8,56.4,46.9,1,0,7,12.1,14.5,92.9,0,1,0,94,0,0,0,147,9,62,0,0,85,95
Aaron Moore,84361,WR,DOMINION,12,28.7,0,263,63.4,,53.3,0,0,0,0.0,0.0,,1,0,0,94,0,0,0,328,0,234,0,0,94,0
Dru Brown,38491,QB,OKLA STATE,7,39.7,0,262,68.5,,60.1,0,0,0,0.0,0.0,,0,0,0,94,0,0,0,237,0,125,0,0,94,0
Rashad Wheeler,44525,FB,PITTSBURGH,11,83.9,0,268,53.9,85.9,51.5,0,0,9,34.6,33.3,100.0,0,0,0,94,0,0,0,112,9,27,0,0,85,5
Marcel Murray,83618,HB,ARK STATE,11,19.5,0,113,75.6,57.2,48.6,1,3,69,25.7,25.3,97.1,0,4,0,94,0,0,0,482,73,288,0,0,21,0
Jaylon Bester,61430,HB,MIAMI OH,11,27.6,0,221,67.0,68.7,50.3,1,3,68,49.3,50.3,97.1,0,4,0,94,0,0,0,340,72,143,0,0,22,0
Jager Gardner,34959,HB,TEMPLE,11,29.7,0,306,71.1,77.2,58.2,0,0,62,43.4,45.7,98.4,0,1,1,94,0,0,0,317,69,151,0,0,25,0
Ryan Renick,22838,TE,TEXAS A&M,8,73.4,0,312,70.8,58.1,78.4,0,0,11,25.0,27.7,100.0,0,0,0,94,0,0,0,128,13,47,0,0,81,119
Max Borghi,83802,HB,WASH STATE,13,11.5,0,341,76.1,27.1,78.3,1,8,76,11.8,12.0,94.1,2,9,0,94,0,0,0,818,81,676,0,0,13,0
Brock Wright,60994,TE,NOTRE DAME,11,63.5,0,258,65.0,58.1,75.0,0,1,8,13.1,14.3,93.7,0,1,0,94,0,0,0,148,9,63,0,0,85,96
Jatarvious Whitlow,61156,HB,AUBURN,11,24.3,1,115,63.9,53.5,61.0,0,2,46,26.4,27.7,95.7,1,3,1,93,0,0,0,383,51,184,0,0,42,0
Lawrence Keys III,84346,WR,NOTRE DAME,12,35.4,0,258,54.3,,60.1,0,0,0,0.0,0.0,,2,0,0,93,0,0,0,263,0,164,0,0,93,0
Jarrett Kingston,81933,G,WASH STATE,7,100.0,0,341,72.3,81.3,78.4,0,0,68,100.0,100.0,98.5,1,1,1,93,0,80,0,93,70,70,0,12,23,0
Theo Wease Jr.,98005,WR,OKLAHOMA,13,50.3,0,261,64.3,,53.9,0,0,0,0.0,0.0,,0,0,0,93,0,0,0,185,0,92,0,0,93,0
Jordan Kerley,100659,WR,ARIZONA ST,13,42.7,0,110,49.7,,68.8,0,0,0,0.0,0.0,,0,0,0,93,0,0,0,218,0,125,0,0,93,0
Trey Sermon,57372,HB,OKLAHOMA,9,40.3,0,261,77.0,81.5,50.9,0,0,49,38.3,37.9,100.0,0,0,0,93,0,0,0,231,50,132,0,0,43,0
Adrian Killins Jr.,42425,HB,UCF,12,37.3,0,323,78.9,77.4,56.1,1,2,67,53.2,52.2,96.3,1,4,1,93,0,0,0,249,70,134,0,0,23,0
Javonte Williams,77803,HB,N CAROLINA,13,24.2,0,245,89.6,56.6,60.1,0,3,60,33.7,34.0,94.2,0,5,2,93,0,0,0,384,64,188,0,0,29,0
LeVante Bellamy,45854,HB,W MICHIGAN,13,15.2,0,347,80.4,60.7,79.0,0,5,67,22.3,22.5,96.3,0,5,0,93,0,0,0,610,71,316,0,0,22,0
Brett Bell,42044,T,UCF,13,96.9,0,323,71.3,55.1,72.8,0,1,20,87.0,88.5,92.5,0,2,1,93,0,0,0,96,23,26,0,53,70,32
Jake Smith,97423,WR,TEXAS,13,39.2,0,311,66.3,62.1,62.3,0,0,1,0.7,0.7,100.0,0,0,0,93,0,0,0,237,1,143,0,0,92,0
Jaquarii Roberson,55454,WR,WAKE,10,51.1,0,339,55.9,,61.0,0,0,0,0.0,0.0,,1,0,0,93,0,0,0,182,0,89,0,0,93,0
Keishawn Watson,29607,WR,APP STATE,14,39.3,0,108,55.2,,66.8,0,0,0,0.0,0.0,,1,0,0,92,0,0,0,234,0,142,0,0,92,0
Jaylen Waddle,84088,WR,ALABAMA,13,31.4,0,103,83.7,,74.4,0,0,0,0.0,0.0,,0,0,0,92,0,0,0,293,0,201,0,0,92,2
Brandon Jones,83583,QB,UTEP,6,39.8,0,330,57.6,,61.1,0,0,0,0.0,0.0,,0,0,0,92,0,0,0,231,0,114,0,0,92,0
Larry Rountree III,57308,HB,MISSOURI,12,22.9,0,229,69.4,60.1,55.8,1,3,51,30.9,33.1,96.1,0,4,0,92,0,0,0,401,59,178,0,0,33,0
David Hudson,59802,C,LA LAFAYET,8,100.0,0,207,72.5,78.3,68.1,0,0,34,100.0,100.0,100.0,0,0,0,92,84,1,0,92,36,36,7,0,56,0
Ronnie Walker Jr.,83681,HB,INDIANA,13,32.7,0,190,55.8,74.3,64.7,0,1,51,25.4,27.1,99.0,0,1,0,91,0,0,0,278,60,221,0,0,31,0
Joctavis Phillips,52031,G,COLO STATE,6,100.0,0,144,56.1,54.7,58.5,0,3,43,100.0,100.0,96.5,1,3,0,91,0,69,0,91,45,45,22,0,46,0
Presley Motes,77931,TE,BOWL GREEN,9,73.4,0,122,46.1,73.6,48.3,0,0,7,17.5,19.5,100.0,0,0,0,91,0,0,0,124,8,41,0,0,83,101
James Hudson III,59854,T,CINCINNATI,1,100.0,0,138,73.7,78.0,69.0,0,0,39,100.0,100.0,100.0,0,0,0,91,0,0,91,91,39,39,0,0,52,0
Chase Harrell,48325,TE,ARKANSAS,12,55.5,0,111,43.6,75.5,59.3,0,0,12,14.8,17.0,100.0,1,0,0,91,0,0,0,164,15,88,0,0,76,109
Markus Grossman,98749,WR,UAB,14,42.5,1,321,57.1,,50.0,0,0,0,0.0,0.0,,1,0,0,90,0,0,0,212,0,122,0,0,90,0
Charles Williams,41837,HB,UNLV,12,19.1,1,325,76.6,58.5,47.6,0,0,35,17.9,18.1,100.0,3,0,0,90,0,0,0,471,37,204,0,0,53,0
Robert Mahone,40776,HB,BOISE ST,12,28.7,0,120,64.9,28.5,61.3,2,3,53,28.8,30.2,93.4,0,6,1,90,0,0,0,314,57,189,0,0,33,2
Joshua Stoner,83597,FB,AIR FORCE,8,65.7,0,101,79.8,37.2,51.7,0,1,6,21.4,21.9,75.0,0,2,1,90,0,0,0,137,7,32,0,0,83,96
Tyleek Collins,84467,WR,UNLV,9,43.9,0,325,54.3,,61.7,0,0,0,0.0,0.0,,0,0,0,90,0,0,0,205,0,103,0,0,90,1
Reggie Corbin,26692,HB,ILLINOIS,12,26.2,0,187,72.5,71.5,63.8,1,1,53,33.3,35.2,96.2,0,3,1,90,0,0,0,343,58,165,0,0,32,1
Ethon Williams,158639,WR,BOSTON COL,8,61.2,0,121,57.5,,56.6,0,0,0,0.0,0.0,,0,0,0,90,0,0,0,147,0,57,0,0,90,5
Justin Tomlin,78482,QB,GA SOUTHRN,7,58.4,0,174,53.0,,60.2,0,0,0,0.0,0.0,,1,0,0,90,0,0,0,154,0,33,0,0,90,0
Logan Bonner,39990,QB,ARK STATE,4,32.8,0,113,78.1,,60.0,0,0,0,0.0,0.0,,0,0,0,90,0,0,0,274,0,180,0,0,90,0
Dawand Jones,101550,T,OHIO STATE,4,100.0,0,260,52.4,57.5,55.0,0,0,26,100.0,100.0,96.2,2,1,1,90,0,0,90,90,27,27,0,0,63,0
Blaze Moorhead,33327,WR,UTSA,11,45.6,0,331,57.8,,48.8,0,0,0,0.0,0.0,,0,0,0,89,0,0,0,195,0,106,0,0,89,0
Justin Marshall,61394,WR,LOUISVILLE,13,61.0,0,210,66.7,,60.0,0,0,0,0.0,0.0,,0,0,0,89,0,0,0,146,0,57,0,0,89,0
Sean Dykes,40468,TE,MEMPHIS,4,70.1,0,218,48.4,30.1,55.2,0,1,5,12.2,11.6,90.0,0,1,0,89,0,0,0,127,5,43,0,0,84,91
August Pitre III,75967,WR,RICE,12,24.7,0,275,53.9,,60.3,0,0,0,0.0,0.0,,0,0,0,89,0,0,0,360,0,271,0,0,89,0
Seth Harrell,54421,G,COAST CAR,5,100.0,0,141,62.1,23.0,69.6,2,2,32,100.0,100.0,93.7,1,4,0,89,0,89,0,89,35,35,0,0,54,0
Jalil Irvin,81588,G,AUBURN,4,100.0,0,115,59.2,16.3,64.1,0,1,24,100.0,100.0,93.7,0,2,1,88,32,0,0,88,24,24,56,0,64,0
Dontea Jones,41001,TE,MISS STATE,12,61.5,0,227,58.8,73.6,64.9,0,0,10,15.6,15.4,100.0,1,0,0,88,0,0,0,143,10,65,0,0,78,85
Sean Savoy,61802,WR,MARYLAND,9,37.4,0,215,45.1,,58.3,0,0,0,0.0,0.0,,0,0,0,88,0,0,0,235,0,147,0,0,88,2
Zach Charbonnet,97630,HB,MICHIGAN,13,22.2,0,222,70.7,64.1,57.8,0,0,59,29.9,28.4,96.6,0,2,2,88,0,0,0,396,62,218,0,0,26,1
Aidan O'Connell,60516,QB,PURDUE,6,31.0,0,273,77.3,,60.0,0,0,0,0.0,0.0,,2,0,0,88,0,0,0,284,0,189,0,0,88,0
James Brunson,34896,WR,FAU,11,49.7,0,165,62.6,,67.7,0,0,0,0.0,0.0,,0,0,0,88,0,0,0,177,0,89,0,0,88,0
Dillan Gibbons,59981,G,NOTRE DAME,7,100.0,0,258,67.8,82.6,68.6,0,0,21,100.0,100.0,100.0,2,0,0,88,0,52,0,88,23,23,36,0,65,0
Trevor Elbert,37342,T,UCF,9,100.0,0,323,80.4,67.7,78.0,0,0,27,100.0,100.0,100.0,0,0,0,88,0,0,20,88,27,27,0,67,61,0
Jovani Haskins,41005,TE,W VIRGINIA,11,55.7,0,343,45.2,43.1,48.4,0,2,21,25.0,26.3,95.2,1,2,0,88,0,0,0,158,25,95,0,0,63,109
Kesean Strong,47413,HB,DOMINION,11,22.8,0,263,68.2,79.0,53.8,0,0,36,14.8,15.5,100.0,0,0,0,88,0,0,0,386,39,252,0,0,49,0
Marcus Jones,34772,HB,N ILLINOIS,12,41.3,0,254,63.8,75.3,72.3,0,0,71,41.8,42.9,98.6,0,1,1,88,0,0,0,213,75,175,0,0,13,0
Cam'Ron Harris,77728,HB,MIAMI FL,13,22.2,0,220,68.5,24.7,65.5,1,8,63,25.9,25.7,88.1,0,12,3,88,0,0,0,397,66,257,0,0,22,0
Hassan Beydoun,78185,WR,E MICHIGAN,13,31.4,0,160,67.8,,68.3,0,0,0,0.0,0.0,,2,0,0,88,0,0,0,280,0,191,0,0,88,1
Cameron Carroll,77743,HB,TULANE,11,38.8,0,319,74.8,74.8,52.6,0,0,29,31.9,31.2,100.0,0,0,0,88,0,0,0,227,29,93,0,0,59,0
Alex Locklear,37223,T,UTAH,7,100.0,0,328,69.1,59.4,70.9,0,1,15,100.0,100.0,96.7,1,1,0,87,0,0,6,87,15,15,3,78,72,0
Jalen Harris,49400,TE,COLORADO,8,68.5,0,143,42.5,50.8,44.9,0,1,15,28.3,29.8,96.7,6,1,0,87,0,0,0,127,17,57,0,0,70,70
Luke Benson,99708,TE,SYRACUSE,12,53.4,0,304,67.1,50.0,49.7,0,1,18,20.0,19.1,97.2,0,1,0,87,0,0,0,163,18,94,0,0,69,117
Dayton Furuta,38649,HB,HAWAII,5,73.7,0,180,67.9,71.2,58.5,1,2,77,81.9,82.1,98.1,0,3,0,87,0,0,0,118,78,95,0,0,9,0
Joeseph Sewell,78732,TE,MIDDLE TN,6,91.6,0,224,56.4,62.6,56.4,0,0,16,66.7,66.7,100.0,0,0,0,87,0,0,0,95,16,24,0,0,71,57
Kobe Lewis,77800,HB,C MICHIGAN,14,18.3,0,134,71.2,31.4,58.4,0,5,61,24.4,24.7,94.3,0,6,1,87,0,0,0,476,65,263,0,0,22,4
Keric Wheatfall,98730,WR,FRESNO ST,10,34.3,1,169,67.8,,64.4,0,0,0,0.0,0.0,,2,0,0,87,0,0,0,254,0,167,0,0,87,0
Kevin Mensah,55106,HB,UCONN,12,18.4,0,146,71.5,42.4,63.2,2,3,58,28.3,28.2,92.2,0,7,2,87,0,0,0,473,61,216,0,0,26,0
Damond Philyaw-Johnson,61222,WR,DUKE,11,47.0,0,154,52.4,,61.5,0,0,0,0.0,0.0,,0,0,0,87,0,0,0,185,0,98,0,0,87,0
Gerold Bright,34612,HB,UTAH ST,13,15.4,0,329,75.8,58.0,57.6,1,1,36,11.3,12.1,97.2,0,2,0,86,0,0,0,560,40,330,0,0,46,0
Tre Mosley,101722,WR,MICH STATE,6,41.3,0,223,68.5,,62.8,0,0,0,0.0,0.0,,0,0,0,86,0,0,0,208,0,122,0,0,86,0
Wykeen Gill,78139,WR,KANSAS ST,11,36.9,0,199,68.2,,51.5,0,0,0,0.0,0.0,,1,0,0,86,0,0,0,233,0,146,0,0,86,0
James Gilbert,45836,HB,KANSAS ST,11,25.6,0,199,70.2,57.4,54.6,0,3,30,22.6,23.6,95.0,1,3,0,86,0,0,0,336,33,140,0,0,53,0
Billy Kemp IV,77037,WR,VIRGINIA,13,31.7,0,335,70.4,,75.3,0,0,0,0.0,0.0,,3,0,0,86,0,0,0,271,0,183,0,0,86,1
Hassan Hall,77705,HB,LOUISVILLE,13,33.6,0,210,78.5,54.6,50.4,2,2,56,48.7,48.7,94.6,0,5,1,86,0,0,0,256,58,119,0,0,28,0
Ben Redding,77908,TE,SMU,12,71.7,1,287,45.5,75.8,41.8,0,0,6,15.8,15.0,100.0,2,0,0,86,0,0,0,120,6,40,0,0,80,34
Mohamed Ibrahim,55226,HB,MINNESOTA,11,31.6,0,225,81.1,48.1,63.3,0,2,53,44.5,44.0,96.2,0,3,1,86,0,0,0,272,55,125,0,0,31,0
CJ Bolar,84498,WR,VANDERBILT,9,37.9,0,333,46.6,,49.7,0,0,0,0.0,0.0,,0,0,0,86,0,0,0,227,0,140,0,0,86,0
Brenden Brady,83795,HB,UTSA,12,30.8,0,331,64.0,59.1,51.8,1,3,59,32.4,32.4,94.9,0,5,1,86,0,0,0,279,60,185,0,0,26,2
Jaren Mangham,97773,HB,COLORADO,12,27.2,0,143,79.0,76.0,65.9,0,3,44,28.0,28.9,96.6,0,3,0,85,0,0,0,312,48,166,0,0,37,0
Taylor Powell,60459,QB,MISSOURI,6,52.5,0,229,50.8,,60.0,0,0,0,0.0,0.0,,0,0,0,85,0,0,0,162,0,74,0,0,85,0
Patrick Davis,60105,T,SYRACUSE,9,100.0,0,304,55.0,87.3,49.5,0,0,28,100.0,100.0,100.0,0,0,0,85,7,0,3,85,29,29,35,39,56,1
Keonta Nixon,78191,WR,C MICHIGAN,7,47.0,0,134,56.4,,56.7,0,0,0,0.0,0.0,,0,0,0,85,0,0,0,181,0,96,0,0,85,0
Dexter Carter Jr.,45343,WR,GA SOUTHRN,10,86.7,0,174,66.8,,77.3,0,0,0,0.0,0.0,,0,0,0,85,0,0,0,98,0,13,0,0,85,0
Deano Motes,36381,G,S JOSE ST,7,100.0,0,285,62.7,74.5,58.8,1,1,50,100.0,100.0,98.0,0,2,0,85,0,9,0,85,52,52,76,0,33,0
Ben Bryant,77655,QB,CINCINNATI,7,52.8,0,138,73.7,,60.2,0,0,0,0.0,0.0,,0,0,0,85,0,0,0,161,0,62,0,0,85,0
Phil Patterson,42083,WR,VA TECH,10,57.8,0,337,65.1,,81.9,0,0,0,0.0,0.0,,2,0,0,85,0,0,0,147,0,62,0,0,85,0
Jake Herslow,42002,WR,DOMINION,10,39.2,1,263,59.4,,73.5,0,0,0,0.0,0.0,,2,0,0,85,0,0,0,217,0,132,0,0,85,0
Cedric Tillman,84434,WR,TENNESSEE,12,70.8,0,307,68.1,,68.6,0,0,0,0.0,0.0,,1,0,0,85,0,0,0,120,0,35,0,0,85,3
Javon McKinley,41248,WR,NOTRE DAME,9,36.8,0,258,72.2,,89.1,0,0,0,0.0,0.0,,0,0,0,85,0,0,0,231,0,146,0,0,85,0
Koilan Jackson,61145,WR,ARKANSAS,11,50.0,0,111,54.7,,62.1,0,0,0,0.0,0.0,,1,0,0,84,0,0,0,168,0,84,0,0,84,0
Dayton Metcalf,41003,TE,OKLA STATE,11,84.0,0,262,75.5,77.0,69.9,0,0,9,37.5,44.8,100.0,0,0,0,84,0,0,0,100,13,29,0,0,71,33
John FitzPatrick,83974,TE,GEORGIA,10,79.2,0,173,58.0,72.0,58.2,0,0,2,9.5,15.4,100.0,0,0,0,84,0,0,1,106,4,26,0,0,80,79
Clyde Edwards-Helaire,57279,HB,LSU,15,11.4,0,211,84.1,40.2,77.6,0,2,38,8.3,8.2,94.7,1,3,1,84,0,0,0,740,39,477,0,0,45,0
Kekoa Crawford,27369,WR,CAL,6,41.6,0,130,75.1,,63.7,0,0,0,0.0,0.0,,0,0,0,84,0,0,0,202,0,118,0,0,84,1
Daniel Grzesiak,83724,TE,NEVADA,11,98.8,0,239,67.2,70.0,64.6,0,0,7,87.5,87.5,100.0,0,0,0,84,0,0,0,85,7,8,0,0,77,81
Elijah Robinson,33901,WR,BOSTON COL,11,88.4,0,121,73.4,,63.3,0,0,0,0.0,0.0,,0,0,0,84,0,0,0,95,0,11,0,0,84,9
Chris Chugunov,34153,QB,OHIO STATE,10,59.6,0,260,64.0,,60.0,0,0,0,0.0,0.0,,1,0,0,84,0,0,0,141,0,49,0,0,84,0
Bryce Ford-Wheaton,78127,WR,W VIRGINIA,11,37.8,0,343,59.2,62.1,59.8,0,0,1,0.8,0.7,100.0,1,0,0,84,0,0,0,222,1,139,0,0,83,0
Brandt Peterson,52196,T,RICE,7,100.0,0,275,57.8,51.9,58.2,0,2,35,100.0,100.0,94.3,0,3,1,84,0,0,10,84,37,37,0,73,47,1
Derrick Vickers,84478,WR,UTAH,14,41.8,0,328,68.9,,59.9,0,0,0,0.0,0.0,,1,0,0,84,0,0,0,201,0,97,0,0,84,0
Joey Nu'uanu-Kuhi'iki,38582,T,HAWAII,4,100.0,0,180,68.0,65.0,67.8,0,3,59,100.0,100.0,97.5,0,3,0,84,0,0,0,84,59,59,0,84,25,0
Jawaski Webb,78351,T,GA SOUTHRN,6,100.0,0,174,57.6,78.0,54.6,0,1,20,100.0,100.0,97.5,1,1,0,84,0,26,21,84,20,20,5,32,64,0
Noah Utley,41970,G,ARMY,4,100.0,0,114,72.5,13.6,79.5,0,3,29,100.0,100.0,94.8,0,3,0,84,0,84,0,84,30,30,0,0,54,0
Rakeem Boyd,40492,HB,ARKANSAS,12,17.6,0,111,80.4,72.7,57.5,0,3,62,24.7,23.4,97.6,0,3,0,84,0,0,0,476,62,265,0,0,22,0
Bilal Ally,27061,HB,UMASS,12,21.3,0,216,76.6,68.6,72.2,0,4,57,30.2,30.5,96.5,0,4,0,83,0,0,0,389,60,197,0,0,23,0
Marvin Kinsey Jr.,40390,HB,COLO STATE,7,21.9,0,144,69.0,73.9,49.9,0,2,52,24.5,25.7,98.1,1,2,0,83,0,0,0,379,59,230,0,0,24,0
Courtney Lark,42143,WR,HOUSTON,12,44.1,0,182,61.5,,61.4,0,0,0,0.0,0.0,,0,0,0,83,0,0,0,188,0,105,0,0,83,0
Ben Skowronek,27948,WR,NWESTERN,3,47.7,0,256,61.6,,57.9,0,0,0,0.0,0.0,,1,0,0,83,0,0,0,174,0,91,0,0,83,6
Artavis Pierce,45749,HB,OREGON ST,12,18.9,0,265,78.8,56.4,57.0,0,5,66,25.3,24.7,96.2,0,5,0,83,0,0,0,439,67,271,0,0,16,0
Wayne Toussant,78962,WR,LA TECH,12,36.6,0,208,49.8,,71.7,0,0,0,0.0,0.0,,0,0,0,83,0,0,0,227,0,142,0,0,83,0
Jonathan Haden,27140,HB,UAB,12,47.4,0,321,62.3,71.9,59.4,1,1,57,57.6,56.3,96.5,0,3,1,83,0,0,0,175,58,103,0,0,25,0
Ethan Dedeaux,61627,WR,S DIEGO ST,11,33.2,0,284,51.9,62.1,59.1,0,0,1,0.6,0.6,100.0,1,0,0,83,0,0,0,250,1,166,0,0,82,4
Cole Turner,84330,WR,NEVADA,13,53.9,1,239,54.5,,59.5,0,0,0,0.0,0.0,,1,0,0,82,0,0,0,152,0,70,0,0,82,23
Isaac Ruoss,77033,HB,NAVY,7,71.3,0,237,56.6,47.3,59.1,0,2,19,86.4,87.5,89.5,0,3,1,82,0,0,0,115,21,24,0,0,61,0
N'Kosi Perry,60446,QB,MIAMI FL,8,28.2,0,220,60.8,,60.3,0,0,0,0.0,0.0,,0,0,0,82,0,0,0,291,0,200,0,0,82,0
Brett Borske,42170,TE,W MICHIGAN,8,72.6,0,347,66.5,74.2,66.0,0,0,16,35.6,34.0,100.0,0,0,0,82,0,0,0,113,16,47,0,0,66,92
Hudson Hall,35728,FB,KANSAS,8,85.4,0,198,69.0,81.8,67.5,0,0,18,60.0,59.4,100.0,0,0,0,82,0,0,0,96,19,32,0,0,63,10
Keith Corbin,40691,WR,HOUSTON,4,46.6,0,182,67.4,,45.9,0,0,0,0.0,0.0,,0,0,0,82,0,0,0,176,0,94,0,0,82,0
Alan Bowman,77679,QB,TEXAS TECH,3,33.2,0,315,69.2,,60.0,0,0,0,0.0,0.0,,0,0,0,82,0,0,0,247,0,162,0,0,82,0
Calvin Austin III,61418,WR,MEMPHIS,13,42.3,0,218,81.1,,61.6,0,0,0,0.0,0.0,,0,0,0,82,0,0,0,194,0,108,0,0,82,0
Racey McMath,61401,WR,LSU,12,43.6,1,211,72.3,,62.0,0,0,0,0.0,0.0,,1,0,0,82,0,0,0,188,0,106,0,0,82,0
Logan Wright,57218,HB,GA SOUTHRN,5,46.9,0,174,70.0,25.9,61.9,1,0,6,14.6,13.6,75.0,0,2,1,82,0,0,0,175,6,44,0,0,76,0
Barrett Banister,61465,WR,MISSOURI,12,34.9,0,229,66.9,,59.4,0,0,0,0.0,0.0,,0,0,0,82,0,0,0,235,0,153,0,0,82,1
Davion Johnson,57295,HB,MIAMI OH,14,41.3,0,221,72.0,63.7,66.1,0,5,61,53.0,54.6,95.9,0,5,0,81,0,0,0,196,65,119,0,0,16,0
Dominic Stampley,84214,WR,ILLINOIS,9,45.0,0,187,56.0,,58.2,0,0,0,0.0,0.0,,1,0,0,81,0,0,0,180,0,97,0,0,81,0
Brett Foley,35702,TE,S JOSE ST,12,28.1,0,285,61.2,75.4,52.6,0,0,8,4.0,4.2,100.0,0,0,0,81,0,0,0,288,9,216,0,1,72,152
Gerrid Doaks,40903,HB,CINCINNATI,12,28.0,0,138,73.1,62.4,79.6,0,1,44,29.3,30.3,96.6,0,2,1,81,0,0,0,289,47,155,0,0,34,0
Josh Falo,61055,TE,USC,9,67.5,0,326,43.6,50.5,34.6,0,2,17,32.7,30.4,94.1,2,2,0,81,0,0,0,120,17,56,0,0,64,64
Henry Ikahihifo,73151,TE,NEVADA,12,48.8,0,239,50.2,74.8,58.6,0,0,11,12.4,11.5,100.0,1,0,0,81,0,0,1,166,11,96,0,0,70,119
Gunnar Oakes,60885,TE,E MICHIGAN,12,38.4,0,160,47.4,43.2,58.3,0,1,8,6.2,6.5,93.7,0,1,0,81,0,0,0,211,9,139,0,0,72,67
Joe Bissinger,99648,G,VIRGINIA,6,100.0,0,335,74.4,87.1,72.2,0,0,45,100.0,100.0,100.0,0,0,0,81,0,32,0,81,47,47,48,0,34,1
Robert Holmes,55110,G,UCONN,3,100.0,0,146,48.9,63.5,45.0,0,1,37,100.0,100.0,95.9,0,2,1,80,0,78,0,80,38,38,2,0,42,0
Darrell Brown,33225,WR,DOMINION,10,33.5,0,263,58.1,,61.4,0,0,0,0.0,0.0,,0,0,0,80,0,0,0,239,0,159,0,0,80,0
Zander Horvath,57384,HB,PURDUE,10,26.4,0,273,72.7,60.8,64.6,1,1,53,28.3,29.1,96.2,1,3,1,80,0,0,0,303,59,203,0,0,21,0
Abe Anderson,101104,TE,TULSA,7,87.0,0,320,44.8,72.2,56.4,0,0,9,45.0,45.5,100.0,1,0,0,80,0,0,0,92,10,22,0,0,70,82
T'Qele Holmes,54560,WR,COAST CAR,12,38.1,1,141,60.3,63.9,67.7,0,0,1,0.8,0.8,100.0,1,0,0,80,0,0,0,210,1,129,0,0,79,1
Evans Wilkerson,36904,C,MISS STATE,9,100.0,0,227,68.1,84.4,62.3,0,0,38,100.0,100.0,100.0,0,0,0,80,79,0,0,80,39,39,0,0,41,0
Will Craig,81605,T,CAL,1,100.0,0,130,70.6,77.9,65.5,0,1,36,100.0,100.0,98.6,0,1,0,80,0,0,80,80,36,36,0,0,44,0
Easop Winston Jr.,61812,WR,WASH STATE,13,15.9,0,341,76.7,,73.4,0,0,0,0.0,0.0,,2,0,0,80,0,0,0,504,0,424,0,0,80,4
Darren Wilson Jr.,99554,WR,IOWA STATE,13,51.0,0,193,54.5,,57.8,0,0,0,0.0,0.0,,0,0,0,80,0,0,0,157,0,77,0,0,80,1
CJ Windham,42051,WR,MIDDLE TN,6,33.3,0,224,64.9,,50.9,0,0,0,0.0,0.0,,1,0,0,80,0,0,0,240,0,160,0,0,80,0
Armani Rogers,40034,QB,UNLV,5,37.1,0,325,50.1,,60.0,0,0,0,0.0,0.0,,1,0,0,79,0,0,0,213,0,105,0,0,79,0
Brandon Myers,82526,TE,RUTGERS,12,96.3,0,278,49.2,71.3,48.2,0,0,5,62.5,62.5,100.0,0,0,0,79,0,0,0,82,5,8,0,0,74,54
Bryson Denley,41077,HB,BOWL GREEN,12,23.9,0,122,72.6,18.4,63.2,0,0,16,10.9,10.9,93.7,0,1,1,79,0,0,0,330,17,156,0,0,62,1
Dylan Deveney,99692,TE,GA TECH,12,65.3,0,176,56.8,64.4,54.9,0,1,15,28.8,26.3,96.7,0,1,0,79,0,0,0,121,15,57,0,1,64,76
Jarrett Bell,81554,G,ARIZONA ST,3,100.0,0,110,53.3,69.8,52.2,0,1,38,100.0,100.0,98.7,1,1,0,79,0,0,0,79,41,41,78,0,38,1
Brandon Arconado,42120,WR,WASH STATE,11,15.4,0,341,81.4,,47.3,0,0,0,0.0,0.0,,2,0,0,79,0,0,0,514,0,435,0,0,79,0
Cee Jay Powell,42146,WR,LA TECH,13,23.4,0,208,71.8,,57.0,0,0,0,0.0,0.0,,1,0,0,79,0,0,0,338,0,259,0,0,79,1
Davon Jones,40603,HB,BOWL GREEN,9,27.8,0,122,72.6,72.9,48.3,0,1,31,27.4,28.2,98.4,0,1,0,79,0,0,0,284,33,117,0,0,46,0
Liam Soraghan,60986,TE,N ILLINOIS,12,90.8,0,254,58.0,70.3,59.9,0,0,4,33.3,33.3,100.0,1,0,0,79,0,0,0,87,4,12,0,0,75,86
Jalen Cropper,97273,WR,FRESNO ST,10,40.7,0,169,80.0,,48.2,0,0,0,0.0,0.0,,0,0,0,79,0,0,0,194,0,97,0,0,79,0
Victor Curne,81930,T,WASHINGTON,5,100.0,0,340,70.2,65.0,69.3,1,0,36,100.0,100.0,98.6,0,1,0,79,0,0,0,79,37,37,0,79,42,0
James Tupou,81448,TE,UTEP,11,75.7,0,330,50.8,39.1,57.2,0,1,8,25.8,24.2,93.7,0,1,0,78,0,0,0,103,8,33,0,0,70,26
Israel Tucker,40566,HB,LA TECH,10,32.6,0,208,75.2,39.7,57.0,4,1,48,35.0,35.0,94.8,0,5,0,78,0,0,0,239,50,143,0,0,28,0
Nathan Eldridge,45657,C,OREGON ST,4,100.0,0,265,62.8,70.5,63.4,2,0,51,100.0,100.0,98.0,1,2,0,78,78,0,0,78,54,54,0,0,24,0
Darius Savedge,84362,WR,DOMINION,9,42.6,0,263,69.9,,74.7,0,0,0,0.0,0.0,,0,0,0,78,0,0,0,183,0,105,0,0,78,0
Eric Kumah,42253,WR,DOMINION,4,41.5,0,263,72.4,,65.4,0,0,0,0.0,0.0,,0,0,0,78,0,0,0,188,0,110,0,0,78,0
Bobby Lawrence,81744,T,MISSOURI,3,100.0,0,229,79.6,84.5,78.2,0,0,28,100.0,100.0,100.0,1,0,0,78,0,0,17,78,31,31,0,61,47,0
Cadarrius Thompson,98007,WR,GA STATE,6,49.7,0,175,53.9,,69.3,0,0,0,0.0,0.0,,1,0,0,78,0,0,0,157,0,79,0,0,78,0
Salvon Ahmed,57472,HB,WASHINGTON,12,15.2,0,340,76.5,23.8,61.5,2,5,37,13.5,14.1,90.5,1,7,0,78,0,0,0,512,40,284,0,0,38,0
J.J. Taylor,25512,HB,ARIZONA,11,18.5,0,109,84.7,75.0,56.8,1,2,48,20.7,20.8,96.9,0,3,0,78,0,0,0,421,51,245,0,0,27,0
Will Hastings,47493,WR,AUBURN,13,28.1,0,115,57.4,,62.6,0,0,0,0.0,0.0,,0,0,0,78,0,0,0,278,0,200,0,0,78,1
Jonathan Ward,25859,HB,C MICHIGAN,12,15.5,1,134,76.5,44.1,64.4,0,2,44,16.7,16.2,95.5,2,3,1,77,0,0,0,496,45,277,0,0,32,0
Joshua Kelley,13750,HB,UCLA,11,16.7,0,324,78.1,50.7,63.3,0,8,50,25.5,25.6,92.0,0,8,0,77,0,0,0,460,52,203,0,0,25,0
Andrew Marty,60498,QB,NWESTERN,5,48.4,0,256,67.6,,60.0,0,0,0,0.0,0.0,,0,0,0,77,0,0,0,159,0,31,0,0,77,0
CT Thomas,61168,WR,BOISE ST,13,25.6,0,120,77.3,,58.3,0,0,0,0.0,0.0,,1,0,0,77,0,0,0,301,0,222,0,0,77,0
Larry McCammon III,97309,HB,FAU,9,28.3,0,165,71.4,87.4,64.3,0,1,56,36.8,36.8,99.1,0,1,0,77,0,0,0,272,60,163,0,0,17,0
Camrin Knight,36052,TE,GA STATE,8,85.6,0,175,48.3,73.5,48.0,0,0,2,13.3,18.8,100.0,0,0,0,77,0,0,0,90,3,16,0,0,74,56
Darius Bradwell,46445,HB,TULANE,10,27.7,0,319,70.1,30.5,57.6,1,3,29,26.6,25.9,93.1,0,4,0,77,0,0,0,278,30,116,0,0,47,0
Dontae Crow,40371,WR,WYOMING,13,56.6,0,351,57.4,,64.1,0,0,0,0.0,0.0,,0,0,0,77,0,0,0,136,0,59,0,0,77,0
Seth Green,40668,WR,MINNESOTA,12,56.6,0,225,59.7,,45.5,0,0,0,0.0,0.0,,0,0,0,77,0,0,0,136,0,30,0,0,77,1
Dominick Blaylock,99230,WR,GEORGIA,12,42.5,0,173,78.9,,52.4,0,0,0,0.0,0.0,,0,0,0,77,0,0,0,181,0,104,0,0,77,7
Devwah Whaley,25517,HB,ARKANSAS,12,29.3,1,111,65.9,79.9,53.8,0,0,30,20.8,23.5,100.0,1,0,0,77,0,0,0,263,36,153,0,0,41,0
Bailey Hockman,60383,QB,NC STATE,7,37.1,0,248,53.9,,60.0,0,0,0,0.0,0.0,,0,0,0,76,0,0,0,205,0,119,0,0,76,0
Harry Trotter,57275,HB,KANSAS ST,13,35.5,1,199,65.0,52.8,59.9,0,2,31,30.7,30.1,96.8,3,2,0,76,0,0,0,214,31,103,0,0,45,0
Emoryie Edwards,84185,WR,FRESNO ST,9,30.4,0,169,64.4,,58.9,0,0,0,0.0,0.0,,1,0,0,76,0,0,0,250,0,174,0,0,76,0
Garrett Groshek,40045,HB,WISCONSIN,14,27.7,0,349,71.8,64.7,55.2,1,2,51,25.8,24.6,97.1,0,3,0,76,0,0,0,274,51,207,0,0,25,0
Boobie Curry,97776,WR,ARIZONA,9,37.3,0,109,55.4,,62.3,0,0,0,0.0,0.0,,0,0,0,76,0,0,0,204,0,128,0,0,76,0
Timothy Scippio,78214,WR,AKRON,12,26.9,1,102,57.7,,52.6,0,0,0,0.0,0.0,,3,0,0,76,0,0,0,283,0,207,0,0,76,2
Jalen Nailor,84292,WR,MICH STATE,4,38.0,0,223,61.3,,58.6,0,0,0,0.0,0.0,,0,0,0,76,0,0,0,200,0,118,0,0,76,0
Forest McKee,57094,TE,UTEP,9,85.4,0,330,56.1,77.7,64.9,0,0,9,47.4,47.8,100.0,2,0,0,76,0,0,0,89,11,23,0,0,65,29
Ethan Fernea,61765,WR,UCLA,11,60.8,0,324,63.2,,59.8,0,0,0,0.0,0.0,,0,0,0,76,0,0,0,125,0,49,0,0,76,20
Jacob Robertson Jr.,40210,WR,TULANE,12,56.7,0,319,58.9,64.4,63.3,0,0,1,1.7,1.7,100.0,2,0,0,76,0,0,0,134,1,59,0,0,75,0
Dante Cousart,42407,WR,FAU,14,47.5,0,165,59.7,,46.6,0,0,0,0.0,0.0,,0,0,0,76,0,0,0,160,0,84,0,0,76,0
Dezmon Patmon,48329,WR,WASH STATE,13,17.4,1,341,72.7,,53.9,0,0,0,0.0,0.0,,2,0,0,76,0,0,0,438,0,362,0,0,76,4
Isaiah Richardson,61624,WR,S DIEGO ST,13,42.9,0,284,63.9,,65.0,0,0,0,0.0,0.0,,2,0,0,75,0,0,0,175,0,100,0,0,75,1
Aaron Allen,78494,QB,LA TECH,6,44.1,0,208,62.0,,60.0,0,0,0,0.0,0.0,,1,0,0,75,0,0,0,170,0,87,0,0,75,0
Steven Duncan,40211,QB,W KENTUCKY,3,34.6,0,346,59.6,,60.0,0,0,0,0.0,0.0,,1,0,0,75,0,0,0,217,0,129,0,0,75,0
Puka Nacua,100632,WR,WASHINGTON,8,65.2,0,340,73.1,,58.2,0,0,0,0.0,0.0,,0,0,0,75,0,0,0,115,0,40,0,0,75,2
Charlie O'Connor,81680,C,INDIANA,4,100.0,0,190,41.1,65.1,42.9,1,0,19,100.0,100.0,97.4,0,1,0,75,75,0,0,75,22,22,0,0,53,0
James Charles,40069,HB,FAU,11,30.9,0,165,73.4,76.7,48.6,0,2,48,35.6,36.0,97.9,0,2,0,75,0,0,0,243,50,139,0,0,25,0
Malcolm Davidson,83660,HB,FAU,11,25.3,0,165,77.6,43.8,55.1,0,2,48,30.2,29.3,97.9,0,2,0,75,0,0,0,297,49,167,0,0,26,0
Trevon Sidney,41041,WR,ILLINOIS,6,38.9,0,187,52.9,,46.5,0,0,0,0.0,0.0,,2,0,0,74,0,0,0,190,0,115,0,0,74,0
Hank Manos,81841,C,S CAROLINA,2,100.0,0,289,28.7,15.1,40.8,0,1,37,100.0,100.0,95.9,1,2,1,74,74,0,0,74,40,40,0,0,34,0
Jsi Hatfield,97131,WR,E CAROLINA,10,37.2,0,156,64.7,,59.1,0,0,0,0.0,0.0,,0,0,0,74,0,0,0,199,0,113,0,0,74,0
Malik Henry,41440,QB,NEVADA,3,42.8,0,239,61.4,,60.0,0,0,0,0.0,0.0,,2,0,0,74,0,0,0,173,0,96,0,0,74,0
Hasaan Patterson,34275,WR,DOMINION,9,37.6,0,263,57.4,,69.6,0,0,0,0.0,0.0,,1,0,0,74,0,0,0,197,0,123,0,0,74,0
Tashawn Manning,56551,G,AUBURN,5,100.0,0,115,60.6,47.8,60.5,0,2,17,100.0,100.0,94.1,0,2,0,74,0,74,0,74,17,17,0,0,57,0
Darrian Dalcourt,99061,C,ALABAMA,7,100.0,0,103,65.8,56.9,64.0,0,1,13,100.0,100.0,96.2,0,1,0,74,74,0,0,74,13,13,0,0,61,0
Erick All,52595,TE,MICHIGAN,9,63.2,0,222,58.4,67.3,64.7,0,0,1,2.4,2.3,100.0,0,0,0,74,0,0,0,117,1,44,0,0,73,96
Devante Peete,47963,WR,LOUISVILLE,10,58.7,0,210,57.7,,60.0,0,0,0,0.0,0.0,,0,0,0,74,0,0,0,126,0,52,0,0,74,0
Chevan Cordeiro,75886,QB,HAWAII,12,30.5,0,180,69.6,,60.0,0,0,0,0.0,0.0,,0,0,0,74,0,0,0,243,0,149,0,0,74,0
Lucious Stanley,57439,HB,UAB,12,37.2,0,321,75.6,63.6,56.4,2,0,43,56.6,57.0,97.7,0,2,0,74,0,0,0,199,45,79,0,0,29,0
Bryce Mathews,41528,T,OLE MISS,4,100.0,0,226,60.7,49.6,62.0,0,1,28,100.0,100.0,94.6,0,2,1,74,0,0,0,74,31,31,0,74,43,0
Austin Williams,61463,WR,MISS STATE,12,53.2,0,227,70.3,,63.7,0,0,0,0.0,0.0,,0,0,0,74,0,0,0,139,0,65,0,0,74,1
Jay Griffin IV,40574,WR,NEW MEXICO,6,42.2,0,241,59.3,,51.4,0,0,0,0.0,0.0,,0,0,0,73,0,0,0,173,0,97,0,0,73,0
Scott Lashley,40723,T,ALABAMA,8,100.0,0,103,61.4,84.4,57.0,0,0,14,100.0,100.0,100.0,0,0,0,73,0,0,73,73,14,14,0,0,59,0
Rhamondre Stevenson,98689,HB,OKLAHOMA,12,38.2,0,261,86.6,65.4,77.9,0,1,17,25.4,25.4,97.1,0,1,0,73,0,0,0,191,18,71,0,0,55,1
Darius Anderson,45958,HB,TCU,12,18.5,0,305,80.0,29.6,57.5,0,3,27,14.3,15.2,90.7,1,4,1,73,0,0,0,395,30,197,0,0,43,0
Justice Shelton-Mosley,98752,WR,VANDERBILT,11,27.4,1,333,51.7,,52.4,0,0,0,0.0,0.0,,1,0,0,73,0,0,0,266,0,188,0,0,73,2
Austin Robinson,97597,WR,MIAMI OH,11,68.9,0,221,49.7,,62.7,0,0,0,0.0,0.0,,0,0,0,73,0,0,0,106,0,33,0,0,73,0
Daevon Robinson,84039,WR,RUTGERS,11,37.8,0,278,48.1,67.7,52.3,0,0,1,0.9,1.6,100.0,3,0,0,73,0,0,0,193,2,122,0,0,71,37
Hassan Haskins,83701,HB,MICHIGAN,12,24.4,0,222,77.2,67.7,56.0,0,2,38,27.9,28.5,94.7,0,3,1,73,0,0,0,299,41,144,0,0,32,0
Mike Sainristil,97180,WR,MICHIGAN,13,42.2,1,222,64.1,,70.6,0,0,0,0.0,0.0,,1,0,0,73,0,0,0,173,0,100,0,0,73,0
Anthony McFarland Jr.,57289,HB,MARYLAND,11,21.7,0,215,70.3,51.0,48.0,2,2,39,21.1,20.4,94.9,1,4,0,73,0,0,0,336,39,191,0,0,34,0
Rodney Smith,26306,HB,MINNESOTA,13,16.8,0,225,84.3,63.3,68.5,0,1,55,30.9,30.7,95.5,0,3,2,73,0,0,0,435,58,189,0,0,15,0
Khalan Laborn,57204,HB,FLORIDA ST,10,36.1,0,167,72.7,78.6,57.5,0,0,51,44.3,46.3,98.0,1,1,1,73,0,0,0,202,57,123,0,0,16,0
Mitch Rossi,57368,TE,OHIO STATE,11,92.4,0,260,65.7,71.6,63.6,0,0,6,60.0,54.5,100.0,0,0,0,73,0,0,0,79,6,11,0,0,67,71
Brandon LaBrie,77805,WR,MIAMI OH,10,79.3,0,221,56.7,,65.7,0,0,0,0.0,0.0,,0,0,0,73,0,0,0,92,0,19,0,0,73,0
Henry Roberts,36813,T,WASHINGTON,7,100.0,0,340,59.9,51.2,60.0,1,0,18,100.0,100.0,91.7,0,2,1,73,0,0,36,73,18,18,10,27,55,0
Chase Cord,60347,QB,BOISE ST,8,36.0,0,120,69.5,,60.1,0,0,0,0.0,0.0,,0,0,0,72,0,0,0,200,0,116,0,0,72,0
Abdul Adams,40414,HB,SYRACUSE,11,25.6,0,304,69.8,85.1,73.8,0,2,51,31.9,31.8,98.0,1,2,0,72,0,0,0,281,56,176,0,0,16,0
Aaron Young,97161,HB,RUTGERS,12,38.3,0,278,64.8,51.1,55.0,1,2,20,22.2,22.1,92.5,0,3,0,72,0,0,0,188,21,95,0,0,51,1
Devin Brumfield,83788,HB,UTAH,14,37.1,0,328,69.2,68.3,62.4,0,0,25,30.5,28.7,96.0,0,1,1,72,0,0,0,194,25,87,0,0,47,0
Cagan Baldree,41502,FB,TEXAS A&M,12,94.7,0,312,68.6,71.8,68.7,0,0,1,20.0,20.0,100.0,0,0,0,72,0,0,0,76,1,5,0,0,71,0
Cornell Hendrick Jr.,84359,WR,DOMINION,10,38.7,0,263,50.7,,68.3,0,0,0,0.0,0.0,,1,0,0,72,0,0,0,186,0,110,0,0,72,0
Myles Brennan,60438,QB,LSU,10,55.8,0,211,71.7,,60.0,0,0,0,0.0,0.0,,0,0,0,72,0,0,0,129,0,45,0,0,72,0
Alesana Sunia,38447,G,HAWAII,2,100.0,0,180,42.9,28.0,52.6,1,1,41,100.0,100.0,95.1,3,3,1,72,0,0,0,72,43,43,72,0,29,0
Cam Craig,101598,G,PURDUE,1,100.0,0,273,64.6,51.7,67.4,1,0,39,100.0,100.0,98.7,0,1,0,72,0,72,0,72,46,46,0,0,26,0
Walker Little,52287,T,STANFORD,1,100.0,0,300,57.2,84.6,44.0,0,0,42,100.0,100.0,100.0,0,0,0,72,0,0,72,72,44,44,0,0,28,0
Thomas Reid III,61132,WR,ARIZONA,10,57.6,0,109,62.5,,64.0,0,0,0,0.0,0.0,,1,0,0,72,0,0,0,125,0,53,0,0,72,0
Aaron Jarman,77894,TE,TEMPLE,12,89.9,0,306,56.3,62.4,51.9,0,0,9,52.9,52.9,100.0,0,0,0,71,0,0,0,79,9,17,0,0,62,75
Treyton Welch,98097,TE,WYOMING,8,68.3,0,351,57.3,74.0,58.2,0,0,7,17.9,17.5,100.0,0,0,0,71,0,0,0,104,7,40,0,0,64,79
Bam Knight,97432,HB,NC STATE,12,22.3,0,248,65.4,31.5,42.4,0,3,56,34.8,33.7,95.5,1,4,1,71,0,0,0,319,56,166,0,0,15,0
David Bailey,77792,HB,BOSTON COL,13,22.9,1,121,80.3,56.1,52.5,0,1,33,27.5,27.6,98.5,1,1,0,71,0,0,0,310,34,123,0,0,37,0
Marlyn Johnson,98289,WR,BUFFALO,4,65.1,0,126,55.4,,63.6,0,0,0,0.0,0.0,,1,0,0,71,0,0,0,109,0,38,0,0,71,0
Jordon Brown,39916,HB,KANSAS ST,11,28.2,0,199,68.5,55.7,67.3,2,2,35,27.6,28.4,94.3,0,4,0,71,0,0,0,252,38,134,0,0,33,0
Lyn-J Dixon,77712,HB,CLEMSON,15,24.6,0,140,72.7,31.4,57.2,0,2,52,32.3,31.1,96.2,0,3,1,71,0,0,0,289,52,167,0,0,19,0
De'Michael Harris,84418,HB,SO MISS,12,18.5,0,296,69.9,72.1,60.1,0,0,27,12.4,12.8,100.0,0,0,0,71,0,0,0,383,29,226,0,0,42,2
Patrick Carr,34491,HB,HOUSTON,6,35.1,0,182,74.4,75.1,48.8,0,1,31,34.8,34.4,98.4,0,1,0,71,0,0,0,202,33,96,0,0,38,0
John Stephens Jr.,78108,WR,TCU,12,38.4,0,305,55.3,,64.0,0,0,0,0.0,0.0,,1,0,0,71,0,0,0,185,0,114,0,0,71,0
Jalen Johnson,97785,WR,ARIZONA,10,36.0,0,109,53.1,,54.0,0,0,0,0.0,0.0,,0,0,0,71,0,0,0,197,0,126,0,0,71,0
PK Kier,62769,HB,VIRGINIA,13,58.7,0,335,75.0,72.8,65.5,1,0,36,66.7,67.3,98.6,1,1,0,71,0,0,0,121,37,55,0,0,34,1
Tyre Shelton,77038,HB,MIAMI OH,14,28.4,0,221,76.1,79.7,48.6,1,0,40,36.7,37.4,98.7,1,1,0,71,0,0,0,250,43,115,0,0,28,0
Isaiah Esdale,88318,WR,W VIRGINIA,10,34.8,1,343,62.9,,56.2,0,0,0,0.0,0.0,,1,0,0,71,0,0,0,204,0,133,0,0,71,0
Will Swinney,61209,WR,CLEMSON,12,48.0,0,140,60.9,,60.8,0,0,0,0.0,0.0,,0,0,0,71,0,0,0,148,0,75,0,0,71,0
Caleb Twyford,61722,HB,TEXAS ST,11,22.8,0,314,73.6,61.0,44.0,1,1,54,29.8,30.6,98.1,0,2,0,70,0,0,0,307,57,186,0,0,13,0
Jax Dineen,99489,FB,KANSAS ST,12,74.5,0,199,77.4,58.0,80.2,1,0,5,19.2,17.2,90.0,1,1,0,70,0,0,0,94,5,29,0,0,65,9
Jordan Boatman,59721,T,HOUSTON,3,100.0,0,182,63.7,64.0,61.8,0,2,20,100.0,100.0,95.0,0,2,0,70,0,0,0,70,23,23,0,70,47,0
Nick Mardner,75945,WR,HAWAII,14,33.5,1,180,55.2,,78.8,0,0,0,0.0,0.0,,3,0,0,70,0,0,0,209,0,139,0,0,70,5
Jamaal Neal,61088,FB,UNLV,10,74.5,0,325,58.5,73.9,56.6,0,0,4,15.4,18.5,100.0,0,0,0,70,0,0,0,94,5,27,0,0,65,12
Matt Fink,40553,QB,USC,8,38.7,0,326,50.8,,60.0,0,0,0,0.0,0.0,,3,0,0,70,0,0,0,181,0,97,0,0,70,0
Josh Hokit,50305,HB,FRESNO ST,12,26.3,0,169,76.1,79.3,72.8,0,1,25,18.4,18.2,98.0,0,1,0,70,0,0,0,266,26,143,0,0,44,5
A.D. Miller,48310,WR,OKLAHOMA,9,51.9,0,261,60.2,,68.5,0,0,0,0.0,0.0,,0,0,0,70,0,0,0,135,0,65,0,0,70,0
Jason Shelley,60581,QB,UTAH,9,68.6,0,328,59.1,,60.0,0,0,0,0.0,0.0,,0,0,0,70,0,0,0,102,0,14,0,0,70,0
Kevin Marks Jr.,55019,HB,BUFFALO,13,18.3,1,126,69.8,42.7,59.6,1,2,31,27.7,27.6,95.2,1,3,0,70,0,0,0,383,32,116,0,0,38,0
Jalen Wayne,61640,WR,S ALABAMA,9,41.7,1,288,50.7,,61.6,0,0,0,0.0,0.0,,1,0,0,70,0,0,0,168,0,98,0,0,70,0
Ricky Pearsall,100660,WR,ARIZONA ST,13,33.8,0,110,52.8,,48.2,0,0,0,0.0,0.0,,2,0,0,70,0,0,0,207,0,136,0,0,70,1
Jaylen Harris,61566,WR,OHIO STATE,9,78.4,0,260,53.4,,52.7,0,0,0,0.0,0.0,,0,0,0,69,0,0,0,88,0,19,0,0,69,0
Andrew Van Buren,83636,HB,BOISE ST,14,33.5,0,120,61.0,23.3,69.0,2,2,45,39.5,38.3,88.9,2,7,3,69,0,0,0,206,46,120,0,0,23,1
CJ Sanders,47607,WR,SMU,11,42.3,0,287,65.3,,69.2,0,0,0,0.0,0.0,,0,0,0,69,0,0,0,163,0,92,0,0,69,0
Collin Hill,40245,QB,COLO STATE,3,37.1,0,144,62.8,,60.0,0,0,0,0.0,0.0,,0,0,0,69,0,0,0,186,0,114,0,0,69,0
Nigel Fitzgerald,84358,WR,DOMINION,10,31.9,1,263,65.7,,77.5,0,0,0,0.0,0.0,,2,0,0,69,0,0,0,216,0,147,0,0,69,0
Carter Bradley,77685,QB,TOLEDO,7,34.7,0,316,45.7,,60.0,0,0,0,0.0,0.0,,0,0,0,69,0,0,0,199,0,127,0,0,69,0
Travis Boman,42289,TE,UTAH ST,8,59.5,0,329,53.0,68.4,66.7,0,0,4,7.8,7.8,100.0,0,0,0,69,0,0,0,116,4,51,0,0,65,84
Josh Anderson,54566,WR,COAST CAR,7,73.4,0,141,57.4,,57.4,0,0,0,0.0,0.0,,0,0,0,69,0,0,0,94,0,25,0,0,69,1
Jarret Doege,60353,QB,W VIRGINIA,4,33.0,0,343,81.7,,60.0,0,0,0,0.0,0.0,,0,0,0,69,0,0,0,209,0,135,0,0,69,0
Jai Williams,84160,WR,COAST CAR,9,59.1,0,141,73.9,,70.4,0,0,0,0.0,0.0,,0,0,0,68,0,0,0,115,0,46,0,0,68,0
Trent Pennix,77726,HB,NC STATE,10,45.6,0,248,61.0,45.3,87.4,3,1,53,45.3,45.6,92.5,0,6,2,68,0,0,0,149,57,125,0,0,11,6
John Metchie III,97400,WR,ALABAMA,11,54.4,0,103,56.5,,73.5,0,0,0,0.0,0.0,,0,0,0,68,0,0,0,125,0,57,0,0,68,0
Geordon Porter,84112,WR,ARIZONA ST,10,44.4,0,110,63.6,,76.7,0,0,0,0.0,0.0,,0,0,0,68,0,0,0,153,0,85,0,0,68,0
Luke Junkunc,81708,G,LA LAFAYET,5,100.0,0,207,56.4,63.4,54.7,0,1,25,100.0,100.0,98.0,0,1,0,67,6,10,0,67,26,26,51,0,41,0
Donovan Williams,39998,TE,UCONN,4,49.3,0,146,64.9,65.0,68.0,0,0,10,13.0,12.7,100.0,0,0,0,67,0,0,0,136,10,79,0,0,57,76
Alec Jackson,56550,T,AUBURN,5,100.0,0,115,59.7,69.8,56.7,0,0,18,100.0,100.0,100.0,0,0,0,67,0,0,66,67,18,18,0,0,49,0
CJ Verdell,57378,HB,OREGON,14,14.6,0,264,77.8,25.7,57.9,2,3,43,18.7,19.3,87.2,0,8,3,67,0,0,0,458,46,238,0,0,21,0
Tim Jordan,62943,HB,TENNESSEE,12,23.9,0,307,72.5,38.3,61.7,1,2,31,23.8,23.6,95.2,1,3,0,67,0,0,0,280,34,144,0,0,33,3
Jafar Armstrong,61555,HB,NOTRE DAME,9,34.7,1,258,60.5,75.6,61.0,0,0,33,30.3,30.1,100.0,2,0,0,67,0,0,0,193,34,113,0,0,33,0
Brandon Bowling,42151,WR,ARK STATE,12,31.0,0,113,71.6,,35.7,0,0,0,0.0,0.0,,0,0,0,67,0,0,0,216,0,149,0,0,67,0
Kennedy McKoy,40095,HB,W VIRGINIA,12,18.6,0,343,63.6,38.3,46.1,1,4,46,20.3,20.3,92.4,1,6,1,67,0,0,0,360,48,237,0,0,19,4
Jo-El Shaw,77784,HB,KENT STATE,7,29.6,0,201,63.2,62.3,62.9,0,3,45,35.4,37.7,96.7,0,3,0,67,0,0,0,226,52,138,0,0,15,0
Devaughn Cooper,41966,WR,UTEP,4,49.6,0,330,72.7,,62.3,0,0,0,0.0,0.0,,1,0,0,67,0,0,0,135,0,68,0,0,67,0
DK Billingsley,57432,HB,TROY,12,12.3,0,318,69.7,24.7,56.6,0,2,42,12.1,12.0,92.9,1,4,2,67,0,0,0,545,44,367,0,0,23,0
Austin Stogner,98464,TE,OKLAHOMA,14,55.4,0,261,65.1,,60.3,0,0,0,0.0,0.0,,0,0,0,67,0,0,0,121,0,54,0,0,67,34
Kelvin Ateman,55362,T,TOLEDO,4,100.0,0,316,67.1,72.6,63.1,0,1,31,100.0,100.0,98.4,0,1,0,67,0,0,67,67,31,31,0,0,36,0
Jahlil Ryles,79680,G,MIDDLE TN,6,100.0,0,224,54.3,52.8,52.3,0,2,40,100.0,100.0,97.5,0,2,0,67,0,3,0,67,43,43,64,0,24,0
Trace Christian,57190,HB,E CAROLINA,7,34.0,0,156,64.9,68.4,61.2,0,2,39,40.2,41.8,94.9,0,3,1,67,0,0,0,197,46,110,0,0,21,0
Wilson Huber,55090,TE,CINCINNATI,11,91.8,1,138,63.4,70.9,70.7,0,0,3,37.5,44.4,100.0,1,0,0,67,0,0,0,73,4,9,0,0,63,50
Dontavius Butler-Jenkins,61599,WR,PITTSBURGH,9,35.1,0,268,51.1,,75.8,0,0,0,0.0,0.0,,1,0,0,67,0,0,0,191,0,124,0,0,67,0
Chris Gregg,62027,WR,ARMY,4,90.4,0,114,59.1,,63.6,0,0,0,0.0,0.0,,0,0,0,66,0,0,0,73,0,7,0,0,66,0
Yusuf Ali,78841,WR,MIDDLE TN,11,30.8,0,224,74.1,63.9,79.5,0,0,1,0.7,0.7,100.0,0,0,0,66,0,0,0,214,1,148,0,0,65,0
Austin Vaughn,45871,HB,LA MONROE,11,36.5,0,209,64.0,61.2,62.4,0,2,32,34.4,35.4,96.9,0,2,0,66,0,0,0,181,35,99,0,0,31,0
Bryson Carroll,60479,HB,NEW MEXICO,10,28.9,0,241,67.2,64.4,56.6,0,0,24,30.4,33.3,100.0,0,0,0,66,0,0,0,228,29,87,0,0,37,0
Marcus Washington,99527,WR,TEXAS,11,50.0,0,311,54.9,,70.2,0,0,0,0.0,0.0,,1,0,0,66,0,0,0,132,0,66,0,0,66,1
Art Thompkins,32905,HB,UCONN,12,19.6,0,146,74.7,49.1,62.9,0,2,41,19.9,20.5,92.7,1,4,2,66,0,0,0,337,44,215,0,0,22,0
Jernard Phillips,52306,WR,USF,9,33.2,0,327,46.5,,69.9,0,0,0,0.0,0.0,,0,0,0,66,0,0,0,199,0,133,0,0,66,1
Ben Sims,77918,TE,BAYLOR,6,75.9,0,118,61.7,62.5,66.6,1,0,14,40.0,43.2,96.4,0,1,0,66,0,0,0,87,16,37,0,0,50,77
Matt Robinson,82130,QB,ILLINOIS,7,36.3,0,187,44.6,,60.0,0,0,0,0.0,0.0,,2,0,0,66,0,0,0,182,0,104,0,0,66,0
Malik Dunner,45900,WR,BALL ST,12,48.2,0,117,63.7,67.7,59.6,0,0,1,1.7,1.6,100.0,1,0,0,66,0,0,0,137,1,61,0,0,65,0
Connor Robbins,55193,G,GA STATE,5,100.0,0,175,49.1,13.9,54.2,2,1,28,100.0,100.0,94.6,0,3,0,66,0,32,0,66,29,29,34,0,37,0
Cassius Allen,102931,WR,LA LAFAYET,9,61.9,0,207,68.2,,71.0,0,0,0,0.0,0.0,,1,0,0,65,0,0,0,105,0,40,0,0,65,3
Dywan Griffin,97274,WR,UTSA,11,44.8,0,331,49.5,,46.1,0,0,0,0.0,0.0,,1,0,0,65,0,0,0,145,0,78,0,0,65,0
Anthony D. Taylor,34014,HB,TEXAS ST,10,23.6,0,314,64.9,57.5,53.5,1,4,42,24.3,23.5,94.0,1,5,0,65,0,0,0,276,42,179,0,0,23,0
Landry Weber,61349,WR,KANSAS ST,10,48.5,0,199,68.0,,68.2,0,0,0,0.0,0.0,,0,0,0,65,0,0,0,134,0,69,0,0,65,0
Thomas Vieira,61503,WR,NEW MEXICO,7,58.6,0,241,58.0,,61.3,0,0,0,0.0,0.0,,0,0,0,65,0,0,0,111,0,46,0,0,65,0
Gamaliel Barboza,81903,T,UTEP,1,100.0,0,330,65.6,81.4,61.8,1,0,35,100.0,100.0,98.6,1,1,0,65,0,0,0,65,40,40,0,65,25,0
Clayton Welch,60546,QB,SYRACUSE,9,41.1,0,304,60.7,,60.1,0,0,0,0.0,0.0,,1,0,0,65,0,0,0,158,0,83,0,0,65,0
Jack Westover,84079,TE,WASHINGTON,13,80.0,0,340,62.6,70.2,61.9,0,0,1,5.9,5.9,100.0,0,0,0,64,0,0,0,80,1,17,0,0,63,25
Ali'i Niumatalolo,58240,TE,UTAH,7,88.9,0,328,58.8,,57.5,0,0,0,0.0,0.0,,1,0,0,64,0,0,0,72,0,8,0,0,64,66
John Harris,77369,C,VA TECH,5,100.0,0,337,62.9,35.2,66.4,0,4,26,100.0,100.0,92.3,0,4,0,64,44,0,0,64,28,28,20,0,36,0
Khalil Crowder,78240,G,GA SOUTHRN,4,100.0,0,174,69.3,66.1,68.6,0,0,19,100.0,100.0,100.0,0,0,0,64,0,45,0,64,20,20,17,0,44,0
Tyler Badie,83714,HB,MISSOURI,12,17.3,0,229,70.7,67.6,57.7,0,1,33,15.1,15.5,98.5,1,1,0,64,0,0,0,370,36,233,0,0,28,0
Reese White,97197,HB,COAST CAR,10,49.6,0,141,79.0,57.7,69.0,1,0,18,40.0,38.3,97.2,0,1,0,64,0,0,0,129,18,47,0,0,46,1
Dylan Thomas,39948,WR,TCU,5,44.1,0,305,58.4,,48.3,0,0,0,0.0,0.0,,1,0,0,64,0,0,0,145,0,81,0,0,64,0
Alfred Armour,83743,FB,PURDUE,11,74.4,0,273,54.7,40.3,61.7,0,1,13,39.4,39.4,96.2,0,1,0,64,0,0,0,86,13,33,0,0,51,1
Niko Yaramus,41759,G,NAVY,9,100.0,0,237,61.7,82.3,60.2,0,0,6,100.0,100.0,100.0,0,0,0,64,0,53,0,64,7,7,11,0,57,0
Chad Magyar,83785,HB,UNLV,8,24.7,0,325,67.7,53.9,49.9,2,1,45,27.8,27.8,96.7,0,3,0,63,0,0,0,255,47,169,0,0,16,0
Abraham Delfin,59808,C,LA TECH,7,100.0,0,208,76.4,79.7,71.3,0,0,17,100.0,100.0,100.0,0,0,0,63,62,0,0,63,17,17,0,0,46,0
Jared Wilson,83753,HB,S ALABAMA,12,41.7,1,288,55.9,84.3,44.4,0,0,15,29.4,28.6,100.0,2,0,0,63,0,0,0,151,16,56,0,0,47,0
Chase Jasmin,41549,HB,S DIEGO ST,13,26.4,0,284,69.3,42.6,52.2,1,3,48,33.8,33.8,89.6,0,7,3,63,0,0,0,239,49,145,0,0,14,0
Deuce Wallace,40169,QB,VANDERBILT,9,34.1,0,333,28.6,,60.1,0,0,0,0.0,0.0,,0,0,0,63,0,0,0,185,0,118,0,0,63,0
Jerry Howard Jr.,62941,HB,GA TECH,12,44.1,0,176,65.3,72.0,62.5,0,0,30,34.9,34.5,100.0,0,0,0,63,0,0,0,143,30,87,0,0,33,1
Tyce Daniel,60952,TE,MEMPHIS,12,72.4,0,218,65.9,73.7,82.0,0,0,4,14.3,14.3,100.0,1,0,0,63,0,0,0,87,4,28,0,0,59,59
Darius Pinnix Jr.,57192,HB,E CAROLINA,4,29.0,0,156,68.2,74.6,61.0,0,0,36,31.0,33.3,100.0,0,0,0,63,0,0,0,217,41,123,0,0,22,0
Grant Betts,81870,T,TROY,8,98.4,0,318,57.8,48.2,59.4,1,1,18,100.0,95.2,94.4,0,2,0,63,0,0,26,64,20,21,0,31,43,6
Steven Jones,81792,G,OREGON,3,100.0,0,264,57.2,65.0,59.6,0,2,32,100.0,100.0,96.9,1,2,0,63,0,0,23,63,35,35,40,0,28,0
Blake Kern,60848,TE,ARKANSAS,9,95.5,0,111,53.6,74.4,54.3,0,0,3,60.0,57.1,100.0,0,0,0,63,0,0,0,66,4,7,0,0,59,66
Brodarious Hamm,58518,T,AUBURN,5,100.0,0,115,76.6,81.7,72.1,0,0,15,100.0,100.0,100.0,0,0,0,63,0,0,1,63,15,15,0,62,48,0
Gage Welborn,84546,C,CHARLOTTE,4,100.0,0,136,27.3,0.0,46.5,0,1,18,100.0,100.0,97.2,1,1,0,63,63,0,0,63,19,19,0,0,44,0
Michael Mathison,100275,WR,AKRON,9,21.6,0,102,62.2,,63.3,0,0,0,0.0,0.0,,0,0,0,63,0,0,0,291,0,227,0,0,63,0
Tray Eafford,39907,WR,TROY,10,26.1,0,318,65.5,,75.7,0,0,0,0.0,0.0,,0,0,0,63,0,0,0,241,0,178,0,0,63,0
Jamal Jones,33919,HB,ARK STATE,9,27.1,0,113,74.2,79.5,60.6,0,0,43,36.4,36.2,97.7,0,1,1,62,0,0,0,229,46,127,0,0,16,0
Ryan O'Keefe,101139,WR,UCF,9,65.3,0,323,79.3,,61.1,0,0,0,0.0,0.0,,0,0,0,62,0,0,0,95,0,33,0,0,62,0
Dominic Gicinto,84316,WR,MISSOURI,11,29.7,0,229,47.5,,58.2,0,0,0,0.0,0.0,,0,0,0,62,0,0,0,209,0,147,0,0,62,0
Tyler Tupa,43063,WR,OHIO,4,44.6,0,259,67.6,,62.9,0,0,0,0.0,0.0,,0,0,0,62,0,0,0,139,0,77,0,0,62,0
Zach Whaley,77504,T,KENT STATE,5,100.0,0,201,60.7,14.9,75.1,0,4,29,100.0,100.0,93.1,0,4,0,62,0,0,0,62,31,31,0,62,31,0
Tavares Kelly Jr.,78002,WR,VIRGINIA,11,33.7,0,335,63.4,,60.8,0,0,0,0.0,0.0,,0,0,0,62,0,0,0,184,0,116,0,0,62,6
Kelley Joiner Jr.,101124,HB,USF,11,28.6,0,327,68.7,65.6,57.3,0,1,40,34.5,35.7,98.7,1,1,0,62,0,0,0,217,45,126,0,0,17,0
Camron Buckley,61716,WR,TEXAS A&M,13,24.9,0,312,56.8,,61.8,0,0,0,0.0,0.0,,0,0,0,62,0,0,0,249,0,187,0,0,62,1
Brandius Batiste,40358,WR,LA MONROE,8,47.0,0,209,65.0,,62.5,0,0,0,0.0,0.0,,1,0,0,62,0,0,0,132,0,70,0,0,62,0
Trevon Bradford,40116,WR,OREGON ST,4,35.6,0,265,59.1,,52.5,0,0,0,0.0,0.0,,1,0,0,62,0,0,0,174,0,110,0,0,62,4
J.L. Banks,21585,TE,CLEMSON,8,75.6,0,140,53.0,70.1,58.6,0,0,5,21.7,20.0,100.0,0,0,0,62,0,0,0,82,5,25,0,0,57,53
Amari Johnson,98551,WR,UCF,5,72.9,0,323,62.5,,64.5,0,0,0,0.0,0.0,,0,0,0,62,0,0,0,85,0,23,0,0,62,0
Dejon Brissett,28435,WR,VIRGINIA,12,40.3,0,335,50.6,,68.1,0,0,0,0.0,0.0,,0,0,0,62,0,0,0,154,0,92,0,0,62,2
Jaylen Warren,98692,HB,UTAH ST,12,19.9,0,329,70.3,84.3,88.1,0,0,35,21.6,22.3,100.0,1,0,0,62,0,0,0,311,39,175,0,0,23,7
Josh Blancato,62947,WR,GA TECH,10,54.4,0,176,54.2,,58.0,0,0,0,0.0,0.0,,1,0,0,62,0,0,0,114,0,52,0,0,62,0
Alec Burton,77884,TE,OHIO,7,77.5,0,259,58.2,72.2,54.9,0,0,5,21.7,21.7,100.0,0,0,0,62,0,0,0,80,5,23,0,0,57,49
Rico Dowdle,40693,HB,S CAROLINA,10,16.8,0,289,68.7,63.4,64.5,1,1,46,19.8,19.8,97.8,0,2,0,62,0,0,0,369,49,248,0,0,13,0
Austin Burton,60577,QB,UCLA,6,40.7,0,324,69.1,,60.0,0,0,0,0.0,0.0,,1,0,0,61,0,0,0,150,0,83,0,0,61,0
Shane Creamer,60906,TE,HOUSTON,12,85.9,0,182,50.3,34.6,52.1,0,3,14,60.9,58.3,82.1,0,4,1,61,0,0,0,71,14,24,0,0,47,47
Ke'Mon Freeman,45849,HB,SMU,13,21.0,0,287,72.3,84.3,70.6,1,1,47,32.2,32.9,97.9,0,2,0,61,0,0,0,290,51,155,0,0,10,0
Master Teague III,83734,HB,OHIO STATE,13,23.2,0,260,71.0,63.9,59.7,1,1,44,42.7,42.6,97.7,1,2,0,61,0,0,0,263,49,115,0,0,12,0
Audie Omotosho,42280,WR,E CAROLINA,9,42.4,0,156,55.2,,40.4,0,0,0,0.0,0.0,,1,0,0,61,0,0,0,144,0,83,0,0,61,0
Kyle Lanterman,36461,G,UTAH,8,100.0,0,328,78.9,77.3,76.7,0,0,11,100.0,100.0,100.0,0,0,0,61,0,17,18,61,11,11,19,0,50,7
Enokk Vimahi,101548,G,OHIO STATE,3,100.0,0,260,58.4,61.4,57.3,0,0,17,100.0,100.0,100.0,0,0,0,61,0,61,0,61,17,17,0,0,44,0
Hayden Wolff,98362,QB,DOMINION,3,28.8,0,263,50.6,,60.0,0,0,0,0.0,0.0,,0,0,0,61,0,0,0,212,0,148,0,0,61,0
Tyler Fannin,62781,C,VIRGINIA,2,100.0,0,335,58.8,59.3,57.6,0,2,38,100.0,100.0,97.4,0,2,0,61,44,0,0,61,39,39,17,0,22,0
Tommy Lazzaro,41906,QB,C MICHIGAN,11,55.5,0,134,62.9,,60.0,0,0,0,0.0,0.0,,2,0,0,61,0,0,0,110,0,15,0,0,61,0
Jamious Griffin,97189,HB,GA TECH,9,45.9,0,176,63.0,63.8,47.2,1,1,35,49.3,50.0,97.1,0,2,0,61,0,0,0,133,37,74,0,0,24,0
Tommy McIntyre,91786,TE,SMU,9,79.2,0,287,52.6,75.8,52.5,0,0,6,28.6,27.3,100.0,0,0,0,61,0,0,8,77,6,22,0,2,55,44
DJ England-Chisolm,97068,WR,MIDDLE TN,9,37.7,0,224,60.9,,69.3,0,0,0,0.0,0.0,,0,0,0,61,0,0,0,162,0,96,0,0,61,0
Bryant Koback,57266,HB,TOLEDO,12,15.1,0,316,73.3,45.8,56.8,1,1,39,22.5,22.0,94.9,1,3,1,60,0,0,0,397,39,177,0,0,21,0
Luke Matthews,81859,C,TEXAS A&M,5,100.0,0,312,55.0,12.7,66.2,0,2,30,100.0,100.0,96.7,0,2,0,60,49,0,0,60,31,31,11,0,29,0
Kai-Leon Herbert,59843,T,MIAMI FL,4,100.0,0,220,39.6,0.0,57.6,0,5,29,100.0,100.0,87.9,0,6,1,60,0,0,15,60,29,29,25,19,31,0
Terrance Dixon,84195,WR,GA STATE,2,49.2,0,175,64.1,,58.7,0,0,0,0.0,0.0,,0,0,0,60,0,0,0,122,0,62,0,0,60,0
Dakereon Joyner,83554,WR,S CAROLINA,8,33.0,0,289,58.0,,64.9,0,0,0,0.0,0.0,,1,0,0,60,0,0,0,182,0,106,0,0,60,1
Winston Wright Jr.,99537,WR,W VIRGINIA,10,30.3,0,343,50.2,,59.1,0,0,0,0.0,0.0,,0,0,0,60,0,0,0,198,0,137,0,0,60,0
Finley Felix,99430,T,OKLAHOMA,5,100.0,0,261,54.9,75.2,48.7,0,1,25,100.0,100.0,98.0,0,1,0,60,0,0,0,60,26,26,0,60,34,0
Zack Dobson,78831,WR,MIDDLE TN,8,32.3,1,224,75.0,,66.5,0,0,0,0.0,0.0,,1,0,0,60,0,0,0,186,0,107,0,0,60,0
Kevin Perkins,98626,HB,SO MISS,13,19.7,0,296,72.8,52.9,82.9,2,1,37,21.5,21.9,93.2,0,4,1,60,0,0,0,304,39,178,0,0,21,0
Caleb Huntley,57156,HB,BALL ST,12,14.4,0,117,83.4,67.5,55.6,0,0,25,20.0,20.8,100.0,1,0,0,60,0,0,0,416,27,130,0,0,33,0
David Ellis,101663,WR,INDIANA,13,33.5,0,190,66.7,,52.8,0,0,0,0.0,0.0,,0,0,0,60,0,0,0,179,0,110,0,0,60,0
Sam Letton,40115,WR,TROY,11,31.9,0,318,52.5,54.5,76.4,0,0,1,0.8,1.5,100.0,1,0,0,60,1,0,0,188,2,130,0,0,58,2
Khaleb Hood,97159,WR,GA SOUTHRN,13,52.6,0,174,62.5,,61.5,0,0,0,0.0,0.0,,0,0,0,60,0,0,0,114,0,51,0,0,60,0
Jermaine Brown Jr.,97084,HB,UAB,10,34.7,0,321,80.8,73.1,50.3,0,3,33,55.9,55.0,95.5,0,3,0,60,0,0,0,173,33,60,0,0,27,0
Hayden Johnson,25516,TE,ARKANSAS,9,96.8,0,111,58.7,75.6,57.8,0,0,4,66.7,71.4,100.0,0,0,0,60,0,0,0,62,5,7,0,0,55,45
Kenan Christon II,100601,HB,USC,7,26.7,0,326,62.8,53.9,60.2,1,2,49,34.3,36.2,96.9,1,3,0,60,0,0,0,225,54,149,0,0,6,0
Melvin Hill,52107,WR,UMASS,11,36.6,0,216,46.2,,50.0,0,0,0,0.0,0.0,,0,0,0,59,0,0,0,161,0,102,0,0,59,0
Brian Maurer,99123,QB,TENNESSEE,8,36.4,0,307,51.0,,60.0,0,0,0,0.0,0.0,,0,0,0,59,0,0,0,162,0,93,0,0,59,0
Julian Ross,57363,HB,OHIO,9,32.1,0,259,66.4,57.1,62.9,0,2,37,43.5,44.3,97.3,0,2,0,59,0,0,0,184,39,88,0,0,20,0
D.J. Mack Jr.,55405,QB,UCF,9,42.4,0,323,62.8,,60.0,0,0,0,0.0,0.0,,2,0,0,59,0,0,0,139,0,39,0,0,59,0
Delon Hurt,84466,WR,UCLA,10,36.2,0,324,50.3,,63.7,0,0,0,0.0,0.0,,0,0,0,59,0,0,0,163,0,104,0,0,59,2
Artur Sitkowski,83547,QB,RUTGERS,3,40.7,0,278,51.3,,60.0,0,0,0,0.0,0.0,,1,0,0,59,0,0,0,145,0,83,0,0,59,0
Leroy Henley,61229,WR,E CAROLINA,8,46.5,0,156,53.0,,51.2,0,0,0,0.0,0.0,,0,0,0,59,0,0,0,127,0,68,0,0,59,0
Andrew Clair,57167,HB,BOWL GREEN,4,31.1,0,122,74.7,70.4,67.1,0,1,32,34.8,35.5,95.3,0,2,1,59,0,0,0,190,33,93,0,0,26,0
Kellen Diesch,41750,T,TEXAS A&M,5,100.0,0,312,74.1,81.2,68.9,0,0,30,100.0,100.0,100.0,0,0,0,59,0,0,55,59,31,31,0,4,28,0
Bart Clement,99053,G,TEXAS A&M,5,100.0,0,312,51.4,23.9,60.0,0,2,30,100.0,100.0,96.7,1,2,0,59,0,59,0,59,31,31,0,0,28,0
Tory Carter,57063,TE,LSU,10,64.8,0,211,62.6,36.5,82.5,0,0,4,11.8,11.1,100.0,1,0,0,59,0,0,0,91,4,36,0,0,55,45
Corey Taylor II,40707,HB,TULSA,12,26.9,0,320,71.9,35.6,68.0,0,3,48,55.2,57.6,92.7,0,5,2,59,0,0,0,219,53,92,0,0,6,0
Derek Wright,101347,WR,UTAH ST,9,50.9,0,329,68.0,,61.7,0,0,0,0.0,0.0,,0,0,0,59,0,0,0,116,0,57,0,0,59,0
Micaleous Elder,97095,WR,CHARLOTTE,10,37.9,0,136,75.6,,49.9,0,0,0,0.0,0.0,,0,0,0,58,0,0,0,153,0,91,0,0,58,1
Leddie Brown,77766,HB,W VIRGINIA,10,18.1,0,343,67.3,64.5,73.7,1,0,32,17.5,20.1,98.4,0,1,0,58,0,0,0,320,39,194,0,0,19,0
Osiris St. Brown,52279,WR,STANFORD,12,20.2,0,300,58.5,,45.5,0,0,0,0.0,0.0,,3,0,0,58,0,0,0,287,0,227,0,0,58,0
Ricky Slade,83742,HB,PENN STATE,12,34.7,0,266,68.8,40.4,68.2,1,3,24,28.9,27.9,91.7,0,4,0,58,0,0,0,167,24,86,0,0,34,0
Jesse Chamberlain,52243,C,S JOSE ST,1,100.0,0,285,46.0,17.8,56.4,1,0,31,100.0,100.0,91.9,0,3,2,58,58,0,0,58,33,33,0,0,25,0
Jaylen Thomas,97201,HB,COLO STATE,10,24.9,0,144,66.0,72.5,59.0,0,1,43,29.3,29.5,98.8,0,1,0,58,0,0,0,233,44,149,0,0,14,0
Vavae Malepeai,40626,HB,USC,8,19.6,0,326,76.5,52.0,49.7,0,4,44,25.6,26.8,93.2,0,5,1,58,0,0,0,296,48,179,0,0,10,0
Marcus Williams Jr.,40600,HB,APP STATE,14,24.5,0,108,77.2,40.4,70.6,1,3,31,34.8,34.4,93.5,0,4,0,58,0,0,0,237,33,96,0,0,25,0
Christian Mallard,57117,HB,AIR FORCE,7,56.9,0,101,67.8,28.5,58.8,1,1,18,85.7,85.7,94.4,0,2,0,58,0,0,0,102,18,21,0,0,40,0
Tyler Page,61631,WR,SMU,12,34.3,0,287,66.6,,68.3,0,0,0,0.0,0.0,,0,0,0,58,0,0,0,169,0,111,0,0,58,0
DeAndre McNeal,39274,WR,FAU,8,69.0,0,165,59.3,,84.6,0,0,0,0.0,0.0,,0,0,0,58,0,0,0,84,0,26,0,0,58,0
John Turner,78484,TE,MIDDLE TN,9,95.1,0,224,51.9,44.2,52.3,0,2,13,81.3,83.3,92.3,0,2,0,58,0,0,0,61,15,18,0,0,43,13
Mason Kolinchak,81577,T,ARMY,4,100.0,0,114,79.8,73.1,79.6,0,0,1,100.0,100.0,100.0,1,0,0,58,0,0,0,58,2,2,0,44,56,12
Jack Doyle,41833,G,E CAROLINA,3,100.0,0,156,40.2,60.6,43.8,0,1,26,100.0,100.0,98.1,2,1,0,58,0,50,0,58,30,30,0,8,28,0
Jah'Marae Sheread,84443,WR,TEXAS ST,7,30.7,0,314,75.4,,45.6,0,0,0,0.0,0.0,,0,0,0,58,0,0,0,189,0,130,0,0,58,0
Destin Coates,83668,HB,GA STATE,10,27.0,0,175,69.7,76.0,55.5,0,0,31,32.0,33.6,100.0,2,0,0,58,0,0,0,215,37,110,0,0,21,0
Frank Harris,60586,QB,UTSA,4,30.2,0,331,68.3,,60.0,0,0,0,0.0,0.0,,1,0,0,58,0,0,0,192,0,116,0,0,58,0
Jamal Pettigrew,40022,TE,LSU,14,67.4,0,211,48.7,70.9,59.6,0,0,4,12.9,12.5,100.0,0,0,0,58,0,0,0,86,4,32,0,0,54,63
Titus Jones,77418,G,MEMPHIS,6,100.0,0,218,51.0,83.4,48.5,0,0,8,100.0,100.0,100.0,1,0,0,57,0,36,7,57,9,9,1,12,48,1
Tayon Fleet-Davis,57290,HB,MARYLAND,10,27.1,0,215,67.9,48.2,51.2,0,1,17,16.7,16.5,91.2,0,2,1,57,0,0,0,210,18,109,0,0,39,0
Spencer Webb,84033,TE,OREGON,13,30.2,0,264,62.8,,46.2,0,0,0,0.0,0.0,,0,0,0,57,0,0,0,189,0,132,0,0,57,41
Andrew Coker,99459,T,TCU,3,100.0,0,305,65.5,56.0,72.3,1,1,20,100.0,100.0,95.0,2,2,0,57,0,0,0,57,22,22,0,57,35,0
Ben Mason,57070,TE,MICHIGAN,10,80.3,0,222,45.5,71.3,64.7,0,0,4,23.5,23.5,100.0,2,0,0,57,0,0,0,71,4,17,0,0,53,32
Timothy Shafter,60140,T,TULANE,5,100.0,0,319,58.5,78.5,60.6,0,0,10,100.0,100.0,100.0,1,0,0,57,0,0,57,57,10,10,0,0,47,0
Mike Adzima,41120,G,NAVY,6,100.0,0,237,64.2,82.7,62.7,0,0,6,100.0,100.0,100.0,0,0,0,57,0,8,0,57,7,7,49,0,50,0
Cameron Gardner,84310,WR,MISS STATE,7,54.8,0,227,52.9,,72.9,0,0,0,0.0,0.0,,1,0,0,57,0,0,0,104,0,47,0,0,57,0
Brandon Robinson,84179,WR,FAU,7,47.5,0,165,62.2,,50.6,0,0,0,0.0,0.0,,0,0,0,57,0,0,0,120,0,63,0,0,57,0
Jared Wayne,99691,WR,PITTSBURGH,8,29.8,0,268,60.3,,60.1,0,0,0,0.0,0.0,,1,0,0,57,0,0,0,191,0,133,0,0,57,0
TW Ayers,86860,FB,ARK STATE,12,91.9,0,113,62.0,80.6,60.0,0,0,14,77.8,75.0,100.0,0,0,0,57,0,0,0,62,15,20,0,0,42,11
Najee Harris,57121,HB,ALABAMA,13,10.7,0,103,88.1,51.3,86.1,0,4,50,16.7,16.3,92.0,0,6,2,57,0,0,0,535,52,319,0,0,5,0
Jahleel Billingsley,98221,TE,ALABAMA,9,56.4,0,103,58.9,69.5,67.6,0,0,3,7.1,6.4,100.0,0,0,0,57,0,0,0,101,3,47,0,0,54,77
Kemore Gamble,60888,TE,FLORIDA,11,79.2,0,163,39.6,61.6,39.7,0,0,15,50.0,51.6,100.0,1,0,0,57,0,0,0,72,16,31,0,0,41,57
Kwamie Lassiter II,23226,WR,KANSAS,11,21.5,0,198,62.7,,59.0,0,0,0,0.0,0.0,,1,0,0,57,0,0,0,265,0,208,0,0,57,0
Christian Duffie,77484,T,KANSAS ST,3,100.0,0,199,72.7,7.0,74.4,0,0,7,100.0,100.0,85.7,2,1,1,57,0,0,0,57,8,8,0,57,49,0
Levi Williams,98365,QB,WYOMING,3,41.0,0,351,65.9,62.2,60.0,0,0,0,0.0,2.0,,0,0,0,57,0,0,0,139,1,49,0,0,56,0
Nick Kovacs,55371,WR,TOLEDO,12,38.0,0,316,59.0,,67.1,0,0,0,0.0,0.0,,0,0,0,57,0,0,0,150,0,92,0,0,57,0
Devontae Dobbs,101574,T,MICH STATE,4,100.0,0,223,38.5,30.8,42.0,0,4,25,100.0,100.0,92.0,1,4,0,57,0,0,57,57,27,27,0,0,30,0
Colin Grunhard,59979,C,NOTRE DAME,5,100.0,0,258,73.7,79.9,72.8,0,0,16,100.0,100.0,100.0,1,0,0,57,57,0,0,57,18,18,0,0,39,0
Jordan Young,77956,WR,FLORIDA ST,10,49.1,0,167,64.7,,50.8,0,0,0,0.0,0.0,,0,0,0,57,0,0,0,116,0,59,0,0,57,0
Trey Palmer,99248,WR,LSU,6,55.9,1,211,45.2,,66.0,0,0,0,0.0,0.0,,2,0,0,57,0,0,0,102,0,45,0,0,57,7
Gunnar Watson,83570,QB,TROY,6,65.9,0,318,45.9,,60.0,0,0,0,0.0,0.0,,0,0,0,56,0,0,0,85,0,24,0,0,56,0
Andrew Vorhees,60818,G,USC,2,100.0,0,326,65.3,66.3,64.6,0,0,26,100.0,100.0,100.0,0,0,0,56,0,0,0,56,28,28,56,0,28,0
Jawon Pass,40916,QB,LOUISVILLE,2,44.1,0,210,60.6,,60.0,0,0,0,0.0,0.0,,1,0,0,56,0,0,0,127,0,60,0,0,56,0
Nick Szpor,40523,WR,WYOMING,7,84.8,0,351,56.6,,62.3,0,0,0,0.0,0.0,,0,0,0,56,0,0,0,66,0,10,0,0,56,0
Ainias Smith,99207,WR,TEXAS A&M,12,26.3,0,312,74.8,72.2,55.8,0,0,2,1.4,1.3,100.0,0,0,0,56,0,0,0,213,2,153,0,0,54,0
Niko Hea,99192,TE,MISSOURI,10,67.5,0,229,52.0,27.6,53.8,0,0,2,7.1,10.0,100.0,0,0,0,56,0,0,0,83,3,30,0,0,53,51
Noah Cain,97185,HB,PENN STATE,10,28.0,0,266,80.2,65.1,53.2,1,1,24,28.9,31.8,95.8,0,2,0,56,0,0,0,200,28,88,0,0,28,0
Markos Lujan,37274,G,UTEP,5,100.0,0,330,33.1,0.0,50.2,0,0,28,100.0,100.0,100.0,0,0,0,56,26,0,0,56,29,29,30,0,27,0
Ben Adler,59778,G,KANSAS ST,3,100.0,0,199,75.7,80.3,74.1,0,0,7,100.0,100.0,100.0,0,0,0,56,0,4,0,56,8,8,52,0,48,0
Evan Fields,77417,G,MEMPHIS,5,100.0,0,218,69.1,64.4,68.3,0,1,9,100.0,100.0,94.4,0,1,0,56,0,0,0,56,9,9,55,0,47,0
Devin Culp,84080,TE,WASHINGTON,10,80.9,0,340,48.3,49.9,59.0,1,0,2,13.3,13.3,75.0,1,1,0,55,0,0,6,68,2,15,0,3,53,38
Trejan Bridges,97600,WR,OKLAHOMA,7,59.1,0,261,68.8,65.4,60.2,0,0,2,5.1,5.0,100.0,3,0,0,55,0,0,0,93,2,40,0,0,53,0
Jamal Glaspie,97402,WR,FRESNO ST,11,37.4,0,169,52.5,,38.6,0,0,0,0.0,0.0,,1,0,0,55,0,0,0,147,0,92,0,0,55,0
Carlos Davis,83755,HB,S ALABAMA,11,35.5,0,288,62.4,23.2,65.0,1,2,14,26.9,27.8,89.3,0,3,0,55,0,0,0,155,15,54,0,0,40,0
DeAndre Torrey,83728,HB,N TEXAS,9,19.4,0,251,69.1,25.3,55.3,1,5,40,21.4,21.3,90.0,0,7,1,55,0,0,0,284,42,197,0,0,13,0
Xavier Graham,98041,G,UMASS,2,100.0,0,216,36.0,28.3,32.8,0,2,32,100.0,100.0,93.7,0,3,1,55,0,0,0,55,32,32,55,0,23,0
Sheldon Evans,83699,HB,MARSHALL,11,31.6,0,214,76.2,67.2,63.4,0,2,28,38.4,36.4,96.4,0,2,0,55,0,0,0,174,28,77,0,0,27,0
Cristian Solano,33330,QB,NEVADA,11,43.7,0,239,65.9,,62.8,0,0,0,0.0,0.0,,1,0,0,55,0,0,0,126,0,57,0,0,55,0
Tyler Johnson,40470,T,TULANE,1,100.0,0,319,62.2,86.0,54.8,0,0,22,100.0,100.0,100.0,0,0,0,55,0,0,55,55,25,25,0,0,30,0
Will Levis,83542,QB,PENN STATE,7,34.8,0,266,57.3,,60.0,0,0,0,0.0,0.0,,0,0,0,55,0,0,0,158,0,58,0,0,55,0
Dylan McDuffie,77703,HB,BUFFALO,9,45.8,0,126,63.9,77.9,54.5,0,0,5,11.9,10.6,100.0,0,0,0,55,0,0,0,120,5,47,0,0,50,24
Max Rosenthal,57072,TE,MICH STATE,12,88.7,0,223,62.9,57.9,57.1,0,0,5,41.7,41.7,100.0,0,0,0,55,0,0,0,62,5,12,0,0,50,25
Joe Wilkins Jr.,84347,WR,NOTRE DAME,6,67.9,0,258,54.7,,68.9,0,0,0,0.0,0.0,,0,0,0,55,0,0,0,81,0,26,0,0,55,0
Ke'von Ahmad,78049,WR,UCF,6,71.4,0,323,60.3,,72.9,0,0,0,0.0,0.0,,0,0,0,55,0,0,0,77,0,22,0,0,55,0
Breck Turner,34682,HB,E MICHIGAN,12,21.7,0,160,59.5,49.1,43.4,0,1,29,16.2,16.1,98.3,0,1,0,55,0,0,0,253,31,193,0,0,24,0
Andrew Craig,42160,TE,TENNESSEE,12,84.4,0,307,81.5,70.7,81.5,0,0,5,35.7,33.3,100.0,0,0,0,54,0,0,2,64,5,15,0,0,49,50
Grant Calcaterra,60997,WR,OKLAHOMA,5,41.2,0,261,61.3,67.4,71.2,0,0,2,2.7,2.5,100.0,0,0,0,54,0,0,0,131,2,79,0,0,52,11
Messiah deWeaver,40096,QB,DOMINION,5,31.0,0,263,61.5,,60.0,0,0,0,0.0,0.0,,1,0,0,54,0,0,0,174,0,103,0,0,54,0
Nick Gibson,34474,HB,MISS STATE,11,29.3,0,227,77.0,21.5,55.2,0,5,27,26.5,26.2,90.7,0,5,0,54,0,0,0,184,27,103,0,0,27,0
Timmie Gibson,84456,WR,TROY,9,52.4,0,318,53.5,,58.3,0,0,0,0.0,0.0,,0,0,0,54,0,0,0,103,0,49,0,0,54,0
Gerry Bohanon,77636,QB,BAYLOR,10,40.3,0,118,63.7,,60.0,0,0,0,0.0,0.0,,2,0,0,54,0,0,0,134,0,42,0,0,54,0
Noah Johnson,99436,C,KANSAS ST,3,100.0,0,199,79.1,79.1,73.7,0,0,8,100.0,100.0,100.0,0,0,0,54,48,0,0,54,9,9,6,0,45,0
Demetric Felton Jr.,40568,HB,UCLA,12,12.8,0,324,72.6,49.9,58.8,1,2,28,9.3,9.2,91.1,0,4,1,54,0,0,0,421,28,306,0,0,26,6
Xavier Williams,57263,HB,KENT STATE,11,25.6,0,201,70.7,72.2,56.5,1,0,28,30.1,29.7,98.2,1,1,0,54,0,0,0,211,30,101,0,0,24,0
Bryce Effner,81801,G,PENN STATE,5,100.0,0,266,62.4,41.7,63.3,1,0,15,100.0,100.0,96.7,0,1,0,53,0,46,7,53,15,15,0,0,38,0
Maurice Bell,61215,WR,COLORADO,11,65.4,0,143,50.9,,60.0,0,0,0,0.0,0.0,,0,0,0,53,0,0,0,81,0,28,0,0,53,0
Richard Bates Jr.,98665,C,E MICHIGAN,4,100.0,0,160,56.8,47.6,58.9,0,2,37,100.0,100.0,97.3,0,2,0,53,53,0,0,53,39,39,0,0,14,0
KT Leveston,77487,T,KANSAS ST,3,100.0,0,199,69.3,80.6,66.1,0,0,6,100.0,100.0,100.0,0,0,0,53,0,0,53,53,7,7,0,0,46,0
V'Lique Carter,76628,HB,PITTSBURGH,13,22.2,0,268,69.3,69.1,84.8,0,3,35,23.2,22.4,95.7,0,3,0,53,0,0,0,239,35,156,0,0,18,0
Logan Christopherson,60966,TE,MISSOURI,9,89.8,0,229,60.5,67.9,60.1,0,0,2,25.0,25.0,100.0,0,0,0,53,0,0,2,59,2,8,0,0,51,54
D'Andre Swift,57212,HB,GEORGIA,14,11.8,0,173,80.4,80.8,58.1,0,2,26,12.1,12.7,96.2,0,2,0,53,0,0,0,451,29,229,0,0,24,0
Nick Tronti,60409,QB,FAU,11,41.7,0,165,89.5,,60.0,0,0,0,0.0,0.0,,0,0,0,53,0,0,0,127,0,24,0,0,53,0
Robert Washington,45718,HB,DOMINION,12,32.3,0,263,63.0,25.8,69.1,1,1,24,29.3,29.1,95.8,0,2,0,53,0,0,0,164,25,86,0,0,28,2
Brad Anderson,57302,HB,MIDDLE TN,11,23.2,0,224,61.0,36.0,61.0,0,0,15,10.6,9.9,93.3,1,1,1,53,0,0,0,228,15,152,0,0,38,0
Ryan Winkel,81563,T,ARKANSAS,6,100.0,0,111,59.2,75.0,52.6,0,1,24,100.0,100.0,97.9,0,1,0,53,0,0,0,53,27,27,0,53,26,0
Donavaughn Campbell,41763,G,LSU,6,100.0,0,211,63.7,25.7,69.0,0,3,22,100.0,100.0,93.2,0,3,0,53,0,10,0,53,22,22,43,0,31,0
Elijah Davis,83736,HB,DOMINION,11,26.8,0,263,75.3,54.2,53.0,0,4,31,33.3,33.0,93.5,0,4,0,53,0,0,0,198,33,100,0,0,20,0
Blake Watson,84363,HB,DOMINION,10,37.6,0,263,70.7,47.9,66.3,0,0,16,21.1,20.5,100.0,0,0,0,53,0,0,0,141,16,78,0,0,37,0
Tahj Washington,97288,WR,MEMPHIS,4,76.8,0,218,65.1,,59.9,0,0,0,0.0,0.0,,0,0,0,53,0,0,0,69,0,16,0,0,53,0
Cam Roberson,98736,HB,UMASS,12,15.9,0,216,59.2,36.6,54.0,1,3,31,16.8,17.0,90.3,0,5,1,52,0,0,0,327,33,194,0,0,19,0
Isaiah Miranda,42712,TE,BOSTON COL,6,92.9,0,121,57.1,70.3,48.6,0,0,1,20.0,33.3,100.0,0,0,0,52,0,0,0,56,2,6,0,0,50,33
BJ Busbee,84394,WR,S DIEGO ST,12,25.6,0,284,56.6,,62.1,0,0,0,0.0,0.0,,1,0,0,52,0,0,0,203,0,149,0,0,52,0
Eddie Lewis,84390,WR,RUTGERS,4,58.4,0,278,68.2,,67.0,0,0,0,0.0,0.0,,0,0,0,52,0,0,0,89,0,37,0,0,52,0
Reagan Williams,38401,FB,RICE,3,88.1,0,275,60.1,78.1,49.6,0,0,8,72.7,75.0,100.0,1,0,0,52,0,0,0,59,9,12,0,0,43,2
Hayden Mahoney,46202,T,BOSTON COL,10,100.0,0,121,60.2,70.5,57.4,1,0,12,100.0,100.0,95.8,0,1,0,52,0,0,0,52,16,16,0,48,36,0
Justin Britt,101594,G,IOWA,4,100.0,0,192,60.5,31.1,62.8,0,0,19,100.0,100.0,94.7,0,1,1,52,0,0,0,52,19,19,52,0,33,0
De'Vion Warren,61141,WR,ARKANSAS,9,50.0,0,111,64.2,,71.9,0,0,0,0.0,0.0,,0,0,0,52,0,0,0,104,0,48,0,0,52,0
Mac Hippenhammer,61591,WR,PENN STATE,9,50.5,0,266,55.0,,61.4,0,0,0,0.0,0.0,,0,0,0,52,0,0,0,103,0,51,0,0,52,0
Luke Schoonmaker,84005,TE,MICHIGAN,8,74.3,0,222,57.7,69.3,51.9,0,0,4,20.0,21.7,100.0,1,0,0,52,0,0,0,70,5,23,0,0,47,64
Cade Cote,36754,G,ARIZONA ST,4,100.0,0,110,55.9,48.1,55.5,0,1,24,100.0,100.0,97.9,0,1,0,52,0,21,0,52,28,28,31,0,24,0
Michael Wiggs,41166,G,USF,6,100.0,0,327,71.5,49.4,72.7,1,0,20,100.0,100.0,97.5,0,1,0,52,17,31,0,52,22,22,3,0,30,0
Darryl Long,28816,TE,AKRON,9,48.6,0,102,42.0,60.2,36.8,0,0,18,26.1,24.7,94.4,1,1,1,52,0,0,0,107,18,73,0,0,34,55
Isaiah Hazel,97661,WR,MARYLAND,6,68.4,0,215,55.6,,72.5,0,0,0,0.0,0.0,,0,0,0,52,0,0,0,76,0,24,0,0,52,0
Erick Nisich,83480,G,CAL,2,100.0,0,130,54.0,36.4,55.8,2,1,31,100.0,100.0,95.2,1,3,0,52,0,38,0,52,33,33,14,0,19,0
D'Marcus Hayes,59700,G,GEORGIA,6,100.0,0,173,66.3,57.2,66.1,0,1,17,100.0,100.0,97.1,0,1,0,52,0,13,8,52,19,19,20,10,33,1
Trevor Terry,61666,WR,SO MISS,13,34.7,0,296,62.5,,49.5,0,0,0,0.0,0.0,,0,0,0,52,0,0,0,150,0,98,0,0,52,3
Shelton Zeon III,84069,TE,UNLV,8,70.8,0,325,54.9,68.4,59.2,0,0,4,16.0,16.0,100.0,0,0,0,51,0,0,0,72,4,25,0,0,47,54
Stephen Lewerenz,77422,G,TULANE,5,100.0,0,319,51.6,60.0,54.7,1,0,10,100.0,100.0,95.0,1,1,0,51,0,51,0,51,10,10,0,0,41,0
Terry Wilson,40709,QB,KENTUCKY,2,39.2,0,202,75.6,,60.6,0,0,0,0.0,0.0,,0,0,0,51,0,0,0,130,0,67,0,0,51,0
Simi Fehoko,84424,WR,STANFORD,12,15.3,0,300,67.6,,60.5,0,0,0,0.0,0.0,,0,0,0,51,0,0,0,333,0,282,0,0,51,0
Terrence Horne,86859,WR,USF,10,40.5,0,327,56.3,,51.7,0,0,0,0.0,0.0,,1,0,0,51,0,0,0,126,0,75,0,0,51,0
Thomas Jackson,47583,WR,LOUISVILLE,5,45.5,0,210,58.1,,69.1,0,0,0,0.0,0.0,,0,0,0,51,0,0,0,112,0,61,0,0,51,0
Tre Siggers,57347,HB,N TEXAS,10,15.5,0,251,78.9,78.0,66.1,0,0,39,24.4,25.3,100.0,0,0,0,51,0,0,0,330,42,166,0,0,9,0
Britt Beery,56648,G,INDIANA,4,100.0,0,190,60.3,79.4,58.5,0,0,10,100.0,100.0,100.0,0,0,0,51,0,51,0,51,11,11,0,0,40,0
Oakley Lavallii,40522,TE,C MICHIGAN,8,94.4,0,134,56.4,68.3,48.9,0,0,2,50.0,50.0,100.0,0,0,0,51,0,0,0,54,2,4,0,0,49,35
Mycah Pittman,97270,WR,OREGON,7,32.3,0,264,70.4,,62.0,0,0,0,0.0,0.0,,0,0,0,51,0,0,0,158,0,107,0,0,51,1
Cam Cooper,78170,WR,W MICHIGAN,10,66.2,0,347,54.9,,60.9,0,0,0,0.0,0.0,,1,0,0,51,0,0,0,77,0,26,0,0,51,0
Joshua Donovan,98647,G,ARIZONA,3,100.0,0,109,61.5,65.9,60.0,0,0,23,100.0,100.0,95.7,0,1,1,51,0,24,0,51,24,24,27,0,27,0
Velton Gardner,97110,HB,KANSAS,10,34.9,0,198,65.5,53.4,58.1,0,3,33,33.3,36.8,95.5,0,3,0,51,0,0,0,146,39,106,0,0,12,0
Keyon Lesane,97464,WR,NC STATE,11,43.9,0,248,56.6,,58.6,0,0,0,0.0,0.0,,2,0,0,50,0,0,0,114,0,59,0,0,50,4
Stacey Wilkins,99431,T,OKLAHOMA,4,100.0,0,261,67.0,72.0,63.4,0,1,23,100.0,100.0,97.8,0,1,0,50,0,0,50,50,24,24,0,0,26,0
Vontravious Hall,83526,QB,NEW MEXICO,3,44.2,0,241,55.2,,60.1,0,0,0,0.0,0.0,,0,0,0,50,0,0,0,113,0,41,0,0,50,0
Tre'Veon Hamilton,61421,WR,S ALABAMA,12,38.8,0,288,51.9,,60.3,0,0,0,0.0,0.0,,3,0,0,50,0,0,0,129,0,79,0,0,50,0
Emery Simmons,99584,WR,N CAROLINA,11,54.9,0,245,63.1,,52.2,0,0,0,0.0,0.0,,0,0,0,50,0,0,0,91,0,41,0,0,50,0
Logan Holgorsen,101053,QB,HOUSTON,7,58.8,0,182,45.8,,60.8,0,0,0,0.0,0.0,,1,0,0,50,0,0,0,85,0,32,0,0,50,0
Trestan Ebner,57159,HB,BAYLOR,14,25.0,0,118,76.3,48.8,55.7,0,2,29,24.2,24.8,93.1,0,3,1,50,0,0,0,200,32,129,0,0,18,1
Will Farniok,81750,C,NEBRASKA,3,100.0,0,238,59.2,78.6,57.0,0,0,15,100.0,100.0,100.0,0,0,0,50,50,0,0,50,15,15,0,0,35,0
Aaron McAllister,42962,HB,CHARLOTTE,11,23.7,0,136,74.4,46.4,60.8,0,1,9,11.3,10.3,94.4,0,1,0,50,0,0,0,211,9,87,0,0,41,0
Jadon Jackson,97800,WR,OLE MISS,8,68.5,0,226,76.9,,71.7,0,0,0,0.0,0.0,,0,0,0,50,0,0,0,73,0,23,0,0,50,0
Phillip Brooks,78138,WR,KANSAS ST,12,31.3,0,199,85.5,,68.3,0,0,0,0.0,0.0,,1,0,0,50,0,0,0,160,0,103,0,0,50,0
Hayden Sturdevant,57105,G,SO MISS,9,100.0,0,296,55.2,5.1,62.6,1,1,16,100.0,100.0,93.7,0,2,0,50,0,12,0,50,17,17,30,0,33,1
Deon McIntosh,41088,HB,WASH STATE,13,23.5,0,341,64.7,26.0,71.9,1,4,33,18.9,18.9,92.4,0,5,0,50,0,0,0,213,34,180,0,0,16,0
Darrius Scott,40042,WR,FIU,9,39.1,0,166,46.9,,59.0,0,0,0,0.0,0.0,,0,0,0,50,0,0,0,128,0,78,0,0,50,0
Mydreon Vines,61225,WR,E CAROLINA,6,47.2,0,156,51.0,,61.3,0,0,0,0.0,0.0,,0,0,0,50,0,0,0,106,0,56,0,0,50,0
Malik Jackson,84267,WR,LA MONROE,9,50.0,0,209,65.3,,76.9,0,0,0,0.0,0.0,,0,0,0,50,0,0,0,100,0,50,0,0,50,0
Jaray Jenkins,84274,WR,LSU,7,56.2,0,211,63.2,,59.9,0,0,0,0.0,0.0,,0,0,0,50,0,0,0,89,0,39,0,0,50,0
Griffin Palmer,42087,TE,ILLINOIS,10,83.3,0,187,55.2,9.5,48.6,1,0,3,30.0,23.1,83.3,0,1,0,50,0,0,1,60,3,13,0,0,47,36
Patrick Taylor,40448,HB,MEMPHIS,6,23.8,0,218,65.1,79.0,54.6,0,0,26,25.0,24.5,100.0,0,0,0,50,0,0,0,210,27,110,0,0,23,0
Shakif Seymour,40052,HB,TOLEDO,12,13.7,0,316,72.2,62.9,65.5,0,0,33,18.5,18.9,100.0,0,0,0,49,0,0,0,358,36,190,0,0,13,0
Feleipe Franks,40217,QB,FLORIDA,3,32.2,0,163,61.8,,60.0,0,0,0,0.0,0.0,,0,0,0,49,0,0,0,152,0,88,0,0,49,0
A.T. Perry,77975,WR,WAKE,6,62.8,0,339,73.3,,71.8,0,0,0,0.0,0.0,,0,0,0,49,0,0,0,78,0,29,0,0,49,0
Brandon Junk,35922,TE,AKRON,6,61.3,0,102,55.5,76.1,59.0,0,0,16,35.6,35.4,100.0,0,0,0,49,0,0,0,80,17,48,0,0,32,46
SaRodorick Thompson,77777,HB,TEXAS TECH,12,9.3,0,315,77.3,68.9,67.7,0,0,35,10.4,10.5,100.0,0,0,0,49,0,0,0,525,37,354,0,0,12,1
Aron Cruickshank,84516,WR,WISCONSIN,10,67.1,0,349,68.9,,67.3,0,0,0,0.0,0.0,,0,0,0,49,0,0,0,73,0,11,0,0,49,0
Isiah Upton,33687,WR,MIDDLE TN,11,38.3,1,224,59.4,,71.7,0,0,0,0.0,0.0,,1,0,0,49,0,0,0,128,0,79,0,0,49,0
Slade Bolden,84089,WR,ALABAMA,11,62.8,0,103,74.3,,73.4,0,0,0,0.0,0.0,,0,0,0,49,0,0,0,78,0,25,0,0,49,0
Raheem Blackshear,57385,HB,RUTGERS,4,27.2,0,278,74.6,30.8,60.4,1,2,10,9.6,11.4,85.0,0,3,0,49,0,0,0,180,13,114,0,0,36,4
Marcus McElroy Jr.,52041,HB,COLO STATE,11,26.2,1,144,64.7,46.8,57.6,1,2,36,39.1,38.7,95.8,1,3,0,49,0,0,0,187,36,93,0,0,13,0
Peje' Harris,77994,WR,GA TECH,10,46.7,0,176,58.0,,68.7,0,0,0,0.0,0.0,,0,0,0,49,0,0,0,105,0,56,0,0,49,0
D.L. Knock,40488,WR,OHIO,13,57.6,0,259,60.3,63.9,52.8,0,0,1,2.8,2.7,100.0,0,0,0,49,0,0,0,85,1,37,0,0,48,4
Ra'Von Bonner,57238,HB,ILLINOIS,12,26.5,0,187,63.0,47.8,57.3,0,2,25,29.1,28.4,92.0,1,3,1,49,0,0,0,185,27,95,0,0,22,0
Jaqwis Dancy,34243,HB,LA TECH,6,28.4,0,208,72.3,68.8,53.9,1,4,39,34.2,34.7,93.6,0,5,0,48,0,0,0,169,41,118,0,0,7,0
Brian Smith Jr.,98734,WR,LA LAFAYET,8,46.2,0,207,65.8,,51.9,0,0,0,0.0,0.0,,2,0,0,48,0,0,0,104,0,56,0,0,48,1
Keshawn King,99612,HB,VA TECH,11,29.8,0,337,75.0,83.5,48.1,0,0,16,30.8,30.8,100.0,0,0,0,48,0,0,0,161,16,52,0,0,32,0
Jake Marwede,60879,TE,DUKE,9,84.2,0,154,58.0,77.5,58.7,0,0,7,43.8,43.8,100.0,0,0,0,48,0,0,0,57,7,16,0,0,41,26
Keaton Bills,100524,G,UTAH,3,100.0,0,328,63.9,23.2,67.0,1,2,14,100.0,100.0,89.3,0,3,0,48,0,48,0,48,14,14,0,0,34,0
Dustin Burkhart,61098,WR,AKRON,4,28.1,1,102,72.5,,71.4,0,0,0,0.0,0.0,,1,0,0,48,0,0,0,171,0,123,0,0,48,0
K.J. Minter,61561,WR,OHIO,7,72.7,0,259,61.6,,63.5,0,0,0,0.0,0.0,,0,0,0,48,0,0,0,66,0,18,0,0,48,0
Michael Ezeike,84464,WR,UCLA,7,71.6,0,324,55.2,,63.7,0,0,0,0.0,0.0,,0,0,0,48,0,0,0,67,0,19,0,0,48,1
Jeremy Lewis,98113,TE,E CAROLINA,9,54.5,0,156,63.1,46.6,49.4,0,1,10,21.7,20.0,95.0,0,1,0,48,0,0,0,88,10,50,0,0,38,53
Mark Pope,78014,WR,MIAMI FL,12,25.8,0,220,60.3,,56.7,0,0,0,0.0,0.0,,0,0,0,48,0,0,0,186,0,137,0,0,48,0
Al'vonte Woodard,99531,WR,TEXAS,8,47.1,0,311,56.5,,61.0,0,0,0,0.0,0.0,,1,0,0,48,0,0,0,102,0,54,0,0,48,0
Tristan Gebbia,60475,QB,OREGON ST,4,38.7,0,265,57.9,,60.0,0,0,0,0.0,0.0,,0,0,0,48,0,0,0,124,0,74,0,0,48,0
Terrell Perriman,84477,WR,UTAH,8,72.7,0,328,57.3,,70.5,0,0,0,0.0,0.0,,0,0,0,48,0,0,0,66,0,17,0,0,48,0
Riley Anderson,40932,G,TEXAS A&M,5,100.0,0,312,63.2,51.2,64.4,0,1,23,100.0,100.0,97.8,0,1,0,48,0,0,0,48,24,24,27,21,24,0
Kurt Stengel,60808,T,NAVY,5,100.0,0,237,71.0,17.6,71.2,0,0,3,100.0,100.0,66.7,0,1,1,48,0,0,40,48,4,4,0,5,44,3
Michael Curtis,52108,QB,UMASS,3,34.5,0,216,63.2,,60.0,0,0,0,0.0,0.0,,1,0,0,48,0,0,0,139,0,75,0,0,48,0
Brett Kean,46591,QB,CHARLOTTE,7,53.9,0,136,69.5,,60.0,0,0,0,0.0,0.0,,0,0,0,48,0,0,0,89,0,32,0,0,48,0
Taleni Suhren,44879,G,WAKE,5,100.0,0,339,56.9,25.5,58.3,0,0,8,100.0,100.0,100.0,0,0,0,48,0,0,0,48,8,8,34,14,40,0
Coye' Fairman,61420,WR,MEMPHIS,5,84.2,0,218,58.1,,60.5,0,0,0,0.0,0.0,,0,0,0,48,0,0,0,57,0,9,0,0,48,0
Juwan Washington,39354,HB,S DIEGO ST,9,16.0,0,284,69.2,61.2,58.5,0,1,23,19.2,21.6,97.8,0,1,0,48,0,0,0,300,27,125,0,0,21,0
Kylan Watkins,63239,HB,MEMPHIS,11,29.1,0,218,79.9,52.5,51.8,0,1,16,24.2,23.2,96.9,0,1,0,48,0,0,0,165,16,69,0,0,32,0
Tyler Byrd,47660,WR,TENNESSEE,12,59.3,0,307,63.4,,75.6,0,0,0,0.0,0.0,,0,0,0,48,0,0,0,81,0,33,0,0,48,1
Kam Martin,42395,HB,AUBURN,12,29.4,0,115,60.1,24.0,42.9,1,3,24,30.8,30.8,91.7,0,4,0,48,0,0,0,163,24,78,0,0,24,0
Jahquan Bloomfield,84269,WR,LA MONROE,10,42.5,0,209,48.2,,74.1,0,0,0,0.0,0.0,,0,0,0,48,0,0,0,113,0,65,0,0,48,0
Noah Barnes,42031,TE,MARYLAND,8,78.7,0,215,70.7,67.4,74.5,0,0,0,0.0,7.1,,0,0,0,48,0,0,0,61,1,14,0,0,47,58
Connor Adair,60445,QB,MEMPHIS,5,72.7,0,218,82.9,,60.0,0,0,0,0.0,0.0,,4,0,0,48,0,0,0,66,0,15,0,0,48,0
Alex Keys,36928,C,W MICHIGAN,4,100.0,0,347,61.2,76.6,59.6,0,0,7,100.0,100.0,100.0,0,0,0,48,48,0,0,48,7,7,0,0,41,0
Jordan Houston,99592,HB,NC STATE,12,18.1,0,248,66.9,46.0,38.0,1,2,29,21.8,22.1,94.8,0,3,0,47,0,0,0,259,31,140,0,0,16,0
George Takacs,84027,TE,NOTRE DAME,6,85.5,0,258,89.9,67.8,82.5,0,0,1,11.1,11.1,100.0,0,0,0,47,0,0,0,55,1,9,0,0,46,25
JoJo Dorceus,56701,ED,MEMPHIS,12,94.0,0,218,74.1,72.6,73.7,0,0,3,60.0,50.0,100.0,1,0,0,47,0,0,0,50,3,6,0,0,44,1
Noah Vedral,55406,QB,NEBRASKA,5,35.6,0,238,73.7,,60.1,0,0,0,0.0,0.0,,0,0,0,47,0,0,0,132,0,64,0,0,47,0
Jessie Britt,52101,WR,UMASS,5,44.8,0,216,68.4,,52.6,0,0,0,0.0,0.0,,0,0,0,47,0,0,0,105,0,58,0,0,47,0
Jermaine Braddock,84400,WR,S JOSE ST,12,34.3,0,285,60.8,,62.9,0,0,0,0.0,0.0,,1,0,0,47,0,0,0,137,0,90,0,0,47,0
Emory Jones,82111,QB,FLORIDA,11,36.2,0,163,80.8,,60.0,0,0,0,0.0,0.0,,0,0,0,47,0,0,0,130,0,41,0,0,47,0
Alex Forsyth,60012,G,OREGON,6,100.0,1,264,66.3,48.8,67.3,0,2,14,100.0,100.0,92.9,1,2,0,47,0,26,0,47,15,15,11,6,32,4
Mohelika Uasike,44492,G,UTAH ST,3,100.0,0,329,47.4,82.4,46.8,0,0,22,100.0,100.0,100.0,1,0,0,47,0,23,0,47,22,22,24,0,25,0
Latrell Bible,98236,G,WYOMING,3,100.0,0,351,44.4,54.6,39.8,0,2,24,100.0,100.0,95.8,0,2,0,47,0,45,0,47,26,26,1,1,21,0
Tiller Bucktrot,41807,G,TULSA,5,100.0,0,320,64.8,82.6,67.4,0,0,21,100.0,100.0,100.0,1,0,0,47,0,10,0,47,22,22,37,0,25,0
Michael Wiley,98617,HB,ARIZONA,11,28.5,0,109,64.6,28.0,74.2,1,1,16,15.7,16.3,93.7,0,2,0,47,0,0,0,165,17,104,0,0,30,0
Jacob Kizer,61073,TE,WASHINGTON,7,83.9,0,340,50.6,41.5,61.3,0,1,4,30.8,40.0,87.5,1,1,0,47,0,0,0,56,6,15,0,0,41,52
Conner Parsons,81712,G,LA MONROE,4,100.0,0,209,55.6,82.6,50.6,0,0,20,100.0,100.0,100.0,0,0,0,47,0,0,0,47,20,20,47,0,27,0
Tavien Feaster,40616,HB,S CAROLINA,10,13.7,0,289,76.5,82.7,58.9,0,0,34,16.8,17.8,100.0,0,0,0,47,0,0,0,343,37,208,0,0,10,0
Laress Nelson,61445,WR,MICH STATE,13,38.5,0,223,53.9,,51.6,0,0,0,0.0,0.0,,0,0,0,47,0,0,0,122,0,74,0,0,47,0
Cade Sutherland,61636,WR,S ALABAMA,12,24.2,0,288,58.5,,50.4,0,0,0,0.0,0.0,,0,0,0,47,0,0,0,194,0,146,0,0,47,0
Zach Farrar,40102,WR,AUBURN,4,75.8,0,115,76.5,,64.2,0,0,0,0.0,0.0,,0,0,0,47,0,0,0,62,0,15,0,0,47,0
Mason Trotter,99652,G,CLEMSON,4,100.0,0,140,80.7,81.9,80.0,0,0,15,100.0,100.0,100.0,0,0,0,47,0,35,0,47,17,17,12,0,30,0
Asim Richards,99674,T,N CAROLINA,4,100.0,1,245,61.7,75.4,59.5,0,0,5,100.0,100.0,100.0,1,0,0,47,0,0,27,47,6,6,0,20,41,0
Donte Banton,100633,WR,UTAH,7,81.0,0,328,66.0,,73.9,0,0,0,0.0,0.0,,0,0,0,47,0,0,0,58,0,11,0,0,47,0
Brett Bostad,77034,FB,N ILLINOIS,11,88.7,0,254,43.4,77.8,38.5,0,0,4,40.0,40.0,100.0,0,0,0,47,0,0,0,53,4,10,0,0,43,3
William Barnes,77356,G,N CAROLINA,3,100.0,0,245,60.4,69.0,58.8,0,0,13,100.0,100.0,100.0,0,0,0,47,0,0,0,47,15,15,47,0,32,0
Brendan O'Leary-Orange,34920,WR,NEVADA,7,25.0,0,239,50.2,,60.3,0,0,0,0.0,0.0,,2,0,0,46,0,0,0,184,0,138,0,0,46,0
TreVontae Hights,48322,WR,TCU,5,40.4,0,305,54.8,,73.4,0,0,0,0.0,0.0,,0,0,0,46,0,0,0,114,0,68,0,0,46,0
Willie Parker,40315,HB,E MICHIGAN,11,33.8,0,160,55.2,76.3,60.5,0,1,22,31.4,30.1,97.7,0,1,0,46,0,0,0,136,22,73,0,0,24,0
Juma Otoviano,75903,HB,RICE,3,42.2,0,275,65.6,59.1,63.1,0,1,30,54.5,56.7,98.3,0,1,0,46,0,0,0,109,34,60,0,0,12,0
Bailey Malovic,101041,T,E CAROLINA,4,100.0,0,156,69.2,72.1,75.9,1,2,32,100.0,100.0,95.3,1,3,0,46,0,0,46,46,34,34,0,0,12,0
EJ Ndoma-Ogar,99433,G,OKLAHOMA,4,100.0,0,261,59.8,83.8,55.3,0,0,21,100.0,100.0,100.0,0,0,0,46,0,46,0,46,22,22,0,0,24,0
Taulia Tagovailoa,97271,QB,ALABAMA,5,75.4,0,103,54.3,,60.0,0,0,0,0.0,0.0,,0,0,0,46,0,0,0,61,0,12,0,0,46,0
Jamal Turner,55368,TE,TOLEDO,8,58.2,0,316,60.3,77.3,65.9,0,0,5,14.3,17.5,100.0,0,0,0,46,0,0,0,79,7,40,0,0,39,32
Cameron Latu,82647,TE,ALABAMA,9,97.9,0,103,63.4,,67.4,0,0,0,0.0,0.0,,1,0,0,46,0,0,0,47,0,1,0,0,46,43
Evan Gregory,81718,G,MARYLAND,4,100.0,0,215,57.2,12.2,59.8,0,1,9,100.0,100.0,94.4,0,1,0,46,0,18,0,46,9,9,28,0,37,0
Eric Cal,41335,C,NAVY,6,100.0,0,237,58.5,88.2,57.9,0,0,2,100.0,100.0,100.0,0,0,0,46,46,0,0,46,2,2,0,0,44,0
David Nwaogwugwu,77392,T,TEMPLE,6,100.0,0,306,54.6,59.6,52.6,0,1,21,100.0,100.0,97.6,0,1,0,46,0,0,0,46,22,22,21,25,24,0
Tre Tucker,101106,WR,CINCINNATI,13,55.4,0,138,75.5,,74.6,0,0,0,0.0,0.0,,0,0,0,46,0,0,0,83,0,29,0,0,46,0
Marcel Dancy,83642,HB,CAL,12,20.4,0,130,71.5,46.3,57.3,0,3,28,19.7,19.5,94.6,0,3,0,46,0,0,0,226,29,149,0,0,17,0
Brian Herrien,41129,HB,GEORGIA,12,19.0,0,173,79.3,83.4,66.2,0,1,24,21.4,23.1,97.9,0,1,0,46,0,0,0,242,28,121,0,0,18,0
Antonio Williams,40197,HB,N CAROLINA,11,35.2,0,245,76.1,71.1,66.8,0,0,32,50.8,51.4,96.9,0,1,1,45,0,0,0,128,36,70,0,0,9,0
Tyreek King-El,57322,FB,NAVY,8,83.3,0,237,64.4,,70.7,0,0,0,0.0,0.0,,0,0,0,45,0,0,0,54,0,3,0,0,45,31
Toren Young,40624,HB,IOWA,12,27.6,0,192,76.1,75.6,66.4,0,0,32,48.5,47.1,100.0,0,0,0,45,0,0,0,163,33,70,0,0,12,0
Rondale Moore,62890,WR,PURDUE,4,24.3,0,273,77.6,,60.5,0,0,0,0.0,0.0,,0,0,0,45,0,0,0,185,0,137,0,0,45,0
Jaiave Magalei,98673,QB,LA LAFAYET,5,59.2,0,207,69.5,,60.0,0,0,0,0.0,0.0,,0,0,0,45,0,0,0,76,0,29,0,0,45,0
Todd Sibley Jr.,57382,HB,PITTSBURGH,10,31.7,0,268,67.7,70.4,48.9,1,2,24,34.8,35.6,93.7,0,3,0,45,0,0,0,142,26,73,0,0,19,0
Mohamed Elazazy,60243,G,W MICHIGAN,4,100.0,0,347,66.1,29.1,66.8,0,1,7,100.0,100.0,92.9,0,1,0,45,0,10,0,45,7,7,34,0,38,0
Paul Maile,82512,G,UTAH,7,100.0,0,328,50.5,0.7,53.3,0,0,2,100.0,100.0,100.0,0,0,0,45,17,17,11,45,2,2,0,0,43,0
Andre Crump Jr.,101352,WR,S JOSE ST,12,31.9,0,285,58.8,,51.4,0,0,0,0.0,0.0,,1,0,0,45,0,0,0,141,0,96,0,0,45,0
Cole McGowan,61290,WR,HOUSTON,12,40.5,0,182,49.9,,69.8,0,0,0,0.0,0.0,,0,0,0,45,0,0,0,111,0,66,0,0,45,0
Cameron Wire,82000,T,LSU,6,100.0,0,211,83.2,84.3,79.0,0,0,18,100.0,100.0,100.0,0,0,0,45,0,0,0,45,18,18,0,45,27,0
Cyrus Habibi-Likio,57379,HB,OREGON,13,23.6,0,264,70.8,48.0,63.6,1,2,26,31.7,29.9,94.2,0,3,0,45,0,0,0,191,26,87,0,0,19,0
Mark Birmingham,42328,TE,DUKE,7,80.4,0,154,50.5,75.3,54.9,0,0,9,45.0,47.6,100.0,1,0,0,45,0,0,0,56,10,21,0,0,35,27
T.K. Wilkerson,77739,HB,TULSA,10,35.2,0,320,77.5,62.6,60.0,0,0,39,60.0,58.2,94.9,0,2,2,45,0,0,0,128,39,67,0,0,6,0
Michael Jurgens,77345,C,WAKE,6,100.0,0,339,59.3,36.9,60.1,0,0,7,100.0,100.0,85.7,0,1,1,45,45,0,0,45,7,7,0,0,38,0
Elijah Mitchell,57272,HB,LA LAFAYET,14,11.4,0,207,86.9,67.1,74.7,0,1,28,16.1,16.9,94.6,1,2,1,45,0,0,0,396,31,183,0,0,14,0
Brian Hightower,78015,WR,MIAMI FL,7,43.7,0,220,63.7,,66.4,0,0,0,0.0,0.0,,0,0,0,45,0,0,0,103,0,58,0,0,45,3
Warren Thompson,77953,WR,FLORIDA ST,6,44.6,0,167,63.9,,50.8,0,0,0,0.0,0.0,,0,0,0,45,0,0,0,101,0,56,0,0,45,0
Devin Hayes,81640,T,FAU,6,100.0,0,165,53.9,43.1,54.8,0,0,8,100.0,100.0,100.0,0,0,0,44,0,0,44,44,9,9,0,0,35,0
Spencer Clapp,55441,T,WAKE,5,100.0,0,339,66.3,80.1,63.2,0,0,6,100.0,100.0,100.0,0,0,0,44,0,0,44,44,6,6,0,0,38,0
Ben Putman,84331,WR,NEVADA,13,17.4,0,239,66.6,,81.1,0,0,0,0.0,0.0,,0,0,0,44,0,0,0,253,0,208,0,0,44,0
Ishod Byarm,84534,HB,CHARLOTTE,11,25.3,0,136,67.4,42.6,61.5,0,0,7,9.7,10.4,100.0,0,0,0,44,0,0,0,174,8,77,0,0,36,3
Matt Williams,41343,G,APP STATE,6,100.0,0,108,71.8,78.3,70.4,0,0,7,100.0,100.0,100.0,0,0,0,44,0,0,0,44,7,7,41,2,37,1
Jake Lauer,60852,T,ARMY,7,97.8,0,114,61.9,,74.1,0,0,0,0.0,0.0,,0,0,0,44,0,0,5,45,0,1,0,5,44,23
Zack Kuntz,84084,TE,PENN STATE,4,75.9,0,266,55.3,24.2,47.0,1,2,6,30.0,30.0,75.0,0,3,0,44,0,0,0,58,6,20,0,0,38,39
Halen Steward,45636,TE,UTSA,8,86.3,1,331,51.5,67.8,56.8,0,0,3,30.0,36.4,100.0,1,0,0,44,0,0,0,51,4,11,0,0,40,35
Xavier Truss,99082,T,GEORGIA,3,100.0,0,173,71.4,55.6,71.4,0,0,15,100.0,100.0,100.0,1,0,0,44,0,0,44,44,16,16,0,0,28,0
Dante Zanders,83963,TE,FLORIDA,11,80.0,0,163,42.6,73.0,53.9,0,0,10,47.6,47.6,100.0,0,0,0,44,0,0,0,55,10,21,0,0,34,53
Taylor Compton,61779,WR,UTAH ST,10,34.4,0,329,62.0,,77.5,0,0,0,0.0,0.0,,0,0,0,44,0,0,0,128,0,84,0,0,44,0
Kyle Back,55400,C,UCF,3,100.0,0,323,52.1,0.0,69.4,0,1,11,100.0,100.0,95.5,2,1,0,44,44,0,0,44,11,11,0,0,33,0
Javonte Woodard,34351,WR,LA TECH,9,44.0,0,208,52.1,,51.0,0,0,0,0.0,0.0,,0,0,0,44,0,0,0,100,0,56,0,0,44,0
Trey Derouen,37275,G,BUFFALO,4,100.0,0,126,83.8,79.2,83.2,0,0,10,100.0,100.0,100.0,0,0,0,44,0,35,0,44,10,10,9,0,34,0
Perry Olsen,101056,QB,NAVY,8,47.3,0,237,44.9,,60.0,0,0,0,0.0,0.0,,1,0,0,44,0,0,0,93,0,16,0,0,44,0
Anderson Hardy,81549,T,APP STATE,6,100.0,0,108,80.2,81.5,82.7,0,0,12,100.0,100.0,100.0,1,0,0,43,0,0,20,43,12,12,0,23,31,0
C'Bo Flemister,83730,HB,NOTRE DAME,9,35.8,0,258,68.9,61.3,63.4,0,1,17,38.6,39.6,97.1,1,1,0,43,0,0,0,120,19,48,0,0,24,0
Daewood Davis,61584,WR,OREGON,7,52.4,0,264,75.1,,76.1,0,0,0,0.0,0.0,,0,0,0,43,0,0,0,82,0,37,0,0,43,0
Ricky Person Jr.,77725,HB,NC STATE,7,23.5,0,248,71.5,66.2,58.7,0,0,31,29.0,29.7,100.0,0,0,0,43,0,0,0,183,33,111,0,0,10,0
Tanner Hawthorne,98657,T,SO MISS,7,100.0,0,296,52.4,69.7,50.0,0,1,9,100.0,100.0,94.4,0,1,0,43,0,0,13,43,10,10,0,29,33,0
Ryan Walk,60011,C,OREGON,5,100.0,0,264,51.8,40.1,54.3,0,0,14,100.0,100.0,100.0,0,0,0,43,43,0,0,43,15,15,0,0,28,0
Sam Hartman,77618,QB,WAKE,4,24.9,0,339,64.7,,60.8,0,0,0,0.0,0.0,,0,0,0,43,0,0,0,173,0,116,0,0,43,0
Marques Jones,39188,WR,BAYLOR,9,46.2,0,118,53.9,,60.0,0,0,0,0.0,0.0,,0,0,0,43,0,0,0,93,0,50,0,0,43,1
Nick Patti,77614,QB,PITTSBURGH,6,45.3,0,268,63.0,,60.1,0,0,0,0.0,0.0,,0,0,0,43,0,0,0,95,0,47,0,0,43,0
Ivan Reyes,41721,C,APP STATE,6,100.0,0,108,59.7,76.4,58.4,0,0,7,100.0,100.0,100.0,0,0,0,43,43,0,0,43,7,7,0,0,36,0
John Dirksen,81776,T,NOTRE DAME,6,100.0,0,258,56.0,34.0,59.0,0,2,13,100.0,100.0,92.3,0,2,0,43,0,0,0,43,13,13,3,40,30,0
Blair Conwright,99538,WR,TCU,3,58.1,0,305,62.3,,71.9,0,0,0,0.0,0.0,,0,0,0,43,0,0,0,74,0,31,0,0,43,0
Keyshawn Helton,77954,WR,FLORIDA ST,6,28.7,0,167,67.8,,50.6,0,0,0,0.0,0.0,,0,0,0,43,0,0,0,150,0,105,0,0,43,0
Tyrell Shavers,61107,WR,ALABAMA,9,66.2,0,103,62.8,,57.6,0,0,0,0.0,0.0,,0,0,0,43,0,0,0,65,0,22,0,0,43,0
Maurice Thomas,14213,HB,MIAMI OH,14,34.4,0,221,70.9,50.2,60.0,0,2,14,25.9,25.9,92.9,0,2,0,43,0,0,0,125,14,54,0,0,29,0
Trevon Sands,40200,HB,USF,8,32.6,0,327,69.4,80.7,64.4,0,0,26,39.4,42.0,100.0,0,0,0,43,0,0,0,132,29,69,0,0,14,0
Gerald Green,97121,HB,GA SOUTHRN,3,62.7,0,174,62.0,42.1,57.6,0,1,14,82.4,78.9,82.1,0,3,2,42,0,0,0,67,15,19,0,0,27,0
Dylan Leonard,99685,TE,GA TECH,11,61.8,0,176,51.2,44.1,57.0,1,0,7,21.9,21.2,92.9,0,1,0,42,0,0,0,68,7,33,0,0,35,36
Rodrick Fisher,84509,WR,WASH STATE,10,15.7,0,341,58.6,,78.5,0,0,0,0.0,0.0,,0,0,0,42,0,0,0,268,0,226,0,0,42,1
Kevin Purlett,101128,WR,USF,7,42.4,0,327,57.8,,62.1,0,0,0,0.0,0.0,,0,0,0,42,0,0,0,99,0,57,0,0,42,0
Jahmir Smith,83731,HB,NOTRE DAME,10,36.5,0,258,65.6,56.0,68.0,0,2,21,41.2,41.5,95.2,0,2,0,42,0,0,0,115,22,53,0,0,20,0
Jairus Grissom,77691,WR,E MICHIGAN,13,42.9,0,160,70.4,,51.0,0,0,0,0.0,0.0,,0,0,0,42,0,0,0,98,0,36,0,0,42,0
Daniel Arias,84165,WR,COLORADO,9,45.7,0,143,59.3,,50.4,0,0,0,0.0,0.0,,0,0,0,42,0,0,0,92,0,50,0,0,42,0
Bernard Porter,100203,WR,BUFFALO,4,77.8,0,126,50.1,,61.5,0,0,0,0.0,0.0,,0,0,0,42,0,0,0,54,0,12,0,0,42,0
Donovan White,41517,T,MIAMI OH,5,100.0,0,221,76.1,76.6,72.7,0,0,8,100.0,100.0,100.0,0,0,0,42,0,0,2,42,9,9,0,39,33,0
Brenden Schooler,28253,WR,OREGON,3,59.2,0,264,58.6,,59.2,0,0,0,0.0,0.0,,1,0,0,42,0,0,0,71,0,29,0,0,42,2
Zach Gibson,100201,QB,AKRON,4,28.6,0,102,41.8,,60.0,0,0,0,0.0,0.0,,3,0,0,42,0,0,0,147,0,101,0,0,42,0
Javon Leake,57288,HB,MARYLAND,12,15.2,0,215,79.6,29.3,48.5,0,1,26,18.1,18.1,90.4,1,3,2,41,0,0,0,270,28,155,0,0,13,0
Bobby Walker,26697,TE,ILLINOIS,7,93.2,0,187,52.0,77.0,50.9,0,0,1,25.0,40.0,100.0,0,0,0,41,0,0,0,44,2,5,0,0,39,20
Braheam Murphy,102882,HB,ARMY,2,97.6,0,114,70.1,,71.0,0,0,0,0.0,0.0,,0,0,0,41,0,0,0,42,0,1,0,0,41,27
Keyon Henry-Brooks,98564,HB,VANDERBILT,11,21.4,0,333,70.3,78.1,47.6,0,1,26,22.2,23.8,98.1,0,1,0,41,0,0,0,192,29,122,0,0,12,0
Malik Tyson,40213,WR,FIU,7,75.9,0,166,55.1,,62.4,0,0,0,0.0,0.0,,0,0,0,41,0,0,0,54,0,13,0,0,41,0
Drew Schlegel,44292,TE,KENTUCKY,13,93.2,0,202,69.7,68.4,61.4,0,0,2,50.0,40.0,100.0,0,0,0,41,0,0,0,44,2,5,0,0,39,21
Stephen Carr,57453,HB,USC,10,16.0,0,326,75.5,49.4,70.8,0,3,33,19.8,19.3,92.4,1,4,1,41,0,0,0,256,34,176,0,0,7,0
Sam Heckel,41853,C,SYRACUSE,2,100.0,0,304,51.7,26.7,57.8,0,1,23,100.0,100.0,93.5,0,2,1,41,38,0,0,41,23,23,0,0,18,3
Kevin Woidke,37111,T,OHIO STATE,6,100.0,0,260,59.3,48.3,59.5,0,0,10,100.0,100.0,100.0,0,0,0,41,0,6,16,41,10,10,7,12,31,0
Tanner Rowell,43671,C,FLORIDA,6,100.0,0,163,64.3,44.0,64.8,0,0,14,100.0,100.0,100.0,0,0,0,41,38,0,0,41,15,15,0,0,26,0
Zach Bycznski,41496,C,CINCINNATI,3,100.0,0,138,65.2,33.2,65.9,1,0,11,100.0,100.0,86.4,0,2,1,41,22,18,0,41,11,11,1,0,30,0
Matthew Murla,101199,HB,AIR FORCE,10,78.8,0,101,71.3,70.9,70.2,0,0,1,100.0,100.0,100.0,0,0,0,41,0,0,0,52,2,2,0,0,39,12
Hunter Rayburn,99654,C,CLEMSON,4,100.0,0,140,66.7,58.4,65.0,0,0,7,100.0,100.0,100.0,0,0,0,41,21,0,0,41,8,8,0,20,33,0
Christian Henderson,78266,G,LA TECH,5,100.0,0,208,65.6,79.9,63.8,0,0,12,100.0,100.0,100.0,0,0,0,41,0,0,0,41,12,12,41,0,29,0
Elijah Ratliff,76949,G,KENT STATE,6,97.6,0,201,54.7,80.5,51.2,0,0,14,100.0,93.8,100.0,0,0,0,41,0,0,0,42,15,16,40,0,26,0
Jackson Williamson,60449,QB,MIAMI OH,6,54.7,0,221,71.5,,60.0,0,0,0,0.0,0.0,,0,0,0,41,0,0,0,75,0,26,0,0,41,0
Adam Tourville,100241,G,KENT STATE,5,100.0,0,201,56.8,80.6,53.5,0,0,14,100.0,100.0,100.0,0,0,0,41,0,41,0,41,16,16,0,0,25,0
Ty Chandler,62942,HB,TENNESSEE,12,13.3,0,307,74.2,37.8,68.9,0,4,28,18.5,18.2,92.9,0,4,0,41,0,0,0,309,29,159,0,0,12,2
Stone Scarcelle,61412,WR,MARSHALL,7,74.5,0,214,65.4,,91.3,0,0,0,0.0,0.0,,0,0,0,41,0,0,0,55,0,14,0,0,41,0
Kurt Rafdal,60971,TE,NEBRASKA,6,70.7,0,238,61.9,67.3,60.3,0,0,2,11.1,15.0,100.0,0,0,0,41,0,0,0,58,3,20,0,0,38,46
Kevin Davis,61753,WR,UAB,13,64.5,0,321,64.7,,63.9,0,0,0,0.0,0.0,,0,0,0,40,0,0,0,62,0,22,0,0,40,0
Deltron Sands,33981,HB,AKRON,6,27.4,0,102,54.0,85.4,36.1,0,0,35,33.7,32.7,100.0,1,0,0,40,0,0,0,146,35,107,0,0,5,0
McLane Carter,37478,QB,RUTGERS,2,43.5,0,278,64.1,,60.0,0,0,0,0.0,0.0,,0,0,0,40,0,0,0,92,0,52,0,0,40,0
Tyneil Hopper,83944,TE,BOISE ST,10,100.0,0,120,46.3,68.7,44.2,0,0,2,100.0,100.0,100.0,1,0,0,40,0,0,0,40,2,2,0,0,38,19
Stetson Bennett,60387,QB,GEORGIA,5,51.9,0,173,73.7,,60.0,0,0,0,0.0,0.0,,0,0,0,40,0,0,0,77,0,31,0,0,40,0
Houston Heimuli,52275,TE,STANFORD,12,63.5,0,300,57.2,26.7,62.0,0,1,11,35.5,32.4,95.5,0,1,0,40,0,0,0,63,11,34,0,0,29,15
Elijah Lilly,42885,WR,NEW MEXICO,3,44.9,0,241,61.4,,50.4,0,0,0,0.0,0.0,,0,0,0,40,0,0,0,89,0,48,0,0,40,0
Koby Bullard,44080,TE,BAYLOR,8,93.0,0,118,57.3,70.9,57.6,0,0,2,66.7,50.0,100.0,0,0,0,40,0,0,0,43,2,4,0,0,38,17
Joey Carroll,98498,TE,BOWL GREEN,2,76.9,0,122,39.8,70.1,50.6,0,0,2,14.3,14.3,100.0,0,0,0,40,0,0,0,52,2,14,0,0,38,46
Jimmy McKenna,81802,G,PURDUE,3,100.0,0,273,47.4,25.7,49.9,0,1,27,100.0,100.0,98.1,0,1,0,40,0,40,0,40,27,27,0,0,13,0
Devon Pauley,84257,WR,LA LAFAYET,9,50.6,0,207,59.7,,82.9,0,0,0,0.0,0.0,,0,0,0,40,0,0,0,79,0,39,0,0,40,1
Jaelen Gill,82535,WR,OHIO STATE,7,63.5,0,260,76.1,,56.8,0,0,0,0.0,0.0,,0,0,0,40,0,0,0,63,0,23,0,0,40,1
Cornelious Brown IV,98356,QB,GA STATE,4,54.8,0,175,53.3,,60.0,0,0,0,0.0,0.0,,0,0,0,40,0,0,0,73,0,32,0,0,40,0
Corey Lersch,42568,TE,N ILLINOIS,10,66.7,0,254,70.2,64.5,72.5,0,0,1,5.6,4.8,100.0,0,0,0,40,0,0,0,60,1,21,0,0,39,30
Jermar Jefferson,83740,HB,OREGON ST,9,13.7,0,265,73.0,54.2,58.0,0,0,29,22.1,21.3,96.6,1,1,1,40,0,0,0,292,29,136,0,0,11,0
Carter Wood,81876,T,UAB,6,100.0,0,321,47.3,59.0,46.5,0,1,13,100.0,100.0,96.2,0,1,0,40,0,0,33,40,13,13,0,0,27,2
Quincy Patterson II,77626,QB,VA TECH,6,29.0,0,337,55.6,,60.0,0,0,0,0.0,0.0,,1,0,0,40,0,0,0,138,0,46,0,0,40,0
Praise Okorie,78783,WR,LA TECH,6,71.4,0,208,57.5,,71.2,0,0,0,0.0,0.0,,0,0,0,40,0,0,0,56,0,16,0,0,40,0
Logan Plantz,41736,G,NOTRE DAME,6,100.0,0,258,55.2,75.7,63.5,0,0,4,100.0,100.0,100.0,2,0,0,40,0,40,0,40,4,4,0,0,36,0
Giles Amos,60835,TE,ALABAMA,10,85.1,0,103,57.4,64.5,58.6,0,0,1,12.5,12.5,100.0,0,0,0,40,0,0,0,47,1,8,0,0,39,34
Jasiah Provillon,78012,WR,NC STATE,8,46.5,1,248,55.2,,60.6,0,0,0,0.0,0.0,,1,0,0,40,0,0,0,86,0,46,0,0,40,0
Peter Hayes-Patrick,100194,HB,AKRON,6,25.7,0,102,68.1,85.1,60.0,0,1,37,36.3,34.9,98.6,0,1,0,39,0,0,0,152,38,109,0,0,1,0
Blayne Baker,75859,G,WYOMING,2,100.0,0,351,50.5,70.3,47.2,0,1,13,100.0,100.0,96.2,0,1,0,39,0,28,0,39,14,14,11,0,25,0
Chris Beech,40937,C,BALL ST,3,100.0,0,117,66.8,79.3,63.4,0,0,9,100.0,100.0,100.0,0,0,0,39,39,0,0,39,11,11,0,0,28,0
Jonathon Maccollister,56784,TE,UCF,5,92.9,0,323,66.8,78.9,54.3,0,0,6,66.7,72.7,100.0,0,0,0,39,0,0,0,42,8,11,0,0,31,12
Zach Adams,41900,T,TEXAS TECH,3,100.0,0,315,79.2,69.1,80.7,0,0,23,100.0,100.0,100.0,0,0,0,39,0,0,10,39,24,24,12,17,15,0
Greg Dulcich,84068,WR,UCLA,10,37.9,0,324,64.0,,60.2,0,0,0,0.0,0.0,,0,0,0,39,0,0,1,103,0,64,0,1,39,5
Malik Miller,40458,HB,AUBURN,10,45.3,0,115,52.0,19.7,66.0,0,0,15,30.0,31.4,86.7,0,2,2,39,0,0,0,86,16,51,0,0,23,0
Jacob Kibodi,57427,HB,TEXAS A&M,7,26.0,0,312,64.0,52.3,76.0,0,1,24,24.0,24.5,97.9,0,1,0,39,0,0,0,150,26,106,0,0,13,0
Blake Whiteheart,77881,TE,WAKE,5,92.9,0,339,70.7,69.8,70.0,0,0,2,40.0,40.0,100.0,0,0,0,39,0,0,0,42,2,5,0,0,37,40
Travis Dye,83738,HB,OREGON,14,14.1,0,264,72.6,17.7,60.3,1,2,20,13.3,15.3,87.5,0,4,1,39,0,0,0,277,24,157,0,0,15,0
Jaden Warren,98300,WR,TROY,4,86.7,0,318,57.1,,61.9,0,0,0,0.0,0.0,,0,0,0,39,0,0,0,45,0,6,0,0,39,0
Thomas Ruocchio,42329,TE,NC STATE,6,88.6,0,248,49.0,14.0,57.4,0,0,4,44.4,44.4,100.0,0,0,0,39,0,0,0,44,4,9,0,0,35,30
Dylan Koch,40924,T,BALL ST,2,100.0,0,117,65.7,52.7,66.2,0,0,13,100.0,100.0,100.0,1,0,0,39,0,0,28,39,14,14,0,11,25,0
Raymond James,55993,WR,KENT STATE,7,60.9,0,201,67.6,,50.0,0,0,0,0.0,0.0,,0,0,0,39,0,0,0,64,0,25,0,0,39,0
Cornelius Johnson,97996,WR,MICHIGAN,12,44.3,0,222,61.0,,62.8,0,0,0,0.0,0.0,,0,0,0,39,0,0,0,88,0,49,0,0,39,0
Jacob Adams,79490,TE,LA TECH,6,81.3,0,208,67.8,64.5,70.9,0,0,1,10.0,10.0,100.0,0,0,0,39,0,0,0,48,1,10,0,0,38,44
Xavier White,99566,WR,TEXAS TECH,4,43.8,0,315,64.4,,48.7,0,0,0,0.0,0.0,,0,0,0,39,0,0,0,89,0,49,0,0,39,0
Isaiah Bowser,66123,HB,NWESTERN,5,26.4,0,256,63.2,28.6,58.1,1,3,22,31.4,31.5,90.9,0,4,0,39,0,0,0,148,23,73,0,0,16,0
Austin Ogunmakin,84335,WR,N TEXAS,8,43.8,0,251,64.3,,73.2,0,0,0,0.0,0.0,,0,0,0,39,0,0,0,89,0,50,0,0,39,0
Dontayvion Wicks,99711,WR,VIRGINIA,9,48.1,0,335,59.3,,88.9,0,0,0,0.0,0.0,,1,0,0,39,0,0,0,81,0,42,0,0,39,0
Artie Henry,84278,WR,MARSHALL,3,51.4,0,214,62.3,,50.6,0,0,0,0.0,0.0,,0,0,0,38,0,0,0,74,0,36,0,0,38,0
Rico Bussey Jr.,45380,WR,N TEXAS,3,40.9,0,251,69.5,,55.6,0,0,0,0.0,0.0,,1,0,0,38,0,0,0,93,0,55,0,0,38,0
Demario McCall,28012,WR,OHIO STATE,10,42.7,0,260,65.9,71.8,56.4,0,0,2,6.1,5.7,100.0,0,0,0,38,0,0,0,89,2,35,0,0,36,0
Simino Walden,41094,WR,MARSHALL,5,55.1,0,214,58.0,,57.8,0,0,0,0.0,0.0,,0,0,0,38,0,0,0,69,0,30,0,0,38,0
Cameron Jordan,61695,WR,SYRACUSE,9,46.3,1,304,54.6,,59.6,0,0,0,0.0,0.0,,1,0,0,38,0,0,0,82,0,44,0,0,38,0
Charles Turner,99102,C,LSU,3,100.0,0,211,68.6,82.1,64.1,0,0,18,100.0,100.0,100.0,0,0,0,38,38,0,0,38,18,18,0,0,20,0
Jackson Owens,101257,T,UTAH ST,3,100.0,0,329,77.1,80.1,72.8,0,0,14,100.0,100.0,100.0,0,0,0,38,0,0,13,38,14,14,0,17,24,8
DJ Turner,47663,WR,MARYLAND,3,36.9,0,215,58.9,,60.8,0,0,0,0.0,0.0,,0,0,0,38,0,0,0,103,0,65,0,0,38,3
Michael Remondet,77426,G,TULANE,3,100.0,0,319,60.2,77.3,61.6,0,0,8,100.0,100.0,100.0,0,0,0,38,0,5,0,38,8,8,33,0,30,0
Todd Centeio,60552,QB,TEMPLE,10,26.4,0,306,62.2,,60.0,0,0,0,0.0,0.0,,0,0,0,38,0,0,0,144,0,69,0,0,38,0
Tyjae Spears,97195,HB,TULANE,4,38.4,0,319,83.0,58.4,60.9,1,0,13,29.5,29.5,96.2,0,1,0,38,0,0,0,99,13,44,0,0,25,4
Dariyan Wiley,97999,WR,UMASS,4,47.5,0,216,56.4,,64.2,0,0,0,0.0,0.0,,0,0,0,38,0,0,0,80,0,42,0,0,38,0
Akeem Hayes,84247,WR,KENTUCKY,7,66.7,0,202,53.1,,60.7,0,0,0,0.0,0.0,,0,0,0,38,0,0,0,57,0,18,0,0,38,0
Je'Vionte' Nash,44818,T,WAKE,4,100.0,0,339,74.3,51.9,74.0,0,0,9,100.0,100.0,100.0,0,0,0,38,0,0,0,38,9,9,0,38,29,0
Devyn Ford,97305,HB,PENN STATE,12,25.3,0,266,67.7,58.2,53.0,0,1,18,24.7,23.1,91.7,0,2,1,38,0,0,0,150,18,78,0,0,20,0
Cole Burniston,77910,TE,BUFFALO,6,73.1,0,126,63.0,,59.8,0,0,0,0.0,0.0,,0,0,0,38,0,0,0,52,0,14,0,0,38,44
Matt Lynch,40546,TE,UCLA,10,82.6,0,324,63.2,65.4,55.8,0,0,1,11.1,11.1,100.0,0,0,0,38,0,0,0,46,1,9,0,0,37,36
Joseph Scates,78128,WR,IOWA STATE,10,50.7,1,193,60.9,,87.3,0,0,0,0.0,0.0,,1,0,0,38,0,0,0,75,0,37,0,0,38,0
Tauskie Dove,84318,WR,MISSOURI,5,67.9,0,229,70.1,,61.9,0,0,0,0.0,0.0,,0,0,0,38,0,0,0,56,0,18,0,0,38,0
Raymond Calais,45828,HB,LA LAFAYET,14,13.3,0,207,80.9,41.1,60.6,0,0,21,14.4,14.9,100.0,0,0,0,38,0,0,0,285,23,154,0,0,15,0
Alex Salguero,41435,C,MARSHALL,5,100.0,0,214,74.8,79.1,71.0,0,0,9,100.0,100.0,100.0,0,0,0,38,19,0,0,38,9,9,16,0,29,1
Keon Howard,40418,QB,TULANE,4,55.1,0,319,61.7,,60.0,0,0,0,0.0,0.0,,0,0,0,38,0,0,0,69,0,19,0,0,38,0
Isaiah Sanders,60319,QB,AIR FORCE,5,66.7,0,101,76.6,,60.0,0,0,0,0.0,0.0,,0,0,0,38,0,0,0,57,0,7,0,0,38,0
Chris Katrenick,60365,QB,DUKE,5,56.9,0,154,54.5,,60.0,0,0,0,0.0,0.0,,0,0,0,37,0,0,0,65,0,15,0,0,37,0
Mulbah Car,40929,HB,HOUSTON,4,27.2,0,182,76.2,76.3,63.3,0,1,27,45.8,43.3,98.1,0,1,0,37,0,0,0,136,29,67,0,0,8,0
Michael Young Jr.,61554,WR,NOTRE DAME,3,43.5,1,258,52.5,,67.1,0,0,0,0.0,0.0,,1,0,0,37,0,0,0,85,0,47,0,0,37,0
Wyatt Fischer,78043,WR,CINCINNATI,4,82.2,0,138,60.3,,74.0,0,0,0,0.0,0.0,,0,0,0,37,0,0,0,45,0,8,0,0,37,0
Chico McClatcher,47502,WR,WASHINGTON,10,28.9,0,340,66.3,63.9,61.0,0,0,1,1.3,1.2,100.0,0,0,0,37,0,0,0,128,1,83,0,0,36,2
Elijah Sindelar,46466,QB,PURDUE,3,21.9,0,273,66.2,,60.2,0,0,0,0.0,0.0,,2,0,0,37,0,0,0,169,0,122,0,0,37,0
Malik Davis,57196,HB,FLORIDA,13,28.9,0,163,59.6,35.2,57.3,1,0,13,20.0,19.7,96.2,0,1,0,37,0,0,0,128,14,71,0,0,23,0
Henry Klinge III,58527,G,BAYLOR,3,100.0,0,118,60.4,77.3,64.0,0,0,7,100.0,100.0,100.0,1,0,0,37,0,19,4,37,7,7,14,0,30,0
Johnny Ford,86854,WR,USF,4,24.8,0,327,66.6,45.6,61.7,0,0,3,3.2,3.1,100.0,1,0,0,37,0,0,0,149,3,98,0,0,34,0
CJ Moore,78097,WR,OKLA STATE,6,52.9,0,262,64.1,,71.7,0,0,0,0.0,0.0,,0,0,0,37,0,0,0,70,0,33,0,0,37,0
Gunnar Hoak,40158,QB,OHIO STATE,5,77.1,0,260,51.8,,60.0,0,0,0,0.0,0.0,,0,0,0,37,0,0,0,48,0,8,0,0,37,0
Robert Brown Jr.,57428,HB,TEXAS ST,6,28.7,0,314,63.8,77.3,55.3,0,0,16,21.3,24.1,100.0,0,0,0,37,0,0,0,129,20,83,0,0,17,0
Trey Ross,83929,TE,APP STATE,7,84.1,0,108,74.1,,78.9,0,0,0,0.0,0.0,,0,0,0,37,0,0,0,44,0,7,0,0,37,35
Michael Love,97098,WR,N ILLINOIS,11,37.0,0,254,68.8,,61.0,0,0,0,0.0,0.0,,0,0,0,37,0,0,0,100,0,62,0,0,37,0
Griffin Alstott,60519,QB,W MICHIGAN,4,77.1,0,347,69.6,,60.0,0,0,0,0.0,0.0,,0,0,0,37,0,0,0,48,0,7,0,0,37,0
Mike Schmidt,62835,QB,AIR FORCE,5,56.1,0,101,83.5,,60.0,0,0,0,0.0,0.0,,0,0,0,37,0,0,0,66,0,8,0,0,37,0
Mark Walker,101120,WR,NAVY,6,77.1,0,237,53.0,,59.2,0,0,0,0.0,0.0,,0,0,0,37,0,0,0,48,0,10,0,0,37,0
Trevon Woolfolk,83781,HB,TROY,10,19.9,0,318,76.9,40.1,58.5,1,0,23,25.0,26.0,93.5,0,2,1,36,0,0,0,181,26,100,0,0,10,0
Woody Barrett,40207,QB,KENT STATE,8,34.0,0,201,47.9,,60.0,0,0,0,0.0,0.0,,0,0,0,36,0,0,0,106,0,56,0,0,36,0
Jake Levengood,81794,C,OREGON ST,2,100.0,0,265,47.7,79.2,44.6,0,1,15,100.0,100.0,96.7,0,1,0,36,20,0,0,36,16,16,0,15,20,0
D.J. Williams,99154,HB,AUBURN,8,19.3,0,115,71.9,67.9,66.8,0,1,20,24.1,24.7,97.5,0,1,0,36,0,0,0,187,22,89,0,0,14,0
Mustafa Khaleefah,60806,T,MICH STATE,3,100.0,0,223,54.4,42.6,65.5,1,2,14,100.0,100.0,89.3,1,3,0,36,0,0,25,36,15,15,0,10,21,1
Jack Plumb,81690,T,IOWA,4,100.0,0,192,72.3,72.6,69.5,0,0,11,100.0,100.0,100.0,0,0,0,36,0,0,6,36,12,12,0,29,24,0
Nick Manson,97778,WR,MIAMI OH,4,75.0,0,221,67.3,,60.8,0,0,0,0.0,0.0,,0,0,0,36,0,0,0,48,0,12,0,0,36,0
Michael Tarquin,98407,T,FLORIDA,3,100.0,0,163,58.0,30.9,63.0,1,0,14,100.0,100.0,96.4,0,1,0,36,0,0,5,36,15,15,0,31,21,0
Q' Drennan,27630,WR,NEW MEXICO,5,54.5,0,241,65.8,,70.6,0,0,0,0.0,0.0,,0,0,0,36,0,0,0,66,0,30,0,0,36,0
Jordan Weeks,83585,QB,UTSA,3,31.3,0,331,54.3,,60.0,0,0,0,0.0,0.0,,1,0,0,36,0,0,0,115,0,72,0,0,36,0
Corey Luciano,100620,T,WASHINGTON,5,97.3,0,340,37.6,69.1,46.1,0,0,2,66.7,66.7,100.0,1,0,0,36,0,0,2,37,2,3,0,6,34,28
Wyatt Luebke,56526,T,ARK STATE,7,100.0,0,113,49.4,78.6,44.4,0,0,13,100.0,100.0,100.0,0,0,0,36,0,3,2,36,14,14,1,26,22,4
Jontre Kirklin,55630,WR,LSU,8,55.4,0,211,62.0,,59.3,0,0,0,0.0,0.0,,0,0,0,36,0,0,0,65,0,29,0,0,36,0
Tyrese Johnson,61449,WR,MIDDLE TN,11,39.6,0,224,49.5,,48.4,0,0,0,0.0,0.0,,1,0,0,36,0,0,0,91,0,54,0,0,36,1
Cole Cavallo,84050,TE,SO MISS,7,81.8,0,296,84.5,,63.2,0,0,0,0.0,0.0,,0,0,0,36,0,0,0,44,0,8,0,0,36,38
Bryce Kemp,26273,TE,E MICHIGAN,9,50.7,0,160,61.3,11.0,61.2,0,1,4,10.5,10.3,87.5,0,1,0,36,0,0,0,71,4,39,0,0,32,36
Andre Williams,61097,WR,AKRON,4,25.7,1,102,57.8,,49.8,0,0,0,0.0,0.0,,1,0,0,36,0,0,0,140,0,104,0,0,36,0
Jake Rogers,97075,WR,BOWL GREEN,8,59.0,0,122,57.1,,58.6,0,0,0,0.0,0.0,,0,0,0,36,0,0,0,61,0,23,0,0,36,3
Marcell Gleaton,78028,WR,NAVY,6,90.0,0,237,57.3,,56.1,0,0,0,0.0,0.0,,0,0,0,36,0,0,0,40,0,4,0,4,36,1
Arion Shinaver,40766,WR,NOTRE DAME,6,97.3,0,258,58.2,,56.9,0,0,0,0.0,0.0,,0,0,0,36,0,0,0,37,0,1,0,0,36,0
Alex Delton,34840,QB,TCU,6,34.0,0,305,82.7,,60.0,0,0,0,0.0,0.0,,0,0,0,36,0,0,0,106,0,59,0,0,36,0
Micah Jones,84352,WR,NOTRE DAME,4,83.7,0,258,50.0,,72.3,0,0,0,0.0,0.0,,2,0,0,36,0,0,0,43,0,7,0,0,36,0
Tyler Nevens,52262,HB,S JOSE ST,9,24.5,0,285,67.7,63.7,58.9,0,2,23,27.1,26.6,95.7,0,2,0,36,0,0,0,147,25,94,0,0,11,0
James Sosinski,36380,TE,KANSAS,7,44.4,0,198,63.3,38.5,43.4,1,0,13,23.6,23.7,96.2,1,1,0,36,0,0,0,81,14,59,0,0,22,51
Dakota Torbert,59811,G,LA MONROE,4,100.0,0,209,60.1,82.7,56.0,0,0,18,100.0,100.0,100.0,0,0,0,36,0,36,0,36,18,18,0,0,18,0
Henry Colombi,60583,QB,UTAH ST,6,43.4,0,329,71.7,,60.0,0,0,0,0.0,0.0,,0,0,0,36,0,0,0,83,0,36,0,0,36,0
Sheldon Croney Jr.,32290,HB,IOWA STATE,9,28.3,0,193,58.4,60.0,59.3,0,0,25,30.5,29.9,100.0,0,0,0,36,0,0,0,127,26,87,0,0,10,0
Reid Rials,33969,WR,TROY,3,85.4,0,318,50.6,,42.5,0,0,0,0.0,0.0,,0,0,0,35,0,0,0,41,0,6,0,0,35,0
Joey Cave,43913,G,APP STATE,6,100.0,0,108,58.7,78.6,56.8,0,0,7,100.0,100.0,100.0,0,0,0,35,0,31,4,35,7,7,0,0,28,0
Tay Williams,77751,HB,E CAROLINA,7,33.7,0,156,68.0,51.6,46.8,0,2,22,40.7,39.3,95.5,2,2,0,35,0,0,0,104,22,56,0,0,13,0
Dannis Jackson,97594,WR,OLE MISS,10,47.9,0,226,59.8,,49.6,0,0,0,0.0,0.0,,0,0,0,35,0,0,0,73,0,36,0,0,35,0
Nic Smith,41321,HB,N TEXAS,11,26.7,0,251,67.0,88.2,52.4,0,0,21,25.6,25.9,100.0,0,0,0,35,0,0,0,131,22,85,0,0,13,0
LC Greenwood,61580,WR,OKLA STATE,6,66.0,0,262,55.9,,59.4,0,0,0,0.0,0.0,,0,0,0,35,0,0,0,53,0,18,0,0,35,2
Nolan Eriksen,57116,FB,AIR FORCE,8,77.8,0,101,73.2,68.7,75.0,0,0,1,25.0,25.0,100.0,0,0,0,35,0,0,0,45,1,4,0,0,34,30
Jayy McDonald,98686,HB,MIDDLE TN,11,35.7,0,224,71.0,83.5,54.3,0,0,14,40.0,42.1,100.0,0,0,0,35,0,0,0,98,16,38,0,0,19,0
Tre Odoms-Dukes,39900,WR,USF,10,36.8,0,327,58.5,,60.1,0,0,0,0.0,0.0,,1,0,0,35,0,0,0,95,0,60,0,0,35,0
Jeff Burroughs,57097,HB,WYOMING,10,72.9,0,351,60.5,76.8,70.9,0,0,4,44.4,44.4,100.0,0,0,0,35,0,0,0,48,4,9,0,0,31,0
Camryn Snow,78204,WR,OHIO,8,68.6,0,259,66.8,,62.4,0,0,0,0.0,0.0,,0,0,0,35,0,0,0,51,0,16,0,0,35,0
Jaylen Turner,77526,G,BALL ST,3,100.0,0,117,62.2,81.1,59.4,0,0,13,100.0,100.0,100.0,0,0,0,35,0,18,0,35,14,14,17,0,21,0
Kyleb Howell,81467,TE,N TEXAS,6,74.5,0,251,52.7,36.6,50.2,0,0,5,29.4,33.3,100.0,0,0,0,35,0,0,0,47,6,18,0,0,29,22
Traveon Samuel,47615,WR,MEMPHIS,12,37.2,0,218,64.1,,49.0,0,0,0,0.0,0.0,,1,0,0,35,0,0,0,94,0,44,0,0,35,0
Malaesala Aumavae-Laulu,100528,G,OREGON,3,100.0,0,264,58.2,70.5,61.9,0,0,12,100.0,100.0,100.0,1,0,0,35,0,0,0,35,13,13,35,0,22,0
Corey Dauphine,45901,HB,TULANE,12,23.2,0,319,83.2,81.2,67.8,0,0,12,23.1,22.6,100.0,0,0,0,35,0,0,0,151,12,53,0,0,23,0
Cordarrian Richardson,55386,HB,TEXAS A&M,8,43.2,0,312,84.7,78.0,68.5,0,0,6,23.1,22.2,100.0,0,0,0,35,0,0,0,81,6,27,0,0,29,0
Jack Tuttle,83580,QB,INDIANA,5,60.7,0,190,51.8,,60.0,0,0,0,0.0,0.0,,0,0,0,34,0,0,0,56,0,13,0,0,34,0
Melquise Stovall,38411,WR,HAWAII,4,24.5,1,180,70.6,,48.7,0,0,0,0.0,0.0,,1,0,0,34,0,0,0,139,0,103,0,0,34,0
Dameon Pierce,83659,HB,FLORIDA,12,21.0,0,163,66.1,83.0,59.9,0,0,11,13.8,15.1,100.0,0,0,0,34,0,0,0,162,13,86,0,0,21,0
Andrew Todd,77505,C,MIAMI OH,4,100.0,0,221,50.4,74.8,51.4,0,0,5,100.0,100.0,100.0,0,0,0,34,34,0,0,34,5,5,0,0,29,0
Khalil Herbert,41668,HB,KANSAS,4,29.6,0,198,87.2,69.3,58.2,0,1,22,37.3,36.1,97.7,0,1,0,34,0,0,0,115,22,61,0,0,12,0
Federico Maranges,100771,G,FAU,4,100.0,0,165,63.6,77.8,61.3,0,0,8,100.0,100.0,100.0,0,0,0,34,12,11,0,34,9,9,11,0,25,0
Hunter Woodard,77544,G,OKLA STATE,3,100.0,0,262,80.4,77.1,79.7,0,0,10,100.0,100.0,100.0,0,0,0,34,0,14,0,34,10,10,20,0,24,0
Jacob Farrell,77543,T,OKLA STATE,3,100.0,0,262,68.0,73.7,65.5,0,0,10,100.0,100.0,100.0,0,0,0,34,0,0,2,34,10,10,0,32,24,0
Blake Vinson,60799,T,CLEMSON,2,100.0,0,140,58.8,46.7,59.3,0,1,10,100.0,100.0,95.0,0,1,0,34,8,7,0,34,10,10,0,19,24,0
Xavier Delgado,81746,G,MISSOURI,4,100.0,0,229,62.1,80.0,60.4,0,0,7,100.0,100.0,100.0,0,0,0,34,0,11,0,34,7,7,22,0,27,0
Tyler Shough,83537,QB,OREGON,6,64.2,0,264,68.5,,60.0,0,0,0,0.0,0.0,,0,0,0,34,0,0,0,53,0,19,0,0,34,0
Maurice Washington,83720,HB,NEBRASKA,7,22.5,0,238,71.5,34.7,55.4,0,1,7,9.7,9.6,92.9,0,1,0,34,0,0,0,151,7,73,0,0,27,0
Dylan O'Quinn,77924,T,CINCINNATI,2,100.0,0,138,58.6,79.6,55.9,0,0,9,100.0,100.0,100.0,0,0,0,34,0,0,0,34,9,9,12,22,25,0
John Jackson III,97866,WR,USC,11,53.1,0,326,48.4,,47.1,0,0,0,0.0,0.0,,0,0,0,34,0,0,0,64,0,30,0,0,34,0
Anthony Williams Jr.,101651,HB,MICH STATE,12,28.1,0,223,64.1,48.6,58.9,0,1,14,23.3,22.6,96.4,0,1,0,34,0,0,0,121,14,62,0,0,20,0
Despelado Alexandre,81657,T,GA STATE,3,100.0,0,175,43.8,19.1,48.5,1,0,10,100.0,100.0,95.0,0,1,0,34,0,0,17,34,10,10,0,17,24,0
Michiah Burton,100234,HB,AKRON,9,22.4,0,102,56.4,37.4,73.0,0,2,28,27.2,27.5,96.4,1,2,0,34,0,0,0,152,30,109,0,0,4,0
J.T. Shrout,83562,QB,TENNESSEE,4,49.3,0,307,59.7,62.2,60.0,0,0,0,0.0,3.1,,1,0,0,34,0,0,0,69,1,32,0,0,33,0
Hudson Henry,99189,TE,ARKANSAS,3,65.4,0,111,64.4,69.6,49.5,0,0,1,5.6,10.0,100.0,0,0,0,34,0,0,0,52,2,20,0,0,32,27
Alex Harris,41107,WR,UCF,9,68.0,0,323,67.8,,62.1,0,0,0,0.0,0.0,,0,0,0,34,0,0,0,50,0,15,0,0,34,0
Davon Tucker,35009,HB,W MICHIGAN,13,17.0,0,347,68.8,72.8,56.3,1,0,22,20.4,22.4,97.7,0,1,0,33,0,0,0,194,26,116,0,0,7,0
Derrick Eason,76805,T,NC STATE,8,100.0,0,248,51.0,47.5,52.8,0,1,7,100.0,100.0,92.9,0,1,0,33,0,0,0,33,7,7,0,14,26,19
LD Brown,40346,HB,OKLA STATE,11,29.5,0,262,76.4,19.0,54.6,0,2,15,30.0,32.1,86.7,0,3,1,33,0,0,0,112,18,56,0,0,15,0
Steven Krajewski,77650,QB,UCONN,4,38.4,0,146,53.7,,60.0,0,0,0,0.0,0.0,,0,0,0,33,0,0,0,86,0,44,0,0,33,0
Mason Lunsford,98422,T,MARYLAND,2,100.0,0,215,50.1,72.5,50.0,0,0,1,100.0,100.0,100.0,0,0,0,33,0,0,12,33,2,2,11,10,31,0
Shaun Shivers,83634,HB,AUBURN,12,27.0,0,115,62.9,57.9,53.7,0,1,6,16.7,15.4,91.7,0,1,0,33,0,0,0,122,6,39,0,0,27,0
Gary Cooper,101684,TE,INDIANA,3,70.2,0,190,51.1,65.1,49.1,0,0,1,9.1,6.7,100.0,1,0,0,33,0,0,0,47,1,15,0,0,32,38
TJ Moore,59679,G,FLORIDA,3,100.0,0,163,61.6,38.2,63.5,1,1,13,100.0,100.0,92.3,0,2,0,33,0,0,0,33,14,14,26,7,19,0
Jaelyn Lay,99701,TE,CLEMSON,4,73.3,0,140,54.7,67.9,45.6,0,0,3,20.0,20.0,100.0,0,0,0,33,0,0,0,45,3,15,0,0,30,26
Brycen Tremayne,84425,WR,STANFORD,12,49.3,0,300,73.9,,76.4,0,0,0,0.0,0.0,,0,0,0,33,0,0,0,67,0,34,0,0,33,0
Tanner Mordecai,77656,QB,OKLAHOMA,6,50.8,0,261,75.4,,60.0,0,0,0,0.0,0.0,,0,0,0,33,0,0,0,65,0,27,0,0,33,0
Cameron Stage,77499,T,BOWL GREEN,4,100.0,0,122,43.0,76.2,43.0,0,0,3,100.0,100.0,100.0,0,0,0,33,3,0,0,33,3,3,11,19,30,0
Seth Boomer,77643,QB,TULSA,3,58.9,0,320,62.0,,60.0,0,0,0,0.0,0.0,,0,0,0,33,0,0,0,56,0,20,0,0,33,0
Manny Taylor,51640,G,RUTGERS,4,100.0,0,278,59.9,79.9,57.2,0,0,11,100.0,100.0,100.0,0,0,0,33,0,4,0,33,11,11,29,0,22,0
John O'Brian,77497,T,BOWL GREEN,4,100.0,0,122,59.8,75.5,58.2,0,0,3,100.0,100.0,100.0,0,0,0,33,0,0,28,33,3,3,0,5,30,0
Jake Henry,61120,WR,APP STATE,6,84.6,0,108,53.2,,49.0,0,0,0,0.0,0.0,,0,0,0,33,0,0,0,39,0,6,0,0,33,0
Aidan Rafferty,81677,T,INDIANA,2,100.0,0,190,59.7,47.9,60.4,1,0,9,100.0,100.0,94.4,0,1,0,33,0,0,33,33,10,10,0,0,23,0
Tyron Arnett,61827,WR,W MICHIGAN,4,40.2,0,347,60.2,,60.1,0,0,0,0.0,0.0,,0,0,0,33,0,0,0,82,0,49,0,0,33,0
Princeton Fant,62982,TE,TENNESSEE,7,73.3,0,307,78.5,68.4,83.3,0,0,1,8.3,7.7,100.0,0,0,0,33,0,0,0,45,1,13,0,0,32,28
Xavier Johnson,101641,WR,OHIO STATE,4,89.2,0,260,58.5,,62.7,0,0,0,0.0,0.0,,0,0,0,33,0,0,0,37,0,4,0,0,33,0
Sammy Wheeler,77678,TE,KANSAS ST,7,35.5,0,199,61.4,48.8,59.1,0,0,2,3.4,4.8,100.0,0,0,0,33,0,0,0,93,3,63,0,0,30,45
Bobby Cole,57331,HB,NEW MEXICO,6,42.9,0,241,74.8,75.3,58.3,0,1,18,52.9,54.3,97.2,0,1,0,33,0,0,0,77,19,35,0,0,14,0
Preston Hutchinson,60370,QB,E MICHIGAN,8,27.3,0,160,72.9,,60.3,0,0,0,0.0,0.0,,0,0,0,33,0,0,0,121,0,76,0,0,33,0
Brian Robinson,57120,HB,ALABAMA,13,14.6,0,103,79.9,79.6,57.5,1,0,26,22.4,22.5,98.1,0,1,0,33,0,0,0,226,27,120,0,0,6,0
Phil Jurkovec,83533,QB,NOTRE DAME,7,41.8,0,258,78.9,,60.0,0,0,0,0.0,0.0,,0,0,0,33,0,0,0,79,0,25,0,0,33,0
Skylor Clinton,36128,TE,UAB,5,91.7,0,321,55.7,71.5,54.0,0,0,3,50.0,50.0,100.0,0,0,0,33,0,0,0,36,3,6,0,0,30,35
Seth Paige,83671,HB,GA STATE,7,25.0,0,175,74.6,69.5,57.7,0,0,11,22.9,22.4,100.0,0,0,0,33,0,0,0,132,11,49,0,0,22,0
Avery Davis,60502,HB,NOTRE DAME,9,47.1,0,258,66.7,30.1,69.2,0,2,8,21.6,20.5,87.5,0,2,0,33,0,0,0,70,8,39,0,0,25,0
Judah Bell,61633,WR,SMU,4,65.3,0,287,70.4,,62.6,0,0,0,0.0,0.0,,0,0,0,32,0,0,0,49,0,17,0,0,32,0
James Cook,83666,WR,GEORGIA,14,23.0,0,173,71.1,76.9,60.7,0,0,4,5.4,5.1,100.0,0,0,0,32,0,0,0,139,4,79,0,0,28,0
Bryce Benhart,98531,T,NEBRASKA,2,100.0,0,238,64.4,72.8,62.0,0,0,9,100.0,100.0,100.0,0,0,0,32,0,0,0,32,9,9,0,32,23,0
Travis Brannan,40097,FB,NAVY,7,91.4,0,237,71.7,61.1,68.8,0,0,1,33.3,33.3,100.0,0,0,0,32,0,0,0,35,1,3,0,0,31,25
Nate Emer,56554,T,BOSTON COL,10,100.0,0,121,52.5,6.6,59.3,0,1,5,100.0,100.0,90.0,0,1,0,32,0,0,28,32,9,9,0,0,23,0
Blue Smith,84357,WR,CINCINNATI,4,72.7,0,138,63.2,,63.1,0,0,0,0.0,0.0,,0,0,0,32,0,0,0,44,0,12,0,0,32,1
Fred Lloyd Jr.,52300,TE,USF,6,64.0,0,327,45.7,70.6,55.5,0,0,4,18.2,18.2,100.0,0,0,0,32,0,0,0,50,4,22,0,0,28,30
Blake Barnett,46627,QB,USF,4,23.7,0,327,62.6,,60.0,0,0,0,0.0,0.0,,2,0,0,32,0,0,0,135,0,98,0,0,32,0
Jack Eschenbach,84082,TE,WISCONSIN,4,80.0,0,349,49.7,48.0,53.7,1,0,3,30.0,27.3,83.3,0,1,0,32,0,0,0,40,3,11,0,0,29,39
Landen Akers,42212,WR,IOWA STATE,12,35.6,0,193,68.0,,70.3,0,0,0,0.0,0.0,,1,0,0,32,0,0,0,90,0,57,0,0,32,3
Rayshad Lewis,42321,WR,MARYLAND,8,41.6,0,215,57.1,,65.1,0,0,0,0.0,0.0,,2,0,0,32,0,0,0,77,0,44,0,0,32,0
Jakori Savage,41565,T,LSU,8,100.0,0,211,74.3,81.6,70.9,0,0,8,100.0,100.0,100.0,0,0,0,32,0,5,19,32,8,8,8,0,24,0
Walter Dawn Jr.,39921,WR,UTEP,10,35.6,0,330,48.5,,59.0,0,0,0,0.0,0.0,,0,0,0,32,0,0,0,90,0,58,0,0,32,0
Jack West,83558,QB,STANFORD,2,39.7,0,300,49.1,,60.0,0,0,0,0.0,0.0,,0,0,0,31,0,0,0,78,0,44,0,0,31,0
Adam Korutz,44467,G,BOSTON COL,6,100.0,0,121,57.8,79.4,56.0,0,0,5,100.0,100.0,100.0,0,0,0,31,0,0,0,31,6,6,31,0,25,0
Maurice Massey,99236,WR,MISSOURI,4,52.5,0,229,49.3,,60.7,0,0,0,0.0,0.0,,1,0,0,31,0,0,0,59,0,28,0,0,31,0
NaJee Thompson,78869,WR,GA SOUTHRN,12,36.5,0,174,61.8,,54.9,0,0,0,0.0,0.0,,1,0,0,31,0,0,0,85,0,52,0,0,31,0
Bubba Hudson,60134,G,TROY,3,100.0,0,318,55.0,53.3,54.3,0,0,10,100.0,100.0,100.0,0,0,0,31,0,19,12,31,11,11,0,0,20,0
Lincoln Victor,97215,WR,HAWAII,11,23.0,0,180,63.9,,59.0,0,0,0,0.0,0.0,,0,0,0,31,0,0,0,135,0,102,0,0,31,0
Justin Smith,57327,FB,NAVY,5,86.1,0,237,84.5,,76.4,0,0,0,,0.0,,0,0,0,31,0,0,0,36,0,1,0,0,31,29
Cody Winokur,102837,C,ARMY,2,100.0,0,114,61.8,67.4,60.8,0,0,1,100.0,100.0,100.0,0,0,0,31,31,0,0,31,1,1,0,0,30,0
CJ Lewis,61173,WR,BOSTON COL,4,56.4,0,121,55.3,,66.5,0,0,0,0.0,0.0,,0,0,0,31,0,0,0,55,0,24,0,0,31,2
Adam Berghorst,101412,TE,MICH STATE,4,67.4,0,223,50.4,32.8,60.5,0,0,4,21.1,21.1,100.0,0,0,0,31,0,0,0,46,4,19,0,0,27,44
Vincent Davis,99593,HB,PITTSBURGH,10,18.6,0,268,69.7,59.8,53.4,0,2,22,23.4,23.2,95.5,0,2,0,31,0,0,0,167,23,99,0,0,8,0
Elijah Higgins,98027,WR,STANFORD,11,48.4,0,300,50.0,,67.7,0,0,0,0.0,0.0,,1,0,0,31,0,0,0,64,0,33,0,0,31,0
AJ Gillie,98043,G,LA LAFAYET,3,100.0,0,207,67.2,78.7,65.5,0,0,15,100.0,100.0,100.0,0,0,0,31,0,31,0,31,15,15,0,0,16,0
Weston Carr,98742,WR,PENN STATE,4,70.5,0,266,67.7,,61.5,0,0,0,0.0,0.0,,0,0,0,31,0,0,0,44,0,13,0,0,31,0
Kairee Robinson,101299,HB,S JOSE ST,8,24.6,0,285,69.5,68.7,59.3,1,1,18,25.7,27.4,94.4,1,2,0,31,0,0,0,126,20,73,0,0,11,0
Devonte Lee,83721,HB,NEVADA,9,21.4,0,239,89.3,54.8,58.0,0,2,26,37.1,36.5,96.2,0,2,0,31,0,0,0,145,27,74,0,0,4,0
Jarveon Howard,77710,HB,SYRACUSE,11,20.3,0,304,68.7,86.7,54.6,0,0,22,33.3,33.3,100.0,0,0,0,31,0,0,0,153,22,66,0,0,9,0
Zalon'tae Hillery,59845,T,MIAMI FL,4,100.0,0,220,53.2,14.7,60.7,0,1,16,100.0,100.0,90.6,0,2,1,31,0,0,0,31,16,16,15,15,15,0
Ty Smith,58522,C,BAYLOR,3,100.0,0,118,59.5,74.9,58.2,0,0,7,100.0,100.0,100.0,0,0,0,31,30,0,0,31,7,7,0,0,24,0
Luke McCaffrey,101634,QB,NEBRASKA,4,44.9,0,238,89.8,,55.9,0,0,0,0.0,0.0,,1,0,0,31,0,0,0,69,0,16,0,0,31,0
Ryan Barnes,101683,TE,INDIANA,6,79.5,0,190,66.8,,72.4,0,0,0,0.0,0.0,,0,0,0,31,0,0,0,39,0,8,0,0,31,29
Sam Vaughan,74188,T,MIAMI OH,3,100.0,0,221,59.5,56.5,58.9,0,0,6,100.0,100.0,100.0,0,0,0,31,0,0,28,31,6,6,0,3,25,0
Matt Sichterman,59906,G,NEBRASKA,2,100.0,0,238,60.3,75.7,58.7,0,0,9,100.0,100.0,100.0,0,0,0,31,0,21,0,31,9,9,10,0,22,0
Chris Hickman,101687,WR,NEBRASKA,3,66.7,0,238,52.8,,67.1,0,0,0,0.0,0.0,,0,0,0,30,0,0,0,45,0,15,0,0,30,0
Jaylon Jackson,61214,WR,COLORADO,10,46.9,0,143,61.8,,55.0,0,0,0,0.0,0.0,,0,0,0,30,0,0,0,64,0,33,0,0,30,0
Danny Dalton,40739,TE,BOSTON COL,8,60.0,0,121,39.7,61.9,56.8,0,0,0,0.0,4.8,,0,0,0,30,0,0,0,50,1,21,0,0,29,37
B.J. Emmons,41603,HB,FAU,5,23.4,0,165,76.5,25.5,72.5,0,2,19,30.2,30.9,94.7,0,2,0,30,0,0,0,128,21,68,0,0,9,0
Mike Ruth,81747,G,MISSOURI,2,100.0,0,229,54.3,16.6,57.8,0,1,9,100.0,100.0,94.4,0,1,0,30,0,24,0,30,9,9,6,0,21,0
Larry Hodges,98817,FB,MIAMI FL,3,78.9,0,220,53.3,78.5,41.6,0,0,5,38.5,38.5,100.0,1,0,0,30,0,0,0,38,5,13,0,0,25,1
Jack Lindsey,40558,QB,ARKANSAS,2,40.0,0,111,73.9,,60.1,0,0,0,0.0,0.0,,0,0,0,30,0,0,0,75,0,37,0,0,30,0
Oliver Martin,61438,WR,IOWA,8,50.0,0,192,66.2,,57.1,0,0,0,0.0,0.0,,1,0,0,30,0,0,0,60,0,29,0,0,30,0
Beaux Limmer,99067,G,ARKANSAS,4,100.0,0,111,67.3,58.2,68.6,0,1,15,100.0,100.0,96.7,0,1,0,30,0,0,0,30,16,16,30,0,14,0
Quadry Jones,77640,QB,UCF,3,73.2,0,323,68.3,,60.0,0,0,0,0.0,0.0,,0,0,0,30,0,0,0,41,0,3,0,0,30,0
Jay Urich,60532,WR,S CAROLINA,6,49.2,0,289,49.8,,69.7,0,0,0,0.0,0.0,,0,0,0,30,0,0,0,61,0,31,0,0,30,0
Tito Overton,42422,WR,BUFFALO,7,69.8,0,126,62.2,,62.2,0,0,0,0.0,0.0,,0,0,0,30,0,0,0,43,0,13,0,0,30,0
Nick Ast,60416,QB,KANSAS ST,5,78.9,0,199,68.0,,60.0,0,0,0,0.0,0.0,,0,0,0,30,0,0,0,38,0,3,0,0,30,0
Tre' Goode,97596,WR,CHARLOTTE,9,44.1,0,136,55.2,,57.2,0,0,0,0.0,0.0,,0,0,0,30,0,0,0,68,0,38,0,0,30,0
Evan Hull,97302,HB,NWESTERN,4,33.3,0,256,62.0,80.7,57.9,0,0,8,38.1,39.1,100.0,0,0,0,30,0,0,0,90,9,23,0,0,21,0
Joachim Bangda,97184,HB,KENT STATE,9,23.3,0,201,70.7,84.8,54.8,0,0,12,18.8,23.9,100.0,0,0,0,30,0,0,0,129,17,71,0,0,13,0
Ulumoo Ale,81926,G,WASHINGTON,4,100.0,0,340,70.9,77.7,69.9,0,0,6,100.0,100.0,100.0,0,0,0,30,0,29,0,30,6,6,0,0,24,0
Vincent Amendola,99580,QB,N CAROLINA,3,83.3,0,245,67.8,,60.0,0,0,0,0.0,0.0,,1,0,0,30,0,0,0,36,0,5,0,0,30,0
Sam Wiglusz,88315,WR,OHIO STATE,3,88.2,0,260,68.0,,60.6,0,0,0,0.0,0.0,,0,0,0,30,0,0,0,34,0,4,0,0,30,0
James Magee,59827,T,MARSHALL,10,90.9,0,214,64.2,78.3,63.9,0,0,9,90.0,75.0,100.0,0,0,0,30,0,0,0,33,9,12,0,13,21,18
Jaron Woodyard,84328,WR,NEBRASKA,3,55.6,0,238,49.8,,46.2,0,0,0,0.0,0.0,,1,0,0,30,0,0,0,54,0,24,0,0,30,0
Alex Heil,55097,G,CINCINNATI,3,100.0,0,138,53.1,13.6,56.0,0,0,6,100.0,100.0,100.0,0,0,0,30,1,0,0,30,6,6,29,0,24,0
RaJae' Johnson,100886,WR,UAB,5,83.3,0,321,58.1,,63.0,0,0,0,0.0,0.0,,0,0,0,30,0,0,0,36,0,6,0,0,30,0
Dennis Smith,77996,WR,DUKE,4,63.8,0,154,53.4,,62.2,0,0,0,0.0,0.0,,0,0,0,30,0,0,0,47,0,17,0,0,30,0
Jha'Quan Jackson,101135,WR,TULANE,8,50.8,0,319,62.0,,56.0,0,0,0,0.0,0.0,,0,0,0,30,0,0,0,59,0,29,0,0,30,0
Tre Adams,84107,WR,ARIZONA,4,47.6,0,109,52.1,,78.1,0,0,0,0.0,0.0,,0,0,0,30,0,0,0,63,0,33,0,0,30,0
Dalton Adkison,84092,WR,TROY,4,61.2,0,318,59.2,,59.3,0,0,0,0.0,0.0,,0,0,0,30,0,0,0,49,0,19,0,0,30,0
Kay'Ron Lynch-Adams,101643,HB,RUTGERS,9,29.1,0,278,65.6,67.6,55.5,0,1,11,31.4,33.3,95.5,0,1,0,30,0,0,0,103,12,36,0,0,18,0
Johnnie Lang,57246,HB,IOWA STATE,11,18.5,0,193,67.8,61.7,69.4,0,1,14,15.2,16.7,96.4,1,1,0,30,0,0,0,162,16,96,0,0,14,0
Dante Cephas,97665,WR,KENT STATE,2,46.8,0,201,56.1,,61.3,0,0,0,0.0,0.0,,1,0,0,29,0,0,0,62,0,33,0,0,29,0
Brian Polendey,60955,TE,MIAMI FL,7,90.6,0,220,48.4,69.8,57.3,0,0,2,40.0,50.0,100.0,1,0,0,29,0,0,0,32,3,6,0,0,26,31
Cameron Cole,40996,WR,C MICHIGAN,9,67.4,0,134,48.8,,59.7,0,0,0,0.0,0.0,,0,0,0,29,0,0,0,43,0,14,0,0,29,3
Kirk Rygol,101061,QB,USF,5,44.6,0,327,69.5,,60.0,0,0,0,0.0,0.0,,0,0,0,29,0,0,0,65,0,31,0,0,29,0
B.J. Alexander,84241,WR,KENTUCKY,3,78.4,0,202,60.8,,78.5,0,0,0,0.0,0.0,,0,0,0,29,0,0,0,37,0,8,0,0,29,0
Deonte Sheffield,57203,HB,FLORIDA ST,4,37.7,0,167,70.6,59.0,67.3,0,0,22,51.2,51.2,100.0,0,0,0,29,0,0,0,77,22,43,0,0,7,0
Gary Brightwell,57133,HB,ARIZONA,10,17.5,0,109,78.1,18.0,75.0,1,0,8,10.8,11.4,93.7,1,1,0,29,0,0,0,166,9,79,0,0,20,4
Takulve Williams,61346,WR,KANSAS,7,42.0,0,198,62.2,,79.7,0,0,0,0.0,0.0,,0,0,0,29,0,0,0,69,0,40,0,0,29,0
Isaac Cochran,101273,G,AIR FORCE,6,100.0,0,101,67.5,,65.6,0,0,0,,,,0,0,0,29,12,5,0,29,0,0,11,1,29,0
Verdis Brown,82284,G,ILLINOIS,2,100.0,0,187,62.5,74.9,61.4,0,0,3,100.0,100.0,100.0,0,0,0,29,0,0,0,29,4,4,29,0,25,0
Jared Sparks,40215,WR,PURDUE,3,31.9,0,273,63.4,,78.3,0,0,0,0.0,0.0,,0,0,0,29,0,0,0,91,0,62,0,0,29,0
Blake Smithback,60253,C,WISCONSIN,2,100.0,0,349,53.4,54.9,59.8,0,0,7,100.0,100.0,85.7,1,1,1,29,29,0,0,29,7,7,0,0,22,0
Terry Mark,40446,WR,HOUSTON,9,56.9,0,182,56.7,,72.3,0,0,0,0.0,0.0,,0,0,0,29,0,0,0,51,0,22,0,0,29,0
Julian Pearl,82282,T,ILLINOIS,2,100.0,0,187,52.5,74.3,51.6,0,0,3,100.0,100.0,100.0,0,0,0,29,0,0,0,29,4,4,0,29,25,0
Carson Baker,83548,QB,S DIEGO ST,2,43.9,0,284,73.4,,60.0,0,0,0,0.0,0.0,,0,0,0,29,0,0,0,66,0,32,0,0,29,0
Tylan Knight,83710,WR,OLE MISS,11,26.6,0,226,53.3,,45.6,0,0,0,0.0,0.0,,0,0,0,29,0,0,0,109,0,73,0,0,29,0
Christian Turner,83703,HB,MICHIGAN,8,27.6,0,222,67.6,52.1,58.9,0,0,19,37.3,40.7,89.5,0,2,2,29,0,0,0,105,22,54,0,0,7,0
Terrell Haynes,81913,G,UTSA,5,100.0,0,331,70.4,81.8,69.1,0,0,16,100.0,100.0,100.0,0,0,0,29,0,27,0,29,16,16,0,0,13,0
Sean Carter,101344,WR,UTAH ST,5,54.7,0,329,59.8,,77.9,0,0,0,0.0,0.0,,0,0,0,29,0,0,0,53,0,24,0,0,29,0
J.P. Urquidez,41529,G,TEXAS,4,100.0,0,311,52.2,47.0,52.0,0,1,10,100.0,100.0,95.0,0,1,0,29,0,0,4,29,10,10,24,1,19,0
Cole Watts,98523,T,NEVADA,2,100.0,0,239,44.3,11.4,59.3,1,1,17,100.0,100.0,94.1,0,2,0,29,0,0,24,29,18,18,0,5,11,0
Carter Groomes,42204,WR,CLEMSON,9,70.7,0,140,42.8,,61.6,0,0,0,0.0,0.0,,0,0,0,29,0,0,0,41,0,12,0,0,29,0
Emil Smith,97663,WR,GA SOUTHRN,3,85.3,0,174,58.1,,62.9,0,0,0,0.0,0.0,,0,0,0,29,0,0,0,34,0,5,0,0,29,0
Jake Spiewak,53514,TE,AIR FORCE,6,100.0,0,101,60.6,,59.9,0,0,0,,,,0,0,0,28,0,0,0,28,0,0,0,0,28,6
Jared Nourse,41277,C,FAU,4,100.0,0,165,47.8,25.4,52.2,0,0,7,100.0,100.0,100.0,0,0,0,28,28,0,0,28,8,8,0,0,20,0
Michael Parrott,57067,FB,MIAMI FL,10,82.4,0,220,63.0,27.2,62.8,0,0,6,50.0,50.0,100.0,0,0,0,28,0,0,0,34,6,12,0,0,22,0
Hamilton Hawthorne II,81871,G,TROY,3,100.0,0,318,51.2,76.4,49.9,0,0,4,100.0,100.0,100.0,0,0,0,28,0,19,0,28,4,4,9,0,24,0
Jordan Travis,77615,QB,FLORIDA ST,4,42.4,0,167,76.7,,60.3,0,0,0,0.0,0.0,,0,0,0,28,0,0,0,66,0,18,0,0,28,0
Jacoby Hopkins,84448,WR,TEXAS ST,9,31.8,0,314,60.0,,52.1,0,0,0,0.0,0.0,,0,0,0,28,0,0,0,88,0,60,0,0,28,0
Hekili Keliiliki,52063,HB,HAWAII,7,53.8,1,180,66.5,84.8,64.2,0,0,21,75.0,75.0,100.0,1,0,0,28,0,0,0,52,21,28,0,0,7,0
Kadarius Toney,61245,WR,FLORIDA,7,30.1,0,163,80.0,64.5,72.6,0,0,1,1.9,1.9,100.0,0,0,0,28,0,0,0,93,1,54,0,0,27,1
Armand Shyne,45824,HB,TEXAS TECH,8,14.5,0,315,72.4,19.0,66.7,0,0,16,14.2,15.4,100.0,0,0,0,28,0,0,0,193,18,117,0,0,10,0
Tru Wilson,21456,HB,MICHIGAN,10,23.7,0,222,64.1,58.8,59.8,0,2,17,28.8,29.2,94.1,0,2,0,28,0,0,0,118,19,65,0,0,9,1
Dominic Distefano,57141,TE,ARMY,5,77.8,0,114,58.1,,62.5,0,0,0,0.0,0.0,,0,0,0,28,0,0,0,36,0,8,0,0,28,19
DJ Washington,60029,G,PURDUE,3,100.0,0,273,67.1,53.9,68.8,0,0,14,100.0,100.0,100.0,0,0,0,28,0,0,0,28,14,14,28,0,14,0
Brett Brenton,91070,HB,WYOMING,8,25.9,0,351,64.2,71.0,64.1,0,1,11,18.3,19.0,95.5,0,1,0,28,0,0,0,108,12,63,0,0,16,0
Adam Jones,104182,WR,C MICHIGAN,4,80.0,0,134,65.1,,61.6,0,0,0,0.0,0.0,,0,0,0,28,0,0,0,35,0,7,0,0,28,0
Chance Stevenson,104199,FB,AIR FORCE,6,87.5,0,101,69.1,,59.4,0,0,0,0.0,0.0,,0,0,0,28,0,0,0,32,0,2,0,0,28,12
Jude Hydrick,41704,T,NAVY,5,100.0,0,237,58.2,85.8,56.8,0,0,2,100.0,100.0,100.0,0,0,0,28,0,0,12,28,2,2,0,14,26,2
Gabe Wallace,77535,T,BUFFALO,4,100.0,0,126,71.1,74.5,68.5,0,0,2,100.0,100.0,100.0,0,0,0,28,0,0,6,28,2,2,0,22,26,0
Jason Bean,83529,QB,N TEXAS,7,35.4,0,251,39.7,,60.0,0,0,0,0.0,0.0,,0,0,0,28,0,0,0,79,0,39,0,0,28,0
Breyon Gaddy,56697,G,MARYLAND,5,100.0,0,215,59.2,75.5,58.1,0,0,4,100.0,100.0,100.0,0,0,0,28,0,23,0,28,4,4,0,0,24,3
Luke Musgrave,98499,TE,OREGON ST,8,47.5,0,265,60.9,76.8,81.7,0,0,1,3.2,6.1,100.0,0,0,0,28,0,0,0,59,2,33,0,0,26,43
Joe Ware,41849,G,BOWL GREEN,3,100.0,0,122,52.2,82.8,50.9,0,0,3,100.0,100.0,100.0,0,0,0,28,0,22,5,28,3,3,0,0,25,0
Jordan Nettles,57352,HB,N ILLINOIS,12,20.0,0,254,66.1,82.4,69.7,0,0,10,18.9,21.4,100.0,1,0,0,28,0,0,0,140,12,56,0,0,16,0
Max Fisher,61516,WR,NC STATE,7,35.9,0,248,52.1,,56.3,0,0,0,0.0,0.0,,0,0,0,28,0,0,0,78,0,50,0,0,28,0
Devin Mathews,101123,WR,NAVY,3,87.1,0,237,55.6,,55.8,0,0,0,0.0,0.0,,0,0,0,27,0,0,0,31,0,4,0,0,27,3
Aaron Bedgood,97079,WR,COAST CAR,5,52.9,0,141,84.3,,48.5,0,0,0,0.0,0.0,,0,0,0,27,0,0,0,51,0,20,0,0,27,1
James Jackson,56723,DI,MISS STATE,1,100.0,0,227,25.8,0.0,39.9,0,1,12,100.0,100.0,95.8,1,1,0,27,27,0,0,27,12,12,0,0,15,0
Bam Smith,83609,HB,ARIZONA,9,18.0,0,109,70.3,40.8,68.7,0,1,13,13.5,13.9,88.5,0,2,1,27,0,0,0,150,14,101,0,0,13,0
Loren Easly,34866,HB,N TEXAS,7,21.1,0,251,63.2,85.4,68.2,0,0,21,31.8,32.4,100.0,1,0,0,27,0,0,0,128,22,68,0,0,5,0
Joey Gatewood,82088,QB,AUBURN,7,38.6,0,115,83.5,,60.0,0,0,0,0.0,0.0,,0,0,0,27,0,0,0,70,0,9,0,0,27,0
Kamari Pleasant,40696,HB,WASHINGTON,10,36.0,0,340,56.8,70.3,54.5,0,1,10,23.8,23.8,95.0,0,1,0,27,0,0,0,75,10,42,0,0,17,0
Jeffrey Jones Jr.,84023,TE,NEW MEXICO,4,62.8,0,241,51.7,29.8,37.7,0,0,6,28.6,27.3,100.0,0,0,0,27,0,0,0,43,6,22,0,0,21,12
Grayson Reed,60122,T,TEXAS A&M,3,100.0,0,312,59.4,52.5,59.8,0,1,10,100.0,100.0,95.0,0,1,0,27,0,0,0,27,11,11,0,27,16,0
Kenneth Horsey,81696,G,KENTUCKY,2,100.0,0,202,69.4,64.2,69.3,0,0,8,100.0,100.0,100.0,0,0,0,27,0,27,0,27,9,9,0,0,18,0
Darius Corbett,55372,WR,TOLEDO,5,40.9,0,316,51.1,,60.4,0,0,0,0.0,0.0,,0,0,0,27,0,0,0,66,0,39,0,0,27,0
Samson Jackson,59988,T,OHIO,4,100.0,0,259,67.7,74.1,65.7,0,0,1,100.0,100.0,100.0,0,0,0,27,0,0,27,27,1,1,0,0,26,0
Brandon Wimbush,35595,QB,UCF,6,40.9,0,323,53.2,,60.2,0,0,0,0.0,0.0,,0,0,0,27,0,0,0,66,0,28,0,0,27,1
Zach Williams,83932,TE,ARIZONA,4,87.1,0,109,56.9,68.1,50.9,0,0,4,57.1,50.0,100.0,0,0,0,27,0,0,0,31,4,8,0,0,23,25
Graham Mertz,97994,QB,WISCONSIN,2,67.5,0,349,82.1,,60.0,0,0,0,0.0,0.0,,0,0,0,27,0,0,0,40,0,13,0,0,27,0
Charlie Flores,98662,C,SMU,4,100.0,0,287,53.8,76.5,53.6,0,0,5,100.0,100.0,100.0,0,0,0,27,17,0,0,27,5,5,9,0,22,0
Kalani Norris,97458,WR,GA TECH,7,60.0,0,176,45.2,,47.6,0,0,0,0.0,0.0,,0,0,0,27,0,0,0,45,0,18,0,0,27,0
Brody Rodgers,59987,G,OHIO,4,100.0,0,259,61.8,71.9,61.0,0,0,1,100.0,100.0,100.0,0,0,0,27,0,0,0,27,1,1,27,0,26,0
Andrew Vastardis,41627,C,MICHIGAN,4,100.0,0,222,59.4,77.7,62.8,0,0,8,100.0,100.0,100.0,1,0,0,27,27,0,0,27,10,10,0,0,17,0
Levi Shetler,100270,WR,BUFFALO,4,90.0,0,126,57.5,,58.5,0,0,0,0.0,0.0,,0,0,0,27,0,0,0,30,0,3,0,0,27,0
Jesse Brown,40847,HB,NWESTERN,5,33.3,0,256,61.7,82.8,64.9,0,0,12,29.3,26.7,100.0,0,0,0,27,0,0,0,81,12,45,0,0,15,0
Gary Hoover,100245,T,OHIO,4,100.0,0,259,59.1,70.5,58.0,0,0,1,100.0,100.0,100.0,0,0,0,27,0,0,0,27,1,1,0,27,26,0
Clay Geary,40552,WR,MINNESOTA,7,84.4,0,225,56.0,,59.3,0,0,0,0.0,0.0,,0,0,0,27,0,0,0,32,0,5,0,0,27,0
Finn Dirstine,77342,G,BOSTON COL,6,100.0,0,121,65.9,76.9,64.5,0,0,4,100.0,100.0,100.0,0,0,0,26,0,26,0,26,5,5,0,0,21,0
Connor Bazelak,99135,QB,MISSOURI,3,48.1,0,229,63.9,,60.0,0,0,0,0.0,0.0,,0,0,0,26,0,0,0,54,0,27,0,0,26,0
Keitha Jones Jr.,77171,TE,TULANE,3,89.7,0,319,52.5,71.8,50.4,0,0,4,57.1,57.1,100.0,0,0,0,26,0,0,0,29,4,7,0,0,22,16
Johnathan Bass,83920,T,GA STATE,3,100.0,0,175,50.9,37.9,52.1,0,1,8,100.0,100.0,93.7,0,1,0,26,0,0,17,26,8,8,9,0,18,0
Eddie Daugherty,47490,WR,E MICHIGAN,9,34.2,0,160,54.3,,61.2,0,0,0,0.0,0.0,,1,0,0,26,0,0,0,76,0,49,0,0,26,2
Jackson Lampley,99047,G,TENNESSEE,2,100.0,0,307,61.1,13.3,66.1,0,0,8,100.0,100.0,100.0,0,0,0,26,0,26,0,26,9,9,0,0,17,0
Ryan Tantum,101258,T,UNLV,2,100.0,0,325,62.2,72.7,58.0,0,0,13,100.0,100.0,100.0,0,0,0,26,0,0,1,26,13,13,0,25,13,0
Antonio Dicerbo,56690,TE,MARYLAND,7,100.0,0,215,56.8,63.3,55.7,0,0,1,100.0,100.0,100.0,0,0,0,26,0,0,0,26,1,1,0,0,25,13
Kentrail Moran,39913,HB,NEW MEXICO,6,40.6,0,241,65.6,35.6,58.9,0,1,22,73.3,66.7,97.7,0,1,0,26,0,0,0,64,22,33,0,0,4,0
Tre Tipton,47838,WR,PITTSBURGH,3,19.7,0,268,51.6,,29.8,0,0,0,0.0,0.0,,0,0,0,26,0,0,0,132,0,106,0,0,26,0
Kevin Ledee,61739,WR,TULANE,6,59.1,0,319,57.2,,48.2,0,0,0,0.0,0.0,,0,0,0,26,0,0,0,44,0,18,0,0,26,0
Logan Peterson,60893,TE,FAU,8,78.8,0,165,48.7,24.0,51.9,0,0,1,16.7,12.5,100.0,0,0,0,26,0,0,0,33,1,8,0,0,25,18
Quayvon Skanes,40233,WR,UCONN,7,53.1,0,146,55.1,,61.2,0,0,0,0.0,0.0,,0,0,0,26,0,0,0,49,0,22,0,0,26,0
Rhett Williams,98465,TE,MIAMI OH,3,89.7,0,221,74.1,66.4,52.7,0,0,2,50.0,40.0,100.0,0,0,0,26,0,0,0,29,2,5,0,0,24,25
Zamir White,83665,HB,GEORGIA,13,16.6,0,173,73.1,79.0,58.0,0,0,4,7.8,7.4,100.0,0,0,0,26,0,0,0,157,4,54,0,0,22,0
Gavin Dunayski,57040,T,WYOMING,2,100.0,0,351,60.2,81.2,54.1,0,0,10,100.0,100.0,100.0,0,0,0,26,0,0,0,26,10,10,0,26,16,0
Jacob Huesman,41939,QB,APP STATE,5,72.2,0,108,51.9,,60.0,0,0,0,0.0,0.0,,0,0,0,26,0,0,0,36,0,7,0,0,26,0
George Moore,60013,T,OREGON,5,100.0,0,264,76.9,77.9,73.8,0,0,7,100.0,100.0,100.0,0,0,0,26,0,0,9,26,7,7,0,17,19,0
KJ Jefferson,99129,QB,ARKANSAS,3,28.9,0,111,64.2,62.2,60.0,0,0,1,2.6,2.4,100.0,1,0,0,26,0,0,0,90,1,42,0,0,25,0
Isiah Macklin,40955,WR,S DIEGO ST,5,89.3,0,284,60.5,,66.3,0,0,0,0.0,0.0,,0,0,0,25,0,0,0,28,0,3,0,0,25,2
Brenden Bates,53746,TE,KENTUCKY,4,92.6,0,202,56.0,,56.2,0,0,0,0.0,0.0,,0,0,0,25,0,0,0,27,0,2,0,0,25,20
Tykee Ogle-Kellogg,84493,WR,UTSA,3,31.3,0,331,60.3,,78.7,0,0,0,0.0,0.0,,0,0,0,25,0,0,0,80,0,55,0,0,25,0
Darius Tisdale,99682,G,SYRACUSE,7,100.0,0,304,64.6,74.5,63.5,0,0,3,100.0,100.0,100.0,0,0,0,25,0,0,0,25,3,3,25,0,22,0
Shannon Brooks,35029,HB,MINNESOTA,9,21.0,0,225,74.7,82.3,60.0,0,0,19,48.7,50.0,100.0,0,0,0,25,0,0,0,119,21,42,0,0,4,0
Jonathan Todd,37300,G,W MICHIGAN,3,100.0,0,347,48.8,67.3,48.7,0,0,1,100.0,100.0,100.0,1,0,0,25,0,22,3,25,1,1,0,0,24,0
Braden Cassity,76837,TE,OKLA STATE,9,89.3,0,262,57.3,74.1,67.8,0,0,4,57.1,57.1,100.0,1,0,0,25,0,0,0,28,4,7,0,0,21,24
Ty McCullouch,71780,WR,COLO STATE,7,27.8,0,144,53.3,,63.3,0,0,0,0.0,0.0,,0,0,0,25,0,0,0,90,0,65,0,0,25,0
Chez Mellusi,99597,HB,CLEMSON,11,29.8,0,140,74.0,72.4,51.2,0,0,13,50.0,48.3,100.0,1,0,0,25,0,0,0,84,14,29,0,0,11,0
Chance Lytle,39834,G,COLORADO,2,100.0,0,143,56.5,82.4,52.0,0,0,12,100.0,100.0,100.0,0,0,0,25,0,25,0,25,12,12,0,0,13,0
Austin Chandler,60103,G,SYRACUSE,7,100.0,0,304,48.1,74.5,47.1,0,0,3,100.0,100.0,100.0,0,0,0,25,0,25,0,25,3,3,0,0,22,0
Trevor Hohlt,61161,WR,BALL ST,4,64.1,0,117,56.1,,70.4,0,0,0,0.0,0.0,,0,0,0,25,0,0,0,39,0,13,0,0,25,0
Joe Goff,44099,T,NAVY,3,100.0,0,237,72.3,0.0,71.7,0,0,0,,100.0,,0,0,0,25,0,0,0,25,1,1,0,25,24,0
Jaylen Coleman,97624,HB,DUKE,6,53.2,0,154,58.4,63.9,57.1,0,0,1,14.3,12.5,100.0,0,0,0,25,0,0,0,47,1,8,0,0,24,23
Sampson James,97629,HB,INDIANA,10,17.6,0,190,66.0,35.6,57.8,0,1,7,16.7,16.7,92.9,0,1,0,25,0,0,0,142,7,42,0,0,18,0
Manny Miles,33924,QB,KANSAS,4,49.0,0,198,64.9,,60.2,0,0,0,0.0,0.0,,1,0,0,25,0,0,0,51,0,21,0,0,25,0
Chris Coleman,55906,CB,FRESNO ST,4,23.4,0,169,60.4,,43.2,0,0,0,0.0,0.0,,0,0,0,25,0,0,0,107,0,82,0,0,25,0
Parker Bisek,98060,C,TOLEDO,3,100.0,0,316,67.7,78.0,64.5,0,0,9,100.0,100.0,100.0,0,0,0,25,25,0,0,25,9,9,0,0,16,0
Terrell Chatman,33827,WR,VIRGINIA,10,18.4,0,335,62.2,,61.8,0,0,0,0.0,0.0,,1,0,0,25,0,0,0,136,0,111,0,0,25,0
Jax Harrington,98255,G,LA LAFAYET,1,100.0,0,207,66.0,78.4,64.3,0,0,10,100.0,100.0,100.0,0,0,0,25,0,0,0,25,11,11,25,0,14,0
Anthony Whigan,101555,G,PENN STATE,2,100.0,0,266,47.9,76.3,46.3,0,0,5,100.0,100.0,100.0,0,0,0,25,0,0,0,25,5,5,25,0,20,0
Rick Wells,42268,WR,FLORIDA,5,54.3,0,163,63.0,,57.1,0,0,0,0.0,0.0,,0,0,0,25,0,0,0,46,0,21,0,0,25,0
Johncarlo Valentin,77447,G,BAYLOR,1,100.0,0,118,62.9,77.9,61.3,0,0,6,100.0,100.0,100.0,0,0,0,25,0,3,0,25,6,6,21,1,19,0
Isaac Lutz,42159,WR,PENN STATE,3,67.6,0,266,61.5,,61.3,0,0,0,0.0,0.0,,0,0,0,25,0,0,0,37,0,12,0,0,25,0
Andrew Kristofic,98413,T,NOTRE DAME,4,100.0,0,258,63.2,,62.1,0,0,0,,,,0,0,0,25,0,0,16,25,0,0,0,9,25,0
Drew McQuarrie,60858,TE,BOSTON COL,6,80.6,0,121,39.1,,41.6,0,0,0,0.0,0.0,,0,0,0,25,0,0,0,31,0,6,0,0,25,28
Trent Maynard,41942,G,MIAMI OH,3,100.0,0,221,58.8,75.5,57.3,0,0,6,100.0,100.0,100.0,0,0,0,25,0,3,0,25,6,6,22,0,19,0
Nakia Watson,83807,HB,WISCONSIN,14,19.5,0,349,56.9,50.0,60.8,0,0,11,29.7,28.2,100.0,0,0,0,25,0,0,0,128,11,39,0,0,14,0
Micah Gray,57330,HB,NEW MEXICO,8,49.0,0,241,70.7,50.3,61.1,0,1,10,55.6,57.1,95.0,0,1,0,25,0,0,0,51,12,21,0,0,13,0
Hunter Hebert,61040,TE,TEXAS ST,4,50.0,0,314,36.4,16.8,40.5,0,0,8,25.0,24.2,75.0,0,2,2,25,0,0,0,50,8,33,0,0,17,26
Cameron Bent,61204,WR,CHARLOTTE,2,77.4,0,136,57.4,,58.5,0,0,0,0.0,0.0,,0,0,0,24,0,0,0,31,0,7,0,0,24,0
Jyran Mitchell,78175,WR,N ILLINOIS,3,100.0,0,254,60.4,,60.0,0,0,0,,,,0,0,0,24,0,0,0,24,0,0,0,0,24,0
Britain Covey,32933,WR,UTAH,4,36.9,0,328,65.2,,89.2,0,0,0,0.0,0.0,,0,0,0,24,0,0,0,65,0,39,0,0,24,0
Cooper Beebe,99434,G,KANSAS ST,2,100.0,0,199,52.7,79.8,51.9,0,0,3,100.0,100.0,100.0,0,0,0,24,0,20,4,24,3,3,0,0,21,0
Trenard Davis,40351,WR,ILLINOIS,3,35.8,0,187,54.5,,72.2,0,0,0,0.0,0.0,,0,0,0,24,0,0,0,67,0,43,0,0,24,0
Brian Greene,60220,C,WASH STATE,5,100.0,0,341,42.2,79.2,39.5,0,0,12,100.0,100.0,100.0,1,0,0,24,23,0,0,24,13,13,0,0,11,0
Jordan Holmes,84218,WR,ILLINOIS,4,75.0,0,187,57.9,,61.8,0,0,0,0.0,0.0,,1,0,0,24,0,0,0,32,0,8,0,0,24,0
Joel Wilson,77943,TE,C MICHIGAN,3,47.1,0,134,51.0,72.7,56.7,0,0,4,12.9,12.9,100.0,0,0,0,24,0,0,0,51,4,31,0,0,20,32
Randle Jones,42142,WR,TEMPLE,4,30.8,0,306,58.6,,89.6,0,0,0,0.0,0.0,,0,0,0,24,0,0,0,78,0,54,0,0,24,0
Richard Newton,83799,HB,WASHINGTON,10,11.7,1,340,74.7,25.1,58.9,1,2,12,17.1,19.7,87.5,1,3,0,24,0,0,0,205,15,76,0,0,9,0
Brandon Lee,100267,HB,AKRON,12,11.0,0,102,49.5,84.3,48.4,0,0,15,10.7,10.3,100.0,1,0,0,24,0,0,0,218,15,146,0,0,9,0
Brenton Strange,101694,TE,PENN STATE,2,82.8,0,266,71.0,,61.9,0,0,0,0.0,0.0,,0,0,0,24,0,0,0,29,0,5,0,0,24,27
Caleb Chapman,84441,WR,TEXAS A&M,7,34.3,0,312,49.8,,50.8,0,0,0,0.0,0.0,,0,0,0,24,0,0,0,70,0,46,0,0,24,0
Cole Mabry,81777,T,NOTRE DAME,1,100.0,0,258,43.4,29.6,46.2,0,0,3,100.0,100.0,100.0,0,0,0,24,0,0,3,24,5,5,0,21,19,0
Josh Fenn,77510,G,TOLEDO,3,100.0,0,316,68.0,61.5,67.9,1,0,8,100.0,100.0,93.7,0,1,0,24,0,23,0,24,8,8,0,0,16,0
Joshua Matthews,78823,WR,LA TECH,5,55.8,0,208,57.3,,55.6,0,0,0,0.0,0.0,,0,0,0,24,0,0,0,43,0,19,0,0,24,2
Jehlani Galloway,77971,WR,BOSTON COL,6,85.7,0,121,56.3,,54.9,0,0,0,0.0,0.0,,0,0,0,24,0,0,0,28,0,4,0,0,24,1
Daizion Carroll,81769,C,N TEXAS,3,100.0,0,251,60.8,76.7,59.2,0,0,5,100.0,100.0,100.0,0,0,0,24,13,6,0,24,5,5,5,0,19,0
Brannon Spector,99581,WR,CLEMSON,3,58.5,0,140,56.0,,60.9,0,0,0,0.0,0.0,,0,0,0,24,0,0,0,41,0,17,0,0,24,0
Rhett Harms,83921,TE,AIR FORCE,5,100.0,0,101,62.0,,62.2,0,0,0,,,,0,0,0,24,0,0,1,24,0,0,0,0,24,7
Jeremiah Hawkins,61188,WR,CAL,7,28.9,0,130,62.3,,61.9,0,0,0,0.0,0.0,,0,0,0,24,0,0,0,83,0,58,0,0,24,0
Brandon Johnson,40666,WR,TENNESSEE,4,52.2,0,307,57.3,,57.0,0,0,0,0.0,0.0,,0,0,0,24,0,0,0,46,0,22,0,0,24,1
Miller Gibbs,83927,TE,APP STATE,6,92.3,0,108,63.1,,63.9,0,0,0,0.0,0.0,,0,0,0,24,0,0,0,26,0,2,0,0,24,17
Darryle Simmons,78009,WR,VA TECH,3,88.9,0,337,59.5,,59.0,0,0,0,0.0,0.0,,0,0,0,24,0,0,0,27,0,3,0,0,24,0
Braxton Webb,41591,T,SMU,3,100.0,0,287,61.1,78.8,58.4,0,0,5,100.0,100.0,100.0,0,0,0,24,0,0,24,24,5,5,0,0,19,0
Tyson Gardner,58484,T,ARIZONA,1,100.0,0,109,87.4,65.1,86.6,1,0,7,100.0,100.0,92.9,0,1,0,24,0,0,0,24,7,7,0,24,17,0
Jacob Graner,45544,G,UTSA,2,100.0,0,331,60.4,37.9,65.9,1,1,17,100.0,100.0,94.1,0,2,0,24,0,0,0,24,19,19,24,0,5,0
Hal Roberson,52301,G,USF,5,100.0,0,327,61.3,77.6,59.4,0,0,8,100.0,100.0,100.0,0,0,0,24,0,0,0,24,8,8,24,0,16,0
John Stephen Jones,82078,QB,ARKANSAS,3,38.7,0,111,54.0,,60.0,0,0,0,0.0,0.0,,0,0,0,24,0,0,0,62,0,29,0,0,24,0
Jackson Gleeson,78091,WR,BAYLOR,3,75.0,0,118,60.1,,73.9,0,0,0,0.0,0.0,,0,0,0,24,0,0,0,32,0,8,0,0,24,0
Myles Benning,41374,TE,UTSA,6,92.3,0,331,47.2,,49.0,0,0,0,0.0,0.0,,0,0,0,24,0,0,0,26,0,2,0,0,24,23
Bryce Williams,83708,HB,MINNESOTA,2,41.4,0,225,56.0,45.2,57.2,0,1,12,42.9,46.9,87.5,0,2,1,24,0,0,0,58,15,32,0,0,9,0
Dane Kinamon,104192,HB,AIR FORCE,8,80.0,0,101,50.8,,67.0,0,0,0,0.0,0.0,,0,0,0,24,0,0,0,30,0,5,0,0,24,17
Chuck Filiaga,59858,G,MICHIGAN,5,100.0,0,222,54.2,84.6,50.0,0,0,8,100.0,100.0,100.0,0,0,0,23,0,18,0,23,11,11,4,0,12,0
Dino Tomlin,97422,WR,MARYLAND,2,85.2,0,215,69.5,,61.4,0,0,0,0.0,0.0,,0,0,0,23,0,0,0,27,0,4,0,0,23,0
Thalen Robinson,99093,G,MISSOURI,3,100.0,0,229,21.7,0.0,37.6,0,1,7,100.0,100.0,92.9,0,1,0,23,11,0,0,23,7,7,12,0,16,0
Tim Baten,56574,G,CHARLOTTE,5,100.0,0,136,50.0,60.9,55.9,0,0,0,,100.0,,1,0,0,23,0,3,0,23,1,1,19,0,22,0
Terrance Gipson,97413,QB,SMU,2,69.7,0,287,72.9,,60.0,0,0,0,0.0,0.0,,0,0,0,23,0,0,0,33,0,4,0,0,23,0
Isaiah Spencer,83536,TE,DOMINION,9,28.8,0,263,54.0,30.3,48.8,1,1,5,8.5,8.3,80.0,0,2,0,23,0,0,0,80,5,60,0,0,18,25
Rocky Lombardi,60452,QB,MICH STATE,6,45.1,0,223,38.3,,60.0,0,0,0,0.0,0.0,,0,0,0,23,0,0,0,51,0,22,0,0,23,0
Ernest Moore,75853,T,HAWAII,3,100.0,0,180,62.4,46.1,67.2,0,0,14,100.0,100.0,85.7,0,2,2,23,0,0,23,23,14,14,0,0,9,0
Isaiah Azubuike,97297,HB,ARK STATE,5,19.5,0,113,63.6,27.8,60.0,1,2,19,26.0,27.6,92.1,0,3,0,23,0,0,0,118,21,76,0,0,2,0
Tope Imade,41569,G,TEXAS,3,100.0,0,311,58.5,80.5,55.3,0,0,10,100.0,100.0,100.0,0,0,0,23,0,23,0,23,10,10,0,0,13,0
Jake Bentley,40788,QB,S CAROLINA,1,35.9,0,289,42.6,,60.0,0,0,0,0.0,0.0,,0,0,0,23,0,0,0,64,0,39,0,0,23,0
Ryan Selig,77254,TE,W MICHIGAN,4,88.5,0,347,85.8,,62.8,0,0,0,0.0,0.0,,0,0,0,23,0,0,0,26,0,3,0,0,23,20
Bailey Edwards,41352,WR,C MICHIGAN,4,82.1,0,134,57.4,,61.0,0,0,0,0.0,0.0,,0,0,0,23,0,0,0,28,0,5,0,0,23,0
Victor Stoffel,98528,T,TEMPLE,4,100.0,0,306,61.5,77.4,59.3,0,0,6,100.0,100.0,100.0,0,0,0,23,0,0,23,23,6,6,0,0,17,0
Tyrek Presley,97856,WR,TULANE,2,69.7,0,319,66.2,,61.5,0,0,0,0.0,0.0,,0,0,0,23,0,0,0,33,0,10,0,0,23,0
Hussein Howe,26150,HB,E CAROLINA,4,30.7,0,156,60.4,61.0,73.0,0,0,12,27.3,30.4,100.0,1,0,0,23,0,0,0,75,14,46,0,0,9,0
Nahshon Ellerbe,40664,HB,RICE,7,34.8,0,275,67.0,49.7,68.3,1,0,17,53.1,54.5,97.1,0,1,0,23,0,0,0,66,18,33,0,0,5,0
Connor Heyward,57301,HB,MICH STATE,4,22.8,0,223,63.2,77.0,59.8,0,0,17,26.6,25.4,100.0,1,0,0,23,0,0,0,101,18,71,0,0,5,0
Chad Terrell,61645,WR,S CAROLINA,5,32.9,0,289,58.4,,58.5,0,0,0,0.0,0.0,,0,0,0,23,0,0,0,70,0,47,0,0,23,0
Tyler King,57284,HB,MARSHALL,2,44.2,0,214,61.2,49.7,58.6,0,0,13,52.0,51.7,92.3,0,1,1,23,0,0,0,52,15,29,0,0,8,0
King McGowen,98277,T,LA LAFAYET,2,100.0,0,207,65.5,80.3,61.1,0,0,11,100.0,100.0,100.0,0,0,0,23,0,0,23,23,11,11,0,0,12,0
Braden Galloway,77891,TE,CLEMSON,2,35.9,0,140,60.4,67.7,55.0,0,0,2,5.0,6.8,100.0,0,0,0,23,0,0,0,64,3,44,0,0,20,29
Keon Zipperer,97786,TE,FLORIDA,6,67.6,0,163,61.2,,63.0,0,0,0,0.0,0.0,,2,0,0,23,0,0,0,34,0,11,0,0,23,25
Steven Anderson,60542,HB,SO MISS,12,19.2,0,296,75.0,77.2,59.0,0,1,14,30.4,30.6,96.4,0,1,0,23,0,0,0,120,15,49,0,0,8,0
Javon Foster,81748,T,MISSOURI,2,100.0,0,229,67.6,81.2,63.9,0,0,6,100.0,100.0,100.0,0,0,0,23,0,0,23,23,6,6,0,0,17,0
Joe Moore,101267,G,AIR FORCE,5,100.0,0,101,74.6,,73.0,0,0,0,,,,0,0,0,23,0,12,4,23,0,0,4,3,23,0
Alex Thomson,32376,QB,MARSHALL,2,56.1,0,214,71.9,,60.0,0,0,0,0.0,0.0,,0,0,0,23,0,0,0,41,0,12,0,0,23,0
Larry Wooden,55808,HB,UAB,9,50.0,0,321,62.4,70.9,67.7,0,0,15,62.5,64.0,93.3,0,1,1,23,0,0,0,46,16,25,0,0,7,0
Jesiah Irish,84371,WR,OREGON ST,4,54.8,0,265,80.5,,89.1,0,0,0,0.0,0.0,,0,0,0,23,0,0,0,42,0,19,0,0,23,0
Lee Witherspoon,99166,HB,MISS STATE,9,33.8,0,227,68.9,79.5,57.2,0,0,8,25.8,27.3,100.0,0,0,0,23,0,0,0,68,9,33,0,0,14,0
Cade Beresford,81934,T,WASH STATE,4,100.0,0,341,71.7,67.7,71.3,0,1,10,100.0,100.0,95.0,0,1,0,23,0,0,23,23,10,10,0,0,13,0
Trevon Raymore,100208,HB,BOWL GREEN,3,33.3,0,122,63.3,81.2,46.8,0,0,9,29.0,30.3,100.0,0,0,0,23,0,0,0,69,10,33,0,0,13,0
Christian Jones,77463,T,TEXAS,4,100.0,0,311,54.2,35.1,58.6,2,0,11,100.0,100.0,90.9,0,2,0,23,0,0,0,23,11,11,0,23,12,0
Rafiti Ghirmai,77464,C,TEXAS,3,100.0,0,311,45.5,50.5,53.5,0,0,11,100.0,100.0,90.9,1,1,1,23,23,0,0,23,11,11,0,0,12,0
Branson Bragg,98251,T,STANFORD,1,100.0,0,300,54.7,54.9,53.4,1,0,13,100.0,100.0,96.2,0,1,0,23,0,0,0,23,13,13,0,23,10,0
Melquan Stovall,74267,WR,NEVADA,9,14.6,0,239,57.4,,38.7,0,0,0,0.0,0.0,,1,0,0,23,0,0,0,158,0,135,0,0,23,0
Isaiah Phillips,83695,HB,LA MONROE,6,27.4,0,209,59.6,71.2,59.2,0,1,14,31.1,30.4,96.4,0,1,0,23,0,0,0,84,14,46,0,0,9,0
Tobias Little,42594,WR,LOUISVILLE,4,84.6,0,210,61.1,72.6,77.1,0,0,3,42.9,42.9,100.0,1,0,0,22,0,0,0,26,3,7,0,0,19,0
Rhett Myers,60831,T,AIR FORCE,7,95.7,0,101,63.6,,61.5,0,0,0,0.0,0.0,,0,0,0,22,0,0,8,23,0,1,0,13,22,2
Caedan Wallace,98427,T,PENN STATE,3,100.0,0,266,74.7,50.0,74.2,0,0,4,100.0,100.0,100.0,0,0,0,22,0,0,0,22,4,4,0,22,18,0
Noah Pitre,78271,T,LA TECH,10,91.7,0,208,54.2,65.5,55.5,0,0,1,33.3,33.3,100.0,0,0,0,22,0,0,7,24,1,3,0,0,21,17
Anthony Bradford,99103,G,LSU,3,100.0,0,211,44.4,0.0,52.1,0,1,9,100.0,100.0,94.4,0,1,0,22,0,0,0,22,9,9,22,0,13,0
Quintin Wilson,53330,C,KENTUCKY,2,100.0,0,202,65.1,76.5,62.7,0,0,5,100.0,100.0,100.0,0,0,0,22,22,0,0,22,6,6,0,0,16,0
Robert Burns,57293,HB,MIAMI FL,7,23.2,0,220,63.4,41.8,58.7,0,1,19,31.1,30.2,97.4,0,1,0,22,0,0,0,95,19,63,0,0,3,0
Ty Jones,61806,WR,WASHINGTON,4,66.7,0,340,55.1,,62.0,0,0,0,0.0,0.0,,0,0,0,22,0,0,0,33,0,11,0,0,22,0
Cody Lamb,55083,G,CINCINNATI,2,100.0,0,138,55.8,76.7,61.2,0,0,4,100.0,100.0,100.0,1,0,0,22,0,22,0,22,4,4,0,0,18,0
B.J. Baylor,52122,HB,OREGON ST,11,24.7,0,265,71.4,72.2,67.8,0,1,11,24.4,25.0,95.5,0,1,0,22,0,0,0,89,12,48,0,0,10,0
Zach Dziengelewski,58534,C,BOWL GREEN,2,100.0,0,122,64.9,71.9,63.2,0,0,2,100.0,100.0,100.0,0,0,0,22,22,0,0,22,2,2,0,0,20,0
Daevon Vigilant,40173,HB,NEW MEXICO,8,34.4,0,241,56.0,29.4,47.5,0,2,10,32.3,31.4,90.0,0,2,0,22,0,0,0,64,11,35,0,0,11,0
Roscoe Johnson,42240,WR,N CAROLINA,2,75.9,0,245,66.5,,62.7,0,0,0,0.0,0.0,,0,0,0,22,0,0,0,29,0,7,0,0,22,0
Titus Swen,97314,HB,WYOMING,6,20.2,0,351,74.3,73.1,62.1,0,0,3,13.6,13.6,100.0,0,0,0,22,0,0,0,109,3,22,0,0,19,0
Jackson Reynolds,60175,C,UNLV,1,100.0,0,325,63.3,77.7,60.4,0,0,11,100.0,100.0,100.0,0,0,0,22,22,0,0,22,11,11,0,0,11,0
Ty Murray,99653,C,N CAROLINA,4,100.0,0,245,60.9,70.8,59.9,0,0,2,100.0,100.0,100.0,0,0,0,22,22,0,0,22,2,2,0,0,20,0
Keevon Harris,45471,WR,OHIO,4,95.7,0,259,55.4,,49.7,0,0,0,0.0,0.0,,1,0,0,22,0,0,0,23,0,1,0,0,22,0
Adarius Dent,77957,WR,FLORIDA ST,4,48.9,0,167,46.2,,61.8,0,0,0,0.0,0.0,,0,0,0,22,0,0,0,45,0,23,0,0,22,0
Wyatt Wieland,101342,WR,WYOMING,6,84.6,0,351,57.6,,61.4,0,0,0,0.0,0.0,,0,0,0,22,0,0,0,26,0,4,0,0,22,0
Cam Wilson,101726,WR,INDIANA,3,68.8,0,190,54.3,,60.8,0,0,0,0.0,0.0,,0,0,0,22,0,0,0,32,0,10,0,0,22,0
Trey Ragas,42174,HB,LA LAFAYET,13,9.2,0,207,80.2,52.0,67.8,0,1,14,12.6,12.1,96.4,0,1,0,22,0,0,0,240,14,116,0,0,8,0
Josh Whyle,54037,TE,CINCINNATI,7,57.9,0,138,64.0,27.4,59.1,0,0,2,11.1,11.1,100.0,0,0,0,22,0,0,0,38,2,18,0,0,20,24
Tayvon Ruley,101073,HB,TEMPLE,5,37.9,0,306,74.0,55.0,57.3,0,1,14,53.8,53.8,96.4,1,1,0,22,0,0,0,58,14,26,0,0,8,0
Jorien Vallien,78064,WR,TULANE,4,61.1,0,319,63.8,,61.6,0,0,0,0.0,0.0,,0,0,0,22,0,0,0,36,0,14,0,0,22,0
Cole McCrary,84024,TE,N TEXAS,5,81.5,0,251,70.8,67.0,49.8,0,0,2,28.6,28.6,100.0,0,0,0,22,0,0,0,27,2,7,0,0,20,24
Isaiah Isaac,77972,WR,WAKE,2,84.6,0,339,57.7,,60.1,0,0,0,0.0,0.0,,0,0,0,22,0,0,0,26,0,4,0,0,22,0
Drew Lisk,40372,QB,UTAH,4,64.7,0,328,72.6,,60.0,0,0,0,0.0,0.0,,0,0,0,22,0,0,0,34,0,10,0,0,22,0
Matt Kegel,40019,G,OKLA STATE,5,100.0,0,262,69.9,80.8,68.3,0,0,5,100.0,100.0,100.0,0,0,0,22,0,20,0,22,5,5,0,0,17,0
Jackson McCullough,41733,T,UNLV,1,100.0,0,325,60.1,81.5,54.2,0,0,11,100.0,100.0,100.0,0,0,0,22,0,0,22,22,11,11,0,0,11,0
John Williams,42342,WR,MEMPHIS,3,40.7,0,218,65.3,,73.8,0,0,0,0.0,0.0,,1,0,0,22,0,0,0,54,0,32,0,0,22,0
Charles Cross,98401,T,MISS STATE,3,100.0,0,227,61.9,74.2,57.1,1,0,11,100.0,100.0,95.5,0,1,0,22,0,0,18,22,11,11,0,4,11,0
Trey Blount,61272,WR,GEORGIA,2,59.5,0,173,71.9,,63.1,0,0,0,0.0,0.0,,0,0,0,22,0,0,0,37,0,15,0,0,22,0
Dane Ledford,60567,WR,TULANE,2,91.7,0,319,70.2,,58.9,0,0,0,0.0,0.0,,0,0,0,22,0,0,0,24,0,2,0,0,22,0
Matt Valecce,77662,QB,BOSTON COL,6,68.8,0,121,50.9,,60.0,0,0,0,0.0,0.0,,0,0,0,22,0,0,0,32,0,8,0,0,22,0
Ta'Zhawn Henry,77776,HB,TEXAS TECH,9,9.8,1,315,71.5,81.9,59.2,0,0,7,5.6,6.0,100.0,1,0,0,22,0,0,0,225,8,133,0,0,14,0
Daetrich Harrington,57129,HB,APP STATE,8,23.2,0,108,65.9,24.5,59.5,1,2,14,40.0,40.0,89.3,0,3,0,22,0,0,0,95,14,35,0,0,8,0
Bub Means,98847,WR,TENNESSEE,4,95.7,0,307,57.8,,56.5,0,0,0,0.0,0.0,,0,0,0,22,0,0,0,23,0,1,0,0,22,1
Ethan Piper,101586,G,NEBRASKA,1,100.0,0,238,58.9,72.3,57.9,0,0,4,100.0,100.0,100.0,0,0,0,22,0,0,0,22,4,4,22,0,18,0
Will Jones,57154,HB,BALL ST,8,27.3,0,117,63.0,58.1,59.1,1,0,18,28.1,27.7,97.2,0,1,0,21,0,0,0,77,18,65,0,0,3,0
Cody George,25643,TE,BAYLOR,3,91.3,0,118,66.1,65.4,65.8,0,0,1,33.3,33.3,100.0,0,0,0,21,0,0,0,23,1,3,0,0,20,23
Travon Williams,40199,WR,TEMPLE,7,34.4,0,306,62.9,,60.0,0,0,0,0.0,0.0,,0,0,0,21,0,0,0,61,0,40,0,0,21,0
Bubba Ogbebor,40340,WR,ARK STATE,5,47.7,0,113,54.4,,39.2,0,0,0,0.0,0.0,,1,0,0,21,0,0,0,44,0,23,0,0,21,0
Velus Jones Jr.,40573,WR,USC,9,29.6,0,326,55.4,,60.7,0,0,0,0.0,0.0,,0,0,0,21,0,0,0,71,0,50,0,0,21,0
Kurt Gavin,40963,G,ILLINOIS,3,100.0,0,187,67.7,78.7,66.1,0,0,7,100.0,100.0,100.0,0,0,0,21,0,21,0,21,7,7,0,0,14,0
Noah Turner,42347,TE,N CAROLINA,4,100.0,0,245,66.7,65.6,64.6,0,0,2,100.0,100.0,100.0,0,0,0,21,0,0,0,21,2,2,0,0,19,20
Chauncey Mason,45156,HB,FAU,8,25.6,0,165,73.3,69.4,58.1,0,0,5,15.2,23.7,100.0,0,0,0,21,0,0,0,82,9,38,0,0,12,0
Kirk Johnson Jr.,45360,WR,UTSA,10,29.2,0,331,60.1,,60.8,0,0,0,0.0,0.0,,0,0,0,21,0,0,0,72,0,51,0,0,21,0
Matt Nelson,52314,C,USF,4,100.0,0,327,65.6,74.1,63.3,0,0,6,100.0,100.0,100.0,0,0,0,21,21,0,0,21,6,6,0,0,15,0
Sean Rattay,55552,G,NAVY,4,100.0,0,237,55.4,,55.5,0,0,0,,,,0,0,0,21,8,3,0,21,0,0,10,0,21,0
Colson Altman,59722,G,TCU,2,100.0,0,305,55.2,73.4,54.6,0,0,1,100.0,100.0,100.0,0,0,0,21,0,8,0,21,1,1,13,0,20,0
Dylan McCaffrey,60451,QB,MICHIGAN,7,35.6,0,222,39.0,,60.4,0,0,0,0.0,0.0,,1,0,0,21,0,0,0,59,0,28,0,0,21,0
Quan Hampton,61343,WR,KANSAS,4,40.4,0,198,59.9,,61.0,0,0,0,0.0,0.0,,0,0,0,21,0,0,0,52,0,30,0,0,21,0
Patrick McKaufman,61578,WR,OKLA STATE,4,70.0,0,262,55.3,,63.9,0,0,0,0.0,0.0,,0,0,0,21,0,0,0,30,0,9,0,0,21,0
Prince Taylor,61612,WR,RUTGERS,7,53.8,0,278,62.5,,73.5,0,0,0,0.0,0.0,,0,0,0,21,0,0,0,39,0,18,0,0,21,0
Steve Avila,77319,C,TCU,2,100.0,0,305,68.3,72.1,66.0,0,0,1,100.0,100.0,100.0,0,0,0,21,13,0,0,21,1,1,8,0,20,0
Dallas Holliday,81595,G,BOISE ST,3,100.0,0,120,53.9,76.7,52.2,0,0,3,100.0,100.0,100.0,0,0,0,21,0,21,0,21,3,3,0,0,18,0
Dalton Tucker,81717,T,MARSHALL,2,100.0,0,214,59.1,78.6,56.0,0,0,5,100.0,100.0,100.0,0,0,0,21,0,0,21,21,5,5,0,0,16,0
Cole Brown,81768,G,N TEXAS,3,100.0,0,251,60.3,73.0,59.4,0,0,2,100.0,100.0,100.0,0,0,0,21,0,0,0,21,2,2,19,0,19,2
A.J. Carter,83611,HB,ARIZONA ST,12,31.8,0,110,46.2,80.6,58.6,0,0,9,25.7,27.0,100.0,0,0,0,21,0,0,0,66,10,37,0,0,11,1
Chris Cameron,83940,TE,ARMY,4,95.5,0,114,57.8,,57.5,0,0,0,,0.0,,0,0,0,21,0,0,1,22,0,1,0,2,21,9
Jaylen Johnson,84191,WR,GEORGIA,3,63.6,0,173,63.2,,62.6,0,0,0,0.0,0.0,,0,0,0,21,0,0,0,33,0,12,0,0,21,0
Kassidy Woods,84507,WR,WASH STATE,8,31.8,0,341,56.8,,46.2,0,0,0,0.0,0.0,,0,0,0,21,0,0,0,66,0,45,0,0,21,0
Dylan Jantz,97100,WR,TEXAS ST,3,31.8,0,314,47.8,,30.7,0,0,0,0.0,0.0,,0,0,0,21,0,0,0,66,0,45,0,0,21,0
Michael Kern,97799,QB,WAKE,2,60.0,0,339,88.1,,60.0,0,0,0,0.0,0.0,,0,0,0,21,0,0,0,35,0,10,0,0,21,0
Drake Nugent,97828,G,STANFORD,2,100.0,0,300,58.2,4.3,72.0,0,1,12,100.0,100.0,87.5,0,2,1,21,0,17,0,21,13,13,0,0,8,4
Wayne Dennis Jr.,98108,WR,NWESTERN,4,100.0,0,256,61.1,,61.4,0,0,0,,,,0,0,0,21,0,0,0,21,0,0,0,0,21,0
Matt Dale,98648,T,MEMPHIS,2,100.0,0,218,80.4,76.1,77.8,0,0,3,100.0,100.0,100.0,0,0,0,21,0,0,0,21,3,3,0,21,18,0
Layden Robinson,99057,G,TEXAS A&M,2,100.0,0,312,53.4,52.7,61.7,0,0,13,100.0,100.0,100.0,1,0,0,21,0,0,0,21,13,13,21,0,8,0
Kaleb Boateng,99644,T,CLEMSON,4,100.0,0,140,59.5,73.0,57.8,0,0,4,100.0,100.0,100.0,0,0,0,21,0,0,21,21,4,4,0,0,17,0
Michael Denson,101024,T,MEMPHIS,1,100.0,0,218,69.4,76.4,66.9,0,0,3,100.0,100.0,100.0,0,0,0,21,0,0,0,21,3,3,0,21,18,0
Joshua Blanchard,101032,T,USF,4,100.0,0,327,62.3,75.3,69.2,0,0,6,100.0,100.0,100.0,1,0,0,21,0,0,21,21,6,6,0,0,15,0
Nicholas Noyen,101271,C,AIR FORCE,6,100.0,0,101,56.5,,56.8,0,0,0,,,,0,0,0,21,21,0,0,21,0,0,0,0,21,0
Christian Wells,102917,WR,APP STATE,3,80.8,0,108,72.9,,50.7,0,0,0,0.0,0.0,,0,0,0,21,0,0,0,26,0,5,0,0,21,0
TJ Salu,41397,G,NAVY,3,100.0,0,237,62.7,,62.1,0,0,0,,,,0,0,0,20,0,20,0,20,0,0,0,0,20,0
Sam Poutasi,41642,G,OREGON,4,100.0,0,264,61.4,77.4,59.7,0,0,6,100.0,100.0,100.0,0,0,0,20,0,20,0,20,6,6,0,0,14,0
Jake Bailey,72158,WR,RICE,11,17.7,0,275,54.1,,61.0,0,0,0,0.0,0.0,,0,0,0,20,0,0,0,113,0,93,0,0,20,0
Luke Deal,98496,TE,AUBURN,4,100.0,0,115,71.1,70.3,74.2,0,0,1,100.0,100.0,100.0,0,0,0,20,0,0,1,20,1,1,0,0,19,8
Danielson Ike,98493,G,SMU,2,100.0,0,287,60.9,76.7,59.5,0,0,5,100.0,100.0,100.0,0,0,0,20,0,20,0,20,5,5,0,0,15,0
Darien Chase,101731,WR,NEBRASKA,4,38.5,0,238,62.2,,87.3,0,0,0,0.0,0.0,,0,0,0,20,0,0,0,52,0,32,0,0,20,0
Trey Smith,27042,HB,WYOMING,4,25.3,0,351,71.0,77.5,53.1,0,0,6,31.6,28.6,100.0,0,0,0,20,0,0,0,79,6,21,0,0,14,0
Harold Joiner III,83635,HB,AUBURN,11,38.5,0,115,61.9,70.0,57.9,0,0,1,5.0,4.8,100.0,0,0,0,20,0,0,0,52,1,21,0,0,19,0
Ethan Hall,101105,TE,TULSA,4,95.2,0,320,92.5,,77.8,0,0,0,0.0,0.0,,0,0,0,20,0,0,0,21,0,1,0,0,20,16
Trilion Coles,101076,HB,UCF,7,33.9,0,323,80.2,38.0,60.6,0,0,6,50.0,53.8,83.3,0,1,1,20,0,0,0,59,7,13,0,0,13,0
Jashaun Corbin,83773,HB,TEXAS A&M,2,23.3,0,312,76.4,20.8,59.1,1,1,13,31.0,30.2,92.3,0,2,0,20,0,0,0,86,13,43,0,0,7,0
Gavin Hardison,100827,QB,UTEP,2,20.2,0,330,48.1,,60.9,0,0,0,0.0,0.0,,2,0,0,20,0,0,0,99,0,68,0,0,20,0
Drake De Iuliis,61067,TE,VA TECH,3,100.0,0,337,58.2,73.7,56.7,0,0,1,100.0,100.0,100.0,0,0,0,20,0,0,0,20,2,2,0,0,18,15
Monroe Young,84153,WR,CAL,5,48.8,0,130,52.6,,62.1,0,0,0,0.0,0.0,,0,0,0,20,0,0,0,41,0,21,0,0,20,0
Ja'Shaun Poke,100218,WR,KENT STATE,11,33.9,0,201,63.2,,72.0,0,0,0,0.0,0.0,,0,0,0,20,0,0,0,59,0,38,0,0,20,0
Kyle Benkel,55420,WR,UCF,5,87.0,0,323,60.9,,63.3,0,0,0,0.0,0.0,,0,0,0,20,0,0,0,23,0,3,0,0,20,0
Casey Thompson,77677,QB,TEXAS,4,47.6,0,311,60.4,,60.0,0,0,0,0.0,0.0,,0,0,0,20,0,0,0,42,0,15,0,0,20,0
Jaelen Bush,52132,T,OREGON ST,1,100.0,0,265,74.4,74.8,72.2,0,0,6,100.0,100.0,100.0,0,0,0,20,0,0,0,20,6,6,0,20,14,0
Brock Wellsfry,52123,G,OREGON ST,1,100.0,0,265,63.3,51.1,63.5,0,1,6,100.0,100.0,91.7,0,1,0,20,0,0,0,20,6,6,20,0,14,0
Mac Cranford,99659,C,CLEMSON,3,100.0,0,140,50.5,71.4,57.3,0,0,3,100.0,100.0,100.0,1,0,0,20,20,0,0,20,3,3,0,0,17,0
Barrett Barham,84419,WR,SO MISS,5,100.0,0,296,57.0,,73.9,0,0,0,,,,1,0,0,20,0,0,0,20,0,0,0,0,20,0
Anthony Queeley,77976,WR,SYRACUSE,7,90.9,0,304,58.9,,62.7,0,0,0,0.0,0.0,,0,0,0,20,0,0,0,22,0,2,0,0,20,0
Darien Rencher,39949,HB,CLEMSON,12,29.9,0,140,72.1,43.7,59.2,1,0,13,38.2,38.2,96.2,0,1,0,20,0,0,0,67,13,34,0,0,7,0
Brandon Legendre,97107,WR,LA LAFAYET,2,55.6,0,207,67.5,,61.0,0,0,0,0.0,0.0,,0,0,0,20,0,0,0,36,0,16,0,0,20,0
Lucas Johnson,40551,QB,GA TECH,4,23.5,0,176,45.1,,60.0,0,0,0,0.0,0.0,,0,0,0,20,0,0,0,85,0,51,0,0,20,0
Eliki Tanuvasa,79663,C,HAWAII,2,100.0,0,180,57.5,22.5,64.2,0,0,12,100.0,100.0,91.7,0,1,1,20,20,0,0,20,12,12,0,0,8,0
Chase Cunningham,78533,QB,MIDDLE TN,5,36.4,0,224,69.2,,60.0,0,0,0,0.0,0.0,,2,0,0,20,0,0,0,55,0,33,0,0,20,0
Tylan Morton,98681,QB,S ALABAMA,4,32.3,0,288,38.8,,60.0,0,0,0,0.0,0.0,,1,0,0,20,0,0,0,62,0,33,0,0,20,0
Troy Elliott,41386,T,ARK STATE,2,100.0,0,113,29.7,11.7,45.6,0,1,9,100.0,100.0,94.4,1,1,0,20,0,0,20,20,9,9,0,0,11,0
Peace Addo,77574,T,DUKE,5,100.0,0,154,75.4,67.4,73.0,0,0,1,100.0,100.0,100.0,0,0,0,19,0,0,19,19,1,1,0,0,18,0
Spencer Petras,82136,QB,IOWA,3,63.3,0,192,60.3,,60.0,0,0,0,0.0,0.0,,0,0,0,19,0,0,0,30,0,10,0,0,19,0
Moss Saccomanno,84551,TE,CHARLOTTE,4,86.4,0,136,55.4,,54.2,0,0,0,0.0,0.0,,0,0,0,19,0,0,0,22,0,3,0,0,19,18
Dawson Downing,42539,HB,MISSOURI,11,17.3,0,229,72.1,54.8,64.2,0,1,6,10.9,10.7,91.7,0,1,0,19,0,0,0,110,6,56,0,0,13,0
Warren McClendon Jr.,99081,T,GEORGIA,3,100.0,0,173,60.1,70.9,58.7,0,0,4,100.0,100.0,100.0,0,0,0,19,0,0,0,19,4,4,0,19,15,0
Rahmod Smith,100856,TE,FAU,4,100.0,0,165,55.1,64.0,53.7,0,0,1,100.0,100.0,100.0,0,0,0,19,0,0,0,19,1,1,0,0,18,13
Sean Behrens,41804,G,MARSHALL,1,100.0,0,214,60.9,77.4,59.3,0,0,5,100.0,100.0,100.0,0,0,0,19,0,0,0,19,5,5,19,0,14,0
Tyrone Broden,100273,WR,BOWL GREEN,3,47.5,0,122,40.4,,42.9,0,0,0,0.0,0.0,,0,0,0,19,0,0,0,40,0,21,0,0,19,0
Tucker Gregg,83669,HB,GA STATE,12,46.3,1,175,68.2,79.1,55.7,0,0,5,45.5,41.7,100.0,1,0,0,19,0,0,0,41,5,12,0,0,14,0
Jordan Merrell,61253,WR,FAU,3,90.5,0,165,57.7,,61.0,0,0,0,0.0,0.0,,0,0,0,19,0,0,0,21,0,2,0,0,19,0
Michael Furtney,81945,G,WISCONSIN,3,100.0,0,349,61.0,9.4,63.7,0,1,4,100.0,100.0,87.5,0,1,0,19,0,0,0,19,4,4,19,0,15,0
John Moten IV,27945,HB,NWESTERN,5,25.0,0,256,60.0,81.7,58.5,0,0,9,17.6,25.0,100.0,0,0,0,19,0,0,0,76,14,56,0,0,5,1
Kamari Morales,99713,TE,N CAROLINA,2,95.0,0,245,65.2,,58.3,0,0,0,0.0,0.0,,1,0,0,19,0,0,0,20,0,1,0,0,19,9
Bamidele Olaseni,98669,T,UTAH,2,100.0,0,328,74.5,0.0,83.8,0,1,5,100.0,100.0,70.0,0,2,1,19,0,0,0,19,5,5,0,19,14,0
Austin Dotson,60804,G,KENTUCKY,2,100.0,0,202,56.4,3.0,67.4,0,0,3,100.0,100.0,100.0,1,0,0,19,0,0,0,19,4,4,15,4,15,0
Tyrell Alexander,39986,WR,OKLA STATE,7,57.6,0,262,53.7,,60.4,0,0,0,0.0,0.0,,0,0,0,19,0,0,0,33,0,14,0,0,19,0
Chandler Tuitt,41572,G,OLE MISS,2,100.0,0,226,48.7,73.7,48.2,0,0,2,100.0,100.0,100.0,0,0,0,19,0,0,0,19,2,2,19,0,17,0
Austin Jones,97183,HB,STANFORD,12,13.6,0,300,73.0,62.1,60.0,0,1,17,19.1,18.5,97.1,0,1,0,19,0,0,0,140,17,92,0,0,2,0
Tavion Thomas,77732,HB,CINCINNATI,4,27.5,0,138,69.3,70.1,58.7,0,0,12,54.5,56.5,100.0,0,0,0,19,0,0,0,69,13,23,0,0,6,0
Christian Harris,101728,WR,INDIANA,2,95.0,0,190,59.7,,61.5,0,0,0,0.0,0.0,,0,0,0,19,0,0,0,20,0,1,0,0,19,0
Aaron Moffitt,60942,TE,LSU,3,95.0,0,211,56.0,26.6,62.6,1,0,2,66.7,66.7,75.0,0,1,0,19,0,0,0,20,2,3,0,0,17,8
Devonta'e Henry-Cole,41545,HB,UTAH,12,18.8,0,328,71.8,76.3,56.2,0,0,5,10.4,9.8,100.0,0,0,0,19,0,0,0,101,5,51,0,0,14,0
Wes Harris,60108,G,TCU,1,100.0,0,305,66.5,78.3,64.9,0,0,9,100.0,100.0,100.0,0,0,0,19,0,0,0,19,9,9,19,0,10,0
Jacob Warren,84057,TE,TENNESSEE,6,79.2,0,307,68.4,65.4,77.4,0,0,1,16.7,16.7,100.0,0,0,0,19,0,0,0,24,1,6,0,0,18,17
Joel Honigford,59851,T,MICHIGAN,4,100.0,0,222,63.6,78.1,60.3,0,0,4,100.0,100.0,100.0,0,0,0,19,0,0,0,19,6,6,0,18,13,0
Kannon Biggs,98415,G,TROY,2,100.0,0,318,53.4,72.1,52.8,0,0,2,100.0,100.0,100.0,0,0,0,19,0,0,0,19,2,2,19,0,17,0
Nishad Strother,98057,G,E CAROLINA,2,100.0,0,156,52.0,79.2,48.5,0,0,6,100.0,100.0,100.0,0,0,0,19,0,0,0,19,8,8,19,0,11,0
Joey Yellen,71430,QB,ARIZONA ST,1,27.5,0,110,63.6,,60.0,0,0,0,0.0,0.0,,2,0,0,19,0,0,0,69,0,50,0,0,19,0
Sean Tyler,97124,HB,W MICHIGAN,13,14.8,0,347,70.4,80.9,59.5,0,0,14,27.5,27.3,100.0,0,0,0,19,0,0,0,128,15,55,0,0,4,0
Michel Dukes,99591,HB,CLEMSON,10,26.4,0,140,67.9,68.3,58.3,0,1,10,35.7,35.5,95.0,0,1,0,19,0,0,0,72,11,31,0,0,8,0
Marquis McCoy,98746,WR,SO MISS,4,50.0,0,296,50.1,,62.7,0,0,0,0.0,0.0,,0,0,0,19,0,0,0,38,0,19,0,0,19,0
Jordan Brooks-Wess,78061,WR,FAU,4,86.4,0,165,56.9,,58.1,0,0,0,0.0,0.0,,0,0,0,19,0,0,0,22,0,3,0,0,19,0
Zack Ferris,81714,G,MARSHALL,1,100.0,0,214,71.4,77.4,70.3,0,0,5,100.0,100.0,100.0,0,0,0,19,0,19,0,19,5,5,0,0,14,0
Ken Marks,46118,G,LA LAFAYET,1,100.0,0,207,53.6,77.3,50.1,0,0,10,100.0,100.0,100.0,0,0,0,19,0,19,0,19,10,10,0,0,9,0
Pierce Quick,99062,G,ALABAMA,3,100.0,0,103,63.5,77.1,62.0,0,0,5,100.0,100.0,100.0,0,0,0,19,0,19,0,19,5,5,0,0,14,0
Joey Ramos,77474,T,IOWA STATE,3,100.0,1,193,58.7,45.6,60.4,1,0,6,100.0,100.0,91.7,1,1,0,19,0,0,6,19,7,7,0,12,12,1
Jalen Preston,84435,WR,TEXAS A&M,5,46.2,0,312,69.9,,61.0,0,0,0,0.0,0.0,,0,0,0,18,0,0,0,39,0,21,0,0,18,0
Case Hatch,97745,TE,ARIZONA ST,4,64.3,0,110,55.5,75.9,52.0,0,0,2,20.0,23.1,100.0,0,0,0,18,0,0,0,28,3,13,0,0,15,16
Taisun Phommachanh,99577,QB,CLEMSON,3,41.9,0,140,64.8,,60.0,0,0,0,0.0,0.0,,0,0,0,18,0,0,0,43,0,14,0,0,18,0
Jordan Smith,78037,WR,TEMPLE,6,69.2,0,306,59.2,,80.1,0,0,0,0.0,0.0,,0,0,0,18,0,0,0,26,0,8,0,0,18,0
Daniel Carter,99572,FB,PITTSBURGH,2,78.3,0,268,52.8,75.4,50.6,0,0,2,28.6,28.6,100.0,0,0,0,18,0,0,0,23,2,7,0,0,16,0
Calvin Jackson Jr.,84508,WR,WASH STATE,4,15.8,0,341,62.9,,57.4,0,0,0,0.0,0.0,,0,0,0,18,0,0,0,114,0,96,0,0,18,0
Griffin Sestili,60112,C,TEMPLE,3,100.0,0,306,61.9,74.7,60.1,0,0,6,100.0,100.0,100.0,0,0,0,18,18,0,0,18,6,6,0,0,12,0
Javion Posey,97606,WR,FAU,2,85.7,0,165,72.7,,45.6,0,0,0,0.0,0.0,,0,0,0,18,0,0,0,21,0,3,0,0,18,0
Charlie Schmidt,81772,G,NWESTERN,4,100.0,0,256,76.0,63.3,74.0,0,0,1,100.0,100.0,100.0,0,0,0,18,0,7,0,18,1,1,0,0,17,11
Tyler Burns,40130,HB,KANSAS ST,4,36.7,0,199,73.1,42.7,57.1,0,0,3,42.9,42.9,100.0,0,0,0,18,0,0,0,49,3,7,0,0,15,0
Radson Jang,59919,C,NEW MEXICO,2,100.0,0,241,60.8,74.5,59.2,0,0,5,100.0,100.0,100.0,0,0,0,18,17,0,0,18,6,6,0,0,12,0
Kadas Reams,78031,WR,TEMPLE,4,62.1,0,306,56.9,,59.0,0,0,0,0.0,0.0,,0,0,0,18,0,0,0,29,0,11,0,0,18,0
Jamari Thrash,97399,WR,GA STATE,3,51.4,0,175,56.8,,62.1,0,0,0,0.0,0.0,,0,0,0,18,0,0,0,35,0,17,0,0,18,0
TJ McDaniel,97299,HB,SMU,7,19.4,0,287,69.1,27.3,45.1,2,0,12,26.7,26.7,91.7,0,2,0,18,0,0,0,93,12,45,0,0,6,0
Kevin Harris,99141,HB,S CAROLINA,6,26.1,0,289,68.1,71.1,45.1,0,0,10,25.6,25.6,100.0,0,0,0,18,0,0,0,69,10,39,0,0,8,0
Rodrigues Clark,101068,HB,MEMPHIS,7,38.3,0,218,70.2,79.8,54.5,0,0,4,57.1,66.7,100.0,0,0,0,18,0,0,0,47,6,9,0,0,12,0
Trivenskey Mosley,83761,HB,SO MISS,4,24.7,0,296,63.1,84.6,43.6,0,0,12,21.8,21.1,100.0,1,0,0,18,0,0,0,73,12,57,0,0,6,0
Ean Biancardi,41275,G,FAU,4,100.0,0,165,64.5,68.0,63.6,0,0,1,100.0,100.0,100.0,0,0,0,18,0,1,0,18,1,1,13,4,17,0
Westin Elliott,60433,QB,LA TECH,6,50.0,0,208,24.8,,60.0,0,0,0,0.0,0.0,,1,0,0,18,0,0,0,36,0,17,0,0,18,0
Chance Bell,57396,HB,S DIEGO ST,12,9.1,0,284,66.0,70.2,58.8,0,0,10,10.1,10.0,100.0,0,0,0,18,0,0,0,197,10,100,0,0,8,0
Ben Bratcher,77424,G,TULANE,3,100.0,0,319,50.5,,57.3,0,0,0,,,,1,0,0,18,0,0,0,18,0,0,18,0,18,0
Calvin Wiggins,98218,WR,SMU,4,72.0,0,287,65.8,,62.2,0,0,0,0.0,0.0,,0,0,0,18,0,0,0,25,0,7,0,0,18,0
Ja'Vahri Portis,77802,HB,OHIO,5,28.6,0,259,80.1,53.9,59.3,0,1,4,22.2,23.8,87.5,1,1,0,18,0,0,0,63,5,21,0,0,13,0
Jude Wolfe,72208,TE,USC,4,94.7,0,326,68.0,69.8,67.7,0,0,2,66.7,75.0,100.0,0,0,0,18,0,0,0,19,3,4,0,0,15,13
Jordan Wilmore,100585,HB,UTAH,12,18.6,0,328,60.4,41.6,58.6,0,1,9,25.7,27.0,94.4,0,1,0,18,0,0,0,97,10,37,0,0,8,0
Matt Geiger,60733,HB,DOMINION,7,27.7,0,263,66.5,73.9,58.9,0,0,13,27.1,28.6,100.0,0,0,0,18,0,0,0,65,14,49,0,0,4,0
Colby Suits,82143,QB,LA MONROE,4,42.9,0,209,29.3,,60.0,0,0,0,0.0,0.0,,0,0,0,18,0,0,0,42,0,21,0,0,18,0
Xavier Williams,84087,WR,ALABAMA,5,85.7,0,103,57.9,,61.5,0,0,0,0.0,0.0,,0,0,0,18,0,0,0,21,0,3,0,0,18,0
J.D. Gomez,77396,G,TEMPLE,4,100.0,0,306,61.8,72.6,60.9,0,0,3,100.0,100.0,100.0,0,0,0,18,0,18,0,18,3,3,0,0,15,0
Stefan Cobbs,84143,WR,BOISE ST,3,42.9,0,120,68.0,61.0,57.6,0,0,1,4.0,4.0,100.0,0,0,0,18,0,0,0,42,1,25,0,0,17,0
Max Yarbrough,81706,G,LA LAFAYET,2,100.0,0,207,95.1,76.4,93.3,0,0,7,100.0,100.0,100.0,0,0,0,18,4,9,0,18,7,7,5,0,11,0
Hassan Littles,61160,WR,BALL ST,7,32.7,0,117,61.5,,63.2,0,0,0,0.0,0.0,,0,0,0,18,0,0,0,55,0,37,0,0,18,0
Xavier Lane,42334,WR,W KENTUCKY,6,66.7,0,346,56.3,,57.3,0,0,0,0.0,0.0,,0,0,0,18,0,0,0,27,0,9,0,0,18,0
DeAndre Marcus,78606,HB,LA TECH,8,25.4,0,208,69.4,48.7,59.3,0,1,11,29.7,28.9,86.4,0,2,1,18,0,0,0,71,11,38,0,0,7,1
Robbie Kelley,60322,QB,AKRON,8,31.0,0,102,37.8,,60.0,0,0,0,0.0,0.0,,0,0,0,18,0,0,0,58,0,37,0,0,18,0
Jermiah Stafford,52305,T,USF,1,100.0,0,327,36.6,4.9,49.9,0,2,13,100.0,100.0,76.9,0,4,2,18,0,0,18,18,14,14,0,0,4,0
Kyle McCombs,52277,TE,STANFORD,7,90.0,0,300,59.9,,61.1,0,0,0,0.0,0.0,,0,0,0,18,0,0,0,20,0,2,0,0,18,20
TJ Sullivan,84396,WR,S DIEGO ST,9,38.3,0,284,58.9,,60.0,0,0,0,0.0,0.0,,1,0,0,18,0,0,0,47,0,29,0,0,18,0
Derek Schweiger,59750,C,IOWA STATE,3,100.0,0,193,69.3,74.2,66.5,0,0,4,100.0,100.0,100.0,0,0,0,18,16,2,0,18,4,4,0,0,14,0
Ryan Thompson,78065,WR,TULANE,4,85.7,0,319,63.5,,80.3,0,0,0,0.0,0.0,,0,0,0,18,0,0,0,21,0,3,0,0,18,0
Jack Allison,39875,QB,W VIRGINIA,2,36.2,0,343,43.7,,60.0,0,0,0,0.0,0.0,,0,0,0,17,0,0,0,47,0,28,0,0,17,0
Kahner George,104203,T,AIR FORCE,4,100.0,0,101,65.7,,64.7,0,0,0,,,,0,0,0,17,0,1,16,17,0,0,0,0,17,0
Jordan Byrd,83748,HB,S DIEGO ST,12,9.7,0,284,67.8,33.2,57.3,0,1,8,9.8,10.2,81.2,1,2,1,17,0,0,0,175,9,88,0,0,8,1
Wyatt Mazour,34261,HB,NEBRASKA,8,24.3,0,238,55.2,29.9,68.8,0,0,6,15.8,17.5,100.0,1,0,0,17,0,0,0,70,7,40,0,0,10,0
Eric Golston,59866,G,MIDDLE TN,3,100.0,0,224,63.6,77.2,61.9,0,0,6,100.0,100.0,100.0,0,0,0,17,0,5,0,17,6,6,12,0,11,0
Garrett Winn,57325,FB,NAVY,5,77.3,0,237,79.3,,63.9,0,0,0,,,,0,0,0,17,0,0,0,22,0,0,0,0,17,11
John Hassell,77903,TE,MEMPHIS,5,100.0,0,218,55.2,66.5,54.8,0,0,0,,100.0,,0,0,0,17,0,1,0,17,1,1,0,0,16,14
Drew Cook,35713,TE,IOWA,6,70.8,0,192,52.1,,56.9,0,0,0,0.0,0.0,,0,0,0,17,0,0,0,24,0,7,0,0,17,22
Maclaine Griffin,84141,WR,BOISE ST,4,81.0,0,120,57.3,,60.3,0,0,0,0.0,0.0,,0,0,0,17,0,0,0,21,0,4,0,0,17,0
Nick Nash,98679,QB,S JOSE ST,6,20.0,0,285,80.6,,60.0,0,0,0,0.0,0.0,,0,0,0,17,0,0,0,85,0,33,0,0,17,0
Chris Sibilia,55199,C,GA STATE,2,100.0,0,175,64.9,76.1,62.7,0,0,5,100.0,100.0,100.0,0,0,0,17,17,0,0,17,5,5,0,0,12,0
Jack Powers,78114,WR,TCU,2,94.4,0,305,58.7,,59.2,0,0,0,0.0,0.0,,0,0,0,17,0,0,0,18,0,1,0,0,17,0
Dontae Smith,77717,HB,GA TECH,5,32.7,0,176,64.8,80.0,56.2,0,0,5,17.9,20.0,100.0,0,0,0,17,0,0,0,52,6,30,0,0,11,5
Kanan Ray,81620,T,COLORADO,3,100.0,0,143,70.3,75.6,67.8,0,0,5,100.0,100.0,100.0,0,0,0,17,0,0,0,17,5,5,0,17,12,0
Christian Owens,13595,WR,GA STATE,3,65.4,0,175,47.2,,61.5,0,0,0,0.0,0.0,,0,0,0,17,0,0,0,26,0,9,0,0,17,0
Sam Denmark,42209,WR,COAST CAR,7,56.7,0,141,64.7,,44.9,0,0,0,0.0,0.0,,1,0,0,17,0,0,0,30,0,13,0,0,17,0
DeMarcus Harris,99244,WR,KENTUCKY,3,65.4,0,202,54.4,,62.6,0,0,0,0.0,0.0,,0,0,0,17,0,0,0,26,0,9,0,0,17,0
Robert French,75920,TE,RICE,11,19.8,0,275,51.3,,46.3,0,0,0,0.0,0.0,,0,0,0,17,0,0,0,86,0,69,0,0,17,37
Mo Hasan,40296,QB,VANDERBILT,1,44.7,0,333,68.3,,60.0,0,0,0,0.0,0.0,,0,0,0,17,0,0,0,38,0,14,0,0,17,0
Chandler Dolphin,60187,C,UTAH ST,1,100.0,0,329,45.4,75.2,45.2,0,0,7,100.0,100.0,100.0,0,0,0,17,17,0,0,17,7,7,0,0,10,0
Evan Fairs,22869,WR,KANSAS,6,38.6,0,198,57.2,,61.3,0,0,0,0.0,0.0,,0,0,0,17,0,0,0,44,0,27,0,0,17,0
Luis Cristobal Jr.,97453,C,GA STATE,2,100.0,0,175,52.7,0.0,63.8,0,0,8,100.0,100.0,100.0,0,0,0,17,9,0,0,17,8,8,8,0,9,0
Tate Martell,60505,WR,MIAMI FL,5,47.2,0,220,52.0,,56.8,0,0,0,0.0,0.0,,0,0,0,17,0,0,0,36,0,16,0,0,17,0
Marquel Tinsley,97865,WR,MIDDLE TN,3,44.7,0,224,57.6,,57.2,0,0,0,0.0,0.0,,0,0,0,17,0,0,0,38,0,21,0,0,17,0
Tommy Carnifax,42758,TE,NWESTERN,1,100.0,0,256,68.6,69.6,65.5,0,0,2,100.0,100.0,100.0,0,0,0,17,0,0,0,17,2,2,0,0,15,17
Devon Jackson,78901,WR,MIDDLE TN,3,56.7,0,224,54.1,,61.7,0,0,0,0.0,0.0,,0,0,0,17,0,0,0,30,0,13,0,0,17,0
Deshawn Collins,98619,HB,CAL,9,16.0,0,130,70.2,58.4,60.1,0,0,11,19.3,18.3,100.0,0,0,0,17,0,0,0,106,11,60,0,0,6,0
Hunter Kelly,41892,C,PENN STATE,1,100.0,0,266,84.8,71.5,78.9,0,0,3,100.0,100.0,100.0,0,0,0,17,17,0,0,17,3,3,0,0,14,0
Drake Stoops,78087,WR,OKLAHOMA,9,27.4,0,261,71.0,,55.7,0,0,0,0.0,0.0,,0,0,0,17,0,0,0,62,0,45,0,0,17,0
Isaiah Holiness,74501,HB,S JOSE ST,10,20.0,0,285,72.8,6.1,58.5,0,0,2,3.4,3.3,100.0,0,0,0,17,0,0,0,85,2,60,0,0,15,0
Tyran Walker-Hunt,59834,T,MARYLAND,3,100.0,0,215,66.7,66.9,65.4,0,0,1,100.0,100.0,100.0,0,0,0,17,0,0,17,17,1,1,0,0,16,0
Joe Milton III,82151,QB,MICHIGAN,4,55.2,0,222,56.6,,60.0,0,0,0,0.0,0.0,,0,0,0,16,0,0,0,29,0,11,0,0,16,0
Michael Kenefick,42186,C,BUFFALO,2,100.0,0,126,56.1,70.4,56.4,0,0,1,100.0,100.0,100.0,0,0,0,16,16,0,0,16,1,1,0,0,15,0
Grady Vazquez,42245,FB,S DIEGO ST,4,94.1,1,284,51.3,,49.1,0,0,0,0.0,0.0,,1,0,0,16,0,0,0,17,0,1,0,0,16,0
Tim Patrick Jr.,84481,WR,UTAH ST,3,47.1,0,329,46.7,,35.3,0,0,0,0.0,0.0,,0,0,0,16,0,0,0,34,0,18,0,0,16,0
Martell Pettaway,40633,HB,W VIRGINIA,4,19.5,0,343,51.1,9.4,55.6,0,2,7,15.2,18.4,85.7,0,2,0,16,0,0,0,82,9,49,0,0,7,0
Mohamed Toure,97787,WR,N ILLINOIS,4,59.3,0,254,42.9,,31.6,0,0,0,0.0,0.0,,2,0,0,16,0,0,0,27,0,11,0,0,16,0
Sean McGrew,40698,HB,WASHINGTON,9,12.3,0,340,77.7,75.4,59.3,0,0,3,5.5,5.0,100.0,0,0,0,16,0,0,0,130,3,60,0,0,13,0
Elijah Johnson,40719,T,BOSTON COL,4,100.0,0,121,55.5,11.2,61.5,0,1,4,100.0,100.0,87.5,0,1,0,16,0,0,12,16,4,4,0,0,12,4
Cannon Montgomery,78054,WR,TULSA,8,19.0,0,320,48.6,,61.6,0,0,0,0.0,0.0,,0,0,0,16,0,0,0,84,0,68,0,0,16,0
Kelton Moore,34571,HB,NEVADA,9,16.2,0,239,72.5,35.2,58.5,0,2,10,17.5,17.2,90.0,0,2,0,16,0,0,0,99,10,58,0,0,6,0
Kent Foster,98696,G,S ALABAMA,2,100.0,0,288,57.5,80.4,65.3,0,0,1,100.0,100.0,100.0,1,0,0,16,0,13,0,16,2,2,0,0,14,0
Patrick Ballard,84468,WR,UNLV,4,42.1,0,325,55.0,,61.4,0,0,0,0.0,0.0,,0,0,0,16,0,0,0,38,0,22,0,0,16,0
Welton Spottsville,99589,WR,N CAROLINA,3,88.9,0,245,57.6,,61.7,0,0,0,0.0,0.0,,0,0,0,16,0,0,0,18,0,2,0,0,16,0
John Vardzel,77963,WR,PITTSBURGH,9,26.2,0,268,52.8,,71.1,0,0,0,0.0,0.0,,0,0,0,16,0,0,0,61,0,45,0,0,16,0
La'Darius Jefferson,83704,HB,MICH STATE,6,22.5,0,223,56.9,60.6,59.8,0,1,11,23.9,25.0,95.5,0,1,0,16,0,0,0,71,12,48,0,0,4,0
Kameron Stutts,81590,G,AUBURN,1,100.0,0,115,65.5,77.9,64.0,0,0,5,100.0,100.0,100.0,0,0,0,16,0,0,0,16,5,5,16,0,11,0
Hamp Gibbs,62967,G,GA TECH,1,100.0,0,176,46.3,28.7,47.1,0,1,7,100.0,100.0,92.9,0,1,0,16,0,0,0,16,7,7,16,0,9,0
Caden Leggett,78151,WR,TEXAS TECH,4,48.5,0,315,54.1,60.5,61.8,0,0,1,5.6,5.6,100.0,0,0,0,16,0,0,0,33,1,18,0,0,15,0
Trey Price,98668,G,NEVADA,2,100.0,0,239,62.7,81.5,59.5,0,0,7,100.0,100.0,100.0,0,0,0,16,0,16,0,16,8,8,0,0,8,0
Cameron Darling,98436,TE,LA MONROE,4,61.5,0,209,54.3,47.3,62.5,0,0,3,25.0,23.1,100.0,0,0,0,16,0,0,1,26,3,13,0,1,13,19
Isiah Pannunzio,42263,TE,COLO STATE,6,88.9,0,144,79.2,,84.0,0,0,0,0.0,0.0,,0,0,0,16,0,0,0,18,0,2,0,0,16,9
Marshall Few,61426,WR,MIAMI FL,7,66.7,0,220,57.9,,70.1,0,0,0,0.0,0.0,,0,0,0,16,0,0,0,24,0,8,0,0,16,3
Isaac Owusu-Appiah,98258,T,COAST CAR,2,100.0,0,141,59.8,73.6,57.3,0,0,4,100.0,100.0,100.0,0,0,0,16,0,0,0,16,5,5,0,16,11,0
Allan Walters,83588,QB,VANDERBILT,3,61.5,0,333,29.6,,60.0,0,0,0,0.0,0.0,,0,0,0,16,0,0,0,26,0,10,0,0,16,0
Preston Engel,81673,C,ILLINOIS,2,100.0,0,187,64.3,,63.1,0,0,0,,,,0,0,0,16,14,0,0,16,0,0,0,0,16,0
Jonah Tauanu'u,100529,T,OREGON,3,100.0,0,264,88.8,54.1,88.6,0,0,4,100.0,100.0,100.0,0,0,0,16,0,0,16,16,4,4,0,0,12,0
Nick Lewis,81996,T,KENTUCKY,2,100.0,0,202,38.3,0.0,54.1,1,0,2,100.0,100.0,75.0,2,1,0,16,0,0,16,16,3,3,0,0,13,0
Ben Jackson,98512,T,MIAMI OH,3,100.0,0,221,62.9,72.8,61.5,0,0,1,100.0,100.0,100.0,0,0,0,16,0,3,3,16,1,1,0,10,15,0
Eric Collins,41998,WR,NC STATE,4,53.3,0,248,55.8,,59.7,0,0,0,0.0,0.0,,0,0,0,16,0,0,0,30,0,14,0,0,16,0
Nigel Brannon,77412,T,MEMPHIS,4,100.0,0,218,74.7,4.0,78.4,1,0,1,100.0,100.0,50.0,1,1,0,16,0,0,13,16,2,2,0,0,14,3
Brad Cumbest,84011,TE,MISS STATE,3,80.0,0,227,64.4,64.5,64.0,0,0,1,20.0,20.0,100.0,0,0,0,16,0,0,0,20,1,5,0,0,15,16
Bryan Long Jr.,42390,WR,OHIO,3,76.2,0,259,68.3,,62.0,0,0,0,0.0,0.0,,0,0,0,16,0,0,0,21,0,5,0,0,16,0
Austin Kutscher,101702,WR,OHIO STATE,2,100.0,0,260,60.9,,61.0,0,0,0,,,,0,0,0,16,0,0,0,16,0,0,0,0,16,0
Giles Jackson,101695,WR,MICHIGAN,10,34.8,0,222,68.0,,60.2,0,0,0,0.0,0.0,,1,0,0,16,0,0,0,46,0,20,0,0,16,0
Hunter Mayginnes,81931,G,WASH STATE,5,100.0,0,341,72.1,78.0,71.3,0,0,4,100.0,100.0,100.0,0,0,0,16,0,0,0,16,5,5,15,0,11,0
Jack Klenk,45097,G,BUFFALO,3,100.0,0,126,70.8,,70.1,0,0,0,,,,0,0,0,16,0,3,0,16,0,0,13,0,16,0
Eric Gray,99143,HB,TENNESSEE,13,6.5,0,307,70.4,21.9,57.9,0,1,9,6.8,6.6,83.3,0,2,1,16,0,0,0,247,9,136,0,0,7,1
Brittain Brown,40399,HB,DUKE,3,41.0,0,154,56.4,22.9,56.3,1,0,6,35.3,35.3,91.7,0,1,0,16,0,0,0,39,6,17,0,0,10,7
Kumehnnu Gwilly,40495,HB,C MICHIGAN,7,32.7,0,134,56.7,72.3,44.8,0,0,2,18.2,18.2,100.0,0,0,0,16,0,0,0,49,2,11,0,0,14,0
Devin Voisin,97427,WR,S ALABAMA,4,55.2,0,288,56.7,,61.7,0,0,0,0.0,0.0,,0,0,0,16,0,0,0,29,0,12,0,0,16,0
Tyrion Davis-Price,99169,HB,LSU,14,10.3,0,211,72.8,46.8,58.4,1,0,13,15.5,14.9,96.2,1,1,0,16,0,0,0,155,13,87,0,0,3,0
Tyler Watson,45280,G,WAKE,4,100.0,0,339,49.7,67.3,49.4,0,0,1,100.0,100.0,100.0,0,0,0,16,0,16,0,16,1,1,0,0,15,0
Tyrese Williams,77454,G,OKLA STATE,2,100.0,0,262,59.2,75.9,57.3,0,0,6,100.0,100.0,100.0,0,0,0,16,2,0,0,16,6,6,14,0,10,0
Jabir Daughtry-Frye,45722,HB,TROY,7,13.2,0,318,59.1,51.8,58.8,1,0,6,8.2,10.1,91.7,1,1,0,16,0,0,0,121,8,79,0,0,8,0
Tyler DeSue,82149,QB,MARYLAND,3,48.5,0,215,64.4,,60.0,0,0,0,0.0,0.0,,0,0,0,16,0,0,0,33,0,16,0,0,16,0
Owen Condon,81994,T,GEORGIA,1,100.0,0,173,62.6,76.0,59.4,0,0,7,100.0,100.0,100.0,0,0,0,15,0,0,0,15,8,8,0,15,7,0
Rusty Staats,81941,G,W KENTUCKY,3,100.0,0,346,63.1,71.3,62.3,0,0,1,100.0,100.0,100.0,0,0,0,15,0,2,0,15,1,1,13,0,14,0
Sam Vretman,60038,G,RUTGERS,3,100.0,0,278,65.1,76.7,63.6,0,0,5,100.0,100.0,100.0,0,0,0,15,0,15,0,15,5,5,0,0,10,0
Wade Meacham,81902,G,UTAH ST,1,100.0,0,329,64.4,53.2,64.9,0,1,7,100.0,100.0,92.9,0,1,0,15,0,15,0,15,7,7,0,0,8,0
Emari Demercado,77763,HB,TCU,4,38.5,0,305,57.2,19.8,54.9,1,0,8,53.3,50.0,81.2,0,2,1,15,0,0,0,39,8,16,0,0,7,0
Brandon Sowards,27322,WR,MICH STATE,4,29.4,0,223,50.3,,60.8,0,0,0,0.0,0.0,,0,0,0,15,0,0,0,51,0,36,0,0,15,0
Caqavouis Berryhill,101129,WR,USF,3,48.4,0,327,53.5,,62.2,0,0,0,0.0,0.0,,0,0,0,15,0,0,0,31,0,16,0,0,15,0
Jovoni Johnson-McCray,100830,QB,RICE,4,23.4,0,275,70.5,,60.0,0,0,0,0.0,0.0,,1,0,0,15,0,0,0,64,0,25,0,0,15,0
Alex Mussat,35120,WR,W MICHIGAN,3,93.8,0,347,60.6,,59.8,0,0,0,0.0,0.0,,0,0,0,15,0,0,0,16,0,1,0,0,15,0
John Humphrey,38278,WR,NEVADA,6,34.9,0,239,57.4,,61.4,0,0,0,0.0,0.0,,0,0,0,15,0,0,0,43,0,28,0,0,15,0
Jackson Winrow,40040,WR,VANDERBILT,7,30.6,0,333,52.5,,61.6,0,0,0,0.0,0.0,,0,0,0,15,0,0,0,49,0,34,0,0,15,0
Jaxson Kincaide,40415,HB,NEVADA,4,17.0,0,239,77.5,81.5,60.3,0,0,9,18.0,19.6,100.0,0,0,0,15,0,0,0,88,10,51,0,0,5,0
Cam Chambers,40419,WR,MICH STATE,2,88.2,0,223,59.0,,61.0,0,0,0,0.0,0.0,,0,0,0,15,0,0,0,17,0,2,0,0,15,0
Donavon Hickman,98713,TE,LA MONROE,3,71.4,0,209,72.4,69.3,77.9,0,0,4,40.0,40.0,100.0,0,0,0,15,0,0,0,21,4,10,0,1,11,17
Ousman Traore,98695,G,MIAMI FL,1,100.0,0,220,75.8,75.2,73.1,0,0,5,100.0,100.0,100.0,0,0,0,15,6,0,0,15,5,5,9,0,10,0
Nikko Hall,75955,WR,COLO STATE,2,30.0,0,144,53.2,,61.6,0,0,0,0.0,0.0,,2,0,0,15,0,0,0,50,0,35,0,0,15,0
Gary Williams,75915,TE,COLO STATE,4,68.2,0,144,52.1,65.9,56.7,0,0,2,22.2,22.2,100.0,0,0,0,15,0,0,0,22,2,9,0,0,13,22
Cesar Moreno,98664,G,COAST CAR,1,100.0,0,141,64.3,73.6,63.1,0,0,5,100.0,100.0,100.0,0,0,0,15,0,12,0,15,5,5,0,3,10,0
Jarrad Baker,98553,WR,UCF,1,65.2,0,323,59.5,,82.0,0,0,0,0.0,0.0,,0,0,0,15,0,0,0,23,0,8,0,0,15,0
Dalton Cooper,98482,T,TEXAS ST,1,100.0,0,314,65.3,74.6,60.0,0,1,14,100.0,100.0,96.4,0,1,0,15,0,0,15,15,14,14,0,0,1,0
Jordan Chin,42150,WR,WASHINGTON,11,30.0,0,340,67.7,,43.9,0,0,0,0.0,0.0,,0,0,0,15,0,0,0,50,0,35,0,0,15,0
Ronnie Jones,42363,HB,TOLEDO,11,17.0,0,316,77.5,78.8,58.2,0,0,6,14.0,17.4,100.0,0,0,0,15,0,0,0,88,8,46,0,0,7,0
Keshon Williams,98111,TE,TULANE,2,83.3,0,319,46.0,,48.1,0,0,0,0.0,0.0,,0,0,0,15,0,0,0,18,0,3,0,0,15,17
Zach Calzada,98006,QB,TEXAS A&M,3,33.3,0,312,49.4,,60.0,0,0,0,0.0,0.0,,0,0,0,15,0,0,0,45,0,29,0,0,15,0
Will McDonald,97835,C,COAST CAR,1,100.0,0,141,60.1,73.0,58.9,0,0,5,100.0,100.0,100.0,0,0,0,15,15,0,0,15,5,5,0,0,10,0
Parker Titsworth,97656,C,OHIO,2,100.0,0,259,59.3,71.2,58.9,0,0,1,100.0,100.0,100.0,0,0,0,15,15,0,0,15,1,1,0,0,14,0
Jeremiah Payton,97607,WR,MIAMI FL,3,65.2,0,220,69.3,,62.1,0,0,0,0.0,0.0,,0,0,0,15,0,0,0,23,0,7,0,0,15,0
Elijah Chatman,97568,DI,SMU,7,88.2,0,287,69.8,86.6,71.4,0,0,2,50.0,50.0,100.0,1,0,0,15,0,0,0,17,2,4,0,0,13,0
Joseph Walker,97463,WR,LA TECH,3,83.3,0,208,57.9,,60.6,0,0,0,0.0,0.0,,0,0,0,15,0,0,0,18,0,3,0,0,15,0
Sharod Johnson,61693,WR,SYRACUSE,4,55.6,0,304,54.3,,60.3,0,0,0,0.0,0.0,,0,0,0,15,0,0,0,27,0,12,0,0,15,0
Alex Wilson,61629,TE,S DIEGO ST,7,88.2,0,284,58.7,70.1,60.5,0,0,2,50.0,50.0,100.0,0,0,0,15,0,0,0,17,2,4,0,0,13,17
Micah Vanterpool,52075,G,HAWAII,3,100.0,0,180,65.1,63.1,64.9,0,1,8,100.0,100.0,93.7,0,1,0,15,0,13,2,15,8,8,0,0,7,0
Corbin Small,81615,T,COAST CAR,1,100.0,0,141,59.1,73.5,57.0,0,0,5,100.0,100.0,100.0,0,0,0,15,0,0,15,15,5,5,0,0,10,0
Jordan Donald,81618,G,COAST CAR,1,100.0,0,141,57.0,73.6,55.6,0,0,5,100.0,100.0,100.0,0,0,0,15,0,0,0,15,5,5,15,0,10,0
Joshua Jynes,81619,C,COLORADO,3,100.0,0,143,58.7,73.4,58.0,0,0,3,100.0,100.0,100.0,0,0,0,15,15,0,0,15,3,3,0,0,12,0
Sean Nelson,61414,WR,MARYLAND,2,62.5,0,215,56.1,,60.6,0,0,0,0.0,0.0,,0,0,0,15,0,0,0,24,0,9,0,0,15,1
Jordyn Slaughter,81674,G,ILLINOIS,1,100.0,0,187,68.3,74.9,67.2,0,0,3,100.0,100.0,100.0,0,0,0,15,0,15,0,15,4,4,0,0,11,0
Tayvon Bowers,55447,QB,WAKE,4,71.4,0,339,43.8,,60.0,0,0,0,0.0,0.0,,0,0,0,15,0,0,0,21,0,2,0,0,15,0
Jeff Jenkins,81688,C,IOWA,2,100.0,0,192,61.2,74.4,59.9,0,0,4,100.0,100.0,100.0,0,0,0,15,15,0,0,15,4,4,0,0,11,0
Thomas Yassmin,84072,TE,UTAH,4,88.2,0,328,58.4,,59.7,0,0,0,0.0,0.0,,0,0,0,15,0,0,0,17,0,2,0,0,15,17
Clay Markoff,57095,HB,WASH STATE,4,38.5,0,341,56.1,80.1,58.7,0,0,7,30.4,30.4,100.0,0,0,0,15,0,0,0,39,7,23,0,0,8,3
Kwatrivous Johnson,81742,T,MISS STATE,2,100.0,0,227,62.8,80.6,58.3,0,0,6,100.0,100.0,100.0,0,0,0,15,0,0,15,15,6,6,0,0,9,0
Elijah Barnwell,57387,HB,RUTGERS,6,46.9,0,278,67.3,25.6,57.8,0,0,6,46.2,46.2,83.3,0,1,1,15,0,0,0,32,6,13,0,0,9,0
Daniel Young,57425,HB,TEXAS,6,32.6,0,311,66.3,22.4,59.6,0,1,4,22.2,26.3,87.5,0,1,0,15,0,0,0,46,5,19,0,0,10,0
Alec Sinkfield,57476,HB,W VIRGINIA,8,22.7,0,343,60.6,74.9,57.7,0,0,3,8.1,8.1,100.0,0,0,0,15,0,0,0,66,3,37,0,0,12,0
Jake Stover,59739,C,ILLINOIS,1,100.0,0,187,59.5,73.5,58.4,0,0,3,100.0,100.0,100.0,0,0,0,15,15,0,0,15,4,4,0,0,11,0
Austin Upshaw,60528,WR,SMU,4,83.3,0,287,57.3,,61.2,0,0,0,0.0,0.0,,0,0,0,15,0,0,0,18,0,3,0,0,15,0
Quiron Johnson,59934,G,N CAROLINA,3,100.0,0,245,77.5,,76.3,0,0,0,,,,0,0,0,15,0,12,0,15,0,0,3,0,15,0
Charles Fletcher,59938,C,NC STATE,2,100.0,0,248,52.6,50.6,53.9,0,0,4,100.0,100.0,100.0,0,0,0,15,12,0,0,15,4,4,3,0,11,0
Luke Shayotovich,84221,WR,INDIANA,3,66.7,0,190,51.4,,41.3,0,0,0,0.0,0.0,,0,0,0,14,0,0,0,21,0,7,0,0,14,0
Cordavien Suggs,59872,T,MISS STATE,2,100.0,0,227,59.6,78.0,56.7,0,0,5,100.0,100.0,100.0,0,0,0,14,0,0,0,14,5,5,3,11,9,0
Will Brown,61210,WR,CLEMSON,5,73.7,0,140,57.2,,56.9,0,0,0,0.0,0.0,,0,0,0,14,0,0,0,19,0,5,0,0,14,0
Eric Seidelman,77406,C,UCF,3,100.0,0,323,70.7,72.7,68.0,0,0,3,100.0,100.0,100.0,0,0,0,14,13,0,0,14,3,3,0,0,11,0
Lexington Joseph,97104,WR,FIU,3,56.0,0,166,70.0,,60.9,0,0,0,,,,0,0,0,14,0,0,0,25,0,0,0,0,14,0
Chase Skuza,60216,G,WASHINGTON,2,100.0,0,340,68.4,75.1,67.6,0,0,3,100.0,100.0,100.0,0,0,0,14,0,0,0,14,3,3,14,0,11,0
Zachary Breaux,81709,C,LA MONROE,2,100.0,0,209,66.4,75.3,64.1,0,0,6,100.0,100.0,100.0,0,0,0,14,14,0,0,14,6,6,0,0,8,0
Dotson Schaefer,82438,TE,TEXAS ST,3,93.3,0,314,38.7,29.4,48.2,1,0,4,80.0,80.0,87.5,0,1,0,14,0,0,0,15,4,5,0,0,10,15
George Scott,61380,WR,LA TECH,3,70.0,0,208,56.4,,61.3,0,0,0,0.0,0.0,,0,0,0,14,0,0,0,20,0,6,0,0,14,0
Jacob Zeno,98014,QB,BAYLOR,3,34.1,0,118,68.0,,60.0,0,0,0,0.0,0.0,,0,0,0,14,0,0,0,41,0,23,0,0,14,0
Tyler Cooksey,35889,TE,GA TECH,7,93.3,0,176,56.2,70.4,56.2,0,0,2,66.7,66.7,100.0,0,0,0,14,0,0,0,15,2,3,1,0,12,11
Tyden Ferris,77381,G,C MICHIGAN,3,100.0,0,134,68.9,60.5,68.0,0,0,1,100.0,100.0,100.0,0,0,0,14,0,0,0,14,1,1,13,0,13,0
Tate Whatley,83556,QB,SO MISS,3,24.6,0,296,59.7,,60.0,0,0,0,0.0,0.0,,1,0,0,14,0,0,0,57,0,34,0,0,14,0
Justin Chase,40005,G,NC STATE,2,100.0,0,248,65.1,74.7,64.1,0,0,2,100.0,100.0,100.0,0,0,0,14,0,0,0,14,2,2,14,0,12,0
Kene Nwangwu,40547,HB,IOWA STATE,8,23.3,0,193,61.6,17.2,58.6,0,2,10,26.3,25.0,90.0,0,2,0,14,0,0,0,60,10,40,0,0,4,1
Quincy Jountti,23788,HB,USC,5,29.2,0,326,56.6,69.6,60.0,1,0,10,33.3,32.3,95.0,0,1,0,14,0,0,0,48,10,31,0,0,4,0
Charlie Clark,62968,T,GA TECH,1,100.0,0,176,54.3,39.0,56.9,0,1,6,100.0,100.0,91.7,0,1,0,14,0,0,0,14,6,6,0,14,8,0
Jayden Comma,61417,TE,MARYLAND,3,56.0,0,215,74.8,68.4,84.8,0,0,1,8.3,8.3,100.0,0,0,0,14,0,0,0,25,1,12,0,0,13,12
Brennan Armstrong,77696,QB,VIRGINIA,5,29.8,0,335,69.1,,60.0,0,0,0,0.0,0.0,,0,0,0,14,0,0,0,47,0,26,0,0,14,0
Nick Pendley,99097,G,MISS STATE,2,100.0,0,227,64.7,51.5,65.2,0,0,5,100.0,100.0,100.0,0,0,0,14,0,14,0,14,5,5,0,0,9,0
Danny Corbett,100779,T,FIU,1,100.0,0,166,67.9,,66.4,0,0,0,,,,0,0,0,14,0,0,0,14,0,0,0,14,14,0
Demetrious Flowers,97601,HB,ARIZONA ST,1,38.9,0,110,58.1,66.6,60.0,0,1,9,45.0,45.0,94.4,0,1,0,14,0,0,0,36,9,20,0,0,5,0
Marquis Spiker,84500,WR,WASHINGTON,9,29.8,0,340,69.9,,79.2,0,0,0,0.0,0.0,,0,0,0,14,0,0,0,47,0,33,0,0,14,0
Rahmir Johnson,101655,HB,NEBRASKA,4,25.9,0,238,56.4,12.7,57.7,0,0,3,13.6,13.6,100.0,0,0,0,14,0,0,0,54,3,22,0,0,11,0
Isaac Vance,57262,WR,KENT STATE,4,66.7,0,201,55.1,,60.4,0,0,0,0.0,0.0,,0,0,0,14,0,0,0,21,0,7,0,0,14,0
Joshua Gray,98252,T,OREGON ST,1,100.0,0,265,68.4,83.6,60.1,0,0,11,100.0,100.0,100.0,0,0,0,14,0,0,0,14,12,12,0,14,2,0
Noah Massey,78153,WR,BOWL GREEN,2,77.8,0,122,67.9,,59.9,0,0,0,0.0,0.0,,0,0,0,14,0,0,0,18,0,4,0,0,14,0
Nick Crabtree,42246,T,BOISE ST,2,100.0,0,120,68.2,76.3,66.4,0,0,2,100.0,100.0,100.0,0,0,0,14,0,0,11,14,2,2,0,3,12,0
Hamp Greene,99712,WR,CLEMSON,4,93.3,0,140,59.0,,60.4,0,0,0,0.0,0.0,,0,0,0,14,0,0,0,15,0,1,0,0,14,0
Lance LeGendre,97779,QB,MARYLAND,3,45.2,0,215,76.8,,60.0,0,0,0,0.0,0.0,,0,0,0,14,0,0,0,31,0,6,0,0,14,0
Ajani Carter,101343,WR,UTAH ST,4,56.0,0,329,61.6,,61.6,0,0,0,0.0,0.0,,0,0,0,14,0,0,0,25,0,11,0,0,14,0
Justin Weller,61593,WR,PENN STATE,1,82.4,0,266,71.1,,62.4,0,0,0,0.0,0.0,,0,0,0,14,0,0,0,17,0,3,0,0,14,0
Phelps Gambill,81589,TE,AUBURN,2,100.0,0,115,58.2,64.4,57.2,0,0,1,100.0,100.0,100.0,0,0,0,14,0,0,0,14,1,1,0,0,13,10
Stephen Spanellis,41745,G,MICHIGAN,3,100.0,0,222,55.5,74.2,63.0,0,0,4,100.0,100.0,100.0,1,0,0,14,0,5,0,14,5,5,9,0,9,0
Chris Akporoghene,99050,G,TENNESSEE,2,100.0,0,307,56.5,30.1,58.7,0,0,6,100.0,100.0,100.0,0,0,0,14,0,1,0,14,7,7,13,0,7,0
Devon High,77867,WR,NAVY,2,87.5,0,237,57.6,,58.0,0,0,0,0.0,0.0,,0,0,0,14,0,0,0,16,0,2,0,0,14,0
Tevin Bush,57475,WR,W VIRGINIA,3,22.6,0,343,68.3,,60.1,0,0,0,0.0,0.0,,0,0,0,14,0,0,0,62,0,45,0,0,14,3
Zach Kahn,40571,HB,MIAMI OH,4,32.6,0,221,53.2,4.0,55.2,0,0,4,44.4,40.0,75.0,0,1,1,14,0,0,0,43,4,10,0,0,10,0
McCallan Castles,83949,TE,CAL,2,25.5,0,130,42.6,34.4,54.2,0,1,1,2.5,2.4,50.0,0,1,0,14,0,0,0,55,1,42,0,0,13,25
Hawk Wimmer,104200,G,AIR FORCE,4,100.0,0,101,61.1,,60.6,0,0,0,,,,0,0,0,14,0,4,0,14,0,0,10,0,14,0
Lew Nichols,97187,HB,C MICHIGAN,4,34.1,0,134,69.1,64.8,59.7,0,1,8,53.3,55.6,93.7,0,1,0,14,0,0,0,41,10,18,0,0,4,0
Drew Swinney,78023,WR,CLEMSON,6,73.7,0,140,69.4,,62.7,0,0,0,0.0,0.0,,0,0,0,14,0,0,0,19,0,5,0,0,14,0
Dayton Wade,97181,WR,W KENTUCKY,4,82.4,0,346,58.5,,60.7,0,0,0,0.0,0.0,,0,0,0,14,0,0,0,17,0,3,0,0,14,0
Daniel Leconte,57201,HB,FAU,8,29.2,0,165,62.3,76.8,50.3,0,0,4,36.4,33.3,100.0,0,0,0,14,0,0,0,48,4,12,0,0,10,0
Mason Brooks,81938,T,W KENTUCKY,3,100.0,0,346,74.7,68.3,72.9,0,0,1,100.0,100.0,100.0,0,0,0,14,0,0,0,14,1,1,0,14,13,0
Jaylin Jackson,83815,WR,FLORIDA,5,53.8,0,163,53.2,,56.9,0,0,0,0.0,0.0,,0,0,0,14,0,0,0,26,0,12,0,0,14,0
Quavon Beckford,101114,WR,HOUSTON,3,56.5,0,182,52.6,,60.6,0,0,0,0.0,0.0,,0,0,0,13,0,0,0,23,0,9,0,0,13,0
Beau Johnson,97640,TE,GA SOUTHRN,3,72.2,0,174,64.8,,72.2,0,0,0,0.0,0.0,,0,0,0,13,0,0,0,18,0,5,0,0,13,7
Kellton Hollins,40813,G,TCU,1,100.0,0,305,66.6,73.4,65.7,0,0,1,100.0,100.0,100.0,0,0,0,13,0,13,0,13,1,1,0,0,12,0
Jalen Goss,77322,T,FLORIDA ST,6,92.9,0,167,48.6,73.4,45.5,0,0,6,85.7,85.7,100.0,0,0,0,13,0,0,5,14,6,7,0,0,7,9
John Paddock,77689,QB,BALL ST,2,76.5,0,117,51.9,,60.0,0,0,0,0.0,0.0,,0,0,0,13,0,0,0,17,0,2,0,0,13,0
Andrejas Duerig,36976,C,SYRACUSE,3,100.0,0,304,51.1,69.1,52.1,0,0,1,100.0,100.0,100.0,0,0,0,13,13,0,0,13,1,1,0,0,12,0
Jacob Isaia,81727,G,MICH STATE,5,100.0,0,223,58.6,68.6,57.7,0,0,1,100.0,100.0,100.0,0,0,0,13,0,0,0,13,1,1,5,0,12,2
Zeke Correll,53431,C,NOTRE DAME,4,100.0,0,258,65.5,,64.0,0,0,0,,,,0,0,0,13,13,0,0,13,0,0,0,0,13,0
Kris Dike,77582,T,TCU,1,100.0,0,305,52.1,75.4,51.2,0,0,1,100.0,100.0,100.0,1,0,0,13,0,0,13,13,1,1,0,0,12,0
Garrett Nickelson,100801,C,W KENTUCKY,2,100.0,0,346,45.6,,48.4,0,0,0,,,,1,0,0,13,13,0,0,13,0,0,0,0,13,0
Munir McClain,100663,WR,USC,3,61.9,0,326,65.8,,61.2,0,0,0,0.0,0.0,,0,0,0,13,0,0,0,21,0,8,0,0,13,0
Nathaniel Oishi,36780,G,UNLV,1,100.0,0,325,63.6,77.9,61.8,0,0,7,100.0,100.0,100.0,0,0,0,13,0,0,0,13,7,7,13,0,6,0
Ben Wooldridge,82115,QB,FRESNO ST,3,61.9,0,169,60.6,,60.0,0,0,0,0.0,0.0,,0,0,0,13,0,0,0,21,0,6,0,0,13,0
T.J. Banks,77923,TE,W VIRGINIA,4,100.0,0,343,89.2,,84.1,0,0,0,,,,0,0,0,13,0,0,0,13,0,0,0,0,13,10
Luke Empen,81682,G,IOWA,1,100.0,0,192,50.8,12.2,53.9,1,0,4,100.0,100.0,87.5,0,1,0,13,0,13,0,13,4,4,0,0,9,0
Cadarius Gaskin,84182,WR,FIU,4,54.2,0,166,56.6,,62.0,0,0,0,0.0,0.0,,0,0,0,13,0,0,0,24,0,11,0,0,13,0
Jaylon Watson,36104,TE,WYOMING,4,100.0,0,351,53.9,,52.4,0,0,0,,,,0,0,0,13,0,0,0,13,0,0,0,0,13,5
Nolan Potter,77521,T,N ILLINOIS,3,100.0,0,254,44.6,65.9,44.3,0,0,1,100.0,100.0,100.0,0,0,0,13,0,0,0,13,1,1,0,12,12,0
Clay Webb,99076,G,GEORGIA,2,100.0,0,173,68.5,70.9,67.7,0,0,2,100.0,100.0,100.0,0,0,0,13,0,7,0,13,2,2,6,0,11,0
Ryan Graham,98618,HB,ARK STATE,4,15.9,0,113,75.2,46.9,60.0,0,0,12,21.4,20.7,100.0,0,0,0,13,0,0,0,82,12,58,0,0,1,0
Jaret Curtis,40798,WR,W MICHIGAN,3,92.9,0,347,40.6,,61.8,0,0,0,,,,0,0,0,13,0,0,0,14,0,0,0,0,13,0
John Emery Jr.,97403,HB,LSU,10,16.0,0,211,75.5,64.6,60.0,0,0,8,22.2,22.2,100.0,0,0,0,13,0,0,0,81,8,36,0,0,5,0
Noah Davis,41227,TE,MICH STATE,4,40.6,0,223,47.0,,49.2,0,0,0,0.0,0.0,,0,0,0,13,0,0,0,32,0,19,0,0,13,22
Jeremiah Fails,97293,WR,W KENTUCKY,2,100.0,0,346,61.5,,62.4,0,0,0,,,,0,0,0,13,0,0,0,13,0,0,0,0,13,0
Elijah Juarez,71580,LB,ARIZONA ST,4,81.3,0,110,61.2,,63.7,0,0,0,0.0,0.0,,0,0,0,13,0,0,0,16,0,3,0,0,13,9
Mark Patritto,78192,WR,C MICHIGAN,8,72.2,0,134,58.8,,61.3,0,0,0,0.0,0.0,,0,0,0,13,0,0,0,18,0,5,0,0,13,0
Re-al Mitchell,77670,QB,IOWA STATE,5,43.3,0,193,84.1,,60.0,0,0,0,0.0,0.0,,0,0,0,13,0,0,0,30,0,5,0,0,13,0
Adam Deese,75786,FB,UMASS,2,86.7,0,216,55.3,67.5,55.5,0,0,1,33.3,33.3,100.0,0,0,0,13,0,0,0,15,1,3,0,0,12,1
Javon Turner,98737,WR,UMASS,4,40.6,0,216,46.7,,31.0,0,0,0,0.0,0.0,,0,0,0,13,0,0,0,32,0,19,0,0,13,0
Justyn Stindt,61840,WR,WYOMING,3,100.0,0,351,60.7,,60.9,0,0,0,,,,0,0,0,13,0,0,0,13,0,0,0,0,13,0
John Gelotte,98406,TE,DUKE,4,100.0,0,154,36.8,22.2,46.2,0,0,2,100.0,100.0,100.0,0,0,0,13,0,0,0,13,2,2,0,0,11,13
Daniel Richardson,97103,QB,C MICHIGAN,3,76.5,0,134,26.7,,60.0,0,0,0,0.0,0.0,,0,0,0,13,0,0,0,17,0,4,0,0,13,0
Karsen Barnhart,101537,T,MICHIGAN,2,100.0,0,222,84.7,80.8,83.2,0,0,4,100.0,100.0,100.0,0,0,0,13,0,0,13,13,5,5,0,0,8,0
Marquis Sease,90864,G,CLEMSON,3,100.0,0,140,59.5,71.8,58.5,0,0,3,100.0,100.0,100.0,0,0,0,13,0,13,0,13,3,3,0,0,10,0
Hamish McClure,87535,QB,NEVADA,2,72.2,0,239,68.3,,60.1,0,0,0,0.0,0.0,,0,0,0,13,0,0,0,18,0,4,0,0,13,0
Parks Gissinger,83503,TE,MICH STATE,3,81.3,0,223,53.7,63.9,51.3,0,0,1,25.0,25.0,100.0,0,0,0,13,0,0,0,16,1,4,0,0,12,10
JT Daniels,83578,QB,USC,1,25.0,0,326,62.9,,60.0,0,0,0,0.0,0.0,,0,0,0,13,0,0,0,52,0,39,0,0,13,0
Jordan Pouncey,61711,WR,TEXAS,2,54.2,0,311,56.8,,62.1,0,0,0,0.0,0.0,,0,0,0,13,0,0,0,24,0,11,0,0,13,0
Tyler Jernigan,81826,C,S ALABAMA,2,100.0,0,288,43.5,0.0,67.9,0,0,2,100.0,100.0,100.0,2,0,0,13,13,0,0,13,2,2,0,0,11,0
Reid Herring,46557,QB,E CAROLINA,3,56.5,0,156,70.3,,60.0,0,0,0,0.0,0.0,,0,0,0,13,0,0,0,23,0,9,0,0,13,0
Seth Porter,78143,WR,KANSAS ST,5,72.2,0,199,56.5,,59.9,0,0,0,0.0,0.0,,0,0,0,13,0,0,0,18,0,5,0,0,13,0
Justin Jeffery,84525,WR,CHARLOTTE,4,68.4,0,136,57.8,,61.9,0,0,0,0.0,0.0,,0,0,0,13,0,0,0,19,0,6,0,0,13,0
DeAndre Hughes,101359,TE,AIR FORCE,3,100.0,0,101,59.0,,58.1,0,0,0,,,,0,0,0,13,0,0,0,13,0,0,0,0,13,9
Connor Bishop,102830,G,ARMY,1,100.0,0,114,58.1,,57.9,0,0,0,,,,0,0,0,13,0,0,0,13,0,0,13,0,13,0
Javien Cuff,97809,WR,BUFFALO,1,92.9,0,126,60.3,,61.9,0,0,0,0.0,0.0,,0,0,0,13,0,0,0,14,0,1,0,0,13,0
Trent Whittemore,98811,WR,FLORIDA,2,52.0,0,163,54.3,,61.9,0,0,0,0.0,0.0,,0,0,0,13,0,0,0,25,0,12,0,0,13,0
Kayin White,39825,HB,LA MONROE,6,36.1,0,209,56.0,26.3,59.1,0,1,9,36.0,34.6,94.4,0,1,0,13,0,0,0,36,9,26,0,0,4,0
Jacob Miller,101269,T,AIR FORCE,2,100.0,0,101,73.1,,71.9,0,0,0,,,,0,0,0,13,0,0,0,13,0,0,0,13,13,0
Russell Morrison,41317,WR,BAYLOR,3,76.5,0,118,58.8,,62.3,0,0,0,0.0,0.0,,0,0,0,13,0,0,0,17,0,4,0,0,13,0
Robert Hudson,59758,G,IOWA STATE,2,100.0,0,193,70.8,70.0,69.3,0,0,2,100.0,100.0,100.0,0,0,0,13,0,0,0,13,2,2,12,0,11,1
Chandler Whitfield,97111,WR,LA MONROE,4,31.6,0,209,69.7,,78.3,0,0,0,0.0,0.0,,0,0,0,12,0,0,0,38,0,26,0,0,12,0
James Phillips,98731,WR,HAWAII,4,21.8,0,180,61.8,,59.9,0,0,0,0.0,0.0,,0,0,0,12,0,0,0,55,0,43,0,0,12,0
Liam Douglass,82007,G,USC,3,100.0,0,326,60.2,70.3,59.4,0,0,2,100.0,100.0,100.0,0,0,0,12,0,0,0,12,2,2,12,0,10,0
Casey Clanton,98101,TE,OHIO,2,100.0,0,259,66.3,,65.4,0,0,0,,,,0,0,0,12,0,0,0,12,0,0,0,0,12,11
Chris Scruggs,98747,WR,SO MISS,1,100.0,0,296,60.5,,60.3,0,0,0,,,,0,0,0,12,0,0,0,12,0,0,0,0,12,0
Dequan Finn,97804,QB,TOLEDO,3,30.0,0,316,56.8,,60.0,0,0,0,0.0,0.0,,0,0,0,12,0,0,0,40,0,16,0,0,12,0
Jack Webster,61771,WR,USC,3,100.0,0,326,60.8,,61.1,0,0,0,,,,0,0,0,12,0,0,0,12,0,0,0,0,12,0
Wyatt Green,81833,T,S ALABAMA,1,100.0,0,288,64.5,66.6,63.6,0,0,1,100.0,100.0,100.0,0,0,0,12,0,0,0,12,1,1,0,12,11,0
Justin Smith,27439,WR,MISSOURI,3,80.0,0,229,57.4,,59.3,0,0,0,0.0,0.0,,0,0,0,12,0,0,0,15,0,3,0,0,12,0
Kierston Harvey,97415,QB,GA STATE,3,75.0,0,175,53.2,,60.0,0,0,0,0.0,0.0,,0,0,0,12,0,0,0,16,0,1,0,0,12,0
Bailey Hart,40479,WR,S CAROLINA,4,66.7,0,289,54.9,,59.7,0,0,0,0.0,0.0,,0,0,0,12,0,0,0,18,0,6,0,0,12,0
Max May,78024,WR,CLEMSON,5,80.0,0,140,58.0,,60.8,0,0,0,0.0,0.0,,0,0,0,12,0,0,0,15,0,3,0,0,12,0
John David White,99222,WR,ARKANSAS,2,57.1,0,111,77.3,,58.8,0,0,0,0.0,0.0,,0,0,0,12,0,0,0,21,0,9,0,0,12,0
Gabe Lloyd,41263,TE,WISCONSIN,2,92.3,0,349,69.6,67.9,69.9,0,0,2,66.7,66.7,100.0,0,0,0,12,0,0,0,13,2,3,0,0,10,11
Hayden Mitchell,78004,WR,VIRGINIA,8,40.0,0,335,64.9,,60.0,0,0,0,0.0,0.0,,0,0,0,12,0,0,0,30,0,18,0,0,12,0
Devonta Lee,99245,WR,LSU,3,44.4,0,211,60.5,,82.2,0,0,0,0.0,0.0,,0,0,0,12,0,0,0,27,0,15,0,0,12,0
Chandler Smith,45291,HB,HOUSTON,7,19.7,0,182,72.1,78.1,59.4,0,0,4,20.0,26.1,100.0,0,0,0,12,0,0,0,61,6,23,0,0,6,0
Tyrell Smith,46331,T,VA TECH,2,100.0,0,337,67.6,81.3,63.9,0,0,5,100.0,100.0,100.0,0,0,0,12,0,0,12,12,5,5,0,0,7,0
Kyron Cumby,101712,WR,ILLINOIS,2,54.5,0,187,62.2,,61.5,0,0,0,0.0,0.0,,0,0,0,12,0,0,0,22,0,10,0,0,12,0
Ben Trent,39859,G,VIRGINIA,2,100.0,0,335,60.4,73.5,59.4,0,0,2,100.0,100.0,100.0,0,0,0,12,0,0,0,12,2,2,12,0,10,0
Brody Carper,77279,G,MIAMI OH,2,100.0,0,221,57.4,72.0,56.7,0,0,1,100.0,100.0,100.0,0,0,0,12,0,12,0,12,1,1,0,0,11,0
Jacob Daniel,50045,G,USC,3,100.0,0,326,71.1,70.3,70.5,0,0,2,100.0,100.0,100.0,0,0,0,12,0,12,0,12,2,2,0,0,10,0
Lester James,84450,WR,TEXAS ST,4,60.0,1,314,48.6,,60.7,0,0,0,0.0,0.0,,1,0,0,12,0,0,0,20,0,8,0,0,12,0
Blake Aragon,84446,TE,TEXAS ST,4,46.2,0,314,49.7,56.9,45.3,0,0,3,18.8,22.2,100.0,0,0,0,12,0,0,0,26,4,18,0,0,8,17
Chase Wolf,51692,QB,WISCONSIN,3,80.0,0,349,78.3,,60.0,0,0,0,0.0,0.0,,0,0,0,12,0,0,0,15,0,2,0,0,12,0
Ellijah Gardiner,61564,WR,OHIO STATE,4,70.6,0,260,68.6,,60.7,0,0,0,0.0,0.0,,0,0,0,12,0,0,0,17,0,5,0,0,12,0
John Blasco Jr.,52032,T,COLO STATE,2,100.0,0,144,58.2,75.3,56.3,0,0,3,100.0,100.0,100.0,0,0,0,12,0,0,12,12,3,3,0,0,9,0
Ryan Newsome,38331,WR,ARIZONA ST,7,25.5,0,110,61.0,,61.7,0,0,0,0.0,0.0,,0,0,0,12,0,0,0,47,0,35,0,0,12,1
Zeke Cobb,61452,TE,MIDDLE TN,7,50.0,0,224,53.0,67.3,62.2,0,0,1,10.0,7.7,100.0,0,0,0,12,0,0,0,24,1,13,0,0,11,8
Jack Wagman,59830,G,MARYLAND,1,100.0,0,215,54.6,,54.5,0,0,0,,,,0,0,0,12,0,12,0,12,0,0,0,0,12,0
Tyler Hamilton,59833,G,MARYLAND,1,100.0,0,215,58.5,,58.3,0,0,0,,,,0,0,0,12,0,0,0,12,0,0,12,0,12,0
Anthony McAfee II,54435,HB,COAST CAR,4,66.7,0,141,67.7,70.1,49.6,0,0,2,50.0,40.0,100.0,0,0,0,12,0,0,0,18,2,5,0,0,10,1
Nate Umlor,55224,T,MINNESOTA,2,100.0,0,225,50.1,69.2,49.2,0,0,1,100.0,100.0,100.0,0,0,0,12,0,0,0,12,1,1,3,9,11,0
Peyton Jones,35988,G,MEMPHIS,1,100.0,0,218,53.2,75.0,52.0,0,0,2,100.0,100.0,100.0,0,0,0,12,0,0,0,12,2,2,12,0,10,0
Spencer Brasch,100574,QB,CAL,2,25.5,0,130,29.6,,60.2,0,0,0,0.0,0.0,,0,0,0,12,0,0,0,47,0,33,0,0,12,0
Ben Everett,57102,T,NAVY,2,100.0,0,237,67.3,,66.6,0,0,0,,,,0,0,0,12,0,0,12,12,0,0,0,0,12,0
Nathan Boe,81731,C,MINNESOTA,2,100.0,0,225,71.5,71.2,68.9,0,0,1,100.0,100.0,100.0,0,0,0,12,12,0,0,12,1,1,0,0,11,0
Jason Dickson,81735,T,MINNESOTA,2,100.0,0,225,73.6,74.0,72.0,0,0,1,100.0,100.0,100.0,0,0,0,12,0,0,12,12,1,1,0,0,11,0
Decavilon Reese,105794,HB,AKRON,2,32.4,0,102,63.7,24.6,,0,1,10,45.5,48.0,85.0,0,2,1,12,0,0,0,37,12,25,0,0,0,0
Dahu Green,34850,WR,ARK STATE,7,42.9,0,113,66.6,,60.4,0,0,0,0.0,0.0,,0,0,0,12,0,0,0,28,0,16,0,0,12,0
Ryan Montgomery,101063,HB,CINCINNATI,6,32.4,0,138,73.3,77.3,67.6,0,0,5,50.0,50.0,100.0,0,0,0,12,0,0,0,37,5,10,0,0,7,0
B.J. Daniels,57462,HB,UTSA,6,38.7,1,331,68.0,25.8,58.2,0,1,4,33.3,33.3,87.5,1,1,0,12,0,0,0,31,4,12,0,0,8,0
Carlinos Acie,77866,TE,NAVY,2,100.0,0,237,64.8,,63.4,0,0,0,,,,0,0,0,12,0,0,0,12,0,0,0,0,12,12
TK McLendon Jr.,150239,TE,LSU,3,80.0,0,211,74.8,40.5,59.6,0,0,2,40.0,40.0,100.0,0,0,0,12,0,0,0,15,2,5,0,0,10,15
Cade Barnard,83625,HB,ARMY,6,38.7,0,114,70.7,,69.2,0,0,0,0.0,0.0,,0,0,0,12,0,0,0,31,0,1,0,0,12,0
Elijah Woolum,58452,T,AIR FORCE,3,100.0,0,101,61.2,,60.6,0,0,0,,,,0,0,0,12,0,0,11,12,0,0,0,1,12,0
Marcus Finger,101551,T,MARYLAND,1,100.0,0,215,54.2,,54.2,0,0,0,,,,0,0,0,12,0,0,0,12,0,0,0,12,12,0
Frank Martin II,41779,T,USC,3,100.0,0,326,59.6,69.8,58.3,0,0,2,100.0,100.0,100.0,0,0,0,12,0,0,12,12,2,2,0,0,10,0
Sean Foster,41948,T,IOWA STATE,1,100.0,0,193,49.3,69.8,48.9,0,0,1,100.0,100.0,100.0,0,0,0,12,0,0,12,12,1,1,0,0,11,0
LeMaro Smith Jr.,78208,WR,BUFFALO,2,35.3,0,126,59.7,,60.7,0,0,0,0.0,0.0,,0,0,0,12,0,0,0,34,0,22,0,0,12,0
Nathan Jacobs,98417,G,MIAMI OH,2,100.0,0,221,56.2,72.0,64.3,0,0,1,100.0,100.0,100.0,1,0,0,12,0,0,0,12,1,1,12,0,11,0
Bryson Duckworth,42012,TE,GA STATE,3,100.0,0,175,51.5,,52.2,0,0,0,,,,0,0,0,12,0,0,0,12,0,0,0,0,12,12
Nathan Thomas,98390,T,LA LAFAYET,1,100.0,0,207,67.0,72.4,65.6,0,0,4,100.0,100.0,100.0,0,0,0,12,0,0,10,12,4,4,0,2,8,0
Robert Funkhouser,75947,WR,HAWAII,5,35.3,0,180,70.1,,62.2,0,0,0,0.0,0.0,,0,0,0,12,0,0,0,34,0,22,0,0,12,0
Oscar Cardenas,98291,TE,UTSA,3,92.3,0,331,86.3,,82.4,0,0,0,0.0,0.0,,0,0,0,12,0,0,0,13,0,1,0,0,12,10
Brandt Hughes,98676,QB,NEW MEXICO,1,26.1,0,241,53.3,,60.0,0,0,0,0.0,0.0,,0,0,0,12,0,0,0,46,0,34,0,0,12,0
Thomas Sio,98274,G,OREGON ST,1,100.0,0,265,59.7,69.7,59.0,0,0,2,100.0,100.0,100.0,0,0,0,12,0,12,0,12,2,2,0,0,10,0
Dave Small,52294,HB,USF,3,52.4,0,327,77.7,23.1,71.5,0,0,5,50.0,54.5,100.0,0,0,0,11,0,0,0,21,6,11,0,0,5,0
Tyler Sear,61000,TE,TEMPLE,2,100.0,0,306,44.8,29.3,51.4,0,1,4,100.0,100.0,87.5,0,1,0,11,0,0,0,11,4,4,0,0,7,10
Chaz Neal,77325,T,FLORIDA ST,3,100.0,0,167,70.7,76.6,68.4,0,0,6,100.0,100.0,100.0,0,0,0,11,0,0,0,11,6,6,0,11,5,0
Deven Boston,83796,HB,UTSA,4,27.5,0,331,64.4,37.2,57.1,0,1,5,25.0,23.8,70.0,0,2,1,11,0,0,0,40,5,21,0,0,6,0
De'Corian Clark,100892,WR,UTSA,7,39.3,0,331,42.7,,62.2,0,0,0,0.0,0.0,,0,0,0,11,0,0,0,28,0,17,0,0,11,0
Kaegun Williams,57397,HB,S DIEGO ST,7,16.7,0,284,67.6,77.4,59.5,0,0,4,16.0,17.2,100.0,0,0,0,11,0,0,0,66,5,29,0,0,6,0
Joey Luchetti,77877,ED,BOSTON COL,2,91.7,0,121,71.1,,70.6,0,0,0,0.0,0.0,,0,0,0,11,0,0,0,12,0,1,0,0,11,11
Josh Fannin,37205,TE,MIDDLE TN,1,91.7,0,224,51.6,40.0,57.4,1,0,6,85.7,85.7,91.7,0,1,0,11,0,0,0,12,6,7,0,0,5,12
Josh Oatis,41491,T,UTSA,3,100.0,0,331,59.3,75.4,57.7,0,0,1,100.0,100.0,100.0,0,0,0,11,0,0,0,11,2,2,0,9,9,0
Brendon Clark,102869,QB,NOTRE DAME,2,57.9,0,258,70.1,,60.0,0,0,0,0.0,0.0,,0,0,0,11,0,0,0,19,0,2,0,0,11,0
Ira Henry III,99683,G,FLORIDA ST,2,100.0,0,167,62.5,24.6,66.3,0,0,7,100.0,100.0,100.0,0,0,0,11,0,0,0,11,7,7,11,0,4,0
Clayton Franks,77491,G,TEXAS TECH,3,100.0,0,315,60.5,74.3,59.2,0,0,4,100.0,100.0,100.0,0,0,0,11,0,7,0,11,4,4,4,0,7,0
Mikel Barkley,98748,WR,TCU,3,50.0,0,305,55.1,,62.1,0,0,0,0.0,0.0,,0,0,0,11,0,0,0,22,0,11,0,0,11,0
Mo Edwards Jr.,84410,WR,S ALABAMA,2,84.6,0,288,57.9,,60.8,0,0,0,0.0,0.0,,0,0,0,11,0,0,0,13,0,2,0,0,11,0
Ricky Walker III,38533,WR,CAL,4,28.2,0,130,64.6,,60.0,0,0,0,0.0,0.0,,0,0,0,11,0,0,0,39,0,27,0,0,11,0
Walker Wood,60421,QB,KENTUCKY,2,57.9,0,202,63.1,,60.0,0,0,0,0.0,0.0,,0,0,0,11,0,0,0,19,0,4,0,0,11,0
Christian Malloy,76560,HB,GA TECH,3,45.8,0,176,66.7,61.2,59.7,0,0,7,58.3,53.8,100.0,1,0,0,11,0,0,0,24,7,13,0,0,4,0
Jakari Norwood,83678,HB,ILLINOIS,6,20.8,0,187,52.5,24.4,51.8,0,0,4,14.3,13.8,100.0,0,0,0,11,0,0,0,53,4,29,0,0,7,0
Emonee Spence,39505,WR,LOUISVILLE,2,91.7,0,210,58.6,,58.9,0,0,0,0.0,0.0,,0,0,0,11,0,0,0,12,0,1,0,0,11,0
Daniel Ellinger,40780,WR,MISSOURI,3,91.7,0,229,58.3,,56.2,0,0,0,0.0,0.0,,0,0,0,11,0,0,0,12,0,1,0,0,11,0
Cameron Sullivan-Brown,61594,WR,PENN STATE,3,28.2,0,266,64.3,,42.9,0,0,0,0.0,0.0,,0,0,0,11,0,0,0,39,0,28,0,0,11,0
Mykel Jones,40980,WR,OKLAHOMA,5,52.4,0,261,67.0,63.9,43.2,0,0,1,9.1,9.1,100.0,0,0,0,11,0,0,0,21,1,11,0,0,10,0
Theo Howard,39914,WR,UCLA,1,40.7,0,324,54.0,,61.9,0,0,0,0.0,0.0,,0,0,0,11,0,0,0,27,0,16,0,0,11,0
Kole Bailey,39972,G,BOISE ST,1,100.0,0,120,67.8,74.6,66.9,0,0,2,100.0,100.0,100.0,0,0,0,11,0,0,0,11,2,2,11,0,9,0
Nathan Cottrell,45980,HB,GA TECH,9,40.7,0,176,68.9,51.9,44.2,0,1,4,22.2,22.2,87.5,0,1,0,11,0,0,0,27,4,18,0,0,7,0
Tyler Dabbs,40077,WR,NC STATE,2,73.3,0,248,57.0,,59.1,0,0,0,0.0,0.0,,0,0,0,11,0,0,0,15,0,4,0,0,11,0
Calvin Hill,97069,HB,TEXAS ST,5,18.0,0,314,61.6,5.6,59.1,1,0,7,18.9,17.9,92.9,0,1,0,11,0,0,0,61,7,39,0,0,4,0
CJ Hanson,98387,C,RUTGERS,1,100.0,0,278,55.0,31.1,57.9,0,1,5,100.0,100.0,90.0,0,1,0,11,6,0,0,11,6,6,5,0,5,0
Trent Kelley,58515,T,AUBURN,1,100.0,0,115,61.0,74.9,59.0,0,0,2,100.0,100.0,100.0,0,0,0,11,0,0,0,11,2,2,0,11,9,0
PJ Poutasi,59647,G,CAL,3,100.0,0,130,61.5,76.7,59.4,0,0,5,100.0,100.0,100.0,0,0,0,11,0,7,4,11,5,5,0,0,6,0
Derek Green,77646,QB,SMU,3,61.1,0,287,70.6,,60.0,0,0,0,0.0,0.0,,0,0,0,11,0,0,0,18,0,3,0,0,11,0
Javohn Jones,45044,HB,NEW MEXICO,4,28.9,0,241,62.2,24.1,56.4,1,0,6,26.1,25.9,91.7,0,1,0,11,0,0,0,38,7,27,0,0,4,0
John Raridon,41384,G,NEBRASKA,2,100.0,0,238,46.7,73.6,44.9,0,0,5,100.0,100.0,100.0,0,0,0,11,0,11,0,11,5,5,0,0,6,0
Christian Dremel,97211,WR,RUTGERS,4,28.9,0,278,57.9,,61.7,0,0,0,0.0,0.0,,0,0,0,11,0,0,0,38,0,27,0,0,11,0
Theo Anderson,44712,HB,BUFFALO,6,55.0,0,126,63.8,,67.1,0,0,0,,,,0,0,0,11,0,0,0,20,0,0,0,0,11,0
Kevin Brown Jr.,97440,HB,UMASS,3,19.3,0,216,73.6,79.3,59.9,0,0,9,33.3,32.1,100.0,0,0,0,11,0,0,0,57,9,28,0,0,2,0
Walker Culver,77370,T,VA TECH,1,100.0,0,337,52.5,,52.5,0,0,0,,,,0,0,0,11,0,0,11,11,0,0,0,0,11,0
Josh Jackson,55853,WR,CLEMSON,6,78.6,0,140,57.2,,61.6,0,0,0,0.0,0.0,,0,0,0,11,0,0,0,14,0,3,0,0,11,0
Joe Mischler,77695,QB,OHIO,3,61.1,0,259,53.8,,60.0,0,0,0,0.0,0.0,,0,0,0,11,0,0,0,18,0,3,0,0,11,0
Mike Collins,60549,QB,TCU,2,61.1,0,305,75.6,,60.0,0,0,0,0.0,0.0,,0,0,0,11,0,0,0,18,0,6,0,0,11,0
T.J. Pledger,77755,HB,OKLAHOMA,6,29.7,0,261,72.1,75.5,56.8,0,0,4,20.0,23.8,100.0,0,0,0,11,0,0,0,37,5,21,0,0,6,2
Luke Felix-Fualalo,71382,T,UTAH,1,100.0,0,328,55.6,74.1,54.6,0,0,1,100.0,100.0,100.0,1,0,0,11,0,0,11,11,1,1,0,0,10,0
Jonathan Leech,105783,T,VIRGINIA,2,100.0,0,335,52.7,40.6,53.1,0,0,2,100.0,100.0,100.0,0,0,0,11,0,0,2,11,2,2,0,9,9,0
Aaron Vopal,56485,G,WISCONSIN,1,100.0,0,349,59.7,75.6,58.3,0,0,4,100.0,100.0,100.0,0,0,0,11,0,11,0,11,4,4,0,0,7,0
Harry Van Dyne,55247,WR,MINNESOTA,2,91.7,0,225,88.9,,60.6,0,0,0,0.0,0.0,,0,0,0,11,0,0,0,12,0,1,0,0,11,0
Tye Herbstreit,99706,WR,CLEMSON,4,100.0,0,140,60.2,,59.8,0,0,0,,,,0,0,0,11,0,0,0,11,0,0,0,0,11,0
Erik Ditzhazy,55057,T,C MICHIGAN,3,100.0,1,134,50.3,66.1,50.1,0,0,1,100.0,100.0,100.0,1,0,0,11,0,0,0,11,1,1,0,9,10,2
Nick Follmer,55056,T,C MICHIGAN,2,100.0,0,134,65.8,73.9,64.3,0,0,2,100.0,100.0,100.0,0,0,0,11,0,0,10,11,2,2,0,1,9,0
Nick Niehoff,52963,WR,BOWL GREEN,2,100.0,0,122,59.9,,59.2,0,0,0,,,,0,0,0,11,0,0,0,11,0,0,0,0,11,1
Jonah Panoke,97798,WR,HAWAII,2,50.0,0,180,53.4,,60.9,0,0,0,0.0,0.0,,0,0,0,11,0,0,0,22,0,11,0,0,11,0
Jaden Payoute,99702,WR,VA TECH,1,100.0,0,337,60.8,,61.0,0,0,0,,,,0,0,0,11,0,0,0,11,0,0,0,0,11,0
Jack Coldiron,63838,TE,MIAMI OH,1,100.0,0,221,59.1,68.7,57.1,0,0,1,100.0,100.0,100.0,0,0,0,11,0,0,0,11,1,1,0,0,10,4
Camron Horry,61038,TE,TEXAS A&M,2,73.3,0,312,51.0,66.0,73.9,0,0,2,33.3,33.3,100.0,0,0,0,11,0,0,0,15,2,6,0,0,9,15
Shaun Taylor,77661,QB,OKLA STATE,1,68.8,0,262,60.6,,60.0,0,0,0,0.0,0.0,,0,0,0,11,0,0,0,16,0,4,0,0,11,0
Dj Chatman,102878,HB,ARK STATE,6,17.7,0,113,60.3,28.9,60.0,1,1,8,27.6,25.0,87.5,0,2,0,11,0,0,0,62,8,32,0,0,3,0
Raymond Niro III,84343,HB,NWESTERN,7,33.3,0,256,64.7,,59.0,0,0,0,0.0,0.0,,0,0,0,11,0,0,0,33,0,10,0,0,11,0
Clayton Woods,37044,G,OKLAHOMA,2,100.0,0,261,56.7,44.5,57.4,0,1,3,100.0,100.0,83.3,0,1,0,11,2,9,0,11,3,3,0,0,8,0
Mason Donaldson,41994,WR,UCONN,5,68.8,0,146,80.4,,61.6,0,0,0,0.0,0.0,,0,0,0,11,0,0,0,16,0,5,0,0,11,0
Rashaad Bolton,42729,HB,ARMY,3,52.4,0,114,73.2,,63.5,0,0,0,,,,0,0,0,11,0,0,0,21,0,0,0,0,11,0
Caleb Steward,77723,HB,VA TECH,6,32.3,0,337,71.8,74.4,58.9,0,0,2,50.0,60.0,100.0,0,0,0,10,0,0,0,31,3,5,0,0,7,0
James Harris II,77030,HB,NAVY,3,52.6,0,237,42.3,13.4,58.0,0,0,0,,100.0,,0,0,0,10,0,0,0,19,1,1,0,0,9,0
Randy Fields Jr.,78120,WR,W VIRGINIA,6,45.5,0,343,59.1,,81.2,0,0,0,0.0,0.0,,0,0,0,10,0,0,0,22,0,12,0,0,10,0
John Johnson,75948,WR,HAWAII,5,35.7,0,180,47.3,,60.9,0,0,0,0.0,0.0,,0,0,0,10,0,0,0,28,0,18,0,0,10,1
Gilberto Torres,75805,HB,UMASS,5,13.9,0,216,61.1,25.7,60.0,0,1,9,23.1,23.1,72.2,0,3,2,10,0,0,0,72,9,39,0,0,1,0
Demetrius Davis,61745,WR,UAB,1,45.5,0,321,74.3,,55.8,0,0,0,0.0,0.0,,0,0,0,10,0,0,0,22,0,12,0,0,10,0
Josh Johnson,61390,WR,LOUISVILLE,3,62.5,0,210,66.7,,59.4,0,0,0,0.0,0.0,,0,0,0,10,0,0,0,16,0,6,0,0,10,0
Max Cooper,61323,WR,IOWA,5,47.6,0,192,55.0,,61.0,0,0,0,0.0,0.0,,0,0,0,10,0,0,0,21,0,11,0,0,10,0
Mac Hereford,61108,WR,ALABAMA,1,100.0,0,103,58.7,,56.7,0,0,0,,,,0,0,0,10,0,0,0,10,0,0,0,0,10,0
Nick Haynes,60963,TE,OLE MISS,2,83.3,0,226,44.8,,47.5,0,0,0,0.0,0.0,,0,0,0,10,0,0,0,12,0,2,0,0,10,12
Matt Rosso,81812,T,RUTGERS,2,100.0,0,278,66.5,68.2,65.5,0,0,1,100.0,100.0,100.0,0,0,0,10,0,0,0,10,1,1,0,10,9,0
Jackson Gibbs,60576,QB,APP STATE,3,83.3,0,108,37.4,,60.0,0,0,0,,,,0,0,0,10,0,0,0,12,0,0,0,0,10,0
Emmett Davis,60471,WR,NAVY,3,100.0,0,237,60.8,,60.9,0,0,0,,,,0,0,0,10,0,0,0,10,0,0,0,1,10,0
London Bartholomew,60182,G,UTAH,2,100.0,0,328,66.2,71.9,65.5,0,0,1,100.0,100.0,100.0,0,0,0,10,0,0,0,10,1,1,10,0,9,0
Earl Bostick Jr.,59771,T,KANSAS,2,100.0,0,198,59.7,68.6,58.0,0,0,3,100.0,100.0,100.0,0,0,0,10,0,0,0,10,3,3,0,1,7,9
Austin Aune,83528,QB,N TEXAS,2,66.7,0,251,89.4,,60.0,0,0,0,0.0,0.0,,0,0,0,10,0,0,0,15,0,5,0,0,10,0
James Foster,83563,QB,TEXAS A&M,4,41.7,0,312,37.1,,60.0,0,0,0,0.0,0.0,,0,0,0,10,0,0,0,24,0,10,0,0,10,0
Jacob Sirmon,83590,QB,WASHINGTON,5,43.5,0,340,70.3,,60.0,0,0,0,0.0,0.0,,0,0,0,10,0,0,0,23,0,4,0,0,10,0
A.J. Howard,83627,TE,ARMY,2,76.9,0,114,90.9,,83.5,0,0,0,0.0,0.0,,0,0,0,10,0,0,0,13,0,1,0,0,10,8
Miles Jones,83718,WR,NEBRASKA,4,47.6,0,238,57.8,,76.7,0,0,0,0.0,0.0,,0,0,0,10,0,0,0,21,0,11,0,0,10,0
Jay Symonds,83763,TE,STANFORD,9,45.5,0,300,69.6,80.7,57.2,0,0,2,14.3,14.3,100.0,0,0,0,10,0,0,0,22,2,14,0,0,8,7
Markese Stepp,83786,HB,USC,6,12.2,0,326,79.5,77.0,60.0,0,0,5,18.5,17.2,100.0,1,0,0,10,0,0,0,82,5,29,0,0,5,0
Tim Taylor,57292,HB,MEMPHIS,5,40.0,0,218,64.7,72.6,59.9,0,0,1,20.0,20.0,100.0,0,0,0,10,0,0,0,25,1,5,0,0,9,0
Jared Torres,83970,TE,FRESNO ST,3,90.9,0,169,41.2,,44.5,0,0,0,0.0,0.0,,0,0,0,10,0,0,0,11,0,1,0,0,10,11
Chase Hayden,57137,HB,ARKANSAS,3,27.0,0,111,65.1,79.5,59.1,0,0,5,25.0,28.6,100.0,0,0,0,10,0,0,0,37,6,21,0,0,4,0
John Parker,84093,WR,ALABAMA,1,100.0,0,103,60.7,,60.9,0,0,0,,,,0,0,0,10,0,0,0,10,0,0,0,0,10,0
Goran Jovanovic,55444,T,WAKE,4,100.0,0,339,59.8,66.0,59.0,0,0,1,100.0,100.0,100.0,0,0,0,10,0,0,0,10,1,1,0,10,9,0
Brock Annexstad,55244,WR,MINNESOTA,2,90.9,0,225,59.1,,61.0,0,0,0,0.0,0.0,,0,0,0,10,0,0,0,11,0,1,0,0,10,0
Axel Ruschmeyer,55236,G,MINNESOTA,3,100.0,0,225,71.9,72.0,70.8,0,0,1,100.0,100.0,100.0,0,0,0,10,0,9,0,10,1,1,0,0,9,0
Javan Hawes,55091,WR,CINCINNATI,1,90.9,0,138,59.1,,61.1,0,0,0,0.0,0.0,,0,0,0,10,0,0,0,11,0,1,0,0,10,0
Greg Latushko,54472,WR,COAST CAR,3,58.8,0,141,53.2,,61.3,0,0,0,0.0,0.0,,0,0,0,10,0,0,0,17,0,6,0,0,10,0
Baden Pinson,54436,HB,COAST CAR,7,41.7,0,141,67.5,74.5,67.9,0,0,4,50.0,50.0,100.0,0,0,0,10,0,0,0,24,4,8,0,0,6,0
Ralph Taufa'asau,52145,TE,OREGON ST,3,90.9,0,265,65.1,,65.5,0,0,0,0.0,0.0,,0,0,0,10,0,0,0,11,0,1,0,0,10,11
I'Shawn Stewart,84372,WR,OREGON ST,1,83.3,0,265,58.1,,62.2,0,0,0,0.0,0.0,,0,0,0,10,0,0,0,12,0,2,0,0,10,0
Justice McCoy,52034,QB,COLO STATE,3,62.5,0,144,35.4,,60.0,0,0,0,0.0,0.0,,0,0,0,10,0,0,0,16,0,6,0,0,10,0
Chris Wiggins,84550,WR,CHARLOTTE,1,100.0,0,136,70.4,,81.8,0,0,0,,,,0,0,0,10,0,0,0,10,0,0,0,0,10,0
Zane Knipe,97282,WR,RICE,5,38.5,0,275,70.2,,58.0,0,0,0,0.0,0.0,,0,0,0,10,0,0,0,26,0,12,0,0,10,0
Logan Lee,44237,TE,UTAH ST,2,71.4,0,329,60.1,,63.4,0,0,0,0.0,0.0,,0,0,0,10,0,0,0,14,0,4,0,0,10,12
Jordan Yates,97416,QB,GA TECH,3,29.4,0,176,61.8,,60.0,0,0,0,0.0,0.0,,0,0,0,10,0,0,0,34,0,19,0,0,10,0
Daniel Powell,44201,TE,ALABAMA,1,100.0,0,103,63.7,,62.9,0,0,0,,,,0,0,0,10,0,0,0,10,0,0,0,0,10,9
Jerry Johnson III,97649,FB,RICE,4,90.9,0,275,64.3,,65.7,0,0,0,,0.0,,0,0,0,10,0,0,0,11,0,1,0,0,10,1
Nazir Burnett,97671,WR,GA TECH,2,55.6,0,176,54.8,,59.8,0,0,0,0.0,0.0,,0,0,0,10,0,0,0,18,0,8,0,0,10,0
Tyler Brown,98070,G,LA LAFAYET,1,100.0,0,207,86.0,72.1,85.8,0,0,4,100.0,100.0,100.0,0,0,0,10,0,0,0,10,4,4,10,0,6,0
Jackson Fort,98269,G,TULANE,2,100.0,0,319,58.4,,58.1,0,0,0,,,,0,0,0,10,0,10,0,10,0,0,0,0,10,0
Zac Welch,98384,G,NEVADA,1,100.0,0,239,53.4,76.2,51.5,0,0,4,100.0,100.0,100.0,0,0,0,10,0,0,0,10,4,4,10,0,6,0
Colby Orgeron,98389,T,TULANE,2,100.0,0,319,65.7,,65.0,0,0,0,,,,0,0,0,10,0,0,0,10,0,0,0,10,10,0
Logan Newell,98425,T,LA LAFAYET,1,100.0,0,207,66.5,70.1,65.4,0,0,4,100.0,100.0,100.0,0,0,0,10,0,0,0,10,4,4,0,10,6,0
Sam Howson,41661,C,RUTGERS,2,100.0,0,278,59.5,69.1,59.0,0,0,1,100.0,100.0,100.0,0,0,0,10,10,0,0,10,1,1,0,0,9,0
Elijah Deveaux,41311,HB,DUKE,2,55.6,0,154,54.4,75.6,58.3,0,0,2,50.0,66.7,100.0,0,0,0,10,0,0,0,18,4,6,0,0,6,0
Amari Kight,99064,T,ALABAMA,1,100.0,0,103,76.2,,75.3,0,0,0,,,,0,0,0,10,0,0,0,10,0,0,0,10,10,0
Dylan Wright,99209,WR,TEXAS A&M,2,41.7,0,312,53.6,,60.6,0,0,0,0.0,0.0,,0,0,0,10,0,0,0,24,0,14,0,0,10,0
Micah Wilson,40104,WR,MISSOURI,4,76.9,0,229,67.9,,55.5,0,0,0,0.0,0.0,,0,0,0,10,0,0,0,13,0,3,0,0,10,0
Dominic DiNunzio,99518,TE,TCU,1,90.9,0,305,65.3,,64.9,0,0,0,0.0,0.0,,0,0,0,10,0,0,0,11,0,1,0,0,10,11
Treshaun Ward,99619,HB,FLORIDA ST,2,38.5,0,167,66.1,26.8,59.5,0,0,5,50.0,50.0,80.0,0,1,1,10,0,0,0,26,6,12,0,0,4,0
Zac McIntosh,99662,G,CLEMSON,2,100.0,0,140,65.2,70.5,64.5,0,0,2,100.0,100.0,100.0,0,0,0,10,0,2,0,10,2,2,8,0,8,0
Derek Devine,99664,G,VIRGINIA,1,100.0,0,335,59.2,73.5,58.1,0,0,2,100.0,100.0,100.0,0,0,0,10,0,10,0,10,2,2,0,0,8,0
Nathaniel Peat,100586,HB,STANFORD,9,25.6,0,300,69.9,67.5,59.1,0,0,0,0.0,4.3,,0,0,0,10,0,0,0,39,1,23,0,0,9,0
Patrick Herbert,100625,TE,OREGON,2,76.9,0,264,63.4,,66.9,0,0,0,0.0,0.0,,0,0,0,10,0,0,0,13,0,3,0,0,10,11
Joey Beljan,100863,TE,W KENTUCKY,2,100.0,0,346,66.0,,65.9,0,0,0,,,,0,0,0,10,0,0,0,10,0,0,0,0,10,7
Deven Langston,100882,WR,N TEXAS,2,100.0,0,251,60.9,,61.2,0,0,0,,,,0,0,0,10,0,0,0,10,0,0,0,0,10,0
Riley Burt,34493,HB,UTAH ST,7,13.0,0,329,59.4,31.0,60.1,1,0,5,11.1,10.9,90.0,0,1,0,10,0,0,0,77,5,46,0,0,5,0
Javon Ivory,101116,WR,MEMPHIS,2,71.4,0,218,53.4,,89.9,0,0,0,0.0,0.0,,0,0,0,10,0,0,0,14,0,4,0,0,10,0
Brenden Fulton,33196,WR,COLO STATE,7,45.5,0,144,68.2,,90.0,0,0,0,0.0,0.0,,0,0,0,10,0,0,0,22,0,11,0,0,10,0
Chaz Collins,32935,WR,S DIEGO ST,6,58.8,0,284,45.0,,61.1,0,0,0,0.0,0.0,,0,0,0,10,0,0,0,17,0,7,0,0,10,1
Ricky Kofoed,102907,TE,APP STATE,2,100.0,0,108,85.5,,81.8,0,0,0,,,,0,0,0,10,0,0,0,10,0,0,0,0,10,9
T.J. DeShields,77700,QB,AKRON,3,50.0,0,102,44.5,,60.0,0,0,0,0.0,0.0,,1,0,0,10,0,0,0,20,0,10,0,0,10,0
Bradrick Shaw,35088,HB,WISCONSIN,7,30.0,0,349,72.5,,59.5,0,0,0,0.0,0.0,,0,0,0,9,0,0,0,30,0,3,0,0,9,0
Kam Brown,99206,WR,TEXAS A&M,3,37.5,0,312,61.9,,61.4,0,0,0,0.0,0.0,,0,0,0,9,0,0,0,24,0,15,0,0,9,0
Hayden Gillum,77508,C,KANSAS ST,1,100.0,0,199,57.1,69.1,56.6,0,0,1,100.0,100.0,100.0,0,0,0,9,9,0,0,9,1,1,0,0,8,0
Brandon Gray,84506,WR,WASH STATE,3,47.4,0,341,59.5,,83.0,0,0,0,0.0,0.0,,0,0,0,9,0,0,0,19,0,10,0,0,9,0
Spencer Lovell,81559,T,ARIZONA ST,3,100.0,0,110,41.2,74.3,51.8,0,0,2,100.0,100.0,100.0,1,0,0,9,0,1,0,9,2,2,0,7,7,1
Brandon Rolfe,100802,T,UTSA,1,100.0,0,331,68.6,71.4,67.8,0,0,1,100.0,100.0,100.0,0,0,0,9,0,0,9,9,1,1,0,0,8,0
Peyton Cox,59868,G,OLE MISS,2,100.0,0,226,64.5,,64.0,0,0,0,,,,0,0,0,9,0,8,0,9,0,0,1,0,9,0
Makiya Tongue,99231,WR,GEORGIA,3,75.0,0,173,57.4,,61.2,0,0,0,0.0,0.0,,0,0,0,9,0,0,0,12,0,3,0,0,9,0
Maurice Burkley,57276,HB,LOUISVILLE,4,47.4,0,210,69.8,46.2,59.9,0,2,7,77.8,77.8,85.7,0,2,0,9,0,0,0,19,7,9,0,0,2,0
Ale Kaho,82646,LB,ALABAMA,4,75.0,0,103,76.3,,81.1,0,0,0,0.0,0.0,,0,0,0,9,0,0,0,12,0,3,0,0,9,0
Nigel Sealey,100210,HB,BOWL GREEN,5,27.3,0,122,50.7,,59.1,0,0,0,0.0,0.0,,0,0,0,9,0,0,0,33,0,8,0,0,9,0
Brandon Hinds,78168,WR,W MICHIGAN,2,100.0,0,347,60.8,,61.1,0,0,0,,,,0,0,0,9,0,0,0,9,0,0,0,0,9,0
Mike Epstein,57237,HB,ILLINOIS,1,34.6,0,187,72.5,36.5,64.1,0,1,3,25.0,25.0,83.3,0,1,0,9,0,0,0,26,3,12,0,0,6,0
Junior Uzebu,77471,T,W VIRGINIA,2,100.0,0,343,60.7,70.3,59.6,0,0,2,100.0,100.0,100.0,0,0,0,9,0,0,9,9,2,2,0,0,7,0
Kenny McIntosh,99158,HB,GEORGIA,5,15.8,0,173,76.0,73.9,59.1,0,0,0,0.0,4.2,,0,0,0,9,0,0,0,57,1,24,0,0,8,0
Avery Reece,97824,G,GA STATE,1,100.0,0,175,58.4,,58.1,0,0,0,,,,0,0,0,9,0,0,0,9,0,0,9,0,9,0
Alain Schaerer,100244,T,BUFFALO,2,100.0,0,126,67.3,,67.6,0,0,0,,,,0,0,0,9,0,0,0,9,0,0,0,9,9,0
Logan Ammons,77774,WR,TULANE,2,90.0,0,319,57.8,,60.3,0,0,0,,,,0,0,0,9,0,0,0,10,0,0,0,0,9,0
T.J. Hammonds,41365,HB,ARKANSAS,6,25.0,0,111,71.8,78.4,58.2,0,0,3,15.0,20.8,100.0,0,0,0,9,0,0,0,36,5,24,0,0,4,0
Nick Bernacchi,77385,G,NAVY,2,100.0,0,237,59.1,,58.7,0,0,0,,,,0,0,0,9,0,0,0,9,0,0,9,0,9,0
Kingsley Eguakun,98248,T,FLORIDA,2,100.0,0,163,63.7,76.1,62.4,0,0,2,100.0,100.0,100.0,0,0,0,9,0,0,5,9,2,2,4,0,7,0
Qualan Jones,97196,HB,BAYLOR,3,34.6,0,118,82.4,73.8,59.0,0,0,2,40.0,40.0,100.0,0,0,0,9,0,0,0,26,2,5,0,0,7,0
Troy Bradshaw,77493,T,TEXAS TECH,2,100.0,0,315,60.4,72.1,58.6,0,0,3,100.0,100.0,100.0,0,0,0,9,0,0,0,9,3,3,0,9,6,0
Bosah Osakwe,57109,C,UTSA,1,100.0,0,331,50.3,70.4,50.7,0,0,1,100.0,100.0,100.0,0,0,0,9,9,0,0,9,1,1,0,0,8,0
Pace Ozmint,42061,WR,AUBURN,1,81.8,0,115,80.3,,80.6,0,0,0,0.0,0.0,,0,0,0,9,0,0,0,11,0,2,0,0,9,0
Kenyon Sims,83679,HB,ILLINOIS,3,31.0,0,187,56.4,42.6,61.9,0,1,4,50.0,40.0,87.5,0,1,0,9,0,0,0,29,4,10,0,0,5,0
Keilan Robinson,97097,HB,ALABAMA,8,16.1,0,103,74.8,46.5,60.0,0,0,3,27.3,27.3,100.0,0,0,0,9,0,0,0,56,3,11,0,0,6,0
La'Vontae Shenault,100644,WR,COLORADO,4,60.0,0,143,55.1,,60.1,0,0,0,0.0,0.0,,0,0,0,9,0,0,0,15,0,6,0,0,9,0
Addison West,98272,G,W MICHIGAN,1,100.0,0,347,68.3,78.1,66.4,0,0,5,100.0,100.0,100.0,0,0,0,9,0,9,0,9,5,5,0,0,4,0
James Owens Moss,40778,WR,AUBURN,5,47.4,0,115,52.9,,59.1,0,0,0,0.0,0.0,,0,0,0,9,0,0,0,19,0,10,0,0,9,0
Cord Sandberg,82090,QB,AUBURN,2,37.5,0,115,72.7,,60.0,0,0,0,0.0,0.0,,0,0,0,9,0,0,0,24,0,10,0,0,9,0
Griffin Carder,98276,G,GA SOUTHRN,1,100.0,0,174,60.2,,60.0,0,0,0,,,,0,0,0,9,0,8,0,9,0,0,0,0,9,0
Griffin Korican,81726,G,MICHIGAN,2,100.0,0,222,68.5,77.8,67.3,0,0,2,100.0,100.0,100.0,0,0,0,9,0,0,0,9,3,3,9,0,6,0
Tyler Scoggin,99186,TE,TEXAS A&M,3,81.8,0,312,63.2,,67.1,0,0,0,0.0,0.0,,0,0,0,9,0,0,0,11,0,2,0,0,9,11
Thomas Spann,99054,T,TEXAS A&M,2,100.0,0,312,57.4,42.1,60.1,1,0,7,100.0,100.0,92.9,0,1,0,9,0,1,0,9,7,7,1,7,2,0
Cameron Ervin,97654,C,SMU,1,100.0,0,287,61.2,74.9,59.9,0,0,3,100.0,100.0,100.0,0,0,0,9,9,0,0,9,3,3,0,0,6,0
Jonathan Johnson,78081,WR,E CAROLINA,4,64.3,0,156,58.3,,60.4,0,0,0,0.0,0.0,,0,0,0,9,0,0,0,14,0,5,0,0,9,0
Desmond Hutson,101738,WR,IOWA,2,69.2,0,192,55.4,,60.4,0,0,0,0.0,0.0,,0,0,0,9,0,0,0,13,0,4,0,0,9,0
Jimmie Boso,77941,FB,BALL ST,2,100.0,0,117,52.8,67.5,50.3,0,0,1,100.0,100.0,100.0,0,0,0,9,0,0,0,9,1,1,0,0,8,1
Chidoziri Maghiro,77409,G,UCF,2,100.0,0,323,57.5,,57.2,0,0,0,,,,0,0,0,9,0,9,0,9,0,0,0,0,9,0
Andre Pegues,77938,WR,E CAROLINA,4,56.3,0,156,55.1,,60.3,0,0,0,0.0,0.0,,0,0,0,9,0,0,0,16,0,7,0,0,9,0
D'Anfernee McGriff,61254,WR,FLORIDA ST,1,81.8,0,167,57.9,,61.0,0,0,0,0.0,0.0,,0,0,0,9,0,0,0,11,0,2,0,0,9,0
Courtney Jackson,99703,WR,SYRACUSE,1,64.3,0,304,57.0,,59.5,0,0,0,0.0,0.0,,0,0,0,9,0,0,0,14,0,5,0,0,9,0
Destin Myers,81393,TE,S ALABAMA,3,69.2,0,288,52.8,28.7,57.5,0,0,3,50.0,42.9,100.0,0,0,0,9,0,0,0,13,3,7,0,0,6,5
Trevor Bycznski,98357,QB,BUFFALO,1,90.0,0,126,53.9,,60.0,0,0,0,0.0,0.0,,0,0,0,9,0,0,0,10,0,1,0,0,9,0
Tyler Williams,55407,FB,UCF,2,100.0,0,323,61.9,,62.1,0,0,0,,,,0,0,0,9,0,0,0,9,0,0,0,0,9,1
Jeremy Jennings,61706,WR,TEMPLE,4,69.2,0,306,80.2,,60.3,0,0,0,0.0,0.0,,0,0,0,9,0,0,0,13,0,2,0,0,9,0
Cody Markel,40447,TE,VANDERBILT,1,100.0,0,333,78.3,71.3,74.9,0,0,4,100.0,100.0,100.0,0,0,0,9,0,0,0,9,4,4,0,0,5,9
Aaron Short,52118,WR,OREGON ST,4,47.4,0,265,53.6,,60.8,0,0,0,0.0,0.0,,0,0,0,9,0,0,0,19,0,10,0,0,9,0
Jaquavis Dixon,33935,WR,AKRON,2,50.0,0,102,54.4,,61.5,0,0,0,0.0,0.0,,0,0,0,9,0,0,0,18,0,9,0,0,9,0
Connor Hebbeler,55429,TE,WAKE,4,90.0,0,339,52.6,,54.2,0,0,0,0.0,0.0,,0,0,0,9,0,0,0,10,0,1,0,0,9,10
Jacob Jimenez,36929,G,S DIEGO ST,2,100.0,0,284,61.5,,61.2,0,0,0,,,,0,0,0,9,0,8,0,9,0,0,0,0,9,0
Kaelin Byrd,83632,HB,ARMY,2,75.0,0,114,58.7,,54.8,0,0,0,,,,0,0,0,9,0,0,1,12,0,0,0,0,9,5
Isaiah Neyor,98033,WR,WYOMING,2,90.0,0,351,58.5,,59.6,0,0,0,,0.0,,0,0,0,9,0,0,0,10,0,1,0,0,9,0
Yannik Rohrschneider,59672,G,E MICHIGAN,3,100.0,0,160,63.7,23.4,64.9,0,0,5,100.0,100.0,100.0,0,0,0,9,0,0,0,9,5,5,9,0,4,0
Noah Reneau-Myers,51661,C,UTAH,2,100.0,0,328,58.3,,58.1,0,0,0,,,,0,0,0,9,9,0,0,9,0,0,0,0,9,0
Pat McSweeney,83953,TE,COAST CAR,3,56.3,0,141,60.2,70.0,55.9,0,0,1,14.3,12.5,100.0,0,0,0,9,0,0,0,16,1,8,0,0,8,7
Jake Funk,45835,HB,MARYLAND,3,21.6,0,215,70.1,75.4,68.8,0,0,2,14.3,20.0,100.0,0,0,0,8,0,0,0,37,3,15,0,0,5,0
Adrian Medley,98550,G,UCF,1,100.0,0,323,59.1,,58.8,0,0,0,,,,0,0,0,8,0,0,0,8,0,0,8,0,8,0
Will Browning III,78244,T,GA SOUTHRN,2,100.0,0,174,51.8,,51.4,0,0,0,,,,0,0,0,8,0,0,8,8,0,0,0,0,8,0
Lyle Hiers,102809,T,APP STATE,2,100.0,0,108,59.3,66.1,58.6,0,0,1,100.0,100.0,100.0,0,0,0,8,0,0,0,8,1,1,0,8,7,0
Bobby Brown III,82429,DI,TEXAS A&M,4,100.0,0,312,70.2,,73.5,0,0,0,,,,0,0,0,8,0,0,0,8,0,0,0,0,8,0
Evan Shirreffs,46552,QB,CHARLOTTE,2,61.5,0,136,61.3,,60.0,0,0,0,0.0,0.0,,0,0,0,8,0,0,0,13,0,2,0,0,8,0
Andre Collins Jr.,42145,WR,UNLV,2,61.5,0,325,58.4,,60.5,0,0,0,0.0,0.0,,0,0,0,8,0,0,0,13,0,5,0,0,8,0
Nakendrick Clark,83608,HB,APP STATE,7,38.1,0,108,66.3,,68.0,0,0,0,0.0,0.0,,0,0,0,8,0,0,0,21,0,2,0,0,8,0
Drew Keszei,60503,QB,OHIO,2,80.0,0,259,81.1,,60.1,0,0,0,0.0,0.0,,0,0,0,8,0,0,0,10,0,1,0,0,8,0
Riley Smith,82091,TE,BOISE ST,8,40.0,0,120,49.1,,52.9,0,0,0,0.0,0.0,,0,0,0,8,0,0,0,20,0,12,0,0,8,7
Mitchell Quinn,84510,WR,WASH STATE,4,40.0,0,341,53.1,,61.2,0,0,0,0.0,0.0,,0,0,0,8,0,0,0,20,0,12,0,0,8,0
KC Swaim,81736,T,OLE MISS,1,100.0,0,226,60.9,,60.5,0,0,0,,,,0,0,0,8,0,0,8,8,0,0,0,0,8,0
Austin Osborne,84502,WR,WASHINGTON,5,53.3,0,340,56.3,,55.9,0,0,0,0.0,0.0,,0,0,0,8,0,0,0,15,0,7,0,0,8,0
Steele Chambers,97812,HB,OHIO STATE,3,24.2,0,260,87.7,75.7,71.9,0,0,4,50.0,50.0,100.0,0,0,0,8,0,0,0,33,4,8,0,0,4,0
Marcellus Johnson,77529,T,E MICHIGAN,3,100.0,0,160,53.2,21.9,58.9,0,0,4,100.0,100.0,75.0,0,1,1,8,0,0,8,8,4,4,0,0,4,0
Bart Baratti,56051,LB,MIAMI OH,3,100.0,2,221,60.0,,60.0,0,0,0,,,,4,0,0,8,0,0,0,8,0,0,0,0,8,0
Ahrod Lloyd,83683,HB,INDIANA,5,24.2,0,190,58.1,78.6,60.0,0,0,4,22.2,21.1,100.0,0,0,0,8,0,0,0,33,4,19,0,0,4,0
Lavel Dumont,77512,T,TOLEDO,1,100.0,0,316,69.2,75.3,67.7,0,0,3,100.0,100.0,100.0,0,0,0,8,0,0,0,8,3,3,0,8,5,0
Tyler Harrell,77969,WR,LOUISVILLE,2,88.9,0,210,58.7,,60.0,0,0,0,0.0,0.0,,0,0,0,8,0,0,0,9,0,1,0,0,8,0
Hampton Earle,99604,WR,CLEMSON,4,80.0,0,140,49.9,,41.3,0,0,0,0.0,0.0,,0,0,0,8,0,0,0,10,0,2,0,0,8,0
Donavon Grier,102942,WR,GA STATE,2,72.7,0,175,59.6,,61.7,0,0,0,0.0,0.0,,0,0,0,8,0,0,0,11,0,3,0,0,8,0
Kumoku Noa,38418,WR,HAWAII,2,32.0,0,180,66.9,,59.6,0,0,0,0.0,0.0,,1,0,0,8,0,0,0,25,0,17,0,0,8,0
Ivory Kelly-Martin,57244,HB,IOWA,4,29.6,0,192,69.5,77.5,67.3,0,0,3,18.8,18.8,100.0,0,0,0,8,0,0,0,27,3,16,0,0,5,0
Brad Dennis,84421,WR,SO MISS,1,100.0,0,296,70.0,,80.3,0,0,0,,,,0,0,0,8,0,0,0,8,0,0,0,0,8,0
Jaevon Mcquitty,61493,WR,NEBRASKA,3,40.0,0,238,63.5,,61.5,0,0,0,0.0,0.0,,0,0,0,8,0,0,0,20,0,12,0,0,8,0
Alex Allen,40838,TE,LA LAFAYET,2,53.3,0,207,35.6,,44.6,0,0,0,0.0,0.0,,0,0,0,8,0,0,0,15,0,7,0,0,8,11
Andrew McKinnis,41305,WR,TULSA,1,88.9,0,320,58.9,,61.0,0,0,0,0.0,0.0,,0,0,0,8,0,0,0,9,0,1,0,0,8,0
Emil Graves,52060,G,HAWAII,2,100.0,0,180,60.0,76.4,58.7,0,0,6,100.0,100.0,100.0,0,0,0,8,0,0,0,8,6,6,7,0,2,1
Jay Williams,99676,T,FLORIDA ST,2,100.0,0,167,69.3,70.1,69.0,0,0,3,100.0,100.0,100.0,0,0,0,8,0,0,3,8,3,3,0,5,5,0
Judge Hartin,77320,T,TULSA,1,100.0,0,320,61.4,,61.0,0,0,0,,,,0,0,0,8,0,0,0,8,0,0,0,8,8,0
Jalen Moy,84134,WR,ARMY,5,80.0,0,114,78.6,,57.9,0,0,0,0.0,0.0,,0,0,0,8,0,0,0,10,0,1,0,0,8,0
Jahz Watts,61443,WR,MICH STATE,3,100.0,0,223,61.0,,61.7,0,0,0,,,,0,0,0,8,0,0,0,8,0,0,0,0,8,0
Ben VanSumeren,82523,HB,MICHIGAN,4,42.1,0,222,43.8,76.6,60.0,0,0,4,66.7,71.4,100.0,0,0,0,8,0,0,0,19,5,7,0,0,3,0
Cameron Montgomery,52198,HB,RICE,5,25.8,0,275,40.5,0.6,60.0,0,0,2,12.5,17.6,50.0,0,1,1,8,0,0,0,31,3,17,0,0,5,0
Jakairi Moses,57479,HB,W KENTUCKY,1,36.4,0,346,66.7,54.0,58.1,0,0,4,26.7,23.5,100.0,1,0,0,8,0,0,0,22,4,17,0,0,4,0
Elliot Ollenburger,78079,WR,KANSAS ST,2,100.0,0,199,60.7,,61.1,0,0,0,,,,0,0,0,8,0,0,0,8,0,0,0,0,8,0
Louis Smith,98580,C,SO MISS,3,100.0,0,296,60.3,,60.0,0,0,0,,,,0,0,0,8,8,0,0,8,0,0,0,0,8,0
John Holcombe II,77676,QB,KANSAS ST,3,29.6,0,199,65.3,,60.0,0,0,0,0.0,0.0,,0,0,0,8,0,0,0,27,0,7,0,0,8,1
CJ Fletcher,61385,WR,LA MONROE,2,57.1,0,209,55.8,,61.6,0,0,0,0.0,0.0,,0,0,0,8,0,0,0,14,0,6,0,0,8,0
Devaughn Vele,100637,WR,UTAH,4,50.0,0,328,46.0,,59.8,0,0,0,0.0,0.0,,0,0,0,8,0,0,0,16,0,8,0,0,8,1
Nik Ognenovic,99194,TE,KENTUCKY,2,80.0,0,202,59.2,,57.4,0,0,0,0.0,0.0,,0,0,0,8,0,0,0,10,0,2,0,0,8,8
Bennett Folkers,84321,WR,NEBRASKA,1,72.7,0,238,56.1,,61.4,0,0,0,0.0,0.0,,0,0,0,8,0,0,0,11,0,3,0,0,8,0
Sean Atkins,101127,WR,USF,2,53.3,0,327,51.0,,60.5,0,0,0,0.0,0.0,,1,0,0,8,0,0,0,15,0,7,0,0,8,0
Blake Stenstrom,82106,QB,COLORADO,3,66.7,0,143,43.8,,60.0,0,0,0,0.0,0.0,,0,0,0,8,0,0,0,12,0,3,0,0,8,0
Darius Maberry,57412,HB,SO MISS,5,21.1,0,296,55.1,79.7,59.0,0,0,4,25.0,25.0,100.0,0,0,0,8,0,0,0,38,4,16,0,0,4,0
Alec Holler,77899,FB,UCF,2,80.0,0,323,57.4,44.9,59.2,0,1,3,60.0,60.0,83.3,0,1,0,8,0,0,0,10,3,5,0,0,5,2
Mark Williams,77935,TE,KENT STATE,2,88.9,0,201,60.3,64.5,60.2,0,0,1,50.0,50.0,100.0,0,0,0,8,0,0,0,9,1,2,0,0,7,8
Ja'Veon Marlow,83797,HB,VANDERBILT,6,32.0,0,333,64.5,77.7,60.4,0,0,4,36.4,36.4,100.0,0,0,0,8,0,0,0,25,4,11,0,0,4,0
Chris Herring,61101,WR,FAU,2,88.9,0,165,57.3,,55.1,0,0,0,0.0,0.0,,0,0,0,8,0,0,0,9,0,1,0,0,8,0
Darrian Felix,57377,HB,OREGON,7,11.0,0,264,77.9,76.2,59.1,0,0,4,12.9,11.8,100.0,0,0,0,8,0,0,0,73,4,34,0,0,4,0
Sam Plash,59867,C,OLE MISS,1,100.0,0,226,64.7,,63.8,0,0,0,,,,0,0,0,8,8,0,0,8,0,0,0,0,8,0
Evan Johnson,57345,HB,N TEXAS,5,32.0,0,251,58.0,,30.5,0,0,0,0.0,0.0,,0,0,0,8,0,0,0,25,0,11,0,0,8,0
Jacob Atnip,41861,G,ARK STATE,3,100.0,0,113,55.8,72.0,55.1,0,0,1,100.0,100.0,100.0,0,0,0,8,0,4,0,8,1,1,4,0,7,0
Nathan Tilford,57134,HB,ARIZONA,9,9.6,0,109,81.1,23.4,60.0,0,0,7,15.6,15.6,85.7,0,1,1,8,0,0,0,83,7,45,0,0,1,0
Patrick Elima-Jeune,61266,WR,FRESNO ST,4,66.7,0,169,55.5,,59.6,0,0,0,0.0,0.0,,0,0,0,8,0,0,0,12,0,4,0,0,8,0
Dalen Morris,60474,QB,NAVY,2,80.0,0,237,75.2,,60.0,0,0,0,,,,1,0,0,8,0,0,0,10,0,0,0,0,8,0
Jordan Jernigan,99233,WR,OLE MISS,1,88.9,0,226,60.0,,61.5,0,0,0,0.0,0.0,,0,0,0,8,0,0,0,9,0,1,0,0,8,0
Micah Kelly,97099,HB,TOLEDO,2,42.1,0,316,70.1,71.9,58.8,0,0,2,28.6,28.6,100.0,0,0,0,8,0,0,0,19,2,7,0,0,6,0
AJ Mayer,63860,QB,MIAMI OH,2,80.0,0,221,52.5,,60.0,0,0,0,,,,0,0,0,8,0,0,0,10,0,0,0,0,8,0
Devin Jennings,97780,WR,WYOMING,2,100.0,0,351,60.3,,60.1,0,0,0,,,,0,0,0,8,0,0,0,8,0,0,0,0,8,0
Chris Crothers,98724,TE,BALL ST,1,88.9,0,117,48.7,,50.0,0,0,0,0.0,0.0,,0,0,0,8,0,0,0,9,0,1,0,0,8,9
Mon Denson,35843,HB,S CAROLINA,5,11.1,0,289,64.4,57.2,60.0,0,0,4,13.8,16.7,100.0,0,0,0,8,0,0,0,72,5,30,0,0,3,0
Rondarius Gregory,97071,HB,N ILLINOIS,2,42.1,0,254,54.4,72.9,60.0,0,0,1,33.3,33.3,100.0,0,0,0,8,0,0,0,19,1,3,0,0,7,0
AJ Harrison,104219,TE,TOLEDO,2,80.0,0,316,48.5,0.0,56.7,0,1,1,33.3,33.3,50.0,0,1,0,8,0,0,0,10,1,3,0,0,7,3
Terrell Brown,101067,HB,HOUSTON,3,27.6,0,182,48.0,28.1,58.8,0,1,5,38.5,33.3,90.0,0,1,0,8,0,0,0,29,5,15,0,0,3,0
Ruben Garnett,45389,WR,MIDDLE TN,2,24.2,0,224,59.0,63.9,54.3,0,0,1,3.8,3.8,100.0,0,0,0,8,0,0,0,33,1,26,0,0,7,0
Trey Lowe,77669,QB,W VIRGINIA,3,61.5,0,343,64.9,,60.0,0,0,0,0.0,0.0,,0,0,0,8,0,0,0,13,0,2,0,0,8,0
Dorian Maddox,40894,HB,STANFORD,8,12.1,0,300,60.3,20.0,60.0,0,1,6,16.2,16.7,75.0,0,2,1,8,0,0,0,66,7,42,0,0,1,0
Thomas Helten,78058,WR,KANSAS ST,2,87.5,0,199,58.3,,59.6,0,0,0,0.0,0.0,,0,0,0,7,0,0,0,8,0,1,0,0,7,0
C.J. Riley,40684,WR,NC STATE,1,41.2,0,248,54.1,,60.1,0,0,0,0.0,0.0,,0,0,0,7,0,0,0,17,0,10,0,0,7,0
Brennan Gillis,61165,WR,BALL ST,2,100.0,0,117,70.5,,81.8,0,0,0,,,,0,0,0,7,0,0,0,7,0,0,0,0,7,0
Ben Skinner,84152,WR,CAL,3,17.9,0,130,55.9,,61.4,0,0,0,0.0,0.0,,0,0,0,7,0,0,0,39,0,32,0,0,7,2
Luke Sowa,35753,FB,KANSAS ST,1,100.0,0,199,49.7,,47.0,0,0,0,,,,0,0,0,7,0,0,0,7,0,0,0,0,7,0
Ashton Johnson,40596,HB,LA LAFAYET,5,30.4,0,207,73.6,74.0,59.6,0,0,5,55.6,55.6,100.0,0,0,0,7,0,0,0,23,5,9,0,0,2,0
Rhett Rodriguez,60332,QB,ARIZONA,1,87.5,0,109,39.3,,60.0,0,0,0,0.0,0.0,,0,0,0,7,0,0,0,8,0,1,0,0,7,0
Walter Pritchett,44119,FB,TROY,1,100.0,0,318,56.7,,56.0,0,0,0,,,,0,0,0,7,0,0,0,7,0,0,0,0,7,0
Abram Smith,57158,HB,BAYLOR,4,38.9,0,118,66.1,69.7,58.9,0,0,1,25.0,25.0,100.0,0,0,0,7,0,0,0,18,1,4,0,0,6,0
Frank Dalena,40572,WR,FRESNO ST,2,100.0,0,169,60.8,,61.2,0,0,0,,,,0,0,0,7,0,0,0,7,0,0,0,0,7,0
Nic McTear,84042,TE,S DIEGO ST,2,100.0,0,284,44.8,,45.1,0,0,0,,,,0,0,0,7,0,0,0,7,0,0,0,0,7,7
Chase Parrish,60472,WR,NAVY,2,100.0,0,237,68.4,,76.5,0,0,0,,,,0,0,0,7,0,0,0,7,0,0,0,0,7,0
Tyler Carr,56882,TE,TEXAS TECH,3,63.6,0,315,57.7,,60.3,0,0,0,0.0,0.0,,0,0,0,7,0,0,0,11,0,4,0,0,7,10
Brady Latham,99068,T,ARKANSAS,3,100.0,0,111,64.9,0.5,67.7,1,0,1,100.0,100.0,50.0,0,1,0,7,0,3,4,7,1,1,0,0,6,0
Spencer Rattler,97408,QB,OKLAHOMA,3,30.4,0,261,80.6,,60.0,0,0,0,0.0,0.0,,0,0,0,7,0,0,0,23,0,12,0,0,7,0
Sam Kramer,58178,TE,TEMPLE,3,100.0,0,306,58.5,65.1,57.7,0,0,1,100.0,100.0,100.0,0,0,0,7,0,0,0,7,1,1,0,0,6,6
Jerjuan Newton,97308,WR,TOLEDO,1,58.3,0,316,78.1,,59.5,0,0,0,0.0,0.0,,0,0,0,7,0,0,0,12,0,5,0,0,7,0
Enoch Nawahine,97303,HB,UTAH ST,3,18.4,0,329,59.7,64.2,60.0,0,0,5,25.0,28.6,100.0,0,0,0,7,0,0,0,38,6,21,0,0,1,0
Deandre Bowman,40515,WR,GA STATE,1,100.0,0,175,60.8,,61.2,0,0,0,,,,0,0,0,7,0,0,0,7,0,0,0,0,7,0
Cam Kolwich,41348,C,NWESTERN,1,100.0,0,256,59.8,,59.6,0,0,0,,,,0,0,0,7,7,0,0,7,0,0,0,0,7,0
Trevor Wilson,97287,WR,BUFFALO,1,63.6,0,126,42.6,,61.1,0,0,0,0.0,0.0,,0,0,0,7,0,0,0,11,0,4,0,0,7,0
Najeh Baker,97277,WR,TOLEDO,1,77.8,0,316,58.8,,61.3,0,0,0,0.0,0.0,,0,0,0,7,0,0,0,9,0,2,0,0,7,0
Jalin Cooper,78110,WR,TOLEDO,2,41.2,0,316,55.1,,60.1,0,0,0,0.0,0.0,,0,0,0,7,0,0,0,17,0,10,0,0,7,0
Deion Smith,83655,HB,COLORADO,8,12.7,0,143,57.8,16.9,60.0,0,1,6,19.4,19.4,75.0,0,2,1,7,0,0,0,55,6,31,0,0,1,0
Christian Hunter,97202,HB,COLO STATE,6,14.3,0,144,70.9,76.6,59.4,0,0,3,14.3,21.7,100.0,0,0,0,7,0,0,0,49,5,23,0,0,2,0
Kyle Maxwell,98110,WR,LA TECH,1,70.0,0,208,57.6,,60.7,0,0,0,0.0,0.0,,0,0,0,7,0,0,0,10,0,3,0,0,7,0
KeShawn Toney,99179,TE,S CAROLINA,2,87.5,0,289,59.9,,58.9,0,0,0,0.0,0.0,,0,0,0,7,0,0,0,8,0,1,0,0,7,8
Malik Jackson,101675,TE,MARYLAND,1,100.0,0,215,68.4,,66.8,0,0,0,,,,0,0,0,7,0,0,0,7,0,0,0,0,7,7
Josiah Norwood,83575,WR,UCLA,2,70.0,0,324,56.7,,61.3,0,0,0,0.0,0.0,,0,0,0,7,0,0,0,10,0,3,0,0,7,0
Roger Neal,58029,HB,NEVADA,6,22.6,0,239,60.9,77.3,60.3,0,0,2,13.3,12.5,100.0,0,0,0,7,0,0,0,31,2,16,0,0,5,0
Shaun Peterson Jr.,83662,HB,FIU,5,43.8,0,166,77.2,60.5,58.2,0,0,1,50.0,50.0,100.0,0,0,0,7,0,0,0,16,1,2,0,0,6,0
Isaiah Williams,97156,QB,ILLINOIS,4,23.3,0,187,42.2,,62.3,0,0,0,0.0,0.0,,0,0,0,7,0,0,0,30,0,18,0,0,7,0
Pat Garwo III,97120,HB,BOSTON COL,3,17.5,0,121,66.1,76.5,59.4,0,0,3,16.7,16.7,100.0,0,0,0,7,0,0,0,40,3,18,0,0,4,0
Andrew Zuckerman,40084,WR,TULANE,2,87.5,0,319,55.7,,60.0,0,0,0,,,,0,0,0,7,0,0,0,8,0,0,0,0,7,0
Alex Netherda,45160,HB,CAL,6,24.1,0,130,55.5,51.0,60.0,0,0,6,27.3,25.0,100.0,0,0,0,7,0,0,0,29,6,24,0,0,1,0
Rowan Godwin,41173,G,VANDERBILT,2,100.0,0,333,59.2,77.0,57.7,0,0,3,100.0,100.0,100.0,0,0,0,7,0,5,0,7,3,3,2,0,4,0
Thomas Gordon,98430,TE,NWESTERN,2,100.0,0,256,49.8,,50.3,0,0,0,,,,0,0,0,7,0,0,0,7,0,0,0,0,7,7
Darran Williams,98691,HB,UNLV,6,12.5,0,325,61.8,22.1,59.2,0,0,3,11.1,11.1,100.0,0,0,0,7,0,0,0,56,3,27,0,0,4,0
Jordan Waters,97754,HB,DUKE,3,70.0,0,154,57.2,0.0,57.7,0,0,1,50.0,50.0,0.0,0,1,1,7,0,0,0,10,1,2,0,0,6,0
Patrick McClure,90866,QB,CLEMSON,3,70.0,0,140,65.0,,60.0,0,0,0,,,,0,0,0,7,0,0,0,10,0,0,0,0,7,0
Jeremy James,98423,T,OLE MISS,1,100.0,0,226,66.3,66.1,66.1,0,0,1,100.0,100.0,100.0,0,0,0,7,0,0,0,7,1,1,0,7,6,0
Richie Worship,45744,FB,PURDUE,1,70.0,0,273,54.5,,53.7,0,0,0,0.0,0.0,,0,0,0,7,0,0,0,10,0,2,0,0,7,0
Alex Morgan,66280,TE,TOLEDO,3,50.0,0,316,49.1,67.3,45.5,0,0,1,12.5,12.5,100.0,0,0,0,7,0,0,0,14,1,8,0,0,6,3
Marcus Major Jr.,99488,HB,OKLAHOMA,3,28.0,0,261,61.5,67.5,59.8,0,0,1,12.5,12.5,100.0,0,0,0,7,0,0,0,25,1,8,0,0,6,0
TaMerik Williams,77741,HB,SMU,4,36.8,0,287,37.5,,48.8,0,0,0,0.0,0.0,,0,0,0,7,0,0,0,19,0,2,0,0,7,0
Derrick Malone,39943,TE,OHIO STATE,4,87.5,0,260,68.0,,68.3,0,0,0,0.0,0.0,,0,0,0,7,0,0,0,8,0,1,0,0,7,8
Dylan Ratliff,84522,QB,CHARLOTTE,1,87.5,0,136,69.5,,60.0,0,0,0,,,,0,0,0,7,0,0,0,8,0,0,0,0,7,0
Keenan Garber,99550,WR,KANSAS ST,1,100.0,0,199,59.8,,59.2,0,0,0,,,,0,0,0,7,0,0,0,7,0,0,0,0,7,0
Jeff Foreman,97868,WR,ARK STATE,4,38.9,0,113,47.5,,60.1,0,0,0,0.0,0.0,,0,0,0,7,0,0,0,18,0,11,0,0,7,0
Alama Uluave,81814,G,S DIEGO ST,2,100.0,0,284,61.2,,60.8,0,0,0,,,,0,0,0,7,0,0,0,7,0,0,6,0,7,0
Chris Sharp,49026,HB,VIRGINIA,6,29.2,0,335,57.2,,49.9,0,0,0,0.0,0.0,,1,0,0,7,0,0,0,24,0,17,0,0,7,0
Yusuf Terry,99564,WR,BAYLOR,2,77.8,0,118,58.5,,61.4,0,0,0,0.0,0.0,,0,0,0,7,0,0,0,9,0,2,0,0,7,0
Devon Williams,84469,WR,USC,1,70.0,0,326,72.3,,60.2,0,0,0,0.0,0.0,,0,0,0,7,0,0,0,10,0,3,0,0,7,0
Zack Hazlett,43410,WR,MIAMI OH,3,100.0,0,221,60.8,,61.3,0,0,0,,,,0,0,0,7,0,0,0,7,0,0,0,0,7,0
Karmi Mackey,77794,HB,E MICHIGAN,3,46.7,0,160,55.2,,69.1,0,0,0,0.0,0.0,,1,0,0,7,0,0,0,15,0,5,0,0,7,0
John Lager,102913,FB,NOTRE DAME,3,100.0,0,258,67.0,,71.2,0,0,0,,,,0,0,0,7,0,0,0,7,0,0,0,0,7,1
Colton Maxwell,61595,WR,PENN STATE,1,100.0,0,266,60.9,,61.4,0,0,0,,,,0,0,0,7,0,0,0,7,0,0,0,0,7,0
Kody Crider,61488,TE,NAVY,2,100.0,0,237,58.4,,57.2,0,0,0,,,,0,0,0,7,0,0,0,7,0,0,0,1,7,3
Lenard Leviston,104198,HB,AIR FORCE,2,87.5,0,101,71.7,,58.8,0,0,0,,,,0,0,0,7,0,0,0,8,0,0,0,0,7,2
Turner Pallissard,82521,FB,IOWA,3,77.8,0,192,53.2,68.3,54.5,0,0,1,50.0,50.0,100.0,0,0,0,7,0,0,0,9,1,2,0,0,6,0
Kris Campbell,101270,G,AIR FORCE,2,100.0,0,101,59.6,,59.3,0,0,0,,,,0,0,0,7,0,7,0,7,0,0,0,0,7,0
Jerome Ford,83601,HB,ALABAMA,4,15.9,0,103,72.0,79.6,60.0,0,0,6,33.3,31.6,100.0,0,0,0,7,0,0,0,44,6,19,0,0,1,0
Griffin McDowell,81633,G,FLORIDA,1,100.0,0,163,57.5,69.8,56.8,0,0,2,100.0,100.0,100.0,0,0,0,7,0,7,0,7,2,2,0,0,5,0
Wil Appleton,82089,QB,AUBURN,1,63.6,0,115,75.3,,60.0,0,0,0,0.0,0.0,,0,0,0,7,0,0,0,11,0,2,0,0,7,0
MJ Jarrell,61415,WR,MARYLAND,1,100.0,0,215,60.4,,60.4,0,0,0,,,,0,0,0,7,0,0,0,7,0,0,0,0,7,0
Payne He'Bert,81773,T,NWESTERN,1,100.0,0,256,66.9,,66.5,0,0,0,,,,0,0,0,7,0,0,7,7,0,0,0,0,7,0
Roderic Burns,84334,WR,N TEXAS,3,50.0,0,251,76.0,,60.3,0,0,0,0.0,0.0,,0,0,0,7,0,0,0,14,0,7,0,0,7,0
Parker Ogle,75835,C,UMASS,1,100.0,0,216,52.5,8.0,60.0,0,0,6,100.0,100.0,100.0,0,0,0,7,7,0,0,7,6,6,0,0,1,0
Colby Raphiel,101158,S,AIR FORCE,1,87.5,0,101,54.5,,58.0,0,0,0,,,,0,0,0,7,0,0,0,8,0,0,0,0,7,3
John Tank Miller Jr.,83758,HB,S ALABAMA,5,25.9,0,288,70.2,70.0,55.6,0,0,1,11.1,11.1,100.0,0,0,0,7,0,0,0,27,1,9,0,0,6,0
Dhailon Phillips,101137,WR,TULSA,2,77.8,0,320,57.4,,60.8,0,0,0,0.0,0.0,,0,0,0,7,0,0,0,9,0,2,0,0,7,0
Zac Larrier,104193,QB,AIR FORCE,1,77.8,0,101,57.6,,60.0,0,0,0,,,,0,0,0,7,0,0,0,9,0,0,0,0,7,0
Kurtis Rourke,97998,QB,OHIO,1,70.0,0,259,87.1,,60.0,0,0,0,,,,0,0,0,7,0,0,0,10,0,0,0,0,7,0
Martell Irby,83784,HB,UCLA,5,14.6,0,324,65.3,75.0,60.0,0,0,1,3.1,8.8,100.0,0,0,0,7,0,0,0,48,3,34,0,0,4,1
Javaughn Williams,78159,WR,KENT STATE,3,77.8,0,201,60.4,,61.1,0,0,0,0.0,0.0,,0,0,0,7,0,0,0,9,0,2,0,0,7,0
Jemel Jones,102863,QB,ARMY,2,30.4,0,114,65.3,,60.0,0,0,0,0.0,0.0,,0,0,0,7,0,0,0,23,0,6,0,0,7,0
Taylor Fondal,40730,G,LA TECH,2,100.0,0,208,58.2,74.2,57.2,0,0,3,100.0,100.0,100.0,0,0,0,7,0,5,0,7,3,3,2,0,4,0
Gage Blackston,58482,G,APP STATE,2,100.0,0,108,57.6,,57.4,0,0,0,,,,0,0,0,7,0,6,0,7,0,0,1,0,7,0
Jesse Meyler,40726,G,NWESTERN,1,100.0,0,256,58.6,,58.4,0,0,0,,,,0,0,0,7,0,0,0,7,0,0,7,0,7,0
Scott Morgan,36889,C,GA TECH,2,100.0,0,176,41.8,8.6,44.1,0,1,3,100.0,100.0,83.3,0,1,0,7,6,0,0,7,3,3,0,1,4,0
Cecil Powell,99735,CB,NC STATE,4,25.9,0,248,65.7,,60.1,0,0,0,0.0,0.0,,0,0,0,7,0,0,0,27,0,20,0,0,7,0
Bijan Hosseini,60196,G,UTEP,1,100.0,0,330,57.6,40.2,,0,1,7,100.0,100.0,92.9,0,1,0,7,0,0,0,7,7,7,7,0,0,0
Andrew Bunch,60476,QB,NEBRASKA,2,38.9,0,238,39.4,,60.0,0,0,0,0.0,0.0,,0,0,0,7,0,0,0,18,0,9,0,0,7,0
Clayton Witherspoon,55243,TE,MINNESOTA,1,100.0,0,225,77.2,68.7,75.1,0,0,1,100.0,100.0,100.0,0,0,0,7,0,0,0,7,1,1,0,0,6,7
Chris'Seon Stringer,100213,WR,TOLEDO,3,58.3,0,316,44.5,,60.7,0,0,0,0.0,0.0,,0,0,0,7,0,0,0,12,0,5,0,0,7,0
Nick Quigley,99626,WR,N CAROLINA,1,100.0,0,245,60.5,,60.5,0,0,0,,,,0,0,0,6,0,0,0,6,0,0,0,0,6,0
Fabian McCray,97862,WR,N ILLINOIS,1,100.0,0,254,69.2,,78.0,0,0,0,,,,0,0,0,6,0,0,0,6,0,0,0,0,6,0
Bryan Gagg,97991,QB,E CAROLINA,1,75.0,0,156,80.2,,60.0,0,0,0,0.0,0.0,,0,0,0,6,0,0,0,8,0,1,0,0,6,0
Jacob Fryrear,41716,C,TEXAS ST,1,100.0,0,314,56.0,16.6,60.0,0,0,5,100.0,100.0,100.0,0,0,0,6,6,0,0,6,5,5,0,0,1,0
Lindell Stone,62774,QB,VIRGINIA,2,54.5,0,335,52.6,,60.0,0,0,0,0.0,0.0,,0,0,0,6,0,0,0,11,0,2,0,0,6,0
Hunter Jones,98076,G,RICE,4,100.0,0,275,62.8,,62.7,0,0,0,,,,0,0,0,6,0,1,0,6,0,0,2,0,6,0
Brandon Wright,101650,HB,MICH STATE,6,23.1,0,223,65.1,73.2,58.8,0,0,2,50.0,50.0,100.0,0,0,0,6,0,0,0,26,2,4,0,0,4,0
Ryland Goede,98501,TE,GEORGIA,2,66.7,0,173,71.3,65.2,80.3,0,0,1,25.0,25.0,100.0,0,0,0,6,0,0,0,9,1,4,0,0,5,7
Kyle Helbig,98112,TE,COLO STATE,4,54.5,0,144,70.1,,78.3,0,0,0,0.0,0.0,,0,0,0,6,0,0,0,11,0,5,0,0,6,10
Alex Brown,98213,WR,WYOMING,2,54.5,0,351,56.2,,60.2,0,0,0,0.0,0.0,,0,0,0,6,0,0,0,11,0,5,0,0,6,0
Renato Brown,98232,T,LOUISVILLE,1,100.0,0,210,76.7,65.7,78.1,0,0,1,100.0,100.0,100.0,0,0,0,6,0,0,0,6,1,1,0,6,5,0
Darfnell Gouin,78203,WR,OHIO,1,85.7,0,259,59.3,,61.0,0,0,0,0.0,0.0,,0,0,0,6,0,0,0,7,0,1,0,0,6,0
Jake Jones,41902,C,FAU,1,100.0,0,165,59.0,,58.9,0,0,0,,,,0,0,0,6,6,0,0,6,0,0,0,0,6,0
Kyle Ford,71304,WR,USC,2,50.0,0,326,75.6,,58.1,0,0,0,0.0,0.0,,0,0,0,6,0,0,0,12,0,6,0,0,6,0
Ryan Booth,104208,T,AIR FORCE,1,100.0,0,101,59.6,,59.3,0,0,0,,,,0,0,0,6,1,0,0,6,0,0,0,5,6,0
Nick DeJong,101590,T,IOWA,1,100.0,0,192,57.8,,57.4,0,0,0,,,,0,0,0,6,0,0,0,6,0,0,0,6,6,0
Brayden Liebrock,70983,TE,TEXAS,3,50.0,0,311,54.9,,58.5,0,0,0,0.0,0.0,,0,0,0,6,0,0,0,12,0,6,0,0,6,7
Donald Stewart,42035,WR,STANFORD,5,30.0,0,300,60.4,,59.8,0,0,0,0.0,0.0,,0,0,0,6,0,0,0,20,0,14,0,0,6,0
Brett Seither,98371,TE,GEORGIA,2,100.0,0,173,60.7,,60.7,0,0,0,,,,0,0,0,6,0,0,0,6,0,0,0,0,6,3
Reece McIntyre,98383,T,OLE MISS,1,100.0,0,226,51.6,,51.1,0,0,0,,,,0,0,0,6,0,0,0,6,0,0,0,6,6,0
Sal Wormley,101559,G,PENN STATE,1,100.0,0,266,73.3,,72.7,0,0,0,,,,0,0,0,6,0,0,0,6,0,0,6,0,6,0
Davis Shanley,60604,QB,W KENTUCKY,1,85.7,0,346,70.5,,60.0,0,0,0,,,,0,0,0,6,0,0,0,7,0,0,0,0,6,0
Hakeem White,77492,G,TEXAS TECH,2,100.0,0,315,67.7,71.3,67.0,0,0,1,100.0,100.0,100.0,0,0,0,6,0,0,0,6,1,1,6,0,5,0
Brody Belt,83717,HB,NEBRASKA,2,37.5,0,238,72.5,,59.9,0,0,0,0.0,0.0,,0,0,0,6,0,0,0,16,0,5,0,0,6,0
Courtney Reese,101297,HB,UNLV,4,13.6,0,325,55.3,73.3,60.0,0,0,3,10.3,10.3,100.0,0,0,0,6,0,0,0,44,3,29,0,0,3,0
Jake McKenzie,58520,T,BALL ST,1,100.0,0,117,60.8,65.9,60.4,0,0,1,100.0,100.0,100.0,0,0,0,6,0,0,0,6,1,1,0,6,5,0
Marco Machado,101251,G,WYOMING,1,100.0,0,351,59.2,,59.0,0,0,0,,,,0,0,0,6,0,6,0,6,0,0,0,0,6,0
Jacob Kirkendoll,60946,TE,MARSHALL,1,100.0,0,214,57.3,,57.2,0,0,0,,,,0,0,0,6,0,0,0,6,0,0,0,0,6,6
Tyree Jackson,57449,HB,UNLV,4,17.1,0,325,50.8,75.2,35.2,0,0,3,12.0,11.5,100.0,1,0,0,6,0,0,0,35,3,26,0,0,3,0
Deshaun Fenwick,83759,HB,S CAROLINA,2,14.6,0,289,75.4,,57.9,0,0,0,0.0,0.0,,0,0,0,6,0,0,0,41,0,13,0,0,6,0
Jennings Stanley,58497,C,ARK STATE,2,100.0,0,113,56.0,73.4,55.0,0,0,2,100.0,100.0,100.0,0,0,0,6,6,0,0,6,3,3,0,0,3,0
Jamel Thomas,102935,WR,S ALABAMA,1,75.0,0,288,61.0,,61.1,0,0,0,0.0,0.0,,0,0,0,6,0,0,0,8,0,2,0,0,6,0
Brock Davin,60996,TE,OHIO STATE,4,100.0,0,260,51.7,,52.5,0,0,0,,,,0,0,0,6,0,0,0,6,0,0,0,0,6,6
Keion White,60998,ED,DOMINION,4,100.0,1,263,85.9,,81.0,0,0,0,,,,10,0,0,6,0,0,0,6,0,0,0,0,6,5
Isaiah Woullard,57305,HB,OLE MISS,3,31.6,0,226,65.1,73.0,59.9,0,0,2,40.0,40.0,100.0,0,0,0,6,0,0,0,19,2,5,0,0,4,0
Michael Parker,83923,TE,ALABAMA,1,100.0,0,103,67.7,,66.3,0,0,0,,,,0,0,0,6,0,0,0,6,0,0,0,0,6,6
Jakyle Holmes,57274,HB,LA MONROE,2,37.5,0,209,54.2,74.9,58.8,0,0,4,50.0,50.0,100.0,0,0,0,6,0,0,0,16,4,8,0,0,2,0
TJ Green,34643,QB,NWESTERN,1,31.6,0,256,47.8,,60.0,0,0,0,0.0,0.0,,0,0,0,6,0,0,0,19,0,13,0,0,6,0
Dom Williams,57256,HB,KANSAS,4,17.1,0,198,72.0,73.9,59.9,0,0,3,23.1,23.1,100.0,0,0,0,6,0,0,0,35,3,13,0,0,3,0
Marcelo Mendiola,101017,T,CINCINNATI,1,100.0,0,138,58.4,71.9,56.9,0,0,1,100.0,100.0,100.0,0,0,0,6,0,0,6,6,1,1,0,0,5,0
Austin Beier,81730,G,MINNESOTA,1,100.0,0,225,64.9,72.0,64.2,0,0,1,100.0,100.0,100.0,0,0,0,6,0,0,0,6,1,1,6,0,5,0
Mustapha Muhammad,84004,TE,MICHIGAN,1,85.7,0,222,65.7,,66.6,0,0,0,0.0,0.0,,0,0,0,6,0,0,0,7,0,1,0,0,6,7
Isaiah Smalls,84035,TE,OREGON ST,1,42.9,0,265,42.9,64.4,59.4,0,0,1,12.5,11.1,100.0,0,0,0,6,0,0,0,14,1,9,0,0,5,4
Chad Hickson,59946,C,N TEXAS,1,100.0,0,251,61.0,,61.1,0,0,0,,,,0,0,0,6,6,0,0,6,0,0,0,0,6,0
Nick Picozzi,77893,TE,TEMPLE,2,100.0,0,306,58.8,71.6,55.7,0,0,2,100.0,100.0,100.0,0,0,0,6,0,0,0,6,2,2,0,0,4,4
Doug Johnson Jr.,81993,T,FAU,1,100.0,0,165,74.6,,75.3,0,0,0,,,,0,0,0,6,0,0,0,6,0,0,0,6,6,0
David Priebe,84067,TE,UCLA,2,75.0,0,324,57.4,,59.1,0,0,0,0.0,0.0,,0,0,0,6,0,0,0,8,0,2,0,0,6,6
Keilan Knight,56234,TE,UAB,3,100.0,0,321,49.4,,46.1,0,0,0,,,,0,0,0,6,0,0,0,6,0,0,0,0,6,4
Desmond Bessent,60051,T,S DIEGO ST,1,100.0,0,284,59.3,,58.6,0,0,0,,,,0,0,0,6,0,0,0,6,0,0,0,6,6,0
Billy Bowens,84144,WR,BOISE ST,1,75.0,0,120,65.2,,81.7,0,0,0,0.0,0.0,,0,0,0,6,0,0,0,8,0,2,0,0,6,0
Brian Driscoll,100534,G,CAL,1,100.0,0,130,55.3,8.8,59.8,0,0,4,100.0,100.0,100.0,0,0,0,6,0,0,0,6,4,4,6,0,2,0
Erik Brooks,84187,WR,FRESNO ST,6,31.6,0,169,54.1,,60.9,0,0,0,0.0,0.0,,0,0,0,6,0,0,0,19,0,13,0,0,6,0
Jackson Tyner,36073,QB,TEXAS TECH,3,40.0,0,315,28.2,,60.0,0,0,0,0.0,0.0,,0,0,0,6,0,0,0,15,0,8,0,0,6,0
Cleveland Reed Jr.,77379,G,MIAMI FL,1,100.0,0,220,52.9,67.3,52.6,0,0,1,100.0,100.0,100.0,0,0,0,6,0,0,0,6,1,1,6,0,5,0
Jakobi Buchanan,102884,HB,ARMY,3,24.0,0,114,66.3,,70.7,0,0,0,,,,0,0,0,6,0,0,0,25,0,0,0,0,6,0
Steve Linton,99849,ED,SYRACUSE,2,100.0,0,304,64.4,66.1,63.0,0,0,1,100.0,100.0,100.0,0,0,0,6,0,0,0,6,1,1,0,0,5,6
Damean Bivins,102876,HB,S ALABAMA,3,60.0,0,288,60.5,70.3,66.4,0,0,1,50.0,50.0,100.0,0,0,0,6,0,0,0,10,1,2,0,0,5,0
Dorien Goddard,99698,WR,VIRGINIA,3,100.0,0,335,60.7,,61.1,0,0,0,,,,0,0,0,6,0,0,0,6,0,0,0,0,6,0
Christian Armstrong,77326,G,FLORIDA ST,1,100.0,0,167,48.1,0.0,60.0,0,0,5,100.0,100.0,80.0,0,1,1,6,0,6,0,6,5,5,0,0,1,0
Jordan Thomas,61388,WR,LOUISVILLE,2,85.7,0,210,59.4,,61.0,0,0,0,0.0,0.0,,0,0,0,6,0,0,0,7,0,1,0,0,6,0
Frank Fillip,81624,T,COLORADO,2,100.0,0,143,59.2,74.1,57.7,0,0,1,100.0,100.0,100.0,0,0,0,6,0,0,6,6,1,1,0,0,5,0
Greg Mailey,84351,WR,NOTRE DAME,1,100.0,0,258,59.2,,58.0,0,0,0,,,,0,0,0,6,0,0,0,6,0,0,0,0,6,0
Calvin Tyler Jr.,52133,HB,OREGON ST,2,18.8,0,265,66.8,34.0,,0,1,6,35.3,33.3,91.7,0,1,0,6,0,0,0,32,6,18,0,0,0,0
Kendrick Sartor,59825,T,MARSHALL,1,100.0,0,214,61.8,,61.7,0,0,0,,,,0,0,0,6,0,0,0,6,0,0,0,6,6,0
Landon Burton,102820,C,LA LAFAYET,1,100.0,0,207,60.6,70.0,60.0,0,0,2,100.0,100.0,100.0,0,0,0,6,6,0,0,6,2,2,0,0,4,0
Tyger Goslin,77634,QB,NAVY,1,60.0,0,237,27.1,,60.0,0,0,0,,,,0,0,0,6,0,0,0,10,0,0,0,0,6,0
Alexander Strozier,99661,G,FLORIDA ST,2,100.0,0,167,67.6,72.6,63.8,0,0,4,100.0,100.0,100.0,0,0,0,6,0,6,0,6,4,4,0,0,2,0
Jadon Walker,52029,WR,COLO STATE,3,42.9,0,144,47.8,,61.1,0,0,0,0.0,0.0,,0,0,0,6,0,0,0,14,0,8,0,0,6,0
Silas Robinson,81562,G,ARKANSAS,1,100.0,0,111,62.5,79.6,,0,0,6,100.0,100.0,100.0,0,0,0,6,0,6,0,6,6,6,0,0,0,0
Demontrez Brown,84455,WR,TROY,1,26.1,0,318,48.3,,60.8,0,0,0,0.0,0.0,,1,0,0,6,0,0,0,23,0,17,0,0,6,0
Trey Tinsley,39874,QB,WASH STATE,3,46.2,0,341,76.2,,60.0,0,0,0,0.0,0.0,,0,0,0,6,0,0,0,13,0,6,0,0,6,0
Matt Dorrity,61630,WR,SMU,2,100.0,0,287,60.8,,60.9,0,0,0,,,,0,0,0,6,0,0,0,6,0,0,0,0,6,0
Russell Thompson-Bishop,61696,WR,SYRACUSE,2,85.7,0,304,58.6,,60.5,0,0,0,0.0,0.0,,0,0,0,6,0,0,0,7,0,1,0,0,6,0
Brandon Ford,45299,G,PITTSBURGH,1,100.0,0,268,59.0,77.6,57.8,0,0,3,100.0,100.0,100.0,0,0,0,6,0,6,0,6,3,3,0,0,3,0
Chris Herron,99472,WR,KANSAS ST,3,40.0,0,199,45.9,,61.1,0,0,0,0.0,0.0,,0,0,0,6,0,0,0,15,0,8,0,0,6,0
Hunter Vaughn,40015,T,COLORADO,1,100.0,0,143,68.9,71.2,69.4,0,0,2,100.0,100.0,100.0,0,0,0,6,0,0,6,6,2,2,0,0,4,0
Anthony Gould,97078,WR,OREGON ST,4,46.2,0,265,55.1,,61.1,0,0,0,0.0,0.0,,0,0,0,6,0,0,0,13,0,7,0,0,6,0
Ben Batson,77631,QB,CLEMSON,3,54.5,0,140,79.2,,60.0,0,0,0,0.0,0.0,,0,0,0,6,0,0,0,11,0,1,0,0,6,0
Kyren Williams,97118,HB,NOTRE DAME,2,40.0,0,258,62.6,67.7,59.7,0,0,1,16.7,16.7,100.0,0,0,0,6,0,0,0,15,1,6,0,0,5,0
Markevion Quinn,77694,QB,MEMPHIS,2,50.0,0,218,49.8,,60.0,0,0,0,,,,0,0,0,6,0,0,0,12,0,0,0,0,6,0
Michael Shuster,40281,QB,PENN STATE,1,85.7,0,266,54.3,,60.0,0,0,0,,,,0,0,0,6,0,0,0,7,0,0,0,0,6,0
Kenny Frazier,97175,WR,TEXAS ST,4,27.3,0,314,65.9,,60.4,0,0,0,0.0,0.0,,0,0,0,6,0,0,0,22,0,16,0,0,6,0
Neru N'Shaka,40282,WR,TOLEDO,3,40.0,0,316,54.5,,60.3,0,0,0,0.0,0.0,,0,0,0,6,0,0,0,15,0,9,0,0,6,0
Casey Kelly,99191,TE,OLE MISS,1,100.0,0,226,47.9,,48.2,0,0,0,,,,0,0,0,6,0,0,0,6,0,0,0,0,6,6
Ulysses Bentley IV,97200,HB,SMU,4,28.6,0,287,50.5,38.7,58.8,0,1,2,22.2,22.2,75.0,0,1,0,6,0,0,0,21,2,9,0,0,4,0
Nathan Priestley,99131,QB,GEORGIA,2,66.7,0,173,58.2,,60.0,0,0,0,0.0,0.0,,0,0,0,6,0,0,0,9,0,2,0,0,6,0
Realus George Jr.,77029,FB,MIAMI FL,3,85.7,0,220,56.8,,55.3,0,0,0,0.0,0.0,,0,0,0,6,0,0,0,7,0,1,0,0,6,0
Eli Cox,99099,G,KENTUCKY,1,100.0,0,202,67.5,66.7,66.8,0,0,1,100.0,100.0,100.0,0,0,0,6,0,0,0,6,1,1,6,0,5,0
Dante Black,77746,HB,UCONN,6,18.8,0,146,63.5,75.6,60.0,0,0,3,18.8,18.8,100.0,0,0,0,6,0,0,0,32,3,16,0,0,3,0
Jirehl Brock,97291,HB,IOWA STATE,3,33.3,0,193,53.6,74.7,76.5,0,0,2,50.0,50.0,100.0,0,0,0,6,0,0,0,18,3,6,0,0,3,0
M.J. McGriff,40541,WR,AKRON,6,40.0,0,102,45.5,,60.2,0,0,0,0.0,0.0,,0,0,0,6,0,0,0,15,0,9,0,0,6,0
Ryan Davis,97321,WR,UAB,3,60.0,0,321,56.3,,59.4,0,0,0,0.0,0.0,,0,0,0,6,0,0,0,10,0,4,0,0,6,0
Mufi Hill-Hunt,44405,TE,UTAH,1,100.0,0,328,42.5,,44.9,0,0,0,,,,0,0,0,6,0,0,0,6,0,0,0,0,6,6
B.J. Smith,40545,HB,TROY,2,14.6,0,318,59.9,13.7,59.1,0,1,3,11.5,14.3,50.0,0,2,1,6,0,0,0,41,4,28,0,0,2,0
Steven Shoemaker,78036,WR,BUFFALO,1,100.0,0,126,60.4,,60.3,0,0,0,,,,0,0,0,6,0,0,0,6,0,0,0,0,6,0
Noah Juergensen,44211,G,IOWA STATE,1,100.0,0,193,59.0,,58.8,0,0,0,,,,0,0,0,6,0,6,0,6,0,0,0,0,6,0
Chris Taylor-Yamanoha,40583,WR,LOUISVILLE,2,85.7,0,210,58.8,,60.4,0,0,0,0.0,0.0,,0,0,0,6,0,0,0,7,0,1,0,0,6,0
Jonathan Hess,81314,TE,OLE MISS,1,85.7,0,226,59.9,,60.1,0,0,0,0.0,0.0,,0,0,0,6,0,0,0,7,0,1,0,0,6,7
Kevaris Thomas,83593,QB,W KENTUCKY,1,85.7,0,346,62.2,,60.0,0,0,0,0.0,0.0,,0,0,0,6,0,0,0,7,0,1,0,0,6,0
Marcus Crowley,97626,HB,OHIO STATE,7,16.7,0,260,90.9,73.9,60.0,0,0,2,28.6,28.6,100.0,0,0,0,6,0,0,0,36,2,7,0,0,4,0
Tre Johnson,98697,T,SO MISS,2,100.0,0,296,44.9,,43.6,0,0,0,,,,0,0,0,6,0,0,0,6,0,0,0,6,6,0
Torry Locklin,97792,HB,KANSAS,3,50.0,0,198,56.7,,59.1,0,0,0,0.0,0.0,,0,0,0,6,0,0,0,12,0,3,0,0,6,0
DeAndre' Delaney,45211,HB,WAKE,3,19.2,0,339,61.2,71.5,59.1,0,0,1,33.3,33.3,100.0,0,0,0,5,0,0,0,26,1,3,0,0,4,0
Luke Miller,83922,TE,AIR FORCE,2,100.0,0,101,68.5,,74.7,0,0,0,,,,0,0,0,5,0,0,0,5,0,0,0,0,5,2
Cam Gardner,71385,WR,UTAH,3,100.0,0,328,60.4,,60.6,0,0,0,,,,0,0,0,5,0,0,0,5,0,0,0,0,5,0
Cole Kramer,101627,QB,MINNESOTA,3,62.5,0,225,55.9,,60.0,0,0,0,0.0,0.0,,0,0,0,5,0,0,0,8,0,2,0,0,5,0
Daniel Gothard,41845,G,GEORGIA,2,100.0,0,173,67.6,,67.6,0,0,0,,,,0,0,0,5,0,0,0,5,0,0,4,1,5,0
Cole Ramseyer,83942,TE,BOISE ST,1,100.0,0,120,52.6,,49.2,0,0,0,,,,0,0,0,5,0,0,0,5,0,0,0,0,5,5
Hunter Crowe,77875,TE,LOUISVILLE,1,100.0,0,210,60.5,63.3,60.1,0,0,1,100.0,100.0,100.0,0,0,0,5,0,0,0,5,1,1,0,0,4,5
Kaleb Carter,84262,WR,LA LAFAYET,2,62.5,0,207,73.9,,60.8,0,0,0,0.0,0.0,,0,0,0,5,0,0,0,8,0,3,0,0,5,0
Shaka Heyward,77120,LB,DUKE,4,100.0,0,154,60.0,70.3,60.0,0,0,1,100.0,100.0,100.0,0,0,0,5,0,0,0,5,2,2,0,0,3,0
Jacquez Jones,62983,WR,TENNESSEE,3,29.4,0,307,57.8,,60.9,0,0,0,0.0,0.0,,0,0,0,5,0,0,0,17,0,11,0,0,5,0
Benjamin Mercer,101272,G,AIR FORCE,1,100.0,0,101,72.8,,72.3,0,0,0,,,,0,0,0,5,0,0,0,5,0,0,5,0,5,0
Da'ron Williams,84263,WR,LA LAFAYET,1,50.0,0,207,54.7,,60.5,0,0,0,0.0,0.0,,0,0,0,5,0,0,0,10,0,5,0,0,5,0
Justin Lockhart,74298,WR,NEVADA,5,11.6,0,239,55.7,,39.5,0,0,0,0.0,0.0,,0,0,0,5,0,0,0,43,0,38,0,0,5,0
Isaiah Montgomery,99202,WR,TENNESSEE,2,41.7,0,307,55.1,,60.1,0,0,0,0.0,0.0,,0,0,0,5,0,0,0,12,0,7,0,0,5,1
Kyle Dobbins,77731,HB,TEMPLE,1,62.5,0,306,64.1,72.3,59.6,0,0,3,75.0,75.0,100.0,0,0,0,5,0,0,0,8,3,4,0,0,2,0
Tario Fuller,33849,HB,PURDUE,3,20.0,0,273,50.6,76.5,60.0,0,0,3,30.0,27.3,100.0,0,0,0,5,0,0,0,25,3,11,0,0,2,0
Kory Taylor,84381,WR,PURDUE,2,38.5,0,273,55.5,,60.3,0,0,0,0.0,0.0,,0,0,0,5,0,0,0,13,0,8,0,0,5,0
Jacob Clark,101628,QB,MINNESOTA,1,83.3,0,225,90.2,,60.0,0,0,0,0.0,0.0,,0,0,0,5,0,0,0,6,0,1,0,0,5,0
Jesse Hanson,99672,G,VA TECH,2,100.0,0,337,57.2,,57.0,0,0,0,,,,0,0,0,5,0,5,0,5,0,0,0,0,5,0
Craig Elmore,77783,HB,KENT STATE,5,22.7,0,201,64.3,75.2,60.0,0,0,2,33.3,42.9,100.0,0,0,0,5,0,0,0,22,3,7,0,0,2,0
Will Register,61015,TE,S CAROLINA,2,100.0,0,289,78.2,,76.9,0,0,0,,,,0,0,0,5,0,0,0,5,0,0,0,0,5,4
Iverson Clement,83658,HB,FLORIDA,3,45.5,0,163,76.6,73.9,59.0,0,0,2,50.0,40.0,100.0,0,0,0,5,0,0,0,11,2,5,0,0,3,0
Raymond Pauwels Jr.,101331,TE,FRESNO ST,2,83.3,0,169,57.5,,60.2,0,0,0,0.0,0.0,,0,0,0,5,0,1,0,6,0,1,0,0,5,5
T.J. Jones,101706,WR,PENN STATE,1,100.0,0,266,60.4,,60.5,0,0,0,,,,0,0,0,5,0,0,0,5,0,0,0,0,5,0
Clifton McDowell,98003,QB,LA LAFAYET,1,83.3,0,207,61.8,,60.0,0,0,0,0.0,0.0,,0,0,0,5,0,0,0,6,0,1,0,0,5,0
Javier Carbonell,36769,DI,ARK STATE,4,100.0,0,113,57.3,,56.4,0,0,0,,,,1,0,0,5,0,0,0,5,0,0,0,0,5,0
Mekel Ealy,98094,WR,HAWAII,2,41.7,0,180,67.9,,60.6,0,0,0,0.0,0.0,,0,0,0,5,0,0,0,12,0,7,0,0,5,0
Myller Royals,78147,WR,TEXAS TECH,2,35.7,0,315,64.0,,60.8,0,0,0,0.0,0.0,,0,0,0,5,0,0,0,14,0,9,0,0,5,0
John Dunmore,101705,WR,PENN STATE,1,100.0,0,266,60.6,,60.7,0,0,0,,,,0,0,0,5,0,0,0,5,0,0,0,0,5,0
Colby Brunet,84277,WR,LSU,2,83.3,0,211,58.6,,60.4,0,0,0,0.0,0.0,,0,0,0,5,0,0,0,6,0,1,0,0,5,0
Grayson McCall,98002,QB,COAST CAR,2,45.5,0,141,72.8,,60.0,0,0,0,0.0,0.0,,0,0,0,5,0,0,0,11,0,5,0,0,5,0
Ben Wyatt,44739,LS,DUKE,4,100.0,0,154,60.0,71.1,60.0,0,0,1,100.0,100.0,100.0,0,0,0,5,0,0,0,5,2,2,0,0,3,0
Deon Fountain,97281,WR,COAST CAR,2,55.6,0,141,70.4,,60.5,0,0,0,0.0,0.0,,0,0,0,5,0,0,0,9,0,4,0,0,5,0
Ja'Markis Weston,98826,WR,FLORIDA,1,83.3,0,163,38.9,,60.2,0,0,0,0.0,0.0,,0,0,0,5,0,0,0,6,0,1,0,0,5,0
Mason Gallegos,101340,WR,WYOMING,2,100.0,0,351,60.5,,60.7,0,0,0,,,,0,0,0,5,0,0,0,5,0,0,0,0,5,0
Chance Hofer,101341,WR,WYOMING,2,100.0,0,351,60.5,,60.7,0,0,0,,,,0,0,0,5,0,0,0,5,0,0,0,0,5,0
Galen Gallagher,81857,T,TEXAS A&M,2,100.0,0,312,52.3,0.0,59.2,0,0,1,100.0,100.0,100.0,0,0,0,5,0,0,5,5,1,1,0,0,4,0
Rex Culpepper,40540,QB,SYRACUSE,2,71.4,0,304,54.4,,60.0,0,0,0,0.0,0.0,,0,0,0,5,0,0,0,7,0,1,0,0,5,0
Leif Engstrand,98527,T,N ILLINOIS,1,100.0,0,254,58.7,,57.8,0,0,0,,,,0,0,0,5,0,0,3,5,0,0,0,2,5,0
Grant Frerking,84432,WR,TENNESSEE,2,71.4,0,307,57.8,,59.7,0,0,0,0.0,0.0,,0,0,0,5,0,0,0,7,0,2,0,0,5,0
Malik Wesley,101349,WR,UNLV,3,29.4,0,325,53.7,,60.3,0,0,0,0.0,0.0,,0,0,0,5,0,0,0,17,0,12,0,0,5,0
Ezekiel Gueths,41673,G,N ILLINOIS,1,100.0,0,254,60.5,,60.3,0,0,0,,,,0,0,0,5,0,5,0,5,0,0,0,0,5,0
Jason Rodriguez,100520,T,USC,1,100.0,0,326,56.0,,54.6,0,0,0,,,,0,0,0,5,0,0,0,5,0,0,0,5,5,0
Bryce Ramsey,99086,C,OLE MISS,1,100.0,0,226,58.5,67.8,57.8,0,0,1,100.0,100.0,100.0,0,0,0,5,5,0,0,5,1,1,0,0,4,0
Jamontez Woods,97311,HB,TROY,4,12.5,0,318,73.4,77.6,,0,0,4,25.0,27.8,100.0,0,0,0,5,0,0,0,40,5,18,0,0,0,0
Kade Young,41080,QB,TROY,1,50.0,0,318,28.4,,60.0,0,0,0,0.0,0.0,,0,0,0,5,0,0,0,10,0,5,0,0,5,0
Coco Azema,97353,HB,NWESTERN,1,35.7,0,256,88.9,67.9,59.7,0,0,1,50.0,50.0,100.0,0,0,0,5,0,0,0,14,1,2,0,0,4,0
Caleb Warren,99083,G,OLE MISS,1,100.0,0,226,55.5,,55.4,0,0,0,,,,0,0,0,5,0,0,0,5,0,0,5,0,5,0
Hayden Perry,59776,G,KANSAS ST,2,100.0,0,199,52.6,69.8,52.2,0,0,1,100.0,100.0,100.0,0,0,0,5,0,0,0,5,1,1,5,0,4,0
Jarrett Guest,97997,QB,COAST CAR,1,71.4,0,141,73.2,,60.0,0,0,0,0.0,0.0,,0,0,0,5,0,0,0,7,0,1,0,0,5,0
Justin Brown,84287,WR,MARYLAND,1,100.0,0,215,60.5,,60.7,0,0,0,,,,0,0,0,5,0,0,0,5,0,0,0,0,5,0
Cordale Grundy,83586,QB,UTSA,2,38.5,0,331,29.5,,60.0,0,0,0,0.0,0.0,,0,0,0,5,0,0,0,13,0,8,0,0,5,0
Christian Buckingham,44219,TE,UTEP,3,71.4,0,330,57.9,66.8,59.7,0,0,1,33.3,33.3,100.0,0,0,0,5,0,0,0,7,1,3,0,0,4,7
Riley Simonds,98793,G,FLORIDA,1,100.0,0,163,57.5,71.3,57.0,0,0,1,100.0,100.0,100.0,0,0,0,5,0,0,0,5,1,1,5,0,4,0
Luke Bohenek,101357,TE,AIR FORCE,1,100.0,0,101,59.8,,59.4,0,0,0,,,,0,0,0,5,0,0,0,5,0,0,0,0,5,2
Ryan Kisselstein,77349,C,SYRACUSE,1,100.0,0,304,55.8,68.0,54.5,0,0,1,100.0,100.0,100.0,0,0,0,5,5,0,0,5,1,1,0,0,4,0
Willie Erdman,40681,WR,GEORGIA,2,45.5,0,173,69.3,,60.7,0,0,0,0.0,0.0,,0,0,0,5,0,0,0,11,0,6,0,0,5,0
Chris Curry,83696,HB,LSU,8,6.0,0,211,69.5,67.5,60.0,0,0,1,2.4,2.4,100.0,0,0,0,5,0,0,0,84,1,42,0,0,4,0
Nolan Groulx,97431,WR,WAKE,1,83.3,0,339,59.9,,60.5,0,0,0,0.0,0.0,,0,0,0,5,0,0,0,6,0,1,0,0,5,0
Wes Obermeier,77905,TE,BALL ST,1,100.0,0,117,66.3,,66.8,0,0,0,,,,0,0,0,5,0,0,0,5,0,0,0,0,5,4
Dionte Marks,98825,WR,FLORIDA,1,83.3,0,163,58.1,,60.5,0,0,0,0.0,0.0,,0,0,0,5,0,0,0,6,0,1,0,0,5,0
Malik Braxton,83801,HB,WASHINGTON,4,62.5,0,340,82.0,,67.1,0,0,0,0.0,0.0,,0,0,0,5,0,0,0,8,0,1,0,0,5,0
Vincent Murphy,99046,G,S CAROLINA,1,100.0,0,289,66.6,,66.3,0,0,0,,,,0,0,0,5,0,0,0,5,0,0,5,0,5,0
Trevon McSwain,26142,DI,DUKE,4,100.0,0,154,60.3,65.2,59.7,0,0,1,100.0,100.0,100.0,1,0,0,5,0,0,0,5,2,2,0,0,3,0
Tommy Bush,84189,WR,GEORGIA,1,83.3,0,173,61.3,,60.7,0,0,0,0.0,0.0,,0,0,0,5,0,0,0,6,0,1,0,0,5,0
Quentin Yontz,56881,ED,TEXAS TECH,4,100.0,0,315,60.1,60.5,60.1,0,0,1,100.0,100.0,100.0,0,0,0,5,0,0,0,5,1,1,0,0,4,0
Coran Taylor,82128,QB,ILLINOIS,1,71.4,0,187,68.6,,60.0,0,0,0,,,,0,0,0,5,0,0,0,7,0,0,0,0,5,0
Will Rogers,99042,G,S CAROLINA,1,100.0,0,289,60.3,,60.1,0,0,0,,,,0,0,0,5,0,5,0,5,0,0,0,0,5,0
Devonta Jason,84309,WR,MISS STATE,1,55.6,0,227,57.1,,60.5,0,0,0,0.0,0.0,,0,0,0,5,0,0,0,9,0,4,0,0,5,0
Jonathan Pimentel,84038,TE,RUTGERS,5,100.0,0,278,60.0,,60.0,0,0,0,,,,0,0,0,5,0,0,0,5,0,0,0,0,5,5
Tripp Mitchell,99557,WR,BAYLOR,2,100.0,0,118,60.6,,60.8,0,0,0,,,,0,0,0,5,0,0,0,5,0,0,0,0,5,0
Amir Abdur-Rahman,84499,WR,VANDERBILT,1,83.3,0,333,57.5,,58.7,0,0,0,0.0,0.0,,0,0,0,5,0,0,0,6,0,1,0,0,5,0
Nik Hogan,77423,T,TULANE,1,100.0,0,319,68.6,,69.8,0,0,0,,,,0,0,0,5,0,0,5,5,0,0,0,0,5,0
Will Edwards,105803,T,CLEMSON,1,100.0,0,140,56.8,,55.8,0,0,0,,,,0,0,0,5,0,0,5,5,0,0,0,0,5,0
Chase Guynup,105804,G,CLEMSON,1,100.0,0,140,64.9,,64.6,0,0,0,,,,0,0,0,5,0,5,0,5,0,0,0,0,5,0
Prather Hudson,40617,HB,GEORGIA,4,41.7,0,173,71.0,67.9,60.0,0,0,1,14.3,14.3,100.0,0,0,0,5,0,0,0,12,1,7,0,0,4,0
Karch Gardiner,98873,S,ARKANSAS,2,50.0,0,111,56.0,,60.3,0,0,0,0.0,0.0,,0,0,0,5,0,0,0,10,0,5,0,0,5,0
Ollie Lane,81853,G,TENNESSEE,2,100.0,0,307,57.7,72.3,56.7,0,0,2,100.0,100.0,100.0,0,0,0,5,0,4,0,5,2,2,0,1,3,0
Gavin Schoenwald,84077,TE,VANDERBILT,5,45.5,0,333,55.6,68.2,58.8,0,0,2,25.0,25.0,100.0,0,0,0,5,0,0,0,11,2,8,0,0,3,4
Jax Welch,56228,HB,TEXAS TECH,5,26.3,0,315,69.9,74.8,60.0,0,0,3,25.0,25.0,100.0,0,0,0,5,0,0,0,19,3,12,0,0,2,0
Trad Beatty,77637,QB,TEMPLE,2,62.5,0,306,66.1,,60.0,0,0,0,0.0,0.0,,0,0,0,5,0,0,0,8,0,1,0,0,5,0
Bradley Archer,100623,TE,STANFORD,2,83.3,0,300,66.7,65.1,64.3,0,0,1,50.0,50.0,100.0,0,0,0,5,0,0,0,6,1,2,0,0,4,6
Damani Burrell,83279,TE,LA LAFAYET,1,62.5,0,207,63.2,,70.4,0,0,0,0.0,0.0,,0,0,0,5,0,0,0,8,0,3,0,0,5,6
Langston Anderson,99546,WR,OKLA STATE,1,55.6,0,262,57.6,,60.0,0,0,0,0.0,0.0,,0,0,0,5,0,0,0,9,0,4,0,0,5,0
Thomas Aych,98819,WR,ARIZONA,1,100.0,0,109,60.5,,60.7,0,0,0,,,,0,0,0,5,0,0,0,5,0,0,0,0,5,0
Tyler Lytle,60364,QB,COLORADO,3,71.4,0,143,59.5,,60.0,0,0,0,0.0,0.0,,0,0,0,5,0,0,0,7,0,2,0,0,5,0
Pierce Banbury,77384,G,NAVY,2,100.0,0,237,60.6,,60.4,0,0,0,,,,0,0,0,5,0,5,0,5,0,0,0,0,5,0
Malik Dear,35555,HB,MISS STATE,5,31.3,0,227,62.0,50.7,60.0,0,0,2,20.0,20.0,100.0,0,0,0,5,0,0,0,16,2,10,0,0,3,0
Jordan Kempf,83762,HB,SO MISS,2,35.7,0,296,75.6,74.6,59.6,0,0,1,20.0,20.0,100.0,0,0,0,5,0,0,0,14,1,5,0,0,4,0
Paul Tyson,98363,QB,ALABAMA,1,71.4,0,103,61.9,,60.0,0,0,0,,,,0,0,0,5,0,0,0,7,0,0,0,0,5,0
Joe Ervin,99490,HB,KANSAS ST,4,15.6,0,199,73.7,,57.9,0,0,0,0.0,0.0,,0,0,0,5,0,0,0,32,0,4,0,0,5,0
Gage Gubrud,26351,QB,WASH STATE,2,25.0,0,341,76.9,,60.0,0,0,0,0.0,0.0,,0,0,0,5,0,0,0,20,0,14,0,0,5,0
Tyler Falvey,78287,G,MIDDLE TN,2,100.0,0,224,58.7,,58.5,0,0,0,,,,0,0,0,5,0,3,0,5,0,0,2,0,5,0
Jaime Navarro,81533,T,S JOSE ST,1,100.0,0,285,53.8,73.1,51.8,0,0,3,100.0,100.0,100.0,0,0,0,5,0,0,0,5,3,3,0,5,2,0
Tony Brown,83754,HB,S ALABAMA,2,38.5,0,288,60.4,,54.4,0,0,0,0.0,0.0,,0,0,0,5,0,0,0,13,0,1,0,0,5,0
Darwin Barlow,99482,HB,TCU,3,15.2,0,305,81.2,73.2,58.8,0,0,2,25.0,25.0,100.0,0,0,0,5,0,0,0,33,2,8,0,0,3,0
TJ Sheffield,101741,WR,PURDUE,2,27.8,0,273,55.2,,59.0,0,0,0,0.0,0.0,,0,0,0,5,0,0,0,18,0,13,0,0,5,0
Dawson Bragg,78367,T,MIDDLE TN,2,100.0,0,224,59.2,,58.8,0,0,0,,,,0,0,0,5,0,0,0,5,0,0,0,5,5,0
Darrion Jones,83959,TE,COLORADO,2,83.3,0,143,56.3,,55.7,0,0,0,0.0,0.0,,0,0,0,5,0,0,0,6,0,1,0,0,5,3
Odunayo Seriki,90334,HB,USF,3,50.0,0,327,50.9,18.3,57.9,0,0,3,42.9,42.9,66.7,0,1,1,5,0,0,0,10,3,7,0,0,2,0
Chase Kuerschen,60770,S,TULANE,3,100.0,0,319,60.0,,60.0,0,0,0,,,,1,0,0,5,0,0,0,5,0,0,0,0,5,0
Trace Oldner,98285,T,TULANE,1,100.0,0,319,65.7,,66.0,0,0,0,,,,0,0,0,5,0,0,5,5,0,0,0,0,5,0
Jalen Holston,57469,HB,VA TECH,1,22.7,0,337,57.7,49.0,59.6,0,1,3,21.4,21.4,83.3,0,1,0,5,0,0,0,22,3,14,0,0,2,0
Tahj Magee,78919,WR,LA TECH,2,62.5,0,208,91.7,,60.3,0,0,0,0.0,0.0,,0,0,0,5,0,0,0,8,0,3,0,0,5,0
Jamie Nance,101734,WR,NEBRASKA,1,100.0,0,238,60.3,,60.5,0,0,0,,,,0,0,0,5,0,0,0,5,0,0,0,0,5,0
Jake Peters,83931,TE,ARIZONA,1,100.0,0,109,48.9,,49.8,0,0,0,,,,0,0,0,5,0,0,0,5,0,0,0,0,5,5
Luke Rizzo,99411,LS,TEXAS TECH,4,100.0,0,315,60.0,60.5,60.0,0,0,1,100.0,100.0,100.0,0,0,0,5,0,0,0,5,1,1,0,0,4,0
Jarett Garner,77998,WR,DUKE,1,100.0,0,154,59.8,,59.3,0,0,0,,,,0,0,0,5,0,0,0,5,0,0,0,0,5,0
Camerun Peoples,83607,HB,APP STATE,1,50.0,0,108,67.9,76.1,60.0,0,0,3,60.0,60.0,100.0,0,0,0,5,0,0,0,10,3,5,0,0,2,0
Andrew Eisenson,60113,G,TEMPLE,2,100.0,0,306,58.8,,58.6,0,0,0,,,,0,0,0,5,0,0,0,5,0,0,5,0,5,0
Marquavius Weaver,57291,HB,MEMPHIS,3,45.5,0,218,66.7,,67.5,0,0,0,,,,0,0,0,5,0,0,0,11,0,0,0,0,5,0
Jaden Mitchell,97102,WR,ARIZONA,1,62.5,0,109,57.8,,60.4,0,0,0,0.0,0.0,,0,0,0,5,0,0,0,8,0,3,0,0,5,0
Christian Baumgardner,40081,TE,VIRGINIA,2,100.0,0,335,69.3,,69.6,0,0,0,,,,0,0,0,5,0,0,0,5,0,0,0,0,5,5
Cjay Boone,99235,WR,MISSOURI,1,100.0,0,229,59.5,,58.6,0,0,0,,,,0,0,0,5,0,0,0,5,0,0,0,0,5,0
Aaron Boumerhi,45192,ST,BOSTON COL,4,100.0,0,121,60.0,87.6,,0,0,1,100.0,100.0,100.0,0,0,0,4,0,0,0,4,4,4,0,0,0,0
Josh Samuel,57481,HB,W KENTUCKY,3,14.8,0,346,55.2,22.8,60.0,0,2,3,15.0,15.0,66.7,0,2,0,4,0,0,0,27,3,20,0,0,1,0
Cole Snyder,97617,QB,RUTGERS,2,50.0,0,278,77.1,,60.0,0,0,0,0.0,0.0,,0,0,0,4,0,0,0,8,0,4,0,0,4,0
Felipe Fernandez,41893,G,OHIO,1,100.0,0,259,53.1,0.0,58.2,0,0,1,100.0,100.0,100.0,0,0,0,4,0,4,0,4,1,1,0,0,3,0
Raykwon Anderson,102919,HB,APP STATE,10,8.2,0,108,62.4,,59.5,0,0,0,0.0,0.0,,0,0,0,4,0,0,0,49,0,10,0,0,4,0
Darren Edmond,84246,HB,KENTUCKY,1,100.0,0,202,60.0,,60.0,0,0,0,,,,0,0,0,4,0,0,0,4,0,0,0,0,4,0
Jahquez Evans,101059,QB,USF,6,15.4,0,327,68.3,,60.0,0,0,0,0.0,0.0,,0,0,0,4,0,0,0,26,0,5,0,0,4,0
Trenton Hollinquest,102948,WR,ARMY,2,100.0,0,114,60.2,,60.0,0,0,0,,,,0,0,0,4,0,0,0,4,0,0,0,0,4,0
Chris Smith,83693,HB,LA LAFAYET,8,6.3,0,207,82.7,70.9,72.7,0,1,2,7.1,6.9,75.0,0,1,0,4,0,0,0,64,2,29,0,0,2,0
Davis Brin,77642,QB,TULSA,1,100.0,0,320,60.0,,60.0,0,0,0,,,,0,0,0,4,0,0,0,4,0,0,0,0,4,0
Jacob Fuqua,58416,LS,UAB,3,100.0,0,321,60.0,99.9,60.0,0,0,3,100.0,100.0,100.0,0,0,0,4,0,0,0,4,3,3,0,0,1,0
John Gordon Jr.,104204,G,AIR FORCE,1,100.0,0,101,59.6,,59.4,0,0,0,,,,0,0,0,4,0,0,0,4,0,0,4,0,4,0
Cam Hart,102955,WR,NOTRE DAME,1,80.0,0,258,58.4,,60.3,0,0,0,0.0,0.0,,0,0,0,4,0,0,0,5,0,1,0,0,4,0
Aaron Pyron,98235,T,GA SOUTHRN,2,100.0,0,174,65.5,63.8,69.4,0,0,1,100.0,100.0,100.0,0,0,0,4,0,0,0,4,1,1,0,3,3,0
Dylan Wentzel,57259,WR,KANSAS ST,3,66.7,0,199,54.5,,59.7,0,0,0,0.0,0.0,,0,0,0,4,0,0,0,6,0,1,0,0,4,0
Bryce Bramscher,52124,TE,OREGON ST,1,100.0,0,265,69.5,,71.6,0,0,0,,,,0,0,0,4,0,0,0,4,0,0,0,0,4,4
Darius Boone Jr.,100216,HB,E MICHIGAN,2,57.1,0,160,57.7,70.0,59.3,0,0,1,50.0,50.0,100.0,0,0,0,4,0,0,0,7,1,2,0,0,3,0
Walker Hankinson,98475,T,LA TECH,2,100.0,0,208,60.2,,59.9,0,0,0,,,,0,0,0,4,0,0,4,4,0,0,0,0,4,0
James Cherry,77980,WR,SYRACUSE,2,80.0,0,304,58.1,,59.9,0,0,0,0.0,0.0,,0,0,0,4,0,0,0,5,0,1,0,0,4,0
Florian McCann,75857,C,COLO STATE,1,100.0,0,144,59.9,,59.5,0,0,0,,,,0,0,0,4,4,0,0,4,0,0,0,0,4,0
Jacardia Wright,99250,HB,KANSAS ST,3,13.3,0,199,64.1,73.7,60.0,0,0,3,50.0,42.9,100.0,0,0,0,4,0,0,0,30,3,7,0,0,1,0
Stevie Ballard,98393,G,LA TECH,2,100.0,0,208,60.3,,60.1,0,0,0,,,,0,0,0,4,0,4,0,4,0,0,0,0,4,0
Parker Devine,79211,DI,GA SOUTHRN,4,100.0,0,174,60.0,99.9,62.2,0,0,1,100.0,100.0,100.0,0,0,0,4,0,0,0,4,2,2,0,0,2,0
Truett Knox,77453,C,OKLA STATE,1,100.0,0,262,59.1,68.0,58.1,0,0,1,100.0,100.0,100.0,0,0,0,4,4,0,0,4,1,1,0,0,3,0
Colby Johnston,99450,T,BAYLOR,2,100.0,0,118,59.9,,59.6,0,0,0,,,,0,0,0,4,0,0,4,4,0,0,0,0,4,0
Terrion Avery,102877,HB,S ALABAMA,3,26.7,0,288,58.8,,57.6,0,0,0,0.0,0.0,,0,0,0,4,0,0,0,15,0,3,0,0,4,0
Jim Threet,41967,C,BAYLOR,2,100.0,0,118,58.6,,58.0,0,0,0,,,,0,0,0,4,4,0,0,4,0,0,0,0,4,0
Jackson Knipper,56947,TE,W VIRGINIA,1,100.0,0,343,56.4,,56.1,0,0,0,,,,0,0,0,4,0,0,0,4,0,0,0,0,4,4
Da'Joun Hewitt,101662,HB,PURDUE,3,18.2,0,273,57.5,74.6,58.5,0,0,2,14.3,14.3,100.0,0,0,0,4,0,0,0,22,2,14,0,0,2,0
Xaviar Coleman,100888,WR,UAB,1,100.0,0,321,60.0,,60.0,0,0,0,,,,0,0,0,4,0,0,0,4,0,0,0,0,4,0
Corey Wilson Jr.,100885,WR,SO MISS,1,100.0,0,296,60.0,,59.8,0,0,0,,,,0,0,0,4,0,0,0,4,0,0,0,0,4,0
Jordan Bonner,84382,WR,PURDUE,3,57.1,0,273,54.9,,58.2,0,0,0,0.0,0.0,,0,0,0,4,0,0,0,7,0,3,0,0,4,0
Jackson Sirmon,81458,LB,WASHINGTON,2,66.7,0,340,62.4,,64.0,0,0,0,0.0,0.0,,0,0,0,4,0,0,0,6,0,2,0,0,4,0
Jonny Forrest,40852,HB,TEMPLE,5,80.0,0,306,60.7,69.8,60.0,0,0,1,50.0,50.0,100.0,0,0,0,4,0,0,0,5,1,2,0,0,3,0
Zac Schachtner,84013,TE,MISSOURI,1,100.0,0,229,60.5,,60.6,0,0,0,,,,0,0,0,4,0,0,0,4,0,0,0,0,4,4
Garret McGuire,60343,QB,BAYLOR,3,80.0,0,118,69.1,,60.0,0,0,0,,,,0,0,0,4,0,0,0,5,0,0,0,0,4,0
Jared Farlow,61454,WR,OLE MISS,1,100.0,0,226,60.3,,60.5,0,0,0,,,,0,0,0,4,0,0,0,4,0,0,0,0,4,0
Justin Dunn,78011,WR,NC STATE,1,66.7,0,248,57.3,,59.3,0,0,0,0.0,0.0,,0,0,0,4,0,0,0,6,0,2,0,0,4,0
Melvin Billingsley,99187,TE,ALABAMA,1,100.0,0,103,56.0,,54.0,0,0,0,,,,0,0,0,4,0,0,0,4,0,0,0,0,4,4
Jeff Strome,77538,G,C MICHIGAN,1,100.0,0,134,58.3,68.4,58.0,0,0,1,100.0,100.0,100.0,0,0,0,4,0,0,0,4,1,1,4,0,3,0
Justin Olson,99695,WR,N CAROLINA,1,100.0,0,245,60.4,,60.4,0,0,0,,,,0,0,0,4,0,0,0,4,0,0,0,0,4,0
Messiah Swinson,84012,TE,MISSOURI,1,100.0,0,229,41.9,,42.6,0,0,0,,,,0,0,0,4,0,0,0,4,0,0,0,0,4,4
Sean Brown,99181,TE,TENNESSEE,1,100.0,0,307,48.0,,48.2,0,0,0,,,,0,0,0,4,0,0,0,4,0,0,0,0,4,4
LaTrell Bumphus,62977,ED,TENNESSEE,4,100.0,0,307,64.6,,65.9,0,0,0,,,,0,0,0,4,0,0,0,4,0,0,0,0,4,0
Blake George,99449,T,BAYLOR,2,100.0,0,118,76.2,,81.2,0,0,0,,,,0,0,0,4,0,0,0,4,0,0,0,4,4,0
Travis Tisdale,99168,HB,KENTUCKY,2,33.3,0,202,72.0,,60.0,0,0,0,0.0,0.0,,0,0,0,4,0,0,0,12,0,2,0,0,4,0
Connor Killian,44930,TE,TEXAS TECH,4,100.0,0,315,60.0,,60.4,0,0,0,,,,0,0,0,4,0,0,0,4,0,0,0,0,4,1
Carson Rieder,97864,TE,LA TECH,1,80.0,0,208,68.8,,69.3,0,0,0,0.0,0.0,,0,0,0,4,0,0,0,5,0,1,0,0,4,5
Jordan Blackman,61149,TE,ARMY,1,100.0,0,114,60.0,,59.8,0,0,0,,,,0,0,0,4,0,0,0,4,0,0,0,0,4,1
Timon Nolan,61292,WR,HOUSTON,1,100.0,0,182,60.3,,60.5,0,0,0,,,,0,0,0,4,0,0,0,4,0,0,0,0,4,0
Grant Merka,34264,LS,UTSA,3,100.0,0,331,60.0,75.3,60.0,0,0,1,100.0,100.0,100.0,0,0,0,4,0,0,0,4,2,2,0,0,2,0
Sean Eckert,84130,WR,ARMY,2,80.0,0,114,59.4,,60.0,0,0,0,0.0,0.0,,0,0,0,4,0,0,0,5,0,1,0,0,4,0
Tyler Davis,97610,DI,CLEMSON,4,100.0,0,140,47.4,,45.0,0,0,0,,,,0,0,0,4,0,0,0,4,0,0,0,0,4,3
Blake Watson,81655,G,GEORGIA,2,100.0,0,173,66.6,69.1,64.6,0,0,1,100.0,100.0,100.0,0,0,0,4,0,1,0,4,1,1,3,0,3,0
Jacob Bernard,97218,WR,LA LAFAYET,1,80.0,0,207,76.3,,90.4,0,0,0,0.0,0.0,,0,0,0,4,0,0,0,5,0,1,0,0,4,0
Tony Mathis Jr.,99481,HB,W VIRGINIA,1,21.1,0,343,60.5,23.0,60.0,0,1,3,21.4,21.4,83.3,0,1,0,4,0,0,0,19,3,14,0,0,1,0
Jack Henige,60991,FB,NOTRE DAME,1,100.0,0,258,51.8,,45.0,0,0,0,,,,0,0,0,4,0,0,0,4,0,0,0,0,4,0
Merek Pierce,57400,HB,SMU,3,22.2,0,287,66.3,70.0,55.9,0,0,1,20.0,20.0,100.0,0,0,0,4,0,0,0,18,1,5,0,0,3,0
Zackariah Kadri,100249,T,E MICHIGAN,2,100.0,0,160,57.4,,52.7,0,0,0,,,,0,0,0,4,0,0,0,4,0,0,0,4,4,0
Jack Henrichs,59859,T,MICH STATE,1,100.0,0,223,60.3,,60.4,0,0,0,,,,0,0,0,4,0,0,0,4,0,0,0,4,4,0
Blaine Bishop,77416,G,MEMPHIS,1,100.0,0,218,60.5,71.9,60.0,0,0,1,100.0,100.0,100.0,0,0,0,4,0,4,0,4,1,1,0,0,3,0
Thomas Grossman,36446,T,MISSOURI,2,100.0,0,229,50.0,0.0,52.7,0,1,1,100.0,100.0,50.0,0,1,0,4,0,0,0,4,1,1,0,4,3,0
Alex Howie,77527,G,E MICHIGAN,2,100.0,0,160,55.4,,55.6,0,0,0,,,,0,0,0,4,0,4,0,4,0,0,0,0,4,0
Griffin Hammer,52028,TE,COLO STATE,2,40.0,0,144,54.6,67.8,59.5,0,0,1,14.3,14.3,100.0,0,0,0,4,0,0,0,10,1,7,0,0,3,8
Bryson Norris,98093,G,S ALABAMA,1,100.0,0,288,67.3,,67.2,0,0,0,,,,0,0,0,4,0,0,0,4,0,0,4,0,4,0
Corte Tapia,52021,FB,COLO STATE,1,100.0,0,144,70.1,,73.5,0,0,0,,,,0,0,0,4,0,0,0,4,0,0,0,0,4,0
Monte Pottebaum,81252,FB,IOWA,2,80.0,0,192,53.9,,56.4,0,0,0,,,,0,0,0,4,0,0,0,5,0,0,0,0,4,0
Devin Staton,78086,WR,OKLAHOMA,2,100.0,0,261,60.0,,60.0,0,0,0,,,,0,0,0,4,0,0,0,4,0,0,0,0,4,0
Peyton Johnson,102815,C,GA SOUTHRN,1,100.0,0,174,63.8,,65.3,0,0,0,,,,0,0,0,4,4,0,0,4,0,0,0,0,4,0
Unknown Air Force 8,104207,TE,AIR FORCE,1,100.0,0,101,60.3,,60.3,0,0,0,,,,0,0,0,4,0,0,0,4,0,0,0,0,4,2
Isaiah Harris,56572,TE,CHARLOTTE,1,100.0,0,136,58.9,,58.6,0,0,0,,,,0,0,0,4,0,0,0,4,0,0,0,0,4,4
KeShawn McClendon,83805,HB,W KENTUCKY,5,19.0,0,346,63.2,72.9,59.0,0,0,2,25.0,22.2,100.0,0,0,0,4,0,0,0,21,2,9,0,0,2,0
Alex Azusenis,98392,T,COLO STATE,1,100.0,0,144,60.4,,60.6,0,0,0,,,,0,0,0,4,0,0,0,4,0,0,0,4,4,0
Jonah Brewster,98514,T,LA TECH,2,100.0,0,208,57.9,,57.0,0,0,0,,,,0,0,0,4,0,0,0,4,0,0,0,4,4,0
T.J. Green,57454,HB,UTAH,7,14.3,0,328,68.7,,59.8,0,0,0,0.0,0.0,,0,0,0,4,0,0,0,28,0,1,0,0,4,0
D'Vaughn Pennamon,40837,HB,OLE MISS,1,57.1,0,226,60.5,,49.5,0,0,0,,,,0,0,0,4,0,0,0,7,0,0,0,0,4,4
Britton Beasley,81535,G,AIR FORCE,1,100.0,0,101,80.3,,79.9,0,0,0,,,,0,0,0,4,0,4,0,4,0,0,0,0,4,0
Donnell Wilson,98382,T,COAST CAR,1,100.0,0,141,58.2,65.5,56.8,0,0,1,100.0,100.0,100.0,0,0,0,4,0,0,0,4,1,1,0,4,3,0
Brett Slusher,55997,WR,KENTUCKY,2,80.0,0,202,58.4,,60.2,0,0,0,0.0,0.0,,0,0,0,4,0,0,0,5,0,1,0,0,4,0
Ben Latusek,56373,TE,IOWA STATE,1,100.0,0,193,70.4,,71.3,0,0,0,,,,0,0,0,4,0,0,0,4,0,0,0,0,4,4
Markice Hurt Jr.,57153,HB,BALL ST,2,28.6,0,117,64.0,75.7,60.0,0,0,2,50.0,60.0,100.0,0,0,0,4,0,0,0,14,3,5,0,0,1,0
Tyrek Tisdale,57200,HB,FAU,3,36.4,0,165,70.6,74.6,59.4,0,0,1,50.0,50.0,100.0,0,0,0,4,0,0,0,11,1,2,0,0,3,0
Paul Matavao-Poialii,99447,G,BAYLOR,2,100.0,0,118,51.7,,51.5,0,0,0,,,,0,0,0,4,0,0,0,4,0,0,4,0,4,0
Jalen Martin,42097,WR,IOWA STATE,1,100.0,0,193,60.3,,60.4,0,0,0,,,,0,0,0,4,0,0,0,4,0,0,0,0,4,0
Houston Miller,44406,DI,TEXAS TECH,3,100.0,0,315,60.0,60.5,57.8,0,0,1,100.0,100.0,100.0,0,0,0,4,0,0,0,4,1,1,0,0,3,0
Ryan Langan,58349,C,GA SOUTHRN,4,100.0,0,174,60.0,0.0,60.0,0,1,1,100.0,100.0,50.0,0,1,0,4,0,0,0,4,2,2,0,0,2,0
Jacob Morris,78098,WR,OKLA STATE,1,57.1,0,262,58.7,,60.5,0,0,0,0.0,0.0,,0,0,0,4,0,0,0,7,0,3,0,0,4,0
Dylan Slavens,56258,WR,UTAH,2,100.0,0,328,60.3,,60.3,0,0,0,,,,0,0,0,4,0,0,0,4,0,0,0,0,4,0
Tahj Gary,99620,HB,VA TECH,2,50.0,0,337,59.3,,59.0,0,0,0,,,,0,0,0,4,0,0,0,8,0,0,0,0,4,0
Aidan Livingston,97391,LS,BOSTON COL,4,100.0,0,121,60.0,99.9,,0,0,1,100.0,100.0,100.0,0,0,0,4,0,0,0,4,4,4,0,0,0,0
Treysen Neal,77290,C,MEMPHIS,4,100.0,0,218,60.0,70.5,60.0,0,0,1,100.0,100.0,100.0,0,0,0,4,3,0,0,4,2,2,0,0,2,0
Peyton Mercer,83972,TE,GEORGIA,1,80.0,0,173,58.8,,60.1,0,0,0,0.0,0.0,,0,0,0,4,0,0,0,5,0,1,0,0,4,4
Craig McFarland,102812,G,APP STATE,1,100.0,0,108,66.8,68.4,66.1,0,0,1,100.0,100.0,100.0,0,0,0,4,0,4,0,4,1,1,0,0,3,0
Christian Daniels,77648,QB,TULANE,2,57.1,0,319,69.4,,60.0,0,0,0,,,,0,0,0,4,0,0,0,7,0,0,0,0,4,0
Mike Fallon,75881,QB,UMASS,1,66.7,1,216,90.0,,60.0,0,0,0,0.0,0.0,,1,0,0,4,0,0,0,6,0,2,0,0,4,0
Damon Smith,99549,WR,OKLAHOMA,2,100.0,0,261,60.0,,59.9,0,0,0,,,,0,0,0,4,0,0,0,4,0,0,0,0,4,0
Daniel Archibong,100963,DI,TEMPLE,4,100.0,0,306,60.0,63.8,61.3,0,0,1,100.0,100.0,100.0,3,0,0,4,0,0,0,4,1,1,0,0,3,0
Jake McCurry,56059,WR,MICHIGAN,2,100.0,0,222,60.3,,60.6,0,0,0,,,,0,0,0,4,0,0,0,4,0,0,0,0,4,0
Michael Smith,41660,G,LSU,1,100.0,0,211,55.1,69.8,56.3,0,0,1,100.0,100.0,100.0,0,0,0,4,0,4,0,4,1,1,0,0,3,0
Terrel Ferrell,97410,WR,TOLEDO,2,30.8,0,316,66.0,,60.0,0,0,0,0.0,0.0,,0,0,0,4,0,0,0,13,0,9,0,0,4,0
Brady Schipper,84518,HB,WISCONSIN,3,23.5,0,349,65.6,74.7,60.0,0,0,2,28.6,28.6,100.0,0,0,0,4,0,0,0,17,2,7,0,0,2,0
Anthony Thompson,40036,QB,N ILLINOIS,2,57.1,0,254,57.6,,60.0,0,0,0,,,,0,0,0,4,0,0,0,7,0,0,0,0,4,0
Javon Jackson,42856,S,DUKE,3,100.0,0,154,60.0,60.5,59.8,0,0,1,100.0,100.0,100.0,0,0,0,4,0,0,0,4,1,1,0,0,3,0
Noah Jordan-Williams,61175,WR,BOSTON COL,1,100.0,0,121,60.2,,60.3,0,0,0,,,,0,0,0,4,0,0,0,4,0,0,0,0,4,0
Quan Easterling,101459,TE,WISCONSIN,1,100.0,0,349,58.2,,57.1,0,0,0,,,,0,0,0,4,0,0,0,4,0,0,0,0,4,2
Jawhar Jordan,99595,HB,SYRACUSE,4,15.4,0,304,84.8,74.9,60.0,0,0,2,22.2,22.2,100.0,0,0,0,4,0,0,0,26,2,9,0,0,2,1
Tre'Shown Fields,35347,TE,E MICHIGAN,2,100.0,0,160,59.8,,59.5,0,0,0,,,,0,0,0,4,0,0,0,4,0,0,0,0,4,4
Bryce Kirtz,97424,WR,NWESTERN,1,50.0,0,256,56.3,,60.3,0,0,0,0.0,0.0,,0,0,0,4,0,0,0,8,0,4,0,0,4,0
Chris Turner,35467,TE,LA LAFAYET,2,57.1,0,207,58.9,,59.5,0,0,0,0.0,0.0,,0,0,0,4,0,0,0,7,0,3,0,0,4,4
Wisdom Quarshie,98198,DI,TEMPLE,1,100.0,0,306,54.1,,53.8,0,0,0,,,,0,0,0,3,0,0,0,3,0,0,3,0,3,0
Brayden Rohme,100535,T,CAL,1,100.0,0,130,60.0,76.7,,0,0,3,100.0,100.0,100.0,0,0,0,3,0,0,3,3,3,3,0,0,0,0
Luke Endsley,61157,WR,BALL ST,1,75.0,0,117,58.4,,60.1,0,0,0,0.0,0.0,,0,0,0,3,0,0,0,4,0,1,0,0,3,0
Hamilton Hall,81738,G,OLE MISS,1,100.0,0,226,64.5,,64.6,0,0,0,,,,0,0,0,3,0,0,0,3,0,0,3,0,3,0
Kaden DeLuna,83943,TE,BOISE ST,1,100.0,0,120,60.0,,60.0,0,0,0,,,,0,0,0,3,0,0,0,3,0,0,0,0,3,3
Austin Johnson,100531,G,COLORADO,1,100.0,0,143,61.4,0.0,62.4,0,1,1,100.0,100.0,50.0,0,1,0,3,0,3,0,3,1,1,0,0,2,0
Luca Fratianne,77386,T,NAVY,1,100.0,0,237,60.0,,60.0,0,0,0,,,,0,0,0,3,0,0,0,3,0,0,0,3,3,0
Blake Bogan,55868,CB,E MICHIGAN,3,100.0,0,160,60.0,,60.0,0,0,0,0.0,0.0,,0,0,0,3,0,0,0,3,0,1,0,0,3,0
Jacob Morgenstern,43708,S,DUKE,3,100.0,0,154,60.0,70.3,60.0,0,0,1,100.0,100.0,100.0,0,0,0,3,0,0,0,3,2,2,0,0,1,0
Cedric Mitchell,55835,S,BOWL GREEN,2,100.0,0,122,60.0,,61.3,0,0,0,,,,0,0,0,3,0,0,0,3,0,0,0,0,3,0
Paul Gainer Jr.,60079,G,SO MISS,1,100.0,0,296,51.1,,50.7,0,0,0,,,,0,0,0,3,0,0,0,3,0,0,3,0,3,0
Ian Driscoll,55453,WR,WAKE,2,100.0,0,339,60.0,,60.0,0,0,0,,,,0,0,0,3,0,0,0,3,0,0,0,0,3,0
Greg Robinson,40651,G,MICHIGAN,1,100.0,0,222,65.4,,65.4,0,0,0,,,,0,0,0,3,0,3,0,3,0,0,0,0,3,0
Will Pliska,81927,C,WASHINGTON,1,100.0,0,340,60.0,,60.0,0,0,0,,,,0,0,0,3,3,0,0,3,0,0,0,0,3,0
Liam Ryan,59940,C,NC STATE,2,100.0,0,248,60.0,,60.0,0,0,0,,,,0,0,0,3,3,0,0,3,0,0,0,0,3,0
Ben Davis,55252,G,MINNESOTA,1,100.0,0,225,60.9,,60.0,0,0,0,,,,0,0,0,3,0,0,0,3,0,0,3,0,3,0
Adam Buirge,34330,S,N ILLINOIS,2,100.0,0,254,60.0,,60.6,0,0,0,,,,0,0,0,3,0,0,0,3,0,0,0,0,3,0
Darius Pittman,61003,TE,PURDUE,1,23.1,0,273,42.1,67.9,58.9,0,0,1,10.0,9.1,100.0,0,0,0,3,0,0,0,13,1,11,0,0,2,6
Andrew Meyer,81910,G,UTEP,1,100.0,0,330,65.0,68.2,63.2,0,0,1,100.0,100.0,100.0,0,0,0,3,0,0,0,3,1,1,3,0,2,0
Tommy Zozus,55163,LS,FIU,2,100.0,0,166,60.0,60.5,60.0,0,0,1,100.0,100.0,100.0,0,0,0,3,0,0,0,3,1,1,0,0,2,0
Seth Yost,60224,G,WASH STATE,2,100.0,0,341,60.0,67.3,60.0,0,0,1,100.0,100.0,100.0,0,0,0,3,0,3,0,3,1,1,0,0,2,0
Jaylin Nelson,60563,HB,TEXAS ST,5,13.6,0,314,60.0,76.1,60.0,0,0,2,12.5,12.5,100.0,0,0,0,3,0,0,0,22,2,16,0,0,1,0
Cam Reddy,77340,C,BOSTON COL,1,100.0,0,121,60.0,0.0,60.0,0,1,2,100.0,100.0,75.0,0,1,0,3,3,0,0,3,2,2,0,0,1,0
Bryson Lucero,97608,QB,UAB,1,100.0,0,321,60.0,,60.0,0,0,0,,,,0,0,0,3,0,0,0,3,0,0,0,0,3,0
Kazmeir Allen,83782,HB,UCLA,4,8.3,0,324,67.7,,60.0,0,0,0,0.0,0.0,,0,0,0,3,0,0,0,36,0,20,0,0,3,0
Josh Johnson,77870,HB,NAVY,1,100.0,0,237,60.0,,60.0,0,0,0,,,,0,0,0,3,0,0,0,3,0,0,0,0,3,0
Maliek Broady,34220,LB,NEVADA,3,100.0,0,239,60.0,,60.0,0,0,0,,,,0,0,0,3,0,0,0,3,0,0,0,0,3,0
Cade Musser,84319,WR,MISSOURI,2,75.0,0,229,59.0,,59.4,0,0,0,0.0,0.0,,0,0,0,3,0,0,0,4,0,1,0,0,3,0
Tanner Dobrucky,83771,WR,TENNESSEE,2,100.0,0,307,60.1,,60.2,0,0,0,,,,0,0,0,3,0,0,0,3,0,0,0,0,3,0
Matt Hembrough,58390,LS,OKLA STATE,3,100.0,0,262,60.0,99.9,60.0,0,0,2,100.0,100.0,100.0,0,0,0,3,0,0,0,3,2,2,0,0,1,0
Ra'Sean Davie,61826,HB,W MICHIGAN,3,23.1,0,347,72.5,67.8,60.0,0,0,1,100.0,100.0,100.0,0,0,0,3,0,0,0,13,1,1,0,0,2,0
Zidane Thomas,83749,HB,S DIEGO ST,1,50.0,0,284,55.6,,60.0,0,0,0,,,,0,0,0,3,0,0,0,6,0,0,0,0,3,0
Daniel Clifford,37063,G,BUFFALO,1,100.0,0,126,58.1,,57.9,0,0,0,,,,0,0,0,3,0,0,0,3,0,0,3,0,3,0
Evidence Njoku,61428,TE,MIAMI FL,1,100.0,0,220,59.3,,58.8,0,0,0,,,,0,0,0,3,0,0,0,3,0,0,0,0,3,3
Leo Albano,84349,WR,NOTRE DAME,1,100.0,0,258,60.0,,60.0,0,0,0,,,,0,0,0,3,0,0,0,3,0,0,0,0,3,0
Matt Salerno,84350,WR,NOTRE DAME,1,100.0,0,258,58.4,,55.9,0,0,0,,,,0,0,0,3,0,0,0,3,0,0,0,0,3,0
Jordan Whittington,97623,HB,TEXAS,1,23.1,0,311,63.8,71.9,60.0,0,0,2,16.7,16.7,100.0,0,0,0,3,0,0,0,13,2,12,0,0,1,0
Austin Liles,52221,WR,S JOSE ST,1,100.0,0,285,58.8,,57.1,0,0,0,,,,0,0,0,3,0,0,0,3,0,0,0,0,3,0
Klint Harvey,37196,G,ARK STATE,2,100.0,0,113,54.5,70.8,60.0,0,0,2,100.0,100.0,100.0,1,0,0,3,0,0,0,3,2,2,3,0,1,0
Jake Smith,104194,QB,AIR FORCE,1,75.0,0,101,68.6,,60.0,0,0,0,,,,0,0,0,3,0,0,0,4,0,0,0,0,3,0
Jeremy Tate Jr,78051,WR,MEMPHIS,1,100.0,0,218,60.1,,60.0,0,0,0,,,,0,0,0,3,0,0,0,3,0,0,0,0,3,0
Carson Coats,34010,QB,ARK STATE,2,60.0,0,113,59.3,,60.0,0,0,0,0.0,0.0,,0,0,0,3,0,0,0,5,0,2,0,0,3,0
Trevor Goude,81614,G,COAST CAR,1,100.0,0,141,57.9,,57.7,0,0,0,,,,0,0,0,3,0,3,0,3,0,0,0,0,3,0
Zack Mesday,26506,ED,TEMPLE,4,75.0,0,306,58.6,,61.3,0,0,0,0.0,0.0,,1,0,0,3,0,0,0,4,0,1,0,0,3,0
Frankie Onate,57607,K,S ALABAMA,2,100.0,0,288,60.0,61.9,60.4,0,0,0,,100.0,,0,0,0,3,0,0,0,3,1,1,0,0,2,0
Bo Gross,104197,HB,AIR FORCE,1,75.0,0,101,67.3,,75.0,0,0,0,,,,0,0,0,3,0,0,0,4,0,0,0,0,3,0
Will Rykard,97849,C,UAB,1,100.0,0,321,59.8,,57.3,0,0,0,,,,0,0,0,3,3,0,0,3,0,0,0,0,3,0
Erik Abrell,77304,LS,N ILLINOIS,2,100.0,0,254,60.0,,60.0,0,0,0,,,,0,0,0,3,0,0,0,3,0,0,0,0,3,0
Warren Bryan,101291,QB,AIR FORCE,2,50.0,0,101,62.2,,60.0,0,0,0,,,,0,0,0,3,0,0,0,6,0,0,0,0,3,0
Mitch Hall,58360,LS,LOUISVILLE,3,100.0,0,210,60.0,60.5,60.0,0,0,1,100.0,100.0,100.0,0,0,0,3,0,0,0,3,1,1,0,0,2,0
Justin Agner,41605,QB,FAU,3,30.0,0,165,55.9,,60.0,0,0,0,0.0,0.0,,0,0,0,3,0,0,0,10,0,6,0,0,3,0
Kholbe Coleman,57757,LB,BOWL GREEN,2,100.0,1,122,60.0,,60.0,0,0,0,,,,1,0,0,3,0,0,0,3,0,0,0,0,3,0
Isaac Hodgins,82503,DI,OREGON ST,3,100.0,2,265,60.0,,53.9,0,0,0,,,,2,0,0,3,0,0,0,3,0,0,0,0,3,0
Logan Morgan,84411,WR,S ALABAMA,1,100.0,0,288,60.1,,60.0,0,0,0,,,,0,0,0,3,0,0,0,3,0,0,0,0,3,0
Verneal Henshaw Jr.,102816,T,GA SOUTHRN,1,100.0,0,174,60.1,,60.0,0,0,0,,,,0,0,0,3,0,0,3,3,0,0,0,0,3,0
Franklin Lama,77297,LS,C MICHIGAN,3,100.0,0,134,60.0,60.5,60.0,0,0,1,100.0,100.0,100.0,0,0,0,3,0,0,0,3,1,1,0,0,2,0
Mason King,33527,P,LOUISVILLE,3,100.0,0,210,60.0,60.5,59.9,0,0,1,100.0,100.0,100.0,0,0,0,3,0,0,0,3,1,1,0,0,2,0
Anthony Red,99645,T,SYRACUSE,1,100.0,0,304,58.6,,56.8,0,0,0,,,,0,0,0,3,0,0,0,3,0,0,0,3,3,0
James Carolan,58334,LS,BOWL GREEN,2,100.0,0,122,60.0,,60.0,0,0,0,,,,0,0,0,3,0,0,0,3,0,0,0,0,3,0
Devin Thomas,58156,ED,SO MISS,3,100.0,0,296,60.0,70.3,60.0,0,0,2,100.0,100.0,100.0,0,0,0,3,0,0,0,3,2,2,0,0,1,0
Devin Ellison,99606,HB,GA TECH,1,100.0,0,176,60.0,70.2,59.9,0,0,1,100.0,100.0,100.0,0,0,0,3,0,0,0,3,1,1,0,0,2,0
Josh Henderson,99594,HB,N CAROLINA,3,12.5,0,245,81.5,72.7,60.0,0,0,1,33.3,33.3,100.0,0,0,0,3,0,0,0,24,1,3,0,0,2,0
Ty Phillips,49997,DI,GA SOUTHRN,4,75.0,2,174,60.6,63.8,60.3,0,0,0,0.0,50.0,,4,0,0,3,0,0,0,4,1,2,0,0,2,0
Kobie Beltram,77260,LB,E MICHIGAN,3,100.0,0,160,60.0,60.5,60.0,0,0,1,100.0,100.0,100.0,1,0,0,3,0,0,0,3,1,1,0,0,2,0
Cortez Hogans,77257,ED,N ILLINOIS,2,100.0,0,254,60.2,,71.2,0,0,0,,,,0,0,0,3,0,0,0,3,0,0,0,0,3,1
Zach Wilson,84471,WR,USC,1,100.0,0,326,60.0,63.6,60.0,0,0,1,100.0,100.0,100.0,0,0,0,3,0,0,0,3,1,1,0,0,2,0
JJ Guedet,101563,T,MINNESOTA,1,100.0,0,225,59.9,,59.6,0,0,0,,,,0,0,0,3,0,0,0,3,0,0,0,3,3,0
Kyle Peterson,99562,WR,BAYLOR,2,75.0,0,118,58.7,,60.3,0,0,0,0.0,0.0,,0,0,0,3,0,0,0,4,0,1,0,0,3,0
Kolby White,99561,WR,BAYLOR,2,100.0,0,118,60.2,,60.0,0,0,0,,,,0,0,0,3,0,0,0,3,0,0,0,0,3,0
Davis Baucum,99559,WR,BAYLOR,2,75.0,0,118,61.7,,60.0,0,0,0,0.0,0.0,,0,0,0,3,0,0,0,4,0,1,0,0,3,0
Tyler Cooper,101565,G,MINNESOTA,1,100.0,0,225,63.2,,63.2,0,0,0,,,,0,0,0,3,0,3,0,3,0,0,0,0,3,0
Hausia Sekona,48950,DI,NEVADA,3,100.0,0,239,60.0,,60.5,0,0,0,,,,0,0,0,3,0,0,0,3,0,0,0,0,3,0
Edgar Cerenord,48700,DI,DUKE,2,100.0,0,154,60.0,60.5,59.9,0,0,1,100.0,100.0,100.0,1,0,0,3,0,0,0,3,1,1,0,0,2,0
Brendan White,39881,WR,MICHIGAN,1,100.0,0,222,59.9,,59.7,0,0,0,,,,0,0,0,3,0,0,0,3,0,0,0,0,3,0
Darien Porter,99553,WR,IOWA STATE,1,100.0,0,193,60.1,,60.0,0,0,0,,,,0,0,0,3,0,0,0,3,0,0,0,0,3,0
Jeremy Smith,78251,TE,GA SOUTHRN,2,100.0,0,174,60.1,,60.0,0,0,0,,,,0,0,0,3,0,0,0,3,0,0,0,0,3,3
D'Wayne Eskridge,29573,CB,W MICHIGAN,3,37.5,0,347,90.4,,59.8,0,0,0,0.0,0.0,,2,0,0,3,0,0,0,8,0,5,0,0,3,0
Genson Hooper Price,98369,WR,NWESTERN,1,100.0,0,256,60.0,,60.0,0,0,0,,,,0,0,0,3,0,0,0,3,0,0,0,0,3,0
Brent Matiscik,99517,FB,TCU,1,100.0,0,305,64.5,,68.2,0,0,0,,,,0,0,0,3,0,0,0,3,0,0,0,0,3,0
Jeff George Jr.,46564,WR,PITTSBURGH,3,100.0,0,268,60.0,,60.0,0,0,0,,,,0,0,0,3,0,0,0,3,0,0,0,0,3,0
Jason Davis,75861,G,WYOMING,1,100.0,0,351,61.5,,60.3,0,0,0,,,,0,0,0,3,0,3,0,3,0,0,0,0,3,0
Donevin O'Reilly,66212,HB,UCONN,2,33.3,0,146,63.5,67.9,60.0,0,0,1,50.0,50.0,100.0,0,0,0,3,0,0,0,9,1,2,0,0,2,0
Roshauud Paul,61714,WR,TEXAS A&M,2,21.4,0,312,50.7,,39.7,0,0,0,0.0,0.0,,0,0,0,3,0,0,0,14,0,11,0,0,3,0
Jair Hawkins-Anderson,42228,WR,GA TECH,2,75.0,0,176,61.6,,60.1,0,0,0,0.0,0.0,,0,0,0,3,0,0,0,4,0,1,0,0,3,0
Kyle O'Connor,64864,LS,ARMY,3,100.0,0,114,60.0,75.3,60.0,0,0,1,100.0,100.0,100.0,0,0,0,3,0,0,0,3,2,2,0,0,1,0
Omar Fattah,64631,HB,AIR FORCE,1,50.0,0,101,71.5,,63.5,0,0,0,,,,0,0,0,3,0,0,0,6,0,0,0,0,3,0
Ledarrius Harris,61720,HB,TEXAS ST,3,100.0,0,314,60.0,,61.4,0,0,0,,,,0,0,0,3,0,0,0,3,0,0,0,0,3,0
Chandler Speights,61721,WR,TEXAS ST,2,37.5,0,314,70.3,,60.2,0,0,0,0.0,0.0,,0,0,0,3,0,0,0,8,0,5,0,0,3,0
Javonte McGriff,97648,G,GA SOUTHRN,1,100.0,0,174,57.5,,57.3,0,0,0,,,,0,0,0,3,0,3,0,3,0,0,0,0,3,0
Kyle Patterson,104205,TE,AIR FORCE,1,100.0,0,101,68.2,,68.7,0,0,0,,,,0,0,0,3,0,0,0,3,0,0,0,0,3,3
T.J. Harvey,81509,LS,SO MISS,3,100.0,0,296,60.0,71.1,60.0,0,0,2,100.0,100.0,100.0,0,0,0,3,0,0,0,3,2,2,0,0,1,0
Mike Hollins,98628,HB,VIRGINIA,3,11.5,0,335,72.1,74.6,60.0,0,0,1,33.3,33.3,100.0,0,0,0,3,0,0,0,26,1,3,0,0,2,0
Layton Barber,40017,G,N CAROLINA,1,100.0,0,245,58.2,,58.1,0,0,0,,,,0,0,0,3,0,0,0,3,0,0,3,0,3,0
Reese Moore,77540,T,TEXAS,1,100.0,0,311,56.6,,52.1,0,0,0,,,,0,0,0,3,0,0,3,3,0,0,0,0,3,0
Cam Miller,40046,QB,ILLINOIS,2,75.0,0,187,61.7,,60.0,0,0,0,0.0,0.0,,0,0,0,3,0,0,0,4,0,1,0,0,3,0
Tyler Traynham,64296,WR,CLEMSON,1,100.0,0,140,60.1,,60.1,0,0,0,,,,0,0,0,3,0,0,0,3,0,0,0,0,3,0
DaeSean Winston,77142,S,TEMPLE,3,100.0,0,306,60.0,63.8,60.0,0,0,1,100.0,100.0,100.0,0,0,0,3,0,0,0,3,1,1,0,0,2,0
Steven Losoya III,98266,T,MIDDLE TN,1,100.0,0,224,60.1,,60.0,0,0,0,,,,0,0,0,3,0,0,3,3,0,0,0,0,3,0
Tae Tae Crumes,99242,WR,KENTUCKY,1,75.0,0,202,58.4,,60.0,0,0,0,0.0,0.0,,0,0,0,3,0,0,0,4,0,1,0,0,3,0
Kirk Coomes,77773,TE,KANSAS ST,2,100.0,0,199,66.3,,67.1,0,0,0,,,,0,0,0,3,0,0,0,3,0,0,0,0,3,3
Dom D'Antonio,98244,G,NWESTERN,1,100.0,0,256,65.7,,65.9,0,0,0,,,,0,0,0,3,0,3,0,3,0,0,0,0,3,0
Jason Goosen,41500,DI,NWESTERN,1,100.0,0,256,58.0,,57.8,0,0,0,,,,0,0,0,3,0,0,0,3,0,0,3,0,3,0
Trent Holler,105818,C,E CAROLINA,1,100.0,0,156,60.0,5.7,60.0,0,1,2,100.0,100.0,75.0,0,1,0,3,3,0,0,3,2,2,0,0,1,0
Jackson McFadden,99228,WR,AUBURN,1,60.0,0,115,60.0,,60.0,0,0,0,0.0,0.0,,0,0,0,3,0,0,0,5,0,2,0,0,3,0
Malcolm Russell,99227,FB,AUBURN,1,100.0,0,115,60.0,,60.0,0,0,0,,,,0,0,0,3,0,0,0,3,0,0,0,0,3,0
Ja'Shawn Sheffield,99224,WR,AUBURN,1,42.9,0,115,81.5,,59.8,0,0,0,0.0,0.0,,0,0,0,3,0,0,0,7,0,2,0,0,3,0
Michael Sessa,41493,QB,MICHIGAN,1,100.0,0,222,60.0,,60.0,0,0,0,,,,0,0,0,3,0,0,0,3,0,0,0,0,3,0
Sam Hammond,41836,ED,NEVADA,3,100.0,0,239,60.0,,60.5,0,0,0,,,,1,0,0,3,0,0,0,3,0,0,0,0,3,0
Darius Stubbs,40198,HB,GA STATE,2,23.1,0,175,50.9,69.7,60.0,0,0,1,50.0,50.0,100.0,0,0,0,3,0,0,0,13,1,2,0,0,2,0
Trey Adkins,99198,WR,S CAROLINA,4,7.1,0,289,59.5,,31.3,0,0,0,0.0,0.0,,0,0,0,3,0,0,0,42,0,39,0,0,3,0
Lanard Fournette,13602,HB,LSU,4,6.7,0,211,64.1,70.0,60.0,0,0,1,3.7,3.4,100.0,0,0,0,3,0,0,0,45,1,29,0,0,2,0
Ben Hoffner,104206,G,AIR FORCE,1,100.0,0,101,58.7,,58.6,0,0,0,,,,0,0,0,3,0,3,0,3,0,0,0,0,3,0
Cade McDonald,101725,WR,MICH STATE,1,100.0,0,223,60.2,,60.2,0,0,0,,,,0,0,0,3,0,0,0,3,0,0,0,0,3,0
Damani Neal,60645,S,DUKE,2,100.0,0,154,60.0,60.5,60.0,0,0,0,,100.0,,1,0,0,3,0,0,0,3,1,1,0,0,2,0
Peter McIntyre,58082,LB,NWESTERN,2,100.0,0,256,59.2,,56.4,0,0,0,,,,0,0,0,3,0,0,0,3,0,0,0,0,3,0
Zachary Franks,98492,T,NWESTERN,1,100.0,0,256,60.0,,59.8,0,0,0,,,,0,0,0,3,0,0,3,3,0,0,0,0,3,0
Joe Thompson,40321,WR,CHARLOTTE,3,33.3,0,136,55.3,,60.0,0,0,0,0.0,0.0,,0,0,0,3,0,0,0,9,0,6,0,0,3,0
Trent Wessel,40389,QB,FAU,2,42.9,0,165,39.0,,60.0,0,0,0,0.0,0.0,,0,0,0,3,0,0,0,7,0,1,0,0,3,0
Alex Smith,41781,G,GA SOUTHRN,1,100.0,0,174,59.5,,59.4,0,0,0,,,,0,0,0,3,0,3,0,3,0,0,0,0,3,0
Chet Lagod,41774,C,GA TECH,1,100.0,0,176,60.0,73.5,60.0,0,0,2,100.0,100.0,100.0,0,0,0,3,3,0,0,3,2,2,0,0,1,0
A'Montae Spivey,99151,HB,ARKANSAS,2,27.3,0,111,49.8,19.8,58.7,0,0,1,50.0,50.0,100.0,0,0,0,3,0,0,0,11,1,2,0,0,2,0
Sellers Shy,99133,QB,OLE MISS,1,100.0,0,226,60.0,,60.0,0,0,0,,,,0,0,0,3,0,0,0,3,0,0,0,0,3,0
Payton O'Reilly,43374,TE,MIAMI OH,1,100.0,0,221,60.0,,59.8,0,0,0,,,,0,0,0,3,0,0,0,3,0,0,0,0,3,3
Matt Beardall,44807,C,MARSHALL,2,100.0,0,214,60.0,71.1,60.0,0,0,2,100.0,100.0,100.0,0,0,0,3,1,0,0,3,2,2,0,0,1,0
Andrew Strader,40506,HB,BOSTON COL,2,42.9,0,121,59.2,,60.0,0,0,0,,,,0,0,0,3,0,0,0,7,0,0,0,0,3,0
Brevyn Jones,99098,T,MISS STATE,1,100.0,0,227,58.8,42.1,59.9,0,1,2,100.0,100.0,75.0,0,1,0,3,0,0,0,3,2,2,0,3,1,0
Javon Harvey,97278,WR,DOMINION,2,100.0,0,263,60.1,,60.0,0,0,0,,,,0,0,0,3,0,0,0,3,0,0,0,0,3,0
Chandler Fields,97286,QB,LA LAFAYET,2,42.9,0,207,52.4,,60.0,0,0,0,0.0,0.0,,0,0,0,3,0,0,0,7,0,4,0,0,3,0
Camaron Cheeseman,44692,LS,MICHIGAN,3,100.0,0,222,60.0,78.1,60.0,0,0,1,100.0,100.0,100.0,0,0,0,3,1,0,0,3,2,2,0,0,1,0
Donovan Stiner,60647,S,FLORIDA,3,100.0,0,163,60.0,,60.0,0,0,0,,,,1,0,0,3,0,0,0,3,0,0,0,0,3,0
Hayes Maples,81400,LB,SO MISS,3,100.0,0,296,60.0,67.5,60.0,0,0,2,100.0,100.0,100.0,1,0,0,3,0,0,0,3,2,2,0,0,1,0
Connor Foster,98516,T,NWESTERN,1,100.0,0,256,59.9,,59.7,0,0,0,,,,0,0,0,3,0,0,0,3,0,0,0,3,3,0
Conrad Rowley,98045,C,NWESTERN,1,100.0,0,256,57.5,,47.3,0,0,0,,,,0,0,0,3,3,0,0,3,0,0,0,0,3,0
Tyler Lavine,97307,HB,SMU,2,16.7,0,287,69.5,65.5,60.3,0,0,1,14.3,14.3,100.0,0,0,0,3,0,0,0,18,1,7,0,0,2,0
Angel Matute,99092,C,MISSOURI,1,100.0,0,229,60.0,71.2,59.3,0,0,1,100.0,100.0,100.0,0,0,0,3,3,0,0,3,1,1,0,0,2,0
Justin Hartzell,97854,WR,KENT STATE,1,100.0,0,201,60.0,,59.8,0,0,0,,,,0,0,0,3,0,0,0,3,0,0,0,0,3,0
Nick Vogel,27213,K,UAB,2,100.0,0,321,60.0,65.2,60.0,0,0,2,100.0,100.0,100.0,0,0,0,3,0,0,0,3,2,2,0,0,1,0
Danny Smith,83638,HB,BOISE ST,3,23.1,0,120,60.7,70.8,59.9,0,0,1,33.3,33.3,100.0,0,0,0,3,0,0,0,13,1,3,0,0,2,0
Khafre Brown,97398,WR,N CAROLINA,1,100.0,0,245,60.1,,60.0,0,0,0,,,,0,0,0,3,0,0,0,3,0,0,0,0,3,0
Joseph Files,41100,TE,MICHIGAN,1,100.0,0,222,51.8,,48.9,0,0,0,,,,0,0,0,3,0,0,0,3,0,0,0,0,3,3
Nyles Pinckney,44360,DI,CLEMSON,3,100.0,1,140,59.1,,58.2,0,0,0,,,,1,0,0,3,0,0,0,3,0,0,0,0,3,0
Mikey Haney,76969,ED,E MICHIGAN,3,100.0,1,160,60.0,,60.1,0,0,0,0.0,0.0,,2,0,0,3,0,0,0,3,0,1,0,0,3,0
Jacquies Turner,44315,ED,SO MISS,3,100.0,0,296,60.0,65.2,60.0,0,0,2,100.0,100.0,100.0,1,0,0,3,0,0,0,3,2,2,0,0,1,0
Aaron Chase,97414,QB,BUFFALO,1,100.0,0,126,60.0,,60.0,0,0,0,,,,0,0,0,3,0,0,0,3,0,0,0,0,3,0
Chris Cavalaris,76763,CB,MIAMI OH,1,100.0,0,221,60.1,,60.0,0,0,0,,,,0,0,0,3,0,0,0,3,0,0,0,0,3,0
Chris Randazzo,81793,T,OREGON,1,100.0,0,264,56.7,6.4,56.9,1,0,1,100.0,100.0,50.0,0,1,0,3,0,0,0,3,1,1,0,3,2,0
Jalen McGaughy,98023,WR,BALL ST,2,60.0,0,117,57.7,,60.0,0,0,0,0.0,0.0,,0,0,0,3,0,0,0,5,0,2,0,0,3,0
Isaiah Floyd,83612,HB,ARIZONA ST,3,15.0,0,110,63.3,76.0,,0,0,3,33.3,33.3,100.0,0,0,0,3,0,0,0,20,3,9,0,0,0,0
Antonyo Sotolongo,25704,S,BOWL GREEN,2,100.0,0,122,60.0,,60.8,0,0,0,,,,1,0,0,3,0,0,0,3,0,0,0,0,3,0
Kelvin Dean Jr.,97429,HB,FAU,3,21.4,0,165,52.2,,58.7,0,0,0,0.0,0.0,,0,0,0,3,0,0,0,14,0,3,0,0,3,0
Dawson Jaramillo,81790,C,OREGON,1,100.0,0,264,60.0,68.5,59.6,0,0,1,100.0,100.0,100.0,0,0,0,3,3,0,0,3,1,1,0,0,2,0
Kyle Speas,41373,TE,MIAMI OH,1,100.0,0,221,65.6,,69.6,0,0,0,,,,0,0,0,3,0,0,0,3,0,0,0,0,3,1
Dominic Benson,40587,WR,S DIEGO ST,1,100.0,0,284,60.1,,60.0,0,0,0,,,,0,0,0,3,0,0,0,3,0,0,0,0,3,0
Demarrio Smith,44202,DI,SO MISS,3,100.0,0,296,60.0,65.2,60.0,0,0,2,100.0,100.0,100.0,0,0,0,3,0,0,0,3,2,2,0,0,1,0
Evan Brown,76754,LB,BOWL GREEN,2,100.0,0,122,60.0,,60.6,0,0,0,,,,0,0,0,3,0,0,0,3,0,0,0,0,3,0
Keith Brigham,76910,DI,MEMPHIS,3,100.0,0,218,60.0,64.6,60.0,0,0,0,,100.0,,0,0,0,3,0,0,0,3,1,1,1,0,2,1
Jayce Godley,97491,S,NEVADA,3,100.0,0,239,60.0,,60.3,0,0,0,,,,0,0,0,3,0,0,0,3,0,0,0,0,3,0
L'Jarius Sneed,40588,S,LA TECH,1,100.0,0,208,60.0,,60.0,0,0,0,,,,6,0,0,3,0,0,0,3,0,0,0,0,3,0
Dom Peterson,57002,ED,NEVADA,3,100.0,0,239,60.0,,60.5,0,0,0,,,,1,0,0,3,0,0,0,3,0,0,0,0,3,0
Kyree Campbell,56972,DI,FLORIDA,3,100.0,0,163,60.0,,57.6,0,0,0,,,,2,0,0,3,0,0,0,3,0,0,0,0,3,0
Derrick Tangelo,56970,DI,DUKE,3,100.0,0,154,60.0,65.2,60.0,0,0,1,100.0,100.0,100.0,2,0,0,3,0,0,0,3,2,2,0,0,1,0
Logan Arnold,61047,TE,UAB,1,100.0,0,321,58.3,,57.4,0,0,0,,,,0,0,0,3,0,0,0,3,0,0,0,0,3,2
Courtney McKinney,77706,HB,WAKE,4,27.3,0,339,60.1,,60.0,0,0,0,0.0,0.0,,0,0,0,3,0,0,0,11,0,2,0,0,3,0
Rashad Mosley,100839,HB,UAB,2,75.0,0,321,66.5,,60.0,0,0,0,,,,0,0,0,3,0,0,0,4,0,0,0,0,3,0
Noel Ofori-Nyadu,77430,G,UCONN,2,100.0,0,146,60.0,,60.0,0,0,0,,,,0,0,0,3,0,3,0,3,0,0,0,0,3,0
Connor Prouet,61042,TE,TULANE,1,100.0,0,319,57.4,,56.6,0,0,0,,,,0,0,0,3,0,0,0,3,0,0,0,0,3,3
Dalvin Smith,98019,WR,W KENTUCKY,1,100.0,0,346,60.2,,60.2,0,0,0,,,,0,0,0,3,0,0,0,3,0,0,0,0,3,0
Jacob Tilghman,34880,LS,FLORIDA,3,100.0,0,163,60.0,,60.0,0,0,0,,,,0,0,0,3,0,0,0,3,0,0,0,0,3,0
Bryan Catchings,81888,T,UNLV,1,100.0,0,325,60.3,73.9,60.0,0,0,2,100.0,100.0,100.0,0,0,0,3,0,0,0,3,2,2,0,3,1,0
Alvinoski LaFleur,24504,S,E MICHIGAN,3,100.0,0,160,60.0,60.5,60.0,0,0,1,100.0,100.0,100.0,1,0,0,3,0,0,0,3,1,1,0,0,2,0
Zac Krause,98015,QB,NWESTERN,1,100.0,0,256,60.0,,60.0,0,0,0,,,,0,0,0,3,0,0,0,3,0,0,0,0,3,0
Walter Haire,56555,DI,BOWL GREEN,2,100.0,0,122,60.0,,61.3,0,0,0,,,,3,0,0,3,0,0,0,3,0,0,0,0,3,0
Drake Sutton,34941,LS,E MICHIGAN,3,100.0,0,160,60.0,60.5,60.0,0,0,1,100.0,100.0,100.0,0,0,0,3,0,0,0,3,1,1,0,0,2,0
T.J. Wisham,57147,HB,LA LAFAYET,3,15.0,0,207,88.8,71.1,,0,0,2,50.0,60.0,100.0,0,0,0,3,0,0,0,20,3,5,0,0,0,0
Pyrce Taylor,60419,QB,KENT STATE,1,100.0,0,201,60.0,,60.0,0,0,0,,,,0,0,0,3,0,0,0,3,0,0,0,0,3,0
Ethan Long,97598,QB,ARIZONA ST,7,18.8,0,110,49.5,,60.0,0,0,0,0.0,0.0,,0,0,0,3,0,0,0,16,0,7,0,0,3,2
Matt Oliveira,35260,ST,S CAROLINA,2,100.0,0,289,60.0,,60.0,0,0,0,,,,0,0,0,3,0,0,0,3,0,0,0,0,3,0
Joe Davis,100590,HB,COLORADO,3,30.0,0,143,59.8,76.5,,0,0,3,75.0,75.0,100.0,0,0,0,3,0,0,0,10,3,4,0,0,0,0
Andrew Lyons,81944,G,WISCONSIN,1,100.0,0,349,60.2,,60.1,0,0,0,,,,0,0,0,3,0,3,0,3,0,0,0,0,3,0
Tyler Barnes,56190,S,SO MISS,3,100.0,0,296,60.0,67.5,60.0,0,0,2,100.0,100.0,100.0,1,0,0,3,0,0,0,3,2,2,0,0,1,0
Kris Reed,56185,WR,SO MISS,1,100.0,0,296,60.0,,59.8,0,0,0,,,,0,0,0,3,0,0,0,3,0,0,0,0,3,0
Jared Edwards,77900,G,MEMPHIS,1,100.0,0,218,54.5,,54.2,0,0,0,,,,0,0,0,3,0,3,0,3,0,0,0,0,3,0
Nolan Lynch,83965,TE,FAU,2,100.0,0,165,60.0,63.3,59.6,0,0,1,100.0,100.0,100.0,0,0,0,3,0,0,0,3,1,1,0,0,2,3
Lummie Young IV,60642,S,DUKE,3,66.7,0,154,56.9,60.5,60.0,0,0,0,0.0,50.0,,0,0,0,2,0,0,0,3,1,2,0,0,1,0
C.J. Avery,60683,LB,LOUISVILLE,2,100.0,0,210,60.0,,60.0,0,0,0,,,,1,0,0,2,0,0,0,2,0,0,0,0,2,0
Jack Sanborn,82566,LB,WISCONSIN,2,100.0,0,349,60.0,,60.0,0,0,0,,,,0,0,0,2,0,0,0,2,0,0,0,0,2,0
Adam Bay,58431,LS,WISCONSIN,2,100.0,0,349,60.0,,60.0,0,0,0,,,,0,0,0,2,0,0,0,2,0,0,0,0,2,0
Jesson Walker,83213,CB,FIU,2,100.0,0,166,60.0,,60.0,0,0,0,,,,0,0,0,2,0,0,0,2,0,0,0,0,2,0
R.J. Roderick,83376,S,S CAROLINA,2,100.0,0,289,60.0,,60.1,0,0,0,,,,1,0,0,2,0,0,0,2,0,0,0,0,2,0
Malik Shorts,83383,S,SO MISS,3,66.7,0,296,56.8,60.5,60.0,0,0,1,50.0,50.0,100.0,1,0,0,2,0,0,0,3,1,2,0,0,1,0
Rahveon Valentine,77752,HB,N ILLINOIS,3,14.3,0,254,63.0,,59.5,0,0,0,0.0,0.0,,0,0,0,2,0,0,0,14,0,6,0,0,2,0
Jack Colletto,83540,LB,OREGON ST,3,25.0,0,265,64.7,60.5,60.0,0,0,1,50.0,50.0,100.0,0,0,0,2,0,0,0,8,1,2,0,0,1,0
Seth Cottengim,58326,LS,ARK STATE,2,100.0,0,113,60.0,63.8,60.0,0,0,1,100.0,100.0,100.0,0,0,0,2,0,0,0,2,1,1,0,0,1,0
Monty Montgomery,58203,LB,LOUISVILLE,2,100.0,0,210,60.0,,60.0,0,0,0,,,,3,0,0,2,0,0,0,2,0,0,0,0,2,0
Malik Alley,58190,LB,TEXAS ST,2,100.0,0,314,60.0,63.8,60.0,0,0,1,100.0,100.0,100.0,0,0,0,2,0,0,0,2,1,1,0,0,1,0
Audley Isaacs,58177,LB,TEMPLE,2,100.0,0,306,60.0,63.8,60.0,0,0,1,100.0,100.0,100.0,1,0,0,2,0,0,0,2,1,1,0,0,1,0
Will Derrick,105790,WR,LA MONROE,1,100.0,0,209,60.0,,60.0,0,0,0,,,,0,0,0,2,0,0,0,2,0,0,0,0,2,0
Damani Staley,58136,LB,S CAROLINA,2,100.0,0,289,60.0,,60.0,0,0,0,,,,0,0,0,2,0,0,0,2,0,0,0,0,2,0
Blake Gallagher,58083,LB,NWESTERN,2,100.0,0,256,60.0,,60.0,0,0,0,,,,0,0,0,2,0,0,0,2,0,0,0,0,2,0
Jordan Cole,58069,LB,N ILLINOIS,1,100.0,0,254,60.0,,60.0,0,0,0,,,,1,0,0,2,0,0,0,2,0,0,0,0,2,0
DQ Thomas,57979,LB,MIDDLE TN,2,100.0,0,224,60.0,,60.0,0,0,0,,,,0,0,0,2,0,0,0,2,0,0,0,0,2,0
Tyler Mais,60792,S,WISCONSIN,2,100.0,0,349,60.0,,60.0,0,0,0,,,,0,0,0,2,0,0,0,2,0,0,0,0,2,0
Andres Saldivar,60887,TE,FLORIDA,1,100.0,0,163,60.0,,60.0,0,0,0,,,,0,0,0,2,0,0,0,2,0,0,0,0,2,2
Dorian Etheridge,57937,LB,LOUISVILLE,2,100.0,0,210,60.0,,60.0,0,0,0,,,,3,0,0,2,0,0,0,2,0,0,0,0,2,0
Jerry Roberts,57759,ED,BOWL GREEN,1,100.0,0,122,60.0,,60.0,0,0,0,,,,4,0,0,2,0,0,0,2,0,0,0,0,2,0
Joe Stephenson,57715,ED,ARMY,2,100.0,0,114,60.0,60.5,60.0,0,0,1,100.0,100.0,100.0,0,0,0,2,0,0,0,2,1,1,0,0,1,0
Lawrence Johnson,83726,HB,NEW MEXICO,1,33.3,0,241,55.1,,60.0,0,0,0,,0.0,,0,0,0,2,0,0,0,6,0,1,0,0,2,0
Riley Patterson,57556,WR,MEMPHIS,3,66.7,0,218,58.9,,58.6,0,0,0,,0.0,,0,0,0,2,0,0,0,3,0,1,0,0,2,0
Robert Schwob,60948,TE,MARYLAND,1,100.0,0,215,60.0,,60.0,0,0,0,,,,0,0,0,2,0,0,0,2,0,0,0,0,2,2
Dalen Cambre,102933,WR,LA LAFAYET,1,40.0,0,207,55.2,,59.9,0,0,0,0.0,0.0,,0,0,0,2,0,0,0,5,0,3,0,0,2,0
Mitchell Pryor,83798,HB,VANDERBILT,3,12.5,0,333,65.6,73.0,,0,0,2,20.0,18.2,100.0,0,0,0,2,0,0,0,16,2,11,0,0,0,0
Garland LaFrance,83804,HB,W KENTUCKY,8,10.5,0,346,58.8,,59.2,0,0,0,0.0,0.0,,0,0,0,2,0,0,0,19,0,13,0,0,2,0
Isaac Guerendo,83806,WR,WISCONSIN,1,40.0,0,349,55.1,,59.8,0,0,0,0.0,0.0,,0,0,0,2,0,0,0,5,0,2,0,0,2,0
Jake Neatherton,57364,HB,OHIO,2,22.2,0,259,54.0,72.6,60.0,0,0,1,100.0,100.0,100.0,1,0,0,2,0,0,0,9,1,1,0,0,1,0
Amari Burney,83811,LB,FLORIDA,2,100.0,0,163,60.0,,60.0,0,0,0,,,,0,0,0,2,0,0,0,2,0,0,0,0,2,0
Kelechi Nwachuku,83908,S,UTSA,2,100.0,0,331,60.0,60.5,60.0,0,0,1,100.0,100.0,100.0,0,0,0,2,0,0,0,2,1,1,0,0,1,0
KeShun Wells,57304,WR,OLE MISS,1,66.7,0,226,73.0,,60.0,0,0,0,,,,0,0,0,2,0,0,0,3,0,0,0,0,2,0
Arnold Ebiketie,56862,ED,TEMPLE,2,100.0,0,306,60.0,,60.0,0,0,0,,,,0,0,0,2,0,0,0,2,0,0,0,0,2,0
Joe Spivak,56783,DI,NWESTERN,2,100.0,0,256,60.0,,60.0,0,0,0,,,,1,0,0,2,0,0,0,2,0,0,0,0,2,0
Rodney Croom,56687,DI,MARSHALL,1,100.0,0,214,60.0,65.2,,0,0,2,100.0,100.0,100.0,0,0,0,2,0,0,0,2,2,2,0,0,0,0
Kolby Wyatt,56615,TE,GEORGIA,2,66.7,0,173,58.9,,60.0,0,0,0,0.0,0.0,,0,0,0,2,0,0,0,3,0,1,0,0,2,3
Nick Stokes,56544,DI,ARMY,2,100.0,0,114,60.0,60.9,60.0,0,0,0,,100.0,,0,0,0,2,0,0,0,2,1,1,0,0,1,0
Logan Rudolph,56338,ED,CLEMSON,2,100.0,0,140,60.0,,60.0,0,0,0,,,,0,0,0,2,0,0,0,2,0,0,0,0,2,2
Chadarius Townsend,61105,HB,ALABAMA,2,20.0,0,103,67.5,,60.0,0,0,0,,,,0,0,0,2,0,0,0,10,0,0,0,0,2,0
Ty Mason,56208,CB,TEMPLE,3,66.7,0,306,58.2,,60.0,0,0,0,0.0,0.0,,1,0,0,2,0,0,0,3,0,1,0,0,2,0
Terrence Johnson,84103,WR,ARIZONA,1,66.7,0,109,58.6,,60.0,0,0,0,0.0,0.0,,0,0,0,2,0,0,0,3,0,1,0,0,2,0
Keith Davis,84110,WR,ARIZONA ST,1,50.0,0,110,57.6,,60.0,0,0,0,0.0,0.0,,0,0,0,2,0,0,0,4,0,2,0,0,2,0
Dillon Thomas,56127,CB,N ILLINOIS,1,100.0,0,254,60.0,,60.0,0,0,0,,,,1,0,0,2,0,0,0,2,0,0,0,0,2,0
Kevin Hamilton,84132,WR,ARMY,1,66.7,0,114,58.7,,59.4,0,0,0,0.0,0.0,,0,0,0,2,0,0,0,3,0,1,0,0,2,0
Wayne Parks,56071,ED,MIDDLE TN,2,100.0,0,224,60.0,,60.0,0,0,0,,,,0,0,0,2,0,0,0,2,0,0,0,0,2,0
Tyler Couch,81695,C,KENTUCKY,1,100.0,0,202,60.0,,60.0,0,0,0,,,,0,0,0,2,2,0,0,2,0,0,0,0,2,0
Korey Hernandez,55796,CB,E MICHIGAN,3,66.7,1,160,59.7,,60.0,0,0,0,0.0,0.0,,2,0,0,2,0,0,0,3,0,1,0,0,2,0
Carlos Sandy,84215,WR,ILLINOIS,1,8.7,0,187,55.8,,60.0,0,0,0,0.0,0.0,,0,0,0,2,0,0,0,23,0,21,0,0,2,0
Will Drawdy,55434,HB,WAKE,2,50.0,0,339,57.6,,60.0,0,0,0,,,,0,0,0,2,0,0,0,4,0,0,0,0,2,0
Zac Berezowitz,84243,CB,KENTUCKY,1,100.0,0,202,60.0,,60.0,0,0,0,,,,0,0,0,2,0,0,0,2,0,0,0,0,2,0
DeAndre Williams,55174,WR,FIU,1,100.0,0,166,60.0,,60.0,0,0,0,,,,0,0,0,2,0,0,0,2,0,0,0,0,2,0
Daniel Jackson,55169,LB,FIU,2,100.0,0,166,60.0,,60.0,0,0,0,,,,0,0,0,2,0,0,0,2,0,0,0,0,2,0
Josh Powell,55159,LB,FIU,2,100.0,0,166,60.0,,60.0,0,0,0,,,,0,0,0,2,0,0,0,2,0,0,0,0,2,0
Kevin Oliver,55157,ED,FIU,2,66.7,1,166,60.0,,60.0,0,0,0,0.0,0.0,,6,0,0,2,0,0,0,3,0,1,0,0,2,0
Tevin Jones,55156,LB,FIU,2,100.0,0,166,60.0,,60.0,0,0,0,,,,0,0,0,2,0,0,0,2,0,0,0,0,2,0
Michael Kopaygorodsky,55078,HB,CINCINNATI,2,22.2,0,138,67.3,,59.1,0,0,0,,,,0,0,0,2,0,0,0,9,0,0,0,0,2,0
Nevin Wells,84303,WR,OLE MISS,1,100.0,0,226,60.0,,60.0,0,0,0,,,,0,0,0,2,0,0,0,2,0,0,0,0,2,0
Drake Beck,84306,WR,OLE MISS,1,100.0,0,226,60.0,,60.0,0,0,0,,,,0,0,0,2,0,0,0,2,0,0,0,0,2,0
Jacob Carter,84307,WR,OLE MISS,1,100.0,0,226,60.0,,60.0,0,0,0,,,,0,0,0,2,0,0,0,2,0,0,0,0,2,0
George Douglas IV,55053,LB,C MICHIGAN,2,100.0,0,134,60.0,,60.0,0,0,0,,,,0,0,0,2,0,0,0,2,0,0,0,0,2,0
Leroy Franklin,61378,WR,LA LAFAYET,1,40.0,0,207,55.5,,60.0,0,0,0,0.0,0.0,,0,0,0,2,0,0,0,5,0,3,0,0,2,0
Tarron Jackson,54410,ED,COAST CAR,2,100.0,0,141,60.0,,59.5,0,0,0,,,,0,0,0,2,0,0,0,2,0,0,0,0,2,1
Tevin Jeannis,84365,WR,OREGON,1,66.7,0,264,81.7,,60.0,0,0,0,0.0,0.0,,0,0,0,2,0,0,0,3,0,1,0,0,2,0
Mike Ruane,52109,LB,UMASS,2,100.0,0,216,60.0,60.9,60.0,0,0,1,100.0,100.0,100.0,1,0,0,2,0,0,0,2,1,1,0,0,1,0
Justin Uahinui,52068,QB,HAWAII,2,33.3,0,180,74.7,,60.0,0,0,0,0.0,0.0,,0,0,0,2,0,0,0,6,0,4,0,0,2,0
Josh Ricketts,61458,WR,OLE MISS,1,100.0,0,226,60.0,,60.0,0,0,0,,,,0,0,0,2,0,0,0,2,0,0,0,0,2,0
Brandon Pierce,105781,WR,ARIZONA ST,7,10.0,0,110,54.3,,59.6,0,0,0,0.0,0.0,,0,0,0,2,0,0,0,20,0,18,0,0,2,0
Hunter Smith,84440,WR,TEXAS A&M,1,66.7,0,312,57.7,,60.0,0,0,0,0.0,0.0,,0,0,0,2,0,0,0,3,0,1,0,0,2,0
Michael Smith,61600,WR,PITTSBURGH,1,100.0,0,268,60.0,,60.0,0,0,0,,,,0,0,0,2,0,0,0,2,0,0,0,0,2,0
Tajhea Chambers,50673,LB,ARK STATE,2,100.0,0,113,60.0,63.8,60.0,0,0,1,100.0,100.0,100.0,0,0,0,2,0,0,0,2,1,1,0,0,1,0
Eli Hanback,50615,DI,VIRGINIA,2,100.0,0,335,60.0,74.3,,0,0,2,100.0,100.0,100.0,0,0,0,2,0,1,0,2,2,2,0,1,0,0
Lucas Bacon,84505,WR,WASH STATE,1,40.0,0,341,56.6,,60.0,0,0,0,0.0,0.0,,0,0,0,2,0,0,0,5,0,3,0,0,2,0
Dominic Davis,45909,HB,USC,1,33.3,0,326,67.4,6.1,,0,0,2,66.7,50.0,100.0,0,0,0,2,0,0,0,6,2,4,0,0,0,0
Ian Deneen,86852,LS,USF,2,100.0,0,327,60.0,,60.0,0,0,0,,,,0,0,0,2,0,0,0,2,0,0,0,0,2,0
Hunter Duplessis,45501,K,UTSA,3,66.7,0,331,60.0,73.9,,0,0,0,,100.0,,0,0,0,2,0,0,0,3,2,2,0,0,0,0
Joey Palumbo,45466,C,KENT STATE,2,100.0,0,201,60.0,67.6,60.0,0,0,0,,100.0,,0,0,0,2,1,0,0,2,1,1,0,0,1,0
Tyler Hussey,81513,WR,TROY,1,100.0,0,318,60.0,,60.0,0,0,0,,,,0,0,0,2,0,0,0,2,0,0,0,0,2,0
Cole Lerch,91855,LS,TEMPLE,2,100.0,0,306,60.0,,60.0,0,0,0,,,,0,0,0,2,0,0,0,2,0,0,0,0,2,0
Chad Alexander,97065,HB,NEW MEXICO,1,25.0,0,241,70.2,66.7,60.0,0,0,1,50.0,50.0,100.0,0,0,0,2,0,0,0,8,1,2,0,0,1,0
Mario Padilla,105806,WR,OLE MISS,1,100.0,0,226,60.0,,60.0,0,0,0,,,,0,0,0,2,0,0,0,2,0,0,0,0,2,0
Chris Lovick,97101,HB,TULSA,1,16.7,0,320,69.7,73.7,,0,0,1,50.0,66.7,100.0,0,0,0,2,0,0,0,12,2,3,0,0,0,0
Paul Blackwell,81490,LS,MISS STATE,2,100.0,0,227,60.0,,60.0,0,0,0,,,,0,0,0,2,0,0,0,2,0,0,0,0,2,0
Cole Gest,45119,HB,INDIANA,4,7.7,0,190,59.8,35.2,,0,1,2,9.1,9.1,75.0,0,1,0,2,0,0,0,26,2,22,0,0,0,0
Dashaun Davis,97178,WR,APP STATE,3,28.6,0,108,55.6,,59.9,0,0,0,0.0,0.0,,0,0,0,2,0,0,0,7,0,5,0,0,2,0
Jarrett Preston,81451,LB,UTSA,2,100.0,0,331,60.0,60.5,60.0,0,0,1,100.0,100.0,100.0,0,0,0,2,0,0,0,2,1,1,0,0,1,0
Justin Warner,45020,LS,TEXAS ST,2,100.0,0,314,60.0,63.8,60.0,0,0,1,100.0,100.0,100.0,0,0,0,2,0,0,0,2,1,1,0,0,1,0
Andrew Zink,44979,LS,S ALABAMA,1,100.0,0,288,60.0,61.9,60.0,0,0,0,,100.0,,0,0,0,2,0,0,0,2,1,1,0,0,1,0
Taylor Morin,97213,WR,WAKE,1,100.0,0,339,60.0,,60.0,0,0,0,,,,0,0,0,2,0,0,0,2,0,0,0,0,2,0
Tyler Gillikin,44835,LS,NWESTERN,2,100.0,0,256,60.0,,60.0,0,0,0,,,,0,0,0,2,0,0,0,2,0,0,0,0,2,0
Cameron Kaye,44629,LS,TROY,2,100.0,0,318,60.0,61.9,60.0,0,0,0,,100.0,,0,0,0,2,0,0,0,2,1,1,0,0,1,0
Cameron Mitchell,97340,CB,NWESTERN,2,100.0,0,256,60.0,,60.0,0,0,0,,,,0,0,0,2,0,0,0,2,0,0,0,0,2,0
Jalen Alexander,97361,CB,DUKE,1,100.0,1,154,60.0,,59.9,0,0,0,,,,1,0,0,2,0,0,0,2,0,0,0,0,2,0
Brian Wendt,104202,C,AIR FORCE,1,100.0,0,101,60.0,,60.0,0,0,0,,,,0,0,0,2,2,0,0,2,0,0,0,0,2,0
Grant Tisdale,97419,QB,OLE MISS,1,33.3,0,226,90.5,,60.0,0,0,0,0.0,0.0,,0,0,0,2,0,0,0,6,0,2,0,0,2,0
Giovanni Miranda,81330,LB,NEVADA,2,100.0,0,239,60.0,,60.0,0,0,0,,,,0,0,0,2,0,0,0,2,0,0,0,0,2,0
Drake Thomas,97525,LB,NC STATE,2,100.0,0,248,60.0,,60.0,0,0,0,,,,0,0,0,2,0,0,0,2,0,0,0,0,2,0
Will Hart,43564,P,MICHIGAN,2,100.0,0,222,60.0,61.8,60.0,0,0,1,100.0,100.0,100.0,0,0,0,2,0,0,0,2,1,1,0,0,1,0
Tyler Lyle,43539,TE,E MICHIGAN,3,66.7,0,160,59.7,,60.0,0,0,0,0.0,0.0,,0,0,0,2,0,0,0,3,0,1,0,0,2,1
Arik Smith,81190,LB,ARMY,2,100.0,0,114,60.0,60.5,60.0,0,0,1,100.0,100.0,100.0,0,0,0,2,0,0,0,2,1,1,0,0,1,0
Freddie McGee III,43471,CB,E MICHIGAN,3,66.7,1,160,59.7,,60.1,0,0,0,0.0,0.0,,3,0,0,2,0,0,0,3,0,1,0,0,2,0
Jeremy Clark,61768,WR,UNLV,1,100.0,0,325,60.0,,60.0,0,0,0,,,,0,0,0,2,0,0,0,2,0,0,0,0,2,0
Michael Barulich,43383,WR,FLORIDA ST,1,40.0,0,167,55.5,,60.0,0,0,0,0.0,0.0,,0,0,0,2,0,0,0,5,0,3,0,0,2,0
Trent Ellis-Brewer,43334,LB,ARK STATE,2,100.0,0,113,60.0,63.8,60.0,0,0,1,100.0,100.0,100.0,0,0,0,2,0,0,0,2,1,1,0,0,1,0
Jared EnRico,43325,LS,NEW MEXICO,1,100.0,0,241,60.0,,60.0,0,0,0,,,,0,0,0,2,0,0,0,2,0,0,0,0,2,0
Tyler Mahnke,61791,LB,UTSA,2,100.0,0,331,60.0,60.5,60.0,0,0,1,100.0,100.0,100.0,0,0,0,2,0,0,0,2,1,1,0,0,1,0
RJ Hart,97797,WR,BALL ST,1,66.7,0,117,58.0,,60.0,0,0,0,0.0,0.0,,0,0,0,2,0,0,0,3,0,1,0,0,2,0
Quin Williams,79223,ED,GA SOUTHRN,3,66.7,0,174,60.5,63.8,60.0,0,0,0,0.0,50.0,,0,0,0,2,0,0,0,3,1,2,0,0,1,0
Ryan Bryant,105816,G,KENTUCKY,1,100.0,0,202,60.0,,60.0,0,0,0,,,,0,0,0,2,0,2,0,2,0,0,0,0,2,0
Keithian Starling Jr.,61792,WR,VANDERBILT,1,100.0,0,333,60.0,,60.0,0,0,0,,,,0,0,0,2,0,0,0,2,0,0,0,0,2,0
Devin Gil,43111,LB,MICHIGAN,2,100.0,0,222,60.0,61.8,60.0,0,0,1,100.0,100.0,100.0,0,0,0,2,0,0,0,2,1,1,0,0,1,0
Travis Whillock,43100,S,NWESTERN,2,100.0,1,256,60.0,,60.0,0,0,0,,,,1,0,0,2,0,0,0,2,0,0,0,0,2,0
Lucas Dean,97981,P,UTSA,3,40.0,0,331,71.6,,60.3,0,0,0,0.0,0.0,,0,0,0,2,0,0,0,5,0,3,0,0,2,0
Jakson Thomson,98021,QB,LA TECH,1,100.0,0,208,60.0,,60.0,0,0,0,,,,1,0,0,2,0,0,0,2,0,0,0,0,2,0
Mike Maskalunas,42820,LB,WISCONSIN,2,100.0,0,349,60.0,,60.0,0,0,0,,,,0,0,0,2,0,0,0,2,0,0,0,0,2,0
Donavan Lynch,42795,ED,ARMY,2,100.0,1,114,60.0,60.5,60.0,0,0,1,100.0,100.0,100.0,1,0,0,2,0,0,0,2,1,1,0,0,1,0
Joey Fields,61961,WR,MARSHALL,2,40.0,0,214,66.2,,60.0,0,0,0,0.0,0.0,,0,0,0,2,0,0,0,5,0,2,0,0,2,0
Isaiah Graham-Mobley,42679,LB,TEMPLE,2,100.0,0,306,60.0,,60.0,0,0,0,,,,0,0,0,2,0,0,0,2,0,0,0,0,2,0
Jake Ellington,42666,ED,ARMY,2,100.0,0,114,60.0,60.9,60.0,0,0,0,,100.0,,0,0,0,2,0,0,0,2,1,1,0,0,1,0
Wesley Johnson,105817,HB,KENTUCKY,1,100.0,0,202,60.0,,60.0,0,0,0,,,,0,0,0,2,0,0,0,2,0,0,0,0,2,0
Cole Mashburn,98147,ED,MEMPHIS,2,100.0,0,218,60.0,,59.5,0,0,0,,,,0,0,0,2,0,0,0,2,0,0,0,0,2,0
Matt Mariota,42565,WR,OREGON,1,66.7,0,264,59.2,,60.0,0,0,0,0.0,0.0,,0,0,0,2,0,0,0,3,0,1,0,0,2,0
Ryan Parker,42563,LB,ARMY,2,100.0,0,114,60.0,60.5,60.0,0,0,1,100.0,100.0,100.0,0,0,0,2,0,0,0,2,1,1,0,0,1,0
Peter Bush,42478,LB,MICHIGAN,2,100.0,0,222,60.0,61.8,60.0,0,0,1,100.0,100.0,100.0,0,0,0,2,0,0,0,2,1,1,0,0,1,0
Alonzo McCoy,42383,S,C MICHIGAN,2,100.0,1,134,60.0,,60.0,0,0,0,,,,4,0,0,2,0,0,0,2,0,0,0,0,2,0
Tyler Thurman,78385,T,MIDDLE TN,1,100.0,0,224,59.7,,58.4,0,0,0,,,,0,0,0,2,0,0,2,2,0,0,0,0,2,0
Blake Catlett,78269,C,MIDDLE TN,1,100.0,0,224,60.0,,56.7,0,0,0,,,,0,0,0,2,2,0,0,2,0,0,0,0,2,0
Kyle Bilodeau,98378,TE,PURDUE,2,66.7,0,273,47.0,,40.6,0,0,0,0.0,0.0,,0,0,0,2,0,0,0,3,0,1,0,0,2,1
Lee Dudley,104218,C,VIRGINIA,2,100.0,0,335,60.0,70.8,,0,0,2,100.0,100.0,100.0,0,0,0,2,1,0,0,2,2,2,0,0,0,1
Kyle Buckner,42014,WR,OREGON,1,66.7,0,264,59.4,,60.0,0,0,0,0.0,0.0,,0,0,0,2,0,0,0,3,0,1,0,0,2,0
Drake Carroll,78248,G,LA TECH,2,100.0,0,208,60.0,,60.0,0,0,0,,,,0,0,0,2,0,0,0,2,0,0,1,0,2,1
Jake Norris,41901,WR,LA TECH,1,100.0,0,208,60.0,,60.0,0,0,0,,,,0,0,0,2,0,0,0,2,0,0,0,0,2,0
Falcon Kaumatule,73148,TE,UTAH,1,100.0,0,328,54.8,,46.9,0,0,0,,,,0,0,0,2,0,0,0,2,0,0,0,0,2,2
Adam Beale,78166,WR,TOLEDO,1,50.0,0,316,56.4,,58.9,0,0,0,0.0,0.0,,0,0,0,2,0,0,0,4,0,2,0,0,2,0
Vince Calhoun,41655,S,E MICHIGAN,2,100.0,1,160,60.0,60.5,60.0,0,0,1,100.0,100.0,100.0,2,0,0,2,0,0,0,2,1,1,0,0,1,0
Evan Deckers,75827,LS,UMASS,2,100.0,0,216,60.0,60.9,60.0,0,0,1,100.0,100.0,100.0,0,0,0,2,0,0,0,2,1,1,0,0,1,0
Julian Hernandez,98570,G,VANDERBILT,1,100.0,0,333,59.7,,59.6,0,0,0,,,,0,0,0,2,0,2,0,2,0,0,0,0,2,0
Jaquel Pierce,41589,ED,TEXAS ST,2,100.0,0,314,60.0,63.8,60.0,0,0,1,100.0,100.0,100.0,0,0,0,2,0,0,0,2,1,1,0,0,1,0
Derek Ferraro,75873,T,RICE,2,100.0,0,275,59.5,,58.1,0,0,0,,,,0,0,0,2,0,0,1,2,0,0,0,1,2,0
Chuck Davis,41483,WR,VIRGINIA,2,40.0,0,335,55.2,,60.0,0,0,0,0.0,0.0,,0,0,0,2,0,0,0,5,0,3,0,0,2,0
Logan Wright,41403,G,APP STATE,1,100.0,0,108,62.6,,63.5,0,0,0,,,,0,0,0,2,0,2,0,2,0,0,0,0,2,0
Thomas Pannunzio,75953,WR,COLO STATE,2,50.0,0,144,58.3,,60.0,0,0,0,0.0,0.0,,0,0,0,2,0,0,0,4,0,2,0,0,2,0
Taje Williams,78095,WR,OKLA STATE,1,50.0,0,262,56.7,,60.0,0,0,0,0.0,0.0,,0,0,0,2,0,0,0,4,0,2,0,0,2,0
Doug Bates,41258,TE,TOLEDO,1,100.0,0,316,60.0,,60.0,0,0,0,,,,0,0,0,2,0,0,0,2,0,0,0,0,2,2
Harry Schwartz,41222,WR,STANFORD,1,66.7,0,300,58.3,,60.0,0,0,0,0.0,0.0,,0,0,0,2,0,0,0,3,0,1,0,0,2,0
Rolliann Sturkey,76786,CB,C MICHIGAN,2,100.0,0,134,60.0,,60.1,0,0,0,,,,0,0,0,2,0,0,0,2,0,0,0,0,2,0
Sorrell Brown,78068,WR,TULANE,1,100.0,0,319,60.0,,60.0,0,0,0,,,,0,0,0,2,0,0,0,2,0,0,0,0,2,0
Brayden Utley,76833,ED,BAYLOR,2,100.0,0,118,60.0,61.9,60.0,0,0,0,,100.0,,0,0,0,2,0,0,0,2,1,1,0,0,1,0
Greg Rousseau,76889,ED,MIAMI FL,2,100.0,0,220,60.0,,60.1,0,0,0,,,,1,0,0,2,0,0,0,2,0,0,0,0,2,0
Ben Maleszyk,77693,WR,C MICHIGAN,1,100.0,0,134,60.0,,60.0,0,0,0,,,,0,0,0,2,0,0,0,2,0,0,0,0,2,0
Jeffrey Griffin Jr.,76961,DI,N ILLINOIS,1,100.0,0,254,60.0,,60.1,0,0,0,,,,0,0,0,2,0,0,0,2,0,0,0,0,2,0
Thomas Mattioni,78035,WR,TEMPLE,1,66.7,0,306,61.0,,59.9,0,0,0,0.0,0.0,,0,0,0,2,0,0,0,3,0,1,0,0,2,0
Tommy Christ,76995,DI,VIRGINIA,1,100.0,0,335,60.0,,60.0,0,0,0,,,,0,0,0,2,0,0,0,2,0,0,0,2,2,0
Spencer Roe,77017,TE,KANSAS,2,66.7,0,198,83.2,,58.5,0,0,0,0.0,0.0,,0,0,0,2,0,0,0,3,0,1,0,0,2,3
Kinkead Dent,99132,QB,OLE MISS,1,50.0,0,226,64.3,,60.0,0,0,0,,,,0,0,0,2,0,0,0,4,0,0,0,0,2,0
Brice Johnson,99134,WR,OLE MISS,1,100.0,0,226,60.0,,60.0,0,0,0,,,,0,0,0,2,0,0,0,2,0,0,0,0,2,0
Trey Wolff,77076,K,TEXAS TECH,2,100.0,0,315,60.0,,60.1,0,0,0,,,,0,0,0,2,0,0,0,2,0,0,0,0,2,0
Sevaughn Clark,99159,HB,GEORGIA,2,25.0,0,173,60.0,,60.0,0,0,0,,,,0,0,0,2,0,0,0,8,0,0,0,0,2,0
Anthony Summey,99160,HB,GEORGIA,2,100.0,0,173,60.0,,60.0,0,0,0,,,,0,0,0,2,0,0,0,2,0,0,0,0,2,0
Spencer Jones,40339,WR,OKLAHOMA,1,100.0,0,261,60.0,,60.0,0,0,0,,,,0,0,0,2,0,0,0,2,0,0,0,0,2,0
T.Q. Jackson,99217,WR,ARKANSAS,3,16.7,0,111,55.4,,60.0,0,0,0,0.0,0.0,,1,0,0,2,0,0,0,12,0,10,0,0,2,0
Ryan Velez,40122,S,ARMY,2,100.0,0,114,60.0,60.5,60.0,0,0,1,100.0,100.0,100.0,1,0,0,2,0,0,0,2,1,1,0,0,1,0
Jack White,99234,WR,OLE MISS,1,100.0,0,226,60.0,,60.0,0,0,0,,,,0,0,0,2,0,0,0,2,0,0,0,0,2,0
Austin McNamara,99363,K,TEXAS TECH,2,66.7,0,315,71.7,,59.9,0,0,0,0.0,0.0,,0,0,0,2,0,0,0,3,0,1,0,0,2,0
Mick Assaf,40063,HB,NOTRE DAME,4,18.2,0,258,67.2,,60.0,0,0,0,,,,0,0,0,2,0,0,0,11,0,0,0,0,2,0
Sam Snyder,99525,TE,BAYLOR,1,100.0,0,118,60.0,,80.7,0,0,0,,,,0,0,0,2,0,0,0,2,0,0,0,0,2,2
Jake Sopko,39933,QB,CINCINNATI,1,66.7,0,138,60.0,,60.0,0,0,0,,,,0,0,0,2,0,0,0,3,0,0,0,0,2,0
Gabe Simpson,99542,WR,OKLA STATE,1,100.0,0,262,60.0,,60.0,0,0,0,,,,0,0,0,2,0,0,0,2,0,0,0,0,2,0
Logan Burnett,39867,QB,MISS STATE,2,50.0,0,227,62.4,,60.0,0,0,0,0.0,0.0,,0,0,0,2,0,0,0,4,0,1,0,0,2,0
Davis Witt,39855,WR,MIDDLE TN,1,100.0,0,224,60.0,,60.0,0,0,0,,,,0,0,0,2,0,0,0,2,0,0,0,0,2,0
Jordan Middleton,39854,QB,MIDDLE TN,1,100.0,0,224,60.0,,60.0,0,0,0,,,,0,0,0,2,0,0,0,2,0,0,0,0,2,0
Clay James,77286,LS,MIAMI FL,2,100.0,0,220,60.0,,60.0,0,0,0,,,,0,0,0,2,0,0,0,2,0,0,0,0,2,0
Frankie Griffin,39616,S,TEXAS ST,2,100.0,0,314,60.0,63.8,60.0,0,0,1,100.0,100.0,100.0,3,0,0,2,0,0,0,2,1,1,0,0,1,0
Tre Young,99601,WR,FLORIDA ST,1,40.0,0,167,55.1,,60.0,0,0,0,0.0,0.0,,0,0,0,2,0,0,0,5,0,3,0,0,2,0
Jace Ruder,77680,QB,N CAROLINA,2,25.0,0,245,61.7,,60.0,0,0,0,0.0,0.0,,0,0,0,2,0,0,0,8,0,3,0,0,2,0
Jacob Van Landingham,99633,WR,VA TECH,1,100.0,0,337,60.0,,60.0,0,0,0,,,,0,0,0,2,0,0,0,2,0,0,0,0,2,0
Kendrell Flowers,142763,HB,WAKE,1,18.2,0,339,65.3,72.7,60.0,0,0,1,100.0,100.0,100.0,0,0,0,2,0,0,0,11,1,1,0,0,1,0
Jalen Harrison,99647,TE,VIRGINIA,1,100.0,0,335,60.0,,60.0,0,0,0,,,,0,0,0,2,0,0,0,2,0,0,0,0,2,2
Marcus Kelly,39055,ED,N ILLINOIS,1,100.0,0,254,60.0,,59.4,0,0,0,,,,0,0,0,2,0,0,0,2,0,0,0,0,2,0
Ladante Harris,38962,CB,FAU,1,100.0,0,165,60.0,,60.0,0,0,0,,,,0,0,0,2,0,0,0,2,0,0,0,0,2,0
Caleb Ward,77952,WR,FLORIDA ST,1,100.0,0,167,60.0,,60.0,0,0,0,,,,0,0,0,2,0,0,0,2,0,0,0,0,2,0
Orlando Heggs II,77347,G,WAKE,1,100.0,0,339,63.2,,64.0,0,0,0,,,,0,0,0,2,0,0,0,2,0,0,2,0,2,0
Malik Manciel,36502,DI,MIDDLE TN,2,100.0,1,224,60.0,,60.0,0,0,0,,,,2,0,0,2,0,0,0,2,0,0,0,0,2,0
Sataoa Laumea,100525,G,UTAH,1,100.0,0,328,63.5,,64.2,0,0,0,,,,0,0,0,2,0,0,0,2,0,0,2,0,2,0
Tyshun Render,35744,ED,MIDDLE TN,2,100.0,0,224,60.0,,60.0,0,0,0,,,,2,0,0,2,0,0,0,2,0,0,0,0,2,0
Dominique Thompson,100636,WR,UTAH,1,100.0,0,328,60.0,,60.0,0,0,0,,,,0,0,0,2,0,0,0,2,0,0,0,0,2,0
Cameron Cotton,77896,TE,KANSAS ST,1,100.0,0,199,58.5,,55.5,0,0,0,,,,0,0,0,2,0,0,0,2,0,0,0,0,2,1
Dalton Bishop,77441,G,OKLAHOMA,1,100.0,0,261,60.0,,60.0,0,0,0,,,,0,0,0,2,0,2,0,2,0,0,0,0,2,0
Guy McCarthy,100869,WR,FAU,1,100.0,0,165,59.7,,59.1,0,0,0,,,,0,0,0,2,0,0,0,2,0,0,0,0,2,0
Doyle Adams Jr.,100873,WR,LA TECH,1,100.0,0,208,59.9,,59.7,0,0,0,,,,0,0,0,2,0,0,0,2,0,0,0,0,2,0
Ayron Monroe,34783,S,TEMPLE,2,100.0,0,306,60.0,,60.0,0,0,0,,,,2,0,0,2,0,0,0,2,0,0,0,0,2,0
Rex Sunahara,34769,LS,W VIRGINIA,2,100.0,0,343,60.0,60.5,60.0,0,0,1,100.0,100.0,100.0,0,0,0,2,0,0,0,2,1,1,0,0,1,0
Ross Matiscik,34710,LB,BAYLOR,2,100.0,0,118,60.0,,60.0,0,0,0,,,,0,0,0,2,0,0,0,2,0,0,0,0,2,0
Jonathon Lee,100965,HB,NAVY,2,100.0,0,237,60.0,,60.0,0,0,0,,,,0,0,0,2,0,0,0,2,0,0,0,0,2,0
Ronald Gaines,101011,LS,TEMPLE,2,100.0,0,306,60.0,63.8,60.0,0,0,1,100.0,100.0,100.0,0,0,0,2,0,0,0,2,1,1,0,0,1,0
Zack Baun,34632,ED,WISCONSIN,2,100.0,1,349,60.0,,60.0,0,0,0,,,,7,0,0,2,0,0,0,2,0,0,0,0,2,0
Dane Saltarelli,77876,TE,OKLAHOMA,1,100.0,0,261,60.0,,60.0,0,0,0,,,,0,0,0,2,0,0,0,2,0,0,0,0,2,2
Marshe' Terry,34384,LB,N ILLINOIS,1,100.0,0,254,60.0,,60.0,0,0,0,,,,0,0,0,2,0,0,0,2,0,0,0,0,2,0
Ventine Richardson,101100,TE,UCONN,1,100.0,0,146,60.0,,60.0,0,0,0,,,,0,0,0,2,0,0,0,2,0,0,0,0,2,2
Adam Stilley,77470,C,W VIRGINIA,1,100.0,0,343,60.0,,59.8,0,0,0,,,,0,0,0,2,2,0,0,2,0,0,0,0,2,0
Justin Rohrwasser,34332,P,MARSHALL,1,100.0,0,214,60.0,65.2,,0,0,2,100.0,100.0,100.0,0,0,0,2,0,0,0,2,2,2,0,0,0,0
Josh Holl,77649,QB,TULANE,1,66.7,0,319,54.9,,60.0,0,0,0,,,,0,0,0,2,0,0,0,3,0,0,0,0,2,0
Khalil Brooks,34161,LB,MIDDLE TN,2,100.0,0,224,60.0,,60.0,0,0,0,,,,0,0,0,2,0,0,0,2,0,0,0,0,2,0
Darreon Jackson,34032,S,ARK STATE,2,100.0,1,113,60.0,63.8,60.0,0,0,1,100.0,100.0,100.0,6,0,0,2,0,0,0,2,1,1,0,0,1,0
Joe Bergin,33913,S,NWESTERN,2,100.0,0,256,60.0,,60.0,0,0,0,,,,0,0,0,2,0,0,0,2,0,0,0,0,2,0
Joseph Charlton,33672,K,S CAROLINA,2,66.7,0,289,78.2,,59.9,0,0,0,,,,0,0,0,2,0,0,0,3,0,0,0,0,2,0
Jocquez Bruce,33038,WR,MIDDLE TN,2,13.3,0,224,63.1,,60.0,0,0,0,0.0,0.0,,0,0,0,2,0,0,0,15,0,13,0,0,2,0
Ta'Quan Roberson,101625,QB,PENN STATE,1,50.0,0,266,48.4,,60.0,0,0,0,0.0,0.0,,0,0,0,2,0,0,0,4,0,1,0,0,2,0
Trayshon Foster,27831,S,N ILLINOIS,1,100.0,0,254,60.0,,60.1,0,0,0,,,,5,0,0,2,0,0,0,2,0,0,0,0,2,0
Tyler Devera,101676,TE,MARYLAND,1,100.0,0,215,60.0,,60.0,0,0,0,,,,0,0,0,2,0,0,0,2,0,0,0,0,2,2
Clay Cundiff,101681,TE,WISCONSIN,1,50.0,0,349,58.5,,60.0,0,0,0,0.0,0.0,,0,0,0,2,0,0,0,4,0,2,0,0,2,3
Lorenzo Lingard,77779,HB,MIAMI FL,1,100.0,0,220,60.0,,59.5,0,0,0,,,,0,0,0,2,0,0,0,2,0,0,0,0,2,0
Jeremiah Moon,26453,ED,FLORIDA,2,100.0,1,163,60.0,,60.0,0,0,0,,,,1,0,0,2,0,0,0,2,0,0,0,0,2,0
Jared Rus,77770,TE,IOWA STATE,1,100.0,0,193,60.0,,59.6,0,0,0,,,,0,0,0,2,0,0,0,2,0,0,0,0,2,2
Koby Quansah,26145,LB,DUKE,1,100.0,1,154,60.0,,60.0,0,0,0,,,,3,0,0,2,0,0,0,2,0,0,0,0,2,0
Blaine Scott,77546,G,W VIRGINIA,1,100.0,0,343,60.0,,59.9,0,0,0,,,,0,0,0,2,0,0,0,2,0,0,2,0,2,0
Jahmyl Jeter,77759,HB,OKLA STATE,1,10.0,0,262,69.1,71.5,60.0,0,0,1,12.5,12.5,100.0,0,0,0,2,0,0,0,20,1,8,0,0,1,0
Anthony Adkins,102880,HB,ARMY,2,18.2,0,114,72.9,,59.5,0,0,0,,,,0,0,0,2,0,0,0,11,0,0,0,0,2,0
Amani Trigg-Wright,81887,G,UNLV,1,100.0,0,325,59.8,,59.7,0,0,0,,,,0,0,0,2,0,2,0,2,0,0,0,0,2,0
Matthew Napier,81997,T,KENTUCKY,1,100.0,0,202,60.0,,60.0,0,0,0,,,,0,0,0,2,0,0,0,2,0,0,0,2,2,0
Marc Roland,60028,G,PURDUE,1,100.0,0,273,60.0,,60.0,0,0,0,,,,0,0,0,2,0,0,0,2,0,0,1,0,2,0
Cole Webster,59958,T,N ILLINOIS,1,100.0,0,254,60.0,,60.0,0,0,0,,,,0,0,0,2,0,0,2,2,0,0,0,0,2,0
Zack Aylor,81878,G,UAB,2,100.0,0,321,60.0,63.8,60.0,0,0,1,100.0,100.0,100.0,0,0,0,2,0,0,0,2,1,1,0,0,1,0
Cameron Ekanayake,60501,HB,NOTRE DAME,1,100.0,0,258,60.0,,60.0,0,0,0,,,,0,0,0,2,0,0,0,2,0,0,0,0,2,0
Jaylen Gipson,60561,WR,TEXAS ST,2,28.6,0,314,54.8,,60.0,0,0,0,0.0,0.0,,0,0,0,2,0,0,0,7,0,5,0,0,2,0
Jamauri Wakefield,41185,HB,VANDERBILT,1,16.7,0,333,65.8,67.5,,0,0,1,20.0,20.0,100.0,0,0,0,1,0,0,0,6,1,5,0,0,0,0
Montrae Braswell,76783,CB,C MICHIGAN,1,100.0,0,134,60.0,,60.0,0,0,0,,,,1,0,0,1,0,0,0,1,0,0,0,0,1,0
Eli Sullivan,43304,S,NEBRASKA,1,100.0,0,238,60.0,,60.0,0,0,0,,,,0,0,0,1,0,0,0,1,0,0,0,0,1,0
Qwuantrezz Knight,43322,S,KENT STATE,1,100.0,0,201,60.0,,60.0,0,0,0,,,,2,0,0,1,0,0,0,1,0,0,0,0,1,0
Bronson Boyd,61776,CB,UTAH,1,100.0,0,328,60.0,,60.0,0,0,0,,,,0,0,0,1,0,0,0,1,0,0,0,0,1,0
Jordan Helm,43329,S,FAU,1,100.0,0,165,60.0,,60.0,0,0,0,,,,0,0,0,1,0,0,0,1,0,0,0,0,1,0
Jaydon Grant,43354,CB,OREGON ST,1,100.0,0,265,60.0,60.5,,0,0,1,100.0,100.0,100.0,0,0,0,1,0,0,0,1,1,1,0,0,0,0
Nick Eury,40917,HB,PENN STATE,1,14.3,0,266,82.4,,60.0,0,0,0,,,,0,0,0,1,0,0,0,7,0,0,0,0,1,0
Connor Taylor,79520,LB,LA TECH,1,100.0,0,208,60.0,,60.0,0,0,0,,,,1,0,0,1,0,0,0,1,0,0,0,0,1,0
Josh Wallace,97676,CB,UMASS,1,100.0,2,216,60.0,,60.0,0,0,0,,,,3,0,0,1,0,0,0,1,0,0,0,0,1,0
Daric Whipple,40848,FB,IOWA STATE,1,100.0,0,193,60.0,,60.0,0,0,0,,,,0,0,0,1,0,0,0,1,0,0,0,0,1,0
Erroll Thompson,43392,LB,MISS STATE,1,100.0,0,227,60.0,,60.0,0,0,0,,,,1,0,0,1,0,0,0,1,0,0,0,0,1,0
Hauati Pututau,43425,DI,UTAH,1,100.0,0,328,60.0,,60.0,0,0,0,,,,1,0,0,1,0,0,0,1,0,0,0,0,1,0
Demetrius Stitmon,43485,LB,DOMINION,1,100.0,0,263,60.0,,60.0,0,0,0,,,,0,0,0,1,0,0,0,1,0,0,0,0,1,0
Joseph Miller,43499,LB,W MICHIGAN,1,100.0,0,347,60.0,,60.0,0,0,0,,,,0,0,0,1,0,0,0,1,0,0,0,0,1,0
Willie Reid,76784,S,C MICHIGAN,1,100.0,1,134,60.0,,60.0,0,0,0,,,,3,0,0,1,0,0,0,1,0,0,0,0,1,0
David Curry,26573,LB,GA TECH,1,100.0,0,176,60.0,60.5,,0,0,1,100.0,100.0,100.0,1,0,0,1,0,0,0,1,1,1,0,0,0,0
Jabari Moore,102681,CB,ARMY,1,100.0,0,114,60.0,,60.0,0,0,0,,,,0,0,0,1,0,0,0,1,0,0,0,0,1,0
Kobe Jones,43511,ED,MISS STATE,1,100.0,0,227,60.0,,60.0,0,0,0,,,,1,0,0,1,0,0,0,1,0,0,0,0,1,0
Quavaris Crouch,97635,ED,TENNESSEE,6,12.5,0,307,51.3,,60.0,0,0,0,,,,0,0,0,1,0,0,0,8,0,0,0,0,1,0
Chris Crumb,43519,DI,BALL ST,1,100.0,0,117,60.0,,60.0,0,0,0,,,,3,0,0,1,0,0,0,1,0,0,0,0,1,0
Demarcus Jones,98745,WR,SO MISS,1,100.0,0,296,60.0,,60.0,0,0,0,,,,0,0,0,1,0,0,0,1,0,0,0,0,1,0
Charlie Thomas III,76790,LB,GA TECH,1,100.0,0,176,60.0,60.5,,0,0,1,100.0,100.0,100.0,0,0,0,1,0,0,0,1,1,1,0,0,0,0
Jordan Young,43537,LB,DOMINION,1,100.0,0,263,60.0,,60.0,0,0,0,,,,0,0,0,1,0,0,0,1,0,0,0,0,1,0
Damir Faison,76800,FB,E CAROLINA,1,50.0,0,156,58.7,,60.0,0,0,0,0.0,0.0,,0,0,0,1,0,0,0,2,0,1,0,0,1,0
Cole Talley,102744,K,ARMY,1,100.0,0,114,60.0,,60.0,0,0,0,,,,0,0,0,1,0,0,0,1,0,0,0,0,1,0
Marlon Character,43550,CB,LOUISVILLE,1,100.0,0,210,60.0,,60.0,0,0,0,,,,2,0,0,1,0,0,0,1,0,0,0,0,1,0
Aaron Hansford,40694,LB,TEXAS A&M,1,100.0,0,312,60.0,,60.0,0,0,0,,,,0,0,0,1,0,0,0,1,0,0,0,0,1,0
DeJordan Mask,97611,S,TEXAS ST,1,100.0,0,314,60.0,,60.0,0,0,0,,,,0,0,0,1,0,0,0,1,0,0,0,0,1,0
Te'Cory Couch,98755,CB,MIAMI FL,1,100.0,0,220,60.0,,60.0,0,0,0,,,,0,0,0,1,0,0,0,1,0,0,0,0,1,0
Cam Jones,81244,LB,INDIANA,1,100.0,0,190,60.0,,60.0,0,0,0,,,,1,0,0,1,0,0,0,1,0,0,0,0,1,0
Micah McFadden,81246,LB,INDIANA,1,100.0,0,190,60.0,,60.0,0,0,0,,,,2,0,0,1,0,0,0,1,0,0,0,0,1,0
Nay'Quan Wright,98803,HB,FLORIDA,3,5.3,0,163,60.5,,60.0,0,0,0,0.0,0.0,,0,0,0,1,0,0,0,19,0,6,0,0,1,0
Thomas Fletcher,58319,LS,ALABAMA,1,100.0,0,103,60.0,,60.0,0,0,0,,,,0,0,0,1,0,0,0,1,0,0,0,0,1,0
Jeremiah Jones,43597,CB,TROY,1,100.0,0,318,60.0,,60.0,0,0,0,,,,0,0,0,1,0,0,0,1,0,0,0,0,1,0
Miles Daniel,43623,CB,KENT STATE,1,100.0,0,201,60.0,,60.0,0,0,0,,,,0,0,0,1,0,0,0,1,0,0,0,0,1,0
Myles Rice,43825,ED,WASHINGTON,1,100.0,0,340,60.0,,60.0,0,0,0,,,,0,0,0,1,0,0,0,1,0,0,0,0,1,0
Cole Christiansen,43856,LB,ARMY,2,50.0,0,114,66.8,60.5,,0,0,1,100.0,100.0,100.0,0,0,0,1,0,0,0,2,1,1,0,0,0,0
Jammie Robinson,98836,CB,S CAROLINA,1,100.0,1,289,60.0,,60.0,0,0,0,,,,2,0,0,1,0,0,0,1,0,0,0,0,1,0
Jordan Miller,76890,DI,MIAMI FL,1,100.0,0,220,60.0,,60.0,0,0,0,,,,0,0,0,1,0,0,0,1,0,0,0,0,1,0
Jordan Battle,98857,S,ALABAMA,1,100.0,0,103,60.0,,60.0,0,0,0,,,,1,0,0,1,0,0,0,1,0,0,0,0,1,0
Randy Wade Jr.,43888,ED,GA SOUTHRN,1,100.0,0,174,60.0,,60.0,0,0,0,,,,1,0,0,1,0,0,0,1,0,0,0,0,1,0
Hamilcar Rashed,44025,ED,OREGON ST,1,100.0,0,265,60.0,60.5,,0,0,1,100.0,100.0,100.0,1,0,0,1,0,0,0,1,1,1,0,0,0,0
Jarrod Carter-McLin,44042,ED,UTSA,1,100.0,1,331,60.0,60.9,,0,0,0,,100.0,,4,0,0,1,0,0,0,1,1,1,0,0,0,0
Cameron McGrone,81300,LB,MICHIGAN,1,100.0,1,222,60.0,61.8,,0,0,1,100.0,100.0,100.0,3,0,0,1,0,0,0,1,1,1,0,0,0,0
Dax Hill,97519,S,MICHIGAN,2,50.0,0,222,72.8,,60.0,0,0,0,0.0,0.0,,1,0,0,1,0,0,0,2,0,1,0,0,1,0
Christian Williams,97498,CB,MIAMI FL,1,100.0,0,220,60.0,,60.0,0,0,0,,,,0,0,0,1,0,0,0,1,0,0,0,0,1,0
T.J. Brunson,44198,LB,S CAROLINA,1,100.0,0,289,60.0,,60.0,0,0,0,,,,3,0,0,1,0,0,0,1,0,0,0,0,1,0
Blake Trainor,99051,T,TEXAS A&M,1,100.0,0,312,60.0,,60.0,0,0,0,,,,0,0,0,1,0,0,0,1,0,0,0,1,1,0
Aaron Brule,81318,LB,MISS STATE,1,100.0,0,227,60.0,,60.0,0,0,0,,,,0,0,0,1,0,0,0,1,0,0,0,0,1,0
Nick Bolton,81322,LB,MISSOURI,1,100.0,1,229,60.0,,60.0,0,0,0,,,,1,0,0,1,0,0,0,1,0,0,0,0,1,0
Derek Dorsey,44209,DI,LOUISVILLE,1,100.0,0,210,60.0,,60.0,0,0,0,,,,0,0,0,1,0,0,0,1,0,0,0,0,1,0
Terez Dickerson,13811,LB,DOMINION,1,100.0,0,263,60.0,,60.0,0,0,0,,,,0,0,0,1,0,0,0,1,0,0,0,0,1,0
Pat Bethel,44218,DI,MIAMI FL,1,100.0,0,220,60.0,,60.0,0,0,0,,,,2,0,0,1,0,0,0,1,0,0,0,0,1,0
Sam Cookman,76931,ED,W VIRGINIA,1,100.0,0,343,60.0,,60.0,0,0,0,,,,0,0,0,1,0,0,0,1,0,0,0,0,1,0
Jaylon Hutchings,76940,DI,TEXAS TECH,2,33.3,0,315,62.5,60.5,,0,0,1,100.0,100.0,100.0,0,0,0,1,0,0,0,3,1,1,0,0,0,0
Scott Meyer,58320,ST,VANDERBILT,1,100.0,0,333,60.0,,60.0,0,0,0,,,,0,0,0,1,0,0,0,1,0,0,0,0,1,0
Jordan Silver,58325,LS,ARKANSAS,1,100.0,0,111,60.0,60.5,,0,0,1,100.0,100.0,100.0,0,0,0,1,0,0,0,1,1,1,0,0,0,0
Trent Schneider,77592,P,USF,1,100.0,0,327,60.0,,60.0,0,0,0,,,,0,0,0,1,0,0,0,1,0,0,0,0,1,0
Dylan Horton,81335,ED,NEW MEXICO,1,100.0,0,241,60.0,,60.0,0,0,0,,,,0,0,0,1,0,0,0,1,0,0,0,0,1,0
Reeves Blankenship,58358,C,LA TECH,1,100.0,0,208,60.0,,60.0,0,0,0,,,,0,0,0,1,0,0,0,1,0,0,0,0,1,0
Dallas Gant,81352,LB,OHIO STATE,1,100.0,0,260,60.0,60.5,,0,0,1,100.0,100.0,100.0,0,0,0,1,0,0,0,1,1,1,0,0,0,0
Joshuwa Eldridge,44316,DI,C MICHIGAN,1,100.0,1,134,60.0,60.5,,0,0,1,100.0,100.0,100.0,2,0,0,1,0,0,0,1,1,1,0,0,0,0
John McCartan,81357,ED,OREGON ST,1,100.0,0,265,60.0,60.5,,0,0,1,100.0,100.0,100.0,1,0,0,1,0,0,0,1,1,1,0,0,0,0
Jack Heflin,44570,DI,N ILLINOIS,1,100.0,0,254,60.0,,60.0,0,0,0,,,,0,0,0,1,0,0,0,1,0,0,0,0,1,0
Deion Hankins,97310,HB,UTEP,2,10.0,0,330,69.1,72.2,,0,0,1,100.0,100.0,100.0,0,0,0,1,0,0,0,10,1,1,0,0,0,0
Leki Fotu,44614,DI,UTAH,1,100.0,1,328,60.0,,60.0,0,0,0,,,,2,0,0,1,0,0,0,1,0,0,0,0,1,0
Keith Duncan,44649,K,IOWA,1,100.0,0,192,60.0,60.9,,0,0,0,,100.0,,0,0,0,1,0,0,0,1,1,1,0,0,0,0
Evan Staley,44672,K,W VIRGINIA,1,100.0,0,343,60.0,,60.0,0,0,0,,,,0,0,0,1,0,0,0,1,0,0,0,0,1,0
Connor Choate,58365,LS,TEXAS A&M,1,100.0,0,312,60.0,,60.0,0,0,0,,,,0,0,0,1,0,0,0,1,0,0,0,0,1,0
KJ Robertson,81421,LB,TROY,1,100.0,0,318,60.0,,60.0,0,0,0,,,,1,0,0,1,0,0,0,1,0,0,0,0,1,0
Francis Bernard,44722,LB,UTAH,1,100.0,0,328,60.0,,60.0,0,0,0,,,,3,0,0,1,0,0,0,1,0,0,0,0,1,0
Bobby Hill,44800,LS,NEVADA,1,100.0,0,239,60.0,,60.0,0,0,0,,,,0,0,0,1,0,0,0,1,0,0,0,0,1,0
Preston Brady,58366,QB,MEMPHIS,3,33.3,0,218,66.7,,60.0,0,0,0,,0.0,,0,0,0,1,0,0,0,3,0,1,0,0,1,0
Jared Nash,44870,LS,W KENTUCKY,1,100.0,0,346,60.0,,60.0,0,0,0,,,,0,0,0,1,0,0,0,1,0,0,0,0,1,0
Rashad Wisdom,97249,CB,UTSA,2,50.0,0,331,70.6,,60.0,0,0,0,0.0,0.0,,0,0,0,1,0,0,0,2,0,1,0,0,1,0
Brandon Crossley,97225,CB,COLO STATE,1,100.0,0,144,60.0,,60.0,0,0,0,,,,1,0,0,1,0,0,0,1,0,0,0,0,1,0
Robby Rowell,82097,QB,CAL,1,16.7,0,130,58.4,,60.0,0,0,0,0.0,0.0,,0,0,0,1,0,0,0,6,0,4,0,0,1,0
Clarke Smith,44898,LS,AUBURN,1,100.0,0,115,60.0,60.5,,0,0,1,100.0,100.0,100.0,0,0,0,1,0,0,0,1,1,1,0,0,0,0
Karson Thomas,58373,LS,NEVADA,1,100.0,0,239,60.0,,60.0,0,0,0,,,,0,0,0,1,0,0,0,1,0,0,0,0,1,0
Derion Kendrick,78022,CB,CLEMSON,1,100.0,0,140,60.0,,60.0,0,0,0,,,,6,0,0,1,0,0,0,1,0,0,0,0,1,0
Coby Tillman,77032,TE,OKLAHOMA,1,100.0,0,261,60.0,,57.5,0,0,0,,,,0,0,0,1,0,0,0,1,0,0,0,0,1,1
John Mayers,77068,K,BAYLOR,2,50.0,0,118,59.8,,60.0,0,0,0,,0.0,,0,0,0,1,0,0,0,2,0,1,0,0,1,0
Fred Orr,99144,HB,TENNESSEE,1,11.1,0,307,62.9,,60.0,0,0,0,0.0,0.0,,0,0,0,1,0,0,0,9,0,1,0,0,1,0
A.J. Musolino,60667,LB,KENT STATE,1,100.0,0,201,60.0,,60.0,0,0,0,,,,0,0,0,1,0,0,0,1,0,0,0,0,1,0
Messiah Travis,97214,WR,N ILLINOIS,1,100.0,0,254,60.0,,60.0,0,0,0,,,,0,0,0,1,0,0,0,1,0,0,0,0,1,0
Brady Buell,77090,K,C MICHIGAN,2,50.0,0,134,44.5,,60.0,0,0,0,,,,0,0,0,1,0,0,0,2,0,0,0,0,1,0
Deshaun Oliver Jr.,81424,LB,UAB,1,100.0,0,321,60.0,63.8,,0,0,1,100.0,100.0,100.0,0,0,0,1,0,0,0,1,1,1,0,0,0,0
Ryan Veingrad,82328,ED,FAU,1,100.0,0,165,60.0,,60.0,0,0,0,,,,0,0,0,1,0,0,0,1,0,0,0,0,1,0
Markeveon Coleman,102849,LB,TEXAS ST,1,100.0,0,314,60.0,63.8,,0,0,1,100.0,100.0,100.0,1,0,0,1,0,0,0,1,1,1,0,0,0,0
Nick Zecchino,44923,LS,PURDUE,1,100.0,0,273,60.0,,60.0,0,0,0,,,,0,0,0,1,0,0,0,1,0,0,0,0,1,0
Jake Harwell,58397,LS,S ALABAMA,1,100.0,0,288,60.0,,60.0,0,0,0,,,,0,0,0,1,0,0,0,1,0,0,0,0,1,0
Jacob Westberry,44933,C,FRESNO ST,1,100.0,0,169,60.0,,60.0,0,0,0,,,,0,0,0,1,1,0,0,1,0,0,0,0,1,0
Yasir Abdullah,77100,ED,LOUISVILLE,1,100.0,0,210,60.0,,60.0,0,0,0,,,,0,0,0,1,0,0,0,1,0,0,0,0,1,0
Traevon Kenion,99178,TE,S CAROLINA,2,25.0,0,289,62.8,,60.0,0,0,0,0.0,0.0,,0,0,0,1,0,0,0,4,0,3,0,0,1,1
Keegan Markgraf,44935,LS,UTAH,1,100.0,0,328,60.0,,60.0,0,0,0,,,,0,0,0,1,0,0,0,1,0,0,0,0,1,0
Jawan King,97193,HB,RICE,1,100.0,0,275,60.0,0.0,,0,1,1,100.0,100.0,50.0,0,1,0,1,0,0,0,1,1,1,0,0,0,0
Tyler Sumpter,44945,K,TROY,2,50.0,0,318,59.4,,60.0,0,0,0,,0.0,,0,0,0,1,0,0,0,2,0,1,0,0,1,0
Luke Hogan,44966,WR,SMU,1,100.0,0,287,60.0,,60.0,0,0,0,,,,0,0,0,1,0,0,0,1,0,0,0,0,1,0
Alec Marsch,61748,FB,UAB,1,100.0,0,321,60.0,,60.0,0,0,0,,,,0,0,0,1,0,0,0,1,0,0,0,0,1,0
Daimarqua Foster,97186,HB,TCU,1,8.3,0,305,93.2,74.6,,0,0,1,33.3,33.3,100.0,0,0,0,1,0,0,0,12,1,3,0,0,0,0
Matt Naranjo,44994,P,BOWL GREEN,3,25.0,0,122,40.6,63.8,,0,0,1,100.0,100.0,100.0,0,0,0,1,0,0,0,4,1,1,0,0,0,0
Salua Masina,81454,LB,VANDERBILT,1,100.0,0,333,60.0,,60.0,0,0,0,,,,0,0,0,1,0,0,0,1,0,0,0,0,1,0
J.D. Dellinger,45052,K,PURDUE,1,100.0,0,273,60.0,,60.0,0,0,0,,,,0,0,0,1,0,0,0,1,0,0,0,0,1,0
Jack Wellenhofer,45085,LS,CHARLOTTE,1,100.0,0,136,60.0,60.9,,0,0,0,,100.0,,0,0,0,1,0,0,0,1,1,1,0,0,0,0
CJ Schrimpf,81476,LS,COAST CAR,1,100.0,0,141,60.0,,60.0,0,0,0,,,,0,0,0,1,0,0,0,1,0,0,0,0,1,0
Deondrick Glass,97160,HB,OKLA STATE,1,16.7,0,262,39.3,,60.0,0,0,0,0.0,0.0,,0,0,0,1,0,0,0,6,0,2,0,0,1,0
Samy Johnson,97158,HB,ARK STATE,1,100.0,0,113,60.0,,60.0,0,0,0,,,,0,0,0,1,0,0,0,1,0,0,0,0,1,0
Chase Lane,99205,WR,TEXAS A&M,2,16.7,0,312,55.7,,60.0,0,0,0,0.0,0.0,,0,0,0,1,0,0,0,6,0,5,0,0,1,0
Evan Davis,97150,K,TOLEDO,1,100.0,0,316,60.0,,60.0,0,0,0,,,,0,0,0,1,0,0,0,1,0,0,0,0,1,0
Blake Best,45122,LS,KENTUCKY,1,100.0,0,202,60.0,,60.0,0,0,0,,,,0,0,0,1,0,0,0,1,0,0,0,0,1,0
Jacquez Stuart,97125,HB,TOLEDO,2,5.6,0,316,67.7,0.0,60.0,0,0,0,0.0,0.0,,0,0,0,1,0,0,0,18,0,13,0,0,1,0
Owen Porter,82318,ED,MARSHALL,1,100.0,0,214,60.0,,60.0,0,0,0,,,,0,0,0,1,0,0,0,1,0,0,0,0,1,1
Ben Williams,102871,HB,APP STATE,1,100.0,0,108,60.0,69.7,,0,0,1,100.0,100.0,100.0,0,0,0,1,0,0,0,1,1,1,0,0,0,0
Seth Williams,77131,LB,NC STATE,1,100.0,0,248,60.0,,60.0,0,0,0,,,,0,0,0,1,0,0,0,1,0,0,0,0,1,0
Payne Walker,81479,LS,GEORGIA,1,100.0,0,173,60.0,,60.0,0,0,0,,,,0,0,0,1,0,0,0,1,0,0,0,0,1,0
Tommy Nesmith,99225,WR,AUBURN,1,33.3,0,115,56.7,,60.0,0,0,0,0.0,0.0,,0,0,0,1,0,0,0,3,0,2,0,0,1,0
Cameron Payne,99226,WR,AUBURN,1,100.0,0,115,60.0,,60.0,0,0,0,,,,0,0,0,1,0,0,0,1,0,0,0,0,1,0
Koby Pyrz,45132,G,GEORGIA,1,100.0,0,173,60.0,,60.0,0,0,0,,,,0,0,0,1,0,0,0,1,0,0,1,0,1,0
Sean Mills,45137,LS,TOLEDO,1,100.0,0,316,60.0,,60.0,0,0,0,,,,0,0,0,1,0,0,0,1,0,0,0,0,1,0
Isaac Armstrong,45148,P,NEBRASKA,1,100.0,0,238,60.0,,60.0,0,0,0,,,,0,0,0,1,0,0,0,1,0,0,0,0,1,0
James Rosenberry Jr.,81487,LS,MARYLAND,1,100.0,0,215,60.0,60.5,,0,0,1,100.0,100.0,100.0,0,0,0,1,0,0,0,1,1,1,0,0,0,0
Austin Kunick,45154,G,BUFFALO,1,100.0,0,126,60.0,,60.0,0,0,0,,,,0,0,0,1,0,0,0,1,0,0,1,0,1,0
Tucker McCann,45181,K,MISSOURI,1,100.0,0,229,60.0,,60.0,0,0,0,,,,0,0,0,1,0,0,0,1,0,0,0,0,1,0
Gabe Montgomery,102872,HB,APP STATE,2,16.7,0,108,51.8,,60.0,0,0,0,0.0,0.0,,0,0,0,1,0,0,0,6,0,1,0,0,1,0
Jake Hoffman,81491,LS,MISSOURI,1,100.0,0,229,60.0,,60.0,0,0,0,,,,0,0,0,1,0,0,0,1,0,0,0,0,1,0
Austin Ortega,81493,LS,NEVADA,1,100.0,0,239,60.0,,60.0,0,0,0,,,,0,0,0,1,0,0,0,1,0,0,0,0,1,0
Scott Flanick,45186,LS,ARMY,1,100.0,0,114,60.0,,60.0,0,0,0,,,,0,0,0,1,0,0,0,1,0,0,0,0,1,0
Gabe Skrobot,45230,LS,BOWL GREEN,1,100.0,0,122,60.0,63.8,,0,0,1,100.0,100.0,100.0,0,0,0,1,0,0,0,1,1,1,0,0,0,0
Joe Hardison,78000,WR,DUKE,1,100.0,0,154,60.0,,60.0,0,0,0,,,,0,0,0,1,0,0,0,1,0,0,0,0,1,0
Donavon Greenhow,97077,WR,W MICHIGAN,1,100.0,0,347,60.0,,60.0,0,0,0,,,,0,0,0,1,0,0,0,1,0,0,0,0,1,0
Patrick Phibbs,45232,LS,CLEMSON,1,100.0,0,140,60.0,,60.0,0,0,0,,,,0,0,0,1,0,0,0,1,0,0,0,0,1,0
Tyler Owens,99271,S,TEXAS,1,100.0,0,311,60.0,,60.0,0,0,0,,,,1,0,0,1,0,0,0,1,0,0,0,0,1,0
Kered Class,102873,HB,COAST CAR,1,14.3,0,141,71.9,,60.0,0,0,0,0.0,0.0,,0,0,0,1,0,0,0,7,0,1,0,0,1,0
Juwan Mitchell,99368,LB,TEXAS,1,100.0,0,311,60.0,,60.0,0,0,0,,,,1,0,0,1,0,0,0,1,0,0,0,0,1,0
Tyetus Smith-Lindsey,97072,HB,UAB,1,100.0,0,321,60.0,,60.0,0,0,0,,,,0,0,0,1,0,0,0,1,0,0,0,0,1,0
Theo Day,83515,QB,MICH STATE,2,16.7,0,223,60.2,,60.0,0,0,0,0.0,0.0,,0,0,0,1,0,0,0,6,0,4,0,0,1,0
Thor Rodoni,45244,LS,BAYLOR,1,100.0,0,118,60.0,61.9,,0,0,0,,100.0,,0,0,0,1,0,0,0,1,1,1,0,0,0,0
Boaz Pogue,77144,CB,TEMPLE,1,100.0,0,306,60.0,,60.0,0,0,0,,,,0,0,0,1,0,0,0,1,0,0,0,0,1,0
Broughton Hatcher,81498,LS,DOMINION,1,100.0,0,263,60.0,,60.0,0,0,0,,,,0,0,0,1,0,0,0,1,0,0,0,0,1,0
Jared Bubak,40026,TE,ARIZONA ST,1,100.0,0,110,60.0,,60.0,0,0,0,,,,0,0,0,1,0,0,0,1,0,0,0,0,1,1
Will Hardin,40018,G,APP STATE,1,100.0,0,108,60.0,,60.0,0,0,0,,,,0,0,0,1,0,0,0,1,0,0,1,0,1,0
Terrell Burgess,45255,S,UTAH,1,100.0,0,328,60.0,,60.0,0,0,0,,,,0,0,0,1,0,0,0,1,0,0,0,0,1,0
Josh Kelly,97061,WR,FRESNO ST,1,33.3,0,169,48.8,,60.0,0,0,0,0.0,0.0,,0,0,0,1,0,0,0,3,0,2,0,0,1,0
Nick Wildberger,45277,LS,HOUSTON,1,100.0,0,182,60.0,,60.0,0,0,0,,,,0,0,0,1,0,0,0,1,0,0,0,0,1,0
Dominico Moncion,91079,HB,UCONN,1,25.0,0,146,62.8,72.7,,0,0,1,100.0,100.0,100.0,0,0,0,1,0,0,0,4,1,1,0,0,0,0
Trevor Roberson,99453,T,TEXAS TECH,1,100.0,0,315,60.0,65.9,,0,0,1,100.0,100.0,100.0,0,0,0,1,0,0,0,1,1,1,0,1,0,0
Ty Morrow,99454,G,TEXAS TECH,1,100.0,0,315,60.0,67.3,,0,0,1,100.0,100.0,100.0,0,0,0,1,0,0,0,1,1,1,1,0,0,0
Landon Peterson,99457,T,TEXAS TECH,1,100.0,0,315,60.0,67.4,,0,0,1,100.0,100.0,100.0,0,0,0,1,0,0,1,1,1,1,0,0,0,0
Derek Adams,45279,HB,KENT STATE,2,50.0,0,201,59.9,,60.0,0,0,0,,0.0,,0,0,0,1,0,0,0,2,0,1,0,0,1,0
Nick Apsey,77150,LB,C MICHIGAN,1,100.0,0,134,60.0,,60.0,0,0,0,,,,0,0,0,1,0,0,0,1,0,0,0,0,1,0
Joseph Ossai,77205,LB,TEXAS,1,100.0,1,311,60.0,,60.0,0,0,0,,,,4,0,0,1,0,0,0,1,0,0,0,0,1,0
Tyler Williams,81523,LS,WASH STATE,1,100.0,0,341,60.0,60.9,,0,0,0,,100.0,,0,0,0,1,0,0,0,1,1,1,0,0,0,0
Jordan Fuller,45326,S,OHIO STATE,1,100.0,1,260,60.0,60.5,,0,0,1,100.0,100.0,100.0,1,0,0,1,0,0,0,1,1,1,0,0,0,0
Eric Banks,45507,ED,UTSA,3,33.3,0,331,57.5,,60.0,0,0,0,,0.0,,3,0,0,1,0,0,0,3,0,2,0,0,1,0
Micah Cooper,99486,HB,OKLA STATE,2,10.0,0,262,57.5,,60.0,0,0,0,0.0,0.0,,0,0,0,1,0,0,0,10,0,1,0,0,1,0
Jared Porter,84560,P,LA MONROE,1,100.0,0,209,60.0,,60.0,0,0,0,,,,0,0,0,1,0,0,0,1,0,0,0,0,1,0
Byron Vaughns,77206,ED,TEXAS,1,100.0,0,311,60.0,,60.0,0,0,0,,,,0,0,0,1,0,0,0,1,0,0,0,0,1,0
Ladarian McFarland,14977,LB,UTSA,1,100.0,0,331,60.0,,60.0,0,0,0,,,,2,0,0,1,0,0,0,1,0,0,0,0,1,0
Bryan Wallace,84541,DI,CHARLOTTE,1,100.0,0,136,60.0,60.9,,0,0,0,,100.0,,0,0,0,1,0,0,0,1,1,1,0,0,0,0
Anthony Hawkins,47922,CB,COLO STATE,2,50.0,1,144,54.9,,60.0,0,0,0,,,,2,0,0,1,0,0,0,2,0,0,0,0,1,0
Kyle Nixon,60764,S,TROY,1,100.0,0,318,60.0,,60.0,0,0,0,,,,0,0,0,1,0,0,0,1,0,0,0,0,1,0
Jake Abbott,77212,LB,W VIRGINIA,1,100.0,0,343,60.0,60.5,,0,0,1,100.0,100.0,100.0,0,0,0,1,0,0,0,1,1,1,0,0,0,0
David Webb,61635,WR,S ALABAMA,1,100.0,0,288,60.0,,60.0,0,0,0,,,,0,0,0,1,0,0,0,1,0,0,0,0,1,0
Kennedy Lewis,99532,WR,TEXAS,1,33.3,0,311,90.0,,60.0,0,0,0,0.0,0.0,,0,0,0,1,0,0,0,3,0,2,0,0,1,0
Isaiah Nichols,82218,DI,ARKANSAS,1,100.0,0,111,60.0,60.5,,0,0,1,100.0,100.0,100.0,0,0,0,1,0,0,0,1,1,1,0,0,0,0
Josh Chandler-Semedo,77214,LB,W VIRGINIA,1,100.0,0,343,60.0,60.5,,0,0,1,100.0,100.0,100.0,1,0,0,1,0,0,0,1,1,1,0,0,0,0
Connor Blumrick,60558,HB,TEXAS A&M,3,8.3,0,312,52.1,,60.0,0,0,0,0.0,0.0,,0,0,0,1,0,0,0,12,0,4,0,0,1,0
Jonathan Cruz,84523,K,CHARLOTTE,1,100.0,0,136,60.0,60.9,,0,0,0,,100.0,,0,0,0,1,0,0,0,1,1,1,0,0,0,0
Quinten Pounds,47965,WR,WASHINGTON,5,11.1,0,340,54.1,,60.0,0,0,0,0.0,0.0,,0,0,0,1,0,0,0,9,0,8,0,0,1,0
Tyrell Moorer,48034,WR,FLORIDA ST,1,25.0,0,167,54.9,,60.0,0,0,0,0.0,0.0,,0,0,0,1,0,0,0,4,0,3,0,0,1,0
Grant Restmeyer,39883,QB,OLE MISS,1,100.0,0,226,60.0,,60.0,0,0,0,,,,0,0,0,1,0,0,0,1,0,0,0,0,1,0
Everett Wormley,61613,WR,RUTGERS,1,33.3,0,278,57.6,,60.0,0,0,0,0.0,0.0,,0,0,0,1,0,0,0,3,0,2,0,0,1,0
Kevin Murphy,48674,DI,LA TECH,1,100.0,0,208,60.0,,60.0,0,0,0,,,,0,0,0,1,0,0,0,1,0,0,0,0,1,0
G.G. Robinson,48834,DI,LOUISVILLE,1,100.0,1,210,60.0,,60.0,0,0,0,,,,1,0,0,1,0,0,0,1,0,0,0,0,1,0
Tyler Hayek,61611,WR,RUTGERS,1,50.0,0,278,57.7,,60.0,0,0,0,0.0,0.0,,0,0,0,1,0,0,0,2,0,1,0,0,1,0
Khalil Oliver,49219,LB,MISSOURI,1,100.0,2,229,60.0,,60.0,0,0,0,,,,4,0,0,1,0,0,0,1,0,0,0,0,1,0
Robert Knowles,49285,S,MIAMI FL,1,100.0,0,220,60.0,,60.0,0,0,0,,,,1,0,0,1,0,0,0,1,0,0,0,0,1,0
Douglas Coleman II,49498,S,TEXAS TECH,1,100.0,0,315,60.0,,60.0,0,0,0,,,,2,0,0,1,0,0,0,1,0,0,0,0,1,0
Nathan Harman,77217,LB,N ILLINOIS,1,100.0,0,254,60.0,,60.0,0,0,0,,,,0,0,0,1,0,0,0,1,0,0,0,0,1,0
Julian Rochester,49668,DI,GEORGIA,1,100.0,0,173,60.0,,60.0,0,0,0,,,,0,0,0,1,0,0,0,1,0,0,0,0,1,0
Kumonde Hines,49750,ED,TEXAS ST,2,50.0,0,314,59.8,,60.0,0,0,0,0.0,0.0,,0,0,0,1,0,0,0,2,0,1,0,0,1,0
Todd Bradley-Glenn,49811,LB,GA SOUTHRN,1,100.0,0,174,60.0,,60.0,0,0,0,,,,1,0,0,1,0,0,0,1,0,0,0,0,1,0
Brandon Nettles,83499,ED,LA MONROE,1,100.0,0,209,60.0,,60.0,0,0,0,,,,0,0,0,1,0,0,0,1,0,0,0,0,1,0
Nate Childress,49902,DI,TOLEDO,1,100.0,0,316,60.0,,60.0,0,0,0,,,,0,0,0,1,0,0,0,1,0,0,0,0,1,0
Tre' Douglas III,83449,CB,VANDERBILT,1,100.0,0,333,60.0,,60.0,0,0,0,,,,0,0,0,1,0,0,0,1,0,0,0,0,1,0
Cade Long,77283,LS,GA TECH,1,100.0,0,176,60.0,60.5,,0,0,1,100.0,100.0,100.0,0,0,0,1,0,0,0,1,1,1,0,0,0,0
Emmanuel Fesili,49974,DI,BOISE ST,1,100.0,0,120,60.0,,60.0,0,0,0,,,,0,0,0,1,0,0,0,1,0,0,0,0,1,0
Tanner Davis,102905,S,UMASS,1,100.0,0,216,60.0,60.9,,0,0,1,100.0,100.0,100.0,0,0,0,1,0,0,0,1,1,1,0,0,0,0
Brendon Harris,83446,S,VANDERBILT,1,100.0,0,333,60.0,,60.0,0,0,0,,,,0,0,0,1,0,0,0,1,0,0,0,0,1,0
Baylen Baker,50040,DI,UTSA,3,33.3,0,331,57.5,,60.0,0,0,0,,0.0,,0,0,0,1,0,0,0,3,0,2,0,0,1,0
Ralph Frias III,81560,T,ARIZONA ST,1,100.0,0,110,60.0,,60.0,0,0,0,,,,0,0,0,1,0,0,0,1,0,0,0,1,1,0
R.J. Hubert,83431,S,UTAH,1,100.0,0,328,60.0,,60.0,0,0,0,,,,1,0,0,1,0,0,0,1,0,0,0,0,1,0
Jarron Morris,83402,CB,TEXAS ST,1,100.0,2,314,60.0,,60.0,0,0,0,,,,8,0,0,1,0,0,0,1,0,0,0,0,1,0
Malcolm Roach,50191,ED,TEXAS,1,100.0,1,311,60.0,,60.0,0,0,0,,,,5,0,0,1,0,0,0,1,0,0,0,0,1,0
Chris Orr,50653,LB,WISCONSIN,1,100.0,0,349,60.0,,60.0,0,0,0,,,,1,0,0,1,0,0,0,1,0,0,0,0,1,0
Ty Lucas,99607,HB,CLEMSON,2,50.0,0,140,59.0,,60.0,0,0,0,,,,0,0,0,1,0,0,0,2,0,0,0,0,1,0
Jordyn Brooks,50851,LB,TEXAS TECH,1,100.0,0,315,60.0,,60.0,0,0,0,,,,0,0,0,1,0,0,0,1,0,0,0,0,1,0
Jordan Moore,83399,S,HOUSTON,1,100.0,0,182,60.0,,60.0,0,0,0,,,,0,0,0,1,0,0,0,1,0,0,0,0,1,0
Tron Folsom,50993,LB,COLO STATE,1,100.0,0,144,60.0,,60.0,0,0,0,,,,1,0,0,1,0,0,0,1,0,0,0,0,1,0
Shaquille Quarterman,51048,LB,MIAMI FL,1,100.0,0,220,60.0,,60.0,0,0,0,,,,1,0,0,1,0,0,0,1,0,0,0,0,1,0
Tre' Ross,102909,LB,TROY,1,100.0,0,318,60.0,,60.0,0,0,0,,,,0,0,0,1,0,0,0,1,0,0,0,0,1,0
Leon O'Neal Jr.,83397,S,TEXAS A&M,1,100.0,1,312,60.0,,60.0,0,0,0,,,,1,0,0,1,0,0,0,1,0,0,0,0,1,0
Michael Vardzel,61597,HB,PITTSBURGH,1,100.0,0,268,60.0,,60.0,0,0,0,,,,0,0,0,1,0,0,0,1,0,0,0,0,1,0
Jake Julien,60269,P,E MICHIGAN,3,33.3,0,160,42.3,,60.0,0,0,0,0.0,0.0,,1,0,0,1,0,0,0,3,0,1,0,0,1,0
Haydon Whitehead,60277,P,INDIANA,1,100.0,0,190,60.0,,60.0,0,0,0,,,,0,0,0,1,0,0,0,1,0,0,0,0,1,0
Anthony Bennett,38986,ED,FAU,1,100.0,0,165,60.0,,60.0,0,0,0,,,,0,0,0,1,0,0,0,1,0,0,0,0,1,0
D.Q. Thomas,83384,S,SO MISS,2,50.0,0,296,73.1,,60.0,0,0,0,0.0,0.0,,1,0,0,1,0,0,0,2,0,1,0,0,1,0
Stephen Griffin,38877,CB,NC STATE,1,100.0,0,248,60.0,,60.0,0,0,0,,,,1,0,0,1,0,0,0,1,0,0,0,0,1,0
Cole Voyles,77292,LS,SMU,1,100.0,0,287,60.0,,60.0,0,0,0,,,,0,0,0,1,0,0,0,1,0,0,0,0,1,0
Marcelino McCrary-Ball,51112,CB,INDIANA,1,100.0,2,190,60.0,,60.0,0,0,0,,,,8,0,0,1,0,0,0,1,0,0,0,0,1,0
Tyler Johnson,38402,ED,WISCONSIN,1,100.0,0,349,60.0,,60.0,0,0,0,,,,0,0,0,1,0,0,0,1,0,0,0,0,1,0
Adam Shibley,51799,ST,MICHIGAN,1,100.0,0,222,60.0,,60.0,0,0,0,,,,0,0,0,1,0,0,0,1,0,0,0,0,1,0
Judd Erickson,52033,QB,COLO STATE,1,100.0,0,144,60.0,,60.0,0,0,0,,,,0,0,0,1,0,0,0,1,0,0,0,0,1,0
Jacob Oehrlein,77647,QB,SMU,1,100.0,0,287,60.0,,60.0,0,0,0,,,,0,0,0,1,0,0,0,1,0,0,0,0,1,0
Ryan Stonehouse,52045,P,COLO STATE,1,100.0,0,144,60.0,,60.0,0,0,0,,,,0,0,0,1,0,0,0,1,0,0,0,0,1,0
Chinedu Ogbonna,52091,ED,UMASS,2,50.0,1,216,66.9,,60.0,0,0,0,0.0,0.0,,1,0,0,1,0,0,0,2,0,1,0,0,1,0
Justin Mader,77298,LS,TEXAS,1,100.0,0,311,60.0,,60.0,0,0,0,,,,0,0,0,1,0,0,0,1,0,0,0,0,1,0
Claudin Cherelus,52094,LB,UMASS,1,100.0,0,216,60.0,60.9,,0,0,1,100.0,100.0,100.0,1,0,0,1,0,0,0,1,1,1,0,0,0,0
Jake Byczko,52099,ED,UMASS,1,100.0,0,216,60.0,,60.0,0,0,0,,,,0,0,0,1,0,0,0,1,0,0,0,0,1,0
Jean-Luc Childs,37365,C,LOUISVILLE,1,100.0,0,210,60.0,60.5,,0,0,1,100.0,100.0,100.0,0,0,0,1,0,0,0,1,1,1,0,0,0,0
Kyle Kramer,37251,P,MIAMI OH,1,100.0,0,221,60.0,,60.0,0,0,0,,,,0,0,0,1,0,0,0,1,0,0,0,0,1,0
Tyris Lebeau,52113,S,UMASS,1,100.0,0,216,60.0,,60.0,0,0,0,,,,0,0,0,1,0,0,0,1,0,0,0,0,1,0
Woodlyson Alcius,60080,T,SO MISS,1,100.0,0,296,60.0,,60.0,0,0,0,,,,0,0,0,1,0,0,1,1,0,0,0,0,1,0
TraJon Cotton,52147,CB,OREGON ST,1,100.0,0,265,60.0,60.5,,0,0,1,100.0,100.0,100.0,0,0,0,1,0,0,0,1,1,1,0,0,0,0
Evan Crabtree,37183,LS,MIAMI OH,1,100.0,0,221,60.0,,60.0,0,0,0,,,,0,0,0,1,0,0,0,1,0,0,0,0,1,0
Nick Roberts,52318,S,USF,1,100.0,0,327,60.0,,60.0,0,0,0,,,,0,0,0,1,0,0,0,1,0,0,0,0,1,0
Tanner Knue,52961,WR,E MICHIGAN,1,100.0,0,160,60.0,,60.0,0,0,0,,,,0,0,0,1,0,0,0,1,0,0,0,0,1,0
Jalin Walker,54404,DI,COAST CAR,1,100.0,0,141,60.0,,60.0,0,0,0,,,,2,0,0,1,0,0,0,1,0,0,0,0,1,0
Myles Prosser,54443,K,COAST CAR,1,100.0,0,141,60.0,,60.0,0,0,0,,,,0,0,0,1,0,0,0,1,0,0,0,0,1,0
Michael Makins,54465,LB,COAST CAR,1,100.0,0,141,60.0,,60.0,0,0,0,,,,1,0,0,1,0,0,0,1,0,0,0,0,1,0
Marquis Couch,21749,ED,MARSHALL,1,100.0,0,214,60.0,,60.0,0,0,0,,,,3,0,0,1,0,0,0,1,0,0,0,0,1,1
Norman Anderson,55047,CB,C MICHIGAN,1,100.0,0,134,60.0,,60.0,0,0,0,,,,1,0,0,1,0,0,0,1,0,0,0,0,1,0
Troy Brown,55050,LB,C MICHIGAN,1,100.0,1,134,60.0,,60.0,0,0,0,,,,2,0,0,1,0,0,0,1,0,0,0,0,1,0
Chuck Jones,55054,LB,C MICHIGAN,1,100.0,0,134,60.0,,60.0,0,0,0,,,,0,0,0,1,0,0,0,1,0,0,0,0,1,0
Eric Hommel,61352,WR,KANSAS ST,1,100.0,0,199,60.0,,60.0,0,0,0,,,,0,0,0,1,0,0,0,1,0,0,0,0,1,0
Parker Rickert,61330,FB,IOWA STATE,1,100.0,0,193,60.0,,60.0,0,0,0,,,,0,0,0,1,0,0,0,1,0,0,0,0,1,0
Israel Mukuamu,83377,CB,S CAROLINA,1,100.0,0,289,60.0,,60.0,0,0,0,,,,8,0,0,1,0,0,0,1,0,0,0,0,1,0
Anthony Cruz,22522,S,TEMPLE,1,100.0,0,306,60.0,,60.0,0,0,0,,,,0,0,0,1,0,0,0,1,0,0,0,0,1,0
Obi Egbuna,99738,CB,N CAROLINA,1,100.0,0,245,60.0,,60.0,0,0,0,,,,0,0,0,1,0,0,0,1,0,0,0,0,1,0
Eugene Asante,99748,LB,N CAROLINA,1,100.0,0,245,60.0,,60.0,0,0,0,,,,0,0,0,1,0,0,0,1,0,0,0,0,1,0
Javez Alexander,84294,WR,MICH STATE,1,100.0,0,223,60.0,,60.0,0,0,0,,,,0,0,0,1,0,0,0,1,0,0,0,0,1,0
Drew Little,99864,LS,N CAROLINA,1,100.0,0,245,60.0,,60.0,0,0,0,,,,0,0,0,1,0,0,0,1,0,0,0,0,1,0
Joe Shimko,99870,LS,NC STATE,1,100.0,0,248,60.0,,60.0,0,0,0,,,,0,0,0,1,0,0,0,1,0,0,0,0,1,0
Ben Kiernan,99871,P,N CAROLINA,1,100.0,0,245,60.0,,60.0,0,0,0,,,,0,0,0,1,0,0,0,1,0,0,0,0,1,0
T.J. Smith,36851,DI,ARKANSAS,1,100.0,0,111,60.0,60.5,,0,0,1,100.0,100.0,100.0,0,0,0,1,0,0,0,1,1,1,0,0,0,0
Michael Barnett,36829,DI,GEORGIA,1,100.0,0,173,60.0,,60.0,0,0,0,,,,0,0,0,1,0,0,0,1,0,0,0,0,1,0
Dawson Schick,100195,HB,W MICHIGAN,2,11.1,0,347,66.3,,60.0,0,0,0,,,,0,0,0,1,0,0,0,9,0,0,0,0,1,0
Richard Dames,55153,S,FIU,1,100.0,0,166,60.0,,60.0,0,0,0,,,,3,0,0,1,0,0,0,1,0,0,0,0,1,0
Michael Martin,84275,HB,LSU,1,100.0,0,211,60.0,,60.0,0,0,0,,,,0,0,0,1,0,0,0,1,0,0,0,0,1,0
Chauncey Rivers,36669,ED,MISS STATE,1,100.0,0,227,60.0,,60.0,0,0,0,,,,3,0,0,1,0,0,0,1,0,0,0,0,1,0
Kelan Walker,77749,HB,HOUSTON,2,8.3,0,182,62.1,,60.0,0,0,0,0.0,0.0,,0,0,0,1,0,0,0,12,0,4,0,0,1,0
Tim Washington,23468,LB,MISS STATE,1,100.0,0,227,60.0,,60.0,0,0,0,,,,3,0,0,1,0,0,0,1,0,0,0,0,1,0
Mason Cholewa,55382,DI,UCF,1,100.0,0,323,60.0,,60.0,0,0,0,,,,0,0,0,1,0,0,0,1,0,0,0,0,1,0
Avery Jones,77352,G,N CAROLINA,1,100.0,0,245,60.0,,60.0,0,0,0,,,,0,0,0,1,0,1,0,1,0,0,0,0,1,0
Robert Pufahl,36647,TE,UTEP,1,100.0,0,330,60.0,,60.0,0,0,0,,,,0,0,0,1,0,0,0,1,0,0,0,0,1,1
A.J. Carty,36573,LS,WASHINGTON,1,100.0,0,340,60.0,,60.0,0,0,0,,,,0,0,0,1,0,0,0,1,0,0,0,0,1,0
Alex Ward,55396,LS,UCF,1,100.0,0,323,60.0,,60.0,0,0,0,,,,0,0,0,1,0,0,0,1,0,0,0,0,1,0
Trenton Gill,60295,P,NC STATE,1,100.0,0,248,60.0,,60.0,0,0,0,,,,0,0,0,1,0,0,0,1,0,0,0,0,1,0
Dylan Barnas,55423,K,UCF,1,100.0,0,323,60.0,,60.0,0,0,0,,,,0,0,0,1,0,0,0,1,0,0,0,0,1,0
Eli Howard,36472,ED,TEXAS TECH,1,100.0,1,315,60.0,,60.0,0,0,0,,,,3,0,0,1,0,0,0,1,0,0,0,0,1,0
Scott Patchan,36449,ED,MIAMI FL,1,100.0,0,220,60.0,,60.0,0,0,0,,,,5,0,0,1,0,0,0,1,0,0,0,0,1,0
Brian Norris,77750,LB,USF,1,100.0,0,327,60.0,,60.0,0,0,0,,,,0,0,0,1,0,0,0,1,0,0,0,0,1,0
Derek Wilder,36300,ED,DOMINION,1,100.0,0,263,60.0,,60.0,0,0,0,,,,2,0,0,1,0,0,0,1,0,0,0,0,1,0
Jimmy Murphy,36279,HB,MIAMI FL,3,16.7,0,220,74.7,,60.0,0,0,0,,,,1,0,0,1,0,0,0,6,0,0,0,0,1,0
Stephen Forester,36173,LB,UTEP,1,100.0,0,330,60.0,,60.0,0,0,0,,,,0,0,0,1,0,0,0,1,0,0,0,0,1,0
Curtis Chiaverini,61219,WR,COLORADO,1,100.0,0,143,60.0,,60.0,0,0,0,,,,0,0,0,1,0,0,0,1,0,0,0,0,1,0
A.J. Terrell,55586,CB,CLEMSON,1,100.0,1,140,60.0,,60.0,0,0,0,,,,2,0,0,1,0,0,0,1,0,0,0,0,1,0
Josh Blackwell,55589,CB,DUKE,2,50.0,0,154,57.6,,60.0,0,0,0,0.0,0.0,,1,0,0,1,0,0,0,2,0,1,0,0,1,0
Tanner Muse,35997,LB,CLEMSON,1,100.0,0,140,60.0,,60.0,0,0,0,,,,0,0,0,1,0,0,0,1,0,0,0,0,1,0
Michael Arenberg,100371,K,W MICHIGAN,1,100.0,0,347,60.0,,60.0,0,0,0,,,,0,0,0,1,0,0,0,1,0,0,0,0,1,0
JaTravis Broughton,100391,CB,UTAH,1,100.0,0,328,60.0,,60.0,0,0,0,,,,1,0,0,1,0,0,0,1,0,0,0,0,1,0
Ja'Marcus Ingram,55738,CB,TEXAS TECH,1,100.0,0,315,60.0,60.5,,0,0,1,100.0,100.0,100.0,1,0,0,1,0,0,0,1,1,1,0,0,0,0
Gavin Holmes,61167,WR,BAYLOR,1,100.0,0,118,60.0,,60.0,0,0,0,,,,0,0,0,1,0,0,0,1,0,0,0,0,1,0
Brad Stewart Jr.,55881,S,FLORIDA,1,100.0,0,163,60.0,,60.0,0,0,0,,,,0,0,0,1,0,0,0,1,0,0,0,0,1,0
Summie Carlay,60059,G,S CAROLINA,1,100.0,0,289,60.0,,60.0,0,0,0,,,,0,0,0,1,0,0,0,1,0,0,0,0,1,0
Daniel Fennell,35881,ED,S CAROLINA,1,100.0,0,289,60.0,,60.0,0,0,0,,,,0,0,0,1,0,0,0,1,0,0,0,0,1,0
Alec McEachern,55956,LB,ILLINOIS,1,100.0,0,187,60.0,,60.0,0,0,0,,,,0,0,0,1,0,0,0,1,0,0,0,0,1,0
Josh Valentine-Turner,55964,CB,FIU,1,100.0,0,166,60.0,,60.0,0,0,0,,,,0,0,0,1,0,0,0,1,0,0,0,0,1,0
Yusuf Corker,55996,S,KENTUCKY,1,100.0,0,202,60.0,,60.0,0,0,0,,,,1,0,0,1,0,0,0,1,0,0,0,0,1,0
Xavier Cullens,56044,LB,MEMPHIS,1,100.0,0,218,60.0,60.5,,0,0,1,100.0,100.0,100.0,0,0,0,1,0,0,0,1,1,1,0,0,0,0
Amari Carter,56049,S,MIAMI FL,1,100.0,0,220,60.0,,60.0,0,0,0,,,,2,0,0,1,0,0,0,1,0,0,0,0,1,0
Nick Faulkner,35812,ED,KENT STATE,1,100.0,0,201,60.0,,60.0,0,0,0,,,,0,0,0,1,0,0,0,1,0,0,0,0,1,0
Conner Greene,35776,ED,IOWA STATE,1,100.0,0,193,60.0,61.1,,0,0,1,100.0,100.0,100.0,0,0,0,1,0,0,0,1,1,1,0,0,0,0
Mitchell Burton,56053,HB,MIAMI OH,2,12.5,0,221,59.2,,60.0,0,0,0,,,,0,0,0,1,0,0,0,8,0,0,0,0,1,0
Jaycee Horn,83375,CB,S CAROLINA,1,100.0,1,289,60.0,,60.0,0,0,0,,,,4,0,0,1,0,0,0,1,0,0,0,0,1,0
Cody Smith,56070,LB,MIDDLE TN,1,100.0,0,224,60.0,,60.0,0,0,0,,,,0,0,0,1,0,0,0,1,0,0,0,0,1,0
James Collins,77410,T,UCF,1,100.0,0,323,60.0,,60.0,0,0,0,,,,0,0,0,1,0,0,0,1,0,0,0,1,1,0
Landon Guidry,56082,S,MISS STATE,1,100.0,0,227,60.0,,60.0,0,0,0,,,,0,0,0,1,0,0,0,1,0,0,0,0,1,0
Jaquarius Landrews,56083,S,MISS STATE,1,100.0,0,227,60.0,,60.0,0,0,0,,,,0,0,0,1,0,0,0,1,0,0,0,0,1,0
Darius Kennedy,56191,ED,SO MISS,1,100.0,0,296,60.0,60.5,,0,0,1,100.0,100.0,100.0,0,0,0,1,0,0,0,1,1,1,0,0,0,0
Christian Braswell,56207,CB,TEMPLE,1,100.0,0,306,60.0,,60.0,0,0,0,,,,2,0,0,1,0,0,0,1,0,0,0,0,1,0
John Bolding,81711,C,LA MONROE,1,100.0,0,209,60.0,67.6,,0,0,1,100.0,100.0,100.0,0,0,0,1,1,0,0,1,1,1,0,0,0,0
George Reid,56212,LB,TEMPLE,1,100.0,0,306,60.0,63.8,,0,0,1,100.0,100.0,100.0,0,0,0,1,0,0,0,1,1,1,0,0,0,0
Montrell Estell,56217,S,TEXAS,1,100.0,0,311,60.0,,60.0,0,0,0,,,,0,0,0,1,0,0,0,1,0,0,0,0,1,0
Keldrick Carper,56222,S,TEXAS A&M,1,100.0,0,312,60.0,,60.0,0,0,0,,,,0,0,0,1,0,0,0,1,0,0,0,0,1,0
Thomas Leggett,56227,S,TEXAS TECH,1,100.0,0,315,60.0,,60.0,0,0,0,,,,0,0,0,1,0,0,0,1,0,0,0,0,1,0
Liam McCullough,35213,LS,OHIO STATE,1,100.0,0,260,60.0,60.5,,0,0,1,100.0,100.0,100.0,0,0,0,1,0,0,0,1,1,1,0,0,0,0
JD Alexander,35169,ED,UNLV,1,100.0,0,325,60.0,,60.0,0,0,0,,,,0,0,0,1,0,0,0,1,0,0,0,0,1,0
JoJo Claiborne,83333,S,NEVADA,1,100.0,0,239,60.0,,60.0,0,0,0,,,,1,0,0,1,0,0,0,1,0,0,0,0,1,0
Adrian Frye,56233,CB,TEXAS TECH,1,50.0,0,315,57.7,,60.0,0,0,0,0.0,0.0,,5,0,0,1,0,0,0,2,0,1,0,0,1,0
Demitrious Gibbs,56254,S,UNLV,1,100.0,0,325,60.0,,60.0,0,0,0,,,,0,0,0,1,0,0,0,1,0,0,0,0,1,0
Jackson Subbert,35129,C,IOWA,1,100.0,0,192,60.0,60.9,,0,0,0,,100.0,,0,0,0,1,0,0,0,1,1,1,0,0,0,0
Justin Foster,56340,ED,CLEMSON,1,100.0,1,140,60.0,,60.0,0,0,0,,,,2,0,0,1,0,0,0,1,0,0,0,0,1,0
A.J. Epenesa,56369,ED,IOWA,1,100.0,0,192,60.0,60.9,,0,0,0,,100.0,,3,0,0,1,0,0,0,1,1,1,0,0,0,0
Christopher DeLoach,77898,ED,UCF,1,100.0,1,323,60.0,,60.0,0,0,0,,,,1,0,0,1,0,0,0,1,0,0,0,0,1,0
Ashton McNeal,100668,CB,FAU,1,100.0,0,165,60.0,,60.0,0,0,0,,,,0,0,0,1,0,0,0,1,0,0,0,0,1,0
Orlandus McLaurin,100686,S,SO MISS,1,100.0,0,296,60.0,,60.0,0,0,0,,,,0,0,0,1,0,0,0,1,0,0,0,0,1,0
Dy'vonne Inyang,100689,S,UTEP,1,100.0,0,330,60.0,,60.0,0,0,0,,,,0,0,0,1,0,0,0,1,0,0,0,0,1,0
Andrew Stein,100731,K,SO MISS,1,100.0,0,296,60.0,,59.9,0,0,0,,,,0,0,0,1,0,0,0,1,0,0,0,0,1,0
Caliph Brice,100738,LB,FAU,1,100.0,0,165,60.0,,60.0,0,0,0,,,,0,0,0,1,0,0,0,1,0,0,0,0,1,0
Eddie Williams,100742,LB,FAU,1,100.0,0,165,60.0,,60.0,0,0,0,,,,0,0,0,1,0,0,0,1,0,0,0,0,1,0
Jonathan Sullivan,100764,LS,FAU,1,100.0,0,165,60.0,,60.0,0,0,0,,,,0,0,0,1,0,0,0,1,0,0,0,0,1,0
Tanner Boston,100768,LS,UTEP,1,100.0,0,330,60.0,,60.0,0,0,0,,,,0,0,0,1,0,0,0,1,0,0,0,0,1,0
Philip Redwine-Bryant,35032,LB,OKLA STATE,1,100.0,0,262,60.0,63.8,,0,0,1,100.0,100.0,100.0,0,0,0,1,0,0,0,1,1,1,0,0,0,0
Jordan Lee,83328,CB,NEVADA,1,100.0,0,239,60.0,,60.0,0,0,0,,,,0,0,0,1,0,0,0,1,0,0,0,0,1,0
Chris Melton,35031,LB,MIDDLE TN,1,100.0,0,224,60.0,,60.0,0,0,0,,,,0,0,0,1,0,0,0,1,0,0,0,0,1,0
Keegan Firth,34970,LS,OREGON ST,1,100.0,0,265,60.0,60.5,,0,0,1,100.0,100.0,100.0,0,0,0,1,0,0,0,1,1,1,0,0,0,0
Trey Coryell,84064,TE,TROY,2,50.0,0,318,59.3,,60.0,0,0,0,,0.0,,0,0,0,1,0,0,0,2,0,1,0,0,1,1
Kirk Johnson,34883,HB,TEXAS,1,14.3,0,311,71.3,72.7,,0,0,1,33.3,33.3,100.0,0,0,0,1,0,0,0,7,1,3,0,0,0,0
Jordan Murphy,56557,DI,BOWL GREEN,1,100.0,0,122,60.0,,60.0,0,0,0,,,,0,0,0,1,0,0,0,1,0,0,0,0,1,0
Cole Blaker,61066,TE,VA TECH,1,100.0,0,337,60.0,,59.3,0,0,0,,,,0,0,0,1,0,0,0,1,0,0,0,0,1,1
TaeVeon Le,84052,TE,STANFORD,1,100.0,0,300,60.0,,60.0,0,0,0,,,,0,0,0,1,0,0,0,1,0,0,0,0,1,1
A.J. Smiley,34869,ED,TROY,1,100.0,0,318,60.0,,60.0,0,0,0,,,,0,0,0,1,0,0,0,1,0,0,0,0,1,0
Michael Ziemba,56646,ED,INDIANA,1,100.0,0,190,60.0,,60.0,0,0,0,,,,1,0,0,1,0,0,0,1,0,0,0,0,1,0
Kyle Ulbrich,100815,P,MIDDLE TN,2,50.0,0,224,51.1,,60.0,0,0,0,,,,0,0,0,1,0,0,0,2,0,0,0,0,1,0
Patrick Reedy,84048,TE,S CAROLINA,1,100.0,0,289,60.0,,60.0,0,0,0,,,,0,0,0,1,0,0,0,1,0,0,0,0,1,1
Brandon Gaddy,56694,DI,MARYLAND,1,100.0,0,215,60.0,60.5,,0,0,1,100.0,100.0,100.0,0,0,0,1,0,0,0,1,1,1,0,0,0,0
Dee Baker,100838,HB,SO MISS,3,8.3,0,296,52.3,,60.0,0,0,0,,,,0,0,0,1,0,0,0,12,0,0,0,0,1,0
Chris Turner,56726,ED,MISSOURI,1,100.0,0,229,60.0,,60.0,0,0,0,,,,0,0,0,1,0,0,0,1,0,0,0,0,1,0
Quijon Gordon,100844,HB,DOMINION,1,100.0,0,263,60.0,,60.0,0,0,0,,,,0,0,0,1,0,0,0,1,0,0,0,0,1,0
Isaiah Stalbird,83325,CB,NEBRASKA,1,100.0,0,238,60.0,,60.0,0,0,0,,,,0,0,0,1,0,0,0,1,0,0,0,0,1,0
Deontre Thomas,56749,DI,NEBRASKA,1,100.0,0,238,60.0,,60.0,0,0,0,,,,0,0,0,1,0,0,0,1,0,0,0,0,1,0
Gemon Green,83293,CB,MICHIGAN,1,100.0,0,222,60.0,,60.0,0,0,0,,,,0,0,0,1,0,0,0,1,0,0,0,0,1,0
Jaylin Williams,83246,CB,INDIANA,1,100.0,0,190,60.0,,60.0,0,0,0,,,,3,0,0,1,0,0,0,1,0,0,0,0,1,0
Jordan Glasgow,34816,LB,MICHIGAN,1,100.0,1,222,60.0,61.8,,0,0,1,100.0,100.0,100.0,1,0,0,1,0,0,0,1,1,1,0,0,0,0
LaDarrius Bishop,83138,CB,ARKANSAS,1,100.0,0,111,60.0,60.5,,0,0,1,100.0,100.0,100.0,1,0,0,1,0,0,0,1,1,1,0,0,0,0
Brad Johnson,56831,ED,S CAROLINA,1,100.0,0,289,60.0,,60.0,0,0,0,,,,0,0,0,1,0,0,0,1,0,0,0,0,1,0
Josh Ortega,56919,ED,UTEP,1,100.0,0,330,60.0,,60.0,0,0,0,,,,1,0,0,1,0,0,0,1,0,0,0,0,1,0
Josh Jobe,83122,CB,ALABAMA,1,100.0,0,103,60.0,,60.0,0,0,0,,,,4,0,0,1,0,0,0,1,0,0,0,0,1,0
Jamaal Beaty,60037,G,RUTGERS,1,100.0,0,278,60.0,,60.0,0,0,0,,,,0,0,0,1,0,0,0,1,0,0,1,0,1,0
Xavier Lezynski,84026,FB,NOTRE DAME,1,100.0,0,258,60.0,,60.0,0,0,0,,,,0,0,0,1,0,0,0,1,0,0,0,0,1,0
Weston Kramer,57007,DI,N ILLINOIS,1,100.0,0,254,60.0,,60.0,0,0,0,,,,1,0,0,1,0,0,0,1,0,0,0,0,1,0
Jack Spicer,34685,P,MIAMI FL,1,100.0,0,220,60.0,,60.0,0,0,0,,,,0,0,0,1,0,0,0,1,0,0,0,0,1,0
Mitchell Werntz,83971,TE,GEORGIA,1,100.0,0,173,60.0,,60.0,0,0,0,,,,0,0,0,1,0,0,0,1,0,0,0,0,1,1
Praise Amaewhule,82185,ED,UTEP,1,100.0,0,330,60.0,,60.0,0,0,0,,,,0,0,0,1,0,0,0,1,0,0,0,0,1,0
Patrick Richardson,82175,ED,TROY,1,100.0,0,318,60.0,,60.0,0,0,0,,,,0,0,0,1,0,0,0,1,0,0,0,0,1,0
Jared Daniels,57214,HB,GA SOUTHRN,1,100.0,0,174,60.0,,60.0,0,0,0,,,,0,0,0,1,0,0,0,1,0,0,0,0,1,0
Chase Urbach,34668,LS,NEBRASKA,1,100.0,0,238,60.0,,60.0,0,0,0,,,,0,0,0,1,0,0,0,1,0,0,0,0,1,0
BeeJay Williamson,145255,S,LA TECH,1,100.0,0,208,60.0,,60.0,0,0,0,,,,1,0,0,1,0,0,0,1,0,0,0,0,1,0
Connor Thomas,57242,HB,INDIANA,3,14.3,0,190,60.6,,60.0,0,0,0,,,,0,0,0,1,0,0,0,7,0,0,0,0,1,0
Mykelti Williams,34664,S,N ILLINOIS,1,100.0,0,254,60.0,,60.0,0,0,0,,,,3,0,0,1,0,0,0,1,0,0,0,0,1,0
Jacob Groff,61036,WR,TEXAS A&M,1,100.0,0,312,60.0,,60.0,0,0,0,,,,0,0,0,1,0,0,0,1,0,0,0,0,1,0
John Hines Jr.,82174,ED,TROY,1,100.0,1,318,60.0,61.9,,0,0,0,,100.0,,2,0,0,1,0,0,0,1,1,1,0,0,0,0
Brendan Smith,77879,TE,BOSTON COL,1,100.0,0,121,60.0,,60.0,0,0,0,,,,0,0,0,1,0,0,0,1,0,0,0,0,1,1
Christian Campbell,34534,S,GA TECH,1,100.0,0,176,60.0,60.5,,0,0,1,100.0,100.0,100.0,2,0,0,1,0,0,0,1,1,1,0,0,0,0
Trey Purifoy,83935,TE,ARKANSAS,2,25.0,0,111,55.9,,60.0,0,0,0,0.0,0.0,,0,0,0,1,0,0,0,4,0,3,0,0,1,1
Andrew Martel,34478,LB,UTSA,1,100.0,0,331,60.0,60.5,,0,0,1,100.0,100.0,100.0,1,0,0,1,0,0,0,1,1,1,0,0,0,0
Zach Johnson,57265,S,KENTUCKY,1,100.0,0,202,60.0,,60.0,0,0,0,,,,0,0,0,1,0,0,0,1,0,0,0,0,1,0
Hayes Hicken,34406,K,UNLV,1,100.0,0,325,60.0,,60.0,0,0,0,,,,0,0,0,1,0,0,0,1,0,0,0,0,1,0
Cody Shear,60010,C,ARIZONA ST,1,100.0,0,110,60.0,,60.0,0,0,0,,,,0,0,0,1,1,0,0,1,0,0,0,0,1,0
Maurice Gordon,57303,FB,MIDDLE TN,1,100.0,0,224,60.0,,60.0,0,0,0,,,,0,0,0,1,0,0,0,1,0,0,0,0,1,0
Patrick Peek,83861,S,NEW MEXICO,1,100.0,0,241,60.0,,60.0,0,0,0,,,,2,0,0,1,0,0,0,1,0,0,0,0,1,0
Braden Moody,81837,T,S ALABAMA,1,100.0,0,288,60.0,66.7,,0,0,1,100.0,100.0,100.0,0,0,0,1,0,0,0,1,1,1,0,1,0,0
P.J. Mbanasor,34347,CB,LOUISVILLE,1,100.0,0,210,60.0,,60.0,0,0,0,,,,0,0,0,1,0,0,0,1,0,0,0,0,1,0
Ishan Rison,77461,G,TEXAS,1,100.0,0,311,60.0,,60.0,0,0,0,,,,0,0,0,1,0,0,0,1,0,0,1,0,1,0
Craig Slocum Jr.,83096,S,TROY,1,100.0,0,318,60.0,,60.0,0,0,0,,,,0,0,0,1,0,0,0,1,0,0,0,0,1,0
Reid Karel,34337,S,NEBRASKA,1,100.0,0,238,60.0,,60.0,0,0,0,,,,0,0,0,1,0,0,0,1,0,0,0,0,1,0
Davion Williams,83054,CB,MICH STATE,1,100.0,0,223,60.0,,60.0,0,0,0,,,,0,0,0,1,0,0,0,1,0,0,0,0,1,0
Zach Harding,82017,P,ARMY,1,100.0,0,114,60.0,,60.0,0,0,0,,,,0,0,0,1,0,0,0,1,0,0,0,0,1,0
Marcus Murphy,83857,S,MISS STATE,1,100.0,0,227,60.0,,60.0,0,0,0,,,,0,0,0,1,0,0,0,1,0,0,0,0,1,0
Kyle Greenwell,82052,P,UAB,3,25.0,0,321,29.7,63.8,,0,0,1,33.3,33.3,100.0,0,0,0,1,0,0,0,4,1,3,0,0,0,0
Austin Ajiake,83826,LB,UNLV,1,100.0,0,325,60.0,,60.0,0,0,0,,,,0,0,0,1,0,0,0,1,0,0,0,0,1,0
Logan Wescott,34328,CB,ARK STATE,2,50.0,1,113,65.9,,60.0,0,0,0,0.0,0.0,,3,0,0,1,0,0,0,2,0,1,0,0,1,0
Owen Rogers,34290,LB,BAYLOR,1,100.0,0,118,60.0,,60.0,0,0,0,,,,0,0,0,1,0,0,0,1,0,0,0,0,1,0
Austin Cook,81759,G,NEW MEXICO,1,100.0,0,241,60.0,,60.0,0,0,0,,,,0,0,0,1,0,0,0,1,0,0,0,0,1,0
Markenzy Pierre,57421,HB,SYRACUSE,2,16.7,0,304,51.4,69.2,,0,0,1,100.0,100.0,100.0,0,0,0,1,0,0,0,6,1,1,0,0,0,0
Cade Powell,83777,WR,TEXAS ST,1,100.0,0,314,60.0,,60.0,0,0,0,,,,0,0,0,1,0,0,0,1,0,0,0,0,1,0
Jason Taylor II,77842,S,OKLA STATE,1,100.0,0,262,60.0,63.8,,0,0,1,100.0,100.0,100.0,0,0,0,1,0,0,0,1,1,1,0,0,0,0
Powers Warren,60964,TE,MISS STATE,1,50.0,0,227,57.9,,60.0,0,0,0,0.0,0.0,,0,0,0,1,0,0,0,2,0,1,0,0,1,1
Andre Brown Jr.,34189,CB,INDIANA,1,100.0,0,190,60.0,,60.0,0,0,0,,,,0,0,0,1,0,0,0,1,0,0,0,0,1,0
Hayden Welte,105789,LS,LA MONROE,1,100.0,0,209,60.0,,60.0,0,0,0,,,,0,0,0,1,0,0,0,1,0,0,0,0,1,0
Harrison Smith,82058,P,VANDERBILT,1,100.0,0,333,60.0,,60.0,0,0,0,,,,0,0,0,1,0,0,0,1,0,0,0,0,1,0
Aaron Lewis,101150,CB,UNLV,1,100.0,0,325,60.0,,60.0,0,0,0,,,,0,0,0,1,0,0,0,1,0,0,0,0,1,0
Carter Selzer,60959,TE,MICHIGAN,1,100.0,0,222,60.0,,60.0,0,0,0,,,,0,0,0,1,0,0,0,1,0,0,0,0,1,1
Joey Noble,101190,ED,NEW MEXICO,1,100.0,0,241,60.0,,60.0,0,0,0,,,,1,0,0,1,0,0,0,1,0,0,0,0,1,0
Matt Ammendola,34039,K,OKLA STATE,2,50.0,0,262,56.0,,60.0,0,0,0,0.0,0.0,,0,0,0,1,0,0,0,2,0,1,0,0,1,0
Rodrigo Blankenship,34038,K,GEORGIA,1,100.0,0,173,60.0,,60.0,0,0,0,,,,0,0,0,1,0,0,0,1,0,0,0,0,1,0
Cesar Silva,101210,HB,FRESNO ST,1,100.0,0,169,60.0,,60.0,0,0,0,,,,0,0,0,1,0,0,0,1,0,0,0,0,1,0
Devin Sanders,101232,ED,NEW MEXICO,1,100.0,0,241,60.0,,60.0,0,0,0,,,,0,0,0,1,0,0,0,1,0,0,0,0,1,0
Rex Goossen,101235,LS,UNLV,1,100.0,0,325,60.0,,60.0,0,0,0,,,,0,0,0,1,0,0,0,1,0,0,0,0,1,0
Alex Pihlstrom,60911,TE,ILLINOIS,1,100.0,0,187,60.0,,60.0,0,0,0,,,,0,0,0,1,0,0,0,1,0,0,0,0,1,1
Jaylen Moody,82649,LB,ALABAMA,1,100.0,0,103,60.0,,60.0,0,0,0,,,,0,0,0,1,0,0,0,1,0,0,0,0,1,0
Jace Christmann,57564,K,MISS STATE,1,100.0,0,227,60.0,,60.0,0,0,0,,,,0,0,0,1,0,0,0,1,0,0,0,0,1,0
David Dowell,33941,S,MICH STATE,1,100.0,0,223,60.0,,60.0,0,0,0,,,,0,0,0,1,0,0,0,1,0,0,0,0,1,0
Andrew Shelley,57575,K,NEW MEXICO,1,100.0,0,241,60.0,,60.0,0,0,0,,,,0,0,0,1,0,0,0,1,0,0,0,0,1,0
JT Woods,77837,S,BAYLOR,1,100.0,0,118,60.0,,60.0,0,0,0,,,,1,0,0,1,0,0,0,1,0,0,0,0,1,0
Peyton Henry,57651,K,WASHINGTON,1,100.0,0,340,60.0,,60.0,0,0,0,,,,0,0,0,1,0,0,0,1,0,0,0,0,1,0
Tyler Baker-Williams,77815,CB,NC STATE,1,100.0,0,248,60.0,,60.0,0,0,0,,,,1,0,0,1,0,0,0,1,0,0,0,0,1,0
Colton Parton,57666,HB,AIR FORCE,1,33.3,0,101,39.7,,60.0,0,0,0,,,,0,0,0,1,0,0,0,3,0,0,0,0,1,0
Lane Ecton,33921,S,GA SOUTHRN,1,100.0,0,174,60.0,,60.0,0,0,0,,,,1,0,0,1,0,0,0,1,0,0,0,0,1,0
Justice Spates,101275,T,NEW MEXICO,1,100.0,0,241,60.0,,60.0,0,0,0,,,,0,0,0,1,0,0,0,1,0,0,0,1,1,0
Jack Cravaack,82165,ED,PURDUE,1,100.0,0,273,60.0,,60.0,0,0,0,,,,0,0,0,1,0,0,0,1,0,0,0,0,1,0
Hayden Henry,57707,LB,ARKANSAS,1,100.0,0,111,60.0,60.5,,0,0,1,100.0,100.0,100.0,0,0,0,1,0,0,0,1,1,1,0,0,0,0
Chandler Wooten,57726,LB,AUBURN,1,100.0,0,115,60.0,60.5,,0,0,1,100.0,100.0,100.0,0,0,0,1,0,0,0,1,1,1,0,0,0,0
Anfernee Jennings,25449,ED,ALABAMA,1,100.0,4,103,60.0,,60.0,0,0,0,,,,10,0,0,1,0,0,0,1,0,0,0,0,1,0
Brock Nichols,33753,S,USF,1,100.0,0,327,60.0,,60.0,0,0,0,,,,0,0,0,1,0,0,0,1,0,0,0,0,1,0
Zion Echols,101305,HB,FRESNO ST,1,25.0,0,169,50.7,,60.0,0,0,0,,,,0,0,0,1,0,0,0,4,0,0,0,0,1,0
Letayveon Beaton,101323,S,NEW MEXICO,1,100.0,0,241,60.0,,60.0,0,0,0,,,,1,0,0,1,0,0,0,1,0,0,0,0,1,0
Simi Bakare,83715,HB,MISSOURI,2,8.3,0,229,72.7,72.7,,0,0,1,25.0,25.0,100.0,0,0,0,1,0,0,0,12,1,4,0,0,0,0
Khyheem Waleed,101335,WR,BOISE ST,1,100.0,0,120,60.0,,60.0,0,0,0,,,,0,0,0,1,0,0,0,1,0,0,0,0,1,0
Shea Whiting,101336,WR,BOISE ST,1,100.0,0,120,60.0,,60.0,0,0,0,,,,0,0,0,1,0,0,0,1,0,0,0,0,1,0
Baylon Spector,57782,LB,CLEMSON,1,100.0,0,140,60.0,,60.0,0,0,0,,,,2,0,0,1,0,0,0,1,0,0,0,0,1,0
Terry Myrick,57801,LB,E MICHIGAN,1,100.0,0,160,60.0,,60.0,0,0,0,,,,1,0,0,1,0,0,0,1,0,0,0,0,1,0
Malcolm Rodriguez,60731,LB,OKLA STATE,1,100.0,0,262,60.0,63.8,,0,0,1,100.0,100.0,100.0,0,0,0,1,0,0,0,1,1,1,0,0,0,0
Devanier Floyd,77807,HB,AKRON,1,100.0,0,102,60.0,69.5,,0,0,1,100.0,100.0,100.0,0,0,0,1,0,0,0,1,1,1,0,0,0,0
Lacedrick Brunson,57811,LB,FLORIDA,1,100.0,0,163,60.0,,60.0,0,0,0,,,,0,0,0,1,0,0,0,1,0,0,0,0,1,0
Ryan Tice,33488,K,C MICHIGAN,1,100.0,0,134,60.0,60.5,,0,0,1,100.0,100.0,100.0,0,0,0,1,0,0,0,1,1,1,0,0,0,0
Parker Eichenberger,60907,TE,HOUSTON,1,100.0,0,182,60.0,,60.0,0,0,0,,,,0,0,0,1,0,0,0,1,0,0,0,0,1,0
Jeremiah Dinson,33322,S,AUBURN,1,100.0,0,115,60.0,60.5,,0,0,1,100.0,100.0,100.0,1,0,0,1,0,0,0,1,1,1,0,0,0,0
British Brooks,77714,HB,N CAROLINA,2,25.0,0,245,46.9,,60.0,0,0,0,,,,0,0,0,1,0,0,0,4,0,0,0,0,1,0
Derek Parish,57854,ED,HOUSTON,1,100.0,0,182,60.0,,60.0,0,0,0,,,,1,0,0,1,0,0,0,1,0,0,0,0,1,0
Richaud Floyd,33043,CB,MISSOURI,1,100.0,0,229,60.0,,60.0,0,0,0,,,,0,0,0,1,0,0,0,1,0,0,0,0,1,0
Kesean Gamble,57903,ED,KENT STATE,1,100.0,0,201,60.0,,60.0,0,0,0,,,,0,0,0,1,0,0,0,1,0,0,0,0,1,0
Matt Araiza,82642,K,S DIEGO ST,1,100.0,0,284,60.0,,60.0,0,0,0,,,,0,0,0,1,0,0,0,1,0,0,0,0,1,0
Jamin Davis,57905,LB,KENTUCKY,1,100.0,0,202,60.0,,60.0,0,0,0,,,,3,0,0,1,0,0,0,1,0,0,0,0,1,0
Michael Lantz,101472,K,MINNESOTA,1,100.0,0,225,60.0,,60.0,0,0,0,,,,0,0,0,1,0,0,0,1,0,0,0,0,1,0
Brady Weeks,101529,LS,MINNESOTA,1,100.0,0,225,60.0,,60.0,0,0,0,,,,0,0,0,1,0,0,0,1,0,0,0,0,1,0
Jude Pedrozo,101531,LS,MICH STATE,1,100.0,0,223,60.0,,60.0,0,0,0,,,,0,0,0,1,0,0,0,1,0,0,0,0,1,0
Sean Wracher,101532,LS,INDIANA,1,100.0,0,190,60.0,,60.0,0,0,0,,,,0,0,0,1,0,0,0,1,0,0,0,0,1,0
Josh Paschal,57908,ED,KENTUCKY,1,100.0,0,202,60.0,,60.0,0,0,0,,,,1,0,0,1,0,0,0,1,0,0,0,0,1,0
Tyler Bass,33010,K,GA SOUTHRN,3,33.3,0,174,28.2,,60.0,0,0,0,0.0,0.0,,0,0,0,1,0,0,0,3,0,2,0,0,1,0
Omahri Jarrett,32941,WR,GA TECH,1,100.0,0,176,60.0,,60.0,0,0,0,,,,0,0,0,1,0,0,0,1,0,0,0,0,1,0
Tabarius Peterson,57939,ED,LOUISVILLE,2,50.0,0,210,64.1,,60.0,0,0,0,,,,2,0,0,1,0,0,0,2,0,0,0,0,1,0
Tyler Markray,83688,HB,KENTUCKY,1,25.0,0,202,79.3,,60.0,0,0,0,0.0,0.0,,0,0,0,1,0,0,0,4,0,1,0,0,1,0
Domenick Murphy,57948,LB,MARSHALL,1,100.0,0,214,60.0,,60.0,0,0,0,,,,0,0,0,1,0,0,1,1,0,0,0,0,1,0
Tyler Brown,57951,LB,MARSHALL,1,100.0,0,214,60.0,,60.0,0,0,0,,,,0,0,0,1,0,1,0,1,0,0,0,0,1,0
Adam Fakih,57969,LB,MICHIGAN,1,100.0,0,222,60.0,,60.0,0,0,0,,,,0,0,0,1,0,0,0,1,0,0,0,0,1,0
Kevin Robledo,32880,K,SMU,1,100.0,0,287,60.0,,60.0,0,0,0,,,,0,0,0,1,0,0,0,1,0,0,0,0,1,0
Darius Slade,29757,ED,USF,1,100.0,0,327,60.0,,60.0,0,0,0,,,,1,0,0,1,0,0,0,1,0,0,0,0,1,0
Noah Harvey,57974,LB,MICH STATE,1,100.0,0,223,60.0,,60.0,0,0,0,,,,0,0,0,1,0,0,0,1,0,0,0,0,1,0
Jeramiah Stovall,29381,CB,NEBRASKA,1,100.0,0,238,60.0,,60.0,0,0,0,,,,0,0,0,1,0,0,0,1,0,0,0,0,1,0
Brant Banks,101581,T,NEBRASKA,1,100.0,0,238,60.0,,60.0,0,0,0,,,,0,0,0,1,0,0,1,1,0,0,0,0,1,0
Stone Wolfley,29316,ED,W VIRGINIA,1,100.0,0,343,60.0,,60.0,0,0,0,,,,0,0,0,1,0,0,0,1,0,0,0,0,1,0
Antjuan Simmons,57975,LB,MICH STATE,1,100.0,0,223,60.0,,60.0,0,0,0,,,,0,0,0,1,0,0,0,1,0,0,0,0,1,0
Kirk Livingstone,29052,ED,USF,1,100.0,0,327,60.0,,60.0,0,0,0,,,,1,0,0,1,0,0,0,1,0,0,0,0,1,0
Evan Austrie,28985,S,UNLV,1,100.0,0,325,60.0,,60.0,0,0,0,,,,1,0,0,1,0,0,0,1,0,0,0,0,1,0
Michael Carter II,60644,CB,DUKE,3,33.3,0,154,54.9,,60.0,0,0,0,0.0,0.0,,2,0,0,1,0,0,0,3,0,2,0,0,1,0
Willie Gay,57987,LB,MISS STATE,1,100.0,2,227,60.0,,60.0,0,0,0,,,,2,0,0,1,0,0,0,1,0,0,0,0,1,0
Kyle Adams,58031,LB,NEVADA,1,100.0,0,239,60.0,,60.0,0,0,0,,,,0,0,0,1,0,0,0,1,0,0,0,0,1,0
Bryan London II,28856,LB,TEXAS ST,1,100.0,0,314,60.0,,60.0,0,0,0,,,,0,0,0,1,0,0,0,1,0,0,0,0,1,0
Malik Harrison,28081,LB,OHIO STATE,1,100.0,0,260,60.0,60.5,,0,0,1,100.0,100.0,100.0,1,0,0,1,0,0,0,1,1,1,0,0,0,0
Justin Hilliard,28079,LB,OHIO STATE,1,100.0,0,260,60.0,60.5,,0,0,1,100.0,100.0,100.0,0,0,0,1,0,0,0,1,1,1,0,0,0,0
Trey Potts,101647,HB,MINNESOTA,2,12.5,0,225,67.1,72.7,,0,0,1,100.0,100.0,100.0,0,0,0,1,0,0,0,8,1,1,0,0,0,0
Brandon Shook,58037,LB,NEW MEXICO,1,100.0,0,241,60.0,,60.0,0,0,0,,,,1,0,0,1,0,0,0,1,0,0,0,0,1,0
Isaiah Moore,58049,LB,NC STATE,1,100.0,1,248,60.0,,60.0,0,0,0,,,,2,0,0,1,0,0,0,1,0,0,0,0,1,0
Chris Bergin,58080,S,NWESTERN,1,100.0,0,256,60.0,,60.0,0,0,0,,,,0,0,0,1,0,0,0,1,0,0,0,0,1,0
Joseph Petrino,82601,K,MARYLAND,1,100.0,0,215,60.0,60.5,,0,0,1,100.0,100.0,100.0,0,0,0,1,0,0,0,1,1,1,0,0,0,0
Sean Adesanya,25543,ED,C MICHIGAN,2,50.0,0,134,59.7,,60.0,0,0,0,0.0,0.0,,5,0,0,1,0,0,0,2,0,1,0,0,1,0
Alex Hart,27631,LB,NEW MEXICO,1,100.0,0,241,60.0,,60.0,0,0,0,,,,0,0,0,1,0,0,0,1,0,0,0,0,1,0
Exree Loe,60790,LB,W VIRGINIA,1,100.0,0,343,60.0,60.5,,0,0,1,100.0,100.0,100.0,2,0,0,1,0,0,0,1,1,1,0,0,0,0
Dominique Long,60688,S,MICH STATE,1,100.0,0,223,60.0,,60.0,0,0,0,,,,0,0,0,1,0,0,0,1,0,0,0,0,1,0
Greg Emerson,82426,DI,TENNESSEE,1,100.0,0,307,60.0,,60.0,0,0,0,,,,0,0,0,1,0,0,0,1,0,0,0,0,1,0
Sherrod Greene,58141,LB,S CAROLINA,1,100.0,1,289,60.0,,60.0,0,0,0,,,,1,0,0,1,0,0,0,1,0,0,0,0,1,0
Damon Moore,27393,DI,FIU,1,100.0,0,166,60.0,,60.0,0,0,0,,,,2,0,0,1,0,0,0,1,0,0,0,0,1,0
Nate Schoenle,27365,WR,MICHIGAN,2,33.3,0,222,57.7,61.8,,0,0,1,50.0,33.3,100.0,0,0,0,1,0,0,0,3,1,3,0,0,0,0
Santrell Latham,58158,LB,SO MISS,1,100.0,0,296,60.0,60.5,,0,0,1,100.0,100.0,100.0,1,0,0,1,0,0,0,1,1,1,0,0,0,0
Calvin Brownholtz,83584,WR,UTEP,1,100.0,0,330,60.0,,60.0,0,0,0,,,,0,0,0,1,0,0,0,1,0,0,0,0,1,0
Jack Sullivan,82375,DI,PURDUE,1,100.0,0,273,60.0,,60.0,0,0,0,,,,0,0,0,1,0,0,0,1,0,0,0,0,1,0
Xavier Henderson,66267,S,MICH STATE,1,100.0,0,223,60.0,,60.0,0,0,0,,,,0,0,0,1,0,0,0,1,0,0,0,0,1,0
Vincenzo Anthony,104217,,VIRGINIA,1,100.0,0,335,60.0,63.8,,0,0,1,100.0,100.0,100.0,0,0,0,1,0,0,0,1,1,1,0,0,0,0
Rhett Cardwell,42098,WR,RICE,2,8.3,0,275,53.7,,60.0,0,0,0,0.0,0.0,,0,0,0,1,0,0,0,12,0,11,0,0,1,0
Freddie Johnson,42129,CB,TEMPLE,1,100.0,0,306,60.0,,60.0,0,0,0,,,,0,0,0,1,0,0,0,1,0,0,0,0,1,0
Jake Hartbarger,27144,P,MICH STATE,1,100.0,0,223,60.0,,60.0,0,0,0,,,,0,0,0,1,0,0,0,1,0,0,0,0,1,0
Anthony Hines III,58187,LB,TEXAS A&M,1,100.0,0,312,60.0,,60.0,0,0,0,,,,0,0,0,1,0,0,0,1,0,0,0,0,1,0
Breylon Garcia,98336,DI,NEVADA,1,100.0,0,239,60.0,,60.0,0,0,0,,,,0,0,0,1,0,0,0,1,0,0,0,0,1,0
Alex Zayed,65786,LB,LA TECH,1,100.0,0,208,60.0,,60.0,0,0,0,,,,0,0,0,1,0,0,0,1,0,0,0,0,1,0
Shaun Lewis,68800,CB,HOUSTON,1,100.0,0,182,60.0,,60.0,0,0,0,,,,1,0,0,1,0,0,0,1,0,0,0,0,1,0
Cooper Heisey,98295,WR,RUTGERS,1,100.0,0,278,60.0,,60.0,0,0,0,,,,0,0,0,1,0,0,0,1,0,0,0,0,1,0
Gavin Blunt,78209,WR,AKRON,2,33.3,0,102,58.2,,60.0,0,0,0,0.0,0.0,,0,0,0,1,0,0,0,3,0,2,0,0,1,0
Caleb Cantrell,64505,LS,UTSA,1,100.0,0,331,60.0,61.9,,0,0,0,,100.0,,0,0,0,1,0,0,0,1,1,1,0,0,0,0
Daniel Godfrey,42302,TE,UNLV,1,100.0,0,325,60.0,,59.9,0,0,0,,,,0,0,0,1,0,0,0,1,0,0,0,0,1,1
Max Thrower,42335,TE,N ILLINOIS,3,25.0,0,254,56.1,,60.0,0,0,0,0.0,0.0,,0,0,0,1,0,0,0,4,0,3,0,0,1,3
Zyon McGee,78422,S,GA SOUTHRN,1,100.0,0,174,60.0,,60.0,0,0,0,,,,0,0,0,1,0,0,0,1,0,0,0,0,1,0
Anthony Beck II,78452,P,GA SOUTHRN,4,25.0,0,174,57.7,,60.0,0,0,0,0.0,0.0,,0,0,0,1,0,0,0,4,0,2,0,0,1,0
JoJo Domann,42446,LB,NEBRASKA,1,100.0,0,238,60.0,,60.0,0,0,0,,,,4,0,0,1,0,0,0,1,0,0,0,0,1,0
Andrew Peasley,83581,QB,UTAH ST,1,16.7,0,329,82.6,,60.0,0,0,0,0.0,0.0,,0,0,0,1,0,0,0,6,0,3,0,0,1,0
Amen Ogbongbemiga,42449,LB,OKLA STATE,1,100.0,0,262,60.0,63.8,,0,0,1,100.0,100.0,100.0,0,0,0,1,0,0,0,1,1,1,0,0,0,0
Isaiah Simmons,42451,S,CLEMSON,1,100.0,1,140,60.0,,60.0,0,0,0,,,,2,0,0,1,0,0,0,1,0,0,0,0,1,0
D.J. Ford,42473,S,N CAROLINA,1,100.0,0,245,60.0,,60.0,0,0,0,,,,0,0,0,1,0,0,0,1,0,0,0,0,1,0
Tomon Fox,42486,ED,N CAROLINA,1,100.0,1,245,60.0,,60.0,0,0,0,,,,1,0,0,1,0,0,0,1,0,0,0,0,1,0
Tariq Carpenter,62987,S,GA TECH,1,100.0,0,176,60.0,60.5,,0,0,1,100.0,100.0,100.0,0,0,0,1,0,0,0,1,1,1,0,0,0,0
Daniel Thomas,42544,S,AUBURN,1,100.0,0,115,60.0,60.5,,0,0,1,100.0,100.0,100.0,5,0,0,1,0,0,0,1,1,1,0,0,0,0
Sam Loebig,41844,G,PURDUE,1,100.0,0,273,60.0,,60.0,0,0,0,,,,0,0,0,1,0,1,0,1,0,0,0,0,1,0
Buddy Johnson,58189,LB,TEXAS A&M,1,100.0,0,312,60.0,,60.0,0,0,0,,,,0,0,0,1,0,0,0,1,0,0,0,0,1,0
James Skalski,42552,LB,CLEMSON,1,100.0,0,140,60.0,,60.0,0,0,0,,,,1,0,0,1,0,0,0,1,0,0,0,0,1,0
Cory Munson,98204,K,W KENTUCKY,1,100.0,0,346,60.0,,60.0,0,0,0,,,,0,0,0,1,0,0,0,1,0,0,0,0,1,0
McArthur Burnett,42617,CB,USF,1,100.0,0,327,60.0,,60.0,0,0,0,,,,0,0,0,1,0,0,0,1,0,0,0,0,1,0
Justin Lewis,75691,CB,UMASS,1,100.0,0,216,60.0,,60.0,0,0,0,,,,0,0,0,1,0,0,0,1,0,0,0,0,1,0
Logan Stewart,75703,S,COLO STATE,1,100.0,0,144,60.0,,60.0,0,0,0,,,,1,0,0,1,0,0,0,1,0,0,0,0,1,0
Turner Bernard,42656,LS,S DIEGO ST,1,100.0,0,284,60.0,,60.0,0,0,0,,,,0,0,0,1,0,0,0,1,0,0,0,0,1,0
Gabriel Flynn,75819,LB,UTEP,1,100.0,0,330,60.0,,60.0,0,0,0,,,,0,0,0,1,0,0,0,1,0,0,0,0,1,0
Charles Snowden,62775,ED,VIRGINIA,3,33.3,0,335,80.2,63.8,,0,0,1,33.3,33.3,100.0,2,0,0,1,1,0,1,3,1,3,0,0,0,0
Tristen Tewes,98099,TE,N ILLINOIS,1,100.0,0,254,60.0,,60.0,0,0,0,,,,0,0,0,1,0,0,0,1,0,0,0,0,1,0
Ty Shelby,41752,ED,LA MONROE,1,100.0,0,209,60.0,,60.0,0,0,0,,,,1,0,0,1,0,0,0,1,0,0,0,0,1,0
Collin Miller,42725,LB,NEBRASKA,1,100.0,0,238,60.0,,60.0,0,0,0,,,,0,0,0,1,0,0,0,1,0,0,0,0,1,0
Zach Hannibal,42732,CB,LA TECH,1,100.0,0,208,60.0,,60.0,0,0,0,,,,0,0,0,1,0,0,0,1,0,0,0,0,1,0
Brett Pope,98053,G,LA TECH,1,100.0,0,208,60.0,,60.0,0,0,0,,,,0,0,0,1,0,0,0,1,0,0,1,0,1,0
Austin Hall,27129,LB,MEMPHIS,1,100.0,0,218,60.0,60.5,,0,0,1,100.0,100.0,100.0,0,0,0,1,0,0,0,1,1,1,0,0,0,0
Will Dabbs,42738,HB,NC STATE,2,5.3,0,248,67.6,72.7,,0,0,1,12.5,12.5,100.0,0,0,0,1,0,0,0,19,1,8,0,0,0,0
Spencer Eason-Riddle,42747,LB,S CAROLINA,1,100.0,0,289,60.0,,60.0,0,0,0,,,,0,0,0,1,0,0,0,1,0,0,0,0,1,0
Mills Ridings,78906,HB,GA SOUTHRN,1,100.0,0,174,60.0,,60.0,0,0,0,,,,0,0,0,1,0,0,0,1,0,0,0,0,1,0
Andrew Yavinsky,105033,FB,VIRGINIA,1,100.0,0,335,60.0,,60.0,0,0,0,,,,0,0,0,1,0,0,0,1,0,0,0,0,1,0
Aidan Robbins,98030,HB,LOUISVILLE,1,50.0,0,210,59.8,,60.0,0,0,0,0.0,0.0,,0,0,0,1,0,0,0,2,0,1,0,0,1,0
Grant Morgan,42888,LB,ARKANSAS,1,100.0,0,111,60.0,60.5,,0,0,1,100.0,100.0,100.0,0,0,0,1,0,0,0,1,1,1,0,0,0,0
Dalevon Campbell,101711,WR,ILLINOIS,1,16.7,0,187,41.8,,60.0,0,0,0,0.0,0.0,,0,0,0,1,0,0,0,6,0,5,0,0,1,0
Kobe Griffin,60777,LB,UAB,1,100.0,0,321,60.0,63.8,,0,0,1,100.0,100.0,100.0,0,0,0,1,0,0,0,1,1,1,0,0,0,0
Ross Reiter,75828,LS,COLO STATE,1,100.0,0,144,60.0,,60.0,0,0,0,,,,0,0,0,1,0,0,0,1,0,0,0,0,1,0
Jonathan Wilson,27127,DI,MEMPHIS,1,100.0,0,218,60.0,60.5,,0,0,1,100.0,100.0,100.0,0,0,0,1,0,0,0,1,1,1,0,0,0,0
Deon Edwards,42912,ED,ARKANSAS,1,100.0,0,111,60.0,60.5,,0,0,1,100.0,100.0,100.0,0,0,0,1,0,0,0,1,1,1,0,0,0,0
Jamar Watson,42938,ED,KENTUCKY,1,100.0,0,202,60.0,,60.0,0,0,0,,,,1,0,0,1,0,0,0,1,0,0,0,0,1,0
Justin Whisenhunt,58200,LB,TROY,1,100.0,0,318,60.0,,60.0,0,0,0,,,,0,0,0,1,0,0,0,1,0,0,0,0,1,0
Noah Burks,42956,ED,WISCONSIN,1,100.0,0,349,60.0,,60.0,0,0,0,,,,5,0,0,1,0,0,0,1,0,0,0,0,1,0
Thomas Pickens,42970,S,MEMPHIS,1,100.0,1,218,60.0,60.5,,0,0,1,100.0,100.0,100.0,4,0,0,1,0,0,0,1,1,1,0,0,0,0
Elijah Hamilton,43012,CB,VANDERBILT,1,100.0,0,333,60.0,,60.0,0,0,0,,,,0,0,0,1,0,0,0,1,0,0,0,0,1,0
Gage Kreski,43047,S,C MICHIGAN,1,100.0,0,134,60.0,,60.0,0,0,0,,,,0,0,0,1,0,0,0,1,0,0,0,0,1,0
Brandon Jones,43049,S,TEXAS,1,100.0,0,311,60.0,,60.0,0,0,0,,,,2,0,0,1,0,0,0,1,0,0,0,0,1,0
Swayze Bozeman,98634,LB,SO MISS,1,100.0,0,296,60.0,,60.0,0,0,0,,,,0,0,0,1,0,0,0,1,0,0,0,0,1,0
Joe Smith,98639,LB,UTEP,1,100.0,0,330,60.0,,60.0,0,0,0,,,,1,0,0,1,0,0,0,1,0,0,0,0,1,0
Jestin Morrow,43067,CB,MARSHALL,1,100.0,0,214,60.0,,60.0,0,0,0,,,,0,0,0,1,0,0,0,1,0,0,0,0,1,1
Tim Hart,43085,LB,MEMPHIS,1,100.0,0,218,60.0,60.5,,0,0,1,100.0,100.0,100.0,0,0,0,1,0,0,0,1,1,1,0,0,0,0
Nick Rattin,97916,LB,N ILLINOIS,1,100.0,0,254,60.0,,60.0,0,0,0,,,,1,0,0,1,0,0,0,1,0,0,0,0,1,0
Thomas Johnston,58210,ED,UAB,1,100.0,0,321,60.0,63.8,,0,0,1,100.0,100.0,100.0,0,0,0,1,0,0,0,1,1,1,0,0,0,0
Farrell Hester II,58232,LB,UNLV,1,100.0,0,325,60.0,,60.0,0,0,0,,,,0,0,0,1,0,0,0,1,0,0,0,0,1,0
Thomas MacVittie,41467,WR,KANSAS,2,50.0,0,198,25.2,,60.0,0,0,0,0.0,0.0,,0,0,0,1,0,0,0,2,0,1,0,0,1,0
Brayden DeVault-Smith,58259,LB,VANDERBILT,1,100.0,0,333,60.0,,60.0,0,0,0,,,,1,0,0,1,0,0,0,1,0,0,0,0,1,0
George Georgopoulos,75877,P,UMASS,2,50.0,0,216,58.2,,60.0,0,0,0,0.0,0.0,,0,0,0,1,0,0,0,2,0,1,0,0,1,0
Martin Mangram,43114,S,UMASS,1,100.0,0,216,60.0,,60.0,0,0,0,,,,0,0,0,1,0,0,0,1,0,0,0,0,1,0
Jackson Gregory,97850,G,LOUISVILLE,1,100.0,0,210,60.0,60.5,,0,0,1,100.0,100.0,100.0,0,0,0,1,0,0,0,1,1,1,0,0,0,0
Joe Norwood,75905,CB,UMASS,1,100.0,0,216,60.0,,60.0,0,0,0,,,,0,0,0,1,0,0,0,1,0,0,0,0,1,0
Brodrick Calhoun,78987,CB,LA TECH,1,100.0,0,208,60.0,,60.0,0,0,0,,,,0,0,0,1,0,0,0,1,0,0,0,0,1,0
Tommy Kennedy,98667,G,MIAMI FL,1,100.0,0,220,60.0,,60.0,0,0,0,,,,0,0,0,1,0,1,0,1,0,0,0,0,1,0
Michael Owusu,58262,ED,VANDERBILT,1,100.0,0,333,60.0,,60.0,0,0,0,,,,0,0,0,1,0,0,0,1,0,0,0,0,1,0
Sean Mahone,43146,S,W VIRGINIA,1,100.0,0,343,60.0,60.5,,0,0,1,100.0,100.0,100.0,0,0,0,1,0,0,0,1,1,1,0,0,0,0
Tuf Borland,43158,LB,OHIO STATE,1,100.0,0,260,60.0,60.5,,0,0,1,100.0,100.0,100.0,1,0,0,1,0,0,0,1,1,1,0,0,0,0
Quincy Lenton,43195,S,FLORIDA,1,100.0,0,163,60.0,,60.0,0,0,0,,,,0,0,0,1,0,0,0,1,0,0,0,0,1,0
Randall Johnson,98675,QB,MIDDLE TN,1,33.3,0,224,53.5,,60.0,0,0,0,,,,0,0,0,1,0,0,0,3,0,0,0,0,1,0
Chandler Jones,76565,CB,LOUISVILLE,1,100.0,0,210,60.0,,60.0,0,0,0,,,,2,0,0,1,0,0,0,1,0,0,0,0,1,0
Chip Omer,41323,HB,TENNESSEE,1,16.7,0,307,69.0,,60.0,0,0,0,0.0,0.0,,0,0,0,1,0,0,0,6,0,3,0,0,1,0
Kishawn Miller,76576,CB,NC STATE,1,100.0,1,248,60.0,,60.0,0,0,0,,,,5,0,0,1,0,0,0,1,0,0,0,0,1,0
Alec Trujillo,98680,QB,S JOSE ST,1,100.0,0,285,60.0,,60.0,0,0,0,,,,0,0,0,1,0,0,0,1,0,0,0,0,1,0
Mark Milton,76596,CB,BAYLOR,1,100.0,0,118,60.0,,60.0,0,0,0,,,,0,0,0,1,0,0,0,1,0,0,0,0,1,0
Javon Terry,76649,CB,N CAROLINA,1,100.0,0,245,60.0,,60.0,0,0,0,,,,0,0,0,1,0,0,0,1,0,0,0,0,1,0
Issac Power,77593,P,BAYLOR,1,100.0,0,118,60.0,,60.0,0,0,0,,,,0,0,0,1,0,0,0,1,0,0,0,0,1,0
Justin Birdsong,79002,CB,GA SOUTHRN,1,100.0,0,174,60.0,,60.0,0,0,0,,,,0,0,0,1,0,0,0,1,0,0,0,0,1,0
Max McDonald,43210,LB,COLO STATE,1,100.0,0,144,60.0,,60.0,0,0,0,,,,0,0,0,1,0,0,0,1,0,0,0,0,1,0
Dallas Smith,105807,HB,OLE MISS,1,100.0,0,226,60.0,,60.0,0,0,0,,,,0,0,0,1,0,0,0,1,0,0,0,0,1,0
Cody Link,41272,TE,NWESTERN,1,100.0,0,256,60.0,,60.0,0,0,0,,,,0,0,0,1,0,0,0,1,0,0,0,0,1,1
Lawrence Garner,43233,LB,DOMINION,1,100.0,0,263,60.0,,60.0,0,0,0,,,,2,0,0,1,0,0,0,1,0,0,0,0,1,0
Dane Roy,26632,P,HOUSTON,1,100.0,0,182,60.0,,60.0,0,0,0,,,,0,0,0,1,0,0,0,1,0,0,0,0,1,0
Joe Bachie,43250,LB,MICH STATE,1,100.0,0,223,60.0,,60.0,0,0,0,,,,0,0,0,1,0,0,0,1,0,0,0,0,1,0
Richie Carpenter Jr.,76757,CB,KENT STATE,1,100.0,0,201,60.0,,60.0,0,0,0,,,,0,0,0,1,0,0,0,1,0,0,0,0,1,0
Corbett Glick,83555,QB,S CAROLINA,1,100.0,0,289,60.0,,60.0,0,0,0,,,,0,0,0,1,0,0,0,1,0,0,0,0,1,0
Isaiah Stallings,43293,LB,NC STATE,1,100.0,0,248,60.0,,60.0,0,0,0,,,,0,0,0,1,0,0,0,1,0,0,0,0,1,0
Joe Tryon-Shoyinka,58272,ED,WASHINGTON,1,100.0,1,340,60.0,,60.0,0,0,0,,,,4,0,0,1,0,0,0,1,0,0,0,0,1,0
