player,player_id,position,team_name,player_game_count,assists,batted_passes,catch_rate,declined_penalties,forced_fumbles,franchise_id,fumble_recoveries,fumble_recovery_touchdowns,grades_coverage_defense,grades_defense,grades_defense_penalty,grades_pass_rush_defense,grades_run_defense,grades_tackle,hits,hurries,interception_touchdowns,interceptions,longest,missed_tackle_rate,missed_tackles,pass_break_ups,penalties,qb_rating_against,receptions,sacks,safeties,snap_counts_box,snap_counts_corner,snap_counts_coverage,snap_counts_defense,snap_counts_dl,snap_counts_dl_a_gap,snap_counts_dl_b_gap,snap_counts_dl_outside_t,snap_counts_dl_over_t,snap_counts_fs,snap_counts_offball,snap_counts_pass_rush,snap_counts_run_defense,snap_counts_slot,stops,tackles,tackles_for_loss,targets,total_pressures,touchdowns,yards,yards_after_catch,yards_per_reception
JR Pace,10116,S,NWESTERN,12,8,0,31.8,0,0,256,0,0,74.7,73.6,56.3,59.8,70.0,51.0,0,0,0,1,22,21.2,11,2,3,41.3,7,0,0,218,10,427,786,5,0,0,5,0,198,781,2,357,355,10,33,0,22,0,1,87,10,12.4
Kamal Martin,12744,LB,MINNESOTA,8,18,0,73.9,0,2,225,0,0,64.0,70.6,84.7,67.2,72.2,58.3,3,2,0,2,13,14.7,10,1,0,80.9,17,2,0,409,1,229,484,19,0,0,19,0,3,465,29,226,50,30,40,1,23,7,2,135,100,7.9
Reggie Robinson II,13094,CB,TULSA,12,7,1,51.7,0,1,320,2,0,68.0,69.0,85.8,67.0,68.8,69.3,0,1,0,4,59,10.4,5,8,8,52.6,31,0,0,93,671,383,800,10,0,0,10,0,0,790,5,412,24,11,36,2,60,1,1,427,124,13.8
Jaylan Foster,13095,CB,S CAROLINA,1,0,0,,0,0,289,0,0,61.0,62.2,71.4,,60.0,,0,0,0,0,,,0,0,0,0.0,0,0,0,1,0,2,5,0,0,0,0,0,0,5,0,3,4,0,0,0,0,0,0,0,0,
Tanner Karafa,13787,DI,BOSTON COL,13,17,2,0.0,0,0,121,2,0,68.7,78.3,73.6,62.4,80.8,57.7,3,19,0,1,,15.6,10,0,1,0.0,0,3,0,1,0,0,776,775,3,632,38,102,0,1,405,371,0,36,37,3,1,25,0,0,0,
Aaron Roberson,13789,CB,LA TECH,13,3,0,48.3,0,0,208,1,0,73.4,73.6,83.4,56.0,70.7,75.6,1,0,0,1,25,7.7,2,4,0,48.9,14,0,0,21,126,156,237,5,0,0,5,0,5,232,4,77,80,11,21,0,29,1,0,146,67,10.4
Hunter Andrews,13808,ED,E MICHIGAN,13,14,2,0.0,0,0,160,0,0,60.4,66.9,86.9,56.1,71.2,62.9,1,6,0,0,,15.0,6,0,0,39.6,0,1,0,0,0,4,435,434,1,46,355,32,0,1,193,238,0,14,20,1,1,8,0,0,0,
Terez Dickerson,13811,LB,DOMINION,10,4,0,85.7,0,0,263,0,0,59.3,65.1,79.2,59.0,69.2,73.8,0,0,0,0,29,10.5,2,0,0,103.0,6,0,0,127,0,58,141,2,0,0,2,0,0,139,8,75,11,8,13,2,7,0,0,61,50,10.2
Tyrin Ferguson,13817,ED,NEBRASKA,6,1,0,66.7,0,0,238,0,0,46.9,49.0,83.2,56.5,51.9,39.4,0,3,0,0,20,28.6,2,0,0,99.3,2,0,0,4,1,16,78,64,0,0,64,0,0,14,21,41,9,3,4,2,3,3,0,30,18,15.0
Trevon Hill,13821,ED,MIAMI FL,12,2,1,100.0,1,0,220,0,0,68.7,71.2,10.0,73.2,69.2,62.6,10,11,0,0,-3,9.5,2,0,4,79.2,1,6,0,1,0,10,365,363,0,0,348,15,0,2,206,149,0,19,17,6,1,27,0,-3,0,-3.0
Adonis Thomas,13851,ED,FLORIDA ST,6,0,0,100.0,0,0,167,0,0,57.6,57.5,85.1,52.0,64.6,42.6,0,0,0,0,1,25.0,1,0,0,79.2,1,0,0,2,2,9,128,119,0,1,117,1,2,9,67,52,3,2,3,0,1,0,0,1,3,1.0
Malachi Jean,14041,DI,USF,2,0,0,,0,0,327,0,0,,53.9,72.8,60.0,55.5,,0,0,0,0,,,0,0,0,0.0,0,0,0,0,0,0,7,7,7,0,0,0,0,0,1,6,0,0,0,0,0,0,0,0,0,
Chris Richardson,14095,DI,UTEP,11,9,2,,0,0,330,0,0,73.9,63.8,32.6,62.9,64.3,67.7,1,5,0,0,,7.4,2,0,3,0.0,0,0,0,10,0,0,477,466,343,122,1,0,0,11,233,244,0,11,16,2,0,6,0,0,0,
Maurice Thomas,14213,HB,MIAMI OH,1,0,0,,0,0,221,0,0,,60.1,60.0,,60.0,,0,0,0,0,,,0,0,0,0.0,0,0,0,0,0,0,1,0,0,0,0,0,0,1,0,1,0,0,0,0,0,0,0,0,0,
Robert Hayes Jr.,14327,CB,SMU,12,3,0,60.7,0,0,287,0,0,65.4,65.7,83.3,57.2,64.8,73.3,0,1,0,0,75,8.3,2,1,2,100.6,17,0,0,18,335,201,358,3,0,0,3,0,0,355,1,156,2,6,19,2,28,1,1,242,113,14.2
Anthony J. Taylor,14471,CB,TEXAS ST,12,6,0,37.5,0,1,314,0,0,80.0,79.4,89.0,59.2,74.6,77.5,0,0,0,1,44,8.6,3,9,2,60.3,15,0,0,145,28,336,694,18,0,0,18,0,57,676,3,355,446,7,26,1,40,0,2,199,54,13.3
Ladarian McFarland,14977,LB,UTSA,4,3,0,75.0,0,2,331,1,0,51.7,47.4,0.0,74.2,44.8,42.2,1,4,0,0,11,31.8,7,1,2,120.8,6,0,0,140,0,52,141,1,0,0,1,0,0,140,13,76,0,5,12,1,8,5,1,32,41,5.3
Marquis Couch,21749,ED,MARSHALL,13,22,1,40.0,0,1,214,0,0,67.9,74.5,41.3,71.4,76.0,72.2,7,14,0,0,23,12.3,7,0,3,54.6,2,2,0,36,3,101,609,541,0,4,517,20,2,68,236,272,27,24,28,3,5,23,0,23,4,11.5
Anthony Cruz,22522,S,TEMPLE,2,1,0,,0,0,306,0,0,63.9,66.6,73.4,,65.2,77.1,0,0,0,0,,0.0,0,0,0,0.0,0,0,0,5,0,3,13,0,0,0,0,0,0,13,0,10,8,0,1,0,0,0,0,0,0,
Ryan Renick,22838,TE,TEXAS A&M,1,0,0,,0,0,312,0,0,,60.0,60.0,,60.0,,0,0,0,0,,,0,0,0,0.0,0,0,0,0,0,0,1,0,0,0,0,0,0,1,0,1,0,0,0,0,0,0,0,0,0,
Clay Davis,22969,LB,W KENTUCKY,10,9,0,70.0,0,1,346,0,0,48.3,55.1,84.0,63.6,59.1,46.9,4,2,0,0,38,21.1,12,2,1,93.8,14,1,0,369,0,187,447,17,0,0,17,0,0,430,36,224,60,24,36,1,20,7,0,160,119,11.4
Cortez Davis,22974,CB,HAWAII,15,7,0,55.1,0,0,180,0,0,75.4,76.4,86.8,,73.2,89.2,0,0,1,1,37,3.6,2,10,4,81.7,43,0,0,44,869,533,940,2,0,0,2,0,8,938,0,407,16,18,46,3,78,0,4,411,148,9.6
Dru Prox,23093,LB,KANSAS,4,12,0,55.6,0,1,198,0,0,65.7,64.2,15.6,60.9,63.2,78.4,1,1,0,0,28,9.6,5,1,1,71.1,5,2,0,265,0,102,271,0,0,0,0,0,0,271,19,150,6,16,35,1,9,4,0,49,17,9.8
Tim Washington,23468,LB,MISS STATE,11,2,0,50.0,0,1,227,1,0,57.6,58.5,0.0,53.8,67.5,75.6,0,2,0,0,10,8.0,2,1,3,56.3,5,1,0,166,1,81,248,67,0,0,67,0,0,181,31,136,14,10,21,1,10,3,0,27,23,5.4
K.J. Osborn,23503,WR,MIAMI FL,1,0,0,,0,0,220,0,0,60.0,62.4,60.0,,,,0,0,0,0,,,0,0,0,0.0,0,0,0,0,0,1,1,0,0,0,0,0,0,1,0,0,0,0,0,0,0,0,0,0,0,
Dalton Baker,23619,ED,UTAH ST,12,8,1,100.0,0,0,329,1,0,61.0,54.8,84.5,61.8,48.0,35.4,2,6,0,0,27,24.1,7,1,0,118.8,2,0,0,21,1,27,267,237,11,35,160,31,0,30,102,138,8,9,14,1,2,8,0,43,18,21.5
James Bowe Jr.,23787,S,UMASS,6,4,0,72.7,0,1,216,0,0,65.0,60.8,85.9,57.3,51.0,39.2,0,0,0,0,47,30.3,10,1,0,145.1,8,0,0,70,5,146,281,28,0,0,28,0,96,253,7,128,82,5,19,0,11,0,1,173,132,21.6
Tim Collins,23804,ED,W MICHIGAN,13,11,1,,0,1,347,0,0,69.9,72.7,59.3,65.0,71.7,62.2,2,9,0,0,,11.1,4,0,1,0.0,0,5,0,1,0,2,335,334,1,185,137,11,0,1,179,154,0,17,21,4,0,16,0,0,0,
Dontavious Jackson,24251,LB,FLORIDA ST,10,6,0,71.4,0,0,167,0,0,47.9,53.3,7.8,60.4,60.3,33.0,1,1,0,0,27,24.5,12,0,3,99.7,15,0,0,396,0,208,427,12,0,0,12,0,1,415,29,190,18,19,31,0,21,2,1,112,98,7.5
Alvinoski LaFleur,24504,S,E MICHIGAN,13,1,0,93.3,0,1,160,0,0,46.5,55.3,80.8,60.4,68.0,53.2,0,2,0,1,52,23.3,7,0,1,108.9,14,1,0,109,2,92,249,15,0,0,15,0,1,234,16,141,122,12,22,0,15,3,1,172,120,12.3
Mason Vega,24705,ED,HAWAII,9,3,1,,0,0,180,0,0,75.0,56.5,48.6,57.8,54.0,62.0,1,2,0,0,,20.0,3,0,1,0.0,0,1,0,1,0,0,243,242,13,61,77,91,0,1,139,104,0,8,9,2,0,4,0,0,0,
Shawn Featherstone,25441,S,AKRON,8,9,0,63.6,0,0,102,0,0,72.0,74.8,41.3,60.0,79.0,79.5,0,1,0,1,41,11.6,5,1,2,83.5,7,0,0,142,2,239,550,1,0,0,1,0,356,549,1,310,49,4,29,1,11,1,1,95,24,13.6
Alvin Davis Jr.,25442,S,AKRON,11,15,0,64.0,1,2,102,0,0,74.8,82.4,57.1,67.5,90.8,90.0,0,2,0,0,34,6.6,6,3,2,80.8,16,0,0,177,103,318,821,10,0,0,10,0,334,811,12,491,197,21,70,6,25,2,0,152,57,9.5
Anfernee Jennings,25449,ED,ALABAMA,13,16,3,75.0,4,1,103,0,0,68.6,86.9,0.0,88.2,88.6,67.0,15,21,0,1,37,13.0,10,2,10,64.6,6,8,0,50,0,77,652,593,0,8,568,17,0,59,294,281,8,46,51,4,8,44,0,76,41,12.7
Shyheim Carter,25451,CB,ALABAMA,13,11,1,57.7,0,1,103,0,0,73.0,75.0,89.5,58.7,80.6,60.0,1,1,0,1,31,17.0,8,2,0,83.1,30,0,0,44,5,372,638,25,0,0,25,0,4,613,24,242,559,15,28,3,52,2,3,271,146,9.0
Malik Lawal,25510,LB,TULANE,13,6,0,66.7,0,0,319,0,0,51.6,52.7,4.7,69.8,49.2,62.5,4,11,0,0,58,14.3,6,0,2,109.7,2,1,0,263,0,83,366,92,0,0,92,0,0,274,99,184,10,19,30,1,3,16,0,67,66,33.5
Tyler Whiley,25511,S,ARIZONA ST,7,5,0,83.3,0,0,110,1,0,45.2,52.6,0.0,62.2,71.1,80.0,2,0,0,0,48,5.9,1,0,1,154.9,5,0,0,43,0,58,116,0,0,0,0,0,46,116,9,49,27,2,11,0,6,2,2,70,43,14.0
Sean Adesanya,25543,ED,C MICHIGAN,14,7,1,50.0,0,1,134,1,0,68.5,75.3,29.6,77.5,66.7,35.1,9,25,0,1,3,31.3,15,0,5,16.7,1,8,0,0,0,10,707,707,1,9,667,30,0,0,390,307,0,27,26,8,2,42,0,3,2,3.0
Jared Atkinson,25636,WR,BAYLOR,1,0,0,,0,0,118,0,0,,60.0,60.0,60.0,,,0,0,0,0,,,0,0,0,0.0,0,0,0,0,0,0,1,0,0,0,0,0,0,1,1,0,0,0,0,0,0,0,0,0,0,
Jameson Houston,25642,CB,BAYLOR,14,2,0,56.0,1,0,118,1,0,72.9,72.8,26.4,62.2,75.8,65.4,0,3,0,1,79,15.5,9,6,5,80.2,42,0,0,91,722,481,838,13,0,0,13,0,3,825,11,346,8,19,47,1,75,3,3,427,178,10.2
Bravvion Roy,25644,DI,BAYLOR,14,12,0,,0,0,118,0,0,58.6,88.4,77.0,83.7,85.6,82.0,15,30,0,0,,5.4,3,0,1,0.0,0,6,0,59,0,10,726,666,626,36,2,2,0,60,422,294,0,37,41,8,0,51,0,0,0,
Clay Johnston,25685,LB,BAYLOR,6,13,0,72.2,0,0,118,0,0,65.7,83.1,82.6,77.3,90.2,60.8,2,5,0,1,18,16.4,10,5,0,67.6,13,4,0,311,0,180,334,3,0,0,3,0,1,331,27,127,19,32,38,6,18,11,0,123,64,9.5
Chris Miller,25686,S,BAYLOR,13,6,0,41.7,1,2,118,0,0,63.9,65.7,0.0,52.2,78.3,74.1,0,1,0,0,27,12.9,11,2,4,92.0,5,0,0,207,0,401,702,1,0,0,1,0,450,701,12,289,44,21,68,3,12,1,1,79,20,15.8
Henry Black,25687,S,BAYLOR,14,14,0,54.3,1,2,118,0,0,88.0,82.7,61.4,60.2,76.6,68.0,1,1,0,1,28,15.1,11,2,2,63.9,19,0,0,446,14,523,933,24,0,0,24,0,228,909,19,391,220,18,48,0,35,2,1,159,99,8.4
Cam Jefferies,25700,CB,CINCINNATI,14,5,0,48.9,1,0,138,0,0,61.0,63.2,86.1,,71.8,50.0,0,0,0,1,75,21.4,6,5,4,104.7,23,0,0,24,429,336,573,0,0,0,0,0,2,573,0,237,118,5,17,0,47,0,4,478,201,20.8
David Konowalski,25701,ED,BOWL GREEN,12,14,1,,1,0,122,2,0,64.8,66.3,60.7,63.4,65.5,49.7,5,11,0,0,,18.6,11,0,2,0.0,0,3,0,0,0,0,679,678,0,59,459,160,0,1,339,340,0,25,34,4,0,19,0,0,0,
Antonyo Sotolongo,25704,S,BOWL GREEN,12,9,0,90.9,0,1,122,0,0,56.1,53.9,19.7,53.4,54.0,33.6,0,1,0,0,44,26.2,17,0,1,158.3,10,0,0,137,1,155,315,14,0,0,14,0,131,301,7,153,31,7,39,1,11,1,2,144,99,14.4
Luc Bequette,25776,DI,CAL,13,8,2,,1,1,130,0,0,67.0,64.4,71.7,60.8,62.8,63.2,4,13,0,0,,7.3,4,0,2,0.0,0,3,0,0,0,5,738,737,93,430,28,186,0,1,418,315,0,28,43,0,0,20,0,0,0,
Zeandae Johnson,25779,DI,CAL,13,4,0,,0,1,130,0,0,65.2,75.0,86.3,67.6,73.8,49.9,1,23,0,0,,17.2,5,1,0,0.0,0,4,0,0,0,3,676,675,4,420,21,230,0,1,378,295,0,19,20,2,0,28,0,0,0,
D'Andre Dill,25890,DI,C MICHIGAN,11,2,0,,1,0,134,1,0,60.0,66.2,0.9,73.8,63.4,58.6,3,8,0,0,,22.2,2,0,3,0.0,0,0,0,1,0,0,241,240,8,218,0,14,0,1,134,107,0,0,5,0,0,11,0,0,0,
Michael Oliver,25893,LB,C MICHIGAN,14,22,0,71.8,0,1,134,1,0,62.0,66.9,86.3,58.8,68.3,47.7,2,5,0,1,54,18.4,21,1,1,92.0,28,0,0,617,0,325,654,4,0,0,4,0,4,650,37,292,29,56,71,8,39,7,1,302,215,10.8
Willie Edwards,26004,CB,APP STATE,4,0,0,60.0,0,0,108,0,0,70.4,70.6,76.2,,62.2,48.1,0,0,0,1,34,25.0,1,0,0,49.2,3,0,0,0,48,33,48,0,0,0,0,0,0,48,0,15,0,2,3,0,5,0,0,44,4,14.7
Tre Hornbuckle,26138,ED,DUKE,11,7,0,,0,2,154,1,0,66.4,72.9,45.2,64.0,75.7,59.3,2,9,0,0,,14.3,5,0,2,0.0,0,5,0,0,0,1,404,404,11,2,369,22,0,0,204,199,0,25,23,3,0,16,0,0,0,
Trevon McSwain,26142,DI,DUKE,12,8,1,,0,2,154,0,0,60.5,74.8,67.9,80.9,66.8,46.7,1,19,0,0,,21.2,7,0,1,0.0,0,4,0,3,0,1,518,515,98,400,0,17,0,3,255,262,0,16,18,3,0,24,0,0,0,
Jordan Hayes,26143,S,UCF,8,2,0,28.6,0,0,323,0,0,59.2,58.2,81.5,55.4,56.2,52.3,0,0,0,0,17,18.8,3,0,0,42.0,2,0,0,45,0,92,137,2,0,0,2,0,57,135,5,40,32,3,11,1,7,0,0,25,19,12.5
Koby Quansah,26145,LB,DUKE,12,20,0,61.5,1,0,154,2,0,47.9,64.6,35.7,56.9,77.3,68.4,4,16,0,0,21,15.0,15,1,3,80.1,16,3,0,703,2,304,781,50,0,0,50,0,1,731,103,374,25,43,65,10,26,23,0,167,109,10.4
Dylan Singleton,26147,S,DUKE,12,19,0,81.5,0,2,154,1,0,57.7,59.5,58.2,60.3,61.9,57.3,0,3,0,0,62,20.0,19,0,1,144.8,22,1,0,298,4,389,772,49,0,0,49,0,291,723,18,365,130,21,57,3,27,4,4,250,117,11.4
Colby Gore,26197,CB,E CAROLINA,10,3,0,59.6,0,1,156,0,0,56.2,51.2,17.5,45.5,41.5,69.1,0,1,0,1,66,13.0,7,2,4,111.0,34,0,0,85,594,325,698,2,0,0,2,0,0,696,16,357,17,9,44,1,57,1,4,590,188,17.4
Kendall Futrell,26199,ED,E CAROLINA,12,9,0,100.0,0,4,156,1,0,64.4,86.8,67.3,85.5,80.4,71.5,6,27,0,0,20,8.6,5,0,2,110.4,2,10,0,0,0,3,821,821,0,9,792,20,0,0,410,408,0,43,44,6,2,43,0,21,14,10.5
Michael Swift,26200,ED,E CAROLINA,7,1,0,,0,0,156,0,0,60.0,58.8,79.1,52.1,61.9,58.5,0,0,0,0,,16.7,1,0,0,0.0,0,0,0,0,0,0,63,63,0,0,63,0,0,0,22,41,0,3,4,0,0,0,0,0,0,
Kevin McGill,26334,CB,E MICHIGAN,11,10,0,48.6,1,0,160,0,0,79.5,72.5,50.6,68.9,48.8,57.5,0,0,0,1,38,18.2,8,2,5,60.8,18,1,0,96,592,333,723,8,0,0,8,0,12,715,3,387,14,10,26,1,37,1,1,181,96,10.1
Jalen Phelps,26343,S,E MICHIGAN,4,2,0,88.9,0,0,160,0,0,59.9,62.0,82.0,,65.2,66.5,0,0,0,0,23,12.5,2,0,0,101.9,8,0,0,43,2,52,135,0,0,0,0,0,12,135,0,83,78,2,12,0,9,0,0,76,39,9.5
Clay Holford,26345,ED,E MICHIGAN,3,1,1,0.0,0,0,160,0,0,88.9,66.0,81.2,60.7,55.7,78.7,0,0,0,1,,0.0,0,1,0,0.0,0,0,0,0,0,1,89,89,4,0,83,2,0,0,47,41,0,2,4,0,1,0,0,0,0,
Brody Hoying,26348,S,E MICHIGAN,13,12,0,70.5,1,2,160,2,0,75.7,77.0,55.3,77.4,76.5,60.9,2,1,0,4,22,17.0,15,4,1,45.1,31,2,0,301,9,308,707,29,0,0,29,0,3,678,40,359,364,27,61,3,44,5,0,234,165,7.5
Kevin McCrary,26396,DI,FAU,13,3,0,100.0,0,0,165,0,0,55.9,64.4,82.5,63.8,65.4,39.3,2,6,0,0,18,33.3,3,0,0,118.8,1,2,0,0,0,2,216,216,47,102,1,66,0,0,108,106,0,5,3,0,1,10,0,18,5,18.0
Jabari Zuniga,26449,ED,FLORIDA,6,3,0,,0,0,163,0,0,,87.5,0.0,85.7,90.3,49.8,2,13,0,0,,21.4,3,0,4,0.0,0,4,0,0,0,0,188,187,0,58,86,43,0,1,124,64,0,11,8,3,0,19,0,0,0,
Luke Ancrum,26450,ED,FLORIDA,12,8,2,,1,0,163,0,0,63.8,63.4,0.0,58.8,71.3,69.5,0,7,0,0,,16.7,4,0,4,0.0,0,2,0,1,0,0,252,251,1,51,138,61,0,1,135,117,0,10,12,3,0,9,0,0,0,
Kylan Johnson,26452,LB,PITTSBURGH,13,7,0,40.0,0,2,268,1,0,81.1,75.3,83.5,68.2,67.7,63.8,4,13,0,0,40,17.6,9,1,0,53.5,6,7,0,649,5,333,768,45,0,0,45,0,2,723,134,301,66,29,35,4,15,24,0,65,55,10.8
Jeremiah Moon,26453,ED,FLORIDA,9,5,1,16.7,1,0,163,0,0,76.5,68.5,65.6,68.0,58.6,76.4,6,10,0,0,6,10.7,3,1,1,39.6,1,4,0,24,17,77,389,335,0,0,335,0,0,54,143,169,13,16,20,4,6,20,0,6,3,6.0
David Reese II,26454,LB,FLORIDA,13,14,0,73.5,0,0,163,1,0,62.1,69.4,83.0,51.4,78.3,66.7,0,6,0,0,52,12.5,12,0,0,96.0,36,1,0,520,4,321,628,36,1,0,35,0,3,592,52,255,65,40,70,5,49,7,1,305,192,8.5
Jeawon Taylor,26455,S,FLORIDA,11,8,0,50.0,0,0,163,0,0,63.9,66.1,83.8,64.6,67.5,51.8,1,3,0,0,25,22.5,9,1,0,101.5,7,0,0,242,4,239,434,4,0,0,4,0,93,430,14,181,90,9,23,2,14,4,1,114,38,16.3
Marcus Lewis,26457,CB,MARYLAND,10,6,0,63.5,0,0,215,1,0,57.9,61.4,86.0,56.5,74.6,57.2,0,1,0,2,35,12.8,5,1,2,83.6,33,0,0,39,502,297,586,19,0,0,19,0,1,567,4,285,24,7,28,0,52,1,2,397,138,12.0
Zack Mesday,26506,ED,TEMPLE,13,7,2,100.0,0,0,306,0,0,72.2,68.3,67.2,59.6,70.7,75.1,2,14,0,0,20,8.3,2,0,1,158.3,1,4,0,0,0,0,427,426,0,0,406,20,0,1,233,194,0,13,15,1,1,20,1,20,13,20.0
David Curry,26573,LB,GA TECH,12,11,0,82.8,0,2,176,0,0,65.2,64.4,54.1,64.2,62.5,71.2,3,8,0,1,33,13.4,15,1,1,95.8,24,3,0,666,0,260,754,50,0,0,50,0,0,704,82,412,38,51,86,3,29,14,1,223,206,9.3
Rojesterman Farris II,26587,CB,HAWAII,14,11,0,54.9,0,0,180,1,0,75.7,77.9,86.5,58.1,84.0,90.0,0,0,1,1,75,3.3,2,6,3,87.8,39,0,0,111,755,497,918,1,0,0,1,0,11,917,1,420,38,12,47,1,71,0,2,620,174,15.9
Solomon Matautia,26631,LB,HAWAII,15,25,1,82.4,0,0,180,0,0,64.2,65.0,89.7,64.7,63.4,65.7,2,5,1,2,26,13.0,13,0,0,83.6,28,1,0,409,3,323,785,285,0,0,284,1,4,500,64,398,84,30,62,3,34,8,1,258,177,9.2
Patrick Nelson,26699,LB,SMU,13,13,0,70.2,0,1,287,1,0,63.9,74.5,65.2,90.7,73.7,60.9,6,15,0,1,68,20.2,18,2,2,117.1,33,13,0,439,5,456,960,85,0,0,85,0,123,875,94,410,308,50,58,6,47,34,4,417,281,12.6
Cam Watkins,26701,CB,VANDERBILT,12,4,0,60.0,0,0,333,0,0,59.5,61.0,18.5,54.6,71.4,55.4,0,0,0,0,70,16.7,5,3,1,134.3,18,0,0,27,273,149,324,4,0,0,4,0,0,320,2,173,20,4,21,1,30,0,3,352,159,19.6
Reggie Walker,26885,ED,KANSAS ST,13,7,0,66.7,0,0,199,0,0,61.1,69.7,73.0,72.0,64.1,49.8,5,34,0,0,5,22.9,8,0,1,70.1,2,2,0,1,0,16,554,552,0,3,545,4,0,2,294,244,0,17,20,3,3,41,0,6,14,3.0
Trey Dishon,26938,DI,KANSAS ST,13,5,0,,0,0,199,0,0,60.6,74.2,67.7,68.9,74.6,59.8,4,16,0,0,,13.8,4,0,1,0.0,0,3,0,2,0,0,568,565,27,484,0,54,0,3,305,263,0,20,20,3,0,23,0,0,0,
Dominic Hill,26945,DI,KENT STATE,8,3,0,,0,0,201,1,0,72.0,65.4,16.2,67.8,64.8,41.9,1,4,0,0,,20.0,4,0,3,0.0,0,1,0,1,0,0,310,309,224,84,1,0,0,1,135,175,0,11,13,3,0,6,0,0,0,
Jamal Parker Jr.,26946,CB,KENT STATE,13,6,0,52.2,3,0,201,0,0,68.4,67.7,50.4,50.0,68.8,76.1,1,2,0,3,54,10.6,7,6,9,77.2,24,0,0,70,751,372,855,5,0,0,5,0,3,850,13,470,25,11,53,0,46,3,3,409,126,17.0
Michael Divinity Jr.,27046,ED,LSU,6,6,0,100.0,0,1,211,0,0,54.6,65.8,39.8,61.2,81.6,74.6,3,4,0,0,19,13.0,3,0,1,100.0,6,3,0,68,1,71,235,135,0,7,127,1,0,100,88,76,31,12,14,0,6,10,0,48,42,8.0
Isaiah Rodgers,27069,CB,UMASS,12,5,0,49.0,0,1,216,0,0,65.5,67.1,85.4,60.0,70.2,57.2,0,0,1,4,52,14.3,7,6,2,64.5,24,0,0,52,569,299,649,8,0,0,8,0,0,641,1,349,20,6,37,3,49,0,3,414,83,17.3
Jonathan Wilson,27127,DI,MEMPHIS,14,6,0,,0,1,218,0,0,59.5,73.6,85.0,77.1,66.7,35.1,8,18,0,0,,33.3,9,0,0,0.0,0,4,0,1,0,1,555,553,24,468,27,34,0,2,283,271,0,13,12,2,0,30,0,0,0,
Bryce Huff,27128,ED,MEMPHIS,14,9,0,,0,2,218,1,0,66.2,89.0,65.0,90.3,78.6,68.7,12,44,0,0,,13.7,7,0,2,0.0,0,8,1,0,0,7,760,759,0,11,685,63,0,1,381,372,0,32,35,7,0,64,0,0,0,
Austin Hall,27129,LB,MEMPHIS,13,15,1,79.4,0,0,218,2,1,76.7,68.9,87.9,73.2,54.5,77.8,3,7,0,2,31,9.3,7,5,0,99.6,27,3,0,390,4,308,737,102,0,0,102,0,0,635,66,363,240,33,53,5,34,13,2,309,149,11.4
Raequan Williams,27300,DI,MICH STATE,13,11,2,,1,1,223,0,0,60.8,74.0,40.1,76.9,69.6,28.5,5,22,0,0,,28.6,14,0,3,0.0,0,7,0,1,0,1,604,603,119,418,24,42,0,1,352,251,0,27,24,2,0,34,0,0,0,
Reuben Jones,27371,ED,W VIRGINIA,12,9,0,,1,0,343,0,0,58.5,62.1,52.8,65.6,59.5,81.8,3,15,0,0,,10.0,3,0,2,0.0,0,3,0,2,0,5,509,507,0,26,407,74,0,2,239,265,0,15,18,2,0,21,0,0,0,
Lavert Hill,27374,CB,MICHIGAN,12,1,0,45.2,1,0,222,0,0,72.0,69.5,85.7,53.9,56.1,85.8,0,0,0,3,42,0.0,0,9,9,39.7,14,0,0,55,459,274,559,9,0,0,9,0,2,550,3,282,34,2,13,1,31,0,1,214,68,15.3
Michael Dwumfour,27376,DI,MICHIGAN,10,1,2,,0,0,222,0,0,59.9,74.2,17.4,75.2,73.6,47.9,0,9,0,0,,30.0,3,0,2,0.0,0,0,0,0,0,1,222,222,1,212,0,9,0,0,112,109,0,6,6,1,0,9,0,0,0,
Joshua Uche,27379,ED,MICHIGAN,13,3,0,66.7,2,2,222,2,0,64.1,84.2,21.1,91.4,68.8,65.7,13,25,0,0,22,20.0,6,1,3,102.1,4,8,0,142,0,73,470,300,0,0,299,1,4,170,206,191,24,24,21,3,6,46,0,64,46,16.0
Damon Moore,27393,DI,FIU,12,4,0,,0,1,166,0,0,60.0,70.3,18.9,69.2,71.2,53.7,0,5,0,0,,18.8,3,0,2,0.0,0,1,0,1,0,0,236,235,4,203,1,27,0,1,115,121,0,5,9,1,0,6,0,0,0,
Ronnell Perkins,27441,LB,MISSOURI,12,6,2,46.2,0,0,229,0,0,75.8,65.1,89.1,62.2,48.3,42.9,1,3,1,2,16,25.0,7,2,0,17.0,6,0,0,64,4,158,341,128,0,0,128,0,59,213,30,153,86,7,15,1,13,4,0,50,19,8.3
DeMarkus Acy,27442,CB,MISSOURI,10,2,0,55.3,1,0,229,1,0,61.2,63.0,84.3,52.6,69.8,32.9,0,1,0,0,48,30.4,7,4,1,81.5,21,0,0,19,378,217,436,2,0,0,2,0,0,434,3,216,37,9,14,0,38,1,1,224,128,10.7
Lucas Weber,27625,LB,NEVADA,6,3,0,80.0,0,0,239,0,0,55.7,59.5,32.4,63.2,62.7,57.2,3,6,0,0,21,16.7,4,0,1,90.8,8,0,0,173,0,85,266,63,0,0,63,0,0,203,41,140,30,13,17,2,10,9,0,58,54,7.3
Alex Hart,27631,LB,NEW MEXICO,12,20,0,75.0,0,1,241,0,0,58.7,69.1,87.1,70.5,69.2,66.6,5,12,0,1,50,11.8,11,2,0,117.6,21,4,0,731,0,331,762,13,0,0,13,0,0,749,85,346,18,48,62,7,28,21,2,296,169,14.1
Jarius Morehead,27752,S,NC STATE,12,17,0,63.6,0,0,248,1,0,58.6,59.6,45.0,75.2,58.6,46.3,1,2,0,0,13,23.5,16,0,2,115.2,7,1,0,168,0,279,559,23,0,0,23,0,296,536,15,265,70,10,35,0,11,4,2,54,21,7.7
Taylor Robinson,27804,S,N TEXAS,10,11,1,63.6,1,1,251,0,0,43.8,42.3,48.3,75.7,40.3,48.2,0,1,0,1,59,21.8,17,5,4,113.8,21,0,0,243,0,337,634,7,0,0,7,0,163,627,1,296,220,14,50,1,33,1,3,325,134,15.5
Quintin Wynne,27823,ED,N ILLINOIS,10,6,0,50.0,0,0,254,0,0,56.3,66.5,70.6,57.6,74.3,61.7,4,7,0,0,8,13.3,4,0,1,56.3,2,2,0,2,0,22,505,502,0,5,491,6,0,3,220,263,1,16,20,3,4,13,0,9,8,4.5
Trayshon Foster,27831,S,N ILLINOIS,12,10,0,46.2,0,0,254,3,1,63.7,60.1,0.0,84.2,53.6,75.2,1,2,0,0,40,10.6,5,1,5,82.5,12,0,0,144,7,320,645,7,0,0,7,0,171,638,12,313,316,11,32,2,26,3,1,182,46,15.2
Trequan Smith,27833,S,N ILLINOIS,6,1,0,50.0,0,0,254,0,0,37.9,30.6,75.3,56.9,32.1,48.0,1,0,0,0,9,25.0,1,0,0,62.5,1,0,0,17,0,21,39,0,0,0,0,0,11,39,2,16,11,1,2,0,2,1,0,9,6,9.0
Joe Gaziano,27949,ED,NWESTERN,12,11,4,50.0,1,4,256,2,0,62.7,85.6,75.3,81.0,85.1,67.7,7,30,0,0,20,16.0,8,1,1,73.6,3,7,1,0,0,46,662,662,0,4,628,30,0,0,323,293,0,35,31,8,6,44,0,43,16,14.3
Trent Goens,27950,ED,NWESTERN,4,4,1,100.0,0,0,256,0,0,67.0,71.9,82.1,60.7,73.3,82.2,1,1,0,0,4,0.0,0,0,0,79.2,2,1,0,0,1,14,144,141,1,23,105,12,0,3,72,58,2,9,10,3,2,3,0,6,7,3.0
Nathan Fox,27953,LB,HOUSTON,1,0,0,,0,0,182,0,0,62.5,66.4,73.1,67.5,60.6,27.5,0,0,0,0,,100.0,1,0,0,0.0,0,0,0,12,0,7,17,0,0,0,0,0,0,17,2,8,5,0,0,0,0,0,0,0,0,
Trae Williams,27962,CB,NWESTERN,10,1,0,68.8,0,0,256,0,0,58.9,57.9,84.0,60.0,51.4,51.9,0,0,0,0,50,22.7,5,3,1,134.6,22,0,0,21,323,227,393,0,0,0,0,0,1,393,1,165,48,3,16,0,32,0,4,274,79,12.5
K.J. Hill,28025,WR,OHIO STATE,1,0,0,,0,0,260,0,0,,60.0,60.0,,60.0,,0,0,0,0,,,0,0,0,0.0,0,0,0,0,0,0,1,0,0,0,0,0,0,1,0,1,0,0,0,0,0,0,0,0,0,
Robert Landers,28064,DI,OHIO STATE,13,6,0,,0,0,260,1,0,62.9,88.4,52.2,74.6,91.2,46.4,4,9,0,0,,20.0,3,0,1,0.0,0,1,0,0,0,1,253,253,76,169,0,8,0,0,149,103,0,7,6,3,0,14,0,0,0,
Austin Mack,28070,WR,OHIO STATE,1,0,0,,0,0,260,0,0,,60.0,60.0,,60.0,,0,0,0,0,,,0,0,2,0.0,0,0,0,0,0,0,1,0,0,0,0,0,0,1,0,1,0,0,0,0,0,0,0,0,0,
Rashod Berry,28071,TE,OHIO STATE,4,0,0,,0,0,260,0,0,,47.2,0.0,52.4,64.0,,0,0,0,0,,,0,0,1,0.0,0,0,0,0,0,0,17,17,0,1,10,6,0,0,13,4,0,0,0,0,0,0,0,0,0,
DaVon Hamilton,28072,DI,OHIO STATE,14,9,0,,0,0,260,1,0,60.0,82.3,60.0,75.5,83.4,60.6,6,9,0,0,,19.4,6,0,1,0.0,0,6,0,0,0,0,354,354,70,248,0,36,0,0,208,146,0,16,16,3,0,21,0,0,0,
Jashon Cornell,28074,DI,OHIO STATE,14,7,0,,0,1,260,0,0,66.3,90.2,83.4,86.1,83.5,67.7,2,17,0,0,,12.0,3,0,0,0.0,0,6,0,0,0,0,393,393,0,313,33,47,0,0,230,163,0,17,15,3,0,25,0,0,0,
Josh Norwood,28076,S,W VIRGINIA,10,18,0,61.5,0,0,343,0,0,61.9,67.4,0.0,55.1,79.9,70.4,0,0,0,1,81,14.5,11,5,2,104.3,16,0,0,181,26,216,443,3,0,0,3,0,152,440,4,223,81,16,47,2,26,0,2,258,85,16.1
Rodjay Burns,28078,LB,LOUISVILLE,13,13,0,74.3,1,1,210,1,1,74.4,70.1,63.2,68.2,65.6,67.4,4,8,0,1,81,14.0,13,1,1,115.9,26,2,0,312,17,271,711,171,0,0,171,0,6,540,87,353,204,38,67,10,35,14,3,296,209,11.4
Justin Hilliard,28079,LB,OHIO STATE,11,3,0,66.7,0,0,260,0,0,80.7,78.5,77.4,57.1,73.2,75.4,0,0,0,1,3,8.3,1,0,0,30.6,4,0,0,78,1,38,108,12,0,0,12,0,2,96,7,63,14,6,8,3,6,0,0,5,4,1.3
Damon Arnette,28080,CB,OHIO STATE,13,5,0,44.6,0,1,260,0,0,73.8,74.1,42.7,85.3,68.2,63.3,1,2,1,1,46,16.3,7,7,4,60.6,25,0,0,22,528,345,606,4,0,0,4,0,6,602,2,259,46,14,31,1,56,3,1,306,79,12.2
Malik Harrison,28081,LB,OHIO STATE,14,8,0,68.0,0,0,260,2,0,77.1,82.8,58.0,65.5,87.5,63.5,2,10,0,0,53,12.5,10,4,1,122.1,17,3,0,605,3,319,701,59,0,0,59,0,1,642,78,304,33,50,62,15,25,15,2,220,146,12.9
Keandre Jones,28092,ED,MARYLAND,12,13,1,80.0,0,3,215,1,0,62.0,82.1,92.1,73.0,87.4,84.5,1,21,0,0,28,6.9,5,1,0,146.3,8,6,0,30,3,73,738,638,0,0,637,1,0,100,315,350,66,45,54,7,10,28,2,96,42,12.0
Neville Gallimore,28094,DI,OKLAHOMA,14,9,2,,1,2,261,0,0,70.8,88.2,52.0,83.0,85.2,64.6,4,24,0,0,,9.4,3,0,2,0.0,0,4,0,1,0,1,504,502,238,243,1,20,0,2,320,183,0,20,20,4,0,32,0,0,0,
Mark Jackson Jr.,28095,ED,OKLAHOMA,4,0,0,,0,0,261,0,0,61.4,57.1,78.2,62.2,52.4,72.2,0,0,0,0,,0.0,0,0,0,0.0,0,0,0,0,0,4,27,27,0,0,27,0,0,0,9,14,0,0,1,0,0,0,0,0,0,
Mufu Taiwo,28144,DI,DOMINION,10,0,0,,0,0,263,0,0,,60.0,82.7,51.8,63.5,52.4,0,2,0,0,,16.7,1,0,0,0.0,0,0,0,0,0,0,191,191,49,142,0,0,0,0,81,110,0,4,5,3,0,2,0,0,0,
Ray Ellis,28231,DI,FAU,14,11,1,,0,0,165,1,0,68.6,74.1,68.2,72.8,70.2,28.6,1,15,0,0,,32.0,8,0,1,0.0,0,4,0,1,0,0,510,508,59,177,8,264,0,2,257,253,0,9,6,2,0,20,0,0,0,
Ryan Bay,28245,TE,OREGON,2,0,0,,0,0,264,0,0,,60.0,60.0,,60.0,,0,0,0,0,,,0,0,0,0.0,0,0,0,0,0,0,2,0,0,0,0,0,0,2,0,2,0,0,0,0,0,0,0,0,0,
Gus Cumberlander,28247,ED,OREGON,5,6,0,,0,0,264,0,0,60.6,77.0,30.6,74.3,75.8,79.4,2,10,0,0,,11.1,1,0,1,0.0,0,1,0,1,0,1,138,137,6,15,61,55,0,1,98,39,0,3,2,1,0,13,0,0,0,
Drayton Carlberg,28248,DI,OREGON,14,11,0,,0,1,264,1,0,68.0,73.4,85.8,70.2,66.3,37.6,3,19,0,0,,23.3,7,0,0,0.0,0,4,0,8,0,1,559,551,58,207,133,153,0,8,344,214,0,12,12,1,0,26,0,0,0,
Troy Dye,28251,LB,OREGON,13,20,1,71.4,0,2,264,0,0,75.1,76.3,14.9,75.4,72.4,69.3,6,23,0,2,28,14.0,14,3,3,74.2,25,3,0,687,4,371,796,55,0,0,55,0,6,741,113,312,44,41,66,10,35,32,1,226,185,9.0
Gary Baker,28252,DI,OREGON,10,4,0,,0,0,264,0,0,60.0,68.4,79.5,61.4,71.4,53.0,0,2,0,0,,16.7,2,0,0,0.0,0,0,0,1,0,0,99,98,11,67,1,19,0,1,45,54,0,4,6,0,0,2,0,0,0,
Robert Windsor,28310,DI,PENN STATE,13,11,0,,1,0,266,0,0,52.0,75.7,71.7,80.5,68.5,75.5,6,27,0,0,,2.9,1,0,1,0.0,0,5,0,0,0,1,626,625,81,517,11,16,0,1,360,265,0,17,23,3,0,38,0,0,0,
Garrett Taylor,28311,S,PENN STATE,13,15,0,62.1,0,1,266,0,0,67.3,77.3,87.2,70.8,90.2,84.6,1,0,1,1,66,9.3,8,0,0,81.8,18,1,0,302,4,455,784,8,0,0,8,0,365,776,7,322,104,24,63,3,29,2,1,215,118,11.9
Roe Wilkins,28429,ED,ARIZONA ST,13,5,0,,0,2,110,0,0,59.2,63.2,68.5,60.2,64.9,28.2,3,16,0,0,,26.3,10,0,1,0.0,0,2,0,2,0,7,510,508,5,181,190,132,0,2,276,227,0,16,23,2,0,21,0,0,0,
Myles Adams,28430,DI,RICE,12,8,1,100.0,0,0,275,0,0,60.7,84.8,85.3,71.5,87.9,80.0,1,24,0,0,0,2.2,1,0,0,79.2,1,1,0,0,0,3,600,600,9,398,77,116,0,0,310,287,0,28,36,2,1,26,0,0,7,0.0
Najee Clayton,28437,LB,W MICHIGAN,13,5,0,88.9,0,0,347,0,0,47.7,60.9,81.3,60.4,74.5,74.5,1,0,0,2,22,8.3,2,0,0,112.7,8,1,0,192,0,118,244,41,0,0,41,0,0,203,37,89,10,12,17,0,9,2,1,105,64,13.1
Kobe Smith,28488,DI,S CAROLINA,11,15,0,,0,0,289,0,0,61.8,68.2,84.5,57.3,70.9,59.1,1,3,0,0,,10.5,4,0,0,0.0,0,1,0,1,0,0,448,447,11,322,33,81,0,1,208,240,0,14,19,0,0,5,0,0,0,
Matt Bahr,28617,LB,KENT STATE,11,13,0,76.9,0,0,201,2,0,56.6,61.5,39.7,62.1,64.6,68.8,1,2,0,0,24,10.4,7,1,1,128.7,10,1,0,406,2,155,431,10,0,0,10,0,4,421,32,244,9,19,47,3,13,4,1,115,50,11.5
Will Dawkins,28645,S,UAB,10,11,0,50.0,0,0,321,0,0,70.1,71.0,84.5,67.1,69.6,64.3,0,0,0,1,56,16.3,7,1,0,58.6,8,0,0,135,1,255,429,6,0,0,6,0,248,423,3,171,39,12,25,1,16,0,0,157,105,19.6
Cornelius Sturghill,28784,CB,LOUISVILLE,11,2,0,60.9,0,0,210,0,0,68.5,64.1,81.8,55.6,45.0,51.5,0,0,0,0,34,20.7,6,2,1,82.7,14,0,0,25,259,148,287,1,0,0,1,0,1,286,2,137,1,8,21,0,23,0,0,165,52,11.8
Richard Moore,28853,LB,SMU,3,4,0,83.3,0,0,287,0,0,56.4,62.1,78.9,63.2,69.6,57.5,2,4,0,0,21,23.5,4,1,0,132.3,10,1,0,126,0,91,167,1,0,0,1,0,0,166,18,58,40,7,9,0,12,7,1,109,85,10.9
Bryan London II,28856,LB,TEXAS ST,12,23,0,82.8,0,0,314,1,0,50.4,72.5,87.5,61.6,79.8,70.0,1,8,0,1,28,11.1,14,0,0,128.5,24,0,0,795,1,324,811,8,0,0,8,0,0,803,33,454,7,51,89,5,29,9,5,255,150,10.6
Diamon Cannon,28863,LB,TULSA,12,12,0,80.0,0,0,320,1,0,75.4,70.1,82.8,55.6,68.5,63.6,1,5,0,0,15,14.6,7,2,0,86.0,16,0,0,310,0,178,523,134,0,0,134,0,0,389,56,289,77,17,29,6,20,6,0,93,107,5.8
Nevelle Clarke,28931,CB,UCF,11,1,0,46.3,1,0,323,0,0,72.7,74.6,86.8,59.4,79.2,38.8,0,0,1,2,49,29.0,9,6,4,76.1,25,0,0,30,677,388,729,22,0,0,22,0,0,707,1,340,0,9,21,1,54,0,4,339,36,13.6
Brendon Hayes,28933,ED,UCF,12,4,1,50.0,1,1,323,0,0,59.3,68.2,26.1,72.9,64.9,54.3,5,21,0,0,18,21.1,4,0,4,81.3,1,9,1,0,0,6,543,543,1,14,477,51,0,0,291,246,0,17,11,3,2,35,0,18,19,18.0
Evan Austrie,28985,S,UNLV,12,16,0,51.2,0,2,325,0,0,86.3,78.1,85.9,68.4,64.3,69.4,2,4,0,0,37,13.0,12,6,1,74.5,22,2,0,443,2,414,834,24,0,0,24,0,208,810,36,384,157,28,64,3,43,8,1,227,99,10.3
Soli Afalava,28986,ED,UNLV,4,0,0,100.0,0,0,325,0,0,63.2,54.5,77.8,,49.6,31.9,0,0,0,0,9,33.3,1,0,0,104.2,1,0,0,0,0,2,17,11,0,0,11,0,0,6,0,15,6,0,2,0,1,0,0,9,12,9.0
Javin White,28987,S,UNLV,12,10,0,62.8,1,1,325,1,0,62.6,64.4,0.0,75.6,71.3,54.1,2,2,0,3,80,14.9,13,10,8,79.0,54,3,0,170,37,406,785,99,0,0,99,0,31,686,28,351,448,33,64,5,86,7,3,568,329,10.5
Jericho Flowers,28988,CB,UNLV,12,3,0,51.7,1,0,325,1,0,61.5,57.6,56.1,67.5,40.0,67.5,0,0,0,4,53,13.9,10,10,6,58.3,45,1,0,66,674,435,798,19,0,0,19,0,14,779,4,359,25,19,59,2,87,1,0,673,147,15.0
Jack Jones,29050,CB,ARIZONA ST,13,1,0,65.3,0,1,110,0,0,71.3,71.2,85.0,52.0,66.4,65.6,0,0,0,3,40,13.5,7,11,2,98.1,49,0,0,32,546,355,581,2,0,0,2,0,0,579,4,222,0,14,44,0,75,0,6,568,235,11.6
Ykili Ross,29051,CB,UTEP,9,5,0,69.2,0,0,330,0,0,59.5,57.2,0.0,60.0,57.0,47.4,0,0,0,2,30,24.0,6,1,5,98.2,18,0,0,13,313,176,347,18,0,0,18,0,0,329,1,170,3,3,14,0,26,0,4,193,32,10.7
Kirk Livingstone,29052,ED,USF,12,7,0,,0,1,327,2,0,61.8,87.2,66.5,69.9,90.9,64.8,4,17,0,0,,11.6,5,0,1,0.0,0,2,0,5,1,2,495,489,6,165,160,158,0,6,227,266,0,25,31,8,0,23,0,0,0,
Malik Dixon,29053,S,RUTGERS,10,4,0,80.0,0,0,278,0,0,47.0,53.2,83.5,59.0,65.9,65.8,0,0,0,0,31,15.4,4,1,0,158.3,4,0,0,69,0,141,288,2,0,0,2,0,191,286,2,145,26,0,18,0,5,0,1,77,3,19.3
Richard Burney,29120,DI,VIRGINIA,14,9,1,0.0,0,0,335,0,0,61.5,75.9,83.7,68.1,75.7,71.4,5,9,0,0,,11.1,3,0,0,39.6,0,2,0,1,0,0,399,397,1,156,23,217,0,2,224,175,0,17,15,1,1,16,0,0,0,
Stone Wolfley,29316,ED,W VIRGINIA,3,0,0,,0,0,343,0,0,,68.2,74.0,63.7,66.4,,0,1,0,0,,,0,0,0,0.0,0,0,0,0,0,0,22,22,0,9,9,4,0,0,5,17,0,0,0,0,0,1,0,0,0,
Adam Shuler,29321,DI,FLORIDA,13,1,1,,1,0,163,0,0,64.0,66.7,66.5,58.9,69.1,62.6,0,11,0,0,,13.0,3,0,1,0.0,0,3,0,0,0,1,486,485,6,361,30,88,0,1,253,232,0,17,19,1,0,14,0,0,0,
Zach Sandwisch,29368,ED,W VIRGINIA,5,0,0,,0,0,343,0,0,61.9,49.0,78.6,60.2,43.7,73.0,0,0,0,0,,0.0,0,0,0,0.0,0,0,0,6,0,5,30,23,0,0,23,0,0,7,7,18,1,1,1,0,0,0,0,0,0,
Jeramiah Stovall,29381,CB,NEBRASKA,1,0,0,,0,0,238,0,0,,60.3,72.4,,60.0,,0,0,0,0,,,0,0,0,0.0,0,0,0,0,0,0,2,0,0,0,0,0,0,2,0,2,0,0,0,0,0,0,0,0,0,
Deonte Holden,29464,ED,NC STATE,11,1,0,,0,0,248,0,0,60.1,51.8,82.0,55.4,47.4,55.3,1,11,0,0,,20.0,2,0,0,0.0,0,1,0,0,0,1,209,208,0,15,105,88,0,1,134,74,0,4,7,0,0,13,0,0,0,
D'Wayne Eskridge,29573,CB,W MICHIGAN,4,3,1,58.8,0,0,347,0,0,58.7,57.2,79.5,75.0,47.4,54.5,1,0,0,0,15,17.6,3,2,2,109.6,10,0,0,24,122,71,151,3,0,0,3,0,2,148,2,78,0,4,11,0,17,1,3,77,56,7.7
A.J. Taylor,29615,WR,WISCONSIN,1,0,0,,0,0,349,0,0,,60.0,60.0,,60.0,,0,0,0,0,,,0,0,1,0.0,0,0,0,0,0,0,1,0,0,0,0,0,0,1,0,1,0,0,0,0,0,0,0,0,0,
Garrett Rand,29616,DI,WISCONSIN,13,8,0,,0,1,349,0,0,63.5,63.1,84.9,55.6,66.4,41.9,1,4,0,0,,18.2,6,0,0,0.0,0,1,0,0,0,0,482,482,36,348,5,93,0,0,293,189,0,15,19,2,0,6,0,0,0,
Josiah Hall,29620,ED,WYOMING,11,2,0,,0,0,351,0,0,60.5,71.6,87.0,55.7,81.5,84.4,3,6,0,0,,0.0,0,0,0,0.0,0,4,0,0,0,4,399,399,0,11,373,15,0,0,197,198,0,17,16,3,0,13,0,0,0,
Logan Wilson,29623,LB,WYOMING,13,18,2,66.1,0,1,351,0,0,81.4,90.6,37.9,85.6,91.6,77.3,5,11,1,4,37,10.4,12,5,2,70.6,37,1,0,748,0,474,923,7,0,0,7,0,7,916,54,395,161,50,85,8,56,17,2,421,192,11.4
Darius Slade,29757,ED,USF,12,6,0,,0,1,327,1,0,57.7,62.1,65.8,63.3,61.3,37.6,3,9,0,0,,22.5,9,0,1,0.0,0,2,0,2,0,0,435,433,4,15,283,131,0,2,220,215,0,13,25,4,0,14,0,0,0,
LaMone Williams,29813,DI,OREGON ST,5,0,1,,1,0,265,0,0,52.5,48.6,27.5,56.0,55.9,33.7,0,0,0,0,,20.0,2,0,1,0.0,0,0,0,0,0,0,138,138,2,54,4,78,0,0,50,88,0,5,8,2,0,0,0,0,0,
Marshaun Cameron,30624,CB,COLO STATE,12,8,1,57.1,1,0,144,0,0,67.0,70.3,87.2,64.1,77.6,91.0,0,2,0,0,50,0.0,0,4,2,102.8,20,0,0,41,246,258,535,12,0,0,12,0,15,523,8,269,221,8,28,1,35,2,2,286,144,14.3
Joey Banks,31453,S,BUFFALO,13,18,0,71.4,0,0,126,0,0,68.4,75.9,48.3,73.6,84.6,90.2,0,0,1,3,52,7.4,7,1,1,110.7,20,1,0,179,3,371,654,9,0,0,9,0,409,645,5,278,54,31,69,3,28,1,5,330,128,16.5
Darreyl Patterson,32854,CB,KANSAS ST,10,0,0,50.0,0,0,199,0,0,71.2,72.4,79.4,,72.7,68.4,0,0,0,1,14,10.0,1,1,1,22.2,3,0,0,6,112,76,121,2,0,0,2,0,0,119,0,45,1,2,9,0,6,0,0,26,-1,8.7
Taj Jones,32969,CB,SO MISS,4,0,0,100.0,0,0,296,0,0,61.3,67.5,74.4,,77.5,79.3,0,0,0,0,34,0.0,0,0,0,158.3,3,0,0,2,28,12,30,0,0,0,0,0,0,30,0,18,0,3,4,1,3,0,1,42,2,14.0
Dane Jackson,32989,CB,PITTSBURGH,13,9,0,47.4,1,0,268,0,0,77.2,79.2,55.7,57.3,89.9,64.1,0,1,0,1,32,14.5,8,7,8,83.8,27,1,0,74,758,514,861,5,0,0,5,0,2,856,11,336,21,16,38,2,57,2,5,278,153,10.3
Clayton Johnson,33000,CB,UTSA,12,2,0,62.5,0,0,331,0,0,49.9,51.3,25.1,78.6,57.2,35.0,0,1,0,0,77,32.0,8,0,2,130.9,15,0,0,16,343,192,375,2,0,0,2,0,3,373,6,177,9,2,15,0,24,1,2,282,116,18.8
Zamore Zigler,33012,CB,S JOSE ST,11,2,0,60.5,0,0,285,0,0,65.3,65.0,84.2,59.0,60.4,48.8,0,0,0,0,62,21.2,7,3,0,94.8,26,0,0,12,423,205,454,0,0,0,0,0,1,454,1,248,17,9,24,3,43,0,1,357,115,13.7
Chris Finke,33014,WR,NOTRE DAME,2,0,0,,0,0,258,0,0,60.0,62.4,60.0,,60.0,,0,0,0,0,,,0,0,0,0.0,0,0,0,0,0,1,2,0,0,0,0,0,0,2,0,1,0,0,0,0,0,0,0,0,0,
Richaud Floyd,33043,CB,MISSOURI,3,0,0,,0,0,229,0,0,62.9,63.9,71.9,,60.9,,0,0,0,0,,,0,0,0,0.0,0,0,0,0,11,4,13,1,0,0,1,0,0,12,0,9,0,0,0,0,0,0,0,0,0,
Roney Elam,33103,CB,TEXAS A&M,3,0,0,60.0,0,0,312,0,0,79.9,79.0,83.8,74.4,59.3,58.9,0,0,0,2,29,22.2,2,1,0,35.3,9,1,0,4,0,73,117,3,0,0,3,0,0,114,2,42,110,4,7,0,15,1,0,82,18,9.1
Julius Lewis,33145,CB,TCU,6,2,0,61.9,0,0,305,0,0,56.2,56.5,82.0,60.0,57.8,78.0,0,0,0,1,70,7.7,1,2,2,125.5,13,0,0,11,247,153,263,0,0,0,0,0,0,263,1,109,5,2,10,0,21,0,4,376,89,28.9
Desmond Anderson,33165,CB,MIDDLE TN,10,6,0,72.7,0,0,224,0,0,55.4,55.0,84.5,47.3,56.3,59.0,2,1,0,0,75,18.4,9,2,1,128.2,24,0,0,29,419,232,496,2,0,0,2,0,1,494,10,254,43,8,34,0,33,3,2,359,146,15.0
Michael Lewis,33204,S,UTEP,12,26,0,76.7,0,1,330,1,0,49.3,44.3,86.0,47.8,38.3,51.7,0,0,0,1,74,19.1,21,0,0,141.0,23,0,0,364,0,347,708,17,0,0,17,0,168,691,8,353,158,21,63,1,30,0,6,355,148,15.4
Darrell Brown,33225,WR,DOMINION,1,0,0,,0,0,263,0,0,,60.0,60.0,,60.0,,0,0,0,0,,,0,0,0,0.0,0,0,0,0,0,0,1,0,0,0,0,0,0,1,0,1,0,0,0,0,0,0,0,0,0,
John Henry Bronczek,33234,S,KENT STATE,1,0,0,,0,0,201,0,0,,60.0,60.0,,60.0,,0,0,0,0,,,0,0,0,0.0,0,0,0,0,0,0,1,0,0,0,0,0,0,1,0,1,0,0,0,0,0,0,0,0,0,
DeAnte Ford,33293,S,KANSAS,12,4,0,87.5,0,0,198,0,0,65.9,73.0,84.4,68.9,80.8,74.1,0,0,0,0,19,8.3,2,0,0,96.9,7,0,0,45,0,90,196,35,0,0,35,0,5,161,5,101,111,11,18,2,8,0,0,58,58,8.3
Jeremiah Dinson,33322,S,AUBURN,12,20,0,75.0,0,0,115,1,0,91.4,89.9,58.2,64.8,78.2,90.3,0,3,0,2,14,4.9,4,1,1,66.0,27,2,0,319,26,390,708,53,0,0,53,0,165,655,33,285,143,31,58,3,36,5,1,132,90,4.9
Kareem Ali,33353,CB,W MICHIGAN,13,2,0,80.0,1,0,347,0,0,69.2,67.4,79.1,,55.6,52.3,0,0,1,1,15,20.0,2,0,1,42.1,4,0,0,9,118,72,128,0,0,0,0,0,0,128,0,56,1,3,6,1,5,0,0,18,23,4.5
DJ Williams,33354,CB,UTAH ST,13,6,0,65.9,4,1,329,1,0,50.4,55.5,11.1,50.9,80.8,62.7,0,1,0,2,78,15.7,13,5,10,113.9,54,0,0,106,766,442,947,4,0,0,4,0,11,943,5,500,60,16,64,3,82,1,7,760,208,14.1
Trey Spencer,33358,S,LA TECH,4,0,0,100.0,0,0,208,0,0,38.6,42.0,76.1,,62.9,,0,0,0,0,54,,0,0,0,158.3,2,0,0,4,1,15,25,0,0,0,0,0,5,25,0,10,15,0,0,0,2,0,1,72,18,36.0
Kahlil Robinson,33387,S,TOLEDO,12,10,0,68.8,0,0,316,0,0,51.5,58.3,86.3,56.6,69.5,78.3,0,0,0,3,43,9.3,5,2,1,86.2,22,0,0,261,11,364,692,17,0,0,17,0,180,675,6,322,222,7,39,1,32,0,3,266,97,12.1
DuWayne Johnson,33391,CB,SYRACUSE,3,0,0,,0,0,304,0,0,61.4,63.3,69.7,,60.0,,0,0,0,0,,,0,0,0,0.0,0,0,0,2,8,2,10,0,0,0,0,0,0,10,0,8,0,0,0,0,0,0,0,0,0,
Keith Washington Jr.,33415,CB,W VIRGINIA,10,2,0,44.4,0,0,343,1,0,75.8,74.7,43.7,,67.6,75.2,0,0,0,3,68,8.3,2,9,2,65.0,16,0,0,34,588,341,637,0,0,0,0,0,11,637,0,296,4,6,20,0,36,0,3,284,74,17.8
Jordan Adams,33421,CB,UMASS,8,2,0,50.0,0,0,216,0,0,51.5,47.8,80.9,,36.9,50.9,0,0,0,1,17,20.0,3,0,0,66.7,5,0,0,18,163,78,186,2,0,0,2,0,0,184,0,108,3,1,10,0,10,0,1,70,15,14.0
Chris Stamps,33448,CB,MIDDLE TN,8,4,0,67.6,0,0,224,0,0,54.5,51.6,82.8,49.2,42.0,77.5,0,1,0,1,34,6.7,2,3,1,105.9,23,0,0,24,265,154,312,2,0,0,2,0,0,310,3,155,20,4,24,0,34,1,2,327,107,14.2
Amari Henderson,33456,CB,WAKE,13,3,0,60.0,0,0,339,1,0,73.6,74.0,53.7,60.0,72.1,48.7,0,0,0,4,50,16.0,8,8,4,72.8,42,0,0,34,762,449,802,3,0,0,3,0,0,799,1,352,1,13,39,3,70,0,3,508,162,12.1
Devon Russell,33461,CB,BUFFALO,13,1,1,46.7,0,0,126,0,0,70.7,73.6,86.9,90.9,72.1,60.7,0,1,0,1,29,17.0,9,6,3,56.6,21,2,0,59,474,401,739,7,0,0,7,0,14,732,6,332,184,18,43,0,45,3,1,189,84,9.0
James Jackson,33524,LB,LA TECH,10,18,1,73.2,1,3,208,0,0,62.0,68.8,50.3,67.4,79.4,83.0,3,7,1,1,22,5.1,3,2,1,85.1,30,1,0,136,7,222,457,98,0,0,98,0,4,359,39,196,211,17,38,3,41,11,1,237,155,7.9
Deuce Wallace,33531,S,LA LAFAYET,14,5,0,61.5,0,0,207,0,0,44.2,46.5,83.3,63.9,49.6,40.5,0,0,0,0,47,27.3,9,1,0,123.2,8,0,0,137,1,167,359,7,0,0,7,0,170,352,7,185,44,7,19,1,13,0,1,138,47,17.3
Shawn Wilson,33547,S,OREGON ST,11,13,0,75.0,0,0,265,0,0,67.6,66.3,54.0,57.7,63.5,79.9,0,1,0,1,53,9.0,6,1,2,119.0,24,0,0,162,1,374,690,35,0,0,35,0,204,655,16,300,288,14,48,3,32,1,2,358,146,14.9
Cassius Grady,33577,CB,UTSA,11,3,0,59.3,1,1,331,0,0,65.8,66.1,3.4,67.1,69.7,79.4,1,1,0,2,58,8.1,3,6,5,105.8,32,1,0,28,502,276,554,4,0,0,4,0,4,550,7,271,15,8,31,2,54,3,6,424,105,13.3
Ta'Corian Darden,33612,CB,W KENTUCKY,13,8,0,59.0,0,0,346,0,0,66.5,69.5,86.5,74.3,73.1,67.2,2,1,0,1,62,10.9,7,6,3,92.0,23,0,0,167,13,341,667,22,0,0,22,0,6,645,14,312,458,27,49,5,39,3,2,322,123,14.0
Ernest Gunn,33665,CB,SO MISS,13,5,0,51.7,0,0,296,0,0,63.6,66.1,87.9,65.2,71.8,60.2,0,1,0,0,57,19.2,5,2,2,80.8,15,0,0,24,109,269,442,11,0,0,11,0,1,431,11,162,297,7,16,0,29,1,1,168,91,11.2
Eric Lee Jr.,33681,S,NEBRASKA,11,4,0,66.7,0,0,238,0,0,87.2,82.4,85.7,69.1,65.7,79.6,0,0,1,2,57,5.3,1,1,1,70.1,8,0,0,70,4,142,271,8,0,0,8,0,128,263,3,126,61,5,14,0,12,0,0,150,66,18.8
Shea Campbell,33714,LB,W VIRGINIA,11,9,0,81.8,0,0,343,0,0,51.3,65.3,84.7,55.2,73.9,58.3,1,2,0,0,28,16.7,8,2,0,136.7,9,2,0,298,0,101,324,24,0,0,24,0,0,300,34,189,2,20,31,5,11,5,1,105,68,11.7
Eric Wilson,33735,CB,S DIEGO ST,2,0,0,100.0,0,0,284,0,0,53.2,52.5,69.5,,60.0,,0,0,0,0,13,,0,0,0,158.3,1,0,0,0,6,5,6,0,0,0,0,0,0,6,0,1,0,0,0,0,1,0,1,13,0,13.0
Brock Nichols,33753,S,USF,5,0,0,,0,0,327,0,0,73.2,65.8,73.9,58.6,58.3,79.7,0,1,0,1,,0.0,0,0,0,0.0,0,0,0,17,0,7,30,0,0,0,0,0,9,30,1,22,3,1,3,0,0,1,0,0,0,
Mehdi El Attrach,33828,S,BOSTON COL,11,7,0,65.0,0,0,121,1,0,51.0,54.1,84.7,52.6,61.6,50.5,0,2,0,1,59,23.2,13,3,0,112.5,13,0,0,88,2,302,555,5,0,0,5,0,350,550,6,247,110,10,36,1,20,2,2,210,104,16.2
Brett Winnegan,33851,WR,UTSA,1,0,0,,0,0,331,0,0,60.0,55.6,60.0,,,,0,0,0,0,,,0,0,0,0.0,0,0,0,0,0,1,1,0,0,0,0,0,0,1,0,0,0,0,0,0,0,0,0,0,0,
John Milani,33871,S,IOWA,1,0,0,,0,0,192,0,0,,60.0,66.1,,60.0,,0,0,0,0,,,0,0,0,0.0,0,0,0,2,0,0,3,0,0,0,0,0,1,3,0,3,0,0,0,0,0,0,0,0,0,
Meiko Dotson,33902,CB,FAU,13,3,0,52.3,1,0,165,0,0,84.4,77.8,3.3,54.4,51.7,68.9,0,0,0,9,35,11.9,5,2,4,62.7,23,0,0,40,282,336,514,9,0,0,9,0,40,505,6,172,142,16,34,1,44,0,3,358,89,15.6
Khafari Buffalo,33907,S,BOISE ST,10,11,0,61.5,1,0,120,0,0,68.0,69.1,9.3,53.2,73.9,71.3,0,1,0,1,20,13.3,4,2,1,41.5,8,0,0,80,14,87,211,9,0,0,9,0,3,202,10,114,105,7,15,2,13,1,0,63,32,7.9
Joe Bergin,33913,S,NWESTERN,3,0,0,,0,0,256,0,0,67.0,69.2,72.8,,65.7,81.2,0,0,0,0,,0.0,0,0,0,0.0,0,0,0,2,0,7,12,0,0,0,0,0,10,12,0,5,0,0,3,0,0,0,0,0,0,
Lane Ecton,33921,S,GA SOUTHRN,13,4,0,75.0,0,0,174,0,0,64.2,67.1,36.9,70.9,67.1,51.3,3,3,0,0,34,20.7,6,0,1,99.4,15,2,0,48,2,114,301,88,0,0,88,0,0,213,44,143,162,16,19,2,20,8,0,167,115,11.1
David Dowell,33941,S,MICH STATE,13,17,0,69.2,0,0,223,0,0,68.8,67.8,90.7,,61.3,58.3,0,0,0,1,60,18.1,13,1,0,129.6,27,0,0,111,3,475,823,10,0,0,10,0,344,813,0,348,355,9,42,0,39,0,6,383,180,14.2
Chandler Hawkins,33949,S,S JOSE ST,2,0,0,,0,0,285,0,0,65.7,67.3,77.1,60.0,69.1,78.7,0,0,0,0,,0.0,0,0,0,0.0,0,0,0,13,63,10,78,2,0,0,2,0,0,76,1,67,0,0,3,0,0,0,0,0,0,
Kaleb Fossum,33966,WR,NEVADA,1,0,0,,0,0,239,0,0,,60.0,60.0,,60.0,,0,0,0,0,,,0,0,0,0.0,0,0,0,0,0,0,1,0,0,0,0,0,0,1,0,1,0,0,0,0,0,0,0,0,0,
Reid Rials,33969,WR,TROY,1,0,0,,0,0,318,0,0,,60.0,60.0,,60.0,,0,0,0,0,,,0,0,0,0.0,0,0,0,0,0,0,1,0,0,0,0,0,0,1,0,1,0,0,0,0,0,0,0,0,0,
Omar Hicks,33988,S,OREGON ST,6,7,0,81.8,0,0,265,0,0,36.5,35.4,13.0,57.9,39.1,56.5,0,0,0,0,23,18.4,7,0,2,148.3,9,0,0,84,2,140,293,9,0,0,9,0,137,284,2,151,61,6,24,1,11,0,2,111,14,12.3
Darreon Jackson,34032,S,ARK STATE,12,21,0,63.0,1,0,113,0,0,73.0,70.7,0.0,60.2,75.0,62.7,3,7,0,2,48,16.5,21,1,6,64.3,17,1,0,503,1,426,861,58,0,0,58,0,102,803,38,397,196,35,85,7,27,11,1,183,159,10.8
Kendall Hinton,34045,WR,WAKE,1,0,0,,0,0,339,0,0,,60.0,60.0,,60.0,,0,0,0,0,,,0,0,0,0.0,0,0,0,0,0,0,1,0,0,0,0,0,0,1,0,1,0,0,0,0,0,0,0,0,0,
Da'Quaun Jamison,34082,CB,C MICHIGAN,13,11,0,72.4,1,0,134,0,0,63.6,60.9,29.1,63.4,55.3,42.1,0,6,0,2,29,22.1,19,5,2,91.9,42,1,0,210,14,435,797,19,0,0,19,0,68,778,30,332,486,22,56,4,58,7,2,450,214,10.7
Khalil Brooks,34161,LB,MIDDLE TN,12,12,0,68.1,0,0,224,1,0,64.1,60.5,90.6,68.2,48.3,53.9,14,7,0,0,34,19.5,16,3,0,86.3,32,3,0,267,13,248,850,314,0,0,314,0,0,536,186,416,254,26,54,2,47,24,0,310,222,9.7
Andre Brown Jr.,34189,CB,INDIANA,13,5,0,61.9,0,0,190,0,0,65.6,65.3,84.0,46.6,68.8,66.0,0,0,0,0,35,12.5,3,1,0,106.1,13,0,0,46,208,238,384,7,0,0,7,0,58,377,12,134,65,3,16,1,21,0,1,184,60,14.2
Jovante Moffatt,34207,S,MIDDLE TN,12,12,0,81.1,0,0,224,0,0,68.5,63.0,87.4,67.2,53.3,68.3,0,2,0,3,30,15.3,19,0,0,86.3,30,0,0,377,8,431,861,8,0,0,8,0,415,853,7,423,51,26,93,0,37,2,2,314,159,10.5
Maliek Broady,34220,LB,NEVADA,12,3,0,80.0,0,1,239,0,0,62.3,63.8,81.5,70.0,59.3,88.8,0,0,0,0,15,9.5,2,0,0,88.3,4,2,0,101,0,57,168,45,0,0,45,0,1,123,25,86,21,10,16,0,5,2,0,26,14,6.5
Deamonte Lindsay,34228,ED,W VIRGINIA,3,0,0,100.0,0,0,343,0,0,54.4,50.8,76.0,71.4,46.1,49.7,0,1,0,0,18,20.0,1,0,0,118.8,2,0,0,7,0,5,23,14,0,0,14,0,0,9,5,13,1,2,4,0,2,1,0,26,12,13.0
Justin Bickham,34260,S,IOWA STATE,12,4,0,88.2,0,0,193,0,0,65.2,67.3,86.6,59.2,72.4,53.9,0,0,0,0,63,21.2,7,1,0,137.7,15,0,0,83,1,236,401,1,0,0,1,0,122,400,1,164,194,9,22,2,17,0,1,210,138,14.0
Wyatt Mazour,34261,HB,NEBRASKA,1,0,0,,0,0,238,0,0,,60.1,60.0,,60.0,,0,0,0,0,,,0,0,1,0.0,0,0,0,0,0,0,2,0,0,0,0,0,0,2,0,2,0,0,0,0,0,0,0,0,0,
Owen Rogers,34290,LB,BAYLOR,2,1,0,,0,0,118,0,0,60.0,77.4,66.6,60.0,77.6,73.2,0,0,0,0,,0.0,0,0,0,0.0,0,0,0,5,0,1,6,0,0,0,0,0,0,6,1,4,0,0,0,0,0,0,0,0,0,
Logan Wescott,34328,CB,ARK STATE,12,13,0,79.5,1,0,113,2,1,72.7,77.6,29.1,74.4,84.3,86.5,4,6,0,0,24,7.2,5,2,3,98.5,35,2,0,173,1,288,638,98,0,0,98,0,0,540,55,295,366,32,51,5,44,12,1,256,169,7.3
Adam Buirge,34330,S,N ILLINOIS,5,1,0,66.7,0,1,254,0,0,68.6,66.7,77.0,57.0,61.8,64.6,0,0,0,0,27,14.3,1,0,0,102.1,2,0,0,19,0,39,64,0,0,0,0,0,33,64,2,23,12,1,5,0,3,0,0,32,17,16.0
Reid Karel,34337,S,NEBRASKA,2,0,0,,0,0,238,0,0,65.2,63.8,94.4,,59.3,50.5,0,0,0,0,,25.0,1,0,0,0.0,0,0,0,2,0,6,14,0,0,0,0,0,8,14,0,8,2,2,3,1,0,0,0,0,0,
P.J. Mbanasor,34347,CB,LOUISVILLE,3,0,0,100.0,0,0,210,0,0,48.0,54.2,73.9,58.3,70.4,81.2,0,0,0,0,11,0.0,0,0,0,112.5,1,0,0,3,24,9,28,0,0,0,0,0,1,28,1,18,0,1,5,0,1,0,0,11,6,11.0
Denzel Goolsby,34355,S,KANSAS ST,13,12,0,47.4,0,0,199,1,0,75.9,71.7,88.9,56.0,60.5,83.0,1,1,0,2,32,8.5,6,1,1,71.3,9,0,0,96,2,379,713,5,0,0,5,0,492,708,13,321,118,12,53,1,19,2,2,156,55,17.3
Darius Gilbert,34362,S,HOUSTON,2,0,0,,0,0,182,0,0,65.3,66.8,73.2,,64.0,79.6,0,0,0,0,,0.0,0,0,0,0.0,0,0,0,4,0,9,18,0,0,0,0,0,13,18,0,9,1,0,2,0,0,0,0,0,0,
Marshe' Terry,34384,LB,N ILLINOIS,12,10,0,61.9,0,0,254,2,0,40.9,53.3,83.1,59.7,66.3,84.0,1,3,0,0,23,5.3,2,0,0,115.4,13,0,0,285,2,210,478,35,0,0,35,0,36,443,30,238,120,13,26,2,21,4,2,151,126,11.6
Denzel Johnson,34405,S,CLEMSON,14,3,0,50.0,1,1,140,0,0,68.7,70.2,21.1,55.8,76.4,81.4,0,0,0,1,16,6.3,2,1,1,34.3,9,0,0,80,3,190,337,4,0,0,4,0,130,333,3,144,120,7,27,0,18,0,0,59,26,6.6
Darryl Lewis,34437,S,LA TECH,13,9,0,60.9,0,1,208,1,0,80.0,78.4,88.3,57.9,73.0,88.9,1,0,0,1,35,7.4,4,3,0,63.7,14,0,0,171,7,306,581,33,0,0,33,0,286,548,4,271,81,12,41,1,23,1,0,160,43,11.4
Will Sunderland,34449,CB,TROY,11,1,0,67.5,1,0,318,0,0,79.2,79.2,45.7,,75.6,64.8,0,0,1,4,64,13.0,6,5,2,83.8,27,0,0,30,590,346,637,3,0,0,3,0,5,634,0,291,8,11,39,2,40,0,3,384,216,14.2
Andrew Martel,34478,LB,UTSA,12,12,0,83.9,0,0,331,0,0,48.4,40.1,58.5,53.9,39.3,76.2,0,8,0,0,29,9.8,8,1,1,111.7,26,1,0,655,0,320,705,40,0,0,40,0,3,665,41,344,6,29,62,4,31,9,1,255,137,9.8
Dev Lamour,34503,S,BUFFALO,3,1,0,,0,0,126,0,0,65.1,65.2,71.4,60.0,61.4,74.8,0,0,0,0,,0.0,0,0,0,0.0,0,0,0,10,0,8,21,0,0,0,0,0,4,21,1,12,5,0,0,0,0,0,0,0,0,
Christian Campbell,34534,S,GA TECH,12,5,0,64.0,0,0,176,0,0,56.0,56.7,88.2,59.7,56.4,53.5,0,1,0,0,35,21.6,11,2,2,116.6,16,0,0,159,7,226,532,33,0,0,33,0,118,499,11,295,215,13,35,2,25,1,2,207,121,12.9
Donald Rutledge Jr.,34540,S,GA SOUTHRN,12,7,0,66.7,0,1,174,0,0,60.3,61.5,47.4,55.9,65.7,74.8,1,1,1,1,60,11.5,7,3,1,131.3,18,0,0,145,6,321,618,1,0,0,1,0,212,617,4,293,253,12,47,1,27,2,3,353,127,19.6
Adrienne Talan,34594,ED,UAB,12,3,0,,0,2,321,0,0,82.8,82.6,0.0,84.3,68.9,74.8,4,13,0,0,,16.7,2,0,2,0.0,0,3,0,6,0,1,128,121,0,0,121,0,0,7,84,43,0,8,7,0,0,20,0,0,0,
Ferrod Gardner,34595,LB,LA LAFAYET,13,15,0,84.2,0,1,207,0,0,73.3,61.7,20.6,60.6,54.4,60.4,4,4,0,0,31,14.9,10,0,2,111.8,16,1,0,461,0,235,558,45,0,0,45,0,0,513,54,269,52,19,42,1,19,9,1,126,77,7.9
Zack Baun,34632,ED,WISCONSIN,14,7,0,83.3,1,2,349,0,0,86.9,89.6,15.9,90.9,77.5,71.4,12,27,1,1,22,14.1,9,2,7,56.3,10,13,0,29,0,109,741,665,0,1,664,0,0,76,347,285,47,49,48,8,12,52,0,70,40,7.0
Thad Abram,34655,ED,E MICHIGAN,11,0,1,,0,0,160,0,0,49.6,49.9,79.9,55.6,52.1,26.9,0,3,0,0,,33.3,1,0,0,0.0,0,0,0,1,0,5,79,78,28,12,36,2,0,1,49,25,0,0,2,0,0,3,0,0,0,
Mykelti Williams,34664,S,N ILLINOIS,12,20,0,70.4,0,1,254,1,0,60.2,57.6,14.2,68.4,55.3,55.0,2,3,0,0,38,18.0,18,1,3,141.2,19,0,0,292,3,342,727,8,0,0,8,0,332,719,18,367,92,20,62,4,27,5,4,265,105,13.9
Jarvis Miller,34689,LB,UMASS,12,15,0,88.9,0,0,216,0,0,53.1,45.5,56.7,50.6,44.1,46.2,1,5,0,0,57,20.0,14,0,1,155.8,16,1,0,366,3,197,545,121,0,0,121,0,0,424,59,289,55,23,41,4,18,7,2,246,144,15.4
Brian Cole II,34696,CB,MISS STATE,12,10,1,74.6,1,2,227,2,0,51.3,59.2,57.6,71.6,74.0,68.4,4,6,0,1,39,15.5,11,0,4,115.4,47,2,0,96,5,328,674,63,0,0,63,0,0,611,45,301,510,26,50,7,63,12,4,554,322,11.8
Ross Matiscik,34710,LB,BAYLOR,5,0,0,100.0,0,0,118,0,0,70.1,69.1,75.1,57.7,63.7,58.6,0,0,0,0,17,14.3,1,0,0,104.2,3,0,0,35,0,17,37,0,0,0,0,0,0,37,2,18,2,6,6,1,3,0,0,27,13,9.0
Trent Shaw,34781,LB,USF,3,1,0,100.0,0,0,327,0,0,65.8,67.6,67.6,59.3,60.0,75.8,0,0,0,0,5,0.0,0,0,0,87.5,1,0,0,7,0,5,8,0,0,0,0,0,0,8,1,2,1,0,1,0,1,0,0,5,4,5.0
Ayron Monroe,34783,S,TEMPLE,13,12,0,54.8,0,0,306,0,0,69.3,70.7,16.4,,77.0,71.8,0,0,0,1,73,12.3,8,1,2,105.9,17,0,0,150,1,376,675,0,0,0,0,0,165,675,0,299,359,12,45,1,31,0,4,238,112,14.0
George Campbell,34785,WR,W VIRGINIA,2,0,0,,0,0,343,0,0,60.0,60.7,61.5,,60.0,,0,0,0,0,,,0,0,0,0.0,0,0,0,0,0,1,2,0,0,0,0,0,1,2,0,1,0,0,0,0,0,0,0,0,0,
Akeem Davis-Gaither,34788,LB,APP STATE,14,28,5,75.0,0,0,108,0,0,61.5,76.5,22.7,82.2,87.0,71.9,8,11,0,1,43,13.6,15,2,4,102.1,33,6,0,309,5,316,886,315,0,0,315,0,4,571,190,380,253,41,67,8,44,25,2,336,249,10.2
Jordan Glasgow,34816,LB,MICHIGAN,13,29,0,96.6,1,0,222,1,0,58.6,78.1,85.6,84.6,79.3,90.4,7,13,0,0,21,2.4,2,1,1,105.7,28,4,0,573,4,248,712,75,0,15,52,8,0,637,90,374,60,28,53,1,29,24,1,192,144,6.9
Caleb Repp,34839,TE,UTAH ST,1,0,0,,0,0,329,0,0,60.0,60.0,64.7,,,,0,0,0,0,,,0,0,2,0.0,0,0,0,0,0,1,1,0,0,0,0,0,1,1,0,0,0,0,0,0,0,0,0,0,0,
A.J. Smiley,34869,ED,TROY,8,3,0,66.7,0,0,318,0,0,58.9,65.5,85.8,60.1,69.5,84.2,2,5,0,0,21,7.1,1,0,0,138.9,2,0,0,37,0,33,188,145,0,0,144,1,0,43,75,80,4,7,10,0,3,7,1,30,5,15.0
Derrick Dillon,34886,WR,LSU,1,0,0,,0,0,211,0,0,,60.1,60.0,,60.0,,0,0,0,0,,,0,0,0,0.0,0,0,0,0,0,0,1,0,0,0,0,0,0,1,0,1,0,0,0,0,0,0,0,0,0,
Nolan Borgersen,34894,S,BOSTON COL,13,6,0,56.5,0,0,121,1,0,75.0,76.0,87.2,47.3,79.8,55.3,1,1,0,1,26,19.7,12,5,0,67.1,13,0,0,90,3,278,509,2,0,0,2,0,277,507,7,224,137,15,43,7,23,2,1,119,83,9.2
James Brunson,34896,WR,FAU,2,0,0,,0,0,165,0,0,,60.0,60.0,60.0,60.0,,0,0,0,0,,,0,0,0,0.0,0,0,0,0,0,0,2,0,0,0,0,0,0,2,1,1,0,0,0,0,0,0,0,0,0,
Jarrod Jones,34928,LB,ARMY,2,0,0,,0,0,114,0,0,60.0,62.9,60.7,60.0,60.0,,0,0,0,0,,,0,0,0,0.0,0,0,0,1,0,1,3,0,0,0,0,0,0,3,1,1,0,0,0,0,0,0,0,0,0,
Jack Freudenthal,34958,TE,WAKE,1,0,0,,0,0,339,0,0,,60.0,60.0,,60.0,,0,0,0,0,,,0,0,2,0.0,0,0,0,0,0,0,1,0,0,0,0,0,0,1,0,1,0,0,0,0,0,0,0,0,0,
Christian Irving,34962,LB,FIU,1,1,0,,0,0,166,0,0,61.1,55.3,72.1,58.4,53.5,78.4,0,0,0,0,,0.0,0,0,0,0.0,0,0,0,7,0,1,13,6,0,0,6,0,0,7,5,7,0,0,2,0,0,0,0,0,0,
Lee Morris,35005,WR,OKLAHOMA,1,0,0,,1,0,261,0,0,60.0,62.9,60.0,,,,0,0,0,0,,,0,0,1,0.0,0,0,0,0,0,1,1,0,0,0,0,0,0,1,0,0,0,0,0,0,0,0,0,0,0,
Mason Ramirez,35026,CB,TEXAS,2,0,0,,0,0,311,0,0,60.8,57.0,69.5,54.1,,,0,0,0,0,,,0,0,0,0.0,0,0,0,1,0,2,6,0,0,0,0,0,0,6,4,0,5,0,0,0,0,0,0,0,0,
Chris Melton,35031,LB,MIDDLE TN,9,9,0,81.8,0,0,224,1,0,67.0,60.0,85.5,53.7,57.0,66.2,1,4,0,0,22,11.4,5,0,0,91.3,9,0,0,328,0,137,398,64,0,0,63,1,0,334,64,197,6,20,30,6,11,5,0,65,82,7.2
Philip Redwine-Bryant,35032,LB,OKLA STATE,4,1,0,0.0,0,0,262,0,0,90.8,90.8,71.0,57.6,80.2,82.0,0,0,0,1,,0.0,0,0,0,0.0,0,0,0,30,0,22,37,1,0,0,1,0,0,36,4,11,6,3,6,0,1,0,0,0,0,
Reakwon Jones,35041,LB,INDIANA,13,15,0,61.1,0,0,190,1,1,66.2,58.9,48.1,62.4,53.5,57.1,3,3,0,0,23,16.2,11,0,2,68.3,11,1,0,442,2,208,519,25,0,0,25,0,1,494,40,271,49,24,42,2,18,7,0,66,38,6.0
Armani Linton,35048,S,OLE MISS,8,1,0,54.5,0,0,226,0,0,56.1,55.9,81.4,59.2,53.4,46.1,0,0,0,0,25,30.0,3,3,0,83.5,6,0,0,40,1,132,149,0,0,0,0,0,80,149,1,16,28,1,6,0,11,0,0,95,27,15.8
Greg Reaves,35068,ED,USF,12,15,1,80.0,0,0,327,2,0,60.8,76.2,63.4,64.7,82.9,61.5,5,10,0,1,36,13.9,10,2,2,88.8,8,4,0,83,1,101,738,639,0,4,620,15,0,99,223,414,15,30,47,6,10,19,1,68,94,8.5
Bradrick Shaw,35088,HB,WISCONSIN,2,0,0,,0,0,349,0,0,,60.1,60.0,,60.0,,0,0,0,0,,,0,0,0,0.0,0,0,0,0,0,0,2,0,0,0,0,0,0,2,0,2,0,0,0,0,0,0,0,0,0,
Josh Butler,35097,CB,MICH STATE,11,1,0,55.3,3,0,223,0,0,66.5,68.2,84.3,49.0,76.4,76.0,0,0,0,0,40,7.7,2,2,7,104.7,21,0,1,44,412,285,495,3,0,0,3,0,4,492,6,204,32,10,23,2,38,0,3,276,77,13.1
Alex Mussat,35120,WR,W MICHIGAN,1,0,0,,0,0,347,0,0,,60.0,60.0,60.0,,,0,0,0,0,,,0,0,0,0.0,0,0,0,0,0,0,1,0,0,0,0,0,0,1,1,0,0,0,0,0,0,0,0,0,0,
Jamie King,35142,ED,N TEXAS,11,4,0,44.4,0,0,251,1,0,70.8,66.2,50.0,60.6,63.7,29.7,1,1,0,0,12,26.3,5,3,1,55.3,4,0,0,70,0,97,277,186,0,0,186,0,0,91,55,125,21,7,10,2,9,2,0,35,40,8.8
Ben Holt,35158,LB,PURDUE,12,23,1,75.7,0,0,273,0,0,49.5,58.1,61.5,61.5,63.6,59.7,2,8,0,0,26,15.4,19,1,1,100.6,28,2,0,778,0,371,860,19,0,0,19,0,3,841,57,432,60,41,81,5,37,12,0,315,202,11.3
Austin Rosa,35168,LB,RUTGERS,1,1,0,,0,0,278,0,0,,56.8,69.1,,57.3,73.6,0,0,0,0,,0.0,0,0,0,0.0,0,0,0,5,0,0,5,0,0,0,0,0,0,5,0,5,0,0,0,0,0,0,0,0,0,
JD Alexander,35169,ED,UNLV,1,1,0,100.0,0,0,325,0,0,66.4,62.2,79.8,60.6,55.6,80.2,0,0,0,0,29,0.0,0,0,0,118.8,1,0,0,18,0,15,45,25,0,1,24,0,1,20,12,18,1,2,4,0,1,0,0,29,14,29.0
Canon Jackson,35196,S,W KENTUCKY,3,0,0,100.0,0,0,346,0,0,64.3,59.3,70.3,,60.0,26.7,0,0,0,0,3,50.0,1,0,0,79.2,1,0,0,6,0,8,10,0,0,0,0,0,1,10,0,2,3,0,1,0,1,0,0,3,3,3.0
Franklin Agbasimere,35211,ED,MISSOURI,5,1,0,,0,0,229,0,0,65.5,70.0,78.1,56.7,73.7,77.6,1,0,0,0,,0.0,0,0,0,0.0,0,1,0,0,0,1,40,40,0,0,35,5,0,0,28,11,0,4,3,0,0,2,0,0,0,
Trevis Gipson,35241,ED,TULSA,12,6,0,,0,2,320,0,0,60.9,87.8,72.2,89.7,78.5,66.3,5,28,0,0,,9.3,4,0,1,0.0,0,8,0,0,0,0,628,626,0,148,338,140,0,2,311,317,0,35,33,7,0,41,0,0,0,
Collin Scott,35247,LB,LA TECH,13,13,0,81.3,0,0,208,0,0,48.7,54.8,0.0,54.5,65.7,62.3,3,10,0,0,23,14.1,10,0,3,130.6,26,2,0,639,2,334,677,5,0,0,5,0,7,672,47,296,22,31,48,2,32,15,3,251,118,9.7
Dana Levine,35250,ED,TEMPLE,13,2,0,100.0,0,0,306,0,0,68.9,69.4,19.8,72.0,65.9,50.5,8,16,0,0,-2,20.7,6,0,4,79.2,1,5,0,10,0,16,475,460,0,0,449,11,0,15,256,203,5,21,21,4,1,29,0,-2,3,-2.0
Mohamed Barry,35283,LB,NEBRASKA,12,27,0,74.2,0,0,238,1,0,51.9,46.0,50.4,60.7,45.4,57.4,4,6,0,0,24,15.0,16,1,1,98.1,23,1,0,517,4,245,587,3,0,0,3,0,1,584,38,304,62,36,64,3,31,11,1,174,100,7.6
Eric Gallon II,35291,LB,KANSAS ST,4,1,0,100.0,0,0,199,0,0,54.7,41.1,77.7,63.9,29.1,27.7,0,1,0,0,34,50.0,3,1,0,118.8,1,1,0,21,0,9,32,11,0,0,11,0,0,21,10,13,0,1,2,0,1,2,0,34,23,34.0
Damien Smith,35331,LB,LOUISVILLE,5,0,0,100.0,0,0,210,0,0,43.1,59.0,72.2,59.1,83.3,73.2,0,0,0,0,16,0.0,0,0,0,118.8,2,0,0,15,0,7,15,0,0,0,0,0,0,15,1,7,0,1,1,0,2,0,0,27,11,13.5
Austin Clack,35335,LB,OHIO,3,1,0,,0,0,259,0,0,62.7,54.9,73.5,,50.6,49.4,0,0,0,0,,33.3,1,0,0,0.0,0,0,0,21,0,7,21,0,0,0,0,0,0,21,0,14,0,0,1,0,0,0,0,0,0,
William LeMasters,35452,LB,N TEXAS,3,2,0,0.0,0,0,251,0,0,46.6,54.6,75.2,59.5,67.1,78.5,0,0,0,0,,0.0,0,0,0,39.6,0,0,0,14,0,10,20,6,0,0,6,0,0,14,1,9,0,1,2,1,1,0,0,0,0,
Marcel Spears Jr.,35464,LB,IOWA STATE,13,17,0,82.9,1,0,193,0,0,75.4,72.0,62.9,58.3,69.4,72.5,2,16,0,0,31,12.9,12,6,1,93.8,29,4,0,567,2,356,791,70,0,1,69,0,4,721,94,341,146,40,64,3,35,22,0,228,159,7.9
Jan Johnson,35468,LB,PENN STATE,13,15,1,77.8,0,1,266,1,0,82.2,82.4,83.7,69.2,77.1,77.6,2,3,0,1,29,9.5,6,0,0,92.1,14,2,0,373,3,194,450,19,2,1,16,0,1,431,32,224,53,29,42,3,18,7,1,130,46,9.3
John Washington,35491,DI,LA MONROE,6,1,0,,0,0,209,0,0,,56.4,22.1,58.9,58.1,47.6,0,2,0,0,,11.1,1,0,1,0.0,0,0,0,0,0,0,99,99,64,35,0,0,0,0,36,63,0,4,7,1,0,2,0,0,0,
Ben Schrider,35494,ED,CAL,12,7,0,100.0,0,0,130,1,0,78.6,73.5,88.0,62.7,72.1,74.9,1,4,0,0,8,5.3,1,0,0,83.3,2,1,0,4,0,32,277,263,0,1,260,2,0,14,119,126,10,10,11,1,2,6,0,8,3,4.0
John Lako,35535,LB,AKRON,12,30,1,93.8,0,0,102,1,0,74.6,75.0,85.3,73.2,68.5,69.0,4,9,1,1,37,11.1,16,3,0,84.9,15,1,0,826,1,314,861,6,0,0,6,0,0,855,43,504,28,59,98,8,16,14,0,170,118,11.3
Josh Woods,35556,ED,UCLA,12,6,2,64.3,0,0,324,2,0,58.2,61.1,59.6,59.3,64.5,66.7,2,12,0,1,50,12.8,6,0,2,113.1,9,4,0,37,6,167,651,550,0,3,545,2,1,101,210,274,57,26,35,1,14,18,2,160,125,17.8
Alex Grace,35562,S,W MICHIGAN,13,8,0,75.0,0,0,347,0,0,59.1,58.7,86.7,53.4,59.2,54.9,0,6,0,2,22,18.8,12,1,0,72.1,30,1,0,190,2,243,546,83,0,0,83,0,1,463,58,245,269,17,44,2,40,7,0,272,215,9.1
Ed Curney,35574,LB,GA STATE,7,8,0,84.6,0,0,175,1,0,65.4,68.6,0.0,73.4,70.5,62.8,2,3,0,0,30,13.7,7,1,3,146.0,11,2,0,394,0,187,401,0,0,0,0,0,3,401,31,183,4,22,36,3,13,7,2,124,97,11.3
Tim Bonner,35579,ED,FAU,13,4,1,,0,0,165,0,0,60.0,69.8,32.1,70.5,68.8,40.4,3,31,0,0,,27.6,8,0,3,0.0,0,3,0,1,0,6,528,525,0,31,289,205,0,3,303,219,0,15,17,4,0,37,0,0,0,
Kenny Willekes,35624,ED,MICH STATE,13,15,0,,3,1,223,2,1,70.7,79.4,0.3,74.3,84.8,79.6,5,34,0,0,,7.4,4,0,9,0.0,0,9,0,4,0,6,757,753,0,8,701,44,0,4,433,318,0,31,35,5,0,48,0,0,0,
Calvin Brewton,35653,S,DOMINION,12,20,0,63.6,0,0,263,0,0,67.7,66.2,84.1,51.3,63.8,72.0,0,3,0,0,23,11.9,8,3,0,84.1,14,0,0,283,1,290,575,3,0,0,3,0,205,572,8,277,83,11,39,0,22,3,0,153,116,10.9
Jesse Osuna,35670,LB,S JOSE ST,10,15,0,75.0,0,2,285,1,0,61.2,62.9,0.0,71.9,66.5,60.4,1,4,0,0,37,17.1,12,0,7,93.3,15,4,0,100,7,162,592,263,0,0,263,0,0,329,92,338,222,26,43,4,20,9,0,138,93,9.2
Braden Harris,35695,ED,UTAH ST,3,0,0,,0,0,329,0,0,60.0,61.2,73.6,57.2,62.0,,0,0,0,0,,,0,0,0,0.0,0,0,0,1,0,1,13,12,0,0,11,1,0,1,4,8,0,0,0,0,0,0,0,0,0,
Richard McBryde,35699,LB,SMU,13,20,0,84.8,0,1,287,1,0,42.1,45.4,60.1,62.7,48.6,56.5,2,8,0,0,45,17.4,21,1,1,115.6,39,4,0,649,0,387,811,19,0,0,19,0,2,792,64,360,141,38,80,6,46,14,1,460,233,11.8
Tyshun Render,35744,ED,MIDDLE TN,12,9,5,100.0,0,2,224,2,0,71.0,70.5,58.8,61.3,73.3,59.6,3,9,0,1,28,12.7,7,0,2,113.9,3,3,0,5,0,5,653,646,0,42,519,85,0,7,322,326,0,28,39,4,3,15,1,34,28,11.3
Leroy Godfrey,35746,ED,HOUSTON,1,0,0,,0,0,182,0,0,62.1,63.8,78.1,54.5,67.4,77.0,0,1,0,0,,0.0,0,0,0,0.0,0,0,0,0,0,2,27,27,0,0,26,1,0,0,13,12,0,1,3,1,0,1,0,0,0,
Tae Crowder,35774,LB,GEORGIA,14,19,0,75.0,0,0,173,1,1,78.0,70.0,81.1,65.0,60.5,64.0,2,5,0,0,31,14.1,11,2,0,85.6,21,0,0,409,6,250,500,12,0,0,12,0,0,488,39,211,72,19,48,4,28,7,0,141,101,6.7
Conner Greene,35776,ED,IOWA STATE,3,0,0,,0,0,193,0,0,,72.8,73.4,64.5,70.3,72.7,1,0,0,0,,0.0,0,0,0,0.0,0,0,0,0,0,0,17,17,0,4,9,4,0,0,6,11,0,2,2,0,0,1,0,0,0,
Rayshad Jackson,35807,LB,UNLV,12,21,1,62.5,0,3,325,1,0,90.4,82.6,59.5,63.8,73.4,80.6,7,13,0,0,14,9.6,11,5,3,66.7,15,3,0,671,0,314,753,32,0,0,32,0,0,721,96,343,50,54,82,12,24,23,0,50,36,3.3
John Houston Jr.,35810,LB,USC,13,24,1,78.4,0,0,326,1,0,70.8,65.5,38.7,63.4,61.1,65.0,2,4,0,0,36,15.6,19,3,2,109.2,40,3,0,769,6,490,916,15,0,0,15,0,1,901,48,378,125,36,79,4,51,9,2,361,283,9.0
Nick Faulkner,35812,ED,KENT STATE,13,21,1,72.7,0,1,201,0,0,63.9,70.0,92.2,56.7,75.0,80.9,1,11,0,0,26,6.8,5,2,0,114.0,16,1,0,12,0,153,787,681,0,0,678,3,0,106,180,454,93,30,47,3,22,13,1,191,108,11.9
Trae Philpots,35853,ED,MIDDLE TN,10,9,0,,0,0,224,0,0,65.3,62.5,87.7,54.6,63.6,67.5,5,4,0,0,,10.5,4,0,0,0.0,0,1,0,2,0,0,543,539,0,73,418,48,0,4,251,292,0,16,25,2,0,10,0,0,0,
Daniel Fennell,35881,ED,S CAROLINA,11,2,0,66.7,0,0,289,0,0,79.5,69.5,86.0,59.5,67.2,68.6,4,0,0,0,6,13.3,2,0,0,70.1,2,0,0,7,0,8,200,183,0,0,177,6,0,17,82,110,10,7,11,3,3,4,0,0,7,0.0
Kyahva Tezino,35886,LB,S DIEGO ST,13,19,0,77.1,0,1,284,0,0,74.6,88.2,86.7,81.8,83.5,65.3,4,34,0,2,39,15.0,16,3,1,73.3,27,3,0,717,0,321,820,41,0,0,41,0,5,779,206,293,57,47,72,9,35,41,0,258,181,9.6
Kyle Pugh,35900,LB,N ILLINOIS,2,1,0,100.0,0,0,254,0,0,78.8,68.8,77.2,54.9,58.5,44.2,1,1,0,0,-2,25.0,3,0,0,79.2,1,0,0,99,0,37,103,2,0,0,2,0,0,101,14,52,2,7,8,3,1,2,0,-2,3,-2.0
Antonio Jones-Davis,35904,LB,N ILLINOIS,6,12,0,58.3,0,0,254,0,0,56.2,75.6,81.9,65.7,85.3,68.6,0,3,0,1,22,12.7,7,0,1,34.7,7,2,0,332,1,138,366,9,0,0,9,0,1,357,33,195,23,25,36,4,12,5,0,54,33,7.7
Maurice Smitherman,35935,CB,MISS STATE,6,5,0,77.8,2,0,227,0,0,58.8,57.4,0.0,53.5,66.2,74.8,1,0,0,0,48,7.1,1,1,2,155.8,7,0,0,35,169,115,266,15,0,0,15,0,20,251,17,134,27,2,8,0,9,1,1,143,50,20.4
Antonio Balabani,35939,ED,W MICHIGAN,13,7,0,100.0,0,0,347,0,0,63.0,66.5,73.3,64.6,65.1,56.6,3,14,0,0,10,17.6,6,0,1,108.3,1,3,0,15,0,8,599,584,0,2,553,29,0,15,305,286,0,21,21,2,1,20,0,10,4,10.0
Gabriel Sewell,35942,LB,NEVADA,13,9,1,78.3,0,1,239,0,0,55.8,60.9,58.2,64.0,63.2,53.3,5,16,0,0,53,18.8,12,0,1,155.0,18,0,0,500,0,291,695,140,0,0,140,0,1,555,97,307,54,23,43,5,23,21,4,269,160,14.9
Ben Wisdorf,35947,LB,WYOMING,3,1,0,100.0,0,1,351,0,0,51.2,75.4,73.3,,87.6,33.6,0,0,0,0,7,33.3,1,0,0,95.8,1,0,0,5,0,5,9,2,0,0,2,0,0,7,0,4,2,1,1,1,1,0,0,7,0,7.0
Chad Smith,35955,LB,CLEMSON,15,19,0,66.7,0,1,140,1,0,57.2,63.8,87.0,62.0,66.3,63.8,4,13,0,1,16,14.7,10,0,0,56.8,14,3,0,491,0,221,587,69,0,0,69,0,0,518,95,271,27,23,39,0,21,20,0,96,80,6.9
Jalen Moore,35966,S,OREGON ST,8,9,0,63.6,0,0,265,1,0,60.5,63.7,85.8,56.0,68.7,66.3,0,0,0,0,20,15.2,7,0,2,85.4,7,0,0,104,5,214,415,14,0,0,14,0,208,401,4,197,84,9,30,2,11,0,0,80,17,11.4
Caleb Peart,35968,LB,VANDERBILT,12,5,0,66.7,0,0,333,0,0,51.0,56.7,87.1,61.6,58.7,69.7,3,0,0,0,64,8.0,2,0,0,144.8,8,0,0,141,0,75,272,111,0,0,111,0,0,161,40,157,20,10,18,2,12,3,2,137,116,17.1
Adrian Hynson,35995,S,UTEP,12,12,0,78.3,0,0,330,0,0,47.5,56.6,85.1,57.3,71.4,79.4,0,1,0,0,33,9.7,7,0,0,158.3,18,1,0,145,3,225,480,9,0,0,9,0,154,471,12,243,169,21,53,2,23,2,3,288,103,16.0
Tanner Muse,35997,LB,CLEMSON,15,9,0,62.9,0,0,140,0,0,79.7,82.7,87.1,73.5,82.8,77.0,2,4,0,4,50,7.9,5,3,0,71.1,22,2,0,374,16,371,676,20,0,0,20,0,157,656,26,279,109,27,49,5,35,8,2,312,189,14.2
Braxton Lewis,36000,S,IOWA STATE,12,8,1,68.8,0,0,193,1,0,61.3,64.4,86.8,66.6,68.9,81.7,0,1,0,1,40,10.4,7,3,0,137.6,22,0,0,135,1,330,560,13,0,0,13,0,177,547,5,225,234,15,52,2,32,1,4,397,126,18.0
Darrell Taylor,36001,ED,TENNESSEE,13,9,2,50.0,0,1,307,1,0,79.4,80.8,75.3,87.5,63.7,62.3,3,35,0,0,14,20.0,9,1,1,59.4,2,7,0,15,3,40,634,601,0,0,597,4,0,33,299,295,14,27,27,2,4,45,0,15,14,7.5
Trent Sellers,36003,ED,NEW MEXICO,12,5,0,50.0,0,0,241,1,0,62.5,65.8,45.6,68.8,61.6,48.9,9,9,0,0,0,20.0,3,0,2,56.3,1,1,0,0,0,2,456,456,21,107,207,121,0,0,247,207,0,6,7,3,2,19,0,0,0,0.0
Bryan Wright,36004,LB,CINCINNATI,14,12,2,81.8,1,5,138,2,0,75.8,81.1,0.0,81.8,77.2,66.7,7,12,0,0,41,15.9,17,3,6,98.1,9,5,0,767,0,342,847,56,0,0,56,0,4,791,129,376,20,50,78,10,11,24,0,83,68,9.2
Jared Gescheidler,36019,LB,IOWA STATE,3,0,2,,0,0,193,0,0,62.5,76.7,73.4,81.7,66.8,75.7,0,0,0,0,,0.0,0,0,0,0.0,0,0,0,19,0,6,20,0,0,0,0,0,0,20,1,13,1,2,2,0,0,0,0,0,0,
Deandre Kelly,36042,ED,TEMPLE,13,5,0,,0,1,306,0,0,60.0,60.1,53.8,65.2,57.9,61.4,1,3,0,0,,12.5,1,0,1,0.0,0,2,0,0,0,0,248,248,0,0,232,16,0,0,123,125,0,3,2,0,0,6,0,0,0,
Kirk Louis,36045,LB,ARK STATE,11,5,0,66.7,0,0,113,0,0,47.2,43.3,78.8,52.7,45.0,36.4,2,0,0,0,9,26.7,4,0,0,122.2,2,0,0,163,0,68,173,8,0,0,8,0,0,165,24,81,2,3,6,0,3,2,1,18,3,9.0
Terrence Jones,36071,ED,LA LAFAYET,3,0,0,100.0,0,0,207,0,0,49.3,61.2,75.3,75.7,62.3,72.2,0,0,0,0,9,0.0,0,0,0,104.2,1,0,0,0,0,3,13,13,0,0,13,0,0,0,3,7,0,0,1,0,1,0,0,9,13,9.0
Chukwudi Chukwu,36110,ED,OHIO,13,4,0,0.0,1,0,259,0,0,63.2,58.5,22.2,63.2,56.6,80.8,0,5,0,0,,0.0,0,0,2,39.6,0,0,0,0,1,6,229,228,0,2,216,10,0,1,121,102,0,3,6,0,1,5,0,0,0,
Willie Hibbler,36113,LB,OLE MISS,12,4,0,83.3,0,0,226,0,0,56.0,59.1,82.0,67.5,57.6,61.4,1,4,0,0,48,15.0,6,2,0,122.2,15,1,0,293,2,193,323,9,0,0,9,0,2,314,40,90,17,22,30,2,18,6,1,160,127,10.7
Josh Thomas,36116,S,APP STATE,14,18,0,51.3,0,0,108,1,0,87.7,83.3,59.7,59.2,72.5,74.8,0,0,1,1,38,12.8,11,2,1,86.3,20,0,0,201,1,510,890,2,0,0,2,0,398,888,1,379,288,23,57,2,39,0,3,248,116,12.4
Cristian Williams,36151,S,TULSA,12,18,0,66.7,0,1,320,0,0,72.0,67.2,41.6,59.2,59.3,70.6,0,0,0,1,26,13.3,8,2,1,62.0,12,0,0,234,4,274,563,3,0,0,3,0,225,560,1,288,97,12,34,2,18,0,0,119,48,9.9
Fua Leilua,36156,DI,UTAH ST,1,3,0,,0,0,329,0,0,60.0,56.7,0.0,64.5,64.1,38.9,1,1,0,0,,20.0,1,0,1,0.0,0,0,0,0,0,0,51,51,9,33,1,8,0,0,31,20,0,1,1,0,0,2,0,0,0,
Dominic Sheppard,36158,LB,UTSA,3,1,0,,0,0,331,0,0,60.1,52.7,73.1,58.3,52.1,26.5,0,0,0,0,,50.0,1,0,0,0.0,0,0,0,18,0,2,18,0,0,0,0,0,0,18,2,14,0,0,0,0,0,0,0,0,0,
Jacob White,36168,LB,BALL ST,12,29,1,82.9,0,1,117,0,0,60.1,75.4,53.7,78.4,82.1,71.2,3,3,0,1,33,11.0,13,1,1,106.0,29,1,0,602,0,283,696,2,0,0,2,0,0,694,16,397,92,41,76,9,35,7,2,270,231,9.3
Stephen Forester,36173,LB,UTEP,8,5,0,100.0,0,0,330,0,0,73.6,55.1,81.2,63.7,43.1,54.3,1,2,0,0,2,17.9,5,0,0,79.2,1,1,0,201,0,49,204,1,0,0,1,0,1,203,29,126,1,11,18,1,1,4,0,2,4,2.0
Lucas Cooper,36195,S,COLORADO,2,2,0,50.0,0,0,143,0,0,50.4,53.3,75.9,63.9,56.4,48.8,0,2,0,0,7,20.0,2,0,0,97.9,1,0,0,13,0,22,51,0,0,0,0,0,34,51,2,27,4,1,6,0,2,2,1,7,0,7.0
Tristan Brock,36210,DI,WASH STATE,13,2,0,,0,1,341,0,0,60.6,51.8,82.1,57.3,47.9,33.4,0,3,0,0,,25.0,4,0,0,0.0,0,0,0,0,0,0,231,231,14,190,13,14,0,0,111,120,0,3,10,2,0,3,0,0,0,
Boosie Whitlow,36263,ED,LOUISVILLE,13,2,0,62.5,0,1,210,0,0,59.9,59.1,23.2,58.4,62.1,31.1,0,3,0,0,17,30.8,8,1,2,69.8,5,2,0,25,0,57,253,223,0,0,223,0,0,30,69,127,5,15,16,5,8,5,0,30,31,6.0
Darrian McMillan,36268,ED,N TEXAS,9,3,0,,1,0,251,0,0,60.0,35.1,22.1,51.1,30.3,27.5,2,2,0,0,,30.0,3,0,2,0.0,0,0,0,0,0,0,265,265,0,76,26,163,0,0,139,126,0,2,4,1,0,4,0,0,0,
Jimmy Murphy,36279,HB,MIAMI FL,1,0,0,,0,0,220,0,0,,60.0,60.0,,60.0,,0,0,0,0,,,0,0,1,0.0,0,0,0,0,0,0,1,0,0,0,0,0,0,1,0,1,0,0,0,0,0,0,0,0,0,
Shameik Blackshear,36281,ED,TCU,9,2,0,,0,0,305,0,0,55.0,56.9,87.2,53.6,61.1,30.8,1,4,0,0,,38.9,7,0,0,0.0,0,2,0,0,0,5,332,332,0,0,308,24,0,0,197,130,0,10,9,1,0,7,0,0,0,
Matt Locher,36290,ED,BOISE ST,5,2,1,,0,0,120,0,0,,62.0,77.4,55.4,66.9,76.1,0,0,0,0,,0.0,0,0,0,0.0,0,0,0,0,0,0,61,61,1,16,26,18,0,0,37,24,0,2,2,0,0,0,0,0,0,
Derek Wilder,36300,ED,DOMINION,12,4,0,,0,1,263,1,0,58.2,71.9,51.9,65.1,75.8,68.6,6,10,0,0,,12.5,4,0,2,0.0,0,3,0,4,0,1,500,496,3,30,395,68,0,4,228,271,0,17,24,4,0,19,0,0,0,
Brian Arp,36301,DI,OHIO,13,8,0,,0,0,259,0,0,60.0,51.0,83.5,57.4,47.0,56.3,1,2,0,0,,12.0,3,0,0,0.0,0,0,0,0,0,0,337,337,24,308,0,5,0,0,167,170,0,8,14,1,0,3,0,0,0,
Willington Previlon,36337,DI,RUTGERS,12,6,1,,1,0,278,0,0,63.4,71.0,55.5,55.9,78.9,51.3,0,8,0,0,,15.8,6,0,2,0.0,0,2,0,0,0,0,612,611,84,357,27,143,0,1,286,326,0,21,26,7,0,10,0,0,0,
Myles Cheatum,36338,ED,S DIEGO ST,13,7,3,66.7,0,0,284,0,0,56.1,60.5,33.4,62.3,64.9,49.9,4,23,0,0,7,21.1,8,0,4,109.7,2,7,0,5,0,25,721,716,7,233,359,117,0,5,440,256,0,19,23,4,3,34,1,9,3,4.5
Jamario Bell,36361,ED,ARKANSAS,10,3,0,50.0,1,1,111,0,0,41.0,49.9,15.0,53.5,62.9,53.6,1,8,0,0,30,18.8,3,0,3,95.8,1,2,0,0,0,7,306,306,0,6,277,23,0,0,158,141,0,8,10,1,2,11,0,30,25,30.0
Milan Lanier,36387,DI,MARSHALL,12,1,0,,0,0,214,0,0,57.0,61.0,61.9,56.7,64.9,77.8,1,5,0,0,,11.1,1,0,1,0.0,0,0,0,1,0,3,394,393,56,334,0,3,0,1,209,182,0,4,7,0,0,6,0,0,0,
Gary Walker,36393,DI,AUBURN,8,0,1,,0,0,115,0,0,60.0,67.5,16.0,61.9,72.3,74.5,1,3,0,0,,0.0,0,0,1,0.0,0,0,0,1,0,0,99,98,10,74,1,13,0,1,54,45,0,2,3,1,0,4,0,0,0,
DaiShon Neal,36442,DI,NEBRASKA,3,0,0,,0,0,238,0,0,,59.1,71.8,56.9,60.8,,0,0,0,0,,,0,0,0,0.0,0,0,0,0,0,0,17,17,0,3,4,10,0,0,8,9,0,0,0,0,0,0,0,0,0,
Scott Patchan,36449,ED,MIAMI FL,13,7,1,100.0,0,1,220,1,0,57.2,76.9,0.0,76.5,81.3,67.7,5,19,0,0,18,9.1,3,0,5,118.8,1,2,0,2,0,4,370,367,1,2,355,9,0,3,197,169,1,20,23,3,1,26,0,18,24,18.0
Mike Scott,36450,ED,OKLA STATE,13,1,0,,0,0,262,0,0,64.2,62.6,39.7,65.6,55.0,50.9,6,11,0,0,,40.0,4,0,1,0.0,0,2,0,20,0,14,180,160,0,1,135,24,0,20,124,42,0,6,5,0,0,19,0,0,0,
Ty Tyler,36451,DI,LOUISVILLE,10,0,0,,0,0,210,0,0,60.0,58.2,36.1,62.5,56.4,23.9,3,7,0,0,,42.9,3,0,1,0.0,0,0,0,2,0,0,171,168,65,16,17,70,0,3,83,88,0,0,4,0,0,10,0,0,0,
David Pfaff,36454,DI,WISCONSIN,9,1,0,,0,0,349,0,0,,57.1,76.8,57.8,56.5,69.7,0,1,0,0,,0.0,0,0,0,0.0,0,0,0,0,0,0,68,68,0,55,3,10,0,0,44,24,0,0,0,0,0,1,0,0,0,
Qaadir Sheppard,36471,ED,OLE MISS,12,7,0,90.0,0,0,226,1,0,59.1,57.9,6.5,73.1,49.2,25.9,4,18,0,0,60,38.2,13,0,4,142.9,9,0,0,78,4,87,455,339,0,0,338,1,0,116,172,196,34,8,14,3,10,22,1,103,96,11.4
Eli Howard,36472,ED,TEXAS TECH,12,2,1,,1,0,315,1,0,63.6,65.7,31.5,65.0,65.7,59.7,4,20,0,0,,19.0,4,0,3,0.0,0,4,0,0,0,1,517,517,0,28,196,293,0,0,288,228,0,18,15,1,0,28,0,0,0,
Sam Renner,36482,DI,MINNESOTA,13,12,4,,1,0,225,0,0,65.3,81.1,18.1,83.2,77.0,85.0,5,13,0,0,,2.9,1,0,4,0.0,0,6,0,0,0,0,506,504,3,485,2,14,0,2,241,265,0,21,22,2,0,24,0,0,0,
Fyn Anderson,36486,DI,NEBRASKA,4,0,0,,0,0,238,0,0,,61.6,76.5,62.2,59.7,70.2,0,1,0,0,,0.0,0,0,0,0.0,0,0,0,0,0,0,32,32,21,11,0,0,0,0,13,19,0,1,1,0,0,1,0,0,0,
Malik Manciel,36502,DI,MIDDLE TN,12,3,1,50.0,1,1,224,0,0,66.8,62.5,55.5,57.5,64.8,54.6,1,7,0,0,6,14.3,3,0,2,56.3,1,0,0,5,0,5,569,562,192,345,10,15,0,7,274,290,0,11,15,4,2,8,0,6,0,6.0
Jeffery Whatley,36506,DI,S ALABAMA,12,4,2,,0,0,288,1,0,65.7,72.2,65.7,61.2,74.9,36.6,1,11,0,0,,22.2,10,0,1,0.0,0,4,0,0,0,0,607,607,1,78,87,441,0,0,276,331,0,30,31,10,0,16,0,0,0,
Alex Hoag,36544,DI,KENT STATE,13,8,1,,0,0,201,1,0,60.0,61.8,59.7,61.2,61.5,82.3,2,11,0,0,,5.3,1,0,1,0.0,0,1,0,0,0,0,402,402,19,73,16,294,0,0,165,237,0,10,10,0,0,14,0,0,0,
A.J. Taylor,36546,DI,N ILLINOIS,1,0,0,,0,0,254,0,0,60.0,60.8,72.8,64.8,56.4,70.2,0,0,0,0,,0.0,0,0,0,0.0,0,0,0,0,0,0,11,11,3,8,0,0,0,0,5,6,0,1,1,0,0,0,0,0,0,
La'Dante Davenport,36553,ED,LA TECH,6,2,0,,0,0,208,0,0,60.0,53.7,78.5,52.6,55.4,42.2,0,0,0,0,,20.0,2,0,0,0.0,0,0,0,0,0,0,98,98,4,37,9,48,0,0,52,46,0,4,6,0,0,0,0,0,0,
Sam McKnight,36620,ED,OHIO,9,2,0,50.0,1,1,259,0,0,54.1,65.0,0.0,77.8,59.7,44.0,6,9,0,0,10,26.7,4,0,3,64.6,1,1,0,0,0,6,199,199,0,27,168,4,0,0,103,90,0,4,9,1,2,16,0,10,8,10.0
Brentavious Glanton,36642,DI,GA TECH,12,3,0,,0,0,176,0,0,58.3,57.6,55.4,66.8,54.0,29.2,3,6,0,0,,30.8,4,0,1,0.0,0,0,0,0,0,0,309,309,29,254,4,22,0,0,139,170,0,7,6,1,0,9,0,0,0,
Josiah Bronson,36668,DI,WASHINGTON,13,3,0,,0,0,340,0,0,60.5,62.7,62.0,56.6,67.0,75.5,2,13,0,0,,4.5,1,0,1,0.0,0,1,0,7,0,2,409,402,15,256,29,102,0,7,226,181,0,17,18,2,0,16,0,0,0,
Chauncey Rivers,36669,ED,MISS STATE,13,7,1,50.0,0,1,227,0,0,72.7,77.0,40.4,77.0,71.1,49.9,3,21,0,0,14,21.7,10,1,3,62.5,2,5,0,1,0,12,564,563,0,3,521,39,0,1,280,272,0,24,29,4,4,29,0,18,7,9.0
Aaron Blackwell,36741,DI,NEW MEXICO,1,2,0,,0,0,241,0,0,,69.6,74.8,66.8,66.0,72.4,0,2,0,0,,0.0,0,0,0,0.0,0,0,0,0,0,0,18,18,14,3,1,0,0,0,8,10,0,0,0,0,0,2,0,0,0,
Javier Carbonell,36769,DI,ARK STATE,13,7,0,,0,0,113,0,0,65.2,63.0,68.0,60.4,62.5,58.6,6,8,0,0,,10.7,3,0,1,0.0,0,0,0,1,0,1,467,465,276,170,0,19,0,2,236,230,0,10,18,0,0,14,0,0,0,
Michael Barnett,36829,DI,GEORGIA,13,6,1,,0,0,173,0,0,62.0,70.3,85.2,59.2,74.1,80.6,0,7,0,0,,0.0,0,0,0,0.0,0,0,0,0,0,2,303,303,151,152,0,0,0,0,164,137,0,12,16,0,0,7,0,0,0,
T.J. Smith,36851,DI,ARKANSAS,12,10,0,,0,1,111,0,0,60.0,71.7,86.1,72.5,67.9,64.9,1,11,0,0,,10.5,2,0,0,0.0,0,2,0,0,0,0,480,480,112,340,0,28,0,0,225,255,0,6,7,1,0,14,0,0,0,
Brandon Maddox,36893,DI,VANDERBILT,8,2,0,,0,0,333,0,0,60.0,44.8,0.9,58.8,44.7,73.4,0,1,0,0,,0.0,0,0,1,0.0,0,1,0,0,0,0,69,69,0,54,2,13,0,0,26,43,0,1,0,0,0,2,0,0,0,
Dillon Faamatau,36900,DI,OKLAHOMA,13,2,0,,0,0,261,0,0,,62.8,81.5,55.0,66.6,53.6,0,1,0,0,,16.7,1,0,0,0.0,0,0,0,1,0,0,174,173,41,116,1,15,0,1,91,83,0,3,3,1,0,1,0,0,0,
Christian Gonzalez,36964,DI,BUFFALO,1,0,0,,0,0,126,0,0,,76.7,67.8,,70.2,70.2,0,0,0,0,,0.0,0,0,0,0.0,0,0,0,0,0,0,3,3,0,3,0,0,0,0,0,3,0,1,1,1,0,0,0,0,0,
Calvin Taylor Jr.,36974,DI,KENTUCKY,13,5,2,,1,2,202,1,0,63.1,78.0,50.5,78.8,72.8,49.4,6,25,0,0,,27.3,9,0,2,0.0,0,8,0,0,0,0,558,558,12,320,9,217,0,0,291,267,0,21,19,1,0,39,0,0,0,
Micah Dew-Treadway,37050,DI,MINNESOTA,13,6,1,,0,0,225,0,0,49.8,61.1,50.5,57.5,65.9,30.4,1,2,0,0,,23.8,5,0,2,0.0,0,2,0,0,0,1,466,464,203,259,1,1,0,2,218,247,0,9,10,2,0,5,0,0,0,
Thomas Toki,37093,DI,ARK STATE,2,1,0,,0,0,113,0,0,,52.3,76.2,57.2,52.0,70.1,0,0,0,0,,0.0,0,0,0,0.0,0,0,0,0,0,0,27,27,21,6,0,0,0,0,12,15,0,0,0,0,0,0,0,0,0,
Tony Fair,37101,DI,UAB,14,6,0,,1,2,321,0,0,68.3,76.6,65.6,65.6,75.6,63.8,2,11,0,0,,10.8,4,0,1,0.0,0,3,0,2,0,0,465,463,101,356,0,6,0,2,232,233,0,28,27,4,0,16,0,0,0,
Terry Whittington,37272,ED,SO MISS,12,5,0,100.0,1,0,296,0,0,67.9,59.8,25.5,69.0,43.9,47.1,6,17,0,0,3,25.0,6,0,2,79.2,2,8,0,58,0,44,299,231,6,4,192,29,0,68,154,101,9,17,13,1,2,31,0,6,6,3.0
Nafees Lyon,37319,CB,CHARLOTTE,13,4,0,64.8,0,0,136,1,0,71.2,71.6,86.0,,67.9,79.7,0,0,0,1,57,8.6,5,2,1,104.4,35,0,0,38,703,347,759,3,0,0,3,0,0,756,0,412,14,12,49,0,54,0,3,486,163,13.9
Courtney Wallace,37417,DI,LA TECH,13,14,1,,0,1,208,1,0,60.0,79.2,73.8,61.4,86.2,57.5,1,9,0,0,,12.2,5,0,1,0.0,0,3,0,2,0,0,640,636,351,284,1,0,0,4,328,312,0,19,22,5,0,13,0,0,0,
Jaunta'vius Johnson,37418,DI,UAB,11,1,0,,0,0,321,0,0,60.0,56.1,8.2,63.3,55.7,72.1,0,1,0,0,,0.0,0,0,1,0.0,0,0,0,0,0,0,78,78,27,49,1,1,0,0,37,41,0,1,1,0,0,1,0,0,0,
Shawn Burgess-Becker,38286,CB,UCF,4,0,0,50.0,0,1,323,0,0,70.1,71.5,77.0,75.2,62.5,46.9,1,0,0,0,21,28.6,2,0,0,87.5,1,0,0,18,2,30,55,1,0,0,1,0,0,54,2,23,34,5,5,1,2,1,0,21,24,21.0
Rocel McWilliams,38290,DI,S ALABAMA,12,7,0,,1,2,288,0,0,59.2,71.0,23.2,60.0,78.9,62.7,1,5,0,0,,9.5,4,0,3,0.0,0,6,0,0,0,1,404,404,4,220,49,131,0,0,181,222,0,26,31,4,0,12,0,0,0,
Bryce English,38294,DI,N TEXAS,1,0,0,,0,0,251,0,0,60.0,51.1,73.6,57.6,50.3,69.7,0,2,0,0,,0.0,0,0,0,0.0,0,0,0,0,0,0,15,15,10,5,0,0,0,0,8,7,0,0,1,0,0,2,0,0,0,
J.R. Reed,38339,S,GEORGIA,13,10,1,64.9,0,1,173,1,1,81.4,81.0,89.5,70.7,76.0,53.9,1,2,0,1,71,19.0,11,6,1,108.3,24,1,0,112,12,478,754,14,0,0,14,0,446,740,9,267,169,10,37,2,37,4,4,243,167,10.1
Tyler Johnson,38402,ED,WISCONSIN,14,3,0,33.3,0,1,349,1,0,69.5,68.4,87.3,65.7,63.1,81.8,2,10,0,0,7,0.0,0,0,0,42.4,1,1,0,8,0,34,224,210,0,0,210,0,0,14,109,81,6,4,5,1,3,13,0,7,3,7.0
Camryn Bynum,38408,CB,CAL,13,7,1,58.3,0,0,130,0,0,73.2,75.8,57.0,68.3,81.5,86.4,0,2,0,1,50,5.9,4,6,2,90.1,35,0,0,64,795,512,886,8,0,0,8,0,4,878,11,363,14,13,57,2,60,2,2,507,116,14.5
Cameron Goode,38410,ED,CAL,12,14,1,85.0,0,1,130,0,0,56.6,67.0,92.4,65.4,69.4,61.3,7,21,0,0,68,18.3,11,1,0,126.9,17,8,0,9,0,116,747,648,0,0,647,1,3,99,333,298,86,32,35,5,20,36,1,209,211,12.3
Melquise Stovall,38411,WR,HAWAII,1,0,0,,1,0,180,0,0,60.0,62.4,60.0,,,,0,0,0,0,,,0,0,1,0.0,0,0,0,0,0,1,1,0,0,0,0,0,0,1,0,0,0,0,0,0,0,0,0,0,0,
Eperone Moananu,38417,DI,HAWAII,11,4,0,,0,0,180,0,0,60.0,53.9,43.7,55.2,55.2,66.4,1,1,0,0,,7.1,1,0,1,0.0,0,0,0,0,0,0,186,186,120,64,1,1,0,0,77,109,0,5,9,0,0,2,0,0,0,
Kalen Hicks,38445,S,HAWAII,7,11,0,53.8,0,0,180,0,0,77.5,71.6,85.3,,57.1,71.4,0,0,0,1,42,12.0,6,3,1,76.4,7,0,0,135,7,229,410,5,0,0,5,0,194,405,0,181,68,11,33,1,13,0,1,112,39,16.0
Vic Viramontes,38446,LB,UNLV,8,2,0,60.0,0,0,325,0,0,61.9,53.5,77.8,55.1,46.8,31.2,0,0,0,0,6,27.3,6,0,0,65.4,3,0,0,155,0,79,179,1,0,0,1,0,0,178,5,95,23,9,14,1,5,0,0,16,10,5.3
Ryan Beecher,38464,LB,STANFORD,8,3,0,90.9,0,0,300,0,0,52.8,56.2,80.1,74.0,56.7,38.9,0,2,0,0,25,28.0,7,1,0,118.2,10,0,0,173,0,88,191,4,0,0,4,0,0,187,8,95,14,4,15,0,11,2,0,136,77,13.6
Casey Toohill,38472,ED,STANFORD,12,11,1,90.0,0,1,300,0,0,54.8,65.8,76.4,68.0,64.4,78.6,11,19,0,0,29,11.9,7,0,1,150.4,9,8,0,15,1,63,703,625,0,5,507,113,0,78,354,286,62,34,41,4,10,38,2,106,91,11.8
Traveon Beck,38490,CB,CAL,10,2,0,64.3,1,0,130,0,0,61.2,63.4,88.0,63.2,70.6,50.2,0,2,0,1,39,26.1,6,1,2,76.5,27,1,0,20,2,266,383,12,0,0,12,0,17,371,11,106,332,8,15,1,42,3,0,310,168,11.5
Josh Drayden,38498,CB,CAL,4,0,0,88.9,0,0,130,0,0,71.2,73.1,81.3,55.8,78.9,69.6,0,0,0,0,12,9.1,1,0,0,84.3,8,0,0,14,18,83,123,1,0,0,1,0,0,122,2,38,90,7,10,4,9,0,0,38,33,4.8
Viane Moala,38501,DI,UTAH,13,4,2,,0,0,328,0,0,62.8,73.2,81.8,67.4,72.9,65.9,0,8,0,0,,10.0,1,0,0,0.0,0,2,0,0,0,2,221,221,13,195,0,13,0,0,141,78,0,5,5,0,0,10,0,0,0,
Jeremiah Pritchard,38502,LB,HAWAII,12,14,0,80.0,0,0,180,0,0,39.7,47.1,0.0,65.9,56.1,44.8,4,5,0,0,22,22.2,16,0,3,100.2,20,1,0,554,0,255,595,21,0,0,21,0,1,574,38,302,19,24,42,2,25,10,0,201,155,10.1
Chinedu Udeogu,38507,ED,CAL,2,0,0,,0,0,130,0,0,60.0,73.7,71.3,59.2,68.1,73.0,0,0,0,0,,0.0,0,0,0,0.0,0,0,0,0,0,1,4,4,0,0,4,0,0,0,1,2,0,1,1,0,0,0,0,0,0,
Gunnar Roberge,38511,DI,WISCONSIN,5,0,0,,0,0,349,0,0,,56.5,75.1,55.4,58.6,,0,0,0,0,,,0,0,0,0.0,0,0,0,0,0,0,34,34,3,31,0,0,0,0,20,14,0,0,0,0,0,0,0,0,0,
Samiuela Akoteu,38518,ED,HAWAII,11,6,0,,0,0,180,0,0,65.8,65.5,82.4,53.5,69.2,71.1,1,4,0,0,,12.5,3,0,0,0.0,0,0,0,1,0,0,246,245,0,35,90,120,0,1,106,140,0,9,15,1,0,5,0,0,0,
Tevin Paul,38523,ED,CAL,11,8,0,57.1,2,0,130,0,0,65.0,59.7,26.6,56.9,63.5,65.4,1,11,0,0,13,12.9,4,1,4,65.8,4,3,0,1,0,72,575,556,0,10,518,28,0,19,263,240,17,11,19,1,7,15,0,27,17,6.8
Zach Wilson,38530,S,HAWAII,5,0,0,100.0,0,0,180,0,0,50.0,40.5,78.9,59.9,29.2,24.6,0,0,0,0,19,50.0,5,0,0,109.4,4,0,0,15,57,24,101,0,0,0,0,0,1,101,1,76,27,1,5,0,4,0,0,41,9,10.3
Evan Weaver,38534,LB,CAL,13,38,1,80.3,0,2,130,0,0,56.3,70.8,19.0,71.6,78.5,86.3,9,16,0,0,69,9.4,17,2,4,96.0,49,3,0,817,2,474,940,27,0,0,27,0,9,913,86,380,84,73,126,8,61,28,0,429,351,8.8
Kaimana Padello,38636,ED,HAWAII,10,10,1,91.7,0,2,180,0,0,55.9,68.7,72.4,81.9,60.6,48.8,3,26,0,0,33,22.2,10,0,1,109.0,11,4,0,161,0,133,636,446,0,2,435,9,0,190,216,287,28,19,25,4,12,33,0,122,97,11.1
Ikem Okeke,38639,S,HAWAII,14,16,0,53.3,0,0,180,0,0,70.8,66.7,86.8,74.6,54.6,58.1,0,0,0,3,69,17.4,12,3,0,92.4,16,1,0,203,51,289,583,9,0,0,9,0,207,574,1,293,113,17,41,1,30,1,3,413,173,25.8
Manly Williams,38651,ED,HAWAII,14,10,0,,0,0,180,2,0,74.8,54.1,85.1,54.1,49.5,36.0,0,6,0,0,,22.2,6,0,0,0.0,0,0,0,24,0,6,401,374,0,81,185,108,0,27,165,230,2,9,11,1,0,6,0,0,0,
Finton Connolly,38791,DI,ARIZONA,12,7,0,,1,0,109,0,0,60.0,61.4,44.1,63.3,62.4,38.1,1,9,0,0,,24.0,6,0,2,0.0,0,3,0,0,0,0,397,396,235,142,8,11,0,1,190,207,0,12,12,1,0,13,0,0,0,
Malcolm Holland,38813,CB,ARIZONA,1,1,0,0.0,0,0,109,0,0,46.5,42.9,77.0,,61.9,73.5,0,0,0,0,,0.0,0,0,0,39.6,0,0,0,0,3,2,4,0,0,0,0,0,0,4,0,2,0,0,0,0,2,0,0,0,0,
Kemah Siverand,38861,CB,OKLA STATE,3,0,0,66.7,0,0,262,0,0,55.8,57.0,76.1,,62.7,27.9,0,0,0,0,35,0.0,0,0,0,109.0,2,0,0,2,35,23,40,0,0,0,0,0,0,40,0,17,3,1,1,0,3,0,0,37,9,18.5
Chapelle Russell,38876,LB,TEMPLE,13,17,0,68.4,0,1,306,0,0,58.0,64.5,54.8,66.9,68.1,64.8,3,6,0,0,27,13.8,13,1,1,76.8,26,1,0,648,2,379,783,28,0,0,28,0,4,755,42,362,101,42,64,10,38,10,0,161,171,6.2
Stephen Griffin,38877,CB,NC STATE,12,6,0,62.5,0,0,248,0,0,68.6,65.9,86.9,57.2,60.5,57.8,1,2,0,0,19,19.4,7,3,1,78.8,15,1,0,87,6,185,398,48,0,0,48,0,28,350,24,189,228,11,23,1,24,4,0,142,92,9.5
Sterling Johnson,38905,DI,COAST CAR,11,11,1,,0,0,141,0,0,50.6,76.2,71.3,78.8,77.3,41.8,6,22,0,0,,17.1,7,0,1,0.0,0,5,0,10,0,29,534,524,299,221,1,3,0,10,256,249,0,24,23,5,0,33,0,0,0,
Tyriq Thompson,38942,LB,MICH STATE,13,26,0,79.2,0,0,223,0,0,57.7,69.7,81.4,57.7,79.2,78.1,2,8,0,1,23,9.2,7,1,0,92.9,19,1,0,549,1,274,667,27,0,0,27,0,0,640,72,321,90,27,43,1,24,11,1,171,122,9.0
Ladante Harris,38962,CB,FAU,5,0,0,66.7,0,0,165,0,0,53.3,56.0,72.3,,64.8,76.6,0,0,0,0,29,0.0,0,0,0,109.7,2,0,0,5,21,14,27,0,0,0,0,0,0,27,0,13,0,0,2,0,3,0,0,40,9,20.0
Johnathan Durham,38983,CB,KANSAS ST,9,1,0,66.7,0,0,199,0,0,60.5,60.7,84.1,56.1,60.9,42.5,0,0,0,0,18,28.6,4,1,0,77.4,8,0,0,14,2,80,159,2,0,0,2,0,2,157,4,75,139,3,9,0,12,0,0,57,37,7.1
Anthony Bennett,38986,ED,FAU,8,0,0,,0,0,165,0,0,61.5,67.3,80.8,61.1,68.8,36.6,2,3,0,0,,37.5,3,0,0,0.0,0,0,0,16,0,9,58,42,0,0,42,0,0,16,27,22,0,5,5,3,0,5,0,0,0,
Elijah Sullivan,39006,LB,KANSAS ST,13,13,0,71.1,0,0,199,0,0,70.7,65.3,0.0,53.1,65.8,62.4,4,4,0,1,37,15.0,12,2,3,72.3,27,1,0,470,0,275,577,12,0,0,12,0,0,565,37,265,93,37,55,5,38,9,0,200,143,7.4
Garrett Marino,39015,DI,UAB,14,9,5,,0,0,321,1,0,79.7,91.1,0.0,90.6,90.3,55.2,9,29,0,0,,16.7,7,0,8,0.0,0,8,0,57,0,0,607,550,92,412,25,21,0,57,370,237,0,29,26,8,0,46,0,0,0,
Marcus Kelly,39055,ED,N ILLINOIS,12,2,0,,0,0,254,0,0,60.0,64.6,84.2,52.5,72.4,57.8,0,5,0,0,,18.8,3,0,0,0.0,0,1,0,2,0,0,273,271,1,74,191,5,0,2,124,149,0,10,11,3,0,6,0,0,0,
Marques Jones,39188,WR,BAYLOR,1,0,0,100.0,0,0,118,0,0,60.0,36.8,60.0,60.0,,,0,0,0,0,20,0.0,0,0,0,118.8,1,0,0,0,0,0,1,0,0,0,0,0,0,1,1,0,0,0,1,0,1,0,0,20,23,20.0
Jordan Fisher,39222,LB,TOLEDO,12,19,0,81.5,0,0,316,1,0,60.7,53.1,27.8,58.8,49.1,48.5,3,6,0,1,28,20.0,19,2,2,105.2,22,0,0,616,0,326,702,17,0,0,16,1,1,685,46,330,68,37,57,5,27,9,1,270,165,12.3
Jessie Liptrot,39277,CB,GA SOUTHRN,13,3,0,43.3,0,1,174,0,0,73.2,71.9,83.3,54.7,60.7,30.9,0,0,0,1,63,37.9,11,5,0,78.9,13,0,0,22,368,238,406,0,0,0,0,0,12,406,3,165,2,5,15,1,30,0,2,233,81,17.9
Kyler Manu,39311,LB,WASHINGTON,12,12,0,91.7,0,0,340,0,0,60.0,56.7,86.3,60.9,52.6,62.9,4,1,0,0,27,14.8,9,1,0,101.7,22,2,0,352,1,187,437,64,0,0,64,0,1,373,48,202,19,21,40,1,24,7,0,202,118,9.2
Christian Rector,39404,ED,USC,10,4,2,100.0,0,0,326,0,0,50.0,62.7,68.5,59.0,67.5,50.7,8,11,0,1,2,30.4,7,0,1,39.6,1,1,0,3,0,13,549,546,1,33,459,53,0,3,302,234,0,8,12,1,1,20,0,2,8,2.0
Sh'mar Kilby-Lane,39422,LB,MISS STATE,3,1,0,50.0,0,0,227,0,0,35.9,35.7,73.9,59.3,59.6,76.8,0,0,0,0,6,0.0,0,0,0,56.3,1,0,0,11,0,6,15,2,0,0,2,0,0,13,1,8,2,0,1,0,2,0,0,6,3,6.0
Austrian Robinson,39423,DI,OLE MISS,12,10,0,,0,0,226,0,0,65.8,68.9,84.4,69.4,61.6,39.0,7,16,0,1,,20.6,7,0,0,0.0,0,2,0,0,0,0,478,478,3,102,28,345,0,0,277,201,0,12,17,0,0,25,0,0,0,
Amonte Caban,39498,DI,LOUISVILLE,13,10,0,,0,1,210,0,0,66.0,70.5,64.8,59.5,74.8,52.6,7,10,0,0,,13.9,5,0,1,0.0,0,2,0,4,0,0,494,489,1,31,57,400,0,5,271,223,0,17,21,3,0,19,0,0,0,
King Newton,39538,DI,UTSA,4,1,0,,0,0,331,0,0,61.1,71.9,80.1,67.4,69.4,58.3,0,3,0,0,,12.5,1,0,0,0.0,0,0,0,0,0,0,128,128,23,91,0,14,0,0,41,87,0,6,6,1,0,3,0,0,0,
Korian Reynaud,39580,S,LA MONROE,10,1,0,100.0,0,0,209,0,0,59.2,60.0,78.3,58.6,60.8,71.2,0,0,0,0,13,9.1,1,0,0,106.9,3,0,0,47,0,45,118,3,0,0,3,0,52,115,3,70,13,3,9,0,3,0,0,29,10,9.7
Jalen Smith,39591,S,TEXAS ST,12,11,0,66.7,0,0,314,0,0,70.6,69.8,87.3,65.7,65.8,72.2,1,1,0,1,60,13.0,9,1,0,79.0,10,0,0,300,2,270,639,32,0,0,32,0,244,607,7,362,61,12,49,0,15,2,0,177,115,17.7
Frankie Griffin,39616,S,TEXAS ST,11,10,0,85.7,0,2,314,1,0,72.2,71.2,16.8,70.3,69.7,74.5,3,6,0,0,19,9.4,6,0,3,94.0,12,1,0,193,1,105,486,251,0,0,251,0,0,235,104,277,41,34,48,5,14,10,0,92,65,7.7
Kenneth Mann,39811,DI,OKLAHOMA,6,2,0,,0,0,261,0,0,,62.8,36.7,57.9,69.3,55.1,0,4,0,0,,20.0,1,0,1,0.0,0,1,0,1,0,0,170,168,2,88,47,31,0,2,102,68,0,2,2,0,0,5,0,0,0,
Kayin White,39825,HB,LA MONROE,1,0,0,,0,0,209,0,0,,60.0,60.0,,60.0,,0,0,0,0,,,0,0,0,0.0,0,0,0,0,0,0,1,0,0,0,0,0,0,1,0,1,0,0,0,0,0,0,0,0,0,
De'Vante Cross,39851,S,VIRGINIA,14,6,0,55.0,0,0,335,0,0,63.9,61.6,87.9,63.9,52.7,64.4,1,3,0,2,47,14.5,9,5,2,79.7,22,1,0,251,241,493,906,3,0,0,3,0,221,903,15,398,189,14,47,3,40,5,3,265,134,12.0
Josh Pederson,39861,TE,LA MONROE,3,0,0,,0,0,209,0,0,60.0,62.9,60.0,,60.0,,0,0,0,0,,,0,0,2,0.0,0,0,0,0,0,1,3,0,0,0,0,0,0,3,0,2,0,0,0,0,0,0,0,0,0,
Maurice Ffrench,39871,WR,PITTSBURGH,1,0,0,,0,0,268,0,0,60.0,62.4,60.0,,,,0,0,0,0,,,0,0,2,0.0,0,0,0,0,0,1,1,0,0,0,0,0,0,1,0,0,0,0,0,0,0,0,0,0,0,
Ty Lee,39885,WR,MIDDLE TN,1,0,0,,0,0,224,0,0,,60.0,60.0,,60.0,,0,0,0,0,,,0,0,2,0.0,0,0,0,0,0,0,1,0,0,0,0,0,0,1,0,1,0,0,0,0,0,0,0,0,0,
Tre Odoms-Dukes,39900,WR,USF,1,0,0,,0,0,327,0,0,,60.0,60.0,,60.0,,0,0,0,0,,,0,0,1,0.0,0,0,0,0,0,0,1,0,0,0,0,0,0,1,0,1,0,0,0,0,0,0,0,0,0,
Branden Mack,39902,WR,TEMPLE,1,0,0,,0,0,306,0,0,60.0,60.0,63.1,,,,0,0,0,0,,,0,0,4,0.0,0,0,0,0,0,1,1,0,0,0,0,0,1,1,0,0,0,0,0,0,0,0,0,0,0,
Tray Eafford,39907,WR,TROY,1,0,0,,0,0,318,0,0,,60.0,60.0,,60.0,,0,0,0,0,,,0,0,0,0.0,0,0,0,0,0,0,1,0,0,0,0,0,0,1,0,1,0,0,0,0,0,0,0,0,0,
JD Spielman,39935,WR,NEBRASKA,1,0,0,,0,0,238,0,0,,60.1,60.0,,60.0,,0,0,0,0,,,0,0,0,0.0,0,0,0,0,0,0,2,0,0,0,0,0,0,2,0,2,0,0,0,0,0,0,0,0,0,
Jordan Carmouche,39951,LB,HOUSTON,2,3,0,66.7,0,0,182,0,0,43.0,48.6,77.5,59.8,60.5,78.6,1,1,0,0,42,0.0,0,0,0,109.7,4,0,0,66,0,38,79,4,0,0,4,0,0,75,9,32,9,1,1,0,6,2,0,83,65,20.8
Derrion Rakestraw,39968,S,COLORADO,11,9,0,72.4,0,0,143,0,0,59.9,56.0,47.4,76.7,44.0,51.4,1,0,0,3,33,20.7,12,3,2,93.5,21,0,0,114,4,364,616,9,0,0,9,0,348,607,9,243,141,16,37,3,29,1,3,252,143,12.0
Sam Noyer,40048,S,COLORADO,4,0,0,100.0,0,0,143,0,0,55.3,56.2,73.6,,60.0,,0,0,0,0,29,,0,0,0,118.8,1,0,0,2,0,19,24,0,0,0,0,0,19,24,0,5,3,0,0,0,1,0,0,29,3,29.0
Mick Assaf,40063,HB,NOTRE DAME,2,0,0,,0,0,258,0,0,60.0,57.8,60.0,,60.0,,0,0,0,0,,0.0,0,0,0,0.0,0,0,0,0,0,1,2,0,0,0,0,0,0,2,0,1,0,0,1,0,0,0,0,0,0,
Brandon Martin,40066,LB,BALL ST,1,3,0,100.0,0,0,117,0,0,58.2,68.3,72.5,60.0,78.0,79.7,0,0,0,0,18,0.0,0,0,0,118.8,1,0,0,25,0,14,26,0,0,0,0,0,0,26,1,11,1,1,2,0,1,0,0,18,4,18.0
Ryan Velez,40122,S,ARMY,12,12,0,71.4,0,0,114,0,0,60.5,52.1,84.9,68.6,35.7,49.6,0,0,0,2,25,21.8,12,1,1,81.5,10,1,0,158,6,208,442,0,0,0,0,0,177,442,6,228,100,9,31,2,14,1,1,120,46,12.0
Unknown Kansas State 87,40133,CB,KANSAS ST,1,0,0,,0,0,199,0,0,60.0,61.6,68.6,,60.0,,0,0,0,0,,,0,0,0,0.0,0,0,0,0,0,1,3,0,0,0,0,0,0,3,0,2,3,0,0,0,0,0,0,0,0,
Bryson Oglesby,40176,LB,FRESNO ST,3,0,0,100.0,0,0,169,0,0,52.8,57.5,71.2,59.7,64.8,76.8,0,0,0,0,15,0.0,0,0,0,118.8,1,0,0,8,0,4,15,3,0,0,3,0,1,12,1,10,3,0,2,0,1,0,0,15,4,15.0
Semaj Franklin,40286,CB,LA MONROE,2,1,0,,0,0,209,0,0,,56.2,99.9,,60.0,,0,0,0,0,,0.0,0,0,0,0.0,0,0,0,0,0,0,2,0,0,0,0,0,0,2,0,2,0,0,0,0,0,0,0,0,0,
Chazz Surratt,40313,LB,N CAROLINA,13,23,0,78.3,0,0,245,1,0,69.2,62.9,59.7,75.6,49.7,50.2,5,18,0,1,38,20.8,27,2,1,110.7,18,7,0,666,0,320,744,22,0,0,22,0,0,722,101,323,55,56,80,7,23,30,2,183,127,10.2
Phillip Howard,40350,CB,MINNESOTA,3,0,0,75.0,0,0,225,0,0,80.6,80.8,75.2,,65.1,79.8,0,0,0,1,11,0.0,0,0,0,53.1,3,0,0,0,37,25,37,0,0,0,0,0,0,37,0,12,0,0,4,0,4,0,0,27,11,9.0
Brandius Batiste,40358,WR,LA MONROE,1,0,0,,0,0,209,0,0,60.0,62.4,60.0,,,,0,0,0,0,,,0,0,1,0.0,0,0,0,0,0,1,1,0,0,0,0,0,0,1,0,0,0,0,0,0,0,0,0,0,0,
Joseph Early,40484,HB,MARSHALL,1,0,0,,0,0,214,0,0,,60.0,60.0,,60.0,,0,0,0,0,,,0,0,0,0.0,0,0,0,0,0,0,1,0,0,0,0,0,0,1,0,1,0,0,0,0,0,0,0,0,0,
D.L. Knock,40488,WR,OHIO,1,0,0,,0,0,259,0,0,,60.0,60.0,,60.0,,0,0,0,0,,,0,0,0,0.0,0,0,0,0,0,0,1,0,0,0,0,0,0,1,0,1,0,0,0,0,0,0,0,0,0,
Jahaziel Lee,40537,T,GA TECH,1,0,0,,0,0,176,0,0,,62.7,73.2,56.5,65.0,,0,0,0,0,,,0,0,1,0.0,0,0,0,0,0,0,16,16,4,12,0,0,0,0,8,8,0,0,0,0,0,0,0,0,0,
M.J. McGriff,40541,WR,AKRON,1,0,0,,0,0,102,0,0,,60.0,60.0,,60.0,,0,0,0,0,,,0,0,0,0.0,0,0,0,0,0,0,1,0,0,0,0,0,0,1,0,1,0,0,0,0,0,0,0,0,0,
Scoop Bradshaw,40570,CB,SYRACUSE,9,0,0,35.7,0,0,304,0,0,62.1,62.1,80.4,60.0,60.3,80.7,0,0,0,0,39,0.0,0,3,2,80.1,5,0,0,3,150,91,155,1,0,0,1,0,0,154,1,63,1,1,5,0,14,0,1,82,10,16.4
Frank Dalena,40572,WR,FRESNO ST,1,0,0,,0,0,169,0,0,,60.3,,,60.0,,0,0,0,0,,,0,0,0,0.0,0,0,0,0,0,0,1,0,0,0,0,0,0,1,0,1,0,0,0,0,0,0,0,0,0,
Saevion Johnson,40577,HB,FRESNO ST,1,0,0,,0,0,169,0,0,,60.1,60.0,,60.0,,0,0,0,0,,,0,0,0,0.0,0,0,0,0,0,0,1,0,0,0,0,0,0,1,0,1,0,0,0,0,0,0,0,0,0,
L'Jarius Sneed,40588,S,LA TECH,13,13,0,47.8,0,0,208,0,0,74.3,78.2,59.0,55.8,86.1,88.8,0,2,1,3,38,6.7,5,2,6,45.2,22,0,0,138,9,482,858,7,0,0,7,0,354,851,7,369,348,16,57,3,46,2,1,256,142,11.6
Ja'cione Fugate,40621,S,CHARLOTTE,13,14,1,72.4,0,0,136,0,0,54.9,60.7,86.0,63.3,66.4,67.7,0,2,0,1,57,13.9,11,2,1,129.2,21,1,0,434,7,343,790,5,0,0,5,0,204,785,17,430,140,20,54,4,29,3,4,289,216,13.8
Justin Rice,40640,LB,FRESNO ST,12,19,3,71.7,0,4,169,1,1,47.5,57.4,65.5,91.0,53.8,63.1,5,8,0,2,50,14.5,18,3,1,73.2,38,3,1,778,1,443,911,61,1,0,60,0,2,850,65,403,69,45,87,5,53,16,0,345,292,9.1
Nahshon Ellerbe,40664,HB,RICE,1,0,0,,0,0,275,0,0,,60.0,60.0,,60.0,,0,0,0,0,,,0,0,0,0.0,0,0,0,0,0,0,1,0,0,0,0,0,0,1,0,1,0,0,0,0,0,0,0,0,0,
Brandon Johnson,40666,WR,TENNESSEE,1,0,0,,0,0,307,0,0,,60.0,60.0,,60.0,,0,0,0,0,,,0,0,0,0.0,0,0,0,0,0,0,1,0,0,0,0,0,0,1,0,1,0,0,0,0,0,0,0,0,0,
Aaron Hansford,40694,LB,TEXAS A&M,13,2,0,85.7,0,0,312,0,0,62.0,65.7,87.0,73.1,54.1,58.5,5,10,0,0,22,16.7,2,2,0,103.6,6,2,0,97,5,92,192,81,0,0,81,0,0,111,56,44,8,7,8,2,7,17,0,62,45,10.3
Adam Krumholz,40697,WR,WISCONSIN,4,0,0,,0,0,349,0,0,60.0,66.3,80.9,,60.0,72.3,0,0,0,0,,0.0,0,0,0,0.0,0,0,0,0,0,1,4,0,0,0,0,0,0,4,0,3,0,0,1,0,0,0,0,0,0,
Isaiah Hamilton,40708,S,NEVADA,13,2,0,25.0,1,0,239,0,0,60.2,62.8,0.0,60.0,72.5,69.7,0,0,0,0,11,14.3,1,1,1,79.2,1,0,0,50,0,80,127,11,0,0,11,0,50,116,1,46,15,2,4,0,4,0,1,11,0,11.0
Austin Conrad,40760,ED,OHIO,13,8,1,50.0,0,1,259,0,0,61.3,67.4,88.1,60.9,69.6,54.7,6,20,0,0,-8,23.7,9,0,0,56.3,1,4,0,0,0,14,497,497,0,9,470,18,0,0,253,230,0,17,21,3,2,30,0,-8,-4,-8.0
Amechie Walker,40763,CB,IOWA STATE,4,2,0,66.7,0,0,193,0,0,60.5,53.9,75.8,,33.4,29.2,0,0,0,0,38,37.5,3,0,0,149.3,2,0,0,5,52,34,58,0,0,0,0,0,0,58,0,24,0,2,3,0,3,0,1,38,15,19.0
Terelle West,40835,HB,MIDDLE TN,1,0,0,,0,0,224,0,0,,60.0,60.0,,60.0,,0,0,0,0,,,0,0,0,0.0,0,0,0,0,0,0,1,0,0,0,0,0,0,1,0,1,0,0,0,0,0,0,0,0,0,
Malik Staples,40902,LB,W KENTUCKY,11,4,0,85.7,0,0,346,0,0,67.0,62.2,82.2,65.8,53.4,87.6,1,2,0,0,23,0.0,0,0,0,101.2,6,1,0,136,0,82,173,7,0,0,7,0,0,166,10,81,28,10,13,0,7,4,0,58,35,9.7
Reggie Gilliam,40951,FB,TOLEDO,1,0,0,,0,0,316,0,0,,60.0,60.0,,60.0,,0,0,0,0,,,0,0,1,0.0,0,0,0,0,0,0,1,0,0,0,0,0,0,1,0,1,0,0,0,0,0,0,0,0,0,
D'Vone McClure,40982,LB,ARKANSAS,5,3,0,100.0,0,0,111,0,0,65.6,59.4,74.8,61.8,50.4,64.6,0,1,0,0,5,11.1,1,0,0,79.2,3,0,0,74,3,39,89,3,0,0,3,0,0,86,7,43,9,3,5,0,3,1,0,4,10,1.3
Sani Buckingham,41009,DI,UTEP,6,1,0,,0,0,330,0,0,,58.5,77.7,59.1,57.8,73.8,0,1,0,0,,0.0,0,0,0,0.0,0,0,0,1,0,0,62,61,13,35,5,8,0,1,22,40,0,2,2,0,0,1,0,0,0,
Deonte Perry,41092,CB,FRESNO ST,2,0,0,,0,0,169,0,0,,60.0,66.0,,60.0,,0,0,0,0,,,0,0,0,0.0,0,0,0,0,2,0,2,0,0,0,0,0,0,2,0,2,0,0,0,0,0,0,0,0,0,
Kyree Woods,41146,CB,S DIEGO ST,5,2,0,54.5,0,1,284,0,0,74.3,83.0,82.8,97.8,75.7,62.3,0,0,0,0,34,16.7,4,2,0,77.5,6,1,0,54,105,159,240,0,0,0,0,0,12,240,2,79,69,10,18,2,11,1,0,79,22,13.2
Dwayne Johnson Jr.,41183,S,S DIEGO ST,13,15,1,72.2,0,1,284,2,0,89.0,87.3,55.8,73.0,82.2,73.5,1,0,0,1,61,11.0,10,3,1,87.4,26,0,0,461,0,509,792,13,0,0,13,0,163,779,4,279,155,25,66,1,36,1,1,237,141,9.1
Cam Sutton,41231,TE,FRESNO ST,1,0,0,,1,0,169,0,0,,60.1,60.0,,60.0,,0,0,0,0,,,0,0,3,0.0,0,0,0,0,0,0,1,0,0,0,0,0,0,1,0,1,0,0,0,0,0,0,0,0,0,
Troy Cassidy,41284,LB,S DIEGO ST,13,8,1,80.0,1,0,284,0,0,53.0,58.8,86.6,64.4,57.6,61.1,0,18,0,0,28,17.9,7,0,1,108.1,16,1,0,253,0,158,495,193,0,0,193,0,1,302,159,178,48,19,24,1,20,19,1,119,106,7.4
Jackson Anthrop,41338,WR,PURDUE,1,0,0,,0,0,273,0,0,,60.0,60.0,,60.0,,0,0,0,0,,,0,0,0,0.0,0,0,0,0,0,0,1,0,0,0,0,0,0,1,0,1,0,0,0,0,0,0,0,0,0,
Jonathan Ifedi,41402,WR,GA STATE,1,0,0,,0,0,175,0,0,60.0,62.6,73.9,,,,0,0,0,0,,,0,0,0,0.0,0,0,0,0,0,1,1,0,0,0,0,0,0,1,0,0,0,0,0,0,0,0,0,0,0,
Kerry Starks,41485,ED,LA MONROE,11,9,0,50.0,0,2,209,0,0,58.8,66.7,1.5,79.6,60.3,47.2,6,19,0,0,6,22.9,11,0,6,56.3,1,6,0,0,0,10,495,495,0,0,464,31,0,0,240,245,0,28,28,3,2,31,0,6,10,6.0
Eric Sutton,41489,CB,SMU,3,0,0,57.1,0,0,287,0,0,63.3,62.8,77.6,,58.1,80.5,0,0,0,0,9,0.0,0,1,1,68.8,4,0,0,3,74,47,77,0,0,0,0,0,0,77,0,30,0,1,5,0,7,0,0,32,4,8.0
Jason Goosen,41500,DI,NWESTERN,1,0,0,,0,0,256,0,0,60.0,45.9,71.3,57.8,,22.1,0,0,0,0,,100.0,1,0,0,0.0,0,0,0,0,0,0,5,5,5,0,0,0,0,0,5,0,0,0,0,0,0,0,0,0,0,
Chase Jasmin,41549,HB,S DIEGO ST,1,0,0,,0,0,284,0,0,,66.7,60.0,,60.0,74.4,0,0,0,0,,0.0,0,0,0,0.0,0,0,0,0,0,0,1,0,0,0,0,0,0,1,0,1,0,1,1,0,0,0,0,0,0,
Ty-Kee McCullers,41576,DI,DOMINION,6,0,0,,0,0,263,0,0,,69.8,76.3,55.6,73.1,74.3,0,1,0,0,,20.0,1,0,0,0.0,0,0,0,0,0,0,55,55,0,55,0,0,0,0,19,36,0,4,4,0,0,1,0,0,0,
Jaquel Pierce,41589,ED,TEXAS ST,12,2,0,,0,0,314,0,0,,58.8,82.2,52.8,61.8,49.1,1,2,0,0,,23.1,3,0,0,0.0,0,1,0,0,0,0,320,320,1,32,64,223,0,0,129,191,0,6,8,0,0,4,0,0,0,
Kameron Miller,41650,S,NEW MEXICO,10,7,0,70.0,0,0,241,0,0,49.8,46.9,23.6,56.6,45.1,48.3,0,0,0,0,65,23.3,7,0,1,150.8,7,0,0,176,3,168,322,14,0,0,14,0,59,308,3,151,70,5,16,0,10,0,2,122,83,17.4
Vince Calhoun,41655,S,E MICHIGAN,13,25,0,60.6,1,3,160,0,0,58.2,70.6,86.7,68.2,81.0,79.0,2,5,0,1,80,11.5,13,2,2,110.8,20,2,0,546,6,393,880,9,0,0,9,0,153,871,29,458,165,21,75,4,33,9,3,321,159,16.1
Alohi Gilman,41662,S,NOTRE DAME,13,11,0,73.7,0,1,258,1,0,68.9,73.1,86.6,57.3,78.6,60.3,1,5,0,1,38,17.9,14,1,1,105.2,14,1,0,288,12,364,708,11,0,0,11,0,296,697,33,311,101,25,53,2,19,7,1,210,119,15.0
Ty Shelby,41752,ED,LA MONROE,12,5,0,100.0,0,0,209,1,0,51.3,79.2,72.7,85.2,70.7,70.6,1,27,0,0,24,15.8,6,0,1,118.8,1,1,0,1,0,6,562,561,51,21,444,45,0,1,269,287,0,17,27,5,1,29,0,24,25,24.0
Roy Baker,41757,CB,BUFFALO,12,1,0,57.1,0,0,126,0,0,70.9,71.3,82.6,,67.8,42.4,0,0,0,0,52,15.0,3,2,1,109.2,16,0,0,29,261,192,320,2,0,0,2,0,3,318,0,128,25,6,16,0,28,0,2,240,59,15.0
Levonta Taylor,41771,S,FLORIDA ST,11,9,0,65.2,0,0,167,0,0,63.3,65.8,2.8,67.9,75.0,67.2,2,1,0,1,51,13.3,6,2,2,104.4,15,1,0,118,33,310,526,10,0,0,10,0,159,516,17,199,206,9,30,2,23,4,2,205,118,13.7
Kekoa Nawahine,41773,S,BOISE ST,13,15,0,42.9,0,1,120,1,0,88.3,82.3,88.0,,63.6,58.9,0,1,0,3,58,15.5,11,0,0,35.0,12,0,0,208,1,400,674,0,0,0,0,0,335,674,0,274,130,7,45,1,28,1,1,167,35,13.9
Trevon Diggs,41817,CB,ALABAMA,12,9,0,43.1,2,0,103,2,1,90.3,89.2,20.1,70.2,63.7,58.1,0,1,1,3,37,13.6,6,8,4,45.3,22,0,0,26,657,417,730,7,0,0,7,0,7,723,2,311,32,9,29,0,51,1,1,309,92,14.0
Sam Hammond,41836,ED,NEVADA,13,8,1,,0,0,239,2,0,55.7,66.6,67.9,63.2,69.1,64.2,3,17,0,0,,11.4,4,0,1,0.0,0,1,0,1,0,1,513,511,1,12,143,355,0,2,272,240,0,19,23,1,0,21,0,0,0,
Billy Bob Humphreys,41875,TE,S JOSE ST,1,0,0,,0,0,285,0,0,60.0,60.0,63.1,,,,0,0,0,0,,,0,0,1,0.0,0,0,0,0,0,1,1,0,0,0,0,0,1,1,0,0,0,0,0,0,0,0,0,0,0,
Mason Husmann,41956,DI,LA MONROE,12,7,0,,0,0,209,0,0,60.0,62.6,86.1,62.4,60.4,71.6,2,5,0,0,,5.3,1,0,0,0.0,0,1,0,3,0,0,355,351,129,154,2,66,0,4,147,208,0,9,11,1,0,8,0,0,0,
Ben Davis,41960,ED,ALABAMA,8,0,1,,0,0,103,0,0,60.4,74.8,73.7,72.7,67.5,74.4,0,0,0,0,,0.0,0,0,0,0.0,0,1,0,3,0,3,13,9,0,0,9,0,0,4,4,6,0,2,1,0,0,1,0,0,0,
Dylan Tonkery,41961,LB,W VIRGINIA,12,11,0,91.7,0,0,343,1,0,66.7,59.2,88.3,57.2,54.6,33.3,1,6,0,0,46,22.4,11,0,0,108.0,11,2,0,393,0,146,469,72,0,0,72,0,1,397,87,236,3,23,27,1,12,9,0,119,110,10.8
Kenny Turnier,42019,DI,UCF,13,6,0,,0,0,323,0,0,61.7,75.3,51.3,64.3,80.3,66.8,5,17,0,0,,13.0,6,0,2,0.0,0,4,0,2,0,0,504,502,136,278,3,85,0,2,268,236,0,33,34,13,0,26,0,0,0,
Dru Mathis,42027,LB,OREGON,4,1,0,100.0,0,0,264,0,0,53.0,63.7,75.7,74.6,65.9,81.4,1,0,0,0,28,0.0,0,0,0,118.8,1,1,0,57,0,34,60,1,0,0,1,0,0,59,17,9,1,3,5,0,1,2,0,28,11,28.0
Matlin Marshall,42084,WR,GA STATE,1,0,0,,0,0,175,0,0,60.0,62.4,60.0,,,,0,0,0,0,,,0,0,0,0.0,0,0,0,0,0,1,1,0,0,0,0,0,0,1,0,0,0,0,0,0,0,0,0,0,0,
Jordan Wilson,42112,TE,UCLA,1,0,0,,0,0,324,0,0,,60.0,60.0,,60.0,,0,0,0,0,,,0,0,0,0.0,0,0,0,0,0,0,1,0,0,0,0,0,0,1,0,1,0,0,0,0,0,0,0,0,0,
Freddie Johnson,42129,CB,TEMPLE,13,2,0,63.0,0,0,306,0,0,68.2,68.0,82.6,,63.3,41.8,0,0,0,0,75,28.0,7,1,0,133.1,17,0,0,32,333,199,366,0,0,0,0,0,0,366,0,167,1,7,16,2,27,0,3,269,115,15.8
Parnell Motley,42189,CB,OKLAHOMA,14,5,0,43.4,0,4,261,1,0,78.3,80.1,19.2,64.1,88.7,69.7,0,3,0,1,62,12.5,6,7,6,74.3,23,0,0,67,643,428,725,4,0,0,4,0,2,721,6,291,8,13,37,4,53,3,3,319,156,13.9
Divine Deablo,42208,S,VA TECH,13,18,1,81.6,3,1,337,1,1,69.6,71.8,32.4,81.4,76.7,67.4,1,2,0,1,68,13.2,12,1,4,131.8,40,0,0,338,1,504,873,14,0,0,14,0,142,859,8,361,378,25,61,4,49,3,4,546,207,13.7
Nick Grant,42242,CB,VIRGINIA,14,7,0,54.0,0,0,335,0,0,59.1,60.0,57.5,49.4,67.3,66.7,0,1,1,2,61,13.1,8,8,5,91.2,47,0,0,46,869,506,924,2,0,0,2,0,1,922,9,409,5,20,46,1,87,1,4,800,310,17.0
Marquez Callaway,42295,WR,TENNESSEE,2,0,0,,1,0,307,0,0,,60.0,60.0,,60.0,,0,0,0,0,,,0,0,2,0.0,0,0,0,0,0,0,2,0,0,0,0,0,0,2,0,2,0,0,0,0,0,0,0,0,0,
Bryce Hall,42313,CB,VIRGINIA,6,1,0,50.0,0,0,335,0,0,61.5,65.5,82.9,57.5,82.3,65.0,0,0,0,0,28,13.0,3,1,3,66.3,11,1,0,25,307,199,336,1,0,0,1,0,0,335,6,131,3,11,19,2,22,1,0,119,42,10.8
Olin Cushion III,42315,S,FIU,12,15,0,52.9,0,2,166,1,0,62.0,64.9,88.2,61.7,67.8,67.6,1,0,0,1,35,16.0,12,2,1,98.9,9,0,0,104,21,330,654,21,0,0,21,0,405,633,9,315,103,10,48,1,17,1,2,155,18,17.2
Alonzo McCoy,42383,S,C MICHIGAN,12,2,0,66.7,1,1,134,0,0,67.4,65.0,0.0,45.9,74.2,71.3,0,2,0,3,23,14.3,5,2,4,46.2,14,0,0,74,1,175,312,7,0,0,7,0,62,305,10,127,168,12,28,1,21,2,0,142,47,10.1
Keyshon Camp,42384,DI,PITTSBURGH,1,0,0,,0,0,268,0,0,,88.8,73.0,88.2,61.7,70.8,4,1,0,0,,,0,0,0,0.0,0,1,0,0,0,0,19,19,0,14,1,4,0,0,16,3,0,1,0,0,0,6,0,0,0,
Jake Long,42387,S,W VIRGINIA,6,1,0,100.0,0,0,343,0,0,56.7,56.8,0.0,,67.9,66.6,0,0,0,0,25,12.5,1,0,1,118.8,5,0,0,18,10,52,74,0,0,0,0,0,20,74,0,22,26,2,6,0,5,0,0,92,13,18.4
Rob Snyder,42389,LB,VIRGINIA,4,4,0,100.0,0,0,335,0,0,66.1,70.5,79.1,56.9,75.3,66.8,2,2,0,0,10,15.4,2,0,0,95.8,2,0,0,79,0,38,89,5,0,0,5,0,0,84,18,33,5,3,7,0,2,4,0,14,15,7.0
Chris Moore,42400,S,VIRGINIA,10,10,0,70.8,0,0,335,0,0,54.4,63.5,83.9,67.2,76.5,79.9,0,1,0,0,77,8.9,4,2,0,152.8,17,1,0,164,7,190,377,2,0,0,2,0,125,375,6,181,78,12,31,1,24,2,3,374,181,22.0
Dante Cousart,42407,WR,FAU,3,0,0,,0,0,165,0,0,63.0,64.7,60.0,,60.0,,0,0,0,0,,,0,0,0,0.0,0,0,0,0,0,2,3,0,0,0,0,0,0,3,0,1,0,0,0,0,0,0,0,0,0,
Brenton Nelson,42426,CB,VIRGINIA,8,2,0,68.2,0,0,335,0,0,72.3,72.9,86.5,59.2,71.4,63.3,0,2,0,1,28,17.2,5,1,0,63.6,15,0,0,75,10,202,329,0,0,0,0,0,13,329,9,118,231,12,22,1,22,2,0,125,75,8.3
Seth Currens,42435,S,WISCONSIN,1,0,0,100.0,0,0,349,0,0,28.7,40.0,60.0,,,68.4,0,0,0,0,21,0.0,0,0,0,118.8,1,0,0,0,0,1,1,0,0,0,0,0,0,1,0,0,0,0,1,0,1,0,0,21,9,21.0
Ike Brown,42439,CB,FIU,12,1,0,55.1,0,0,166,0,0,68.4,68.1,49.3,60.0,66.4,75.5,0,0,0,0,28,10.9,5,6,7,87.4,27,0,0,22,618,351,673,14,0,0,14,0,11,659,1,321,8,9,40,2,49,0,2,303,132,11.2
Raleigh Texada,42440,CB,BAYLOR,14,3,0,68.8,1,0,118,0,0,73.1,72.9,49.9,53.9,70.2,87.3,0,0,0,0,71,3.8,2,4,2,113.2,44,0,0,29,686,431,725,4,0,0,4,0,1,721,3,291,4,8,47,2,64,0,4,506,191,11.5
Jeremy Level,42442,S,APP STATE,1,0,0,,0,0,108,0,0,67.1,66.3,71.2,59.7,60.0,78.7,0,0,0,0,,0.0,0,0,0,0.0,0,0,0,7,0,8,14,0,0,0,0,0,7,14,1,5,0,0,2,0,0,0,0,0,0,
Greg Eisworth II,42444,S,IOWA STATE,12,12,0,48.4,0,0,193,0,0,87.2,77.4,87.7,63.9,48.0,50.3,0,1,0,1,19,20.7,17,8,0,52.2,15,0,0,189,0,347,599,4,0,0,4,0,182,595,4,248,222,22,53,3,31,1,1,61,33,4.1
Myles Wolfolk,42445,S,N CAROLINA,5,5,0,69.2,0,0,245,0,0,79.3,75.2,82.4,56.1,64.0,46.9,0,0,0,3,51,24.2,8,0,0,97.9,9,0,0,100,6,155,271,1,0,0,1,0,130,270,4,112,34,6,20,1,13,0,1,163,59,18.1
JoJo Domann,42446,LB,NEBRASKA,12,2,0,65.9,0,2,238,0,0,77.1,69.7,6.9,64.1,56.3,63.2,1,3,0,0,55,15.1,8,4,4,92.5,29,2,0,19,10,261,581,162,0,0,162,0,0,419,38,282,390,24,43,8,44,6,1,295,192,10.2
Janarius Robinson,42447,ED,FLORIDA ST,13,8,0,88.9,2,2,167,1,0,38.5,68.3,3.0,68.5,81.5,57.1,3,29,0,0,23,16.1,9,0,8,103.2,8,4,0,8,6,54,753,730,0,32,643,55,0,23,365,334,9,31,39,6,9,36,0,79,58,9.9
Britto Tutt,42448,CB,ARKANSAS,2,0,0,100.0,0,0,111,0,0,44.5,47.4,73.0,,62.9,,0,0,0,0,40,,0,0,0,158.3,1,0,0,1,20,9,22,0,0,0,0,0,0,22,0,13,1,0,0,0,1,0,1,40,0,40.0
Amen Ogbongbemiga,42449,LB,OKLA STATE,13,19,0,82.5,0,0,262,1,0,59.2,59.5,82.2,66.9,55.4,64.3,10,13,0,1,30,16.2,18,0,0,112.4,33,5,0,601,2,351,767,45,0,0,45,0,0,722,81,335,118,46,74,8,40,28,3,299,230,9.1
David Woodward,42450,LB,UTAH ST,7,18,0,75.0,0,3,329,1,1,70.5,82.3,81.8,93.2,77.9,84.0,0,9,0,0,19,6.9,6,1,0,93.1,18,2,0,433,3,225,499,30,0,0,30,0,1,469,28,246,32,29,63,3,24,11,0,164,82,9.1
Isaiah Simmons,42451,S,CLEMSON,15,13,1,64.3,1,2,140,1,0,88.2,88.5,39.3,81.1,84.4,85.6,4,18,0,3,30,9.6,9,5,2,65.3,27,8,0,299,13,391,823,116,0,0,116,0,132,707,73,359,262,43,72,9,42,30,2,237,86,8.8
Clifton Lewis Jr.,42454,LB,TEXAS ST,12,8,0,88.9,0,0,314,1,0,56.9,69.0,58.0,61.1,78.1,70.0,0,4,0,0,19,13.2,5,1,1,102.8,8,1,0,160,0,100,411,196,0,0,196,0,0,215,86,225,55,17,25,4,9,5,0,78,49,9.8
Tay Gowan,42465,CB,UCF,12,3,0,40.0,0,0,323,1,0,80.1,81.0,86.7,,77.7,69.4,0,0,0,2,70,11.4,4,7,2,54.9,20,0,0,26,751,425,791,13,0,0,13,0,0,778,0,366,1,6,28,1,50,0,2,274,106,13.7
Stefan Claiborne,42466,S,W MICHIGAN,13,10,0,73.9,0,0,347,0,0,62.8,60.4,29.9,58.3,55.1,63.6,0,1,0,0,46,14.9,7,2,1,102.8,17,0,0,63,3,243,400,4,0,0,4,0,178,396,4,153,151,7,30,0,23,1,0,216,84,12.7
K'Von Wallace,42467,S,CLEMSON,15,12,1,57.4,0,0,140,0,0,89.7,83.1,27.2,66.9,68.4,83.7,4,7,1,2,35,8.2,6,8,4,63.9,27,2,0,208,8,361,716,40,0,0,40,0,63,676,53,302,396,22,55,1,47,13,1,277,143,10.3
Cameron Dantzler,42472,CB,MISS STATE,9,3,0,48.3,0,1,227,1,0,77.6,83.5,85.8,94.5,76.7,73.0,0,0,0,2,32,10.3,4,6,3,57.0,14,1,0,31,358,223,434,24,0,0,24,0,12,410,12,199,9,11,32,2,29,1,1,222,67,15.9
D.J. Ford,42473,S,N CAROLINA,12,9,0,82.4,0,0,245,1,0,75.4,73.2,88.0,64.9,66.7,56.5,1,5,0,1,30,20.0,11,2,0,96.6,14,1,0,164,17,281,550,47,0,0,47,0,136,503,27,242,186,15,35,1,17,7,1,142,83,10.1
Collin Whitaker,42474,CB,RICE,1,0,0,100.0,0,0,275,0,0,52.9,53.8,73.4,,60.8,,0,0,0,0,37,,0,0,0,118.8,1,0,0,0,18,10,18,0,0,0,0,0,0,18,0,8,0,0,0,0,1,0,0,37,33,37.0
Antoine Winfield Jr.,42475,S,MINNESOTA,13,11,0,47.6,0,2,225,0,0,89.4,88.6,90.4,86.3,68.6,74.1,1,5,1,7,39,13.5,12,1,0,43.1,10,3,0,283,3,401,783,10,0,0,10,0,399,773,20,362,85,23,66,0,21,9,1,126,20,12.6
Sean Harper,42484,S,TULANE,1,0,0,,0,0,319,0,0,61.4,61.7,68.1,,60.0,,0,0,0,0,,,0,0,0,0.0,0,0,0,1,0,3,6,0,0,0,0,0,5,6,0,3,0,0,0,0,0,0,0,0,0,
Tomon Fox,42486,ED,N CAROLINA,13,8,0,92.3,1,1,245,0,0,57.8,70.6,80.4,74.3,67.1,65.8,7,19,0,1,22,18.9,7,0,1,88.8,12,9,0,12,1,103,763,723,0,1,714,8,0,40,335,325,26,20,22,2,13,35,1,89,71,7.4
Andrew Armstrong,42487,LB,SYRACUSE,11,13,2,69.7,0,1,304,0,0,44.8,60.9,85.2,53.8,73.5,75.3,0,8,0,1,39,10.6,9,1,0,98.2,23,0,0,639,8,300,758,36,0,0,36,0,1,722,100,358,73,40,63,6,33,8,2,241,186,10.5
Tahj Herring-Wilson,42490,CB,UCONN,8,2,0,71.4,0,0,146,0,0,64.3,62.1,8.9,,54.6,60.2,0,0,0,0,26,15.0,3,2,3,117.2,15,0,0,3,276,148,280,0,0,0,0,0,0,280,0,132,0,4,15,0,21,0,2,120,49,8.0
Jay Lenard,42492,S,S JOSE ST,12,12,0,60.0,0,1,285,0,0,79.4,76.1,91.0,70.3,66.5,70.9,1,1,0,2,22,14.0,14,2,0,69.0,12,0,0,331,23,378,898,12,0,0,12,0,451,886,5,515,80,26,74,3,20,2,2,111,43,9.3
Devin Harper,42494,LB,OKLA STATE,10,9,0,87.5,0,0,262,0,0,66.0,75.2,78.4,76.2,76.7,79.9,2,1,0,0,25,10.3,3,0,0,104.7,7,3,0,138,0,81,168,9,0,0,9,0,0,159,12,75,21,13,17,1,8,6,0,73,23,10.4
Shemar Jean-Charles,42496,CB,APP STATE,14,3,0,55.2,0,1,108,0,0,79.0,76.3,86.5,65.2,57.2,70.2,0,3,0,1,53,13.0,7,9,7,89.2,37,0,0,88,736,480,861,11,0,0,11,0,10,850,8,373,16,13,44,0,67,3,4,441,134,11.9
Trae Meadows,42502,CB,W KENTUCKY,13,3,0,57.1,1,0,346,1,0,67.2,70.1,85.6,66.8,75.9,68.8,1,0,0,1,80,13.5,5,4,2,120.9,28,0,0,26,585,315,632,6,0,0,6,0,12,626,1,316,3,10,29,1,49,1,7,472,132,16.9
Cedric Boswell,42504,CB,MIAMI OH,9,1,0,100.0,0,0,221,0,0,70.8,78.8,79.6,,90.4,70.0,0,0,0,0,13,8.3,1,0,0,131.3,3,0,0,20,97,49,125,7,0,0,7,0,0,118,0,76,0,6,10,2,3,0,1,18,2,6.0
Collin Rock,42505,CB,SMU,1,0,0,,0,0,287,0,0,,60.1,60.0,,60.0,,0,0,0,0,,,0,0,0,0.0,0,0,0,0,0,0,1,0,0,0,0,0,0,1,0,1,0,0,0,0,0,0,0,0,0,
Jatairis Grant,42507,S,IOWA STATE,3,0,0,100.0,0,1,193,1,0,73.6,78.1,76.3,60.0,74.6,45.6,0,0,0,0,10,25.0,1,0,0,88.9,3,0,0,8,0,15,26,3,0,0,3,0,0,23,1,10,15,2,3,0,3,0,0,16,10,5.3
Dante Bonamico,42508,CB,W VIRGINIA,5,0,0,66.7,0,0,343,0,0,46.5,49.0,86.1,,54.7,36.5,0,0,0,0,13,27.3,3,0,0,123.6,2,0,0,8,0,22,52,4,0,0,4,0,0,48,0,30,39,2,8,0,3,0,1,19,10,9.5
Keir Thomas,42509,DI,S CAROLINA,2,1,0,,0,0,289,0,0,,57.8,74.5,62.9,55.7,75.3,0,1,0,0,,0.0,0,0,0,0.0,0,0,0,0,0,0,28,28,0,20,3,5,0,0,10,18,0,1,3,1,0,1,0,0,0,
Tyrez Lindsey,42510,S,MEMPHIS,6,1,0,,0,0,218,0,0,61.3,64.2,81.6,59.5,67.5,79.9,0,0,0,0,,0.0,0,0,0,0.0,0,0,0,26,1,37,75,17,0,0,17,0,20,58,2,36,11,0,2,0,0,0,0,0,0,
Chris Jackson,42512,CB,MARSHALL,11,2,0,50.0,1,0,214,0,0,71.8,71.5,85.6,47.0,69.1,82.1,0,1,0,1,53,4.2,1,7,8,72.7,23,0,0,35,620,362,676,3,0,0,3,0,0,673,9,305,18,5,21,0,46,1,1,340,112,14.8
Jerry McBride III,42515,S,BOWL GREEN,4,5,0,71.4,0,0,122,0,0,72.5,70.7,83.5,,64.0,59.0,0,0,0,0,14,16.7,5,1,0,81.8,5,0,0,109,8,129,271,2,0,0,2,0,107,269,0,142,45,6,20,1,7,0,0,34,20,6.8
Cam Brown,42516,LB,PENN STATE,13,23,0,82.4,0,1,266,2,0,72.0,73.3,57.2,65.8,77.3,56.6,2,13,0,0,48,18.3,15,2,1,99.3,28,2,0,259,6,263,628,82,0,0,82,0,8,546,76,289,273,30,44,4,34,17,0,266,209,9.5
Kendrec Grady,42517,LB,GA STATE,3,0,0,100.0,0,0,175,0,0,51.2,54.3,71.1,58.9,63.5,,0,0,0,0,13,,0,0,0,118.8,1,0,0,14,0,12,23,2,0,0,2,0,0,21,1,10,7,0,0,0,1,0,0,13,9,13.0
Bricen Garner,42520,S,PITTSBURGH,3,0,0,0.0,0,0,268,0,0,72.3,72.4,72.9,,65.4,81.0,0,0,0,0,,0.0,0,0,0,39.6,0,0,0,25,0,17,34,0,0,0,0,0,8,34,0,17,1,0,3,0,2,0,0,0,0,
Brandon Burton,42537,S,NEW MEXICO,9,6,0,100.0,1,0,241,1,0,52.1,58.3,80.7,,69.3,76.1,0,0,0,0,87,8.7,2,0,1,158.3,4,0,0,70,0,107,187,1,0,0,1,0,88,186,0,80,28,6,15,0,4,0,2,146,89,36.5
Jashon Waddy,42542,S,TEXAS ST,11,8,0,75.0,1,0,314,0,0,75.2,70.6,51.1,67.8,62.4,54.9,0,1,0,2,58,19.4,12,2,1,80.2,15,0,0,319,5,313,694,7,0,0,7,0,254,687,7,374,109,10,42,2,20,1,1,185,146,12.3
Daniel Thomas,42544,S,AUBURN,13,12,0,72.4,0,1,115,1,0,76.5,73.5,0.0,55.2,78.4,86.4,1,1,0,0,20,7.6,6,1,5,100.8,21,0,0,216,14,384,689,12,0,0,12,0,311,677,18,287,134,18,61,5,29,2,2,107,80,5.1
Krys Barnes,42548,LB,UCLA,11,12,2,67.5,0,1,324,0,0,67.7,68.4,53.6,55.2,71.4,64.0,0,11,0,1,69,15.9,14,4,1,112.7,27,4,0,569,1,277,644,10,0,2,7,1,2,634,106,261,62,34,62,6,40,15,3,382,292,14.1
Jeremy Griffis,42550,CB,NAVY,2,0,0,0.0,0,0,237,0,0,61.0,62.0,68.7,,60.0,,0,0,0,0,,,0,0,0,39.6,0,0,0,0,5,2,5,0,0,0,0,0,0,5,0,3,0,0,0,0,1,0,0,0,0,
James Skalski,42552,LB,CLEMSON,15,18,2,71.4,0,0,140,1,0,73.1,74.1,52.4,68.0,69.4,45.0,8,8,0,0,26,22.4,22,2,1,80.2,20,7,0,663,1,272,707,31,0,0,31,0,0,676,133,302,11,42,58,2,28,23,0,125,139,6.3
Nazeeh Johnson,42553,S,MARSHALL,13,14,0,63.0,0,0,214,0,0,68.7,73.1,90.3,51.7,79.6,90.4,0,1,0,1,35,5.4,5,4,3,81.8,29,0,0,355,1,460,855,13,0,0,13,0,175,842,14,381,311,19,74,1,46,1,1,320,143,11.0
Jordan Fox,42554,ED,STANFORD,5,6,0,60.0,1,1,300,1,1,59.4,66.1,44.8,64.6,70.2,61.1,1,4,0,0,14,20.0,4,1,1,75.4,3,1,0,22,2,38,222,173,0,0,172,1,0,49,96,88,25,7,10,2,5,6,0,28,35,9.3
Evan Foster,42556,S,SYRACUSE,12,26,0,59.3,0,0,304,2,0,74.4,68.7,56.4,57.4,62.6,76.0,1,2,0,0,30,13.2,12,4,1,81.4,16,1,0,377,4,388,753,35,0,0,35,0,238,718,31,334,98,18,53,1,27,4,1,114,49,7.1
Ryan Parker,42563,LB,ARMY,7,2,0,,0,0,114,0,0,65.4,60.8,76.4,72.7,51.8,67.1,1,1,0,0,,9.1,1,0,0,0.0,0,0,0,57,0,20,61,0,0,0,0,0,0,61,6,35,3,8,8,1,0,2,0,0,0,
Matt Mariota,42565,WR,OREGON,1,0,0,,0,0,264,0,0,,60.0,60.0,,60.0,,0,0,0,0,,,0,0,0,0.0,0,0,0,0,0,0,1,0,0,0,0,0,0,1,0,1,0,0,0,0,0,0,0,0,0,
Max Richardson,42572,LB,BOSTON COL,12,23,0,80.0,0,1,121,0,0,67.6,73.4,87.3,66.9,74.9,68.1,2,11,0,0,74,12.7,16,2,0,111.7,28,4,0,615,9,396,807,57,0,0,57,0,0,750,77,334,126,54,87,11,35,17,1,298,265,10.6
Ja'Quain Blakely,42579,DI,TENNESSEE,13,1,0,,0,0,307,0,0,60.0,69.5,80.4,59.0,76.3,48.1,0,5,0,0,,20.0,2,0,0,0.0,0,0,0,0,0,0,129,129,37,76,12,4,0,0,88,41,0,6,7,0,0,5,0,0,0,
Aaron Ramseur,42585,LB,E CAROLINA,8,8,0,60.0,0,0,156,0,0,59.6,77.1,77.8,72.1,84.2,80.3,0,2,0,0,17,6.3,2,0,0,88.8,3,2,0,169,1,79,174,2,0,1,1,0,0,172,5,90,2,19,22,4,5,4,0,44,36,14.7
Leevel Tatum III,42587,ED,FRESNO ST,12,2,0,,0,0,169,0,0,53.4,60.6,83.0,61.2,61.4,67.9,1,12,0,0,,15.4,2,0,0,0.0,0,0,0,0,0,3,237,236,4,22,127,83,0,1,150,84,0,5,9,0,0,13,0,0,0,
Juwan Ross,42588,DI,DOMINION,8,11,1,,0,0,263,0,0,59.1,66.8,12.9,61.0,74.5,76.9,1,9,0,0,,7.4,2,0,3,0.0,0,3,0,6,0,0,328,322,25,239,0,58,0,6,172,156,0,16,14,4,0,13,0,0,0,
Parker Higgins,42589,LB,HAWAII,1,0,0,,0,0,180,0,0,62.8,57.9,69.0,,59.0,,0,0,0,0,,,0,0,0,0.0,0,0,0,12,0,10,12,0,0,0,0,0,0,12,0,2,0,0,0,0,0,0,0,0,0,
Malik Barrow,42596,ED,UCF,4,0,0,,0,0,323,0,0,60.0,72.9,77.0,76.2,62.0,41.9,2,1,0,0,,33.3,1,0,0,0.0,0,0,0,0,0,0,39,39,0,0,36,3,0,0,20,19,0,1,2,1,0,3,0,0,0,
Taylor Riggins,42599,ED,BUFFALO,13,10,0,,0,1,126,3,0,63.4,87.4,87.4,90.1,74.8,75.3,7,20,0,0,,9.8,4,1,0,0.0,0,12,0,1,0,8,571,569,0,55,446,68,0,2,305,258,0,26,27,2,0,39,0,0,0,
Mikial Onu,42603,S,COLORADO,11,13,0,50.0,0,3,143,0,0,51.3,54.7,87.8,58.7,60.9,55.3,0,0,0,4,81,19.5,16,3,0,95.8,14,0,0,174,5,410,721,0,0,0,0,0,472,721,2,309,70,11,53,1,28,0,4,353,176,25.2
Tayler Hawkins,42606,S,S DIEGO ST,11,9,0,61.5,0,0,284,0,0,68.4,66.5,16.0,56.4,64.7,50.2,0,1,0,0,41,21.6,8,0,1,88.6,8,0,0,99,0,163,289,12,0,0,12,0,102,277,5,121,76,7,20,2,13,1,0,110,42,13.8
Lawrence White,42607,S,IOWA STATE,13,16,0,63.6,0,0,193,0,0,71.9,70.2,58.8,61.3,68.3,67.9,0,6,0,2,33,12.1,11,4,1,64.7,21,1,0,404,5,434,806,48,0,0,48,0,157,758,30,342,190,24,64,2,33,7,0,276,114,13.1
Therran Coleman,42611,CB,PITTSBURGH,5,0,0,33.3,0,0,268,0,0,69.6,69.8,77.3,,63.3,73.5,0,0,0,0,37,0.0,0,1,0,81.3,1,0,0,4,26,40,62,0,0,0,0,0,2,62,0,22,30,0,1,0,3,0,0,37,3,37.0
Caesar Williams,42613,CB,WISCONSIN,14,5,0,55.9,1,1,349,0,0,61.9,66.1,85.8,58.5,84.2,86.3,0,0,0,1,50,4.7,2,7,4,80.5,33,0,0,34,474,363,600,6,0,0,6,0,4,594,2,235,82,10,36,5,59,0,1,470,125,14.2
Isaiah Gilchrist,42614,CB,WASHINGTON,1,0,0,,0,0,340,0,0,62.7,63.4,73.2,,60.2,,0,0,0,0,,,0,0,0,0.0,0,0,0,0,0,3,9,0,0,0,0,0,4,9,0,6,5,0,0,0,0,0,0,0,0,
McArthur Burnett,42617,CB,USF,2,0,0,,0,0,327,0,0,62.7,64.1,71.4,,62.2,,0,0,0,0,,,0,0,0,0.0,0,0,0,2,12,4,14,0,0,0,0,0,0,14,0,10,0,0,0,0,0,0,0,0,0,
Brandon Moore,42620,CB,UCF,1,1,0,20.0,0,0,323,0,0,61.2,61.8,76.6,,62.1,76.2,0,0,0,0,9,0.0,0,1,0,39.6,1,0,0,1,41,28,43,1,0,0,1,0,0,42,0,15,0,0,1,0,5,0,0,9,8,9.0
Justin Brown,42621,CB,MIDDLE TN,5,0,0,58.3,0,0,224,0,0,48.5,51.2,80.1,,62.6,47.5,0,0,0,0,29,28.6,2,2,1,137.2,7,0,0,15,141,80,167,0,0,0,0,0,0,167,0,87,11,1,5,0,12,0,2,135,19,19.3
Leighton McCarthy,42626,ED,FAU,14,5,0,66.7,0,0,165,0,0,64.7,67.8,88.8,58.6,72.9,79.8,4,8,0,0,6,9.7,3,0,0,71.5,2,7,0,62,0,47,490,427,0,1,415,11,0,63,253,190,0,21,23,6,3,19,0,10,2,5.0
Chacho Ulloa,42629,S,ARIZONA,1,1,0,100.0,0,0,109,0,0,62.2,66.0,75.2,,72.3,81.7,0,0,0,0,15,0.0,0,0,0,118.8,1,0,0,4,0,23,33,0,0,0,0,0,18,33,0,10,11,1,3,1,1,0,0,15,15,15.0
Tyler Coyle,42631,S,UCONN,11,17,0,57.6,0,2,146,0,0,81.0,77.9,45.1,49.2,75.0,71.6,0,2,1,1,43,14.0,13,10,1,103.5,19,0,0,338,16,300,606,2,0,0,2,0,171,604,9,297,78,23,63,4,33,2,3,283,139,14.9
Shaun Bradley,42632,LB,TEMPLE,13,18,1,71.9,0,1,306,1,0,63.6,69.2,11.6,62.7,74.8,74.5,6,9,0,0,37,11.6,13,2,3,108.2,23,1,0,744,1,417,842,3,0,0,3,0,3,839,66,359,90,53,81,6,32,16,1,275,153,12.0
Calvin Swenson,42636,S,MINNESOTA,3,0,0,,0,0,225,0,0,66.0,58.8,75.6,,45.3,28.4,0,0,0,0,,50.0,1,0,0,0.0,0,0,0,10,0,20,32,0,0,0,0,0,18,32,0,12,4,1,1,0,0,0,0,0,0,
Brandon Bouyer-Randle,42637,LB,MICH STATE,4,2,0,100.0,0,0,223,0,0,37.4,51.0,79.4,58.7,67.4,80.0,1,0,0,0,43,0.0,0,0,0,158.3,4,0,0,21,0,14,49,24,0,0,24,0,0,25,20,15,4,1,3,0,4,1,1,66,48,16.5
Devon Clarke,42640,S,SYRACUSE,4,1,0,,0,0,304,0,0,65.7,58.8,76.5,,46.7,74.8,0,0,0,0,,0.0,0,0,0,0.0,0,0,0,7,0,16,41,0,0,0,0,0,19,41,0,25,15,0,0,0,0,0,0,0,0,
Joe Headen,42645,S,DOMINION,12,6,0,80.0,0,0,263,0,0,63.8,64.2,83.7,60.0,63.2,56.4,0,0,0,0,57,18.4,7,1,1,152.4,12,0,0,139,0,158,325,3,0,0,3,0,48,322,1,166,134,10,25,0,15,0,2,166,100,13.8
Broderick Harrell,42650,LB,UTEP,1,0,0,,0,0,330,0,0,,60.0,64.2,,60.0,,0,0,0,0,,,0,0,0,0.0,0,0,0,1,0,0,1,0,0,0,0,0,0,1,0,1,0,0,0,0,0,0,0,0,0,
John Broussard,42651,S,MEMPHIS,5,0,0,33.3,0,0,218,0,0,66.5,61.1,79.1,52.2,45.9,65.7,0,1,0,0,36,33.3,2,0,0,59.0,2,0,0,18,16,59,91,0,0,0,0,0,27,91,2,30,30,3,4,0,6,1,0,42,15,21.0
Lawson Hall,42652,LB,NEVADA,13,19,0,56.3,0,0,239,0,0,80.4,78.2,49.5,68.6,69.6,75.7,1,6,0,2,19,9.1,6,1,1,57.0,9,2,0,559,0,252,566,4,0,0,4,0,0,562,27,287,3,21,41,1,16,9,1,103,58,11.4
Clifford Chattman,42657,CB,TEXAS A&M,7,7,1,46.4,0,0,312,0,0,58.6,61.3,85.3,81.8,59.0,43.0,1,2,0,1,31,25.0,6,3,1,57.1,13,0,0,18,6,101,229,14,0,0,14,0,0,215,8,120,191,5,11,0,28,3,1,130,113,10.0
Justin Strnad,42659,LB,WAKE,7,15,0,87.0,0,0,339,0,0,80.5,74.7,41.8,54.3,70.6,55.6,0,1,0,1,55,16.9,12,3,1,123.3,20,2,0,348,0,201,427,29,0,0,29,0,5,398,29,197,44,29,44,6,23,3,3,194,171,9.7
Tavante Beckett,42663,LB,MARSHALL,13,30,2,78.8,1,2,214,2,0,64.4,71.9,62.6,66.7,73.9,42.3,7,9,0,1,47,20.3,30,2,2,111.5,26,2,0,744,1,388,865,39,0,0,39,0,5,826,88,389,76,56,88,7,33,18,2,295,146,11.3
Stanley Green,42664,S,ILLINOIS,10,21,0,40.0,0,3,187,4,0,76.7,81.6,42.6,,83.9,71.5,0,0,0,1,18,13.3,12,1,1,59.6,2,0,0,192,3,238,575,1,0,0,1,0,327,574,0,337,52,20,57,2,5,0,1,29,3,14.5
Jake Ellington,42666,ED,ARMY,13,4,0,100.0,0,0,114,0,0,38.0,63.9,79.5,55.8,71.7,45.9,0,1,0,0,14,17.6,3,0,0,118.8,1,1,0,0,0,3,137,137,0,13,28,96,0,0,53,81,0,8,10,0,1,2,0,14,0,14.0
Dominique Ross,42667,LB,N CAROLINA,12,14,0,80.5,0,1,245,0,0,64.4,68.5,66.2,71.6,69.9,73.3,0,10,0,1,20,14.3,9,3,1,97.8,33,2,0,162,3,299,679,185,0,0,185,0,0,494,82,298,328,20,40,3,41,12,2,246,155,7.5
Mike Hampton,42669,CB,USF,12,5,0,61.4,0,0,327,0,0,60.6,59.0,56.3,59.0,53.3,67.2,0,0,0,0,39,13.8,8,3,4,97.3,35,0,0,56,730,362,829,10,0,0,10,0,0,819,2,465,33,17,45,2,57,0,2,443,173,12.7
Mike Palmer,42674,S,BOSTON COL,11,13,0,84.0,0,0,121,0,0,49.9,55.7,91.3,56.4,66.5,64.6,0,1,0,2,77,17.7,17,1,1,112.1,21,0,0,132,2,342,663,7,0,0,7,0,345,656,11,310,177,21,66,2,25,1,2,352,152,16.8
Jalen Walker,42675,CB,BOISE ST,14,7,0,48.7,0,0,120,0,0,83.2,79.3,0.0,43.3,71.3,62.9,0,0,1,1,46,14.3,8,10,6,68.5,38,0,0,80,643,425,743,8,0,0,8,0,11,735,7,311,1,10,41,2,78,0,2,423,106,11.1
Malik Antoine,42676,S,STANFORD,9,3,0,77.3,0,0,300,0,0,68.9,70.2,87.1,63.7,70.9,82.5,0,1,0,0,43,6.5,2,5,0,143.8,17,0,0,122,0,323,549,6,0,0,6,0,264,543,4,222,157,2,26,0,22,1,3,199,89,11.7
Isaiah Graham-Mobley,42679,LB,TEMPLE,8,7,0,70.0,0,1,306,1,0,65.2,69.9,81.3,59.9,71.6,65.3,1,6,0,0,20,13.0,6,0,0,94.6,7,0,0,219,0,114,265,3,0,0,2,1,0,262,21,130,42,20,33,5,10,7,0,82,32,11.7
Jordan Woods,42686,DI,FIU,13,2,0,,2,0,166,0,0,63.9,48.3,0.0,55.2,51.7,43.9,0,3,0,0,,25.0,2,0,5,0.0,0,0,0,1,0,0,324,323,173,147,0,3,0,1,162,162,0,4,4,0,0,3,0,0,0,
Tyreek Maddox-Williams,42694,LB,RUTGERS,12,7,0,74.1,0,0,278,0,0,59.6,56.1,58.8,52.2,54.6,73.0,0,5,0,0,24,9.3,4,2,1,107.5,20,1,0,170,3,205,510,173,0,0,173,0,0,337,66,239,164,16,32,5,27,6,1,203,140,10.2
Demetrius Cain,42697,LB,W KENTUCKY,9,0,0,100.0,0,0,346,0,0,51.5,37.4,78.9,52.3,32.2,77.1,0,0,0,0,30,0.0,0,0,0,118.8,2,0,0,26,0,17,47,20,0,0,20,0,0,27,12,18,0,2,3,0,2,0,0,53,57,26.5
Gerrit Choate,42702,LB,SMU,8,2,0,100.0,0,0,287,0,0,58.8,61.7,79.3,62.9,61.3,57.5,0,0,0,0,5,25.0,1,0,0,127.1,1,0,0,31,0,21,62,26,0,0,26,0,0,36,17,24,4,0,1,0,1,0,1,5,1,5.0
Shaq Smith,42707,ED,MARYLAND,11,5,2,66.7,1,0,215,0,0,60.2,63.3,56.3,58.7,67.2,80.8,7,9,0,0,18,4.3,1,1,2,88.2,2,1,0,7,0,28,536,526,0,4,512,10,0,10,237,271,2,14,17,3,3,17,0,22,19,11.0
Jeremy Darvin,42713,DI,W KENTUCKY,10,2,0,,0,0,346,0,0,63.1,73.1,30.4,78.3,67.2,62.0,6,4,0,1,,12.5,2,0,2,0.0,0,3,0,2,0,0,305,303,63,225,2,13,0,2,143,162,0,11,12,1,0,13,0,0,0,
Ryan Bowman,42714,ED,WASHINGTON,13,8,1,,1,2,340,0,0,44.6,72.6,25.5,72.4,76.7,46.0,0,23,0,1,,27.5,11,0,4,0.0,0,6,0,1,0,16,554,553,0,73,379,101,0,1,296,242,0,23,21,5,0,29,0,0,0,
Chauncey Golston,42718,ED,IOWA,13,11,5,,0,0,192,0,0,60.1,75.1,74.7,64.9,81.4,61.4,6,20,0,1,,15.5,9,0,1,0.0,0,2,0,14,0,9,755,741,0,111,480,150,0,14,453,293,0,27,38,9,0,28,0,0,0,
Collin Miller,42725,LB,NEBRASKA,12,9,2,82.1,0,2,238,0,0,63.3,67.4,83.5,72.0,65.3,71.0,2,3,0,0,25,12.1,8,0,0,95.1,23,2,0,407,2,213,505,21,0,0,21,0,0,484,44,248,75,21,49,4,28,7,0,191,154,8.3
Zach Hannibal,42732,CB,LA TECH,9,1,0,38.5,0,0,208,0,0,61.8,66.1,79.3,77.1,74.7,64.3,1,1,0,0,23,12.5,1,3,0,50.5,5,0,0,20,85,77,123,1,0,0,1,0,1,122,4,42,16,1,6,1,13,2,0,51,12,10.2
Myles Hudzick,42742,CB,DUKE,1,0,0,,0,0,154,0,0,,60.1,60.0,,60.0,,0,0,0,0,,,0,0,0,0.0,0,0,0,0,0,0,1,0,0,0,0,0,0,1,0,1,0,0,0,0,0,0,0,0,0,
Spencer Eason-Riddle,42747,LB,S CAROLINA,1,3,0,100.0,0,0,289,0,0,46.1,56.5,70.0,59.5,76.0,79.7,0,0,0,0,20,0.0,0,0,0,101.7,5,0,0,21,0,15,23,1,0,0,1,0,1,22,1,7,0,1,2,0,5,0,0,42,31,8.4
Osa Odighizuwa,42754,DI,UCLA,12,8,2,,2,0,324,0,0,58.9,80.8,41.8,79.1,80.6,63.9,3,21,0,0,,11.9,5,0,3,0.0,0,5,0,2,0,7,631,629,53,412,46,118,0,2,358,266,0,29,29,7,0,29,0,0,0,
Cameron Murray,42756,DI,OKLA STATE,13,6,3,,0,0,262,0,0,59.1,65.5,86.5,63.8,64.0,61.2,5,15,0,0,,13.0,3,0,0,0.0,0,2,0,2,0,3,629,626,170,227,71,158,0,3,345,281,0,15,14,2,0,22,0,0,0,
Carlos Becker III,42759,S,FLORIDA ST,9,6,0,66.7,0,1,167,0,0,54.4,62.0,0.0,81.6,73.1,81.2,0,0,0,0,34,5.6,1,0,3,137.5,4,2,0,49,2,87,151,11,0,0,11,0,58,140,11,53,31,4,11,0,6,2,2,58,22,14.5
Greg Ross,42760,CB,N CAROLINA,10,5,0,51.3,1,0,245,0,0,60.3,61.2,84.3,52.2,65.0,50.9,0,0,0,0,74,20.7,6,5,3,106.8,20,0,0,29,444,259,479,2,0,0,2,0,0,477,4,216,4,4,18,2,39,0,3,340,105,17.0
Nick Heninger,42766,ED,UTAH ST,13,4,1,80.0,0,1,329,2,0,58.3,67.6,86.1,68.5,64.9,29.2,5,11,0,0,12,27.8,10,1,0,85.0,4,6,0,13,2,27,370,346,3,18,272,53,0,24,155,188,9,22,22,5,5,22,0,22,18,5.5
Elijah Diarrassouba,42767,DI,APP STATE,13,3,0,,0,0,108,1,0,58.9,64.7,82.7,59.5,66.5,73.4,1,3,0,0,,6.3,1,0,0,0.0,0,2,0,1,0,2,384,383,0,102,27,254,0,1,182,200,0,10,12,2,0,6,0,0,0,
Lorenzo Dantzler,42768,ED,UTSA,12,4,1,100.0,0,0,331,0,0,60.8,70.9,38.5,70.2,70.7,79.1,3,18,0,0,20,5.3,1,0,2,118.8,3,6,0,0,0,8,344,344,0,22,306,16,0,0,174,162,0,15,14,2,3,27,0,40,21,13.3
Kailien Guillory,42769,ED,W MICHIGAN,13,2,0,100.0,0,0,347,0,0,78.0,65.4,84.1,60.5,62.0,52.3,1,4,0,0,0,27.3,3,0,0,79.2,1,1,0,3,0,5,218,215,52,3,153,7,0,3,136,77,0,4,6,0,1,6,0,0,3,0.0
DeMarcus Lloyd,42778,LB,AKRON,5,3,0,,0,0,102,0,0,62.3,68.7,71.8,59.8,68.0,82.3,0,0,0,0,,0.0,0,0,0,0.0,0,0,0,27,0,2,28,0,0,0,0,0,0,28,1,25,0,3,5,1,0,0,0,0,0,
Markell Utsey,42779,DI,MISSOURI,12,4,0,,0,1,229,0,0,,62.8,0.0,55.0,73.1,66.1,1,7,0,0,,15.4,2,0,3,0.0,0,0,0,0,0,0,238,238,81,89,1,67,0,0,119,119,0,7,7,1,0,8,0,0,0,
Aymiel Fleming,42780,DI,HOUSTON,12,5,0,,0,0,182,0,0,57.9,61.7,69.0,52.8,68.0,58.5,0,4,0,0,,9.5,2,0,2,0.0,0,0,0,0,0,1,503,503,169,329,4,1,0,0,274,228,0,10,14,1,0,4,0,0,0,
Bryson Young,42790,ED,OREGON,13,15,0,100.0,0,0,264,1,0,58.3,64.6,90.1,58.1,69.6,64.3,1,14,0,1,33,14.1,9,0,0,118.8,8,3,0,79,7,107,534,429,0,0,428,1,0,105,206,221,19,26,40,4,8,18,1,106,100,13.3
Jay Woods,42791,CB,S ALABAMA,2,0,0,100.0,0,0,288,0,0,48.4,39.3,73.7,,50.8,73.5,0,0,0,0,41,0.0,0,0,0,118.8,1,0,0,1,10,5,12,0,0,0,0,0,0,12,0,7,0,0,1,0,1,0,0,41,3,41.0
Donavan Lynch,42795,ED,ARMY,9,2,0,50.0,1,1,114,0,0,37.8,64.1,45.0,65.0,76.3,70.3,1,4,0,0,7,14.3,3,0,1,56.3,2,2,0,38,3,31,230,165,0,0,165,0,0,65,46,153,23,10,16,3,4,7,0,12,0,6.0
Ajani Kerr,42797,CB,GA TECH,5,3,0,72.7,0,0,176,0,0,52.0,63.3,85.4,56.5,80.6,79.0,0,0,0,0,21,0.0,0,0,0,95.3,8,0,0,20,73,60,212,33,0,0,33,0,1,179,5,147,85,10,18,0,11,0,0,86,46,10.8
Shaka Toney,42806,ED,PENN STATE,13,9,0,100.0,2,0,266,1,0,76.1,81.3,44.4,79.9,75.0,74.5,2,33,0,0,5,12.5,4,1,3,87.5,1,8,0,4,0,20,606,598,0,7,576,15,0,8,340,246,3,23,19,1,1,43,0,5,0,5.0
Anthony Watts,42807,DI,PURDUE,11,10,0,,0,0,273,0,0,75.9,67.8,86.4,62.6,65.9,72.9,1,14,0,0,,5.7,2,0,0,0.0,0,2,0,1,0,0,583,582,159,392,8,23,0,1,289,294,0,18,23,6,0,17,0,0,0,
Marcus Strong,42814,CB,WASH STATE,13,8,0,65.1,0,0,341,0,0,70.8,69.3,57.6,62.9,63.0,48.5,0,1,0,2,86,18.4,14,4,6,113.9,41,1,0,112,694,447,863,20,0,0,20,0,4,843,9,407,33,16,54,2,63,2,5,670,350,16.3
Keeath Magee II,42816,LB,TEXAS A&M,1,0,0,100.0,0,0,312,0,0,35.6,30.1,71.7,,60.0,31.8,0,0,0,0,8,33.3,1,0,0,93.1,3,0,0,11,0,9,11,0,0,0,0,0,0,11,0,2,0,0,2,0,3,0,0,19,14,6.3
Mike Maskalunas,42820,LB,WISCONSIN,6,1,0,60.0,0,0,349,1,0,75.9,81.5,81.2,59.8,83.1,69.1,0,0,0,0,12,6.3,1,2,0,67.9,3,0,0,101,1,65,112,1,0,0,1,0,0,111,8,39,5,11,14,0,5,0,0,19,13,6.3
Chandon Hickerson,42822,ED,E CAROLINA,3,0,0,,0,0,156,0,0,62.8,80.2,80.1,55.0,90.1,80.3,0,3,0,0,,16.7,2,0,0,0.0,0,0,0,0,0,0,75,75,0,0,75,0,0,0,39,36,0,10,10,1,0,3,0,0,0,
Jordan Fehr,42823,LB,APP STATE,14,25,1,74.2,0,0,108,1,0,63.7,65.0,61.1,69.2,63.0,68.2,2,13,0,1,19,12.8,16,2,1,80.3,23,2,0,820,1,431,892,14,0,0,14,0,4,878,82,379,53,45,84,5,31,17,0,222,90,9.7
Kendall Coleman,42826,ED,SYRACUSE,12,12,2,50.0,0,0,304,0,0,53.2,74.0,74.9,76.6,69.8,54.4,18,15,0,0,10,18.0,9,0,1,61.5,2,6,0,9,0,11,598,587,0,0,587,0,1,11,316,271,0,27,29,6,4,39,0,17,5,8.5
Tommy Dawkins Jr.,42832,ED,APP STATE,13,3,0,,0,0,108,0,0,60.0,65.9,81.9,61.0,66.3,58.5,0,3,0,0,,18.8,3,0,0,0.0,0,3,0,0,0,0,204,204,0,5,94,105,0,0,94,110,0,12,10,2,0,6,0,0,0,
Chase Lucas,42833,CB,ARIZONA ST,13,0,0,70.0,0,1,110,1,0,60.3,61.6,86.0,58.2,65.9,58.6,0,1,0,1,45,16.4,10,4,0,91.8,49,0,0,41,663,416,715,10,0,0,10,0,0,705,5,294,1,20,51,4,70,1,1,548,196,11.2
Willie Baker,42835,ED,LA TECH,11,7,0,93.8,0,0,208,0,0,52.8,65.4,57.5,65.5,70.2,45.9,7,25,0,0,19,20.3,12,0,2,113.3,15,1,0,57,3,100,633,534,0,4,516,14,0,99,255,278,38,28,40,8,16,33,1,99,60,6.6
Paul Carothers,42836,LB,NAVY,12,10,0,66.7,0,0,237,0,0,44.1,56.6,35.4,63.9,63.8,68.3,5,6,0,0,24,16.7,10,0,1,135.0,6,4,0,313,0,101,356,29,0,0,29,0,0,327,51,204,14,31,40,4,9,15,1,87,23,14.5
Terrell Lewis,42845,ED,ALABAMA,11,5,2,66.7,0,0,103,1,0,62.0,79.7,69.9,85.9,68.4,37.3,7,35,0,0,15,27.8,10,0,2,93.8,2,6,0,21,0,41,482,453,1,2,439,11,0,29,258,183,7,20,21,5,3,48,0,26,8,13.0
Jordan Parker,42850,CB,OKLAHOMA,5,0,0,100.0,0,0,261,0,0,60.7,62.3,77.7,,66.9,57.8,0,0,0,0,27,16.7,1,0,0,158.3,5,0,0,8,79,48,87,0,0,0,0,0,0,87,0,39,0,1,5,0,5,0,2,65,11,13.0
Javon Jackson,42856,S,DUKE,3,0,0,,0,0,154,0,0,,30.4,70.6,,26.5,19.9,0,0,0,0,,100.0,2,0,0,0.0,0,0,0,4,0,0,13,0,0,0,0,0,7,13,0,13,1,0,0,0,0,0,0,0,0,
Leni Toailoa,42858,LB,UCLA,11,8,0,76.5,0,0,324,0,0,40.9,53.1,88.7,55.0,66.9,55.3,0,4,0,0,28,20.0,7,1,0,104.8,13,2,0,221,3,157,385,110,0,0,110,0,0,275,69,159,51,12,20,4,17,6,0,159,67,12.2
Xavier Kelly,42863,DI,CLEMSON,10,3,0,,0,0,140,1,0,60.0,51.1,78.7,70.4,39.7,76.3,3,3,0,0,,0.0,0,0,0,0.0,0,1,0,0,0,0,85,85,25,47,1,12,0,0,37,48,0,1,2,0,0,7,0,0,0,
Justus Rogers,42865,LB,WASH STATE,13,19,0,80.0,0,1,341,0,0,55.9,47.8,65.0,64.3,40.6,60.2,3,6,0,0,27,17.6,16,1,3,106.3,24,2,0,639,0,344,804,105,0,0,105,0,9,699,71,389,51,29,56,3,30,11,1,205,169,8.5
Omari Cobb,42867,LB,MARSHALL,13,20,0,79.4,1,1,214,0,0,76.0,71.0,61.1,60.7,66.4,76.1,5,6,0,1,23,9.2,10,1,1,103.4,27,3,0,773,0,393,869,13,0,0,13,0,3,856,84,392,80,46,79,4,34,14,2,240,192,8.9
Curtis Robinson,42871,LB,STANFORD,11,18,0,65.9,0,1,300,0,0,54.5,53.3,86.9,85.5,42.9,55.1,2,5,0,0,24,15.3,11,2,0,92.0,29,2,0,550,4,356,671,51,0,0,51,0,1,620,41,274,65,11,43,1,44,9,1,289,185,10.0
Parrish Gordon,42872,CB,DOMINION,1,0,0,,0,0,263,0,0,,60.0,60.0,,60.0,,0,0,0,0,,,0,0,0,0.0,0,0,0,0,0,0,1,0,0,0,0,0,0,1,0,1,0,0,0,0,0,0,0,0,0,
Avery Williams,42873,CB,BOISE ST,14,2,0,61.4,0,1,120,0,0,62.3,61.8,86.7,45.7,58.5,50.1,0,1,0,0,75,19.3,11,5,6,126.4,35,0,0,29,753,461,790,5,0,0,5,0,2,785,4,325,1,13,44,3,57,1,5,601,196,17.2
Jovonn Quillen,42874,CB,VA TECH,7,4,0,72.7,0,0,337,0,0,52.1,55.5,79.5,,75.0,68.9,0,0,0,0,33,10.0,1,0,1,145.1,8,0,0,7,109,81,123,1,0,0,1,0,2,122,0,42,4,0,5,0,11,0,1,150,35,18.8
Charles Oliver,42876,CB,TEXAS A&M,11,4,0,48.1,0,0,312,1,0,74.3,73.1,4.9,55.7,72.9,88.3,0,0,0,0,31,3.2,1,8,3,68.0,25,0,0,27,57,297,510,4,0,0,4,0,0,506,4,209,422,9,26,1,52,0,1,243,104,9.7
D.C. Williams,42880,CB,VANDERBILT,7,2,0,66.7,0,0,333,0,0,47.1,51.0,82.2,56.1,70.2,79.1,0,0,0,0,25,7.1,1,0,1,132.2,12,0,0,8,179,109,213,7,0,0,7,0,1,206,2,102,18,2,11,0,18,0,3,151,44,12.6
Logan Latin,42882,CB,LA MONROE,11,2,0,83.3,0,0,209,0,0,60.1,57.0,83.3,55.3,51.0,43.4,1,4,0,0,26,27.3,3,1,1,98.6,10,0,0,50,9,93,210,24,0,0,24,0,1,186,23,94,123,0,6,0,12,5,0,92,80,9.2
Troy Pride Jr.,42883,CB,NOTRE DAME,13,7,0,54.2,0,0,258,0,0,67.7,68.5,86.4,58.3,68.9,67.7,0,0,0,1,50,14.0,6,6,4,86.6,32,0,0,43,625,388,724,13,0,0,13,0,24,711,1,335,19,8,30,0,59,0,4,337,101,10.5
Jarrion Street,42887,CB,UAB,1,2,0,100.0,0,0,321,0,0,55.3,54.7,77.8,74.1,45.4,67.9,0,0,0,0,16,12.5,1,0,1,106.3,4,1,0,1,0,27,45,0,0,0,0,0,0,45,2,16,44,1,5,0,4,1,0,38,10,9.5
Grant Morgan,42888,LB,ARKANSAS,12,7,0,50.0,0,0,111,0,0,47.8,65.7,79.4,65.0,74.8,52.4,0,3,0,0,16,18.2,6,0,0,68.2,4,1,0,148,0,52,167,11,0,0,11,0,0,156,15,100,8,12,20,3,8,4,0,47,30,11.8
Kristian Fulton,42894,CB,LSU,15,7,0,44.1,0,0,211,0,0,86.9,84.7,87.6,45.2,64.5,68.1,0,0,0,1,55,13.3,6,13,6,74.9,30,0,0,40,798,536,892,0,0,0,0,0,11,892,10,346,42,5,32,0,68,0,3,449,144,15.0
Jahad Woods,42896,LB,WASH STATE,13,41,0,71.9,0,2,341,0,0,46.1,61.8,85.9,72.0,67.3,69.3,4,10,0,1,94,11.6,19,2,0,107.6,41,3,0,761,1,379,837,17,0,0,17,0,2,820,56,402,56,56,104,9,57,17,3,484,329,11.8
Kylan Stribling,42902,S,MIDDLE TN,10,12,0,73.7,0,0,224,0,0,75.6,72.6,85.7,53.8,66.0,68.0,0,1,1,1,28,16.7,9,2,1,88.9,14,0,0,90,1,139,302,18,0,0,18,0,82,284,8,155,110,16,33,1,19,1,1,136,70,9.7
Lorenzo Burns,42903,CB,ARIZONA,12,6,0,64.1,0,0,109,0,0,77.2,75.2,86.3,59.7,61.5,78.2,0,0,0,4,66,8.9,5,6,3,74.7,41,0,0,54,649,398,738,16,0,0,16,0,3,722,1,339,15,9,45,1,64,0,2,536,244,13.1
Daylon Johnson,42904,S,NEVADA,5,0,0,60.0,0,0,239,0,0,52.4,54.3,79.6,,60.0,82.6,0,0,0,0,30,0.0,0,0,0,141.7,3,0,0,15,0,49,82,0,0,0,0,0,45,82,0,33,22,0,5,0,5,0,1,60,26,20.0
Noah Spears,42906,ED,SMU,1,0,0,,0,0,287,0,0,,60.5,68.1,,60.0,,0,0,0,0,,,0,0,0,0.0,0,0,0,0,0,0,2,2,0,0,2,0,0,0,0,2,0,0,0,0,0,0,0,0,0,
Joshua Bailey,42907,DI,IOWA STATE,7,0,0,,0,0,193,0,0,,55.0,75.1,58.1,55.2,,0,0,0,0,,,0,0,0,0.0,0,0,0,0,0,0,17,16,13,3,0,0,0,1,6,11,0,0,0,0,0,0,0,0,0,
Rachuan Mitchell,42909,CB,SO MISS,12,2,0,53.7,0,0,296,0,0,67.7,68.3,86.1,60.0,67.5,77.8,2,2,0,2,35,7.1,2,9,3,83.0,29,0,0,35,651,401,712,23,0,0,23,0,0,689,19,292,2,4,24,1,54,4,3,429,123,14.8
Deon Edwards,42912,ED,ARKANSAS,3,0,0,0.0,0,0,111,0,0,42.9,53.3,77.3,60.0,62.7,77.4,0,0,0,0,,0.0,0,0,0,39.6,0,0,0,9,0,4,33,18,0,0,18,0,0,15,1,28,6,3,3,2,1,0,0,0,0,
Dicaprio Bootle,42913,CB,NEBRASKA,12,15,0,56.8,1,1,238,0,0,69.2,68.8,87.0,59.2,64.3,56.3,1,1,0,0,26,20.0,9,5,2,113.4,25,0,0,103,560,406,811,8,0,0,8,0,83,803,6,399,57,4,21,0,44,2,7,257,94,10.3
Jahsen Wint,42914,LB,OHIO STATE,7,2,0,66.7,0,0,260,0,0,55.6,60.6,0.0,71.3,70.0,83.2,0,0,0,0,41,0.0,0,0,1,109.7,2,1,0,40,0,32,73,8,0,0,8,0,1,65,0,41,22,2,3,0,3,1,0,67,27,33.5
Javonte Lain,42916,DI,GA STATE,10,1,0,,0,0,175,0,0,,60.6,24.2,63.3,60.5,26.3,1,4,0,0,,40.0,2,0,1,0.0,0,0,0,0,0,0,128,127,0,15,23,89,0,1,69,59,0,1,2,0,0,5,0,0,0,
Kobe Burse,42924,LB,MIAMI OH,13,15,0,84.6,0,1,221,0,0,72.1,73.8,81.3,46.4,77.0,67.9,0,3,0,0,15,13.0,6,0,0,89.7,11,0,0,201,0,125,271,27,0,0,27,0,0,244,13,133,42,13,25,2,13,3,0,72,40,6.5
Travon Fuller,42926,CB,TEXAS A&M,7,0,0,66.7,1,0,312,0,0,56.8,57.4,74.7,,60.3,79.5,0,0,0,0,27,0.0,0,0,1,149.3,2,0,0,2,35,24,39,0,0,0,0,0,1,39,0,15,0,3,4,2,3,0,1,42,1,21.0
P.J. Hall,42928,S,TULANE,13,7,0,52.5,0,1,319,0,0,71.0,75.3,21.8,61.5,88.1,90.6,0,1,1,2,55,6.0,4,5,4,85.8,32,0,0,126,42,378,721,9,0,0,9,0,233,712,6,337,308,20,56,4,61,1,5,386,243,12.1
Nigel Warrior,42930,S,TENNESSEE,13,9,0,50.0,0,0,307,0,0,88.9,90.1,90.1,79.0,85.1,90.4,0,1,0,4,43,4.5,3,8,3,54.8,14,0,0,109,4,429,808,19,0,0,19,0,534,789,3,376,142,18,55,2,28,1,2,180,49,12.9
Jaylon McClain-Sapp,42931,CB,MARSHALL,11,2,0,20.0,0,0,214,0,0,73.5,68.5,9.9,,39.0,45.1,0,0,0,1,50,25.0,2,3,2,44.8,4,0,0,4,281,174,286,1,0,0,1,0,0,285,0,112,0,2,4,0,20,0,1,105,14,26.3
Chris Tooley,42936,CB,FAU,14,2,0,46.0,3,1,165,1,1,80.5,74.9,24.6,57.7,51.5,56.6,0,3,0,1,46,15.0,6,11,7,64.1,29,0,0,24,659,440,770,43,0,0,43,0,18,727,14,316,25,9,32,2,63,3,1,377,115,13.0
Kiondre Thomas,42937,CB,MINNESOTA,13,0,0,60.0,0,0,225,0,0,60.8,60.7,83.3,,58.0,69.2,0,0,0,1,37,12.0,3,1,2,66.8,15,0,0,10,316,179,342,4,0,0,4,0,3,338,0,163,8,2,22,1,25,0,0,188,36,12.5
Jamar Watson,42938,ED,KENTUCKY,13,7,0,92.9,0,1,202,1,0,76.2,81.6,69.7,89.5,66.6,49.9,4,28,0,0,20,27.3,12,0,1,89.9,13,6,0,22,7,107,539,343,0,0,343,0,0,196,172,260,167,23,25,6,14,38,0,78,67,6.0
Lawrence Stevens,42940,CB,RUTGERS,1,0,0,,0,0,278,0,0,,60.0,63.8,,60.0,,0,0,0,0,,,0,0,0,0.0,0,0,0,0,1,0,1,0,0,0,0,0,0,1,0,1,0,0,0,0,0,0,0,0,0,
Jacobi Francis,42941,CB,MEMPHIS,14,1,0,44.8,2,0,218,1,0,60.1,63.8,86.3,52.4,78.8,80.6,0,1,0,1,38,5.6,2,9,7,67.3,26,0,0,37,578,349,692,11,0,0,11,0,0,681,6,337,65,8,33,0,58,1,2,328,95,12.6
Jordan Happle,42942,S,BOISE ST,5,1,0,60.0,0,0,120,0,0,71.0,72.9,84.3,,74.6,58.7,0,0,0,0,22,18.5,5,2,0,96.8,9,0,0,73,0,184,306,1,0,0,1,0,129,305,0,122,103,12,21,1,15,0,1,81,40,9.0
Chris Brown,42952,S,TEXAS,10,5,1,56.8,0,0,311,1,0,75.6,66.1,14.5,57.0,49.5,40.4,1,2,0,1,75,23.8,15,0,2,73.5,25,0,0,162,6,309,567,41,0,0,41,0,159,526,39,219,198,13,43,2,44,3,1,274,155,11.0
Coney Durr,42953,CB,MINNESOTA,13,1,0,48.9,0,0,225,0,0,70.8,72.8,84.0,52.4,79.0,58.8,0,0,1,1,20,17.5,7,10,0,61.5,23,0,0,81,497,301,593,4,0,0,4,0,0,589,5,287,8,14,32,2,47,0,1,230,95,10.0
Noah Burks,42956,ED,WISCONSIN,14,6,0,57.1,0,0,349,0,0,68.5,65.3,24.3,56.5,72.8,46.2,2,8,1,1,13,22.7,10,2,5,62.5,8,3,0,10,0,110,546,520,0,0,519,1,0,26,213,223,16,25,28,5,14,13,1,63,31,7.9
Thomas Pickens,42970,S,MEMPHIS,14,7,0,86.4,1,1,218,0,0,58.4,58.1,89.0,77.5,47.1,59.7,2,9,0,1,36,15.9,7,0,4,93.0,19,2,0,129,1,193,532,125,0,0,125,0,0,407,54,285,277,19,30,1,22,13,0,239,130,12.6
Elias Reynolds,42976,LB,PITTSBURGH,3,1,0,0.0,0,0,268,0,0,65.3,64.6,80.4,64.2,57.8,57.3,1,0,0,0,,25.0,2,0,0,39.6,0,2,0,83,0,47,97,11,0,0,11,0,0,86,18,32,3,3,5,0,1,3,0,0,0,
Jared Dorsa,42981,LB,OHIO,11,27,0,64.5,0,0,259,0,0,58.6,63.8,86.3,57.5,66.7,60.9,2,8,0,0,41,15.5,13,3,0,110.0,20,1,0,636,0,285,672,13,0,0,13,0,4,659,69,318,19,28,44,5,31,11,2,243,108,12.2
Elijah Turner,42983,CB,CLEMSON,1,0,0,,0,0,140,0,0,,60.0,67.6,,60.0,,0,0,0,0,,,0,0,0,0.0,0,0,0,0,0,0,2,0,0,0,0,0,0,2,0,2,2,0,0,0,0,0,0,0,0,
Will Evans,42984,ED,OHIO,13,5,0,100.0,0,0,259,0,0,57.0,64.8,40.3,66.8,64.5,45.7,7,19,0,0,6,16.7,6,0,3,91.7,2,1,0,0,0,19,552,551,0,3,532,16,0,1,276,257,1,19,25,4,2,27,0,12,4,6.0
Isaac Garcia,42988,ED,OREGON ST,9,0,0,,0,0,265,1,0,70.6,67.2,80.6,58.8,66.8,71.9,2,2,0,0,,0.0,0,0,0,0.0,0,0,0,6,0,1,76,70,0,25,42,3,0,6,60,15,0,2,2,1,0,4,0,0,0,
Dylan Silcox,42991,LB,RICE,5,1,0,,0,0,275,0,0,70.2,57.0,86.1,54.2,44.6,48.9,0,1,0,0,,20.0,1,0,0,0.0,0,0,0,30,0,17,40,9,0,0,9,0,0,31,4,19,0,2,3,0,0,1,0,0,0,
Khalid Kareem,42993,ED,NOTRE DAME,13,9,2,,0,3,258,1,1,62.1,85.0,39.9,86.6,78.3,43.6,5,33,0,0,,20.0,8,0,3,0.0,0,6,0,2,0,1,561,559,0,44,438,77,0,2,309,251,0,21,23,4,0,44,0,0,0,
Amadeo West,42997,ED,ARMY,3,3,0,100.0,0,0,114,0,0,64.8,64.0,25.8,61.8,65.0,83.2,0,5,0,0,6,0.0,0,0,1,91.7,2,0,0,4,0,20,120,113,0,0,109,4,0,7,41,59,3,7,12,1,2,5,0,12,6,6.0
JoVanni Stewart,43001,CB,W VIRGINIA,4,6,1,72.7,0,0,343,0,0,69.3,70.3,83.8,59.4,70.4,66.2,0,0,0,0,39,11.1,2,1,0,91.5,8,0,0,41,10,95,203,20,0,0,20,0,1,183,7,101,131,3,10,0,11,0,0,76,58,9.5
Tyreic Martin,43002,DI,MIAMI FL,1,0,0,,0,0,220,0,0,,65.3,72.3,59.1,64.7,21.4,0,0,0,0,,100.0,1,0,0,0.0,0,0,0,0,0,0,7,7,7,0,0,0,0,0,3,4,0,0,0,0,0,0,0,0,0,
Myles Reid,43006,LB,MIAMI OH,13,17,0,76.9,0,2,221,0,0,66.4,70.5,61.1,69.6,70.8,51.7,1,12,0,0,29,17.9,17,1,1,93.9,30,2,1,638,0,376,776,49,0,0,49,0,1,727,53,347,88,38,61,8,39,15,0,259,142,8.6
Damon Hayes,43007,CB,RUTGERS,12,1,0,45.2,2,0,278,1,0,62.9,59.4,53.4,55.0,48.2,57.7,0,1,0,2,58,20.0,7,4,7,61.1,28,0,0,75,584,341,744,25,0,0,25,0,0,719,8,395,59,9,27,1,62,1,2,358,135,12.8
Sci Martin Jr.,43008,ED,MISSOURI,2,1,0,,0,0,229,0,0,60.0,63.7,75.0,59.6,63.4,29.9,0,0,0,0,,50.0,1,0,0,0.0,0,0,0,0,0,1,17,17,0,0,16,1,0,0,1,15,0,0,0,0,0,0,0,0,0,
James King,43009,ED,AKRON,3,0,0,50.0,0,0,102,0,0,71.6,68.0,80.4,53.5,65.1,61.3,0,1,0,0,7,20.0,1,0,0,58.3,1,0,0,1,1,4,40,23,0,0,23,0,0,17,3,33,14,4,4,1,2,1,0,7,5,7.0
Korey Charles,43011,CB,MISS STATE,3,0,0,100.0,0,1,227,0,0,83.1,76.7,0.0,,60.0,78.2,0,0,0,0,3,0.0,0,0,1,79.2,1,0,0,0,9,8,10,1,0,0,1,0,0,9,0,2,0,2,3,0,1,0,0,3,5,3.0
Elijah Hamilton,43012,CB,VANDERBILT,2,0,0,50.0,0,0,333,0,0,57.8,69.5,73.8,70.9,77.6,78.2,0,1,0,0,7,0.0,0,0,0,58.3,1,0,0,1,23,7,24,0,0,0,0,0,0,24,1,16,0,2,3,0,2,1,0,7,3,7.0
Tyler Gilchrist,43020,CB,AKRON,2,1,0,80.0,0,0,102,0,0,32.9,35.9,79.7,,61.5,75.1,0,0,0,0,12,0.0,0,0,0,137.1,4,0,0,0,0,10,20,0,0,0,0,0,0,20,0,10,18,0,1,0,5,0,1,37,20,9.3
Jonathon Cooper,43021,ED,OHIO STATE,4,0,0,,0,0,260,0,0,60.2,69.7,27.3,74.8,62.5,39.9,0,9,0,0,,20.0,1,0,1,0.0,0,0,0,0,0,2,121,121,0,1,115,5,0,0,70,49,0,1,4,0,0,9,0,0,0,
Marquel Dismuke,43025,S,NEBRASKA,12,15,0,46.4,0,1,238,1,0,73.9,73.4,87.4,54.1,70.9,67.3,1,0,0,0,36,14.6,13,4,1,66.1,13,0,0,202,2,382,776,31,0,0,31,0,387,745,11,383,154,19,61,1,28,1,0,170,58,13.1
Caleb Kelly,43026,LB,OKLAHOMA,4,1,0,0.0,0,0,261,0,0,60.4,52.6,0.0,59.9,48.4,40.0,0,1,0,0,,25.0,2,0,1,39.6,0,0,0,77,6,53,98,1,0,0,1,0,0,97,7,38,14,3,5,0,1,1,0,0,0,
Shawn Jennings,43027,LB,S ALABAMA,5,8,0,100.0,0,0,288,0,0,71.4,66.7,79.5,78.2,55.0,44.4,0,0,0,0,10,24.1,7,0,0,87.5,6,1,0,126,0,57,129,0,0,0,0,0,1,129,2,70,2,10,14,1,6,1,0,30,29,5.0
Tyree Rodgers,43031,S,VA TECH,6,1,0,33.3,0,0,337,0,0,52.1,54.3,76.3,,60.9,40.9,0,0,0,0,12,33.3,1,0,0,46.5,1,0,0,17,0,31,50,0,0,0,0,0,9,50,0,19,23,0,1,0,3,0,0,12,1,12.0
Ikenna Okeke,43040,LB,TEXAS A&M,1,0,0,,0,0,312,0,0,,64.7,66.0,,63.1,,0,0,0,0,,,0,0,0,0.0,0,0,0,4,0,0,4,0,0,0,0,0,0,4,0,4,0,0,0,0,0,0,0,0,0,
Gage Kreski,43047,S,C MICHIGAN,11,6,0,66.7,0,0,134,0,0,63.8,71.0,83.3,58.6,84.5,59.7,0,0,0,2,18,12.1,4,0,0,82.9,6,0,0,68,4,137,252,0,0,0,0,0,132,252,1,114,48,7,23,1,9,0,1,60,30,10.0
Brandon Jones,43049,S,TEXAS,12,9,0,71.9,0,1,311,1,0,76.5,74.3,90.3,64.9,62.3,68.0,3,2,0,2,27,14.4,15,4,2,114.5,41,1,0,154,6,470,826,9,0,0,9,0,285,817,27,329,371,21,80,4,57,6,7,377,153,9.2
Elan Nash,43051,S,NAVY,13,4,0,80.0,0,0,237,0,0,61.3,65.9,88.0,61.9,77.3,80.1,4,1,0,0,51,7.7,2,1,0,118.8,8,1,0,65,0,149,260,82,0,0,82,0,74,178,29,82,39,11,20,0,10,6,0,155,42,19.4
Drake Spears,43054,LB,W MICHIGAN,13,24,0,80.5,0,0,347,1,0,73.0,59.3,61.4,54.5,50.7,71.4,1,4,1,2,30,11.3,11,3,1,92.8,33,1,0,762,2,413,867,36,0,0,36,0,0,831,56,398,67,37,62,2,41,6,2,297,192,9.0
Jared Mayden,43058,S,ALABAMA,12,13,0,60.6,0,1,103,0,0,80.1,79.7,87.8,65.0,76.0,73.8,1,2,0,4,34,14.5,10,3,0,50.3,20,0,0,259,10,449,800,15,0,0,15,0,242,785,11,340,273,9,46,0,33,3,1,215,125,10.8
Carlo Kemp,43059,DI,MICHIGAN,12,9,0,,1,1,222,1,0,56.0,73.6,18.6,80.9,71.5,73.6,7,11,0,0,,4.7,2,0,5,0.0,0,3,0,0,0,0,609,609,235,364,0,10,0,0,269,340,0,23,32,3,0,21,0,0,0,
Jamal Hicks,43062,S,COLO STATE,12,18,0,74.1,1,0,144,0,0,69.1,67.5,86.6,69.9,62.1,83.1,2,3,0,0,31,9.5,11,2,3,130.1,20,2,0,404,5,329,774,32,0,0,32,0,253,742,19,426,80,39,87,4,27,7,5,173,54,8.7
Jaron Bryant,43064,CB,FRESNO ST,12,5,0,60.6,0,1,169,1,0,75.2,73.5,87.1,56.2,58.0,59.4,0,0,0,1,62,15.3,9,7,1,94.6,43,0,0,38,786,473,855,14,0,0,14,0,4,841,2,380,13,14,45,2,71,0,5,417,82,9.7
Jestin Morrow,43067,CB,MARSHALL,3,0,0,,0,0,214,0,0,60.0,61.5,68.6,,60.5,,0,0,0,0,,,0,0,0,0.0,0,0,0,1,6,1,9,0,0,0,0,0,0,9,0,8,1,0,0,0,0,0,0,0,0,
McTelvin Agim,43069,DI,ARKANSAS,12,6,0,,1,0,111,1,0,81.2,78.6,21.1,81.5,73.0,73.1,4,18,0,0,,5.4,2,0,4,0.0,0,7,0,1,0,0,532,531,145,330,0,56,0,1,267,265,0,30,29,5,0,29,0,0,0,
Brady Breeze,43073,S,OREGON,14,11,0,53.6,0,1,264,4,2,86.9,84.7,85.8,,75.6,71.1,0,1,1,2,22,14.1,9,1,1,33.8,15,0,0,148,6,283,485,0,0,0,0,0,241,485,0,202,88,16,44,0,28,1,0,113,63,7.5
Vernon Scott,43076,S,TCU,10,5,0,51.4,0,2,305,1,0,84.7,75.9,43.7,67.8,56.5,58.6,0,0,1,1,63,17.8,8,7,2,76.6,18,1,0,199,3,296,539,11,0,0,11,0,158,528,4,239,167,8,32,1,35,1,1,286,143,15.9
Tre Webb,43077,S,S JOSE ST,12,17,0,53.8,0,1,285,0,0,65.5,66.2,86.3,54.9,65.5,62.6,0,0,0,1,71,17.5,14,2,2,89.6,14,0,0,276,15,399,937,17,0,0,17,0,483,920,6,532,145,14,49,1,26,0,1,286,113,20.4
Kobe Marfo,43083,CB,RUTGERS,1,0,0,100.0,0,0,278,0,0,61.5,62.0,72.6,,60.0,77.9,0,0,0,0,8,0.0,0,0,0,94.4,3,0,0,1,16,11,17,0,0,0,0,0,0,17,0,6,0,0,3,0,3,0,0,20,2,6.7
Taji Stewart,43084,ED,S ALABAMA,3,1,0,75.0,0,0,288,0,0,66.3,71.9,86.2,68.4,70.0,65.0,2,2,0,0,6,10.0,1,0,0,77.1,3,1,0,1,0,22,109,98,0,0,98,0,0,11,29,58,9,4,8,0,4,5,0,7,20,2.3
Tim Hart,43085,LB,MEMPHIS,14,14,0,56.3,0,0,218,0,0,52.0,60.8,81.5,76.2,60.5,66.7,3,4,0,0,16,13.5,7,1,0,114.6,9,5,0,418,0,175,458,4,0,0,4,0,0,454,39,244,35,24,31,1,16,12,2,100,70,11.1
Moses Reynolds,43090,CB,TEXAS A&M,2,0,0,66.7,0,0,312,0,0,64.2,64.1,73.5,60.0,60.0,77.0,0,0,0,0,4,0.0,0,0,0,70.1,2,0,0,0,22,18,22,0,0,0,0,0,0,22,1,3,0,2,2,0,3,0,0,4,8,2.0
Brandon Hill,43098,LB,DUKE,9,16,1,68.8,0,0,154,0,0,71.7,72.1,37.8,72.5,67.6,50.3,5,11,0,0,17,20.3,12,1,1,81.5,11,1,0,376,3,196,408,11,0,1,10,0,0,397,42,170,18,20,31,3,16,17,0,85,71,7.7
D.J. Morgan,43099,LB,UCONN,10,13,1,54.5,0,1,146,2,0,67.2,54.6,87.2,75.4,40.0,52.3,2,4,0,0,12,18.3,11,3,0,92.6,6,2,0,454,3,201,531,53,0,0,53,0,0,478,53,277,20,20,36,6,11,8,1,39,20,6.5
Travis Whillock,43100,S,NWESTERN,11,19,0,83.3,1,1,256,1,0,61.4,70.2,87.0,66.4,81.9,82.3,0,0,0,0,32,9.8,9,0,1,140.6,20,1,0,360,1,383,723,6,0,0,6,0,211,717,13,327,145,27,64,4,24,1,4,198,52,9.9
Kevin Meitzenheimer,43102,LB,UTAH ST,13,18,0,73.2,0,1,329,0,0,49.2,48.6,66.5,55.3,50.2,65.4,0,8,0,1,77,13.1,14,0,1,91.8,30,2,0,953,1,422,1032,43,0,1,42,0,0,989,66,544,35,38,75,2,41,10,0,383,343,12.8
Shane Simmons,43103,ED,PENN STATE,13,5,0,100.0,0,0,266,0,0,67.1,66.1,84.9,56.9,69.4,82.8,1,4,0,0,12,0.0,0,0,0,93.8,2,0,0,1,0,13,244,241,0,4,232,5,0,3,130,101,2,10,12,3,2,5,0,13,6,6.5
DJ Daniels,43105,S,S ALABAMA,12,7,0,64.9,0,0,288,0,0,50.7,55.5,88.7,60.0,64.2,59.3,0,0,0,0,67,13.7,10,1,1,133.5,24,0,0,167,8,284,638,3,0,0,3,0,199,635,1,353,261,20,56,5,37,0,4,367,157,15.3
Donta Evans,43108,LB,OLE MISS,12,2,0,76.9,0,1,226,0,0,46.9,52.0,82.6,67.2,55.8,55.7,1,2,0,2,26,18.2,4,0,0,66.8,20,1,0,276,0,200,327,4,0,0,4,0,1,323,15,112,45,4,16,0,26,4,0,204,154,10.2
Devin Gil,43111,LB,MICHIGAN,6,2,0,100.0,0,0,222,0,0,64.8,77.0,74.7,69.2,78.8,83.0,0,0,0,0,10,0.0,0,0,0,81.9,3,0,0,45,0,18,54,3,0,0,3,0,0,51,3,33,6,5,6,0,3,0,0,11,12,3.7
Brock Miller,43112,LB,NC STATE,12,8,0,82.6,0,0,248,0,0,38.9,45.7,86.2,51.8,52.7,40.2,0,7,0,0,74,25.5,12,1,1,145.7,19,1,0,303,0,161,422,103,0,0,103,0,0,319,88,173,16,17,27,6,23,8,2,276,145,14.5
Martin Mangram,43114,S,UMASS,12,15,0,88.0,0,0,216,2,0,50.8,51.7,86.3,66.2,51.5,55.3,0,0,0,0,85,18.2,14,0,0,156.6,22,0,0,218,9,233,562,13,0,0,13,0,190,549,3,326,132,12,48,1,25,0,7,302,153,13.7
Chanse Sylvie,43115,CB,OKLAHOMA,5,0,0,100.0,0,0,261,0,0,46.7,46.2,79.7,53.9,51.7,79.6,1,0,0,0,25,0.0,0,0,0,158.3,5,0,0,10,0,33,54,5,0,0,5,0,0,49,4,17,38,2,4,0,5,1,1,89,51,17.8
Marquill Osborne,43116,CB,CHARLOTTE,13,9,0,51.0,1,1,136,0,0,69.6,74.8,85.5,61.0,88.5,59.0,0,0,0,3,58,15.8,9,7,4,84.8,26,0,0,90,600,323,726,11,0,0,11,0,0,715,8,395,24,13,39,2,51,0,5,392,170,15.1
Benny Walls,43119,S,TEMPLE,9,14,0,52.9,0,1,306,2,1,88.0,74.4,84.8,66.7,50.1,56.3,0,1,0,2,19,18.2,12,1,1,22.8,9,1,0,256,0,266,505,1,0,0,1,0,190,504,5,234,57,12,40,0,17,2,0,66,47,7.3
Trey Chapman,43128,CB,GA STATE,2,0,0,0.0,0,0,175,0,0,63.2,63.5,64.3,,,,0,0,0,0,,,0,0,0,39.6,0,0,0,1,0,3,3,0,0,0,0,0,0,3,0,0,1,0,0,0,1,0,0,0,0,
Alijah Halliburton,43139,S,WYOMING,13,33,1,66.7,0,0,351,1,0,56.2,69.9,63.1,72.9,83.8,87.1,4,4,0,2,36,9.1,12,1,2,75.7,24,2,0,439,7,493,936,71,0,0,71,0,321,865,38,405,98,44,87,7,36,10,1,276,148,11.5
Evan Jones,43140,CB,GA STATE,11,3,0,73.7,1,1,175,0,0,50.9,59.3,81.8,92.6,72.5,73.4,1,0,0,0,54,8.7,2,1,2,133.1,14,1,0,24,267,122,295,1,0,0,1,0,1,294,5,168,0,3,18,0,19,2,1,262,85,18.7
Sean Mahone,43146,S,W VIRGINIA,12,15,0,71.4,0,1,343,0,0,73.1,75.4,87.7,64.1,76.5,75.3,0,2,0,1,31,12.4,11,2,0,116.5,20,1,0,225,2,418,803,6,0,0,6,0,338,797,6,379,232,21,63,4,28,3,4,203,57,10.2
Keyvone Bruton,43150,S,TEMPLE,9,1,0,33.3,1,0,306,0,0,61.5,62.6,78.9,59.7,64.0,81.5,0,1,0,0,22,0.0,0,1,1,60.4,1,0,0,38,1,54,102,0,0,0,0,0,54,102,1,47,9,0,3,0,3,1,0,22,1,22.0
Tuf Borland,43158,LB,OHIO STATE,14,11,0,80.0,0,0,260,0,0,66.3,74.7,38.5,65.2,78.5,70.2,1,3,0,1,34,10.3,6,1,1,70.6,12,1,0,393,1,191,423,9,0,0,9,0,0,414,25,207,20,26,41,2,15,5,0,114,85,9.5
Brennan Thieneman,43166,S,PURDUE,12,9,0,42.9,0,1,273,0,0,55.9,58.9,85.0,57.4,62.7,64.1,0,1,0,0,45,13.2,7,1,0,103.3,6,0,0,175,0,204,457,13,0,0,13,0,179,444,3,250,90,7,37,1,14,1,1,140,72,23.3
Tristan Cooper,43171,S,ARIZONA,12,10,0,70.0,0,0,109,0,0,66.4,63.1,88.1,69.1,55.2,86.1,2,2,0,0,41,5.1,3,3,0,117.8,35,0,0,204,10,325,657,118,0,0,118,0,10,539,17,315,314,21,46,2,50,4,4,369,142,10.5
Ka'Darian Smith,43174,CB,HOUSTON,4,1,0,75.0,0,0,182,0,0,54.8,55.2,80.2,,58.1,46.5,0,0,0,0,56,25.0,3,0,0,156.3,9,0,0,2,122,89,138,0,0,0,0,0,14,138,0,49,0,1,8,0,12,0,2,195,89,21.7
Jack King,43178,ED,ARMY,7,1,0,50.0,0,0,114,0,0,54.2,64.9,78.8,63.3,71.5,77.4,0,0,0,0,10,0.0,0,0,0,64.6,1,0,0,2,0,7,29,22,0,0,22,0,0,7,6,16,5,0,1,0,2,0,0,10,4,10.0
Justin Clark,43185,CB,TOLEDO,2,1,0,25.0,0,0,316,0,0,50.3,52.9,73.6,,64.7,73.5,0,0,0,0,22,0.0,0,0,0,50.0,1,0,0,2,21,15,26,0,0,0,0,0,2,26,0,11,1,0,0,0,4,0,0,22,10,22.0
Nolan Turner,43187,S,CLEMSON,15,9,0,58.8,0,1,140,0,0,73.9,71.5,86.7,51.1,65.0,50.1,0,2,0,2,79,22.2,12,7,0,86.9,20,0,0,180,14,317,548,4,0,0,4,0,193,544,7,224,157,11,33,2,34,2,2,332,154,16.6
Ryan McWood,43189,LB,MIAMI OH,13,25,1,71.4,0,0,221,1,0,37.7,53.1,83.6,64.6,62.3,56.7,3,3,0,0,43,14.7,15,3,1,102.8,20,2,0,655,0,309,707,10,0,0,10,0,0,697,36,362,42,25,62,2,28,8,0,277,137,13.9
Amir Tyler,43191,S,TEMPLE,11,6,0,43.8,0,2,306,1,0,71.3,71.3,87.2,67.4,67.2,51.7,0,1,0,0,36,20.6,13,9,3,67.8,14,0,0,147,3,302,553,0,0,0,0,0,276,553,3,248,127,14,44,2,32,1,1,145,60,10.4
Akeam Peters,43193,S,KENT STATE,12,4,0,70.0,1,2,201,0,0,70.4,65.7,35.5,56.1,58.5,73.1,0,1,0,0,21,11.6,5,0,2,86.7,7,0,0,131,19,223,450,27,0,0,27,0,209,423,4,223,64,11,34,1,10,1,0,63,20,9.0
Isaiah Hayes,43194,S,LOUISVILLE,10,5,0,87.5,0,0,210,0,0,46.4,47.5,81.7,66.1,47.9,27.8,1,0,0,0,24,33.3,9,0,0,150.5,7,0,0,57,4,89,204,2,0,0,2,0,83,202,1,114,58,5,13,0,8,1,1,85,25,12.1
Quincy Lenton,43195,S,FLORIDA,4,0,0,,0,0,163,0,0,51.9,52.8,74.6,,56.8,27.4,0,0,0,0,,100.0,1,0,0,0.0,0,0,0,23,0,16,35,0,0,0,0,0,8,35,0,19,4,0,0,0,0,0,0,0,0,
Richie Grant,43196,S,UCF,12,14,0,57.1,0,1,323,0,0,64.0,69.2,58.4,54.5,79.4,67.3,0,3,1,1,63,13.8,13,6,1,83.4,24,0,0,262,0,471,898,2,0,0,2,0,365,896,9,418,268,25,67,5,42,3,2,280,123,11.7
Korel Smith,43201,CB,FAU,5,0,0,100.0,0,0,165,0,0,57.1,54.5,0.0,59.9,57.2,48.5,0,2,0,0,29,28.6,2,0,1,158.3,4,0,0,1,62,45,84,1,0,0,1,0,7,83,3,36,13,1,5,0,4,2,1,67,16,16.8
Jordan Griffin,43205,S,KENTUCKY,12,10,0,65.4,1,0,202,2,0,67.7,62.8,87.7,65.4,43.8,40.9,0,0,0,2,30,28.2,11,3,1,75.2,17,1,0,111,6,322,582,6,0,0,6,0,114,576,8,252,345,7,18,1,26,1,1,236,87,13.9
Max McDonald,43210,LB,COLO STATE,12,7,0,100.0,0,0,144,0,0,52.4,50.6,81.1,56.7,51.4,76.5,1,2,0,0,29,11.1,2,0,0,110.8,5,0,0,194,0,74,212,7,0,0,7,0,0,205,12,126,11,7,9,1,5,3,0,53,28,10.6
Chima Azunna,43211,S,IOWA STATE,11,4,0,75.0,0,2,193,0,0,80.1,74.9,81.5,74.7,54.5,49.7,1,0,0,0,50,23.7,9,0,0,156.3,6,1,0,51,0,88,164,2,0,0,2,0,58,162,8,68,53,9,25,0,8,2,1,118,76,19.7
John Lamot,43215,LB,BOSTON COL,12,16,0,73.0,0,0,121,0,0,48.4,51.0,86.8,70.5,48.0,39.9,4,14,0,0,28,21.2,21,2,0,100.3,27,1,0,642,2,346,769,56,0,0,56,0,0,713,80,343,69,28,62,3,37,19,1,252,189,9.3
Daniel Bituli,43219,LB,TENNESSEE,11,18,1,81.8,1,1,307,0,0,56.6,62.2,0.0,76.4,68.0,71.7,3,11,0,0,26,12.0,11,2,7,112.0,27,3,0,460,2,256,573,29,0,0,29,0,0,544,43,274,81,40,63,3,33,17,1,279,205,10.3
Kaiden Smith,43224,S,APP STATE,9,1,0,37.5,0,0,108,0,0,68.2,67.6,82.8,,62.4,61.6,0,0,0,0,12,15.4,2,2,2,45.8,3,0,0,39,2,81,148,0,0,0,0,0,41,148,0,67,66,3,10,0,8,0,0,22,11,7.3
Chase Pine,43225,LB,PITTSBURGH,11,5,1,,0,0,268,0,0,76.4,66.0,78.5,62.0,54.2,49.8,1,3,0,0,,29.6,8,1,0,0.0,0,1,0,188,0,88,208,11,0,0,11,0,0,197,28,92,9,10,14,3,0,5,0,0,0,
Gil Barksdale,43230,S,VANDERBILT,2,0,0,,0,0,333,0,0,62.3,58.2,75.5,,51.8,28.6,0,0,0,0,,50.0,1,0,0,0.0,0,0,0,8,0,15,30,0,0,0,0,0,16,30,0,15,6,0,1,0,0,0,0,0,0,
Lawrence Garner,43233,LB,DOMINION,12,9,0,82.1,0,1,263,1,0,63.2,59.8,30.1,63.5,58.0,59.9,2,12,0,0,22,16.0,19,2,2,106.3,32,1,0,653,0,317,735,17,0,0,17,0,0,718,43,375,65,62,91,7,39,15,1,291,259,9.1
Corey Hightower,43234,S,NEW MEXICO,1,0,0,100.0,0,0,241,0,0,43.6,39.4,67.3,,60.0,,0,0,0,0,2,,0,0,0,118.8,1,0,0,1,0,2,5,0,0,0,0,0,2,5,0,3,2,0,0,0,1,0,1,2,0,2.0
Andrew Wright,43235,ED,FRESNO ST,7,2,0,100.0,0,0,169,0,0,61.8,37.6,0.0,56.0,28.9,26.9,1,3,0,0,13,41.7,5,0,2,95.8,2,0,0,32,0,27,167,127,0,9,106,12,0,40,62,78,8,2,5,0,2,4,0,14,11,7.0
Walter Little,43236,LB,NAVY,7,2,0,100.0,0,0,237,0,0,68.9,63.2,81.8,77.4,48.7,29.0,5,2,0,0,5,31.3,5,0,0,87.5,1,1,0,106,0,45,131,17,0,0,17,0,1,114,18,68,7,7,9,0,1,8,0,5,5,5.0
Eric Monroe,43239,S,LSU,10,0,0,100.0,0,0,211,0,0,47.1,51.9,79.2,58.6,68.3,80.4,0,0,0,0,8,0.0,0,0,0,81.3,2,0,0,15,0,49,73,4,0,0,4,0,43,69,1,23,11,3,4,1,2,0,0,7,4,3.5
Chris Henderson,43249,ED,S ALABAMA,12,6,0,100.0,0,0,288,0,0,61.7,59.2,89.3,60.0,55.0,54.4,2,1,0,0,19,16.0,4,0,0,106.0,7,0,0,30,10,80,344,250,0,0,250,0,0,94,69,195,54,6,15,0,7,3,0,66,50,9.4
Joe Bachie,43250,LB,MICH STATE,8,18,0,89.5,0,0,223,0,0,74.0,79.9,84.9,65.7,79.1,67.7,1,10,0,1,23,13.3,10,3,0,89.7,17,3,0,518,0,254,536,5,0,0,5,0,1,531,50,232,12,30,47,5,19,14,1,125,66,7.4
C.J. Pollard,43251,S,USC,9,2,0,100.0,0,0,326,0,0,39.9,47.9,0.0,71.8,68.9,66.1,1,0,0,0,56,12.5,2,0,1,158.3,11,0,0,37,2,56,92,10,0,0,10,0,13,82,3,33,30,4,12,1,11,1,2,210,140,19.1
Cam Jones,43257,S,ARMY,4,2,0,57.1,0,0,114,1,0,51.6,58.5,82.9,,72.9,40.9,0,0,0,1,25,24.1,7,1,1,45.5,8,0,0,79,1,119,225,1,0,0,1,0,78,224,0,106,64,7,20,0,14,0,0,86,51,10.8
DeMarkus Glover,43258,LB,AKRON,10,5,0,70.0,0,0,102,1,0,62.5,55.5,77.3,52.9,51.5,70.0,0,1,0,1,18,10.7,3,1,0,78.3,7,0,0,233,0,93,267,10,0,0,10,0,0,257,16,158,24,5,20,0,10,1,1,58,37,8.3
Braxton Gunther,43264,S,UTAH ST,2,0,0,,0,0,329,0,0,65.4,65.7,73.3,,60.6,75.1,0,0,0,0,,0.0,0,0,0,0.0,0,0,0,2,3,8,15,0,0,0,0,0,2,15,0,7,8,0,1,0,0,0,0,0,0,
Simeon Smiley,43267,CB,PURDUE,12,6,0,64.9,0,0,273,0,0,72.0,71.5,89.0,72.8,64.2,51.6,0,0,0,1,72,20.9,9,5,2,110.8,24,1,0,87,61,330,609,26,0,0,26,0,59,583,11,268,375,10,28,2,37,1,4,265,176,11.0
Jeffrey McCulloch,43269,LB,TEXAS,10,4,2,93.8,0,0,311,0,0,58.5,57.3,42.7,59.8,56.8,69.5,0,11,0,0,44,12.5,4,1,1,110.4,15,0,0,228,2,147,340,84,0,0,84,0,0,256,61,132,26,14,24,1,16,11,0,168,100,11.2
Anthony Ekpe,43280,ED,RICE,8,3,0,100.0,1,1,275,1,0,53.3,67.6,57.8,70.1,68.6,59.1,6,12,0,0,14,22.2,4,0,1,109.7,3,2,0,23,0,33,303,262,0,0,260,2,0,41,127,143,18,7,11,2,3,20,0,31,13,10.3
Josh Perry,43283,CB,MEMPHIS,4,1,0,0.0,0,0,218,0,0,66.8,60.8,73.9,58.0,50.1,28.4,0,0,0,0,,50.0,1,0,0,39.6,0,0,0,8,0,12,26,1,0,0,1,0,0,25,2,12,17,0,0,0,1,0,0,0,0,
Treyvon Reeves,43286,LB,TULSA,8,1,0,100.0,0,0,320,0,0,62.7,63.8,0.0,47.8,73.4,54.1,0,1,0,0,14,23.1,3,0,1,93.8,6,0,0,73,0,53,110,15,0,0,15,0,0,95,5,52,22,6,9,0,6,1,0,39,20,6.5
Donte Vaughn,43287,CB,NOTRE DAME,10,4,0,33.3,0,0,258,0,0,73.1,70.0,82.5,,53.5,67.8,0,0,0,0,38,11.8,2,4,1,85.6,7,0,0,15,275,151,309,1,0,0,1,0,9,308,0,158,9,2,11,0,21,0,2,121,34,17.3
Jamel Cook,43290,S,S CAROLINA,1,0,0,50.0,0,0,289,0,0,37.5,34.7,75.3,,49.5,27.7,0,0,0,0,6,50.0,1,0,0,56.3,1,0,0,5,0,19,24,0,0,0,0,0,13,24,0,5,6,0,1,0,2,0,0,6,6,6.0
Damar Hamlin,43291,CB,PITTSBURGH,12,10,0,53.5,0,0,268,0,0,65.4,67.1,0.0,72.4,76.4,66.8,1,1,0,1,45,12.8,12,11,8,65.8,38,0,0,174,4,465,779,0,0,0,0,0,51,779,2,312,550,19,72,3,71,2,0,425,207,11.2
Isaiah Stallings,43293,LB,NC STATE,3,0,0,100.0,0,0,248,0,0,65.9,68.5,76.0,,66.3,75.1,0,0,0,0,7,0.0,0,0,0,95.8,1,0,0,11,0,11,29,9,0,0,9,0,5,20,0,18,4,0,1,0,1,0,0,7,3,7.0
Sion Harrington,43296,LB,NAVY,6,5,0,100.0,0,0,237,0,0,71.9,73.6,73.4,65.1,67.7,70.6,0,2,0,0,2,11.1,1,0,0,79.2,1,0,0,34,0,9,39,2,0,0,2,0,0,37,3,27,3,1,3,0,1,2,0,2,0,2.0
Braden Smith,43298,S,WYOMING,11,2,0,66.7,0,0,351,0,0,52.6,53.6,83.9,54.9,58.7,40.3,0,0,0,1,75,30.0,3,0,0,109.7,6,0,0,14,32,140,220,6,0,0,6,0,124,214,5,75,44,0,5,0,9,0,2,187,148,31.2
Micahh Smith,43299,CB,ARKANSAS,8,5,0,78.9,0,0,111,1,0,52.8,59.9,84.2,58.6,77.1,69.3,0,1,0,0,30,12.0,3,0,0,143.6,15,0,0,24,0,87,214,17,0,0,17,0,0,197,13,114,173,6,17,0,19,1,2,191,98,12.7
Osman Kamara,43300,S,W VIRGINIA,1,0,0,,0,0,343,0,0,,56.0,60.0,,60.0,,0,0,0,0,,0.0,0,0,0,0.0,0,0,0,0,0,0,1,0,0,0,0,0,0,1,0,1,0,0,1,0,0,0,0,0,0,
Eli Sullivan,43304,S,NEBRASKA,9,1,0,75.0,0,0,238,0,0,63.4,46.9,85.7,,25.9,24.8,0,0,0,0,23,50.0,8,1,0,138.5,6,0,0,21,2,46,92,3,0,0,3,0,45,89,0,46,19,4,7,1,8,0,1,66,36,11.0
Larry Bryant,43306,ED,TULANE,9,0,0,25.0,0,1,319,0,0,69.1,64.5,83.7,67.7,56.2,27.4,0,2,0,0,31,50.0,3,2,0,99.0,1,1,0,41,0,27,147,87,0,0,87,0,0,60,21,99,16,2,3,0,4,3,1,31,23,31.0
Garrett Crall,43309,ED,WYOMING,13,9,2,,0,0,351,1,0,63.8,71.7,76.1,66.6,70.8,55.4,13,26,0,0,,19.2,10,0,1,0.0,0,5,0,0,0,19,731,731,0,3,713,15,0,0,408,304,0,23,33,3,0,44,0,0,0,
Jarrius Wallace,43310,S,ARIZONA,8,3,0,85.7,0,0,109,0,0,50.8,57.5,82.2,,70.9,78.6,0,0,0,0,32,5.9,1,0,0,118.8,6,0,0,42,0,74,160,2,0,0,2,0,73,158,0,86,43,2,13,0,7,0,0,96,64,16.0
Keelen Roberts,43318,CB,FAU,1,0,0,,0,0,165,0,0,,60.0,63.8,,60.0,,0,0,0,0,,,0,0,0,0.0,0,0,0,0,1,0,1,0,0,0,0,0,0,1,0,1,0,0,0,0,0,0,0,0,0,
Denzel Polk,43319,ED,NAVY,10,3,0,,0,0,237,0,0,60.2,70.0,82.2,52.5,78.1,81.8,0,2,0,0,,0.0,0,0,0,0.0,0,0,0,0,0,1,193,193,0,15,113,65,0,0,86,106,0,12,13,2,0,2,0,0,0,
Qwuantrezz Knight,43322,S,KENT STATE,11,17,0,64.2,0,1,201,0,0,52.7,66.5,89.4,66.8,88.1,78.2,1,4,0,0,51,11.4,10,4,2,97.0,34,1,0,180,13,300,676,51,0,0,51,0,49,625,28,348,383,37,61,10,53,6,2,367,243,10.8
James Jennette III,43327,ED,BALL ST,12,8,0,,1,0,117,0,0,67.3,69.8,44.0,65.2,70.8,58.1,5,19,0,0,,13.6,6,0,3,0.0,0,4,0,0,0,1,650,650,21,230,287,112,0,0,322,327,0,27,30,5,0,28,0,0,0,
Jordan Helm,43329,S,FAU,11,1,0,33.3,0,0,165,1,0,66.9,72.2,81.7,,82.8,83.9,0,0,0,0,20,5.9,1,0,0,43.8,2,0,0,57,0,109,185,1,0,0,1,0,83,184,0,76,41,7,15,0,6,0,0,20,20,10.0
Bryan Mead,43333,LB,OKLAHOMA,9,2,0,100.0,0,0,261,0,0,28.8,44.7,0.0,53.3,79.6,50.8,0,0,0,0,24,20.0,2,0,1,158.3,5,0,0,70,0,37,81,7,0,0,7,0,0,74,10,34,3,6,6,0,5,0,1,64,25,12.8
Trent Ellis-Brewer,43334,LB,ARK STATE,5,1,0,100.0,0,0,113,0,0,73.1,69.2,72.4,,53.1,43.5,0,0,0,0,6,25.0,1,0,0,91.7,1,0,0,8,0,7,12,0,0,0,0,0,0,12,0,5,4,1,2,0,1,0,0,6,3,6.0
Myles Bryant,43336,S,WASHINGTON,13,18,0,66.7,0,1,340,1,0,88.4,85.8,90.3,70.8,71.9,77.2,2,4,0,3,28,13.4,11,1,1,41.3,14,2,0,160,8,484,900,37,0,3,34,0,565,863,43,373,130,18,53,4,21,8,0,117,102,8.4
La'Mar Winston Jr.,43339,ED,OREGON,14,5,1,100.0,1,0,264,0,0,50.9,64.4,14.9,71.0,63.6,49.5,5,19,0,0,12,27.8,5,0,3,112.5,2,3,0,48,1,35,340,287,0,0,287,0,0,53,193,112,4,9,8,0,2,27,0,22,9,11.0
Roderick Campbell,43340,CB,NWESTERN,8,0,0,50.0,1,0,256,0,0,52.0,57.9,75.9,,73.2,82.2,0,0,0,0,32,0.0,0,0,1,95.8,1,0,0,9,53,27,66,0,0,0,0,0,3,66,0,39,1,4,6,0,2,0,0,32,4,32.0
Tyrique McGhee,43341,CB,GEORGIA,6,3,0,50.0,0,0,173,0,0,70.1,68.2,79.8,59.1,57.6,60.0,0,3,0,0,23,14.3,1,1,0,108.3,3,0,0,13,80,72,117,3,0,0,3,0,1,114,4,41,20,0,3,0,6,3,1,36,14,12.0
Obi Eboh,43343,CB,STANFORD,9,3,0,78.8,0,0,300,0,0,55.4,55.9,82.9,60.0,58.1,56.8,0,0,0,0,39,18.2,6,1,2,149.6,26,0,0,22,345,229,368,0,0,0,0,0,0,368,1,138,1,3,24,0,33,0,5,343,82,13.2
Malik Hancock,43345,TE,ARMY,2,0,0,,0,0,114,0,0,,60.0,60.0,60.0,,,0,0,0,0,,,0,0,0,0.0,0,0,0,0,0,0,2,0,0,0,0,0,0,2,2,0,0,0,0,0,0,0,0,0,0,
Zeke Brown,43346,CB,BAYLOR,3,0,0,33.3,0,0,118,0,0,79.7,73.1,72.8,,45.3,28.1,0,0,0,1,3,50.0,1,0,0,2.8,1,0,0,1,20,12,21,0,0,0,0,0,0,21,0,9,0,1,1,0,3,0,0,3,0,3.0
DaMarcus Fields,43347,CB,TEXAS TECH,10,2,0,68.5,0,0,315,0,0,68.1,69.0,46.3,59.0,74.0,73.2,0,0,0,3,55,7.0,4,4,1,102.5,37,1,0,83,358,319,576,29,0,0,29,0,14,547,10,247,92,19,51,5,54,1,4,541,156,14.6
Andrew Pryts,43351,LB,STANFORD,12,21,0,83.7,0,0,300,0,0,58.5,57.7,85.1,60.3,55.5,70.6,0,4,0,1,44,13.1,11,0,1,122.0,36,0,0,588,1,400,723,9,0,0,9,0,8,714,44,279,117,25,52,1,43,4,3,431,318,12.0
Mandela Lawrence-Burke,43352,LB,KENT STATE,12,16,0,75.0,0,1,201,1,0,49.3,44.4,83.7,67.4,41.0,67.0,4,4,0,1,33,13.2,14,1,0,114.6,18,4,0,647,1,263,672,15,0,0,15,0,4,657,45,364,5,39,76,1,24,12,2,228,144,12.7
J.J. Parson,43353,CB,STANFORD,10,6,0,57.1,0,0,300,0,0,57.4,58.8,85.7,54.2,65.0,35.9,0,0,0,1,45,30.0,6,0,1,82.4,8,0,0,9,3,128,223,6,0,0,6,0,26,217,6,89,179,2,8,0,14,0,1,130,71,16.3
Jaydon Grant,43354,CB,OREGON ST,12,10,0,60.8,0,2,265,0,0,65.8,63.9,88.9,57.5,55.3,52.0,0,7,1,2,30,20.5,9,3,0,104.9,31,1,0,68,99,354,635,41,0,0,40,1,9,594,49,232,418,6,25,2,51,8,6,358,164,11.5
Brian Bullock,43355,S,NWESTERN,8,1,0,0.0,0,0,256,0,0,42.1,52.6,74.9,,63.4,56.8,0,0,0,0,,16.7,1,0,0,39.6,0,0,0,14,0,8,32,2,0,0,2,0,12,30,0,24,4,1,4,0,1,0,0,0,0,
Donovan Duvernay,43357,CB,TEXAS,3,0,0,66.7,0,0,311,0,0,43.1,43.8,72.9,,60.3,76.6,0,0,0,0,41,0.0,0,0,0,109.7,2,0,0,1,16,10,17,0,0,0,0,0,0,17,0,7,0,0,2,0,3,0,0,54,7,27.0
Cameron Lewis,43359,S,LSU,13,0,0,58.3,0,0,211,0,0,64.4,65.8,83.7,65.8,66.6,56.8,0,0,0,0,12,20.0,3,1,0,95.5,7,1,0,28,0,137,217,4,0,0,4,0,97,213,4,76,87,5,12,0,12,1,1,49,41,7.0
C.J. Morgan,43360,S,MISS STATE,9,11,0,62.5,0,1,227,0,0,41.1,43.1,38.4,56.4,50.4,39.0,0,2,0,1,60,27.0,20,7,1,118.5,25,0,0,152,4,262,498,0,0,0,0,0,239,498,3,233,103,11,43,0,40,2,4,398,192,15.9
Trey Baldwin,43361,LB,LA TECH,12,4,0,60.0,0,0,208,0,0,75.4,69.6,81.9,70.4,59.0,50.9,0,2,0,1,24,21.4,9,0,0,35.8,6,1,0,290,0,157,308,4,0,0,4,0,0,304,11,140,13,17,29,3,10,3,0,56,29,9.3
Eric Burrell,43369,S,WISCONSIN,14,11,0,40.0,0,1,349,2,0,88.9,78.4,45.5,62.9,59.5,38.5,0,4,0,3,68,23.9,17,6,1,25.5,10,2,0,230,4,371,655,20,0,0,20,0,292,635,24,260,109,18,43,2,25,6,0,178,96,17.8
Tanner Blatt,43372,HB,TROY,1,0,0,,0,0,318,0,0,,60.0,60.0,60.0,,,0,0,0,0,,,0,0,0,0.0,0,0,0,0,0,0,1,0,0,0,0,0,0,1,1,0,0,0,0,0,0,0,0,0,0,
Reggie Cleveland,43376,LB,LA TECH,2,1,0,,0,0,208,0,0,63.3,71.0,70.3,,67.8,73.1,0,0,0,0,,0.0,0,0,0,0.0,0,0,0,12,0,9,12,0,0,0,0,0,0,12,0,3,0,0,0,0,0,0,0,0,0,
Dylan Conner,43381,LB,OHIO,13,18,0,78.8,0,1,259,0,0,60.4,61.3,60.4,66.0,60.9,47.7,2,4,0,0,61,18.3,20,0,1,102.2,41,2,0,498,6,411,852,32,0,0,32,0,3,820,47,394,313,42,71,6,52,8,1,363,341,8.9
Tyshaun Ingram,43391,ED,UMASS,9,2,0,,0,0,216,1,0,63.1,54.7,32.1,54.5,55.1,45.6,1,0,0,0,,27.3,3,0,1,0.0,0,0,0,37,0,17,193,151,0,1,150,0,0,42,40,136,5,4,6,1,0,1,0,0,0,
Erroll Thompson,43392,LB,MISS STATE,13,16,0,80.0,0,0,227,1,0,46.2,62.5,47.6,54.9,77.2,46.3,6,8,0,0,52,19.1,18,1,1,158.3,16,1,0,501,0,232,621,41,0,0,41,0,4,580,97,292,75,38,60,4,20,15,3,285,186,17.8
Christian Holmes,43393,CB,MISSOURI,12,4,0,53.2,1,0,229,0,0,57.4,60.0,85.3,59.5,70.3,78.2,0,0,0,0,44,6.7,2,2,7,93.8,25,0,0,12,411,258,469,9,0,0,9,0,1,460,1,210,35,8,24,2,47,0,2,374,60,15.0
Da'Von Brown,43394,S,FAU,14,10,0,69.4,0,1,165,0,0,60.3,58.2,88.1,55.3,53.0,33.6,0,0,0,0,60,26.0,26,1,2,122.2,25,0,0,247,8,459,802,0,0,0,0,0,377,802,3,340,169,23,64,4,36,0,2,378,178,15.1
Josh Metellus,43395,S,MICHIGAN,13,18,1,60.6,0,0,222,1,0,72.3,77.2,59.7,62.6,81.9,81.2,1,0,0,2,58,7.6,6,2,1,109.7,20,0,0,302,26,416,840,47,0,0,47,0,328,793,10,414,137,29,55,4,33,1,4,339,153,17.0
Linwood Crump,43401,CB,TEMPLE,4,1,0,66.7,0,0,306,0,0,62.4,63.5,77.9,,65.5,80.7,0,0,0,0,33,0.0,0,0,0,149.3,4,0,0,0,74,38,74,0,0,0,0,0,0,74,0,36,0,2,4,0,6,0,2,75,5,18.8
Phil Campbell III,43402,LB,PITTSBURGH,13,16,0,80.6,0,1,268,1,0,63.7,66.1,43.9,66.5,68.1,72.9,3,9,0,1,22,11.1,6,0,1,78.6,25,6,0,301,1,213,508,69,0,0,69,0,1,439,87,208,136,26,32,3,31,18,0,189,169,7.6
Antone Williams,43409,CB,DUKE,5,0,0,100.0,0,0,154,0,0,54.4,52.9,75.4,,52.6,73.5,0,0,0,0,12,0.0,0,0,0,116.7,1,0,0,2,39,6,41,0,0,0,0,0,0,41,0,35,0,0,1,0,1,0,0,12,1,12.0
Dedrion Bacote-Sweat,43412,ED,UCF,1,0,0,,0,0,323,0,0,,68.2,70.7,68.5,60.1,,0,1,0,0,,,0,0,0,0.0,0,0,0,0,0,0,6,6,0,0,6,0,0,0,3,3,0,0,0,0,0,1,0,0,0,
Skyler Thomas,43418,S,WASH STATE,13,21,0,64.3,0,0,341,2,0,51.3,53.0,61.0,66.2,54.9,37.6,2,2,0,4,52,24.8,25,3,2,98.2,27,0,0,210,23,423,851,35,0,0,35,0,260,816,19,409,323,16,55,3,42,4,6,429,162,15.9
Milo Eifler,43421,LB,ILLINOIS,13,9,0,72.4,0,0,187,1,1,64.0,58.3,14.3,56.0,56.7,46.3,0,4,0,0,27,22.8,18,1,3,99.2,21,1,0,452,4,324,841,120,0,0,120,0,7,721,39,478,257,37,52,9,29,5,1,176,127,8.4
Hauati Pututau,43425,DI,UTAH,14,4,3,,0,0,328,0,0,60.0,61.7,50.4,57.8,66.1,26.2,0,5,0,0,,33.3,3,0,1,0.0,0,1,0,1,0,0,263,262,23,230,0,9,0,1,167,96,0,3,2,0,0,6,0,0,0,
Racheem Boothe,43426,LB,SO MISS,9,13,0,66.7,0,1,296,1,0,65.5,74.2,86.5,62.7,77.8,71.1,3,9,0,0,16,10.2,5,2,0,87.7,6,4,0,402,0,181,470,41,0,0,41,0,0,429,87,202,27,21,31,1,9,16,0,65,50,10.8
Jordan Smith,43427,ED,UAB,14,12,1,50.0,0,3,321,0,0,53.9,92.0,0.0,91.5,92.7,76.4,21,23,0,0,15,8.0,4,0,9,75.0,1,8,1,15,0,9,539,523,0,5,514,4,0,16,304,226,1,35,34,7,2,52,0,15,9,15.0
Michael Pitts,43431,ED,CINCINNATI,13,2,1,66.7,0,0,138,1,0,61.4,65.5,67.6,62.1,66.9,51.0,2,13,0,0,16,25.0,7,0,1,81.3,2,4,0,97,0,42,462,365,0,2,320,43,0,97,238,182,0,19,19,5,3,19,0,17,5,8.5
Jacob Covington,43432,DI,ARMY,13,5,0,0.0,0,0,114,1,0,62.7,66.4,87.0,59.7,67.6,69.0,5,5,0,0,,10.0,4,0,0,39.6,0,5,0,6,0,1,668,661,188,184,28,261,0,7,325,342,0,23,31,4,1,15,0,0,0,
Cedric Stone,43438,S,GA STATE,13,6,0,53.1,0,1,175,1,0,62.4,61.3,44.1,,59.7,56.9,0,0,0,0,34,18.6,11,4,1,78.0,17,0,0,165,2,258,558,2,0,0,2,0,152,556,0,300,236,11,42,2,32,0,1,163,89,9.6
Ayo Shogbonyo,43441,ED,ILLINOIS,13,3,0,,0,1,187,0,0,58.8,60.2,74.7,60.1,59.3,48.8,5,13,0,0,,20.6,7,0,1,0.0,0,3,0,1,0,2,651,650,0,5,628,17,0,1,270,379,0,17,24,8,0,21,0,0,0,
Elorm Lumor,43448,ED,RUTGERS,11,4,0,71.4,0,0,278,0,0,63.6,60.2,26.6,63.6,58.4,61.1,4,4,0,0,14,14.3,4,1,3,123.2,5,4,0,15,0,73,438,396,0,0,396,0,0,42,149,216,27,8,20,1,7,12,1,37,22,7.4
Daelin Hayes,43449,ED,NOTRE DAME,4,1,1,,0,0,258,1,0,62.5,64.5,83.6,63.7,61.4,80.2,1,1,0,0,,16.7,1,0,0,0.0,0,1,0,0,0,9,97,95,0,0,95,0,0,2,44,44,2,5,4,2,0,3,0,0,0,
John Tate IV,43451,DI,MEMPHIS,14,5,1,,1,0,218,0,0,,71.4,45.3,67.1,72.4,80.0,1,7,0,0,,0.0,0,0,1,0.0,0,0,0,0,0,0,217,216,28,188,0,0,0,1,105,112,0,10,11,2,0,8,0,0,0,
Allen Cater,43452,ED,N CAROLINA,13,3,2,50.0,0,0,245,0,0,43.6,53.3,33.8,59.6,55.9,38.9,3,9,0,0,11,21.7,5,0,3,56.3,3,2,0,24,0,37,497,472,0,6,451,15,0,25,249,211,1,10,15,2,6,14,0,17,19,5.7
Trenton Thompson,43455,S,S DIEGO ST,12,7,0,62.5,1,0,284,0,0,70.1,71.1,0.0,61.3,82.0,65.8,1,0,0,0,52,13.6,6,2,4,115.4,10,0,0,206,3,277,436,16,0,0,16,0,91,420,12,147,119,7,31,2,16,1,1,155,23,15.5
Noel Cook,43456,ED,APP STATE,14,23,0,83.3,1,0,108,0,0,58.4,62.4,46.9,57.0,67.9,70.2,3,11,0,1,26,10.1,7,0,3,81.3,10,3,0,70,0,93,685,598,0,0,597,1,0,87,235,357,17,27,39,3,12,17,1,62,70,6.2
David Belvin III,43463,ED,FAU,11,4,0,100.0,0,0,165,0,0,58.2,47.1,82.9,53.6,42.6,64.2,1,2,0,0,-1,11.1,1,0,0,79.2,1,0,0,24,0,16,122,97,1,0,87,9,0,25,58,48,0,4,4,0,1,3,0,-1,5,-1.0
Roland Walder,43464,ED,BOWL GREEN,11,3,0,100.0,0,1,122,0,0,49.7,61.0,85.7,56.8,64.4,81.7,1,3,0,0,6,0.0,0,0,0,87.5,2,1,0,2,0,10,216,212,0,1,203,8,0,4,68,138,1,13,16,1,2,5,0,10,5,5.0
Bopete Keyes,43467,CB,TULANE,12,6,0,49.1,2,0,319,0,0,69.5,64.3,50.6,49.0,43.2,43.9,0,1,0,1,40,23.3,14,5,4,73.5,28,0,0,28,656,356,728,0,0,0,0,0,2,728,5,367,38,12,40,1,57,1,2,357,84,12.8
Freddie McGee III,43471,CB,E MICHIGAN,12,2,0,60.0,1,1,160,0,0,75.3,73.7,83.7,,60.0,58.5,0,0,0,0,36,20.5,8,2,3,83.9,18,0,0,23,366,201,396,1,0,0,1,0,5,395,0,195,1,9,29,1,30,0,1,149,52,8.3
Barrington Wade,43472,LB,IOWA,7,2,0,100.0,0,0,192,0,0,56.4,56.4,76.6,57.9,57.6,31.6,0,0,0,0,7,33.3,2,0,0,95.8,1,0,0,13,0,15,39,7,0,0,7,0,0,32,2,22,19,1,2,0,1,0,0,7,7,7.0
Akil Jones,43475,LB,COLORADO,12,18,0,69.2,0,0,143,0,0,39.3,59.8,83.2,70.9,71.2,79.4,2,7,0,0,37,7.6,5,0,0,107.9,18,0,0,371,0,168,439,25,0,0,25,0,0,414,43,228,43,22,43,3,26,9,1,220,113,12.2
Demetrius Stitmon,43485,LB,DOMINION,8,3,0,100.0,0,0,263,0,0,57.4,61.3,72.7,55.5,65.3,70.9,0,3,0,0,16,11.1,1,0,0,112.5,2,0,0,61,0,26,66,0,0,0,0,0,0,66,2,38,4,3,5,0,2,3,0,22,28,11.0
Jerney Jones,43490,HB,MISSOURI,1,0,0,,0,0,229,0,0,,60.0,60.0,,60.0,,0,0,0,0,,,0,0,0,0.0,0,0,0,0,0,0,1,0,0,0,0,0,0,1,0,1,0,0,0,0,0,0,0,0,0,
Jonathan Jones,43492,LB,NOTRE DAME,1,0,0,,0,0,258,0,0,,47.9,60.0,,60.0,16.7,0,0,0,0,,100.0,1,0,0,0.0,0,0,0,0,0,0,1,0,0,0,0,0,0,1,0,1,0,0,0,0,0,0,0,0,0,
Carter Coughlin,43498,ED,MINNESOTA,13,7,2,60.0,0,2,225,1,0,79.3,85.1,90.8,81.1,77.1,68.3,10,37,0,0,28,21.6,11,1,0,118.3,3,6,0,24,0,48,598,569,0,0,569,0,0,29,295,255,2,33,33,4,5,53,1,32,9,10.7
Nick Niemann,43500,S,IOWA,12,9,0,73.7,0,0,192,0,0,67.7,65.8,48.5,55.7,66.1,74.0,2,1,1,1,31,12.9,4,0,1,106.6,14,2,0,94,0,208,446,77,0,0,77,0,0,369,38,200,275,8,18,1,19,5,3,116,76,8.3
Nate Evans,43502,LB,UCF,13,16,0,65.2,1,1,323,1,0,56.4,74.7,57.9,74.9,84.3,85.0,3,8,0,0,26,7.6,9,3,2,86.9,30,2,0,507,2,286,661,73,0,1,72,0,0,588,48,327,79,56,93,11,46,13,1,256,182,8.5
Julius Turner,43504,DI,RUTGERS,12,13,0,,0,0,278,0,0,53.6,65.1,14.8,64.7,69.7,38.1,4,9,0,0,,20.5,9,0,6,0.0,0,2,0,1,0,0,562,561,193,307,6,55,0,1,260,302,0,20,22,0,0,15,0,0,0,
Alex Highsmith,43507,ED,CHARLOTTE,13,12,2,100.0,1,1,136,0,0,79.3,85.8,22.7,91.4,72.4,82.6,9,26,0,0,9,6.6,4,0,6,83.3,2,16,0,2,0,35,759,755,0,1,747,7,0,4,322,402,2,43,45,8,2,51,0,8,8,4.0
William Kwenkeu,43510,LB,TEMPLE,3,0,0,100.0,0,0,306,0,0,39.0,27.7,71.0,59.1,29.9,25.3,0,0,0,0,9,50.0,2,0,0,104.2,1,0,0,23,0,4,23,0,0,0,0,0,0,23,1,18,0,1,2,0,1,0,0,9,10,9.0
Kobe Jones,43511,ED,MISS STATE,13,10,0,100.0,0,1,227,0,0,54.8,65.5,86.6,66.4,62.8,42.8,3,13,0,0,16,21.9,7,0,1,112.5,3,4,0,1,0,8,454,453,0,4,365,84,0,1,231,215,0,11,15,2,3,20,0,33,25,11.0
Terry Thomas,43517,DI,GA STATE,13,6,2,,0,0,175,1,0,,66.9,67.4,57.3,72.1,72.0,1,10,0,0,,9.1,3,0,1,0.0,0,2,0,0,0,0,612,611,0,94,17,500,0,1,304,308,0,22,24,2,0,13,0,0,0,
Chris Crumb,43519,DI,BALL ST,12,9,0,,0,1,117,0,0,64.4,75.9,39.9,66.9,79.5,66.8,2,8,0,0,,8.5,4,0,3,0.0,0,1,1,1,0,2,610,609,105,472,3,29,0,1,285,323,0,24,34,5,0,11,0,0,0,
Cedric Wood,43521,DI,FLORIDA ST,12,4,0,,0,0,167,0,0,60.0,69.2,83.0,60.6,71.8,80.8,1,7,0,0,,6.7,1,0,0,0.0,0,3,0,0,0,0,359,359,25,172,1,161,0,0,180,179,0,5,10,0,0,11,0,0,0,
Cassh Maluia,43524,LB,WYOMING,13,16,1,80.0,0,0,351,0,0,55.7,65.3,86.7,69.2,67.9,55.7,5,12,0,2,31,16.0,13,1,0,76.9,32,1,0,740,0,398,838,47,0,0,47,0,3,791,78,362,48,32,52,6,40,18,0,298,222,9.3
Dexter Myers,43525,CB,UTSA,1,0,0,,0,0,331,0,0,,60.0,65.6,,60.0,,0,0,0,0,,,0,0,0,0.0,0,0,0,0,2,0,2,0,0,0,0,0,0,2,0,2,0,0,0,0,0,0,0,0,0,
Theo Majette,43526,DI,KENT STATE,12,7,0,,0,1,201,0,0,60.5,78.1,72.7,75.5,75.0,42.4,8,26,0,0,,25.5,13,0,1,0.0,0,5,0,1,0,0,699,698,98,261,17,322,0,1,347,352,0,29,31,4,0,39,0,0,0,
Grayland Arnold,43528,S,BAYLOR,13,2,0,50.0,0,0,118,0,0,81.7,74.1,54.2,68.4,51.6,54.5,0,0,0,6,33,19.6,11,2,1,36.6,18,1,0,153,4,417,710,9,0,0,9,0,159,701,2,291,384,15,43,2,36,1,1,200,91,11.1
Frank Coppet,43530,S,VANDERBILT,2,0,0,,0,0,333,0,0,65.8,59.2,73.8,,49.5,,0,0,0,0,,,0,0,0,0.0,0,0,0,6,0,15,25,0,0,0,0,0,15,25,0,10,4,0,0,0,0,0,0,0,0,
Jordan Young,43537,LB,DOMINION,12,25,1,66.7,0,1,263,0,0,70.1,70.2,85.2,60.3,67.7,61.8,0,7,0,1,32,15.2,16,1,0,91.0,18,1,0,634,0,305,681,6,0,0,6,0,0,675,27,349,41,47,64,7,27,8,2,156,91,8.7
Darrell Baker Jr.,43542,S,GA SOUTHRN,13,9,0,44.4,0,0,174,0,0,48.3,53.9,83.7,62.7,70.5,56.2,0,2,0,0,73,11.5,3,2,2,128.2,8,0,0,42,15,147,247,0,0,0,0,0,98,247,4,96,91,5,14,0,18,2,2,228,109,28.5
Marlon Character,43550,CB,LOUISVILLE,13,3,0,58.8,0,0,210,0,0,63.7,58.5,0.0,77.3,40.1,55.8,0,0,0,0,67,17.9,5,1,2,132.7,10,1,0,18,173,158,296,1,0,0,1,0,3,295,5,133,101,5,20,0,17,1,2,173,62,17.3
Chigozie Nnoruka,43552,DI,MIAMI FL,13,2,0,,0,0,220,0,0,,77.7,16.2,57.6,89.4,77.5,1,1,0,0,,0.0,0,0,2,0.0,0,0,0,0,0,0,206,206,40,163,0,3,0,0,97,109,0,5,7,1,0,2,0,0,0,
Caden Andersen,43554,DI,UTAH ST,13,5,0,,0,0,329,0,0,62.7,61.5,81.5,54.6,62.6,79.8,0,5,0,0,,0.0,0,0,0,0.0,0,0,0,0,0,0,222,222,24,175,8,15,0,0,104,118,0,6,11,0,0,5,0,0,0,
Ben Stille,43555,ED,NEBRASKA,12,8,1,,0,0,238,0,0,61.3,70.3,85.6,69.1,66.3,71.7,7,13,0,0,,9.4,3,0,0,0.0,0,2,0,2,0,0,464,462,2,73,254,133,0,2,237,227,0,18,21,3,0,22,0,0,0,
Andrew Tarver,43558,DI,FIU,13,16,0,,0,0,166,0,0,68.3,71.9,65.4,62.1,73.5,63.8,0,5,0,0,,5.9,2,0,1,0.0,0,1,0,0,0,0,391,391,214,175,0,2,0,0,166,225,0,11,16,0,0,6,0,0,0,
Jerome Johnson,43560,DI,INDIANA,13,13,0,,0,0,190,0,0,62.2,76.2,51.7,59.1,86.5,72.7,3,12,0,0,,14.0,6,0,2,0.0,0,5,0,9,0,1,574,564,1,423,59,81,0,10,309,264,1,20,24,3,0,20,0,0,0,
Dylan James,43561,ED,RICE,1,0,0,,0,0,275,0,0,,60.0,60.0,,60.0,,0,0,0,0,,,0,0,0,0.0,0,0,0,0,0,0,1,0,0,0,0,0,0,1,0,1,0,0,0,0,0,0,0,0,0,
Eric Popp,43565,LB,OHIO,10,14,0,77.3,0,1,259,0,0,57.5,58.8,82.7,62.8,58.0,65.9,0,4,0,0,28,13.8,8,0,0,111.4,17,1,0,447,2,207,538,29,0,0,29,0,2,509,44,287,58,18,36,2,22,5,1,157,106,9.2
Lawrence Graham,43566,LB,TULANE,12,15,0,58.3,0,1,319,0,0,49.8,51.1,0.5,62.0,55.1,50.4,12,6,0,0,19,18.5,15,1,3,70.5,14,1,0,619,0,241,664,22,0,0,22,0,0,642,91,332,20,30,51,3,24,19,0,114,95,8.1
Ben LeRoy,43573,DI,N ILLINOIS,10,4,0,,0,0,254,0,0,63.2,74.4,52.1,61.5,79.0,79.6,1,5,0,0,,0.0,0,0,1,0.0,0,0,0,4,0,0,276,272,30,241,0,1,0,4,129,147,0,10,12,1,0,6,0,0,0,
Michail Carter,43577,DI,GEORGIA,9,1,0,,0,0,173,0,0,60.0,48.3,8.3,53.0,52.6,72.9,0,1,0,0,,0.0,0,0,1,0.0,0,0,0,2,0,0,84,82,16,50,4,12,0,2,67,17,0,1,1,0,0,1,0,0,0,
Sam Franklin Jr.,43580,LB,TEMPLE,13,16,1,78.6,0,0,306,2,1,65.9,66.0,7.2,68.9,69.1,47.3,2,12,1,1,40,22.9,22,2,6,103.9,44,1,0,340,1,476,946,83,0,0,83,0,9,863,47,423,512,29,58,6,56,15,2,441,257,10.0
Treyjohn Butler,43583,CB,STANFORD,1,0,0,100.0,0,0,300,0,0,56.7,57.0,72.5,,60.0,74.2,0,0,0,0,30,0.0,0,0,0,118.8,1,0,0,0,17,13,17,0,0,0,0,0,0,17,0,4,0,0,1,0,1,0,0,30,8,30.0
Robert Cheatem,43596,CB,CHARLOTTE,3,0,0,,0,0,136,0,0,60.6,62.2,67.2,,60.3,,0,0,0,0,,,0,0,0,0.0,0,0,0,2,5,2,8,0,0,0,0,0,0,8,0,6,0,0,0,0,0,0,0,0,0,
Jeremiah Jones,43597,CB,TROY,6,0,0,100.0,0,0,318,0,0,62.7,59.2,79.7,60.3,49.5,76.9,0,0,0,0,4,0.0,0,0,0,83.3,2,1,0,7,0,20,47,15,0,0,15,0,0,32,10,17,23,3,2,0,2,1,0,8,2,4.0
Kyle Williams,43601,CB,UCONN,8,7,0,73.9,0,0,146,0,0,59.2,60.6,84.1,,64.4,76.8,0,0,0,0,32,7.4,2,1,0,129.4,17,0,0,38,1,155,247,0,0,0,0,0,0,247,0,92,208,2,18,0,23,0,2,203,138,11.9
Nick Oelrich,43609,S,FLORIDA,4,0,0,66.7,0,0,163,0,0,54.5,50.9,75.9,59.5,49.2,76.9,0,0,0,0,29,0.0,0,0,0,104.9,2,0,0,5,0,13,33,0,0,0,0,0,19,33,1,19,9,0,1,0,3,0,0,34,10,17.0
Miles Daniel,43623,CB,KENT STATE,6,1,0,100.0,0,0,201,0,0,59.2,65.9,75.7,,74.3,83.5,0,0,0,0,20,0.0,0,0,0,118.8,1,0,0,7,31,14,41,1,0,0,1,0,0,40,0,27,1,1,5,0,1,0,0,20,1,20.0
Elijah Barnett,43625,ED,KENTUCKY,1,2,0,0.0,0,0,202,0,0,62.2,66.1,75.9,57.7,64.4,77.0,0,0,0,0,,0.0,0,0,0,39.6,0,0,0,0,0,6,12,6,0,0,6,0,0,6,3,3,6,0,0,0,1,0,0,0,0,
Remy Lazarus,43627,S,GA STATE,9,13,1,53.8,0,1,175,1,0,68.7,67.8,85.8,71.4,62.6,61.0,0,1,0,1,30,16.2,11,4,0,85.6,7,0,0,210,5,299,578,3,0,0,3,0,314,575,9,270,45,19,44,1,13,1,2,97,18,13.9
Jabari Watson,43628,ED,BOISE ST,4,0,0,,0,0,120,0,0,,69.2,77.6,54.5,80.1,78.5,0,1,0,0,,14.3,1,0,0,0.0,0,1,0,0,0,0,53,53,2,3,36,12,0,0,35,18,0,5,6,1,0,2,0,0,0,
Jon-Michael Terry,43635,ED,OKLAHOMA,6,4,0,80.0,0,0,261,0,0,45.5,62.8,86.8,59.7,74.5,70.8,1,5,0,0,18,11.8,2,0,0,101.7,4,1,0,1,0,43,209,205,0,0,205,0,0,4,82,84,2,8,11,2,5,7,0,42,45,10.5
Jake Hansen,43645,LB,ILLINOIS,9,13,0,63.0,0,6,187,3,0,79.1,80.6,57.2,86.6,74.2,74.1,1,2,0,1,25,10.7,8,0,1,94.2,17,4,0,333,0,254,643,68,0,0,68,0,2,575,25,364,239,30,54,4,27,7,2,197,97,11.6
Kyle Meyers,43646,CB,FLORIDA ST,4,0,0,75.0,0,0,167,0,0,55.7,58.5,77.5,60.0,70.2,81.2,0,0,0,0,36,0.0,0,0,1,116.7,3,0,0,12,72,54,85,0,0,0,0,0,0,85,1,30,0,1,5,0,4,0,0,62,6,20.7
Daniel Isom,43647,CB,WASH STATE,9,4,0,57.1,0,1,341,0,0,62.2,58.8,31.9,56.2,50.8,47.5,0,1,0,0,48,17.1,6,1,1,90.8,12,0,0,56,109,231,417,6,0,0,6,0,92,411,3,183,154,7,25,1,21,1,0,207,78,17.3
Alexy Jean-Baptiste,43651,ED,FIU,10,3,1,,1,1,166,1,0,60.0,71.2,21.5,73.3,68.6,56.7,2,12,0,0,,20.8,5,0,2,0.0,0,7,0,0,0,1,222,222,0,3,195,24,0,0,120,101,0,13,16,4,0,21,0,0,0,
Alex Turner,43661,DI,E CAROLINA,12,7,0,,0,1,156,1,0,57.7,72.3,87.0,59.1,77.5,49.8,3,17,0,0,,14.0,7,0,0,0.0,0,4,0,0,0,0,862,862,38,820,0,4,0,0,426,436,0,34,36,7,0,24,0,0,0,
De'Andre Williams,43664,DI,TULANE,13,16,0,,0,0,319,0,0,60.0,71.1,72.5,62.1,73.8,61.6,2,14,0,0,,13.2,9,0,1,0.0,0,2,0,0,0,0,685,683,221,131,8,323,0,2,328,357,0,37,43,3,0,18,0,0,0,
Jaylin Thomas,43665,LB,BALL ST,12,18,1,81.6,0,0,117,1,0,57.4,77.0,86.3,57.7,86.3,66.7,2,6,0,0,52,12.8,14,1,0,108.3,31,0,0,706,1,320,767,19,0,0,19,0,6,748,46,401,35,51,77,8,38,8,1,300,236,9.7
Joe Ozougwu,43676,ED,N TEXAS,10,10,0,80.0,0,0,251,0,0,69.2,68.3,69.8,69.8,63.4,58.8,4,6,0,0,13,13.3,6,1,1,80.4,16,3,0,103,0,132,525,396,0,0,396,0,0,129,150,243,25,27,29,1,20,13,0,66,48,4.1
Levi Onwuzurike,43679,DI,WASHINGTON,13,8,0,,0,0,340,0,0,66.4,82.5,32.2,78.7,80.9,73.3,5,22,0,0,,6.4,3,0,3,0.0,0,4,0,7,0,0,504,497,184,274,10,29,0,7,277,227,0,29,36,2,0,31,0,0,0,
Monquavion Brinson,43696,CB,GA SOUTHRN,13,4,0,61.5,5,0,174,0,0,62.0,61.1,0.0,58.3,65.9,60.5,0,0,0,0,75,16.3,8,8,10,133.9,40,0,0,50,627,419,741,2,0,0,2,0,2,739,1,321,58,8,37,0,65,0,8,639,180,16.0
Perry Young,43698,LB,CINCINNATI,14,19,1,60.5,1,0,138,0,0,87.1,60.5,64.6,64.8,41.2,76.5,5,11,1,2,54,9.1,8,2,1,72.6,23,1,0,837,3,415,932,64,0,0,64,0,2,868,103,414,26,42,61,8,38,17,2,223,194,9.7
Jonathan Smith,43700,LB,N CAROLINA,3,3,0,,0,0,245,0,0,65.0,62.0,73.9,57.5,58.6,79.0,0,2,0,0,,0.0,0,0,0,0.0,0,0,0,49,0,19,49,0,0,0,0,0,0,49,2,28,0,0,1,0,0,2,0,0,0,
Marlon Dunlap Jr.,43701,DI,FLORIDA,8,2,0,,0,0,163,0,0,63.6,60.2,80.9,59.3,53.3,54.1,2,6,0,0,,50.0,3,0,0,0.0,0,2,0,0,0,0,137,136,39,90,2,5,0,1,101,36,0,3,1,0,0,10,0,0,0,
Reese Donahue,43703,DI,W VIRGINIA,12,7,1,,0,0,343,0,0,63.2,62.4,65.5,60.5,61.6,76.8,4,9,0,0,,7.4,2,0,1,0.0,0,3,0,1,0,0,493,492,13,344,38,97,0,1,242,251,0,12,18,1,0,16,0,0,0,
Anthony Trinh,43707,ED,STANFORD,3,0,0,,0,0,300,0,0,60.0,40.0,0.0,50.8,49.4,24.3,0,1,0,0,,60.0,3,0,1,0.0,0,0,0,3,0,1,21,13,0,0,13,0,0,8,2,18,5,0,2,0,0,1,0,0,0,
Jacob Morgenstern,43708,S,DUKE,1,0,0,,0,0,154,0,0,,60.3,,,60.0,,0,0,0,0,,,0,0,0,0.0,0,0,0,0,0,0,1,0,0,0,0,0,0,1,0,1,0,0,0,0,0,0,0,0,0,
Tyrone Hopper,43714,ED,N CAROLINA,12,3,0,50.0,0,0,245,0,0,66.4,69.0,87.4,60.7,71.4,74.0,0,2,0,0,45,6.7,1,0,0,135.4,1,2,0,9,0,44,233,194,2,6,175,11,0,39,84,105,30,11,11,0,2,4,1,45,50,45.0
Bruno DeRose,43718,LB,BOISE ST,10,3,0,100.0,0,0,120,0,0,51.3,60.6,77.8,64.3,71.8,63.1,1,1,0,0,28,12.5,2,0,0,154.9,6,1,0,103,0,66,115,5,0,0,5,0,0,110,7,42,7,7,11,0,6,3,1,70,44,11.7
Anthony Butler,43726,ED,CHARLOTTE,2,0,0,,0,0,136,0,0,64.0,59.4,75.2,55.8,55.8,77.4,0,0,0,0,,0.0,0,0,0,0.0,0,0,0,8,0,9,19,11,0,0,11,0,0,8,3,7,0,2,3,0,0,0,0,0,0,
Quincy Roche,43734,ED,TEMPLE,13,10,4,,0,1,306,2,0,66.3,93.5,64.4,93.3,86.7,65.1,13,42,0,0,,18.2,8,0,2,0.0,0,13,0,8,0,15,710,700,0,0,683,17,0,10,392,303,1,34,26,5,0,68,0,0,0,
Bryce Morais,43735,ED,BOSTON COL,13,7,0,,0,0,121,0,0,60.0,60.0,83.7,56.1,62.3,47.3,2,11,0,0,,22.7,5,0,0,0.0,0,0,0,3,0,0,326,323,11,82,131,99,0,3,200,126,0,6,10,0,0,13,0,0,0,
Marcus Brown,43739,DI,CINCINNATI,14,10,0,,0,1,138,1,0,60.0,70.0,34.8,70.4,69.6,76.9,1,8,0,0,,2.9,1,0,3,0.0,0,2,0,0,0,0,476,476,341,124,0,11,0,0,227,249,0,17,23,3,0,11,0,0,0,
Elijah Ponder,43743,ED,CINCINNATI,14,7,0,,0,0,138,0,0,66.2,79.2,52.2,68.8,83.0,61.5,7,18,0,0,,16.7,6,0,2,0.0,0,2,0,2,0,3,561,559,11,203,154,191,0,2,318,240,0,21,23,4,0,27,0,0,0,
Chris Martin,43745,DI,GA TECH,9,2,0,,0,0,176,0,0,59.5,45.4,16.6,54.7,46.5,27.2,1,6,0,0,,55.6,5,0,2,0.0,0,0,0,0,0,1,218,218,13,174,4,27,0,0,98,119,0,2,2,0,0,7,0,0,0,
Curtis Weaver,43751,ED,BOISE ST,14,11,2,75.0,0,1,120,0,0,66.7,91.0,68.1,92.4,81.8,64.2,14,30,0,1,19,28.0,14,2,2,62.5,6,15,0,60,3,105,820,739,0,0,739,0,0,81,383,332,18,33,25,5,8,59,0,72,28,12.0
Brandon Barlow,43762,ED,BOSTON COL,13,5,0,100.0,0,1,121,0,0,59.6,69.2,87.6,63.6,71.2,65.2,2,19,0,0,23,12.5,4,0,0,158.3,3,3,0,23,0,22,471,447,0,16,430,1,0,24,237,212,1,20,23,6,3,24,1,39,23,13.0
Chance Purvis,43763,ED,E CAROLINA,12,8,0,,0,0,156,0,0,60.1,66.6,63.5,59.7,71.1,52.8,6,11,0,0,,16.3,8,0,2,0.0,0,4,0,0,0,5,716,716,0,10,646,60,0,0,360,351,0,26,33,8,0,21,0,0,0,
JaVante Hubbard,43775,DI,RICE,11,3,0,,0,0,275,0,0,60.0,53.3,38.4,63.4,50.2,61.6,1,6,0,0,,16.7,3,0,2,0.0,0,1,0,0,0,0,304,304,143,137,9,15,0,0,145,159,0,9,12,2,0,8,0,0,0,
Austin Schulte,43781,DI,IOWA,13,2,0,,0,0,192,0,0,60.0,59.6,84.3,59.5,57.7,75.1,1,4,0,0,,0.0,0,0,0,0.0,0,0,0,0,0,0,192,192,49,143,0,0,0,0,112,80,0,4,6,1,0,5,0,0,0,
Marcel Southall,43793,DI,FAU,13,3,0,,0,0,165,0,0,57.7,59.2,23.9,55.7,68.4,80.0,1,8,0,0,,0.0,0,0,2,0.0,0,0,0,4,0,7,266,261,24,141,45,51,0,5,164,95,0,9,10,1,0,9,0,0,0,
Rashad Smith,43811,LB,FAU,14,26,0,74.5,0,1,165,5,1,83.3,73.3,87.2,64.3,65.3,73.6,6,13,0,3,32,11.7,14,0,0,61.6,35,4,0,592,3,412,885,159,0,0,159,0,3,726,93,380,127,56,80,9,47,23,0,271,150,7.7
Cale Garrett,43813,LB,MISSOURI,5,4,0,66.7,0,0,229,1,1,91.4,89.0,84.0,60.0,78.6,81.6,2,3,2,3,9,7.0,3,2,0,30.6,8,2,0,201,0,126,253,47,0,0,47,0,0,206,28,99,5,26,36,3,12,7,0,33,36,4.1
Paddy Fisher,43822,LB,NWESTERN,12,23,0,63.6,0,2,256,0,0,77.6,71.4,85.5,45.5,66.7,53.6,2,7,0,1,49,17.8,19,5,1,65.8,28,0,0,714,1,400,782,1,0,0,1,0,0,781,28,354,66,40,65,4,44,9,0,213,173,7.6
Myles Rice,43825,ED,WASHINGTON,5,0,0,100.0,0,0,340,0,0,53.6,52.1,78.9,55.7,52.9,46.1,0,5,0,0,9,16.7,1,0,0,104.2,1,0,0,0,0,5,70,70,0,7,46,17,0,0,45,20,0,4,5,1,1,5,0,9,7,9.0
Xavior Motley,43826,CB,OHIO,10,4,0,45.5,0,0,259,0,0,68.0,69.8,82.6,74.5,68.1,79.6,0,1,0,0,42,5.3,1,3,3,70.3,10,1,0,20,255,170,291,5,0,0,5,0,3,286,5,116,8,5,14,0,22,2,0,160,40,16.0
Kenny Hebert,43827,ED,VANDERBILT,11,2,1,100.0,0,0,333,0,0,55.8,56.2,38.8,64.2,52.7,50.8,3,9,0,0,21,21.1,8,0,2,124.3,12,2,0,59,1,63,404,317,0,1,316,0,1,87,157,184,26,19,28,6,12,14,1,86,83,7.2
Isaiah Chambers,43848,ED,HOUSTON,10,2,0,100.0,0,1,182,0,0,56.3,63.8,33.9,78.1,49.2,62.6,7,4,0,0,54,14.3,1,0,1,158.3,1,5,0,0,0,1,143,143,0,3,126,14,0,0,87,55,0,8,4,2,1,16,1,54,29,54.0
Terrell Townsend,43854,ED,S JOSE ST,8,1,0,,0,0,285,0,0,60.0,51.9,78.7,53.4,57.4,72.8,0,1,0,0,,0.0,0,0,0,0.0,0,0,0,0,0,0,78,78,17,18,12,31,0,0,42,36,0,1,1,0,0,1,0,0,0,
Sean Brown,43855,DI,S ALABAMA,12,5,0,,0,0,288,0,0,61.5,67.6,88.0,64.4,66.2,61.7,3,5,0,0,,12.0,3,0,0,0.0,0,1,0,0,0,1,535,535,496,36,3,0,0,0,232,302,0,16,17,2,0,9,0,0,0,
Cole Christiansen,43856,LB,ARMY,12,26,0,82.4,0,1,114,1,0,60.4,57.6,84.3,62.4,54.0,74.6,0,11,0,0,23,11.0,13,1,0,102.8,28,7,0,680,0,256,745,22,0,0,22,0,3,723,106,383,39,37,79,1,34,18,1,215,164,7.7
De'Jon Harris,43858,LB,ARKANSAS,12,18,0,89.7,0,2,111,2,1,55.4,68.4,84.4,65.8,73.6,73.8,0,10,0,0,46,12.0,12,1,0,113.9,26,2,0,608,0,283,666,13,0,0,13,0,1,653,65,318,44,41,70,5,29,12,1,249,236,9.6
David Marshall,43863,ED,GEORGIA,13,4,0,,0,0,173,0,0,60.0,61.0,36.5,58.6,63.9,81.1,0,1,0,0,,0.0,0,0,1,0.0,0,0,0,0,0,0,161,160,0,15,79,66,0,1,86,75,0,6,9,2,0,1,0,0,0,
Patrice Rene,43868,CB,N CAROLINA,2,1,0,66.7,0,0,245,0,0,63.4,59.5,77.4,57.2,46.3,60.9,0,0,0,0,10,14.3,1,0,0,119.4,2,0,0,7,65,44,73,1,0,0,1,0,0,72,2,27,0,1,5,0,3,0,1,16,3,8.0
Tyler Pistorio,43875,LB,NAVY,8,1,1,83.3,0,0,237,1,0,47.6,53.7,81.1,72.2,55.1,75.2,2,1,0,1,47,8.3,1,0,0,118.8,5,0,0,83,0,42,104,17,0,0,17,0,0,87,14,48,4,7,10,0,6,3,1,84,44,16.8
Derrick Brown,43883,DI,AUBURN,13,11,4,,0,2,115,2,0,71.2,90.4,28.0,89.9,84.7,87.8,10,20,0,0,,0.0,0,0,5,0.0,0,5,0,5,1,3,651,645,77,402,24,142,0,6,382,266,0,36,35,8,0,35,0,0,0,
AJ Garson,43884,ED,UCONN,1,0,0,,0,0,146,0,0,,57.1,67.5,57.1,,,0,0,0,0,,,0,0,0,0.0,0,0,0,0,0,0,2,2,0,0,2,0,0,0,2,0,0,0,0,0,0,0,0,0,0,
Randy Wade Jr.,43888,ED,GA SOUTHRN,13,9,3,73.3,0,2,174,0,0,73.1,68.9,69.7,72.3,60.7,60.1,3,7,0,0,15,16.9,11,1,1,86.8,11,4,0,88,1,139,545,382,0,0,382,0,0,163,131,275,73,32,45,7,15,14,0,85,59,7.7
William Davis,43891,DI,FAU,14,5,0,,0,0,165,1,0,68.5,62.6,86.6,68.4,54.9,59.6,1,9,0,0,,12.5,3,0,0,0.0,0,1,0,1,0,1,484,482,309,164,0,9,0,2,239,244,0,12,16,2,0,11,0,0,0,
JaJuan Blankenship,43896,DI,TULSA,9,1,0,,1,0,320,0,0,61.8,56.6,44.0,62.1,54.7,43.3,0,3,0,0,,22.2,2,0,1,0.0,0,0,0,0,0,0,182,181,165,6,3,7,0,1,78,104,0,4,6,0,0,3,0,0,0,
Lokeni Toailoa,43897,LB,UCLA,12,18,0,100.0,0,0,324,0,0,54.3,59.6,39.4,60.1,63.9,81.8,3,7,0,0,26,7.0,4,0,1,118.8,11,3,0,400,0,126,420,10,1,0,9,0,0,410,77,217,10,21,35,5,11,13,0,146,71,13.3
Noah Jones,43907,ED,TEXAS TECH,1,0,0,,0,0,315,0,0,,64.7,67.3,,62.6,,0,0,0,0,,,0,0,0,0.0,0,0,0,0,0,0,3,3,0,0,0,3,0,0,0,3,0,0,0,0,0,0,0,0,0,
Bo Peek,43908,DI,STANFORD,2,0,0,,0,0,300,0,0,,64.1,72.7,,62.1,,0,0,0,0,,,0,0,0,0.0,0,0,0,0,0,0,7,7,7,0,0,0,0,0,0,7,0,0,0,0,0,0,0,0,0,
Timmy Horne,43918,DI,CHARLOTTE,13,10,0,,0,0,136,1,0,62.4,68.0,85.5,54.5,72.0,79.1,0,9,0,0,,5.3,2,0,0,0.0,0,0,0,0,0,0,589,589,15,563,5,6,0,0,258,331,0,21,26,6,0,9,0,0,0,
D'Andre Christmas-Giles,43925,DI,TEXAS,1,0,0,,0,0,311,0,0,,67.7,72.9,67.1,61.7,,0,1,0,0,,,0,0,0,0.0,0,0,0,0,0,0,10,10,10,0,0,0,0,0,6,4,0,0,0,0,0,1,0,0,0,
Rod Stoddard,43926,DI,ARMY,13,6,0,,0,0,114,0,0,62.9,68.0,69.1,61.7,69.0,79.7,1,4,0,0,,0.0,0,0,1,0.0,0,0,0,0,0,2,465,464,362,100,0,2,0,1,173,290,0,11,11,0,0,5,0,0,0,
Shemarr Robinson,43930,ED,TULSA,12,6,1,,1,0,320,1,0,60.9,70.5,52.2,66.9,71.1,73.9,2,11,0,0,,3.8,1,0,3,0.0,0,1,0,0,0,0,544,542,37,148,202,155,0,2,265,279,0,18,19,1,0,14,0,0,0,
Alex Miller,43934,DI,NWESTERN,12,9,1,,0,0,256,0,0,53.0,79.5,68.3,69.1,83.8,74.3,8,15,0,0,,5.9,2,0,1,0.0,0,5,0,0,0,3,557,557,24,521,5,7,0,0,280,274,0,22,23,5,0,28,0,0,0,
Jairon McVea,43938,S,BAYLOR,9,2,0,77.8,0,0,118,0,0,74.6,73.9,83.5,,69.0,70.1,0,0,0,0,15,11.1,2,0,0,82.4,7,0,0,62,0,116,222,4,0,0,4,0,79,218,0,106,77,6,14,1,9,0,0,34,27,4.9
Ray Thornton,43941,ED,LSU,7,3,0,100.0,0,0,211,1,0,67.7,70.1,83.7,59.6,74.8,81.1,1,4,0,0,29,0.0,0,0,0,118.8,1,0,0,15,1,9,108,87,0,2,80,5,0,21,59,40,5,3,5,0,1,5,0,29,30,29.0
Connor Murphy,43946,ED,USC,9,1,0,,0,0,326,0,0,62.4,63.6,81.8,58.4,65.6,77.5,1,3,0,0,,0.0,0,0,0,0.0,0,1,0,0,0,4,133,133,0,15,111,7,0,0,75,54,0,2,2,0,0,5,0,0,0,
Tyler Hall,43958,CB,WYOMING,12,6,0,45.2,0,0,351,0,0,72.6,70.5,24.9,58.6,61.5,74.9,0,1,1,1,80,11.6,5,6,5,90.0,33,0,0,20,747,448,812,24,0,0,24,0,6,788,5,359,15,7,32,0,73,1,5,581,195,17.6
Nolan DeFranco,43973,ED,N CAROLINA,1,0,0,,0,0,245,0,0,,59.5,69.8,56.7,61.2,,0,0,0,0,,,0,0,0,0.0,0,0,0,0,0,0,6,6,0,0,2,4,0,0,3,3,0,0,0,0,0,0,0,0,0,
Pat Jones II,43974,ED,PITTSBURGH,13,6,1,100.0,2,4,268,0,0,63.9,82.5,36.4,84.2,75.7,49.1,8,44,0,0,7,24.4,10,0,4,95.8,1,10,0,1,0,0,684,682,0,0,663,19,0,2,415,269,0,30,25,2,1,62,0,7,10,7.0
Jeremiah Littles,43977,ED,S ALABAMA,12,5,0,,0,0,288,0,0,,61.2,79.6,62.3,59.0,57.6,1,7,0,0,,11.8,2,0,0,0.0,0,0,0,0,0,0,224,224,0,58,25,141,0,0,98,126,0,8,10,5,0,8,0,0,0,
David Hood,43980,DI,TOLEDO,12,4,0,,0,0,316,0,0,,57.0,82.2,59.8,54.4,66.7,0,1,0,0,,7.7,1,0,0,0.0,0,0,0,0,0,0,280,279,4,250,1,24,0,1,124,156,0,5,8,0,0,1,0,0,0,
Bradlee Anae,43982,ED,UTAH,14,5,2,66.7,3,1,328,0,0,46.1,74.7,15.2,88.3,65.0,47.3,10,39,0,0,12,26.5,9,0,7,84.0,2,13,0,2,0,29,756,751,1,23,657,70,0,5,447,280,3,25,20,1,3,62,0,19,11,9.5
Gary McCrae,43985,ED,LOUISVILLE,11,2,0,,0,1,210,0,0,81.9,62.4,23.5,55.3,60.9,31.8,0,3,0,0,,23.1,3,0,1,0.0,0,0,0,6,0,0,121,115,0,0,58,57,0,6,72,49,0,5,8,0,0,3,0,0,0,
Ilyaas Motley,43989,CB,OHIO,13,2,0,47.5,1,0,259,0,0,76.9,75.0,14.5,50.3,71.5,62.0,0,1,0,1,63,16.7,7,4,4,90.4,19,0,0,53,594,366,672,4,0,0,4,0,6,668,5,301,14,8,33,2,40,1,3,328,137,17.3
Joel Dublanko,43990,LB,CINCINNATI,14,8,0,50.0,0,1,138,0,0,77.0,72.1,80.2,67.9,63.1,74.8,0,3,0,0,5,7.4,2,0,0,56.3,1,1,0,203,0,67,216,9,0,0,9,0,0,207,24,125,3,9,17,2,2,4,0,5,9,5.0
Jaylin Bannerman,44002,ED,UTAH ST,5,1,0,,0,0,329,0,0,76.3,63.4,78.4,54.2,58.1,57.6,0,1,0,0,,20.0,1,1,0,0.0,0,0,0,4,1,3,42,37,0,0,32,5,0,5,11,28,0,1,3,0,0,1,0,0,0,
Khalil McDonald,44010,CB,S ALABAMA,4,1,0,100.0,0,0,288,0,0,47.7,55.7,75.3,,63.3,35.4,0,0,0,0,18,33.3,3,0,0,101.4,3,0,0,11,0,6,34,2,0,0,2,0,0,32,0,28,21,3,5,0,3,0,0,25,12,8.3
Daniel Joseph,44012,ED,PENN STATE,12,0,0,,1,0,266,0,0,61.7,57.8,27.7,63.7,54.1,58.6,0,4,0,0,,25.0,1,0,1,0.0,0,2,0,1,0,5,122,121,0,0,112,9,0,1,61,56,0,4,3,0,0,6,0,0,0,
Kenneth Ruff,44013,DI,SYRACUSE,12,2,1,,0,0,304,1,0,53.5,68.7,68.0,58.9,75.4,36.2,2,7,0,0,,25.0,5,0,1,0.0,0,0,0,1,0,3,522,520,57,441,0,22,0,2,278,241,0,8,13,1,0,9,0,0,0,
Mark Gooden,44014,ED,NWESTERN,2,0,0,,0,0,256,0,0,60.0,52.3,72.1,56.4,57.3,71.5,0,0,0,0,,0.0,0,0,0,0.0,0,0,0,0,0,0,8,8,0,0,7,1,0,0,5,3,0,1,1,0,0,0,0,0,0,
Jalen Madden,44015,DI,W KENTUCKY,13,4,0,,0,0,346,0,0,60.6,59.0,46.9,57.5,61.0,82.5,2,12,0,0,,4.0,1,0,2,0.0,0,1,0,0,0,2,471,471,67,369,0,35,0,0,248,221,0,18,20,1,0,15,0,0,0,
Siah Sa'o,44019,DI,VANDERBILT,3,2,0,,0,0,333,0,0,,66.9,73.3,57.3,67.8,74.3,0,0,0,0,,0.0,0,0,0,0.0,0,0,0,0,0,0,15,15,1,10,1,3,0,0,5,10,0,1,1,0,0,0,0,0,0,
Hamilcar Rashed,44025,ED,OREGON ST,12,12,3,75.0,0,2,265,1,0,74.5,79.6,77.4,78.0,73.8,71.2,3,17,0,0,26,15.9,10,1,1,128.1,6,15,0,9,1,78,649,623,0,0,622,1,0,26,296,275,16,48,41,8,8,35,1,46,40,7.7
Oluwaseun Oluwatimi,44028,DI,MARYLAND,12,5,0,,0,0,215,0,0,62.3,65.2,71.2,58.7,67.0,60.5,0,11,0,0,,13.0,3,0,1,0.0,0,1,0,0,0,1,540,539,282,253,1,3,0,1,275,264,0,14,15,6,0,12,0,0,0,
Dave Tolentino,44032,DI,NAVY,12,4,0,,0,0,237,0,0,60.0,68.7,82.2,63.3,68.7,65.4,0,6,0,0,,21.4,3,0,0,0.0,0,0,0,2,0,0,184,182,68,111,0,3,0,2,96,88,0,6,7,1,0,6,0,0,0,
Benito Jones,44035,DI,OLE MISS,12,5,0,,0,0,226,0,0,66.9,68.1,41.0,71.6,64.1,46.3,4,19,0,1,,22.2,8,0,3,0.0,0,5,0,0,0,1,558,558,414,105,2,37,0,0,314,243,0,22,23,3,0,28,0,0,0,
Kyle Ball,44037,ED,KANSAS ST,13,3,0,,0,0,199,0,0,65.3,67.5,64.4,69.8,61.2,29.8,3,24,0,0,,32.3,10,0,1,0.0,0,2,0,1,0,8,381,379,3,69,285,22,0,2,206,167,0,13,18,2,0,29,0,0,0,
Jarrod Carter-McLin,44042,ED,UTSA,12,11,2,100.0,1,0,331,1,0,59.0,57.7,23.2,63.3,56.6,50.7,2,11,0,1,10,25.6,11,0,4,60.4,2,4,0,1,0,13,527,525,0,80,400,45,0,2,260,254,0,18,21,4,2,17,0,16,4,8.0
Adetokunbo Ogundeji,44047,ED,NOTRE DAME,13,5,0,,1,3,258,1,1,60.1,82.2,38.0,84.2,75.1,80.6,4,13,0,0,,7.4,2,0,2,0.0,0,6,0,0,0,0,348,348,0,51,256,41,0,0,205,143,0,19,20,1,0,23,0,0,0,
Logan Thimons,44055,FB,W VIRGINIA,1,0,0,,0,0,343,0,0,,60.1,60.0,,60.0,,0,0,0,0,,,0,0,0,0.0,0,0,0,0,0,0,1,0,0,0,0,0,0,1,0,1,0,0,0,0,0,0,0,0,0,
Amani Jones,44063,ED,IOWA,7,1,0,,0,0,192,0,0,60.9,58.4,80.9,54.5,66.4,54.1,1,3,0,0,,33.3,1,0,0,0.0,0,1,0,6,0,1,51,45,0,1,44,0,0,6,40,10,0,2,1,0,0,5,0,0,0,
Shawn Walker,44064,ED,MIAMI FL,1,0,0,,0,0,220,0,0,,43.8,69.4,58.1,60.0,18.4,0,0,0,0,,100.0,1,0,0,0.0,0,0,0,0,0,0,4,4,0,0,4,0,0,0,3,1,0,0,0,0,0,0,0,0,0,
Emmett Rice,44078,LB,FLORIDA ST,13,20,0,73.3,0,0,167,1,0,58.4,63.4,82.9,64.5,64.8,54.9,2,4,0,0,31,16.5,15,0,0,91.7,22,3,0,486,2,255,542,26,0,0,26,0,4,516,52,235,24,33,56,2,30,9,0,205,168,9.3
T.J. Carter,44081,ED,KENTUCKY,13,5,0,,0,0,202,0,0,64.1,67.0,0.6,68.4,68.1,39.5,3,16,0,0,,27.8,10,0,5,0.0,0,2,0,0,0,0,464,464,2,75,110,277,0,0,223,241,0,19,21,4,0,21,0,0,0,
Willie Ross Jr.,44082,ED,TOLEDO,4,1,0,,0,0,316,0,0,60.2,62.7,74.6,59.9,63.5,46.8,0,0,0,0,,25.0,1,0,0,0.0,0,0,0,0,0,0,20,20,0,4,16,0,0,0,16,4,0,1,2,0,0,0,0,0,0,
Carter Bankston,44086,ED,NAVY,12,3,0,50.0,0,0,237,0,0,74.8,63.7,86.3,55.3,58.8,47.2,3,4,0,1,6,25.0,3,0,0,16.7,1,0,0,6,4,30,171,152,0,0,152,0,0,19,55,86,9,4,6,3,2,7,0,6,0,6.0
Drew Beesley,44091,ED,MICH STATE,13,2,1,,1,1,223,1,0,56.5,76.2,55.3,77.9,73.9,49.9,0,9,0,1,,18.8,3,0,1,0.0,0,2,0,0,0,2,261,261,0,2,255,4,0,0,136,123,0,10,11,4,0,11,0,0,0,
Khalil Ladler,44092,S,VA TECH,11,0,0,71.4,0,0,337,0,0,63.2,63.3,84.6,65.4,59.5,40.6,1,2,0,0,25,29.4,5,1,0,93.8,10,1,0,62,7,116,225,45,0,0,45,0,4,180,16,93,106,6,12,0,14,4,0,108,75,10.8
Sione Tupou,44093,LB,UTEP,10,12,0,73.3,0,0,330,0,0,55.3,60.6,84.8,65.9,61.8,64.3,3,4,0,0,61,12.5,8,0,0,106.5,11,1,0,502,0,234,518,8,0,0,8,0,0,510,34,250,7,27,44,0,15,8,0,156,126,14.2
Kevin Atkins,44094,DI,FRESNO ST,12,4,0,,0,1,169,0,0,61.7,56.3,60.1,62.9,50.6,32.4,1,22,0,0,,26.9,7,0,2,0.0,0,5,0,1,0,2,753,752,8,420,86,238,0,1,414,337,0,12,15,2,0,28,0,0,0,
Pita Tonga,44095,DI,UTAH,9,2,0,,0,0,328,0,0,60.0,74.6,78.5,68.3,73.8,75.6,0,1,0,1,,0.0,0,0,0,0.0,0,0,0,0,0,0,87,87,8,74,0,5,0,0,60,27,0,2,2,0,0,1,0,0,0,
Thomas Schaffer,44097,DI,STANFORD,12,6,0,,0,1,300,0,0,60.0,67.0,81.6,64.1,65.7,56.7,2,1,0,0,,12.5,2,0,0,0.0,0,1,0,0,0,0,234,234,12,122,7,93,0,0,107,127,0,9,8,4,0,4,0,0,0,
Michael Smith Jr.,44098,DI,E MICHIGAN,5,2,0,,0,0,160,0,0,,60.4,78.8,54.5,62.0,47.1,0,0,0,0,,20.0,2,0,0,0.0,0,0,0,0,0,0,110,110,1,109,0,0,0,0,37,73,0,5,6,1,0,0,0,0,0,
Ben Kimpler,44103,ED,MIAMI OH,13,5,0,,1,1,221,1,0,69.0,70.2,45.8,61.5,67.3,58.7,4,14,0,0,,13.8,4,0,2,0.0,0,1,0,1,0,0,450,449,0,4,256,189,0,1,209,241,0,14,20,3,0,19,0,0,0,
Glen Logan,44104,ED,LSU,12,8,2,,0,0,211,0,0,60.0,59.6,58.1,56.5,62.7,42.6,2,2,0,0,,20.8,5,0,1,0.0,0,2,0,1,0,0,407,406,3,103,40,260,0,1,232,175,0,7,11,1,0,6,0,0,0,
Xander Gagnon,44110,LB,DUKE,11,1,0,,0,0,154,0,0,63.2,54.5,76.1,54.2,52.4,28.0,0,0,0,0,,35.7,5,0,0,0.0,0,0,0,63,0,14,67,1,0,0,1,0,0,66,5,48,2,4,8,0,0,0,0,0,0,
Erik Davis,44116,LB,TOLEDO,1,0,0,,0,0,316,0,0,,60.0,60.0,,60.0,,0,0,0,0,,,0,0,0,0.0,0,0,0,0,0,0,1,0,0,0,0,0,0,1,0,1,0,0,0,0,0,0,0,0,0,
Brandon Drayton,44122,S,MARSHALL,6,5,0,84.6,0,0,214,0,0,60.7,62.4,86.4,73.7,59.8,77.1,0,0,0,0,27,10.6,5,0,0,150.5,11,2,0,173,1,200,400,17,0,0,17,0,137,383,11,189,72,13,37,2,13,2,2,138,31,12.5
Joey Maddox,44124,DI,MARSHALL,1,0,0,,0,0,214,0,0,,67.1,70.8,57.9,67.1,69.7,0,0,0,0,,0.0,0,0,0,0.0,0,0,0,0,0,0,9,9,0,9,0,0,0,0,6,3,0,1,1,0,0,0,0,0,0,
Jovan Swann,44131,DI,STANFORD,12,3,1,,1,0,300,0,0,62.3,63.3,13.7,57.6,70.7,57.7,0,9,0,0,,18.2,6,0,4,0.0,0,5,0,0,0,0,472,472,13,260,39,160,0,0,272,200,0,27,24,2,0,14,0,0,0,
Antwuan Jackson,44132,DI,OHIO STATE,14,3,0,,0,0,260,0,0,62.4,70.0,81.6,56.1,74.4,61.2,0,0,0,0,,6.7,1,0,0,0.0,0,0,0,0,0,0,199,199,24,151,0,24,0,0,100,99,0,11,11,3,0,0,0,0,0,
Cam Turner,44134,ED,MIAMI OH,7,0,0,,0,0,221,0,0,60.3,49.4,80.8,56.5,42.6,73.4,0,0,0,0,,0.0,0,0,0,0.0,0,0,0,0,0,4,104,104,0,0,96,8,0,0,56,44,0,0,2,0,0,0,0,0,0,
Jarrod Hewitt,44138,DI,VA TECH,13,7,1,,0,1,337,0,0,54.0,69.5,41.9,64.5,76.1,52.0,5,16,0,0,,16.7,5,0,3,0.0,0,5,0,3,0,7,620,616,84,484,7,41,0,4,347,266,0,15,18,4,0,26,0,0,0,
Julian Okwara,44152,ED,NOTRE DAME,9,5,0,50.0,0,2,258,1,0,58.4,79.2,46.1,90.4,64.0,38.0,5,23,0,0,43,31.8,7,0,2,95.8,1,4,0,1,1,21,406,403,0,6,387,10,0,3,202,183,1,9,10,2,2,32,0,43,39,43.0
Kahi Neves,44156,ED,S DIEGO ST,3,0,0,,0,0,284,0,0,,58.1,71.0,56.2,60.3,,0,0,0,0,,,0,0,0,0.0,0,0,0,0,0,0,7,7,0,1,5,1,0,0,5,2,0,0,0,0,0,0,0,0,0,
Rodarius Williams,44160,CB,OKLA STATE,13,4,0,56.3,0,0,262,0,0,63.7,65.4,87.1,59.9,70.2,63.2,0,1,0,0,64,11.9,7,5,6,93.0,36,0,0,43,786,499,859,18,0,0,18,0,1,841,1,359,11,9,48,2,64,1,3,436,180,12.1
Chauncey Manac,44162,ED,LA LAFAYET,12,3,0,85.7,0,0,207,1,0,66.9,74.0,85.2,78.2,62.4,47.4,2,18,0,0,12,20.7,6,0,0,89.3,6,4,0,1,0,22,388,384,0,31,246,107,0,4,187,179,3,18,20,3,7,24,0,38,36,6.3
Kash Daniel,44163,LB,KENTUCKY,12,11,0,70.8,0,0,202,0,0,65.3,66.1,81.8,63.5,64.6,59.5,3,6,0,1,22,15.6,10,2,0,85.1,17,0,0,402,0,218,463,1,0,0,1,0,0,462,25,220,60,20,43,4,24,9,1,158,112,9.3
Jonathan Marshall,44173,DI,ARKANSAS,12,1,0,,1,0,111,0,0,60.0,77.8,29.0,79.1,76.6,67.2,6,12,0,0,,7.1,1,0,2,0.0,0,0,0,0,0,0,311,311,59,230,0,22,0,0,134,177,0,12,12,3,0,18,0,0,0,
Doug Taumoelau,44174,LB,OREGON ST,11,4,0,94.1,0,1,265,0,0,69.8,72.8,82.5,65.1,70.3,57.0,2,2,0,0,16,13.6,6,0,2,99.3,16,1,0,270,1,131,305,4,0,0,4,0,0,301,45,129,30,16,34,2,17,5,0,133,109,8.3
Tymar Sutton,44178,LB,IOWA STATE,1,0,0,,0,0,193,0,0,,66.0,68.5,,65.0,74.8,0,0,0,0,,0.0,0,0,0,0.0,0,0,0,2,0,0,3,0,0,0,0,0,0,3,0,3,1,0,1,0,0,0,0,0,0,
Ryan Gilmartin,44181,LB,UCONN,6,8,0,60.0,0,0,146,0,0,52.7,46.9,78.3,61.1,44.6,62.4,0,1,0,0,18,13.3,4,0,0,120.0,3,1,0,176,0,73,191,4,0,0,4,0,0,187,9,109,10,11,18,2,5,2,1,34,20,11.3
Will Bradley-King,44184,ED,ARK STATE,13,10,0,0.0,0,3,113,2,0,52.4,86.6,2.5,91.4,78.2,57.0,13,31,0,0,,18.5,10,0,10,39.6,0,9,1,3,0,6,849,845,0,44,541,260,0,4,447,396,0,32,34,4,1,53,0,0,0,
Layton Garnett,44185,LB,UTSA,2,0,0,,0,0,331,0,0,60.4,73.2,69.5,60.0,70.8,73.2,0,0,0,0,,0.0,0,0,0,0.0,0,0,0,6,0,2,6,0,0,0,0,0,0,6,1,3,0,1,1,0,0,0,0,0,0,
Regan Upshaw,44191,ED,CLEMSON,11,3,0,,0,0,140,0,0,60.0,71.5,77.1,64.6,70.7,64.2,0,2,0,0,,12.5,1,0,0,0.0,0,0,0,0,0,1,41,41,0,3,36,2,0,0,12,28,0,4,4,0,0,2,0,0,0,
Eric Mitchell,44194,LB,UCF,13,16,2,65.4,0,1,323,1,0,40.2,57.4,84.1,69.2,66.0,65.6,0,7,0,0,38,14.1,13,3,0,81.1,17,3,0,455,0,248,547,56,0,0,56,0,2,491,41,258,34,38,63,9,26,10,0,153,114,9.0
T.J. Brunson,44198,LB,S CAROLINA,12,22,1,70.6,0,0,289,1,0,72.4,64.0,3.5,68.5,58.6,59.6,4,2,0,1,24,15.3,15,3,3,85.7,24,0,0,591,1,344,706,34,0,0,34,0,19,672,33,329,61,38,61,7,34,6,1,222,156,9.3
Thomas Barber,44199,LB,MINNESOTA,13,12,0,83.3,0,0,225,1,0,68.2,60.1,84.6,64.5,52.3,55.0,1,8,0,0,51,17.5,14,1,0,158.3,10,1,0,588,0,282,664,3,0,0,3,0,5,661,34,348,66,33,54,4,12,10,2,176,62,17.6
Dylan Parsee,44200,LB,UTEP,11,5,0,81.8,0,0,330,0,0,59.7,55.1,85.5,52.1,52.5,53.6,0,10,0,0,38,22.5,9,0,0,103.4,9,0,0,149,2,117,373,131,0,0,131,0,0,242,56,200,90,15,26,0,11,10,0,97,74,10.8
Demarrio Smith,44202,DI,SO MISS,13,4,1,,0,0,296,0,0,68.1,77.4,84.6,70.5,74.8,64.8,2,20,0,0,,11.5,3,0,0,0.0,0,1,0,3,0,2,496,492,73,128,52,239,0,4,260,234,0,16,19,4,0,23,0,0,0,
Kordell Looney,44204,ED,KENTUCKY,13,2,2,,0,2,202,0,0,58.2,65.8,81.3,62.1,71.0,39.0,1,4,0,0,,20.0,2,0,0,0.0,0,1,0,1,0,0,233,232,1,48,42,141,0,1,128,105,0,6,6,1,0,6,0,0,0,
Derek Dorsey,44209,DI,LOUISVILLE,7,1,0,,0,0,210,0,0,,59.2,77.8,61.7,56.8,71.3,0,2,0,0,,0.0,0,0,0,0.0,0,0,0,1,0,0,63,62,21,5,5,31,0,1,30,33,0,0,0,0,0,2,0,0,0,
Tiano Tialavea,44210,DI,UTEP,3,1,0,,0,0,330,0,0,,65.2,75.8,62.3,64.1,69.7,0,1,0,0,,0.0,0,0,0,0.0,0,0,0,0,0,0,34,34,13,20,0,1,0,0,14,20,0,0,0,0,0,1,0,0,0,
Marcus Edwards,44213,DI,NAVY,7,3,0,,0,0,237,0,0,60.5,56.7,79.7,55.7,56.6,36.3,0,1,0,0,,20.0,1,0,0,0.0,0,0,0,0,0,1,139,139,0,98,16,25,0,0,67,71,0,0,1,0,0,1,0,0,0,
Karamo Dioubate,44214,DI,TEMPLE,13,4,1,,0,0,306,0,0,60.0,65.7,15.6,64.6,68.9,55.3,4,5,0,0,,12.5,2,0,3,0.0,0,2,0,0,0,0,340,340,40,283,3,14,0,0,188,152,0,8,10,1,0,11,0,0,0,
Pat Bethel,44218,DI,MIAMI FL,13,5,1,,0,0,220,1,0,61.5,73.1,48.1,65.6,76.4,55.7,2,7,0,0,,13.0,3,0,2,0.0,0,2,0,0,0,0,456,456,88,361,0,7,0,0,238,218,0,14,15,3,0,11,0,0,0,
Charly Timite,44223,DI,UMASS,2,1,0,,0,0,216,0,0,,57.8,77.2,54.0,59.9,75.9,0,0,0,0,,0.0,0,0,0,0.0,0,0,0,0,0,0,75,75,0,58,0,17,0,0,30,45,0,3,4,0,0,0,0,0,0,
Dasharm Newsome,44247,S,RICE,12,3,0,100.0,0,0,275,0,0,65.9,65.0,77.4,55.3,63.3,75.0,0,0,0,0,10,7.7,1,0,0,85.4,6,0,0,44,0,53,105,3,0,0,3,0,30,102,4,48,28,3,9,0,6,0,0,27,29,4.5
Rashawn Battle,44259,LB,RUTGERS,11,5,0,66.7,0,0,278,0,0,62.5,58.0,79.3,66.5,52.2,35.7,0,2,0,0,33,28.1,9,2,0,84.0,6,3,0,260,1,111,285,5,0,0,5,0,0,280,18,156,19,10,18,0,9,5,0,57,41,9.5
Mike Williams,44262,DI,STANFORD,12,5,0,,0,0,300,0,0,60.0,70.7,25.3,61.9,77.6,48.4,4,5,0,0,,16.0,4,0,3,0.0,0,1,0,0,0,0,391,391,197,192,0,2,0,0,209,182,0,14,16,4,0,10,0,0,0,
Johnny Ray,44263,DI,CHARLOTTE,5,2,1,,0,0,136,0,0,,58.0,77.9,62.0,55.5,74.3,0,1,0,0,,0.0,0,0,0,0.0,0,0,0,0,0,0,85,85,0,85,0,0,0,0,36,49,0,2,2,0,0,1,0,0,0,
Dele Harding,44265,LB,ILLINOIS,13,40,0,75.4,1,3,187,1,0,39.2,74.2,64.1,52.8,90.6,81.4,4,4,2,3,71,9.6,16,0,2,107.1,49,0,0,829,0,372,945,12,0,0,12,0,13,933,34,539,90,74,110,17,65,8,3,719,385,14.7
Alvin Ward Jr.,44267,ED,GA SOUTHRN,10,2,0,,0,0,174,0,0,65.8,62.5,84.9,57.7,60.9,52.2,0,0,0,0,,16.7,1,0,0,0.0,0,0,0,9,0,25,136,115,0,0,115,0,0,21,51,60,11,2,3,0,0,0,0,0,0,
Brian Dawkins Jr.,44278,CB,CLEMSON,3,0,0,100.0,0,0,140,0,0,52.1,58.5,71.7,,70.0,27.9,0,0,0,0,12,50.0,1,0,0,116.7,1,0,0,0,13,3,13,0,0,0,0,0,0,13,0,10,0,1,1,0,1,0,0,12,8,12.0
Cameron Tidd,44280,DI,VANDERBILT,12,5,1,,0,0,333,0,0,59.0,63.5,84.3,59.2,63.8,84.4,1,6,0,0,,3.1,1,0,0,0.0,0,1,0,0,0,3,463,463,16,316,5,126,0,0,169,291,0,16,26,1,0,8,0,0,0,
Christian Johnson,44281,ED,UTEP,5,0,0,,0,0,330,0,0,60.0,56.0,79.0,51.9,59.7,73.8,0,1,0,0,,0.0,0,0,0,0.0,0,0,0,0,0,1,67,67,0,1,56,10,0,0,31,35,0,1,2,1,0,1,0,0,0,
Jamir Jones,44287,ED,NOTRE DAME,11,8,0,0.0,0,1,258,1,0,67.2,81.1,89.0,76.0,79.7,76.8,9,17,0,0,,8.7,2,0,0,39.6,0,4,0,25,4,45,377,345,0,7,334,4,1,32,175,157,1,14,13,2,3,30,0,0,0,
Drew Schlegel,44292,TE,KENTUCKY,1,0,0,,0,0,202,0,0,,60.0,60.0,,60.0,,0,0,0,0,,,0,0,0,0.0,0,0,0,0,0,0,1,0,0,0,0,0,0,1,0,1,0,0,0,0,0,0,0,0,0,
Andre Mintze,44299,ED,VANDERBILT,12,9,0,,0,1,333,0,0,64.5,78.0,89.3,76.5,73.0,68.1,6,12,0,0,,11.1,4,0,0,0.0,0,5,0,6,0,18,474,467,0,0,456,11,0,7,203,253,1,23,23,2,0,23,0,0,0,
Nnamdi Madubuike,44304,DI,TEXAS A&M,12,7,2,,0,0,312,0,0,65.4,85.7,25.2,78.8,87.7,60.0,10,25,0,1,,13.2,5,0,4,0.0,0,6,0,1,0,0,576,575,75,435,42,23,0,1,343,233,0,26,26,7,0,41,0,0,0,
Rashad Byrd,44306,LB,GA SOUTHRN,13,27,0,60.0,0,1,174,1,1,68.9,65.6,55.6,91.4,52.0,65.4,2,7,1,2,44,13.3,13,1,1,57.4,18,2,0,654,0,323,686,7,0,0,7,0,0,679,42,321,25,31,58,8,30,11,1,158,89,8.8
Matt Bell,44312,DI,KENT STATE,3,1,0,,0,0,201,0,0,,58.2,75.1,58.2,58.1,73.2,0,0,0,0,,0.0,0,0,0,0.0,0,0,0,0,0,0,35,35,0,11,0,24,0,0,4,31,0,0,1,0,0,0,0,0,0,
Jacquies Turner,44315,ED,SO MISS,13,3,1,,0,1,296,0,0,55.3,78.6,71.1,71.2,82.2,60.8,3,26,0,0,,20.5,9,0,1,0.0,0,7,0,12,0,10,598,581,6,7,300,268,0,17,334,254,4,29,32,6,0,36,0,0,0,
Joshuwa Eldridge,44316,DI,C MICHIGAN,6,3,0,,1,0,134,0,0,60.0,65.7,0.0,62.1,74.7,75.8,0,1,0,0,,0.0,0,0,2,0.0,0,1,0,0,0,0,66,66,1,61,0,4,0,0,26,40,0,2,1,0,0,2,0,0,0,
Boogie Basham,44320,ED,WAKE,13,12,3,,0,3,339,0,0,65.5,86.7,53.5,90.6,74.9,67.0,13,36,0,0,,19.2,10,0,3,0.0,0,11,0,1,0,15,757,755,3,5,684,63,0,2,401,341,0,35,30,5,0,60,0,0,0,
Lee Anderson III,44324,ED,ARIZONA,4,0,0,,0,0,109,0,0,,63.9,0.0,61.2,73.0,79.1,0,2,0,0,,0.0,0,0,1,0.0,0,0,0,10,0,0,28,17,0,0,17,0,0,11,10,18,0,3,5,0,0,2,0,0,0,
Josh Brown,44326,ED,FLORIDA ST,12,2,0,75.0,0,0,167,0,0,38.5,56.1,83.3,59.5,69.9,63.3,1,3,0,0,12,33.3,2,0,0,94.8,3,0,0,2,0,18,105,85,0,2,83,0,0,20,49,38,17,0,2,0,4,4,0,29,18,9.7
Collin Wilder,44328,S,WISCONSIN,13,3,1,42.9,0,0,349,0,0,78.3,66.7,0.0,72.1,43.1,28.2,0,1,0,1,23,37.5,9,5,3,70.2,6,1,0,110,1,165,283,3,0,0,3,0,99,280,11,107,70,5,12,1,14,2,3,76,23,12.7
Charles Wiley,44329,ED,OLE MISS,12,2,0,85.7,0,0,226,0,0,56.6,62.1,64.9,67.0,59.0,50.6,6,9,0,0,23,19.2,5,0,1,102.4,6,3,0,35,0,66,385,335,1,0,334,0,0,50,162,157,15,17,19,1,7,18,0,60,61,10.0
Jaylon McClinton,44330,S,ARMY,8,8,0,50.0,0,0,114,0,0,65.1,59.4,84.7,55.6,51.1,57.4,0,0,0,0,45,19.6,9,3,0,89.6,4,0,0,130,3,132,355,7,0,0,7,0,76,348,3,220,139,12,29,2,8,0,0,88,64,22.0
Denzel Chukwukelu,44332,ED,UTEP,12,4,2,,0,1,330,0,0,63.3,67.0,21.8,68.3,66.2,51.3,3,12,0,0,,23.3,7,0,4,0.0,0,2,0,2,0,0,545,542,1,224,212,105,0,3,277,268,0,15,19,3,0,17,0,0,0,
Antonio Valentino,44336,DI,PENN STATE,12,4,0,,0,0,266,0,0,58.1,70.3,56.6,64.0,74.7,62.6,2,14,0,0,,11.1,2,0,1,0.0,0,1,0,0,0,3,376,375,55,315,4,1,0,1,214,159,0,13,12,4,0,17,0,0,0,
Damian Horton,44338,ED,FAU,14,6,0,0.0,1,0,165,0,0,64.5,59.1,31.9,62.6,55.6,68.6,4,14,0,0,,8.3,2,0,2,39.6,0,2,0,1,0,4,336,335,1,13,174,147,0,1,191,141,0,14,16,3,2,20,0,0,0,
Semisi Fakasiieiki,44340,LB,PURDUE,7,13,0,100.0,0,0,273,0,0,56.1,60.5,79.5,66.4,60.8,59.2,0,3,0,0,42,19.6,9,0,0,118.8,4,1,0,265,0,90,300,22,0,0,22,0,0,278,21,189,13,15,24,1,4,4,0,108,68,27.0
Traver Vliem,44341,ED,GA SOUTHRN,13,10,0,,0,0,174,1,0,52.5,60.8,64.8,53.9,67.5,77.9,0,6,0,0,,5.7,2,0,1,0.0,0,3,0,3,0,2,562,558,2,65,86,405,0,4,278,282,0,21,23,3,0,9,0,0,0,
Andrew Migliaccio,44342,DI,UCONN,1,0,0,,0,0,146,0,0,,62.8,67.4,,61.4,,0,0,0,0,,,0,0,0,0.0,0,0,0,0,0,0,3,3,0,3,0,0,0,0,0,3,0,0,0,0,0,0,0,0,0,
Jamal Holloway,44350,ED,UNLV,1,0,1,,0,0,325,0,0,60.0,76.9,76.8,79.1,61.8,,0,1,0,0,,,0,0,0,0.0,0,0,0,0,0,1,20,20,0,0,20,0,0,0,13,6,0,0,0,0,0,1,0,0,0,
Ritisoni Fata,44355,DI,UTAH ST,9,4,0,,0,0,329,0,0,,58.9,81.0,57.1,58.9,64.9,0,2,0,0,,9.1,1,0,0,0.0,0,0,0,0,0,0,182,182,19,147,2,14,0,0,74,108,0,5,6,0,0,2,0,0,0,
Drew Birchmeier,44356,DI,VANDERBILT,12,9,0,100.0,0,0,333,0,0,60.0,56.6,86.4,55.0,56.1,72.2,0,6,0,0,-4,5.0,1,0,0,79.2,1,0,0,2,0,0,504,502,141,325,2,34,0,2,208,296,0,7,10,0,1,6,0,-4,0,-4.0
Maxs Tupai,44358,ED,UTAH,14,4,1,75.0,1,0,328,0,0,58.1,64.7,13.6,59.9,76.7,52.7,1,11,0,0,21,20.0,5,0,3,93.8,3,1,0,15,0,33,308,288,4,14,257,13,1,20,162,113,4,14,16,2,4,13,0,28,31,9.3
Nyles Pinckney,44360,DI,CLEMSON,14,7,0,,1,0,140,1,0,59.9,70.1,61.2,61.5,73.8,59.9,1,4,0,0,,9.5,2,0,1,0.0,0,1,0,2,0,1,372,370,124,213,1,32,0,2,181,190,0,12,12,1,0,6,0,0,0,
Josiah Coatney,44361,DI,OLE MISS,12,12,0,,0,0,226,1,0,63.8,82.2,84.9,70.3,84.1,70.4,1,15,0,0,,9.4,5,0,0,0.0,0,2,0,0,0,1,568,568,142,111,25,290,0,0,310,257,0,27,36,1,0,18,0,0,0,
Naquan Jones,44363,DI,MICH STATE,13,4,0,,1,0,223,0,0,64.9,62.9,0.0,68.5,61.0,57.4,2,8,0,0,,14.3,2,0,4,0.0,0,1,0,1,0,0,257,256,56,199,0,1,0,1,151,106,0,8,8,1,0,11,0,0,0,
Jake Saunders,44365,DI,NWESTERN,12,3,0,,0,0,256,0,0,60.2,68.2,82.7,64.7,67.2,78.9,1,4,0,0,,0.0,0,0,0,0.0,0,1,0,0,0,1,293,293,19,272,0,2,0,0,138,154,0,7,10,1,0,6,0,0,0,
Oluwole Betiku Jr.,44369,ED,ILLINOIS,10,7,0,,0,0,187,2,0,59.4,68.5,51.2,69.9,67.5,45.7,4,13,0,0,,26.9,7,0,2,0.0,0,8,0,0,0,0,474,474,0,2,466,6,0,0,205,269,0,19,12,3,0,25,0,0,0,
Jalil Briley,44370,DI,UNLV,1,0,0,,0,0,325,0,0,,57.7,69.6,66.7,57.4,,0,1,0,0,,,0,0,0,0.0,0,0,0,0,0,0,7,7,0,5,0,2,0,0,5,2,0,0,0,0,0,1,0,0,0,
Tyrik Jones,44371,ED,USF,7,0,0,,0,0,327,1,0,62.8,71.7,79.1,65.5,68.1,61.0,0,1,0,0,,16.7,1,0,0,0.0,0,1,0,1,0,3,87,86,0,5,54,27,0,1,31,53,0,5,5,0,0,2,0,0,0,
Michael Pinckney,44382,LB,MIAMI FL,11,11,0,81.8,0,0,220,0,0,78.1,76.5,53.8,68.3,72.2,68.6,5,10,0,0,66,13.5,10,3,2,140.5,18,5,0,570,3,274,632,24,0,0,24,0,1,608,76,282,33,39,53,7,22,20,3,181,126,10.1
Tymir Oliver,44385,DI,ILLINOIS,13,7,2,,0,0,187,0,0,60.0,75.1,85.3,64.9,76.5,81.5,2,6,0,0,,4.3,1,0,0,0.0,0,1,0,0,0,0,519,518,44,469,0,5,0,1,213,306,0,11,15,2,0,9,0,0,0,
Hal Vinson,44387,ED,TEXAS ST,4,1,0,100.0,0,0,314,0,0,62.8,66.4,0.0,60.5,72.1,84.6,0,1,0,0,27,0.0,0,0,1,118.8,2,0,0,14,0,14,67,47,0,0,47,0,0,20,14,39,6,3,11,0,2,1,0,31,18,15.5
Braden White,44393,LB,TEXAS A&M,4,0,0,,0,0,312,0,0,63.3,68.8,74.3,60.0,69.9,73.6,0,1,0,0,,0.0,0,0,0,0.0,0,0,0,23,0,11,23,0,0,0,0,0,0,23,1,11,0,1,1,0,0,1,0,0,0,
Mufi Hill-Hunt,44405,TE,UTAH,1,0,0,,0,0,328,0,0,,57.8,68.5,57.7,,,0,0,0,0,,,0,0,0,0.0,0,0,0,0,0,0,3,3,0,0,3,0,0,0,3,0,0,0,0,0,0,0,0,0,0,
Houston Miller,44406,DI,TEXAS TECH,2,0,0,,0,0,315,0,0,,57.5,73.7,58.5,57.9,,0,0,0,0,,,0,0,0,0.0,0,0,0,0,0,0,14,14,12,2,0,0,0,0,3,11,0,0,0,0,0,0,0,0,0,
Ken Aguirre,44409,DI,W MICHIGAN,7,0,0,,0,0,347,0,0,61.8,61.1,77.6,66.8,51.3,58.5,0,0,0,0,,16.7,1,0,0,0.0,0,2,0,0,0,0,70,70,9,61,0,0,0,0,42,28,0,6,5,0,0,2,0,0,0,
Caleb Spurlin,44410,DI,APP STATE,14,11,1,,0,0,108,0,0,,60.4,58.9,56.2,63.7,57.4,0,7,0,0,,10.3,3,0,1,0.0,0,0,0,1,0,0,372,371,38,125,12,196,0,1,193,179,0,11,15,1,0,7,0,0,0,
Isaiahh Loudermilk,44416,DI,WISCONSIN,14,10,5,,0,0,349,0,0,55.6,64.1,84.4,63.1,64.0,45.5,0,15,0,0,,18.8,6,0,0,0.0,0,5,0,0,0,0,637,637,4,446,43,144,0,0,376,261,0,15,16,1,0,20,0,0,0,
Tyarise Stevenson,44422,DI,TULSA,12,7,0,,0,0,320,0,0,60.0,70.3,59.7,65.6,71.1,80.6,0,5,0,0,,0.0,0,0,1,0.0,0,1,0,0,0,0,299,299,281,17,0,1,0,0,128,171,0,9,11,0,0,6,0,0,0,
Jalen Price,44430,DI,E CAROLINA,12,5,0,,0,1,156,0,0,62.0,67.2,31.2,59.2,72.6,52.1,3,16,0,0,,17.9,7,0,4,0.0,0,0,0,0,0,1,707,707,4,663,0,40,0,0,338,368,0,18,27,4,0,19,0,0,0,
Josh Black,44437,DI,SYRACUSE,12,11,1,100.0,0,0,304,1,0,52.7,69.4,85.8,67.9,68.6,67.8,1,10,0,0,23,7.9,3,0,0,118.8,1,7,0,0,0,2,616,616,46,560,0,10,0,0,330,284,0,22,24,2,1,18,0,23,15,23.0
K.J. Sails,44439,CB,USF,12,7,0,59.6,0,1,327,2,0,82.1,81.5,24.7,65.7,77.5,77.5,0,0,0,3,35,8.7,4,6,4,88.9,28,1,0,32,780,375,838,9,0,0,9,0,0,829,4,459,16,13,35,1,47,1,5,319,88,11.4
Elijah Riley,44440,CB,ARMY,13,16,1,54.5,1,3,114,1,0,71.8,76.8,87.0,93.6,66.9,57.7,2,4,0,3,30,18.1,17,5,4,44.3,30,3,0,140,579,357,788,24,0,0,24,0,3,764,30,401,40,22,61,5,55,9,0,257,83,8.6
Innis Gaines,44443,S,TCU,8,7,0,66.7,0,0,305,0,0,68.4,69.4,86.3,69.7,67.6,52.9,4,5,0,1,25,26.1,12,1,0,100.0,16,0,0,127,5,246,486,51,0,0,51,0,1,435,23,217,302,16,27,1,24,9,3,116,85,7.3
Gavin Everett,44449,ED,INDIANA,6,1,0,,0,0,190,0,0,65.1,68.0,79.0,61.9,64.1,76.1,1,1,0,0,,0.0,0,0,0,0.0,0,0,0,0,0,1,61,61,0,2,52,7,0,0,28,32,0,2,2,0,0,2,0,0,0,
Antonio Parks,44452,CB,UTSA,9,3,0,100.0,0,1,331,0,0,72.5,65.4,81.3,57.4,51.0,36.6,0,0,0,0,10,31.3,5,0,0,88.9,3,0,0,22,1,41,110,11,0,0,11,0,1,99,5,64,75,4,8,0,3,0,0,16,20,5.3
Dillon Sherman,44461,LB,WASH STATE,2,0,0,0.0,0,0,341,0,0,60.8,45.5,74.4,61.2,33.6,26.4,1,1,0,0,,44.4,4,0,0,39.6,0,0,0,32,0,14,38,6,0,0,6,0,0,32,8,16,0,2,5,0,1,2,0,0,0,
Nicholas McCann,44466,DI,TEXAS TECH,12,5,0,,0,0,315,0,0,60.0,71.1,43.9,67.8,72.1,49.2,1,9,0,0,,20.0,4,0,2,0.0,0,0,0,1,0,0,334,333,260,73,0,0,0,1,160,174,0,9,11,1,0,10,0,0,0,
Brenon Thrift,44468,DI,W VIRGINIA,10,2,0,,0,0,343,0,0,59.5,66.1,80.2,58.7,68.0,75.3,1,1,0,0,,0.0,0,0,0,0.0,0,0,0,0,0,1,81,81,38,41,0,2,0,0,27,53,0,2,2,1,0,2,0,0,0,
Doug Costin,44473,DI,MIAMI OH,14,17,3,,0,1,221,2,0,60.2,84.8,61.3,79.4,83.8,58.2,8,39,0,0,,16.1,10,0,2,0.0,0,6,0,2,0,2,788,786,28,712,4,42,0,2,449,337,0,33,35,9,0,53,0,0,0,
Jacques Boudreaux,44479,LB,LA LAFAYET,14,28,1,78.6,0,1,207,0,0,64.1,62.4,22.9,61.9,61.6,84.8,0,7,0,0,18,9.4,11,1,3,101.2,11,0,0,663,0,261,671,6,0,0,6,0,0,665,51,359,2,39,78,2,14,7,0,116,72,10.5
Ka'Derrion Mason,44482,DI,LA TECH,13,6,0,,0,1,208,0,0,61.0,66.0,71.8,65.9,63.4,60.4,4,15,0,0,,12.9,4,0,1,0.0,0,3,0,2,0,0,686,682,65,400,6,211,0,4,395,291,0,17,21,2,0,22,0,0,0,
Tai'yon Devers,44486,ED,MINNESOTA,13,1,0,33.3,0,0,225,0,0,53.2,52.5,6.9,59.5,53.7,57.1,4,2,0,0,14,20.0,1,0,3,88.9,1,3,0,1,0,20,262,260,0,13,246,1,0,2,144,98,0,4,3,0,3,9,1,14,13,14.0
Sulaiman Kamara,44493,DI,WAKE,12,5,0,,0,0,339,1,0,55.1,60.2,88.1,57.0,61.2,65.2,1,5,0,0,,8.0,2,0,0,0.0,0,0,0,2,0,7,447,445,213,220,3,9,0,2,235,205,0,13,18,1,0,6,0,0,0,
Elijah Garcia,44498,DI,RICE,12,10,0,,0,1,275,0,0,69.5,72.4,31.3,72.4,71.0,71.9,4,13,0,0,,5.7,2,0,3,0.0,0,0,0,0,0,0,463,463,229,222,0,12,0,0,238,225,0,14,23,2,0,17,0,0,0,
Andre Anthony,44501,ED,LSU,9,2,0,,0,0,211,0,0,64.1,60.6,51.2,57.7,62.9,61.6,1,4,0,0,,11.1,1,0,1,0.0,0,1,0,4,0,12,235,224,4,3,199,18,0,11,113,110,7,5,6,0,0,6,0,0,0,
Ja'Quize Cross,44503,DI,AKRON,12,2,0,,0,0,102,0,0,52.7,54.2,84.9,59.5,51.4,38.7,1,4,0,0,,22.7,5,0,0,0.0,0,1,0,0,0,2,445,445,2,103,36,304,0,0,177,266,0,9,15,0,0,6,0,0,0,
Cameron Alexander,44504,DI,S JOSE ST,5,0,0,,0,0,285,0,0,60.0,57.6,76.9,56.5,57.6,73.8,0,0,0,0,,0.0,0,0,0,0.0,0,0,0,0,0,0,45,45,15,28,0,2,0,0,15,30,0,1,3,0,0,0,0,0,0,
Will Jones,44505,DI,SMU,4,0,0,,0,0,287,0,0,60.4,63.1,73.4,61.1,61.7,70.2,0,1,0,0,,,0,0,0,0.0,0,1,0,0,0,1,15,15,7,7,0,1,0,0,10,4,0,0,0,0,0,2,0,0,0,
Chase Hatada,44511,ED,BOISE ST,13,5,0,,0,2,120,0,0,72.7,68.6,87.5,55.9,74.8,75.1,2,15,0,0,,8.8,3,1,0,0.0,0,5,0,3,0,6,685,682,7,123,384,168,0,3,396,283,0,24,26,5,0,22,0,0,0,
Rashard Lawrence,44515,DI,LSU,12,5,3,,0,1,211,1,0,61.0,73.8,48.4,67.2,76.6,45.9,2,14,0,0,,25.8,8,0,2,0.0,0,2,0,0,0,0,475,475,60,198,33,184,0,0,292,183,0,16,18,4,0,18,0,0,0,
Cedrick Lattimore,44521,DI,IOWA,13,10,0,,0,0,192,1,0,67.1,73.0,67.7,66.2,72.2,66.7,6,10,0,0,,7.5,3,0,1,0.0,0,3,0,2,0,1,537,535,75,457,1,2,0,2,281,255,0,23,27,0,0,19,0,0,0,
Ross Blacklock,44526,DI,TCU,12,7,0,,0,0,305,0,0,61.2,81.2,0.0,75.2,89.0,52.0,3,24,0,0,,16.7,7,0,7,0.0,0,3,0,1,0,4,570,569,114,446,1,8,0,1,323,243,0,28,28,6,0,30,0,0,0,
Rodney Jones,44529,ED,UNLV,1,1,0,,0,0,325,0,0,,72.0,71.2,57.6,70.9,74.8,0,0,0,0,,0.0,0,0,0,0.0,0,0,0,0,0,0,7,7,0,0,4,3,0,0,5,2,0,1,1,0,0,0,0,0,0,
Ty Nix,44530,DI,MIDDLE TN,6,0,0,,0,0,224,0,0,70.4,62.4,76.2,55.3,51.2,,0,0,0,0,,,0,1,0,0.0,0,0,0,0,0,1,29,28,17,11,0,0,0,1,15,13,0,0,0,0,0,0,0,0,0,
Manny Walker,44532,ED,WAKE,11,1,0,0.0,0,0,339,0,0,75.4,66.4,84.3,58.7,64.1,64.1,0,1,0,1,,14.3,1,0,0,0.0,0,0,0,2,0,7,146,144,0,0,140,4,0,2,64,75,0,3,5,1,1,1,0,0,0,
Edrick Mathews,44533,DI,TOLEDO,8,0,0,,0,0,316,0,0,60.0,71.5,78.0,64.6,70.9,76.8,1,0,0,0,,0.0,0,0,0,0.0,0,0,0,0,0,0,83,83,6,76,0,1,0,0,29,54,0,6,7,0,0,1,0,0,0,
Kenyon Jackson,44549,DI,ILLINOIS,12,4,0,,0,0,187,0,0,,49.5,19.3,51.9,52.7,66.1,0,0,0,0,,8.3,1,0,2,0.0,0,0,0,0,0,0,241,241,11,222,0,8,0,0,78,163,0,7,7,0,0,0,0,0,0,
D.J. Wonnum,44550,ED,S CAROLINA,12,7,0,87.5,1,1,289,0,0,71.9,69.8,75.7,64.0,68.6,55.1,3,18,0,1,42,19.5,8,0,1,118.8,7,5,0,44,8,53,639,574,0,4,557,13,1,65,299,287,12,22,26,5,8,26,1,105,93,15.0
Channing Hames,44557,DI,MARSHALL,13,8,0,,0,0,214,0,0,51.9,70.7,56.5,67.8,72.6,40.3,8,20,0,0,,20.0,8,0,3,0.0,0,3,0,2,0,3,671,669,27,536,13,93,0,2,375,293,0,19,24,3,0,31,0,0,0,
Nick Coe,44558,ED,AUBURN,11,5,0,0.0,1,0,115,0,0,67.6,64.7,39.1,64.3,63.2,66.7,5,15,0,0,,11.8,2,0,2,39.6,0,0,0,21,0,2,381,359,3,90,203,63,0,22,228,151,1,9,10,3,1,20,0,0,0,
Curtis Brooks,44559,DI,CINCINNATI,14,7,1,,1,0,138,1,0,74.1,78.7,20.9,73.5,80.2,69.1,4,13,0,0,,9.3,4,0,4,0.0,0,1,0,0,0,1,510,510,102,217,65,126,0,0,292,217,0,27,32,7,0,18,0,0,0,
Tre Williams,44563,ED,MISSOURI,11,6,0,100.0,3,0,229,0,0,56.1,61.8,0.0,63.9,68.5,71.0,15,7,0,0,8,7.7,2,0,6,100.0,1,1,0,2,0,14,388,386,0,8,270,108,0,2,205,169,0,12,18,2,1,23,0,8,13,8.0
Nahje Flowers,44565,DI,NEW MEXICO,6,4,0,,0,0,241,0,0,60.0,66.5,85.8,59.8,68.2,59.8,0,0,0,0,,8.3,1,0,0,0.0,0,2,0,0,0,0,255,255,194,58,3,0,0,0,140,115,0,5,7,1,0,2,0,0,0,
Kameron Toomer,44569,ED,NEVADA,6,3,0,,0,0,239,0,0,60.9,72.4,83.4,64.6,74.5,81.4,3,7,0,0,,0.0,0,0,0,0.0,0,1,0,0,0,2,270,270,0,5,74,191,0,0,153,115,0,10,11,3,0,11,0,0,0,
Jack Heflin,44570,DI,N ILLINOIS,11,10,0,,0,2,254,0,0,60.0,90.1,85.0,80.9,89.4,29.8,12,18,0,0,,29.5,13,0,0,0.0,0,3,0,8,0,2,526,518,11,471,22,14,0,8,244,280,0,22,21,6,0,33,0,0,0,
Jamahl Johnson,44578,DI,IOWA STATE,13,5,0,,0,0,193,0,0,74.9,73.5,86.4,63.5,74.8,71.1,1,15,0,0,,11.1,2,0,1,0.0,0,1,0,1,0,0,399,396,313,68,0,15,0,3,240,159,0,11,11,3,0,17,0,0,0,
Raekwon Davis,44582,DI,ALABAMA,12,11,0,,1,0,103,0,0,60.7,81.1,27.7,71.1,87.9,69.1,4,21,0,0,,14.3,7,0,4,0.0,0,1,0,1,0,0,637,635,59,388,63,125,0,2,376,261,0,24,31,3,0,26,0,0,0,
Jake Pitcher,44607,ED,UTAH ST,7,1,1,100.0,0,0,329,0,0,52.5,55.7,13.2,64.3,57.2,26.6,2,3,0,0,7,40.0,4,0,1,95.8,1,0,0,6,0,4,89,82,0,0,59,23,0,7,32,53,1,2,5,0,1,5,0,7,4,7.0
Nizaire Cromartie,44612,ED,NAVY,13,13,0,66.7,0,2,237,2,0,51.5,67.2,91.2,69.9,67.1,62.7,2,24,0,0,52,15.4,6,0,0,109.7,6,5,0,15,12,83,612,555,0,3,549,3,0,57,246,283,30,16,20,4,9,31,0,125,65,20.8
Sonatane Lui,44613,DI,BOISE ST,13,12,0,,0,1,120,2,1,66.6,79.3,72.7,71.8,79.3,75.2,6,20,0,0,,10.0,5,0,1,0.0,0,6,0,8,0,0,651,643,165,367,52,59,0,8,402,249,0,26,33,2,0,32,0,0,0,
Leki Fotu,44614,DI,UTAH,13,5,1,,1,1,328,0,0,63.8,75.7,66.2,61.0,83.4,82.5,4,13,0,0,,0.0,0,0,2,0.0,0,2,0,0,0,3,499,499,61,429,0,9,0,0,298,198,0,22,21,6,0,19,0,0,0,
Rakavian Poydras,44617,DI,MIDDLE TN,12,11,1,,0,0,224,0,0,65.8,68.4,85.3,62.0,68.2,65.4,3,6,0,0,,6.9,2,0,0,0.0,0,1,0,2,0,2,541,538,122,386,14,16,0,3,240,299,0,13,16,3,0,10,0,0,0,
McKinley Williams,44622,DI,SYRACUSE,3,1,0,,0,0,304,0,0,62.5,65.5,80.1,65.5,59.8,76.2,2,3,0,0,,0.0,0,0,0,0.0,0,1,0,0,0,0,154,154,10,125,0,19,0,0,81,73,0,6,5,0,0,6,0,0,0,
Toby McBride,44623,DI,COLO STATE,6,2,0,,0,0,144,0,0,59.8,73.5,81.9,72.4,70.0,72.3,2,5,0,0,,5.6,1,0,0,0.0,0,2,0,2,0,0,194,192,41,143,8,0,0,2,100,94,0,13,15,3,0,9,0,0,0,
Jeffery Pooler Jr.,44627,ED,W VIRGINIA,12,5,3,100.0,0,0,343,0,0,64.2,66.5,69.7,54.4,75.6,71.4,1,9,0,0,5,9.5,2,0,1,87.5,1,2,0,1,0,14,497,496,0,13,405,78,0,1,250,233,0,11,14,3,1,12,0,5,0,5.0
Theo Anderson,44712,HB,BUFFALO,2,0,0,,0,0,126,0,0,,60.0,60.0,60.0,60.0,,0,0,0,0,,,0,0,0,0.0,0,0,0,0,0,0,2,0,0,0,0,0,0,2,1,1,0,0,0,0,0,0,0,0,0,
Francis Bernard,44722,LB,UTAH,14,15,0,82.1,0,1,328,0,0,71.9,75.3,13.4,63.3,79.9,52.6,4,16,1,2,26,17.2,17,1,3,72.9,23,0,0,692,2,368,777,57,0,0,56,1,0,720,120,289,26,46,67,8,28,20,1,162,122,7.0
Khai Anderson,44731,CB,GA STATE,4,0,0,,0,0,175,0,0,62.5,65.1,71.1,,64.8,73.5,0,0,0,0,,,0,0,0,0.0,0,0,0,4,10,4,18,0,0,0,0,0,1,18,0,14,3,0,0,0,0,0,0,0,0,
Nick Basquine,44829,WR,OKLAHOMA,1,0,0,,0,0,261,0,0,60.0,62.4,60.0,,,,0,0,0,0,,,0,0,1,0.0,0,0,0,0,0,1,1,0,0,0,0,0,0,1,0,0,0,0,0,0,0,0,0,0,0,
Noruwa Obanor,44957,S,NAVY,10,1,0,50.0,0,0,237,0,0,66.3,63.9,0.0,55.9,68.0,79.7,0,0,0,0,28,0.0,0,0,1,79.2,2,0,0,15,2,37,83,1,0,0,1,0,27,82,3,43,38,1,2,0,4,0,0,34,12,17.0
Ja'Cquez Williams,45037,LB,WAKE,12,7,0,87.5,0,1,339,1,0,76.3,73.6,83.5,68.3,66.1,77.8,1,2,0,0,23,9.1,6,1,1,109.0,21,4,0,275,0,191,386,18,0,0,18,0,1,368,26,169,92,36,53,4,24,7,1,164,124,7.8
Luke Masterson,45046,S,WAKE,6,5,0,64.3,0,0,339,1,0,58.2,60.6,84.9,76.6,56.3,36.3,3,3,0,0,28,26.1,6,2,0,84.5,9,1,0,104,1,128,284,52,0,0,52,0,24,232,22,134,102,8,12,1,14,7,0,97,57,10.8
Keegan Good,45096,S,WAKE,2,0,0,0.0,0,0,339,0,0,60.0,78.6,99.9,,60.1,,0,0,0,1,,,0,0,0,0.0,0,0,0,2,0,1,8,0,0,0,0,0,5,8,0,7,0,0,0,0,1,0,0,0,0,
Chauncey Mason,45156,HB,FAU,1,0,0,,0,0,165,0,0,60.0,62.4,60.0,,,,0,0,0,0,,,0,0,0,0.0,0,0,0,0,0,1,1,0,0,0,0,0,0,1,0,0,0,0,0,0,0,0,0,0,0,
Traveon Redd,45187,S,WAKE,13,11,0,56.4,0,0,339,1,0,61.5,66.5,59.4,62.5,77.2,70.1,2,6,0,0,19,13.7,7,1,1,89.6,22,3,0,177,1,292,650,87,0,0,87,0,35,563,55,303,349,20,33,4,39,11,2,219,148,10.0
Tyrone Hill Jr.,45197,S,BUFFALO,13,8,0,63.6,0,0,126,0,0,65.5,67.4,89.3,56.6,69.6,71.6,0,0,0,0,52,13.3,10,8,2,122.2,28,0,0,145,1,377,668,4,0,0,4,0,280,664,2,289,237,18,57,3,44,0,4,388,112,13.9
Justin Mulbah,45208,LB,BUFFALO,5,0,0,,0,0,126,0,0,60.0,54.1,70.2,60.0,52.9,26.5,0,1,0,0,,66.7,2,0,0,0.0,0,0,0,18,0,1,21,1,0,0,1,0,0,20,2,18,0,0,1,0,0,1,0,0,0,
Kaelin Himphill,45248,LB,S DIEGO ST,3,0,0,,0,0,284,0,0,60.6,61.9,72.9,59.5,60.6,,0,0,0,0,,,0,0,0,0.0,0,0,0,4,0,2,6,1,0,0,1,0,0,5,1,3,0,0,0,0,0,0,0,0,0,
Terrell Burgess,45255,S,UTAH,14,11,0,65.0,0,0,328,1,0,90.4,85.3,86.6,69.8,73.6,78.9,5,10,0,1,34,9.6,8,5,0,65.6,26,0,0,284,26,446,783,67,0,0,67,0,133,716,46,291,273,25,64,9,40,15,0,190,87,7.3
Essang Bassey,45258,CB,WAKE,13,8,0,55.6,0,0,339,2,0,73.1,72.9,85.4,50.2,71.4,47.2,0,0,0,1,40,21.3,17,7,0,88.3,40,0,0,153,671,472,863,8,0,0,8,0,6,855,6,385,24,19,55,2,72,0,4,470,188,11.8
Kadofi Wright,45281,LB,BUFFALO,10,8,0,60.9,0,2,126,2,1,84.3,85.5,81.6,90.3,77.2,67.2,3,5,1,2,21,15.2,5,1,0,36.7,14,2,0,267,0,202,439,27,0,0,27,0,2,412,30,207,143,18,20,2,23,10,0,111,56,7.9
Jordan Milburn,45282,LB,HOUSTON,1,1,0,,0,0,182,0,0,60.8,66.5,69.5,,65.1,73.2,0,0,0,0,,0.0,0,0,0,0.0,0,0,0,5,0,3,6,0,0,0,0,0,0,6,0,3,1,0,0,0,0,0,0,0,0,
Omari Alexander,45288,CB,W KENTUCKY,13,0,0,50.0,0,0,346,0,0,77.8,75.7,85.4,64.4,65.9,46.6,2,0,0,0,16,25.0,3,4,0,66.7,6,0,0,42,2,134,224,8,0,0,8,0,3,216,5,85,166,5,9,2,12,2,0,66,58,11.0
Robert Scott,45321,CB,DOMINION,12,1,0,100.0,0,0,263,0,0,49.1,52.7,0.0,57.0,63.8,82.6,0,0,0,0,14,0.0,0,0,1,157.3,4,0,0,18,2,47,137,32,0,0,32,0,0,105,5,85,85,2,5,0,4,0,1,49,29,12.3
Jordan Fuller,45326,S,OHIO STATE,14,12,0,66.7,1,0,260,0,0,88.0,83.7,52.1,,71.3,82.2,0,0,0,2,24,8.6,6,4,1,44.4,8,0,0,56,2,426,746,0,0,0,0,0,653,746,0,320,35,4,52,0,12,0,0,76,27,9.5
DeQuarius Henry,45340,ED,UTSA,12,2,0,,0,0,331,0,0,62.3,65.7,86.0,65.2,62.2,41.8,2,15,0,0,,25.0,7,0,0,0.0,0,6,0,2,0,5,289,287,0,23,247,17,0,2,151,133,0,19,19,5,0,23,0,0,0,
Kirk Johnson Jr.,45360,WR,UTSA,1,0,0,,0,0,331,0,0,60.0,55.6,60.0,,,,0,0,0,0,,,0,0,0,0.0,0,0,0,0,0,1,1,0,0,0,0,0,0,1,0,0,0,0,0,0,0,0,0,0,0,
Eyioma Uwazurike,45414,ED,IOWA STATE,13,9,1,,0,0,193,2,1,52.1,64.3,85.5,56.8,71.6,57.3,3,17,0,0,,12.1,4,0,0,0.0,0,2,0,0,0,1,617,616,0,151,190,275,0,1,341,275,0,17,20,4,0,22,0,0,0,
Zech McPhearson,45464,CB,TEXAS TECH,12,4,0,48.2,1,0,315,0,0,74.1,75.6,87.7,60.0,76.6,67.2,0,0,0,0,47,13.6,8,5,4,71.7,27,0,0,61,740,468,864,40,0,0,40,0,3,824,1,395,20,16,47,2,56,0,1,315,148,11.7
Jarren Hampton,45468,S,OHIO,13,11,0,71.2,0,0,259,1,0,56.3,55.0,89.5,60.0,50.1,52.4,0,0,0,0,74,19.0,15,4,1,123.0,37,0,0,190,4,401,730,0,0,0,0,0,202,730,1,328,334,22,53,1,52,0,3,529,247,14.3
Keevon Harris,45471,WR,OHIO,1,0,0,,0,0,259,0,0,,60.0,60.0,,60.0,,0,0,0,0,,,0,0,1,0.0,0,0,0,0,0,0,1,0,0,0,0,0,0,1,0,1,0,0,0,0,0,0,0,0,0,
Eric Banks,45507,ED,UTSA,12,4,1,100.0,0,1,331,1,0,65.2,63.9,35.4,64.4,63.4,72.3,2,14,0,0,7,12.5,3,0,3,95.8,1,3,0,2,0,7,510,508,8,146,317,37,0,2,268,235,0,13,17,1,1,19,0,7,12,7.0
Christian Bell,45514,ED,WISCONSIN,7,2,0,100.0,0,0,349,0,0,57.9,60.9,82.3,58.7,63.5,78.9,1,1,0,0,27,0.0,0,0,0,118.8,1,1,0,2,0,15,66,62,0,0,62,0,0,4,27,24,2,2,2,0,1,3,0,27,24,27.0
Teddrick McGhee,45533,CB,UTSA,6,1,0,83.3,0,0,331,0,0,57.1,60.8,77.7,,72.8,64.9,0,0,0,0,13,12.5,1,0,1,129.2,5,0,0,10,71,42,83,0,0,0,0,0,2,83,0,41,0,4,6,1,6,0,1,33,7,6.6
Solomon Wise,45534,ED,UTSA,8,2,1,,0,0,331,0,0,66.1,56.5,18.3,72.9,35.3,54.7,1,7,0,0,,16.7,1,0,1,0.0,0,1,0,0,0,5,93,92,0,4,81,7,0,1,55,33,0,2,3,0,0,9,0,0,0,
Brenndan Johnson,45543,CB,LA LAFAYET,13,2,0,86.7,0,0,207,0,0,66.3,65.4,83.9,73.8,53.1,70.3,0,4,0,0,23,6.7,1,1,0,106.9,13,1,0,25,2,145,231,2,0,0,2,0,0,229,5,81,202,3,12,0,15,5,0,145,95,11.2
Brandon Stephens,45644,CB,SMU,13,1,0,49.3,0,0,287,0,0,72.1,72.4,86.7,50.2,68.8,80.7,0,0,0,0,58,7.5,4,11,1,99.9,36,0,0,47,853,518,916,3,0,0,3,0,4,913,4,394,9,13,48,2,73,0,5,593,165,16.5
Armand Shyne,45824,HB,TEXAS TECH,1,0,0,,0,0,315,0,0,,60.1,60.0,,60.0,,0,0,0,0,,,0,0,0,0.0,0,0,0,0,0,0,1,0,0,0,0,0,0,1,0,1,0,0,0,0,0,0,0,0,0,
Jake Funk,45835,HB,MARYLAND,2,0,0,,0,0,215,0,0,,59.9,60.0,,60.0,,0,0,0,0,,,0,0,0,0.0,0,0,0,0,0,0,2,0,0,0,0,0,0,2,0,2,0,0,0,0,0,0,0,0,0,
Austin Vaughn,45871,HB,LA MONROE,1,0,0,,0,0,209,0,0,,60.0,60.0,,60.0,,0,0,0,0,,,0,0,0,0.0,0,0,0,0,0,0,1,0,0,0,0,0,0,1,0,1,0,0,0,0,0,0,0,0,0,
Sam Murrer,46927,DI,MIAMI OH,2,0,0,,0,0,221,0,0,,47.2,73.3,57.7,47.2,70.2,0,0,0,0,,0.0,0,0,0,0.0,0,0,0,0,0,0,21,21,0,21,0,0,0,0,6,15,0,1,1,0,0,0,0,0,0,
Jack Dunn,47396,WR,WISCONSIN,3,0,0,,0,0,349,0,0,60.0,62.7,60.0,,60.0,,0,0,0,0,,,0,0,1,0.0,0,0,0,0,0,1,3,0,0,0,0,0,0,3,0,2,0,0,0,0,0,0,0,0,0,
CJ Sanders,47607,WR,SMU,1,0,0,,0,0,287,0,0,,60.1,60.0,,60.0,,0,0,0,0,,,0,0,0,0.0,0,0,0,0,0,0,1,0,0,0,0,0,0,1,0,1,0,0,0,0,0,0,0,0,0,
Blake Lynch,47621,LB,BAYLOR,14,16,0,75.9,0,0,118,2,0,65.4,65.1,64.2,70.1,61.3,53.4,3,8,0,2,28,19.3,17,3,2,84.3,41,5,0,414,0,408,857,106,0,0,106,0,0,751,85,364,336,40,55,5,54,16,1,366,199,8.9
Keith Mixon Jr.,47622,WR,W MICHIGAN,1,0,0,,0,0,347,0,0,60.0,55.6,60.0,,,,0,0,0,0,,,0,0,0,0.0,0,0,0,0,0,1,1,0,0,0,0,0,0,1,0,0,0,0,0,0,0,0,0,0,0,
Myron Gailliard,47624,WR,SMU,1,0,0,,0,0,287,0,0,,60.2,73.9,,60.0,,0,0,0,0,,,0,0,1,0.0,0,0,0,0,0,0,1,0,0,0,0,0,0,1,0,1,0,0,0,0,0,0,0,0,0,
Danzel McKinley-Lewis,47648,WR,TOLEDO,1,0,0,,1,0,316,0,0,,60.0,60.0,,60.0,,0,0,0,0,,,0,0,4,0.0,0,0,0,0,0,0,1,0,0,0,0,0,0,1,0,1,0,0,0,0,0,0,0,0,0,
Tyler Byrd,47660,WR,TENNESSEE,1,0,0,,0,0,307,0,0,,60.0,60.0,,60.0,,0,0,0,0,,,0,0,0,0.0,0,0,0,0,0,0,1,0,0,0,0,0,0,1,0,1,0,0,0,0,0,0,0,0,0,
DJ Turner,47663,WR,MARYLAND,2,0,0,,0,0,215,0,0,,60.0,60.0,,60.0,,0,0,0,0,,,0,0,0,0.0,0,0,0,0,0,0,2,0,0,0,0,0,0,2,0,2,0,0,0,0,0,0,0,0,0,
Isaac James-Gray,47706,CB,BALL ST,1,0,0,,0,0,117,0,0,63.7,69.4,68.8,63.0,,74.8,0,1,0,0,,0.0,0,0,0,0.0,0,0,0,1,0,3,4,0,0,0,0,0,0,4,1,0,3,0,1,0,0,1,0,0,0,
Isaiah Johnson-Mack,47740,ED,BOWL GREEN,1,1,0,,0,0,122,0,0,,68.9,71.2,59.1,66.2,73.0,0,0,0,0,,0.0,0,0,0,0.0,0,0,0,0,0,0,5,5,0,0,5,0,0,0,2,3,0,0,0,0,0,0,0,0,0,
Michael Jacquet,47826,CB,LA LAFAYET,13,8,0,50.0,1,1,207,0,0,74.0,76.9,85.2,85.0,76.0,86.3,0,0,0,2,26,4.1,2,3,2,44.9,21,1,0,34,514,262,571,3,0,0,3,0,0,568,6,303,20,14,39,1,42,1,0,212,47,10.1
Anthony Hawkins,47922,CB,COLO STATE,8,2,0,57.9,1,0,144,0,0,38.7,41.8,0.0,52.5,62.3,37.6,0,1,0,0,38,33.3,4,2,2,121.4,11,0,0,33,101,108,210,1,0,0,1,0,2,209,5,97,73,3,6,0,19,1,2,164,47,14.9
Scotty Washington,47964,WR,WAKE,1,0,0,0.0,0,0,339,0,0,60.0,60.0,63.1,,,,0,0,0,0,,,0,1,1,39.6,0,0,0,0,0,1,1,0,0,0,0,0,1,1,0,0,0,0,0,0,1,0,0,0,0,
Stantley Thomas-Oliver III,47981,CB,FIU,13,4,0,61.4,0,2,166,0,0,64.2,69.5,87.6,93.2,76.0,66.7,0,1,0,1,52,16.4,10,7,2,99.3,35,2,0,26,771,408,837,23,0,0,23,0,5,814,3,426,12,15,47,2,57,3,3,490,151,14.0
James Proche II,48037,WR,SMU,1,0,0,,1,0,287,0,0,,60.3,60.0,,60.0,,0,0,0,0,,,0,0,4,0.0,0,0,0,0,0,0,1,0,0,0,0,0,0,1,0,1,0,0,0,0,0,0,0,0,0,
Donavan Hale,48121,WR,INDIANA,1,0,0,,0,0,190,0,0,60.0,60.0,64.7,,,,0,0,0,0,,,0,0,2,0.0,0,0,0,0,0,1,1,0,0,0,0,0,1,1,0,0,0,0,0,0,0,0,0,0,0,
Devonte Young,48123,S,IOWA,1,1,0,,0,0,192,0,0,,62.4,66.1,,61.7,76.9,0,0,0,0,,0.0,0,0,0,0.0,0,0,0,1,0,0,2,0,0,0,0,0,0,2,0,2,1,0,0,0,0,0,0,0,0,
Seth Dawkins,48176,WR,LOUISVILLE,1,0,0,,0,0,210,0,0,60.0,60.0,63.7,,,,0,0,0,0,,,0,0,2,0.0,0,0,0,0,0,1,1,0,0,0,0,0,1,1,0,0,0,0,0,0,0,0,0,0,0,
RJ Turner,48200,WR,TEXAS TECH,1,0,0,,0,0,315,0,0,,60.1,60.0,,60.0,,0,0,0,0,,,0,0,0,0.0,0,0,0,0,0,0,1,0,0,0,0,0,0,1,0,1,0,0,0,0,0,0,0,0,0,
Anton Curtis,48264,CB,W MICHIGAN,13,4,0,70.5,0,1,347,1,0,60.7,62.0,0.0,,76.5,71.1,0,0,0,0,46,13.0,6,2,6,131.8,31,0,0,38,743,432,789,3,0,0,3,0,2,786,0,357,3,8,36,3,44,0,4,430,216,13.9
Hasise Dubois,48298,WR,VIRGINIA,2,0,0,,2,0,335,0,0,60.0,60.4,61.5,,60.0,,0,0,0,0,,,0,0,6,0.0,0,0,0,0,0,1,2,0,0,0,0,0,1,2,0,1,0,0,0,0,0,0,0,0,0,
Jonathan Hodoh,48300,WR,LA MONROE,2,0,0,,0,0,209,0,0,60.0,62.8,60.0,,60.0,,0,0,0,0,,,0,0,3,0.0,0,0,0,0,0,1,2,0,0,0,0,0,0,2,0,1,0,0,0,0,0,0,0,0,0,
Dezmon Patmon,48329,WR,WASH STATE,2,0,0,,1,0,341,0,0,63.4,62.5,66.2,,,74.3,0,0,0,0,,0.0,0,0,2,0.0,0,0,0,0,0,2,2,0,0,0,0,0,2,2,0,0,0,0,1,0,0,0,0,0,0,
Dean Lemon,48394,ED,MIAMI OH,14,8,0,,0,0,221,0,0,63.0,75.3,43.6,66.8,78.5,71.5,3,12,0,0,,9.4,3,0,2,0.0,0,2,0,0,0,3,396,396,0,1,314,81,0,0,185,208,0,21,21,5,0,17,0,0,0,
Jonathan Greenard,48407,ED,FLORIDA,12,8,3,,0,4,163,1,1,73.9,90.5,57.9,88.0,87.7,57.0,4,34,0,1,,19.0,8,0,2,0.0,0,9,0,5,0,20,554,545,0,3,526,16,0,9,315,219,3,26,26,6,0,47,0,0,0,
Mike Danna,48415,ED,MICHIGAN,13,9,0,,0,1,222,0,0,64.4,80.9,85.4,74.7,78.3,75.4,5,19,0,0,,5.9,2,0,0,0.0,0,3,0,0,0,0,394,394,13,82,245,54,0,0,233,161,0,22,23,0,0,27,0,0,0,
Alex Davis,48417,ED,NEBRASKA,12,7,0,77.8,0,1,238,1,1,68.5,62.7,90.7,65.0,54.2,58.1,2,13,0,1,27,19.4,7,0,0,61.8,7,1,0,10,1,64,568,547,0,0,547,0,0,21,236,268,10,15,22,3,9,16,0,75,42,10.7
Sam Miller,48425,ED,LA MONROE,10,5,0,100.0,0,0,209,0,0,51.2,64.0,87.1,67.5,61.3,57.5,2,3,0,0,6,19.2,5,0,0,91.7,1,2,0,1,0,1,295,293,0,1,288,4,0,2,129,165,0,15,16,1,1,7,0,6,4,6.0
Fermin Silva,48441,ED,MARSHALL,11,2,0,,0,1,214,0,0,48.3,59.1,14.4,58.5,69.0,65.4,3,6,0,0,,7.7,1,0,2,0.0,0,1,0,0,0,1,212,212,1,1,169,41,0,0,105,106,0,9,10,0,0,10,0,0,0,
Wyatt Cook,48446,LB,MARYLAND,6,0,0,,0,0,215,0,0,63.5,63.3,72.3,,60.6,44.7,0,0,0,0,,33.3,1,0,0,0.0,0,0,0,20,0,8,23,2,0,0,2,0,0,21,0,15,1,0,2,0,0,0,0,0,0,
James Smith-Williams,48455,ED,NC STATE,7,6,0,,0,0,248,0,0,59.9,69.0,57.7,60.6,76.1,75.5,3,6,0,0,,5.3,1,0,1,0.0,0,1,0,0,0,5,306,305,2,5,194,104,0,1,183,118,0,11,12,0,0,10,0,0,0,
Kendell Jones,48461,DI,MISS STATE,10,4,0,100.0,1,0,227,0,0,54.6,45.9,84.5,53.0,47.8,58.7,0,0,0,0,21,12.5,1,0,1,118.8,1,0,0,0,0,0,188,188,82,104,1,1,0,0,97,91,0,2,3,2,1,0,0,21,21,21.0
Brett Kulka,48469,DI,MARYLAND,12,4,0,,0,0,215,0,0,53.6,68.4,84.2,61.8,71.2,59.3,1,10,0,0,,9.5,2,0,0,0.0,0,2,0,0,0,0,471,470,28,193,58,191,0,1,228,243,0,13,15,5,0,13,0,0,0,
Fletcher Adams,48483,ED,MISS STATE,8,3,0,,0,1,227,0,0,60.1,67.2,83.4,65.1,65.2,70.5,1,3,0,0,,8.3,1,0,0,0.0,0,1,0,0,0,2,186,186,0,3,151,32,0,0,91,93,0,6,8,1,0,5,0,0,0,
Josh Ward,48546,ED,AKRON,12,10,0,66.7,0,0,102,0,0,62.9,72.3,73.1,70.6,72.2,78.5,2,14,0,0,23,6.7,3,1,1,122.9,4,3,0,45,0,62,561,475,0,0,475,0,0,86,167,332,41,20,32,2,6,19,1,37,17,9.3
Jason Strowbridge,48547,DI,N CAROLINA,12,9,1,,0,1,245,3,0,63.6,78.4,44.0,70.1,82.5,47.9,3,21,0,0,,16.7,9,0,3,0.0,0,4,0,8,0,10,698,689,23,283,111,272,0,9,400,288,0,30,36,4,0,28,0,0,0,
Winston DeLattiboudere,48550,ED,MINNESOTA,13,8,0,100.0,0,2,225,1,0,58.5,68.6,86.1,61.3,71.0,42.3,3,13,0,0,-1,21.6,8,0,0,79.2,1,2,0,0,0,5,464,462,0,1,354,107,0,2,207,252,0,12,21,2,1,18,0,-1,6,-1.0
Torrence Brown,48559,ED,SO MISS,7,4,0,50.0,0,0,296,0,0,68.0,68.5,81.8,63.7,65.5,54.6,0,1,0,0,11,7.7,1,1,0,62.5,2,0,0,16,0,14,95,75,0,2,71,2,0,20,29,52,4,4,8,1,4,1,0,18,9,9.0
Kevin Mouhon,48598,ED,CINCINNATI,2,0,0,,0,0,138,0,0,,71.7,74.9,75.1,61.5,29.5,0,4,0,0,,50.0,1,0,0,0.0,0,0,0,0,0,0,27,27,0,0,15,12,0,0,14,13,0,1,1,0,0,4,0,0,0,
Jalen Bates,48616,ED,COLO STATE,12,16,2,100.0,0,0,144,0,0,64.6,68.0,43.4,67.9,67.2,72.6,4,12,0,0,-5,8.3,4,0,3,79.2,1,2,0,10,0,20,639,627,0,15,523,89,1,12,285,334,1,22,28,1,1,18,0,-5,1,-5.0
Ricky McCoy,48619,DI,FRESNO ST,12,6,4,,0,0,169,0,0,74.9,67.8,13.5,74.1,62.5,65.7,0,7,0,0,,5.3,1,0,3,0.0,0,0,0,2,0,1,296,294,142,152,0,0,0,2,157,138,0,9,12,2,0,7,0,0,0,
Darrion Daniels,48659,DI,NEBRASKA,11,9,0,,0,0,238,0,0,64.9,75.9,65.5,70.3,74.8,66.3,2,4,0,1,,6.1,2,0,1,0.0,0,2,0,0,0,0,430,430,189,226,3,12,0,0,208,222,0,12,22,2,0,8,0,0,0,
Carlos Davis,48662,DI,NEBRASKA,11,2,3,,0,0,238,1,0,58.5,61.1,34.4,67.4,57.5,53.2,1,10,0,0,,17.2,5,0,3,0.0,0,6,0,0,0,0,566,566,50,318,13,185,0,0,311,255,0,20,22,0,0,17,0,0,0,
Noah Jefferson,48663,DI,FAU,13,7,0,,1,1,165,1,0,54.3,63.3,23.6,65.7,68.1,72.1,1,14,0,0,,11.1,2,0,3,0.0,0,2,0,1,0,11,388,386,157,176,2,51,0,2,246,131,0,11,9,0,0,17,0,0,0,
Justin Young,48666,ED,GEORGIA,9,3,1,,0,0,173,0,0,59.3,69.6,21.1,66.5,73.6,54.1,1,3,0,0,,12.5,1,0,1,0.0,0,0,0,0,0,0,102,102,0,11,58,33,0,0,59,43,0,3,4,1,0,4,0,0,0,
Jaylen Veasley,48673,DI,LA MONROE,12,13,0,,0,0,209,0,0,69.3,63.2,36.6,56.5,66.0,59.6,4,4,0,0,,15.2,5,0,2,0.0,0,1,0,0,0,0,402,401,4,148,0,249,0,1,170,232,0,9,15,0,0,9,0,0,0,
Kevin Murphy,48674,DI,LA TECH,9,4,0,,0,0,208,0,0,60.0,63.7,80.6,65.9,59.4,40.7,0,6,0,0,,25.0,3,0,0,0.0,0,0,0,0,0,0,192,192,7,115,1,69,0,0,98,94,0,4,5,1,0,6,0,0,0,
Edgar Cerenord,48700,DI,DUKE,12,9,0,,0,1,154,0,0,75.5,68.2,60.7,55.2,71.9,73.8,0,5,0,1,,8.0,2,0,1,0.0,0,2,0,0,0,1,440,440,102,315,1,22,0,0,220,219,0,12,14,0,0,7,0,0,0,
Aaron Crawford,48721,DI,N CAROLINA,13,12,0,,0,2,245,0,0,57.4,86.4,77.0,68.4,91.3,59.9,7,7,0,0,,9.6,5,0,1,0.0,0,3,0,3,0,2,685,681,451,220,1,9,0,4,372,311,0,31,35,5,0,17,0,0,0,
Nick Dehdashtian,48733,ED,UNLV,7,6,1,,0,0,325,0,0,60.4,73.5,83.7,70.2,70.7,55.4,1,8,0,0,,11.8,2,0,0,0.0,0,0,0,1,0,1,240,239,0,28,121,90,0,1,115,124,0,8,9,1,0,9,0,0,0,
Marlon Davidson,48741,ED,AUBURN,12,10,1,100.0,0,2,115,1,0,67.6,81.2,17.8,83.3,76.5,73.7,8,27,0,0,1,8.9,4,0,5,79.2,1,8,0,6,0,1,596,590,6,60,407,117,0,6,375,220,0,28,31,4,1,43,0,1,9,1.0
Gerald Wilbon,48743,DI,TEXAS,1,0,0,,0,0,311,0,0,,66.6,70.5,58.9,62.3,,0,0,0,0,,,0,0,0,0.0,0,0,0,0,0,0,5,5,5,0,0,0,0,0,3,2,0,0,0,0,0,0,0,0,0,
Tyree Turner,48747,ED,S ALABAMA,1,0,0,,0,0,288,0,0,,65.9,70.9,58.5,64.6,,0,0,0,0,,,0,0,0,0.0,0,0,0,0,0,0,7,7,0,3,1,3,0,0,3,4,0,0,0,0,0,0,0,0,0,
Justin Belknap,48807,ED,ARIZONA,11,1,0,,0,0,109,0,0,,63.2,83.5,59.8,64.1,80.3,3,6,0,0,,8.3,1,0,0,0.0,0,1,0,0,0,0,275,271,15,72,119,65,0,4,162,113,3,7,10,0,0,10,0,0,0,
Mike Panasiuk,48824,DI,MICH STATE,13,4,1,,1,0,223,1,0,86.4,77.3,10.3,64.2,84.3,49.7,3,8,1,1,,15.8,6,0,5,0.0,0,3,0,3,0,0,522,519,89,429,0,1,0,3,281,241,0,26,28,8,0,14,0,0,0,
G.G. Robinson,48834,DI,LOUISVILLE,13,5,2,,1,0,210,1,0,61.4,66.3,72.8,65.4,64.2,32.1,5,19,0,0,,27.6,8,0,1,0.0,0,4,0,18,0,1,589,570,350,153,21,46,0,19,342,246,0,17,16,2,0,28,0,0,0,
George Lea,48879,ED,ARIZONA ST,10,10,0,0.0,0,1,110,1,0,56.7,71.6,61.0,62.5,80.0,66.0,1,8,0,0,,15.4,4,0,1,39.6,0,3,0,0,0,5,351,350,0,105,138,107,0,1,196,150,0,11,12,3,1,12,0,0,0,
Chris Biggurs,48895,DI,SMU,11,1,0,,0,0,287,0,0,,53.7,82.2,57.1,50.6,74.0,0,1,0,0,,0.0,0,0,0,0.0,0,0,0,0,0,0,207,207,79,102,4,22,0,0,128,79,0,1,2,0,0,1,0,0,0,
Kevin Thurmon,48923,ED,ARK STATE,11,13,0,,1,0,113,0,0,63.5,78.9,57.7,73.6,78.4,76.3,11,18,0,0,,6.3,3,0,2,0.0,0,5,0,4,0,0,690,685,17,307,199,162,0,5,354,336,0,28,32,2,0,34,0,0,0,
Hausia Sekona,48950,DI,NEVADA,12,8,0,,0,0,239,0,0,68.6,74.4,87.0,60.0,79.0,38.1,1,5,0,0,,18.9,7,0,0,0.0,0,2,0,0,0,0,478,478,357,39,6,76,0,0,250,228,0,18,22,2,0,8,0,0,0,
Amir Watts,48970,DI,PITTSBURGH,13,7,0,,1,0,268,0,0,53.8,69.1,30.1,68.4,72.6,37.2,3,15,0,0,,25.0,7,0,4,0.0,0,3,0,1,0,1,478,476,62,387,0,27,0,2,263,214,0,12,14,4,0,21,0,0,0,
Khalil Davis,48988,DI,NEBRASKA,11,13,1,,0,0,238,0,0,66.0,76.3,67.8,66.3,78.4,59.8,4,19,0,0,,16.7,8,0,1,0.0,0,9,0,0,0,0,520,520,5,166,173,176,0,0,281,239,0,26,27,5,0,32,0,0,0,
Khalil Bryant,49009,S,INDIANA,13,9,0,61.1,0,0,190,1,0,53.2,61.3,85.4,58.2,71.6,82.5,0,0,0,0,52,9.4,6,0,1,115.5,11,0,0,134,0,191,418,12,0,0,12,0,230,406,2,225,42,17,49,1,18,0,1,190,80,17.3
Rodney Clemons,49028,S,SMU,13,14,0,54.4,0,2,287,1,0,79.2,78.0,34.7,55.6,77.3,62.9,0,0,0,4,36,16.3,16,9,2,56.3,31,0,0,255,5,543,951,8,0,0,8,0,267,943,3,405,416,17,68,3,57,0,3,281,117,9.1
B.J. Edmonds,49035,S,ARK STATE,13,19,0,51.2,0,1,113,0,0,62.4,59.7,38.7,59.8,57.2,53.7,1,1,0,2,39,17.8,21,6,2,90.6,22,0,0,473,3,537,1026,34,0,0,34,0,367,992,12,477,148,31,78,2,43,2,5,273,102,12.4
Davon'te Jest,49044,DI,AKRON,10,12,0,,0,2,102,1,0,,80.3,66.9,81.8,76.0,51.0,6,12,0,0,,17.0,8,0,1,0.0,0,1,0,0,0,0,430,430,335,83,0,12,0,0,174,256,0,22,27,3,0,19,0,0,0,
Larry Pryor,49053,S,TEXAS A&M,5,4,0,50.0,0,1,312,0,0,44.3,61.3,78.1,,88.3,88.4,0,0,0,0,13,0.0,0,1,0,102.1,3,0,0,33,0,44,96,0,0,0,0,0,48,96,0,52,15,5,9,1,6,0,1,27,11,9.0
Jamari Bozeman,49057,S,BOWL GREEN,10,11,0,67.7,0,0,122,0,0,59.3,55.9,88.5,54.8,49.2,70.6,2,2,0,1,24,12.3,8,5,1,103.7,21,0,0,168,8,301,643,26,0,0,26,0,191,617,12,330,249,9,46,0,31,4,2,276,142,13.1
Khaleke Hudson,49073,LB,MICHIGAN,13,29,1,88.6,1,0,222,0,0,60.6,65.3,27.2,69.7,68.6,78.0,5,9,0,0,34,10.5,11,1,5,114.0,39,3,0,372,20,338,853,200,0,0,200,0,52,653,95,420,209,26,65,1,44,17,2,340,221,8.7
Navon Mosley,49115,S,PURDUE,12,12,0,75.0,1,0,273,1,0,63.1,60.1,52.8,56.6,55.5,72.5,0,0,0,0,42,11.8,8,2,1,125.5,18,0,0,181,1,342,681,28,0,0,27,1,263,653,5,334,207,11,48,0,24,0,2,191,98,10.6
Myles Hartsfield,49159,CB,OLE MISS,12,8,0,70.2,0,1,226,0,0,73.3,71.6,87.0,53.7,63.6,67.0,0,4,0,1,35,14.9,7,2,0,89.7,40,1,0,79,244,395,651,10,0,0,10,0,3,641,15,241,315,10,32,1,57,5,1,419,209,10.5
Justin Tranquill,49177,S,W MICHIGAN,13,13,0,60.0,0,1,347,0,0,79.1,77.1,89.4,60.9,70.0,83.4,2,3,0,2,19,8.7,8,1,0,50.8,21,0,0,267,3,423,811,24,0,0,24,0,307,787,28,360,210,23,71,2,35,5,0,189,91,9.0
Deontay Anderson,49179,S,HOUSTON,11,13,0,51.7,0,1,182,0,0,46.1,46.0,20.3,67.8,48.9,62.1,0,2,0,0,32,16.7,12,6,2,103.2,15,0,0,286,20,415,738,7,0,0,7,0,305,731,8,315,120,16,47,2,29,2,3,164,40,10.9
Romeo Finley,49182,LB,MIAMI FL,13,8,0,56.1,0,0,220,0,0,67.9,64.5,50.9,61.4,60.2,32.6,2,1,0,1,49,26.0,19,3,3,68.4,23,0,0,243,5,282,596,18,0,0,18,0,17,578,15,299,312,27,46,4,41,3,1,213,151,9.3
Desmond Franklin,49207,S,APP STATE,13,9,1,60.0,0,0,108,1,0,64.6,68.8,20.7,63.9,78.8,52.2,0,0,0,1,37,16.4,10,4,2,121.2,21,0,0,227,5,424,730,5,0,0,5,0,360,725,7,299,133,15,42,1,35,0,4,361,160,17.2
Khane Pass,49210,S,LOUISVILLE,13,14,0,73.9,0,1,210,1,1,64.8,63.3,87.2,59.2,59.5,59.3,1,1,0,0,60,17.0,17,0,0,129.8,17,0,0,268,3,426,792,5,0,0,5,0,447,787,16,350,68,19,69,4,23,2,1,285,157,16.8
Devin Studstill,49214,S,USF,12,15,0,66.7,0,0,327,2,0,74.1,67.9,54.3,68.1,56.1,55.3,1,1,0,1,51,19.4,18,2,1,91.2,14,1,0,257,5,322,738,22,0,0,22,0,342,716,19,397,112,24,60,5,21,3,1,189,98,13.5
Khalil Oliver,49219,LB,MISSOURI,12,7,1,37.5,2,0,229,0,0,84.5,74.4,5.4,70.6,62.5,73.1,3,3,0,0,25,8.6,3,5,4,53.1,9,1,0,96,17,219,484,188,0,0,188,0,40,296,47,218,142,14,25,3,24,7,0,114,39,12.7
Antwan Cordy,49233,CB,SYRACUSE,11,2,0,55.8,0,0,304,0,0,52.0,52.3,33.3,65.6,55.1,52.5,1,1,0,0,87,17.6,6,6,2,95.5,24,1,0,32,136,258,440,5,0,0,5,0,102,435,6,176,164,9,26,2,43,3,1,404,229,16.8
Evan Rambo,49241,LB,TEXAS TECH,6,3,0,60.0,0,0,315,0,0,87.0,79.8,77.6,70.7,66.5,62.6,2,1,0,1,9,15.0,3,1,0,25.0,3,1,0,89,1,35,125,17,0,0,17,0,1,108,17,73,17,12,14,3,5,4,0,10,8,3.3
Robert Knowles,49285,S,MIAMI FL,13,5,0,55.6,0,0,220,1,0,73.8,72.1,42.0,58.5,69.5,73.8,0,0,0,0,30,10.8,4,3,1,94.2,10,0,0,79,4,285,534,6,0,0,6,0,360,528,12,237,84,10,28,0,18,0,1,118,40,11.8
Myles Dorn,49299,S,N CAROLINA,13,12,0,68.2,0,0,245,0,0,62.6,62.6,89.3,65.9,59.2,58.1,0,4,0,2,55,19.6,19,3,1,80.4,30,0,0,221,6,469,863,14,0,0,14,0,352,849,20,374,269,22,66,5,44,4,1,347,197,11.6
Reggie Floyd,49308,S,VA TECH,13,9,0,52.8,0,0,337,0,0,74.2,67.8,21.6,62.4,60.5,69.6,2,0,0,0,67,14.5,11,7,3,89.4,19,0,0,389,24,454,790,9,0,0,9,0,253,781,7,329,114,21,56,0,36,2,1,294,171,15.5
Jeff James,49310,LB,FAU,4,0,0,100.0,0,0,165,0,0,45.7,44.5,75.1,57.6,53.9,,0,2,0,0,3,,0,0,0,118.8,1,0,0,8,0,13,25,5,0,0,5,0,0,20,4,8,12,0,0,0,1,2,1,3,0,3.0
Carl Austin III,49319,S,UTSA,12,19,0,80.8,0,1,331,0,0,57.9,60.8,86.0,53.2,65.0,47.5,0,2,0,0,46,20.2,18,1,0,134.1,21,0,0,267,8,371,738,9,0,0,9,0,272,729,10,357,181,17,52,5,26,2,2,261,123,12.4
Mike Lee,49332,S,KANSAS,12,16,0,68.3,0,3,198,0,0,63.3,66.6,14.1,56.9,77.6,74.6,0,1,0,1,42,12.2,10,1,3,99.4,28,0,0,93,8,332,650,5,0,0,5,0,217,645,3,315,327,14,56,1,41,1,2,338,167,12.1
Carl Jones,49341,CB,SYRACUSE,3,0,0,25.0,0,0,304,0,0,69.3,69.4,77.2,,63.4,74.2,0,0,0,0,6,,0,0,0,39.6,1,0,0,2,62,40,65,0,0,0,0,0,0,65,0,25,1,0,0,0,4,0,0,6,2,6.0
Kindle Vildor,49346,CB,GA SOUTHRN,11,0,0,61.7,1,0,174,0,0,63.0,65.0,85.1,,70.4,31.4,0,0,0,2,29,28.9,11,4,5,78.2,29,0,0,42,545,313,619,2,0,0,2,0,5,617,0,306,24,10,27,3,47,0,2,319,112,11.0
A'Shon Riggins,49373,CB,INDIANA,2,0,0,0.0,0,0,190,0,0,64.5,65.2,73.8,60.0,63.4,,0,0,0,0,,,0,0,0,39.6,0,0,0,2,16,7,20,2,0,0,2,0,0,18,1,12,0,0,0,0,1,0,0,0,0,
Jaylon Jones,49374,CB,OLE MISS,10,6,0,51.2,0,0,226,0,0,63.5,62.0,83.8,59.0,53.7,55.5,1,0,0,0,49,19.1,9,3,0,99.3,21,0,0,54,405,266,466,2,0,0,2,0,3,464,1,199,2,15,32,4,41,1,3,297,110,14.1
John Reid,49381,CB,PENN STATE,13,4,0,61.4,1,0,266,0,0,73.0,73.4,86.5,58.9,69.8,82.5,0,3,1,2,56,7.5,3,7,6,90.6,35,0,0,38,496,382,658,4,0,0,4,0,3,654,7,269,116,11,33,1,57,3,3,471,138,13.5
Javaris Davis,49432,CB,AUBURN,13,7,0,56.4,3,0,115,0,0,79.9,76.0,0.0,64.4,64.4,61.7,1,0,0,2,41,15.9,7,8,7,70.0,31,0,0,52,286,356,589,4,0,0,4,0,3,585,6,227,244,14,30,2,55,1,2,316,124,10.2
Julian Blackmon,49434,S,UTAH,12,7,0,65.4,0,1,328,0,0,88.7,89.6,88.1,76.4,78.7,82.8,1,1,1,4,42,11.9,7,5,0,61.9,17,1,0,80,12,418,632,4,0,0,4,0,485,628,6,208,51,14,45,3,26,3,1,200,88,11.8
Daniel Brown,49436,CB,NEVADA,10,7,0,60.3,0,0,239,0,0,75.8,76.5,85.5,58.7,73.7,75.4,0,1,0,4,75,4.3,2,4,3,78.7,38,0,0,38,554,347,599,2,0,0,2,0,5,597,1,251,0,19,38,3,63,1,4,478,171,12.6
Allan Koikoi,49447,S,MIAMI OH,5,0,0,,0,0,221,0,0,61.4,61.3,78.6,,60.2,48.7,0,0,0,0,,25.0,1,0,0,0.0,0,0,0,12,9,19,63,3,0,0,3,0,19,60,0,44,19,1,3,0,0,0,0,0,0,
Shaun Crawford,49469,CB,NOTRE DAME,11,4,0,51.5,0,0,258,0,0,62.8,64.6,84.6,65.9,67.4,71.9,0,2,0,1,43,9.7,3,1,1,67.1,17,0,0,29,216,217,388,2,0,0,2,0,19,386,6,165,122,10,24,1,33,2,1,195,59,11.5
Nick Harvey,49476,CB,N TEXAS,12,7,0,68.7,0,0,251,1,0,69.3,67.4,55.0,60.0,59.3,66.4,0,0,0,1,80,12.2,9,5,6,113.4,46,0,0,75,745,457,847,15,0,0,15,0,11,832,1,389,0,18,58,1,67,0,4,650,218,14.1
Jalen Thompson,49477,CB,S ALABAMA,10,2,0,54.2,0,0,288,0,0,73.3,72.2,84.4,59.2,64.3,42.9,0,1,0,1,38,23.1,6,3,0,91.5,13,0,0,36,369,198,427,9,0,0,9,0,5,418,2,227,8,9,18,0,24,1,2,195,51,15.0
D'Angelo Ellis,49479,CB,RICE,2,0,0,71.4,0,0,275,0,0,58.1,56.8,76.3,,53.6,25.9,0,0,0,0,59,50.0,3,1,0,153.3,5,0,0,3,51,25,55,0,0,0,0,0,0,55,0,30,1,2,3,0,7,0,2,96,41,19.2
Chris Williamson,49490,CB,MINNESOTA,13,9,0,72.9,1,1,225,0,0,58.9,61.2,87.0,70.9,61.3,51.1,0,6,1,1,26,19.1,13,1,2,90.8,35,3,0,139,11,341,611,14,0,0,14,0,1,597,20,250,444,26,46,2,48,9,1,342,137,9.8
Douglas Coleman II,49498,S,TEXAS TECH,12,8,0,60.9,0,0,315,0,0,79.7,76.6,58.6,65.1,69.2,68.1,0,0,0,8,49,13.9,11,1,2,79.2,14,0,0,328,10,470,871,12,0,0,12,0,341,859,6,395,180,10,60,0,23,0,1,284,122,20.3
Emmanuel Rugamba,49501,CB,MIAMI OH,13,10,0,54.9,1,0,221,0,0,76.6,72.8,58.3,74.5,58.8,56.5,0,1,0,1,36,17.3,18,5,7,85.2,45,0,0,127,716,470,877,31,0,0,31,0,0,846,11,396,2,30,76,3,82,1,5,435,107,9.7
Christopher Fredrick,49525,CB,SYRACUSE,12,4,0,60.6,0,0,304,1,0,64.5,64.3,57.5,52.1,64.7,60.4,0,2,0,3,75,16.1,10,6,3,105.2,43,0,0,48,719,440,818,44,0,0,44,0,3,774,10,368,3,7,48,1,71,2,5,797,357,18.5
Blair Manly,49531,CB,NEW MEXICO,1,1,0,,0,0,241,0,0,63.5,65.7,73.0,,63.7,73.5,0,0,0,0,,0.0,0,0,0,0.0,0,0,0,0,11,6,12,1,0,0,1,0,0,11,0,6,0,0,0,0,0,0,0,0,0,
Kamar Greenhouse,49532,CB,LA LAFAYET,8,0,0,64.7,0,0,207,0,0,48.7,50.2,79.3,71.7,52.3,44.8,0,2,0,1,49,33.3,3,2,1,97.4,11,0,0,5,113,70,121,0,0,0,0,0,0,121,3,48,3,0,6,0,17,2,1,189,63,17.2
Nick McCloud,49535,CB,NC STATE,2,3,0,70.0,0,0,248,0,0,66.0,65.1,78.6,60.0,58.2,63.7,0,0,0,0,33,12.5,1,2,0,127.5,7,0,0,4,79,52,89,0,0,0,0,0,0,89,1,36,6,2,4,0,10,0,1,81,19,11.6
JuJu Hughes,49545,S,FRESNO ST,12,12,0,62.5,0,0,169,0,0,80.5,77.2,89.8,67.5,63.9,66.2,0,1,0,2,69,13.8,12,6,0,87.0,30,0,0,188,19,468,860,15,0,0,15,0,156,845,9,383,482,23,63,3,48,1,2,418,258,13.9
Ashtyn Davis,49560,S,CAL,11,11,0,60.6,0,2,130,2,0,73.8,72.2,53.0,61.1,68.9,75.9,0,1,0,2,45,12.3,8,2,2,84.7,20,0,0,120,1,378,672,30,0,0,30,0,408,642,17,277,112,10,46,1,33,1,2,294,139,14.7
Breiden Fehoko,49589,DI,LSU,15,1,1,,0,0,211,0,0,,66.7,48.6,62.9,69.6,29.3,5,11,0,0,,35.0,7,0,2,0.0,0,0,0,0,0,0,486,485,41,176,31,237,0,1,276,210,0,11,12,6,0,16,0,0,0,
Keisean Lucier-South,49597,ED,UCLA,9,1,3,87.5,0,2,324,0,0,57.9,67.5,89.6,68.5,62.9,35.2,2,17,0,0,21,41.2,7,0,0,97.9,7,4,0,4,0,30,445,431,0,0,430,1,0,14,253,162,10,9,9,3,8,23,0,60,65,8.6
Jordan Mittie,49603,DI,KANSAS ST,13,5,2,,0,0,199,0,0,64.1,70.2,65.4,65.9,68.9,29.4,4,12,0,0,,26.8,11,0,1,0.0,0,0,0,0,0,0,470,469,4,446,0,19,0,1,242,228,0,20,25,5,0,16,0,0,0,
Jamal Milan,49635,DI,ILLINOIS,13,10,0,,0,0,187,0,0,60.9,62.4,85.6,58.4,62.5,58.1,1,17,0,0,,12.8,5,0,0,0.0,0,1,0,0,0,0,649,648,22,615,1,10,0,1,295,354,0,20,24,7,0,19,0,0,0,
Andy Jean-Baptiste,49645,ED,AKRON,12,6,0,,0,1,102,0,0,63.5,61.0,82.1,52.5,62.4,47.5,0,6,0,0,,17.2,5,0,0,0.0,0,0,0,0,0,0,363,363,0,73,56,234,0,0,127,236,0,14,18,2,0,6,0,0,0,
Tommy Doctor,49652,DI,CHARLOTTE,10,9,0,,1,0,136,0,0,60.0,52.4,46.1,51.0,55.6,61.9,0,5,0,0,,8.3,2,0,2,0.0,0,0,0,1,0,0,483,482,33,405,1,43,0,1,217,266,0,9,13,2,0,5,0,0,0,
Julian Rochester,49668,DI,GEORGIA,4,2,0,,0,0,173,0,0,,70.8,76.8,56.1,77.7,77.3,0,1,0,0,,0.0,0,0,0,0.0,0,0,0,0,0,0,75,75,5,43,2,25,0,0,42,33,0,4,5,2,0,1,0,0,0,
Markus Bailey,49681,LB,PURDUE,2,2,0,100.0,0,0,273,0,0,73.2,74.8,83.4,90.3,53.1,51.8,2,2,0,0,23,20.0,4,1,0,131.7,10,1,0,120,0,103,163,12,0,0,12,0,4,151,17,43,27,10,14,1,10,5,1,76,61,7.6
Kevin Henry,49713,LB,OKLA STATE,12,6,0,100.0,0,1,262,0,0,58.2,64.3,77.5,55.5,74.0,45.5,3,6,0,0,26,26.5,9,1,0,112.5,9,0,0,146,1,84,184,9,0,0,9,0,0,175,27,73,28,13,19,3,9,9,0,99,104,11.0
Brandon Wellington,49733,LB,WASHINGTON,13,18,1,82.2,0,0,340,2,2,43.7,52.1,85.3,61.3,58.0,65.2,0,11,0,0,21,12.8,10,0,1,97.7,37,1,0,628,3,339,705,21,0,0,21,0,2,684,65,301,51,11,50,1,45,12,0,335,183,9.1
Cooper Edmiston,49748,LB,TULSA,12,20,0,70.0,0,1,320,0,0,68.0,60.4,87.5,49.3,57.5,66.9,1,5,0,0,39,11.2,12,1,0,135.4,7,0,0,826,0,335,829,1,0,0,1,0,0,828,57,437,0,57,75,2,10,6,1,100,59,14.3
Kumonde Hines,49750,ED,TEXAS ST,8,2,0,,0,0,314,0,0,62.4,56.1,80.5,56.1,55.4,55.2,0,0,0,0,,16.7,2,0,0,0.0,0,1,0,16,0,5,129,113,0,13,47,53,0,16,43,81,0,7,8,1,0,1,0,0,0,
Antoine Brooks Jr.,49751,S,MARYLAND,12,16,2,67.3,0,1,215,0,0,66.1,76.5,65.1,73.5,90.8,85.6,2,9,0,1,79,9.4,10,2,1,82.8,37,0,0,159,6,395,854,84,0,0,84,0,108,770,55,404,496,35,80,8,55,11,1,345,211,9.3
Terik Miller,49785,CB,LA LAFAYET,14,6,1,68.4,0,0,207,0,0,63.3,62.5,86.5,68.3,57.4,66.1,0,2,0,0,63,13.5,5,2,2,108.4,13,1,0,131,12,195,488,57,0,0,57,0,0,431,22,271,288,13,26,3,19,3,1,145,79,11.2
Joe Dillon,49790,ED,LA LAFAYET,14,7,0,83.3,1,0,207,0,0,57.4,65.5,44.8,76.0,58.4,68.3,11,11,0,0,21,18.2,6,1,2,97.9,5,7,0,12,0,53,413,392,0,0,388,4,0,21,169,191,9,20,20,2,6,29,0,45,19,9.0
Todd Bradley-Glenn,49811,LB,GA SOUTHRN,11,1,0,72.7,0,0,174,0,0,43.6,39.1,80.4,52.7,41.7,33.5,0,0,0,0,22,27.8,5,0,1,93.8,8,0,0,157,0,69,162,2,0,0,2,0,0,160,8,85,3,7,12,0,11,0,0,82,35,10.3
DeDarallo Blue,49869,LB,TOLEDO,12,10,0,83.3,0,0,316,0,0,51.9,50.6,86.7,58.5,49.1,64.2,3,8,0,0,39,13.0,9,2,0,127.1,20,0,0,546,3,290,674,68,0,0,68,0,1,606,69,315,55,21,50,6,24,11,1,268,150,13.4
Robert Revels III,49871,LB,TULSA,5,1,0,,0,0,320,0,0,63.6,66.3,74.0,57.6,65.2,76.5,0,0,0,0,,0.0,0,0,0,0.0,0,0,0,11,0,5,16,5,0,0,5,0,0,11,2,9,0,1,1,0,0,0,0,0,0,
Nate Childress,49902,DI,TOLEDO,12,8,2,,0,0,316,0,0,60.0,63.0,86.3,55.8,65.0,71.5,0,4,0,0,,5.0,1,0,0,0.0,0,1,0,0,0,0,562,561,117,442,0,2,0,1,269,293,0,7,11,1,0,5,0,0,0,
Nico Lautanen,49908,DI,BOWL GREEN,12,2,0,0.0,1,0,122,1,0,55.6,63.9,38.2,64.5,65.5,49.3,4,11,0,0,,19.2,5,0,3,39.6,0,4,0,4,0,7,595,590,79,416,3,92,0,5,291,297,0,15,19,2,1,19,0,0,0,
Kuony Deng,49921,LB,CAL,13,32,3,81.3,0,0,130,1,0,29.9,49.2,63.7,69.0,60.9,61.6,0,17,0,0,29,15.2,21,5,1,113.1,61,3,0,846,3,469,937,19,0,0,19,0,15,918,90,378,53,29,85,4,75,20,3,595,372,9.8
Keiron Howard,49947,DI,MARYLAND,12,5,0,,1,0,215,0,0,60.0,63.7,33.8,54.6,71.2,68.2,2,4,0,0,,9.1,2,0,2,0.0,0,2,0,0,0,0,370,369,6,185,18,160,0,1,185,185,0,10,15,3,0,8,0,0,0,
Tyler Clark,49963,DI,GEORGIA,13,6,0,,0,0,173,0,0,60.0,73.3,82.6,60.9,79.3,41.2,2,8,0,0,,26.7,8,0,0,0.0,0,3,0,1,0,0,381,380,15,230,26,109,0,1,225,156,0,18,16,5,0,13,0,0,0,
Emmanuel Fesili,49974,DI,BOISE ST,4,2,0,,0,0,120,0,0,,72.1,75.4,56.9,73.5,73.4,0,0,0,0,,0.0,0,0,0,0.0,0,0,0,0,0,0,29,29,10,18,0,1,0,0,8,21,0,1,1,1,0,0,0,0,0,
Zach Abercrumbia,49996,DI,SMU,13,8,2,,0,0,287,0,0,60.0,76.3,64.2,66.9,78.9,64.5,3,10,0,0,,9.4,3,0,1,0.0,0,2,0,0,0,0,461,461,13,295,23,130,0,0,223,238,0,17,21,2,0,15,0,0,0,
Ty Phillips,49997,DI,GA SOUTHRN,13,6,1,,2,0,174,0,0,55.9,66.4,27.2,68.8,67.5,65.7,2,16,0,0,,7.7,2,0,4,0.0,0,2,0,2,0,5,572,569,377,104,7,81,0,3,299,268,0,18,18,4,0,20,0,0,0,
David Moa,50012,DI,BOISE ST,14,6,1,,1,0,120,1,0,60.0,72.9,68.2,65.5,74.9,62.7,4,18,0,0,,10.3,4,0,1,0.0,0,1,0,1,0,0,572,571,4,436,11,120,0,1,308,264,0,22,29,6,0,23,0,0,0,
Baylen Baker,50040,DI,UTSA,12,4,2,,0,0,331,0,0,59.5,67.8,87.4,56.8,71.5,61.7,1,4,0,0,,9.1,2,0,0,0.0,0,0,0,2,0,1,466,464,205,257,0,2,0,2,208,257,0,12,16,4,0,5,0,0,0,
Christopher 'Unga,50041,DI,UTAH ST,13,11,1,,0,0,329,1,0,59.2,71.5,85.6,63.9,72.6,45.4,8,7,0,0,,17.8,8,0,0,0.0,0,1,0,1,0,1,606,605,74,464,13,54,0,1,278,327,0,16,26,1,0,16,0,0,0,
Jasad Haynes,50044,DI,FRESNO ST,2,0,0,,0,0,169,0,0,,53.2,75.0,55.4,53.9,70.2,0,0,0,0,,0.0,0,0,0,0.0,0,0,0,0,0,0,40,40,0,17,4,19,0,0,20,20,0,0,1,0,0,0,0,0,0,
Marquise Overton,50046,DI,OKLAHOMA,14,5,0,,0,0,261,0,0,72.3,74.1,36.9,66.6,76.0,42.5,3,5,0,0,,20.0,4,0,2,0.0,0,1,0,0,0,0,344,344,121,215,1,7,0,0,181,163,0,10,11,4,0,9,0,0,0,
Broderick Washington,50049,ED,TEXAS TECH,12,13,2,,0,0,315,1,0,65.5,72.5,85.7,63.5,73.6,43.0,7,27,0,0,,21.7,10,0,0,0.0,0,3,0,3,0,2,718,715,15,149,136,415,0,3,380,336,0,17,23,2,0,37,0,0,0,
Elu Aydon,50053,DI,OREGON ST,12,12,1,,0,0,265,0,0,69.6,72.8,70.6,57.7,78.2,65.6,2,6,0,0,,8.1,3,0,1,0.0,0,0,0,5,0,3,530,525,324,196,1,4,0,5,263,264,0,16,22,4,0,8,0,0,0,
Jackson Pittman,50057,DI,NAVY,13,10,1,,0,0,237,2,0,59.4,69.0,69.7,61.5,71.7,54.2,2,7,0,0,,14.7,5,0,1,0.0,0,0,0,2,0,1,505,503,252,243,0,8,0,2,240,264,0,16,19,4,0,9,0,0,0,
James Lockhart,50065,ED,BAYLOR,14,6,1,,1,1,118,1,0,59.6,76.4,52.1,73.6,76.4,45.7,2,37,0,0,,24.2,8,0,3,0.0,0,7,0,8,0,4,786,777,7,52,561,157,0,9,453,329,0,24,19,3,0,46,0,0,0,
Richard Yeargin,50122,ED,BOSTON COL,13,2,0,,0,0,121,0,0,60.1,67.7,85.4,56.9,73.8,51.4,4,14,0,0,,35.3,6,0,0,0.0,0,0,0,1,0,2,424,423,0,43,273,107,0,1,227,195,0,8,9,4,0,18,0,0,0,
Delontae Scott,50185,ED,SMU,13,3,2,,0,2,287,0,0,62.4,87.1,56.9,81.4,86.0,73.4,7,37,0,0,,8.3,3,0,2,0.0,0,10,0,3,0,1,684,681,22,61,380,218,0,3,382,301,0,34,30,9,0,54,0,0,0,
Malcolm Roach,50191,ED,TEXAS,13,9,1,0.0,1,0,311,0,0,77.0,79.6,20.6,69.8,84.7,65.8,7,21,0,0,,15.9,7,0,5,39.6,0,3,0,18,0,12,589,569,35,35,227,272,0,20,348,229,1,23,28,5,2,31,0,0,0,
La'Darius Hamilton,50192,ED,N TEXAS,12,6,0,0.0,0,1,251,0,0,57.6,70.5,59.2,72.4,66.3,42.1,10,25,0,0,,29.5,13,0,2,39.6,0,10,0,1,0,2,746,744,1,42,225,476,0,2,412,332,0,31,25,2,1,45,0,0,0,
Allen Stallings IV,50193,ED,INDIANA,13,11,0,100.0,0,0,190,1,0,62.0,69.1,87.4,71.0,63.7,45.2,3,20,0,0,-4,27.0,10,0,0,79.2,1,4,0,32,1,34,403,370,0,5,356,9,0,33,183,186,0,15,16,1,1,27,0,-4,0,-4.0
Lonzell Gilmore,50194,ED,TEXAS TECH,3,0,0,100.0,0,0,315,0,0,72.2,84.6,77.0,73.8,75.5,46.9,0,3,0,0,0,20.0,1,0,0,79.2,1,0,0,7,0,4,30,21,0,0,21,0,0,9,13,13,2,3,4,0,1,3,0,0,7,0.0
Benning Potoa'e,50195,DI,WASHINGTON,13,5,0,,0,0,340,0,0,71.2,73.7,84.3,71.5,69.0,44.8,3,15,0,0,,17.1,6,0,0,0.0,0,3,0,0,0,0,408,408,71,244,15,78,0,0,211,197,0,23,24,3,0,21,0,0,0,
Jayson VanHook,50241,LB,UTEP,12,10,0,89.7,1,0,330,0,0,47.8,36.8,86.0,49.6,30.1,29.2,1,5,0,0,61,29.0,20,1,1,136.6,26,1,0,570,2,291,726,103,0,0,103,0,1,623,78,357,49,23,39,4,29,7,2,327,333,12.6
Donald Louis Jr.,50254,ED,LA MONROE,12,8,0,100.0,0,0,209,0,0,41.4,75.1,4.9,75.3,79.5,69.9,7,15,0,0,3,12.1,4,0,5,79.2,1,5,0,1,0,1,487,485,8,56,249,172,0,2,246,240,0,17,21,3,1,27,0,3,7,3.0
JaQuan Bailey,50256,ED,IOWA STATE,4,3,1,50.0,0,0,193,0,0,55.8,67.5,81.7,60.1,74.9,59.4,2,6,0,0,11,9.1,1,0,0,66.7,1,0,0,0,0,6,166,166,0,27,89,50,0,0,102,58,0,3,7,0,2,8,0,11,1,11.0
Tipa Galeai,50275,ED,UTAH ST,12,11,0,66.7,1,0,329,1,0,61.9,80.1,74.1,77.0,79.3,61.7,10,31,0,0,24,19.6,11,0,1,96.5,2,5,0,23,1,46,628,591,20,15,498,58,0,37,267,315,13,26,34,4,3,46,0,28,39,14.0
Marquiss Spencer,50306,ED,MISS STATE,13,6,1,100.0,0,2,227,0,0,45.5,73.0,47.3,75.0,72.8,50.5,8,17,0,0,8,22.0,9,0,2,97.9,2,2,0,1,0,11,463,462,2,6,396,58,0,1,232,220,0,22,26,6,2,27,0,15,13,7.5
Zo Bridges,50309,ED,TROY,3,2,0,,0,0,318,0,0,61.5,55.1,83.1,64.5,37.8,51.3,1,4,0,0,,0.0,0,0,0,0.0,0,1,0,11,0,6,79,66,0,0,66,0,0,13,49,24,1,3,2,1,0,6,0,0,0,
Justus Te'i,50311,ED,UTAH ST,13,14,2,66.7,0,0,329,3,0,46.7,61.9,75.6,60.7,67.6,53.0,3,11,0,0,25,17.2,10,0,1,88.9,8,0,1,74,3,99,708,594,9,31,488,66,0,114,227,382,37,20,34,4,12,14,0,90,91,11.3
Michael Ojemudia,50327,CB,IOWA,12,7,0,56.9,0,0,192,1,0,85.5,83.4,85.5,59.6,64.4,79.0,0,0,0,3,39,6.0,3,9,2,55.6,37,0,0,45,683,445,747,5,0,0,5,0,0,742,2,300,14,14,40,1,65,0,1,315,57,8.5
Travion Banks,50354,CB,MIAMI OH,13,4,0,57.6,0,0,221,0,0,90.6,90.4,85.6,65.9,67.0,59.8,1,1,0,5,39,17.0,8,6,1,48.5,19,0,0,57,211,298,476,4,0,0,4,0,78,472,3,175,126,6,35,1,33,2,1,221,49,11.6
Desmon Smith,50369,CB,TEXAS TECH,7,1,0,62.5,0,0,315,0,0,46.5,46.3,0.0,55.5,57.9,83.0,0,1,0,0,22,0.0,0,0,3,85.9,5,0,0,13,101,67,135,13,0,0,13,0,1,122,5,63,6,4,6,0,8,1,0,61,19,12.2
Aaron Robinson,50370,CB,UCF,13,8,0,58.9,0,1,323,0,0,84.9,84.8,88.7,74.4,81.1,46.2,1,2,0,3,32,21.9,14,7,3,63.8,33,0,0,158,4,454,842,11,0,0,11,0,1,831,9,379,668,23,42,6,56,3,2,310,175,9.4
Justin Rogers,50372,S,UTEP,12,8,0,70.9,0,1,330,3,0,61.5,62.3,57.8,65.0,62.9,45.3,0,0,0,2,41,22.9,22,2,1,83.8,39,0,0,202,5,374,782,20,0,0,20,0,106,762,15,393,448,25,66,0,55,0,1,419,193,10.7
Jameel Moore,50374,S,N TEXAS,11,4,0,69.7,2,0,251,0,0,58.4,54.6,85.1,57.0,45.4,76.2,0,0,0,0,40,8.3,3,5,4,89.7,23,0,0,129,0,205,374,29,0,0,29,0,36,345,7,162,180,12,29,1,33,0,0,234,129,10.2
Bryce Balous,50388,CB,OKLA STATE,6,0,0,,0,0,262,0,0,59.0,48.6,0.0,,41.3,23.9,0,0,0,0,,66.7,2,0,1,0.0,0,0,0,3,35,19,41,1,0,0,1,0,0,40,0,22,1,0,1,0,0,0,0,0,0,
Tino Ellis,50390,CB,MARYLAND,6,2,0,50.0,0,0,215,0,0,60.4,61.3,82.6,55.4,64.5,61.7,0,0,0,0,52,7.7,1,1,3,104.2,7,0,0,12,264,160,286,1,0,0,1,0,2,285,1,125,7,5,10,0,14,0,1,123,55,17.6
A.J. Green III,50394,CB,OKLA STATE,13,5,0,59.3,1,1,262,0,0,74.8,75.9,27.0,,82.6,80.5,0,0,1,1,78,7.4,4,5,6,89.7,35,0,0,54,770,494,857,13,0,0,13,0,0,844,0,363,19,10,45,1,59,0,1,561,212,16.0
Kyle Mayberry,50403,CB,KANSAS,12,7,0,59.0,0,0,198,0,0,61.7,60.3,85.5,58.2,52.6,78.3,0,1,0,0,49,8.2,4,5,1,97.3,23,0,0,46,600,321,658,3,0,0,3,0,7,655,2,335,2,10,38,3,39,1,1,351,90,15.3
Jawon McDowell,50408,CB,TROY,10,3,0,68.8,0,0,318,0,0,57.9,59.2,82.5,,64.4,68.2,0,0,0,0,49,12.5,3,5,1,119.5,22,0,0,19,283,185,308,0,0,0,0,0,0,308,0,123,4,4,18,1,32,0,2,302,94,13.7
Jace Whittaker,50465,CB,ARIZONA,12,7,0,67.8,0,0,109,0,0,65.9,64.5,89.1,62.6,56.6,69.6,0,1,0,3,73,14.5,9,3,1,95.8,40,1,0,128,237,426,782,18,0,0,18,0,152,764,1,355,247,11,46,2,59,2,3,587,222,14.7
Jeff Gladney,50471,CB,TCU,12,1,0,46.6,3,0,305,0,0,72.7,71.7,13.0,57.2,72.1,59.7,0,1,0,1,44,13.8,4,8,7,77.4,27,2,0,22,648,387,712,5,0,0,5,0,0,707,13,312,37,15,24,1,58,3,3,369,82,13.7
Jalen Julius,50482,S,OLE MISS,12,11,0,64.9,0,0,226,0,0,62.7,65.9,53.5,63.9,73.3,62.8,0,1,0,0,74,15.9,13,2,2,115.3,24,1,0,118,4,419,735,3,0,0,3,0,347,732,4,312,263,18,58,2,37,2,2,365,170,15.2
Ephraim Kitchen,50509,S,LA TECH,1,0,0,,0,0,208,0,0,,60.0,60.0,,60.0,,0,0,0,0,,,0,0,0,0.0,0,0,0,0,0,0,1,0,0,0,0,0,0,1,0,1,0,0,0,0,0,0,0,0,0,
EJ Muhammad,50519,CB,NEVADA,12,9,0,68.6,1,1,239,1,0,76.3,76.9,85.1,58.7,74.0,66.9,0,0,0,0,46,14.1,9,6,1,116.6,35,0,0,78,629,373,715,0,0,0,0,0,6,715,1,341,2,11,46,1,51,0,3,462,121,13.2
Jacoby Wildman,50521,ED,UTAH ST,13,10,1,,0,0,329,0,0,67.2,67.4,86.5,58.8,68.8,88.2,2,7,0,0,,0.0,0,0,0,0.0,0,2,0,4,0,15,445,440,16,115,223,86,0,5,187,243,1,16,24,3,0,11,0,0,0,
Lamar Jackson,50532,CB,NEBRASKA,12,4,0,42.9,1,2,238,1,0,77.6,75.4,54.1,72.1,62.8,53.9,1,3,0,3,38,20.0,10,8,3,55.7,21,1,0,83,697,398,801,1,0,0,1,0,2,800,7,396,18,15,36,2,49,5,3,270,87,12.9
Nnamdi Oguayo,50570,ED,WASH STATE,13,2,0,,0,1,341,0,0,65.6,73.2,85.3,70.9,67.6,54.4,7,20,0,0,,20.0,5,0,0,0.0,0,1,0,0,0,8,411,410,2,77,229,102,0,1,241,162,1,11,18,1,0,28,0,0,0,
Brady Reiff,50571,DI,IOWA,10,9,1,,0,0,192,0,0,58.8,70.3,66.7,65.5,71.5,55.8,1,5,0,0,,16.7,4,0,1,0.0,0,3,0,2,0,1,425,423,97,325,1,0,0,2,213,211,0,10,11,0,0,9,0,0,0,
Eli Hanback,50615,DI,VIRGINIA,14,9,0,,0,0,335,2,1,59.6,81.7,86.1,67.3,86.1,84.7,1,17,0,0,,0.0,0,0,0,0.0,0,6,0,1,0,2,588,586,230,235,13,108,0,2,306,280,1,23,20,3,0,24,0,0,0,
Marcus Webb,50617,ED,TROY,12,6,0,,0,0,318,0,0,56.0,76.5,44.6,81.0,71.1,34.2,6,27,0,0,,28.6,8,0,2,0.0,0,6,0,3,0,3,438,434,2,190,170,72,0,4,228,207,0,15,14,2,0,39,0,0,0,
Ishmael Davis,50632,ED,TEXAS ST,12,14,1,,0,2,314,1,0,68.3,81.4,84.7,62.4,84.2,56.7,2,18,0,0,,12.0,6,0,0,0.0,0,3,0,1,0,2,594,593,0,52,131,410,0,1,273,319,0,28,30,4,0,23,0,0,0,
Saleem Brightwell,50633,LB,PITTSBURGH,11,17,0,58.8,1,0,268,0,0,61.3,57.5,23.9,54.3,59.7,68.2,2,10,0,0,44,13.2,10,2,2,119.5,10,2,0,620,0,244,643,14,0,0,14,0,0,629,105,294,8,29,49,3,17,14,2,119,67,11.9
Brandon Wilson,50647,DI,UCF,9,1,0,,0,0,323,0,0,,56.6,6.7,55.3,64.7,21.3,2,3,0,0,,66.7,2,0,2,0.0,0,0,0,0,0,0,182,182,15,93,0,74,0,0,115,67,0,0,0,0,0,5,0,0,0,
Demerick Gary,50649,DI,SMU,13,2,2,,0,0,287,1,0,60.0,65.4,43.1,72.0,57.0,65.2,4,18,0,0,,18.8,3,0,2,0.0,0,5,0,1,0,0,446,445,34,237,40,134,0,1,291,155,0,13,11,1,0,27,0,0,0,
Matt Otwinowski,50650,LB,BUFFALO,13,24,0,75.0,0,0,126,0,0,70.6,67.6,53.2,57.7,65.2,66.1,4,4,0,1,39,14.3,13,2,1,78.8,24,0,0,626,0,323,664,1,0,0,1,0,6,663,34,307,30,33,54,4,32,8,0,209,108,8.7
Chris Orr,50653,LB,WISCONSIN,14,17,1,72.2,0,2,349,1,0,79.9,87.1,87.4,90.3,67.0,68.8,12,21,0,0,21,16.4,12,4,1,90.7,13,12,0,638,3,298,711,19,0,0,19,0,0,692,133,280,51,44,44,2,18,45,0,123,75,9.5
Riley Cole,50655,ED,S ALABAMA,12,10,0,90.9,0,1,288,0,0,67.5,77.0,1.1,73.4,85.4,68.2,4,7,0,0,42,17.2,11,0,4,118.8,10,3,0,94,8,130,494,298,0,0,298,0,3,196,104,260,91,29,43,7,11,14,0,139,120,13.9
Shemar Smith,50659,LB,OREGON ST,7,12,0,90.9,0,0,265,0,0,62.7,65.4,82.4,54.4,67.4,76.8,0,3,0,0,24,6.8,3,0,0,107.6,10,1,0,276,0,104,296,5,0,0,5,0,0,291,28,164,15,19,29,3,11,4,0,108,93,10.8
Tajhea Chambers,50673,LB,ARK STATE,13,15,1,64.7,0,1,113,0,0,56.1,65.0,87.4,72.3,64.9,30.0,5,14,0,1,22,23.5,19,1,0,62.6,11,3,1,784,0,353,819,22,0,0,22,0,0,797,67,399,12,32,47,6,17,22,0,127,104,11.5
Alonzo Brown,50692,LB,LA LAFAYET,2,0,0,,0,0,207,0,0,61.5,72.0,70.6,64.1,,,0,0,0,0,,,0,0,0,0.0,0,0,0,4,0,4,5,1,0,0,1,0,0,4,1,0,0,0,0,0,0,0,0,0,0,
Asmar Bilal,50709,LB,NOTRE DAME,13,20,0,66.7,0,0,258,1,0,71.1,80.0,86.7,57.1,84.0,82.5,2,2,0,0,29,8.2,7,2,1,82.5,16,2,0,564,5,295,684,46,0,0,46,0,3,638,53,336,65,36,58,9,24,6,0,143,108,8.9
Isaiah Davis,50717,LB,MARYLAND,12,14,0,89.3,0,0,215,0,0,42.9,49.6,44.7,63.4,54.4,67.6,2,5,0,1,38,12.1,8,0,1,139.6,25,0,0,505,0,265,589,24,0,0,24,0,1,565,40,284,57,16,44,1,28,7,3,356,205,14.2
Sage Lewis,50731,LB,FIU,12,17,0,53.6,0,0,166,2,0,81.0,75.7,85.9,58.7,69.2,88.2,2,2,0,3,26,5.1,5,2,0,29.8,15,1,0,683,0,354,752,31,0,0,31,0,25,721,35,363,13,44,76,3,28,5,0,152,91,10.1
Cortez Sisco Jr.,50757,LB,LA MONROE,12,19,1,77.8,2,1,209,0,0,45.5,58.7,0.0,89.8,64.1,75.2,5,10,0,1,74,9.4,9,1,7,115.7,21,2,0,640,1,262,693,44,2,0,42,0,0,649,74,357,8,28,68,1,27,17,1,340,231,16.2
Jeff Gemmell,50776,LB,CHARLOTTE,12,27,1,82.4,0,0,136,2,0,82.7,81.6,51.5,79.4,70.2,70.6,2,12,0,1,16,12.1,11,1,1,58.1,14,1,0,531,0,195,574,26,0,0,26,0,0,548,75,304,17,33,53,4,17,15,0,65,61,4.6
Jordan Williams,50848,LB,BAYLOR,14,28,2,63.5,1,1,118,1,0,73.6,65.3,15.9,76.6,54.8,50.0,3,5,0,3,27,20.7,24,5,3,56.3,33,3,0,669,0,441,853,39,0,0,39,0,2,814,55,357,142,37,64,6,52,11,0,317,209,9.6
Jordyn Brooks,50851,LB,TEXAS TECH,11,23,0,71.4,0,1,315,2,0,64.9,90.5,87.7,75.6,91.5,77.6,8,31,0,0,32,9.9,12,0,0,97.9,10,5,0,678,1,274,707,12,0,0,12,0,7,695,117,316,9,60,86,17,14,44,0,122,93,12.2
Nikolas Daniels,50853,LB,TEXAS ST,12,27,1,71.4,0,1,314,1,0,60.0,69.7,41.2,87.5,68.1,82.4,1,17,0,0,39,10.1,10,0,2,91.1,20,6,0,642,2,316,868,76,0,0,76,0,1,792,71,481,147,45,62,5,28,24,0,198,177,9.9
Brett Shepherd,50855,LB,MIDDLE TN,8,5,0,66.7,0,0,224,0,0,71.0,49.9,87.5,59.0,31.8,40.6,1,4,0,0,14,27.8,10,0,0,75.7,4,1,0,275,1,124,328,49,0,0,49,0,0,279,55,149,1,15,21,2,6,6,0,26,24,6.5
Mike Linehan,50915,ED,N TEXAS,5,1,0,,0,0,251,0,0,70.7,67.9,81.7,71.1,59.1,83.0,0,0,0,0,,0.0,0,0,0,0.0,0,2,0,41,0,17,90,46,0,0,46,0,0,44,13,60,3,4,6,0,0,2,0,0,0,
Brayden Stringer,50924,LB,TEXAS TECH,8,0,0,50.0,0,0,315,0,0,56.6,47.2,78.8,66.1,37.9,23.3,1,0,0,0,15,66.7,4,0,0,64.6,2,1,0,75,0,29,82,4,0,0,4,0,0,78,10,43,2,1,2,1,4,2,0,20,17,10.0
Leo Lewis,50937,LB,MISS STATE,13,18,0,89.3,0,1,227,2,0,49.0,46.9,0.0,54.1,51.5,63.0,4,9,0,0,65,15.2,10,1,3,130.2,25,1,0,492,6,245,594,42,0,0,42,0,0,552,65,284,54,23,38,2,28,14,1,347,204,13.9
Tron Folsom,50993,LB,COLO STATE,12,6,2,84.6,0,0,144,0,0,54.1,58.0,89.1,59.6,60.0,61.6,2,9,0,0,34,15.6,10,0,1,106.6,22,0,0,354,3,206,531,117,0,0,117,0,4,414,49,276,53,21,48,4,26,11,0,249,196,11.3
Chase Day,51001,LB,LA MONROE,11,15,0,88.9,0,1,209,0,0,66.4,66.9,0.0,60.5,68.2,79.6,2,3,0,2,18,6.2,4,1,2,60.9,8,0,0,378,0,149,405,22,1,0,21,0,0,383,22,234,4,27,46,3,9,5,0,73,59,9.1
Gabe McCoy,51031,ED,UNLV,11,8,0,100.0,0,0,325,0,0,59.1,61.0,76.2,63.7,57.7,31.6,13,15,0,0,53,27.7,13,0,1,118.8,7,2,0,123,10,115,703,530,0,0,528,2,1,173,278,310,39,20,26,7,7,30,0,103,67,14.7
Shaquille Quarterman,51048,LB,MIAMI FL,13,25,1,74.4,0,1,220,2,0,60.5,80.5,63.0,64.5,88.2,74.5,6,18,0,0,29,10.1,12,2,1,106.8,32,2,0,811,1,376,866,23,0,0,23,0,1,843,98,392,29,52,82,14,43,26,2,281,289,8.8
Bobby McMillen III,51068,S,IOWA STATE,12,4,0,82.6,0,0,193,0,0,48.3,51.7,85.1,56.9,60.6,45.9,0,1,0,0,25,25.0,5,0,0,93.7,19,0,0,42,0,89,180,27,0,0,27,0,1,153,11,80,110,3,11,0,23,1,0,149,118,7.8
Bryce Torneden,51069,S,KANSAS,12,16,0,72.0,0,1,198,1,0,65.8,67.1,88.0,56.8,69.2,74.9,4,5,0,0,51,12.5,10,3,0,139.7,18,1,0,220,4,264,677,81,0,0,81,0,80,596,49,364,292,24,54,4,25,10,3,228,129,12.7
Jalen Elliott,51071,S,NOTRE DAME,13,9,0,53.3,0,0,258,0,0,61.3,60.6,89.2,59.2,56.9,66.4,0,0,0,2,34,15.0,9,2,0,59.2,24,0,0,120,6,382,683,20,0,0,20,0,344,663,1,300,193,8,42,0,45,0,1,257,69,10.7
T.J. Holl,51109,LB,LOUISVILLE,9,3,0,100.0,0,0,210,0,0,39.1,31.7,76.7,58.8,32.8,21.1,0,0,0,0,20,61.5,8,0,0,118.8,1,0,0,75,0,32,80,5,0,0,5,0,0,75,10,38,0,2,2,0,1,0,0,20,15,20.0
DeAndre Pierce,51111,S,BOISE ST,5,1,0,61.1,1,0,120,0,0,60.3,62.6,6.7,57.5,74.6,90.2,0,0,0,0,46,0.0,0,0,1,106.0,11,0,0,63,1,152,249,4,0,0,4,0,67,245,2,95,114,6,17,1,18,0,1,149,62,13.5
Marcelino McCrary-Ball,51112,CB,INDIANA,13,11,0,63.0,2,0,190,0,0,50.6,53.1,0.0,72.9,57.6,76.9,5,7,0,0,34,9.1,4,0,8,96.7,17,2,0,85,17,219,516,76,0,0,76,0,3,440,55,242,335,12,29,0,27,14,1,193,76,11.4
Manny Bunch,51113,S,TULSA,12,13,0,44.7,0,1,320,1,0,65.0,67.3,87.4,,69.0,71.2,0,0,0,0,48,12.5,8,5,1,84.8,17,0,0,452,12,420,875,4,0,0,4,0,159,871,0,455,246,16,43,1,38,0,2,254,81,14.9
Trey Turner III,51131,S,CAL,11,4,1,64.3,0,1,130,0,0,52.7,57.1,83.4,64.2,66.1,78.7,0,1,0,0,40,7.4,2,1,1,128.3,9,0,0,59,1,165,282,1,0,0,1,0,189,281,7,110,32,1,21,0,14,1,2,111,63,12.3
Jay Bowdry,51155,S,GA SOUTHRN,13,7,1,78.8,2,0,174,0,0,64.4,65.6,21.0,57.0,72.6,53.7,2,4,0,0,33,21.1,8,1,3,112.2,26,0,0,98,6,201,500,105,0,0,105,0,0,395,56,243,290,17,23,4,33,6,2,201,164,7.7
Evan Tyler,51163,S,BOISE ST,7,2,0,75.0,0,0,120,0,0,78.5,73.5,0.0,,61.5,86.8,0,0,0,1,11,0.0,0,0,1,51.0,3,0,0,31,0,70,119,0,0,0,0,0,42,119,0,49,46,1,9,0,4,0,0,25,2,8.3
Nick Ingram,51197,S,LA MONROE,9,2,0,77.8,0,1,209,0,0,63.2,59.0,23.6,54.5,55.6,64.5,1,1,0,0,26,16.1,5,0,2,109.3,7,0,0,158,2,158,335,11,0,0,11,0,116,324,9,168,48,6,24,0,9,2,0,92,26,13.1
Ethan Aguayo,51246,LB,S JOSE ST,9,24,0,71.9,0,0,285,0,0,60.0,48.9,86.1,72.3,39.5,59.1,1,2,0,1,32,15.3,18,1,0,74.5,23,2,0,594,0,279,682,25,0,0,25,0,0,657,28,375,62,35,76,1,32,5,0,196,156,8.5
Javon Hagan,51256,S,OHIO,13,18,0,58.3,0,1,259,1,0,70.7,69.0,87.6,75.5,62.2,47.4,1,1,0,0,38,21.0,26,5,0,91.4,21,2,0,389,6,453,854,4,0,0,4,0,318,850,5,396,137,29,80,2,36,4,2,192,82,9.1
Nikholi Jaghai,51268,S,FIU,1,0,0,,0,0,166,0,0,,55.1,69.3,,57.5,,0,0,0,0,,,0,0,0,0.0,0,0,0,1,0,0,6,0,0,0,0,0,5,6,0,6,0,0,0,0,0,0,0,0,0,
Ben DeLuca,51269,S,CHARLOTTE,2,0,0,,0,0,136,1,0,46.6,51.1,75.4,60.0,60.1,52.2,0,0,0,0,,33.3,1,0,0,0.0,0,0,0,28,0,21,48,0,0,0,0,0,15,48,1,26,5,0,2,0,0,0,0,0,0,
Kristian Welch,51283,LB,IOWA,10,15,2,80.0,0,1,192,1,0,53.8,62.6,84.6,74.2,65.1,66.1,2,7,0,0,29,15.2,14,1,1,98.2,24,4,0,507,1,324,595,1,0,0,1,0,0,594,39,232,86,39,63,3,30,13,0,227,155,9.5
Damon Lowe,51291,LB,W KENTUCKY,9,4,0,50.0,0,0,346,1,0,67.1,61.6,0.0,51.6,61.7,42.2,0,3,0,0,8,23.8,5,0,1,56.3,4,0,0,159,0,83,187,5,0,0,5,0,0,182,12,92,23,11,12,0,8,3,0,18,23,4.5
Jordan Mack,51337,LB,VIRGINIA,13,11,1,75.0,0,2,335,0,0,57.4,63.6,24.2,75.2,60.0,46.6,6,18,0,0,38,23.5,16,0,2,133.3,15,7,0,604,0,233,657,17,0,0,17,0,2,640,134,290,33,27,41,1,20,31,1,274,205,18.3
J.T. Ibe,51340,S,S CAROLINA,11,11,0,67.7,1,0,289,0,0,54.6,64.7,87.6,71.2,82.8,68.8,1,1,0,0,65,13.9,11,2,2,127.1,21,0,0,151,17,351,631,14,0,0,14,0,281,617,6,274,168,22,57,0,31,2,3,270,70,12.9
Gavin Graham,51354,LB,TEXAS ST,3,5,0,100.0,0,0,314,0,0,59.0,58.8,78.5,52.7,60.9,67.3,0,1,0,0,5,9.1,1,0,0,122.9,2,0,0,37,0,12,73,34,0,0,34,0,0,39,14,47,2,2,5,0,2,1,1,8,1,4.0
Will Harper,51355,LB,TULANE,11,7,0,78.3,0,0,319,0,0,57.7,57.9,45.8,55.5,60.8,49.3,2,2,0,0,37,18.5,5,1,1,110.3,18,0,0,121,5,156,379,93,0,0,93,0,2,286,46,177,158,10,15,6,23,4,1,161,126,8.9
Melvin Tyus,51374,S,TROY,10,7,0,60.0,0,0,318,0,0,57.7,53.5,2.9,,48.9,31.5,0,0,0,0,46,31.4,11,2,2,119.3,9,0,0,97,0,164,307,1,0,0,1,0,119,306,0,143,90,5,17,0,15,0,1,162,76,18.0
Khairi Muhammad,51389,S,N TEXAS,12,16,0,57.1,1,1,251,0,0,76.3,73.0,87.6,62.3,65.6,74.6,0,3,0,1,31,12.5,9,4,2,84.4,16,0,0,485,0,426,809,26,0,0,26,0,91,783,18,365,206,17,47,1,28,3,2,173,64,10.8
Jaylinn Hawkins,51423,S,CAL,13,9,0,65.0,0,3,130,0,0,80.4,75.7,90.1,73.1,57.8,64.0,2,2,0,3,22,17.9,12,1,0,56.5,26,2,0,136,0,486,844,35,0,0,35,0,448,809,21,337,224,17,46,2,40,6,1,222,124,8.5
Chris Daniels,51561,DI,MISSOURI,2,0,0,,0,0,229,0,0,,57.6,72.5,59.3,58.0,,0,0,0,0,,,0,0,0,0.0,0,0,0,0,0,0,9,9,4,5,0,0,0,0,2,7,0,0,0,0,0,0,0,0,0,
Zach McCloud,51575,LB,MIAMI FL,4,1,0,80.0,0,0,220,0,0,73.6,67.6,74.5,67.0,57.7,57.5,0,1,0,0,16,18.2,2,1,0,92.5,4,0,0,81,0,31,86,2,0,0,2,0,0,84,8,47,2,4,8,2,5,1,0,31,29,7.8
Cameron Haney,51585,CB,UTAH ST,11,3,0,46.3,0,1,329,0,0,74.3,71.3,86.7,74.0,51.6,57.6,0,0,0,1,49,17.1,7,5,1,89.1,25,1,0,45,637,345,739,23,0,0,23,0,3,716,2,392,31,8,31,0,54,1,4,408,126,16.3
Jeremy Smith,51586,CB,ARK STATE,13,6,0,66.0,0,0,113,0,0,51.9,56.5,88.2,59.2,79.4,71.7,0,0,1,3,62,10.6,7,9,1,115.4,64,0,0,18,939,527,981,19,0,0,19,0,0,962,2,452,4,12,53,2,97,0,9,937,222,14.6
Micah Farrar,51774,CB,NAVY,9,0,0,60.0,0,0,237,0,0,60.2,59.7,80.5,,55.8,53.6,0,0,0,1,30,20.0,1,0,0,46.7,6,0,0,2,158,87,161,0,0,0,0,0,1,161,0,74,0,0,4,0,10,0,0,82,39,13.7
Christian Cumber,52020,LB,COLO STATE,1,0,0,,0,0,144,0,0,61.6,49.3,66.0,,51.3,74.3,0,0,0,0,,0.0,0,0,0,0.0,0,0,0,4,0,3,5,0,0,0,0,0,1,5,0,2,0,0,1,0,0,0,0,0,0,
Ellison Hubbard,52025,DI,COLO STATE,12,10,0,,0,1,144,0,0,57.6,61.7,50.9,70.4,56.7,58.4,3,20,0,0,,17.1,6,0,2,0.0,0,3,0,1,0,2,542,541,42,467,4,28,0,1,251,289,0,18,19,2,0,26,0,0,0,
Manny Jones,52026,ED,COLO STATE,11,8,0,33.3,1,2,144,0,0,70.4,80.1,70.9,71.0,80.4,50.6,8,24,0,0,0,23.0,14,0,1,42.4,1,5,0,24,0,21,526,502,1,27,405,69,0,24,222,283,0,38,39,3,3,37,0,0,3,0.0
Jamori Fox,52030,DI,COLO STATE,1,0,0,,0,0,144,0,0,,60.8,68.7,58.9,60.7,,0,0,0,0,,,0,0,0,0.0,0,0,0,0,0,0,4,4,1,3,0,0,0,0,2,2,0,0,0,0,0,0,0,0,0,
Livingston Paogofie,52039,DI,COLO STATE,12,1,0,,0,1,144,0,0,60.7,60.2,49.6,67.8,55.6,51.0,2,5,0,0,,22.2,2,0,1,0.0,0,1,0,2,0,1,256,254,0,218,4,32,0,2,113,142,0,7,6,1,0,8,0,0,0,
Warren Jackson,52050,WR,COLO STATE,1,0,0,,0,0,144,0,0,60.0,60.0,64.7,,,,0,0,0,0,,,0,0,2,0.0,0,0,0,0,0,1,1,0,0,0,0,0,1,1,0,0,0,0,0,0,0,0,0,0,0,
Akil Francisco,52051,CB,HAWAII,6,0,0,71.4,0,0,180,0,0,28.1,28.8,75.3,,61.8,15.4,0,0,0,0,59,50.0,1,1,2,153.3,5,0,0,1,41,29,44,0,0,0,0,0,1,44,0,15,0,0,1,0,7,0,3,110,44,22.0
Azia Se'ei,52053,DI,HAWAII,15,6,0,,0,0,180,0,0,56.6,53.1,86.5,61.0,49.0,56.8,1,6,0,0,,14.3,3,0,0,0.0,0,0,0,0,0,0,391,391,275,116,0,0,0,0,166,225,0,7,12,1,0,7,0,0,0,
Donovan Dalton,52056,S,HAWAII,10,3,0,42.9,0,0,180,0,0,57.6,53.3,84.8,,42.0,37.7,0,0,0,0,11,30.0,6,1,0,50.3,3,0,0,39,0,91,151,0,0,0,0,0,61,151,0,60,50,4,11,1,7,0,0,17,11,5.7
Doug Russell,52057,DI,HAWAII,1,0,0,,0,0,180,0,0,,60.0,64.4,59.9,,,0,0,0,0,,,0,0,0,0.0,0,0,0,0,0,0,1,1,0,1,0,0,0,0,1,0,0,0,0,0,0,0,0,0,0,
Eugene Ford,52061,S,HAWAII,15,5,0,62.7,0,1,180,0,0,60.5,66.0,87.2,72.6,77.9,83.2,0,1,0,0,41,6.8,4,2,2,107.2,37,0,0,170,29,387,655,13,0,0,13,0,90,642,3,265,352,15,50,0,59,1,4,428,164,11.6
Fanupo Peapealalo,52062,ED,HAWAII,1,0,0,,0,0,180,0,0,,57.7,67.4,57.6,,,0,0,0,0,,,0,0,0,0.0,0,0,0,0,0,0,2,2,0,0,1,1,0,0,2,0,0,0,0,0,0,0,0,0,0,
Justice Augafa,52067,S,HAWAII,2,0,0,,0,0,180,0,0,,65.9,62.8,,61.3,74.8,0,0,0,0,,0.0,0,0,0,0.0,0,0,0,2,0,0,3,0,0,0,0,0,0,3,0,3,0,1,1,0,0,0,0,0,0,
Kana'i Picanco,52070,LB,HAWAII,7,5,0,70.0,0,1,180,0,0,59.5,64.9,80.8,65.2,66.6,58.0,1,3,0,0,17,15.6,5,1,0,81.7,7,2,0,228,0,108,237,2,0,0,2,0,1,235,16,113,6,11,22,0,10,6,0,51,50,7.3
Makai Manuwai,52073,DI,HAWAII,11,3,0,,0,0,180,0,0,60.0,57.9,80.6,53.7,62.8,67.9,2,4,0,0,,10.0,1,0,0,0.0,0,0,0,0,0,0,169,169,8,98,16,47,0,0,123,46,0,5,6,1,0,6,0,0,0,
Paul Scott,52078,LB,HAWAII,14,4,3,75.0,0,0,180,0,0,79.7,57.4,84.6,62.9,31.8,26.5,0,7,0,1,25,38.2,13,1,0,50.3,9,0,0,248,0,154,328,48,0,0,48,0,7,280,31,143,24,11,17,5,12,7,0,59,72,6.6
Caeleb Washington,52090,ED,UMASS,11,2,0,,0,0,216,0,0,,55.1,80.9,54.0,56.1,65.9,0,4,0,0,,18.2,2,0,0,0.0,0,0,0,0,0,0,206,206,21,40,25,120,0,0,102,104,0,4,7,1,0,4,0,0,0,
Chinedu Ogbonna,52091,ED,UMASS,12,4,0,71.4,1,0,216,1,0,45.5,53.4,71.3,62.9,53.0,50.4,1,10,0,1,30,17.5,7,0,1,109.8,15,2,0,60,1,71,544,453,0,2,445,6,0,91,161,312,30,22,29,7,21,13,2,183,96,12.2
Chris DiTommaso,52092,ED,UMASS,5,4,0,,0,0,216,0,0,,67.6,81.9,53.1,70.8,79.6,0,0,0,0,,0.0,0,0,0,0.0,0,0,0,1,0,0,206,205,14,74,51,66,0,1,53,153,0,5,6,1,0,0,0,0,0,
Claudin Cherelus,52094,LB,UMASS,11,2,0,83.3,0,1,216,0,0,42.1,40.4,21.1,57.4,45.1,55.4,0,1,0,0,30,19.0,8,0,1,156.3,5,1,0,249,0,71,279,10,0,0,10,0,0,269,17,191,20,14,32,2,6,2,2,72,49,14.4
Cole McCubrey,52095,LB,UMASS,12,16,1,88.9,0,1,216,0,0,38.5,48.1,82.5,61.3,54.1,64.3,1,5,0,0,62,14.9,15,0,0,125.9,24,1,0,567,1,223,611,5,0,0,5,0,0,606,46,342,38,37,70,3,27,7,1,304,208,12.7
Jake Byczko,52099,ED,UMASS,9,6,1,,0,0,216,0,0,53.3,66.6,83.6,60.4,70.0,59.7,4,9,0,0,,10.0,3,0,0,0.0,0,0,0,1,0,0,456,455,2,109,75,269,0,1,227,229,0,15,21,2,0,13,0,0,0,
Mike Ruane,52109,LB,UMASS,12,20,0,81.8,0,0,216,2,0,63.3,43.3,45.9,58.5,37.1,70.8,1,3,0,0,14,11.9,8,0,1,132.0,9,0,0,355,0,108,435,58,0,0,58,0,0,377,31,296,22,14,39,2,11,4,2,68,29,7.6
Tyris Lebeau,52113,S,UMASS,9,14,0,71.4,0,0,216,0,0,48.8,55.0,86.2,68.7,58.5,63.8,1,1,0,1,32,14.0,7,1,0,79.9,15,1,0,96,17,100,327,54,0,0,54,0,9,273,21,206,151,14,29,1,21,3,0,192,181,12.8
Xavier Steele,52115,S,UMASS,11,8,2,71.9,0,1,216,0,0,43.1,49.4,44.1,74.6,55.2,51.2,0,4,0,1,57,18.9,10,2,1,117.4,23,1,0,85,10,150,377,91,0,0,91,0,0,286,31,196,191,14,35,1,32,5,3,286,182,12.4
Alexander Skelton,52121,DI,OREGON ST,9,2,0,,0,0,265,0,0,,47.7,80.0,55.2,46.7,53.4,0,0,0,0,,16.7,1,0,0,0.0,0,0,0,0,0,0,75,75,59,16,0,0,0,0,15,60,0,2,3,0,0,0,0,0,0,
David Morris,52127,S,OREGON ST,10,8,0,40.0,0,2,265,0,0,57.1,63.3,84.5,73.8,73.2,61.4,0,2,0,0,28,17.1,7,1,2,87.9,6,0,0,107,5,230,379,9,0,0,9,0,155,370,6,143,103,5,26,1,15,2,1,109,33,18.2
Isaiah Dunn,52129,CB,OREGON ST,12,3,0,47.4,0,1,265,0,0,72.3,74.6,85.6,57.7,79.8,79.3,0,0,0,0,54,8.2,4,7,4,90.1,27,0,0,55,611,396,696,0,0,0,0,0,0,696,2,298,30,12,42,1,57,0,3,424,136,15.7
Jeffrey Manning Jr.,52134,S,OREGON ST,4,0,0,100.0,0,0,265,0,0,60.9,61.8,76.3,59.2,62.4,26.3,0,0,0,0,18,50.0,2,0,0,118.8,2,0,0,22,1,20,59,3,0,0,3,0,1,56,1,38,32,0,2,0,2,0,0,29,16,14.5
Kaleb Hayes,52137,CB,OREGON ST,2,0,0,,1,0,265,0,0,47.4,38.7,0.0,,62.2,73.1,0,0,0,0,,0.0,0,0,2,0.0,0,0,0,1,8,5,9,0,0,0,0,0,0,9,0,4,0,0,1,0,0,0,0,0,0,
Moku Watson,52142,S,OREGON ST,1,0,0,,0,0,265,0,0,61.2,33.3,72.0,60.0,40.6,,0,0,0,0,,,0,0,0,0.0,0,0,0,2,0,2,7,2,0,0,2,0,1,5,1,4,2,0,0,0,0,0,0,0,0,
Austin Trammell,52195,WR,RICE,1,0,0,,1,0,275,0,0,,60.0,60.0,,60.0,,0,0,0,0,,,0,0,1,0.0,0,0,0,0,0,0,1,0,0,0,0,0,0,1,0,1,0,0,0,0,0,0,0,0,0,
Garrett Grammer,52202,LB,RICE,8,1,0,50.0,0,0,275,0,0,58.7,61.7,83.6,57.3,63.8,71.5,0,0,0,0,22,10.0,1,0,0,89.6,1,0,0,37,0,12,40,0,0,0,0,0,0,40,3,25,1,3,8,2,2,0,0,22,2,22.0
George Nyakwol,52203,S,RICE,12,9,0,45.5,0,0,275,1,0,65.6,68.5,86.4,50.9,73.7,49.8,0,0,0,1,63,20.6,14,3,1,53.6,10,0,0,266,5,319,630,8,0,0,8,0,287,622,20,291,64,18,45,2,22,0,0,172,76,17.2
Isaiah Richardson,52205,S,RICE,9,2,0,100.0,0,0,275,0,0,63.1,66.9,79.4,48.7,76.7,59.7,0,3,0,0,29,22.2,2,0,0,118.8,2,0,0,42,1,55,114,0,0,0,0,0,57,114,2,57,13,3,5,1,2,3,0,35,8,17.5
Kenneth Orji,52209,ED,RICE,12,14,0,88.9,0,0,275,1,0,69.0,62.3,89.7,52.2,63.5,64.4,3,7,0,0,13,12.8,6,0,0,126.4,8,0,0,30,0,78,495,430,0,0,427,3,0,65,179,238,34,18,27,2,9,10,1,49,23,6.1
Trey Schuman,52216,ED,RICE,8,6,0,,0,0,275,0,0,61.1,72.2,30.7,72.4,70.4,36.5,1,17,0,0,,27.6,8,0,2,0.0,0,1,0,0,0,2,314,313,0,33,139,141,0,1,162,150,0,12,15,3,0,19,0,0,0,
Tyrae Thornton,52217,CB,RICE,12,5,0,51.8,1,0,275,0,0,65.1,64.1,51.5,55.8,61.1,70.2,0,0,0,0,36,10.4,5,6,4,85.1,29,0,0,57,608,367,701,26,0,0,26,0,1,675,7,327,8,11,38,2,56,0,2,376,62,13.0
Brandon Ezell,52222,CB,S JOSE ST,11,3,0,57.4,0,0,285,0,0,62.4,61.1,85.6,59.3,52.4,53.7,0,0,0,4,46,17.8,8,4,0,78.1,27,0,0,35,585,296,637,2,0,0,2,0,0,635,9,332,15,6,34,2,47,0,4,397,61,14.7
Christian Johnson,52228,ED,S JOSE ST,12,4,1,,0,0,285,0,0,52.9,60.8,81.0,57.8,65.8,40.6,1,3,0,0,,20.0,4,0,0,0.0,0,0,0,0,0,0,259,259,4,65,63,127,0,0,120,139,0,7,12,1,0,4,0,0,0,
Hadari Darden,52234,LB,S JOSE ST,12,5,0,66.7,0,0,285,0,0,68.3,64.0,86.1,58.3,60.0,62.0,0,7,0,0,18,17.9,5,0,0,80.6,4,0,0,114,11,92,345,131,0,0,131,0,1,214,31,222,87,6,18,2,6,7,0,33,40,8.3
Jamaar Hardy,52241,DI,S JOSE ST,2,0,0,,0,0,285,0,0,,37.9,75.6,56.7,35.1,23.1,0,0,0,0,,100.0,1,0,0,0.0,0,0,0,0,0,0,27,27,15,10,0,2,0,0,14,13,0,0,0,0,0,0,0,0,0,
Johnny Balderas,52246,S,S JOSE ST,2,0,0,,0,0,285,0,0,,63.1,68.2,,61.3,,0,0,0,0,,,0,0,0,0.0,0,0,0,5,6,0,11,0,0,0,0,0,0,11,0,11,0,0,0,0,0,0,0,0,0,
Rico Tolefree,52250,LB,S JOSE ST,12,11,0,78.6,0,2,285,1,0,72.7,68.0,86.9,65.4,62.4,60.4,2,3,0,2,32,17.6,9,0,0,59.5,11,2,0,227,30,151,573,230,0,0,230,0,0,343,73,349,85,19,31,2,14,7,0,109,83,9.9
Sailosi Latu,52255,DI,S JOSE ST,12,12,0,,0,0,285,0,0,60.0,60.1,56.4,55.4,63.5,67.7,1,4,0,0,,7.4,4,0,2,0.0,0,0,0,0,0,0,559,559,287,249,3,20,0,0,219,340,0,24,38,3,0,5,0,0,0,
Tre White,52261,CB,S JOSE ST,4,0,0,75.0,0,0,285,0,0,66.3,69.2,79.6,67.6,69.3,82.3,0,0,0,0,25,0.0,0,0,0,103.1,3,1,0,4,66,27,96,0,0,0,0,0,0,96,5,64,25,4,5,0,4,1,0,37,9,12.3
Tysyn Parker,52264,LB,S JOSE ST,9,11,0,86.7,0,0,285,0,0,56.5,41.0,84.7,66.1,31.8,62.2,0,9,0,0,23,12.9,8,0,0,101.1,13,1,0,464,0,182,469,2,0,0,2,0,0,467,32,255,3,16,43,3,15,10,0,124,92,9.5
Caleb Phillips,52265,ED,STANFORD,3,0,0,,0,0,300,0,0,60.0,73.9,71.0,73.7,60.0,,0,1,0,0,,,0,0,0,0.0,0,0,0,1,0,1,6,5,0,0,5,0,0,1,4,1,0,0,0,0,0,1,0,0,0,
Dalyn Wade-Perry,52268,DI,STANFORD,12,3,0,,0,0,300,0,0,,65.6,18.1,61.3,70.0,29.5,1,6,0,0,,21.4,3,0,2,0.0,0,0,0,2,0,0,211,209,102,103,1,3,0,2,102,109,0,6,8,4,0,7,0,0,0,
Dylan Boles,52271,DI,STANFORD,1,0,0,,0,0,300,0,0,,62.0,68.2,,60.0,,0,0,0,0,,,0,0,0,0.0,0,0,0,0,0,0,4,4,0,3,0,1,0,0,0,4,0,0,0,0,0,0,0,0,0,
Gabe Reid,52273,ED,STANFORD,12,7,1,80.0,2,0,300,0,0,62.5,65.1,39.2,65.0,66.4,50.8,0,25,0,0,39,19.6,10,0,4,101.1,12,3,0,65,4,116,627,491,0,1,486,4,0,136,261,250,67,25,34,7,15,28,0,124,95,10.3
Noah Williams,52278,S,STANFORD,7,0,0,,0,0,300,0,0,61.4,57.5,72.8,60.0,55.2,83.0,0,0,0,0,,0.0,0,0,0,0.0,0,0,0,6,0,3,27,0,0,0,0,0,21,27,1,23,0,1,4,0,0,0,0,0,0,
Paulson Adebo,52280,CB,STANFORD,9,1,0,58.8,0,0,300,0,0,82.1,78.6,43.1,55.0,57.3,53.2,0,0,0,4,38,18.8,9,5,2,77.7,30,0,0,23,543,338,591,2,0,0,2,0,1,589,2,251,22,7,38,0,51,0,4,406,127,13.5
Ryan Johnson,52282,DI,STANFORD,7,0,0,,0,0,300,0,0,,36.7,0.0,55.2,40.3,,1,1,0,0,,,0,0,1,0.0,0,0,0,0,0,0,41,41,0,12,3,26,0,0,18,23,0,0,0,0,0,2,0,0,0,
Stu Head,52284,S,STANFORD,8,8,0,53.8,0,0,300,0,0,52.7,48.0,84.0,66.8,37.8,50.2,1,0,0,0,37,21.8,12,0,0,83.5,7,0,0,69,0,237,391,4,0,0,4,0,285,387,2,152,33,9,35,1,13,1,0,114,32,16.3
Thunder Keck,52285,ED,STANFORD,6,0,0,,0,0,300,0,0,63.3,57.0,77.3,47.4,68.8,47.6,0,1,0,0,,33.3,1,0,0,0.0,0,0,0,9,0,5,29,18,0,0,18,0,1,11,17,7,1,1,2,0,0,1,0,0,0,
AJ Franco,52289,LB,USF,1,0,0,,0,0,327,0,0,,60.0,61.7,,60.0,,0,0,0,0,,,0,0,0,0.0,0,0,0,1,0,0,1,0,0,0,0,0,0,1,0,1,0,0,0,0,0,0,0,0,0,
Bentlee Sanders,52291,CB,USF,12,7,0,69.0,0,2,327,0,0,66.2,71.8,89.1,78.3,77.9,66.8,1,3,0,1,21,14.9,7,1,0,77.4,29,2,0,70,36,263,565,19,0,0,19,0,3,546,27,275,437,17,33,4,42,6,0,279,191,9.6
Darrien Grant,52293,ED,USF,10,2,0,,0,0,327,0,0,,63.3,80.7,59.7,63.5,45.4,2,2,0,0,,25.0,2,0,0,0.0,0,0,0,1,0,0,133,132,0,19,79,34,0,1,47,86,0,4,4,1,0,4,0,0,0,
Jabreel Stephens,52302,ED,USF,4,2,0,0.0,0,0,327,0,0,61.1,73.5,76.0,59.2,73.0,76.7,0,0,0,0,,0.0,0,0,0,39.6,0,0,0,0,0,1,24,24,0,0,23,1,0,0,2,21,0,1,1,1,1,0,0,0,0,
Kelvin Pinkney,52308,DI,USF,9,5,0,,0,0,327,0,0,60.0,60.4,5.8,62.0,63.6,78.4,0,1,0,0,,0.0,0,0,3,0.0,0,1,0,0,0,0,246,246,147,99,0,0,0,0,97,149,0,8,9,1,0,2,0,0,0,
Kevin Kegler,52310,DI,USF,8,4,0,,0,0,327,1,0,51.4,74.6,84.0,69.5,75.7,79.5,1,3,0,0,,0.0,0,0,0,0.0,0,1,0,0,0,1,275,275,122,141,1,11,0,0,112,162,0,8,9,3,0,5,0,0,0,
Mekhi LaPointe,52315,S,USF,9,2,0,80.0,0,0,327,0,0,59.6,50.9,81.7,57.3,37.0,65.8,0,0,0,0,34,13.3,2,0,0,158.3,4,0,0,40,1,53,139,1,0,0,1,0,55,138,3,83,42,2,11,0,5,0,3,80,26,20.0
Nick Roberts,52318,S,USF,12,15,0,54.5,0,1,327,0,0,85.4,76.4,88.9,63.2,57.7,58.8,2,1,0,2,24,21.0,17,4,0,43.6,18,2,0,238,34,306,733,29,0,0,29,0,209,704,24,403,223,16,49,3,33,5,0,169,94,9.4
Randall St. Felix,52319,WR,USF,1,0,0,,0,0,327,0,0,,60.0,63.7,,60.0,,0,0,0,0,,,0,0,2,0.0,0,0,0,0,0,0,1,0,0,0,0,0,1,1,0,1,0,0,0,0,0,0,0,0,0,
Malik Vann,52555,ED,CINCINNATI,14,5,0,,0,0,138,0,0,59.0,80.1,63.4,72.0,83.5,53.9,1,18,0,0,,21.4,6,0,1,0.0,0,2,0,0,0,0,394,394,0,11,254,129,0,0,196,198,0,17,17,5,0,21,0,0,0,
Tyler Bentley,52790,DI,PITTSBURGH,13,2,1,,0,0,268,0,0,60.0,71.5,31.2,59.5,79.3,74.4,0,1,0,0,,0.0,0,0,1,0.0,0,0,0,0,0,0,146,146,11,125,0,10,0,0,80,66,0,2,3,1,0,1,0,0,0,
Xavier Peters,52819,ED,KENTUCKY,2,1,0,,0,0,202,0,0,64.8,66.4,79.3,53.9,70.5,75.3,0,0,0,0,,0.0,0,0,0,0.0,0,0,0,1,0,9,24,12,0,0,12,0,0,12,7,8,11,1,1,0,0,0,0,0,0,
Zaid Hamdan,52925,DI,OHIO STATE,3,1,0,,0,0,260,0,0,,89.7,77.6,73.0,85.4,73.2,0,0,0,0,,0.0,0,0,0,0.0,0,0,0,0,0,0,24,24,10,14,0,0,0,0,8,16,0,3,3,0,0,0,0,0,0,
Cole Pearce,52970,LB,BALL ST,1,0,0,50.0,0,0,117,0,0,50.1,54.2,67.1,,64.8,74.3,0,0,0,0,9,0.0,0,0,0,62.5,1,0,0,6,0,3,8,0,0,0,0,0,0,8,0,5,2,0,1,0,2,0,0,9,7,9.0
Jevon Henderson,53477,ED,BOWL GREEN,11,3,0,,1,0,122,0,0,,58.5,37.5,63.3,58.0,63.8,0,1,0,0,,7.7,1,0,1,0.0,0,1,0,0,0,0,180,179,0,56,46,77,0,1,43,137,0,8,9,0,0,2,0,0,0,
Max Wynn,53481,LB,MIAMI OH,4,2,0,,0,0,221,0,0,63.2,40.3,0.0,57.8,37.1,27.9,0,0,0,0,,50.0,3,0,1,0.0,0,0,0,39,0,13,47,7,0,0,7,0,0,40,4,30,1,1,1,0,0,0,0,0,0,
Luke Bolden,53565,LB,MIAMI OH,11,3,0,90.0,0,0,221,0,0,44.8,50.2,78.6,57.5,58.7,65.8,0,0,0,0,27,11.1,1,1,0,131.3,9,0,0,108,1,49,120,4,0,0,4,0,0,116,2,69,6,2,5,2,10,0,1,75,51,8.3
Ja'von Hicks,53569,S,CINCINNATI,14,6,0,63.0,0,2,138,5,0,69.6,67.1,29.3,,62.7,44.1,0,0,0,5,69,20.3,12,3,2,81.1,29,0,0,278,5,473,886,0,0,0,0,0,283,886,0,413,320,6,41,0,46,0,5,329,113,11.3
Eric Phillips,53572,DI,CINCINNATI,1,0,0,,0,0,138,0,0,,69.8,67.5,67.8,60.0,,0,0,0,0,,,0,0,0,0.0,0,0,0,0,0,0,3,3,0,3,0,0,0,0,2,1,0,0,0,0,0,0,0,0,0,
Ivan Pace Jr.,53587,ED,MIAMI OH,13,4,0,100.0,0,0,221,0,0,51.3,75.1,33.3,71.9,83.3,73.2,5,8,0,0,11,15.4,2,0,1,101.4,3,6,0,45,0,17,173,128,0,0,128,0,0,45,102,54,0,11,7,0,3,19,0,25,9,8.3
Aeneas Hawkins,53708,DI,PENN STATE,1,0,0,,0,0,266,0,0,,55.8,73.4,66.3,51.0,,0,0,0,0,,,0,0,0,0.0,0,0,0,0,0,0,14,14,2,12,0,0,0,0,8,6,0,0,0,0,0,0,0,0,0,
Jarred Uran,53999,ST,AKRON,1,0,0,,0,0,102,0,0,,64.8,60.0,,60.0,73.9,0,0,0,0,,0.0,0,0,0,0.0,0,0,0,0,0,0,1,0,0,0,0,0,0,1,0,1,0,1,1,1,0,0,0,0,0,
Brody Ingle,54002,LB,CINCINNATI,3,2,0,,0,0,138,0,0,61.6,58.1,68.0,,56.4,76.5,0,0,0,0,,0.0,0,0,0,0.0,0,0,0,12,0,4,12,0,0,0,0,0,0,12,0,8,0,0,0,0,0,0,0,0,0,
Josh Whyle,54037,TE,CINCINNATI,1,0,0,,0,0,138,0,0,,60.0,60.0,,60.0,,0,0,0,0,,,0,0,0,0.0,0,0,0,0,0,0,1,0,0,0,0,0,0,1,0,1,0,0,0,0,0,0,0,0,0,
Mallory Claybourne,54370,CB,COAST CAR,8,6,0,82.4,0,0,141,0,0,74.7,76.5,28.7,66.0,81.7,89.1,1,0,0,1,38,2.5,1,0,1,108.8,14,0,0,39,332,162,424,3,0,0,3,0,5,421,3,259,45,12,33,1,17,1,2,112,48,8.0
Amir Howard,54371,S,ARK STATE,5,1,0,,0,0,113,0,0,67.0,73.7,75.1,60.0,72.9,80.5,0,0,0,0,,0.0,0,0,0,0.0,0,0,0,12,0,17,35,1,0,0,1,0,12,34,1,17,10,1,3,0,0,0,0,0,0,
Chandler Kryst,54375,CB,COAST CAR,12,4,0,62.1,0,0,141,0,0,69.5,66.8,86.1,59.4,50.2,55.9,0,0,0,5,98,15.9,7,5,1,95.1,36,0,0,39,572,348,655,4,0,0,4,0,7,651,7,300,32,11,33,3,58,0,6,595,243,16.5
Jalin Walker,54404,DI,COAST CAR,11,4,0,,0,0,141,0,0,,64.5,17.2,67.2,65.3,55.9,0,2,0,0,,13.3,2,0,2,0.0,0,0,0,1,0,0,203,202,112,87,0,3,0,1,81,122,0,7,9,3,0,2,0,0,0,
C.J. Brewer,54409,DI,COAST CAR,12,15,2,,0,0,141,0,0,72.2,77.0,86.2,59.1,80.9,65.3,6,11,0,0,,10.7,6,1,0,0.0,0,2,0,7,0,0,642,635,13,283,104,235,0,7,319,323,0,28,35,4,0,19,0,0,0,
Tarron Jackson,54410,ED,COAST CAR,12,12,3,,0,2,141,0,0,68.1,84.0,88.0,90.7,66.8,43.9,10,29,0,0,,23.5,12,0,0,0.0,0,13,0,2,0,3,739,737,1,4,438,294,0,2,363,373,0,27,27,2,0,52,0,0,0,
Jonathan Clayton,54411,DI,COAST CAR,10,1,0,,0,0,141,0,0,61.5,57.7,76.5,53.5,56.0,39.3,1,1,0,0,,25.0,1,0,0,0.0,0,0,0,1,0,0,57,56,2,37,1,16,0,1,32,25,0,2,2,0,0,2,0,0,0,
Alex Spillum,54414,S,COAST CAR,9,4,0,68.2,0,0,141,0,0,56.2,63.7,36.6,75.8,76.5,59.9,1,0,0,1,47,17.9,10,2,2,118.7,15,1,0,124,2,215,480,6,0,0,6,0,198,474,6,259,150,14,42,4,22,2,4,207,56,13.8
Kameron Burton,54415,S,COAST CAR,11,7,0,76.5,0,1,141,1,0,61.9,56.2,84.8,59.6,44.0,30.3,1,0,0,2,64,29.6,16,1,0,97.3,13,0,0,111,1,237,439,3,0,0,3,0,278,436,2,200,46,5,31,0,17,1,1,210,108,16.2
Jacqez Hairston,54433,HB,COAST CAR,1,0,0,,0,0,141,0,0,,60.2,73.9,,60.0,,0,0,0,0,,,0,0,1,0.0,0,0,0,0,0,0,1,0,0,0,0,0,0,1,0,1,0,0,0,0,0,0,0,0,0,
Silas Kelly,54456,LB,COAST CAR,2,2,0,90.0,0,1,141,0,0,55.5,54.6,79.5,53.7,56.9,46.3,0,0,0,0,15,25.0,4,0,0,88.8,9,0,0,80,0,37,93,1,0,0,1,0,0,92,5,51,12,6,10,1,10,0,0,53,38,5.9
Laqavious Paul,54458,LB,COAST CAR,12,15,0,92.9,0,0,141,0,0,71.1,61.2,84.1,58.4,50.1,64.0,1,1,0,0,20,13.5,7,0,0,118.2,13,1,0,375,0,212,413,3,0,0,3,0,3,410,28,173,31,17,30,0,14,3,1,93,56,7.2
Michael Makins,54465,LB,COAST CAR,8,9,0,40.0,0,0,141,0,0,59.9,61.6,10.8,50.0,66.2,70.7,0,2,0,0,18,9.7,3,0,1,59.6,2,0,0,231,0,70,241,1,0,0,1,0,1,240,14,157,8,11,19,0,5,2,0,29,12,14.5
E.J. Porter,54466,LB,COAST CAR,1,0,0,100.0,0,0,141,0,0,49.8,37.3,69.1,,46.1,,0,0,0,0,1,,0,0,0,79.2,1,0,0,10,0,6,10,0,0,0,0,0,0,10,0,4,0,0,0,0,1,0,0,1,2,1.0
Myles Olufemi,54467,ED,COAST CAR,12,10,0,100.0,0,0,141,0,0,60.3,52.5,44.0,55.0,51.3,50.6,3,12,0,0,23,18.2,8,0,3,130.1,9,2,0,21,0,66,640,569,0,0,569,0,0,71,226,348,50,22,26,2,9,17,1,57,50,6.3
Greg Latushko,54472,WR,COAST CAR,1,0,0,,0,0,141,0,0,,60.1,60.0,,60.0,,0,0,0,0,,,0,0,0,0.0,0,0,0,0,0,0,1,0,0,0,0,0,0,1,0,1,0,0,0,0,0,0,0,0,0,
Jaiden Clayton,54518,LB,COAST CAR,3,0,0,,0,0,141,0,0,61.5,71.7,71.0,59.1,73.8,73.2,0,1,0,0,,0.0,0,0,0,0.0,0,0,0,15,0,4,15,0,0,0,0,0,0,15,1,10,0,1,1,0,0,1,0,0,0,
Chris Evans,54520,ED,COAST CAR,10,1,0,66.7,0,0,141,0,0,59.8,60.1,14.0,62.0,62.1,78.0,0,1,0,0,14,0.0,0,0,1,82.6,2,1,0,8,0,14,92,81,0,0,81,0,0,11,42,36,3,2,2,0,3,2,0,18,0,9.0
Ryan Lee,54528,LB,COAST CAR,9,6,0,75.0,0,0,141,0,0,55.8,64.0,82.4,66.9,72.0,74.5,2,3,0,0,11,7.1,1,0,0,83.9,6,1,0,78,0,90,211,44,0,0,44,0,4,167,25,96,85,4,7,1,8,6,0,37,38,6.2
Brayden Matts,54531,S,COAST CAR,9,5,0,60.0,0,0,141,1,0,48.5,53.5,84.8,57.7,65.1,50.3,1,0,0,0,30,18.8,6,0,1,90.0,6,0,0,66,1,167,304,2,0,0,2,0,175,302,2,135,60,4,21,1,10,1,0,91,42,15.2
T'Qele Holmes,54560,WR,COAST CAR,1,0,0,,1,0,141,0,0,,60.2,73.9,,60.0,,0,0,0,0,,,0,0,1,0.0,0,0,0,0,0,0,1,0,0,0,0,0,0,1,0,1,0,0,0,0,0,0,0,0,0,
Aapri Washington,55013,CB,BUFFALO,13,2,0,51.1,0,0,126,1,0,63.9,67.0,84.8,60.0,78.5,49.3,0,0,0,2,80,16.7,7,3,1,88.7,23,0,0,42,560,342,610,2,0,0,2,0,4,608,1,267,1,9,33,1,45,0,3,435,135,18.9
Wankeith Akin Jr.,55014,CB,BUFFALO,9,0,0,66.7,0,0,126,0,0,60.0,60.6,76.9,,61.9,77.0,0,0,0,1,30,0.0,0,0,0,70.1,2,0,0,8,51,47,80,0,0,0,0,0,3,80,0,33,16,0,2,0,3,0,0,54,6,27.0
Malcolm Koonce,55015,ED,BUFFALO,13,7,0,100.0,0,3,126,0,0,49.8,83.7,57.1,89.6,71.9,77.9,7,36,0,0,11,11.5,3,0,2,97.9,2,10,0,0,0,5,549,548,0,2,531,15,0,1,312,232,0,21,16,2,2,53,0,15,4,7.5
Eric Black,55017,ED,BUFFALO,9,0,0,,0,0,126,1,0,61.2,58.7,80.2,60.8,52.5,40.7,0,3,0,0,,33.3,2,0,0,0.0,0,0,0,0,0,0,91,90,0,0,74,16,0,1,41,50,1,3,4,0,0,3,0,0,0,
Frendy Darelus,55018,ED,BUFFALO,12,2,0,,0,0,126,0,0,60.0,58.4,28.2,61.8,57.8,78.0,2,2,0,0,,0.0,0,0,1,0.0,0,1,0,2,0,1,127,125,0,2,111,12,0,2,66,60,0,3,3,0,0,5,0,0,0,
Tim Terry,55020,LB,BUFFALO,13,9,0,74.1,0,0,126,0,0,66.7,64.6,50.4,62.5,62.0,55.2,5,2,0,0,20,19.1,9,2,1,86.5,20,1,0,374,5,270,587,17,0,0,17,0,0,570,35,282,190,20,29,1,27,8,0,147,104,7.4
Ja'Varius Harrison,55021,LB,BUFFALO,7,5,0,50.0,0,0,126,0,0,60.3,68.9,77.2,68.9,74.0,82.5,0,1,0,0,0,0.0,0,0,0,56.3,1,0,0,62,0,38,91,7,0,0,7,0,0,84,5,48,19,2,3,0,2,1,0,0,3,0.0
Ali Abbas,55033,CB,BUFFALO,8,2,0,71.4,0,0,126,0,0,49.4,49.6,0.0,60.0,63.2,67.4,0,0,0,0,56,16.7,2,1,1,129.2,10,0,0,11,89,58,104,0,0,0,0,0,2,104,1,45,0,0,8,0,14,0,1,147,35,14.7
Evan Gantley,55034,S,BUFFALO,2,0,0,,0,0,126,0,0,60.0,55.4,72.4,,60.0,,0,0,0,0,,,0,0,0,0.0,0,0,0,0,0,1,2,0,0,0,0,0,0,2,0,1,0,0,0,0,0,0,0,0,0,
Isaiah King,55037,CB,BUFFALO,6,0,0,50.0,0,0,126,0,0,57.5,60.1,76.2,,65.7,74.2,0,0,0,0,15,0.0,0,0,0,75.0,1,0,0,5,27,16,34,0,0,0,0,0,0,34,0,18,0,0,1,0,2,0,0,15,3,15.0
Ledarius Mack,55041,ED,BUFFALO,13,3,0,,0,3,126,2,1,62.0,82.2,37.0,88.1,71.4,44.4,5,12,0,0,,21.7,5,0,2,0.0,0,9,0,0,0,14,333,333,0,0,316,17,0,0,179,140,0,21,15,4,0,26,0,0,0,
Chibueze Onwuka,55044,DI,BUFFALO,13,10,0,,1,0,126,0,0,59.1,71.8,48.0,68.4,73.8,71.5,0,10,0,0,,7.9,3,0,2,0.0,0,6,0,0,0,9,502,502,37,462,1,2,0,0,260,233,0,23,25,3,0,16,0,0,0,
Devonni Reed,55046,S,C MICHIGAN,13,7,0,57.1,0,0,134,0,0,49.7,56.7,88.4,65.3,68.2,71.9,0,1,0,0,22,13.8,11,2,2,109.1,16,0,0,184,7,387,688,12,0,0,12,0,381,676,4,297,104,15,62,3,28,1,3,159,46,9.9
Norman Anderson,55047,CB,C MICHIGAN,6,2,0,53.3,0,0,134,0,0,47.1,52.5,78.4,,69.1,75.4,0,0,0,0,36,7.1,1,0,1,111.3,8,0,0,16,93,61,116,2,0,0,2,0,0,114,0,55,5,4,11,0,15,0,1,153,36,19.1
Darius Bracy,55048,CB,C MICHIGAN,8,2,0,54.2,0,0,134,0,0,59.1,59.5,82.0,,59.8,60.0,0,0,0,0,40,16.7,4,2,1,110.2,13,0,0,29,282,195,313,0,0,0,0,0,0,313,0,118,2,4,18,0,24,0,2,203,56,15.6
Brandon Brown,55049,CB,C MICHIGAN,10,1,0,45.0,0,0,134,0,0,65.7,66.2,81.5,60.0,65.2,85.8,0,0,0,0,36,0.0,0,5,1,94.4,9,0,0,20,215,108,242,0,0,0,0,0,1,242,1,133,6,2,12,0,20,0,1,183,42,20.3
Troy Brown,55050,LB,C MICHIGAN,14,11,1,73.5,1,0,134,1,0,88.6,74.3,34.0,61.6,66.4,62.7,3,0,0,3,27,13.3,14,2,2,67.7,36,1,0,616,6,398,794,61,0,0,61,0,1,733,42,354,110,56,80,15,49,4,1,272,146,7.6
George Douglas IV,55053,LB,C MICHIGAN,14,3,0,78.6,0,0,134,0,0,55.6,56.0,79.9,55.0,56.8,29.7,0,2,0,0,43,30.8,8,1,0,142.3,11,1,0,239,3,111,314,38,0,0,38,0,0,276,23,180,34,8,15,1,14,3,2,121,78,11.0
Chuck Jones,55054,LB,C MICHIGAN,14,6,0,85.7,0,0,134,0,0,65.1,70.5,82.5,51.5,74.1,83.2,0,0,0,0,39,4.3,2,1,0,106.8,12,0,0,290,0,144,297,3,0,0,3,0,1,294,10,143,3,25,39,5,14,0,0,135,87,11.3
Keegan Cossou,55058,ED,C MICHIGAN,8,1,0,,0,0,134,1,0,60.0,63.3,77.4,63.8,60.2,49.2,0,1,0,0,,0.0,0,0,0,0.0,0,1,0,0,0,1,45,45,0,0,43,2,0,0,20,24,0,1,1,0,0,2,0,0,0,
Ethan Tucky,55071,ED,CINCINNATI,14,7,0,0.0,0,0,138,0,0,45.5,67.5,58.2,64.9,72.2,85.6,3,8,0,0,,3.0,1,0,1,39.6,0,2,0,31,0,12,309,276,0,2,235,39,0,33,140,157,1,22,25,6,1,13,0,0,0,
Angelo Howze,55073,ED,CINCINNATI,1,0,0,,0,0,138,0,0,,59.4,68.9,59.0,60.0,,0,0,0,0,,,0,0,0,0.0,0,0,0,0,0,0,3,3,0,0,3,0,0,0,2,1,0,0,0,0,0,0,0,0,0,
Nick Staderman,55074,DI,CINCINNATI,4,0,0,,0,0,138,0,0,,53.2,73.2,57.5,54.7,,0,0,0,0,,,0,0,0,0.0,0,0,0,2,0,0,13,11,2,9,0,0,0,2,6,7,0,0,0,0,0,0,0,0,0,
Jabari Taylor,55075,DI,CINCINNATI,14,10,0,,0,0,138,0,0,60.0,71.7,45.2,65.8,75.3,72.5,0,7,0,0,,4.2,1,0,2,0.0,0,1,0,1,0,1,394,393,266,123,0,4,0,1,193,200,0,13,13,1,0,8,0,0,0,
Michael Kopaygorodsky,55078,HB,CINCINNATI,1,0,0,,0,0,138,0,0,,60.0,60.0,,60.0,,0,0,0,0,,,0,0,0,0.0,0,0,0,0,0,0,1,0,0,0,0,0,0,1,0,1,0,0,0,0,0,0,0,0,0,
Jarell White,55079,LB,CINCINNATI,14,14,0,65.0,0,2,138,0,0,56.6,68.2,39.8,77.4,75.0,60.4,3,3,0,1,17,16.9,12,0,1,52.7,13,1,0,332,1,163,415,20,0,0,20,0,0,395,30,222,62,26,45,6,20,7,0,83,97,6.4
RJ Potts,55080,LB,CINCINNATI,4,1,0,,0,0,138,0,0,63.2,59.5,73.1,58.3,57.3,77.8,0,1,0,0,,0.0,0,0,0,0.0,0,0,0,30,0,11,32,0,0,0,0,0,0,32,1,20,2,1,2,0,0,1,0,0,0,
Darrick Forrest,55087,S,CINCINNATI,14,19,0,58.5,1,0,138,0,0,71.4,73.4,59.0,59.9,75.2,82.0,0,1,0,3,49,8.9,10,3,3,58.5,31,0,0,440,6,479,894,8,0,0,8,0,288,886,11,404,152,25,83,2,53,1,1,318,94,10.3
Coby Bryant,55088,CB,CINCINNATI,14,6,0,63.2,0,0,138,0,0,63.4,64.0,57.5,66.9,64.6,54.7,1,1,0,1,50,17.5,11,8,8,104.2,43,0,0,57,818,463,894,6,0,0,6,0,2,888,11,420,11,8,46,2,68,2,3,667,236,15.5
Wilson Huber,55090,TE,CINCINNATI,2,0,0,0.0,1,0,138,0,0,76.4,66.4,67.2,,50.0,,0,0,0,0,,,0,1,1,39.6,0,0,0,13,1,7,17,0,0,0,0,0,0,17,0,10,2,0,0,0,1,0,0,0,0,
Joe Schroer,55096,DI,CINCINNATI,5,0,0,,0,0,138,0,0,,75.1,71.7,66.3,71.0,69.9,0,1,0,0,,0.0,0,0,0,0.0,0,0,0,0,0,0,11,10,2,5,3,0,0,1,6,5,0,2,2,0,0,1,0,0,0,
Omar Fortt,55100,LB,UCONN,12,13,0,84.4,0,0,146,1,0,67.6,57.9,12.3,67.4,47.0,70.6,1,3,0,0,37,12.1,8,1,2,94.5,27,2,0,240,4,187,494,76,0,0,76,0,3,418,40,267,170,23,45,1,32,6,0,214,184,7.9
Robert P. King III,55101,S,UCONN,10,13,0,64.7,0,0,146,0,0,52.7,54.4,85.7,54.3,57.7,79.8,0,1,0,0,74,8.8,5,1,1,127.6,22,0,0,130,20,179,411,6,0,0,6,0,98,405,8,224,157,10,39,0,34,1,3,344,156,15.6
Abiola Olaniyan,55102,CB,UCONN,7,0,0,62.5,0,0,146,0,0,59.5,54.5,0.0,,39.6,58.5,0,1,0,1,63,16.7,1,1,2,119.8,10,0,0,9,52,90,144,0,0,0,0,0,0,144,0,54,83,1,5,0,16,1,2,234,94,23.4
Ian Swenson,55104,LB,UCONN,11,11,0,76.9,0,0,146,1,0,50.9,64.1,82.6,66.8,73.7,69.5,1,4,0,0,21,11.4,4,0,1,92.1,10,1,0,179,0,116,334,70,0,0,70,0,0,264,36,182,85,8,20,0,13,6,0,81,78,8.1
Caleb Thomas,55105,DI,UCONN,11,6,0,,0,0,146,0,0,60.0,66.4,48.1,62.8,68.0,54.2,3,9,0,0,,12.5,3,0,2,0.0,0,0,0,0,0,0,499,498,29,418,5,46,0,1,217,282,0,11,15,0,0,12,0,0,0,
Darrian Beavers,55107,LB,CINCINNATI,14,5,0,63.6,0,0,138,0,0,40.2,56.7,77.7,69.9,66.4,54.4,2,3,0,0,40,17.9,7,0,1,92.2,7,0,0,295,1,151,391,36,0,0,36,0,0,355,31,209,58,7,27,2,11,5,0,98,87,14.0
Benny McCray,55150,S,FIU,6,1,0,0.0,0,0,166,0,0,77.0,78.0,78.4,,74.6,81.3,0,0,0,0,,0.0,0,0,0,39.6,0,0,0,7,3,26,62,0,0,0,0,0,50,62,0,36,2,1,3,0,1,0,0,0,0,
Rishard Dames,55152,CB,FIU,13,1,0,60.8,1,0,166,0,0,74.3,74.3,88.9,57.6,72.6,31.7,1,1,1,4,45,27.5,19,4,1,66.3,45,0,0,91,128,391,733,15,0,0,15,0,4,718,2,340,495,24,49,6,74,2,2,480,332,10.7
Richard Dames,55153,S,FIU,13,6,2,67.6,0,1,166,0,0,63.8,63.1,0.0,79.0,63.1,34.2,1,3,0,0,86,26.3,20,3,3,124.5,23,1,0,149,8,319,686,35,0,0,35,0,202,651,12,355,292,27,50,4,34,5,3,299,177,13.0
Rashad Colson,55154,DI,FIU,11,2,0,,0,0,166,0,0,,58.3,23.1,59.7,60.3,37.5,1,1,0,0,,22.2,2,0,2,0.0,0,1,0,0,0,0,260,260,20,207,1,32,0,0,110,150,0,5,5,2,0,3,0,0,0,
Noah Curtis,55155,ED,FIU,13,10,2,,0,0,166,1,0,64.2,65.5,68.7,61.5,65.1,54.7,7,8,0,0,,14.7,5,0,1,0.0,0,2,0,0,0,1,474,474,1,23,339,111,0,0,239,234,0,13,19,0,0,17,0,0,0,
Tevin Jones,55156,LB,FIU,9,1,0,75.0,0,0,166,0,0,44.2,55.0,76.9,58.0,63.4,68.6,0,0,0,0,34,9.5,2,1,0,156.3,3,0,0,100,0,32,105,1,0,0,1,0,4,104,3,70,0,6,18,0,4,0,1,67,24,22.3
Kevin Oliver,55157,ED,FIU,13,14,0,,1,0,166,0,0,62.6,65.8,9.2,57.2,75.9,56.6,3,9,0,0,,12.8,5,0,6,0.0,0,2,0,1,0,1,598,597,9,85,381,122,0,1,297,300,0,16,20,1,0,14,0,0,0,
Josh Powell,55159,LB,FIU,8,4,0,54.5,0,0,166,0,0,69.8,58.0,78.3,67.1,44.8,46.8,0,0,0,0,8,22.2,4,1,0,60.8,6,0,0,95,1,48,127,17,0,0,17,0,2,110,3,76,12,7,10,1,11,0,0,35,21,5.8
Jamal Gates,55162,LB,FIU,13,20,0,71.9,0,0,166,0,0,79.1,60.2,86.0,69.6,45.2,70.0,1,5,0,1,24,11.1,10,3,0,85.7,23,1,0,741,2,361,824,33,0,0,33,0,5,791,33,430,43,33,60,1,32,7,1,202,140,8.8
Dorian Hall,55168,S,FIU,13,10,0,56.0,0,0,166,0,0,84.2,84.2,89.0,67.9,80.0,81.1,0,2,0,1,54,10.0,5,3,1,85.1,14,0,0,77,3,313,654,37,0,0,37,0,455,617,9,332,82,4,35,1,25,2,1,238,90,17.0
Daniel Jackson,55169,LB,FIU,12,10,0,66.7,0,0,166,0,0,55.0,62.0,81.5,65.7,63.3,73.7,2,0,0,0,18,8.7,2,0,0,91.0,2,0,0,69,0,31,141,63,0,0,63,0,0,78,13,97,9,8,11,0,3,2,0,24,9,12.0
Hardrick Willis,55183,ED,GA STATE,11,7,0,100.0,1,1,175,0,0,60.0,60.4,68.2,59.7,60.2,63.3,1,14,0,0,1,10.8,4,0,1,79.2,1,5,0,0,0,0,619,618,1,37,79,501,0,1,322,297,0,20,26,3,1,20,0,1,6,1.0
Steven Banks,55184,DI,GA STATE,1,0,0,,0,0,175,0,0,,60.0,64.7,60.0,,,0,0,0,0,,,0,0,0,0.0,0,0,0,0,0,0,1,1,0,1,0,0,0,0,1,0,0,0,0,0,0,0,0,0,0,
Dontae Wilson,55185,DI,GA STATE,13,17,0,,2,1,175,0,0,77.6,81.0,51.4,79.7,78.0,55.8,4,12,0,0,,10.2,5,0,3,0.0,0,3,0,1,0,1,691,689,669,20,0,0,0,2,330,360,0,26,27,4,0,19,0,0,0,
Victor Heyward,55187,LB,GA STATE,13,19,1,83.3,0,2,175,1,0,61.6,67.9,88.5,71.2,68.8,54.6,6,14,0,1,63,18.8,18,3,0,104.8,40,2,0,288,15,276,827,235,0,0,235,0,6,592,128,423,282,31,59,5,48,22,1,459,306,11.5
Trajan Stephens-McQueen,55189,LB,GA STATE,13,26,1,75.9,0,1,175,0,0,53.0,62.7,59.6,67.6,65.5,50.5,4,10,0,2,64,17.5,22,2,1,128.2,22,3,0,800,0,320,818,3,0,0,3,0,8,815,70,428,6,47,78,5,29,17,5,376,257,17.1
Jhi'Shawn Taylor,55190,ED,GA STATE,13,11,0,75.0,1,0,175,1,0,58.9,57.2,77.4,56.5,55.9,64.5,5,8,0,0,22,10.9,5,0,1,89.6,6,2,0,80,27,137,736,602,0,0,602,0,3,134,215,384,23,19,30,1,8,15,0,48,35,8.0
Chris Bacon,55196,S,GA STATE,12,5,0,52.6,0,0,175,0,0,73.5,67.7,23.1,66.0,56.0,56.4,0,1,1,1,39,23.5,8,3,1,99.6,10,0,0,116,1,186,358,1,0,0,1,0,138,357,2,170,102,8,21,2,19,1,4,164,46,16.4
Jaylon Jones,55197,CB,GA STATE,9,3,0,75.0,1,0,175,0,0,70.0,72.8,85.1,,79.2,71.7,0,0,0,0,50,11.1,5,4,2,130.7,24,0,0,26,554,264,584,3,0,0,3,0,1,581,0,320,0,8,37,3,32,0,2,348,142,14.5
Jordan Strachan,55198,ED,GA STATE,1,0,0,,0,0,175,0,0,60.8,68.6,76.2,73.3,60.3,73.0,0,3,0,0,,0.0,0,0,0,0.0,0,0,0,1,0,3,17,15,0,0,15,0,0,2,7,7,1,1,1,0,0,3,0,0,0,
Jalen Wade,55203,DI,GA STATE,1,0,0,,0,0,175,0,0,,65.7,70.7,59.6,65.0,73.5,0,0,0,0,,0.0,0,0,0,0.0,0,0,0,0,0,0,10,10,0,0,0,10,0,0,2,8,0,1,2,0,0,0,0,0,0,
T.J. Arnold,55206,DI,GA STATE,12,4,1,,0,0,175,0,0,60.0,66.5,80.9,56.3,71.8,59.0,1,2,0,0,,19.2,5,0,0,0.0,0,0,0,0,0,0,286,286,1,45,3,237,0,0,131,155,0,16,17,0,0,3,0,0,0,
Nygee Williams-Mitchell,55207,S,GA STATE,1,0,0,,0,0,175,0,0,60.0,62.4,60.0,,,,0,0,0,0,,,0,0,0,0.0,0,0,0,0,0,1,1,0,0,0,0,0,0,1,0,0,0,0,0,0,0,0,0,0,0,
Adam Beck,55211,LB,TEXAS TECH,9,8,0,61.1,0,0,315,0,0,51.1,59.9,40.3,67.0,69.2,55.2,5,4,0,0,29,19.4,7,1,2,82.9,11,1,0,129,1,140,355,78,0,0,78,0,41,277,38,177,106,12,21,4,18,10,0,129,81,11.7
Justus Harris,55215,CB,MINNESOTA,5,1,0,50.0,0,1,225,0,0,59.6,70.1,77.3,92.2,69.3,77.6,0,0,0,0,12,0.0,0,0,0,68.8,1,1,0,27,0,32,77,3,0,0,3,0,2,74,0,45,45,1,0,0,2,1,0,12,6,12.0
Noah Hickcox,55219,DI,MINNESOTA,6,1,0,,0,0,225,0,0,60.0,56.6,76.9,59.8,53.5,73.4,0,0,0,0,,0.0,0,0,0,0.0,0,0,0,0,0,0,40,40,9,31,0,0,0,0,22,18,0,2,2,0,0,0,0,0,0,
Boye Mafe,55220,ED,MINNESOTA,13,6,0,66.7,0,0,225,0,0,68.4,77.2,84.6,75.2,70.5,67.3,1,13,0,0,20,17.6,3,0,0,96.5,2,3,0,10,0,25,204,190,0,60,124,6,3,14,126,53,0,10,8,0,3,17,0,28,31,14.0
Esezi Otomewo,55221,ED,MINNESOTA,13,4,0,,0,0,225,0,0,79.3,71.2,60.2,68.0,68.3,74.5,2,12,0,0,,6.3,1,0,1,0.0,0,3,0,1,0,0,328,326,63,50,196,17,0,2,218,110,0,12,11,3,0,17,0,0,0,
Demetrius Douglas,55246,WR,MINNESOTA,2,0,0,,0,0,225,0,0,60.0,55.7,60.0,,60.0,,0,0,0,0,,,0,0,0,0.0,0,0,0,0,0,1,2,0,0,0,0,0,0,2,0,1,0,0,0,0,0,0,0,0,0,
Connor Novak-Goar,55251,DI,MINNESOTA,1,0,0,,0,0,225,0,0,,60.0,64.7,59.8,,,0,0,0,0,,,0,0,0,0.0,0,0,0,0,0,0,1,1,0,1,0,0,0,0,1,0,0,0,0,0,0,0,0,0,0,
DeAmonte King,55350,S,TOLEDO,3,0,0,66.7,0,0,316,0,0,68.9,69.4,75.5,,65.2,80.0,0,0,0,0,22,0.0,0,1,0,93.8,2,0,0,4,0,20,33,0,0,0,0,0,18,33,0,13,10,1,2,0,3,0,0,26,14,13.0
Tycen Anderson,55351,S,TOLEDO,12,19,0,54.5,0,0,316,0,0,67.3,67.7,60.0,58.9,68.7,79.8,0,1,0,0,52,10.3,9,2,4,86.0,18,0,0,244,9,378,777,65,0,0,65,0,254,712,14,385,203,11,59,4,33,1,1,225,105,12.5
Zachary Ford,55353,S,TOLEDO,1,0,0,100.0,0,0,316,0,0,64.9,65.2,72.0,,60.0,74.3,0,0,0,0,5,0.0,0,0,0,87.5,1,0,0,1,0,4,6,1,0,0,1,0,3,5,0,2,1,0,1,0,1,0,0,5,6,5.0
Nate Givhan,55355,ED,TOLEDO,12,6,1,100.0,0,0,316,1,0,56.6,49.8,89.8,52.9,47.0,76.0,3,8,0,0,33,8.6,3,0,0,118.8,3,2,0,2,0,13,458,448,0,1,445,2,0,10,222,223,8,20,26,1,3,13,0,41,43,13.7
Devonte' Dunn,55356,DI,TOLEDO,2,1,0,,0,0,316,0,0,,51.7,72.5,57.8,52.4,72.4,0,0,0,0,,0.0,0,0,0,0.0,0,0,0,0,0,0,16,16,0,16,0,0,0,0,4,12,0,0,1,0,0,0,0,0,0,
Tyrone Chambers,55357,DI,TOLEDO,1,0,0,,0,0,316,0,0,,37.8,72.0,57.8,39.0,,0,0,0,0,,,0,0,0,0.0,0,0,0,0,0,0,14,14,0,14,0,0,0,0,4,10,0,0,0,0,0,0,0,0,0,
AJ Crider,55360,LB,TOLEDO,4,0,0,,0,0,316,0,0,62.2,66.9,68.0,,65.1,77.6,0,0,0,0,,0.0,0,0,0,0.0,0,0,0,16,0,2,17,0,0,0,0,0,0,17,0,15,1,1,3,1,0,0,0,0,0,
Jamal Turner,55368,TE,TOLEDO,1,0,0,,0,0,316,0,0,,60.0,60.0,,60.0,,0,0,0,0,,,0,0,0,0.0,0,0,0,0,0,0,1,0,0,0,0,0,0,1,0,1,0,0,0,0,0,0,0,0,0,
Nick Kovacs,55371,WR,TOLEDO,1,0,0,,0,0,316,0,0,,60.0,60.0,,60.0,,0,0,0,0,,,0,0,0,0.0,0,0,0,0,0,0,1,0,0,0,0,0,0,1,0,1,0,0,0,0,0,0,0,0,0,
Antwan Collier,55376,S,UCF,13,18,0,56.5,1,0,323,3,0,85.6,77.1,20.8,62.8,63.8,55.4,0,1,0,4,29,20.7,19,3,3,48.7,13,1,0,316,1,415,835,11,0,0,11,0,394,824,6,414,113,27,55,3,23,2,1,136,80,10.5
Zamari Maxwell,55377,CB,UCF,10,4,0,50.0,0,0,323,0,0,59.8,63.5,84.2,,77.8,58.2,0,0,0,0,75,8.3,2,4,2,87.9,14,0,0,15,409,224,430,5,0,0,5,0,0,425,0,206,1,4,18,1,28,0,1,217,70,15.5
Alex Swenson,55378,CB,UCF,2,0,0,,0,0,323,0,0,60.0,62.8,68.2,,60.0,,0,0,0,0,,,0,0,0,0.0,0,0,0,0,0,1,4,0,0,0,0,0,0,4,0,3,3,0,0,0,0,0,0,0,0,
Jon Powell,55379,S,UCF,3,0,0,75.0,0,0,323,0,0,55.5,56.7,89.6,,60.0,80.2,0,0,0,0,15,0.0,0,0,0,126.0,3,0,0,10,0,20,27,0,0,0,0,0,15,27,0,7,1,1,4,0,4,0,1,21,0,7.0
Josh Kelly,55380,CB,UCF,1,0,0,,0,0,323,0,0,60.0,62.4,60.0,,,,0,0,0,0,,,0,0,0,0.0,0,0,0,0,0,1,1,0,0,0,0,0,0,1,0,0,0,0,0,0,0,0,0,0,0,
Mason Cholewa,55382,DI,UCF,11,3,0,,0,0,323,0,0,,62.4,80.8,68.5,54.0,51.2,3,8,0,0,,20.0,2,0,0,0.0,0,2,0,1,0,0,175,174,43,118,0,13,0,1,106,69,0,5,5,2,0,13,0,0,0,
Kalia Davis,55389,DI,UCF,13,7,1,,1,1,323,1,0,61.5,80.0,65.6,76.3,77.3,45.8,2,18,0,0,,20.0,6,0,1,0.0,0,4,0,1,0,1,430,429,69,283,49,28,0,1,200,229,0,18,17,6,0,24,0,0,0,
Stephon Zayas,55395,ED,UCF,13,5,0,0.0,1,1,323,1,0,60.8,65.8,64.7,57.6,70.8,70.4,5,13,0,0,,10.5,2,0,1,39.6,0,1,0,1,0,10,376,375,0,4,355,16,0,1,167,199,0,12,12,0,1,19,0,0,0,
Austin Camden,55408,DI,UCF,3,0,0,,0,0,323,0,0,,66.5,75.5,64.9,62.1,,1,1,0,0,,,0,0,0,0.0,0,0,0,0,0,0,21,21,6,15,0,0,0,0,17,4,0,0,0,0,0,2,0,0,0,
Otis Anderson,55412,HB,UCF,1,0,0,,0,0,323,0,0,60.0,62.4,60.0,,,,0,0,0,0,,,0,0,0,0.0,0,0,0,0,0,1,1,0,0,0,0,0,0,1,0,0,0,0,0,0,0,0,0,0,0,
Anthony Montalvo,55417,DI,UCF,13,7,0,,0,0,323,0,0,62.9,63.6,85.2,57.4,64.3,52.2,1,11,0,0,,15.4,4,0,0,0.0,0,3,0,0,0,0,417,417,91,281,1,44,0,0,194,223,0,13,15,4,0,15,0,0,0,
Coby Davis,55425,S,WAKE,11,6,0,72.7,0,1,339,0,0,60.2,59.4,86.3,54.7,57.0,47.8,0,1,0,0,56,21.6,8,0,0,145.1,8,0,0,168,0,230,430,2,0,0,2,0,130,428,4,196,129,8,23,1,11,1,1,176,122,22.0
Ja'Sir Taylor,55426,CB,WAKE,13,1,0,62.2,0,1,339,0,0,51.8,51.7,85.3,81.5,40.7,36.5,1,0,0,2,30,23.3,7,1,0,90.0,28,1,0,37,181,241,404,2,0,0,2,0,5,402,8,155,178,8,22,1,45,2,3,350,175,12.5
Troy Simon,55427,CB,TOLEDO,3,0,0,100.0,0,0,316,0,0,60.9,61.6,76.8,59.5,62.8,46.9,0,0,0,0,13,25.0,1,0,0,139.6,3,0,0,8,51,29,68,1,0,0,1,0,0,67,1,38,8,0,3,0,3,0,1,24,20,8.0
Ty Hardimon,55428,CB,WAKE,1,0,0,,0,0,339,0,0,60.0,42.5,71.2,,62.4,,0,0,0,0,,,0,0,0,0.0,0,0,0,1,12,1,13,0,0,0,0,0,0,13,0,12,0,0,0,0,0,0,0,0,0,
Mike Allen,55430,DI,WAKE,7,1,0,,0,0,339,0,0,60.5,58.7,77.4,65.7,51.6,74.5,0,3,0,0,,0.0,0,0,0,0.0,0,0,0,0,0,0,69,69,4,48,9,8,0,0,33,36,0,1,2,0,0,3,0,0,0,
Adam Winter,55431,DI,WAKE,5,0,0,,0,0,339,0,0,,45.2,79.3,55.6,42.8,72.4,0,0,0,0,,0.0,0,0,0,0.0,0,0,0,0,0,0,45,45,29,16,0,0,0,0,24,21,0,2,2,1,0,0,0,0,0,
Tyler Williams,55432,DI,WAKE,10,6,0,,0,1,339,0,0,60.0,75.7,22.8,61.8,85.3,71.1,2,5,0,0,,4.2,1,0,3,0.0,0,1,0,2,0,0,404,401,22,350,20,9,0,3,206,198,0,15,17,6,0,8,0,0,0,
Christian Beal-Smith,55433,HB,WAKE,1,0,0,,0,0,339,0,0,,60.0,60.0,,60.0,,0,0,0,0,,,0,0,0,0.0,0,0,0,0,0,0,1,0,0,0,0,0,0,1,0,1,0,0,0,0,0,0,0,0,0,
Jeff Burley,55436,LB,WAKE,1,0,0,,0,0,339,0,0,,60.6,70.0,60.0,61.2,73.2,0,0,0,0,,0.0,0,0,0,0.0,0,0,0,9,0,0,10,0,0,0,0,0,0,10,1,9,1,0,1,0,0,0,0,0,0,
Chase Monroe,55439,LB,WAKE,11,8,0,75.0,0,1,339,0,0,62.4,64.0,79.3,59.4,64.6,65.2,0,0,0,1,23,12.5,3,0,0,77.1,3,0,0,130,0,73,159,0,0,0,0,0,0,159,13,73,29,8,13,1,4,0,0,50,33,16.7
Jack Rielly,55440,LB,WAKE,1,0,0,,0,0,339,0,0,60.0,53.2,66.3,,54.9,,0,0,0,0,,,0,0,0,0.0,0,0,0,5,0,1,6,1,0,0,1,0,0,5,0,5,0,0,0,0,0,0,0,0,0,
Sage Surratt,55450,WR,WAKE,1,0,0,,0,0,339,0,0,60.0,60.0,64.7,,,,0,0,0,0,,,0,0,0,0.0,0,0,0,0,0,1,1,0,0,0,0,0,1,1,0,0,0,0,0,0,0,0,0,0,0,
Jaquarii Roberson,55454,WR,WAKE,1,0,0,,0,0,339,0,0,,60.0,60.0,,60.0,,0,0,0,0,,,0,0,1,0.0,0,0,0,0,0,0,1,0,0,0,0,0,0,1,0,1,0,0,0,0,0,0,0,0,0,
Justin Bartee,55455,S,WAKE,1,0,0,,0,0,339,0,0,60.0,63.1,69.0,,62.7,75.1,0,0,0,0,,0.0,0,0,0,0.0,0,0,0,1,0,1,6,0,0,0,0,0,4,6,0,5,1,0,1,0,0,0,0,0,0,
Malik Hausman,55567,CB,ARIZONA,1,0,0,50.0,0,0,109,0,0,49.6,49.3,69.9,,60.0,74.2,0,0,0,0,43,0.0,0,0,0,95.8,1,0,0,0,7,5,7,0,0,0,0,0,0,7,0,2,0,0,1,0,2,0,0,43,3,43.0
Azizi Hearn,55569,CB,WYOMING,13,5,0,58.7,0,0,351,0,0,64.3,63.1,49.3,58.6,57.6,82.3,0,0,0,0,32,9.8,4,2,6,77.4,27,0,0,30,591,363,665,27,0,0,27,0,13,638,3,299,4,11,32,1,46,0,0,291,97,10.8
Antonio Phillips,55572,CB,BALL ST,11,5,0,51.4,1,0,117,0,0,81.1,77.5,50.2,52.5,64.4,63.5,0,1,0,4,41,10.6,5,4,3,46.4,18,0,0,65,570,347,666,17,0,0,17,0,3,649,6,313,11,8,37,0,35,1,1,265,46,14.7
Timarcus Davis,55574,CB,ARIZONA ST,9,0,0,66.7,0,0,110,0,0,62.2,64.2,78.2,,69.8,83.1,0,0,0,0,91,0.0,0,1,0,148.6,8,0,0,3,84,50,89,0,0,0,0,0,0,89,0,39,2,3,8,0,12,0,2,148,78,18.5
Harrison Hand,55576,CB,TEMPLE,12,13,0,61.8,0,1,306,0,0,70.6,71.9,86.2,66.4,73.2,61.8,1,0,0,3,60,14.7,10,2,2,79.1,34,1,0,59,629,399,720,26,0,0,26,0,0,694,6,315,5,17,45,2,55,2,2,477,144,14.0
Branden Smith,55582,CB,CAL,8,1,0,83.3,0,0,130,0,0,60.6,61.4,80.3,60.0,64.6,45.2,0,0,0,0,15,25.0,2,1,0,120.5,10,0,0,12,4,73,104,0,0,0,0,0,1,104,1,30,87,2,5,0,12,0,1,75,35,7.5
Elijah Hicks,55584,CB,CAL,13,7,0,61.4,0,0,130,0,0,70.9,72.5,86.7,70.2,70.6,63.6,0,0,0,0,45,15.4,8,3,1,115.2,27,2,0,64,686,481,820,14,0,0,14,0,38,806,10,329,17,15,37,0,44,2,3,414,174,15.3
LeAnthony Williams,55585,CB,CLEMSON,10,0,0,33.3,0,0,140,0,0,60.9,60.8,77.9,,58.9,74.2,0,0,0,0,18,0.0,0,0,1,54.9,1,0,0,3,75,39,79,1,0,0,1,0,0,78,0,40,0,0,1,0,3,0,0,18,2,18.0
A.J. Terrell,55586,CB,CLEMSON,15,4,0,52.3,1,0,140,0,0,80.7,76.6,88.2,59.8,55.1,46.9,3,1,0,2,56,22.2,10,4,2,86.6,23,1,0,35,681,426,786,45,0,0,45,0,1,741,19,341,23,11,31,0,44,5,3,392,89,17.0
Chris Miller,55588,CB,COLORADO,4,0,0,45.5,0,0,143,0,0,70.0,66.9,79.4,58.7,53.5,69.3,1,0,0,1,32,9.1,1,1,0,59.3,5,0,0,26,144,84,171,1,0,0,1,0,0,170,2,85,0,1,10,0,11,1,1,71,6,14.2
Josh Blackwell,55589,CB,DUKE,10,3,0,41.7,0,0,154,0,0,74.5,71.7,86.2,,48.7,57.6,0,0,0,0,57,17.1,6,4,1,67.0,20,0,0,9,638,375,669,1,0,0,1,0,2,668,0,294,19,7,26,0,48,0,0,348,146,17.4
Marco Wilson,55592,CB,FLORIDA,13,6,0,68.6,0,0,163,0,0,69.3,70.8,87.5,70.0,69.1,57.7,0,2,0,3,32,17.0,8,4,3,93.9,35,0,0,33,482,423,727,4,0,0,4,0,8,723,11,293,199,16,33,2,51,2,4,404,188,11.5
CJ Henderson,55593,CB,FLORIDA,9,1,0,54.1,0,0,163,0,0,58.9,62.6,83.6,63.5,75.0,51.7,1,1,0,0,54,23.1,9,5,2,109.0,20,1,0,68,407,275,492,0,0,0,0,0,3,492,7,210,13,10,29,2,37,3,2,389,116,19.5
Wylan Free,55596,S,FRESNO ST,12,11,1,50.0,0,0,169,1,0,71.5,65.2,87.6,61.8,50.0,71.2,0,0,1,2,53,12.3,8,1,0,96.2,12,0,0,210,10,420,755,3,0,0,3,0,413,752,6,329,118,13,46,0,24,0,3,274,70,22.8
Hasan Defense,55610,CB,KANSAS,12,4,0,51.0,1,0,198,0,0,66.4,63.4,49.9,57.3,52.2,71.5,0,1,1,1,25,10.0,4,5,6,70.2,26,0,0,69,650,342,728,3,0,0,3,0,3,725,2,384,3,3,32,0,51,1,2,254,52,9.8
Keith Sherald Jr.,55613,S,KENT STATE,13,18,0,51.4,0,0,201,0,0,74.7,70.3,89.9,55.8,60.2,65.3,1,2,0,3,49,18.0,18,5,0,63.9,19,0,0,265,31,425,933,10,0,0,10,0,400,923,7,501,227,14,64,5,37,3,2,309,93,16.3
Cedrick Dort Jr.,55614,CB,KENTUCKY,12,1,0,28.6,0,1,202,0,0,73.3,66.3,86.0,,30.2,28.3,0,0,0,0,22,34.8,8,4,0,39.6,6,0,0,10,434,232,449,3,0,0,3,0,1,446,0,217,0,3,14,0,21,0,0,60,19,10.0
Amik Robertson,55619,CB,LA TECH,12,12,0,53.2,0,1,208,1,0,91.2,90.2,55.9,81.2,71.9,58.0,0,1,2,5,59,17.3,13,17,2,55.0,41,2,0,147,616,438,821,23,0,0,23,0,2,798,15,368,31,24,50,7,77,3,2,497,273,12.1
Michael Sam,55620,CB,LA TECH,13,3,0,57.8,0,0,208,0,0,72.7,75.9,86.5,60.0,84.1,90.1,1,1,0,3,48,2.1,1,5,2,77.2,37,0,0,44,754,466,829,7,0,0,7,0,13,822,2,361,9,11,43,1,64,2,2,554,81,15.0
Corey Straughter,55623,CB,LA MONROE,12,0,0,27.9,1,0,209,0,0,89.7,87.2,48.7,60.0,72.2,58.5,0,0,1,5,54,18.5,5,6,3,13.7,12,0,0,48,597,319,683,2,0,0,2,0,0,681,1,363,35,4,22,1,43,0,1,190,70,15.8
Rhoy Williams,55626,CB,LA MONROE,10,0,0,81.3,0,0,209,0,0,44.2,46.5,81.1,,56.2,44.5,0,0,0,0,56,27.8,5,1,1,158.3,13,0,0,17,179,104,210,0,0,0,0,0,1,210,0,106,11,2,13,0,16,0,3,236,126,18.2
Anthony Johnson,55628,CB,LOUISVILLE,12,2,0,66.7,1,3,210,1,0,73.3,69.8,84.6,66.5,40.2,34.7,1,1,0,1,47,27.8,10,2,4,107.9,34,0,0,15,459,294,480,3,0,0,3,0,2,477,5,181,0,6,24,2,51,2,4,395,136,11.6
Russ Yeast,55629,S,LOUISVILLE,11,10,0,60.9,0,2,210,0,0,46.2,53.1,53.8,61.0,69.0,60.6,1,0,0,1,72,17.6,13,2,2,127.6,28,0,0,176,7,411,722,4,0,0,4,0,249,718,9,302,285,18,51,3,46,1,7,489,280,17.5
Jontre Kirklin,55630,WR,LSU,1,0,0,,0,0,211,0,0,,61.4,60.0,,60.0,73.3,0,0,0,0,,0.0,0,0,0,0.0,0,0,0,0,0,0,1,0,0,0,0,0,0,1,0,1,0,0,1,0,0,0,0,0,0,
Kary Vincent Jr.,55631,CB,LSU,15,3,0,54.0,1,0,211,0,0,64.2,65.4,25.7,,73.8,53.8,0,0,0,4,44,19.6,10,5,6,68.0,47,0,0,28,12,497,765,1,0,0,1,0,83,764,0,268,639,15,38,2,87,0,3,597,244,12.7
Tre Person,55633,CB,MICH STATE,12,0,0,55.0,0,0,223,0,0,59.4,59.9,84.3,54.5,63.1,27.1,0,0,0,0,44,40.0,6,0,0,115.4,11,0,0,11,7,155,206,2,0,0,2,0,51,204,3,48,135,4,9,0,20,0,2,164,95,14.9
Josiah Scott,55634,CB,MICH STATE,13,6,0,51.7,0,1,223,1,0,78.5,77.3,86.1,46.9,64.7,78.3,0,1,0,3,33,10.2,6,6,3,58.7,30,0,0,34,683,426,736,3,0,0,3,0,1,733,6,304,15,12,47,0,58,1,2,328,68,10.9
Emmanuel Flowers,55635,S,MICH STATE,2,0,0,,0,0,223,0,0,64.4,64.7,71.4,,61.1,76.2,0,0,0,0,,0.0,0,0,0,0.0,0,0,0,3,0,6,11,0,0,0,0,0,5,11,0,5,3,0,1,0,0,0,0,0,0,
Taury Dixon,55636,CB,MISS STATE,1,0,0,,0,0,227,0,0,62.3,63.1,68.1,,60.0,,0,0,0,0,,,0,0,0,0.0,0,0,0,0,4,3,4,0,0,0,0,0,0,4,0,1,0,0,0,0,0,0,0,0,0,
Tre Shaw,55648,CB,N CAROLINA,1,0,0,0.0,0,0,245,0,0,54.4,55.2,71.9,,60.7,,0,0,0,0,,,0,0,0,39.6,0,0,0,0,14,6,14,0,0,0,0,0,0,14,0,8,0,0,0,0,1,0,0,0,0,
Chris Ingram,55650,CB,NC STATE,6,3,0,59.5,0,0,248,0,0,66.7,68.6,83.8,63.1,73.8,81.5,1,0,0,2,52,5.7,2,2,2,85.0,25,0,0,19,352,249,378,2,0,0,2,0,4,376,5,124,0,7,30,0,42,1,3,296,97,11.8
Temitope Agoro,55666,CB,NOTRE DAME,3,0,0,0.0,0,0,258,0,0,27.5,29.8,76.4,,55.8,74.3,0,0,0,0,,0.0,0,1,1,39.6,0,0,0,1,14,4,17,0,0,0,0,0,0,17,0,13,0,0,1,0,1,0,0,0,0,
Marlin Brooks,55667,CB,OHIO,13,5,0,61.3,0,1,259,2,0,61.0,61.6,86.6,45.1,66.4,45.7,2,1,0,1,48,21.7,15,2,4,111.0,38,0,0,97,492,391,737,17,0,0,17,0,5,720,16,330,126,16,49,0,62,3,5,561,240,14.8
Tariq Drake,55668,CB,OHIO,5,1,0,66.7,0,0,259,0,0,46.1,53.3,69.9,76.1,60.1,37.7,0,0,0,0,10,50.0,1,1,0,115.3,2,1,0,1,10,6,12,0,0,0,0,0,0,12,1,5,0,1,0,0,3,1,1,13,1,6.5
Jamal Hudson,55669,CB,OHIO,4,6,0,55.6,0,0,259,0,0,68.6,63.9,80.0,57.9,45.2,61.8,0,0,0,0,35,15.8,3,1,1,73.8,5,1,0,21,152,95,177,2,0,0,2,0,2,175,6,76,0,2,10,1,9,1,0,55,14,11.0
De'Vante Mitchell,55670,CB,OHIO,7,4,0,75.0,0,0,259,0,0,59.8,55.1,81.9,,46.5,38.1,0,0,0,0,54,28.0,7,1,0,116.7,6,0,0,36,0,56,138,1,0,0,1,0,16,137,0,82,85,2,14,0,8,0,0,103,97,17.2
Marcus Williamson,55671,CB,OHIO STATE,7,0,0,42.9,0,1,260,1,0,48.7,50.9,79.2,,59.1,76.3,0,0,0,0,26,0.0,0,0,1,104.8,3,0,0,2,56,37,88,2,0,0,2,0,0,86,0,51,27,1,2,0,7,0,1,46,8,15.3
Amir Riep,55672,CB,OHIO STATE,13,4,0,50.0,0,0,260,0,0,78.1,77.5,84.2,57.7,71.0,65.1,0,1,0,2,45,12.5,2,4,2,54.6,9,0,0,26,1,137,227,1,0,0,1,0,1,226,2,88,198,3,10,0,18,1,1,138,81,15.3
Shaun Wade,55673,CB,OHIO STATE,13,5,0,56.3,0,1,260,1,0,74.9,78.6,3.2,92.8,77.7,80.0,1,2,0,1,26,9.7,3,7,3,69.9,27,2,0,53,12,290,528,13,0,0,13,0,6,515,16,222,443,13,23,2,48,5,1,261,115,9.7
Jeff Okudah,55674,CB,OHIO STATE,14,5,0,43.4,0,2,260,0,0,85.9,82.8,16.8,,64.0,61.7,0,0,0,3,28,17.8,8,9,2,42.5,23,0,0,29,589,400,692,0,0,0,0,0,3,692,0,292,71,10,32,1,53,0,1,274,89,11.9
Tre Brown,55677,CB,OKLAHOMA,14,5,0,44.8,2,0,261,0,0,64.0,65.4,16.3,64.3,76.5,67.7,0,1,0,1,33,11.4,5,13,10,71.0,26,0,0,49,597,399,663,9,0,0,9,0,0,654,4,260,7,7,34,1,58,1,3,299,104,11.5
Justin Broiles,55678,CB,OKLAHOMA,12,3,0,72.7,0,0,261,0,0,56.8,56.3,86.3,55.8,54.8,59.4,0,1,0,0,35,16.0,4,1,1,131.1,16,0,0,68,7,164,289,12,0,0,12,0,24,277,5,120,177,2,18,1,22,1,2,201,60,12.6
Geronda Hall,55683,CB,DOMINION,12,8,0,69.6,2,1,263,2,0,59.5,63.3,30.1,54.0,76.1,67.3,0,1,0,2,57,13.9,10,3,4,105.3,32,0,0,103,11,315,676,97,0,0,97,0,0,579,30,331,465,17,54,2,46,1,3,459,293,14.3
Thomas Graham Jr.,55685,CB,OREGON,14,8,0,60.6,1,1,264,0,0,82.9,80.9,2.7,,68.4,71.9,0,1,0,2,48,13.9,10,4,6,80.6,43,0,0,21,805,521,837,3,0,0,3,0,3,834,0,316,5,22,54,5,71,1,3,438,118,10.2
Deommodore Lenoir,55686,CB,OREGON,14,10,0,53.4,2,1,264,1,0,74.9,76.1,54.1,54.3,82.4,83.8,1,5,0,1,81,5.2,3,4,7,85.8,39,0,0,74,702,489,794,1,0,0,1,0,12,793,10,295,4,16,45,3,73,6,3,546,198,14.0
Donovan Johnson,55687,CB,PENN STATE,2,2,0,100.0,0,0,266,0,0,63.3,64.5,74.3,,64.6,81.6,0,0,0,0,40,0.0,0,0,0,118.8,2,0,0,1,24,15,26,1,0,0,1,0,0,25,0,11,0,1,4,0,2,0,0,69,3,34.5
DJ Brown,55688,CB,PENN STATE,5,0,0,75.0,0,1,266,0,0,66.8,74.7,75.8,,91.2,80.1,0,0,0,0,21,0.0,0,1,0,104.2,3,0,0,1,40,30,42,0,0,0,0,0,1,42,0,12,0,1,5,0,4,0,0,38,4,12.7
Tariq Castro-Fields,55689,CB,PENN STATE,12,7,0,58.3,0,0,266,0,0,61.9,62.7,86.8,61.0,62.9,46.8,2,1,0,2,49,22.2,14,4,2,69.4,35,0,0,72,484,351,610,44,0,0,44,0,1,566,9,250,9,22,42,3,60,3,0,470,135,13.4
Lamont Wade,55690,S,PENN STATE,13,10,0,53.6,0,3,266,1,0,70.0,74.5,24.1,68.0,87.5,77.4,1,5,0,0,42,11.4,8,3,3,80.2,30,2,0,177,3,427,763,11,0,0,11,0,170,752,26,310,402,19,52,2,56,8,2,290,194,9.7
Dedrick Mackey,55691,CB,PURDUE,12,5,0,53.2,0,0,273,0,0,65.8,65.4,86.2,76.8,55.1,66.4,0,1,0,3,75,14.3,6,6,1,109.2,33,1,0,43,664,385,734,15,0,0,15,0,1,719,6,343,10,10,31,1,62,2,8,645,237,19.5
Kenneth Major,55692,CB,PURDUE,12,4,0,55.3,0,1,273,0,0,59.2,57.8,34.0,72.4,50.3,63.7,1,0,0,0,48,12.9,4,1,3,84.2,21,0,0,26,436,256,470,0,0,0,0,0,0,470,3,211,8,6,23,1,38,1,1,249,108,11.9
Justin Guy-Robinson,55696,CB,SMU,4,0,0,66.7,0,0,287,0,0,64.9,65.8,75.3,,65.0,76.6,0,0,0,0,26,0.0,0,0,0,103.5,2,0,0,1,37,27,39,0,0,0,0,0,0,39,0,12,0,0,2,0,3,0,0,33,11,16.5
Tobias Moss,55698,CB,DOMINION,9,2,0,44.0,0,1,263,0,0,75.3,76.6,83.2,65.3,75.9,77.3,0,0,0,0,37,6.9,2,3,0,73.3,11,1,0,69,292,178,374,10,0,0,10,0,2,364,4,192,1,10,25,1,25,1,0,207,52,18.8
Devin Rockette,55699,CB,S ALABAMA,12,2,0,57.1,0,0,288,2,0,61.4,62.9,83.6,55.9,66.8,62.0,0,0,0,1,30,14.3,3,6,3,97.2,16,0,0,42,361,198,441,1,0,0,1,0,10,440,2,241,27,5,16,0,28,0,3,179,60,11.2
Gus Nave,55700,CB,S ALABAMA,9,0,0,69.2,0,0,288,0,0,57.1,60.8,79.6,,73.3,66.6,0,0,0,1,23,16.7,1,1,0,91.7,9,0,0,22,135,74,158,0,0,0,0,0,0,158,0,84,1,0,5,0,13,0,2,76,30,8.4
Keenan Reed,55711,CB,TCU,8,0,0,50.0,0,0,305,0,0,63.9,65.1,80.3,,67.0,77.4,0,0,0,0,11,0.0,0,0,0,66.7,1,0,0,25,44,70,115,0,0,0,0,0,21,115,0,45,23,0,2,0,2,0,0,11,16,11.0
Kordell Rodgers,55713,CB,TEXAS ST,4,0,0,63.6,0,0,314,0,0,65.7,66.4,78.5,59.3,66.1,52.8,0,0,0,0,43,21.4,3,3,0,100.6,7,0,0,20,99,53,124,2,0,0,2,0,1,122,1,70,2,4,11,0,11,0,0,120,22,17.1
Shon Spralling,55718,CB,TROY,7,3,0,88.9,1,0,318,0,0,63.5,60.9,0.0,55.2,61.8,54.9,0,0,0,0,35,22.2,4,1,1,138.9,8,0,0,29,2,71,145,13,0,0,13,0,1,132,5,69,99,7,11,2,9,0,1,76,35,9.5
Orlando Lacey,55720,CB,TROY,6,1,0,50.0,1,0,318,0,0,67.8,67.5,0.0,,75.2,61.1,0,0,0,1,17,14.3,1,1,1,29.2,4,0,0,8,68,40,78,0,0,0,0,0,1,78,0,38,0,2,5,0,8,0,0,48,26,12.0
Jaylon Monroe,55721,CB,TULANE,13,1,0,55.0,1,1,319,0,0,79.0,78.0,87.2,57.1,65.8,78.4,0,1,0,2,37,8.1,3,5,2,64.3,22,0,0,27,611,419,790,2,0,0,2,0,1,788,6,365,146,8,33,2,40,1,2,197,70,9.0
Willie Langham,55722,CB,TULANE,13,2,0,58.1,0,0,319,1,1,57.9,61.5,84.8,65.1,77.6,68.5,0,0,0,0,42,12.0,3,3,0,129.9,18,1,0,8,288,245,372,2,0,0,2,0,1,370,8,119,72,5,20,0,31,1,3,351,90,19.5
Grayson Cash,55727,S,UAB,12,3,0,64.3,0,2,321,0,0,60.2,64.2,86.4,56.0,70.2,55.6,0,0,0,0,75,15.7,8,3,1,147.3,9,0,0,124,5,267,483,13,0,0,13,0,306,470,5,211,35,15,40,3,14,0,3,185,106,20.6
Dy'jonn Turner,55732,CB,UAB,14,10,0,53.3,0,1,321,0,0,84.8,82.6,89.7,56.3,77.5,71.2,1,3,0,1,50,13.5,7,8,2,62.2,32,0,0,137,11,463,785,44,0,0,44,0,5,741,24,298,588,18,35,1,60,4,0,325,199,10.2
Greg Johnson,55734,CB,USC,11,3,0,60.7,0,1,326,1,0,62.6,65.2,87.7,79.2,64.1,61.1,1,2,0,2,38,15.0,6,4,0,76.6,34,2,0,50,43,305,498,16,0,0,16,0,2,482,14,179,387,9,31,1,56,5,2,362,177,10.6
Andre Grayson,55735,CB,UTAH ST,13,8,0,71.4,0,2,329,0,0,52.1,55.6,90.0,83.7,60.8,40.6,0,2,0,1,70,20.4,11,4,1,113.2,40,1,0,44,90,368,733,3,0,0,3,0,8,730,6,359,588,13,35,1,56,3,3,553,329,13.8
Zahodri Jackson,55736,CB,UTAH ST,4,0,0,50.0,0,0,329,0,0,57.4,59.3,76.2,60.0,66.0,76.2,0,0,0,0,13,0.0,0,0,0,70.8,1,0,0,0,46,20,46,0,0,0,0,0,0,46,1,25,0,0,2,0,2,0,0,13,2,13.0
Jarrod Green,55737,CB,UTAH ST,3,0,0,33.3,0,0,329,0,0,67.6,67.9,77.5,,63.7,75.1,0,0,0,0,10,0.0,0,0,0,42.4,2,0,0,2,28,26,51,0,0,0,0,0,0,51,0,25,21,0,1,0,6,0,0,17,6,8.5
Ja'Marcus Ingram,55738,CB,TEXAS TECH,9,3,0,76.2,0,0,315,0,0,53.4,53.3,5.8,58.4,58.5,49.8,0,0,0,1,44,20.8,5,2,1,107.0,16,0,0,22,103,130,242,13,0,0,13,0,49,229,4,108,55,3,16,0,21,0,1,229,71,14.3
Vance Vallair,55742,S,UTSA,5,2,0,100.0,0,0,331,0,0,64.6,65.2,84.4,,63.6,29.6,0,1,0,0,7,40.0,2,0,0,79.2,2,0,0,19,0,26,63,2,0,0,2,0,23,61,0,37,18,1,1,1,2,1,0,6,1,3.0
George Hicks III,55744,CB,WASH STATE,13,5,0,40.0,0,0,341,0,0,63.2,65.6,83.9,57.3,71.3,56.5,0,0,0,1,61,18.4,7,3,2,82.0,14,0,0,80,436,251,533,9,0,0,9,0,3,524,4,278,5,10,26,1,35,0,2,331,99,23.6
Hakeem Bailey,55746,CB,W VIRGINIA,12,12,0,60.0,0,1,343,0,0,75.6,74.0,47.8,,65.5,78.6,0,0,0,1,75,8.7,6,10,2,86.1,42,0,0,59,702,412,786,7,0,0,7,0,8,779,0,374,10,15,51,1,70,0,2,511,160,12.2
Madison Cone,55747,CB,WISCONSIN,10,0,0,50.0,1,0,349,0,0,55.5,56.0,84.2,57.7,59.9,81.9,0,0,0,0,13,0.0,0,0,1,84.9,8,0,0,2,4,90,135,0,0,0,0,0,0,135,1,44,129,3,6,0,16,0,1,78,2,9.8
Faion Hicks,55748,CB,WISCONSIN,14,2,0,56.8,0,0,349,0,0,53.4,53.2,85.4,66.3,48.1,58.4,0,1,0,0,34,16.7,6,1,6,95.5,25,0,0,13,548,339,572,1,0,0,1,0,5,571,0,233,5,5,28,1,44,1,2,326,59,13.0
Keyon Blankenbaker,55749,CB,WYOMING,13,8,0,59.8,0,1,351,0,0,58.8,61.6,91.1,61.4,70.4,74.5,0,0,0,0,50,11.8,8,5,1,86.4,49,1,0,42,9,487,773,6,0,0,6,0,6,767,7,279,710,14,52,0,82,1,1,600,306,12.2
C.J. Coldon Jr.,55750,CB,WYOMING,3,2,0,61.9,0,0,351,1,1,67.6,69.4,82.4,60.0,75.7,56.3,0,0,0,0,53,16.7,3,1,0,98.7,13,0,0,3,191,137,203,7,0,0,7,0,1,196,1,65,1,4,13,1,21,0,1,147,72,11.3
James Jones IV,55757,CB,AIR FORCE,8,1,0,57.1,0,0,101,0,0,53.8,55.1,78.7,,62.6,40.1,0,0,0,0,16,28.6,2,1,0,75.9,4,0,0,1,96,58,98,0,0,0,0,0,0,98,0,40,1,1,4,0,7,0,0,44,13,11.0
Eric Ward,55759,CB,AIR FORCE,5,2,0,66.7,0,0,101,0,0,43.8,45.9,80.8,,66.0,65.9,0,0,0,0,14,11.1,1,1,0,122.0,12,0,0,5,16,81,107,0,0,0,0,0,1,107,0,26,85,0,6,0,18,0,3,107,30,8.9
Zane Lewis,55761,CB,AIR FORCE,13,6,0,52.6,0,0,101,0,0,80.1,77.1,84.8,59.2,60.7,59.2,0,1,1,1,29,16.7,9,11,3,65.4,30,0,0,81,623,415,711,2,0,0,2,0,2,709,2,294,2,12,39,0,57,1,1,286,82,9.5
Grant Theil,55762,CB,AIR FORCE,13,13,0,69.6,0,0,101,0,0,68.3,68.7,87.5,60.1,68.8,68.6,1,7,0,0,87,14.5,9,4,0,123.5,32,0,0,163,9,383,658,26,0,0,26,0,58,632,23,252,401,15,40,1,46,8,4,380,186,11.9
Jeremy Fejedelem,55763,S,AIR FORCE,12,17,0,74.2,0,1,101,0,0,66.3,71.2,88.9,64.6,76.6,83.9,1,1,0,2,36,8.4,7,3,0,93.3,23,1,0,211,2,378,655,14,0,0,14,0,309,641,13,264,119,24,59,1,31,3,2,259,73,11.3
Garrett Kauppila,55764,S,AIR FORCE,12,10,0,66.7,0,0,101,1,0,63.7,62.0,87.9,60.0,55.2,62.5,0,0,0,0,32,16.4,10,1,0,101.2,16,0,0,171,9,350,607,1,0,0,1,0,295,606,1,256,130,14,41,2,24,0,1,171,44,10.7
Jordyn Riley,55767,CB,AKRON,11,2,0,56.3,1,0,102,0,0,46.4,43.7,85.0,55.1,34.3,45.6,0,0,0,1,76,22.9,8,4,4,87.5,27,0,0,23,405,227,483,4,0,0,4,0,0,479,2,254,48,5,25,1,48,0,2,384,143,14.2
Zaire Jacobs,55769,S,AKRON,2,1,0,66.7,0,0,102,0,0,43.4,49.6,78.6,,63.8,81.9,0,0,0,0,23,0.0,0,0,0,109.7,2,0,0,10,0,25,64,0,0,0,0,0,43,64,0,39,11,0,3,0,3,0,0,39,7,19.5
Jerome Cooper,55770,HB,AKRON,2,0,0,,0,0,102,0,0,,60.6,60.1,,60.0,,0,0,0,0,,,0,0,0,0.0,0,0,0,0,0,0,3,0,0,0,0,0,0,3,0,3,0,0,0,0,0,0,0,0,0,
Daniel Wright,55772,S,ALABAMA,8,1,0,100.0,0,0,103,0,0,64.8,63.6,77.6,59.9,59.8,67.2,0,1,0,0,7,11.1,1,0,0,135.4,2,0,0,28,0,50,94,0,0,0,0,0,53,94,1,43,13,1,7,0,2,1,1,14,9,7.0
Kyriq McDonald,55774,CB,CINCINNATI,1,0,0,,0,0,138,0,0,60.0,60.4,68.3,,60.0,,0,0,0,0,,,0,0,0,0.0,0,0,0,0,0,1,2,0,0,0,0,0,1,2,0,1,1,0,0,0,0,0,0,0,0,
Xavier McKinney,55775,S,ALABAMA,13,16,1,59.3,0,4,103,1,0,87.0,86.9,59.5,90.3,79.3,79.0,2,5,1,3,27,11.3,11,4,2,72.0,35,3,0,286,5,435,827,38,0,0,38,0,270,789,34,358,227,32,70,3,59,10,3,350,154,10.0
Shaun Jolly,55783,CB,APP STATE,14,9,0,53.1,2,1,108,1,0,91.4,91.7,87.0,60.0,85.2,84.5,0,0,2,5,35,4.5,2,10,4,54.9,34,0,0,22,845,502,883,2,0,0,2,0,5,881,1,380,9,11,33,4,64,0,3,391,58,11.5
Steven Jones Jr.,55785,CB,APP STATE,9,2,0,50.0,0,1,108,0,0,65.0,64.1,79.1,,56.9,65.3,0,0,0,0,24,12.5,1,0,0,74.7,6,0,0,9,109,71,122,1,0,0,1,0,3,121,0,51,0,0,5,0,12,0,0,89,29,14.8
Ryan Huff,55786,S,APP STATE,11,3,0,66.7,0,0,108,0,0,52.4,55.1,81.4,58.3,62.1,56.7,0,1,0,0,14,17.6,3,0,1,115.0,6,0,0,61,1,95,167,2,0,0,2,0,50,165,2,70,53,7,11,1,9,1,1,44,29,7.3
Kobe Williams,55787,CB,ARIZONA ST,12,9,0,48.9,0,1,110,1,0,82.4,82.8,87.0,58.7,77.7,78.2,1,0,0,0,48,10.3,6,8,1,78.3,22,0,0,94,460,399,711,5,0,0,5,0,61,706,1,311,90,17,43,2,45,1,2,223,132,10.1
Joey Bryant,55791,CB,MEMPHIS,11,0,0,50.0,0,1,218,0,0,55.1,57.1,82.4,,65.7,49.0,0,0,0,0,36,25.0,3,3,0,116.5,10,0,0,9,272,149,284,1,0,0,1,0,0,283,0,135,1,4,9,0,20,0,2,189,39,18.9
Darien Cornay,55792,S,ARIZONA ST,1,0,0,,0,0,110,0,0,61.9,64.4,71.4,60.0,62.5,74.8,0,0,0,0,,0.0,0,0,0,0.0,0,0,0,3,0,3,8,0,0,0,0,0,4,8,1,4,1,0,1,0,0,0,0,0,0,
Evan Fields,55793,S,ARIZONA ST,13,20,0,74.1,0,0,110,2,0,55.9,58.5,52.2,69.1,60.4,67.7,1,4,0,2,95,14.9,15,0,2,97.4,20,0,0,279,1,431,806,34,0,0,34,0,326,772,39,336,166,22,66,4,27,5,1,347,288,17.4
Jarques McClellion,55795,CB,ARKANSAS,12,3,0,54.2,0,0,111,0,0,62.4,59.7,86.1,,43.7,51.5,0,0,0,1,37,20.0,8,3,3,95.7,26,0,0,40,671,376,725,3,0,0,3,0,0,722,0,349,11,3,29,0,48,0,4,339,99,13.0
Korey Hernandez,55796,CB,E MICHIGAN,13,3,0,50.0,1,0,160,0,0,65.7,61.5,4.6,58.6,52.9,54.9,0,0,0,1,68,21.1,4,1,2,105.7,7,0,0,52,3,134,255,0,0,0,0,0,45,255,1,120,155,1,12,1,14,0,2,218,71,31.1
Montaric Brown,55797,CB,ARKANSAS,10,2,0,51.4,0,0,111,1,0,61.1,65.0,84.7,75.5,74.0,57.4,1,0,0,1,30,17.4,8,3,2,94.7,18,0,0,50,602,299,660,4,0,0,4,0,0,656,2,359,3,16,36,1,35,1,4,198,71,11.0
Chevin Calloway,55799,S,SMU,11,0,0,80.0,0,0,287,0,0,44.2,47.6,83.4,,63.0,77.7,0,0,0,1,36,9.1,1,2,2,118.8,8,0,0,21,0,114,157,0,0,0,0,0,93,157,0,43,43,4,10,2,10,0,2,128,43,16.0
Kamren Curl,55800,S,ARKANSAS,11,13,0,72.2,1,2,111,2,1,89.6,87.6,50.8,77.0,69.2,80.0,1,0,0,2,32,10.7,9,2,2,101.4,26,1,0,185,5,360,682,4,0,0,4,0,195,678,5,317,293,22,62,3,36,2,4,218,135,8.4
Colby Sigears,55801,ED,ARK STATE,2,0,0,,0,0,113,0,0,,60.3,69.6,,60.0,,0,0,0,0,,,0,0,0,0.0,0,0,0,0,0,0,2,1,0,0,1,0,0,1,0,2,1,0,0,0,0,0,0,0,0,
Demari Medley,55803,CB,ARK STATE,5,1,0,60.0,0,0,113,0,0,53.6,54.5,80.2,,60.4,86.3,0,0,0,0,37,0.0,0,0,1,90.4,9,0,0,3,127,85,144,0,0,0,0,0,0,144,0,59,14,3,12,0,15,0,0,138,11,15.3
Chris Skyers,55809,S,ARMY,4,0,0,,0,0,114,0,0,61.0,59.7,71.4,53.8,62.5,,0,1,0,0,,100.0,1,0,0,0.0,0,0,0,3,0,3,15,0,0,0,0,0,5,15,3,9,5,0,0,0,0,1,0,0,0,
Javhari Bourdeau,55811,CB,ARMY,13,8,0,50.0,1,1,114,0,0,74.4,70.4,85.8,76.6,46.5,40.5,0,0,0,1,24,24.6,14,4,5,86.9,22,1,0,46,623,326,679,8,0,0,8,0,0,671,1,352,1,11,35,1,44,1,4,236,43,10.7
Dean Ngendakuriyo,55815,CB,ARMY,2,0,0,,0,0,114,0,0,60.4,62.2,70.3,,61.5,,0,0,0,0,,,0,0,0,0.0,0,0,0,2,0,2,8,1,0,0,1,0,0,7,0,6,5,0,0,0,0,0,0,0,0,
Devin Guice,55822,CB,AUBURN,2,0,0,,0,0,115,0,0,62.0,62.7,70.2,,60.0,,0,0,0,0,,,0,0,0,0.0,0,0,0,0,0,3,5,0,0,0,0,0,0,5,0,2,5,0,0,0,0,0,0,0,0,
Malcolm Askew,55823,S,AUBURN,4,0,0,100.0,0,0,115,0,0,74.6,77.4,74.8,59.2,75.7,77.4,0,0,0,0,2,0.0,0,0,0,79.2,1,0,0,12,0,15,36,0,0,0,0,0,16,36,1,20,8,2,2,0,1,0,0,2,6,2.0
Jordyn Peters,55824,CB,AUBURN,8,1,0,60.0,0,0,115,0,0,47.3,55.8,79.2,,78.2,86.5,0,0,0,0,29,0.0,0,1,0,84.2,6,0,0,6,1,37,74,2,0,0,2,0,7,72,0,37,56,2,9,1,10,0,0,77,10,12.8
Jacob Rogers,55827,S,AUBURN,1,0,0,,0,0,115,0,0,,60.0,63.1,,60.0,,0,0,0,0,,,0,0,0,0.0,0,0,0,0,0,0,1,0,0,0,0,0,1,1,0,1,0,0,0,0,0,0,0,0,0,
Brandon Sebastian,55829,CB,BOSTON COL,13,2,0,52.6,2,0,121,0,0,68.0,70.6,86.7,58.3,79.1,62.7,0,0,0,1,74,15.4,8,11,5,82.0,40,0,0,66,845,513,928,1,0,0,1,0,0,927,7,408,16,13,42,1,76,0,4,437,158,10.9
Jahmin Muse,55830,S,BOSTON COL,11,0,0,87.5,0,0,121,0,0,60.1,55.2,85.1,67.6,37.0,57.5,3,2,0,1,26,20.8,5,0,1,112.8,14,0,0,52,1,115,254,32,0,0,32,0,91,222,28,111,78,9,19,4,16,5,2,125,51,8.9
Ty Redding,55832,CB,BOWL GREEN,8,2,0,84.6,0,0,122,1,0,54.3,56.1,0.0,59.6,66.4,50.5,0,0,0,1,41,20.0,3,0,1,112.3,11,0,0,14,182,66,206,4,0,0,4,0,0,202,1,139,5,2,10,1,13,0,1,172,23,15.6
Melvin Jackson III,55834,CB,BOWL GREEN,7,1,0,80.0,0,1,122,0,0,60.2,64.3,83.4,92.6,49.9,57.2,1,0,0,0,53,30.0,3,1,0,158.3,8,3,0,16,1,117,173,7,0,0,7,0,3,166,5,51,146,7,6,0,10,4,2,147,77,18.4
Cedric Mitchell,55835,S,BOWL GREEN,1,0,0,,0,0,122,0,0,60.0,60.0,66.2,,60.0,,0,0,0,0,,,0,0,0,0.0,0,0,0,0,0,1,2,0,0,0,0,0,2,2,0,1,0,0,0,0,0,0,0,0,0,
Sy Dabney,55836,S,BOWL GREEN,2,0,0,,0,0,122,0,0,61.4,66.7,70.1,,66.6,77.7,0,0,0,0,,0.0,0,0,0,0.0,0,0,0,5,0,2,10,0,0,0,0,0,0,10,0,8,5,0,2,0,0,0,0,0,0,
Marquavis Gibbs,55850,S,CHARLOTTE,13,20,1,68.8,0,0,136,0,0,59.0,64.9,56.6,82.5,70.0,73.6,2,1,0,1,69,13.6,15,1,1,98.4,22,0,0,379,7,348,802,5,0,0,5,0,161,797,10,444,250,22,75,2,32,3,1,320,157,14.5
Christian Haynes,55851,CB,CHARLOTTE,3,0,0,0.0,0,0,136,0,0,71.3,67.3,92.0,,53.3,,0,0,0,0,,,0,0,0,39.6,0,0,0,1,16,6,18,0,0,0,0,0,0,18,0,12,0,0,0,0,2,0,0,0,0,
Isaiah Lewis,55854,S,COLORADO,3,2,0,100.0,0,0,143,0,0,67.6,69.9,74.9,,66.9,80.9,0,0,0,0,6,0.0,0,0,0,91.7,1,0,0,5,0,13,22,0,0,0,0,0,12,22,0,9,5,1,2,0,1,0,0,6,12,6.0
Delvontae Harris,55860,LB,E CAROLINA,2,3,0,66.7,1,0,156,0,0,35.9,36.4,77.2,59.1,42.7,64.3,0,1,0,0,29,15.4,2,0,1,149.3,2,1,0,65,0,32,73,3,0,0,3,0,0,70,10,31,5,4,8,1,3,2,1,49,24,24.5
Davondre Robinson,55861,S,E CAROLINA,12,17,0,61.5,0,0,156,1,0,82.0,71.8,43.6,57.8,60.1,66.1,0,1,0,3,29,14.5,12,4,1,63.3,24,0,0,314,11,303,623,21,0,0,21,0,125,602,7,313,152,18,54,2,39,1,2,233,106,9.7
Jeff Hubbard,55867,CB,E MICHIGAN,13,3,0,72.7,1,0,160,0,0,60.7,58.8,82.6,,45.6,54.4,0,0,0,1,54,10.0,2,0,1,124.1,16,0,0,27,231,167,289,0,0,0,0,0,18,289,0,122,13,5,15,1,22,0,2,264,70,16.5
Blake Bogan,55868,CB,E MICHIGAN,13,11,0,66.7,0,2,160,1,0,68.2,74.6,89.9,60.0,88.1,52.6,0,0,0,1,96,18.6,13,3,0,105.4,22,0,0,107,6,305,606,5,0,0,5,0,120,601,1,300,367,10,46,5,33,0,2,318,192,14.5
Patrick Moorer,55877,CB,FLORIDA,4,0,0,,0,0,163,0,0,62.7,63.8,71.0,,60.0,,0,0,0,0,,,0,0,0,0.0,0,0,0,0,10,3,10,0,0,0,0,0,0,10,0,7,0,0,0,0,0,0,0,0,0,
Austin Perry,55878,CB,FLORIDA,3,0,0,50.0,0,0,163,0,0,48.5,47.0,77.6,,53.2,21.0,0,0,0,0,11,100.0,1,0,0,66.7,1,0,0,0,0,9,22,0,0,0,0,0,0,22,0,13,22,0,0,0,2,0,0,11,5,11.0
Brad Stewart Jr.,55881,S,FLORIDA,10,4,0,71.4,0,0,163,1,0,64.3,65.6,83.5,64.5,65.5,76.9,0,0,0,0,23,11.1,3,1,0,118.8,10,1,0,152,4,175,295,0,0,0,0,0,81,295,4,116,58,5,20,1,14,1,1,112,54,11.2
Shawn Davis,55882,S,FLORIDA,12,11,0,62.5,0,0,163,0,0,82.4,79.3,37.9,80.3,65.0,61.4,3,0,0,3,25,18.5,12,4,1,37.8,15,0,0,118,1,287,494,0,0,0,0,0,195,494,6,201,179,15,42,1,24,3,0,134,47,8.9
Diashun Moss,55889,CB,FAU,6,0,0,66.7,0,0,165,0,0,56.8,58.5,75.9,58.3,65.8,79.3,0,0,0,0,11,0.0,0,0,0,88.2,2,0,0,3,35,19,40,2,0,0,2,0,0,38,1,20,0,1,4,0,3,0,0,22,0,11.0
Zyon Gilbert,55891,CB,FAU,14,6,0,49.1,1,1,165,0,0,66.3,64.4,53.9,58.8,58.4,63.9,0,1,0,2,45,16.4,10,6,3,59.2,26,0,0,90,8,406,697,11,0,0,11,0,135,686,2,289,453,11,45,1,53,1,1,326,84,12.5
Joseph Schergen,55892,CB,FLORIDA ST,1,0,0,,0,0,167,0,0,,60.0,65.6,,60.0,,0,0,0,0,,,0,0,0,0.0,0,0,0,0,2,0,2,0,0,0,0,0,0,2,0,2,0,0,0,0,0,0,0,0,0,
Stanford Samuels III,55893,CB,FLORIDA ST,12,10,0,50.6,0,0,167,0,0,73.4,73.9,86.6,46.1,77.0,76.0,3,1,0,2,56,8.3,6,7,3,71.0,41,0,0,92,711,474,851,26,0,0,26,0,0,825,19,358,22,19,56,2,81,4,2,560,187,13.7
Pokey Wilson,55894,WR,FLORIDA ST,1,0,0,,0,0,167,0,0,,60.0,60.0,,60.0,,0,0,0,0,,0.0,0,0,0,0.0,0,0,0,0,0,0,1,0,0,0,0,0,0,1,0,1,0,0,1,0,0,0,0,0,0,
Cyrus Fagan,55895,S,FLORIDA ST,8,6,0,73.1,0,0,167,1,0,65.1,67.8,10.2,64.6,77.6,61.4,0,0,0,1,23,18.9,10,2,2,114.7,19,0,0,73,3,204,342,8,0,0,8,0,138,334,4,134,120,6,37,0,26,0,3,183,94,9.6
Hamsah Nasirildeen,55898,S,FLORIDA ST,12,9,0,62.5,0,3,167,1,0,81.6,80.3,0.0,62.7,81.8,81.1,0,9,1,2,48,10.0,10,1,3,68.9,15,1,0,239,5,344,702,37,0,0,37,0,297,665,46,312,124,19,81,2,24,10,1,205,121,13.7
Chris Coleman,55906,CB,FRESNO ST,7,0,0,57.1,0,0,169,0,0,45.5,44.4,81.5,,42.8,40.6,0,0,0,0,23,25.0,4,1,0,107.4,12,0,0,29,201,109,241,8,0,0,8,0,0,233,0,132,2,8,12,0,21,0,2,131,53,10.9
Chris Gaston,55907,CB,FRESNO ST,7,4,0,74.3,0,0,169,0,0,51.7,50.2,82.1,60.0,43.9,55.1,0,0,0,1,29,18.8,6,1,1,106.5,26,0,0,18,245,160,271,1,0,0,1,0,3,270,1,110,4,3,22,0,35,0,2,297,97,11.4
Arron Mosby,55908,LB,FRESNO ST,12,17,1,70.2,0,2,169,0,0,82.0,70.1,59.6,57.5,58.5,54.3,0,9,0,1,34,18.6,16,4,1,84.9,33,0,0,491,5,419,847,88,0,0,88,0,21,759,61,367,242,27,53,6,47,9,1,294,201,8.9
Richard LeCounte III,55910,S,GEORGIA,14,13,0,78.4,0,2,173,3,0,83.5,80.7,57.6,82.2,69.8,74.0,1,1,0,4,73,11.9,8,3,2,87.6,29,1,0,142,7,526,820,9,0,0,9,0,547,811,12,282,115,17,46,3,37,3,2,377,187,13.0
William Poole,55911,CB,GEORGIA,3,0,0,40.0,0,0,173,0,0,64.4,65.9,78.8,,66.5,37.9,0,0,0,0,21,25.0,1,0,0,64.6,2,0,0,2,0,20,42,0,0,0,0,0,0,42,0,22,40,0,3,0,5,0,0,35,12,17.5
Eric Stokes,55912,CB,GEORGIA,14,3,1,56.9,1,1,173,0,0,78.5,81.4,85.8,87.9,74.7,85.0,2,1,0,0,28,5.0,2,7,4,82.6,37,1,0,37,602,417,677,1,0,0,1,0,0,676,16,244,36,13,35,0,65,4,2,356,125,9.6
Latavious Brini,55915,S,GEORGIA,3,0,0,33.3,0,0,173,0,0,71.9,73.2,70.5,,,75.1,0,0,0,1,8,0.0,0,0,0,2.8,1,0,0,0,0,6,6,0,0,0,0,0,0,6,0,0,6,0,1,0,3,0,0,8,0,8.0
Ameer Speed,55918,CB,GEORGIA,4,0,0,100.0,0,0,173,0,0,64.7,65.2,75.3,,62.7,78.5,0,0,0,0,45,0.0,0,0,0,118.8,2,0,0,0,36,20,37,0,0,0,0,0,0,37,0,17,1,2,3,0,2,0,0,50,20,25.0
D.J. Small,55930,CB,HOUSTON,10,1,0,73.7,0,0,182,0,0,54.2,54.9,81.5,,59.0,78.3,0,0,0,0,45,7.1,1,2,1,150.7,14,0,0,9,206,148,218,2,0,0,2,0,0,216,0,70,1,2,12,0,19,0,2,269,30,19.2
Devodric Bynum,55931,CB,UAB,12,1,0,33.3,1,0,321,0,0,65.2,64.5,0.0,60.0,66.9,67.7,0,0,0,0,13,16.7,1,0,4,42.4,3,0,0,0,146,104,184,1,0,0,1,0,1,183,1,79,35,0,4,0,9,0,0,24,17,8.0
Grant Stuard,55933,S,HOUSTON,12,9,0,73.8,1,1,182,0,0,43.0,56.3,32.1,71.4,76.9,67.1,3,6,0,0,75,12.9,13,3,3,111.9,48,1,0,288,15,405,776,43,0,0,43,0,7,733,39,332,423,47,79,9,65,10,3,513,341,10.7
Bryan Cook,55940,S,CINCINNATI,1,1,0,,0,0,138,0,0,64.9,65.0,71.3,,61.0,74.8,0,0,0,0,,0.0,0,0,0,0.0,0,0,0,8,0,11,16,0,0,0,0,0,6,16,0,5,2,0,0,0,0,0,0,0,0,
Nate Hobbs,55948,CB,ILLINOIS,13,10,0,56.9,0,0,187,1,1,70.2,70.0,31.8,60.2,71.6,78.1,0,0,0,1,59,8.1,6,10,4,91.7,41,1,0,17,766,382,885,50,0,0,50,0,2,835,5,498,49,22,58,4,72,1,4,508,137,12.4
Dawson DeGroot,55949,LB,ILLINOIS,3,4,0,80.0,0,0,187,0,0,63.3,64.8,79.5,59.0,64.9,72.9,0,0,0,0,14,7.1,1,0,0,86.7,4,0,0,50,0,43,100,22,0,0,22,0,10,78,4,53,18,5,9,0,5,0,0,24,15,6.0
Nolan Bernat,55950,CB,ILLINOIS,1,0,0,,0,0,187,0,0,,67.5,63.5,,65.0,74.2,0,0,0,0,,0.0,0,0,0,0.0,0,0,0,0,1,0,1,0,0,0,0,0,0,1,0,1,0,1,1,0,0,0,0,0,0,
Michael Marchese,55952,S,ILLINOIS,2,0,0,25.0,0,0,187,0,0,46.2,56.3,76.2,75.6,69.8,80.6,0,1,0,1,25,0.0,0,0,0,13.5,1,0,0,21,0,30,51,0,0,0,0,0,28,51,0,21,2,0,3,0,4,1,0,25,1,25.0
Tony Adams,55953,CB,ILLINOIS,10,5,0,63.6,0,0,187,0,0,70.3,68.2,86.9,58.3,60.8,49.5,0,0,1,2,40,22.4,11,0,1,50.9,14,0,0,57,204,206,475,25,0,0,25,0,110,450,2,267,78,8,33,2,22,0,0,178,101,12.7
Alec McEachern,55956,LB,ILLINOIS,5,2,0,,0,0,187,0,0,62.6,66.5,74.9,59.2,66.8,77.6,0,0,0,0,,25.0,1,0,0,0.0,0,0,0,9,1,6,23,9,0,0,9,0,0,14,1,16,4,1,1,0,0,0,0,0,0,
Juwan Burgess,55958,S,INDIANA,13,5,0,45.0,0,2,190,2,0,66.7,65.0,0.0,,66.4,70.6,0,0,0,0,45,13.2,5,2,4,86.9,9,0,0,61,0,190,423,0,0,0,0,0,243,423,0,233,119,8,28,2,20,0,1,147,31,16.3
Raheem Layne,55960,CB,INDIANA,13,3,0,56.8,0,0,190,0,0,59.1,62.1,83.1,48.8,76.4,76.1,1,0,0,0,40,9.7,3,4,1,108.6,21,0,0,33,316,199,361,8,0,0,8,0,1,353,5,157,3,3,25,2,37,1,3,286,66,13.6
Bryant Fitzgerald,55961,S,INDIANA,13,3,0,50.0,0,0,190,0,0,48.4,53.8,84.2,60.0,63.3,64.3,0,2,0,0,36,16.2,6,2,0,109.4,10,0,0,101,1,171,345,3,0,0,3,0,197,342,7,167,43,8,28,1,20,2,2,155,73,15.5
Matt Hankins,55963,CB,IOWA,10,7,0,63.0,0,0,192,1,0,78.0,78.9,86.3,70.4,73.1,84.6,0,1,0,2,42,5.4,3,6,2,78.8,34,1,0,31,589,363,642,15,0,0,15,0,0,627,4,275,7,14,46,0,54,2,2,354,54,10.4
Josh Valentine-Turner,55964,CB,FIU,10,2,0,44.4,0,0,166,0,0,75.2,70.4,81.8,60.0,51.0,32.6,0,0,0,0,13,33.3,6,2,0,51.6,4,0,0,12,169,99,205,7,0,0,7,0,5,198,1,105,12,6,10,2,9,0,0,20,15,5.0
Wes Dvorak,55966,S,IOWA,3,0,0,,0,0,192,0,0,60.8,64.5,71.5,,63.7,76.2,0,0,0,0,,0.0,0,0,0,0.0,0,0,0,4,0,2,10,0,0,0,0,0,5,10,0,8,1,1,1,0,0,0,0,0,0,
Geno Stone,55967,S,IOWA,13,11,0,60.0,0,3,192,0,0,84.5,83.5,90.3,72.0,74.0,69.5,2,1,0,1,23,15.5,13,3,0,78.9,21,1,0,163,3,491,838,9,0,0,9,0,521,829,5,342,142,19,60,2,35,4,2,165,60,7.9
Datrone Young,55969,CB,IOWA STATE,13,2,0,52.9,1,0,193,0,0,68.9,69.4,85.0,57.0,67.0,29.3,0,0,0,0,71,37.0,10,2,1,96.8,18,0,0,15,514,325,539,8,0,0,8,0,0,531,2,212,0,5,15,1,34,0,2,253,151,14.1
Keontae Jones,55970,CB,IOWA STATE,3,0,0,100.0,0,0,193,0,0,64.5,62.6,76.6,60.0,54.7,77.0,0,0,0,0,22,0.0,0,0,0,158.3,2,0,0,2,43,25,47,2,0,0,2,0,0,45,1,21,0,1,2,1,2,0,1,30,3,15.0
Richard Bowens III,55972,S,IOWA STATE,2,0,0,,0,0,193,0,0,63.8,62.8,72.5,,59.7,78.7,0,0,0,0,,0.0,0,0,0,0.0,0,0,0,6,0,8,18,0,0,0,0,0,8,18,0,10,4,1,2,0,0,0,0,0,0,
Ross Elder,55981,S,KANSAS ST,4,1,0,0.0,0,0,199,0,0,66.8,67.0,76.9,59.6,64.5,78.8,0,1,0,0,,0.0,0,0,0,39.6,0,0,0,2,0,14,27,1,0,0,1,0,13,26,1,12,11,0,1,0,1,1,0,0,0,
Walter Neil,55982,CB,KANSAS ST,11,4,0,58.3,0,0,199,0,0,62.3,62.8,23.2,59.2,68.1,47.5,0,0,0,1,41,20.7,6,0,2,68.2,14,0,0,9,344,195,365,10,0,0,10,0,2,355,1,169,0,7,19,1,24,0,0,201,50,14.4
A.J. Parker,55983,CB,KANSAS ST,8,4,0,60.5,0,0,199,0,0,65.0,66.2,83.7,,68.1,62.5,0,0,0,3,33,15.4,6,2,1,63.6,23,0,0,13,363,208,382,3,0,0,3,0,2,379,0,174,1,10,29,3,38,0,1,321,43,14.0
Jahron McPherson,55986,CB,KANSAS ST,13,6,0,62.3,0,0,199,0,0,53.9,52.3,52.3,64.9,46.9,26.8,1,1,0,1,60,38.2,21,1,2,79.3,33,0,0,67,10,318,601,17,0,0,17,0,0,584,13,270,505,13,28,2,53,2,1,342,234,10.4
Gervarrius Owens,55987,CB,HOUSTON,12,5,0,61.2,0,1,182,0,0,52.3,54.1,88.5,72.1,56.9,49.8,0,0,0,1,62,16.4,10,5,0,120.4,30,1,0,69,274,369,666,6,0,0,6,0,94,660,3,294,223,8,46,0,49,1,4,571,209,19.0
Daron Bowles,55989,S,KANSAS ST,3,0,0,100.0,0,0,199,0,0,32.4,41.7,71.5,,64.1,74.3,0,0,0,0,33,0.0,0,0,0,118.8,1,0,0,4,0,4,13,0,0,0,0,0,8,13,0,9,1,0,1,0,1,0,0,33,4,33.0
Brock Monty,55990,S,KANSAS ST,3,0,0,50.0,0,0,199,0,0,67.1,63.0,75.9,,51.6,81.4,0,0,0,0,9,0.0,0,0,0,62.5,1,0,0,10,1,20,31,3,0,0,3,0,5,28,0,11,12,1,4,0,2,0,0,9,9,9.0
Elvis Hines,55992,CB,KENT STATE,13,7,0,60.7,2,0,201,0,0,60.7,58.6,29.0,51.1,56.5,82.2,0,2,0,0,77,7.2,5,7,11,101.3,37,1,0,56,862,429,947,2,0,0,2,0,5,945,11,507,21,9,57,0,61,3,2,552,215,14.9
Raymond James,55993,WR,KENT STATE,1,0,0,,0,0,201,0,0,,60.0,60.0,,60.0,,0,0,0,0,,,0,0,0,0.0,0,0,0,0,0,0,1,0,0,0,0,0,0,1,0,1,0,0,0,0,0,0,0,0,0,
Tyrell Ajian,55995,S,KENTUCKY,11,2,0,68.4,0,0,202,0,0,62.1,61.9,84.9,52.0,61.8,61.7,0,0,0,1,21,17.4,4,0,0,65.2,13,0,0,59,14,194,317,2,0,0,2,0,109,315,7,116,133,5,17,0,19,0,0,128,64,9.8
Yusuf Corker,55996,S,KENTUCKY,13,10,0,54.2,0,0,202,1,1,82.4,72.8,40.5,70.2,53.0,83.3,1,0,0,1,33,9.0,7,3,1,75.0,13,0,0,223,5,333,653,1,0,0,1,0,335,652,8,312,89,16,61,1,24,1,2,100,35,7.7
Brett Slusher,55997,WR,KENTUCKY,1,0,0,,0,0,202,0,0,,60.0,60.0,,60.0,,0,0,0,0,,,0,0,0,0.0,0,0,0,0,0,0,1,0,0,0,0,0,0,1,0,1,0,0,0,0,0,0,0,0,0,
Bralen Trahan,56012,S,LA LAFAYET,14,8,1,45.8,0,0,207,0,0,66.4,59.4,33.4,66.9,49.1,45.3,0,0,0,2,42,24.4,10,2,1,58.0,11,0,0,185,1,199,432,8,0,0,8,0,163,424,8,225,75,7,23,1,24,0,2,142,75,12.9
SchDarren Archie,56014,CB,LA LAFAYET,1,0,0,,0,0,207,0,0,63.8,69.8,73.0,60.0,61.4,,0,0,0,0,,,0,0,0,0.0,0,0,0,1,0,5,14,0,0,0,0,0,0,14,1,8,13,0,0,0,0,0,0,0,0,
Ja'len Johnson,56016,LB,LA LAFAYET,13,3,0,50.0,0,0,207,0,0,76.8,71.2,82.3,66.2,58.4,65.1,0,1,0,0,9,11.1,1,1,0,56.3,2,0,0,37,1,50,134,32,0,0,32,0,0,102,11,73,64,3,5,1,4,1,0,8,1,4.0
Ezekiel Barnett,56017,LB,LA TECH,13,8,1,81.3,1,1,208,0,0,75.6,69.7,0.0,69.1,64.8,57.8,5,10,1,1,36,20.0,12,1,4,82.3,26,4,0,124,3,169,488,194,0,0,190,4,13,294,117,202,152,22,40,4,32,19,0,220,176,8.5
Kereon Merrell,56024,CB,MARSHALL,12,3,0,64.1,0,1,214,1,0,73.8,78.7,86.4,83.7,85.9,68.1,1,3,0,1,44,12.1,7,4,0,100.1,41,1,0,126,384,420,788,6,0,0,6,0,6,782,19,349,266,17,48,2,64,5,4,466,160,11.4
Fofie Bazzie,56029,S,MARYLAND,6,0,0,100.0,0,0,215,0,0,61.4,65.6,77.8,,69.1,80.0,0,0,0,0,14,0.0,0,0,0,118.8,1,0,0,5,0,11,48,2,0,0,2,0,30,46,0,37,9,0,3,0,1,0,0,14,9,14.0
Deon Jones,56031,S,MARYLAND,10,8,0,64.3,0,1,215,0,0,66.9,70.3,23.8,59.1,79.6,62.8,1,0,0,0,16,16.7,7,1,2,80.4,9,0,0,53,1,257,447,9,0,0,9,0,315,438,1,189,69,6,27,0,14,1,0,83,43,9.2
Kenny Bennett,56032,CB,MARYLAND,4,0,0,62.5,1,0,215,0,0,58.1,59.2,78.8,,64.4,80.5,0,0,0,0,58,0.0,0,0,3,145.8,5,0,0,0,86,56,93,1,0,0,1,0,0,92,0,37,4,1,5,0,8,0,1,123,56,24.6
Ladarius Jordan,56036,CB,MEMPHIS,1,0,0,0.0,0,0,218,0,0,70.5,71.9,70.4,,60.0,,0,0,0,0,,,0,0,0,39.6,0,0,0,0,2,5,7,0,0,0,0,0,0,7,0,2,5,0,0,0,1,0,0,0,0,
T.J. Carter,56037,CB,MEMPHIS,12,3,0,53.7,1,1,218,1,0,75.1,72.4,53.3,61.6,63.2,51.1,0,4,0,0,30,18.4,9,4,6,87.1,22,0,0,94,618,366,754,19,0,0,19,0,0,735,20,368,23,11,37,3,41,4,2,237,84,10.8
La'Andre Thomas,56039,S,MEMPHIS,14,8,0,58.7,0,1,218,1,0,56.2,54.0,48.2,76.1,45.1,62.5,0,5,1,1,53,17.3,13,2,4,88.4,27,1,0,134,9,365,744,10,0,0,10,0,258,734,18,361,333,13,54,1,46,6,2,353,167,13.1
Carlito Gonzalez,56040,S,MEMPHIS,12,0,0,25.0,0,0,218,0,0,72.9,68.1,82.0,45.7,61.2,57.1,0,1,0,0,5,24.0,6,1,0,39.6,1,0,0,73,2,94,190,5,0,0,5,0,94,185,5,91,16,7,19,1,4,1,0,5,1,5.0
Sanchez Blake Jr.,56043,S,MEMPHIS,10,14,0,66.7,0,0,218,0,0,74.6,67.5,86.4,54.9,57.2,58.8,0,2,0,2,13,17.7,17,0,1,65.3,8,0,0,320,3,252,579,15,0,0,15,0,171,564,21,306,69,35,65,0,12,2,1,56,35,7.0
Xavier Cullens,56044,LB,MEMPHIS,13,16,1,70.6,0,0,218,0,0,65.9,74.0,84.6,69.3,75.2,70.0,1,2,0,1,74,10.4,7,2,0,97.4,12,1,0,391,2,202,462,10,0,0,10,0,0,452,29,231,59,20,44,3,17,4,1,169,154,14.1
Trajan Bandy,56045,CB,MIAMI FL,13,5,0,50.0,1,1,220,1,0,66.4,64.2,48.6,76.3,46.5,41.9,1,1,0,0,62,26.3,10,7,3,80.3,24,3,0,49,496,376,660,6,0,0,6,0,7,654,13,271,101,8,23,0,48,5,1,341,111,14.2
Amari Carter,56049,S,MIAMI FL,13,3,0,58.8,0,0,220,0,0,63.4,61.0,0.0,60.0,61.9,75.5,1,4,0,1,80,9.7,3,2,2,117.9,10,1,0,128,1,256,478,25,0,0,25,0,252,453,24,198,71,6,25,0,17,6,2,227,175,22.7
Bart Baratti,56051,LB,MIAMI OH,14,12,1,71.1,2,0,221,0,0,62.4,66.7,6.0,66.9,73.8,50.5,3,11,1,1,45,21.8,24,0,4,86.1,27,3,0,365,4,369,832,152,0,0,152,0,42,680,86,377,269,44,74,9,38,17,0,326,216,12.1
Mike Brown,56054,CB,MIAMI OH,14,9,0,56.5,0,0,221,1,0,65.4,64.5,91.6,55.2,60.4,61.3,0,3,2,3,46,17.4,12,0,0,74.4,26,0,0,167,11,490,896,71,0,0,71,0,141,825,14,392,506,15,48,3,46,3,3,338,124,13.0
Sterling Weatherford,56055,S,MIAMI OH,14,18,1,48.8,0,2,221,2,0,85.2,81.8,90.1,68.5,72.8,67.7,0,1,0,1,26,17.7,20,8,0,65.0,20,2,0,295,2,493,931,64,0,0,64,0,416,867,20,418,153,20,75,3,41,3,2,159,34,8.0
Jaylen Kelly-Powell,56057,CB,MICHIGAN,3,0,0,66.7,0,0,222,0,0,49.1,45.7,74.3,,46.3,28.1,0,0,0,0,59,50.0,1,0,0,149.3,2,0,0,2,25,12,28,0,0,0,0,0,1,28,0,16,0,0,1,0,3,0,1,79,46,39.5
Ambry Thomas,56058,CB,MICHIGAN,13,4,0,53.2,2,0,222,2,0,82.1,80.8,86.0,58.3,67.5,74.2,0,0,0,3,41,9.5,4,3,3,56.3,25,0,0,62,555,333,672,8,0,0,8,0,4,664,1,338,43,12,34,3,47,0,1,332,131,13.3
Hunter Reynolds,56060,S,MICHIGAN,2,1,0,,0,0,222,0,0,65.0,71.2,71.3,,71.0,79.3,0,0,0,0,,0.0,0,0,0,0.0,0,0,0,6,1,5,15,0,0,0,0,0,6,15,0,10,2,1,2,1,0,0,0,0,0,
Benjamin St-Juste,56061,CB,MINNESOTA,12,5,0,57.1,1,0,225,0,0,74.2,75.0,85.5,65.0,71.4,90.7,0,0,0,0,49,0.0,0,9,4,85.4,24,0,0,21,472,275,515,14,0,0,14,0,0,501,2,238,6,12,33,2,42,0,1,280,68,11.7
J'Marick Woods,56062,LB,MICHIGAN,4,1,0,100.0,0,0,222,0,0,54.6,63.1,78.3,59.5,74.0,57.8,0,0,0,0,20,16.7,1,0,0,118.8,1,0,0,14,1,23,49,14,0,0,14,0,14,35,2,24,6,2,4,0,1,0,0,20,27,20.0
Brad Hawkins,56063,S,MICHIGAN,11,12,0,51.9,0,0,222,0,0,80.3,81.5,88.1,,80.6,83.9,0,0,0,0,25,6.6,4,1,0,77.4,14,0,0,206,25,345,649,32,0,0,32,0,241,617,0,304,145,16,45,0,27,0,1,128,111,9.1
Shakur Brown,56064,CB,MICH STATE,7,2,0,48.4,0,0,223,0,0,62.6,61.9,21.4,73.0,55.1,65.5,1,0,0,1,46,15.8,3,3,4,80.2,15,2,0,40,309,224,359,2,0,0,2,0,0,357,6,129,8,6,14,0,31,3,2,221,29,14.7
Reed Blankenship,56065,S,MIDDLE TN,7,16,0,61.9,0,1,224,1,0,77.6,73.1,86.0,61.9,62.1,66.6,1,0,0,2,23,16.0,12,3,1,71.0,13,0,0,166,1,245,502,9,0,0,9,0,196,493,9,248,128,12,47,0,21,1,2,127,83,9.8
Raheme Fuller,56068,CB,MIDDLE TN,3,2,0,41.2,0,0,224,0,0,57.3,58.9,78.7,,67.1,61.4,0,0,0,0,63,14.3,1,0,1,105.8,7,0,0,11,98,79,122,0,0,0,0,0,1,122,0,43,11,2,4,0,17,0,2,123,49,17.6
Cody Smith,56070,LB,MIDDLE TN,12,7,0,60.0,0,0,224,0,0,43.8,32.1,84.9,57.5,29.3,46.2,1,1,0,0,19,20.0,6,0,0,101.3,6,0,0,209,0,77,253,42,0,0,42,0,1,211,38,138,1,11,17,4,10,2,1,38,36,6.3
Wayne Parks,56071,ED,MIDDLE TN,4,1,0,,0,0,224,0,0,66.2,68.1,77.7,56.9,70.5,80.0,1,1,0,0,,0.0,0,0,0,0.0,0,0,0,9,0,6,34,18,0,0,18,0,0,16,14,14,7,2,2,1,0,2,0,0,0,
Ty Rocconi,56072,S,OLE MISS,3,1,0,,0,0,226,0,0,68.5,56.9,72.5,,37.5,51.7,0,0,0,0,,25.0,1,0,0,0.0,0,0,0,4,1,15,24,0,0,0,0,0,18,24,0,9,0,0,2,0,0,0,0,0,0,
C.J. Miller,56075,S,OLE MISS,3,0,0,100.0,0,0,226,0,0,66.3,62.1,72.9,,54.7,76.2,0,0,0,0,5,0.0,0,0,0,87.5,1,0,0,2,0,10,15,0,0,0,0,0,7,15,0,5,6,0,1,0,1,0,0,5,4,5.0
Tyler Williams,56081,CB,MISS STATE,10,6,0,50.0,0,1,227,1,0,75.1,72.8,84.5,53.0,63.1,52.4,1,1,0,0,23,20.7,6,4,1,66.9,9,0,0,35,313,202,388,13,0,0,13,0,19,375,7,179,8,5,17,0,18,2,0,100,34,11.1
Landon Guidry,56082,S,MISS STATE,4,0,0,,0,0,227,0,0,64.3,59.4,75.2,,51.3,75.3,0,0,0,0,,0.0,0,0,0,0.0,0,0,0,8,0,10,28,0,0,0,0,0,10,28,0,18,10,1,1,0,0,0,0,0,0,
Jaquarius Landrews,56083,S,MISS STATE,13,13,1,53.7,0,0,227,0,0,56.4,58.5,87.4,71.3,59.1,57.4,1,5,0,1,57,18.1,15,4,0,81.6,22,0,0,222,1,428,824,2,0,0,2,0,312,822,10,386,287,11,55,0,41,6,1,362,132,16.5
Adam Sparks,56085,CB,MISSOURI,7,0,0,70.6,0,0,229,0,0,58.6,62.0,80.5,,73.8,75.6,0,0,0,0,46,5.9,1,1,1,119.7,12,0,0,6,130,87,154,1,0,0,1,0,2,153,0,67,14,9,16,3,17,0,1,160,56,13.3
Zion Sales,56087,CB,MISSOURI,1,0,0,,0,0,229,0,0,,60.0,60.0,,60.0,,0,0,0,0,,,0,0,0,0.0,0,0,0,0,0,0,1,0,0,0,0,0,0,1,0,1,0,0,0,0,0,0,0,0,0,
Marcus Wiggins,56098,CB,NAVY,6,0,0,33.3,0,0,237,0,0,55.4,58.8,75.0,58.1,70.2,76.6,0,0,0,0,9,0.0,0,0,0,42.4,1,0,0,0,26,11,27,1,0,0,1,0,0,26,1,15,0,1,2,0,3,0,0,9,0,9.0
Berdale Robins,56102,CB,NEVADA,13,2,0,54.5,1,0,239,1,0,71.6,72.6,82.9,60.0,72.3,81.7,0,0,0,2,48,5.6,1,4,1,63.2,18,0,0,27,321,190,351,0,0,0,0,0,2,351,1,160,0,3,15,0,33,0,1,244,59,13.6
Austin Arnold,56105,S,NEVADA,12,5,0,52.5,0,0,239,0,0,51.6,52.7,16.8,60.0,60.1,54.2,0,0,1,1,66,21.9,14,2,2,118.2,21,0,0,99,0,418,732,0,0,0,0,0,426,732,1,313,207,11,45,0,40,0,6,415,134,19.8
Nephi Sewell,56107,S,UTAH,3,3,0,100.0,0,0,328,0,0,62.6,69.4,78.8,91.5,64.0,57.3,1,1,0,0,2,18.8,3,0,0,79.2,1,1,0,25,4,36,92,9,0,0,9,0,51,83,3,53,3,4,10,0,1,3,0,2,5,2.0
Cam Johnson,56122,CB,N TEXAS,12,7,0,52.8,0,0,251,0,0,66.0,66.8,86.4,56.0,66.8,58.0,0,0,0,0,72,17.9,12,4,5,85.6,28,0,0,86,721,453,820,4,0,0,4,0,5,816,3,364,3,12,48,1,53,0,1,422,134,15.1
Jalen McKie,56126,CB,N ILLINOIS,12,5,0,58.6,0,0,254,0,0,64.6,69.4,86.1,,86.9,72.8,0,0,1,1,45,12.3,7,9,0,110.8,34,0,0,31,697,372,746,3,0,0,3,0,0,743,0,374,15,10,45,2,58,0,5,534,120,15.7
Dillon Thomas,56127,CB,N ILLINOIS,8,1,0,65.3,0,2,254,0,0,59.5,62.4,81.5,57.3,71.9,78.6,0,0,0,0,47,7.5,3,3,1,112.8,32,0,0,51,246,156,311,3,0,0,3,0,0,308,3,152,11,8,36,0,49,0,3,422,108,13.2
Cameron Ruiz,56131,CB,NWESTERN,11,1,0,58.6,0,0,256,0,0,69.5,65.9,85.1,64.7,45.3,78.5,0,0,0,1,27,8.9,4,8,6,86.1,34,1,0,69,394,329,587,3,0,0,3,0,0,584,6,252,121,15,40,3,58,1,3,350,105,10.3
Donovan Sermons,56133,CB,NWESTERN,1,0,0,100.0,0,0,256,0,0,51.7,47.9,65.6,,60.0,21.7,0,0,0,0,10,100.0,1,0,0,108.3,1,0,0,0,2,1,2,0,0,0,0,0,0,2,0,1,0,0,0,0,1,0,0,10,7,10.0
Bryce Jackson,56134,S,NWESTERN,12,2,0,100.0,0,0,256,1,0,61.4,63.6,82.9,54.1,69.9,60.0,1,0,0,0,20,15.8,3,1,0,118.8,3,0,0,70,13,99,179,11,0,0,11,0,39,168,5,75,46,5,14,0,3,1,0,42,6,14.0
Patrick Pelini,56138,S,NOTRE DAME,1,0,0,,0,0,258,0,0,61.6,68.5,71.1,,67.8,76.2,0,0,0,0,,0.0,0,0,0,0.0,0,0,0,1,0,2,9,0,0,0,0,0,5,9,0,7,3,1,1,0,0,0,0,0,0,
Tre Sterling,56141,S,OKLA STATE,12,17,0,71.4,0,0,262,0,0,83.7,78.1,49.7,58.5,67.3,65.3,0,3,0,1,23,14.3,12,7,1,72.7,25,2,0,251,0,396,760,37,0,0,37,0,229,723,37,327,242,28,55,7,35,5,0,193,93,7.7
Paris Ford,56142,S,PITTSBURGH,13,16,0,52.8,2,3,268,0,0,73.9,72.6,0.0,63.7,74.9,51.4,2,2,1,3,71,19.1,21,7,6,60.9,19,0,0,355,5,447,758,4,0,0,4,0,206,754,11,300,187,32,73,4,36,4,2,268,97,14.1
Damarri Mathis,56143,CB,PITTSBURGH,13,2,0,36.8,1,0,268,0,0,72.9,72.6,46.3,58.1,69.1,65.6,0,0,0,2,50,14.3,4,8,8,47.6,21,0,0,25,619,398,651,1,0,0,1,0,0,650,1,252,5,7,22,2,57,0,1,323,130,15.4
Jason Pinnock,56144,CB,PITTSBURGH,10,1,0,45.2,1,0,268,0,0,75.5,73.7,82.4,49.7,69.4,42.2,1,1,0,1,94,20.0,4,6,1,111.4,14,0,0,58,298,220,394,1,0,0,1,0,0,393,9,165,37,3,15,1,31,2,5,339,149,24.2
Jazzee Stocker,56145,S,PITTSBURGH,11,7,0,68.8,0,0,268,0,0,64.5,69.6,83.0,79.2,73.7,82.8,0,1,0,0,34,6.7,2,1,2,135.2,11,1,0,97,0,135,249,0,0,0,0,0,45,249,3,111,107,8,21,0,16,2,2,139,44,12.6
Tre Avery,56146,CB,RUTGERS,12,3,0,69.2,0,1,278,0,0,67.3,67.8,83.6,80.0,60.5,50.6,0,1,0,2,30,22.2,4,2,2,105.9,18,1,0,40,231,191,370,3,0,0,3,0,0,367,6,173,96,3,11,0,26,2,5,241,52,13.4
Rani Abdulaziz,56149,CB,RUTGERS,1,0,0,,0,0,278,0,0,,60.0,66.0,,60.0,,0,0,0,0,,,0,0,0,0.0,0,0,0,0,2,0,2,0,0,0,0,0,0,2,0,2,0,0,0,0,0,0,0,0,0,
Tim Barrow,56150,S,RUTGERS,11,2,0,62.9,0,0,278,0,0,48.2,50.1,37.6,56.9,56.5,67.2,0,0,0,0,48,13.6,6,3,3,103.2,22,0,0,100,7,215,468,6,0,0,6,0,82,462,1,252,272,13,36,0,35,0,2,249,80,11.3
Jamyest Williams,56165,S,S CAROLINA,4,3,0,75.0,0,0,289,0,0,39.4,44.3,81.0,60.0,57.7,66.9,0,0,0,0,31,13.6,3,0,0,143.4,9,0,0,32,1,83,156,0,0,0,0,0,69,156,1,72,54,1,16,0,12,0,1,147,42,16.3
JonTe Demby,56186,LB,SO MISS,1,0,0,0.0,0,0,296,0,0,68.3,74.6,64.2,,,,0,0,0,0,,,0,0,0,39.6,0,0,0,1,1,2,2,0,0,0,0,0,0,2,0,0,0,0,0,0,1,0,0,0,0,
WyDale Flott,56188,CB,SO MISS,2,1,0,100.0,0,0,296,0,0,52.3,51.5,75.2,60.0,55.7,74.8,0,1,0,0,20,0.0,0,0,0,158.3,1,0,0,1,0,9,18,0,0,0,0,0,0,18,1,8,17,0,0,0,1,1,1,20,4,20.0
Tyler Barnes,56190,S,SO MISS,7,1,0,60.0,0,0,296,0,0,38.4,41.2,78.9,,51.6,66.2,0,0,0,0,51,12.5,1,0,1,143.8,3,0,0,43,0,51,82,0,0,0,0,0,24,82,0,31,15,1,6,0,5,0,1,80,22,26.7
Darius Kennedy,56191,ED,SO MISS,11,6,0,100.0,0,0,296,0,0,70.4,75.1,84.4,75.0,68.0,37.9,2,7,0,0,5,32.1,9,0,0,84.7,3,4,0,54,0,44,225,154,0,2,142,10,0,71,77,104,17,11,13,2,3,13,0,13,11,4.3
Eric Coley,56200,S,SYRACUSE,12,15,0,52.9,0,0,304,0,0,66.2,69.5,82.8,65.0,72.2,80.1,0,0,0,1,27,8.2,4,2,0,59.4,9,0,0,136,1,164,342,6,0,0,6,0,128,336,4,174,71,9,30,1,17,0,1,74,31,8.2
Kyle Strickland,56201,CB,SYRACUSE,1,0,0,0.0,0,0,304,0,0,62.2,64.9,70.0,,64.2,74.2,0,0,0,0,,0.0,0,0,0,39.6,0,0,0,1,9,3,10,0,0,0,0,0,0,10,0,7,0,0,1,0,1,0,0,0,0,
Ifeatu Melifonwu,56203,CB,SYRACUSE,9,1,0,43.1,0,0,304,0,0,74.1,72.0,39.6,57.3,62.4,56.1,0,0,0,2,58,20.0,5,8,2,67.0,22,0,0,21,480,274,523,13,0,0,13,0,0,510,3,246,8,4,19,1,51,0,2,395,169,18.0
Kevin Nusdeo,56204,LB,SYRACUSE,3,0,0,,0,0,304,0,0,60.0,65.1,66.5,,64.1,74.3,0,0,0,0,,0.0,0,0,0,0.0,0,0,0,8,0,1,8,0,0,0,0,0,0,8,0,7,0,1,1,0,0,0,0,0,0,
Christian Braswell,56207,CB,TEMPLE,12,3,0,37.1,0,1,306,2,0,75.7,77.4,85.9,58.3,79.5,63.5,0,0,0,1,43,17.1,6,7,2,57.2,23,0,0,18,661,386,685,3,0,0,3,0,0,682,1,298,2,7,26,0,62,0,2,300,49,13.0
Ty Mason,56208,CB,TEMPLE,10,0,0,66.7,0,0,306,0,0,62.1,60.2,0.0,,59.5,45.2,0,0,0,0,51,27.3,3,1,1,133.1,6,0,0,13,145,80,161,1,0,0,1,0,0,160,0,81,2,3,8,0,9,0,1,83,19,13.8
Josh Allen,56209,CB,TEMPLE,1,0,0,,0,0,306,0,0,60.0,61.9,66.9,,60.0,,0,0,0,0,,,0,0,0,0.0,0,0,0,1,3,1,4,0,0,0,0,0,0,4,0,3,0,0,0,0,0,0,0,0,0,
George Reid,56212,LB,TEMPLE,4,1,0,100.0,0,0,306,0,0,65.9,64.3,76.1,,60.0,56.4,0,0,0,0,7,25.0,2,0,0,95.8,1,0,0,41,0,21,47,0,0,0,0,0,0,47,0,26,6,1,5,0,1,0,0,7,5,7.0
Kobe Boyce,56215,CB,TEXAS,12,0,0,52.4,0,0,311,0,0,60.7,56.5,82.5,58.0,30.0,24.5,0,0,0,0,38,55.6,5,5,1,96.1,11,0,0,12,262,182,281,0,0,0,0,0,0,281,3,96,7,0,4,0,21,0,1,174,47,15.8
Montrell Estell,56217,S,TEXAS,11,1,0,75.0,0,0,311,0,0,51.2,56.7,85.1,56.1,69.5,71.8,1,2,0,1,25,11.1,3,3,0,121.5,9,0,0,62,2,169,311,5,0,0,5,0,181,306,9,133,61,4,23,0,12,3,4,158,30,17.6
Josh Thompson,56218,CB,TEXAS,4,2,0,87.5,0,0,311,0,0,58.9,61.9,0.0,65.3,76.2,72.8,0,2,0,0,45,14.3,2,0,1,158.3,7,0,0,20,34,77,137,2,0,0,2,0,8,135,12,48,73,4,10,2,8,2,1,128,47,18.3
Hank Coutoumanos,56219,S,TEXAS,1,0,0,,0,0,311,0,0,60.0,60.0,63.7,,,,0,0,0,0,,,0,0,0,0.0,0,0,0,0,0,1,1,0,0,0,0,0,1,1,0,0,0,0,0,0,0,0,0,0,0,
Myles Jones,56220,CB,TEXAS A&M,13,3,0,44.4,0,1,312,0,0,63.3,63.5,86.6,,59.9,56.7,0,0,0,2,57,21.9,7,5,0,72.3,24,0,0,18,719,443,781,2,0,0,2,0,1,779,0,338,41,8,22,2,54,0,3,390,102,16.3
Devin Morris,56221,S,TEXAS A&M,9,0,0,53.8,0,0,312,0,0,70.8,73.3,79.4,76.2,66.9,59.5,0,0,0,1,25,22.2,2,1,1,35.7,7,2,0,19,28,77,111,1,0,0,1,0,0,110,5,29,62,7,7,1,13,2,0,65,43,9.3
Keldrick Carper,56222,S,TEXAS A&M,12,8,1,52.9,0,0,312,1,0,60.6,63.0,86.1,63.1,65.9,79.8,0,4,0,0,22,11.5,6,2,0,66.5,9,1,0,194,2,303,518,7,0,0,7,0,205,511,21,194,109,13,38,2,17,5,0,83,40,9.2
Debione Renfro,56223,CB,TEXAS A&M,11,7,0,48.6,1,0,312,1,0,56.8,56.0,40.2,59.4,55.1,78.3,0,0,0,0,58,8.3,3,3,3,119.5,17,1,0,55,470,295,548,3,0,0,3,0,1,545,8,245,19,10,26,1,35,1,5,314,142,18.5
Derrick Tucker,56224,S,TEXAS A&M,2,1,0,66.7,0,0,312,0,0,57.2,62.8,75.3,59.7,70.5,77.7,0,0,0,0,15,0.0,0,0,0,86.8,2,0,0,8,0,15,27,0,0,0,0,0,16,27,1,11,3,1,1,0,3,0,0,21,14,10.5
Thomas Leggett,56227,S,TEXAS TECH,11,7,0,70.4,0,0,315,0,0,44.4,50.9,87.4,61.9,61.6,44.2,0,2,0,0,74,21.6,11,1,0,137.5,19,2,0,197,8,307,578,37,0,0,37,0,135,541,28,243,201,15,33,4,27,4,2,346,179,18.2
Jax Welch,56228,HB,TEXAS TECH,1,0,0,,0,0,315,0,0,,58.1,60.0,,60.0,,0,0,0,0,,0.0,0,0,0,0.0,0,0,0,0,0,0,1,0,0,0,0,0,0,1,0,1,0,0,1,0,0,0,0,0,0,
John Davis,56230,CB,TEXAS TECH,3,1,0,66.7,0,0,315,0,0,67.5,68.7,75.3,,66.2,74.3,0,0,0,0,8,0.0,0,1,0,75.7,2,0,0,4,28,14,33,0,0,0,0,0,0,33,0,19,0,0,0,0,3,0,0,13,11,6.5
Adrian Frye,56233,CB,TEXAS TECH,11,9,0,62.5,0,1,315,0,0,28.2,30.0,88.4,54.0,69.1,30.8,0,0,0,1,75,24.4,10,2,5,137.2,30,0,0,91,125,321,620,4,0,0,4,0,83,616,6,293,316,6,22,0,48,0,7,700,243,23.3
Shea Pitts,56242,ED,UCLA,8,0,0,,0,1,324,0,0,71.2,64.4,82.1,69.8,47.7,39.2,0,0,0,0,,33.3,2,0,0,0.0,0,2,0,2,0,9,65,56,0,0,56,0,0,9,29,27,6,6,4,0,0,2,0,0,0,
Elijah Gates,56243,CB,UCLA,11,1,0,70.2,0,2,324,2,0,45.2,52.3,84.7,,86.8,58.7,0,0,0,0,52,16.7,7,1,6,145.5,33,0,0,34,440,275,487,3,0,0,3,0,2,484,0,212,8,8,34,0,47,0,7,511,182,15.5
Jay Shaw,56244,CB,UCLA,12,2,0,66.7,0,1,324,0,0,65.7,61.8,0.0,57.8,56.4,55.5,0,3,0,1,41,18.4,7,2,4,92.5,30,0,0,47,106,309,521,31,0,0,31,0,3,490,28,184,334,8,29,0,45,3,2,317,125,10.6
Quentin Lake,56245,S,UCLA,4,2,0,83.3,0,0,324,0,0,71.1,68.3,83.9,65.6,60.0,53.7,0,0,0,0,15,22.7,5,1,0,100.0,5,0,0,72,3,103,236,22,0,0,22,0,71,214,5,128,68,3,15,2,6,0,0,48,16,9.6
Mo Osling III,56246,CB,UCLA,4,0,0,0.0,0,0,324,0,0,64.8,67.4,80.5,78.4,61.3,37.2,0,1,0,0,,40.0,2,0,0,39.6,0,0,0,7,2,36,67,12,0,0,12,0,9,55,4,27,37,0,3,0,1,1,0,0,0,
Darnay Holmes,56247,CB,UCLA,10,2,0,51.0,0,0,324,1,0,61.8,61.3,43.0,55.9,60.9,75.0,0,0,0,2,35,10.3,4,4,5,86.3,26,0,0,30,549,356,597,1,0,0,1,0,0,596,3,238,16,9,33,1,51,0,5,311,104,12.0
Kyle Moses,56253,CB,UNLV,3,1,0,100.0,0,0,325,0,0,57.2,54.8,75.8,,49.7,79.1,0,0,0,0,32,0.0,0,0,0,158.3,4,0,0,7,37,24,47,2,0,0,2,0,0,45,0,23,1,1,3,0,4,0,1,62,9,15.5
Demitrious Gibbs,56254,S,UNLV,8,2,0,60.0,0,0,325,0,0,54.3,55.0,82.5,59.0,55.4,40.3,1,0,0,0,56,26.3,5,0,0,143.8,3,0,0,78,2,66,183,29,0,0,29,0,18,154,4,113,56,5,12,3,5,1,2,72,43,24.0
Greg Francis,56256,S,UNLV,10,7,0,58.3,0,0,325,0,0,69.4,58.4,86.7,68.3,32.0,39.6,1,0,0,0,31,23.8,10,3,0,85.8,7,0,0,152,5,325,561,8,0,0,8,0,315,553,4,232,81,3,25,0,12,1,0,101,55,14.4
Jaylon Johnson,56259,CB,UTAH,13,0,0,44.6,1,0,328,0,0,84.4,83.8,50.2,52.5,75.5,82.4,0,1,1,2,50,5.1,2,8,4,52.0,29,0,0,22,615,438,688,7,0,0,7,0,4,681,3,247,40,15,37,1,65,1,1,319,115,11.0
Javelin Guidry,56262,CB,UTAH,14,4,0,68.6,2,0,328,0,0,72.6,72.5,90.7,53.8,69.3,84.2,0,2,0,1,40,6.4,3,3,4,94.8,48,0,0,31,17,436,683,4,0,0,4,0,4,679,16,231,627,11,40,0,70,2,2,538,222,11.2
Josh Nurse,56264,CB,UTAH,13,3,0,53.5,1,1,328,1,0,79.0,80.1,33.3,91.1,71.0,75.1,0,0,0,0,33,9.7,3,6,3,88.1,23,1,0,14,424,284,473,2,0,0,2,0,4,471,3,186,29,13,25,1,43,1,3,188,71,8.2
Tae Daley,56273,S,VANDERBILT,10,14,0,53.8,0,1,333,0,0,61.0,57.5,40.2,55.8,53.9,55.3,0,0,0,3,20,21.6,16,3,2,72.0,7,0,0,156,4,244,503,13,0,0,13,0,279,490,6,253,51,12,44,0,13,0,3,78,26,11.1
Randall Haynie,56274,CB,VANDERBILT,11,2,0,43.5,0,0,333,0,0,69.2,66.5,0.0,,59.8,55.4,0,0,1,1,33,19.0,4,3,1,42.1,10,0,0,13,251,136,271,2,0,0,2,0,0,269,0,135,5,4,15,1,23,0,0,121,31,12.1
Allan George,56275,CB,VANDERBILT,12,6,2,56.5,1,0,333,1,1,61.3,60.4,86.9,84.2,45.5,40.2,0,0,0,1,66,26.4,14,3,1,107.7,26,2,0,38,342,265,546,18,0,0,18,0,2,528,12,269,146,10,33,2,46,2,4,426,258,16.4
Devon Hunter,56287,S,VA TECH,12,2,0,66.7,0,0,337,0,0,62.5,62.4,79.7,60.0,60.9,81.4,0,0,0,0,16,7.1,1,0,0,85.4,4,0,0,64,4,86,144,1,0,0,1,0,49,143,1,57,25,4,11,0,6,0,0,40,13,10.0
Keith Taylor Jr.,56289,CB,WASHINGTON,13,15,0,60.9,0,0,340,0,0,65.8,65.6,88.1,58.0,64.7,55.8,1,1,0,0,64,15.1,11,6,4,104.4,42,0,0,128,571,495,865,58,0,0,58,0,2,807,12,358,106,19,47,2,69,2,4,535,259,12.7
Elijah Molden,56290,CB,WASHINGTON,13,15,0,65.6,0,3,340,1,0,90.9,90.8,62.7,71.2,81.0,81.8,0,6,0,4,41,10.0,9,10,2,73.3,61,0,0,102,23,491,884,15,0,0,15,0,19,869,27,366,725,33,66,7,93,6,2,610,303,10.0
Brandon McKinney,56291,S,WASHINGTON,8,1,0,33.3,0,1,340,0,0,58.5,57.7,79.7,54.5,57.5,31.5,0,0,0,0,26,40.0,2,1,0,66.0,1,0,0,7,0,74,96,0,0,0,0,0,83,96,2,20,6,0,2,0,3,0,0,26,29,26.0
Armani Marsh,56292,CB,WASH STATE,13,4,0,51.4,0,0,341,0,0,68.6,64.2,86.7,51.5,50.8,49.1,0,2,0,0,31,22.9,8,3,0,78.1,19,0,0,67,92,249,414,30,0,0,30,0,5,384,10,155,220,7,23,0,37,2,1,215,122,11.3
Roger Cray,56303,CB,W KENTUCKY,7,1,0,35.0,0,0,346,0,0,68.5,70.8,82.1,59.6,77.1,63.1,0,1,0,2,31,16.7,2,3,1,17.7,7,0,0,4,211,126,227,6,0,0,6,0,3,221,1,100,1,4,9,1,20,1,0,125,15,17.9
Dionte Ruffin,56304,CB,W KENTUCKY,13,3,0,51.6,0,2,346,0,0,59.4,63.8,48.1,57.5,87.2,79.2,0,0,0,0,54,6.3,2,4,4,84.1,32,0,0,28,626,349,673,10,0,0,10,0,6,663,2,322,3,4,27,1,62,0,2,421,94,13.2
Antwon Kincade,56306,S,W KENTUCKY,13,24,0,57.1,0,0,346,0,0,85.2,89.1,88.7,60.0,90.0,86.8,0,0,0,2,46,7.9,7,2,0,67.1,16,0,0,254,7,420,826,1,0,0,1,0,450,825,2,404,114,23,58,3,28,0,1,237,86,14.8
Devon Key,56307,S,W KENTUCKY,13,10,0,45.5,0,0,346,1,0,72.1,74.9,65.9,57.1,78.4,77.2,0,1,1,1,68,8.5,7,5,2,99.3,15,0,0,455,3,431,848,20,0,0,20,0,188,828,3,414,182,19,65,1,33,1,3,330,107,22.0
A.J. Thomas,56309,S,W MICHIGAN,13,11,0,60.5,0,0,347,0,0,58.6,66.2,90.1,54.7,81.3,65.4,0,1,0,0,44,15.5,13,3,0,126.3,23,0,0,158,0,450,824,18,0,0,18,0,441,806,14,360,207,15,60,2,38,1,5,312,146,13.6
Calin Crawford,56310,CB,W MICHIGAN,10,3,0,28.6,0,0,347,0,0,62.3,56.6,77.6,57.6,36.9,34.2,0,0,0,0,20,30.8,4,0,0,39.6,4,0,0,13,85,57,99,0,0,0,0,0,1,99,2,40,0,2,6,0,14,0,0,31,20,7.8
Justin Sampson,56320,ED,AKRON,7,0,0,,1,0,102,0,0,,61.3,0.0,72.1,65.4,,3,1,0,0,,,0,0,2,0.0,0,0,0,1,0,0,26,25,0,0,25,0,0,1,21,5,0,0,0,0,0,4,0,0,0,
Jalen Harris,56321,ED,ARIZONA,12,5,1,100.0,1,0,109,0,0,72.1,53.3,53.0,62.0,40.7,67.2,8,13,0,0,1,12.5,3,0,2,79.2,2,4,0,19,3,25,520,489,0,38,390,61,0,31,278,217,8,12,16,3,2,25,0,2,8,1.0
Jose Ramirez,56323,ED,E MICHIGAN,4,0,0,,1,0,160,0,0,,50.0,0.0,57.9,57.2,,0,1,0,0,,,0,0,1,0.0,0,0,0,0,0,0,36,36,0,0,36,0,0,0,32,4,0,0,0,0,0,1,0,0,0,
Kylan Wilborn,56325,ED,ARIZONA,12,1,0,,0,0,109,0,0,63.0,56.1,84.1,64.3,44.4,47.0,4,10,0,0,,16.7,1,0,0,0.0,0,0,0,9,2,8,262,248,0,46,172,30,0,14,145,109,2,2,4,0,0,14,0,0,0,
Christian Albright,56327,ED,BALL ST,12,17,4,62.5,1,0,117,1,0,77.4,70.0,80.4,60.2,70.4,67.4,3,17,0,0,36,14.5,12,0,1,94.3,5,4,0,18,2,57,780,729,0,1,728,0,2,51,333,390,29,38,54,7,8,24,0,77,28,15.4
Jordan Williams,56328,LB,BALL ST,12,7,1,63.6,0,2,117,3,1,48.9,58.2,66.1,70.2,60.4,36.3,2,7,0,0,27,30.6,11,1,1,80.9,14,5,0,97,0,180,602,238,0,0,236,2,0,364,138,284,267,21,18,5,22,14,0,136,122,9.7
Cole Maxwell,56332,DI,BAYLOR,2,0,0,,0,0,118,0,0,,44.4,73.8,57.6,44.7,70.1,0,1,0,0,,0.0,0,0,0,0.0,0,0,0,0,0,0,14,14,13,1,0,0,0,0,8,6,0,1,1,0,0,1,0,0,0,
Marcus Valdez,56333,ED,BOSTON COL,13,7,1,100.0,0,1,121,2,0,49.2,79.7,87.6,80.9,80.6,39.6,5,27,0,0,20,27.8,10,0,0,118.8,4,3,0,15,0,23,504,489,20,48,411,10,0,15,281,200,0,18,19,6,4,35,0,52,22,13.0
Nick Figueroa,56335,ED,USC,12,1,0,100.0,0,0,326,1,0,63.6,60.6,81.3,52.7,65.1,79.1,1,2,0,0,3,0.0,0,0,0,79.2,1,1,0,1,0,2,160,159,0,62,75,22,0,1,92,66,0,9,8,0,1,4,0,3,1,3.0
Logan Rudolph,56338,ED,CLEMSON,15,6,1,0.0,0,0,140,1,1,68.4,65.9,87.2,61.5,64.3,65.9,1,6,0,0,,12.5,3,0,0,39.6,0,1,0,3,0,10,406,399,0,30,308,61,0,7,202,194,4,14,15,4,1,8,0,0,0,
Justin Foster,56340,ED,CLEMSON,15,11,1,33.3,1,1,140,0,0,40.4,69.4,50.5,72.4,71.8,72.2,7,13,0,0,54,8.8,3,0,2,81.9,1,5,0,1,0,10,487,484,0,21,369,94,0,3,266,211,2,21,20,6,3,25,0,54,46,54.0
James Edwards,56341,DI,CLEMSON,8,1,0,,0,0,140,0,0,,60.7,72.7,58.4,61.0,28.1,0,0,0,0,,50.0,1,0,0,0.0,0,0,0,0,0,0,13,13,5,8,0,0,0,0,3,10,0,0,0,0,0,0,0,0,0,
Jacob Edwards,56342,DI,CLEMSON,2,0,0,,0,0,140,0,0,,38.0,66.5,,52.8,,0,0,0,0,,,0,0,0,0.0,0,0,0,0,0,0,2,2,0,2,0,0,0,0,0,2,0,0,0,0,0,0,0,0,0,
Terrance Lang,56343,ED,COLORADO,12,11,0,,1,0,143,0,0,49.5,57.5,68.9,56.0,62.1,44.0,1,12,0,0,,22.9,8,0,1,0.0,0,5,0,4,0,2,592,588,25,152,119,292,0,4,345,245,0,18,16,1,0,18,0,0,0,
Chris Rumph II,56345,ED,DUKE,12,16,1,0.0,0,1,154,0,0,63.8,93.7,35.1,92.7,90.3,74.3,11,30,0,0,,13.6,6,0,2,39.6,0,7,0,127,0,14,409,280,0,0,271,9,0,129,198,197,2,25,22,7,1,48,0,0,0,
Drew Jordan,56346,ED,DUKE,12,4,0,,1,0,154,0,0,64.7,69.8,36.9,65.3,72.7,82.8,4,11,0,0,,11.1,2,0,3,0.0,0,1,0,0,0,9,497,497,0,2,479,16,0,0,248,240,0,10,12,2,0,16,0,0,0,
Victor Dimukeje,56347,ED,DUKE,12,7,2,100.0,1,1,154,0,0,44.6,73.7,31.5,81.7,69.6,50.3,10,26,0,0,26,24.3,9,0,4,158.3,3,10,0,0,0,5,616,616,0,1,576,39,0,0,308,303,0,25,21,1,3,46,1,45,49,15.0
Taijh Alston,56348,ED,W VIRGINIA,2,0,0,,0,0,343,0,0,,61.7,76.0,69.8,50.4,25.1,1,0,0,0,,100.0,2,0,0,0.0,0,1,0,0,0,0,30,30,0,3,25,2,0,0,20,10,0,1,0,0,0,2,0,0,0,
Zach Carter,56349,ED,FLORIDA,13,5,0,,0,1,163,0,0,60.5,75.5,63.4,64.0,83.2,77.2,1,15,0,0,,14.8,4,0,1,0.0,0,4,0,0,0,1,403,403,21,171,140,71,0,0,240,162,0,18,18,2,0,20,0,0,0,
Joshua Kaindoh,56353,ED,FLORIDA ST,3,3,0,66.7,0,0,167,0,0,59.9,64.5,83.2,69.5,57.7,55.2,5,6,0,0,18,18.2,2,0,0,106.3,2,0,0,3,0,14,122,113,0,5,108,0,0,9,57,51,6,2,6,1,3,11,0,35,17,17.5
Kwami Jones,56354,ED,FRESNO ST,4,3,1,,0,0,169,0,0,61.9,53.7,20.5,50.7,62.6,82.1,0,2,0,0,,0.0,0,0,2,0.0,0,1,0,9,0,3,228,218,0,21,161,36,0,10,134,91,1,7,7,2,0,3,0,0,0,
Raymond Johnson III,56356,ED,GA SOUTHRN,12,7,1,,0,0,174,1,0,61.0,86.5,86.5,86.8,78.9,43.7,6,26,0,0,,23.7,9,0,0,0.0,0,3,1,1,0,7,545,542,1,72,81,388,0,3,267,271,0,24,22,4,0,35,0,0,0,
A.J. Epenesa,56369,ED,IOWA,13,6,3,100.0,0,4,192,0,0,69.1,84.4,54.6,85.7,76.8,73.2,14,31,0,0,2,16.7,7,0,3,79.2,2,13,0,6,0,23,767,761,0,38,669,54,0,6,449,295,0,35,29,5,2,58,0,3,4,1.5
Matt Leo,56375,ED,IOWA STATE,13,0,0,,0,0,193,0,0,59.9,61.3,83.0,56.9,64.2,59.8,2,6,0,0,,14.3,2,0,0,0.0,0,0,0,2,0,0,254,251,0,73,120,58,0,3,154,100,0,10,12,5,0,8,0,0,0,
Jelani Arnold,56376,ED,KANSAS,2,1,0,,0,0,198,0,0,,60.4,68.8,56.6,62.0,71.3,0,0,0,0,,0.0,0,0,0,0.0,0,0,0,0,0,0,10,9,0,2,0,7,0,1,3,7,0,0,0,0,0,0,0,0,0,
Willie McCaleb,56378,ED,KANSAS,12,1,0,,0,0,198,0,0,61.5,72.1,80.4,62.5,77.5,46.0,2,5,0,0,,25.0,2,0,0,0.0,0,0,0,0,0,5,156,156,0,8,50,98,0,0,93,58,0,4,5,0,0,7,0,0,0,
Sam Burt,56379,DI,KANSAS,10,2,0,,0,0,198,0,0,60.0,56.1,84.7,54.8,57.7,59.3,0,1,0,0,,7.7,1,0,0,0.0,0,0,0,0,0,0,256,256,237,4,0,15,0,0,101,155,0,6,10,1,0,1,0,0,0,
Bronson Massie,56381,ED,KANSAS ST,11,3,0,0.0,0,0,199,0,0,61.1,61.3,84.2,59.0,61.1,59.7,2,3,0,0,,16.7,2,0,0,39.6,0,0,0,0,0,7,200,200,0,0,199,1,0,0,105,88,0,7,7,0,1,5,0,0,0,
Wyatt Hubert,56383,ED,KANSAS ST,12,7,1,100.0,1,2,199,0,0,67.5,81.4,22.6,86.3,73.1,52.7,13,32,0,0,5,20.5,8,0,4,87.5,1,7,0,2,0,7,496,493,0,46,427,20,0,3,275,214,0,25,24,5,1,52,0,5,9,5.0
Zayin West,56384,DI,KENT STATE,13,18,0,,1,1,201,0,0,65.2,64.6,69.8,55.0,69.1,60.4,2,15,0,0,,12.5,6,0,1,0.0,0,3,0,1,0,1,648,647,34,219,152,242,0,1,306,341,0,18,24,2,0,20,0,0,0,
Andre Jones Jr.,56395,ED,LA LAFAYET,14,11,1,100.0,0,1,207,0,0,62.8,63.2,86.4,58.1,63.2,72.4,3,12,0,0,6,7.8,4,0,0,90.3,3,3,0,12,0,38,532,519,6,72,306,135,0,13,231,263,1,26,36,4,3,18,0,17,13,5.7
Bennie Higgins,56397,DI,LA LAFAYET,14,4,0,0.0,0,0,207,0,0,70.8,70.1,85.5,67.3,65.6,83.8,2,19,0,0,,3.7,1,0,0,39.6,0,2,0,0,0,1,620,620,62,450,15,93,0,0,286,333,0,20,22,3,2,23,0,0,0,
Justin Thomas,56400,DI,LSU,5,1,0,,0,0,211,0,0,60.0,68.5,78.8,65.5,66.5,53.6,0,6,0,0,,12.5,1,0,0,0.0,0,1,0,0,0,0,94,94,5,43,13,33,0,0,74,20,0,6,6,1,0,7,0,0,0,
Neil Farrell Jr.,56401,DI,LSU,15,12,0,,1,0,211,0,0,57.9,78.3,58.5,66.9,83.8,53.7,3,10,0,0,,12.8,6,0,1,0.0,0,2,0,1,0,1,405,403,0,108,44,251,0,2,207,197,0,26,29,3,0,15,0,0,0,
Lashawn Paulino-Bell,56405,ED,VANDERBILT,10,1,2,100.0,0,0,333,0,0,54.8,58.3,41.6,63.5,55.6,46.1,2,8,0,0,9,25.0,4,0,1,104.2,1,2,0,6,0,5,179,172,0,0,165,7,0,7,97,77,1,10,11,2,1,12,0,9,3,9.0
Jacub Panasiuk,56407,ED,MICH STATE,13,7,1,100.0,1,2,223,0,0,64.1,75.5,38.9,90.0,56.6,55.2,18,14,0,0,2,18.4,7,0,3,79.2,1,6,0,0,0,8,565,565,0,10,545,10,0,0,319,238,0,24,24,4,1,38,0,2,3,2.0
Ryder Anderson,56409,DI,OLE MISS,5,2,0,,0,0,226,0,0,61.5,71.1,79.7,68.5,66.6,69.8,3,5,0,0,,10.0,1,0,0,0.0,0,2,0,2,0,0,165,163,1,47,11,104,0,2,104,61,0,5,7,0,0,10,0,0,0,
Jackson Perkins,56413,ED,NAVY,10,4,1,0.0,1,0,237,0,0,68.0,64.2,38.6,55.5,66.6,48.6,2,7,0,1,,24.0,6,1,2,0.0,0,1,0,0,0,6,365,365,0,73,200,92,0,0,187,172,0,12,15,4,1,10,0,0,0,
Tobe Okafor,56415,DI,NAVY,2,1,0,,0,0,237,0,0,,48.0,73.8,57.1,48.1,69.7,0,0,0,0,,0.0,0,0,0,0.0,0,0,0,0,0,0,21,21,1,15,3,2,0,0,7,14,0,0,0,0,0,0,0,0,0,
Jaden Lewis,56418,ED,NEVADA,9,3,0,,0,0,239,0,0,61.2,56.0,77.5,50.4,58.5,62.8,0,1,0,0,,12.5,1,0,0,0.0,0,0,0,0,0,0,126,126,0,2,22,102,0,0,69,57,0,3,4,2,0,1,0,0,0,
Jake Lawler,56419,ED,N CAROLINA,6,0,0,,0,0,245,0,0,63.7,64.2,79.4,54.1,66.6,74.7,0,1,0,0,,0.0,0,0,0,0.0,0,0,0,0,0,8,35,32,0,0,32,0,0,3,11,16,3,1,2,0,0,1,0,0,0,
Xavier Lyas,56421,ED,NC STATE,8,3,1,,0,2,248,0,0,62.7,77.6,14.1,74.6,71.3,80.4,0,7,0,0,,0.0,0,0,1,0.0,0,5,0,0,0,0,85,85,0,5,59,21,0,0,69,16,0,7,2,0,0,12,0,0,0,
Ibrahim Kante,56423,ED,NC STATE,12,3,0,,1,1,248,0,0,59.9,53.4,18.7,54.6,57.3,46.4,2,3,0,0,,22.2,4,0,3,0.0,0,1,0,2,0,3,362,360,1,19,147,193,0,2,176,183,0,9,11,3,0,6,0,0,0,
Matt Lorbeck,56427,ED,N ILLINOIS,12,7,0,66.7,0,3,254,0,0,64.9,85.0,88.0,84.7,76.1,77.0,5,36,0,0,4,9.1,3,1,0,109.7,2,3,0,1,0,11,605,603,0,8,590,5,0,2,296,298,1,21,23,4,3,44,1,6,10,3.0
Earnest Brown IV,56428,ED,NWESTERN,6,2,0,66.7,0,0,256,0,0,75.7,86.6,22.6,89.1,68.9,65.7,0,7,0,0,1,15.4,2,1,1,70.1,2,4,0,0,2,7,137,135,0,24,95,16,0,2,70,60,0,7,9,1,3,11,0,0,3,0.0
Trevor Kent,56429,DI,NWESTERN,7,2,0,,0,0,256,0,0,,64.2,80.8,56.9,66.6,76.6,1,0,0,0,,0.0,0,0,0,0.0,0,0,0,0,0,0,196,196,2,193,0,1,0,0,91,105,0,4,5,1,0,1,0,0,0,
Chase Young,56436,ED,OHIO STATE,12,8,1,100.0,0,6,260,0,0,68.5,96.0,42.9,96.4,77.5,73.0,7,31,0,0,8,13.2,5,0,3,79.2,3,18,0,4,0,16,576,571,0,2,552,17,0,5,320,240,1,31,25,4,3,56,0,6,9,2.0
Addison Gumbs,56438,ED,OREGON ST,2,0,0,100.0,0,0,265,0,0,42.0,44.7,80.5,56.8,50.3,38.2,0,1,0,0,14,40.0,2,0,0,95.8,2,0,0,1,0,8,49,46,0,0,46,0,0,3,11,30,2,3,3,3,2,1,0,14,12,7.0
Brock Martin,56439,LB,OKLA STATE,13,6,1,100.0,0,0,262,1,0,58.8,61.8,88.9,63.0,59.9,46.9,3,13,0,0,23,25.0,10,0,0,155.2,4,0,0,241,0,84,459,208,0,4,196,8,0,251,138,237,9,17,24,4,4,16,1,47,28,11.8
James Valle III,56440,ED,DOMINION,11,1,0,,0,0,263,0,0,61.2,53.2,83.3,51.6,54.3,78.4,0,2,0,0,,0.0,0,0,0,0.0,0,0,0,0,0,3,144,142,0,7,116,19,0,2,61,80,1,2,5,2,0,2,0,0,0,
Marcus Haynes,56441,ED,DOMINION,12,2,0,100.0,1,2,263,1,0,72.5,73.8,14.0,71.2,74.3,69.1,5,8,0,0,3,11.8,2,0,3,79.2,1,4,0,5,0,12,319,298,0,0,297,1,0,21,147,160,15,12,13,3,1,17,0,3,0,3.0
Damion Barber,56443,DI,PENN STATE,8,1,0,,0,0,266,0,0,,61.9,78.0,56.4,64.7,69.7,0,2,0,0,,0.0,0,0,0,0.0,0,0,0,0,0,0,60,60,8,52,0,0,0,0,31,29,0,0,0,0,0,2,0,0,0,
Yetur Gross-Matos,56444,ED,PENN STATE,12,9,0,100.0,0,0,266,0,0,46.2,84.8,87.9,81.8,83.0,58.7,5,22,0,0,9,21.6,8,0,0,85.4,2,11,0,0,0,8,561,560,19,60,462,19,0,1,330,223,0,26,20,4,2,38,0,9,5,4.5
Robert McWilliams III,56445,ED,PURDUE,1,0,0,,0,0,273,0,0,,55.6,70.5,55.8,,,0,0,0,0,,,0,0,0,0.0,0,0,0,0,0,0,5,5,0,0,5,0,0,0,5,0,0,0,0,0,0,0,0,0,0,
Kai Higgins,56446,DI,PURDUE,12,3,0,,0,0,273,0,0,59.9,54.6,26.8,56.8,56.5,43.1,1,10,0,0,,18.2,4,0,3,0.0,0,1,0,2,0,3,457,455,1,272,75,107,0,2,224,230,0,10,15,2,0,12,0,0,0,
Giovanni Reviere,56447,DI,PURDUE,7,1,0,,0,0,273,0,0,,64.1,78.7,67.4,57.6,28.3,0,5,0,0,,50.0,2,0,0,0.0,0,1,0,0,0,0,110,110,0,87,5,18,0,0,68,42,0,2,1,0,0,6,0,0,0,
Emmanuel Galvan-Vazquez,56455,DI,TEXAS ST,8,0,0,,0,0,314,1,0,,67.3,76.8,62.1,67.0,72.6,0,1,0,0,,0.0,0,0,0,0.0,0,0,0,0,0,0,66,66,0,24,1,41,0,0,17,49,0,2,2,0,0,1,0,0,0,
Torri Singletary Jr.,56458,ED,TULANE,1,0,0,,0,0,319,0,0,,60.8,70.8,59.7,60.7,,0,0,0,0,,,0,0,0,0.0,0,0,0,0,0,0,4,4,0,0,4,0,0,0,1,3,0,0,0,0,0,0,0,0,0,
Michael Scott,56459,ED,AKRON,12,7,0,100.0,0,2,102,0,0,52.9,60.9,33.6,58.5,67.9,69.6,0,3,0,0,11,13.3,4,0,2,95.8,5,1,0,29,2,58,364,283,0,0,283,0,0,81,79,227,50,10,19,1,5,4,0,35,19,7.0
Patrick Johnson,56460,ED,TULANE,13,9,0,70.6,1,0,319,0,0,67.3,70.9,64.8,71.3,68.1,47.9,8,16,0,0,18,24.0,12,2,2,79.5,12,3,0,77,3,134,784,635,0,1,625,9,0,149,282,368,66,24,29,6,17,27,0,76,57,6.3
Cam Sample,56462,ED,TULANE,13,14,3,,1,0,319,1,0,62.2,80.7,72.0,69.1,84.1,80.3,5,24,0,0,,9.3,5,0,1,0.0,0,3,0,2,0,6,751,746,16,31,102,597,0,5,389,356,0,28,35,4,0,32,0,0,0,
Devon Anderson,56465,DI,UTAH ST,13,7,1,,0,2,329,0,0,54.9,77.7,69.6,80.3,73.3,42.4,9,13,0,0,,20.4,10,0,1,0.0,0,3,0,0,0,2,576,576,69,453,18,36,0,0,260,314,0,32,32,5,0,25,0,0,0,
Jaylon Haynes,56472,DI,UTSA,12,6,3,,1,0,331,1,0,61.1,76.6,31.0,74.0,76.4,54.4,2,17,0,0,,18.6,8,0,3,0.0,0,2,0,3,0,0,528,524,24,410,1,89,0,4,262,266,0,23,29,9,0,21,0,0,0,
TyJuan Garbutt,56473,ED,VA TECH,11,4,0,100.0,0,1,337,0,0,81.1,69.5,53.2,62.0,69.5,66.8,7,19,0,0,7,9.4,3,0,2,79.2,2,2,0,5,0,29,515,502,0,0,479,23,0,13,293,193,7,16,25,4,2,28,0,6,8,3.0
Emmanuel Belmar,56475,ED,VA TECH,13,10,1,50.0,0,0,337,0,0,57.1,69.6,60.8,66.0,73.8,72.5,6,12,0,0,28,8.6,3,0,2,75.0,2,4,0,2,1,36,624,608,0,2,548,58,0,16,329,259,11,18,22,1,4,22,0,30,8,15.0
Robert Porcher,56477,DI,VA TECH,5,1,0,,0,0,337,0,0,60.0,71.0,77.0,72.1,63.6,50.3,1,3,0,0,,50.0,2,0,0,0.0,0,1,0,0,0,0,66,66,12,45,0,9,0,0,39,27,0,2,1,0,0,5,0,0,0,
Christian Mejia,56478,DI,WASH STATE,2,0,0,,0,0,341,0,0,,66.0,74.0,59.9,67.2,74.3,0,0,0,0,,0.0,0,0,0,0.0,0,0,0,1,0,0,24,23,1,14,2,6,0,1,15,9,0,1,2,0,0,0,0,0,0,
Will Rodgers,56479,DI,WASH STATE,12,6,0,,1,0,341,0,0,54.9,55.3,51.6,64.9,49.9,54.0,5,16,0,0,,26.1,6,0,2,0.0,0,4,0,6,0,11,550,544,35,413,21,75,0,6,304,235,0,12,11,1,0,25,0,0,0,
Dallas Hobbs,56481,DI,WASH STATE,13,0,0,100.0,0,0,341,0,0,57.1,67.5,84.2,65.3,66.6,44.3,1,6,0,0,5,27.3,3,0,0,87.5,1,3,0,1,0,2,318,317,124,181,1,11,0,1,170,146,0,9,8,3,1,10,0,5,0,5.0
Matt Henningsen,56484,DI,WISCONSIN,14,5,2,,1,1,349,3,2,71.9,63.6,63.5,68.1,54.7,58.7,2,8,0,0,,13.0,3,0,1,0.0,0,4,0,0,0,0,440,440,16,322,14,88,0,0,270,170,0,14,15,1,0,14,0,0,0,
Victor Jones,56486,DI,WYOMING,10,4,0,,0,0,351,0,0,62.2,67.2,49.4,66.2,65.4,64.7,4,8,0,0,,6.7,1,0,2,0.0,0,1,0,1,0,0,261,260,1,210,16,33,0,1,148,113,0,10,10,1,0,13,0,0,0,
Mosese Fifita,56498,DI,AIR FORCE,13,9,0,,0,2,101,3,0,57.9,79.9,74.6,69.5,84.5,59.3,6,16,0,0,,12.5,5,0,1,0.0,0,7,0,4,0,3,699,694,300,388,3,3,0,5,410,286,0,30,26,2,0,29,0,0,0,
Deandre Brimage,56500,ED,AKRON,2,0,0,,0,0,102,0,0,,57.5,0.0,59.7,68.1,,0,0,0,0,,,0,0,1,0.0,0,0,0,0,0,0,12,12,0,2,0,10,0,0,2,10,0,0,0,0,0,0,0,0,0,
LaBryan Ray,56501,ED,ALABAMA,3,3,0,,0,1,103,0,0,60.0,74.4,80.1,70.3,70.9,64.3,0,2,0,0,,14.3,1,0,0,0.0,0,1,0,1,0,0,87,85,0,13,59,13,0,2,53,34,0,4,3,0,0,3,0,0,0,
Phidarian Mathis,56504,DI,ALABAMA,12,8,0,,1,1,103,0,0,60.0,71.9,53.8,55.3,80.3,82.7,0,3,0,0,,0.0,0,0,1,0.0,0,0,0,0,0,0,297,297,40,194,4,59,0,0,146,151,0,10,17,0,0,3,0,0,0,
Demetrius Taylor,56513,ED,APP STATE,14,10,7,100.0,0,3,108,1,1,75.2,78.9,12.8,80.8,74.4,52.5,6,29,0,1,-5,21.1,8,0,6,39.6,1,7,0,2,0,1,707,705,0,38,304,363,0,2,423,283,0,24,20,6,1,42,0,-5,-2,-5.0
E.J. Scott,56515,DI,APP STATE,14,3,3,,1,0,108,1,0,64.2,85.5,68.4,77.3,84.6,58.4,3,13,0,0,,7.1,2,0,1,0.0,0,0,0,1,0,0,432,431,343,88,0,0,0,1,211,221,0,19,23,6,0,16,0,0,0,
Tyler Johnson,56520,ED,ARIZONA ST,10,4,1,100.0,0,1,110,0,0,47.8,56.5,20.7,60.6,62.1,56.3,2,12,0,0,13,22.2,6,0,2,94.8,4,2,0,69,0,32,280,204,0,0,203,1,0,76,141,107,7,12,17,4,4,16,0,27,26,6.8
Shannon Forman,56522,DI,ARIZONA ST,13,1,0,,0,0,110,1,0,58.5,60.0,56.4,54.2,66.2,26.0,1,2,0,0,,26.7,4,0,1,0.0,0,0,0,0,0,9,298,298,67,127,61,43,0,0,156,133,0,8,10,0,0,3,0,0,0,
D.J. Davidson,56523,DI,ARIZONA ST,13,14,1,,0,0,110,1,0,64.4,66.8,88.0,60.1,67.4,76.9,1,14,0,0,,3.5,2,0,0,0.0,0,2,0,2,0,9,652,649,290,356,1,2,0,3,356,287,0,25,41,3,0,17,0,0,0,
David Porter,56525,ED,ARKANSAS,2,0,0,,0,0,111,0,0,,65.7,71.1,64.8,60.0,,0,0,0,0,,,0,0,0,0.0,0,0,0,0,0,0,6,6,0,0,6,0,0,0,3,3,0,0,0,0,0,0,0,0,0,
Wyatt Luebke,56526,T,ARK STATE,1,0,0,,0,0,113,0,0,,72.5,70.1,58.9,70.5,,0,0,0,0,,,0,0,0,0.0,0,0,0,0,0,0,7,7,0,7,0,0,0,0,2,5,0,0,0,0,0,0,0,0,0,
Hunter Moreton,56528,DI,ARK STATE,1,0,0,,0,0,113,0,0,,50.3,70.1,57.2,57.1,,0,0,0,0,,,0,0,0,0.0,0,0,0,0,0,0,7,7,0,7,0,0,0,0,5,2,0,0,0,0,0,0,0,0,0,
Tony Adams,56530,DI,ARK STATE,6,5,0,,0,0,113,0,0,,47.4,32.7,52.7,48.9,57.6,0,0,0,0,,13.3,2,0,1,0.0,0,0,0,0,0,0,157,157,41,115,0,1,0,0,78,79,0,5,8,0,0,0,0,0,0,
Jack Hough,56535,DI,ARMY,2,0,0,,0,0,114,0,0,,69.6,68.1,68.0,60.0,,0,2,0,0,,100.0,1,0,0,0.0,0,0,0,0,0,0,3,3,1,2,0,0,0,0,2,1,0,0,0,0,0,2,0,0,0,
Edriece Patterson,56542,ED,ARMY,12,10,0,0.0,0,0,114,0,0,66.0,50.8,67.7,49.1,51.1,66.4,0,11,0,0,,13.9,5,0,1,39.6,0,2,0,5,0,28,514,509,0,14,222,273,0,5,254,232,0,16,21,1,1,13,0,0,0,
Nick Stokes,56544,DI,ARMY,4,1,0,,0,0,114,0,0,,75.1,76.5,69.3,71.3,72.1,0,2,0,0,,0.0,0,0,0,0.0,0,0,0,0,0,0,28,28,21,7,0,0,0,0,13,15,0,1,1,0,0,2,0,0,0,
Tyrone Truesdell,56552,DI,AUBURN,13,11,2,,0,0,115,1,0,60.9,72.0,86.2,64.1,73.4,83.8,0,8,0,0,,0.0,0,0,1,0.0,0,5,0,0,0,1,513,513,139,366,3,5,0,0,277,235,0,18,17,0,0,13,0,0,0,
Kyle Williams,56553,DI,BALL ST,9,0,0,,0,1,117,0,0,,56.8,16.3,55.1,60.7,26.9,0,0,0,0,,50.0,2,0,1,0.0,0,0,0,0,0,0,98,98,3,87,0,8,0,0,34,64,0,1,2,0,0,0,0,0,0,
Walter Haire,56555,DI,BOWL GREEN,11,2,0,,0,0,122,0,0,60.0,60.4,11.2,58.6,64.6,81.1,0,1,0,0,,0.0,0,0,3,0.0,0,1,0,1,0,0,300,298,45,216,3,34,0,2,116,184,0,13,17,1,0,2,0,0,0,
Jordan Murphy,56557,DI,BOWL GREEN,4,0,0,,0,0,122,0,0,,56.1,72.3,58.7,56.4,,0,0,0,0,,,0,0,0,0.0,0,0,0,0,0,0,17,16,0,16,0,0,0,1,4,13,0,0,0,0,0,0,0,0,0,
CJ Hunt,56589,DI,E MICHIGAN,12,3,0,,1,0,160,1,0,63.1,55.5,3.3,54.3,60.9,59.7,0,5,0,0,,11.1,2,0,4,0.0,0,1,0,0,0,1,365,365,4,322,18,21,0,0,193,171,0,10,13,2,0,6,0,0,0,
Desmond Kelly,56591,DI,E MICHIGAN,7,3,0,,1,0,160,0,0,62.5,43.4,0.0,56.0,45.4,67.2,1,3,0,0,,14.3,2,0,4,0.0,0,0,0,0,0,0,209,209,0,208,0,1,0,0,91,118,0,4,9,0,0,4,0,0,0,
T.J. Slaton,56597,DI,FLORIDA,12,7,2,,0,0,163,0,0,60.0,70.3,83.2,70.5,66.5,67.6,3,6,0,0,,12.0,3,0,0,0.0,0,3,0,0,0,0,265,265,68,196,0,1,0,0,124,141,0,13,15,0,0,12,0,0,0,
Collin Dell,56602,DI,FAU,14,5,1,,0,0,165,0,0,59.7,66.7,82.2,63.2,67.3,50.3,2,6,0,0,,21.4,3,0,0,0.0,0,2,0,0,0,1,192,192,55,91,1,45,0,0,108,83,0,5,6,0,0,10,0,0,0,
Malik Herring,56616,ED,GEORGIA,13,9,3,50.0,0,0,173,0,0,67.8,90.5,62.5,85.8,85.0,85.5,3,20,0,0,16,0.0,0,0,1,77.1,1,0,0,0,0,1,358,358,3,26,205,124,0,0,224,133,0,16,20,4,2,23,0,16,26,16.0
Alexander Duke,56623,ED,HOUSTON,7,2,0,,0,0,182,0,0,60.7,49.8,80.8,71.5,31.7,45.8,1,4,0,0,,20.0,1,0,0,0.0,0,0,0,1,0,2,66,65,0,0,64,1,0,1,32,32,0,2,2,0,0,5,0,0,0,
Payton Turner,56624,ED,HOUSTON,12,4,4,,1,0,182,0,0,59.8,76.7,71.9,74.6,74.6,61.9,10,19,0,0,,18.8,6,0,1,0.0,0,4,0,1,0,7,559,558,4,28,466,60,0,1,300,252,0,21,22,4,0,33,0,0,0,
Noah Jones,56625,ED,HOUSTON,2,0,0,,0,0,182,0,0,,70.3,73.9,65.6,62.4,,0,1,0,0,,,0,0,0,0.0,0,0,0,0,0,0,14,14,0,0,14,0,0,0,11,3,0,0,0,0,0,1,0,0,0,
Blake Young,56626,DI,HOUSTON,7,5,0,,0,0,182,0,0,60.0,64.7,82.8,58.4,66.9,76.0,0,4,0,0,,0.0,0,0,0,0.0,0,0,0,1,0,1,305,304,15,256,3,30,0,1,165,139,0,2,2,1,0,4,0,0,0,
Isaiah Gay,56635,ED,ILLINOIS,11,11,1,,0,1,187,1,0,58.8,62.6,66.2,64.8,60.5,44.8,5,12,0,0,,21.6,8,0,1,0.0,0,1,0,1,0,1,410,409,0,5,398,6,0,1,186,223,0,14,18,4,0,18,0,0,0,
Owen Carney,56637,ED,ILLINOIS,13,4,1,,0,0,187,0,0,66.8,64.5,85.1,68.8,55.4,36.8,2,11,0,0,,33.3,6,0,0,0.0,0,3,0,1,0,3,310,309,0,8,291,10,0,1,141,166,0,6,8,0,0,16,0,0,0,
Olalere Oladipo,56639,DI,ILLINOIS,2,0,0,,0,0,187,0,0,,73.6,74.4,69.1,69.4,70.2,0,2,0,0,,,0,0,0,0.0,0,1,0,0,0,0,31,31,0,31,0,0,0,0,17,14,0,1,0,0,0,3,0,0,0,
Jamal Woods,56640,DI,ILLINOIS,9,2,0,,0,0,187,0,0,,67.0,82.9,61.6,67.6,26.8,2,8,0,0,,39.1,9,0,0,0.0,0,1,0,0,0,0,310,309,0,272,20,17,0,1,146,164,0,10,12,5,0,11,0,0,0,
Deon Pate,56641,DI,ILLINOIS,9,3,0,,0,0,187,0,0,60.0,66.3,79.5,58.7,69.5,74.3,0,5,0,0,,20.0,1,0,0,0.0,0,0,0,0,0,0,130,130,2,120,5,3,0,0,70,60,0,1,1,0,0,5,0,0,0,
Tramar Reece,56645,ED,INDIANA,4,0,0,,0,0,190,0,0,60.0,81.5,76.3,67.9,81.0,76.1,0,4,0,0,,0.0,0,0,0,0.0,0,0,0,0,0,1,25,25,0,0,25,0,0,0,12,12,0,3,3,0,0,4,0,0,0,
Michael Ziemba,56646,ED,INDIANA,13,5,0,100.0,0,0,190,2,0,65.6,68.1,66.4,60.6,71.1,43.4,5,7,0,0,16,22.5,9,0,1,90.8,5,0,0,35,0,44,421,386,0,2,371,13,0,35,187,190,0,20,26,6,5,12,0,29,30,5.8
Alfred Bryant,56647,ED,INDIANA,13,6,0,,0,1,190,1,0,81.2,66.5,18.8,60.3,64.0,52.1,1,11,0,0,,13.8,4,0,3,0.0,0,0,0,1,0,6,332,331,0,21,279,31,0,1,174,152,0,12,19,4,0,12,0,0,0,
Juan Harris,56650,DI,INDIANA,4,1,0,,0,0,190,0,0,,68.0,79.2,56.2,73.0,31.6,0,0,0,0,,33.3,2,0,0,0.0,0,0,0,1,0,0,101,100,13,84,0,3,0,1,52,49,0,3,3,0,0,0,0,0,0,
Dalles Jacobus,56651,DI,IOWA,2,0,0,,0,0,192,0,0,,53.2,69.0,,55.1,,0,0,0,0,,,0,0,0,0.0,0,0,0,0,0,0,5,5,0,5,0,0,0,0,0,5,0,0,0,0,0,0,0,0,0,
Tucker Robertson,56652,ED,IOWA STATE,10,1,3,,0,0,193,0,0,64.3,49.7,0.0,63.7,43.3,64.2,0,3,0,0,,11.1,1,0,2,0.0,0,0,0,1,0,1,139,138,0,26,45,67,0,1,64,74,0,4,7,0,0,3,0,0,0,
Ray Lima,56654,DI,IOWA STATE,13,11,0,,0,0,193,0,0,,69.7,71.5,59.7,74.3,62.3,0,10,0,0,,11.1,3,0,1,0.0,0,1,0,0,0,0,524,523,458,55,0,10,0,1,281,243,0,8,13,1,0,11,0,0,0,
Abule Abadi-Fitzgerald,56670,DI,KENTUCKY,13,2,0,,0,0,202,0,0,,67.1,79.2,55.4,75.0,76.0,0,0,0,0,,0.0,0,0,0,0.0,0,0,0,1,0,0,153,152,0,59,3,90,0,1,89,64,0,3,3,0,0,0,0,0,0,
Chris Whittaker,56671,ED,FIU,11,3,0,100.0,1,0,166,1,0,53.2,63.5,0.0,63.4,73.1,62.9,2,14,0,0,43,13.0,3,0,5,158.3,1,2,0,1,0,2,379,378,0,0,374,4,0,1,209,168,0,13,17,2,1,18,1,43,46,43.0
Quinton Bohanna,56673,DI,KENTUCKY,13,8,1,,0,0,202,0,0,60.0,73.4,12.2,72.2,77.0,53.8,0,10,0,0,,16.7,4,0,4,0.0,0,1,0,0,0,0,381,381,281,93,0,7,0,0,177,204,0,13,12,2,0,11,0,0,0,
Milton Williams,56682,ED,LA TECH,13,13,1,,0,0,208,2,0,61.1,72.6,74.3,60.0,80.7,78.1,15,13,0,0,,8.9,5,0,1,0.0,0,7,0,2,0,1,760,756,0,136,322,298,0,4,434,325,0,36,38,3,0,35,0,0,0,
Jamare Edwards,56686,DI,MARSHALL,13,3,0,,0,0,214,0,0,58.4,68.3,81.1,66.5,67.5,49.6,1,5,0,0,,17.6,3,0,0,0.0,0,3,0,0,0,2,231,231,0,195,2,34,0,0,116,113,0,11,11,1,0,9,0,0,0,
Rodney Croom,56687,DI,MARSHALL,13,10,0,0.0,0,0,214,0,0,77.0,62.4,84.9,55.9,61.2,71.9,2,2,0,0,,6.3,2,0,0,39.6,0,0,0,0,0,4,440,440,84,351,0,5,0,0,228,208,0,13,20,0,1,4,0,0,0,
Bryce Brand,56691,ED,MARYLAND,12,1,1,100.0,0,0,215,0,0,52.1,63.8,9.8,71.2,61.5,26.6,0,8,0,0,8,33.3,6,0,3,100.0,1,1,0,0,0,6,271,271,0,9,252,10,0,0,151,114,0,8,11,3,1,9,0,8,8,8.0
Lawtez Rogers,56692,DI,MARYLAND,11,2,0,,0,0,215,0,0,,68.8,80.8,63.8,68.7,77.3,1,5,0,0,,0.0,0,0,0,0.0,0,1,0,1,0,0,212,211,0,116,10,85,0,1,98,114,0,5,4,0,0,7,0,0,0,
B'Ahmad Miller,56693,DI,MARYLAND,2,1,0,,0,0,215,0,0,,68.8,72.9,61.6,68.6,74.8,0,0,0,0,,0.0,0,0,0,0.0,0,1,0,0,0,0,15,15,3,3,0,9,0,0,8,7,0,2,1,0,0,1,0,0,0,
Brandon Gaddy,56694,DI,MARYLAND,10,4,2,,0,0,215,0,0,,73.6,84.4,63.4,75.9,69.4,0,3,0,0,,5.6,1,0,0,0.0,0,1,0,0,0,0,256,256,117,137,0,2,0,0,130,126,0,9,13,0,0,4,0,0,0,
Braylon Brown,56699,DI,MEMPHIS,9,2,0,,0,0,218,0,0,60.0,67.2,80.0,54.3,74.7,77.5,0,2,0,0,,0.0,0,0,0,0.0,0,0,0,0,0,0,141,141,13,124,4,0,0,0,82,59,0,5,6,2,0,2,0,0,0,
O'Bryan Goodson,56700,DI,MEMPHIS,13,4,0,,0,0,218,1,0,64.4,61.1,51.4,65.8,57.2,27.7,3,11,0,0,,35.5,11,0,2,0.0,0,0,0,0,0,0,529,528,101,416,4,7,0,1,263,266,0,15,16,7,0,14,0,0,0,
JoJo Dorceus,56701,ED,MEMPHIS,14,11,0,50.0,0,0,218,1,0,64.5,77.8,72.9,66.3,85.0,63.2,5,12,0,0,-4,19.6,10,0,1,56.3,1,6,0,11,0,49,520,509,0,4,503,2,0,11,230,241,0,30,30,9,2,23,0,-4,1,-4.0
Desmond Hawkins,56702,DI,MEMPHIS,13,2,0,,0,0,218,0,0,60.0,71.7,82.4,58.9,75.2,78.6,0,1,0,0,,0.0,0,0,0,0.0,0,1,0,0,0,0,225,225,49,174,0,2,0,0,101,124,0,10,10,3,0,2,0,0,0,
Jonathan Garvin,56703,ED,MIAMI FL,12,6,0,100.0,1,2,220,0,0,60.4,80.9,45.1,88.2,70.7,66.5,7,33,0,0,10,13.9,5,0,3,97.9,2,6,0,1,1,16,591,587,0,1,568,18,0,4,316,259,1,24,25,5,2,46,0,15,20,7.5
DJ Johnson,56704,ED,OREGON,13,2,0,100.0,0,1,264,0,0,62.2,69.7,82.6,70.5,62.9,75.2,1,7,0,0,11,7.1,1,0,0,108.3,2,3,0,1,0,9,166,164,0,5,126,33,0,2,105,52,1,10,11,3,2,11,0,20,14,10.0
Jonathan Ford,56705,DI,MIAMI FL,13,2,1,,0,1,220,0,0,60.0,62.1,64.8,66.7,58.0,28.5,0,11,0,0,,31.3,5,0,1,0.0,0,4,0,0,0,0,469,469,50,401,0,18,0,0,234,235,0,11,9,1,0,15,0,0,0,
Andrew Sharp,56706,DI,MIAMI OH,13,5,0,,0,0,221,0,0,62.8,73.4,84.8,66.6,72.5,59.2,2,10,0,0,,13.5,5,0,0,0.0,0,4,0,1,0,0,540,539,28,509,0,2,0,1,256,284,0,22,27,4,0,16,0,0,0,
Josh Maize,56707,DI,MIAMI OH,12,4,0,,0,0,221,1,0,,54.9,79.6,58.5,53.1,62.4,1,1,0,0,,18.2,2,0,0,0.0,0,0,0,0,0,0,137,137,3,134,0,0,0,0,53,84,0,3,5,0,0,2,0,0,0,
Isaac Hampton,56712,DI,MIAMI OH,8,1,0,,0,0,221,0,0,,58.5,78.7,54.0,60.6,74.3,0,0,0,0,,0.0,0,0,0,0.0,0,0,0,0,0,0,109,109,1,108,0,0,0,0,48,61,0,1,3,0,0,0,0,0,0,
Kwity Paye,56713,ED,MICHIGAN,12,10,0,,2,0,222,0,0,57.8,80.9,23.1,77.8,83.4,72.2,8,24,0,0,,8.7,4,0,5,0.0,0,5,0,2,0,4,638,636,19,14,525,78,0,2,316,318,0,31,32,4,0,37,0,0,0,
Luiji Vilain,56715,ED,MICHIGAN,7,0,0,,0,0,222,0,0,62.8,76.1,77.5,60.5,74.8,78.2,1,1,0,0,,0.0,0,0,0,0.0,0,0,0,2,0,0,47,45,1,0,37,7,0,2,19,28,0,4,6,0,0,2,0,0,0,
Donovan Jeter,56718,DI,MICHIGAN,9,2,0,,0,0,222,0,0,,43.8,78.4,55.8,41.4,26.0,0,0,0,0,,33.3,1,0,0,0.0,0,0,0,0,0,0,93,93,10,79,1,3,0,0,28,65,0,0,0,0,0,0,0,0,0,
Aubrey Solomon,56719,DI,TENNESSEE,12,11,0,,0,0,307,1,0,60.0,78.0,50.2,59.4,85.2,67.8,1,1,0,0,,6.7,2,0,1,0.0,0,1,0,0,0,0,272,272,4,232,1,35,0,0,124,148,0,18,17,1,0,3,0,0,0,
Aaron Odom,56721,ED,MISS STATE,3,0,0,100.0,0,0,227,0,0,60.6,57.9,74.8,54.2,61.2,,0,1,0,0,8,,0,0,0,100.0,1,0,0,0,0,3,19,19,0,0,17,2,0,0,11,5,0,0,0,0,1,1,0,8,0,8.0
Lee Autry,56722,DI,MISS STATE,5,2,1,,0,0,227,0,0,60.6,60.1,82.3,65.2,54.3,41.2,1,5,0,0,,11.1,1,0,0,0.0,0,1,0,2,0,1,197,195,43,151,0,1,0,2,102,94,0,6,6,2,0,7,0,0,0,
James Jackson,56723,DI,MISS STATE,7,1,0,,0,0,227,0,0,60.0,53.5,25.8,62.3,52.2,54.2,0,2,0,0,,14.3,1,0,1,0.0,0,0,0,2,0,1,118,116,57,58,0,1,0,2,61,56,0,4,5,0,0,2,0,0,0,
Myles Eaddy,56725,ED,MISSOURI,1,0,0,,0,0,229,0,0,,59.4,70.4,58.4,60.1,,0,0,0,0,,,0,0,0,0.0,0,0,0,0,0,0,5,5,0,0,3,2,0,0,2,3,0,0,0,0,0,0,0,0,0,
Chris Turner,56726,ED,MISSOURI,12,3,1,100.0,0,0,229,0,0,70.6,64.8,87.3,56.2,68.0,57.9,3,8,0,0,-10,18.2,4,0,0,79.2,1,2,0,0,0,10,592,592,0,4,387,201,0,0,291,291,0,13,15,0,1,13,0,-10,-3,-10.0
Caleb Sampson,56729,DI,KANSAS,12,0,4,100.0,0,0,198,0,0,61.2,54.8,59.3,62.0,48.8,52.5,0,9,0,0,14,23.1,3,0,1,118.8,1,2,0,0,0,0,416,416,5,110,19,282,0,0,216,200,0,7,10,0,1,11,0,14,28,14.0
Akial Byers,56730,DI,MISSOURI,12,4,0,,1,1,229,1,0,61.0,74.8,26.9,70.5,75.0,59.6,2,8,0,0,,15.0,3,0,2,0.0,0,1,0,2,0,0,286,284,62,76,19,127,0,2,135,151,0,12,13,2,0,11,0,0,0,
Kobie Whiteside,56732,DI,MISSOURI,12,5,0,,1,0,229,1,0,49.4,76.5,37.3,78.8,74.2,47.7,5,14,0,0,,20.0,6,0,3,0.0,0,7,0,2,0,2,533,531,316,163,1,51,0,2,284,247,0,20,19,0,0,26,0,0,0,
Jordan Elliott,56734,DI,MISSOURI,12,9,2,,0,0,229,0,0,76.5,92.4,23.2,91.1,91.1,72.9,9,21,0,0,,13.3,6,0,4,0.0,0,4,0,0,0,1,565,565,80,311,5,169,0,0,290,274,0,28,30,5,0,34,0,0,0,
Deontre Thomas,56749,DI,NEBRASKA,11,2,0,100.0,0,0,238,0,0,62.0,58.2,81.2,55.6,57.7,52.0,0,1,0,0,-2,14.3,3,0,0,79.2,1,0,0,0,0,0,241,241,6,146,8,81,0,0,109,132,0,8,16,1,1,1,0,-2,4,-2.0
Chris Green,56750,DI,NEVADA,13,2,0,,0,0,239,0,0,63.4,80.0,87.3,74.3,78.5,55.3,2,13,0,0,,15.0,3,0,0,0.0,0,1,0,0,0,4,419,419,408,11,0,0,0,0,220,195,0,15,15,4,0,16,0,0,0,
Langston Murray,56752,DI,NEW MEXICO,10,2,0,,0,0,241,0,0,60.0,64.3,84.3,58.9,64.6,59.3,1,1,0,0,,12.5,1,0,0,0.0,0,0,0,0,0,0,172,172,158,13,1,0,0,0,68,104,0,4,5,0,0,2,0,0,0,
Hunter Sheridan,56757,ED,N CAROLINA,1,0,0,,0,0,245,0,0,,65.2,73.8,64.9,60.6,,0,1,0,0,,,0,0,0,0.0,0,0,0,0,0,0,9,9,0,0,9,0,0,0,3,6,0,0,0,0,0,1,0,0,0,
Xach Gill,56758,DI,N CAROLINA,11,2,0,,0,0,245,0,0,60.8,70.6,79.1,68.0,67.7,58.4,0,4,0,0,,10.0,1,0,0,0.0,0,1,0,2,0,1,137,134,0,64,1,69,0,3,70,66,0,7,7,0,0,5,0,0,0,
Dion Novil,56766,DI,N TEXAS,12,18,1,,0,2,251,0,0,68.6,87.3,88.2,81.9,83.4,53.1,1,17,0,0,,15.8,12,0,0,0.0,0,5,0,2,0,0,691,688,535,151,0,2,0,3,364,327,0,33,46,10,0,23,0,0,0,
Samdup Miller,56782,ED,NWESTERN,8,4,0,,0,0,256,0,0,58.6,78.6,85.9,69.0,81.7,74.6,4,8,0,0,,6.7,2,0,0,0.0,0,1,0,1,0,7,397,396,40,44,275,37,0,1,199,191,0,18,24,2,0,13,0,0,0,
Joe Spivak,56783,DI,NWESTERN,12,1,0,,0,0,256,0,0,,58.0,44.0,56.7,60.5,75.3,0,2,0,0,,0.0,0,0,1,0.0,0,1,0,0,0,0,218,218,4,214,0,0,0,0,112,106,0,5,5,2,0,3,0,0,0,
Kofi Wardlow,56785,ED,NOTRE DAME,2,0,0,,0,0,258,0,0,,69.7,71.7,,67.9,73.0,0,0,0,0,,0.0,0,0,0,0.0,0,0,0,0,0,0,9,9,0,0,7,2,0,0,0,9,0,1,1,0,0,0,0,0,0,
Myron Tagovailoa-Amosa,56786,DI,NOTRE DAME,12,5,1,,0,1,258,1,0,60.0,75.8,65.9,71.5,74.9,56.1,1,20,0,0,,13.8,4,0,1,0.0,0,3,0,2,0,0,477,475,53,380,0,42,0,2,250,227,0,19,20,2,0,24,0,0,0,
Kurt Hinish,56787,DI,NOTRE DAME,13,3,0,,0,0,258,0,0,,67.2,64.5,63.8,67.6,68.5,0,3,0,0,,14.3,2,0,1,0.0,0,2,0,1,0,0,433,432,85,345,0,2,0,1,201,232,0,10,9,3,0,5,0,0,0,
Amos Ogun-Semore,56790,ED,OHIO,13,7,0,,0,0,259,0,0,59.0,66.7,42.5,64.2,69.9,65.8,6,8,0,0,,8.3,2,0,2,0.0,0,2,0,2,0,10,363,361,0,5,345,11,0,2,192,161,0,7,15,1,0,16,0,0,0,
Marcus Coleman,56791,DI,OHIO,12,0,0,,0,0,259,2,0,,58.3,81.3,56.2,58.8,74.6,1,3,0,0,,25.0,1,0,0,0.0,0,1,0,0,0,0,204,204,9,189,0,6,0,0,102,102,0,4,3,0,0,5,0,0,0,
Kaieem Caesar,56792,DI,OHIO,13,9,0,,0,0,259,1,0,62.5,66.6,85.1,60.7,67.2,63.2,3,11,0,0,,6.5,2,0,0,0.0,0,1,0,0,0,1,539,539,49,479,0,11,0,0,277,261,0,13,20,1,0,15,0,0,0,
Aaron Cox,56794,ED,OHIO STATE,3,0,0,,0,0,260,0,0,60.0,64.4,75.7,55.9,66.7,73.7,0,0,0,0,,0.0,0,0,0,0.0,0,0,0,0,0,1,22,22,0,0,22,0,0,0,7,14,0,1,2,0,0,0,0,0,0,
Jerron Cage,56796,DI,OHIO STATE,9,4,1,,0,0,260,1,0,,70.8,77.7,58.8,74.6,59.9,1,0,0,0,,12.5,1,0,0,0.0,0,0,0,0,0,0,88,88,0,79,0,9,0,0,43,45,0,3,3,1,0,1,0,0,0,
Haskell Garrett,56797,DI,OHIO STATE,12,2,0,,0,0,260,0,0,60.0,80.5,81.0,69.8,81.8,66.7,2,6,0,0,,7.7,1,0,0,0.0,0,0,0,0,0,1,217,217,0,187,3,27,0,0,101,115,0,7,10,3,0,8,0,0,0,
Isaiah Thomas,56798,ED,OKLAHOMA,11,1,0,,0,0,261,0,0,61.5,72.1,79.4,71.1,61.7,61.2,1,3,0,0,,20.0,1,0,0,0.0,0,1,0,0,0,0,86,86,0,7,63,16,0,0,56,30,0,3,3,0,0,5,0,0,0,
Jeremy Meiser,56799,DI,DOMINION,10,5,0,,0,0,263,0,0,62.0,84.9,68.4,88.1,76.3,62.4,5,29,0,0,,16.7,5,0,1,0.0,0,0,0,20,0,0,526,506,104,391,2,9,0,20,262,264,0,17,20,7,0,34,0,0,0,
Austin Faoliu,56800,DI,OREGON,13,15,0,,2,0,264,0,0,61.9,63.4,11.4,63.9,65.8,53.6,1,17,0,0,,14.6,6,0,5,0.0,0,2,0,4,0,0,454,450,4,299,34,113,0,4,237,217,0,18,20,3,0,20,0,0,0,
Jordon Scott,56802,DI,OREGON,14,8,0,,0,0,264,0,0,67.6,69.6,54.1,65.9,69.3,43.5,3,16,0,0,,20.0,7,0,2,0.0,0,1,0,5,0,1,514,509,223,277,5,4,0,5,284,229,0,15,20,2,0,20,0,0,0,
Popo Aumavae,56803,DI,OREGON,13,3,0,,0,0,264,0,0,64.0,67.8,83.5,69.1,60.1,60.7,1,5,0,0,,7.1,1,0,0,0.0,0,4,0,2,0,0,202,200,88,111,1,0,0,2,113,89,0,11,10,1,0,10,0,0,0,
Deslin Alexandre,56807,ED,PITTSBURGH,13,8,0,,0,0,268,1,0,66.2,66.8,42.4,62.8,69.1,73.6,5,16,0,0,,12.1,4,0,3,0.0,0,6,0,1,0,2,581,579,0,10,528,41,0,2,353,226,0,24,21,5,0,27,0,0,0,
Jaylen Twyman,56809,DI,PITTSBURGH,13,6,1,100.0,1,0,268,0,0,65.7,74.3,59.1,70.7,73.2,81.3,4,21,0,0,8,5.7,2,0,2,100.0,1,11,0,3,0,5,730,726,125,455,0,146,0,4,444,281,0,31,27,3,1,36,0,8,3,8.0
Mike Tverdov,56811,ED,RUTGERS,12,7,2,,0,0,278,0,0,54.7,65.4,85.5,72.1,58.4,37.8,5,11,0,0,,25.5,12,0,0,0.0,0,2,0,0,0,10,539,539,0,37,224,278,0,0,244,285,0,14,28,2,0,18,0,0,0,
Brendan Bordner,56812,DI,RUTGERS,12,6,0,,0,0,278,0,0,,71.4,82.0,61.5,73.5,71.1,1,2,0,0,,5.9,1,0,0,0.0,0,0,0,0,0,0,243,242,31,159,2,50,0,1,110,133,0,8,10,4,0,3,0,0,0,
Jaohne Duggan,56813,DI,RUTGERS,12,4,0,,1,0,278,0,0,,53.0,27.4,54.6,55.6,65.2,1,1,0,0,,9.1,1,0,2,0.0,0,0,0,0,0,0,270,270,119,150,0,1,0,0,117,153,0,4,6,0,0,2,0,0,0,
Connor Mitchell,56821,ED,S DIEGO ST,13,1,0,,0,0,284,0,0,54.5,47.5,81.8,53.5,49.0,24.4,0,4,0,0,,50.0,4,0,0,0.0,0,0,0,0,0,7,185,185,2,59,93,31,0,0,109,69,0,3,3,1,0,4,0,0,0,
Toby Ndukwe,56825,ED,SMU,11,1,0,,0,0,287,1,0,59.9,67.1,80.1,67.8,62.1,60.1,0,7,0,0,,40.0,2,0,0,0.0,0,3,0,1,0,1,118,117,1,5,65,46,0,1,74,43,0,5,2,0,0,10,0,0,0,
Tyeson Neals,56826,ED,SMU,13,5,0,,0,0,287,0,0,60.1,68.3,82.6,61.3,70.8,82.8,2,8,0,0,,0.0,0,0,0,0.0,0,1,0,0,0,0,233,233,0,1,135,97,0,0,141,92,0,8,11,2,0,11,0,0,0,
Turner Coxe,56827,ED,SMU,13,12,0,85.7,0,3,287,0,0,71.9,76.6,72.9,69.1,76.9,76.1,5,15,0,0,17,7.4,4,1,1,83.3,6,4,0,82,0,88,630,495,12,28,389,66,2,135,263,279,51,26,38,5,7,24,0,28,19,4.7
Harrison Loveless,56829,DI,SMU,3,0,0,,0,0,287,0,0,60.0,67.7,77.8,58.3,72.8,72.1,0,1,0,0,,0.0,0,0,0,0.0,0,0,0,0,0,0,46,46,38,8,0,0,0,0,33,13,0,2,2,0,0,1,0,0,0,
Brad Johnson,56831,ED,S CAROLINA,4,1,0,,0,0,289,0,0,62.9,73.8,82.4,63.8,75.3,74.6,0,0,0,0,,0.0,0,0,0,0.0,0,0,0,3,0,5,84,78,0,0,76,2,0,6,29,50,3,1,1,0,0,0,0,0,0,
Aaron Sterling,56832,ED,S CAROLINA,12,9,3,,0,1,289,1,0,66.1,74.5,87.4,64.8,77.2,68.6,3,18,0,0,,13.9,5,0,0,0.0,0,7,0,2,2,4,552,546,0,103,347,96,0,6,313,235,2,22,22,5,0,28,0,0,0,
Javon Kinlaw,56834,DI,S CAROLINA,12,9,2,,1,0,289,2,0,60.0,89.7,41.7,90.6,81.8,55.9,7,26,0,0,,21.2,7,0,3,0.0,0,7,0,8,0,0,625,617,201,400,5,11,0,8,352,273,0,19,17,0,0,40,0,0,0,
Tahj Sykes,56846,DI,SO MISS,6,0,0,,0,0,296,0,0,60.0,60.7,77.5,62.9,56.9,35.0,1,0,0,0,,33.3,1,0,0,0.0,0,0,0,0,0,0,49,49,26,12,0,11,0,0,26,23,0,1,2,0,0,1,0,0,0,
Delmond Landry,56847,DI,SO MISS,13,3,0,,0,0,296,0,0,43.0,71.7,86.9,61.9,76.1,73.9,1,10,0,0,,13.0,3,0,0,0.0,0,1,0,6,0,1,461,454,333,102,5,14,0,7,229,231,0,16,17,3,0,12,0,0,0,
Andrew Cole,56848,DI,SO MISS,2,0,0,,0,0,296,0,0,,65.4,72.1,59.0,64.8,,0,0,0,0,,,0,0,0,0.0,0,0,0,0,0,0,8,8,8,0,0,0,0,0,3,5,0,0,0,0,0,0,0,0,0,
Zach Morton,56853,ED,SYRACUSE,4,0,0,,0,0,304,0,0,60.0,55.6,75.0,55.2,57.3,,0,0,0,0,,,0,0,0,0.0,0,0,0,0,0,1,21,21,0,0,21,0,0,0,9,11,0,0,0,0,0,0,0,0,0,
Brandon Berry,56854,ED,SYRACUSE,12,2,0,,0,1,304,0,0,58.6,73.7,52.7,79.3,67.0,48.7,3,4,0,0,,25.0,3,0,1,0.0,0,8,0,0,0,3,249,249,0,74,170,5,0,0,122,124,0,10,7,1,0,15,0,0,0,
Justin Ellis,56855,DI,GA SOUTHRN,1,0,0,,0,0,174,0,0,60.0,63.5,71.5,63.1,60.7,,0,0,0,0,,,0,0,0,0.0,0,0,0,0,0,1,16,16,0,2,1,13,0,0,9,6,0,0,0,0,0,0,0,0,0,
Kingsley Jonathan,56856,ED,SYRACUSE,12,6,1,,0,0,304,1,0,56.8,76.4,63.8,76.7,75.2,56.4,3,17,0,0,,17.2,5,0,1,0.0,0,1,0,0,0,12,353,352,0,1,351,0,0,1,174,167,0,15,18,2,0,21,0,0,0,
Alton Robinson,56857,ED,SYRACUSE,12,7,2,50.0,0,1,304,1,0,54.8,76.0,16.4,83.3,72.6,43.7,10,35,0,0,14,23.1,12,0,6,72.9,1,4,0,0,0,10,671,670,0,1,667,2,0,1,355,306,1,31,33,6,2,49,0,14,5,14.0
Shaq Grosvenor,56858,DI,SYRACUSE,7,1,0,,0,0,304,0,0,61.7,54.2,79.4,54.3,52.1,26.2,0,0,0,0,,33.3,1,0,0,0.0,0,0,0,1,0,0,103,102,10,92,0,0,0,1,52,51,0,1,1,1,0,0,0,0,0,
Curtis Harper,56859,DI,SYRACUSE,11,1,1,,0,0,304,0,0,59.2,49.9,82.4,59.3,45.5,77.7,0,3,0,0,,0.0,0,0,0,0.0,0,2,0,2,0,1,253,250,23,221,0,6,0,3,111,141,0,6,6,0,0,5,0,0,0,
Terrell Cooper,56860,DI,TCU,12,4,0,,0,0,305,0,0,59.8,71.1,55.5,67.5,71.7,48.9,5,6,0,0,,20.8,5,0,1,0.0,0,2,0,0,1,2,308,307,26,268,0,13,0,1,161,145,0,7,15,1,0,13,0,0,0,
Corey Bethley,56861,DI,TCU,12,4,0,,0,0,305,0,0,53.1,75.0,69.3,67.6,79.2,50.9,8,22,0,0,,23.8,5,0,1,0.0,0,2,0,0,0,3,595,595,47,479,2,67,0,0,320,272,0,12,12,1,0,32,0,0,0,
Arnold Ebiketie,56862,ED,TEMPLE,10,3,0,,0,0,306,0,0,61.0,77.8,82.3,78.3,69.9,59.6,2,2,0,0,,20.0,2,0,0,0.0,0,2,0,0,0,1,120,120,0,0,117,3,0,0,56,63,0,5,5,0,0,6,0,0,0,
Ifeanyi Maijeh,56866,DI,TEMPLE,12,5,1,,0,1,306,0,0,63.1,77.6,54.1,75.2,75.3,52.8,8,19,0,0,,15.2,7,0,2,0.0,0,7,0,2,0,1,592,589,25,529,17,18,0,3,340,251,0,34,34,5,0,34,0,0,0,
Ta'Quon Graham,56868,ED,TEXAS,13,8,0,,0,0,311,0,0,64.9,77.8,53.5,62.6,87.1,66.4,2,15,0,0,,10.7,3,0,2,0.0,0,2,0,4,0,1,574,569,37,183,49,300,0,5,329,244,0,14,17,6,0,19,0,0,0,
Jamari Chisholm,56869,ED,TEXAS,13,2,0,,0,0,311,0,0,60.0,55.5,80.5,55.0,55.8,75.6,0,3,0,0,,0.0,0,0,0,0.0,0,0,0,1,0,0,145,144,15,31,16,82,0,1,84,61,0,2,2,0,0,3,0,0,0,
Mitchell Howard,56871,ED,TEXAS A&M,2,0,0,,0,1,312,0,0,,67.0,74.1,74.1,55.0,71.5,0,0,0,0,,,0,0,0,0.0,0,1,0,0,0,0,17,17,0,0,15,2,0,0,8,9,0,1,0,0,0,1,0,0,0,
Micheal Clemons,56872,ED,TEXAS A&M,11,4,0,,1,0,312,0,0,63.4,68.9,42.3,61.6,73.9,62.3,5,7,0,0,,14.8,4,0,2,0.0,0,1,0,0,0,1,379,379,0,4,328,47,0,0,209,169,0,12,19,2,0,13,0,0,0,
Tyree Johnson,56873,ED,TEXAS A&M,12,3,1,0.0,0,0,312,0,0,64.8,64.7,17.7,67.4,64.4,62.5,0,24,0,0,,12.5,4,0,5,39.6,0,2,0,0,0,43,571,571,0,8,549,14,0,0,283,245,0,15,25,4,3,26,0,0,0,
Jayden Peevy,56876,DI,TEXAS A&M,12,11,1,,0,0,312,0,0,52.3,61.8,43.4,60.3,67.2,50.8,2,10,0,0,,11.1,3,0,2,0.0,0,3,0,0,0,0,427,427,77,315,7,28,0,0,266,161,0,14,13,3,0,15,0,0,0,
Josh Rogers,56877,DI,TEXAS A&M,10,0,0,,0,0,312,0,0,,57.4,79.2,52.5,60.7,48.9,0,1,0,0,,20.0,1,0,0,0.0,0,0,0,0,0,0,102,102,10,89,2,1,0,0,52,50,0,4,4,2,0,1,0,0,0,
Quentin Yontz,56881,ED,TEXAS TECH,10,2,0,,0,0,315,0,0,,58.5,78.9,57.6,58.8,51.8,0,2,0,0,,20.0,1,0,0,0.0,0,0,0,1,0,0,113,112,0,13,26,73,0,1,59,54,0,2,2,0,0,2,0,0,0,
Nelson Mbanasor,56883,ED,TEXAS TECH,11,4,1,,0,0,315,0,0,,55.1,82.9,51.8,57.8,71.5,3,4,0,0,,7.1,1,0,0,0.0,0,1,0,1,0,0,334,333,0,28,86,219,0,1,170,164,0,8,9,1,0,8,0,0,0,
Michael Wright,56889,ED,UAB,8,0,0,,0,0,321,0,0,,56.4,81.5,51.6,62.1,72.2,0,0,0,0,,0.0,0,0,0,0.0,0,0,0,0,0,0,64,64,0,0,63,1,0,0,34,30,0,1,1,0,0,0,0,0,0,
Odua Isibor,56901,DI,UCLA,11,1,0,,0,1,324,0,0,57.2,50.6,52.1,57.0,47.7,67.0,0,9,0,0,,11.1,1,0,1,0.0,0,4,0,0,0,8,283,283,12,213,25,33,0,0,205,70,0,7,7,0,0,13,0,0,0,
Martin Andrus Jr.,56905,DI,UCLA,3,1,0,,0,0,324,0,0,,67.8,77.3,62.4,67.5,27.9,1,0,0,0,,33.3,2,0,0,0.0,0,0,0,0,0,0,53,53,8,26,6,13,0,0,22,31,0,2,3,0,0,1,0,0,0,
Nate Neal,56907,ED,UNLV,12,0,0,,1,0,325,1,0,69.3,63.2,45.4,55.6,68.7,59.7,3,7,0,0,,16.7,2,0,2,0.0,0,0,0,6,0,5,445,439,0,3,255,181,0,6,244,196,0,5,10,1,0,10,0,0,0,
Jalen Graves,56909,ED,UNLV,11,2,0,,0,0,325,0,0,64.0,61.8,83.6,55.5,63.9,78.9,1,4,0,1,,0.0,0,0,0,0.0,0,0,0,0,0,1,259,259,0,11,122,126,0,0,135,123,0,4,5,1,0,5,0,0,0,
Kolo Uasike,56911,DI,UNLV,12,3,0,,0,0,325,0,0,58.2,72.7,2.9,64.4,84.3,46.8,1,9,0,1,,13.6,3,0,6,0.0,0,1,0,1,0,8,523,522,227,265,7,23,0,1,281,234,0,12,16,2,0,11,0,0,0,
Jay Tufele,56913,DI,USC,13,5,1,,0,0,326,0,0,62.1,73.3,41.8,72.0,72.0,71.6,2,19,0,0,,7.5,3,0,3,0.0,0,5,0,3,0,0,672,669,3,601,0,65,0,3,368,304,0,26,32,1,0,26,0,0,0,
Jimmy Quemado,56915,DI,UTEP,1,0,0,,0,0,330,0,0,,60.4,64.4,,60.0,,0,0,0,0,,,0,0,0,0.0,0,0,0,0,0,0,1,1,0,1,0,0,0,0,0,1,0,0,0,0,0,0,0,0,0,
Dedrick Simpson,56918,DI,UTEP,12,3,0,,1,1,330,0,0,62.0,61.6,29.2,65.8,60.0,57.4,1,4,0,0,,14.3,2,0,2,0.0,0,1,0,1,0,0,284,282,168,114,0,0,0,2,150,134,0,5,9,1,0,6,0,0,0,
Josh Ortega,56919,ED,UTEP,11,6,1,,0,0,330,0,0,60.0,69.1,63.5,59.5,73.2,55.9,2,5,0,0,,14.3,4,0,1,0.0,0,1,0,7,0,0,400,393,25,174,149,45,0,7,183,217,0,16,18,2,0,8,0,0,0,
Jalen Pinkney,56921,ED,UCF,3,1,0,,0,0,323,0,0,60.0,62.9,77.8,60.4,68.8,41.5,1,1,0,0,,20.0,1,0,0,0.0,0,0,0,0,0,0,45,45,0,0,43,2,0,0,21,24,0,0,3,0,0,2,0,0,0,
Stone Edwards,56922,DI,VANDERBILT,2,0,0,,0,0,333,0,0,,63.4,73.3,65.1,58.0,,1,0,0,0,,,0,0,0,0.0,0,0,0,0,0,0,19,19,3,11,1,4,0,0,15,4,0,0,0,0,0,1,0,0,0,
Dayo Odeyingbo,56923,ED,VANDERBILT,12,9,0,100.0,3,0,333,0,0,55.5,71.2,1.5,78.9,69.0,60.7,9,23,0,0,5,13.2,7,0,7,127.1,1,3,0,4,0,2,641,637,22,182,273,160,0,4,317,322,0,30,37,11,1,35,1,5,0,5.0
Cameron Robinson,56925,DI,VANDERBILT,1,0,0,,0,0,333,0,0,,51.2,69.8,,55.2,,0,0,0,0,,,0,0,0,0.0,0,0,0,0,0,0,3,3,2,1,0,0,0,0,0,3,0,0,0,0,0,0,0,0,0,
Darius Stills,56933,DI,W VIRGINIA,12,10,2,100.0,1,1,343,0,0,65.8,76.1,57.7,74.1,72.6,50.5,10,17,0,0,2,19.6,9,0,2,79.2,1,6,0,2,0,3,621,619,220,392,0,7,0,2,322,296,0,28,27,8,1,33,0,2,4,2.0
Lamonte Mcdougle,56934,DI,WASH STATE,13,4,0,,0,0,341,1,0,,74.7,18.1,61.8,80.6,55.8,1,3,0,0,,14.3,2,0,2,0.0,0,0,0,0,0,0,212,212,91,119,0,2,0,0,70,142,0,7,8,2,0,4,0,0,0,
DeAngelo Malone,56941,ED,W KENTUCKY,13,18,0,75.0,0,1,346,1,1,81.5,85.6,90.9,82.2,76.3,86.7,12,26,0,0,14,5.7,5,0,0,87.5,3,14,0,25,0,34,849,818,0,8,801,9,0,31,407,408,6,60,65,9,4,52,0,22,17,7.3
C.J. Marria,56942,ED,W KENTUCKY,2,0,0,,0,0,346,0,0,,66.8,70.6,57.6,62.2,73.0,0,0,0,0,,0.0,0,0,0,0.0,0,0,0,0,0,0,4,4,0,0,4,0,0,0,2,2,0,1,1,1,0,0,0,0,0,
Carson Jordan,56944,DI,W KENTUCKY,13,5,0,,0,0,346,0,0,60.0,56.8,81.5,59.2,54.4,80.4,1,7,0,0,,6.7,1,0,0,0.0,0,0,0,0,0,0,197,197,3,101,43,50,0,0,88,109,0,6,9,1,0,8,0,0,0,
Jaylon George,56945,DI,W KENTUCKY,13,10,0,,0,1,346,0,0,59.9,62.9,68.3,54.8,67.3,50.7,1,12,0,0,,15.2,5,0,1,0.0,0,0,0,3,0,5,571,568,74,453,4,37,0,3,279,287,0,13,18,3,0,13,0,0,0,
Ali Fayad,56946,ED,W MICHIGAN,13,5,1,,3,4,347,1,0,58.9,80.7,0.0,82.3,81.7,60.2,10,21,0,0,,19.1,9,0,8,0.0,0,6,0,15,0,1,648,632,0,3,564,65,0,16,351,296,1,31,33,9,0,37,0,0,0,
Ralph Holley,56950,DI,W MICHIGAN,13,9,0,,1,0,347,0,0,58.4,67.7,39.9,66.9,68.6,48.6,1,13,0,0,,14.3,5,0,3,0.0,0,4,0,1,0,3,624,623,92,530,0,1,0,1,321,300,0,19,21,6,0,18,0,0,0,
Jamal Williams,56951,DI,W MICHIGAN,9,1,0,,0,0,347,0,0,60.0,58.6,76.6,55.8,59.6,69.7,0,0,0,0,,0.0,0,0,0,0.0,0,0,0,0,0,0,58,58,2,55,0,1,0,0,29,29,0,0,0,0,0,0,0,0,0,
Jordan Jackson,56957,ED,AIR FORCE,13,7,2,,0,1,101,0,0,68.8,67.4,72.1,68.0,61.0,74.6,9,26,0,0,,5.9,2,0,1,0.0,0,4,0,2,0,17,658,655,2,128,283,242,0,3,370,271,0,20,25,1,0,39,0,0,0,
Kendal Kendrick,56959,DI,BALL ST,10,2,0,,0,0,117,0,0,60.0,45.9,81.3,50.5,44.6,52.3,0,2,0,0,,11.1,1,0,0,0.0,0,0,0,0,0,0,194,194,1,92,58,43,0,0,83,111,0,4,6,2,0,2,0,0,0,
Chidi Ogbonnaya,56961,ED,BAYLOR,14,1,1,,0,1,118,0,0,60.2,67.0,55.7,70.3,62.7,79.8,1,6,0,0,,9.1,1,0,1,0.0,0,1,0,9,0,1,273,263,135,21,85,22,0,10,145,127,0,7,9,2,0,8,0,0,0,
James Lynch,56962,ED,BAYLOR,14,4,2,,0,3,118,2,0,62.2,77.5,55.8,79.6,70.4,29.4,13,41,0,0,,33.3,15,0,3,0.0,0,16,0,8,0,1,862,853,16,139,562,136,0,9,501,360,0,37,26,7,0,70,0,0,0,
Jaleel Berry,56963,DI,BOSTON COL,1,0,0,,0,0,121,0,0,,78.2,73.0,,74.6,72.1,0,0,0,0,,0.0,0,0,0,0.0,0,0,0,0,0,0,7,7,6,1,0,0,0,0,0,7,0,2,2,1,0,0,0,0,0,
T.J. Rayam,56964,DI,BOSTON COL,13,5,2,,0,0,121,0,0,72.3,74.0,75.0,58.3,78.4,51.1,3,15,0,0,,14.6,6,0,1,0.0,0,0,0,2,0,0,718,716,242,460,0,14,0,2,361,357,0,20,30,5,0,18,0,0,0,
Jordan Williams,56968,DI,CLEMSON,15,5,2,,0,0,140,0,0,57.0,70.8,56.3,72.4,68.4,69.6,1,4,0,0,,5.0,1,0,1,0.0,0,4,0,0,0,3,302,301,102,174,2,23,0,1,148,151,0,16,14,3,0,9,0,0,0,
Ben Frye,56969,DI,DUKE,8,2,0,,0,0,154,0,0,,64.6,81.1,60.5,64.6,75.8,1,1,0,0,,11.1,1,0,0,0.0,0,1,0,0,0,0,86,86,48,38,0,0,0,0,35,51,0,3,6,1,0,3,0,0,0,
Derrick Tangelo,56970,DI,DUKE,10,6,0,,0,0,154,0,0,65.8,74.5,30.7,71.5,72.0,52.5,4,9,0,0,,11.5,3,0,2,0.0,0,1,0,0,0,0,308,308,67,229,0,12,0,0,173,135,0,13,17,2,0,14,0,0,0,
Kyree Campbell,56972,DI,FLORIDA,13,10,1,,0,1,163,1,0,66.4,71.1,41.6,69.4,70.0,69.1,3,11,0,0,,8.1,3,0,2,0.0,0,2,0,0,0,1,387,387,113,273,0,1,0,0,220,166,0,19,24,4,0,16,0,0,0,
Cory Durden,56976,DI,FLORIDA ST,13,8,2,,1,1,167,0,0,61.3,75.3,58.2,81.7,65.9,36.6,10,28,0,0,,33.3,16,0,2,0.0,0,7,0,2,0,1,721,719,24,267,91,337,0,2,398,322,0,24,24,1,0,45,0,0,0,
Marvin Wilson,56977,DI,FLORIDA ST,9,10,4,100.0,0,1,167,1,0,62.5,90.7,84.3,90.9,80.3,57.1,6,15,0,0,0,18.2,8,0,1,79.2,1,5,0,2,0,0,509,507,35,254,13,205,0,2,291,218,0,25,26,5,1,26,0,0,2,0.0
Keiti Iakopo,56978,DI,FRESNO ST,12,4,0,,0,1,169,0,0,48.4,72.7,0.0,73.1,78.4,30.1,11,20,0,0,,23.3,7,0,7,0.0,0,1,0,1,0,4,587,586,244,336,0,6,0,1,330,253,0,17,19,4,0,32,0,0,0,
Gavin Adcock,56979,DI,GA SOUTHRN,8,1,0,,0,1,174,0,0,60.0,92.1,79.1,73.2,92.2,73.7,0,7,0,0,,0.0,0,0,0,0.0,0,0,0,0,0,0,54,54,43,11,0,0,0,0,28,26,0,2,2,0,0,7,0,0,0,
Joe Davies,56986,DI,KANSAS ST,13,2,0,,0,0,199,0,0,,60.7,79.6,54.6,64.1,76.8,1,2,0,0,,0.0,0,0,0,0.0,0,0,0,0,0,0,150,149,0,131,0,18,0,1,77,73,0,4,4,1,0,3,0,0,0,
Eli Huggins,56987,DI,KANSAS ST,8,2,0,,0,0,199,0,0,,56.7,76.2,63.2,53.2,74.8,0,2,0,0,,0.0,0,0,0,0.0,0,0,0,0,0,0,40,40,6,32,0,2,0,0,18,22,0,2,3,1,0,2,0,0,0,
Drew Wiley,56988,DI,KANSAS ST,13,7,0,,0,0,199,0,0,63.7,72.0,82.2,60.6,73.4,37.5,1,9,0,0,,20.0,4,0,0,0.0,0,0,0,1,0,0,245,243,23,217,0,3,0,2,116,129,0,5,9,1,0,10,0,0,0,
Zi'Yon Hill-Green,56991,DI,LA LAFAYET,12,15,0,,0,0,207,2,0,64.1,69.6,39.0,61.9,72.8,59.2,3,8,0,0,,10.2,5,0,3,0.0,0,2,0,1,0,1,581,580,194,326,20,40,0,1,288,292,0,21,29,1,0,13,0,0,0,
Ja'Kerrius Wyatt,56997,DI,MIDDLE TN,10,2,0,,0,0,224,0,0,,58.7,79.3,58.8,58.1,74.8,0,0,0,0,,0.0,0,0,0,0.0,0,0,0,0,0,0,76,76,22,47,3,4,0,0,27,49,0,0,2,0,0,0,0,0,0,
Sherman Timbs,56999,ED,MISS STATE,1,0,0,,0,0,227,0,0,,49.8,70.6,57.6,60.0,,0,0,0,0,,,0,0,0,0.0,0,0,0,0,0,0,6,6,0,0,6,0,0,0,4,2,0,0,0,0,0,0,0,0,0,
Damion Daniels,57001,DI,NEBRASKA,11,4,0,,0,0,238,0,0,60.0,53.6,84.3,57.7,51.3,77.8,0,1,0,0,,7.1,1,0,0,0.0,0,0,0,0,0,0,189,189,112,76,1,0,0,0,67,122,0,6,9,0,0,1,0,0,0,
Dom Peterson,57002,ED,NEVADA,12,3,1,,0,2,239,0,0,62.0,89.9,66.3,84.3,87.3,78.6,2,25,0,0,,6.3,2,0,1,0.0,0,9,0,0,0,2,591,591,6,27,167,391,0,0,316,273,0,31,27,5,0,36,0,0,0,
Dante Johnson,57003,DI,NC STATE,2,1,0,,0,0,248,0,0,,43.5,72.1,59.6,45.9,72.4,0,0,0,0,,0.0,0,0,0,0.0,0,0,0,0,0,0,8,8,8,0,0,0,0,0,2,6,0,0,0,0,0,0,0,0,0,
Larrell Murchison,57004,ED,NC STATE,12,12,3,100.0,1,0,248,2,0,46.4,73.9,70.1,65.3,80.9,46.5,5,18,0,0,2,21.2,11,0,1,79.2,1,6,0,0,0,2,604,602,72,65,116,349,0,2,332,270,0,27,29,5,1,29,0,2,9,2.0
Weston Kramer,57007,DI,N ILLINOIS,12,8,0,,0,0,254,0,0,65.9,72.9,68.8,54.8,81.2,38.7,1,10,0,0,,18.5,5,0,1,0.0,0,0,0,11,0,0,510,499,150,345,1,3,0,11,257,253,0,12,14,2,0,11,0,0,0,
Zacchaeus McKinney,57018,DI,OKLAHOMA,1,0,0,,0,0,261,0,0,,84.5,69.0,67.8,62.7,70.1,0,0,0,0,,0.0,0,0,0,0.0,0,0,0,0,0,0,3,3,1,2,0,0,0,0,2,1,0,1,1,1,0,0,0,0,0,
Brendon Evers,57020,DI,OKLA STATE,10,1,1,,0,0,262,0,0,,59.5,44.7,66.5,55.5,31.6,2,5,0,0,,33.3,2,0,1,0.0,0,0,0,0,0,0,189,188,143,44,0,1,0,1,97,92,0,2,3,0,0,7,0,0,0,
Cameron Washington,57022,DI,DOMINION,11,3,0,,0,0,263,0,0,61.1,41.7,83.9,51.5,36.9,24.2,0,2,0,0,,44.4,4,0,0,0.0,0,0,0,0,0,0,189,189,82,107,0,0,0,0,100,89,0,1,2,0,0,2,0,0,0,
Evan Presta,57023,DI,PENN STATE,1,0,0,,0,0,266,0,0,,59.1,71.0,58.2,60.0,,0,0,0,0,,,0,0,0,0.0,0,0,0,0,0,0,6,6,4,2,0,0,0,0,5,1,0,0,0,0,0,0,0,0,0,
Fred Hansard,57025,DI,PENN STATE,12,8,0,,0,0,266,0,0,51.6,52.4,81.5,55.0,54.7,60.5,0,1,0,0,,6.7,1,0,0,0.0,0,1,0,0,0,1,196,196,37,155,2,2,0,0,106,89,0,7,6,3,0,2,0,0,0,
Pono Davis,57028,DI,SMU,13,6,0,,0,0,287,0,0,60.0,73.5,86.9,73.4,68.8,58.0,11,11,0,0,,12.0,3,0,0,0.0,0,3,0,0,0,0,560,560,239,307,0,14,0,0,286,274,0,11,16,2,0,25,0,0,0,
Caeveon Patton,57033,ED,TEXAS ST,12,17,0,,0,1,314,0,0,60.1,77.4,84.6,58.1,84.1,70.8,2,6,0,0,,7.1,4,0,0,0.0,0,1,0,1,0,1,578,577,16,153,62,346,0,1,257,320,0,23,35,2,0,9,0,0,0,
Travon Mathis,57034,DI,TROY,8,5,0,,0,0,318,0,0,60.2,54.1,10.7,62.3,52.6,79.5,1,5,0,0,,0.0,0,0,2,0.0,0,1,0,0,0,0,192,191,4,137,12,38,0,1,103,89,0,3,4,0,0,7,0,0,0,
Marlon Tuipulotu,57035,DI,USC,12,11,3,,0,1,326,0,0,68.3,70.4,49.3,62.1,68.9,52.0,1,17,0,0,,15.6,7,0,2,0.0,0,3,0,1,0,1,513,512,38,470,0,4,0,1,264,248,0,24,27,4,0,21,0,0,0,
Brandon Pili,57036,DI,USC,13,4,3,,0,1,326,0,0,55.9,70.8,66.4,63.1,75.8,55.3,2,20,0,0,,27.3,6,0,1,0.0,0,2,0,4,0,2,500,496,36,417,6,37,0,4,291,207,0,12,12,4,0,24,0,0,0,
John Penisini,57037,DI,UTAH,14,12,2,,1,2,328,0,0,62.5,81.5,68.9,65.0,90.6,63.5,2,11,0,0,,11.1,4,0,1,0.0,0,2,0,0,0,3,545,545,47,475,0,23,0,0,331,211,0,20,20,3,0,15,0,0,0,
Morris Joseph Jr.,57038,DI,MEMPHIS,14,5,0,,0,0,218,0,0,58.2,69.4,82.9,64.6,70.5,47.2,0,7,0,0,,16.7,5,0,0,0.0,0,1,0,0,0,0,349,349,2,304,10,33,0,0,173,176,0,17,20,1,0,8,0,0,0,
Javaree Jackson,57039,DI,WYOMING,12,7,1,,0,1,351,1,0,57.2,73.3,69.5,65.5,77.4,50.9,5,26,0,1,,20.0,8,0,1,0.0,0,3,0,2,0,0,624,622,16,528,0,78,0,2,357,267,0,23,25,4,0,34,0,0,0,
Ben Mason,57070,TE,MICHIGAN,5,0,0,,0,0,222,0,0,60.0,64.1,0.0,60.1,68.9,73.4,0,0,0,0,,0.0,0,0,2,0.0,0,0,0,0,0,0,62,62,6,54,0,2,0,0,26,36,0,2,3,0,0,0,0,0,0,
Chris Elmore,57090,TE,SYRACUSE,7,3,0,,0,0,304,0,0,,79.3,78.4,64.7,80.8,62.6,2,0,0,0,,10.0,1,0,1,0.0,0,0,0,0,0,0,74,74,9,63,0,2,0,0,31,43,0,5,6,1,0,2,0,0,0,
Devan Barrett,57152,CB,AUBURN,4,1,0,0.0,0,0,115,0,0,59.8,61.7,74.5,60.0,65.9,74.2,0,0,0,0,,0.0,0,0,0,39.6,0,0,0,9,34,17,43,0,0,0,0,0,0,43,1,25,0,0,0,0,1,0,0,0,0,
Abram Smith,57158,HB,BAYLOR,1,0,0,,0,0,118,0,0,,60.0,60.0,60.0,,,0,0,0,0,,,0,0,0,0.0,0,0,0,0,0,0,1,0,0,0,0,0,0,1,1,0,0,0,0,0,0,0,0,0,0,
Tyrek Tisdale,57200,HB,FAU,2,0,0,,0,0,165,0,0,,60.0,60.0,60.0,60.0,,0,0,0,0,,,0,0,0,0.0,0,0,0,0,0,0,2,0,0,0,0,0,0,2,1,1,0,0,0,0,0,0,0,0,0,
Ronnie Rivers,57208,HB,FRESNO ST,1,0,0,,0,0,169,0,0,,60.1,60.0,,60.0,,0,0,0,0,,,0,0,0,0.0,0,0,0,0,0,0,1,0,0,0,0,0,0,1,0,1,0,0,0,0,0,0,0,0,0,
Isaac Vance,57262,WR,KENT STATE,1,0,0,,0,0,201,0,0,,60.0,60.0,,60.0,,0,0,0,0,,,0,0,0,0.0,0,0,0,0,0,0,1,0,0,0,0,0,0,1,0,1,0,0,0,0,0,0,0,0,0,
Zach Johnson,57265,S,KENTUCKY,3,0,0,0.0,0,0,202,0,0,56.9,60.9,75.2,,60.0,72.3,0,0,0,0,,0.0,0,0,0,39.6,0,0,0,1,0,14,19,0,0,0,0,0,12,19,0,5,5,1,1,0,1,0,0,0,0,
Jakyle Holmes,57274,HB,LA MONROE,1,0,0,,0,0,209,0,0,,60.1,60.0,,60.0,,0,0,0,0,,,0,0,0,0.0,0,0,0,0,0,0,1,0,0,0,0,0,0,1,0,1,0,0,0,0,0,0,0,0,0,
Javon Leake,57288,HB,MARYLAND,1,0,0,,0,0,215,0,0,,60.1,60.0,,60.0,,0,0,0,0,,,0,0,1,0.0,0,0,0,0,0,0,1,0,0,0,0,0,0,1,0,1,0,0,0,0,0,0,0,0,0,
Tayon Fleet-Davis,57290,HB,MARYLAND,1,0,0,,0,0,215,0,0,,60.0,60.0,,60.0,,0,0,0,0,,,0,0,0,0.0,0,0,0,0,0,0,1,0,0,0,0,0,0,1,0,1,0,0,0,0,0,0,0,0,0,
KeShun Wells,57304,WR,OLE MISS,1,0,0,,0,0,226,0,0,,45.1,60.0,,60.0,19.1,0,0,0,0,,100.0,1,0,0,0.0,0,0,0,0,0,0,1,0,0,0,0,0,0,1,0,1,0,0,0,0,0,0,0,0,0,
Isaiah Woullard,57305,HB,OLE MISS,1,0,0,,0,0,226,0,0,,60.0,60.0,,60.0,,0,0,0,0,,,0,0,0,0.0,0,0,0,0,0,0,1,0,0,0,0,0,0,1,0,1,0,0,0,0,0,0,0,0,0,
C.J. Holmes,57361,CB,PENN STATE,1,0,0,,0,0,266,0,0,60.0,50.0,0.0,,60.0,,0,0,0,0,,,0,0,1,0.0,0,0,0,2,0,1,4,0,0,0,0,0,0,4,0,3,2,0,0,0,0,0,0,0,0,
Cyrus Habibi-Likio,57379,HB,OREGON,2,0,0,,0,0,264,0,0,,60.0,60.1,,60.0,,0,0,0,0,,,0,0,0,0.0,0,0,0,0,0,0,2,0,0,0,0,0,0,2,0,2,0,0,0,0,0,0,0,0,0,
Zander Horvath,57384,HB,PURDUE,1,0,0,,0,0,273,0,0,,60.0,60.0,,60.0,,0,0,0,0,,,0,0,1,0.0,0,0,0,0,0,0,1,0,0,0,0,0,0,1,0,1,0,0,0,0,0,0,0,0,0,
Aslan Pugh,57388,LB,RUTGERS,2,2,0,,0,0,278,0,0,62.4,74.0,73.6,,75.4,76.1,0,0,0,0,,0.0,0,0,0,0.0,0,0,0,19,0,7,19,0,0,0,0,0,0,19,0,12,0,0,0,0,0,0,0,0,0,
Tra Minter,57401,HB,S ALABAMA,2,0,0,,0,0,288,0,0,,60.0,60.0,,60.0,,0,0,0,0,,,0,0,0,0.0,0,0,0,0,0,0,2,0,0,0,0,0,0,2,0,2,0,0,0,0,0,0,0,0,0,
Allen Stritzinger,57419,CB,SYRACUSE,10,0,0,33.3,0,0,304,0,0,68.3,70.8,82.5,54.5,79.2,74.8,0,0,0,0,16,7.7,1,2,2,42.4,4,0,0,20,1,68,145,1,0,0,1,0,4,144,11,66,119,4,12,0,12,0,0,35,29,8.8
Kyle Harrell,57437,ED,UAB,12,0,0,,0,0,321,0,0,71.2,71.1,81.8,69.9,55.6,78.9,1,3,0,0,,0.0,0,0,0,0.0,0,2,0,5,0,2,65,60,0,0,60,0,0,5,51,12,0,4,3,1,0,6,0,0,0,
Lucious Stanley,57439,HB,UAB,1,0,0,,0,0,321,0,0,,60.3,60.0,,60.0,,0,0,0,0,,,0,0,0,0.0,0,0,0,0,0,0,1,0,0,0,0,0,0,1,0,1,0,0,0,0,0,0,0,0,0,
De'Marco Guidry,57463,LB,UTSA,3,2,0,100.0,0,0,331,1,0,43.2,41.7,76.6,59.9,48.1,63.9,0,0,0,0,30,16.7,1,0,0,118.8,2,0,0,45,0,13,46,0,0,0,0,0,0,46,1,32,0,2,3,0,2,0,0,40,41,20.0
Alec Sinkfield,57476,HB,W VIRGINIA,1,0,0,,0,0,343,0,0,,60.1,60.0,,60.0,,0,0,0,0,,,0,0,0,0.0,0,0,0,0,0,0,1,0,0,0,0,0,0,1,0,1,0,0,0,0,0,0,0,0,0,
Marcelis Logan,57478,HB,W KENTUCKY,3,0,0,,0,0,346,0,0,60.0,55.6,60.0,,60.0,,0,0,0,0,,,0,0,0,0.0,0,0,0,0,0,1,3,0,0,0,0,0,0,3,0,2,0,0,0,0,0,0,0,0,0,
Lakota Wills,57664,ED,AIR FORCE,8,5,1,69.2,0,0,101,1,0,54.1,75.2,88.7,80.2,76.5,59.6,7,10,0,0,59,15.4,6,0,0,117.1,9,2,0,45,0,84,384,327,0,1,326,0,1,57,144,156,11,16,28,4,13,19,1,99,57,11.0
Kyle Johnson,57665,LB,AIR FORCE,13,14,1,71.0,0,1,101,0,0,68.6,68.6,85.4,75.4,60.9,63.6,6,11,1,1,31,15.7,14,1,0,79.5,22,4,0,600,1,348,726,44,0,0,44,0,4,682,77,301,76,38,61,2,31,21,0,236,124,10.7
Christopher Musselman,57667,LB,AIR FORCE,5,1,0,100.0,0,0,101,0,0,72.8,73.1,75.0,66.8,61.6,48.8,0,2,0,0,-2,25.0,1,0,0,79.2,1,1,0,31,0,5,31,0,0,0,0,0,0,31,10,16,0,2,2,1,1,3,0,-2,0,-2.0
Jake Ksiazek,57668,ED,AIR FORCE,13,6,1,,0,2,101,1,0,56.9,69.9,83.8,64.1,73.4,61.9,1,6,0,0,,21.4,3,0,0,0.0,0,4,0,4,0,7,202,198,2,32,119,45,0,4,121,74,0,6,5,0,0,11,0,0,0,
Dean Ramicone,57670,ED,AKRON,2,0,0,,0,0,102,0,0,,60.1,69.5,,60.0,,0,0,0,0,,,0,0,0,0.0,0,0,0,0,0,0,3,3,0,0,3,0,0,0,0,3,0,0,0,0,0,0,0,0,0,
Bubba Arslanian,57671,LB,AKRON,12,28,1,75.0,1,1,102,0,0,50.2,62.3,79.8,85.4,64.0,80.0,3,4,0,0,35,10.5,12,2,1,136.1,18,2,0,487,0,211,601,36,0,0,36,0,0,565,31,359,78,38,74,3,24,9,6,184,119,10.2
Vandarius Cowan,57677,ED,W VIRGINIA,2,2,0,0.0,0,0,343,0,0,53.4,56.7,0.0,62.0,62.7,80.0,1,0,0,0,,0.0,0,0,1,39.6,0,1,0,19,0,8,56,37,0,0,37,0,0,19,18,30,0,3,3,0,1,2,0,0,0,
Markail Benton,57678,LB,ALABAMA,8,4,0,81.8,0,0,103,0,0,57.6,59.3,81.3,53.8,64.1,48.1,0,0,0,0,22,20.0,5,1,0,95.5,9,0,0,141,3,89,156,9,0,0,9,0,0,147,15,52,3,8,16,1,11,0,0,76,70,8.4
Christopher Allen,57679,ED,ALABAMA,12,3,0,100.0,0,0,103,0,0,62.9,70.1,84.9,64.5,71.6,54.2,3,5,0,0,7,18.2,2,0,0,83.3,2,1,0,5,0,15,188,176,0,2,170,4,0,12,98,75,7,5,6,4,2,9,0,8,14,4.0
D'Marco Jackson,57691,LB,APP STATE,13,14,0,65.2,0,0,108,0,0,56.3,73.6,83.5,59.1,88.6,66.9,2,5,0,0,26,13.6,9,2,0,104.3,15,2,0,385,2,202,438,5,0,0,5,0,2,433,47,189,44,33,43,3,23,9,1,184,74,12.3
Tim Frizzell,57692,DI,APP STATE,9,2,0,,0,0,108,0,0,60.0,57.9,0.0,66.3,54.4,42.3,0,3,0,0,,33.3,1,0,1,0.0,0,0,0,0,0,0,50,50,0,11,10,29,0,0,33,17,0,0,0,0,0,3,0,0,0,
Tony Fields II,57698,LB,ARIZONA,12,28,0,72.4,0,1,109,0,0,52.8,60.9,0.0,79.8,61.2,52.0,8,9,0,1,24,18.1,23,2,5,84.4,21,2,0,580,1,293,723,125,0,0,125,0,0,598,95,335,16,40,76,5,29,19,1,173,122,8.2
Anthony Pandy,57699,ED,ARIZONA,12,16,0,92.6,0,1,109,0,0,38.2,54.1,90.0,58.0,62.0,54.7,3,5,0,1,33,17.3,14,0,0,135.3,25,2,0,299,9,211,675,339,0,0,338,1,0,336,140,324,28,24,51,3,27,10,3,305,173,12.2
Colin Schooler,57700,LB,ARIZONA,12,28,0,73.2,0,0,109,2,0,60.2,63.5,61.9,65.6,63.6,65.4,2,9,0,0,30,13.8,17,2,1,98.0,30,2,0,797,0,399,847,20,0,0,20,0,0,827,57,391,29,48,78,8,41,13,1,264,149,8.8
JB Brown,57701,ED,ARIZONA,12,3,1,100.0,0,0,109,0,0,60.0,51.2,44.8,54.9,51.0,64.6,2,5,0,0,-12,14.3,3,0,2,79.2,1,2,0,0,0,0,429,426,13,149,210,54,0,3,237,192,2,10,15,2,1,9,0,-12,-4,-12.0
Kyle Soelle,57702,ED,ARIZONA ST,12,6,2,75.0,0,0,110,0,0,50.0,49.7,86.5,56.9,46.9,53.7,0,6,0,0,23,16.7,3,0,0,109.9,6,1,0,54,0,37,250,184,0,0,183,1,0,66,98,115,12,6,9,1,8,7,0,87,39,14.5
Hayden Henry,57707,LB,ARKANSAS,10,6,0,63.6,0,1,111,0,0,80.3,65.6,81.6,72.0,48.1,51.0,2,0,0,0,22,18.5,5,2,0,110.4,7,1,0,123,2,52,198,59,0,0,59,0,0,139,31,115,13,13,16,2,11,3,1,66,51,9.4
Kyrei Fisher-Morris,57709,LB,OREGON ST,1,2,0,,0,0,265,0,0,,72.8,68.6,,71.1,79.8,0,0,0,0,,0.0,0,0,0,0.0,0,0,0,8,0,0,8,0,0,0,0,0,0,8,0,8,0,0,2,0,0,0,0,0,0,
Gabe Richardson,57710,ED,ARKANSAS,10,9,0,,0,1,111,0,0,55.1,54.3,86.3,54.6,54.3,48.1,4,6,0,0,,18.8,6,0,0,0.0,0,2,0,1,0,9,393,391,0,10,357,24,0,2,202,182,1,12,17,1,0,12,0,0,0,
Caleb Bonner,57713,LB,ARK STATE,13,15,0,63.8,0,0,113,0,0,74.8,59.6,67.8,49.1,47.7,72.2,1,5,1,1,26,12.2,9,2,2,72.2,30,0,0,709,1,480,993,69,0,0,69,0,0,924,49,464,213,29,50,4,47,6,1,211,160,7.0
Joe Stephenson,57715,ED,ARMY,8,2,0,100.0,0,0,114,0,0,55.5,66.5,84.7,53.9,73.9,83.8,0,2,0,0,14,12.5,1,0,0,98.6,3,0,0,17,1,22,137,95,0,0,95,0,0,42,19,96,23,3,5,0,3,2,0,23,19,7.7
Jon Rhattigan,57718,LB,ARMY,1,0,0,,0,0,114,0,0,,62.6,66.3,,60.5,,0,0,0,0,,,0,0,0,0.0,0,0,0,2,0,0,2,0,0,0,0,0,0,2,0,2,0,0,0,0,0,0,0,0,0,
Kieren Douglas,57719,LB,PURDUE,1,0,0,,0,0,273,0,0,,65.8,68.5,,63.5,,0,0,0,0,,,0,0,0,0.0,0,0,0,4,0,0,4,0,0,0,0,0,0,4,0,4,0,0,0,0,0,0,0,0,0,
Jeremiah Lowery,57722,ED,ARMY,12,12,0,100.0,0,0,114,0,0,57.8,62.2,70.6,56.5,66.4,73.6,0,9,0,0,18,10.8,4,0,1,132.8,8,1,0,14,2,86,540,496,0,0,496,0,0,44,150,304,27,14,21,2,8,10,2,51,6,6.4
Big Kat Bryant,57725,ED,AUBURN,13,5,1,100.0,0,0,115,1,0,50.6,61.7,12.5,60.9,71.3,48.1,11,18,0,0,18,38.1,8,0,6,143.8,3,2,0,15,1,17,648,629,0,9,586,34,2,19,392,239,1,9,8,1,3,31,1,27,34,9.0
Chandler Wooten,57726,LB,AUBURN,13,4,0,61.5,0,0,115,1,0,58.8,54.3,83.1,51.5,52.2,36.7,1,4,0,1,13,25.7,9,0,0,69.4,8,0,0,227,3,128,283,41,0,0,41,0,0,242,21,134,10,12,22,2,13,5,1,70,56,8.8
K.J. Britt,57727,LB,AUBURN,13,24,0,66.7,0,2,115,0,0,70.1,84.6,85.0,62.7,89.8,66.1,3,2,0,0,64,13.4,11,1,0,140.3,10,2,0,507,4,251,541,16,0,0,16,0,0,525,35,255,14,38,47,5,15,7,2,155,149,15.5
T.D. Moultry,57728,ED,AUBURN,11,2,0,,0,0,115,0,0,48.9,61.4,0.0,69.7,62.8,26.5,3,12,0,0,,71.4,5,0,3,0.0,0,1,0,4,0,2,183,179,0,0,175,4,0,4,102,79,0,1,0,0,0,16,0,0,0,
Brock Burns,57730,ED,BALL ST,12,3,0,100.0,0,0,117,0,0,65.3,63.9,85.1,56.6,67.8,67.5,1,3,0,0,6,9.1,1,0,0,79.2,2,1,0,17,0,11,119,98,0,0,98,0,0,21,72,36,4,5,7,0,2,5,0,4,4,2.0
Sam Helm,57732,ED,BALL ST,1,0,0,,0,0,117,0,0,,52.3,74.7,56.8,54.6,,0,0,0,0,,,0,0,0,0.0,0,0,0,0,0,0,11,11,0,0,11,0,0,0,5,6,0,0,0,0,0,0,0,0,0,
Hank Grenda,57733,LB,BALL ST,6,3,0,100.0,0,0,117,0,0,60.3,68.3,76.6,62.8,77.1,83.6,0,0,0,0,12,0.0,0,0,0,116.7,1,0,0,71,0,45,80,2,0,0,2,0,0,78,7,28,7,4,7,0,1,0,0,12,1,12.0
Jimmy Daw,57734,LB,BALL ST,12,6,0,94.1,0,0,117,1,0,47.7,62.1,86.2,66.8,75.6,73.1,3,3,0,0,22,14.3,4,1,0,101.0,16,2,0,97,1,91,287,72,0,0,72,0,0,215,67,129,117,12,18,2,17,8,0,140,109,8.8
Jalen Pitre,57737,LB,BAYLOR,4,2,0,66.7,0,0,118,0,0,62.4,70.3,75.5,64.3,80.3,76.4,0,0,0,0,10,9.1,1,0,0,71.5,2,1,0,47,0,49,88,6,0,0,6,0,0,82,5,34,34,4,8,0,3,1,0,10,11,5.0
Bryson Jackson,57738,LB,BAYLOR,3,3,0,66.7,0,0,118,0,0,64.5,59.4,75.1,55.9,51.3,44.9,1,1,0,0,9,28.6,2,0,0,70.1,2,0,0,41,0,38,72,2,0,0,2,0,0,70,3,31,29,1,2,0,3,2,0,9,10,4.5
Terrel Bernard,57739,LB,BAYLOR,14,27,0,83.3,0,0,118,2,1,75.5,69.9,59.2,65.5,61.8,67.8,6,18,0,1,31,15.8,19,2,1,84.6,25,4,0,697,0,342,761,18,0,0,18,0,1,743,93,326,44,43,74,7,30,28,0,229,157,9.2
Ashton Logan,57740,LB,BAYLOR,3,2,0,,0,0,118,0,0,71.4,52.7,75.3,51.3,40.1,54.3,0,1,0,0,,16.7,1,0,0,0.0,0,0,0,39,0,15,41,0,0,0,0,0,0,41,4,22,2,2,3,0,0,1,0,0,0,
Michael McNair,57741,LB,BAYLOR,2,0,0,,0,0,118,0,0,60.3,36.2,72.1,56.1,33.3,26.4,0,1,0,0,,50.0,1,0,0,0.0,0,0,0,15,0,2,15,0,0,0,0,0,0,15,3,10,0,1,1,0,0,1,0,0,0,
Roman Kafentzis,57744,LB,BOISE ST,1,0,0,,0,0,120,0,0,,48.6,67.9,,52.6,72.2,0,0,0,0,,0.0,0,0,0,0.0,0,0,0,1,0,0,3,1,0,0,1,0,0,2,0,3,1,1,1,1,0,0,0,0,0,
Riley Whimpey,57745,LB,BOISE ST,14,22,0,67.7,0,1,120,1,0,75.0,70.1,33.1,64.9,65.1,72.1,4,4,0,0,26,11.6,10,6,3,85.6,21,2,0,718,0,399,785,10,0,0,10,0,3,775,59,327,54,32,54,4,31,10,0,201,150,9.6
Benton Wickersham,57748,LB,BOISE ST,14,27,1,74.1,0,1,120,0,0,77.4,66.7,84.5,57.5,56.5,66.6,1,6,0,1,23,11.8,8,2,0,71.2,20,2,0,598,1,354,678,18,0,0,18,0,1,660,47,277,60,19,33,2,27,9,0,148,134,7.4
Ezekiel Noa,57750,LB,BOISE ST,4,6,0,100.0,0,0,120,0,0,70.2,68.7,77.8,64.3,63.7,73.2,0,4,0,0,12,10.3,3,0,0,99.4,7,1,0,173,0,85,176,1,0,0,1,0,0,175,9,82,2,15,20,3,7,5,0,55,38,7.9
Aisa Kelemete,57751,ED,BOISE ST,3,1,0,,0,0,120,0,0,60.0,59.3,76.3,57.2,60.3,31.7,1,0,0,0,,50.0,1,0,0,0.0,0,0,0,0,0,1,32,32,0,3,22,7,0,0,18,13,0,0,0,0,0,1,0,0,0,
Paul Theobald,57753,LB,BOSTON COL,7,6,0,100.0,0,0,121,0,0,48.8,54.5,77.5,58.3,59.9,50.8,0,0,0,0,19,6.3,1,0,0,142.4,3,0,0,63,0,24,76,5,0,0,5,0,0,71,3,49,8,6,9,2,3,0,1,26,-4,8.7
Isaiah McDuffie,57754,LB,BOSTON COL,4,6,0,72.7,0,0,121,0,0,52.3,56.0,23.7,62.3,59.7,79.7,2,5,0,0,18,6.9,2,0,1,89.2,8,2,0,65,0,64,186,74,0,0,74,0,0,112,52,70,47,13,21,2,11,9,0,70,23,8.8
Reggie Terry Jr.,57756,ED,BOSTON COL,1,0,0,,0,0,121,0,0,,61.4,70.5,59.9,61.1,,0,0,0,0,,,0,0,0,0.0,0,0,0,0,0,0,5,5,0,0,5,0,0,0,1,4,0,0,0,0,0,0,0,0,0,
Kholbe Coleman,57757,LB,BOWL GREEN,12,23,0,82.6,1,1,122,1,0,54.5,59.7,63.4,64.3,61.7,71.3,1,9,0,0,26,11.8,12,1,1,99.6,19,2,1,614,0,295,778,84,0,0,84,0,9,694,61,422,69,42,67,3,23,12,0,182,124,9.6
Jerry Roberts,57759,ED,BOWL GREEN,11,14,1,93.8,0,1,122,0,0,45.6,50.1,28.2,57.9,53.5,69.4,0,4,0,0,40,10.9,7,0,4,158.3,15,2,0,162,0,169,612,328,0,0,328,0,1,284,108,335,119,28,43,3,16,6,5,212,96,14.1
Henry Segura,57775,LB,CHARLOTTE,13,17,1,82.4,0,1,136,0,0,78.4,63.4,85.1,62.3,50.0,49.3,4,7,1,2,23,18.9,17,0,0,94.5,14,1,0,486,2,235,654,32,0,0,32,0,3,622,59,360,131,37,56,9,17,12,2,115,99,8.2
Jonathan Francois,57781,LB,FAU,4,2,0,50.0,0,0,165,0,0,57.6,65.6,72.2,53.6,76.6,80.8,1,0,0,0,3,0.0,0,0,0,56.3,1,0,0,29,0,12,31,0,0,0,0,0,0,31,6,13,2,1,3,0,2,1,0,3,9,3.0
Baylon Spector,57782,LB,CLEMSON,14,6,0,66.7,0,0,140,0,0,58.0,65.7,0.0,58.5,76.1,40.7,2,5,0,0,22,25.6,10,0,2,84.0,6,2,0,245,0,104,297,32,0,0,32,0,0,265,44,149,19,17,23,4,9,9,0,57,21,9.5
Landon Holden,57783,LB,CLEMSON,1,1,0,,0,0,140,0,0,,75.9,66.1,,69.3,73.6,0,0,0,0,,0.0,0,0,0,0.0,0,0,0,2,0,0,2,0,0,0,0,0,0,2,0,2,0,0,0,0,0,0,0,0,0,
Nate Landman,57788,LB,COLORADO,12,23,0,87.5,0,0,143,0,0,59.4,62.8,62.7,63.4,63.6,59.1,4,9,0,1,31,15.1,21,4,1,98.6,49,2,0,729,0,375,804,59,1,0,58,0,1,745,80,349,15,49,95,6,56,15,1,449,295,9.2
Jonathan Van Diest,57791,LB,COLORADO,6,4,0,83.3,0,1,143,0,0,46.1,40.3,79.4,67.1,35.2,45.2,0,2,0,0,49,22.7,5,0,0,118.8,5,1,0,154,0,69,177,4,0,0,4,0,0,173,15,93,19,7,13,0,6,3,0,86,90,17.2
Carson Wells,57792,ED,COLORADO,10,6,1,69.6,0,0,143,0,0,69.3,66.2,90.3,58.3,65.9,68.5,1,10,0,1,23,10.6,5,1,0,68.0,16,1,0,54,0,124,532,440,0,0,439,1,0,92,213,195,38,21,36,1,23,12,0,144,109,9.0
Jacob Callier,57793,ED,COLORADO,3,0,0,,0,0,143,0,0,60.7,56.1,0.0,62.2,61.8,72.2,0,2,0,0,,0.0,0,0,1,0.0,0,0,0,9,0,3,22,13,0,0,13,0,0,9,17,2,0,1,1,0,0,2,0,0,0,
Bruce Bivens,57795,LB,E CAROLINA,12,13,0,78.9,0,0,156,1,0,49.1,46.8,53.1,55.5,48.0,42.2,1,6,0,0,39,20.5,15,0,2,115.8,15,1,0,630,1,285,649,7,0,0,7,0,0,642,31,333,11,28,45,0,19,8,1,144,126,9.6
Terry Myrick,57801,LB,E MICHIGAN,13,25,1,85.3,0,1,160,0,0,58.6,53.7,60.4,71.5,48.7,79.6,0,5,0,0,64,9.2,9,0,1,112.7,29,2,0,687,2,349,805,20,0,0,20,0,0,785,42,414,96,34,64,6,34,7,1,296,236,10.2
Desean Boyd,57802,LB,E MICHIGAN,2,0,0,,0,0,160,0,0,60.8,64.6,70.2,57.0,66.5,76.1,0,0,0,0,,0.0,0,0,0,0.0,0,0,0,7,0,3,7,0,0,0,0,0,0,7,2,2,0,2,2,0,0,0,0,0,0,
Quaylin Crum,57807,LB,FLORIDA,1,0,0,,0,0,163,0,0,,62.0,64.4,,60.0,,0,0,0,0,,,0,0,0,0.0,0,0,0,2,0,0,2,0,0,0,0,0,0,2,0,2,0,0,0,0,0,0,0,0,0,
Ventrell Miller,57809,LB,FLORIDA,12,15,0,75.0,0,0,163,0,0,79.4,76.7,83.9,84.3,63.8,48.7,3,6,0,0,15,20.3,14,1,0,81.3,18,4,0,383,6,205,452,13,0,0,13,0,1,439,25,222,48,30,40,4,24,13,0,96,113,5.3
James Houston,57810,LB,FLORIDA,13,7,0,83.3,0,1,163,0,0,47.7,55.2,9.0,77.8,58.0,52.2,3,5,0,0,52,21.6,8,0,2,102.4,10,4,0,173,1,100,200,12,0,1,11,0,1,188,15,85,12,15,22,4,12,12,0,103,94,10.3
Lacedrick Brunson,57811,LB,FLORIDA,10,3,0,85.7,0,0,163,0,0,64.0,73.3,80.7,72.5,77.0,88.1,1,0,0,0,34,0.0,0,0,0,107.7,6,2,0,108,0,72,141,8,0,0,8,0,3,133,11,58,22,8,14,3,7,3,0,69,74,11.5
Hosea Barnwell V,57818,LB,FAU,13,15,0,80.0,0,1,165,0,0,53.4,58.7,0.0,46.9,73.2,61.5,1,7,0,0,17,12.7,8,0,3,90.7,20,0,0,490,0,249,565,34,0,0,34,0,1,531,82,234,40,29,40,0,25,8,0,144,91,7.2
Akileis Leroy,57821,LB,FAU,13,18,0,76.5,0,5,165,0,0,74.8,87.3,0.0,82.2,90.9,77.6,10,7,0,3,34,12.3,13,1,4,80.8,26,6,0,507,0,252,628,50,0,0,50,0,4,578,78,298,65,54,75,9,34,23,2,262,138,10.1
DeCalon Brooks,57822,LB,FLORIDA ST,11,4,0,92.9,0,0,167,0,0,29.6,39.4,81.6,58.4,53.0,27.9,1,2,0,0,42,40.0,8,0,0,142.6,13,0,0,118,0,73,165,32,0,0,32,0,3,133,23,69,12,2,8,0,14,3,1,195,148,15.0
Joseph Garcia,57823,LB,FLORIDA ST,1,0,0,,0,0,167,0,0,,60.0,60.0,,60.0,,0,0,0,0,,,0,0,0,0.0,0,0,0,0,0,0,1,0,0,0,0,0,0,1,0,1,0,0,0,0,0,0,0,0,0,
Leonard Warner III,57826,LB,FLORIDA ST,12,24,0,91.2,0,0,167,0,0,46.3,56.1,87.7,63.3,61.2,59.7,3,10,0,0,31,17.1,13,1,0,113.7,31,2,0,552,3,309,731,93,0,0,93,0,2,638,90,332,81,22,39,1,34,15,1,304,231,9.8
Mykal Walker,57834,ED,FRESNO ST,12,16,2,86.7,0,1,169,1,0,75.8,71.2,92.8,60.1,68.8,78.4,7,15,0,0,18,6.7,6,0,0,96.1,13,3,0,333,1,255,889,490,1,1,486,2,1,399,242,392,64,41,68,6,15,25,0,106,48,8.2
Alex Cruz,57835,ED,FRESNO ST,11,4,0,50.0,0,1,169,2,0,65.7,70.9,0.0,78.8,68.4,66.1,3,4,0,0,2,12.5,3,0,3,56.3,1,1,0,19,2,29,220,187,0,0,179,8,0,33,84,107,12,9,17,3,2,8,0,2,6,2.0
Jaden Hunter,57837,LB,W KENTUCKY,9,2,0,100.0,0,0,346,0,0,62.5,55.9,76.9,59.9,50.7,26.0,0,0,0,0,7,44.4,4,0,0,93.8,2,1,0,87,0,35,107,3,0,0,3,0,0,104,9,63,14,3,3,0,2,1,0,13,20,6.5
Nate McBride,57838,LB,GEORGIA,6,1,0,0.0,0,0,173,0,0,79.3,67.6,0.0,56.9,59.6,51.2,0,0,0,0,,18.2,2,1,1,39.6,0,0,0,46,0,24,59,4,0,0,4,0,0,55,3,32,9,3,8,1,3,0,0,0,0,
Monty Rice,57839,LB,GEORGIA,14,12,1,72.2,1,0,173,0,0,64.0,73.5,51.6,90.8,67.9,60.3,5,9,0,0,24,16.0,16,1,1,94.7,26,0,0,543,5,287,575,15,0,0,15,0,0,560,64,224,11,40,72,4,36,14,1,200,162,7.7
Robert Beal Jr.,57840,ED,GEORGIA,5,3,0,100.0,0,0,173,0,0,,84.8,78.9,69.6,85.6,79.7,0,4,0,0,15,0.0,0,0,0,118.8,1,0,0,2,0,0,61,59,0,0,57,2,0,2,27,34,0,4,6,0,1,4,0,15,7,15.0
Walter Grant,57841,ED,GEORGIA,11,1,0,100.0,0,0,173,0,0,55.7,62.5,84.8,65.4,63.4,80.8,0,4,0,0,7,0.0,0,0,1,87.5,3,1,0,4,3,28,126,97,0,0,96,1,0,29,35,63,22,3,4,1,3,5,0,15,15,5.0
Stedman Waiters,57845,ED,GA SOUTHRN,2,0,0,,0,0,174,0,0,,60.5,65.8,60.0,60.0,,0,0,0,0,,,0,0,0,0.0,0,0,0,1,0,0,2,1,0,0,1,0,0,1,1,1,0,0,0,0,0,0,0,0,0,
Tre Allen,57846,LB,GA SOUTHRN,1,1,0,,0,0,174,0,0,,66.1,66.2,,63.2,73.2,0,0,0,0,,0.0,0,0,0,0.0,0,0,0,2,0,0,2,0,0,0,0,0,0,2,0,2,0,0,0,0,0,0,0,0,0,
Chris Harris Jr.,57847,LB,GA SOUTHRN,13,4,0,80.0,0,0,174,0,0,62.9,56.6,80.8,65.7,47.8,59.1,1,3,0,0,9,26.7,4,0,0,90.0,4,0,0,176,0,81,195,13,0,0,13,0,0,182,22,92,4,3,7,1,5,4,0,28,21,7.0
Amaud Willis-Dalton,57851,LB,HOUSTON,7,7,0,58.3,0,0,182,0,0,71.2,65.7,2.6,65.5,56.8,74.3,0,4,0,1,15,11.8,2,1,1,71.2,7,0,0,86,0,93,167,24,0,0,24,0,1,143,7,67,56,3,8,0,12,4,2,45,23,6.4
David Anenih,57853,ED,HOUSTON,12,5,2,100.0,1,0,182,0,0,58.8,75.2,34.9,80.2,70.3,68.1,11,21,0,0,17,15.8,3,0,3,118.8,1,5,0,46,1,44,515,468,0,6,438,24,0,47,266,205,0,14,11,2,1,37,0,17,12,17.0
Derek Parish,57854,ED,HOUSTON,12,3,0,100.0,0,1,182,1,0,43.1,80.8,63.8,72.8,86.4,63.9,4,18,0,0,8,10.3,3,0,1,100.0,1,2,0,23,0,11,361,338,1,11,304,22,0,23,177,173,0,18,23,4,1,24,0,8,9,8.0
Marc Mondesir,57869,ED,ILLINOIS,4,1,0,,0,0,187,0,0,,63.7,79.1,57.5,65.7,75.2,0,0,0,0,,0.0,0,0,0,0.0,0,0,0,1,0,0,44,43,0,0,39,4,0,1,18,26,0,0,1,0,0,0,0,0,0,
Thomas Allen,57874,LB,INDIANA,8,7,0,100.0,0,0,190,0,0,54.4,61.4,78.0,61.5,65.6,46.0,0,0,0,0,10,23.1,6,0,0,94.8,4,0,0,113,0,46,126,6,0,0,6,0,0,120,6,74,7,10,13,1,4,0,0,27,26,6.8
Jake Hummel,57879,LB,IOWA STATE,13,2,0,63.6,0,0,193,0,0,69.2,68.1,84.1,53.7,67.5,64.7,1,3,1,1,20,12.5,4,1,1,70.3,7,0,0,206,1,103,248,18,0,0,18,0,0,230,37,108,22,18,26,5,11,4,1,60,35,8.6
O'Rien Vance,57881,LB,IOWA STATE,12,17,0,73.7,0,1,193,1,0,38.7,60.0,85.3,75.5,66.4,50.5,7,16,0,0,48,21.2,14,0,0,124.2,14,6,0,601,0,263,623,13,0,0,13,0,4,610,95,265,4,29,35,2,19,29,1,197,102,14.1
Kyron Johnson,57890,LB,KANSAS,12,12,0,88.9,0,0,198,0,0,67.0,58.4,85.7,65.7,48.9,69.8,5,6,0,0,38,13.0,10,1,1,103.9,24,1,0,562,0,291,670,20,0,0,20,0,2,650,42,337,86,29,55,4,27,12,0,241,161,10.0
Cooper Root,57891,LB,KANSAS,3,1,0,100.0,0,0,198,0,0,54.8,45.4,74.3,,42.2,42.2,0,0,0,0,7,25.0,1,0,0,93.8,2,0,0,24,0,12,25,0,0,0,0,0,0,25,0,13,1,1,2,0,2,0,0,13,18,6.5
Jay Dineen,57893,LB,KANSAS,10,6,0,82.4,0,0,198,0,0,45.1,47.0,79.6,69.9,47.9,54.8,0,1,0,0,52,17.0,8,1,0,158.0,14,1,0,265,1,109,297,1,0,0,1,0,0,296,12,176,29,21,33,3,17,2,2,227,192,16.2
Da'Quan Patton,57896,LB,KANSAS ST,13,11,0,61.9,0,0,199,0,0,66.0,56.1,88.0,48.9,49.9,51.9,1,5,0,2,38,18.5,15,2,0,48.2,13,0,0,472,0,264,544,26,0,0,26,0,2,518,34,246,42,31,55,2,21,6,0,172,106,13.2
Blake Richmeier,57897,LB,KANSAS ST,3,0,0,,0,0,199,0,0,62.0,44.6,70.3,,41.0,73.1,0,0,0,0,,0.0,0,0,0,0.0,0,0,0,13,0,5,13,0,0,0,0,0,0,13,0,8,0,1,1,0,0,0,0,0,0,
Cepeda Phillips,57900,LB,KENT STATE,13,20,0,81.0,1,0,201,0,0,47.7,69.0,9.3,81.1,75.0,79.0,2,10,0,0,39,8.9,8,0,3,113.1,17,2,0,765,0,274,800,11,0,0,11,0,0,789,86,440,24,41,62,5,21,14,0,234,138,13.8
Kesean Gamble,57903,ED,KENT STATE,13,20,0,90.9,0,0,201,1,0,69.6,74.0,91.5,63.0,76.2,77.5,4,9,0,0,34,9.9,7,0,0,109.5,10,3,0,25,1,133,617,516,0,0,515,1,2,101,143,341,73,24,44,2,11,16,0,113,119,11.3
William Nalty,57904,LB,KENTUCKY,1,1,0,100.0,0,0,202,0,0,54.9,57.0,70.0,57.3,63.9,74.3,0,0,0,0,15,0.0,0,0,0,118.8,1,0,0,14,0,11,17,0,0,0,0,0,0,17,2,4,3,0,0,0,1,0,0,15,18,15.0
Jamin Davis,57905,LB,KENTUCKY,12,8,0,64.3,0,0,202,0,0,54.1,67.1,83.0,84.3,68.2,68.3,2,7,0,1,22,10.3,3,0,3,58.3,9,1,0,170,0,94,214,18,0,0,18,0,0,196,27,93,25,7,18,0,14,10,0,109,62,12.1
Jordan Wright,57907,ED,KENTUCKY,13,7,1,87.5,0,1,202,2,1,67.4,68.5,38.0,71.4,63.0,70.2,2,10,0,0,11,12.5,4,0,2,90.6,7,4,0,23,6,63,379,319,0,0,319,0,0,60,162,154,31,19,21,3,8,16,0,46,38,6.6
Josh Paschal,57908,ED,KENTUCKY,13,2,0,66.7,0,2,202,0,0,58.6,74.7,89.2,66.7,81.8,73.6,0,7,0,0,16,12.1,4,0,1,83.3,4,4,0,11,7,63,427,371,1,62,299,9,0,56,154,210,37,26,27,6,6,11,0,37,29,9.3
Randy Hogan,57929,LB,LA TECH,4,0,0,60.0,0,1,208,0,0,54.2,50.7,72.9,56.4,53.6,73.2,1,0,0,0,41,0.0,0,0,0,93.8,3,0,0,27,0,13,29,0,0,0,0,0,0,29,2,14,2,1,1,0,5,1,0,50,27,16.7
Tristan Allen,57930,ED,LA TECH,12,6,0,66.7,0,1,208,2,0,64.9,58.1,47.0,57.6,55.6,79.7,1,3,0,0,12,10.5,2,0,1,72.9,6,2,0,39,3,52,282,223,0,3,213,7,0,59,102,128,17,8,11,0,9,6,0,33,21,5.5
Hunter Smith,57931,LB,LA MONROE,7,2,0,,0,0,209,0,0,64.7,56.7,76.7,53.2,54.1,57.9,0,1,0,0,,14.3,1,0,0,0.0,0,0,0,70,0,17,78,6,0,0,6,0,0,72,8,53,1,3,4,0,0,1,0,0,0,
Rashaad Harding,57932,LB,LA MONROE,12,13,1,81.8,0,0,209,0,0,60.6,71.3,85.2,74.2,71.7,59.0,2,4,0,0,27,15.0,9,1,1,95.1,9,3,0,338,1,151,366,22,0,0,22,0,0,344,26,189,5,24,38,4,11,9,0,75,65,8.3
Nick Okeke,57936,ED,LOUISVILLE,12,6,0,60.0,0,0,210,0,0,54.0,58.2,87.4,57.4,60.3,69.5,0,3,0,0,10,13.6,3,0,0,67.9,3,1,0,21,2,50,252,212,0,0,212,0,0,40,75,127,17,7,13,0,5,4,0,19,13,6.3
Dorian Etheridge,57937,LB,LOUISVILLE,13,16,4,70.4,0,0,210,1,0,53.5,65.5,0.0,82.4,69.1,53.3,5,10,0,1,77,17.8,16,3,3,132.1,19,1,0,676,0,297,716,28,0,0,28,0,6,688,65,354,5,41,58,9,27,16,5,306,208,16.1
Tabarius Peterson,57939,ED,LOUISVILLE,13,9,0,100.0,0,0,210,1,0,67.8,67.5,44.3,61.7,68.0,42.5,4,13,0,0,6,22.7,5,0,2,91.7,1,0,0,4,0,2,472,468,0,4,120,344,0,4,244,226,0,5,8,0,1,17,0,6,8,6.0
Malik Clark,57940,ED,LOUISVILLE,13,2,0,,0,0,210,0,0,,60.2,80.7,58.1,60.6,52.5,0,5,0,0,,14.3,1,0,0,0.0,0,1,0,0,0,0,227,227,0,2,34,191,0,0,109,118,0,3,4,1,0,6,0,0,0,
Patrick Queen,57941,LB,LSU,15,18,0,69.7,0,0,211,1,0,81.8,74.4,34.1,68.2,64.7,65.4,5,10,0,1,20,14.1,14,2,3,79.2,23,3,0,702,4,393,780,25,0,0,25,0,7,755,79,308,41,40,67,11,33,18,1,171,148,7.4
Jacob Phillips,57942,LB,LSU,15,17,0,63.3,0,1,211,0,0,52.1,65.6,85.2,54.8,76.0,88.8,2,7,0,0,30,5.2,5,1,1,94.3,19,0,0,638,3,364,758,34,0,0,34,0,1,724,64,330,81,33,75,5,30,9,1,204,140,10.7
K'Lavon Chaisson,57945,ED,LSU,13,5,2,90.9,3,1,211,0,0,61.7,73.1,19.2,79.8,70.7,61.8,7,22,0,0,23,17.5,10,1,6,95.1,10,7,0,15,0,101,745,705,0,1,703,1,0,40,364,280,24,31,42,7,11,36,0,75,69,7.5
Domenick Murphy,57948,LB,MARSHALL,6,2,0,80.0,0,0,214,1,0,33.0,48.0,77.2,57.7,74.2,80.0,0,0,0,0,12,0.0,0,0,0,98.3,4,0,0,55,0,28,59,1,0,0,1,0,0,58,2,29,2,2,3,1,5,0,0,38,32,9.5
Tyler Brown,57951,LB,MARSHALL,13,12,0,72.2,0,0,214,0,0,51.7,64.4,82.4,71.3,73.7,69.7,4,4,0,0,61,15.8,6,0,0,105.1,13,4,1,205,1,154,423,60,0,0,60,0,0,363,36,233,156,17,20,1,18,12,0,185,96,14.2
Jaquan Yulee,57953,ED,MARSHALL,2,3,0,,0,0,214,0,0,77.1,77.8,78.6,72.7,64.5,81.9,2,1,0,0,,0.0,0,1,0,0.0,0,1,0,14,0,11,54,34,0,0,25,9,1,20,20,23,5,2,1,0,0,4,0,0,0,
Ayinde Eley,57955,LB,MARYLAND,11,18,0,86.5,0,0,215,2,0,42.0,48.2,87.0,62.7,52.2,51.1,5,6,0,1,37,17.9,19,2,0,122.9,32,1,0,530,7,282,630,44,0,0,44,0,2,586,50,298,46,26,69,1,37,12,3,359,279,11.2
Bruce Miller,57956,LB,MARYLAND,2,0,0,,0,0,215,0,0,55.5,53.7,65.5,,62.1,25.9,0,0,0,0,,100.0,1,0,0,0.0,0,0,0,8,0,1,8,0,0,0,0,0,0,8,0,7,0,0,0,0,0,0,0,0,0,
Tyler Garvey,57957,LB,MEMPHIS,4,1,0,0.0,0,0,218,0,0,62.7,74.6,75.1,72.2,72.8,78.2,0,0,0,0,,0.0,0,0,0,39.6,0,1,0,13,0,10,18,0,0,0,0,0,0,18,0,8,5,2,1,0,1,1,0,0,0,
J.J. Russell,57958,LB,MEMPHIS,14,11,0,57.7,0,0,218,1,0,72.5,51.7,0.0,66.1,37.8,67.7,4,9,0,0,16,11.9,8,4,4,70.0,15,2,0,583,1,284,687,20,0,0,20,0,0,667,67,336,82,30,48,4,26,15,0,124,97,8.3
Nate Robinson,57967,LB,MIAMI OH,6,2,0,,0,0,221,0,0,61.8,51.9,73.9,,49.8,43.1,0,0,0,0,,37.5,3,0,0,0.0,0,0,0,28,0,5,32,2,0,0,2,0,0,30,0,27,1,1,3,0,0,0,0,0,0,
Ryan Newton,57968,ED,MIAMI OH,3,1,0,,0,0,221,0,0,,64.7,75.8,64.7,62.2,44.1,0,0,0,0,,50.0,1,0,0,0.0,0,0,0,0,0,0,25,25,0,0,25,0,0,0,7,18,0,0,0,0,0,0,0,0,0,
Drew Singleton,57970,LB,RUTGERS,10,8,0,80.0,0,0,278,0,0,66.5,69.5,81.5,83.3,62.9,74.7,2,1,0,0,22,7.1,2,0,0,92.5,4,1,0,205,1,82,213,3,0,0,3,0,0,210,11,120,3,12,18,2,5,4,0,31,22,7.8
Josh Ross,57971,LB,MICHIGAN,3,4,0,50.0,0,0,222,0,0,72.7,56.1,0.0,68.8,44.6,58.0,1,0,0,0,6,15.8,3,0,1,56.3,2,0,0,100,1,34,106,1,0,0,1,0,0,105,8,64,4,9,12,0,4,1,0,7,13,3.5
Jordan Anthony,57972,LB,MICHIGAN,6,2,0,66.7,0,0,222,0,0,59.6,69.3,79.9,52.6,74.8,72.1,2,0,0,0,18,6.7,1,0,0,92.4,2,0,0,91,0,22,93,2,0,0,2,0,0,91,8,63,0,7,12,0,3,2,0,25,17,12.5
Brent Mossburg,57973,ED,MICH STATE,1,0,0,,0,0,223,0,0,,49.5,71.0,56.9,57.3,,0,0,0,0,,,0,0,0,0.0,0,0,0,0,0,0,6,6,0,0,6,0,0,0,4,2,0,0,0,0,0,0,0,0,0,
Noah Harvey,57974,LB,MICH STATE,12,10,1,52.4,0,0,223,0,0,60.4,64.6,83.0,61.1,67.7,59.1,2,7,0,0,20,16.7,7,1,0,83.2,11,3,0,242,0,124,344,57,0,0,57,0,1,287,80,140,44,18,25,1,21,12,1,109,92,9.9
Antjuan Simmons,57975,LB,MICH STATE,13,15,2,73.7,0,2,223,1,0,63.8,66.9,86.7,68.6,66.6,70.9,1,10,0,1,40,15.5,15,1,0,82.1,42,4,0,433,1,395,865,105,0,0,105,0,2,760,111,359,324,47,67,13,57,15,0,354,256,8.4
Dante Razzano,57978,LB,MICH STATE,1,0,0,,0,0,223,0,0,60.0,60.4,63.9,,,,0,0,0,0,,,0,0,0,0.0,0,0,0,1,0,1,1,0,0,0,0,0,0,1,0,0,0,0,0,0,0,0,0,0,0,
DQ Thomas,57979,LB,MIDDLE TN,12,22,2,85.0,0,2,224,0,0,67.7,67.0,86.5,62.7,65.3,59.4,4,8,0,0,14,15.4,14,0,0,87.7,17,3,0,516,4,249,812,253,0,8,243,2,0,559,156,407,37,33,55,11,20,15,0,101,115,5.9
Cain McWilliams,57980,LB,MIDDLE TN,3,0,0,,0,0,224,0,0,60.0,62.7,66.2,,61.0,,0,0,0,0,,,0,0,0,0.0,0,0,0,4,0,1,4,0,0,0,0,0,0,4,0,3,0,0,0,0,0,0,0,0,0,
Brenden Williams,57985,ED,OLE MISS,8,0,0,100.0,0,0,226,0,0,53.8,60.4,79.4,70.8,51.5,72.2,1,1,0,0,4,0.0,0,0,0,83.3,1,0,0,2,0,5,39,30,0,0,30,0,0,9,19,15,6,1,1,0,1,2,0,4,7,4.0
Momo Sanogo,57986,LB,OLE MISS,1,4,0,100.0,0,0,226,0,0,66.0,67.4,74.1,67.6,62.8,83.3,0,2,0,0,3,11.1,1,0,0,79.2,2,0,0,57,0,23,62,0,0,0,0,0,0,62,2,37,5,4,4,0,2,2,0,-1,3,-0.5
Willie Gay,57987,LB,MISS STATE,5,4,1,71.4,2,1,227,2,0,90.0,83.5,0.0,77.6,71.0,78.3,3,5,1,1,33,10.0,3,0,2,103.9,5,0,0,151,0,64,177,9,0,0,9,0,0,168,27,86,17,13,23,4,7,8,1,71,36,14.2
Aubrey Miller Jr.,57993,LB,MISSOURI,1,0,0,,0,0,229,0,0,62.3,64.9,65.2,,60.1,74.3,0,0,0,0,,0.0,0,0,0,0.0,0,0,0,4,0,2,4,0,0,0,0,0,0,4,0,2,0,0,1,0,0,0,0,0,0,
Jamal Brooks,57996,LB,MISSOURI,7,3,0,83.3,0,0,229,0,0,63.5,74.4,78.3,67.1,78.3,77.3,0,4,0,0,10,5.3,1,0,0,120.1,5,0,0,87,1,45,112,22,0,0,22,0,0,90,4,63,2,8,15,1,6,4,1,20,8,4.0
Austin Talbert-Loving,58010,LB,NAVY,4,1,0,,0,0,237,1,0,66.7,85.6,75.4,75.1,85.5,42.1,1,0,0,0,,33.3,1,1,0,0.0,0,1,0,23,0,11,26,2,0,0,2,0,0,24,4,11,1,1,1,0,0,2,0,0,0,
Ian Blake,58012,ED,NAVY,3,0,0,,0,0,237,0,0,62.1,61.0,74.7,56.9,60.2,,0,0,0,0,,,0,0,0,0.0,0,0,0,0,0,4,10,9,0,0,9,0,0,1,3,3,1,0,0,0,0,0,0,0,0,
Griffin Baumoel,58016,LB,MIAMI OH,2,0,0,,0,0,221,0,0,60.0,43.5,0.0,,58.6,74.3,0,0,0,0,,0.0,0,0,1,0.0,0,0,0,9,0,1,9,0,0,0,0,0,0,9,0,8,0,1,1,0,0,0,0,0,0,
Andrew Ward,58023,LB,C MICHIGAN,8,4,0,57.1,0,1,134,0,0,62.2,58.1,13.4,55.6,57.9,68.2,1,0,0,0,19,10.0,1,2,1,116.7,4,0,0,107,0,63,162,40,0,0,40,0,2,122,9,90,13,4,5,1,7,1,1,46,54,11.5
Avery Roberts,58025,LB,OREGON ST,11,29,0,86.8,0,0,265,0,0,55.5,62.5,52.9,68.3,64.3,68.7,7,9,0,0,50,13.2,14,1,1,121.7,33,1,0,573,0,276,637,10,0,0,10,0,0,627,97,264,54,32,63,3,38,17,1,422,349,12.8
Mar'Quette Jackson,58026,CB,NEVADA,9,2,0,77.8,0,0,239,0,0,37.3,46.3,87.3,59.6,65.9,53.7,0,0,0,0,37,18.2,4,0,0,150.5,14,0,0,17,0,100,210,46,0,0,46,0,3,164,2,108,144,3,16,0,18,0,2,202,79,14.4
Trevor Price,58030,LB,NEVADA,2,0,0,,0,0,239,0,0,64.5,69.8,75.8,58.0,71.0,72.2,0,0,0,0,,0.0,0,0,0,0.0,0,0,0,14,0,12,31,15,0,0,15,0,0,16,4,15,2,0,1,0,0,0,0,0,0,
Kyle Adams,58031,LB,NEVADA,13,9,0,62.5,0,1,239,0,0,71.9,64.1,79.6,55.8,59.7,60.2,1,4,0,0,21,20.9,9,0,0,72.4,5,0,0,350,0,155,450,56,0,0,56,0,0,394,68,227,44,19,25,2,8,5,0,35,33,7.0
Lamin Touray,58033,LB,NEVADA,11,7,0,50.0,0,0,239,0,0,56.1,59.9,80.5,59.1,63.5,71.3,1,0,0,0,28,7.1,1,0,0,79.2,2,0,0,121,0,58,123,1,0,0,1,0,0,122,7,58,1,5,6,0,4,1,0,34,24,17.0
Brandon Shook,58037,LB,NEW MEXICO,12,6,0,80.0,0,0,241,0,0,61.1,64.4,10.4,51.5,70.5,62.8,1,3,0,0,8,14.8,4,0,1,121.3,4,0,0,125,0,52,179,44,0,0,44,0,0,135,16,111,10,5,17,0,5,4,1,18,16,4.5
Jeremiah Gemmel,58043,LB,N CAROLINA,13,19,0,70.7,1,3,245,1,0,45.6,54.6,31.6,63.0,60.8,70.5,2,10,0,0,39,12.9,12,2,3,99.1,29,4,0,730,0,379,816,25,0,0,25,0,0,791,91,346,60,35,62,6,41,16,0,375,209,12.9
Louis Acceus,58047,LB,NC STATE,8,11,0,73.3,0,0,248,0,0,66.1,74.3,86.7,74.1,69.2,71.5,0,10,0,0,51,10.9,5,0,0,99.6,11,5,0,434,0,209,447,10,0,0,10,0,1,437,78,160,2,22,30,3,15,15,0,131,112,11.9
Isaiah Moore,58049,LB,NC STATE,11,7,0,91.3,1,1,248,0,0,34.0,50.2,27.9,58.9,64.1,56.0,4,15,0,0,57,17.9,10,0,2,120.7,21,3,0,495,0,237,595,71,0,0,71,0,2,524,123,235,26,22,39,2,23,22,1,218,205,10.4
Chris Thornton,58060,LB,N TEXAS,1,0,0,,0,0,251,0,0,,60.0,61.7,,60.0,,0,0,0,0,,,0,0,0,0.0,0,0,0,1,0,0,1,0,0,0,0,0,0,1,0,1,0,0,0,0,0,0,0,0,0,
Jordan Cole,58069,LB,N ILLINOIS,10,8,0,68.0,0,0,254,0,0,69.9,64.9,51.2,55.5,61.8,52.4,0,4,0,0,21,19.1,9,0,1,73.9,17,1,1,237,0,219,512,84,0,0,83,1,3,428,43,250,188,21,30,5,25,5,0,91,69,5.4
Rayshawn Gay,58071,LB,N ILLINOIS,2,0,0,0.0,0,0,254,0,0,63.9,65.5,75.4,74.7,55.4,37.4,1,0,0,0,,50.0,1,0,0,39.6,0,0,0,24,0,11,29,1,0,0,1,0,1,28,3,15,3,0,1,0,1,1,0,0,0,
Michael Kennedy,58072,ED,N ILLINOIS,9,2,1,100.0,0,0,254,0,0,63.0,69.4,81.8,65.2,66.8,79.5,0,1,0,0,7,0.0,0,0,0,95.8,1,1,0,4,0,6,84,77,0,0,77,0,1,7,46,32,2,3,4,1,1,2,0,7,5,7.0
Chris Bergin,58080,S,NWESTERN,12,15,0,84.6,0,0,256,0,0,68.1,71.4,88.7,64.9,75.1,51.1,2,1,0,0,26,17.9,14,1,0,105.9,33,1,0,181,4,270,623,116,0,0,116,0,0,507,28,325,322,24,49,5,39,4,1,287,218,8.7
Peter McIntyre,58082,LB,NWESTERN,6,1,0,100.0,0,0,256,0,0,55.0,57.8,76.3,,61.8,73.2,0,0,0,0,9,0.0,0,0,0,104.2,1,0,0,28,0,7,32,0,0,0,0,0,0,32,0,25,4,0,0,0,1,0,0,9,0,9.0
Blake Gallagher,58083,LB,NWESTERN,12,26,0,60.0,0,0,256,0,0,73.9,77.5,88.6,54.3,77.7,71.6,3,5,0,3,35,11.0,11,1,0,65.6,12,0,0,571,0,348,734,26,0,0,26,0,0,708,37,349,137,40,63,3,20,8,1,175,116,14.6
Troy Hudetz,58084,LB,NWESTERN,1,0,0,,0,0,256,0,0,60.0,47.4,66.1,,60.0,,0,0,0,0,,,0,0,0,0.0,0,0,0,2,0,1,2,0,0,0,0,0,0,2,0,1,0,0,0,0,0,0,0,0,0,
Erik Mueller,58085,LB,NWESTERN,7,1,0,100.0,0,0,256,0,0,49.7,68.1,0.0,,86.8,66.9,0,0,0,0,25,14.3,1,0,1,118.8,1,0,0,38,0,9,41,0,0,0,0,0,0,41,0,32,3,3,5,1,1,0,0,25,8,25.0
Jeremiah Owusu-Koramoah,58089,LB,NOTRE DAME,13,11,1,80.0,0,3,258,2,0,77.2,76.2,88.1,80.0,67.5,75.8,0,10,0,0,24,12.8,10,2,1,92.1,32,6,0,218,6,291,683,107,0,0,107,0,0,576,54,338,352,34,57,7,40,16,0,244,196,7.6
Drew White,58090,LB,NOTRE DAME,13,15,0,80.0,0,0,258,2,0,64.7,77.7,85.2,77.2,78.8,58.5,1,2,0,0,37,16.1,15,1,0,100.2,16,3,0,597,0,272,621,9,0,0,9,0,0,612,25,324,15,43,63,7,20,6,0,161,112,10.1
T.J. Robinson,58092,LB,OHIO,3,0,0,100.0,0,0,259,0,0,73.3,64.1,70.6,66.9,45.3,79.1,0,1,0,0,4,0.0,0,0,0,83.3,1,0,0,13,0,3,18,0,0,0,0,0,0,18,2,13,4,1,3,0,1,1,0,4,0,4.0
Pete Werner,58093,LB,OHIO STATE,14,9,0,51.4,0,0,260,2,0,74.8,70.8,80.6,47.3,70.1,65.5,1,4,0,0,41,13.9,10,3,1,64.8,18,0,0,407,9,304,590,44,0,0,44,0,9,546,17,269,121,32,53,5,35,5,0,167,75,9.3
Baron Browning,58095,LB,OHIO STATE,12,7,0,65.4,0,0,260,0,0,46.2,62.6,37.9,76.6,70.5,56.6,5,8,0,0,38,17.4,8,1,1,106.9,17,6,0,307,5,179,368,38,0,0,38,0,0,330,57,132,18,25,31,5,26,19,1,234,151,13.8
Levi Draper,58097,LB,OKLAHOMA,4,0,0,100.0,0,0,261,0,0,78.8,72.6,72.0,56.3,55.2,77.9,0,0,0,0,9,0.0,0,0,0,89.6,2,0,0,20,0,15,25,4,0,0,4,0,0,21,3,7,1,2,3,0,2,0,0,11,14,5.5
Kenneth Murray Jr.,58099,LB,OKLAHOMA,14,18,0,87.9,0,0,261,0,0,80.6,67.6,43.3,62.8,58.5,68.6,7,8,0,0,81,11.9,13,2,2,118.4,29,5,0,669,0,393,829,120,0,0,120,0,0,709,86,350,39,66,78,14,33,20,2,250,237,8.6
Patrick Macon,58102,LB,USF,10,20,0,71.4,0,2,327,0,0,41.7,53.6,0.0,76.7,60.5,49.6,4,4,0,0,23,19.3,16,2,3,97.6,10,2,0,395,0,138,416,14,0,0,14,0,0,402,35,243,7,29,47,5,14,10,0,121,94,12.1
Estefano Feliciano Jr.,58104,ED,DOMINION,2,1,0,,0,0,263,0,0,,50.6,75.7,58.3,50.6,26.8,0,0,0,0,,50.0,1,0,0,0.0,0,0,0,0,0,0,15,14,0,1,13,0,0,1,4,11,1,0,0,0,0,0,0,0,0,
Sampson Niu,58107,LB,OREGON,14,3,0,75.0,0,1,264,0,0,64.7,57.4,81.7,61.7,47.2,60.0,0,4,0,1,16,15.4,4,0,0,56.9,9,1,0,171,0,111,218,34,0,0,34,0,0,184,23,84,13,9,19,0,12,5,0,78,65,8.7
Isaac Slade-Matautia,58108,LB,OREGON,14,18,4,82.9,0,0,264,0,0,68.4,65.7,86.5,68.6,58.6,54.1,4,12,0,0,46,18.3,15,7,1,115.9,34,2,0,638,1,399,771,70,0,0,70,0,1,701,82,290,61,29,49,5,41,18,2,324,240,9.5
Brelin Faison-Walden,58110,LB,CHARLOTTE,7,7,0,83.3,0,1,136,0,0,57.7,58.4,81.6,52.8,61.6,78.8,0,3,0,0,15,4.5,1,0,0,134.7,5,0,0,182,0,66,221,11,0,0,11,0,1,210,31,124,27,8,14,2,6,3,1,41,26,8.2
Max Chizmar,58111,LB,PENN STATE,4,2,0,100.0,0,0,266,0,0,55.3,57.6,72.9,,62.4,77.8,0,0,0,0,9,0.0,0,0,0,104.2,1,0,0,17,0,9,18,0,0,0,0,0,0,18,0,9,1,1,1,0,1,0,0,9,3,9.0
Ellis Brooks,58112,LB,PENN STATE,13,4,0,60.0,0,0,266,1,0,62.0,61.1,24.7,71.0,57.0,62.1,1,5,0,0,19,15.4,6,0,1,73.8,6,3,0,280,1,149,292,3,0,0,3,0,0,289,27,116,8,18,29,2,10,9,0,52,35,8.7
Cam Bright,58115,LB,PITTSBURGH,13,16,0,79.4,1,1,268,1,0,74.2,76.5,28.3,82.8,75.2,80.7,7,17,0,0,19,9.7,7,0,3,100.0,27,2,0,278,1,270,571,110,0,0,110,0,1,461,86,215,180,32,49,7,34,26,1,192,139,7.1
Jonah Williams,58118,LB,PURDUE,1,0,0,0.0,0,0,273,0,0,48.4,44.4,65.5,,,,0,0,0,0,,,0,0,0,39.6,0,0,0,5,0,5,5,0,0,0,0,0,0,5,0,0,0,0,0,0,1,0,0,0,0,
Cornel Jones,58119,LB,PURDUE,6,7,0,90.0,0,0,273,0,0,51.1,44.1,80.1,58.0,41.0,49.5,1,1,0,0,23,18.8,6,1,0,101.3,9,1,0,174,0,77,205,13,0,0,13,0,0,192,21,107,18,10,19,2,10,3,0,83,61,9.2
Derrick Barnes,58120,ED,PURDUE,12,13,2,86.7,0,1,273,1,0,62.1,62.9,79.7,63.8,59.6,73.2,4,21,0,0,33,14.5,10,0,1,97.2,13,9,0,23,0,75,783,723,0,0,722,1,0,60,337,371,37,32,46,5,15,34,0,110,103,8.5
Olakunle Fatukasi,58122,LB,RUTGERS,12,13,0,66.7,0,1,278,1,0,79.7,76.1,85.0,71.8,67.5,81.4,1,0,0,0,23,7.9,7,2,0,97.0,12,1,0,529,1,208,569,21,0,0,21,0,0,548,36,325,18,44,69,5,18,2,1,90,51,7.5
CJ Onyechi,58123,ED,RUTGERS,12,7,0,75.0,0,0,278,0,0,81.7,60.1,66.4,61.1,49.8,50.7,3,8,0,0,6,19.0,4,0,1,77.1,3,2,0,13,0,39,388,360,0,2,358,0,0,28,130,219,15,8,10,2,4,13,0,6,9,2.0
Tyshon Fogg,58124,LB,RUTGERS,12,17,0,89.5,0,0,278,0,0,52.2,65.8,81.5,70.3,71.0,82.6,2,4,0,0,50,8.7,8,1,0,118.8,17,2,0,525,0,233,562,11,0,0,11,0,0,551,34,295,25,40,67,1,19,8,0,283,179,16.6
Caden McDonald,58128,ED,S DIEGO ST,13,3,0,80.0,0,0,284,1,0,64.5,55.8,73.7,57.5,47.1,64.3,1,13,0,1,14,17.1,6,0,1,63.8,16,3,0,48,0,137,566,491,0,0,491,0,1,75,218,211,25,21,26,3,20,17,0,86,75,5.4
Andrew Aleki,58129,LB,S DIEGO ST,13,13,1,87.0,1,0,284,0,0,47.9,55.8,63.4,59.4,61.8,31.4,1,6,0,0,30,28.3,13,0,1,97.1,20,1,0,216,0,177,507,247,0,1,245,1,1,260,154,176,43,15,20,3,23,8,0,168,108,8.4
Seyddrick Lakalaka,58130,ED,S DIEGO ST,6,0,0,80.0,0,0,284,0,0,62.9,61.5,81.4,62.1,55.4,50.8,0,2,0,0,20,20.0,2,0,0,95.0,4,1,0,25,0,31,80,44,0,0,44,0,0,36,27,22,11,4,8,0,5,3,0,34,23,8.5
Shaine Hailey,58131,LB,SMU,8,1,0,75.0,0,0,287,0,0,57.9,52.8,77.6,54.9,49.1,40.7,0,0,0,0,20,28.6,4,1,0,95.8,3,0,0,107,0,61,118,3,0,0,3,0,0,115,7,50,8,4,9,1,4,0,0,30,26,10.0
Nick Mobley,58133,LB,S ALABAMA,12,38,0,93.8,0,0,288,0,0,58.9,57.4,83.4,79.6,52.5,76.9,2,10,0,0,28,9.6,10,1,0,139.6,15,2,0,734,0,298,747,3,0,0,3,0,7,744,31,418,3,31,56,1,16,14,1,201,132,13.4
Damani Staley,58136,LB,S CAROLINA,7,6,0,50.0,0,0,289,0,0,69.7,50.9,76.8,55.1,36.9,77.4,0,0,0,0,17,7.7,1,1,0,103.1,2,0,0,96,0,43,112,6,0,0,6,0,2,106,7,62,8,4,6,2,4,0,1,19,2,9.5
Eldridge Thompson,58138,LB,S CAROLINA,1,0,0,,0,0,289,0,0,64.9,68.1,68.3,60.0,63.3,75.8,0,0,0,0,,0.0,0,0,0,0.0,0,0,0,10,0,6,10,0,0,0,0,0,0,10,1,3,0,0,2,0,0,0,0,0,0,
Sherrod Greene,58141,LB,S CAROLINA,12,6,0,82.4,1,0,289,0,0,64.3,69.7,33.0,67.5,74.3,67.2,2,1,0,0,13,12.5,5,0,1,85.3,14,1,0,151,14,111,330,89,0,0,89,0,0,241,30,189,76,23,29,6,17,4,0,76,68,5.4
Troy Kruchten,58154,LB,LA LAFAYET,3,1,0,,0,0,207,0,0,61.5,75.5,73.6,68.6,71.4,76.0,0,0,0,0,,0.0,0,0,0,0.0,0,0,0,18,0,4,18,0,0,0,0,0,0,18,2,12,0,1,1,0,0,0,0,0,0,
Devin Thomas,58156,ED,SO MISS,2,0,0,,0,0,296,0,0,,73.4,69.3,68.3,63.8,75.7,0,1,0,0,,0.0,0,0,0,0.0,0,0,0,1,0,0,4,3,0,0,3,0,0,1,2,2,0,1,2,0,0,1,0,0,0,
Zach Portlock,58157,LB,SO MISS,3,0,0,,0,0,296,0,0,60.3,32.9,67.8,,39.1,,0,0,0,0,,,0,0,0,0.0,0,0,0,6,0,2,6,0,0,0,0,0,0,6,0,4,0,0,0,0,0,0,0,0,0,
Santrell Latham,58158,LB,SO MISS,12,21,0,75.0,0,1,296,0,0,78.3,74.9,41.1,60.4,71.0,71.1,5,5,0,0,39,10.2,6,0,1,98.4,6,1,0,402,1,156,435,19,0,0,19,0,0,416,68,211,12,24,32,5,8,11,0,65,98,10.8
Tyrell Richards,58174,ED,SYRACUSE,10,4,0,50.0,0,0,304,0,0,75.3,62.2,0.0,64.3,60.0,41.5,4,3,0,0,6,33.3,4,1,3,56.3,1,2,0,75,0,34,172,91,0,0,91,0,2,81,46,92,4,6,4,2,2,9,0,6,4,6.0
Audley Isaacs,58177,LB,TEMPLE,6,5,0,42.9,0,0,306,0,0,50.8,48.5,0.0,64.6,49.7,66.5,1,3,0,0,25,11.8,2,0,1,64.0,3,0,0,97,0,67,127,4,0,0,4,0,0,123,6,54,26,4,10,0,7,4,0,44,29,14.7
Cort Jaquess,58183,LB,TEXAS,2,1,0,100.0,0,0,311,0,0,65.2,62.0,72.5,58.4,56.8,49.4,0,0,0,0,8,20.0,1,0,0,100.0,1,0,0,23,0,10,23,0,0,0,0,0,0,23,2,11,0,2,3,0,1,0,0,8,11,8.0
Marqez Bimage,58184,ED,TEXAS,13,1,0,,0,1,311,1,0,49.9,68.1,39.9,67.3,70.7,28.0,4,6,0,0,,30.8,4,0,1,0.0,0,1,0,0,0,3,194,194,0,26,77,91,0,0,111,80,0,8,8,1,0,11,0,0,0,
Anthony Hines III,58187,LB,TEXAS A&M,13,11,0,80.0,0,0,312,0,0,46.0,50.6,82.3,59.3,53.0,59.7,1,5,0,0,44,16.5,14,0,0,103.5,40,0,0,501,14,286,650,28,0,0,28,0,0,622,35,329,107,33,60,10,50,6,1,362,329,9.1
Buddy Johnson,58189,LB,TEXAS A&M,13,17,0,73.5,0,1,312,1,1,45.1,52.3,88.4,62.9,57.1,57.0,3,6,0,0,27,14.0,12,0,0,100.4,25,1,0,716,2,357,751,17,0,0,17,0,1,734,52,342,15,39,57,7,34,10,1,222,195,8.9
Malik Alley,58190,LB,TEXAS ST,4,0,0,100.0,0,0,314,0,0,54.0,60.0,74.6,58.4,64.2,80.9,0,0,0,0,11,0.0,0,0,0,112.5,1,0,0,29,0,8,38,4,0,0,4,0,0,34,2,28,5,2,6,0,1,0,0,11,11,11.0
London Harris,58192,ED,TEXAS ST,1,1,0,,0,0,314,0,0,,58.1,70.3,,58.4,75.7,0,0,0,0,,0.0,0,0,0,0.0,0,0,0,2,0,0,5,3,0,0,3,0,0,2,0,5,0,0,1,0,0,0,0,0,0,
Riko Jeffers,58197,LB,TEXAS TECH,12,14,0,69.4,0,2,315,0,0,29.6,45.7,40.3,61.8,56.1,60.6,4,10,0,0,46,16.7,15,1,2,102.1,25,3,0,604,1,319,830,150,0,0,150,0,0,680,133,378,75,38,61,7,36,17,0,364,189,14.6
Kevin Nixon,58198,ED,TROY,4,2,0,,0,0,318,0,0,70.7,65.2,22.5,60.3,66.7,82.7,0,8,0,0,,8.3,1,0,1,0.0,0,0,0,46,0,10,146,95,0,0,94,1,0,51,75,61,5,7,9,3,0,8,0,0,0,
Carlton Martial,58199,LB,TROY,12,30,1,66.7,1,2,318,1,0,89.4,91.3,90.1,78.0,86.4,59.5,4,18,1,3,20,16.3,24,3,1,51.7,20,3,0,774,0,394,837,51,0,0,51,0,1,786,62,381,10,64,93,14,30,25,1,162,122,8.1
Justin Whisenhunt,58200,LB,TROY,10,6,0,88.2,0,0,318,0,0,54.3,49.8,86.0,51.5,47.8,53.3,1,2,0,0,18,22.0,9,0,0,94.9,15,2,0,188,6,124,334,92,0,0,92,0,0,242,39,171,48,10,26,1,17,5,0,115,60,7.7
Kj Vault,58202,LB,TULANE,3,0,0,0.0,0,0,319,0,0,70.5,73.8,73.0,61.9,69.1,75.3,1,0,0,0,,0.0,0,0,0,39.6,0,1,0,9,1,6,24,5,0,0,5,0,0,19,3,15,8,1,1,0,1,2,0,0,0,
Monty Montgomery,58203,LB,LOUISVILLE,12,2,0,60.0,0,3,210,1,0,52.2,66.9,0.0,87.9,74.3,75.2,0,10,0,0,8,13.6,3,0,3,65.4,3,5,0,129,0,77,163,30,0,0,30,0,0,133,29,57,4,15,17,1,5,15,0,16,19,5.3
Marvin Moody,58204,LB,TULANE,13,11,0,65.4,0,1,319,0,0,47.0,58.9,51.0,67.8,64.7,74.0,4,14,0,0,68,11.1,7,2,1,118.1,17,3,0,513,2,227,561,24,1,0,23,0,0,537,80,254,19,26,45,4,26,21,1,304,232,17.9
Kristopher Moll,58205,LB,UAB,13,25,1,79.4,0,3,321,1,0,72.0,70.8,0.0,85.1,63.0,62.3,7,12,0,1,42,17.1,21,1,4,91.8,27,10,0,715,6,411,833,48,0,0,48,0,1,785,74,348,63,53,77,7,34,29,1,225,171,8.3
Luke Brasher,58207,LB,UAB,12,4,0,60.0,0,0,321,0,0,58.9,63.7,78.7,64.7,65.9,47.9,1,1,0,0,32,31.3,5,1,0,92.1,3,1,0,89,0,52,114,9,0,0,9,0,0,105,15,47,14,3,7,1,5,3,0,48,52,16.0
Thomas Johnston,58210,ED,UAB,14,2,0,100.0,0,0,321,0,0,53.4,46.5,84.1,53.1,44.9,38.7,0,5,0,0,16,30.0,3,0,0,118.8,1,0,0,3,0,3,121,115,0,1,113,1,0,6,55,63,3,3,5,1,1,5,0,16,7,16.0
Fitzgerald Mofor,58214,ED,UAB,14,7,0,50.0,1,0,321,1,0,73.9,73.0,23.1,65.1,79.8,79.3,5,13,0,0,0,7.4,2,0,4,56.3,1,3,0,10,0,10,517,504,0,0,504,0,0,13,272,235,3,16,18,4,2,21,0,0,3,0.0
Jayce Smalley,58226,ED,UCLA,3,0,0,,0,0,324,0,0,61.3,64.1,76.2,63.6,60.6,,1,1,0,0,,,0,0,0,0.0,0,0,0,0,0,4,18,18,0,0,18,0,0,0,7,7,0,0,0,0,0,2,0,0,0,
Farrell Hester II,58232,LB,UNLV,12,20,0,87.5,0,0,325,0,0,57.3,61.4,82.7,55.0,65.0,75.9,0,3,0,0,26,9.0,7,1,0,104.2,21,0,0,482,2,268,560,6,0,0,6,0,1,554,27,265,69,22,51,3,24,3,0,216,153,10.3
Juliano Falaniko,58234,ED,USC,9,1,0,33.3,1,0,326,1,0,52.1,46.5,0.0,58.0,50.8,29.7,1,3,0,0,8,37.5,3,0,3,42.4,1,1,0,7,1,7,122,114,0,0,114,0,0,8,78,37,0,2,4,1,3,5,0,8,5,8.0
Hunter Echols,58237,ED,USC,9,2,0,66.7,0,0,326,1,0,55.2,58.1,87.3,57.0,60.5,26.8,7,6,0,0,18,60.0,6,0,0,95.1,2,2,0,10,0,12,231,221,0,0,221,0,0,10,149,70,0,1,2,0,3,15,0,27,28,13.5
Devin Lloyd,58238,LB,UTAH,14,16,0,72.2,0,0,328,0,0,60.2,69.5,66.9,69.8,72.0,65.2,6,12,1,1,40,15.4,14,2,2,106.1,26,7,0,606,11,380,791,142,0,0,142,0,1,649,113,298,31,40,61,2,36,25,3,239,186,9.2
Maika Magalei,58241,ED,UTAH ST,1,0,0,,0,0,329,0,0,,70.4,69.5,,65.7,73.0,0,0,0,0,,0.0,0,0,0,0.0,0,0,0,0,0,0,3,3,0,0,3,0,0,0,0,3,0,1,1,0,0,0,0,0,0,
Kalaii Griffin,58250,LB,UTEP,5,3,0,71.4,0,0,330,0,0,53.1,48.9,78.1,54.1,46.6,59.3,2,3,0,0,49,25.0,4,0,0,113.7,5,0,0,66,1,39,123,35,0,0,35,0,0,88,19,65,21,8,9,2,7,5,0,109,94,21.8
Brayden DeVault-Smith,58259,LB,VANDERBILT,12,5,0,80.0,0,0,333,0,0,53.0,58.3,2.4,51.9,66.3,55.5,2,0,0,0,20,15.8,3,0,1,110.8,4,0,0,142,0,42,168,12,0,0,12,0,0,156,16,110,14,6,11,0,5,2,0,53,46,13.3
Dimitri Moore,58261,LB,VANDERBILT,12,20,0,70.4,0,0,333,0,0,53.4,52.9,32.8,56.9,55.5,72.1,1,2,0,0,30,11.0,11,2,5,97.3,19,2,0,616,4,294,725,56,0,0,55,1,2,669,55,376,47,42,69,3,27,5,0,237,184,12.5
Michael Owusu,58262,ED,VANDERBILT,7,1,0,,0,0,333,0,0,61.5,58.7,81.9,61.1,55.7,79.7,0,3,0,0,,0.0,0,0,0,0.0,0,0,0,11,0,4,75,59,0,0,59,0,0,16,25,46,5,5,5,3,0,3,0,0,0,
Feleti Afemui,58263,LB,VANDERBILT,10,15,0,85.2,0,1,333,0,0,33.6,31.0,82.6,52.6,33.7,41.3,0,3,0,0,31,20.8,11,0,0,125.9,23,0,0,426,0,181,495,11,0,0,11,0,0,484,22,292,58,11,27,1,27,3,1,304,253,13.2
Rayshard Ashby,58267,LB,VA TECH,13,19,0,70.7,0,2,337,0,0,54.4,75.8,62.2,70.2,89.0,67.4,5,12,0,0,31,14.4,18,2,1,95.8,29,6,0,791,1,426,866,46,0,0,46,0,7,820,86,354,20,64,88,11,41,23,1,262,124,9.0
Dylan Rivers,58269,LB,VA TECH,3,1,0,100.0,0,0,337,0,0,59.1,57.3,72.5,56.3,59.3,75.8,0,1,0,0,14,0.0,0,0,0,118.8,1,0,0,15,0,4,16,0,0,0,0,0,0,16,3,9,0,1,1,0,1,1,0,14,10,14.0
Jaylen Griffin,58270,ED,VA TECH,12,2,0,50.0,0,0,337,2,0,50.1,51.5,57.3,57.0,51.1,27.3,1,10,0,0,12,30.0,6,0,1,67.7,2,3,0,0,0,17,272,272,0,1,259,12,0,0,140,115,0,10,12,1,4,14,0,23,1,11.5
Ariel Ngata,58271,ED,WASHINGTON,10,2,0,66.7,0,0,340,0,0,64.9,52.6,0.0,56.4,59.4,61.1,1,5,0,0,12,8.3,1,0,4,75.7,2,0,0,35,2,38,144,105,0,1,100,4,0,39,59,47,2,6,9,1,3,6,0,13,3,6.5
Joe Tryon-Shoyinka,58272,ED,WASHINGTON,13,9,0,50.0,1,0,340,0,0,69.1,67.2,29.1,70.9,62.0,55.5,4,28,0,0,-2,17.9,7,1,4,56.3,1,9,0,13,4,51,613,589,0,9,509,71,0,24,297,265,7,25,23,2,2,41,0,-2,2,-2.0
Fa'Avae Fa'Avae,58274,ED,WASH STATE,8,0,0,50.0,0,0,341,0,0,55.2,58.6,1.2,63.2,63.1,23.8,2,2,0,0,4,50.0,2,0,1,56.3,1,0,0,4,0,11,69,60,0,0,60,0,0,9,21,37,5,1,2,0,2,4,0,4,0,4.0
Willie Taylor III,58278,ED,WASH STATE,13,5,0,100.0,1,1,341,0,0,47.0,55.4,32.1,66.2,54.7,36.7,10,11,0,0,29,29.0,9,0,3,116.1,7,2,0,21,0,68,479,443,0,1,441,1,0,36,177,234,15,11,17,1,7,23,0,83,39,11.9
Karson Block,58279,ED,WASH STATE,13,8,0,,0,0,341,1,0,61.7,57.6,58.0,55.7,58.6,54.1,2,5,0,0,,20.0,5,0,1,0.0,0,1,0,0,0,2,312,312,0,98,168,46,0,0,143,167,0,9,12,2,0,8,0,0,0,
Quondarius Qualls,58280,ED,W VIRGINIA,7,7,0,100.0,0,0,343,0,0,54.2,61.5,89.5,61.3,62.4,69.0,1,6,0,0,26,12.5,3,0,0,118.8,4,3,0,128,1,50,379,235,0,1,234,0,0,144,144,185,15,10,14,1,4,10,0,50,10,12.5
Kyle Bailey,58289,LB,W KENTUCKY,13,20,0,74.3,0,0,346,0,0,90.4,76.0,58.1,64.5,62.8,74.4,4,9,0,3,47,10.5,12,2,1,61.1,26,2,0,630,1,320,747,36,0,0,36,0,0,711,61,366,80,48,82,4,35,15,1,196,112,7.5
Juwuan Jones,58290,ED,W KENTUCKY,13,6,0,100.0,0,0,346,0,0,80.6,61.4,53.5,56.6,63.5,73.9,0,20,0,0,5,14.6,6,0,3,87.5,1,7,0,1,0,5,772,771,0,9,699,63,0,1,387,380,0,29,29,5,1,27,0,5,6,5.0
Roy McCree,58292,LB,W MICHIGAN,1,0,0,,0,0,347,0,0,,63.0,63.8,,61.8,26.3,0,0,0,0,,100.0,1,0,0,0.0,0,0,0,3,0,0,3,0,0,0,0,0,0,3,0,3,0,0,0,0,0,0,0,0,0,
Treshaun Hayward,58293,LB,W MICHIGAN,13,33,0,90.0,0,1,347,1,0,52.8,54.6,0.0,77.6,53.4,75.1,5,11,0,0,37,10.3,15,1,5,103.7,45,7,0,672,0,396,846,49,0,0,49,0,0,797,76,374,124,46,97,5,50,23,0,445,306,9.9
Corvin Moment,58294,LB,W MICHIGAN,1,0,0,100.0,0,0,347,0,0,79.0,82.7,72.0,65.7,67.7,50.2,0,1,0,0,7,33.3,1,0,0,87.5,2,0,0,15,0,11,19,3,0,0,3,0,0,16,3,5,1,2,2,0,2,1,0,10,4,5.0
Tanner Motz,58296,LB,W MICHIGAN,1,0,0,,0,0,347,0,0,,62.6,68.6,60.0,62.8,,0,1,0,0,,,0,0,0,0.0,0,0,0,6,0,0,6,0,0,0,0,0,0,6,1,5,0,0,0,0,0,1,0,0,0,
Izayah Green-May,58302,ED,WISCONSIN,9,0,0,100.0,0,0,349,0,0,64.5,62.5,22.9,72.6,49.1,24.8,0,3,0,0,10,50.0,3,0,1,108.3,1,1,0,4,0,15,114,105,0,0,105,0,0,9,59,40,3,4,3,0,1,4,0,10,3,10.0
Davon Wells-Ross,58305,ED,WYOMING,11,1,0,,0,1,351,0,0,61.6,66.5,81.6,68.3,58.7,61.5,3,5,0,0,,16.7,2,0,0,0.0,0,1,0,0,0,1,139,139,0,0,129,10,0,0,85,53,0,6,9,0,0,9,0,0,0,
Vinny Labus,58381,LB,N ILLINOIS,11,16,0,57.1,0,0,254,1,0,51.5,49.9,83.8,53.3,51.6,57.0,1,1,0,0,30,16.4,10,1,0,86.3,8,2,0,494,1,207,519,8,0,0,8,0,6,511,37,275,10,19,35,1,14,4,0,123,38,15.4
Tyler Shelvin,58438,DI,LSU,15,13,1,,0,0,211,0,0,67.3,80.4,57.9,63.6,88.3,60.7,1,5,0,0,,7.7,3,0,2,0.0,0,0,0,0,0,0,568,567,431,136,0,0,0,1,316,252,0,17,23,2,0,6,0,0,0,
Mike Flowers,58440,DI,NAVY,6,3,1,,0,1,237,0,0,60.0,70.3,79.9,61.3,73.4,39.9,0,5,0,0,,27.3,3,0,0,0.0,0,1,0,0,0,1,148,148,2,107,16,23,0,0,76,71,0,5,5,2,0,6,0,0,0,
Gjemar Daniels,58442,DI,TEXAS ST,8,1,0,,0,0,314,0,0,60.0,66.7,83.2,54.0,70.8,77.5,0,1,0,0,,0.0,0,0,0,0.0,0,0,0,0,0,0,174,174,152,20,0,2,0,0,76,98,0,4,8,0,0,1,0,0,0,
Justis Borton,58443,DI,WYOMING,2,0,0,,0,0,351,0,0,,51.3,69.8,60.0,55.3,,0,0,0,0,,,0,0,0,0.0,0,0,0,0,0,0,4,4,1,3,0,0,0,0,1,3,0,0,0,0,0,0,0,0,0,
Peyton Nance,58517,DI,AUBURN,2,0,0,,0,0,115,0,0,,64.1,71.3,58.0,64.6,,0,0,0,0,,,0,0,0,0.0,0,0,0,0,0,0,11,11,1,10,0,0,0,0,3,8,0,0,0,0,0,0,0,0,0,
Netori Johnson,59702,DI,GEORGIA,4,1,0,,0,0,173,0,0,,81.3,77.4,73.2,78.1,74.5,0,3,0,0,,0.0,0,0,0,0.0,0,1,0,0,0,0,49,49,11,38,0,0,0,0,24,25,0,4,3,1,0,4,0,0,0,
Kyron Taylor,59826,DI,MARSHALL,1,0,0,,0,0,214,0,0,,61.5,69.8,59.2,61.2,,0,0,0,0,,,0,0,0,0.0,0,0,0,0,0,0,6,6,0,6,0,0,0,0,3,3,0,0,0,0,0,0,0,0,0,
Jess Speight,59853,DI,MICHIGAN,7,0,0,,0,0,222,0,0,,54.7,77.7,54.9,55.4,43.8,0,0,0,0,,25.0,1,0,0,0.0,0,0,0,0,0,0,64,64,10,54,0,0,0,0,24,40,0,3,3,0,0,0,0,0,0,
Amir Johnson,59912,DI,NEVADA,4,1,0,,0,0,239,0,0,,50.6,75.4,59.3,50.3,73.7,0,0,0,0,,0.0,0,0,0,0.0,0,0,0,0,0,0,25,25,17,1,0,7,0,0,4,21,0,1,2,0,0,0,0,0,0,
Tate Haynes,60348,CB,BOSTON COL,13,5,0,79.1,0,1,121,0,0,43.6,45.2,85.9,78.7,44.8,32.6,0,0,0,1,60,29.4,15,1,0,134.3,34,1,0,47,170,250,445,0,0,0,0,0,6,445,7,188,222,9,31,0,43,1,4,478,194,14.1
Evan Fochtman,60473,S,NAVY,13,7,0,48.6,0,0,237,0,0,60.3,62.7,88.8,68.2,64.5,78.2,0,1,0,2,47,12.2,6,3,0,58.6,17,1,0,209,4,343,673,5,0,0,5,0,216,668,7,323,239,10,36,1,35,2,1,255,88,15.0
Avery Davis,60502,HB,NOTRE DAME,1,0,0,,0,0,258,0,0,60.0,62.4,60.0,,,,0,0,0,0,,,0,0,0,0.0,0,0,0,0,0,1,1,0,0,0,0,0,0,1,0,0,0,0,0,0,0,0,0,0,0,
Austin Upshaw,60528,WR,SMU,1,0,0,,0,0,287,0,0,,54.1,60.0,,60.0,,0,0,0,0,,0.0,0,0,0,0.0,0,0,0,0,0,0,1,0,0,0,0,0,0,1,0,1,0,0,1,0,0,0,0,0,0,
Connor Blumrick,60558,HB,TEXAS A&M,1,0,0,,0,0,312,0,0,,60.0,60.0,,60.0,,0,0,0,0,,,0,0,0,0.0,0,0,0,0,0,0,1,0,0,0,0,0,0,1,0,1,0,0,0,0,0,0,0,0,0,
Jason Shelley,60581,QB,UTAH,1,1,0,,0,0,328,0,0,60.0,63.0,65.9,,60.7,75.1,0,0,0,0,,0.0,0,0,0,0.0,0,0,0,0,0,1,2,0,0,0,0,0,1,2,0,1,1,0,0,0,0,0,0,0,0,
Xavier Bell,60623,CB,ARIZONA,5,0,0,100.0,0,0,109,0,0,61.4,59.4,78.7,60.0,56.2,82.4,0,0,0,0,44,0.0,0,0,0,158.3,4,0,0,9,1,18,44,8,0,0,8,0,0,36,1,25,26,2,7,1,4,0,1,50,13,12.5
Scottie Young,60624,S,ARIZONA,12,9,0,65.9,0,0,109,0,0,64.6,60.2,59.5,60.0,52.9,48.5,0,0,0,1,39,22.2,18,4,4,107.0,27,0,0,252,9,458,855,29,0,0,29,0,416,826,1,396,148,15,54,3,41,0,4,272,129,10.1
Troy Young,60625,S,ARIZONA,2,0,0,100.0,0,0,109,0,0,64.9,68.3,78.1,,73.1,82.0,0,0,0,0,5,0.0,0,0,0,85.4,2,0,0,19,0,42,66,2,0,0,2,0,28,64,0,24,17,1,4,0,2,0,0,9,0,4.5
Demetrius Murray,60627,S,BALL ST,4,0,0,,0,0,117,0,0,66.0,57.9,73.0,59.5,50.8,65.2,0,0,0,0,,12.5,1,0,0,0.0,0,0,0,16,0,14,37,1,0,0,1,0,19,36,1,22,1,1,7,0,0,0,0,0,0,
Bryce Cosby,60628,S,BALL ST,12,11,0,51.4,0,1,117,0,0,77.9,76.5,90.1,58.3,69.5,74.5,1,1,0,2,43,11.9,10,5,0,46.9,19,0,0,153,5,415,833,12,0,0,12,0,393,821,11,407,270,15,63,2,37,2,0,218,73,11.5
Brett Anderson II,60629,S,BALL ST,11,2,0,41.7,0,0,117,0,0,55.6,54.4,82.6,54.5,52.3,53.0,0,1,0,0,18,20.0,3,1,0,54.5,5,0,0,23,0,75,138,0,0,0,0,0,49,138,3,60,66,3,10,1,12,1,0,51,25,10.2
Kekaula Kaniho,60637,CB,BOISE ST,14,7,2,76.8,0,2,120,1,0,69.1,70.6,89.7,69.3,68.9,59.6,3,2,0,1,52,17.8,13,2,1,115.3,43,3,0,213,9,439,825,80,0,0,80,0,46,745,57,329,477,23,53,7,56,8,2,601,194,14.0
Tyreque Jones,60638,S,BOISE ST,10,3,0,50.0,0,0,120,1,0,61.2,58.8,86.9,70.3,45.9,56.8,1,0,0,1,27,20.6,7,2,1,74.3,23,0,0,124,1,274,427,4,0,0,4,0,87,423,3,150,211,8,24,2,46,1,3,197,85,8.6
Daniel Scott,60640,S,CAL,8,2,0,33.3,0,0,130,0,0,64.8,66.2,80.2,67.1,65.1,57.9,1,0,0,1,40,20.0,2,0,0,42.4,1,0,0,33,0,74,135,2,0,0,2,0,70,133,3,58,30,2,6,0,3,1,0,40,11,40.0
Lummie Young IV,60642,S,DUKE,8,1,0,40.0,0,0,154,0,0,53.2,60.4,81.0,79.9,65.7,56.5,0,2,0,0,7,21.4,3,0,0,87.5,2,0,0,46,2,67,128,16,0,0,16,0,47,112,3,58,17,5,10,1,5,2,1,11,-1,5.5
Leonard Johnson,60643,CB,DUKE,12,6,0,49.4,0,1,154,1,0,68.7,64.6,87.0,63.1,45.4,60.9,0,0,0,2,41,16.9,11,7,4,87.4,40,1,0,65,705,437,823,29,0,0,29,0,7,794,5,381,17,10,48,2,81,1,6,579,173,14.5
Michael Carter II,60644,CB,DUKE,12,4,0,58.9,0,0,154,0,0,73.5,72.6,90.1,63.4,66.0,70.2,0,2,0,1,40,12.3,7,8,2,81.4,33,1,0,74,128,431,822,25,0,0,25,0,31,797,11,380,564,17,46,2,56,3,2,346,194,10.5
Damani Neal,60645,S,DUKE,9,0,0,,0,0,154,0,0,62.3,56.5,0.0,60.0,61.0,51.2,0,0,0,0,,40.0,2,0,1,0.0,0,0,0,19,0,4,44,0,0,0,0,0,15,44,1,39,9,0,3,0,0,0,0,0,0,
Marquis Waters,60646,S,DUKE,12,13,0,66.7,0,0,154,0,0,75.9,73.1,88.7,71.7,66.2,47.6,2,0,0,2,72,21.3,20,5,1,111.9,22,0,0,323,5,436,849,85,0,0,85,0,233,764,13,400,202,26,61,0,33,2,4,316,216,14.4
Donovan Stiner,60647,S,FLORIDA,13,7,0,63.6,0,0,163,0,0,85.7,74.8,16.8,56.7,46.2,45.3,1,1,0,4,17,23.5,8,1,1,66.3,7,0,0,126,1,231,396,2,0,0,2,0,133,394,12,153,134,3,19,1,11,2,1,54,41,7.7
James Pierre,60649,CB,FAU,13,8,0,56.1,0,0,165,0,0,78.3,77.5,0.0,69.1,76.8,68.1,0,0,0,3,59,13.8,8,4,7,98.2,37,0,0,36,630,411,736,29,0,0,29,0,20,707,7,318,19,23,42,6,66,0,7,522,258,14.1
Quran Hafiz,60651,S,FAU,13,8,0,86.7,0,0,165,1,0,62.4,58.8,31.1,64.1,53.4,64.0,3,1,0,0,74,14.6,6,0,2,158.3,13,0,0,157,3,149,337,35,0,0,35,0,50,302,23,165,92,10,27,0,15,4,2,199,106,15.3
SaVion Harris,60652,S,UTSA,11,6,0,78.6,1,0,331,0,0,49.3,49.5,29.9,65.1,52.2,52.7,0,0,0,1,67,22.2,12,1,1,112.8,11,0,0,126,7,202,423,3,0,0,3,0,253,420,6,215,34,10,36,1,14,0,1,184,81,16.7
Ahman Ross,60654,S,FAU,14,15,0,61.5,0,1,165,0,0,66.6,63.6,0.0,52.6,65.5,42.0,1,2,0,0,8,26.3,15,2,2,92.8,8,0,0,240,3,214,470,21,0,0,21,0,142,449,24,232,62,12,27,1,13,3,1,43,33,5.4
Tra Cofield,60656,S,GA SOUTHRN,4,1,0,100.0,0,0,174,0,0,26.5,24.2,71.5,,45.1,31.6,0,0,0,0,46,50.0,2,0,0,158.3,2,0,0,3,0,10,15,0,0,0,0,0,11,15,0,5,1,0,1,0,2,0,2,81,25,40.5
Ryan White,60657,LB,GA SOUTHRN,2,0,0,,0,0,174,0,0,60.0,49.4,64.2,,60.0,,0,0,0,0,,,0,0,0,0.0,0,0,0,2,0,1,2,0,0,0,0,0,0,2,0,1,0,0,0,0,0,0,0,0,0,
Kenderick Duncan,60658,S,GA SOUTHRN,13,12,0,44.1,0,1,174,0,0,71.5,76.6,49.1,57.4,84.3,78.6,1,1,0,2,25,10.6,10,6,1,75.6,15,0,0,312,17,432,789,6,0,0,6,0,376,783,2,355,76,20,72,4,34,2,4,180,81,12.0
A.J. Musolino,60667,LB,KENT STATE,7,1,0,,0,0,201,0,0,64.0,61.5,75.4,59.6,59.7,70.6,0,1,0,0,,11.1,1,0,0,0.0,0,0,0,70,0,12,71,0,0,0,0,0,0,71,1,58,0,2,7,0,0,1,0,0,0,
Jaiden Cole,60673,S,LA TECH,9,5,0,0.0,0,0,208,0,0,61.6,62.2,83.2,65.2,60.1,52.3,1,0,0,0,,20.0,4,0,0,39.6,0,0,0,26,1,86,143,4,0,0,4,0,73,139,1,56,38,2,11,1,3,1,0,0,0,
Traveion Webster,60676,LB,LA MONROE,11,5,0,100.0,0,0,209,2,0,48.8,43.6,14.0,55.6,44.0,48.6,0,4,0,0,15,21.9,7,0,1,132.6,9,0,0,208,0,97,226,16,0,0,16,0,0,210,31,98,2,10,20,2,9,4,2,57,34,6.3
Austin Hawley,60677,S,LA MONROE,12,10,0,50.0,1,0,209,1,0,68.6,60.8,0.0,69.9,53.7,44.3,2,2,0,1,29,24.6,15,0,4,61.0,11,0,0,300,3,269,601,23,0,0,23,0,179,578,13,319,95,19,36,1,22,4,1,111,49,10.1
Jack Fagot,60678,S,LOUISVILLE,12,4,0,66.7,0,0,210,0,0,69.8,67.6,0.0,52.5,68.3,71.2,0,1,0,1,22,10.0,2,1,1,89.6,4,0,0,66,0,120,206,0,0,0,0,0,130,206,6,80,10,3,14,0,6,1,1,46,7,11.5
TreSean Smith,60680,S,LOUISVILLE,1,0,0,,0,0,210,0,0,60.0,60.0,64.7,,,,0,0,0,0,,,0,1,0,0.0,0,0,0,0,0,1,1,0,0,0,0,0,1,1,0,0,0,0,0,0,0,0,0,0,0,
Rodney Owens,60682,CB,MEMPHIS,1,0,0,0.0,0,0,218,0,0,69.1,77.3,69.8,70.8,60.0,73.1,0,0,0,0,,,0,0,0,39.6,0,1,0,2,0,3,6,0,0,0,0,0,0,6,1,2,4,1,0,0,1,1,0,0,0,
C.J. Avery,60683,LB,LOUISVILLE,13,12,0,65.8,0,0,210,1,0,64.3,58.0,60.4,67.7,51.4,59.1,3,7,0,0,31,15.0,16,3,1,99.7,25,4,0,805,1,383,823,2,0,0,2,0,5,821,68,372,9,43,79,2,38,14,1,310,165,12.4
Todd Harris Jr.,60684,S,LSU,3,0,0,100.0,1,0,211,0,0,38.2,39.0,79.9,60.0,56.6,81.2,0,1,0,0,20,25.0,1,0,3,158.3,2,0,0,11,0,58,83,0,0,0,0,0,39,83,0,25,33,1,3,1,2,1,1,30,3,15.0
Grant Delpit,60685,S,LSU,14,13,1,66.7,0,1,211,1,0,68.0,66.3,32.2,70.9,60.0,44.5,1,2,0,2,55,25.6,20,4,3,88.2,16,2,0,149,10,504,885,24,0,0,24,0,385,861,37,344,316,21,45,1,24,5,2,216,116,13.5
Dominique Long,60688,S,MICH STATE,8,1,0,33.3,0,0,223,0,0,41.1,47.7,77.5,,70.1,61.2,0,0,0,0,19,16.7,1,0,0,56.3,1,0,0,7,4,33,49,2,0,0,2,0,29,47,0,16,7,1,4,0,3,0,0,19,2,19.0
Londyn Craft,60689,S,MISS STATE,1,0,0,,0,0,227,0,0,62.0,62.8,68.4,,60.0,,0,0,0,0,,,0,0,0,0.0,0,0,0,2,0,4,6,0,0,0,0,0,4,6,0,2,0,0,0,0,0,0,0,0,0,
Jordan Ulmer,60690,S,MISSOURI,4,0,0,33.3,0,0,229,0,0,71.1,71.4,78.0,,66.0,40.0,0,0,0,0,26,33.3,1,0,0,66.0,1,0,0,12,0,34,56,1,0,0,1,0,28,55,0,22,15,1,2,1,3,0,0,26,12,26.0
Joshuah Bledsoe,60691,CB,MISSOURI,12,10,0,51.9,0,1,229,1,0,59.8,62.5,58.9,65.3,67.3,48.8,1,4,0,0,51,18.0,11,6,1,102.5,28,0,0,185,12,390,755,44,0,0,44,0,95,711,9,356,419,14,40,5,54,5,4,421,125,15.0
Tyree Gillespie,60692,S,MISSOURI,12,14,0,40.0,0,1,229,0,0,75.7,80.0,45.1,76.6,82.8,71.5,1,1,0,0,75,13.6,9,5,1,94.3,6,1,0,141,3,351,664,35,0,0,35,0,416,629,13,300,69,13,43,2,15,3,1,132,92,22.0
Cameron Kinley,60699,CB,NAVY,13,8,1,52.2,2,0,237,0,0,60.6,59.4,86.3,61.4,52.0,59.3,1,3,0,0,61,15.9,7,2,3,109.2,24,1,0,78,510,301,625,36,0,0,36,0,1,589,28,296,0,9,29,1,46,5,4,383,158,16.0
Jake Springer,60700,LB,NAVY,13,15,0,70.3,1,3,237,0,0,73.9,72.4,71.4,73.2,64.2,57.6,6,20,0,0,31,18.2,14,2,3,102.5,26,7,0,96,15,238,696,299,0,0,299,0,4,397,137,321,282,39,48,8,37,33,2,212,141,8.2
Johnny Hernandez,60701,S,NEW MEXICO,10,7,0,54.2,0,0,241,0,0,39.7,41.4,86.1,72.0,44.0,32.0,1,0,0,0,76,23.4,15,2,0,138.9,13,0,0,259,1,255,511,3,0,0,3,0,131,508,3,253,117,12,42,1,24,1,5,355,203,27.3
Nico Bolden,60704,S,NEW MEXICO,5,4,0,50.0,0,0,241,0,0,48.1,59.1,81.9,57.8,72.2,55.4,0,0,0,0,57,16.7,3,0,0,95.8,3,0,0,36,0,36,116,28,0,0,28,0,6,88,3,77,46,4,11,1,6,0,0,84,61,28.0
Tyreke Davis,60707,LB,N TEXAS,12,14,0,75.8,0,0,251,1,0,81.8,73.4,87.1,71.3,61.3,57.7,6,20,0,0,18,18.1,17,1,0,90.7,25,5,0,479,0,298,715,125,0,0,125,0,0,590,91,326,110,49,63,12,33,31,1,122,137,4.9
Makyle Sanders,60708,S,N TEXAS,10,14,0,51.4,0,0,251,1,0,65.5,65.7,46.8,59.0,67.1,69.7,0,0,0,1,52,11.3,6,4,1,72.6,18,0,0,183,6,296,541,24,0,0,24,0,21,517,2,243,307,16,33,3,35,0,1,252,132,14.0
Jordan Genmark Heath,60719,LB,NOTRE DAME,9,1,0,100.0,0,0,258,0,0,44.8,49.2,77.1,55.1,54.9,44.7,0,1,0,0,24,28.6,2,0,0,118.8,2,0,0,63,0,17,78,9,0,0,9,0,0,69,4,57,6,3,4,1,2,1,0,33,23,16.5
Michael Ballentine,60720,S,OHIO,5,0,0,100.0,0,0,259,0,0,78.8,72.2,74.6,,51.0,40.8,0,0,0,0,9,33.3,1,1,0,104.2,1,0,0,9,0,21,31,0,0,0,0,0,17,31,0,10,4,0,2,0,1,0,0,9,3,9.0
Alvin Floyd,60721,S,OHIO,7,4,0,100.0,0,0,259,0,0,61.4,64.7,0.0,60.0,80.6,86.5,0,1,0,1,24,0.0,0,0,1,118.8,4,0,0,19,0,37,62,0,0,0,0,0,14,62,1,24,28,2,7,1,4,1,1,69,15,17.3
Kevin Dever Jr.,60723,CB,OHIO STATE,1,0,0,,0,0,260,0,0,,60.0,65.9,,60.0,,0,0,0,0,,,0,0,0,0.0,0,0,0,0,0,0,1,0,0,0,0,0,0,1,0,1,1,0,0,0,0,0,0,0,0,
Isaiah Pryor,60724,S,OHIO STATE,4,0,0,,0,0,260,0,0,66.6,66.7,76.3,,63.0,76.4,0,0,0,0,,0.0,0,0,0,0.0,0,0,0,3,0,22,40,0,0,0,0,0,36,40,0,18,1,0,1,0,0,0,0,0,0,
Brendon White,60725,LB,OHIO STATE,11,3,0,66.7,0,0,260,0,0,78.3,74.8,78.1,71.2,64.2,80.2,0,2,0,0,9,9.5,2,1,0,71.0,10,1,0,98,2,90,173,10,0,0,10,0,6,163,4,79,57,9,16,1,15,3,0,48,27,4.8
Robert Barnes,60726,S,OKLAHOMA,4,2,0,66.7,0,0,261,0,0,43.5,51.3,76.6,,75.4,84.1,0,0,0,0,39,0.0,0,0,0,149.3,2,0,0,12,0,29,43,1,0,0,1,0,16,42,0,14,14,0,3,0,3,0,1,50,9,25.0
Ryan Jones,60728,LB,OKLAHOMA,7,0,0,66.7,0,0,261,0,0,63.2,50.9,0.0,57.8,44.5,69.0,1,1,0,1,5,8.3,1,1,1,30.6,2,0,0,107,0,58,129,10,0,0,10,0,0,119,11,60,12,10,11,0,3,2,0,2,0,1.0
Malcolm Rodriguez,60731,LB,OKLA STATE,13,18,0,79.3,0,1,262,1,0,67.2,72.1,83.4,59.4,76.7,60.1,5,7,1,1,29,14.7,17,3,0,112.1,23,2,0,614,3,362,784,79,0,0,79,0,0,705,71,351,87,44,81,8,29,14,2,256,94,11.1
Nick Pickett,60736,S,OREGON,14,6,0,61.9,0,0,264,0,0,77.2,74.4,40.2,60.0,67.7,70.7,0,0,0,1,11,15.8,9,3,2,82.2,13,0,0,179,6,414,635,0,0,0,0,0,302,635,1,220,148,11,42,0,21,0,2,84,47,6.5
Drew Hartlaub,60737,S,PENN STATE,3,0,0,,0,0,266,1,0,65.4,68.1,72.1,,60.0,75.1,0,0,0,0,,0.0,0,0,0,0.0,0,0,0,6,0,8,13,0,0,0,0,0,2,13,0,5,5,1,1,0,0,0,0,0,0,
Justin Neff,60738,S,PENN STATE,2,0,0,,0,0,266,0,0,63.6,65.3,72.1,,63.0,75.3,0,0,0,0,,0.0,0,0,0,0.0,0,0,0,7,0,7,13,0,0,0,0,0,6,13,0,6,0,0,1,0,0,0,0,0,0,
Jonathan Sutherland,60739,S,PENN STATE,10,3,0,71.4,0,0,266,0,0,63.5,67.3,80.1,60.0,73.6,76.4,0,0,0,0,38,6.7,1,0,0,113.7,5,0,0,75,3,94,167,2,0,0,2,0,72,165,1,72,15,2,11,0,7,0,0,89,45,17.8
Darren Hall,60742,CB,S DIEGO ST,12,5,0,54.1,0,2,284,1,1,74.4,74.8,85.5,68.8,67.1,75.3,0,2,0,1,53,7.8,4,10,1,77.9,40,2,0,51,644,445,712,12,0,0,12,0,3,700,14,253,2,15,42,3,74,4,2,486,129,12.2
Tariq Thompson,60743,CB,S DIEGO ST,13,7,0,61.8,0,2,284,3,0,80.2,81.5,90.8,94.0,71.5,36.1,0,1,0,4,41,25.6,20,5,0,58.9,47,1,0,157,2,522,821,20,0,0,20,0,121,801,6,293,521,23,51,2,76,2,1,416,220,8.9
Delano Robinson,60745,LB,SMU,11,18,0,72.7,0,0,287,2,0,47.3,47.3,0.0,64.5,50.9,67.9,2,4,0,0,33,12.9,12,1,5,91.5,24,4,0,593,4,339,715,33,0,0,33,0,3,682,53,323,82,42,63,3,33,10,0,228,143,9.5
A.J. DeShazor Jr.,60748,LB,S ALABAMA,12,12,0,66.7,0,0,288,2,0,78.2,78.1,89.8,50.7,80.1,79.7,1,1,0,1,14,10.1,7,0,0,71.3,12,0,0,112,2,236,562,87,0,0,87,0,3,475,22,304,356,22,50,1,18,2,1,79,89,6.6
Sterrling Fisher,60749,LB,S ALABAMA,10,4,0,87.5,0,0,288,0,0,63.3,65.4,83.9,58.5,67.9,62.6,1,1,0,1,22,16.7,3,0,0,65.6,7,0,0,46,0,65,172,42,0,0,42,0,0,130,15,92,84,4,11,1,8,2,0,74,60,10.6
La'Kendrick Van Zandt,60760,LB,TCU,5,3,1,66.7,0,0,305,0,0,60.0,66.0,77.4,67.1,71.7,54.6,1,0,0,1,35,16.7,2,1,0,99.3,6,0,0,77,1,64,122,3,0,0,3,0,0,119,9,49,40,4,7,1,9,1,2,90,52,15.0
Garret Wallow,60761,LB,TCU,12,26,0,82.1,0,0,305,0,0,81.9,68.4,85.5,70.8,52.3,70.0,6,3,0,1,30,12.5,17,0,2,72.8,23,3,0,659,0,388,783,6,0,0,6,0,0,777,49,346,118,67,93,15,28,12,0,141,105,6.1
Kyle Nixon,60764,S,TROY,7,2,0,57.1,0,0,318,0,0,66.4,60.3,81.5,72.6,42.9,26.4,1,1,0,1,16,42.9,6,1,0,71.1,4,0,0,61,0,78,160,5,0,0,5,0,45,155,1,81,49,4,6,0,7,2,1,36,14,9.0
Tirise Barge,60767,LB,TULANE,11,2,0,85.7,0,0,319,0,0,54.7,69.9,78.9,62.6,81.0,58.0,1,1,0,0,15,16.7,3,0,1,91.7,6,0,0,42,1,26,103,31,0,0,31,0,0,72,15,62,28,10,13,6,7,2,0,42,19,7.0
Quentin Brown,60769,LB,TULANE,2,2,0,100.0,0,0,319,0,0,54.5,59.2,72.9,59.2,65.1,79.0,0,0,0,0,13,0.0,0,0,0,118.8,1,0,0,27,0,13,29,0,0,0,0,0,0,29,2,14,2,1,2,0,1,0,0,13,1,13.0
Chase Kuerschen,60770,S,TULANE,12,17,0,64.3,0,1,319,0,0,57.1,60.1,52.6,59.6,65.1,54.2,3,0,0,2,75,19.2,19,2,1,108.9,18,0,0,209,11,336,696,12,0,0,12,0,353,684,7,353,109,24,63,2,28,3,4,292,159,16.2
Will Boler,60771,S,UAB,14,16,1,48.8,0,0,321,0,0,80.5,80.5,6.1,78.4,80.2,72.9,2,0,0,2,64,14.1,10,8,4,74.9,20,0,0,206,10,534,937,6,0,0,6,0,452,931,9,394,263,20,45,3,41,2,3,277,119,13.9
Kobe Griffin,60777,LB,UAB,10,4,0,69.2,0,0,321,0,0,54.5,61.9,81.1,59.5,74.2,49.9,0,1,0,0,21,18.8,3,1,0,111.1,9,0,0,113,2,92,142,4,0,0,4,0,2,138,1,49,21,6,9,0,13,1,1,80,89,8.9
Bubba Bolden,60779,S,MIAMI FL,5,2,0,40.0,0,1,220,0,0,72.5,70.4,80.7,60.8,62.1,65.1,1,0,0,1,67,14.3,2,1,1,47.9,2,0,0,25,1,81,133,3,0,0,3,0,63,130,4,48,40,5,10,0,5,1,0,74,45,37.0
Richard Hagestad,60780,S,USC,1,0,0,,0,0,326,0,0,63.1,63.0,71.2,,60.0,,0,0,0,0,,,0,0,0,0.0,0,0,0,0,0,6,7,0,0,0,0,0,6,7,0,1,1,0,0,0,0,0,0,0,0,
Isaiah Pola-Mao,60781,S,USC,13,9,0,68.8,0,0,326,0,0,72.7,63.7,56.0,74.0,44.9,85.0,2,3,0,4,33,8.3,6,1,1,67.2,22,3,0,196,6,479,856,57,0,0,57,0,443,799,21,356,154,16,57,4,32,8,1,284,160,12.9
Derrek Pitts Jr.,60785,S,MARSHALL,2,1,0,50.0,0,0,214,0,0,67.3,62.0,0.0,59.5,61.3,69.0,0,0,0,0,4,12.5,1,0,1,56.3,1,0,0,20,0,27,50,1,0,0,1,0,21,49,1,22,8,2,6,1,2,0,0,4,0,4.0
Exree Loe,60790,LB,W VIRGINIA,12,9,0,75.0,0,0,343,0,0,67.7,67.4,0.7,56.2,73.2,68.9,2,2,0,0,21,12.8,5,2,2,92.0,9,0,0,149,30,150,310,76,0,0,76,0,1,234,30,130,53,14,25,1,12,4,0,79,50,8.8
Scott Nelson,60791,S,WISCONSIN,1,0,0,0.0,0,0,349,0,0,33.0,47.5,75.1,,77.0,80.4,0,0,0,0,,0.0,0,0,0,39.6,0,0,0,7,0,17,25,0,0,0,0,0,12,25,0,8,6,2,4,0,3,0,0,0,0,
Tyler Mais,60792,S,WISCONSIN,6,0,0,,0,0,349,0,0,66.2,67.2,74.6,58.8,67.1,73.1,0,0,0,0,,0.0,0,0,0,0.0,0,0,0,8,0,25,46,0,0,0,0,0,21,46,2,19,13,1,1,0,0,0,0,0,0,
Esaias Gandy,60793,LB,WYOMING,12,2,0,25.0,0,1,351,2,0,74.2,79.4,81.1,58.3,82.1,82.7,0,0,0,0,3,5.0,1,1,0,39.6,1,1,0,63,1,44,148,40,0,0,40,0,18,108,11,93,26,12,17,4,4,1,0,3,5,3.0
Taylor Dodd,60794,CB,WYOMING,1,0,0,,0,0,351,0,0,,60.0,63.5,,60.0,,0,0,0,0,,,0,0,0,0.0,0,0,0,0,1,0,1,0,0,0,0,0,0,1,0,1,0,0,0,0,0,0,0,0,0,
Dylan Meeks,60832,ED,AKRON,11,14,1,,1,1,102,0,0,58.4,65.8,62.2,56.1,70.8,74.1,1,11,0,0,,4.8,2,0,1,0.0,0,2,0,0,0,1,478,478,0,82,79,317,0,0,197,280,0,15,26,0,0,14,0,0,0,
Rob Saulin,60857,TE,BAYLOR,3,0,0,,0,0,118,0,0,,30.0,74.4,58.3,29.2,25.6,0,0,0,0,,100.0,1,0,2,0.0,0,0,0,1,0,0,15,14,14,0,0,0,0,1,6,9,0,0,0,0,0,0,0,0,0,
Ben Moos,60867,ED,CAL,1,0,0,100.0,0,0,130,0,0,63.6,57.5,76.0,57.4,53.3,73.1,0,0,0,0,7,0.0,0,0,0,95.8,1,0,0,1,0,3,14,7,0,0,7,0,0,7,2,9,6,0,1,0,1,0,0,7,5,7.0
Andre Landry,60938,DI,LA LAFAYET,5,1,0,,0,0,207,0,0,,55.4,77.4,64.0,50.3,69.9,0,0,0,0,,0.0,0,0,0,0.0,0,0,0,0,0,0,50,50,12,38,0,0,0,0,25,25,0,1,1,0,0,0,0,0,0,
Jack Camper,60962,ED,MICH STATE,6,0,0,,0,0,223,0,0,60.0,50.1,77.3,60.9,46.0,29.9,0,1,0,0,,50.0,1,0,0,0.0,0,0,0,0,0,1,39,39,0,0,37,2,0,0,14,24,0,0,1,0,0,1,0,0,0,
Austin Allen,60970,TE,NEBRASKA,1,0,0,,0,0,238,1,0,,75.8,60.0,,63.8,73.9,0,0,0,0,,0.0,0,0,1,0.0,0,0,0,0,0,0,2,0,0,0,0,0,0,2,0,2,0,1,1,0,0,0,0,0,0,
Reagan Roberson,60972,TE,NEVADA,1,0,0,,0,0,239,0,0,,60.3,60.0,,60.0,,0,0,0,0,,,0,0,3,0.0,0,0,0,0,0,0,1,0,0,0,0,0,0,1,0,1,0,0,0,0,0,0,0,0,0,
Keion White,60998,ED,DOMINION,12,11,0,66.7,1,0,263,1,0,71.3,84.8,0.0,83.7,87.8,64.3,13,27,0,1,7,14.3,9,0,10,34.7,2,5,0,28,0,16,635,590,1,80,478,31,1,45,296,323,16,36,43,16,3,45,0,12,8,6.0
DeVonta Smith,61100,WR,ALABAMA,1,0,0,,1,0,103,0,0,,60.1,73.9,,60.0,,0,0,0,0,,,0,0,4,0.0,0,0,0,0,0,0,1,0,0,0,0,0,0,1,0,1,0,0,0,0,0,0,0,0,0,
Chris Herring,61101,WR,FAU,2,0,0,,0,0,165,0,0,,64.3,60.0,60.0,60.0,73.9,0,0,0,0,,0.0,0,0,0,0.0,0,0,0,0,0,0,2,0,0,0,0,0,0,2,1,1,0,1,1,0,0,0,0,0,0,
Tyrell Shavers,61107,WR,ALABAMA,1,0,0,,0,0,103,0,0,,51.0,60.0,,54.8,26.4,0,0,0,0,,100.0,1,0,0,0.0,0,0,0,0,0,0,1,0,0,0,0,0,0,1,0,1,0,0,0,0,0,0,0,0,0,
Drew Dixon,61131,WR,ARIZONA,1,0,0,,1,0,109,0,0,,60.0,60.0,,60.0,,0,0,0,0,,,0,0,3,0.0,0,0,0,0,0,0,1,0,0,0,0,0,0,1,0,1,0,0,0,0,0,0,0,0,0,
Thomas Reid III,61132,WR,ARIZONA,1,0,0,,0,0,109,0,0,,60.0,60.0,,60.0,,0,0,0,0,,,0,0,1,0.0,0,0,0,0,0,0,1,0,0,0,0,0,0,1,0,1,0,0,0,0,0,0,0,0,0,
B.J. Casteel,61133,WR,ARIZONA,1,0,0,,0,0,109,0,0,,60.0,60.0,,60.0,,0,0,0,0,,,0,0,2,0.0,0,0,0,0,0,0,1,0,0,0,0,0,0,1,0,1,0,0,0,0,0,0,0,0,0,
Noah Igbinoghene,61155,CB,AUBURN,13,3,0,52.2,1,0,115,0,0,69.0,71.3,86.4,56.0,79.1,74.8,0,3,0,0,47,11.5,6,6,5,84.1,36,0,0,60,751,504,861,2,0,0,2,0,3,859,8,349,45,11,43,2,69,3,2,478,204,13.3
R.J. Sneed II,61166,WR,BAYLOR,1,0,0,,0,0,118,0,0,60.0,62.4,60.0,,,,0,0,0,0,,,0,0,4,0.0,0,0,0,0,0,1,1,0,0,0,0,0,0,1,0,0,0,0,0,0,0,0,0,0,0,
Calvin Camp,61202,HB,CHARLOTTE,1,0,0,,0,0,136,0,0,,60.0,60.0,,60.0,,0,0,0,0,,,0,0,0,0.0,0,0,0,0,0,0,1,0,0,0,0,0,0,1,0,1,0,0,0,0,0,0,0,0,0,
Damond Philyaw-Johnson,61222,WR,DUKE,1,0,0,,0,0,154,0,0,,60.2,73.9,,60.0,,0,0,0,0,,,0,0,0,0.0,0,0,0,0,0,0,1,0,0,0,0,0,0,1,0,1,0,0,0,0,0,0,0,0,0,
Willie Wright,61250,WR,FAU,1,0,0,,0,0,165,0,0,,60.0,60.0,,60.0,,0,0,0,0,,,0,0,1,0.0,0,0,0,0,0,0,1,0,0,0,0,0,0,1,0,1,0,0,0,0,0,0,0,0,0,
D'Anfernee McGriff,61254,WR,FLORIDA ST,2,0,0,,0,0,167,0,0,,60.4,60.1,,60.0,,0,0,0,0,,0.0,0,0,0,0.0,0,0,0,0,0,0,2,0,0,0,0,0,0,2,0,2,0,1,1,0,0,0,0,0,0,
D.J. Matthews Jr.,61255,WR,FLORIDA ST,2,0,0,,0,0,167,0,0,,60.1,60.0,,60.0,,0,0,0,0,,,0,0,5,0.0,0,0,0,0,0,0,2,0,0,0,0,0,0,2,0,2,0,0,0,0,0,0,0,0,0,
Mark Webb Jr.,61274,CB,GEORGIA,14,6,0,67.9,2,1,173,0,0,69.9,71.2,89.4,57.6,77.4,90.4,1,2,0,0,60,2.4,1,2,3,107.1,36,1,0,47,8,356,545,26,0,0,26,0,4,519,33,156,459,15,35,2,53,4,3,376,217,10.4
DJ Render,61350,CB,KANSAS ST,1,0,0,0.0,0,0,199,0,0,61.9,62.5,69.8,,,,0,0,0,0,,,0,0,0,39.6,0,0,0,0,0,3,3,0,0,0,0,0,0,3,0,0,3,0,0,0,1,0,0,0,0,
Perry Carter,61384,WR,LA MONROE,2,0,0,,0,0,209,0,0,,60.4,60.0,,60.0,,0,0,0,0,,,0,0,0,0.0,0,0,0,0,0,0,2,0,0,0,0,0,0,2,0,2,0,0,0,0,0,0,0,0,0,
Zach Jackson,61387,WR,LA MONROE,1,0,0,100.0,0,0,209,0,0,60.0,79.3,60.0,,,,0,0,0,0,4,,0,0,3,83.3,1,0,0,0,0,1,1,0,0,0,0,0,0,1,0,0,0,0,0,0,1,0,0,4,5,4.0
Racey McMath,61401,WR,LSU,1,0,0,,1,0,211,0,0,,60.1,60.0,,60.0,,0,0,0,0,,,0,0,1,0.0,0,0,0,0,0,0,1,0,0,0,0,0,0,1,0,1,0,0,0,0,0,0,0,0,0,
JaCoby Stevens,61402,S,LSU,15,13,2,77.6,0,0,211,0,0,55.0,62.9,26.3,71.8,71.8,81.3,1,7,0,3,51,10.2,9,3,8,88.7,38,5,0,295,12,518,979,146,0,0,146,0,268,833,76,385,257,33,66,6,49,13,1,479,238,12.6
Stone Scarcelle,61412,WR,MARSHALL,1,0,0,,0,0,214,0,0,,60.0,60.0,,60.0,,0,0,0,0,,,0,0,0,0.0,0,0,0,0,0,0,1,0,0,0,0,0,0,1,0,1,0,0,0,0,0,0,0,0,0,
Carlos Carriere,61413,WR,MARYLAND,2,0,0,,0,0,215,0,0,,60.4,62.3,,60.0,,0,0,0,0,,,0,0,2,0.0,0,0,0,0,0,0,3,1,0,0,1,0,0,2,0,3,0,0,0,0,0,0,0,0,0,
Tahj Capehart,61416,CB,MARYLAND,7,1,0,50.0,0,0,215,0,0,70.4,64.3,79.7,58.3,54.5,47.3,1,0,0,0,10,33.3,1,0,0,56.3,2,1,0,6,0,17,59,4,0,0,4,0,0,55,7,35,48,2,1,0,4,2,0,10,3,5.0
Jayden Comma,61417,TE,MARYLAND,1,0,0,,0,0,215,0,0,,60.0,60.0,,60.0,,0,0,0,0,,,0,0,0,0.0,0,0,0,0,0,0,1,0,0,0,0,0,0,1,0,1,0,0,0,0,0,0,0,0,0,
Mike Harley Jr.,61423,WR,MIAMI FL,1,0,0,,0,0,220,0,0,,60.0,60.0,,60.0,,0,0,0,0,,,0,0,2,0.0,0,0,0,0,0,0,1,0,0,0,0,0,0,1,0,1,0,0,0,0,0,0,0,0,0,
Jeff Thomas,61425,WR,MIAMI FL,1,0,0,,1,0,220,0,0,,60.0,60.0,,60.0,,0,0,0,0,,,0,0,2,0.0,0,0,0,0,0,0,1,0,0,0,0,0,0,1,0,1,0,0,0,0,0,0,0,0,0,
Jalen Walker,61429,WR,MIAMI OH,1,0,0,,0,0,221,0,0,,60.3,60.0,,60.0,,0,0,0,0,,,0,0,0,0.0,0,0,0,0,0,0,1,0,0,0,0,0,0,1,0,1,0,0,0,0,0,0,0,0,0,
Tyrese Johnson,61449,WR,MIDDLE TN,1,0,0,,0,0,224,0,0,,60.0,60.0,,60.0,,0,0,0,0,,,0,0,1,0.0,0,0,0,0,0,0,1,0,0,0,0,0,0,1,0,1,0,0,0,0,0,0,0,0,0,
Tyson Williams,61499,S,NEVADA,13,23,0,59.1,0,0,239,0,0,57.7,58.0,61.8,59.1,58.5,45.1,2,3,0,1,37,21.2,25,4,1,91.0,26,0,0,360,1,404,783,100,0,0,100,0,158,683,21,358,164,32,70,3,44,5,2,359,184,13.8
Daiyan Henley,61500,S,NEVADA,2,0,0,,0,0,239,0,0,62.8,65.0,92.0,57.7,65.9,80.5,0,0,0,0,,0.0,0,0,0,0.0,0,0,0,2,0,4,17,2,0,0,2,0,0,15,2,11,12,0,4,0,0,0,0,0,0,
Markel Davis,61556,CB,OHIO,2,0,0,,0,0,259,0,0,61.0,62.4,68.5,,60.0,,0,0,0,0,,,0,0,0,0.0,0,0,0,1,5,2,6,0,0,0,0,0,0,6,0,4,0,0,0,0,0,0,0,0,0,
CeeDee Lamb,61570,WR,OKLAHOMA,2,0,0,,1,0,261,0,0,60.0,62.9,60.0,,60.0,,0,0,0,0,,,0,0,6,0.0,0,0,0,0,0,1,2,0,0,0,0,0,0,2,0,1,0,0,0,0,0,0,0,0,0,
Daewood Davis,61584,WR,OREGON,2,0,0,,0,0,264,0,0,,59.9,73.0,,60.0,,0,0,0,0,,,0,0,0,0.0,0,0,0,0,0,0,2,0,0,0,0,0,0,2,0,2,0,0,0,0,0,0,0,0,0,
Cade Sutherland,61636,WR,S ALABAMA,2,0,0,,0,0,288,1,0,,63.2,60.0,,60.0,,0,0,0,0,,,0,0,0,0.0,0,0,0,0,0,0,2,0,0,0,0,0,0,2,0,2,0,0,0,0,0,0,0,0,0,
Davyn Flenord,61638,WR,S ALABAMA,2,0,0,,0,0,288,0,0,,60.0,60.0,,60.0,,0,0,0,0,,,0,0,0,0.0,0,0,0,0,0,0,2,0,0,0,0,0,0,2,0,2,0,0,0,0,0,0,0,0,0,
Jalen Wayne,61640,WR,S ALABAMA,1,0,0,,1,0,288,0,0,,60.0,60.0,,60.0,,0,0,0,0,,,0,0,1,0.0,0,0,0,0,0,0,1,0,0,0,0,0,0,1,0,1,0,0,0,0,0,0,0,0,0,
Jalen Reagor,61697,WR,TCU,2,0,0,,1,0,305,0,0,,60.4,60.0,,60.0,,0,0,0,0,,,0,0,2,0.0,0,0,0,0,0,0,2,0,0,0,0,0,0,2,0,2,0,0,0,0,0,0,0,0,0,
Dalton Rigdon,61729,WR,TEXAS TECH,1,0,0,,0,0,315,0,0,,60.1,60.0,,60.0,,0,0,0,0,,,0,0,1,0.0,0,0,0,0,0,0,1,0,0,0,0,0,0,1,0,1,0,0,0,0,0,0,0,0,0,
Luke Whittemore,61736,WR,TROY,1,0,0,,0,0,318,0,0,,60.1,60.0,,60.0,,0,0,0,0,,,0,0,1,0.0,0,0,0,0,0,0,1,0,0,0,0,0,0,1,0,1,0,0,0,0,0,0,0,0,0,
Jaetavian Toles,61738,WR,TULANE,1,0,0,,1,0,319,0,0,,60.0,60.0,,60.0,,0,0,0,0,,,0,0,5,0.0,0,0,0,0,0,0,1,0,0,0,0,0,0,1,0,1,0,0,0,0,0,0,0,0,0,
Alec Marsch,61748,FB,UAB,2,0,0,,0,0,321,0,0,,60.0,60.0,,60.0,,0,0,0,0,,,0,0,0,0.0,0,0,0,0,0,0,2,0,0,0,0,0,0,2,0,2,0,0,0,0,0,0,0,0,0,
A.J. Brooks,61751,CB,UAB,14,3,0,60.0,0,0,321,0,0,63.7,62.3,8.8,60.0,60.0,49.5,0,0,0,0,35,26.7,4,3,2,97.1,15,0,0,19,1,171,238,6,0,0,6,0,1,232,1,66,209,2,8,0,25,0,1,190,83,12.7
Kevin Davis,61753,WR,UAB,2,0,0,,0,0,321,0,0,,60.1,73.0,,60.0,,0,0,0,0,,,0,0,0,0.0,0,0,0,0,0,0,2,0,0,0,0,0,0,2,0,2,0,0,0,0,0,0,0,0,0,
Ethan Fernea,61765,WR,UCLA,1,0,0,,0,0,324,0,0,,60.0,60.0,,60.0,,0,0,0,0,,,0,0,0,0.0,0,0,0,0,0,0,1,0,0,0,0,0,0,1,0,1,0,0,0,0,0,0,0,0,0,
Drew Tejchman,61767,S,UNLV,3,1,0,100.0,0,0,325,0,0,68.6,69.3,0.0,60.0,75.5,90.0,0,0,0,0,17,0.0,0,0,1,118.8,2,0,0,23,2,90,167,0,0,0,0,0,95,167,1,76,47,1,15,0,2,0,0,31,0,15.5
Bronson Boyd,61776,CB,UTAH,3,1,0,33.3,0,0,328,0,0,47.5,47.5,74.5,58.7,60.1,27.9,0,0,0,0,4,50.0,1,0,0,42.4,1,0,0,0,26,20,27,0,0,0,0,0,0,27,1,6,1,0,0,0,3,0,0,4,2,4.0
Dadrian Taylor,61789,CB,UTSA,7,0,0,60.0,0,0,331,0,0,77.6,76.1,82.0,70.9,62.5,61.6,1,1,1,1,45,12.5,1,0,0,64.6,3,0,0,8,1,44,83,9,0,0,9,0,1,74,6,33,64,4,7,0,5,2,0,65,25,21.7
Tariq Woolen,61790,WR,UTSA,2,2,0,100.0,0,0,331,0,0,46.2,42.4,0.0,,54.3,34.7,0,0,0,0,30,40.0,2,0,3,118.8,3,0,0,3,32,21,39,0,0,0,0,0,1,39,0,18,2,0,1,0,3,0,0,42,8,14.0
Tyler Mahnke,61791,LB,UTSA,5,0,0,50.0,0,0,331,0,0,54.2,60.8,76.7,54.4,70.5,42.2,0,0,0,0,11,25.0,1,0,0,106.3,1,0,0,42,0,20,46,1,0,0,1,0,1,45,4,22,1,2,3,0,2,0,1,11,12,11.0
Hezekiah Grimsley,61800,WR,VA TECH,1,0,0,,0,0,337,0,0,,60.0,60.0,,60.0,,0,0,0,0,,,0,0,0,0.0,0,0,0,0,0,0,1,0,0,0,0,0,0,1,0,1,0,0,0,0,0,0,0,0,0,
Caleb Farley,61803,CB,VA TECH,11,0,0,36.0,0,0,337,0,0,90.5,86.9,85.8,64.1,49.9,43.7,0,2,1,4,56,26.9,7,9,5,26.8,18,0,0,56,571,396,653,12,0,0,12,0,1,641,6,251,13,8,19,0,50,2,1,257,88,14.3
Alex Cook,61805,S,WASHINGTON,4,0,0,0.0,0,0,340,0,0,66.1,66.1,73.6,,60.8,76.9,0,0,0,0,,0.0,0,0,0,39.6,0,0,0,6,0,12,21,0,0,0,0,0,9,21,0,9,6,0,1,0,1,0,0,0,0,
Jacquez Sloan,61821,WR,W KENTUCKY,1,0,0,,0,0,346,0,0,,60.0,60.0,,60.0,,0,0,0,0,,,0,0,2,0.0,0,0,0,0,0,0,1,0,0,0,0,0,0,1,0,1,0,0,0,0,0,0,0,0,0,
Harrison Taylor,61830,S,W MICHIGAN,5,0,0,100.0,0,0,347,0,0,67.3,63.5,77.2,,53.6,81.4,0,0,0,1,14,0.0,0,0,0,66.7,2,0,0,16,0,21,42,2,0,0,2,0,18,40,0,21,5,0,4,0,2,0,0,19,6,9.5
Deron Harrell,61833,CB,WISCONSIN,8,2,0,44.4,0,0,349,0,0,60.8,60.3,81.2,59.6,55.6,71.7,0,0,0,0,75,9.1,1,3,0,111.6,8,0,0,9,171,133,188,4,0,0,4,0,0,184,2,53,4,0,8,0,18,0,2,153,70,19.1
Danny Davis III,61836,WR,WISCONSIN,1,0,0,,1,0,349,0,0,,60.0,60.0,,60.0,,0,0,0,0,,,0,0,3,0.0,0,0,0,0,0,0,1,0,0,0,0,0,0,1,0,1,0,0,0,0,0,0,0,0,0,
Lonnie Phelps,62497,ED,MIAMI OH,14,3,0,,0,2,221,0,0,60.1,71.3,26.4,74.3,64.8,48.2,4,16,0,0,,31.3,5,0,2,0.0,0,4,0,0,0,1,247,247,0,0,231,16,0,0,177,69,0,9,8,0,0,24,0,0,0,
Collin Hartmann,62538,DI,KENTUCKY,1,0,0,,0,0,202,0,0,,62.9,74.4,67.5,55.3,,1,1,0,0,,,0,0,0,0.0,0,0,0,0,0,0,19,19,11,3,0,5,0,0,14,5,0,0,0,0,0,2,0,0,0,
Chris Oats,62603,LB,KENTUCKY,12,9,0,87.5,0,1,202,0,0,65.2,64.8,15.9,50.3,67.3,51.6,0,0,0,0,23,18.0,11,1,1,99.2,14,0,0,266,0,152,312,1,0,0,1,0,1,311,11,149,43,26,41,2,16,0,0,125,99,8.9
Arak McDuffie,62668,DI,MARSHALL,3,0,0,,0,0,214,0,0,,67.2,73.6,67.8,61.8,,1,1,0,0,,,0,0,0,0.0,0,0,0,0,0,0,21,21,3,18,0,0,0,0,12,9,0,0,0,0,0,2,0,0,0,
Lamont Atkins,62768,HB,VIRGINIA,1,0,0,,0,0,335,0,0,,60.0,60.0,,60.0,,0,0,0,0,,,0,0,0,0.0,0,0,0,0,0,0,1,0,0,0,0,0,0,1,0,1,0,0,0,0,0,0,0,0,0,
Joey Blount,62771,S,VIRGINIA,14,22,0,56.3,1,0,335,0,0,69.0,67.8,28.6,72.9,63.0,52.9,1,5,0,3,59,19.1,22,1,2,68.9,18,2,0,312,4,456,856,12,0,0,12,0,254,844,25,375,273,25,71,2,32,8,2,293,107,16.3
Zane Zandier,62773,LB,VIRGINIA,14,26,2,70.6,1,0,335,0,0,60.5,53.8,35.6,67.3,47.7,45.0,6,16,1,1,47,21.1,24,3,3,108.0,12,6,0,829,1,325,855,8,0,0,8,0,1,847,154,376,16,47,64,8,17,28,2,132,90,11.0
Charles Snowden,62775,ED,VIRGINIA,14,9,4,78.9,0,0,335,1,0,64.8,72.4,79.4,75.6,69.9,89.5,12,18,0,0,17,10.0,7,0,2,98.9,15,6,0,40,3,179,779,651,0,0,651,0,0,128,256,344,84,37,54,7,19,36,1,67,76,4.5
Elliott Brown,62777,ED,VIRGINIA,7,3,0,100.0,0,0,335,0,0,66.3,71.0,81.7,65.4,68.7,81.9,0,1,0,0,59,0.0,0,0,0,118.8,2,1,0,7,0,17,50,34,0,0,34,0,0,16,11,22,9,3,5,0,2,2,0,56,58,28.0
Matt Gahm,62779,ED,VIRGINIA,14,7,1,66.7,0,0,335,0,0,65.1,68.7,67.9,64.8,70.6,70.1,1,13,0,1,21,15.4,6,1,1,70.5,8,2,0,24,0,110,430,389,0,0,389,0,0,41,131,189,17,21,26,4,12,16,1,57,43,7.1
Mandy Alonso,62784,DI,VIRGINIA,14,7,2,,0,1,335,2,0,63.5,71.4,51.5,69.8,69.2,64.2,5,17,0,0,,25.0,7,0,2,0.0,0,3,0,2,0,1,580,578,2,270,55,251,0,2,331,248,0,13,14,5,0,25,0,0,0,
Kaleb Oliver,62915,S,GA TECH,11,9,0,51.7,0,1,176,1,0,71.5,71.3,51.3,60.9,71.3,72.4,2,0,0,2,47,10.0,4,3,1,69.0,15,0,0,58,12,190,472,98,0,0,98,0,2,374,21,261,302,8,27,1,29,2,1,286,156,19.1
Cheyenne Labruzza,62917,S,TENNESSEE,3,0,0,100.0,0,0,307,0,0,59.1,63.5,76.7,59.5,71.8,76.3,0,1,0,0,15,0.0,0,0,0,118.8,1,0,0,4,0,19,32,0,0,0,0,0,17,32,1,12,11,1,2,0,1,1,0,15,0,15.0
Shawn Shamburger,62918,CB,TENNESSEE,13,7,0,56.4,0,0,307,0,0,73.1,74.3,58.6,72.8,72.4,62.5,0,4,0,1,33,17.3,9,4,1,60.1,22,3,0,60,8,361,695,50,0,0,50,0,3,645,40,294,574,18,36,2,39,7,0,203,103,9.2
Theo Jackson,62919,S,TENNESSEE,12,15,0,64.7,0,0,307,0,0,69.3,69.8,85.2,66.3,68.0,80.9,1,0,0,1,27,8.6,5,2,0,56.7,11,0,0,102,4,238,439,8,0,0,8,0,257,431,6,195,67,6,38,1,17,1,0,103,69,9.4
Tre Swilling,62922,CB,GA TECH,12,1,0,45.2,3,0,176,1,0,53.4,57.2,52.4,76.7,70.2,50.5,1,0,0,1,41,13.8,4,9,9,79.5,28,1,0,47,689,357,753,14,0,0,14,0,0,739,6,390,3,11,24,2,62,2,4,372,86,13.3
Devin Smith,62923,CB,GA TECH,1,0,0,,0,0,176,0,0,,60.0,67.8,,60.0,,0,0,0,0,,,0,0,0,0.0,0,0,0,0,3,0,3,0,0,0,0,0,0,3,0,3,0,0,0,0,0,0,0,0,0,
Jaytlin Askew,62924,CB,GA TECH,8,1,0,50.0,0,0,176,0,0,64.2,65.9,77.2,,67.7,76.2,0,0,0,0,26,0.0,0,0,0,95.8,1,0,0,7,76,31,83,0,0,0,0,0,0,83,0,52,0,0,1,0,2,0,0,26,2,26.0
Deandre Johnson,62927,ED,TENNESSEE,13,1,0,100.0,0,1,307,0,0,49.7,68.2,46.1,70.7,67.1,53.1,4,3,0,0,4,22.2,2,0,1,83.3,1,3,0,2,0,3,195,188,0,2,186,0,0,7,100,92,5,8,6,1,1,10,0,4,0,4.0
Ryan Thaxton,62929,ED,USF,3,2,0,,0,0,327,0,0,52.6,59.8,74.4,59.2,67.2,45.6,0,0,0,0,,33.3,1,0,0,0.0,0,0,0,0,0,3,13,13,0,0,13,0,0,0,1,9,0,0,0,0,0,0,0,0,0,
Matthew Butler,62931,DI,TENNESSEE,13,9,1,100.0,2,0,307,0,0,56.2,61.7,25.1,63.7,64.1,71.0,3,5,0,0,7,5.0,2,0,3,95.8,1,3,0,0,0,0,447,446,9,349,11,77,0,1,241,206,0,18,29,0,1,11,0,7,9,7.0
Kivon Bennett,62934,ED,TENNESSEE,13,8,1,0.0,1,0,307,0,0,54.2,69.1,29.7,75.6,63.6,54.6,4,18,0,0,,20.8,5,0,2,39.6,0,3,0,8,0,15,283,267,0,4,259,4,0,16,160,108,7,9,11,2,1,25,0,0,0,
Djimon Brooks,62936,DI,GA TECH,12,8,0,,0,0,176,0,0,,66.8,84.6,60.9,66.9,61.4,1,4,0,0,,10.7,3,0,0,0.0,0,0,0,0,0,0,415,415,72,335,0,8,0,0,152,263,0,10,17,2,0,5,0,0,0,
Antwan Owens,62938,ED,GA TECH,8,5,1,,0,0,176,0,0,92.5,69.8,39.2,64.9,67.1,63.3,3,7,0,1,,10.5,2,0,2,0.0,0,1,0,1,0,3,366,365,0,63,250,52,0,1,140,223,0,9,12,1,0,11,0,0,0,
Kelton Dawson,62939,ED,GA TECH,10,6,0,,0,0,176,0,0,65.5,63.4,87.3,56.9,64.4,57.8,3,7,0,0,,14.3,4,0,0,0.0,0,1,0,3,0,10,411,408,0,5,372,31,0,3,156,245,0,11,18,2,0,11,0,0,0,
Shanon Reid,62950,LB,TENNESSEE,3,2,0,50.0,0,0,307,0,0,66.4,65.6,78.3,55.5,63.3,84.7,0,0,0,0,28,0.0,0,0,0,95.8,1,0,0,65,0,30,73,1,0,0,1,0,0,72,3,40,6,5,10,0,2,0,0,28,7,28.0
Will Ignont,62951,LB,TENNESSEE,3,6,1,66.7,1,0,307,0,0,51.6,51.7,0.0,72.2,58.4,52.8,1,0,0,0,12,16.7,3,0,2,79.2,4,0,0,95,1,43,112,4,0,0,4,0,0,108,5,64,12,6,9,0,6,1,0,31,25,7.8
Solon Page III,62952,LB,TENNESSEE,4,3,0,50.0,0,0,307,0,0,52.8,53.6,76.7,55.5,62.6,82.9,0,0,0,0,13,0.0,0,0,0,70.8,1,0,0,30,0,22,35,2,0,0,2,0,0,33,3,10,3,1,5,0,2,0,0,13,16,13.0
Bruce Jordan-Swilling,62954,LB,GA TECH,7,5,0,100.0,0,1,176,0,0,54.2,49.3,82.9,65.1,46.1,63.6,0,2,0,0,14,12.5,4,0,0,109.7,3,2,0,189,0,53,220,20,0,0,20,0,0,200,19,148,11,13,23,2,3,4,0,31,29,10.3
Jaquan Henderson,62955,ED,GA TECH,11,4,0,33.3,0,0,176,0,0,45.7,52.8,85.6,53.1,56.8,77.5,1,5,0,0,54,5.9,1,1,0,81.9,1,1,0,5,0,10,189,183,0,0,182,1,0,6,80,99,1,10,12,2,3,7,0,54,35,54.0
LaTrell Bumphus,62977,ED,TENNESSEE,11,4,1,,0,0,307,1,0,65.1,66.1,83.9,61.1,64.7,84.3,1,1,0,0,,0.0,0,0,0,0.0,0,4,0,0,0,1,244,242,0,25,153,64,0,2,109,134,2,9,14,1,0,6,0,0,0,
Avery Showell,62986,S,GA TECH,10,1,0,66.7,0,0,176,0,0,67.1,66.0,82.5,59.4,62.5,71.5,1,0,0,0,41,12.5,2,1,1,149.3,2,0,0,71,1,68,173,15,0,0,15,0,36,158,1,104,50,5,13,0,3,1,1,45,23,22.5
Tariq Carpenter,62987,S,GA TECH,11,13,0,79.4,0,1,176,0,0,77.4,74.0,86.4,58.4,66.8,77.4,0,0,0,1,22,10.4,8,4,0,116.8,27,0,0,275,10,287,646,21,0,0,21,0,210,625,2,357,130,23,56,2,34,0,5,186,99,6.9
DeMarquez Trotter,63032,LB,W KENTUCKY,3,1,0,,0,0,346,0,0,60.0,71.2,61.2,,60.0,72.3,0,0,0,0,,0.0,0,0,0,0.0,0,0,0,0,0,1,3,0,0,0,0,0,0,3,0,2,0,0,0,0,0,0,0,0,0,
Shane Hogarth,63180,DI,TEMPLE,1,0,0,,0,0,306,0,0,,59.7,71.6,73.1,50.9,69.7,1,0,0,0,,0.0,0,0,0,0.0,0,0,0,0,0,0,13,13,0,13,0,0,0,0,7,6,0,0,1,0,0,1,0,0,0,
Noah Wilder,63376,LB,UAB,13,22,0,73.2,0,0,321,1,0,65.3,65.5,7.7,66.9,66.2,67.5,4,3,0,0,23,15.2,16,2,4,107.8,30,3,0,621,4,371,743,23,0,0,23,0,0,720,38,334,95,53,67,12,41,10,2,280,167,9.3
Kam Butler,63872,ED,MIAMI OH,14,7,0,,0,1,221,1,0,69.6,67.9,52.9,56.9,74.9,44.0,8,24,0,0,,18.0,9,0,3,0.0,0,5,0,0,0,3,827,827,2,148,423,254,0,0,467,357,0,30,34,13,0,37,0,0,0,
Reynard Ellis,64363,LB,GA SOUTHRN,13,14,1,86.7,0,0,174,2,0,48.1,71.5,82.1,71.5,81.6,57.6,3,11,0,0,57,16.3,17,2,0,140.1,26,2,0,662,0,299,706,33,1,2,30,0,2,673,73,334,9,48,73,9,30,16,2,369,212,14.2
Devin Maddox,64506,WR,TOLEDO,1,0,0,,0,0,316,0,0,,60.0,60.0,,60.0,,0,0,0,0,,,0,0,2,0.0,0,0,0,0,0,0,1,0,0,0,0,0,0,1,0,1,0,0,0,0,0,0,0,0,0,
Robi Stuart,65032,DI,C MICHIGAN,14,7,0,,1,0,134,0,0,,81.7,60.9,80.4,78.6,70.4,5,22,0,0,,3.7,1,0,2,0.0,0,4,0,0,0,0,615,615,331,271,0,13,0,0,311,304,0,21,19,7,0,31,0,0,0,
Akayleb Evans,65033,CB,TULSA,3,0,0,40.0,0,0,320,0,0,53.9,54.6,78.0,,57.8,61.2,0,0,0,0,40,14.3,1,1,2,97.5,4,0,0,18,100,69,126,0,0,0,0,0,0,126,0,57,8,1,6,0,10,0,1,69,38,17.3
Keylon Stokes,65080,WR,TULSA,1,0,0,,1,0,320,0,0,60.0,62.4,60.0,,,,0,0,0,0,,,0,0,1,0.0,0,0,0,0,0,1,1,0,0,0,0,0,0,1,0,0,0,0,0,0,0,0,0,0,0,
Allie Green IV,65081,CB,TULSA,12,6,0,50.0,3,0,320,2,0,58.2,58.7,0.0,56.8,78.0,63.5,0,0,0,0,53,15.4,8,2,10,81.7,30,0,0,80,662,357,762,3,0,0,3,0,0,759,5,400,15,15,38,1,60,0,2,386,179,12.9
Brenden Young,65084,S,ARKANSAS,5,1,0,,0,0,111,0,0,62.4,47.6,71.7,,41.2,28.5,0,0,0,0,,33.3,1,0,0,0.0,0,0,0,7,0,5,13,0,0,0,0,0,2,13,0,8,3,0,1,0,0,0,0,0,0,
Troy Hairston,65088,ED,C MICHIGAN,14,12,0,0.0,0,1,134,0,0,61.8,79.8,28.3,76.1,81.6,76.7,9,18,0,0,,8.8,3,0,3,39.6,0,2,0,1,0,7,411,410,0,3,390,17,0,1,239,165,0,18,19,4,1,29,0,0,0,
Samuel Womack III,65771,CB,TOLEDO,12,7,0,54.2,0,0,316,0,0,68.2,66.1,86.8,46.0,56.5,68.8,0,2,0,2,66,12.5,8,9,3,84.0,45,0,0,89,726,430,861,2,0,0,2,0,8,859,9,422,35,15,49,2,83,2,4,611,207,13.6
Alex Zayed,65786,LB,LA TECH,13,9,0,60.0,0,0,208,0,0,66.1,69.6,80.4,53.1,73.1,55.5,0,2,0,0,21,20.0,7,0,0,86.3,3,1,0,244,0,131,262,4,0,0,4,0,2,258,16,115,12,12,19,0,5,3,0,41,19,13.7
Devan Rogers,66122,DI,TOLEDO,12,7,0,,0,0,316,0,0,61.1,61.1,84.1,60.2,59.5,60.4,1,7,0,0,,10.3,3,0,0,0.0,0,1,0,0,0,0,491,491,2,429,2,58,0,0,235,256,0,16,19,1,0,9,0,0,0,
Will Graham,66206,LB,CHARLOTTE,1,0,0,,0,0,136,0,0,,65.2,64.8,,63.0,73.1,0,0,0,0,,0.0,0,0,0,0.0,0,0,0,3,0,0,3,0,0,0,0,0,0,3,0,3,0,0,1,0,0,0,0,0,0,
Xavier Henderson,66267,S,MICH STATE,13,11,0,65.8,0,0,223,0,0,77.9,72.5,90.1,55.6,57.3,44.6,0,0,0,2,83,20.4,21,2,0,105.2,25,0,0,165,10,490,838,12,0,0,12,0,518,826,2,346,133,21,71,2,38,0,4,320,208,12.8
Jeremiah Wood,66274,LB,OHIO,6,1,0,50.0,0,0,259,0,0,60.7,71.8,73.9,67.2,79.0,66.2,0,0,0,0,18,11.1,1,0,0,68.8,2,0,0,36,0,25,59,1,0,0,1,0,0,58,4,30,21,3,7,0,4,0,0,24,4,12.0
Samari Springs,66806,CB,ARIZONA,4,0,0,50.0,0,0,109,0,0,51.6,54.8,75.0,,66.3,59.9,0,0,0,0,6,33.3,1,0,0,56.3,1,0,0,3,22,12,27,0,0,0,0,0,0,27,0,15,1,0,2,0,2,0,0,6,2,6.0
Shaun Lewis,68800,CB,HOUSTON,9,1,0,32.1,0,0,182,0,0,64.4,65.8,82.4,60.0,69.7,73.4,0,0,0,1,52,7.1,1,3,1,63.7,9,0,0,14,263,159,279,2,0,0,2,0,0,277,1,119,0,4,12,0,28,0,2,174,44,19.3
Deven Jarvis,70770,S,FRESNO ST,3,0,0,66.7,0,0,169,0,0,58.8,59.5,73.1,,61.1,81.0,0,0,0,0,7,0.0,0,0,0,74.3,2,0,0,4,0,25,32,0,0,0,0,0,18,32,0,7,9,2,3,0,3,0,0,12,3,6.0
Drake Jackson,70839,ED,USC,11,6,4,,0,1,326,0,0,75.8,69.6,46.2,63.3,72.3,63.7,4,17,0,0,,16.7,7,0,4,0.0,0,5,0,2,0,17,633,631,0,42,536,53,0,2,359,257,0,21,29,5,0,26,0,0,0,
Jayden Williams,70895,CB,USC,2,0,0,100.0,0,0,326,0,0,62.9,53.5,74.7,,29.9,46.5,0,0,0,0,12,20.0,1,0,0,95.8,2,0,0,2,24,17,27,0,0,0,0,0,0,27,0,10,1,2,4,0,2,0,0,14,7,7.0
Tarik Luckett,71171,CB,COLORADO,5,0,1,62.5,0,0,143,0,0,52.0,53.0,80.0,57.8,58.4,82.5,1,1,0,0,18,0.0,0,0,0,93.8,5,0,0,21,134,79,163,3,0,0,3,0,1,160,9,75,4,0,8,0,8,2,0,76,9,15.2
Keyon Ware-Hudson,71322,DI,OREGON,3,0,0,,0,0,264,0,0,,60.9,76.8,61.3,59.0,71.5,0,0,0,0,,0.0,0,0,0,0.0,0,1,0,0,0,0,30,30,16,14,0,0,0,0,20,10,0,3,2,0,0,1,0,0,0,
Evan Bennett,71327,DI,OREGON ST,2,2,0,,0,0,265,0,0,,63.4,72.9,57.9,63.9,72.9,0,0,0,0,,0.0,0,0,0,0.0,0,0,0,0,0,0,25,25,3,3,0,19,0,0,5,20,0,0,0,0,0,0,0,0,0,
Jeremiah Criddell,71369,S,OKLAHOMA,3,0,0,0.0,0,0,261,0,0,55.9,52.1,0.0,,65.5,75.1,0,0,0,0,,0.0,0,0,1,39.6,0,0,0,8,0,10,20,0,0,0,0,0,2,20,0,10,10,0,1,0,1,0,0,0,0,
Akili Arnold,71406,S,OREGON ST,4,3,0,50.0,0,0,265,0,0,54.6,58.5,80.9,59.5,72.5,77.3,0,0,0,0,13,11.1,2,0,1,60.4,3,0,0,16,0,80,123,1,0,0,1,0,43,122,1,42,63,2,13,1,6,0,0,24,10,8.0
Elijah Juarez,71580,LB,ARIZONA ST,3,1,0,100.0,0,0,110,0,0,53.2,46.6,71.9,59.5,45.1,34.6,0,0,0,0,18,28.6,2,0,0,112.5,5,0,0,17,0,13,21,0,0,0,0,0,0,21,1,7,4,1,4,0,5,0,0,55,73,11.0
Jaxen Turner,71728,S,ARIZONA,1,0,0,100.0,0,0,109,0,0,66.7,59.2,0.0,56.3,61.4,40.8,0,0,0,0,13,50.0,1,0,1,95.8,2,0,0,4,0,10,17,3,0,0,3,0,0,14,3,4,10,1,1,0,2,0,0,14,4,7.0
Sua'ava Poti,72138,DI,OREGON,1,0,0,,0,0,264,0,0,,61.0,67.2,,60.6,21.8,0,0,0,0,,100.0,1,0,0,0.0,0,0,0,0,0,0,3,3,0,2,0,1,0,0,0,3,0,0,0,0,0,0,0,0,0,
Na'im Rodman,72145,DI,COLORADO,12,8,0,,0,0,143,0,0,60.0,44.9,82.0,52.3,42.2,67.0,0,3,0,0,,7.7,1,0,0,0.0,0,0,0,0,0,0,323,323,4,156,5,158,0,0,180,143,0,2,4,0,0,3,0,0,0,
Ralen Goforth,72169,LB,USC,5,1,0,50.0,0,0,326,0,0,70.7,49.4,75.3,57.2,27.1,25.2,1,0,0,0,6,50.0,2,1,0,56.3,1,0,0,48,0,29,56,2,0,0,2,0,0,54,5,22,6,0,1,0,2,1,0,6,10,6.0
Chris Steele,72190,CB,USC,12,3,0,57.8,1,0,326,1,0,66.7,68.4,84.7,53.6,73.7,90.5,0,0,0,0,52,0.0,0,4,2,106.3,26,0,0,33,490,317,548,8,0,0,8,0,3,540,3,228,14,4,25,1,45,0,3,366,129,14.1
Trent McDuffie,72191,CB,WASHINGTON,12,3,0,60.7,0,2,340,3,0,83.7,85.4,87.1,44.8,86.2,90.0,0,1,0,1,39,4.3,2,4,1,94.3,34,0,0,49,667,436,752,16,0,0,16,0,0,736,3,313,20,14,41,1,56,1,4,339,135,10.0
Zahran Manley,72425,CB,STANFORD,6,0,0,100.0,0,0,300,0,0,68.7,65.0,0.0,,63.9,73.5,0,0,0,0,5,0.0,0,0,1,87.5,1,0,0,8,39,20,47,0,0,0,0,0,0,47,0,27,0,0,1,0,1,0,0,5,5,5.0
Evan Williams,73864,S,FRESNO ST,9,5,0,68.8,0,0,169,1,0,66.2,64.4,86.7,59.3,57.7,54.2,0,0,0,1,44,21.7,10,1,0,75.0,11,0,0,96,3,252,406,1,0,0,1,0,195,405,2,152,110,9,31,0,16,0,0,160,67,14.5
Max Williams,73985,CB,USC,4,1,0,75.0,0,1,326,0,0,74.3,76.2,80.7,65.2,74.8,55.8,0,2,0,0,14,25.0,2,1,0,87.5,6,0,0,12,1,71,125,1,0,0,1,0,1,124,7,47,110,1,5,0,8,2,0,44,29,7.3
Joshua Pakola,74463,DI,STANFORD,1,0,0,,0,0,300,0,0,61.8,66.2,72.2,56.6,62.3,69.7,0,1,0,0,,0.0,0,0,0,0.0,0,0,0,0,0,0,16,16,0,11,2,3,0,0,9,7,0,1,1,0,0,1,0,0,0,
Jowon Briggs,74867,DI,VIRGINIA,13,6,0,,0,0,335,0,0,,58.3,53.3,59.4,58.4,79.3,1,3,0,0,,0.0,0,0,1,0.0,0,1,0,1,0,0,247,245,186,57,1,1,0,2,97,150,0,7,7,1,0,5,0,0,0,
Donte Lindsey,75689,CB,UMASS,8,1,0,66.7,0,0,216,0,0,65.5,58.7,80.6,,42.7,40.2,0,0,0,0,18,25.0,5,0,0,130.6,4,0,0,53,201,94,267,3,0,0,3,0,0,264,0,173,10,5,14,0,6,0,2,48,15,12.0
Elijah Johnson,75690,S,UMASS,4,6,0,44.4,0,0,216,0,0,46.9,41.0,83.4,57.2,33.4,68.0,0,1,0,0,18,12.0,3,0,0,64.6,4,0,0,108,2,104,230,19,0,0,19,0,67,211,9,117,34,0,16,0,9,1,0,55,47,13.8
Justin Lewis,75691,CB,UMASS,2,1,0,,0,0,216,0,0,59.2,58.3,75.9,,55.8,47.4,0,0,0,0,,25.0,1,0,0,0.0,0,0,0,6,48,25,55,0,0,0,0,0,1,55,0,30,0,0,2,0,0,0,0,0,0,
Dajon Owens,75698,CB,COLO STATE,8,1,0,36.4,0,0,144,0,0,50.8,50.0,79.0,,48.7,53.7,0,0,0,0,29,20.0,1,2,1,64.6,4,0,0,7,107,60,116,0,0,0,0,0,1,116,0,56,1,0,3,0,11,0,0,85,10,21.3
Rashad Ajayi,75699,CB,COLO STATE,9,0,0,57.9,1,0,144,1,0,51.3,49.0,15.0,55.8,47.3,50.6,0,0,0,0,56,27.3,3,3,5,118.8,11,0,0,27,269,140,307,0,0,0,0,0,10,307,2,165,1,2,8,0,19,0,2,152,30,13.8
Malcolm Magee,75700,S,COLO STATE,1,0,0,,0,0,144,0,0,60.0,60.0,63.7,,,,0,0,0,0,,,0,0,0,0.0,0,0,0,0,0,1,1,0,0,0,0,0,1,1,0,0,0,0,0,0,0,0,0,0,0,
Ryan Braithwaite,75702,CB,CHARLOTTE,1,0,0,,0,0,136,0,0,,60.0,60.0,,60.0,,0,0,0,0,,,0,0,0,0.0,0,0,0,0,0,0,1,0,0,0,0,0,0,1,0,1,0,0,0,0,0,0,0,0,0,
Logan Stewart,75703,S,COLO STATE,12,12,0,70.0,0,0,144,0,0,59.3,62.6,87.4,74.0,63.6,67.7,0,1,0,2,40,14.3,11,2,1,77.2,21,1,0,212,5,290,674,14,0,0,14,0,215,660,10,374,228,19,54,2,30,2,1,241,66,11.5
Adonis Rufran,75704,CB,COLO STATE,3,0,0,66.7,0,0,144,0,0,52.3,47.8,72.5,59.2,46.4,48.0,0,0,0,0,29,25.0,1,0,0,136.1,4,0,0,4,17,17,24,0,0,0,0,0,0,24,1,6,3,1,3,0,6,0,1,56,8,14.0
Miles Williams,75706,ED,WYOMING,2,0,0,,0,0,351,0,0,,67.9,71.1,,65.8,33.9,0,0,0,0,,50.0,1,0,0,0.0,0,0,0,2,0,0,7,5,0,0,5,0,0,2,0,7,0,1,1,0,0,0,0,0,0,
Andrew Bird,75707,CB,RICE,10,3,0,71.0,1,0,275,0,0,56.1,52.6,85.6,,37.3,50.5,0,0,0,1,44,20.6,7,1,1,121.0,22,0,0,21,397,226,445,21,0,0,21,0,1,424,0,219,4,5,24,1,31,0,2,385,74,17.5
Jason White,75708,CB,RICE,8,1,0,80.0,0,0,275,0,0,62.5,60.1,80.2,52.6,52.3,57.1,0,1,0,0,14,22.2,2,0,0,100.8,4,0,0,6,39,57,96,0,0,0,0,0,1,96,5,34,49,3,6,0,5,1,0,41,4,10.3
Khoury Bethley,75719,S,HAWAII,15,24,0,60.9,0,1,180,0,0,69.6,57.2,16.2,,43.2,49.6,0,0,0,2,26,21.1,24,0,2,72.4,14,0,0,390,16,393,776,8,0,0,8,0,258,768,0,383,104,24,66,2,23,0,2,148,48,10.6
Kai Kaneshiro,75720,CB,HAWAII,13,5,0,51.2,0,0,180,0,0,60.9,58.1,86.5,56.9,46.2,40.4,0,1,1,3,36,23.7,9,1,1,53.9,21,0,0,67,13,250,399,14,0,0,14,0,32,385,3,146,273,9,24,0,41,1,2,230,88,11.0
Kalamaku Kuewa,75723,CB,HAWAII,1,0,0,,0,0,180,0,0,62.1,63.5,63.8,,,75.1,0,0,0,0,,0.0,0,0,0,0.0,0,0,0,0,0,1,1,0,0,0,0,0,0,1,0,0,1,0,1,0,0,0,0,0,0,
Rome Weber,75728,S,WYOMING,13,9,0,36.4,0,1,351,0,0,70.9,72.9,90.2,75.7,69.7,55.8,2,2,0,1,23,17.6,9,1,1,44.1,8,2,0,75,2,417,758,17,0,0,17,0,552,741,14,327,112,9,33,2,22,6,1,82,27,10.3
Prudy Calderon,75733,S,RICE,11,4,1,64.7,0,0,275,0,0,47.8,55.0,84.2,64.3,73.4,79.8,0,0,0,0,53,5.6,1,2,0,145.1,11,0,0,40,1,130,258,3,0,0,3,0,107,255,4,124,106,1,13,0,17,0,4,202,82,18.4
Brandon Derrow,75739,DI,COLO STATE,1,0,0,,0,0,144,0,0,,48.6,67.7,59.5,60.0,,0,0,0,0,,,0,0,0,0.0,0,0,0,0,0,0,3,3,0,3,0,0,0,0,2,1,0,0,0,0,0,0,0,0,0,
Damion Dickens,75740,ED,COLO STATE,12,6,1,,1,0,144,0,0,65.6,65.8,52.7,66.4,62.9,68.2,2,4,0,0,,9.5,2,0,1,0.0,0,2,0,2,0,2,260,258,9,116,120,13,0,2,119,139,0,11,13,1,0,8,0,0,0,
Solomon Byrd,75742,ED,WYOMING,12,14,1,75.0,0,2,351,1,0,57.1,73.3,69.6,76.9,68.6,68.0,8,24,0,0,56,9.8,4,0,1,156.3,3,8,0,0,0,18,464,464,1,2,455,6,0,0,270,176,0,25,23,2,4,40,1,88,47,29.3
Cameron Valentine,75744,ED,RICE,5,0,0,,0,0,275,0,0,,57.4,77.8,58.5,56.3,75.9,0,1,0,0,,0.0,0,0,0,0.0,0,1,0,0,0,0,61,61,5,12,26,18,0,0,35,26,0,2,3,1,0,2,0,0,0,
Shannon Junior II,75748,ED,UMASS,2,1,0,,0,0,216,0,0,62.9,64.5,80.7,57.4,68.5,75.0,0,0,0,0,,0.0,0,0,0,0.0,0,1,0,0,0,5,68,65,0,3,53,9,0,3,37,26,3,2,1,0,0,1,0,0,0,
Uchenna Ezewike,75750,ED,UMASS,3,1,0,100.0,0,0,216,0,0,71.3,72.3,75.5,64.7,60.0,74.1,0,1,0,0,-3,0.0,0,0,0,79.2,1,1,0,0,0,3,16,16,0,0,14,2,0,0,11,2,0,1,0,0,1,2,0,-3,2,-3.0
Timothy Moulton,75753,DI,UMASS,5,3,0,,0,0,216,0,0,56.7,52.4,78.6,55.8,55.7,64.4,0,1,0,0,,10.0,1,0,0,0.0,0,0,0,1,0,0,98,97,0,50,13,34,0,1,39,59,0,5,6,0,0,1,0,0,0,
Dennis Osagiede,75754,DI,UMASS,10,8,0,,1,1,216,0,0,67.2,69.1,34.9,66.7,69.4,64.3,2,14,0,0,,10.3,3,0,3,0.0,0,1,0,0,0,0,524,524,243,187,5,89,0,0,240,284,0,11,18,1,0,17,0,0,0,
Jeffery Keene,75758,ED,HAWAII,1,0,0,,0,0,180,0,0,,60.0,60.0,,60.0,,0,0,0,0,,,0,0,0,0.0,0,0,0,0,0,0,1,0,0,0,0,0,0,1,0,1,0,0,0,0,0,0,0,0,0,
Jonah Kahahawai-Welch,75759,ED,HAWAII,9,1,0,,0,0,180,0,0,63.4,68.1,77.9,64.8,66.4,46.7,0,3,0,0,,50.0,1,0,0,0.0,0,0,0,13,0,12,48,34,0,0,34,0,0,14,21,15,1,0,0,0,0,3,0,0,0,
Derek Thomas,75760,ED,HAWAII,9,3,0,62.5,0,0,180,0,0,63.7,62.2,62.5,61.3,60.8,78.1,1,12,0,0,21,6.1,2,1,1,79.2,5,1,0,58,0,65,375,303,0,0,300,3,0,72,166,144,14,18,28,1,8,14,0,48,34,9.6
Justus Tavai,75761,DI,HAWAII,3,1,0,,0,0,180,0,0,,67.7,75.7,65.4,64.5,72.9,0,1,0,0,,0.0,0,0,0,0.0,0,1,0,0,0,0,32,32,9,18,1,4,0,0,22,10,0,1,0,0,0,2,0,0,0,
Blessman Ta'ala,75762,DI,HAWAII,15,3,2,,0,0,180,0,0,63.8,59.5,65.6,62.0,56.4,33.0,2,3,0,0,,28.6,6,0,1,0.0,0,2,0,0,0,0,449,448,182,173,7,86,0,1,212,237,0,11,12,2,0,7,0,0,0,
Jonah Laulu,75763,ED,HAWAII,14,1,0,,0,1,180,0,0,72.8,59.6,82.3,56.1,57.5,64.3,1,2,0,0,,9.1,1,0,0,0.0,0,3,0,0,0,3,201,200,0,45,92,63,1,1,103,95,0,10,9,3,0,6,0,0,0,
Kendall Hune,75765,DI,HAWAII,14,3,0,,0,0,180,0,0,57.7,50.8,83.0,53.0,50.7,34.5,1,3,0,0,,21.7,5,0,0,0.0,0,0,0,0,0,0,391,390,8,199,25,158,0,1,199,192,0,9,15,0,0,4,0,0,0,
Fo'i Sila,75767,DI,HAWAII,3,1,0,,0,0,180,0,0,,57.1,0.0,55.8,71.1,70.1,0,0,0,0,,0.0,0,0,1,0.0,0,0,0,0,0,0,19,19,13,6,0,0,0,0,13,6,0,0,0,0,0,0,0,0,0,
Rushton Roberts,75768,ED,COLO STATE,4,1,0,,0,0,144,0,0,,59.3,76.5,58.7,59.3,49.0,1,1,0,0,,25.0,1,0,0,0.0,0,0,0,0,0,0,33,33,0,0,27,6,0,0,15,18,0,2,2,0,0,2,0,0,0,
Jan-Phillip Bombek,75769,ED,COLO STATE,10,5,0,,0,1,144,1,0,69.1,65.1,22.9,78.1,54.0,60.3,8,8,0,0,,11.1,2,0,3,0.0,0,6,0,5,0,11,366,361,0,0,343,18,0,5,169,186,0,14,11,1,0,22,0,0,0,
Devin Phillips,75771,DI,COLO STATE,12,11,0,,0,0,144,0,0,59.7,54.5,47.3,62.3,52.7,81.9,1,8,0,0,,0.0,0,0,2,0.0,0,2,0,0,0,1,475,475,60,413,0,2,0,0,182,292,0,12,12,1,0,11,0,0,0,
Cole Godbout,75784,DI,WYOMING,13,5,1,,0,0,351,0,0,60.0,70.8,66.7,65.4,71.9,61.9,1,8,0,0,,12.5,5,0,1,0.0,0,1,0,0,0,0,449,449,108,330,0,11,0,0,247,202,0,21,30,4,0,10,0,0,0,
Mario Mora,75785,DI,WYOMING,11,1,0,,0,0,351,1,0,61.7,57.1,47.4,61.2,54.4,47.3,0,12,0,0,,17.4,4,0,2,0.0,0,2,0,0,0,0,468,468,82,362,0,24,0,0,280,188,0,17,18,2,0,14,0,0,0,
Jacob Doddridge,75787,ED,RICE,5,0,0,,0,0,275,0,0,60.8,62.3,76.4,55.8,66.7,,0,0,0,0,,,0,0,0,0.0,0,0,0,2,0,2,43,40,0,6,18,16,0,3,24,17,1,0,0,0,0,0,0,0,0,
Michael Nesmith,75803,S,UMASS,8,1,0,71.4,0,0,216,0,0,55.7,51.1,85.9,61.1,45.9,48.5,0,2,0,0,33,21.4,3,0,0,99.1,5,0,0,6,0,31,117,45,0,0,45,0,0,72,7,79,66,4,10,2,7,2,0,63,21,12.6
Da'Shon Ross,75804,LB,UMASS,2,0,0,,0,0,216,0,0,,71.9,68.9,,69.0,73.1,0,0,0,0,,0.0,0,0,0,0.0,0,0,0,5,0,0,6,1,0,0,1,0,0,5,0,6,0,1,1,0,0,0,0,0,0,
Dequan Jackson,75810,LB,COLO STATE,12,14,0,78.6,0,0,144,2,0,64.6,61.5,53.8,58.7,59.9,86.6,2,4,0,0,18,6.2,5,0,1,110.7,11,1,0,552,0,221,616,27,0,0,27,0,0,589,50,345,37,34,62,5,14,7,1,68,78,6.2
Cam'Ron Carter,75811,LB,COLO STATE,11,13,0,73.3,0,0,144,1,0,65.8,62.2,41.3,66.7,58.4,75.0,3,1,0,1,62,10.2,6,0,1,91.0,11,2,0,385,0,118,422,23,0,0,23,0,0,399,38,266,14,28,40,4,15,6,1,120,105,10.9
Troy Golden,75814,LB,COLO STATE,4,0,0,,0,0,144,0,0,71.7,67.7,77.0,54.9,61.2,74.8,0,0,0,0,,0.0,0,0,0,0.0,0,0,0,13,0,10,24,11,0,0,11,0,0,13,7,7,0,1,1,0,0,0,0,0,0,
Chuck Hicks,75816,S,WYOMING,1,0,0,,0,0,351,0,0,,60.0,63.7,,60.0,76.4,0,0,0,0,,0.0,0,0,0,0.0,0,0,0,0,0,0,1,0,0,0,0,0,1,1,0,1,0,0,1,0,0,0,0,0,0,
Leevi Lafaele,75817,ED,WYOMING,3,0,0,,0,0,351,0,0,60.0,66.8,78.3,63.1,66.7,29.8,2,2,0,0,,50.0,1,0,0,0.0,0,0,0,0,0,1,53,53,0,0,53,0,0,0,38,14,0,1,1,0,0,4,0,0,0,
Chad Muma,75818,LB,WYOMING,13,9,1,75.0,0,0,351,0,0,59.8,76.7,80.1,90.1,77.3,73.3,2,5,0,0,29,8.9,4,0,0,97.9,12,2,0,232,1,101,262,14,0,0,14,0,1,248,22,139,14,22,32,1,16,9,0,128,72,10.7
Antonio Montero,75822,LB,RICE,12,24,0,89.7,0,0,275,1,0,51.9,63.4,52.6,73.0,66.5,60.8,10,6,0,0,42,13.2,12,2,1,118.2,26,2,0,605,0,266,619,6,0,0,6,0,0,613,64,289,8,31,55,5,29,18,0,359,236,13.8
Treshawn Chamberlain,75823,S,RICE,12,13,0,70.3,0,0,275,0,0,72.7,66.5,53.3,61.6,58.1,57.2,0,6,0,2,57,18.7,14,5,2,75.5,26,1,0,243,0,260,611,58,0,0,58,0,91,553,48,303,219,22,48,1,37,7,1,252,154,9.7
Ari Broussard,75824,LB,RICE,1,0,0,,0,0,275,0,0,,60.0,60.0,,60.0,,0,0,0,0,,,0,0,0,0.0,0,0,0,0,0,0,1,0,0,0,0,0,0,1,0,1,0,0,0,0,0,0,0,0,0,
Blaze Alldredge,75826,LB,RICE,12,23,1,84.4,0,1,275,1,0,59.0,67.0,62.8,73.8,65.4,71.3,3,16,0,0,25,14.9,17,0,1,101.2,27,6,0,636,1,301,763,76,2,0,73,1,0,687,102,360,50,55,74,18,32,25,1,185,94,6.9
Ikenna Enechukwu,75875,ED,RICE,12,5,0,0.0,0,0,275,0,0,59.1,50.7,58.9,50.3,53.7,30.9,0,6,0,0,,32.0,8,0,1,39.6,0,2,0,0,0,5,337,336,0,51,157,128,0,1,157,175,0,8,12,2,1,8,0,0,0,
Joe Norwood,75905,CB,UMASS,4,3,0,60.0,0,0,216,0,0,46.0,45.9,83.7,,46.2,44.9,0,0,0,1,30,27.0,10,1,0,77.9,9,0,0,60,12,103,230,0,0,0,0,0,31,230,0,127,127,6,24,0,15,0,1,113,78,12.6
Quinn Brinnon,75908,S,COLO STATE,9,4,0,66.7,0,0,144,0,0,65.7,65.5,77.8,60.0,64.2,63.3,0,0,0,0,15,14.3,2,0,0,79.9,2,0,0,38,0,39,84,3,0,0,3,0,30,81,1,44,13,1,8,0,3,0,0,16,18,8.0
Tywan Francis,75909,S,COLO STATE,7,1,0,50.0,0,0,144,0,0,69.5,67.6,80.9,,59.5,65.7,0,0,0,0,23,13.3,2,2,0,63.0,4,0,0,38,1,77,138,0,0,0,0,0,52,138,0,61,47,4,12,0,8,0,0,37,17,9.3
Trey McBride,75916,TE,COLO STATE,1,0,0,,0,0,144,0,0,60.0,60.0,64.7,,,,0,0,0,0,,,0,0,4,0.0,0,0,0,0,0,1,1,0,0,0,0,0,1,1,0,0,0,0,0,0,0,0,0,0,0,
Cedric Byrd II,75938,WR,HAWAII,1,0,0,,1,0,180,0,0,,60.0,60.0,,60.0,,0,0,0,0,,,0,0,2,0.0,0,0,0,0,0,0,1,0,0,0,0,0,0,1,0,1,0,0,0,0,0,0,0,0,0,
James Green III,75943,CB,HAWAII,2,0,0,0.0,0,0,180,0,0,30.6,32.0,72.0,,60.3,,0,0,0,0,,,0,0,1,39.6,0,0,0,1,17,12,19,0,0,0,0,0,0,19,0,7,0,0,0,0,1,0,0,0,0,
Chandler Jones,76565,CB,LOUISVILLE,13,3,0,57.1,0,1,210,0,0,73.8,74.2,86.7,61.2,69.2,55.3,0,1,0,1,24,18.0,9,8,2,88.5,32,1,0,43,802,463,860,5,0,0,5,0,6,855,10,387,3,14,38,3,56,2,4,301,70,9.4
Montre Miller,76568,CB,KENT STATE,7,3,0,83.3,1,0,201,0,0,49.5,54.8,76.4,,66.4,44.4,0,0,0,0,25,27.3,3,0,1,158.3,5,0,0,16,61,29,82,0,0,0,0,0,0,82,0,53,5,1,5,0,6,0,2,81,48,16.2
Jeremiah Lewis,76571,CB,DUKE,11,1,0,0.0,0,0,154,0,0,62.3,62.4,78.5,,61.3,79.8,0,0,0,0,,0.0,0,0,1,39.6,0,0,0,5,95,34,102,1,0,0,1,0,0,101,0,68,0,1,3,0,3,0,0,0,0,
Teshaun Smith,76572,CB,NC STATE,5,1,0,81.3,0,0,248,0,0,60.7,61.4,80.1,,65.3,69.1,0,0,0,0,36,12.5,2,0,1,146.1,13,0,0,8,144,116,153,0,0,0,0,0,0,153,0,37,1,4,13,1,16,0,2,153,60,11.8
De'Von Graves,76573,CB,NC STATE,11,4,0,61.5,0,1,248,0,0,68.3,68.0,85.7,68.7,62.8,36.3,2,0,0,0,31,29.0,9,4,0,93.6,16,0,0,55,217,253,459,9,0,0,9,0,132,450,8,198,46,5,18,0,26,2,1,171,77,10.7
Taiyon Palmer,76574,CB,NC STATE,3,0,0,40.0,0,0,248,0,0,58.5,59.3,76.7,61.9,61.4,26.2,0,1,0,0,40,66.7,2,1,0,127.1,2,0,0,4,59,51,63,0,0,0,0,0,0,63,2,10,0,0,1,0,5,1,1,75,11,37.5
Kishawn Miller,76576,CB,NC STATE,12,3,0,68.3,1,0,248,0,0,60.2,61.7,85.0,62.7,65.4,72.5,1,1,0,0,52,9.8,4,3,5,119.8,28,0,0,40,402,272,489,12,0,0,12,0,11,477,7,210,22,8,34,0,41,2,3,358,90,12.8
Mario Goodrich,76578,CB,CLEMSON,11,1,0,27.3,0,0,140,0,0,76.5,77.7,82.7,54.9,79.8,67.0,0,1,0,1,16,10.0,1,2,0,1.7,3,0,0,8,189,108,210,11,0,0,11,0,0,199,3,99,1,4,8,1,11,1,0,28,6,9.3
Elijah Clark,76579,CB,TEMPLE,3,0,0,100.0,0,0,306,0,0,51.9,54.8,73.9,,62.8,21.4,0,0,0,0,11,100.0,1,0,0,112.5,1,0,0,0,24,3,24,0,0,0,0,0,0,24,0,21,0,0,0,0,1,0,0,11,5,11.0
Aaron Adu,76580,CB,TEMPLE,3,1,0,100.0,0,0,306,0,0,58.3,60.9,72.4,,65.2,78.8,0,0,0,0,16,0.0,0,0,0,118.8,1,0,0,3,18,8,21,0,0,0,0,0,0,21,0,13,0,0,2,0,1,0,0,16,4,16.0
Chauncey Moore,76581,CB,TEMPLE,2,1,0,100.0,0,0,306,0,0,61.9,64.8,74.4,,64.3,73.5,0,0,0,0,26,0.0,0,0,0,118.8,1,0,0,1,5,3,12,0,0,0,0,0,2,12,0,9,4,0,0,0,1,0,0,26,13,26.0
Arquon Bush,76582,CB,CINCINNATI,11,4,0,44.7,0,1,138,0,0,64.4,65.6,45.5,58.6,71.6,56.7,0,0,0,0,36,13.6,3,5,3,71.4,17,0,0,17,13,312,528,0,0,0,0,0,8,528,1,215,490,5,15,0,38,0,1,212,74,12.5
Taj Ward,76583,S,CINCINNATI,13,0,0,71.4,0,0,138,0,0,58.5,57.0,86.3,,50.8,59.0,0,0,0,0,39,16.7,2,0,0,137.5,10,0,0,76,48,141,259,0,0,0,0,0,42,259,0,118,92,3,10,0,14,0,1,205,50,20.5
Ar'mani Johnson,76586,CB,SMU,12,5,0,47.5,0,0,287,1,0,80.0,79.5,46.5,66.2,70.9,90.0,0,0,1,2,40,2.2,1,7,2,88.3,28,0,0,24,626,386,659,1,0,0,1,0,1,658,3,270,7,12,39,3,59,0,6,381,45,13.6
Treveon Johnson,76587,CB,SMU,2,0,0,,0,0,287,0,0,62.9,63.6,69.2,,60.0,,0,0,0,0,,,0,0,0,0.0,0,0,0,0,6,4,6,0,0,0,0,0,0,6,0,2,0,0,0,0,0,0,0,0,0,
Terry Keys III,76588,CB,SMU,1,0,0,,0,0,287,0,0,,60.0,65.6,,60.0,,0,0,0,0,,,0,0,0,0.0,0,0,0,0,2,0,2,0,0,0,0,0,0,2,0,2,0,0,0,0,0,0,0,0,0,
Tanner McCalister,76591,S,OKLA STATE,13,3,0,65.4,0,0,262,0,0,47.8,50.8,86.0,58.4,58.0,62.2,1,1,0,0,28,15.8,6,0,2,130.4,17,0,0,72,2,221,384,10,0,0,10,0,173,374,13,150,126,7,29,2,26,2,3,221,57,13.0
John Gregory,76593,CB,OHIO,2,0,0,0.0,0,0,259,0,0,82.7,82.7,72.4,,61.4,,0,0,0,1,,,0,0,0,0.0,0,0,0,1,15,6,16,0,0,0,0,0,0,16,0,10,0,0,0,0,2,0,0,0,0,
Byron Hanspard Jr.,76595,CB,BAYLOR,3,1,0,25.0,0,0,118,0,0,48.7,55.1,74.6,,70.6,76.4,0,0,0,0,11,0.0,0,0,0,39.6,1,0,0,12,37,22,50,1,0,0,1,0,0,49,0,28,0,1,1,1,4,0,0,11,0,11.0
Mark Milton,76596,CB,BAYLOR,6,1,0,50.0,0,0,118,0,0,57.4,60.4,78.2,,70.6,81.2,0,0,0,0,6,0.0,0,0,0,56.3,2,0,0,7,87,52,96,1,0,0,1,0,0,95,0,44,0,0,4,0,4,0,0,12,7,6.0
JayVeon Cardwell,76597,CB,OKLA STATE,2,0,0,50.0,0,0,262,0,0,61.5,61.7,72.9,,60.0,21.7,0,0,0,0,20,100.0,1,0,0,70.8,2,0,0,0,18,17,18,0,0,0,0,0,0,18,0,1,0,0,0,0,4,0,0,26,18,13.0
Corione Harris,76600,CB,KANSAS,7,5,0,60.9,0,0,198,0,0,56.1,57.8,81.7,,63.5,63.4,0,0,0,0,28,13.0,3,1,1,93.9,14,0,0,16,241,124,259,0,0,0,0,0,1,259,0,135,1,1,15,1,23,0,1,147,35,10.5
Elijah Jones,76601,CB,KANSAS,7,1,0,75.0,0,0,198,0,0,66.0,63.5,78.5,60.0,55.5,44.1,0,0,0,0,20,28.6,4,0,0,95.3,6,0,0,13,104,48,120,0,0,0,0,0,2,120,1,71,0,1,9,1,8,0,0,59,23,9.8
Ricky Thomas Jr.,76602,S,KANSAS,12,2,0,64.3,0,0,198,0,0,55.6,59.8,84.6,,71.9,88.2,0,0,0,1,51,3.7,1,1,0,104.8,9,0,0,43,1,148,261,0,0,0,0,0,63,261,0,113,153,2,24,1,14,0,2,132,35,14.7
Capone Blue,76604,CB,KENT STATE,2,0,0,,0,0,201,0,0,62.0,64.7,71.0,60.0,64.8,74.3,0,0,0,0,,0.0,0,0,0,0.0,0,0,0,1,10,2,12,0,0,0,0,0,0,12,1,9,1,0,1,0,0,0,0,0,0,
Jeremiah Salaam,76605,S,KENT STATE,11,10,0,68.4,0,0,201,0,0,61.3,57.0,87.4,59.5,45.8,55.2,0,0,0,0,31,21.1,8,2,0,129.1,13,0,0,118,3,244,488,3,0,0,3,0,199,485,1,243,165,7,20,1,19,0,2,159,71,12.2
Jalynn Williams,76606,S,TOLEDO,12,4,0,75.0,0,0,316,0,0,59.6,67.6,17.9,70.0,77.9,75.7,2,0,0,0,27,10.0,4,0,1,96.4,12,1,0,101,4,100,262,8,0,0,8,0,0,254,11,151,149,15,32,2,16,3,0,122,50,10.2
Jordan Hendy,76607,CB,TOLEDO,9,2,0,57.1,0,1,316,0,0,64.4,59.1,78.6,,42.8,58.7,0,0,0,1,40,11.1,1,0,2,62.2,4,0,0,14,92,45,110,0,0,0,0,0,1,110,0,65,3,0,6,0,7,0,0,92,35,23.0
Desmond Bernard,76609,S,TOLEDO,1,0,0,,0,0,316,0,0,60.0,62.5,69.6,,60.7,,0,0,0,0,,,0,0,0,0.0,0,0,0,1,0,1,9,0,0,0,0,0,7,9,0,8,1,0,0,0,0,0,0,0,0,
Devin Haney,76611,CB,N ILLINOIS,8,3,0,63.0,0,0,254,0,0,44.3,49.3,81.3,,72.3,60.2,0,0,0,1,41,15.4,4,1,1,96.8,17,0,0,20,194,117,221,2,0,0,2,0,1,219,0,104,4,3,19,0,27,0,1,294,86,17.3
Antwain Walker,76613,CB,N ILLINOIS,3,2,0,30.8,0,1,254,0,0,51.9,56.3,78.4,,65.9,60.0,1,0,0,0,23,18.2,2,1,3,43.4,4,0,0,31,109,61,147,3,0,0,3,0,0,144,0,86,4,2,7,0,13,1,0,49,30,12.3
Tyler Potts,76616,CB,BALL ST,11,1,0,50.0,0,0,117,0,0,62.2,64.2,79.6,58.7,71.4,70.3,0,0,0,1,51,9.1,1,1,2,84.0,6,0,0,12,127,78,141,1,0,0,1,0,1,140,1,62,0,3,9,0,12,0,2,102,7,17.0
Gerald Smith,76617,CB,BALL ST,2,0,0,50.0,0,0,117,0,0,60.3,64.4,75.3,66.8,62.0,,1,0,0,0,8,,0,0,0,60.4,1,0,0,0,26,14,28,2,0,0,2,0,0,26,1,13,0,0,0,0,2,1,0,8,2,8.0
Amechi Uzodinma II,76619,CB,BALL ST,12,1,0,46.8,1,1,117,1,0,71.7,68.9,85.6,58.1,52.6,39.5,0,0,0,5,64,26.0,13,11,3,40.1,29,0,0,71,775,431,854,1,0,0,1,0,3,853,1,422,4,4,36,0,62,0,0,485,121,16.7
Justin Birchette,76620,CB,OHIO,7,3,0,21.4,0,0,259,0,0,63.8,61.9,0.0,59.3,66.2,83.8,0,0,0,0,38,0.0,0,4,1,66.4,3,0,0,3,45,47,73,1,0,0,1,0,0,72,1,25,23,1,7,0,14,0,1,52,14,17.3
Elmore Hempstead Jr.,76621,CB,KANSAS,8,1,0,30.8,0,0,198,0,0,78.7,74.1,79.5,59.1,54.1,51.6,0,0,0,0,14,25.0,3,4,2,40.2,4,0,0,16,125,62,143,1,0,0,1,0,1,142,1,80,0,3,8,0,13,0,0,28,5,7.0
A.J. Lytton,76623,CB,FLORIDA ST,9,0,0,55.6,0,1,167,0,0,66.3,70.1,81.2,,80.3,66.2,0,0,0,0,13,14.3,2,0,3,66.4,5,0,0,13,156,103,190,0,0,0,0,0,0,190,0,87,19,7,12,2,9,0,0,39,12,7.8
Jaiden Woodbey,76624,LB,FLORIDA ST,4,4,0,63.6,0,0,167,1,0,59.7,57.7,85.1,63.2,52.9,76.3,0,3,0,0,13,5.0,1,1,0,72.2,7,0,0,221,1,144,287,42,0,0,42,0,1,245,21,122,21,6,15,0,11,3,0,45,21,6.4
Asante Samuel Jr.,76625,CB,FLORIDA ST,12,4,0,50.7,0,0,167,0,0,78.7,76.9,56.0,51.4,67.7,65.8,0,0,0,1,74,13.1,8,9,3,75.0,34,0,0,61,628,469,815,9,0,0,9,0,6,806,6,340,111,15,49,2,67,0,2,432,105,12.7
Isaiah Bolden,76626,CB,FLORIDA ST,10,1,0,55.6,0,0,167,0,0,49.8,52.2,79.2,59.1,67.5,64.0,0,0,0,1,28,22.2,2,1,1,86.6,10,0,0,6,95,68,106,2,0,0,2,0,0,104,1,37,1,2,6,0,18,0,2,105,35,10.5
Marquis Williams,76627,CB,PITTSBURGH,3,0,0,83.3,0,0,268,0,0,38.0,40.7,72.1,,64.0,79.3,0,0,0,0,50,0.0,0,0,0,154.9,5,0,0,3,16,11,19,0,0,0,0,0,0,19,0,8,0,3,4,0,6,0,1,70,9,14.0
Erick Hallett,76631,CB,PITTSBURGH,10,1,0,47.6,0,0,268,0,0,58.7,61.3,82.2,57.9,72.7,68.7,2,1,0,0,41,15.4,2,2,0,69.1,10,0,0,41,4,117,172,6,0,0,6,0,1,166,8,47,120,5,10,0,21,3,0,138,44,13.8
Elijah Jones,76632,CB,BOSTON COL,11,2,0,61.1,0,0,121,0,0,65.2,62.2,83.6,55.2,45.5,55.7,0,1,0,0,29,18.5,5,1,1,103.2,11,0,0,14,341,204,365,3,0,0,3,0,5,362,2,159,2,5,20,1,18,1,1,137,45,12.5
Aaron Gethers,76633,CB,BOSTON COL,4,0,0,,0,0,121,0,0,60.9,62.1,74.9,,63.4,73.5,0,0,0,0,,0.0,0,0,0,0.0,0,0,0,1,32,12,35,0,0,0,0,0,0,35,0,23,2,1,1,1,0,0,0,0,0,
Jason Maitre,76634,CB,BOSTON COL,11,3,0,60.0,1,0,121,0,0,57.2,57.4,84.2,58.9,57.4,69.2,0,0,1,1,85,11.8,4,5,4,111.3,24,0,0,17,407,257,456,0,0,0,0,0,2,456,1,198,30,6,27,1,40,0,3,428,187,17.8
Kenneth Dicks III,76635,CB,WAKE,5,1,0,66.7,0,0,339,0,0,50.4,53.1,78.9,58.2,58.3,53.3,0,0,0,0,14,20.0,1,0,0,86.8,2,0,0,7,0,13,48,4,0,0,4,0,0,44,2,33,36,1,3,0,3,0,0,21,29,10.5
Zion Keith,76637,S,WAKE,8,1,0,100.0,0,0,339,0,0,47.9,54.8,77.3,61.2,72.2,60.6,0,1,0,0,55,16.7,1,0,0,118.8,4,0,0,13,0,32,57,0,0,0,0,0,32,57,5,20,12,1,4,0,4,1,0,74,39,18.5
Nasir Greer,76638,S,WAKE,12,5,1,78.6,0,3,339,0,0,73.4,74.6,16.6,85.3,74.1,53.8,2,0,0,1,33,20.0,16,1,2,125.0,22,0,0,104,1,368,689,5,0,0,5,0,362,684,10,311,216,15,59,0,28,2,3,252,100,11.5
Brendan Radley-Hiles,76640,S,OKLAHOMA,14,8,0,68.8,0,1,261,1,0,63.7,59.3,4.9,56.4,55.4,43.9,1,1,1,2,26,25.0,14,1,4,75.3,22,0,0,188,0,366,666,97,0,0,97,0,2,569,27,273,379,12,34,4,32,2,1,242,138,11.0
Andre Cisco,76641,S,SYRACUSE,9,13,0,72.2,0,1,304,1,0,61.0,58.0,88.0,,51.1,68.6,0,0,1,5,90,13.9,11,5,0,105.8,26,0,0,136,2,304,603,2,0,0,2,0,315,601,0,299,148,13,55,0,36,0,6,376,178,14.5
Trill Williams,76643,CB,SYRACUSE,11,4,0,64.1,0,3,304,1,1,66.2,68.5,46.6,67.0,75.6,61.3,2,1,0,1,64,15.4,6,2,3,98.7,25,0,0,19,149,302,554,20,0,0,20,0,30,534,17,235,336,8,29,0,39,3,2,344,165,13.8
DeAndre Hollins,76647,CB,N CAROLINA,11,1,0,50.0,0,0,245,0,0,54.6,56.4,82.8,53.7,67.1,86.6,0,0,0,0,48,0.0,0,3,4,80.6,16,0,0,25,230,187,287,6,0,0,6,0,0,281,6,94,26,4,14,0,32,0,1,203,40,12.7
Graham Eklund,76648,CB,N CAROLINA,1,0,0,100.0,0,0,245,0,0,48.1,49.6,73.3,,60.3,74.8,0,0,0,0,26,0.0,0,0,0,118.8,1,0,0,2,0,5,10,0,0,0,0,0,2,10,0,5,6,0,1,0,1,0,0,26,3,26.0
Javon Terry,76649,CB,N CAROLINA,3,0,0,100.0,0,0,245,0,0,65.7,69.8,73.7,71.9,60.0,73.0,0,0,0,0,9,,0,0,0,104.2,1,1,0,1,16,11,19,1,0,0,1,0,1,18,1,7,0,1,0,0,1,1,0,9,0,9.0
Trey Morrison,76650,CB,N CAROLINA,10,3,0,53.3,1,0,245,0,0,61.0,61.9,84.3,60.0,63.7,67.3,0,0,0,1,41,13.9,5,1,5,62.4,24,0,0,28,406,263,461,3,0,0,3,0,0,458,1,197,23,8,28,2,45,0,0,271,61,11.3
Damel Hickman,76651,CB,E CAROLINA,2,0,0,,0,0,156,0,0,60.0,60.9,67.1,,60.0,,0,0,0,0,,,0,0,0,0.0,0,0,0,0,2,1,3,0,0,0,0,0,1,3,0,2,0,0,0,0,0,0,0,0,0,
Jaylon King,76652,S,GA TECH,9,0,0,60.0,0,0,176,0,0,48.1,56.2,79.9,58.6,69.0,29.8,0,2,0,0,12,40.0,8,1,1,77.1,3,0,0,50,2,47,119,4,0,0,4,0,41,115,2,70,22,5,12,1,5,2,0,30,25,10.0
Zamari Walton,76654,CB,GA TECH,11,5,0,64.5,0,0,176,0,0,61.1,60.0,10.6,60.0,61.6,41.5,0,0,0,0,62,22.2,10,2,3,125.6,20,0,0,50,538,261,599,6,0,0,6,0,0,593,1,337,5,8,30,0,31,0,3,279,96,14.0
Juanyeh Thomas,76655,S,GA TECH,12,14,0,73.1,0,0,176,0,0,80.8,80.0,47.1,58.1,77.1,77.6,0,0,0,1,26,11.3,8,3,1,89.9,19,0,0,267,1,269,579,29,0,0,29,0,179,550,3,307,103,17,49,2,26,0,1,188,122,9.9
Heskin Smith,76658,CB,VIRGINIA,5,0,0,62.5,0,0,335,0,0,47.8,52.0,81.1,56.4,66.9,73.9,2,1,0,0,56,9.7,3,2,1,138.8,20,0,0,38,229,145,275,1,0,0,1,0,6,274,11,119,1,5,28,0,32,3,4,346,66,17.3
Chamarri Conner,76662,CB,VA TECH,13,9,0,54.8,1,1,337,0,0,72.4,74.1,33.9,76.1,72.2,66.4,1,13,0,1,47,15.1,11,5,3,89.5,34,6,0,98,27,370,724,100,0,0,100,0,7,624,55,299,491,31,53,4,62,20,4,401,123,11.8
Armani Chatman,76663,CB,VA TECH,11,4,0,66.7,0,0,337,0,0,75.3,72.5,17.1,57.6,61.4,67.7,0,0,0,0,30,10.0,2,4,2,127.0,14,0,0,1,257,158,287,20,0,0,20,0,0,267,2,127,7,5,14,0,21,0,4,150,36,10.7
Jermaine Waller,76664,CB,VA TECH,12,3,0,39.2,0,0,337,0,0,84.5,81.8,46.0,68.8,69.0,66.9,1,0,0,3,58,13.0,6,8,4,57.6,20,2,0,77,595,436,738,23,0,0,23,0,1,715,12,290,41,12,37,1,51,3,4,260,63,13.0
Tanner Ingle,76667,S,NC STATE,11,14,0,76.6,0,1,248,0,0,44.1,53.4,28.6,86.4,61.5,41.5,3,3,0,0,51,23.9,21,3,2,119.5,36,1,0,332,5,409,751,48,0,0,48,0,210,703,28,314,154,24,53,5,47,7,3,364,202,10.1
Gilbert Frierson,76668,S,MIAMI FL,13,4,0,47.4,0,0,220,0,0,66.0,64.7,78.8,56.2,62.8,43.5,1,0,0,1,65,26.3,5,2,1,52.5,9,0,0,95,5,101,205,5,0,0,5,0,0,200,12,92,99,4,10,2,19,1,0,150,76,16.7
Al Blades Jr.,76669,CB,MIAMI FL,13,4,0,43.9,0,0,220,0,0,70.6,66.6,42.5,50.2,52.9,44.5,0,1,0,2,39,21.6,8,5,2,42.7,18,0,0,45,505,317,577,3,0,0,3,0,15,574,6,254,7,10,25,0,41,1,0,240,104,13.3
DJ Ivey,76670,CB,MIAMI FL,12,0,0,60.5,0,0,220,0,0,50.9,52.0,85.2,52.4,58.2,58.1,0,0,0,3,49,19.4,6,1,1,84.0,23,0,0,32,561,322,603,2,0,0,2,0,5,601,3,278,2,13,25,2,38,0,3,347,119,15.1
Gurvan Hall Jr.,76671,S,MIAMI FL,13,7,0,58.8,0,0,220,1,0,74.4,76.2,55.3,74.5,74.6,73.8,3,5,0,1,20,12.9,9,3,1,88.4,20,3,0,132,7,366,746,14,0,0,14,0,314,732,40,340,279,16,54,1,34,11,3,164,52,8.2
Caleb Clear,76673,CB,NAVY,3,0,0,,0,0,237,0,0,61.5,60.9,71.2,,58.7,28.1,0,0,0,0,,50.0,1,0,0,0.0,0,0,0,0,11,2,11,0,0,0,0,0,0,11,0,9,0,1,1,0,0,0,0,0,0,
Michael McMorris,76674,CB,NAVY,13,7,0,57.4,0,0,237,0,0,72.0,75.4,85.7,57.6,85.6,65.7,0,2,0,1,53,13.6,8,7,2,81.9,31,0,0,29,652,358,685,4,0,0,4,0,0,681,7,320,0,16,44,3,54,2,2,355,198,11.5
Mitchell West,76676,S,NAVY,4,1,0,100.0,0,0,237,0,0,53.3,55.0,72.0,,60.1,74.8,0,0,0,0,9,0.0,0,0,0,104.2,1,0,0,2,0,4,11,0,0,0,0,0,7,11,0,7,2,0,0,0,1,0,0,9,9,9.0
Daniel Taylor,76679,CB,NAVY,8,0,0,50.0,0,0,237,0,0,40.3,46.3,76.1,65.4,68.1,76.6,0,1,0,0,28,0.0,0,0,0,75.5,4,0,0,1,46,26,47,0,0,0,0,0,0,47,1,20,0,0,2,0,8,1,0,61,28,15.3
Chike Otaluka,76680,CB,NAVY,1,0,0,0.0,0,0,237,0,0,60.0,42.3,65.6,,60.0,,0,0,0,0,,,0,0,0,39.6,0,0,0,0,2,1,2,0,0,0,0,0,0,2,0,1,0,0,0,0,1,0,0,0,0,
Jeremy Webb,76681,CB,VA TECH,2,0,0,,0,0,337,0,0,62.2,64.5,70.3,,63.6,73.5,0,0,0,0,,0.0,0,0,0,0.0,0,0,0,1,7,4,10,1,0,0,1,0,0,9,0,6,0,1,1,0,0,0,0,0,0,
Dyllon Lester,76682,CB,UCF,7,1,0,44.4,0,0,323,0,0,56.4,53.0,82.0,67.0,38.4,49.0,0,1,0,0,17,20.0,2,1,1,61.3,4,0,0,20,0,89,137,4,0,0,4,0,19,133,3,45,94,2,7,0,9,1,0,48,25,12.0
Jermaine McMillian,76684,CB,UCF,3,1,0,0.0,0,0,323,0,0,54.3,54.9,72.3,,60.0,77.0,0,0,0,0,,0.0,0,0,0,39.6,0,0,0,0,9,7,12,0,0,0,0,0,3,12,0,5,0,0,0,0,1,0,0,0,0,
Derek Gainous,76685,S,UCF,7,3,0,100.0,0,0,323,0,0,61.9,63.3,80.5,,64.9,65.9,0,0,0,0,16,16.7,2,0,0,156.3,3,0,0,13,0,63,123,0,0,0,0,0,87,123,0,60,22,0,7,0,3,0,1,36,17,12.0
Quindell Johnson,76689,S,MEMPHIS,14,5,2,32.3,0,0,218,0,0,69.7,72.0,86.9,70.3,71.6,75.0,0,1,0,2,47,10.9,6,1,0,26.3,10,0,0,176,4,301,565,9,0,0,9,0,216,556,14,250,159,15,44,3,31,1,0,180,71,18.0
Chris Claybrooks,76692,CB,MEMPHIS,9,5,0,69.4,0,1,218,0,0,51.2,52.8,27.1,61.7,61.0,73.1,0,2,0,1,53,9.3,4,1,2,101.4,25,1,0,36,307,189,372,20,0,0,20,0,0,352,8,175,9,4,34,0,36,3,1,378,144,15.1
Jalon Ferrell,76698,LB,UCONN,1,0,0,,0,0,146,0,0,,56.5,64.7,,60.0,,0,0,0,0,,,0,0,0,0.0,0,0,0,2,0,0,2,0,0,0,0,0,0,2,0,2,0,0,0,0,0,0,0,0,0,
Messiah Turner,76699,S,UCONN,2,2,0,0.0,0,0,146,0,0,69.0,63.1,76.9,,53.3,31.3,0,0,0,0,,33.3,4,1,0,39.6,0,0,0,34,0,32,71,1,0,0,1,0,30,70,0,39,6,1,6,0,1,0,0,0,0,
Keyshawn Paul,76700,CB,UCONN,12,2,0,48.9,0,1,146,0,0,66.6,65.9,47.5,54.9,65.8,47.5,1,0,0,1,73,16.7,6,2,5,86.7,23,0,0,60,545,300,640,15,0,0,15,0,0,625,8,332,20,7,28,2,47,1,3,355,152,15.4
Myles Berry,76702,LB,E CAROLINA,9,1,0,75.0,0,0,156,1,0,63.7,52.9,77.8,54.2,44.7,61.5,0,1,0,0,15,7.1,1,0,0,81.3,3,0,0,123,0,60,134,3,0,0,3,0,0,131,6,68,8,8,12,0,4,1,0,16,31,5.3
Jordan Morrison,76703,LB,UCONN,1,0,0,,0,0,146,0,0,66.1,66.0,69.6,,61.3,50.4,0,0,0,0,,33.3,1,0,0,0.0,0,0,0,10,1,10,16,0,0,0,0,0,0,16,0,6,5,2,2,1,0,0,0,0,0,
Oneil Robinson,76704,S,UCONN,9,2,0,73.3,0,1,146,0,0,41.8,46.6,84.5,,55.2,33.8,0,1,0,1,74,27.3,6,0,0,127.1,11,0,0,62,0,86,210,1,0,0,1,0,45,209,0,124,101,3,14,0,15,1,3,221,109,20.1
Troy Hurst,76705,CB,MEMPHIS,2,0,0,,0,0,218,0,0,62.1,62.8,69.0,,60.0,,0,0,0,0,,,0,0,0,0.0,0,0,0,0,4,3,4,0,0,0,0,0,0,4,0,1,0,0,0,0,0,0,0,0,0,
Gleson Sprewell,76707,S,HOUSTON,4,2,0,72.7,0,0,182,0,0,48.2,51.4,84.8,,60.7,33.9,0,0,0,1,53,22.2,6,0,0,116.5,8,0,0,22,0,124,213,0,0,0,0,0,120,213,0,89,71,3,19,0,11,0,3,184,46,23.0
Garrison Vaughn,76708,S,HOUSTON,7,4,0,45.8,0,0,182,0,0,60.2,59.2,85.4,,54.8,42.3,0,0,0,0,21,25.6,10,4,1,59.9,11,0,0,85,0,172,299,1,0,0,1,0,110,298,0,127,103,6,25,0,24,0,0,113,35,10.3
Torey Richardson,76711,CB,HOUSTON,2,0,0,100.0,0,0,182,0,0,55.8,58.5,71.8,,64.5,76.2,0,0,0,0,10,0.0,0,0,0,108.3,1,0,0,2,15,7,17,0,0,0,0,0,0,17,0,10,0,0,2,0,1,0,0,10,0,10.0
Michael Witherspoon,76712,CB,E CAROLINA,2,1,0,81.8,1,0,156,0,0,37.6,42.8,77.7,55.4,70.0,69.9,0,0,0,0,37,9.1,1,0,1,114.8,9,0,0,11,77,47,89,1,0,0,1,0,0,88,1,41,0,1,9,0,11,0,0,127,42,14.1
Warren Saba,76713,CB,E CAROLINA,9,3,0,80.0,0,0,156,0,0,64.1,62.1,0.0,62.1,65.8,86.1,0,1,0,0,51,0.0,0,2,3,125.8,12,0,0,27,2,75,158,20,0,0,20,0,0,138,6,77,109,3,12,1,15,1,1,133,68,11.1
Nolan Johnson,76714,S,E CAROLINA,2,1,0,50.0,0,0,156,0,0,63.5,59.3,79.4,,46.6,47.7,0,0,0,0,13,25.0,2,0,0,64.6,2,0,0,20,1,48,88,3,0,0,3,0,18,85,0,40,46,2,5,0,4,0,0,20,5,10.0
Jaren Rainey,76715,S,E CAROLINA,3,0,0,100.0,0,0,156,0,0,66.7,68.8,74.1,,67.4,80.1,0,0,0,0,5,0.0,0,0,0,83.3,2,0,0,7,0,11,23,0,0,0,0,0,5,23,0,12,11,0,3,0,2,0,0,8,0,4.0
Daniel Charles,76716,S,E CAROLINA,12,13,0,63.3,0,0,156,0,0,55.9,57.2,87.7,67.6,56.8,56.9,2,0,0,2,94,15.4,10,2,1,118.7,19,0,0,226,1,323,681,18,0,0,18,0,243,663,9,349,193,9,42,4,30,2,5,443,276,23.3
Miguel Edwards,76720,CB,OKLAHOMA,1,0,0,,0,0,261,0,0,63.7,64.3,68.4,,,,0,0,0,0,,,0,0,0,0.0,0,0,0,0,5,5,5,0,0,0,0,0,0,5,0,0,0,0,0,0,0,0,0,0,0,
Jalen Green,76723,CB,TEXAS,10,4,1,47.6,1,0,311,0,0,63.8,62.1,21.0,65.7,54.8,49.6,0,0,0,0,41,22.2,8,4,3,71.2,20,0,0,21,399,251,430,5,0,0,5,0,0,425,6,173,5,7,24,2,42,0,0,297,100,14.9
Anthony Cook,76724,CB,TEXAS,11,2,0,62.1,0,1,311,0,0,63.2,63.2,83.6,54.8,61.5,60.1,0,1,0,0,39,21.2,7,1,2,111.1,18,0,0,35,405,265,449,1,0,0,1,0,1,448,5,179,6,9,24,1,29,1,2,239,47,13.3
Caden Sterns,76725,S,TEXAS,9,10,0,70.4,0,0,311,0,0,65.0,66.0,85.3,66.4,63.8,58.5,0,2,0,0,61,16.7,11,1,1,119.4,19,2,0,143,5,290,498,5,0,0,5,0,260,493,17,191,84,14,45,3,27,4,1,300,113,15.8
Tyler Days,76727,S,BOSTON COL,2,0,0,,0,0,121,0,0,64.1,58.2,72.5,,52.2,28.6,0,0,0,0,,50.0,1,0,0,0.0,0,0,0,4,0,7,19,0,0,0,0,0,13,19,0,12,2,0,1,0,0,0,0,0,0,
B.J. Foster,76728,S,TEXAS,9,5,0,78.1,0,0,311,0,0,63.4,56.5,48.5,51.8,47.8,45.6,0,5,0,1,51,23.9,11,1,2,124.6,25,2,0,195,3,280,526,56,0,0,56,0,153,470,65,181,119,18,30,3,32,7,3,305,174,12.2
DeMarvion Overshown,76729,LB,TEXAS,8,0,0,62.5,0,1,311,0,0,69.3,67.5,85.9,57.8,66.0,47.0,2,1,0,1,44,26.3,5,2,0,90.1,10,2,0,130,1,140,253,50,0,0,50,0,49,203,40,73,23,12,14,4,16,5,1,158,133,15.8
Anthony Johnson Jr.,76736,CB,IOWA STATE,13,4,1,51.7,0,2,193,0,0,69.1,69.4,88.0,83.5,55.4,59.3,1,5,0,0,46,18.0,11,6,2,94.3,31,2,0,83,637,425,789,68,0,0,68,0,0,721,33,331,0,17,46,4,60,8,5,308,58,9.9
Terrence Ganyi,76739,LB,UCONN,8,5,0,66.7,0,0,146,0,0,57.7,57.3,81.5,53.5,59.3,53.4,0,1,0,0,13,18.8,3,0,0,89.6,2,0,0,92,0,36,110,12,0,0,12,0,1,98,13,61,5,2,8,0,3,1,0,23,28,11.5
Jeremy Lucien,76740,CB,UCONN,11,0,0,61.1,0,0,146,0,0,50.7,52.4,7.5,59.7,66.1,54.8,0,0,0,0,19,19.0,4,1,3,124.8,11,0,0,10,258,121,273,1,0,0,1,0,0,272,1,151,3,2,17,0,18,0,4,139,32,12.6
Derek Bowman,76741,LB,KANSAS ST,1,0,0,,0,0,199,0,0,60.0,61.9,63.8,,60.0,,0,0,0,0,,,0,0,0,0.0,0,0,0,3,0,1,3,0,0,0,0,0,0,3,0,2,0,0,0,0,0,0,0,0,0,
Ekow Boye-Doe,76742,CB,KANSAS ST,3,0,0,100.0,0,0,199,0,0,53.5,54.0,71.4,,60.2,,0,0,0,0,32,,0,0,0,118.8,1,0,0,0,11,5,11,0,0,0,0,0,0,11,0,6,0,0,0,0,1,0,0,32,3,32.0
Wayne Jones,76744,S,KANSAS ST,13,18,0,75.0,0,0,199,0,0,49.4,52.4,10.9,62.7,59.2,40.6,1,2,0,0,50,22.1,19,1,2,142.1,15,0,0,259,15,304,596,18,0,0,18,0,234,578,15,277,68,15,49,1,20,3,2,212,82,14.1
Kevion McGee,76746,CB,KANSAS ST,13,3,0,70.0,0,0,199,0,0,54.0,55.6,86.0,59.8,61.5,79.8,0,0,0,0,37,6.9,2,0,2,116.4,21,0,0,15,489,284,528,17,0,0,17,0,0,511,1,243,5,4,24,0,30,0,1,323,98,15.4
Lance Robinson,76747,CB,KANSAS ST,6,0,0,50.0,0,0,199,0,0,59.0,58.2,0.0,,61.6,55.7,0,0,0,0,58,20.0,2,2,2,117.0,7,0,0,6,177,105,193,1,0,0,1,0,3,192,0,88,4,2,8,1,14,0,2,113,36,16.1
James Harris Jr.,76753,CB,BOWL GREEN,3,0,0,,0,0,122,0,0,46.1,40.3,69.8,,60.0,,0,0,0,0,,,0,0,0,0.0,0,0,0,0,7,2,7,0,0,0,0,0,0,7,0,5,0,0,0,0,0,0,0,0,0,
Evan Brown,76754,LB,BOWL GREEN,5,0,0,100.0,0,0,122,0,0,56.8,44.0,74.2,58.2,38.2,25.3,0,1,0,0,6,50.0,3,0,0,91.7,1,0,0,36,0,15,45,5,0,0,5,0,2,40,3,27,2,3,3,0,1,1,0,6,3,6.0
Richie Carpenter Jr.,76757,CB,KENT STATE,5,0,0,100.0,0,0,201,0,0,26.5,34.6,80.0,58.9,66.4,77.8,0,0,0,0,20,0.0,0,0,0,103.1,4,0,0,4,1,7,36,8,0,0,8,0,0,28,2,27,22,1,2,0,4,0,0,35,11,8.8
Zedrick Raymond,76759,CB,MIAMI OH,13,3,0,58.1,0,0,221,0,0,62.0,63.3,50.7,78.5,66.1,63.3,0,0,0,0,53,16.1,5,5,7,131.0,25,1,0,27,659,375,706,17,0,0,17,0,0,689,2,329,3,5,23,0,43,1,6,422,142,16.9
Cecil Singleton Jr.,76760,S,MIAMI OH,11,3,0,80.0,0,1,221,0,0,66.4,70.2,80.4,59.0,75.0,60.2,0,1,0,0,37,16.7,4,0,1,129.6,8,0,0,54,0,79,166,11,0,0,11,0,19,155,2,85,81,8,17,1,10,1,1,71,54,8.9
Ja'don Rucker-Furlow,76761,CB,MIAMI OH,6,0,0,85.7,0,0,221,0,0,56.7,58.4,77.6,,64.8,80.7,0,0,0,0,61,0.0,0,1,0,158.3,6,0,0,9,67,42,80,3,0,0,3,0,0,77,0,38,0,1,5,0,7,0,4,141,56,23.5
Chris Cavalaris,76763,CB,MIAMI OH,2,0,0,,0,0,221,0,0,,60.9,68.2,,60.0,,0,0,0,0,,,0,0,0,0.0,0,0,0,1,5,0,6,0,0,0,0,0,0,6,0,6,0,0,0,0,0,0,0,0,0,
Nate Bauer,76764,S,TOLEDO,12,8,0,73.7,0,0,316,0,0,61.8,56.0,20.8,57.1,48.2,56.7,0,0,0,0,24,17.1,7,0,1,119.4,14,0,0,107,5,160,320,11,0,0,11,0,104,309,5,155,93,9,26,3,19,0,2,95,49,6.8
Patrick Lupro,76765,CB,W MICHIGAN,13,4,0,66.1,0,0,347,1,0,78.2,71.3,50.8,64.3,46.8,52.5,0,0,0,3,59,17.6,12,3,4,89.9,39,2,0,121,576,389,712,12,0,0,12,0,1,700,12,311,1,23,52,1,59,2,4,444,128,11.4
Zaire Barnes,76766,S,W MICHIGAN,11,4,0,66.7,0,0,347,0,0,53.2,53.7,84.5,56.0,54.3,33.3,1,7,0,0,71,31.0,13,1,0,120.0,16,0,0,104,5,128,328,46,0,0,46,0,0,282,33,167,173,16,25,4,24,8,2,199,143,12.4
Ginial Isma,76767,CB,W MICHIGAN,1,0,0,,0,0,347,0,0,,60.0,67.0,,60.0,,0,0,0,0,,,0,0,0,0.0,0,0,0,0,3,0,3,0,0,0,0,0,0,3,0,3,0,0,0,0,0,0,0,0,0,
Keni-H Lovely,76768,CB,W MICHIGAN,5,0,0,66.7,0,0,347,0,0,67.9,64.9,77.1,,52.8,39.1,0,0,0,0,9,50.0,2,1,0,79.9,2,0,0,3,39,22,46,0,0,0,0,0,0,46,0,24,3,0,2,0,3,0,0,16,8,8.0
Kmare Carey,76770,CB,W MICHIGAN,1,0,0,,0,0,347,0,0,,60.0,68.2,,60.0,,0,0,0,0,,,0,0,0,0.0,0,0,0,0,0,0,3,0,0,0,0,0,1,3,0,3,2,0,0,0,0,0,0,0,0,
Jake Moertl,76771,CB,W MICHIGAN,1,0,0,,0,0,347,0,0,60.0,61.1,68.5,,60.4,,0,0,0,0,,,0,0,0,0.0,0,0,0,2,0,1,6,0,0,0,0,0,0,6,0,5,4,0,0,0,0,0,0,0,0,
Caleb Biggers,76772,CB,BOWL GREEN,10,5,0,67.6,0,0,122,1,1,65.8,69.6,44.5,55.3,86.0,64.1,1,0,0,0,53,12.2,6,5,2,129.4,25,0,0,54,527,306,597,5,0,0,5,0,4,592,5,286,6,12,38,2,37,1,3,391,143,15.6
J.D. Harris,76774,CB,N ILLINOIS,1,0,0,0.0,0,0,254,0,0,62.5,63.6,71.4,,60.5,,0,0,0,0,,,0,0,0,39.6,0,0,0,0,11,3,11,0,0,0,0,0,0,11,0,8,0,0,0,0,1,0,0,0,0,
Zhamaine March,76775,CB,N ILLINOIS,3,0,0,100.0,0,0,254,0,0,66.7,67.9,77.0,,69.2,79.1,0,0,0,0,9,0.0,0,0,0,94.8,4,0,0,11,67,42,79,0,0,0,0,0,0,79,0,37,1,1,4,0,4,0,0,27,15,6.8
Timarcus Simpson,76778,CB,E MICHIGAN,6,0,0,,0,0,160,0,0,66.0,66.5,73.8,,60.0,,0,0,0,0,,,0,0,0,0.0,0,0,0,1,20,16,24,0,0,0,0,0,1,24,0,8,1,0,0,0,0,0,0,0,0,
Jerodd Vines,76781,CB,E MICHIGAN,11,4,0,63.6,0,1,160,1,0,61.9,63.0,83.4,,64.8,46.5,0,0,0,0,87,25.8,8,4,0,145.5,14,0,0,41,359,179,412,0,0,0,0,0,6,412,0,233,6,6,19,2,22,0,5,268,100,19.1
Montrae Braswell,76783,CB,C MICHIGAN,13,1,0,51.1,0,0,134,0,0,64.8,62.4,84.2,63.3,50.0,51.2,0,1,0,1,74,21.6,8,6,1,106.4,24,0,0,54,441,271,517,4,0,0,4,0,0,513,3,243,18,13,28,1,47,1,4,477,187,19.9
Willie Reid,76784,S,C MICHIGAN,14,10,0,58.8,1,0,134,0,0,66.0,65.3,0.0,57.6,69.3,70.3,0,0,0,0,49,10.8,4,2,3,137.4,10,0,0,148,2,334,549,3,0,0,3,0,302,546,5,210,94,7,23,3,17,0,2,192,59,19.2
Rolliann Sturkey,76786,CB,C MICHIGAN,2,0,0,50.0,0,0,134,0,0,55.4,55.9,72.8,,60.3,73.5,0,0,0,0,46,0.0,0,1,0,135.4,1,0,0,0,17,11,17,0,0,0,0,0,0,17,0,6,0,0,1,0,2,0,1,46,10,46.0
Reggie Corner Jr.,76788,CB,AKRON,3,2,0,100.0,0,0,102,0,0,45.0,52.9,82.0,56.7,75.7,73.4,0,0,0,0,21,8.3,1,0,0,117.3,7,0,0,4,0,40,88,5,0,0,5,0,0,83,3,45,79,1,9,0,7,0,0,85,44,12.1
Charlie Thomas III,76790,LB,GA TECH,12,11,0,83.3,0,1,176,0,0,70.0,62.6,87.8,62.8,55.7,59.4,0,3,0,0,41,12.5,9,2,0,114.2,10,2,1,286,1,139,419,100,0,0,100,0,0,319,41,239,32,33,52,8,12,5,0,137,111,13.7
D'Shawn Jamison,76791,CB,TEXAS,12,3,0,58.2,0,1,311,1,0,73.6,73.4,85.1,58.3,68.0,49.9,1,6,0,3,50,22.0,9,3,2,74.1,32,0,0,44,533,343,606,3,0,0,3,0,1,603,15,248,24,14,29,4,55,7,3,371,135,11.6
Dennis Briggs Jr.,76792,ED,FLORIDA ST,13,5,1,,0,1,167,1,0,64.6,73.7,84.8,62.9,76.3,72.4,2,13,0,0,,11.5,3,0,0,0.0,0,2,0,0,0,0,428,428,0,34,226,168,0,0,230,198,0,13,18,3,0,17,0,0,0,
Jamarcus Chatman,76793,DI,FLORIDA ST,4,0,0,,0,0,167,0,0,,64.7,74.1,55.6,69.5,,0,0,0,0,,,0,0,0,0.0,0,0,0,0,0,0,19,19,7,11,0,1,0,0,14,5,0,0,0,0,0,0,0,0,0,
Malcolm Lamar Sr.,76794,DI,FLORIDA ST,4,1,0,,0,0,167,0,0,,72.6,72.2,56.3,75.6,70.8,0,1,0,0,,0.0,0,0,0,0.0,0,0,0,0,0,0,14,14,1,11,0,2,0,0,7,7,0,0,0,0,0,1,0,0,0,
Dayna Kinnaird,76796,DI,LOUISVILLE,13,2,0,,0,0,210,0,0,,51.8,81.0,57.0,48.5,46.8,4,3,0,0,,20.0,2,0,0,0.0,0,2,0,1,0,0,263,262,0,12,13,237,0,1,127,136,0,6,6,0,0,9,0,0,0,
Thurman Geathers,76797,ED,LOUISVILLE,4,0,0,,0,0,210,0,0,,59.7,78.3,59.1,60.0,,1,3,0,0,,,0,0,0,0.0,0,0,0,0,0,0,27,27,0,0,27,0,0,0,25,2,0,0,0,0,0,4,0,0,0,
Lancine Turay,76799,DI,N CAROLINA,1,0,0,,0,0,245,0,0,,59.8,67.7,59.2,60.0,,0,0,0,0,,,0,0,0,0.0,0,0,0,0,0,0,3,3,0,2,0,1,0,0,1,2,0,0,0,0,0,0,0,0,0,
Joseph Boletepeli,76806,ED,NC STATE,7,4,0,,0,0,248,0,0,60.0,69.5,80.9,63.5,70.7,65.2,2,5,0,0,,14.3,1,0,0,0.0,0,2,0,0,0,1,164,164,0,0,80,84,0,0,91,72,0,4,2,1,0,9,0,0,0,
Xavier Thomas,76807,ED,CLEMSON,12,6,1,100.0,0,0,140,1,0,66.3,69.8,67.3,64.2,71.5,56.6,3,21,0,0,3,19.2,5,0,1,79.2,1,3,0,1,0,16,437,434,1,31,349,53,0,3,246,175,1,14,15,6,1,27,0,3,3,3.0
KJ Henry,76808,ED,CLEMSON,15,8,3,,0,0,140,0,0,60.9,62.1,86.0,64.2,57.6,42.4,2,8,0,0,,23.8,5,0,0,0.0,0,2,0,2,0,21,349,345,0,30,250,65,0,4,163,165,2,6,8,2,0,12,0,0,0,
Justin Mascoll,76809,ED,CLEMSON,15,4,0,,1,0,140,0,0,60.9,58.6,4.2,55.4,67.3,46.3,0,6,0,0,,23.1,3,0,3,0.0,0,0,0,2,0,4,245,242,0,26,167,49,0,3,120,121,0,4,6,0,0,6,0,0,0,
Nickolos Madourie,76815,ED,TEMPLE,1,0,0,,0,0,306,0,0,,60.2,73.9,56.8,61.7,73.9,0,0,0,0,,0.0,0,0,0,0.0,0,0,0,0,0,0,15,15,0,3,12,0,0,0,7,8,0,1,2,0,0,0,0,0,0,
Myjai Sanders,76816,ED,CINCINNATI,14,5,2,0.0,2,1,138,1,0,71.4,79.5,27.9,82.8,70.4,70.7,5,21,0,0,,13.8,4,0,4,39.6,0,6,0,2,0,7,578,576,0,2,428,146,0,2,323,248,0,19,20,3,1,32,0,0,0,
Mychal Keys,76817,ED,CINCINNATI,1,0,0,,0,0,138,0,0,60.0,60.2,68.5,59.4,60.0,,0,0,0,0,,,0,0,0,0.0,0,0,0,0,0,1,3,3,0,0,3,0,0,0,1,1,0,0,0,0,0,0,0,0,0,
Deven Lamp,76819,ED,TULSA,10,0,0,,0,0,320,0,0,62.7,50.9,18.7,57.1,48.3,78.5,0,2,0,0,,0.0,0,0,1,0.0,0,0,0,0,0,0,102,102,0,17,54,31,0,0,41,61,0,5,7,1,0,2,0,0,0,
Cullen Wick,76820,ED,TULSA,12,7,0,,0,0,320,0,0,60.0,68.6,41.5,66.7,69.2,66.7,3,11,0,0,,14.3,5,0,2,0.0,0,0,0,1,0,0,400,398,0,46,199,153,0,2,196,204,0,17,23,1,0,14,0,0,0,
Gary Wiley,76821,ED,SMU,13,5,0,100.0,0,0,287,0,0,66.3,64.6,48.4,63.0,63.2,84.8,2,8,0,0,96,0.0,0,0,1,158.3,5,3,0,43,0,41,249,188,0,1,183,4,0,61,116,92,18,8,7,0,5,13,1,130,97,26.0
Alfred Thomas,76822,DI,TULANE,3,1,0,,0,0,319,0,0,,57.1,73.0,56.2,58.5,75.3,0,0,0,0,,0.0,0,0,0,0.0,0,0,0,0,0,0,27,27,0,3,0,24,0,0,12,15,0,2,3,0,0,0,0,0,0,
Juan Monjarres,76823,ED,TULANE,5,0,0,100.0,0,0,319,0,0,57.9,71.0,83.5,70.9,68.2,60.9,3,7,0,0,9,33.3,2,0,0,79.2,3,0,0,7,0,10,112,101,0,0,100,1,0,11,56,46,4,4,4,2,3,10,0,8,4,2.7
Carlos Hatcher,76824,ED,TULANE,4,2,0,,0,0,319,0,0,65.2,62.1,80.7,56.6,61.2,80.8,0,0,0,0,,0.0,0,0,0,0.0,0,0,0,3,0,8,52,46,0,0,45,1,0,6,17,27,3,4,4,2,0,0,0,0,0,
Davon Wright,76825,DI,TULANE,12,8,0,,0,0,319,0,0,66.6,61.7,82.3,54.4,62.9,54.5,1,3,0,0,,17.9,5,0,0,0.0,0,0,0,1,0,1,344,342,24,78,9,231,0,2,178,165,0,10,15,1,0,4,0,0,0,
Noah Seiden,76826,DI,TULANE,4,0,0,,0,0,319,0,0,,59.5,73.7,60.5,58.3,73.5,0,2,0,0,,33.3,1,0,0,0.0,0,0,0,0,0,0,32,32,0,2,0,30,0,0,16,16,0,2,2,0,0,2,0,0,0,
Willie Smith III,76827,DI,HOUSTON,4,2,0,,0,0,182,0,0,,60.4,0.0,63.7,65.2,28.6,0,2,0,0,,22.2,2,0,2,0.0,0,0,0,0,0,0,90,90,0,89,0,1,0,0,37,53,0,5,5,0,0,2,0,0,0,
Stacy Kirby,76829,DI,USF,7,1,1,,0,0,327,0,0,60.7,49.8,76.9,59.6,44.1,51.5,0,0,0,1,,20.0,1,0,0,0.0,0,0,0,0,0,0,61,61,1,43,2,15,0,0,24,37,0,2,3,0,0,0,0,0,0,
Ronnie Perkins,76830,ED,OKLAHOMA,13,3,0,,0,0,261,0,0,62.3,74.2,86.5,67.2,75.1,65.8,5,21,0,0,,11.4,4,0,0,0.0,0,5,0,1,0,0,562,561,0,67,340,154,0,1,328,234,0,30,28,8,0,31,0,0,0,
Jackson Shupp,76831,ED,BAYLOR,2,1,0,,0,0,118,0,0,60.0,67.5,72.3,57.6,67.0,74.3,0,0,0,0,,0.0,0,0,0,0.0,0,0,0,0,0,0,10,10,0,1,7,2,0,0,3,7,0,0,1,0,0,0,0,0,0,
Brayden Utley,76833,ED,BAYLOR,3,0,0,,0,0,118,0,0,,68.1,74.4,64.2,65.7,74.8,0,0,0,0,,0.0,0,0,0,0.0,0,1,0,0,0,0,19,19,0,0,15,4,0,0,7,12,0,1,1,0,0,1,0,0,0,
Josh Landry,76834,ED,BAYLOR,7,5,0,,0,0,118,0,0,60.0,66.2,78.0,56.4,69.8,64.4,1,1,0,0,,11.1,1,0,0,0.0,0,0,0,0,0,0,61,61,5,7,37,12,0,0,31,30,0,3,3,0,0,2,0,0,0,
Zach Petersen,76835,ED,IOWA STATE,13,5,1,66.7,0,1,193,0,0,62.3,65.3,67.3,59.7,67.7,60.4,4,12,0,0,8,16.2,6,0,1,77.1,2,2,0,1,0,17,527,525,0,135,153,237,0,2,268,242,0,19,26,4,3,18,0,14,18,7.0
Tyler Lacy,76836,ED,OKLA STATE,10,6,2,,0,0,262,0,0,63.4,57.5,84.7,58.3,54.0,60.5,2,8,0,0,,16.7,4,0,0,0.0,0,2,0,1,0,0,464,463,12,19,169,263,0,1,246,218,0,10,14,1,0,12,0,0,0,
Ochaun Mathis,76838,ED,TCU,12,9,1,50.0,1,0,305,0,0,56.8,63.0,52.2,59.8,67.6,62.6,11,20,0,0,-1,14.6,6,0,3,56.3,1,2,0,1,0,21,728,727,0,0,663,64,0,1,390,317,0,24,26,5,2,33,0,-1,2,-1.0
Will McDonald IV,76842,ED,IOWA STATE,11,0,0,66.7,0,2,193,0,0,43.3,74.3,82.8,84.1,58.0,65.5,3,12,0,0,21,50.0,2,0,0,93.8,2,6,0,3,0,14,129,121,0,13,94,14,0,8,94,21,4,6,2,0,3,21,0,26,20,13.0
Azur Kamara,76843,ED,KANSAS,12,9,0,100.0,0,0,198,0,0,55.3,59.6,75.1,68.3,54.8,74.7,4,17,0,0,20,10.4,5,0,2,118.8,6,5,0,72,6,134,669,502,4,2,491,5,0,167,187,348,89,20,34,3,6,26,0,81,33,13.5
Najee Stevens-McKenzie,76844,ED,KANSAS,12,14,0,71.4,1,0,198,0,0,64.4,58.0,50.1,65.2,51.8,60.8,2,4,0,2,24,12.5,6,0,2,82.1,10,1,0,55,0,118,532,402,0,0,402,0,1,130,108,306,74,18,28,6,14,7,1,122,112,12.2
Darrius Moragne,76845,ED,KANSAS,12,11,1,,0,0,198,0,0,65.2,69.6,40.9,64.7,71.2,48.0,3,22,0,0,,19.0,11,0,3,0.0,0,3,0,1,0,1,655,653,20,76,16,541,0,2,306,348,0,26,36,2,0,28,0,0,0,
Cartez Crook-Jones,76846,ED,KANSAS ST,1,0,0,,0,0,199,0,0,,65.0,71.3,57.8,64.8,,0,0,0,0,,,0,0,0,0.0,0,0,0,0,0,0,6,6,0,0,6,0,0,0,2,4,0,0,0,0,0,0,0,0,0,
Spencer Trussell,76848,ED,KANSAS ST,3,0,0,100.0,0,0,199,0,0,60.0,52.9,76.2,55.3,61.1,24.8,0,1,0,0,1,100.0,1,0,0,79.2,1,0,0,0,0,0,19,19,0,0,19,0,0,0,8,11,0,0,0,0,1,1,0,1,6,1.0
Desjuan Johnson,76850,ED,TOLEDO,12,5,0,,0,0,316,0,0,73.5,72.0,46.8,69.6,69.6,47.5,3,17,0,0,,23.7,9,0,2,0.0,0,1,0,0,0,0,425,424,44,24,291,65,0,1,224,201,0,22,24,6,0,21,0,0,0,
Melvin Johnson II,76851,ED,TOLEDO,2,1,0,,0,0,316,0,0,,64.4,74.7,64.7,61.9,71.1,0,0,0,0,,0.0,0,0,0,0.0,0,0,0,0,0,0,20,20,0,1,19,0,0,0,4,16,0,0,0,0,0,0,0,0,0,
Terrance Taylor,76852,ED,TOLEDO,9,5,0,,0,1,316,0,0,63.9,77.1,27.5,71.7,80.4,60.8,4,7,0,0,,17.9,5,0,2,0.0,0,3,0,0,0,8,326,323,0,3,318,2,0,3,170,148,2,15,18,3,0,14,0,0,0,
Jamal Hines,76853,ED,TOLEDO,12,12,0,,0,0,316,1,0,66.2,73.8,69.6,59.1,80.0,79.3,4,17,0,0,,7.7,4,0,1,0.0,0,3,0,0,0,0,514,514,18,24,384,88,0,0,271,243,0,27,36,6,0,24,0,0,0,
Jawon Denton,76855,ED,N ILLINOIS,6,1,0,,0,0,254,0,0,61.0,62.0,78.7,59.0,63.6,75.2,0,2,0,0,,0.0,0,0,0,0.0,0,0,0,3,0,5,29,25,0,0,25,0,0,4,20,4,1,0,1,0,0,2,0,0,0,
Shannon Hall,76856,ED,BALL ST,4,3,0,,0,1,117,0,0,58.0,61.2,19.1,55.1,72.4,57.2,1,3,0,0,,16.7,2,0,3,0.0,0,0,0,1,0,0,216,215,10,33,126,46,0,1,118,98,0,5,7,3,0,4,0,0,0,
Jack Sape,76858,ED,BALL ST,3,0,0,,0,0,117,0,0,60.0,56.8,75.3,55.8,57.3,71.5,0,0,0,0,,0.0,0,0,0,0.0,0,0,0,0,0,0,21,21,0,1,19,1,0,0,8,13,0,1,1,0,0,0,0,0,0,
Cade Baumann,76859,ED,TULSA,7,0,0,,0,0,320,0,0,,53.5,77.7,55.3,53.5,73.8,0,1,0,0,,0.0,0,0,0,0.0,0,0,0,0,0,0,69,69,0,26,25,18,0,0,33,36,0,3,3,1,0,1,0,0,0,
Jalen Redmond,76861,DI,OKLAHOMA,13,8,1,,0,2,261,0,0,56.9,82.6,82.6,76.3,83.3,75.7,5,11,0,0,,5.9,1,0,0,0.0,0,7,0,0,0,2,332,332,0,265,1,66,0,0,198,132,0,12,8,2,0,23,0,0,0,
Robert Cooper,76863,DI,FLORIDA ST,13,11,1,,0,0,167,1,0,,76.6,0.0,69.2,85.2,78.9,2,5,0,0,,2.6,1,0,8,0.0,0,4,0,3,0,0,588,585,396,188,0,1,0,3,293,295,0,22,26,4,0,11,0,0,0,
Peter Osimen,76864,DI,FLORIDA ST,1,0,0,,0,0,167,0,0,,61.9,66.6,,60.6,,0,0,0,0,,,0,0,0,0.0,0,0,0,0,0,0,2,2,0,2,0,0,0,0,0,2,0,0,0,0,0,0,0,0,0,
John Morgan III,76865,ED,PITTSBURGH,13,3,0,,1,0,268,0,0,63.2,69.8,23.6,66.3,71.3,82.5,2,9,0,0,,7.1,1,0,2,0.0,0,2,0,0,0,1,229,229,0,0,221,8,0,0,121,107,0,7,10,2,0,13,0,0,0,
Devin Danielson,76867,DI,PITTSBURGH,13,7,0,,1,0,268,0,0,60.0,68.7,24.3,61.6,74.1,50.0,1,4,0,0,,13.3,2,0,2,0.0,0,0,0,0,0,0,269,269,16,242,0,11,0,0,131,138,0,6,6,0,0,5,0,0,0,
Jared Goldwire,76871,DI,LOUISVILLE,13,7,3,,0,0,210,0,0,61.9,74.0,57.3,70.8,72.7,65.0,0,12,0,0,,8.3,2,0,1,0.0,0,2,0,12,0,0,291,279,191,60,2,26,0,12,175,116,0,12,15,3,0,14,0,0,0,
Rondell Bothroyd,76873,DI,WAKE,12,7,0,,0,0,339,1,0,57.5,72.7,85.8,72.2,69.3,64.7,7,21,0,0,,13.8,4,0,0,0.0,0,2,0,4,0,3,464,460,102,268,77,13,0,4,246,215,0,15,18,2,0,30,0,0,0,
Dion Bergan Jr.,76874,DI,WAKE,13,6,0,,0,0,339,0,0,63.8,67.0,88.6,58.9,67.8,29.9,1,2,0,0,,27.3,6,0,0,0.0,0,1,0,3,0,0,422,418,241,170,0,7,0,4,184,238,0,10,10,3,0,4,0,0,0,
Tyric Swennie,76875,ED,WAKE,1,0,0,,0,0,339,0,0,,68.0,70.0,59.8,65.5,,0,0,0,0,,,0,0,0,0.0,0,0,0,0,0,0,5,5,0,1,4,0,0,0,1,4,0,0,0,0,0,0,0,0,0,
Royce Francis,76876,ED,WAKE,11,5,0,,0,0,339,0,0,60.7,69.1,82.0,55.9,74.1,80.3,0,1,0,0,,0.0,0,0,0,0.0,0,0,0,0,0,1,164,164,0,0,118,46,0,0,74,89,0,5,6,1,0,1,0,0,0,
Hinson Fowler,76881,DI,GA TECH,1,0,0,,0,0,176,0,0,,36.7,70.1,59.7,42.0,,0,0,0,0,,,0,0,0,0.0,0,0,0,0,0,0,7,7,0,6,0,1,0,0,2,5,0,0,0,0,0,0,0,0,0,
Ja'Quon Griffin,76882,DI,GA TECH,11,1,0,,0,0,176,1,1,,64.6,45.7,64.8,64.1,39.7,0,4,0,0,,23.1,3,0,1,0.0,0,3,0,0,0,0,220,220,25,179,2,14,0,0,104,116,0,10,9,0,0,7,0,0,0,
T.K. Chimedza,76883,DI,GA TECH,12,8,0,,0,0,176,1,0,57.2,54.5,66.4,62.7,51.6,67.6,0,9,0,0,,8.8,3,0,1,0.0,0,2,0,0,0,1,499,499,34,403,14,48,0,0,203,295,0,16,23,0,0,11,0,0,0,
Curtis Ryans,76884,ED,GA TECH,8,2,0,,0,0,176,0,0,69.1,71.6,81.5,56.8,75.3,70.4,0,4,0,0,,8.3,1,0,0,0.0,0,0,0,0,0,6,112,112,0,0,102,10,0,0,50,56,0,5,9,1,0,4,0,0,0,
Aaron Faumui,76885,DI,VIRGINIA,14,8,1,,0,0,335,0,0,57.0,73.3,46.7,78.8,66.7,35.2,2,32,0,0,,30.6,11,0,2,0.0,0,6,0,2,0,0,527,524,1,245,32,246,0,3,307,220,0,15,17,5,0,40,0,0,0,
Eli Adams,76886,ED,VA TECH,12,5,0,100.0,0,0,337,0,0,57.3,64.7,25.3,61.7,70.9,82.8,3,4,0,0,25,0.0,0,0,2,158.3,1,0,0,3,0,18,257,247,0,0,224,23,0,10,118,121,7,8,10,3,1,7,1,25,7,25.0
Jaevon Becton,76887,ED,VA TECH,11,1,0,0.0,1,0,337,0,0,54.2,52.5,15.2,54.5,58.7,34.1,1,4,0,0,,27.3,3,0,2,39.6,0,1,0,3,0,12,198,190,0,0,177,13,0,8,104,82,5,3,7,1,1,6,0,0,0,
Nesta Jade Silvera,76888,DI,MIAMI FL,9,3,0,,0,0,220,1,0,60.0,61.1,0.0,65.4,63.1,46.5,2,8,0,0,,18.8,3,0,3,0.0,0,1,0,3,0,0,222,219,23,187,2,7,0,3,103,119,0,7,10,0,0,11,0,0,0,
Greg Rousseau,76889,ED,MIAMI FL,13,6,1,66.7,0,2,220,1,0,56.2,76.2,71.0,80.7,68.9,59.5,6,24,0,0,30,21.3,10,0,1,99.3,2,16,0,1,0,15,529,525,74,18,405,28,0,4,280,234,2,40,31,3,3,46,0,30,6,15.0
Jordan Miller,76890,DI,MIAMI FL,13,3,0,,0,0,220,0,0,62.3,69.2,81.8,59.6,69.8,64.8,2,5,0,0,,8.3,1,0,0,0.0,0,0,0,1,0,0,157,156,26,126,0,4,0,1,73,84,0,6,8,2,0,7,0,0,0,
Deondrae Williams,76892,ED,NAVY,10,2,0,,0,1,237,0,0,,66.3,80.1,59.5,69.8,55.9,1,3,0,0,,22.2,2,0,0,0.0,0,1,0,0,0,0,106,106,2,15,66,23,0,0,62,44,0,5,5,0,0,5,0,0,0,
Lwal Uguak,76898,DI,UCONN,12,1,0,,0,0,146,0,0,61.8,60.8,61.6,58.3,61.4,29.2,1,8,0,0,,34.8,8,0,1,0.0,0,5,0,1,0,0,396,394,1,270,80,43,0,2,198,198,0,18,14,0,0,14,0,0,0,
Daeshon Martin,76899,DI,CINCINNATI,1,0,0,,0,0,138,0,0,,60.1,68.3,58.8,60.0,,1,0,0,0,,,0,0,0,0.0,0,0,0,0,0,0,3,3,1,2,0,0,0,0,2,1,0,0,0,0,0,1,0,0,0,
Davonchae Bryant,76900,DI,UCF,1,0,0,,0,0,323,0,0,,50.5,71.7,55.4,56.2,,0,0,0,0,,,0,0,0,0.0,0,0,0,0,0,0,14,14,0,13,0,1,0,0,12,2,0,0,0,0,0,0,0,0,0,
Randy Charlton,76902,ED,UCF,10,5,1,100.0,0,0,323,0,0,68.2,71.6,18.2,65.5,75.4,78.6,2,12,0,0,3,4.0,1,0,3,79.2,1,0,0,0,0,16,321,321,0,10,295,16,0,0,160,145,0,17,19,2,1,14,0,3,4,3.0
Landon Woodson,76904,ED,UCF,10,8,0,,0,0,323,0,0,63.8,65.0,44.5,63.7,62.3,63.7,4,6,0,0,,15.8,3,0,1,0.0,0,2,0,0,0,4,187,187,1,14,161,11,0,0,102,81,0,8,8,2,0,12,0,0,0,
Tyrese Black,76906,DI,UCF,1,0,0,,0,0,323,0,0,,63.5,64.4,,60.0,,0,0,0,0,,,0,0,0,0.0,0,0,0,0,0,0,1,1,0,1,0,0,0,0,0,1,0,0,0,0,0,0,0,0,0,
Corteze Love,76909,ED,MEMPHIS,2,0,0,,0,0,218,0,0,,66.4,71.1,56.8,67.1,71.5,0,0,0,0,,0.0,0,0,0,0.0,0,0,0,0,0,0,6,6,0,0,6,0,0,0,3,3,0,0,1,0,0,0,0,0,0,
Keith Brigham,76910,DI,MEMPHIS,1,0,0,,0,0,218,0,0,,73.4,68.4,66.0,60.0,,0,1,0,0,,,0,0,0,0.0,0,0,0,0,0,0,4,4,0,4,0,0,0,0,3,1,0,0,0,0,0,1,0,0,0,
Travis Jones,76914,DI,UCONN,12,13,0,,0,0,146,1,0,60.0,77.8,3.5,78.9,78.7,52.2,7,13,0,0,,14.3,6,0,6,0.0,0,3,0,1,0,0,589,588,93,492,1,2,0,1,287,302,0,21,23,0,0,23,0,0,0,
Pierce DeVaughn,76916,ED,UCONN,11,3,1,,0,0,146,0,0,,55.3,26.5,58.1,56.8,71.4,0,5,0,0,,7.7,1,0,2,0.0,0,1,0,0,0,0,258,258,0,20,209,29,0,0,113,145,0,6,9,0,0,6,0,0,0,
Jonathan Pace,76917,DI,UCONN,11,3,0,,0,0,146,0,0,,57.4,18.4,56.1,62.0,64.6,0,2,0,0,,9.1,1,0,2,0.0,0,0,0,0,0,0,229,229,9,205,5,10,0,0,114,115,0,5,7,0,0,2,0,0,0,
Logan Hall,76919,DI,HOUSTON,12,2,0,,0,0,182,0,0,60.1,63.4,83.0,62.9,60.9,66.0,0,9,0,0,,10.0,1,0,0,0.0,0,0,0,3,0,1,321,318,6,253,33,26,0,3,197,123,0,6,7,1,0,9,0,0,0,
Woo Scott,76922,DI,E MICHIGAN,13,8,0,,1,0,160,1,0,60.0,61.4,42.5,60.7,62.4,63.3,1,4,0,0,,11.4,5,0,2,0.0,0,0,0,0,0,0,434,434,10,416,0,8,0,0,179,255,0,20,31,1,0,5,0,0,0,
Daniel Carson,76925,DI,TEXAS,3,0,0,,0,0,311,0,0,,65.0,73.3,63.6,62.0,,0,2,0,0,,,0,0,0,0.0,0,0,0,0,0,0,20,20,6,2,1,11,0,0,14,6,0,0,0,0,0,2,0,0,0,
Moro Ojomo,76927,DI,TEXAS,13,5,0,0.0,0,0,311,1,0,59.1,75.6,85.8,67.2,77.8,70.0,1,15,0,0,,5.6,1,0,0,39.6,0,0,0,1,0,1,355,354,231,71,14,38,0,1,207,147,0,12,12,3,1,16,0,0,0,
Keondre Coburn,76928,DI,TEXAS,13,6,0,,0,0,311,0,0,70.7,71.3,33.8,65.8,74.1,58.0,1,13,0,0,,8.3,2,0,3,0.0,0,2,0,0,0,0,478,477,371,103,1,2,0,1,262,216,0,13,16,1,0,16,0,0,0,
Dante Stills,76937,DI,W VIRGINIA,12,4,1,,1,1,343,0,0,60.0,67.1,0.0,77.5,64.9,46.8,3,8,0,0,,24.0,6,0,6,0.0,0,7,0,0,0,0,410,410,25,269,36,80,0,0,219,191,0,21,15,6,0,18,0,0,0,
Malik Essilfie,76938,ED,TEXAS TECH,1,0,0,,0,0,315,0,0,,60.6,66.8,,60.0,,0,0,0,0,,,0,0,0,0.0,0,0,0,0,0,0,3,3,0,0,0,3,0,0,0,3,0,0,0,0,0,0,0,0,0,
Jaylon Hutchings,76940,DI,TEXAS TECH,12,5,0,,0,1,315,0,0,,71.0,87.2,60.9,74.3,52.5,1,13,0,0,,12.5,4,0,0,0.0,0,1,0,1,0,0,491,490,373,114,2,1,0,1,277,214,0,17,23,3,0,15,0,0,0,
Karl Brooks,76941,ED,BOWL GREEN,12,6,0,50.0,1,2,122,0,0,60.8,74.2,17.2,81.5,70.3,67.1,7,23,0,1,9,9.7,3,0,5,22.9,1,5,0,7,0,23,584,572,0,88,415,69,0,12,261,300,4,20,22,4,2,35,0,9,12,9.0
DeMontae Haigler,76943,DI,BOWL GREEN,8,2,0,,0,0,122,0,0,44.3,47.4,10.1,57.4,51.6,58.5,0,4,0,0,,16.7,1,0,3,0.0,0,1,0,1,0,0,279,278,123,154,0,1,0,1,137,142,0,4,3,0,0,5,0,0,0,
Will Burns,76950,DI,KENT STATE,9,0,0,,0,0,201,0,0,,53.8,82.0,57.5,52.2,76.8,0,0,0,0,,0.0,0,0,0,0.0,0,0,0,0,0,0,153,153,106,41,0,6,0,0,43,110,0,4,7,1,0,0,0,0,0,
Will Kellison,76952,ED,MIAMI OH,2,0,0,,0,0,221,0,0,,64.8,74.8,69.3,58.2,70.2,0,2,0,0,,0.0,0,0,0,0.0,0,0,0,0,0,0,30,30,0,9,11,10,0,0,15,15,0,0,1,0,0,2,0,0,0,
Derrius Mullins,76954,DI,TOLEDO,11,4,1,,0,0,316,0,0,,58.8,80.8,60.3,56.8,28.6,0,2,0,0,,33.3,2,0,0,0.0,0,1,0,0,0,0,167,167,29,138,0,0,0,0,80,87,0,1,0,0,0,3,0,0,0,
Jahneil Douglas,76955,DI,TOLEDO,7,0,0,,0,0,316,0,0,61.7,38.7,0.0,68.0,33.5,70.2,0,2,0,0,,0.0,0,0,2,0.0,0,0,0,0,0,0,44,44,0,37,0,7,0,0,21,23,0,1,1,0,0,2,0,0,0,
Andre Carter,76957,ED,W MICHIGAN,13,7,0,,2,0,347,0,0,63.6,65.3,0.0,67.5,68.4,62.5,4,13,0,0,,14.3,3,0,5,0.0,0,2,0,3,0,2,365,362,0,2,320,40,0,3,221,142,0,9,11,3,0,19,0,0,0,
Braden Fiske,76958,DI,W MICHIGAN,12,8,0,,0,0,347,1,0,58.4,66.0,83.0,58.9,69.1,38.4,1,5,0,0,,21.7,5,0,0,0.0,0,1,0,0,0,2,279,279,20,258,0,1,0,0,139,138,0,10,10,0,0,7,0,0,0,
Will McCabe,76959,DI,W MICHIGAN,13,6,0,,0,0,347,1,0,59.1,63.5,85.2,55.6,66.6,46.3,0,4,0,0,,18.4,7,0,0,0.0,0,0,0,0,0,0,532,532,26,502,0,4,0,0,254,278,0,19,25,2,0,4,0,0,0,
Jeffrey Griffin Jr.,76961,DI,N ILLINOIS,9,1,0,,0,0,254,0,0,,69.4,79.2,63.6,69.0,58.0,1,1,0,0,,14.3,1,0,0,0.0,0,0,0,0,0,0,93,93,21,70,0,2,0,0,37,56,0,3,5,0,0,2,0,0,0,
Tuni Ropati,76963,DI,BALL ST,11,5,0,,1,0,117,0,0,60.0,42.4,0.0,53.9,46.0,64.6,3,4,0,0,,6.3,1,0,6,0.0,0,0,0,0,0,0,366,366,5,230,80,51,0,0,163,203,0,6,10,0,0,7,0,0,0,
Carter Stagner,76965,ED,E MICHIGAN,6,2,0,,0,0,160,0,0,61.2,60.6,80.7,54.9,59.4,44.1,0,1,0,0,,33.3,1,0,0,0.0,0,0,0,0,0,0,79,78,0,1,58,19,0,1,33,46,0,0,0,0,0,1,0,0,0,
Ty Eddington,76968,DI,E MICHIGAN,4,0,0,,0,0,160,0,0,,56.1,78.8,55.3,56.2,73.4,0,0,0,0,,0.0,0,0,0,0.0,0,0,0,0,0,0,113,113,0,113,0,0,0,0,30,83,0,1,3,0,0,0,0,0,0,
Mikey Haney,76969,ED,E MICHIGAN,13,12,1,,1,0,160,0,0,57.5,56.9,49.5,54.4,60.2,73.9,4,3,0,0,,8.1,3,0,2,0.0,0,1,0,0,0,2,489,489,2,248,210,29,0,0,214,273,0,16,22,0,0,8,0,0,0,
Shawn Simeon,76970,ED,E MICHIGAN,13,5,2,100.0,1,1,160,0,0,74.3,63.2,21.6,55.8,70.9,52.9,1,14,0,0,11,26.7,8,0,3,112.5,1,3,0,0,0,11,355,354,0,1,349,4,0,1,213,131,0,10,17,2,1,18,0,11,0,11.0
Turan Rush,76971,ED,E MICHIGAN,13,12,1,100.0,1,2,160,1,0,73.0,64.5,62.9,67.2,58.6,64.3,4,24,0,0,6,11.6,5,0,2,91.7,1,4,0,0,0,9,701,701,4,7,654,36,0,0,333,359,0,15,26,1,1,32,0,6,8,6.0
Habakkuk Baldonado,76972,ED,PITTSBURGH,13,6,0,0.0,1,0,268,1,0,59.5,76.6,86.1,70.8,76.6,86.5,5,13,0,0,,0.0,0,0,1,39.6,0,5,0,0,0,1,401,401,0,1,369,31,0,0,230,170,0,16,19,2,1,23,0,0,0,
Amir Siddiq,76973,ED,C MICHIGAN,12,1,0,,0,0,134,0,0,65.5,68.9,38.0,63.8,67.1,46.5,1,3,0,0,,16.7,2,0,1,0.0,0,0,0,0,0,2,149,149,0,3,140,6,0,0,75,72,0,8,9,2,0,4,0,0,0,
Tico Brown,76975,DI,C MICHIGAN,14,3,1,,1,1,134,0,0,60.0,72.8,20.4,76.0,70.7,76.3,2,8,0,0,,12.5,1,0,3,0.0,0,1,0,0,0,0,336,336,190,132,0,14,0,0,184,152,0,5,4,0,0,11,0,0,0,
LaQuan Johnson Jr.,76978,ED,C MICHIGAN,13,7,0,50.0,0,1,134,0,0,59.2,75.7,59.6,78.9,69.4,42.4,4,25,0,0,22,26.3,10,0,2,89.6,1,5,0,1,0,9,643,642,1,69,512,60,0,1,354,280,0,20,21,6,2,34,0,22,11,22.0
Cole Baker,76979,DI,OHIO,12,11,1,,0,0,259,0,0,55.9,72.1,65.1,63.5,77.1,60.9,2,11,0,0,,12.9,4,0,1,0.0,0,2,0,3,0,1,477,474,28,427,3,16,0,3,247,229,0,16,16,1,0,15,0,0,0,
Kylen McCracken,76980,DI,OHIO,5,2,0,,0,0,259,0,0,60.0,62.1,77.0,67.2,55.3,53.6,0,3,0,0,,20.0,1,0,0,0.0,0,1,0,0,0,0,61,61,0,60,0,1,0,0,37,24,0,3,2,0,0,4,0,0,0,
Zach Burks,76983,DI,OHIO,11,1,0,,0,0,259,0,0,,45.6,78.4,56.7,40.8,72.0,0,0,0,0,,0.0,0,0,0,0.0,0,0,0,0,0,0,82,82,4,76,0,2,0,0,42,40,0,1,2,0,0,0,0,0,0,
Bryce Stai,76986,ED,OHIO,2,0,0,,0,0,259,0,0,,72.1,73.9,66.3,67.6,74.1,0,0,0,0,,0.0,0,0,0,0.0,0,0,0,0,0,0,12,12,0,0,12,0,0,0,4,8,0,2,2,0,0,0,0,0,0,
David Green,76988,DI,PITTSBURGH,12,0,0,,0,0,268,0,0,60.0,54.4,79.2,55.2,54.0,74.5,0,0,0,0,,0.0,0,0,0,0.0,0,0,0,1,0,0,98,97,14,82,0,1,0,1,53,45,0,3,4,0,0,0,0,0,0,
Logan Hawkins,76989,DI,AKRON,10,3,0,,0,0,102,0,0,,65.7,81.8,55.1,68.8,58.4,0,1,0,0,,10.0,1,0,0,0.0,0,1,0,0,0,0,202,202,45,53,1,103,0,0,73,129,0,7,6,1,0,2,0,0,0,
Michael Stuhldreer,76990,DI,AKRON,2,1,0,,0,0,102,0,0,,56.8,0.0,60.0,69.1,70.1,0,0,0,0,,0.0,0,0,1,0.0,0,0,0,0,0,0,9,9,9,0,0,0,0,0,1,8,0,0,0,0,0,0,0,0,0,
Ryan Betro,76991,DI,BOSTON COL,8,0,0,,0,0,121,0,0,,56.2,75.7,57.2,56.3,71.1,0,0,0,0,,0.0,0,0,0,0.0,0,0,0,2,0,0,39,37,0,28,2,7,0,2,14,25,0,1,1,1,0,0,0,0,0,
Kyiev Bennermon,76992,DI,BOSTON COL,10,1,0,,0,0,121,0,0,,56.8,0.0,60.0,61.4,58.4,0,2,0,0,,14.3,1,0,2,0.0,0,1,0,0,0,0,126,126,29,89,4,4,0,0,77,49,0,5,5,1,0,3,0,0,0,
Tahj Rice,76993,DI,DUKE,12,3,0,,0,0,154,0,0,62.0,57.7,31.0,63.8,54.1,25.4,1,4,0,0,,38.5,5,0,1,0.0,0,0,0,1,0,1,147,146,33,110,0,3,0,1,70,76,0,4,5,1,0,5,0,0,0,
Elijiah Brown,76994,DI,DUKE,6,3,0,,0,0,154,0,0,,72.9,75.7,67.5,70.4,74.4,0,0,0,0,,0.0,0,0,0,0.0,0,0,0,0,0,0,38,38,7,31,0,0,0,0,12,26,0,1,2,0,0,0,0,0,0,
Tommy Christ,76995,DI,VIRGINIA,1,0,0,,0,0,335,0,0,,58.2,69.8,57.7,60.0,,0,0,0,0,,,0,0,0,0.0,0,0,0,0,0,0,5,5,0,3,0,2,0,0,4,1,0,0,0,0,0,0,0,0,0,
Alim McNeill,76996,DI,NC STATE,12,3,1,,1,0,248,0,0,48.7,79.4,69.7,80.8,77.1,37.0,1,10,0,0,,25.0,7,0,1,0.0,0,7,0,0,0,3,470,469,425,39,0,5,0,1,252,215,0,19,18,2,0,18,0,0,0,
Val Martin,76997,DI,NC STATE,10,3,0,,0,0,248,0,0,51.1,57.9,55.4,56.4,63.2,34.9,0,2,0,0,,23.1,3,0,1,0.0,0,0,0,0,0,0,256,255,233,17,0,5,0,1,150,106,0,7,7,1,0,2,0,0,0,
Darnell Jefferies,76999,DI,CLEMSON,13,2,0,,0,0,140,0,0,,64.7,80.4,56.6,66.8,41.3,0,1,0,0,,20.0,2,0,0,0.0,0,1,0,0,0,0,116,116,55,60,0,1,0,0,44,72,0,6,6,0,0,2,0,0,0,
Khris Banks,77000,DI,TEMPLE,13,2,3,,1,0,306,0,0,60.0,73.4,17.4,72.3,74.8,59.6,4,11,0,0,,9.5,2,0,3,0.0,0,0,0,0,0,1,350,350,24,313,2,11,0,0,179,170,0,15,17,2,0,15,0,0,0,
Jaxon Player,77002,DI,TULSA,9,7,0,,0,1,320,0,0,60.0,80.6,0.0,67.3,90.5,82.8,2,10,0,0,,0.0,0,0,5,0.0,0,1,0,0,0,0,369,368,350,17,0,1,0,1,185,184,0,16,21,6,0,13,0,0,0,
Shabazz Dotson,77003,ED,SMU,1,0,0,,0,0,287,0,0,,60.5,67.3,,60.0,,0,0,0,0,,,0,0,0,0.0,0,0,0,0,0,0,2,2,0,0,2,0,0,0,0,2,0,0,0,0,0,0,0,0,0,
Darren Brown,77004,DI,SMU,1,0,0,,0,0,287,0,0,,61.3,66.3,,60.4,,0,0,0,0,,,0,0,0,0.0,0,0,0,0,0,0,2,2,0,2,0,0,0,0,0,2,0,0,0,0,0,0,0,0,0,
Terrance Newman,77005,DI,SMU,13,0,0,,0,0,287,0,0,74.7,58.3,25.6,61.3,53.5,74.1,0,1,0,1,,0.0,0,0,1,0.0,0,1,0,0,0,0,118,118,42,76,0,0,0,0,55,63,0,2,3,0,0,2,0,0,0,
Atunaisa Vainikolo,77007,DI,BUFFALO,8,1,0,,0,0,126,0,0,,69.6,77.6,54.9,73.3,74.6,0,0,0,0,,0.0,0,0,0,0.0,0,0,0,0,0,0,72,72,5,67,0,0,0,0,25,47,0,2,2,0,0,0,0,0,0,
Samuela Tuihalamaka,77013,DI,OKLA STATE,13,7,1,,0,1,262,0,0,,75.3,39.7,62.4,83.0,80.9,6,7,0,0,,0.0,0,0,2,0.0,0,1,0,1,0,0,353,352,267,85,0,0,0,1,189,164,0,11,12,0,0,14,0,0,0,
Amadou Fofana,77014,ED,OKLA STATE,11,2,0,,0,0,262,0,0,,54.7,81.2,51.0,58.5,60.1,0,1,0,0,,16.7,2,0,0,0.0,0,0,0,1,0,0,183,182,0,19,63,100,0,1,99,84,0,5,8,0,0,1,0,0,0,
Izaih Filikitonga,77015,DI,TCU,1,0,0,,0,0,305,0,0,,59.6,68.6,59.5,,,0,0,0,0,,,0,0,0,0.0,0,0,0,0,0,0,2,2,1,1,0,0,0,0,2,0,0,0,0,0,0,0,0,0,0,
Isaiah Lee,77016,DI,IOWA STATE,1,0,0,,0,0,193,0,0,,67.0,69.4,59.5,62.0,,0,0,0,0,,,0,0,0,0.0,0,0,0,0,0,0,4,4,3,1,0,0,0,0,2,2,0,0,0,0,0,0,0,0,0,
Jelani Brown,77018,DI,KANSAS,12,5,0,0.0,0,0,198,0,0,82.8,60.1,73.7,54.1,60.1,72.3,1,2,0,0,,3.6,1,1,1,39.6,0,1,0,0,0,2,570,569,561,8,0,0,0,1,249,319,0,14,22,2,1,4,0,0,0,
Codey Cole III,77019,ED,KANSAS,12,3,1,,0,0,198,0,0,63.3,59.9,81.0,53.3,61.7,49.7,1,3,0,0,,19.2,5,0,0,0.0,0,1,0,0,0,0,391,391,3,47,6,335,0,0,178,213,0,15,18,1,0,5,0,0,0,
Jaylen Pickle,77022,DI,KANSAS ST,1,0,0,,0,0,199,0,0,,25.0,69.4,58.1,28.1,,0,0,0,0,,,0,0,0,0.0,0,0,0,0,0,0,6,6,0,5,0,1,0,0,2,4,0,0,0,0,0,0,0,0,0,
Jahlil Taylor,77023,DI,N CAROLINA,12,2,1,,0,0,245,0,0,52.7,55.5,83.1,57.9,58.6,65.4,0,3,0,0,,8.3,1,0,1,0.0,0,0,0,1,0,0,238,237,80,105,4,48,0,1,140,98,0,7,9,0,0,3,0,0,0,
Emeka Jillani,77025,DI,BALL ST,3,0,0,,0,0,117,0,0,,51.4,70.4,60.0,53.2,,0,0,0,0,,,0,0,0,0.0,0,0,0,0,0,0,7,7,1,5,1,0,0,0,1,6,0,0,0,0,0,0,0,0,0,
DeShondrick Foxworth,77026,DI,BUFFALO,4,0,0,,0,0,126,0,0,60.8,62.0,77.5,65.2,57.3,76.5,1,0,0,0,,0.0,0,0,0,0.0,0,1,0,0,0,1,78,77,5,69,0,3,0,1,38,39,0,6,6,1,0,2,0,0,0,
Eddie Wilson,77027,DI,BUFFALO,13,9,3,,0,2,126,0,0,59.2,72.3,39.2,68.0,74.3,60.4,0,5,0,0,,11.1,3,0,2,0.0,0,4,0,2,0,1,390,388,63,325,0,0,0,2,187,202,0,15,15,1,0,9,0,0,0,
Billy Kemp IV,77037,WR,VIRGINIA,1,0,0,,0,0,335,0,0,,60.1,60.0,,60.0,,0,0,0,0,,,0,0,3,0.0,0,0,0,0,0,0,2,0,0,0,0,0,0,2,0,2,0,0,0,0,0,0,0,0,0,
Amari Gainer,77091,ED,FLORIDA ST,13,15,0,71.4,1,2,167,1,0,73.8,76.0,32.8,69.7,78.5,69.2,4,16,0,0,29,12.9,9,0,3,83.6,15,5,0,111,7,153,636,383,0,0,383,0,3,253,198,285,132,36,46,3,21,25,0,111,78,7.4
Armani Kerr,77092,LB,FLORIDA ST,1,0,0,,0,0,167,0,0,,42.6,66.4,,47.2,75.7,0,0,0,0,,0.0,0,0,0,0.0,0,0,0,2,0,0,2,0,0,0,0,0,0,2,0,2,0,0,2,0,0,0,0,0,0,
Wendell Davis Jr.,77095,LB,PITTSBURGH,4,0,0,100.0,0,0,268,0,0,50.7,43.4,74.5,60.0,42.3,76.0,0,1,0,0,18,0.0,0,0,0,118.8,1,0,0,31,0,13,31,0,0,0,0,0,0,31,7,11,0,2,2,1,1,1,0,18,20,18.0
Robert Hicks,77097,ED,LOUISVILLE,8,1,0,0.0,0,0,210,0,0,63.7,60.6,79.7,55.3,59.8,31.2,0,1,0,0,,33.3,1,0,0,39.6,0,0,0,15,0,11,58,40,0,1,39,0,0,18,12,35,3,1,1,1,1,1,0,0,0,
Quen Head,77098,LB,LOUISVILLE,7,1,0,100.0,0,0,210,0,0,58.7,68.1,76.0,58.7,81.3,50.2,0,0,0,0,5,20.0,1,0,0,83.3,3,0,0,28,0,31,66,9,0,0,9,0,0,57,3,32,29,2,3,0,3,0,0,12,22,4.0
Yasir Abdullah,77100,ED,LOUISVILLE,13,11,0,66.7,0,0,210,1,0,71.2,65.7,88.2,57.7,63.8,79.0,1,5,0,1,22,5.3,2,0,0,74.1,6,1,0,34,0,69,323,268,0,0,268,0,1,55,117,137,19,14,25,3,9,7,1,41,29,6.8
Nick DeNucci,77101,LB,BOSTON COL,1,1,0,100.0,0,0,121,0,0,71.2,79.5,73.5,66.9,69.9,79.1,0,0,0,0,-1,0.0,0,0,0,79.2,1,0,0,7,0,2,19,7,0,0,7,0,0,12,2,15,5,1,3,1,1,0,0,-1,1,-1.0
Joe Sparacio,77102,S,BOSTON COL,12,16,0,80.6,0,1,121,0,0,46.0,50.5,89.0,51.8,56.8,42.5,1,3,0,1,41,23.8,15,0,0,124.1,29,1,0,146,6,213,521,104,0,0,104,0,0,417,36,272,265,18,32,5,36,5,3,356,230,12.3
Hugh Davis,77103,LB,BOSTON COL,7,9,0,50.0,0,0,121,0,0,52.2,55.6,78.6,59.8,58.9,64.4,0,0,0,0,0,13.3,2,0,0,56.3,1,0,0,39,0,16,65,7,0,0,7,0,0,58,2,47,19,0,4,0,2,0,0,0,4,0.0
Evan Stewart,77104,LB,BOSTON COL,1,1,0,,0,0,121,0,0,60.4,62.2,72.2,,61.5,74.3,0,0,0,0,,0.0,0,0,0,0.0,0,0,0,9,0,2,13,0,0,0,0,0,0,13,0,11,4,0,0,0,0,0,0,0,0,
Jacorey Johns,77105,ED,WAKE,13,9,0,80.0,0,1,339,0,0,49.9,65.8,90.5,62.6,70.2,72.6,3,13,0,0,19,10.0,5,0,0,115.0,4,5,0,17,1,61,648,628,0,7,614,7,0,20,307,280,1,32,36,5,5,21,0,58,61,14.5
Ryan Smenda Jr.,77106,LB,WAKE,13,16,1,64.0,0,0,339,1,0,70.9,67.3,60.0,74.8,59.0,56.9,2,10,0,1,33,15.7,14,2,1,68.6,16,4,0,683,0,362,784,25,0,0,25,0,1,759,62,360,74,39,59,3,25,16,0,179,158,11.2
Juan Wallace,77110,LB,SYRACUSE,8,1,0,50.0,0,0,304,0,0,55.6,61.7,74.4,52.3,71.4,82.9,1,0,0,0,14,0.0,0,0,0,72.9,1,0,0,68,0,28,74,2,0,0,2,0,0,72,13,33,4,2,8,0,2,1,0,14,1,14.0
Lakiem Williams,77111,LB,SYRACUSE,12,20,0,80.8,0,1,304,0,0,63.5,61.1,60.9,64.9,57.2,56.0,15,17,0,0,23,16.9,20,1,1,96.6,21,2,0,808,1,322,873,7,0,0,7,0,1,866,138,413,55,43,78,9,26,34,0,187,104,8.9
Matthew Flint,77114,LB,N CAROLINA,1,0,0,,0,0,245,0,0,60.3,62.6,67.5,,60.0,,0,0,0,0,,,0,0,0,0.0,0,0,0,3,0,2,3,0,0,0,0,0,0,3,0,1,0,0,0,0,0,0,0,0,0,
Jordan Domineck,77116,ED,GA TECH,7,7,0,100.0,1,0,176,0,0,55.8,59.0,24.4,71.4,51.4,68.2,2,14,0,0,64,14.8,4,0,2,118.8,2,2,0,0,0,18,243,243,0,5,227,11,0,0,122,103,0,11,16,2,2,18,0,77,51,38.5
Quez Jackson,77117,LB,GA TECH,12,17,1,58.3,0,1,176,0,0,64.8,64.3,44.0,58.6,64.1,61.8,0,6,0,0,21,15.5,9,1,1,76.7,7,0,0,294,0,132,387,71,0,0,71,0,0,316,25,230,22,19,32,5,12,6,0,75,46,10.7
Justice Dingle,77118,ED,GA TECH,11,2,0,,0,0,176,3,0,64.7,49.0,46.5,53.9,45.4,42.9,1,2,0,0,,25.0,2,0,1,0.0,0,1,0,0,0,0,209,209,0,3,159,47,0,0,72,137,0,5,4,0,0,4,0,0,0,
Shaka Heyward,77120,LB,DUKE,10,11,0,50.0,0,0,154,1,0,71.2,66.7,83.4,60.9,61.8,62.5,5,6,0,1,7,15.7,11,1,0,56.3,4,4,0,456,3,178,484,15,0,0,15,0,1,469,59,247,9,25,48,3,8,15,1,21,17,5.3
Rocky Shelton II,77121,LB,DUKE,4,0,0,,0,0,154,1,0,61.8,63.3,73.8,68.1,58.6,76.1,0,0,0,0,,0.0,0,0,0,0.0,0,0,0,29,0,5,29,0,0,0,0,0,0,29,1,23,0,2,2,0,0,0,0,0,0,
Dax Hollifield,77124,LB,VA TECH,13,17,0,73.9,0,1,337,0,0,69.3,63.6,84.3,70.6,54.1,64.9,6,8,0,3,32,14.5,10,0,0,55.4,17,2,0,552,4,320,661,49,0,0,49,0,0,612,61,280,55,30,42,2,23,16,0,173,102,10.2
Alan Tisdale,77125,LB,VA TECH,12,15,2,93.8,0,0,337,0,0,62.2,66.2,84.0,68.8,64.6,58.2,2,7,0,0,27,16.7,9,2,0,108.3,15,3,0,268,0,154,308,28,0,0,28,0,2,280,36,118,9,22,30,4,16,12,0,160,133,10.7
Keshon Artis,77126,LB,VA TECH,2,0,0,,0,0,337,0,0,51.8,64.7,72.6,60.0,73.6,76.1,0,0,0,0,,0.0,0,0,0,0.0,0,0,0,13,0,5,17,4,0,0,4,0,0,13,1,11,0,1,2,0,0,0,0,0,0,
Payton Wilson,77127,LB,NC STATE,11,13,1,72.7,0,0,248,0,0,69.9,63.4,0.0,67.0,60.6,69.5,0,6,0,1,17,13.9,10,3,3,48.7,8,1,0,269,0,137,366,76,0,0,76,0,2,290,43,186,18,30,49,4,11,7,0,63,26,7.9
Calvin Hart Jr.,77128,LB,NC STATE,11,7,0,71.4,0,0,248,1,0,64.3,51.7,84.0,63.0,41.7,72.2,0,1,0,0,24,14.7,5,1,0,139.3,5,1,0,270,0,120,275,1,0,0,1,0,0,274,14,141,3,13,22,4,7,2,1,64,60,12.8
Alex Gray,77129,LB,NC STATE,1,0,0,,0,0,248,0,0,72.6,59.7,73.6,57.3,43.0,75.8,0,0,0,0,,0.0,0,0,0,0.0,0,0,0,20,0,8,20,0,0,0,0,0,0,20,2,10,0,2,2,0,0,0,0,0,0,
Seth Williams,77131,LB,NC STATE,1,1,0,,0,0,248,0,0,60.0,55.9,68.0,58.7,56.1,73.0,0,1,0,0,,0.0,0,0,0,0.0,0,0,0,5,0,1,7,1,0,0,1,0,0,6,2,4,1,0,0,0,0,1,0,0,0,
Darian Stephenson,77132,LB,MIAMI FL,1,0,0,0.0,0,0,220,0,0,50.3,32.3,71.0,,46.0,73.1,0,0,0,0,,0.0,0,0,0,39.6,0,0,0,5,0,3,7,0,0,0,0,0,0,7,0,4,2,0,1,0,1,0,0,0,0,
Patrick Joyner Jr.,77133,LB,MIAMI FL,1,0,0,,0,0,220,0,0,60.0,62.4,68.4,59.5,61.8,,0,0,0,0,,,0,0,0,0.0,0,0,0,4,0,1,4,0,0,0,0,0,0,4,1,2,0,0,0,0,0,0,0,0,0,
Mike Jones Jr.,77134,LB,CLEMSON,11,8,0,62.5,0,1,140,0,0,64.9,72.3,10.0,73.5,78.1,74.6,2,3,0,0,34,16.0,4,1,1,91.1,5,0,0,67,0,54,181,30,0,0,30,0,0,151,21,106,84,7,13,3,8,5,0,71,27,14.2
Jake Venables,77135,LB,CLEMSON,14,6,0,88.9,0,0,140,0,0,66.2,74.2,80.6,53.2,80.3,71.5,0,1,0,0,19,11.1,4,0,0,91.7,8,1,0,205,0,76,217,7,0,0,7,0,0,210,29,112,5,25,26,9,9,2,0,54,51,6.8
Bryce Shaw,77139,LB,NAVY,1,0,0,,0,0,237,0,0,,60.1,62.1,,60.0,,0,0,0,0,,,0,0,0,0.0,0,0,0,1,0,0,1,0,0,0,0,0,0,1,0,1,0,0,0,0,0,0,0,0,0,
DaeSean Winston,77142,S,TEMPLE,10,2,0,45.5,0,0,306,0,0,67.7,66.1,82.6,58.7,60.7,74.4,0,0,0,0,42,10.5,2,1,0,108.7,5,0,0,82,0,104,192,0,0,0,0,0,61,192,1,87,48,3,15,1,11,0,2,77,12,15.4
Travon King,77143,ED,TEMPLE,2,2,0,,0,0,306,0,0,,66.5,75.0,76.7,56.8,76.2,2,1,0,0,,0.0,0,0,0,0.0,0,0,0,0,0,0,21,21,0,0,21,0,0,0,9,12,0,1,2,0,0,3,0,0,0,
Boaz Pogue,77144,CB,TEMPLE,4,0,0,66.7,0,0,306,0,0,60.8,57.2,76.2,,51.5,27.6,0,0,0,0,13,50.0,1,0,0,81.3,2,0,0,15,0,21,51,1,0,0,1,0,0,50,0,30,35,0,1,0,3,0,0,17,3,8.5
Layton Jordan,77145,ED,TEMPLE,7,1,0,,0,1,306,0,0,,73.7,79.1,87.2,60.2,47.5,0,2,0,0,,20.0,1,0,0,0.0,0,1,0,1,0,0,47,46,0,0,46,0,0,1,15,32,0,2,3,0,0,3,0,0,0,
Ty Van Fossen,77147,LB,CINCINNATI,4,2,0,50.0,0,0,138,0,0,85.9,79.1,73.1,57.0,62.8,60.3,0,0,0,0,1,12.5,1,1,0,56.3,1,0,0,17,0,6,21,1,0,0,1,0,0,20,2,13,3,3,5,0,2,0,0,1,6,1.0
Ryan Royer,77148,LB,CINCINNATI,1,0,0,,0,0,138,0,0,,48.3,64.6,,59.7,,0,0,0,0,,,0,0,0,0.0,0,0,0,2,0,0,2,0,0,0,0,0,0,2,0,2,0,0,0,0,0,0,0,0,0,
Nick Apsey,77150,LB,C MICHIGAN,2,0,0,,0,0,134,0,0,,62.9,65.1,,60.6,,0,0,0,0,,,0,0,0,0.0,0,0,0,4,0,0,4,0,0,0,0,0,0,4,0,4,0,0,0,0,0,0,0,0,0,
Eriq Gilyard,77152,LB,UCF,13,20,0,66.7,0,0,323,0,0,46.7,59.8,83.1,57.7,68.3,77.8,1,9,0,1,16,8.6,7,0,0,81.6,16,1,0,622,0,268,636,6,0,0,6,0,2,630,55,313,6,34,54,3,24,11,1,158,68,9.9
Keith Brown Jr.,77155,LB,MEMPHIS,6,1,0,100.0,0,0,218,0,0,60.8,59.3,76.1,61.0,56.8,40.1,1,0,0,0,10,33.3,2,0,0,108.3,1,0,0,67,0,30,75,0,0,0,0,0,0,75,7,38,8,2,3,0,1,1,0,10,2,10.0
Jaylon Allen,77156,ED,MEMPHIS,4,1,0,100.0,0,0,218,0,0,61.4,61.3,78.9,60.5,59.4,29.6,0,2,0,0,12,33.3,1,0,0,116.7,1,0,0,1,0,4,29,28,0,0,28,0,0,1,12,13,0,1,1,0,1,2,0,12,15,12.0
Grant Sawyer,77158,LB,TULSA,10,1,0,100.0,0,0,320,0,0,44.6,50.4,74.7,64.4,56.0,77.3,1,1,0,0,34,0.0,0,0,0,158.3,1,0,0,32,0,8,37,2,0,0,2,0,0,35,7,22,3,1,2,0,1,2,1,34,19,34.0
TieNeal Martin,77159,S,TULSA,2,0,0,100.0,0,0,320,0,0,60.8,63.5,74.2,,66.7,79.5,0,0,0,0,14,0.0,0,0,0,104.2,2,0,0,34,0,26,42,0,0,0,0,0,3,42,0,16,5,1,2,0,2,0,0,18,4,9.0
Justin Wright,77160,LB,TULSA,3,1,0,100.0,0,0,320,0,0,42.1,41.1,71.7,,57.6,42.5,0,0,0,0,9,25.0,1,0,0,104.2,1,0,0,13,0,3,13,0,0,0,0,0,0,13,0,10,0,2,2,2,1,0,0,9,0,9.0
Yohance Burnett,77162,LB,TULSA,12,10,0,66.7,0,0,320,0,0,64.0,63.0,83.9,57.9,61.8,80.5,0,4,0,0,11,6.1,2,0,2,78.5,6,0,0,127,0,91,297,110,0,0,110,0,0,187,30,176,60,16,21,3,9,4,0,45,32,7.5
Anthony Goodlow,77164,ED,TULSA,9,2,0,,0,0,320,0,0,59.7,51.9,10.8,52.1,60.6,59.2,1,0,0,0,,16.7,1,0,1,0.0,0,0,0,0,0,0,80,80,4,17,40,19,0,0,39,41,0,1,3,0,0,1,0,0,0,
Trevor Denbow,77165,S,SMU,13,13,0,41.4,0,0,287,0,0,66.3,61.5,49.2,67.9,52.9,36.4,0,0,0,0,32,25.3,21,5,3,75.6,12,1,0,332,1,346,666,5,0,0,5,0,174,661,4,316,154,22,49,2,29,1,1,192,77,16.0
Jimmy Phillips Jr.,77166,S,SMU,8,0,0,60.0,0,0,287,0,0,71.6,75.3,79.7,73.9,71.5,80.9,0,1,0,0,20,0.0,0,1,0,72.9,3,0,0,20,4,42,76,13,0,0,13,0,8,63,8,26,31,3,5,1,5,1,0,25,3,8.3
Preston Ellison,77167,LB,SMU,4,0,0,,0,0,287,0,0,50.5,41.0,71.0,55.8,48.3,20.1,0,1,0,0,,100.0,1,0,0,0.0,0,0,0,14,0,7,17,3,0,0,3,0,0,14,3,7,0,0,0,0,0,1,0,0,0,
JC Rispress,77168,CB,SMU,1,0,0,,0,0,287,0,0,,60.0,66.0,,60.0,,0,0,0,0,,,0,0,0,0.0,0,0,0,0,0,0,2,0,0,0,0,0,0,2,0,2,2,0,0,0,0,0,0,0,0,
James Patterson,77169,LB,BUFFALO,10,14,0,70.0,1,1,126,0,0,64.0,73.2,37.4,84.1,77.3,64.1,1,4,0,1,41,12.5,6,0,2,86.0,14,1,0,344,2,208,413,9,0,0,9,0,1,404,26,179,57,19,28,4,20,6,1,143,111,10.2
Nick Martorell,77170,LB,TULANE,1,0,0,,0,0,319,0,0,,62.4,64.6,,60.4,,0,0,0,0,,,0,0,0,0.0,0,0,0,2,0,0,2,0,0,0,0,0,0,2,0,2,0,0,0,0,0,0,0,0,0,
Sam Bruchhaus,77173,LB,TULANE,1,1,0,,0,0,319,0,0,60.0,72.5,66.0,,67.8,73.1,0,0,0,0,,0.0,0,0,0,0.0,0,0,0,4,0,1,4,0,0,0,0,0,0,4,0,3,0,0,0,0,0,0,0,0,0,
Kevon Jones,77179,ED,UCONN,10,12,0,,0,0,146,0,0,84.2,62.8,31.9,65.1,58.9,68.2,10,9,0,0,,14.6,6,0,3,0.0,0,4,0,0,0,1,458,457,0,5,449,3,0,1,241,216,0,17,23,3,0,23,0,0,0,
Donavan Mutin,77180,LB,HOUSTON,12,12,0,80.6,0,0,182,0,0,38.6,52.3,86.9,54.8,65.2,76.9,3,9,0,1,47,9.7,6,0,0,118.1,25,0,0,694,0,360,763,12,0,0,12,0,4,751,66,337,53,26,44,5,31,12,2,323,241,12.9
Zamar Kirven,77181,LB,HOUSTON,8,7,0,73.7,0,0,182,1,0,52.5,57.0,82.9,71.5,56.7,49.5,2,7,0,1,13,20.8,10,1,0,83.2,14,0,0,300,1,137,354,20,0,0,19,1,2,334,30,187,31,17,31,5,19,9,1,110,64,7.9
Antonio Grier,77185,LB,USF,12,8,0,83.3,0,1,327,0,0,50.4,55.9,47.4,70.2,56.7,83.6,1,7,0,0,30,8.8,5,1,1,104.2,15,4,0,379,1,152,456,54,0,0,54,0,1,402,48,256,21,22,44,3,18,12,0,162,112,10.8
Dwayne Boyles,77186,LB,USF,12,15,1,70.8,1,0,327,0,0,76.0,60.4,43.7,65.3,49.1,75.7,1,6,0,0,50,10.4,8,1,2,110.9,17,3,0,423,2,222,707,203,0,0,203,0,0,504,93,392,79,37,54,9,24,10,1,207,140,12.2
Drew Mims,77187,LB,USF,8,4,0,75.0,0,1,327,0,0,55.9,59.6,77.8,68.6,59.7,90.0,0,1,0,0,17,0.0,0,0,0,136.5,6,1,0,158,0,55,176,15,0,0,15,0,0,161,9,112,3,10,24,1,8,2,1,62,27,10.3
Gerard Stringer,77188,CB,E CAROLINA,12,18,0,69.8,0,0,156,0,0,64.5,68.3,61.0,55.5,78.8,70.8,1,3,0,2,48,15.8,12,2,1,93.6,30,1,0,122,29,308,708,89,0,0,89,0,0,619,28,372,468,18,46,4,43,5,2,384,213,12.8
Zaven Collins,77190,LB,TULSA,12,15,0,62.5,0,0,320,1,0,80.2,77.9,84.2,59.1,75.5,56.5,1,8,0,0,21,16.3,17,3,0,79.7,10,2,0,740,0,337,831,22,0,0,21,1,0,809,66,428,67,47,72,7,16,11,0,98,94,9.8
Jireh Wilson,77192,S,E CAROLINA,11,6,0,60.0,0,0,156,0,0,54.3,58.7,81.2,60.9,64.2,67.2,0,2,0,0,73,14.3,4,0,0,100.1,15,0,0,120,3,128,274,9,0,0,9,0,74,265,7,139,68,6,18,1,25,2,1,208,81,13.9
Eldridge Salguero,77194,LB,BOWL GREEN,5,3,0,100.0,0,0,122,0,0,43.1,50.8,78.9,57.0,57.3,33.6,0,0,0,0,17,33.3,4,0,0,104.2,3,0,0,42,0,19,86,35,0,0,35,0,0,51,6,61,9,2,5,1,3,0,0,27,17,9.0
Brian Asamoah II,77195,LB,OKLAHOMA,9,1,0,83.3,0,0,261,0,0,52.5,62.2,78.4,59.2,70.5,65.0,0,3,0,0,38,14.3,3,1,0,158.3,5,2,0,137,0,54,144,1,0,0,1,0,0,143,20,70,6,16,17,1,6,5,1,76,62,15.2
Nik Bonitto,77196,ED,OKLAHOMA,14,8,1,63.6,0,0,261,0,0,88.5,78.9,69.2,72.9,71.0,68.1,2,14,0,1,11,14.3,5,2,1,38.4,7,3,0,3,0,117,420,415,0,0,415,0,0,5,131,172,2,18,22,2,11,19,0,56,38,8.0
DaShaun White,77198,LB,OKLAHOMA,14,7,0,80.0,0,0,261,1,0,57.7,60.2,84.6,65.1,59.3,69.8,3,7,0,0,33,14.3,7,0,1,136.7,16,1,0,480,8,259,544,2,0,0,2,0,0,542,51,234,53,18,35,1,20,11,2,176,72,11.0
Carson Kropp,77200,LB,OKLA STATE,1,0,0,0.0,0,0,262,0,0,60.0,53.5,65.0,,65.6,74.3,0,0,0,0,,0.0,0,0,0,39.6,0,0,0,2,0,1,3,0,0,0,0,0,0,3,0,2,1,1,1,0,1,0,0,0,0,
Ayodele Adeoye,77203,LB,TEXAS,13,11,0,88.2,0,0,311,0,0,57.2,53.5,84.6,55.6,51.6,68.5,0,8,0,1,70,11.5,6,1,0,133.3,15,3,0,515,2,248,584,18,0,0,18,0,0,566,95,241,48,17,35,1,17,11,2,212,144,14.1
Joseph Ossai,77205,LB,TEXAS,13,14,0,83.3,1,1,311,0,0,70.1,70.8,16.1,63.1,74.6,38.7,10,24,0,2,36,23.7,23,0,4,68.1,20,3,0,430,1,263,834,272,0,0,272,0,0,562,228,343,130,42,60,8,24,37,0,208,191,10.4
Byron Vaughns,77206,ED,TEXAS,6,1,0,80.0,0,0,311,0,0,36.1,53.8,80.4,65.0,64.7,41.7,0,1,0,0,22,25.0,3,0,0,132.9,4,0,0,17,0,23,76,57,0,0,57,0,0,19,23,30,2,5,8,0,5,1,1,32,13,8.0
Ben Wilson,77208,LB,TCU,6,7,0,100.0,0,0,305,0,0,75.2,66.8,77.3,57.7,55.8,66.4,0,3,0,0,12,12.1,4,0,0,88.4,9,0,0,176,0,96,189,1,0,0,1,0,0,188,12,81,12,14,22,0,9,3,0,47,33,5.2
Jake Abbott,77212,LB,W VIRGINIA,3,2,0,,0,0,343,0,0,60.8,65.5,72.9,,65.1,75.8,0,0,0,0,,0.0,0,0,0,0.0,0,0,0,13,0,3,17,3,0,0,3,0,0,14,0,14,0,0,0,0,0,0,0,0,0,
Josh Chandler-Semedo,77214,LB,W VIRGINIA,10,15,1,80.0,0,0,343,1,0,74.1,75.2,51.2,54.3,78.4,86.4,0,10,0,0,25,5.1,4,2,1,96.4,12,1,0,297,33,167,472,94,0,0,94,0,1,378,44,261,47,25,59,3,15,11,0,107,86,8.9
Mike Rose,77218,LB,IOWA STATE,13,17,0,80.0,0,1,193,0,0,79.5,75.8,65.7,62.1,72.1,60.3,1,14,0,1,25,16.9,15,2,1,96.5,44,5,0,356,5,398,837,110,0,0,110,0,2,727,91,348,362,39,57,6,55,20,2,334,222,7.6
Chandler Pulvermacher,77219,LB,IOWA STATE,1,0,0,,0,0,193,0,0,,59.4,70.2,58.8,60.0,,0,0,0,0,,,0,0,0,0.0,0,0,0,2,0,0,5,1,0,0,1,0,0,4,3,2,2,0,0,0,0,0,0,0,0,
Gerry Vaughn,77220,CB,IOWA STATE,1,1,0,,0,0,193,0,0,63.7,61.2,71.1,,55.6,75.1,0,0,0,0,,0.0,0,0,0,0.0,0,0,0,3,0,5,8,0,0,0,0,0,0,8,0,3,5,0,0,0,0,0,0,0,0,
Hunter Webb,77225,LB,UCONN,4,0,0,,0,0,146,0,0,63.2,62.1,72.4,,59.2,74.3,0,0,0,0,,0.0,0,0,0,0.0,0,0,0,23,0,9,23,0,0,0,0,0,0,23,0,14,0,1,1,0,0,0,0,0,0,
Nick Allen,77229,LB,KANSAS ST,3,1,0,50.0,0,0,199,0,0,76.6,68.9,70.1,,50.6,73.1,0,0,0,0,2,0.0,0,1,0,56.3,1,0,0,13,0,7,15,0,0,0,0,0,0,15,0,8,2,0,0,0,2,0,0,2,1,2.0
Cody Fletcher,77231,LB,KANSAS ST,7,2,0,55.6,0,0,199,0,0,66.5,68.3,78.8,54.5,68.5,47.6,0,0,0,0,19,20.0,2,2,0,74.3,5,0,0,80,0,50,94,2,0,0,2,0,0,92,3,41,12,5,6,0,9,0,0,56,27,11.2
Daniel Green,77232,LB,KANSAS ST,13,13,0,50.0,0,1,199,1,0,35.8,53.9,81.7,65.9,68.8,50.5,0,1,0,0,70,17.0,9,2,0,116.5,10,2,0,291,0,160,343,7,0,0,7,0,3,336,26,157,42,20,31,3,20,3,2,189,114,18.9
Xavier Benson,77236,LB,TEXAS TECH,12,13,0,81.1,0,0,315,0,0,61.8,62.8,87.0,57.5,63.9,66.2,0,8,0,0,48,13.9,10,0,1,101.5,30,2,0,446,14,307,742,137,0,0,137,0,0,605,96,339,145,32,49,3,37,10,1,229,182,7.6
Michael Nelson,77238,LB,TEXAS TECH,1,1,0,,0,0,315,0,0,,62.3,60.0,,62.1,70.1,0,0,0,0,,0.0,0,0,0,0.0,0,0,0,0,0,0,1,0,0,0,0,0,0,1,0,1,0,0,0,0,0,0,0,0,0,
Brandon Perce,77241,LB,BOWL GREEN,11,25,1,71.9,0,2,122,0,0,61.3,52.8,4.8,63.6,49.4,53.5,2,9,0,2,60,17.9,22,1,4,103.9,23,3,0,665,0,305,715,9,0,0,9,0,10,706,47,363,29,42,76,6,32,14,3,282,148,12.3
Matt Harmon,77244,ED,KENT STATE,8,0,0,100.0,1,0,201,0,0,52.2,52.4,11.0,55.1,57.7,46.2,0,0,0,0,13,33.3,1,0,1,118.8,1,0,0,4,1,5,90,78,0,0,78,0,0,12,15,70,7,0,2,0,1,0,0,13,9,13.0
Sebastian Spear,77245,ED,KENT STATE,2,0,0,,0,0,201,0,0,52.5,38.5,74.7,58.5,49.6,25.6,0,0,0,0,,50.0,1,0,0,0.0,0,0,0,0,0,1,13,13,0,0,13,0,0,0,3,9,0,1,1,0,0,0,0,0,0,
Daniel Bolden,77252,LB,TOLEDO,12,9,0,66.7,0,2,316,0,0,72.4,79.4,77.6,50.1,82.3,74.9,1,2,0,0,24,9.8,4,0,0,85.9,6,0,0,170,0,62,187,3,0,0,3,0,0,184,13,112,13,12,28,0,9,3,0,61,39,10.2
Ryan Selig,77254,TE,W MICHIGAN,1,0,0,,0,0,347,0,0,,60.0,60.0,60.0,,,0,0,0,0,,,0,0,0,0.0,0,0,0,0,0,0,1,0,0,0,0,0,0,1,1,0,0,0,0,0,0,0,0,0,0,
Cortez Hogans,77257,ED,N ILLINOIS,1,0,0,,0,0,254,0,0,,63.3,67.8,,61.5,71.5,0,0,0,0,,0.0,0,0,0,0.0,0,0,0,0,0,0,2,2,0,0,2,0,0,0,0,2,0,0,1,0,0,0,0,0,0,
Kewan Parker,77259,ED,N ILLINOIS,1,0,0,,0,0,254,0,0,,60.5,68.1,,60.0,,0,0,0,0,,,0,0,0,0.0,0,0,0,0,0,0,2,2,0,0,2,0,0,0,0,2,0,0,0,0,0,0,0,0,0,
Kobie Beltram,77260,LB,E MICHIGAN,13,28,1,82.1,0,1,160,2,0,73.3,64.2,63.2,59.4,57.8,87.7,1,8,0,0,28,8.9,12,4,1,126.9,32,1,0,794,1,385,888,34,0,0,34,0,2,854,47,456,57,57,95,4,39,10,3,324,203,10.1
Matthew Buschman,77262,LB,E MICHIGAN,3,1,0,100.0,0,0,160,0,0,52.4,55.8,72.4,,62.2,80.1,0,0,0,0,8,0.0,0,0,0,100.0,1,0,0,15,0,6,17,0,0,0,0,0,0,17,0,11,1,3,4,0,1,0,0,8,7,8.0
Bryce Houston,77265,LB,OHIO,4,1,0,100.0,0,0,259,0,0,51.5,38.1,77.4,54.9,29.2,35.8,0,0,0,0,13,33.3,1,0,0,112.5,2,0,0,31,0,22,38,2,0,0,2,0,3,36,6,10,1,0,1,0,2,0,0,22,10,11.0
Keye Thompson,77266,LB,OHIO,9,8,0,80.0,0,1,259,1,0,65.9,76.8,82.7,62.2,81.6,57.5,1,2,0,0,44,16.0,8,2,0,145.0,8,0,0,302,0,139,365,35,0,0,35,0,0,330,34,192,28,22,34,7,10,3,1,108,73,13.5
Jack McCrory,77267,LB,OHIO,13,1,0,100.0,0,0,259,0,0,63.1,61.0,83.0,65.2,36.3,85.3,2,2,0,0,22,0.0,0,0,0,108.8,10,4,0,67,2,52,117,42,0,0,42,0,0,75,52,13,6,8,8,0,10,8,0,101,26,10.1
Evander Craft,77270,LB,TOLEDO,1,0,0,,0,0,316,0,0,,60.0,60.0,,60.0,,0,0,0,0,,,0,0,0,0.0,0,0,0,0,0,0,1,0,0,0,0,0,0,1,0,1,0,0,0,0,0,0,0,0,0,
Max Michel,77272,LB,BUFFALO,5,1,0,,0,0,126,0,0,65.9,70.3,82.9,58.4,65.0,81.1,1,0,0,0,,0.0,0,0,0,0.0,0,0,0,8,0,0,26,11,0,0,10,1,0,15,5,21,5,3,4,0,0,1,0,0,0,
Vinny DePalma,77273,LB,BOSTON COL,12,8,0,64.7,0,1,121,0,0,60.6,58.1,81.5,53.7,57.3,59.5,1,0,0,0,21,13.5,5,1,0,105.5,11,0,0,173,0,94,223,19,0,0,19,0,0,204,23,106,31,16,24,5,17,1,1,122,52,11.1
Fabian Weitz,77274,LB,BUFFALO,2,0,0,,0,0,126,0,0,,30.7,64.8,60.0,30.6,20.9,1,0,0,0,,100.0,2,0,0,0.0,0,0,0,4,0,0,5,0,0,0,0,0,0,5,1,4,0,0,0,0,0,1,0,0,0,
Brandon Bischof,77275,LB,AKRON,5,2,0,,0,0,102,0,0,,65.0,68.0,59.1,65.6,77.1,0,0,0,0,,0.0,0,0,0,0.0,0,0,0,14,0,0,16,0,0,0,0,0,0,16,1,15,0,0,0,0,0,0,0,0,0,
Jordan Redmond,77310,DI,VIRGINIA,3,0,0,,0,0,335,0,0,,59.2,74.3,56.7,61.0,,0,0,0,0,,,0,0,0,0.0,0,0,0,0,0,0,20,20,9,11,0,0,0,0,11,9,0,0,0,0,0,0,0,0,0,
Jeffery Johnson,77312,DI,TULANE,12,11,0,,0,0,319,1,0,,62.8,71.9,62.9,61.3,48.5,1,3,0,0,,12.9,4,0,1,0.0,0,3,0,0,0,0,527,526,431,86,1,8,0,1,254,273,0,15,16,1,0,7,0,0,0,
Jamiran James,77313,DI,TULANE,3,2,0,,0,0,319,0,0,,68.4,76.7,67.0,65.1,73.5,0,2,0,0,,0.0,0,0,0,0.0,0,0,0,0,0,0,33,32,31,1,0,0,0,1,18,15,0,2,2,1,0,2,0,0,0,
Matt Seres,77436,DI,IOWA STATE,1,0,0,,0,0,193,0,0,,57.1,73.1,58.7,57.6,20.1,0,0,0,0,,100.0,2,0,0,0.0,0,0,0,0,0,0,11,11,10,1,0,0,0,0,5,6,0,0,0,0,0,0,0,0,0,
Reuben Lewis,77476,DI,KANSAS,1,0,0,,0,0,198,0,0,,60.1,76.1,57.1,60.9,70.1,0,0,0,0,,0.0,0,0,0,0.0,0,0,0,0,0,0,23,23,23,0,0,0,0,0,8,15,0,0,1,0,0,0,0,0,0,
Eric Bentley,77551,DI,AKRON,10,7,0,,1,0,102,1,0,60.7,64.8,54.8,56.1,69.4,82.2,1,3,0,0,,5.0,1,0,1,0.0,0,0,0,0,0,0,316,316,1,76,0,239,0,0,142,174,0,9,12,0,0,4,0,0,0,
Noah Taylor,77559,ED,VIRGINIA,14,11,1,54.5,0,1,335,0,0,89.7,76.7,92.1,70.7,60.8,79.7,5,16,0,2,25,11.1,6,1,0,29.2,12,5,0,59,8,181,673,452,0,0,452,0,5,221,203,289,147,28,37,7,22,26,0,103,42,8.6
Grant Misch,77560,TE,VIRGINIA,1,0,0,,0,0,335,0,0,,60.0,60.0,,60.0,,0,0,0,0,,,0,0,0,0.0,0,0,0,0,0,0,1,0,0,0,0,0,0,1,0,1,0,0,0,0,0,0,0,0,0,
Diego Fagot,77563,LB,NAVY,13,22,0,71.4,0,3,237,0,0,80.6,74.2,58.1,68.1,65.1,73.8,8,10,1,1,45,10.8,11,1,2,72.7,15,6,0,582,0,261,675,58,0,0,58,0,1,617,104,310,34,50,69,7,21,24,0,156,96,10.4
Tony Brown,77565,S,NAVY,11,1,0,60.0,0,0,237,1,1,51.1,45.1,0.0,56.4,38.8,56.8,0,0,0,0,73,20.0,2,0,1,143.8,3,0,0,21,0,54,132,37,0,0,37,0,1,95,21,57,73,5,7,1,5,0,1,99,56,33.0
Dyontae Johnson,77568,LB,TOLEDO,12,1,0,75.0,0,0,316,1,0,69.0,73.3,81.1,65.5,71.9,79.4,3,1,0,0,28,4.3,1,1,0,111.5,3,0,0,177,1,75,206,10,0,0,10,0,0,196,16,115,18,11,21,2,4,4,0,45,38,15.0
Joe Bonds,77569,LB,N ILLINOIS,1,0,0,,0,0,254,0,0,,60.8,64.1,,60.0,,0,0,0,0,,,0,0,0,0.0,0,0,0,1,0,0,1,0,0,0,0,0,0,1,0,1,0,0,0,0,0,0,0,0,0,
Tony Schott,77570,ED,BALL ST,1,0,0,,0,0,117,0,0,,50.3,70.8,,54.7,,0,0,0,0,,,0,0,0,0.0,0,0,0,0,0,0,4,4,0,0,4,0,0,0,0,4,0,0,0,0,0,0,0,0,0,
Davion Tyson,77572,CB,BALL ST,1,0,0,,0,0,117,0,0,64.0,56.7,76.4,57.9,49.6,26.9,0,0,0,0,,50.0,1,0,0,0.0,0,0,0,1,0,5,17,4,0,0,4,0,0,13,2,10,12,0,1,0,0,0,0,0,0,
Rayshawn Wilborn,77573,S,BALL ST,12,11,0,51.4,0,0,117,0,0,38.7,43.9,32.0,59.4,52.9,66.1,1,1,0,2,75,15.2,12,5,2,85.7,18,0,0,310,1,425,853,34,0,0,34,0,369,819,12,416,139,13,56,2,35,2,2,382,166,21.2
Cameron Fleming,77736,CB,MEMPHIS,1,0,0,0.0,0,0,218,0,0,50.8,48.4,68.2,,60.0,,0,0,0,0,,,0,0,0,39.6,0,0,0,0,4,3,4,0,0,0,0,0,0,4,0,1,0,0,0,0,1,0,0,0,0,
Amare Jones,77742,WR,TULANE,1,0,0,,0,0,319,0,0,,62.4,60.0,,61.1,70.3,0,0,0,0,,,0,0,2,0.0,0,0,0,0,0,0,1,0,0,0,0,0,0,1,0,1,0,0,0,0,0,0,0,0,0,
Cameron Carroll,77743,HB,TULANE,1,0,0,,0,0,319,0,0,,56.9,60.0,,60.0,,0,0,0,0,,,0,0,0,0.0,0,0,0,0,0,0,1,0,0,0,0,0,0,1,0,1,0,0,0,0,0,0,0,0,0,
Lavarey Banton,77748,HB,UCONN,1,0,0,50.0,0,0,146,0,0,42.9,42.0,70.5,,60.0,74.2,0,0,0,0,45,0.0,0,0,0,95.8,1,0,0,0,7,7,8,0,0,0,0,0,1,8,0,1,0,0,1,0,2,0,0,45,11,45.0
Brian Norris,77750,LB,USF,7,3,0,100.0,0,1,327,0,0,54.8,61.4,73.7,86.2,56.5,83.2,0,1,0,0,22,0.0,0,0,0,96.9,4,1,0,41,0,9,45,1,0,0,1,0,0,44,2,34,2,2,5,0,4,2,0,29,21,7.3
Ta'Zhawn Henry,77776,HB,TEXAS TECH,1,0,0,,1,0,315,0,0,,60.1,60.0,,60.0,,0,0,0,0,,,0,0,1,0.0,0,0,0,0,0,0,1,0,0,0,0,0,0,1,0,1,0,0,0,0,0,0,0,0,0,
Trenell Troutman,77810,LB,LOUISVILLE,5,1,0,100.0,0,0,210,0,0,68.7,65.9,79.0,58.0,61.4,85.1,1,0,0,0,9,0.0,0,0,0,120.8,2,0,0,14,0,18,56,17,0,0,17,0,8,39,5,33,17,6,10,1,2,1,1,7,0,3.5
Sean Michael Flanagan,77812,S,OKLA STATE,2,1,0,50.0,0,0,262,0,0,76.8,66.5,0.0,58.0,57.7,81.5,0,0,0,0,23,0.0,0,1,1,91.7,1,0,0,4,0,16,31,3,0,0,3,0,16,28,3,12,8,0,1,0,2,0,0,23,7,23.0
Nate Thompson,77813,S,DUKE,5,0,0,,0,0,154,0,0,62.9,69.0,71.3,,71.0,78.4,0,0,0,0,,0.0,0,0,0,0.0,0,0,0,6,0,11,16,0,0,0,0,0,10,16,0,5,0,1,2,0,0,0,0,0,0,
Malik Dunlap,77814,CB,NC STATE,8,4,1,53.3,0,0,248,0,0,49.6,51.1,83.3,72.9,53.6,54.5,0,0,0,0,59,20.0,4,4,1,95.1,16,0,0,14,288,149,311,5,0,0,5,0,1,306,4,158,2,2,12,1,30,0,1,270,75,16.9
Tyler Baker-Williams,77815,CB,NC STATE,12,5,0,51.9,0,0,248,0,0,78.1,73.1,47.9,57.6,63.1,68.4,0,2,0,0,27,10.8,4,3,1,74.9,14,1,0,90,4,273,493,53,0,0,53,0,21,440,24,196,324,16,28,3,27,3,1,112,37,8.0
Kevin Brennan,77819,S,NAVY,13,18,0,60.9,0,1,237,0,0,41.5,51.4,17.3,70.2,70.6,62.0,0,2,0,2,70,15.7,14,4,2,117.8,28,0,0,255,4,372,689,18,0,0,18,0,293,671,10,307,119,17,57,1,46,2,7,480,185,17.1
Kendarin Ray,77823,S,TULSA,11,11,0,60.0,0,0,320,0,0,67.9,77.9,80.5,,87.2,89.0,0,0,0,0,49,2.9,1,1,0,104.2,3,0,0,133,0,92,202,1,0,0,1,0,35,201,0,110,33,6,22,1,5,0,0,64,13,21.3
Bryson Powers,77824,S,TULSA,10,1,0,66.7,0,1,320,0,0,53.8,59.9,80.8,,74.5,64.0,0,0,0,0,14,18.2,2,0,0,95.1,2,0,0,85,0,108,172,1,0,0,1,0,64,171,0,64,22,2,8,0,3,0,0,27,9,13.5
Daiquain Jackson,77826,S,TULSA,5,0,0,0.0,0,0,320,0,0,57.4,57.8,72.3,,60.0,73.1,0,0,0,0,,0.0,0,0,0,39.6,0,0,0,1,2,11,15,0,0,0,0,0,0,15,0,4,12,0,1,0,1,0,0,0,0,
Brandon Johnson,77827,CB,TULSA,12,9,0,62.1,1,0,320,0,0,41.5,49.4,53.5,,75.6,79.4,0,0,0,0,90,10.4,7,2,5,128.9,36,0,0,97,18,344,694,0,0,0,0,0,119,694,0,350,458,17,51,2,58,0,5,645,192,17.9
Michael Salerno,77828,S,SMU,1,0,0,100.0,0,0,287,0,0,49.7,40.1,0.0,,,22.2,0,0,0,0,37,100.0,1,0,1,118.8,1,0,0,2,0,4,4,0,0,0,0,0,2,4,0,0,0,0,0,0,1,0,0,37,14,37.0
Larry Brooks,77832,S,TULANE,12,5,0,42.9,0,0,319,0,0,68.0,63.8,85.9,46.6,52.8,40.1,0,1,0,4,37,26.5,9,3,2,20.1,12,0,0,38,10,163,305,0,0,0,0,0,105,305,2,140,151,2,20,0,28,1,0,147,61,12.3
Grant Hamel,77833,CB,TULANE,2,0,0,,0,0,319,0,0,61.8,61.8,69.4,,59.8,,0,0,0,0,,,0,0,0,0.0,0,0,0,0,0,3,5,0,0,0,0,0,0,5,0,2,5,0,0,0,0,0,0,0,0,
Macon Clark,77834,S,TULANE,11,2,0,54.5,0,0,319,0,0,70.8,61.5,0.0,59.9,41.1,41.8,0,0,1,1,35,26.7,4,1,1,72.5,6,0,0,32,4,103,162,1,0,0,1,0,101,161,1,58,23,4,9,0,11,0,1,86,43,14.3
Patrick Fields,77835,S,OKLAHOMA,14,5,0,63.6,0,0,261,1,0,71.0,73.4,26.0,73.5,75.8,77.7,1,0,0,0,39,9.1,6,6,5,95.4,21,2,0,505,0,482,850,4,0,0,4,0,145,846,9,359,195,16,55,3,33,3,1,239,75,11.4
Delarrin Turner-Yell,77836,CB,OKLAHOMA,13,10,0,58.3,0,0,261,0,0,64.3,58.7,21.1,81.6,42.3,54.7,1,0,0,0,78,17.6,15,2,3,110.4,28,0,0,215,3,421,727,2,0,0,2,0,86,725,3,303,421,16,60,5,48,1,3,448,205,16.0
JT Woods,77837,S,BAYLOR,14,3,0,76.2,0,0,118,1,0,53.9,50.0,39.3,50.9,44.8,36.0,1,3,0,0,34,27.7,13,0,1,144.3,16,0,0,101,0,283,506,3,0,0,3,0,245,503,5,218,156,7,31,1,21,4,2,237,51,14.8
Christian Morgan,77838,S,BAYLOR,9,3,0,50.0,0,0,118,0,0,57.9,52.1,76.7,55.5,44.6,34.3,0,0,0,0,26,28.6,4,0,0,76.0,2,0,0,65,0,52,114,5,0,0,5,0,6,109,6,56,37,4,7,0,4,0,0,31,0,15.5
Colby Delashaw,77839,S,BAYLOR,1,1,0,,0,0,118,0,0,64.6,64.2,69.5,,60.0,76.4,0,0,0,0,,0.0,0,0,0,0.0,0,0,0,1,0,3,7,0,0,0,0,0,6,7,0,4,0,0,0,0,0,0,0,0,0,
Kanion Williams,77840,S,OKLA STATE,2,1,0,0.0,0,0,262,0,0,71.8,72.6,74.7,59.5,67.1,80.4,0,0,0,0,,0.0,0,1,0,39.6,0,0,0,11,0,16,29,2,0,0,2,0,9,27,2,11,7,0,2,0,1,0,0,0,0,
Jarrick Bernard-Converse,77841,CB,OKLA STATE,13,5,0,58.7,0,0,262,0,0,61.7,66.2,59.1,73.3,76.3,81.2,1,1,0,1,73,9.3,5,5,1,111.4,37,2,0,68,15,456,800,23,0,0,23,0,222,777,14,330,471,19,44,1,63,4,6,533,186,14.4
Jason Taylor II,77842,S,OKLA STATE,7,1,0,77.8,0,0,262,0,0,57.1,55.2,81.5,56.2,52.3,55.6,0,0,0,0,56,6.3,1,0,0,153.5,7,0,0,30,0,64,120,4,0,0,4,0,53,116,4,52,33,5,14,1,9,0,2,102,53,14.6
Kolby Harvell-Peel,77843,S,OKLA STATE,12,12,0,48.9,0,1,262,2,0,89.5,84.5,89.5,60.4,64.2,55.8,0,2,0,5,63,21.2,18,11,1,44.6,22,1,0,206,6,423,762,33,0,0,33,0,383,729,18,321,134,29,55,2,45,3,2,287,137,13.0
Atanza Vongor,77844,S,TCU,2,0,0,,0,0,305,0,0,,60.4,60.0,,60.0,,0,0,0,0,,,0,0,0,0.0,0,0,0,0,0,0,2,0,0,0,0,0,0,2,0,2,0,0,0,0,0,0,0,0,0,
DeMauryon Holmes,77845,LB,TCU,2,0,0,,0,0,305,0,0,,62.4,60.0,,63.1,68.4,0,0,0,0,,0.0,0,0,0,0.0,0,0,0,0,0,0,2,0,0,0,0,0,0,2,0,2,0,0,1,0,0,0,0,0,0,
C.J. Ceasar II,77846,CB,TCU,4,0,0,66.7,0,0,305,0,0,81.8,77.4,77.4,,53.6,74.2,0,0,0,0,4,0.0,0,1,0,70.1,2,0,0,1,8,8,15,2,0,0,2,0,0,13,0,7,2,1,1,0,3,0,0,6,-1,3.0
Tre'von Moehrig,77847,S,TCU,12,9,0,53.2,0,2,305,1,0,91.9,91.6,56.7,,76.8,71.6,0,0,0,4,47,13.2,9,12,2,57.8,25,0,0,243,0,437,785,1,0,0,1,0,169,784,0,348,370,18,50,1,47,0,3,288,144,11.5
Ar'Darius Washington,77848,S,TCU,12,3,1,35.7,0,0,305,0,0,92.1,91.7,84.9,71.1,72.4,83.5,0,1,0,5,46,6.3,3,2,0,11.6,5,0,0,210,0,265,461,0,0,0,0,0,134,461,4,192,116,19,42,1,14,1,0,65,38,13.0
Kwantel Raines,77851,S,W VIRGINIA,9,3,0,90.9,0,1,343,0,0,51.0,58.1,82.8,63.2,69.3,28.8,0,2,0,0,24,38.9,7,0,1,100.0,10,0,0,65,18,91,207,22,0,0,22,0,0,185,10,106,102,3,8,0,11,2,0,88,42,8.8
Davon Ferguson,77852,S,KANSAS,12,14,0,70.0,0,1,198,0,0,50.4,57.9,86.8,79.3,66.8,64.1,0,0,0,0,48,16.7,12,1,0,143.5,14,1,0,151,0,244,543,3,0,0,3,0,270,540,1,298,119,16,46,2,20,1,4,209,76,14.9
Jeremiah McCullough,77853,S,KANSAS,7,5,0,70.0,0,0,198,0,0,75.4,72.0,84.9,,62.1,45.9,0,0,0,1,18,25.0,8,4,0,86.3,7,0,0,41,0,153,307,1,0,0,1,0,210,306,0,154,55,6,19,0,10,0,2,62,28,8.9
Isaac Gill,77856,CB,OHIO,2,0,0,0.0,0,0,259,0,0,67.4,71.2,69.7,,60.0,,0,0,0,1,,,0,0,0,0.0,0,0,0,1,0,2,5,0,0,0,0,0,0,5,0,3,4,0,0,0,1,0,0,0,0,
Saeed Holt,77857,S,TOLEDO,12,8,0,92.3,0,1,316,1,0,57.3,63.7,87.6,68.5,70.2,48.9,2,8,0,0,75,17.9,12,1,1,157.2,24,3,0,196,4,287,617,73,0,0,73,0,1,544,41,289,342,27,47,7,26,13,3,350,166,14.6
Caleb Sutherland,77858,S,TOLEDO,3,0,0,,0,0,316,0,0,62.3,59.4,71.0,,57.2,28.7,0,0,0,0,,66.7,2,0,0,0.0,0,0,0,10,0,4,17,0,0,0,0,0,5,17,0,13,2,1,1,1,0,0,0,0,0,
Joshua Earl,77859,S,N ILLINOIS,4,1,0,,0,0,254,0,0,66.6,64.0,74.5,,57.6,78.4,0,0,0,0,,0.0,0,0,0,0.0,0,0,0,11,4,19,45,0,0,0,0,0,14,45,0,26,16,1,2,0,0,0,0,0,0,
Malcolm Lee,77861,S,BALL ST,1,0,0,,0,0,117,0,0,60.0,60.0,63.7,,,,0,0,0,0,,,0,0,0,0.0,0,0,0,0,0,1,1,0,0,0,0,0,1,1,0,0,0,0,0,0,0,0,0,0,0,
Cory Gross Jr.,77862,S,BUFFALO,12,7,0,50.0,0,0,126,0,0,53.5,57.6,84.5,,64.9,73.0,0,0,0,0,33,10.5,4,1,1,99.2,8,0,0,98,1,123,270,0,0,0,0,0,78,270,0,147,93,9,27,0,16,0,1,133,68,16.6
Jamison Collier,77863,S,OHIO,2,0,0,,0,0,259,0,0,61.2,64.1,70.3,,62.0,75.1,0,0,0,0,,0.0,0,0,0,0.0,0,0,0,2,0,2,5,0,0,0,0,0,1,5,0,3,2,0,1,0,0,0,0,0,0,
Alex Wolff,77864,S,OHIO,2,0,0,,0,0,259,0,0,60.8,63.7,68.2,,61.5,75.1,0,0,0,0,,0.0,0,0,0,0.0,0,0,0,3,0,2,5,0,0,0,0,0,1,5,0,3,1,0,1,0,0,0,0,0,0,
Jalen Hooks,77865,CB,AKRON,11,3,0,69.2,0,0,102,0,0,58.9,62.7,84.1,64.8,70.8,69.0,1,1,0,0,40,11.9,5,1,3,101.8,27,0,0,69,482,199,559,7,0,0,7,0,0,552,6,354,1,14,34,0,39,2,2,233,45,8.6
Camren McDonald,77871,TE,FLORIDA ST,2,0,0,,0,0,167,0,0,,60.1,60.0,,60.0,,0,0,0,0,,,0,0,1,0.0,0,0,0,0,0,0,2,0,0,0,0,0,0,2,0,2,0,0,0,0,0,0,0,0,0,
Joey Luchetti,77877,ED,BOSTON COL,7,2,0,100.0,0,0,121,0,0,62.7,64.9,82.5,59.8,63.7,66.9,0,1,0,0,8,11.1,1,0,0,79.2,2,1,0,0,0,0,198,198,0,7,142,49,0,0,97,101,0,6,6,3,2,2,0,2,2,1.0
Christopher DeLoach,77898,ED,UCF,12,5,0,,1,0,323,0,0,60.8,62.4,46.6,61.9,62.5,32.2,1,3,0,0,,25.0,3,0,1,0.0,0,0,0,0,0,4,208,208,0,10,170,28,0,0,95,109,0,3,4,2,0,4,0,0,0,
Brayden Willis,77917,TE,OKLAHOMA,1,0,0,,0,0,261,0,0,60.0,62.8,60.0,,,,0,0,0,0,,,0,0,0,0.0,0,0,0,0,0,1,1,0,0,0,0,0,0,1,0,0,0,0,0,0,0,0,0,0,0,
Bralen Taylor,77919,ED,BAYLOR,4,1,0,,0,0,118,0,0,,55.6,77.5,57.1,55.1,71.1,1,0,0,0,,0.0,0,0,0,0.0,0,0,0,0,0,0,52,52,0,10,33,9,0,0,30,22,0,0,0,0,0,1,0,0,0,
Jordan Young,77956,WR,FLORIDA ST,1,0,0,,0,0,167,0,0,,60.0,60.0,,60.0,,0,0,0,0,,,0,0,0,0.0,0,0,0,0,0,0,1,0,0,0,0,0,0,1,0,1,0,0,0,0,0,0,0,0,0,
A.T. Perry,77975,WR,WAKE,1,0,0,,0,0,339,0,0,,60.0,60.0,,60.0,,0,0,0,0,,,0,0,0,0.0,0,0,0,0,0,0,1,0,0,0,0,0,0,1,0,1,0,0,0,0,0,0,0,0,0,
Ugo Obasi,78005,WR,VIRGINIA,1,0,0,,0,0,335,0,0,,60.0,60.0,,60.0,,0,0,0,0,,,0,0,0,0.0,0,0,0,0,0,0,1,0,0,0,0,0,0,1,0,1,0,0,0,0,0,0,0,0,0,
Darryle Simmons,78009,WR,VA TECH,1,0,0,,0,0,337,0,0,,60.0,60.0,,60.0,,0,0,0,0,,,0,0,0,0.0,0,0,0,0,0,0,1,0,0,0,0,0,0,1,0,1,0,0,0,0,0,0,0,0,0,
Mark Pope,78014,WR,MIAMI FL,1,0,0,,0,0,220,0,0,,60.0,60.0,,60.0,,0,0,0,0,,,0,0,0,0.0,0,0,0,0,0,0,1,0,0,0,0,0,0,1,0,1,0,0,0,0,0,0,0,0,0,
Derion Kendrick,78022,CB,CLEMSON,15,2,0,54.4,0,0,140,0,0,66.6,66.2,49.3,54.1,65.1,86.0,0,0,1,2,43,6.7,3,3,6,73.6,31,0,0,30,626,382,688,9,0,0,9,0,0,679,5,301,22,9,40,3,57,0,3,318,107,10.3
Zion Roland,78078,CB,USF,3,1,0,,0,0,327,0,0,65.7,70.8,77.7,,72.7,79.2,0,0,0,0,,0.0,0,0,0,0.0,0,0,0,0,5,6,15,0,0,0,0,0,0,15,0,9,9,0,2,0,0,0,0,0,0,
Jaquayln Crawford,78082,CB,OKLAHOMA,1,0,0,,0,0,261,0,0,63.5,64.3,71.5,,60.0,,0,0,0,0,,,0,0,0,0.0,0,0,0,0,10,5,10,0,0,0,0,0,0,10,0,5,0,0,0,0,0,0,0,0,0,
Drake Stoops,78087,WR,OKLAHOMA,1,0,0,,0,0,261,0,0,62.9,64.6,60.0,,,70.1,0,0,0,0,,0.0,0,0,0,0.0,0,0,0,0,0,1,1,0,0,0,0,0,0,1,0,0,0,0,1,0,0,0,0,0,0,
Kalon Barnes,78089,CB,BAYLOR,14,4,0,52.2,0,1,118,0,0,75.6,76.3,83.8,63.7,73.0,67.8,1,1,0,1,83,11.5,3,4,3,93.8,12,0,0,29,358,210,396,7,0,0,7,0,0,389,7,179,1,4,19,0,23,2,2,206,83,17.2
Will Baxter,78090,CB,BAYLOR,1,0,0,100.0,0,0,118,0,0,51.2,53.0,70.5,,60.7,74.3,0,0,0,0,18,0.0,0,0,0,118.8,1,0,0,0,0,3,5,0,0,0,0,0,1,5,0,2,4,0,1,0,1,0,0,18,5,18.0
Tyquan Thornton,78092,WR,BAYLOR,1,0,0,,1,0,118,0,0,,60.0,60.0,60.0,,,0,0,0,0,,,0,0,2,0.0,0,0,0,0,0,0,1,0,0,0,0,0,0,1,1,0,0,0,0,0,0,0,0,0,0,
John Stephens Jr.,78108,WR,TCU,1,0,0,,0,0,305,0,0,,60.0,60.0,,60.0,,0,0,0,0,,,0,0,1,0.0,0,0,0,0,0,0,1,0,0,0,0,0,0,1,0,1,0,0,0,0,0,0,0,0,0,
Tayvonn Kyle,78131,CB,IOWA STATE,8,3,0,68.8,0,0,193,0,0,64.0,62.3,83.4,70.4,48.1,61.9,0,0,0,0,32,15.2,5,2,1,93.9,22,1,0,15,345,192,364,4,0,0,4,0,0,360,3,169,0,11,25,4,32,1,1,185,66,8.4
Tory Spears,78134,CB,IOWA STATE,1,0,0,,0,0,193,0,0,65.6,57.7,71.3,,48.2,27.6,0,0,0,0,,50.0,1,0,0,0.0,0,0,0,6,0,6,13,0,0,0,0,0,0,13,0,7,7,0,1,0,0,0,0,0,0,
Phillip Brooks,78138,WR,KANSAS ST,1,0,0,,0,0,199,0,0,62.8,64.5,60.0,,60.0,70.3,0,0,0,0,,0.0,0,0,1,0.0,0,0,0,0,0,1,2,0,0,0,0,0,0,2,0,1,0,0,1,0,0,0,0,0,0,
Caden Leggett,78151,WR,TEXAS TECH,1,0,0,,0,0,315,0,0,,60.1,60.0,,60.0,,0,0,0,0,,,0,0,0,0.0,0,0,0,0,0,0,1,0,0,0,0,0,0,1,0,1,0,0,0,0,0,0,0,0,0,
Jerome Buckner,78200,WR,OHIO,1,0,0,,0,0,259,0,0,,60.0,60.0,,60.0,,0,0,0,0,,,0,0,0,0.0,0,0,0,0,0,0,1,0,0,0,0,0,0,1,0,1,0,0,0,0,0,0,0,0,0,
Gavin Blunt,78209,WR,AKRON,2,0,0,,0,0,102,1,0,,61.8,60.0,,60.0,,0,0,0,0,,,0,0,0,0.0,0,0,0,0,0,0,3,0,0,0,0,0,0,3,0,3,0,0,0,0,0,0,0,0,0,
Boogie Knight,78211,WR,AKRON,2,0,0,,0,0,102,0,0,,59.8,60.0,,60.0,,0,0,0,0,,,0,0,0,0.0,0,0,0,0,0,0,3,0,0,0,0,0,0,3,0,3,0,0,0,0,0,0,0,0,0,
Zyon McGee,78422,S,GA SOUTHRN,7,2,0,100.0,0,0,174,0,0,62.6,61.6,80.9,57.4,61.0,63.5,0,2,0,0,9,20.0,1,0,0,88.9,3,0,0,9,0,25,59,14,0,0,14,0,0,45,12,22,36,0,2,0,3,2,0,16,23,5.3
Gregory Grate Jr,78672,CB,MIDDLE TN,12,6,0,73.5,0,1,224,0,0,55.4,57.9,84.2,50.7,68.2,36.4,2,0,0,0,30,24.1,13,1,1,126.3,36,0,0,40,425,254,507,2,0,0,2,0,0,505,6,247,37,12,35,2,49,2,4,421,101,11.7
Decorian Patterson,78673,CB,MIDDLE TN,12,6,2,70.7,0,0,224,0,0,66.0,64.6,88.1,55.1,61.4,64.0,1,1,0,0,96,16.3,7,3,0,125.3,29,0,0,41,9,213,397,45,0,0,45,0,17,352,30,154,284,17,30,2,41,2,3,392,263,13.5
Brandon Floyd,78675,S,LA TECH,3,0,0,50.0,0,0,208,0,0,45.5,53.0,72.0,58.3,69.7,75.1,0,0,0,0,20,0.0,0,0,0,85.4,1,0,0,14,0,14,31,1,0,0,1,0,0,30,2,15,16,1,1,0,2,0,0,20,6,20.0
Kendricks Gladney Jr.,78700,S,MIDDLE TN,4,2,0,0.0,0,0,224,0,0,65.7,69.5,85.8,60.0,75.2,68.8,0,0,0,0,,11.1,1,0,0,39.6,0,0,0,21,0,36,89,3,0,0,3,0,48,86,1,52,16,1,6,1,1,0,0,0,0,
Praise Okorie,78783,WR,LA TECH,1,0,0,,0,0,208,0,0,,60.0,60.0,,60.0,,0,0,0,0,,,0,0,0,0.0,0,0,0,0,0,0,1,0,0,0,0,0,0,1,0,1,0,0,0,0,0,0,0,0,0,
Joshua Matthews,78823,WR,LA TECH,1,0,0,,0,0,208,0,0,,60.0,60.0,,60.0,,0,0,0,0,,,0,0,0,0.0,0,0,0,0,0,0,1,0,0,0,0,0,0,1,0,1,0,0,0,0,0,0,0,0,0,
NaJee Thompson,78869,WR,GA SOUTHRN,1,0,0,,0,0,174,0,0,,60.0,66.0,60.0,,,0,0,0,0,,,0,0,1,0.0,0,0,0,0,0,0,1,1,0,0,1,0,0,0,1,0,0,0,0,0,0,0,0,0,0,
Smoke Harris,78918,WR,LA TECH,1,0,0,,0,0,208,0,0,,60.0,60.0,,60.0,,0,0,0,0,,,0,0,0,0.0,0,0,0,0,0,0,1,0,0,0,0,0,0,1,0,1,0,0,0,0,0,0,0,0,0,
Tahj Magee,78919,WR,LA TECH,1,0,0,,0,0,208,0,0,,60.0,60.0,,60.0,,0,0,0,0,,,0,0,0,0.0,0,0,0,0,0,0,1,0,0,0,0,0,0,1,0,1,0,0,0,0,0,0,0,0,0,
Wayne Toussant,78962,WR,LA TECH,1,0,0,,0,0,208,0,0,,60.0,73.9,,60.0,,0,0,0,0,,,0,0,0,0.0,0,0,0,0,0,0,1,0,0,0,0,0,0,1,0,1,0,0,0,0,0,0,0,0,0,
Brodrick Calhoun,78987,CB,LA TECH,3,0,0,100.0,0,0,208,0,0,72.5,75.2,73.4,,72.7,79.6,0,0,0,0,4,0.0,0,0,0,83.3,2,0,0,0,26,14,27,0,0,0,0,0,0,27,0,13,0,3,4,0,2,0,0,8,2,4.0
Brandon Cross,79001,CB,GA SOUTHRN,2,0,0,,0,0,174,0,0,,60.6,68.1,,60.0,,0,0,0,0,,,0,0,0,0.0,0,0,0,1,5,0,6,0,0,0,0,0,0,6,0,6,0,0,0,0,0,0,0,0,0,
Justin Birdsong,79002,CB,GA SOUTHRN,8,1,0,100.0,0,0,174,0,0,65.3,66.0,76.9,,65.1,66.1,0,0,0,0,5,16.7,1,0,0,79.2,2,0,0,4,65,34,70,0,0,0,0,0,0,70,0,36,0,1,4,1,2,0,0,4,0,2.0
Teldrick Ross,79003,CB,MIDDLE TN,2,0,0,75.0,1,0,224,0,0,53.9,49.7,0.0,,60.1,46.5,0,0,0,0,38,33.3,1,0,1,116.7,3,0,0,1,30,11,33,0,0,0,0,0,0,33,0,22,2,0,2,0,4,0,0,75,27,25.0
Deonta Bembry,79011,CB,GA SOUTHRN,5,0,0,,0,0,174,0,0,64.0,65.2,73.0,,62.4,,0,0,0,0,,,0,0,0,0.0,0,0,0,1,19,6,20,0,0,0,0,0,0,20,0,14,0,0,0,0,0,0,0,0,0,
Jaden Moreland,79029,LB,GA SOUTHRN,2,0,0,,0,0,174,0,0,60.0,61.6,64.4,,60.0,,0,0,0,0,,,0,0,0,0.0,0,0,0,1,1,1,2,0,0,0,0,0,0,2,0,1,0,0,0,0,0,0,0,0,0,
Steven Shaw,79205,ED,LA TECH,6,1,0,,0,0,208,0,0,,68.8,77.8,59.3,72.9,73.6,0,2,0,0,,33.3,1,0,0,0.0,0,0,0,0,0,0,73,73,0,10,28,35,0,0,40,33,0,1,1,0,0,2,0,0,0,
Parker Devine,79211,DI,GA SOUTHRN,10,4,0,,0,0,174,0,0,64.8,67.6,80.2,61.6,66.9,76.6,0,2,0,0,,0.0,0,0,0,0.0,0,0,0,0,0,3,75,75,60,15,0,0,0,0,41,31,0,4,4,0,0,2,0,0,0,
Elijah Campbell Jr.,79216,ED,GA SOUTHRN,12,3,0,,0,0,174,0,0,57.2,51.0,77.9,50.9,56.1,38.2,0,0,0,0,,30.0,3,0,0,0.0,0,0,0,0,0,2,105,105,0,12,9,84,0,0,51,52,0,1,4,0,0,0,0,0,0,
Jorden Starling,79217,ED,MIDDLE TN,12,3,0,,0,0,224,0,0,62.7,60.2,32.0,47.4,73.0,55.5,0,3,0,0,,15.4,4,0,2,0.0,0,0,0,1,0,1,313,312,0,36,230,46,0,1,165,147,0,13,19,2,0,3,0,0,0,
Dillon Springer,79218,ED,GA SOUTHRN,13,5,0,,0,0,174,0,0,63.5,63.4,82.5,61.8,60.4,60.3,2,7,0,0,,15.0,3,0,0,0.0,0,4,0,0,0,5,347,347,0,62,37,248,0,0,205,137,0,13,12,0,0,13,0,0,0,
Quin Williams,79223,ED,GA SOUTHRN,13,3,0,100.0,0,0,174,0,0,68.1,62.9,86.9,65.9,51.3,56.4,0,5,0,0,7,16.7,2,0,0,91.7,2,3,0,14,1,40,215,171,0,11,159,1,0,44,79,96,29,5,7,0,2,8,0,12,1,6.0
Jordan Branch,79367,DI,MIDDLE TN,12,2,0,,0,0,224,1,0,55.3,49.0,82.3,55.3,46.8,34.6,0,1,0,0,,20.0,2,0,0,0.0,0,1,0,0,0,2,217,217,74,134,2,7,0,0,99,116,0,5,6,0,0,2,0,0,0,
D.J. Jackson,79375,DI,LA TECH,13,1,1,,0,0,208,0,0,,67.2,83.2,60.3,69.1,76.6,0,3,0,0,,0.0,0,0,0,0.0,0,0,0,1,0,0,200,199,111,88,0,0,0,1,112,88,0,4,6,0,0,3,0,0,0,
Isaiah Windmon,79494,LB,LA TECH,1,0,0,,0,0,208,0,0,,60.0,60.0,,60.0,,0,0,0,0,,,0,0,0,0.0,0,0,0,0,0,0,1,0,0,0,0,0,0,1,0,1,0,0,0,0,0,0,0,0,0,
Jarek Campbell,79505,ED,MIDDLE TN,5,0,0,,0,0,224,0,0,59.2,62.4,76.5,61.3,63.5,77.1,0,0,0,0,,0.0,0,0,0,0.0,0,1,0,9,0,9,25,16,0,1,15,0,0,9,8,8,0,3,2,1,0,1,0,0,0,
Connor Taylor,79520,LB,LA TECH,13,12,0,69.2,0,2,208,1,0,83.8,74.5,50.5,63.5,65.4,64.6,3,7,0,1,24,15.2,12,2,1,49.5,9,4,0,515,3,270,574,18,0,0,18,0,3,556,43,261,34,37,55,4,13,14,0,68,54,7.6
Avery Jones,79553,ED,MIDDLE TN,8,1,0,,0,0,224,0,0,60.7,59.4,83.0,51.1,65.6,61.5,3,3,0,0,,14.3,1,0,0,0.0,0,0,0,0,0,0,200,200,0,34,132,34,0,0,109,91,0,4,5,1,0,6,0,0,0,
C.J. Wright,79640,DI,GA SOUTHRN,10,6,0,,0,0,174,0,0,55.3,84.5,85.9,64.7,90.6,74.1,2,3,0,0,,3.0,1,0,0,0.0,0,0,0,1,0,1,280,277,224,49,0,4,0,3,135,144,0,20,26,5,0,5,0,0,0,
Matthew McQuinn,81159,CB,APP STATE,1,0,0,,0,0,108,0,0,60.0,60.4,63.8,,,,0,0,0,0,,,0,0,0,0.0,0,0,0,0,0,1,1,0,0,0,0,0,0,1,0,0,1,0,0,0,0,0,0,0,0,
Zareon Hayes,81161,ED,APP STATE,2,0,0,,0,0,108,0,0,60.0,56.1,72.5,56.3,65.4,23.9,0,0,0,0,,100.0,1,0,0,0.0,0,0,0,0,0,0,12,12,0,1,6,5,0,0,5,7,0,0,0,0,0,0,0,0,0,
Nick Hampton,81162,ED,APP STATE,14,3,0,66.7,0,2,108,0,0,64.1,77.3,26.9,78.3,72.2,79.3,6,19,0,0,14,13.3,2,0,2,71.5,2,6,0,8,0,14,287,278,0,4,271,3,0,9,219,54,1,11,10,1,3,31,0,10,4,5.0
Jordan Mitchell,81163,LB,APP STATE,3,1,0,,0,0,108,0,0,76.0,82.3,72.2,,71.0,73.1,0,0,0,0,,0.0,0,1,0,0.0,0,0,0,17,0,10,18,0,0,0,0,0,0,18,0,8,1,0,0,0,0,0,0,0,0,
Logan Doublin,81165,LB,APP STATE,6,2,0,100.0,0,0,108,0,0,63.4,78.0,74.1,56.3,85.6,83.1,0,0,0,0,15,0.0,0,0,0,95.8,2,0,0,41,0,18,45,0,0,0,0,0,0,45,3,24,4,4,6,1,2,0,0,14,16,7.0
Trey Cobb,81166,LB,APP STATE,14,7,0,75.0,0,1,108,1,1,41.7,56.0,46.8,62.0,69.4,64.5,3,2,0,0,34,17.5,11,0,1,110.4,15,1,0,474,1,251,524,7,0,0,7,0,2,517,53,220,40,29,45,4,20,6,0,220,136,14.7
Tyler Bird,81168,LB,APP STATE,9,1,0,100.0,0,0,108,0,0,69.8,70.2,73.1,66.4,62.0,47.2,0,2,0,0,12,22.2,2,1,0,106.3,2,0,0,37,0,27,43,1,0,0,1,0,0,42,2,14,5,4,6,0,2,2,0,19,5,9.5
Issaiah Johnson,81169,ED,ARIZONA,1,0,0,,0,0,109,0,0,,59.5,72.6,57.3,60.9,,0,0,0,0,,,0,0,0,0.0,0,0,0,0,0,0,9,9,0,0,9,0,0,0,5,4,0,0,0,0,0,0,0,0,0,
Merlin Robertson,81171,LB,ARIZONA ST,13,19,0,77.8,0,3,110,2,0,55.3,58.4,41.1,57.1,63.2,68.5,6,8,0,1,26,11.1,8,2,3,114.2,21,3,0,455,0,254,881,382,0,0,381,1,5,499,253,374,38,25,45,4,27,17,2,248,178,11.8
Khaylan Kearse-Thomas,81172,LB,ARIZONA ST,13,13,0,72.2,0,1,110,0,0,55.1,61.3,42.4,66.0,63.9,38.4,1,8,0,2,29,24.4,22,1,4,73.4,26,5,0,386,1,251,680,211,0,0,209,2,5,469,156,273,76,40,55,8,36,14,0,296,235,11.4
Darien Butler,81174,LB,ARIZONA ST,13,23,1,80.8,0,2,110,1,0,53.3,63.9,42.6,67.4,68.5,67.0,4,15,0,0,25,13.7,13,0,2,126.1,21,1,0,548,0,266,770,152,0,0,152,0,0,618,154,350,69,33,59,4,26,20,2,211,139,10.0
Andrew Parker,81176,LB,ARKANSAS,6,1,0,100.0,0,0,111,0,0,50.6,39.8,75.4,,38.6,80.6,0,0,0,0,8,0.0,0,0,0,95.8,2,0,0,71,0,19,73,0,0,0,0,0,0,73,0,54,1,2,5,0,2,0,0,14,15,7.0
Bumper Pool,81177,LB,ARKANSAS,12,16,4,87.0,0,1,111,0,0,63.2,54.6,83.6,77.9,41.1,59.4,0,5,0,0,48,16.5,16,2,1,113.8,20,2,0,502,0,243,624,79,0,0,79,0,0,545,72,309,42,37,65,6,23,7,1,180,116,9.0
Wilson Catoe,81187,LB,ARMY,2,0,0,,0,0,114,0,0,,60.0,60.0,60.0,,,0,0,0,0,,,0,0,0,0.0,0,0,0,0,0,0,2,0,0,0,0,0,0,2,2,0,0,0,0,0,0,0,0,0,0,
Kemonte Yow,81189,LB,ARMY,4,0,0,0.0,0,0,114,0,0,61.6,64.5,71.5,56.9,66.1,76.7,0,0,0,0,,0.0,0,0,0,39.6,0,0,0,32,0,10,33,0,0,0,0,0,0,33,3,20,1,2,2,0,1,0,0,0,0,
Arik Smith,81190,LB,ARMY,13,28,0,94.1,0,1,114,1,0,54.8,59.4,88.2,66.2,58.4,52.6,6,11,0,0,37,18.9,20,0,0,118.8,16,3,0,741,0,269,768,9,0,0,9,0,1,759,110,389,16,39,58,2,17,20,0,241,102,15.1
Zakoby McClain,81192,LB,AUBURN,13,10,0,75.0,0,1,115,0,0,70.6,80.4,82.0,63.4,84.8,83.3,1,4,1,1,21,7.1,4,0,0,91.0,9,0,0,253,7,135,326,33,0,0,33,0,0,293,18,173,33,28,42,6,12,5,1,96,54,10.7
Michael Harris,81193,LB,AUBURN,4,0,0,100.0,0,0,115,1,0,63.5,55.9,0.0,57.9,60.8,20.1,0,0,0,0,1,100.0,1,0,1,79.2,1,0,0,27,0,15,28,0,0,0,0,0,0,28,2,11,1,0,0,0,1,0,0,1,2,1.0
Tanner Dean,81194,LB,AUBURN,4,2,0,50.0,0,0,115,0,0,75.3,88.3,71.2,,85.4,79.7,0,0,0,0,-2,0.0,0,0,0,56.3,1,0,0,11,0,5,15,2,0,0,2,0,0,13,0,10,0,2,3,2,2,0,0,-2,2,-2.0
Josh Marsh,81195,LB,AUBURN,2,1,0,100.0,0,0,115,0,0,54.0,63.0,72.3,58.5,75.6,76.0,0,1,0,0,15,0.0,0,0,0,118.8,1,0,0,15,0,10,18,2,0,0,2,0,0,16,2,6,1,0,1,0,1,1,0,15,13,15.0
Brandon Hawkins,81198,LB,BOISE ST,6,3,0,100.0,0,0,120,0,0,56.6,61.4,77.2,69.2,61.6,45.0,0,0,0,0,28,27.3,3,1,0,118.8,3,1,0,82,0,42,90,1,0,0,1,0,0,89,10,38,7,6,5,1,3,1,0,40,23,13.3
William Stewart,81208,LB,COAST CAR,1,0,0,,0,0,141,0,0,60.0,61.0,64.2,,,,0,0,0,0,,,0,0,0,0.0,0,0,0,1,0,1,1,0,0,0,0,0,0,1,0,0,0,0,0,0,0,0,0,0,0,
Cincir Evans,81209,LB,COAST CAR,11,9,0,82.8,0,1,141,0,0,57.1,52.9,56.5,62.7,46.2,44.1,0,1,0,1,35,22.4,11,1,2,112.2,24,0,0,165,0,202,524,135,0,0,135,0,8,389,37,285,216,13,29,1,29,1,2,257,145,10.7
Teddy Gallagher,81210,LB,COAST CAR,11,15,0,85.7,0,1,141,1,0,45.1,47.2,24.6,49.6,51.6,48.8,0,0,0,0,31,17.5,18,1,2,112.5,24,0,0,619,0,293,649,4,0,0,4,0,12,645,18,338,14,43,70,8,28,0,1,228,125,9.5
Jamar Darboe,81213,LB,COAST CAR,5,5,0,100.0,0,0,141,0,0,62.8,61.5,72.4,,59.5,75.4,0,0,0,0,21,5.9,1,0,0,118.8,2,0,0,74,0,35,74,0,0,0,0,0,0,74,0,39,0,3,11,0,2,0,0,27,14,13.5
Andrew Chatfield Jr.,81219,ED,FLORIDA,8,2,0,,0,0,163,0,0,61.8,71.2,79.4,57.1,76.2,76.7,0,0,0,0,,0.0,0,0,0,0.0,0,0,0,5,0,4,71,66,0,12,45,9,0,5,30,37,0,3,3,0,0,0,0,0,0,
Rocky Jacques-Louis,81222,LB,FIU,8,1,0,75.0,0,0,166,0,0,44.6,50.9,78.8,64.6,53.1,73.7,0,1,0,0,18,10.0,1,0,0,92.7,3,0,0,63,0,22,92,21,0,0,20,1,1,71,18,52,7,3,8,1,4,1,0,27,22,9.0
Sherwin King Jr.,81225,LB,FRESNO ST,1,0,0,,0,0,169,0,0,,66.6,66.3,,63.9,73.1,0,0,0,0,,0.0,0,0,0,0.0,0,0,0,2,0,0,2,0,0,0,0,0,0,2,0,2,0,0,1,0,0,0,0,0,0,
Rian Fields,81226,ED,FRESNO ST,1,0,0,,0,0,169,0,0,,60.3,71.3,,60.0,,0,0,0,0,,,0,0,0,0.0,0,0,0,0,0,0,2,1,0,0,1,0,0,1,0,2,1,0,0,0,0,0,0,0,0,
Dorrzel Hicks,81228,LB,FRESNO ST,1,0,0,,0,0,169,0,0,,60.3,60.0,,60.0,,0,0,0,0,,,0,0,0,0.0,0,0,0,0,0,0,1,0,0,0,0,0,0,1,0,1,0,0,0,0,0,0,0,0,0,
Khalan Tolson,81241,LB,ILLINOIS,4,11,1,63.6,0,0,187,1,0,63.5,59.9,83.1,64.4,54.5,55.2,1,0,0,0,29,12.5,5,1,0,111.6,7,2,0,220,4,114,311,22,0,0,22,0,2,289,19,178,63,20,24,0,11,3,1,69,36,9.9
James Miller,81243,LB,INDIANA,13,2,1,100.0,0,2,190,0,0,42.2,60.1,79.5,74.3,69.4,68.1,0,3,0,0,76,13.3,4,0,0,155.8,9,1,0,171,0,69,189,7,0,0,7,0,0,182,15,105,11,15,24,4,9,4,1,167,147,18.6
Cam Jones,81244,LB,INDIANA,12,5,0,68.4,0,1,190,0,0,66.9,62.0,18.1,74.1,51.2,67.2,4,2,1,1,72,12.5,4,2,1,92.9,13,2,0,263,2,170,310,9,0,0,9,0,0,301,28,112,36,15,23,2,19,8,1,174,109,13.4
Aaron Casey,81245,LB,INDIANA,4,0,0,100.0,0,0,190,0,0,55.2,74.4,73.1,84.8,77.5,32.1,0,1,0,0,5,100.0,1,0,0,85.4,2,1,0,25,0,14,28,1,0,0,1,0,0,27,4,10,2,1,0,0,2,2,0,9,10,4.5
Micah McFadden,81246,LB,INDIANA,13,8,0,75.0,0,0,190,0,0,55.5,70.6,23.3,81.9,72.3,35.6,9,20,0,2,45,26.5,22,2,2,100.0,21,2,0,494,0,257,596,53,0,0,53,0,3,543,98,241,46,36,53,8,28,31,2,278,218,13.2
Joe Evans,81247,ED,IOWA,8,0,0,100.0,0,0,192,0,0,50.9,58.5,82.6,66.5,35.7,79.3,3,4,0,0,16,33.3,1,0,0,118.8,1,5,0,4,0,3,89,85,0,10,75,0,0,4,76,10,0,5,2,0,1,12,0,16,16,16.0
Djimon Colbert,81250,LB,IOWA,13,14,0,67.8,0,0,192,0,0,77.9,58.7,88.3,46.9,40.0,59.0,1,6,0,1,23,16.9,14,5,0,73.5,40,0,0,567,0,396,769,28,0,0,28,0,1,741,49,324,173,35,55,3,59,7,1,231,189,5.8
Dillon Doyle,81254,LB,IOWA,7,5,0,100.0,0,0,192,0,0,42.0,42.0,81.1,51.5,47.5,56.1,0,0,0,0,28,14.3,4,0,0,118.8,12,0,0,177,0,95,224,3,0,0,3,0,0,221,13,116,44,7,19,0,12,0,0,150,75,12.5
Seth Benson,81255,LB,IOWA,4,1,0,,0,0,192,0,0,63.7,66.6,73.3,58.1,66.0,61.8,0,0,0,0,,20.0,1,0,0,0.0,0,0,0,13,0,3,17,0,0,0,0,0,0,17,2,12,4,2,3,0,0,0,0,0,0,
Jackson High,81264,LB,KENTUCKY,1,0,0,100.0,0,0,202,0,0,50.3,43.3,65.9,,,73.1,0,0,0,0,21,0.0,0,0,0,118.8,1,0,0,3,0,3,3,0,0,0,0,0,0,3,0,0,0,0,1,0,1,0,0,21,25,21.0
DeAndre Square,81267,LB,KENTUCKY,12,19,0,63.3,0,1,202,0,0,59.3,64.6,86.9,77.6,62.7,76.6,3,3,0,1,74,8.5,7,1,0,87.6,19,2,0,524,4,299,589,10,0,0,10,0,1,579,31,259,50,34,56,2,30,8,1,256,188,13.5
Lorenzo McCaskill,81272,LB,LA LAFAYET,13,21,0,66.7,0,0,207,0,0,52.5,51.7,0.0,57.6,58.7,90.9,2,3,0,0,30,1.6,1,0,4,87.9,10,0,0,317,0,132,356,23,0,0,23,0,0,333,33,191,16,12,40,1,15,5,0,109,60,10.9
Kris Moncrief,81273,ED,LA LAFAYET,14,9,1,100.0,0,0,207,1,0,63.9,60.4,48.1,62.4,58.1,56.9,2,11,0,0,58,15.6,7,1,2,158.3,6,6,0,18,0,67,491,463,0,0,445,18,0,28,180,244,10,22,29,4,6,19,1,88,93,14.7
Jordan Cordova,81274,LB,LA LAFAYET,7,1,0,100.0,0,0,207,0,0,49.1,49.0,0.0,59.2,59.0,51.1,1,0,0,0,7,20.0,1,0,1,93.8,2,0,0,54,0,25,65,6,0,0,6,0,0,59,13,27,5,0,3,0,2,1,0,13,4,6.5
Jourdan Quibodeaux,81275,LB,LA LAFAYET,14,10,0,75.0,0,0,207,0,0,57.6,58.4,83.0,67.4,55.3,66.0,2,2,0,0,18,12.8,5,1,1,92.7,6,1,1,208,0,80,219,10,0,1,9,0,0,209,31,108,1,14,24,0,8,5,0,54,28,9.0
AJ Riley,81279,ED,LA LAFAYET,3,0,0,0.0,0,0,207,0,0,62.2,62.8,77.1,60.1,61.1,,0,1,0,0,,,0,0,0,39.6,0,0,0,1,0,5,23,21,0,0,21,0,0,2,11,7,1,0,0,0,1,1,0,0,0,
KeyShawn Johnson,81280,LB,LA MONROE,8,3,0,66.7,0,1,209,0,0,48.0,54.9,81.8,55.6,59.5,40.5,0,0,0,0,13,23.5,4,0,0,118.1,2,0,0,55,0,7,57,0,0,0,0,0,0,57,4,46,0,3,10,1,3,0,1,15,6,7.5
Micah Baskerville,81281,LB,LSU,10,0,0,50.0,0,0,211,0,0,68.2,73.4,79.1,60.3,74.5,73.7,0,1,0,0,5,9.1,1,1,0,56.3,2,0,0,123,0,59,126,0,0,0,0,0,0,126,7,60,3,8,10,3,4,1,0,6,5,3.0
Damone Clark,81282,LB,LSU,15,10,0,85.7,0,0,211,0,0,60.6,66.0,43.6,67.3,67.9,73.5,7,5,0,0,45,9.8,4,0,1,108.6,12,5,0,193,2,117,326,99,0,0,99,0,0,227,73,136,32,22,27,0,14,17,0,141,134,11.8
Jared Small,81284,LB,LSU,1,0,0,,0,0,211,0,0,,64.2,66.3,,62.2,,0,0,0,0,,,0,0,0,0.0,0,0,0,3,0,0,3,0,0,0,0,0,0,3,0,3,0,0,0,0,0,0,0,0,0,
Jordan Mosley,81290,S,MARYLAND,12,12,0,57.7,0,1,215,0,0,63.2,62.5,46.2,58.6,62.1,78.6,0,0,0,1,29,9.3,5,3,1,84.9,15,0,0,96,2,321,572,18,0,0,18,0,324,554,1,250,131,7,37,0,26,0,2,157,82,10.5
Ahmad McCullough,81291,ED,MARYLAND,1,1,0,,0,0,215,0,0,,61.0,77.0,58.4,62.4,73.0,0,1,0,0,,0.0,0,0,0,0.0,0,0,0,0,0,0,18,16,0,0,16,0,0,2,13,5,2,0,0,0,0,1,0,0,0,
Tanyi Makia,81294,ED,MARYLAND,1,0,0,,0,0,215,0,0,60.0,68.4,71.5,,66.1,72.2,0,0,0,0,,0.0,0,0,0,0.0,0,0,0,0,0,1,5,5,0,0,5,0,0,0,0,4,0,1,1,0,0,0,0,0,0,
Chance Campbell,81295,LB,MARYLAND,10,13,0,71.4,0,1,215,0,0,75.7,76.0,84.2,65.3,72.0,78.2,3,4,0,1,30,6.9,4,3,1,73.5,15,0,0,364,4,184,435,30,0,0,30,0,1,405,32,219,36,26,41,5,21,7,0,160,95,10.7
Oladimeji Olayinka,81296,ED,MARYLAND,9,1,0,0.0,0,0,215,0,0,61.1,58.0,82.5,65.7,46.7,38.5,1,2,0,0,,33.3,1,0,0,39.6,0,1,0,3,0,4,87,81,0,0,81,0,0,6,43,40,3,1,1,0,1,4,0,0,0,
David Brownlee,81297,LB,MARYLAND,1,0,0,,0,0,215,0,0,60.0,62.7,66.1,,60.0,,0,0,0,0,,,0,0,0,0.0,0,0,0,3,0,1,3,0,0,0,0,0,0,3,0,2,0,0,0,0,0,0,0,0,0,
Cameron McGrone,81300,LB,MICHIGAN,12,8,1,60.0,1,1,222,0,0,47.5,69.1,56.0,76.4,75.4,72.5,5,13,0,0,31,12.7,9,0,3,124.0,12,5,0,638,6,281,667,13,0,0,13,0,0,654,77,309,10,38,54,7,20,23,2,185,136,15.4
Chase Kline,81302,ED,MICH STATE,9,1,0,0.0,0,0,223,0,0,78.4,66.9,77.7,59.5,53.9,76.2,1,0,0,0,,0.0,0,1,0,39.6,0,1,0,19,2,14,52,29,0,0,29,0,0,23,22,16,2,1,1,0,2,2,0,0,0,
Thomas Rush,81306,LB,MINNESOTA,7,0,0,0.0,0,0,225,0,0,64.4,64.4,78.9,55.2,64.4,79.7,0,0,0,0,,25.0,1,0,0,39.6,0,0,0,19,1,13,51,12,0,0,12,0,0,39,4,34,19,0,3,0,2,0,0,0,0,
Braelen Oliver,81307,LB,MINNESOTA,13,5,0,76.5,0,0,225,1,0,31.9,42.4,6.6,73.0,56.9,33.8,3,2,0,0,70,30.4,7,1,1,157.1,13,2,0,153,0,127,211,14,0,0,14,0,15,197,25,59,28,10,11,1,17,7,2,315,196,24.2
Mariano Sori-Marin,81309,LB,MINNESOTA,10,14,0,83.3,0,0,225,0,0,53.6,58.9,3.7,61.7,65.9,67.9,1,2,0,0,16,10.9,5,0,2,124.3,10,0,0,284,0,160,366,46,0,0,46,0,3,320,17,189,31,13,27,3,12,3,1,86,44,8.6
Jacquez Jones,81311,LB,OLE MISS,12,21,0,86.2,0,1,226,0,0,61.7,57.6,36.8,62.4,54.2,73.9,1,7,0,0,16,12.7,10,0,1,92.0,25,1,0,428,1,238,501,9,0,0,9,0,0,492,36,227,63,23,48,5,29,9,0,176,149,7.0
Luke Knox,81312,ED,OLE MISS,11,1,0,57.1,0,0,226,1,0,58.2,48.3,83.9,51.9,40.3,28.3,0,0,0,0,18,42.9,3,1,0,67.0,4,0,0,16,0,34,114,71,0,0,71,0,0,43,32,48,27,2,3,2,7,0,0,29,42,7.3
Nathaniel Watson,81317,LB,MISS STATE,3,0,0,0.0,0,0,227,0,0,49.4,54.7,73.9,55.8,65.8,76.1,0,1,0,0,,0.0,0,0,0,39.6,0,0,0,31,0,13,33,1,0,0,1,0,0,32,3,17,1,2,2,1,1,1,0,0,0,
Aaron Brule,81318,LB,MISS STATE,11,2,0,75.0,0,0,227,1,0,51.5,55.4,77.4,69.1,56.6,46.4,1,3,0,0,30,30.0,3,0,0,116.7,3,1,0,70,0,34,77,3,0,0,3,0,0,74,7,36,4,6,5,0,4,5,0,65,44,21.7
Nick Bolton,81322,LB,MISSOURI,12,38,0,58.6,1,0,229,0,0,90.4,91.1,58.3,74.4,89.5,79.0,6,4,1,2,61,11.1,15,8,1,71.0,17,1,0,692,14,352,747,25,0,0,25,0,0,722,42,353,16,54,82,6,29,11,2,180,151,10.6
Cameron Wilkins,81325,LB,MISSOURI,8,6,0,71.4,0,1,229,0,0,52.7,76.6,83.3,68.2,87.4,71.6,1,0,0,1,9,10.5,4,0,0,44.6,5,1,0,145,0,72,208,57,0,0,57,0,0,151,13,123,6,19,28,2,7,2,0,38,18,7.6
Chris Cassidy,81328,LB,NEBRASKA,2,0,0,0.0,0,0,238,0,0,34.8,31.1,72.7,60.0,54.9,73.6,0,0,0,0,,0.0,0,0,0,39.6,0,0,0,14,0,8,15,0,0,0,0,0,0,15,1,6,1,1,1,0,1,0,0,0,0,
James Fotofili,81329,LB,NEVADA,11,1,0,100.0,0,0,239,0,0,62.9,54.7,77.3,47.5,50.2,35.0,1,2,0,0,4,37.5,3,0,0,79.2,3,0,0,79,0,52,103,12,0,0,12,0,0,91,17,34,12,2,4,0,3,3,0,5,12,1.7
Giovanni Miranda,81330,LB,NEVADA,8,2,1,,0,1,239,0,0,71.1,63.4,73.8,70.2,48.1,45.3,1,2,0,0,,33.3,2,0,0,0.0,0,0,0,49,0,22,63,8,0,0,8,0,0,55,12,29,6,1,2,0,0,3,0,0,0,
Dylan Horton,81335,ED,NEW MEXICO,5,5,1,83.3,0,0,241,0,0,49.9,67.0,88.1,73.3,67.7,88.9,4,4,0,0,53,0.0,0,0,0,133.3,10,2,0,106,0,58,253,132,0,0,132,0,0,121,103,92,15,13,18,1,12,10,1,112,62,11.2
Alexander Moana Vainikolo,81337,LB,NEW MEXICO,12,11,0,75.0,0,1,241,0,0,58.9,65.8,44.0,76.4,63.9,70.2,8,14,0,0,32,12.7,9,0,2,101.6,18,4,0,428,2,291,805,156,0,0,156,0,0,649,140,374,219,35,51,8,24,26,1,133,108,7.4
K.D. Davis,81340,LB,N TEXAS,12,26,0,75.0,0,0,251,2,0,57.3,59.9,28.4,56.0,64.6,72.3,0,10,0,0,34,11.5,10,1,2,119.3,12,4,0,690,0,326,718,15,0,0,15,0,0,703,63,329,13,37,51,4,16,14,1,130,111,10.8
Larry Nixon III,81342,LB,N TEXAS,7,7,0,100.0,0,0,251,0,0,87.7,81.7,78.1,53.8,71.5,71.9,0,4,0,0,32,11.8,2,1,0,118.8,2,0,0,124,0,54,129,1,0,0,1,0,0,128,10,65,3,2,8,0,2,4,0,39,35,19.5
Jaylen Rivers,81343,ED,NWESTERN,4,0,0,,0,0,256,0,0,61.8,52.1,76.8,,48.4,20.4,0,0,0,0,,100.0,1,0,0,0.0,0,0,0,4,0,3,22,12,0,0,12,0,0,10,0,19,6,0,0,0,0,0,0,0,0,
Grayson Mann,81344,ED,NWESTERN,2,0,0,,0,0,256,0,0,,60.4,70.9,57.4,60.0,72.2,0,0,0,0,,0.0,0,0,0,0.0,0,0,0,0,0,0,4,4,0,0,4,0,0,0,3,1,0,0,1,0,0,0,0,0,0,
Khalid Jones,81346,ED,NWESTERN,1,0,0,,0,0,256,0,0,53.4,52.7,71.7,,60.5,24.9,0,0,0,0,,100.0,1,0,0,0.0,0,0,0,0,0,2,6,6,0,0,6,0,0,0,0,4,0,0,0,0,0,0,0,0,0,
Ovie Oghoufo,81347,ED,NOTRE DAME,8,3,1,100.0,0,0,258,0,0,50.5,71.8,24.2,65.0,80.0,82.0,0,5,0,0,8,0.0,0,0,1,100.0,1,1,0,1,4,4,118,112,0,4,107,1,0,6,50,64,0,4,6,0,1,6,0,8,4,8.0
Jack Lamb,81348,LB,NOTRE DAME,7,0,0,80.0,0,0,258,1,0,63.2,53.0,83.9,52.0,43.6,54.0,0,0,0,0,8,25.0,2,0,0,80.0,4,0,0,52,0,40,87,34,0,0,34,0,1,53,27,20,0,4,6,1,5,0,0,16,19,4.0
Shayne Simon,81349,LB,NOTRE DAME,8,3,0,0.0,0,0,258,0,0,65.9,76.3,79.1,66.8,77.9,59.4,0,2,0,0,,22.2,2,0,0,39.6,0,0,0,72,0,31,90,6,0,0,6,0,0,84,9,50,10,3,4,1,1,2,0,0,0,
Bo Bauer,81350,LB,NOTRE DAME,6,7,0,100.0,0,0,258,0,0,66.1,70.7,77.5,79.0,65.3,74.7,0,0,0,0,2,5.6,1,0,0,79.2,1,0,0,86,0,22,91,0,0,0,0,0,0,91,2,67,3,5,10,2,1,0,0,2,2,2.0
Teradja Mitchell,81351,LB,OHIO STATE,8,3,0,80.0,0,0,260,0,0,70.2,75.1,74.4,59.9,76.9,64.5,1,0,0,0,12,13.3,2,0,0,85.0,4,0,0,88,0,44,99,4,0,0,4,0,0,95,10,45,6,6,10,2,5,1,0,22,5,5.5
Dallas Gant,81352,LB,OHIO STATE,11,6,0,66.7,0,1,260,0,0,55.1,82.2,80.8,88.9,88.3,87.1,0,1,0,0,17,0.0,0,0,0,97.9,2,2,0,108,1,44,120,2,0,0,2,0,0,118,10,66,7,7,10,1,3,3,0,29,1,14.5
K'Vaughan Pope,81353,LB,OHIO STATE,7,4,2,0.0,0,0,260,0,0,80.3,81.4,76.2,69.4,72.2,71.2,0,0,0,2,,11.1,1,0,0,0.0,0,0,0,69,0,26,77,6,0,0,6,0,0,71,7,44,2,3,4,0,2,0,0,0,0,
Matthew Tago,81356,ED,OREGON ST,8,3,0,100.0,0,0,265,0,0,67.7,53.3,87.0,54.3,44.8,53.7,1,2,0,0,16,20.0,3,0,0,86.7,5,0,0,12,0,42,230,207,0,0,207,0,0,23,77,111,11,5,9,1,5,3,0,24,22,4.8
John McCartan,81357,ED,OREGON ST,12,8,0,57.1,0,0,265,0,0,68.0,60.0,68.1,52.9,60.1,45.1,0,8,0,1,35,26.5,9,1,1,91.4,4,3,0,36,0,99,450,386,0,0,386,0,0,64,162,189,28,17,17,2,7,11,1,70,59,17.5
Micah Parsons,81360,LB,PENN STATE,13,28,0,65.1,0,3,266,1,0,68.5,91.6,55.5,86.8,94.8,90.0,8,13,0,0,40,5.4,6,4,1,89.3,28,5,0,590,6,324,731,59,0,0,59,0,3,672,94,313,72,50,77,9,43,26,0,340,179,12.1
Jesse Luketa,81361,LB,PENN STATE,13,3,0,52.9,0,0,266,0,0,76.0,71.3,80.3,50.6,65.9,82.5,0,1,0,0,19,4.5,1,3,0,59.4,9,0,0,169,1,109,202,11,0,0,11,0,1,191,17,76,20,11,18,0,17,1,0,54,27,6.0
Charlie Katshir,81362,CB,PENN STATE,6,1,0,100.0,0,1,266,0,0,58.9,72.2,76.1,58.3,91.5,61.8,0,1,0,0,3,20.0,1,0,0,79.2,1,0,0,19,0,22,44,0,0,0,0,0,0,44,2,20,25,2,3,0,1,1,0,3,10,3.0
Jaylan Alexander,81363,LB,PURDUE,12,7,0,75.0,0,0,273,1,0,53.0,55.3,87.3,51.5,59.1,52.3,0,4,0,0,18,20.0,10,1,0,87.5,12,0,0,243,1,135,388,87,0,0,87,0,1,301,41,212,56,25,33,5,16,4,0,88,63,7.3
Deion Jennings,81371,ED,RUTGERS,12,3,1,80.0,0,0,278,0,0,61.8,63.5,85.5,66.2,61.3,72.9,0,4,0,1,29,10.0,3,1,0,58.3,8,0,0,84,0,56,280,145,0,0,145,0,0,135,41,183,50,10,24,3,10,4,0,75,53,9.4
Chike Nwankwo,81372,LB,RUTGERS,1,0,0,,0,0,278,0,0,62.7,65.5,69.9,60.0,64.3,78.9,0,1,0,0,,0.0,0,0,0,0.0,0,0,0,14,0,6,14,0,0,0,0,0,0,14,1,7,0,1,4,0,0,1,0,0,0,
Viliami Fehoko Jr.,81376,ED,S JOSE ST,12,15,3,,0,0,285,0,0,65.1,61.4,69.8,68.4,54.8,55.7,6,14,0,0,,16.4,9,0,1,0.0,0,0,0,4,0,2,494,490,1,63,167,259,0,4,217,275,0,19,31,1,0,20,0,0,0,
Kyle Harmon,81377,LB,S JOSE ST,12,24,0,72.7,0,3,285,2,0,59.2,51.4,85.8,67.8,46.4,52.9,4,8,0,0,31,18.0,18,0,0,124.8,8,2,0,592,0,194,609,1,0,0,1,0,0,608,44,371,15,34,58,5,11,14,1,84,37,10.5
Isa'ako Togia,81380,LB,S JOSE ST,3,0,0,100.0,0,0,285,1,0,44.1,48.5,74.0,59.4,61.1,21.0,0,0,0,0,6,100.0,2,0,0,91.7,1,0,0,32,0,14,32,0,0,0,0,0,0,32,1,17,0,0,0,0,1,0,0,6,0,6.0
Christian Webb,81381,ED,S JOSE ST,8,4,1,,0,0,285,0,0,64.4,67.1,80.5,61.1,66.6,82.1,0,0,0,0,,0.0,0,0,0,0.0,0,0,0,29,1,14,94,57,0,0,57,0,0,37,10,70,7,2,3,1,0,0,0,0,0,
Roy Yancey,81391,LB,S ALABAMA,11,11,1,90.0,0,1,288,0,0,50.4,60.6,79.4,64.3,66.9,74.3,0,5,0,0,52,8.9,4,0,0,156.3,9,0,0,303,0,136,310,0,0,0,0,0,3,310,11,163,4,19,30,3,10,5,2,120,83,13.3
Kade Koler,81392,LB,S ALABAMA,2,0,0,,0,0,288,0,0,60.0,62.4,67.3,,60.2,,0,0,0,0,,,0,0,0,0.0,0,0,0,3,0,1,3,0,0,0,0,0,0,3,0,2,0,0,0,0,0,0,0,0,0,
Destin Myers,81393,TE,S ALABAMA,1,0,0,,0,0,288,0,0,,60.0,60.0,,60.0,,0,0,0,0,,,0,0,0,0.0,0,0,0,0,0,0,1,0,0,0,0,0,0,1,0,1,0,0,0,0,0,0,0,0,0,
Rosendo Louis Jr.,81397,LB,S CAROLINA,3,0,0,50.0,0,0,289,0,0,57.4,61.3,71.6,53.8,70.1,42.9,0,0,0,0,18,25.0,1,0,0,81.3,1,0,0,31,0,19,34,2,0,0,2,0,0,32,3,12,1,3,3,1,2,0,0,18,15,18.0
Ernest Jones,81399,LB,S CAROLINA,12,25,0,68.4,0,0,289,0,0,63.4,64.7,58.7,56.6,66.9,70.2,2,6,0,2,81,10.0,11,3,1,96.9,26,0,0,663,1,342,755,45,0,0,45,0,2,710,53,360,44,40,74,5,38,8,2,385,284,14.8
Hayes Maples,81400,LB,SO MISS,10,4,0,66.7,0,0,296,0,0,59.5,61.3,0.0,61.8,64.6,49.2,1,7,0,0,64,11.5,3,0,1,149.3,4,1,0,154,0,62,173,5,0,0,5,0,0,168,35,76,14,13,19,1,6,9,1,90,70,22.5
Ty'Ree Evans,81401,LB,SO MISS,5,0,0,100.0,0,0,296,0,0,55.9,62.2,76.9,66.7,61.1,76.7,0,2,0,0,5,0.0,0,0,0,85.4,2,1,0,31,0,16,47,10,0,0,10,0,0,37,16,15,6,1,1,0,2,3,0,9,21,4.5
J.J. Peterson,81406,LB,TENNESSEE,6,2,0,100.0,0,0,307,0,0,60.2,64.8,73.5,64.0,66.8,84.0,1,2,0,0,21,0.0,0,0,0,118.8,2,0,0,63,0,33,72,1,0,0,1,0,0,71,2,37,7,5,8,0,2,3,0,25,25,12.5
Nyles Gaddy,81410,ED,TENNESSEE,1,1,0,,0,0,307,0,0,,62.6,70.0,59.4,61.6,71.5,0,0,0,0,,0.0,0,0,0,0.0,0,0,0,0,0,0,4,4,0,0,4,0,0,0,2,2,0,0,0,0,0,0,0,0,0,
Brian Johnson,81411,S,TEXAS A&M,1,0,0,,0,0,312,0,0,,61.9,67.1,,60.0,74.8,0,0,0,0,,0.0,0,0,0,0.0,0,0,0,1,0,0,4,0,0,0,0,0,2,4,0,4,1,0,1,0,0,0,0,0,0,
KJ Robertson,81421,LB,TROY,12,13,0,80.6,0,0,318,0,0,74.9,70.3,55.8,76.2,60.3,73.0,4,8,0,0,40,10.3,6,2,1,108.1,25,3,0,382,3,246,533,97,0,0,97,0,1,436,60,227,49,17,39,1,31,15,1,228,139,9.1
Antonio Showers,81422,ED,TROY,11,4,0,50.0,0,0,318,1,0,56.7,68.9,59.0,64.6,72.5,46.2,2,11,0,0,5,21.4,3,0,1,56.3,1,2,0,20,1,14,320,297,0,8,246,43,0,23,170,136,2,5,7,1,2,15,0,5,11,5.0
Deshaun Oliver Jr.,81424,LB,UAB,3,0,0,33.3,0,0,321,0,0,63.2,54.1,73.7,,43.7,38.0,0,0,0,0,13,33.3,1,0,0,47.9,1,0,0,13,0,11,19,2,0,0,2,0,0,17,0,8,4,0,2,0,3,0,0,13,2,13.0
Nikia Eason Jr.,81426,ED,UAB,9,1,0,,0,0,321,0,0,55.1,73.6,82.0,66.4,80.3,55.3,1,4,0,0,,30.0,3,0,0,0.0,0,0,0,0,0,2,72,72,0,0,72,0,0,0,54,16,0,4,6,0,0,5,0,0,0,
Rubin Stinson III,81429,ED,UAB,2,0,0,,0,0,321,0,0,,61.2,71.6,60.0,60.8,,0,0,0,0,,,0,0,0,0.0,0,0,0,0,0,0,5,5,0,0,5,0,0,0,1,4,0,0,0,0,0,0,0,0,0,
Bo Calvert,81431,LB,UCLA,1,1,0,100.0,0,0,324,0,0,69.2,50.3,74.0,53.9,36.5,61.1,0,1,0,0,10,12.5,1,0,0,90.3,3,0,0,68,0,22,68,0,0,0,0,0,0,68,12,34,0,4,6,1,3,1,0,17,20,5.7
Je'Vari Anderson,81432,LB,UCLA,3,1,0,100.0,0,0,324,0,0,65.1,50.2,73.8,66.0,30.7,80.3,0,1,0,0,21,0.0,0,0,0,118.8,3,0,0,30,0,16,34,1,0,0,1,0,0,33,4,14,3,2,4,1,3,1,0,39,30,13.0
Elijah Wade,81433,DI,UCLA,4,7,0,,0,0,324,0,0,60.5,76.3,80.3,62.2,80.6,80.7,0,2,0,0,,0.0,0,0,0,0.0,0,1,0,1,0,1,130,129,2,68,18,41,0,1,66,63,0,5,7,0,0,3,0,0,0,
Malakai Salu,81434,LB,UNLV,8,3,0,75.0,0,0,325,0,0,45.6,49.3,78.0,54.1,57.0,47.3,0,0,0,0,20,23.1,3,0,0,139.6,3,0,0,91,0,39,101,1,0,0,1,0,0,100,5,57,9,3,7,0,4,0,1,34,11,11.3
Malcolm Johnson,81435,ED,UNLV,1,0,0,,0,0,325,0,0,,54.8,73.1,,55.5,19.3,0,0,0,0,,100.0,1,0,0,0.0,0,0,0,0,0,0,8,8,0,0,8,0,0,0,0,8,0,0,0,0,0,0,0,0,0,
Sione Lund,81438,LB,UTAH,8,1,0,80.0,0,0,328,0,0,51.8,62.0,77.4,62.7,74.4,81.9,0,1,0,0,20,0.0,0,0,0,114.2,4,0,0,86,0,46,90,2,0,0,2,0,0,88,6,38,2,3,5,2,5,1,0,57,40,14.3
Andrew Mata'Afa,81439,LB,UTAH,5,2,1,100.0,0,0,328,0,0,75.9,79.3,76.9,66.5,69.1,79.9,0,0,0,0,17,0.0,0,0,0,118.8,2,0,0,35,0,25,42,3,0,0,3,0,0,39,5,12,4,2,3,0,2,0,0,25,1,12.5
Elijah Shelton,81442,LB,UTAH ST,6,4,0,75.0,0,1,329,0,0,37.0,46.3,80.4,57.4,56.5,47.9,1,3,0,0,15,20.0,5,0,2,128.6,6,0,0,182,0,86,212,25,0,0,25,0,0,187,23,103,5,5,16,0,8,4,1,47,34,7.8
Eric Munoz,81446,LB,UTAH ST,5,5,0,36.4,0,0,329,0,0,81.8,62.4,80.5,56.3,46.4,59.0,5,1,0,2,17,16.3,7,0,0,6.4,4,0,0,240,0,97,267,9,0,0,9,0,0,258,22,148,18,17,31,2,11,6,0,36,36,9.0
Elijah Ruiz,81447,LB,UTEP,1,1,0,100.0,0,0,330,0,0,42.4,46.7,77.3,61.5,60.2,28.7,0,2,0,0,17,50.0,2,0,0,95.8,4,0,0,5,0,12,26,10,0,0,10,0,0,16,7,7,11,1,1,0,4,2,0,28,19,7.0
Trumane Bell II,81452,DI,UTSA,3,0,0,,0,0,331,0,0,60.0,80.1,69.8,79.0,73.4,74.5,1,1,0,0,,0.0,0,0,0,0.0,0,1,0,0,0,1,10,9,0,8,0,1,0,1,2,7,0,2,1,0,0,3,0,0,0,
Alston Orji,81453,ED,VANDERBILT,2,0,0,,0,0,333,0,0,60.1,70.5,70.8,,64.1,72.2,0,0,0,0,,0.0,0,0,0,0.0,0,0,0,2,0,2,4,2,0,0,2,0,0,2,0,2,0,1,1,0,0,0,0,0,0,
Elijah McAllister,81455,ED,VANDERBILT,12,6,2,,0,1,333,2,1,74.4,65.6,86.0,60.3,64.1,73.4,3,4,0,0,,8.0,2,0,0,0.0,0,3,0,17,0,2,229,212,0,11,184,17,0,17,122,105,0,13,17,2,0,10,0,0,0,
Jackson Sirmon,81458,LB,WASHINGTON,11,5,0,100.0,0,0,340,1,0,71.7,71.8,81.1,79.3,62.9,51.7,2,2,0,0,31,20.0,7,0,0,131.3,10,0,0,190,0,110,218,16,0,0,16,0,0,202,16,92,12,11,23,2,10,4,1,75,38,7.5
Edefuan Ulofoshio,81459,LB,WASHINGTON,7,10,0,100.0,0,1,340,0,0,76.1,81.9,78.9,82.1,78.9,85.0,4,2,0,0,11,5.1,2,0,0,114.6,12,2,0,184,0,131,217,0,0,0,0,0,1,217,15,71,32,13,27,1,12,8,1,58,44,4.8
MJ Tafisi Jr.,81460,LB,WASHINGTON,6,2,0,100.0,0,0,340,0,0,47.4,56.3,75.4,66.5,67.1,36.2,0,2,0,0,28,28.6,4,0,0,118.8,5,0,0,83,0,49,89,1,0,0,1,0,0,88,11,29,5,3,8,0,5,2,0,63,41,12.6
Zion Tupuola-Fetui,81461,ED,WASHINGTON,12,2,0,66.7,0,0,340,0,0,38.9,52.0,34.2,57.1,60.6,59.6,1,3,0,0,24,11.1,1,0,1,107.6,2,0,0,2,1,15,151,146,0,2,124,20,0,5,67,69,2,2,6,0,3,4,0,36,21,18.0
Trey Urquhart,81465,ED,W KENTUCKY,1,0,0,,0,0,346,0,0,60.0,61.8,68.5,,60.0,,0,0,0,0,,,0,0,0,0.0,0,0,0,0,0,1,2,2,0,0,2,0,0,0,0,1,0,0,0,0,0,0,0,0,0,
Mario Wright II,81466,ED,W KENTUCKY,2,1,0,,0,0,346,0,0,60.0,67.6,80.1,56.9,75.9,76.6,0,5,0,0,,25.0,1,0,0,0.0,0,0,0,2,0,1,50,48,0,1,46,1,0,2,31,18,0,1,2,0,0,5,0,0,0,
DJ Schramm,81524,LB,BOISE ST,4,0,0,,0,0,120,0,0,64.5,64.2,75.1,57.8,62.2,33.0,0,1,0,0,,33.3,1,0,0,0.0,0,0,0,37,0,15,40,2,0,0,2,0,0,38,3,22,1,1,2,0,0,1,0,0,0,
Scale Igiehon,81525,DI,BOISE ST,14,10,0,,0,0,120,1,0,67.9,82.3,84.8,71.6,81.7,84.6,5,11,0,0,,0.0,0,0,0,0.0,0,0,0,0,0,0,391,391,137,253,0,1,0,0,193,198,0,21,27,3,0,16,0,0,0,
Keeghan Freeborn,81526,DI,BOISE ST,3,1,0,,0,0,120,0,0,,56.7,76.4,54.5,59.6,72.2,0,0,0,0,,0.0,0,0,0,0.0,0,0,0,0,0,0,42,42,13,29,0,0,0,0,27,15,0,1,1,0,0,0,0,0,0,
Jalen Sami,81527,DI,COLORADO,11,8,0,,0,0,143,1,0,60.0,57.6,65.4,62.9,53.7,68.5,1,8,0,0,,9.5,2,0,1,0.0,0,2,0,0,0,0,416,416,250,156,1,9,0,0,208,208,0,7,11,1,0,11,0,0,0,
Akeem Smith,81529,DI,GA STATE,4,2,0,,0,0,175,0,0,,66.8,0.0,61.6,72.1,72.5,0,0,0,0,,0.0,0,0,1,0.0,0,0,0,0,0,0,38,38,37,1,0,0,0,0,13,25,0,1,1,0,0,0,0,0,0,
Bryson Williams,81530,DI,WISCONSIN,6,0,0,,1,0,349,0,0,61.7,53.7,0.0,60.9,53.5,72.4,0,0,0,0,,0.0,0,0,1,0.0,0,0,0,0,0,0,43,43,25,18,0,0,0,0,15,28,0,2,2,0,0,0,0,0,0,
Gabe Brinson,81591,DI,AUBURN,1,0,0,,0,0,115,0,0,,63.2,67.4,60.0,61.6,69.7,0,0,0,0,,0.0,0,0,0,0.0,0,0,0,0,0,0,3,3,0,3,0,0,0,0,1,2,0,1,1,0,0,0,0,0,0,
Tommy Schubert,81616,DI,COAST CAR,1,0,0,,0,0,141,0,0,,58.8,67.0,58.7,,,0,0,0,0,,,0,0,0,0.0,0,0,0,0,0,0,2,2,1,1,0,0,0,0,2,0,0,0,0,0,0,0,0,0,0,
Kameron Burns,81645,DI,FIU,6,1,0,,0,0,166,0,0,,49.5,0.0,59.0,53.2,72.0,0,0,0,0,,0.0,0,0,1,0.0,0,0,0,0,0,0,48,48,24,23,0,1,0,0,12,36,0,1,2,0,0,0,0,0,0,
Willy Boatman,81770,DI,NWESTERN,1,0,0,,0,0,256,0,0,,67.4,70.5,58.9,66.3,,0,0,0,0,,,0,0,0,0.0,0,0,0,0,0,0,8,8,0,8,0,0,0,0,3,5,0,0,0,0,0,0,0,0,0,
Wyatt Blake,81771,DI,NWESTERN,8,0,0,,0,0,256,0,0,,47.7,75.7,56.0,46.7,,0,0,0,0,,,0,0,0,0.0,0,0,0,0,0,0,45,45,0,45,0,0,0,0,16,29,0,0,0,0,0,0,0,0,0,
Grant Donaldson,81946,ED,AIR FORCE,12,5,0,100.0,0,1,101,1,0,51.4,65.4,88.6,60.9,72.3,73.9,2,5,0,0,38,8.7,2,0,1,149.6,10,1,0,25,2,62,332,283,0,0,283,0,1,49,92,178,20,13,16,1,10,8,2,104,53,10.4
Stanley Lambert,81948,LB,ARIZONA ST,1,0,0,,0,0,110,0,0,,32.0,64.1,,49.1,20.1,0,0,0,0,,100.0,1,0,0,0.0,0,0,0,1,0,0,1,0,0,0,0,0,0,1,0,1,0,0,0,0,0,0,0,0,0,
Joseph Ogunbanjo,81950,ED,CAL,5,1,0,,0,0,130,1,0,72.2,74.5,80.4,69.0,64.2,76.6,1,4,0,0,,0.0,0,0,0,0.0,0,0,0,0,0,2,48,48,0,0,48,0,0,0,34,12,0,1,2,0,0,5,0,0,0,
JH Tevis,81953,DI,CAL,4,2,0,,0,0,130,0,0,,69.3,76.3,62.6,68.6,58.2,0,0,0,0,,14.3,1,0,0,0.0,0,0,0,0,0,0,48,48,0,15,4,29,0,0,10,38,0,3,4,0,0,0,0,0,0,
Nick Alftin,81954,ED,CAL,1,0,0,0.0,0,0,130,0,0,62.8,54.9,82.6,62.5,42.6,26.9,0,3,0,0,,100.0,2,0,0,39.6,0,1,0,3,0,8,74,69,0,0,68,1,0,5,41,25,2,1,0,0,1,4,0,0,0,
Alex Tchangam,81955,ED,COLORADO,12,8,0,66.7,0,1,143,0,0,46.5,63.8,57.5,67.8,68.7,87.9,3,16,0,0,26,0.0,0,0,1,83.6,6,4,0,65,1,46,329,248,0,0,248,0,0,81,165,118,15,11,16,0,9,23,0,56,17,9.3
Nu'umotu Falo Jr.,81956,ED,COLORADO,10,0,0,66.7,0,0,143,3,0,47.9,57.3,86.2,53.1,65.9,34.5,0,2,0,0,22,33.3,3,0,0,96.5,2,0,0,24,0,41,223,185,0,0,185,0,0,38,68,114,14,2,6,0,3,2,0,28,5,14.0
Azeez Ojulari,81959,ED,GEORGIA,14,9,0,100.0,0,1,173,0,0,75.7,78.0,70.8,71.4,76.9,70.0,7,25,0,0,12,18.8,6,0,2,88.9,3,6,0,8,0,31,488,467,0,1,447,19,0,21,289,168,12,18,17,1,3,38,0,16,13,5.3
Adam Anderson,81960,ED,GEORGIA,14,1,0,100.0,0,0,173,0,0,55.5,62.6,4.4,66.8,68.4,54.0,6,11,0,0,13,28.6,2,0,2,111.1,3,1,0,46,0,33,112,60,0,2,57,1,0,52,72,7,6,4,4,0,3,18,0,32,16,10.7
Jontrey Hunter,81961,LB,GA STATE,1,0,0,,0,0,175,0,0,45.5,49.9,69.9,59.5,63.2,73.1,0,0,0,0,,0.0,0,0,0,0.0,0,0,0,10,1,8,15,4,0,0,4,0,0,11,1,6,0,1,1,0,0,0,0,0,0,
T.J. Smith,81963,ED,GA STATE,8,2,0,,0,0,175,0,0,65.6,64.1,84.1,58.9,63.0,64.5,2,0,0,0,,9.1,1,0,0,0.0,0,0,0,3,1,8,116,111,0,0,111,0,0,5,35,73,1,2,8,1,0,2,0,0,0,
Jarell Cherry,81966,DI,LSU,3,0,0,,0,0,211,0,0,,66.8,74.9,67.0,61.5,,0,0,0,0,,,0,0,0,0.0,0,0,0,0,0,0,29,29,0,16,5,8,0,0,18,11,0,0,0,0,0,0,0,0,0,
Joseph Johnson,81968,LB,NEBRASKA,3,0,0,100.0,0,1,238,0,0,62.6,82.6,71.7,59.6,90.8,44.8,1,0,0,0,12,25.0,1,0,0,89.6,2,0,0,14,0,7,18,0,0,0,0,0,0,18,1,10,4,2,3,0,2,1,0,11,9,5.5
Simon Otte,81969,ED,NEBRASKA,2,1,0,100.0,0,0,238,0,0,52.5,52.7,77.3,58.0,58.9,37.3,0,0,0,0,26,50.0,1,0,0,118.8,1,0,0,0,0,5,15,9,0,0,9,0,0,6,4,6,6,0,0,0,1,0,0,26,13,26.0
Caleb Tannor,81970,ED,NEBRASKA,12,4,0,66.7,0,0,238,0,0,60.0,54.5,87.9,57.9,49.6,48.8,1,3,0,0,-1,25.0,4,1,0,70.1,2,3,0,12,0,31,251,216,0,0,216,0,0,35,86,134,21,8,8,1,3,7,0,-3,9,-1.5
Matt Christman,81974,ED,OREGON,2,0,0,,0,0,264,0,0,,67.1,72.2,,63.7,,0,0,0,0,,,0,0,0,0.0,0,0,0,0,0,0,5,5,0,0,5,0,0,0,0,5,0,0,0,0,0,0,0,0,0,
Tobe Umerah,81977,ED,STANFORD,1,0,0,,0,0,300,0,0,,65.9,71.8,71.1,60.0,71.5,0,2,0,0,,,0,0,0,0.0,0,1,0,0,0,0,10,10,0,0,7,3,0,0,9,1,0,1,0,0,0,3,0,0,0,
Tangaloa Kaufusi,81979,ED,STANFORD,6,2,0,,0,0,300,0,0,61.0,57.7,81.5,55.2,59.5,78.7,1,0,0,0,,0.0,0,0,0,0.0,0,0,0,1,0,4,92,91,0,6,70,15,0,1,54,34,0,2,3,1,0,1,0,0,0,
Jake Lynch,81980,LB,STANFORD,1,1,0,,0,0,300,0,0,,47.3,65.6,,50.6,27.2,0,0,0,0,,50.0,1,0,0,0.0,0,0,0,5,0,0,5,0,0,0,0,0,0,5,0,5,0,0,0,0,0,0,0,0,0,
Kana'i Mauga,81982,LB,USC,13,13,1,78.8,0,1,326,0,0,38.0,41.4,3.6,57.8,48.3,45.1,1,2,0,1,53,20.0,13,1,4,109.3,26,2,0,366,0,245,543,132,0,0,130,2,0,411,66,232,45,18,39,5,33,5,2,278,242,10.7
Eli'jah Winston,81983,ED,USC,5,1,0,0.0,0,0,326,0,0,44.9,52.4,80.5,62.3,53.7,59.0,1,2,0,0,,12.5,1,0,0,39.6,0,0,0,18,0,5,69,51,0,0,51,0,0,18,17,47,0,3,6,1,1,3,0,0,0,
Abdul-Malik McClain,81984,ED,USC,5,0,0,100.0,0,0,326,0,0,69.6,70.0,79.9,66.0,60.0,47.0,0,4,0,0,3,100.0,1,1,0,79.2,1,2,0,1,0,4,47,46,0,0,46,0,0,1,42,1,0,2,0,0,1,6,0,3,6,3.0
Jaylan Franklin,81987,ED,WISCONSIN,6,0,0,,0,0,349,0,0,60.0,60.8,0.0,72.7,55.0,32.9,0,2,0,0,,100.0,1,0,1,0.0,0,1,0,0,0,1,31,26,0,0,26,0,0,5,15,15,2,1,0,0,0,3,0,0,0,
Ron Stone Jr.,81989,ED,WASH STATE,13,9,0,92.3,1,0,341,1,0,50.2,61.1,64.4,67.0,61.6,90.0,6,15,0,0,39,0.0,0,0,1,112.8,12,3,0,23,0,76,430,399,0,1,398,0,0,31,152,202,8,14,23,0,13,24,0,144,105,12.0
Hank Pladson,81990,LB,WASH STATE,6,5,0,66.7,0,0,341,0,0,65.0,60.9,77.5,56.7,56.9,44.3,0,0,0,1,17,25.0,3,0,0,56.9,2,0,0,67,0,30,73,3,0,0,3,0,0,70,3,40,3,3,4,2,3,0,0,28,31,14.0
Davion Taylor,81991,LB,COLORADO,12,3,0,78.0,0,0,143,1,0,58.8,62.4,66.8,62.4,67.3,76.1,3,6,0,0,79,16.3,13,3,2,139.3,46,3,0,251,10,374,756,201,0,0,201,0,0,555,63,319,294,29,64,5,59,12,5,628,378,13.7
Tyriq Goodman,82105,CB,COAST CAR,3,1,0,75.0,0,0,141,0,0,51.2,51.6,76.3,53.9,59.7,46.3,0,2,0,0,17,28.6,2,0,0,88.5,3,0,0,10,0,18,36,6,0,0,6,0,0,30,5,13,20,2,4,2,4,2,0,23,1,7.7
Reese Taylor,82132,CB,INDIANA,11,1,0,40.0,0,0,190,0,0,76.6,77.2,81.8,55.0,76.5,69.8,0,1,0,1,37,9.1,1,1,0,65.7,6,0,0,23,252,147,279,3,0,0,3,0,0,276,4,128,1,3,9,1,15,1,1,129,38,21.5
Tyler Friday,82153,ED,OHIO STATE,11,4,0,,0,0,260,1,0,60.0,70.4,83.7,72.2,63.4,69.6,3,5,0,0,,11.1,1,0,0,0.0,0,2,0,0,0,1,218,218,0,1,213,4,0,0,120,97,0,5,4,1,0,10,0,0,0,
Cody Anderson,82158,DI,OREGON ST,9,1,0,,0,0,265,0,0,,40.3,79.5,55.6,33.3,76.6,0,4,0,0,,0.0,0,0,0,0.0,0,0,0,0,0,0,130,130,11,48,12,59,0,0,65,65,0,2,4,1,0,4,0,0,0,
Odafe Oweh,82161,ED,PENN STATE,13,5,0,,0,2,266,0,0,60.5,74.6,61.1,81.8,59.5,77.0,3,23,0,0,,11.8,2,0,1,0.0,0,5,0,1,0,2,332,331,0,16,306,9,0,1,207,123,0,10,10,0,0,31,0,0,0,
Charles Coleman III,82166,ED,S ALABAMA,7,0,0,,0,0,288,0,0,62.6,47.4,76.1,57.0,38.2,77.6,0,0,0,0,,0.0,0,0,0,0.0,0,1,0,0,0,0,50,50,0,9,2,39,0,0,21,29,0,2,5,0,0,1,0,0,0,
Andres Fox,82167,ED,STANFORD,3,0,0,,0,0,300,0,0,,50.6,0.0,54.8,61.4,,0,0,0,0,,,0,0,1,0.0,0,0,0,1,0,0,28,27,0,0,17,10,0,1,15,13,0,0,0,0,0,0,0,0,0,
Thomas Booker IV,82168,DI,STANFORD,12,6,2,,2,1,300,0,0,70.6,71.2,31.6,64.3,75.2,71.4,0,15,0,0,,5.9,3,0,3,0.0,0,6,0,2,0,0,535,533,91,255,20,167,0,2,315,220,0,32,42,4,0,21,0,0,0,
Jarvis Hayes,82173,ED,TROY,9,3,0,83.3,0,1,318,0,0,62.0,58.1,89.3,61.6,51.8,51.8,5,9,0,1,11,17.9,5,0,0,93.1,5,3,0,84,0,30,405,319,0,18,292,9,0,86,185,190,2,15,20,2,6,17,1,38,21,7.6
John Hines Jr.,82174,ED,TROY,12,6,0,,1,1,318,0,0,58.5,64.6,38.2,57.9,72.2,61.3,1,8,0,0,,17.4,4,0,2,0.0,0,2,0,1,1,1,356,350,0,19,249,82,0,6,186,169,4,11,13,0,0,11,0,0,0,
Patrick Richardson,82175,ED,TROY,5,1,0,,0,0,318,0,0,60.0,46.5,77.2,55.0,46.1,73.6,0,0,0,0,,0.0,0,0,0,0.0,0,0,0,6,0,1,22,14,0,0,14,0,0,8,5,16,0,0,0,0,0,0,0,0,0,
Malik Haynes,82179,ED,UTAH,2,0,0,,0,0,328,0,0,,49.5,72.7,56.1,52.4,71.1,0,0,0,0,,0.0,0,0,0,0.0,0,0,0,0,0,0,10,10,0,0,9,1,0,0,6,4,0,1,1,0,0,0,0,0,0,
Mika Tafua,82183,ED,UTAH,14,17,1,42.9,0,0,328,4,1,66.7,68.3,42.6,64.7,70.5,64.0,8,15,0,0,9,15.2,7,1,3,50.3,3,5,0,2,0,24,587,585,0,40,514,31,0,2,335,228,0,19,22,6,7,28,0,7,8,2.3
Hale Motu'apuaka,82184,DI,UTAH ST,12,2,0,0.0,0,0,329,0,0,60.6,63.9,81.5,61.9,62.8,56.3,0,6,0,0,,20.0,3,0,0,39.6,0,0,0,0,0,2,217,217,24,177,4,12,0,0,93,122,0,8,10,0,1,6,0,0,0,
Praise Amaewhule,82185,ED,UTEP,12,5,3,50.0,0,0,330,1,1,62.1,65.8,87.4,63.6,63.6,56.0,3,11,0,0,-1,15.4,4,0,0,56.3,1,3,0,0,0,2,473,472,0,52,332,88,0,1,240,231,0,15,17,1,2,17,0,-1,8,-1.0
Isaiah Mullens,82190,DI,WISCONSIN,4,0,0,,0,0,349,0,0,,62.0,72.1,55.3,64.9,71.3,0,0,0,0,,0.0,0,0,0,0.0,0,0,0,1,0,0,13,12,1,10,0,1,0,1,11,2,0,1,1,0,0,0,0,0,0,
Boyd Dietzen,82191,DI,WISCONSIN,3,0,0,,0,0,349,0,0,60.0,46.6,71.3,55.6,,21.8,0,0,0,0,,100.0,1,0,0,0.0,0,0,0,0,0,0,9,9,0,8,1,0,0,0,9,0,0,0,0,0,0,0,0,0,0,
Jacob vonEschenbach,82192,ED,AUBURN,1,0,0,,0,0,115,0,0,,48.7,69.3,60.0,54.1,24.9,0,0,0,0,,100.0,1,0,0,0.0,0,0,0,0,0,0,3,3,0,0,3,0,0,0,1,2,0,0,0,0,0,0,0,0,0,
Kolby Barker,82193,DI,AIR FORCE,5,1,0,,0,0,101,0,0,,55.3,75.7,55.2,56.6,75.3,0,0,0,0,,0.0,0,0,0,0.0,0,0,0,0,0,0,41,41,5,23,2,11,0,0,21,20,0,0,3,0,0,0,0,0,0,
Michael Purcell,82194,ED,AIR FORCE,11,1,0,100.0,0,0,101,0,0,61.5,63.2,81.2,59.4,64.0,50.7,1,2,0,0,5,25.0,2,0,0,87.5,1,1,0,0,0,3,150,150,0,0,88,62,0,0,81,66,0,1,5,0,1,4,0,5,0,5.0
Jared Bair,82195,DI,AIR FORCE,5,0,0,,0,0,101,0,0,,67.5,74.8,64.8,65.5,,0,1,0,0,,,0,0,0,0.0,0,0,0,0,0,0,36,36,0,26,1,9,0,0,18,18,0,0,0,0,0,1,0,0,0,
Joey Woodring,82196,DI,AIR FORCE,3,1,0,,0,0,101,0,0,,67.2,74.6,58.2,67.9,73.4,0,0,0,0,,0.0,0,0,0,0.0,0,0,0,0,0,0,23,23,7,16,0,0,0,0,8,15,0,1,2,1,0,0,0,0,0,
Kaleb Nunez,82197,DI,AIR FORCE,4,3,0,,0,0,101,0,0,,64.5,79.3,59.6,66.0,78.4,1,2,0,0,,0.0,0,0,0,0.0,0,2,0,1,0,0,138,137,0,86,2,49,0,1,73,65,0,5,5,0,0,5,0,0,0,
Christian Barmore,82198,DI,ALABAMA,11,4,1,100.0,0,0,103,0,0,66.9,87.8,1.5,88.1,83.0,62.7,6,17,0,0,-10,9.1,2,0,3,79.2,1,3,0,1,0,0,269,268,44,163,6,55,0,1,168,101,0,17,16,4,1,26,0,-10,6,-10.0
Stephon Wynn Jr.,82200,DI,ALABAMA,9,2,0,,0,0,103,0,0,,67.3,78.1,61.6,67.7,74.8,0,1,0,0,,0.0,0,0,0,0.0,0,0,0,0,0,0,68,68,19,49,0,0,0,0,35,33,0,2,2,0,0,1,0,0,0,
Tevita Musika,82201,DI,ALABAMA,10,6,0,,0,0,103,0,0,60.0,76.4,80.8,55.5,82.3,68.1,0,1,0,0,,7.1,1,0,0,0.0,0,1,0,0,0,0,118,118,51,65,0,2,0,0,47,71,0,4,7,0,0,2,0,0,0,
Hansky Paillant,82205,DI,APP STATE,7,0,0,,0,1,108,0,0,,72.6,73.1,54.9,80.1,70.8,0,1,0,0,,0.0,0,0,0,0.0,0,0,0,0,0,0,22,22,0,9,1,12,0,0,13,9,0,1,1,0,0,1,0,0,0,
Chris Washington,82206,DI,APP STATE,6,0,0,,0,0,108,0,0,,65.3,77.9,62.0,64.3,,1,2,0,0,,,0,0,0,0.0,0,0,0,0,0,0,33,33,29,4,0,0,0,0,16,17,0,0,0,0,0,3,0,0,0,
Dorian Pickett,82208,ED,APP STATE,2,0,0,,0,0,108,0,0,,67.8,68.2,67.3,60.0,,0,0,0,0,,,0,0,0,0.0,0,0,0,0,0,0,4,4,0,0,0,4,0,0,3,1,0,0,0,0,0,0,0,0,0,
George Blackstock,82209,DI,APP STATE,14,7,0,,0,1,108,0,0,72.4,69.6,52.3,69.0,66.4,54.7,5,14,0,0,,12.5,4,0,2,0.0,0,5,0,0,1,1,480,479,323,112,21,23,0,1,299,180,0,17,21,0,0,24,0,0,0,
Jordon Earle,82210,DI,APP STATE,5,1,0,,0,0,108,0,0,,59.1,0.0,57.0,71.5,72.4,0,0,0,0,,0.0,0,0,1,0.0,0,0,0,0,0,0,19,19,17,2,0,0,0,0,12,7,0,1,1,0,0,0,0,0,0,
Mykee Irving,82211,DI,ARIZONA,6,1,0,,1,0,109,0,0,64.2,53.2,26.3,53.1,55.1,75.6,0,0,0,0,,0.0,0,0,1,0.0,0,0,0,0,0,0,122,122,47,61,5,9,0,0,57,65,0,3,5,0,0,0,0,0,0,
Jermayne Lole,82212,DI,ARIZONA ST,13,19,1,,0,0,110,0,0,60.5,75.3,59.0,67.8,79.2,72.7,9,18,0,0,,8.1,5,0,2,0.0,0,6,0,1,0,23,737,735,10,282,250,193,0,2,402,312,0,38,38,2,0,33,0,0,0,
Dorian Gerald,82216,ED,ARKANSAS,3,1,0,,0,0,111,0,0,,59.5,79.4,61.5,57.0,22.5,2,3,0,0,,57.1,4,0,0,0.0,0,0,0,0,1,0,67,66,0,1,61,4,0,1,30,37,0,2,2,0,0,5,0,0,0,
Isaiah Nichols,82218,DI,ARKANSAS,12,2,0,,0,0,111,0,0,56.9,55.9,83.9,56.8,57.1,59.5,1,2,0,0,,13.3,2,0,0,0.0,0,1,0,0,0,0,297,296,48,219,0,29,0,1,131,166,0,7,11,0,0,4,0,0,0,
Tukua Ahoia,82219,DI,ARK STATE,9,1,0,,1,0,113,1,0,60.5,61.7,20.6,58.5,66.7,38.8,0,3,0,0,,22.2,2,0,2,0.0,0,1,0,0,0,0,228,228,128,100,0,0,0,0,121,107,0,7,6,3,0,4,0,0,0,
Terry Hampton,82220,DI,ARK STATE,7,1,0,,0,0,113,0,0,60.1,46.5,81.2,53.3,41.7,78.1,0,2,0,0,,0.0,0,0,0,0.0,0,1,0,0,0,1,188,188,14,103,15,56,0,0,117,70,0,4,7,0,0,3,0,0,0,
Forrest Merrill,82222,DI,ARK STATE,5,4,1,,0,0,113,0,0,61.7,79.6,50.5,64.9,85.5,74.2,0,2,0,0,,5.0,1,0,1,0.0,0,3,0,1,0,0,260,259,37,220,0,2,0,1,141,119,0,15,15,1,0,5,0,0,0,
Nolan Cockrill,82232,DI,ARMY,8,4,0,,0,0,114,1,0,61.1,65.9,76.8,57.1,66.6,77.4,1,1,0,0,,0.0,0,0,0,0.0,0,0,0,0,0,0,76,76,0,32,0,44,0,0,28,48,0,3,3,1,0,2,0,0,0,
Ryan Duran III,82233,ED,ARMY,4,0,0,,0,0,114,0,0,,65.2,75.5,56.9,71.1,74.3,1,0,0,0,,0.0,0,0,0,0.0,0,0,0,0,0,0,28,28,0,0,20,8,0,0,19,9,0,2,2,0,0,1,0,0,0,
Kwabena Bonsu,82237,DI,ARMY,12,5,0,,0,0,114,2,0,63.3,57.6,63.7,59.2,55.5,70.7,5,7,0,0,,13.0,3,0,1,0.0,0,4,0,1,0,1,463,461,6,185,28,242,0,2,246,216,0,16,15,2,0,16,0,0,0,
Coynis Miller Jr.,82238,DI,AUBURN,10,1,1,,0,0,115,0,0,,62.6,80.6,61.2,61.6,41.1,0,1,0,0,,16.7,1,0,0,0.0,0,0,0,0,0,0,145,145,25,117,1,2,0,0,67,78,0,3,4,1,0,1,0,0,0,
Daquan Newkirk,82239,DI,AUBURN,12,2,0,,0,1,115,0,0,,65.2,81.1,65.8,61.5,76.1,0,5,0,0,,0.0,0,0,0,0.0,0,1,0,2,0,0,196,194,4,149,11,30,0,2,115,81,0,4,3,1,0,6,0,0,0,
Caleb Johnson,82240,ED,AUBURN,4,0,0,,0,0,115,0,0,60.0,67.0,0.0,62.6,74.1,77.7,0,2,0,0,,0.0,0,0,1,0.0,0,1,0,1,0,1,36,35,0,0,33,2,0,1,17,18,0,4,3,0,0,3,0,0,0,
Mustafa Johnson,82249,DI,COLORADO,9,6,0,,0,1,143,1,1,61.5,72.3,82.9,64.0,74.2,71.6,2,7,0,0,,16.0,4,0,0,0.0,0,4,0,2,0,2,405,403,1,172,23,207,0,2,212,191,0,14,15,0,0,13,0,0,0,
Israel Antwine,82251,ED,OKLA STATE,10,4,0,,0,0,262,1,0,60.0,71.9,83.9,53.9,83.1,67.1,1,11,0,0,,19.0,4,0,0,0.0,0,3,0,1,0,0,455,453,29,112,34,278,0,2,249,206,0,14,13,1,0,15,0,0,0,
Davon Strickland,82259,DI,FIU,4,0,0,,0,0,166,0,0,,62.2,74.1,59.5,62.6,70.8,0,1,0,0,,0.0,0,0,0,0.0,0,0,0,0,0,0,26,26,0,20,0,6,0,0,14,12,0,0,1,0,0,1,0,0,0,
Jason Mercier,82260,ED,FIU,12,2,0,,0,0,166,0,0,61.5,69.8,48.4,61.0,74.5,67.6,0,6,0,0,,7.7,1,0,1,0.0,0,2,0,0,0,0,202,202,0,1,193,8,0,0,113,89,0,11,10,1,0,8,0,0,0,
Teair Tart,82261,DI,FIU,11,4,0,,1,1,166,0,0,63.5,85.2,0.0,84.1,90.7,52.7,4,8,0,0,,14.7,5,0,9,0.0,0,2,0,2,0,1,378,376,16,299,1,60,0,2,173,204,0,24,25,10,0,14,0,0,0,
Isaiah Johnson,82263,ED,FRESNO ST,8,9,1,100.0,0,0,169,1,0,60.4,50.7,86.3,56.6,44.4,65.9,0,7,0,0,47,9.1,2,0,0,158.3,3,2,0,3,0,11,370,366,0,18,284,64,0,4,181,178,1,11,11,1,3,9,1,55,35,18.3
Alex Dumais,82264,DI,FRESNO ST,12,2,0,,0,1,169,0,0,,58.7,37.4,72.3,52.1,60.7,1,2,0,0,,14.3,2,0,2,0.0,0,2,0,0,0,0,179,179,3,114,15,47,0,0,71,108,0,9,10,3,0,5,0,0,0,
Leonard Payne Jr.,82265,DI,FRESNO ST,4,0,0,,0,0,169,0,0,,63.4,76.1,56.7,65.0,,0,0,0,0,,,0,0,0,0.0,0,0,0,0,0,0,34,34,19,15,0,0,0,0,12,22,0,0,0,0,0,0,0,0,0,
Matt Lawson,82266,DI,FRESNO ST,2,1,0,,0,0,169,0,0,,81.5,71.5,74.9,64.5,70.1,0,0,0,0,,0.0,0,0,0,0.0,0,0,0,0,0,0,7,7,5,2,0,0,0,0,5,2,0,0,0,0,0,0,0,0,0,
Devonte Wyatt,82268,DI,GEORGIA,13,9,0,,0,0,173,1,0,61.1,77.2,63.7,73.9,75.4,63.6,2,33,0,0,,10.7,3,0,1,0.0,0,1,0,4,0,0,431,426,68,247,27,84,0,5,290,141,0,14,16,0,0,36,0,0,0,
Mario Dungy,82269,DI,GA STATE,1,0,0,,0,0,175,0,0,,63.5,74.6,53.9,66.7,76.6,0,0,0,0,,0.0,0,0,0,0.0,0,0,0,0,0,0,39,39,0,8,0,31,0,0,14,25,0,3,5,1,0,0,0,0,0,
Ezekiel Holmes,82281,ED,ILLINOIS,1,0,0,,0,0,187,0,0,,59.1,67.5,58.9,,,0,0,0,0,,,0,0,0,0.0,0,0,0,0,0,0,2,2,0,0,2,0,0,0,2,0,0,0,0,0,0,0,0,0,0,
Calvin Avery,82283,DI,ILLINOIS,11,0,0,,0,0,187,0,0,,56.0,10.6,59.9,58.0,75.8,0,0,0,0,,0.0,0,0,1,0.0,0,1,0,0,0,0,88,87,1,86,0,0,0,1,27,61,0,6,5,1,0,1,0,0,0,
James Head Jr.,82285,ED,INDIANA,13,6,3,,0,1,190,0,0,69.2,64.7,70.1,72.2,54.2,84.5,5,15,0,0,,5.0,1,0,1,0.0,0,2,0,1,0,11,505,504,0,12,428,64,0,1,253,241,0,11,13,3,0,22,0,0,0,
Jonathan King,82286,DI,INDIANA,7,0,1,,0,0,190,0,0,,57.1,77.3,66.4,48.4,22.2,0,2,0,0,,100.0,1,0,0,0.0,0,0,0,0,0,0,74,74,0,62,5,7,0,0,43,31,0,0,0,0,0,2,0,0,0,
Gavin McCabe,82289,DI,INDIANA,3,1,0,,0,0,190,0,0,,83.2,72.0,69.2,77.9,71.9,0,1,0,0,,0.0,0,0,0,0.0,0,0,0,0,0,0,14,14,0,14,0,0,0,0,9,5,0,1,1,0,0,1,0,0,0,
Shamar Jones,82290,DI,INDIANA,12,2,0,,0,0,190,0,0,60.0,65.0,50.2,62.9,67.4,52.0,0,10,0,0,,20.0,2,0,1,0.0,0,1,0,5,0,0,265,260,5,203,18,34,0,5,143,122,0,7,6,3,0,11,0,0,0,
John Waggoner,82292,ED,IOWA,10,4,0,,0,0,192,0,0,60.4,60.8,78.9,59.0,60.5,29.8,0,1,0,0,,28.6,2,0,0,0.0,0,1,0,1,0,2,85,84,0,1,62,21,0,1,31,52,0,2,1,0,0,2,0,0,0,
Noah Shannon,82293,DI,IOWA,8,0,0,,0,1,192,1,0,60.0,58.3,78.7,58.2,57.3,72.2,0,2,0,0,,0.0,0,0,0,0.0,0,0,0,0,0,0,62,62,8,52,2,0,0,0,34,28,0,2,3,0,0,2,0,0,0,
Davoan Hawkins,82299,ED,KENTUCKY,9,0,0,,0,1,202,0,0,60.0,73.5,78.6,64.9,73.7,75.8,1,4,0,0,,0.0,0,0,0,0.0,0,1,0,0,0,0,89,89,0,13,30,46,0,0,61,28,0,3,2,1,0,6,0,0,0,
Jerquavion Mahone,82300,DI,KENTUCKY,7,0,0,,0,0,202,0,0,,67.1,77.6,67.8,61.1,72.9,0,2,0,0,,0.0,0,0,0,0.0,0,1,0,0,0,0,68,68,24,17,0,27,0,0,44,24,0,2,1,0,0,3,0,0,0,
Marquan McCall,82301,DI,KENTUCKY,13,2,0,,0,0,202,1,0,60.0,76.5,84.1,73.4,73.3,62.8,2,8,0,0,,10.0,2,0,0,0.0,0,0,0,0,0,0,229,229,167,62,0,0,0,0,110,119,0,13,16,4,0,10,0,0,0,
Brandon Gannon,82310,DI,LA LAFAYET,1,0,0,,0,0,207,0,0,,50.4,66.3,,57.7,,0,0,0,0,,,0,0,0,0.0,0,0,0,0,0,0,2,2,0,2,0,0,0,0,0,2,0,0,0,0,0,0,0,0,0,
Timaje Porter,82313,DI,LA LAFAYET,4,0,0,,0,0,207,0,0,,57.5,75.8,60.0,55.7,,0,1,0,0,,,0,0,0,0.0,0,0,0,0,0,0,32,32,10,22,0,0,0,0,19,13,0,0,0,0,0,1,0,0,0,
Masry Mapieu,82314,DI,LA LAFAYET,8,0,0,,0,0,207,0,0,,55.7,78.8,54.8,56.6,69.7,0,0,0,0,,0.0,0,0,0,0.0,0,0,0,0,0,0,78,78,22,54,0,2,0,0,37,41,0,1,1,0,0,0,0,0,0,
Larance Shaw,82316,DI,LA MONROE,12,4,0,100.0,0,0,209,0,0,57.2,78.6,89.3,75.7,75.5,38.3,7,16,0,0,10,15.0,6,0,0,108.3,1,1,0,0,0,0,483,483,347,135,0,1,0,0,227,256,0,22,30,4,1,24,0,10,11,10.0
Sam Burton,82317,ED,MARSHALL,13,5,0,66.7,0,0,214,1,0,71.6,77.0,50.9,69.2,77.8,70.5,3,7,0,0,10,8.3,2,0,1,72.9,2,1,0,6,0,24,234,218,0,0,214,4,0,16,91,119,9,13,17,1,3,11,0,11,9,5.5
Owen Porter,82318,ED,MARSHALL,9,1,0,,0,0,214,0,0,63.7,55.8,80.5,53.8,54.7,77.0,0,1,0,0,,0.0,0,0,0,0.0,0,0,0,1,0,6,53,50,0,0,49,1,0,3,23,24,2,1,2,1,0,1,0,0,0,
Darius Hodge,82319,ED,MARSHALL,12,9,0,,0,1,214,0,0,71.3,75.2,5.0,71.5,76.4,72.7,6,9,0,0,,7.7,2,0,4,0.0,0,7,0,3,0,5,337,333,0,6,283,44,0,4,192,140,0,17,15,1,0,22,0,0,0,
Koby Cumberlander,82320,ED,MARSHALL,13,7,0,,0,0,214,0,0,61.5,64.2,63.2,64.7,61.3,66.1,2,10,0,0,,8.7,2,0,1,0.0,0,4,0,0,0,1,370,370,0,7,302,61,0,0,211,158,0,13,14,1,0,16,0,0,0,
Tyler Baylor,82322,ED,MARYLAND,9,2,0,,0,0,215,1,0,71.6,66.7,83.7,59.9,65.7,67.7,0,2,0,0,,7.7,1,0,0,0.0,0,0,0,0,0,3,136,135,0,2,126,7,0,1,56,77,0,9,10,1,0,2,0,0,0,
Cherokee Glasgow,82323,ED,MARYLAND,1,0,0,,0,0,215,0,0,,80.7,70.4,67.7,74.0,71.3,0,0,0,0,,0.0,0,0,0,0.0,0,0,0,0,0,0,9,9,0,1,2,6,0,0,3,6,0,1,1,0,0,0,0,0,0,
Jalen Alexander,82324,DI,MARYLAND,1,1,0,,0,0,215,0,0,,72.4,69.5,58.6,70.6,69.7,0,0,0,0,,0.0,0,0,0,0.0,0,0,0,0,0,0,6,6,0,3,0,3,0,0,2,4,0,0,0,0,0,0,0,0,0,
Taylor Upshaw,82327,ED,MICHIGAN,5,0,0,,0,0,222,0,0,,59.4,0.0,59.3,66.8,71.5,1,0,0,0,,0.0,0,0,1,0.0,0,0,0,0,0,0,34,34,0,0,30,4,0,0,12,22,0,1,1,0,0,1,0,0,0,
Ryan Veingrad,82328,ED,FAU,6,0,0,,0,0,165,0,0,,51.3,75.0,60.1,48.1,,0,2,0,0,,,0,0,0,0.0,0,0,0,0,0,0,27,27,0,1,21,5,0,0,13,14,0,0,0,0,0,2,0,0,0,
Aidan Hutchinson,82330,ED,MICHIGAN,13,18,3,,1,2,222,0,0,68.5,82.9,50.7,76.0,83.6,74.5,12,28,0,0,,9.7,7,1,3,0.0,0,6,0,0,0,11,746,746,50,115,454,127,0,0,376,359,0,34,47,7,0,46,0,0,0,
Jamaal Teague,82332,DI,MINNESOTA,13,4,0,,0,0,225,0,0,,58.8,82.8,53.5,61.0,78.5,0,2,0,0,,0.0,0,0,0,0.0,0,0,0,0,0,0,172,172,49,122,0,1,0,0,83,89,0,5,11,1,0,2,0,0,0,
Jack Kern,82334,DI,MINNESOTA,1,0,0,,0,0,225,0,0,,60.0,64.4,59.8,,,0,0,0,0,,,0,0,0,0.0,0,0,0,0,0,0,1,1,0,1,0,0,0,0,1,0,0,0,0,0,0,0,0,0,0,
Mayan Ahanotu,82335,DI,MINNESOTA,4,1,0,,0,0,225,0,0,60.0,46.9,73.7,56.5,44.1,70.2,0,0,0,0,,0.0,0,0,0,0.0,0,0,0,0,0,0,23,23,0,22,0,1,0,0,15,8,0,0,0,0,0,0,0,0,0,
KD Hill,82339,DI,OLE MISS,11,2,0,,0,0,226,0,0,,48.9,80.2,59.4,45.2,72.2,0,0,0,0,,0.0,0,0,0,0.0,0,0,0,0,0,0,71,71,68,3,0,0,0,0,30,41,0,1,1,0,0,0,0,0,0,
Jatorian Hansford,82342,ED,MISSOURI,11,4,0,,0,0,229,1,0,52.6,47.8,41.4,54.6,47.1,53.4,4,6,0,0,,15.0,3,0,2,0.0,0,0,0,0,0,6,381,380,0,25,287,68,0,1,199,176,0,8,13,3,0,10,0,0,0,
Antar Thompson,82344,DI,MISSOURI,4,2,0,,0,0,229,0,0,,57.3,75.3,61.5,55.4,74.6,0,0,0,0,,0.0,0,0,0,0.0,0,0,0,0,0,0,29,29,13,12,0,4,0,0,13,16,0,1,3,0,0,0,0,0,0,
Cannon York,82345,ED,MISSOURI,2,0,0,,0,0,229,0,0,,45.3,70.8,59.5,47.7,19.3,0,0,0,0,,100.0,1,0,0,0.0,0,0,0,0,0,0,6,5,0,0,5,0,0,1,1,5,0,0,0,0,0,0,0,0,0,
Casey Rogers,82347,ED,NEBRASKA,4,0,0,,0,0,238,0,0,,52.7,75.7,62.4,46.7,,0,0,0,0,,,0,0,0,0.0,0,0,0,0,0,0,35,35,0,6,15,14,0,0,19,16,0,0,0,0,0,0,0,0,0,
Erin Austin,82353,ED,NEW MEXICO,12,8,1,,1,2,241,0,0,63.2,78.9,57.2,77.8,74.5,52.8,4,22,0,1,,15.0,6,1,2,0.0,0,3,0,3,0,6,602,599,17,158,250,174,0,3,347,249,0,21,26,0,0,29,0,0,0,
Adebayo Soremekun,82354,ED,NEW MEXICO,9,4,1,,1,0,241,0,0,60.2,59.1,58.0,63.5,54.6,52.2,3,9,0,0,,28.6,4,0,1,0.0,0,1,0,0,0,0,321,321,55,76,96,94,0,0,181,140,0,6,6,0,0,13,0,0,0,
Dayton LeBlanc,82356,DI,N TEXAS,12,10,0,,0,0,251,0,0,63.4,74.3,84.5,59.7,80.0,75.2,0,8,0,0,,3.2,1,0,0,0.0,0,2,0,1,0,0,380,378,109,124,20,125,0,2,197,183,0,11,20,1,0,10,0,0,0,
Tuulau Sa'afi,82358,DI,N TEXAS,7,2,0,,0,0,251,0,0,,55.0,79.9,51.2,58.7,76.1,0,0,0,0,,0.0,0,0,0,0.0,0,0,0,0,0,0,159,159,10,56,13,80,0,0,84,75,0,1,2,0,0,0,0,0,0,
Caleb Colvin,82359,DI,N TEXAS,11,5,0,,0,0,251,0,0,60.0,60.0,81.6,54.8,62.9,53.3,0,4,0,0,,33.3,4,0,0,0.0,0,0,0,0,0,0,261,261,13,90,17,141,0,0,144,117,0,2,3,0,0,4,0,0,0,
Devin O'Rourke,82362,ED,NWESTERN,1,0,0,,0,0,256,0,0,,54.9,71.5,57.7,57.7,23.8,0,0,0,0,,100.0,1,0,0,0.0,0,0,0,0,0,0,6,6,0,0,6,0,0,0,4,2,0,0,0,0,0,0,0,0,0,
Eku Leota,82363,ED,NWESTERN,10,4,0,,1,1,256,0,0,63.7,70.2,52.8,72.6,63.2,36.8,5,7,0,0,,29.4,5,0,1,0.0,0,4,0,0,0,1,242,242,0,8,220,14,0,0,132,109,0,11,8,2,0,16,0,0,0,
Justin Ademilola,82364,ED,NOTRE DAME,8,2,0,,0,0,258,0,0,,66.8,80.0,56.2,69.9,61.6,0,0,0,0,,9.1,1,0,0,0.0,0,0,0,0,0,0,92,91,0,4,66,21,0,1,33,59,0,2,8,1,0,0,0,0,0,
Jayson Ademilola,82365,DI,NOTRE DAME,11,6,0,100.0,0,0,258,0,0,59.3,75.8,81.8,72.1,74.0,81.7,2,6,0,0,-5,0.0,0,0,0,79.2,1,1,0,0,0,1,228,227,5,212,0,10,0,1,113,114,0,13,15,5,1,9,0,-5,4,-5.0
Ja'Mion Franklin,82366,DI,NOTRE DAME,9,2,0,,0,0,258,0,0,60.0,58.3,80.5,55.2,58.9,56.3,0,0,0,0,,14.3,1,0,0,0.0,0,0,0,0,0,0,114,114,30,83,0,1,0,0,48,66,0,1,4,0,0,0,0,0,0,
Andrew Faoliu,82367,DI,OREGON,6,0,0,,0,0,264,0,0,,71.5,76.4,67.3,69.3,76.1,0,2,0,0,,0.0,0,0,0,0.0,0,3,0,0,0,0,53,53,4,25,3,21,0,0,41,12,0,3,2,0,0,5,0,0,0,
Sione Kava,82369,DI,OREGON,11,5,0,,0,0,264,0,0,,56.7,81.0,59.7,53.0,77.6,0,4,0,0,,0.0,0,0,0,0.0,0,1,0,1,0,0,95,94,40,8,30,16,0,1,63,32,0,1,2,0,0,5,0,0,0,
Jeff Marks,82371,DI,PURDUE,2,0,0,,0,0,273,0,0,,58.5,73.2,56.4,60.2,69.7,0,0,0,0,,0.0,0,0,0,0.0,0,0,0,0,0,0,18,18,2,15,0,1,0,0,9,9,0,0,1,0,0,0,0,0,0,
Branson Deen,82372,ED,PURDUE,9,1,1,50.0,0,0,273,0,0,51.9,52.3,83.9,59.9,48.6,27.3,0,4,0,0,7,33.3,4,0,0,58.3,1,0,0,2,0,6,202,195,23,46,109,17,0,7,90,106,5,3,7,0,2,4,0,7,10,7.0
Lawrence Johnson,82374,DI,PURDUE,12,9,0,,0,0,273,0,0,,60.0,39.9,58.4,62.3,44.4,2,0,0,0,,17.6,6,0,3,0.0,0,0,0,0,0,0,384,384,110,270,3,1,0,0,179,205,0,13,19,1,0,2,0,0,0,
Jack Sullivan,82375,DI,PURDUE,11,3,5,,0,0,273,0,0,,55.5,81.0,61.8,51.1,43.0,0,3,0,0,,23.1,3,0,0,0.0,0,0,0,0,0,0,201,201,6,139,10,46,0,0,93,108,0,5,7,0,0,3,0,0,0,
Robin Jutwreten,82379,ED,RUTGERS,12,4,0,,0,0,278,0,0,60.0,57.7,81.1,56.5,57.6,41.6,0,1,0,0,,15.8,3,0,0,0.0,0,0,0,0,0,1,185,184,0,23,63,98,0,1,77,107,0,8,12,2,0,1,0,0,0,
Jamree Kromah,82380,ED,RUTGERS,9,0,0,,0,0,278,0,0,,52.6,77.8,63.6,43.9,59.6,0,3,0,0,,16.7,1,0,0,0.0,0,1,0,0,0,0,83,83,0,6,24,53,0,0,47,36,0,3,5,1,0,4,0,0,0,
Fred Recio,82381,DI,RUTGERS,2,1,0,,0,0,278,0,0,,64.3,71.1,59.0,64.1,69.7,0,0,0,0,,0.0,0,0,0,0.0,0,0,0,0,0,0,10,10,0,10,0,0,0,0,3,7,0,0,0,0,0,0,0,0,0,
Matt Thomas,82382,DI,RUTGERS,3,0,0,,0,0,278,0,0,,60.1,73.1,55.9,63.1,,0,0,0,0,,,0,0,0,0.0,0,0,0,0,0,0,23,23,0,13,0,10,0,0,13,10,0,0,0,0,0,0,0,0,0,
Jalil Lecky,82384,ED,S DIEGO ST,7,0,0,,0,0,284,0,0,60.1,66.2,77.8,64.4,62.7,74.4,2,0,0,0,,0.0,0,0,0,0.0,0,1,0,0,0,1,50,50,0,16,26,8,0,0,34,15,0,3,2,0,0,3,0,0,0,
Keshawn Banks,82385,ED,S DIEGO ST,13,8,0,100.0,1,0,284,0,0,53.6,66.1,61.5,70.5,67.4,37.2,8,28,0,0,4,26.8,11,1,2,83.3,1,5,0,0,0,22,686,686,0,261,332,93,0,0,419,245,0,22,22,9,1,41,0,4,10,4.0
Daniel Okpoko,82386,ED,S DIEGO ST,1,0,0,,0,0,284,0,0,,57.9,67.8,57.5,60.0,,0,0,0,0,,,0,0,0,0.0,0,0,0,0,0,0,3,3,0,0,2,1,0,0,2,1,0,0,0,0,0,0,0,0,0,
Cameron Thomas,82387,DI,S DIEGO ST,13,11,1,,0,0,284,0,0,63.7,84.8,73.0,82.1,80.6,47.9,9,25,0,0,,18.8,9,0,1,0.0,0,6,0,3,0,6,605,602,274,319,0,9,0,3,378,221,0,26,28,3,0,40,0,0,0,
Sam Hines,82388,DI,S DIEGO ST,7,0,0,,0,0,284,0,0,60.0,64.1,77.2,64.6,58.2,43.7,0,2,0,0,,33.3,1,0,0,0.0,0,1,0,0,0,0,47,47,21,26,0,0,0,0,39,8,0,1,2,0,0,3,0,0,0,
E.J. Ane,82390,ED,S JOSE ST,12,3,0,,0,1,285,0,0,60.0,69.2,83.5,66.4,68.6,72.3,0,9,0,0,,11.5,3,0,0,0.0,0,2,0,0,0,0,354,353,2,49,109,193,0,1,143,211,0,14,20,2,0,11,0,0,0,
Cade Hall,82391,ED,S JOSE ST,12,10,1,,0,2,285,0,0,60.4,78.9,23.4,84.7,74.4,54.0,15,27,0,0,,18.8,9,0,5,0.0,0,2,0,1,0,2,690,688,0,67,186,435,0,2,276,412,0,22,29,6,0,44,0,0,0,
Dimitri Sakalia,82392,ED,S JOSE ST,5,0,0,,0,0,285,0,0,60.0,60.8,75.0,61.0,58.9,71.1,0,1,0,0,,0.0,0,0,0,0.0,0,0,0,0,0,0,34,34,1,12,11,10,0,0,12,22,0,1,1,0,0,1,0,0,0,
Demanuel Talauati,82393,DI,S JOSE ST,11,4,1,,0,0,285,0,0,54.4,52.9,3.5,61.7,54.5,23.4,2,0,0,0,,37.5,9,0,4,0.0,0,2,0,2,0,3,324,321,165,128,6,22,0,3,137,184,0,11,11,2,0,4,0,0,0,
Jordon Beaton,82406,DI,S ALABAMA,10,3,0,,2,0,288,0,0,60.0,66.3,13.7,57.6,75.7,57.9,1,4,0,0,,13.3,2,0,3,0.0,0,0,1,0,0,0,308,308,83,46,30,149,0,0,146,162,0,7,10,3,0,5,0,0,0,
Maurice Strong Jr.,82408,ED,S ALABAMA,12,4,0,,0,0,288,0,0,60.0,60.6,82.2,61.6,58.2,32.2,0,4,0,0,,31.3,5,0,0,0.0,0,1,0,0,0,0,240,240,0,32,35,173,0,0,102,138,0,7,7,1,0,5,0,0,0,
Kingsley Enagbare,82409,ED,S CAROLINA,12,2,0,,0,0,289,0,0,53.5,63.0,9.0,68.4,61.8,45.8,9,11,0,0,,22.2,6,0,4,0.0,0,4,0,0,0,2,383,383,0,11,309,63,0,0,237,144,0,17,19,5,0,24,0,0,0,
Rick Sandidge,82411,DI,S CAROLINA,12,2,0,,0,1,289,1,0,,66.7,51.1,60.1,70.1,50.6,1,0,0,0,,18.2,2,0,1,0.0,0,0,0,0,0,0,260,260,31,188,10,31,0,0,121,139,0,6,7,0,0,1,0,0,0,
Tyreek Johnson,82412,DI,S CAROLINA,1,1,0,,0,0,289,0,0,,74.8,74.2,60.6,78.2,73.4,0,0,0,0,,0.0,0,0,0,0.0,0,0,0,0,0,0,26,26,1,21,0,4,0,0,17,9,0,2,2,0,0,0,0,0,0,
Jabari Ellis,82415,DI,S CAROLINA,8,4,0,,0,1,289,0,0,60.0,72.4,80.4,61.0,75.8,70.4,2,1,0,0,,7.1,1,0,0,0.0,0,0,0,1,0,0,124,123,0,62,41,20,0,1,63,61,0,6,9,0,0,3,0,0,0,
Nick Dawson,82416,ED,SO MISS,4,0,0,,0,0,296,0,0,60.0,64.8,72.6,55.2,68.9,,0,0,0,0,,,0,0,0,0.0,0,0,0,0,0,1,13,13,0,1,8,4,0,0,8,4,0,0,0,0,0,0,0,0,0,
Von'Darius Freeman,82417,DI,SO MISS,12,4,0,,0,0,296,0,0,60.0,69.0,82.9,73.9,62.6,78.9,0,7,0,0,,0.0,0,0,0,0.0,0,1,0,0,0,0,183,183,128,54,0,1,0,0,80,103,0,5,7,0,0,8,0,0,0,
Ethan Edmondson,82419,ED,SO MISS,13,1,0,,0,0,296,0,0,60.5,54.7,80.9,56.2,53.3,43.4,0,4,0,0,,33.3,2,0,0,0.0,0,1,0,0,0,1,164,164,0,2,87,75,0,0,79,84,0,1,3,0,0,5,0,0,0,
De'Mikal Chesser,82421,ED,SO MISS,3,0,0,,0,0,296,0,0,,59.2,69.6,58.3,60.2,69.7,0,0,0,0,,0.0,0,0,0,0.0,0,0,0,0,0,0,7,7,0,4,1,2,0,0,2,5,0,1,1,0,0,0,0,0,0,
Kingston Harris,82422,DI,TENNESSEE,2,1,0,,0,0,307,0,0,,76.6,70.1,65.6,71.2,69.7,0,0,0,0,,0.0,0,0,0,0.0,0,0,0,0,0,0,9,9,0,6,0,3,0,0,5,4,0,0,0,0,0,0,0,0,0,
John Mincey,82424,ED,TENNESSEE,10,3,0,,0,0,307,0,0,60.0,64.0,79.7,55.3,67.5,60.5,1,0,0,0,,14.3,1,0,0,0.0,0,0,0,0,0,0,95,95,5,26,45,19,0,0,43,52,0,2,3,1,0,1,0,0,0,
Kurott Garland,82425,DI,TENNESSEE,13,9,0,,0,0,307,0,0,57.6,64.1,60.9,59.4,68.2,62.5,0,7,0,0,,12.0,3,0,1,0.0,0,0,0,0,0,0,360,359,70,289,0,0,0,1,157,203,0,10,13,2,0,7,0,0,0,
Greg Emerson,82426,DI,TENNESSEE,13,7,2,,0,0,307,0,0,60.5,61.4,84.5,58.0,61.3,58.2,0,5,0,0,,9.7,3,0,0,0.0,0,1,0,1,0,0,377,376,83,290,0,3,0,1,188,189,0,16,21,2,0,6,0,0,0,
Bobby Brown III,82429,DI,TEXAS A&M,13,8,1,,0,0,312,0,0,58.3,82.3,85.1,70.6,85.1,61.2,3,8,0,0,,11.5,3,0,0,0.0,0,1,0,3,0,0,464,461,69,376,6,10,0,3,231,233,0,9,15,0,0,12,0,0,0,
Mohamed Diallo,82430,DI,C MICHIGAN,6,3,0,,1,0,134,0,0,,59.2,0.0,76.7,57.7,29.8,4,5,0,0,,14.3,1,0,4,0.0,0,0,0,0,0,0,165,165,1,160,0,4,0,0,74,91,0,2,3,2,0,9,0,0,0,
Jeremiah Martin,82431,ED,TEXAS A&M,9,0,0,80.0,0,0,312,0,0,55.9,52.0,85.1,56.7,46.4,80.2,0,6,0,0,16,14.3,1,0,0,84.2,4,0,0,7,0,29,149,142,0,2,138,2,0,7,71,49,0,3,6,2,5,6,0,21,26,5.3
Tyree Wilson,82432,ED,TEXAS A&M,9,0,0,,0,0,312,0,0,61.4,65.5,29.6,64.8,66.5,80.8,1,3,0,0,,12.5,1,0,1,0.0,0,2,0,1,0,5,132,131,0,2,118,11,0,1,79,48,0,8,7,1,0,6,0,0,0,
Max Wright,82434,ED,TEXAS A&M,2,0,0,,0,0,312,0,0,60.0,53.9,78.1,58.8,49.0,25.1,0,0,0,0,,50.0,1,0,0,0.0,0,0,0,0,0,0,44,44,0,0,34,10,0,0,27,17,0,0,1,0,0,0,0,0,0,
Jake Lynch,82436,DI,TEXAS ST,2,0,0,,0,0,314,0,0,,48.1,69.3,,50.8,71.3,0,0,0,0,,0.0,0,0,0,0.0,0,0,0,0,0,0,6,6,0,2,1,3,0,0,0,6,0,0,1,0,0,0,0,0,0,
Dotson Schaefer,82438,TE,TEXAS ST,1,0,0,,0,0,314,0,0,,55.4,68.6,,56.8,70.2,0,0,0,0,,0.0,0,0,0,0.0,0,0,0,0,0,0,4,4,0,1,0,3,0,0,0,4,0,0,1,0,0,0,0,0,0,
Nico Ezidore,82439,DI,TEXAS ST,12,11,1,,0,1,314,0,0,56.5,56.4,36.5,59.5,57.3,59.9,1,8,0,0,,11.9,5,0,3,0.0,0,1,0,1,0,2,530,529,461,68,0,0,0,1,221,307,0,15,26,4,0,10,0,0,0,
Fish McWilliams,82441,DI,UAB,14,2,0,,0,0,321,2,0,60.0,71.4,81.1,69.5,68.4,78.7,0,4,0,0,,10.0,1,0,0,0.0,0,2,0,1,0,1,204,203,28,154,2,19,0,1,98,105,0,9,7,1,0,6,0,0,0,
Antonio Moultrie,82442,DI,UAB,14,7,1,,0,0,321,0,0,61.3,66.9,82.8,61.9,66.8,68.9,0,7,0,0,,7.4,2,0,0,0.0,0,0,0,2,0,1,321,319,17,245,11,46,0,2,147,173,0,10,18,0,0,7,0,0,0,
Michael Fairbanks II,82443,DI,UAB,7,0,0,,0,0,321,0,0,,71.4,75.5,63.7,72.1,,0,1,0,0,,,0,0,0,0.0,0,0,0,0,0,0,30,30,13,16,0,1,0,0,23,7,0,0,0,0,0,1,0,0,0,
Tyler Manoa,82445,DI,UCLA,11,4,0,,0,0,324,0,0,56.4,58.9,8.2,61.8,63.5,67.4,2,9,0,0,,10.0,2,0,3,0.0,0,1,0,1,0,2,292,290,8,156,41,85,0,2,138,152,1,7,14,1,0,12,0,0,0,
Ethan Matus,82446,DI,UCLA,1,0,0,,0,0,324,0,0,,60.0,65.5,60.0,,,0,0,0,0,,,0,0,0,0.0,0,0,0,0,0,0,1,1,1,0,0,0,0,0,1,0,0,0,0,0,0,0,0,0,0,
Steven Mason,82448,DI,UCLA,9,1,0,,0,0,324,0,0,,64.7,79.7,60.4,65.4,77.2,1,4,0,0,,25.0,2,0,0,0.0,0,0,0,1,0,0,100,99,5,57,10,27,0,1,56,44,0,4,5,0,0,5,0,0,0,
Atonio Mafi,82449,DI,UCLA,9,7,0,,1,1,324,0,0,60.0,63.4,50.1,57.0,66.5,46.3,0,6,0,0,,14.3,4,0,1,0.0,0,0,0,1,0,0,230,229,101,124,0,4,0,1,96,134,0,12,17,3,0,6,0,0,0,
Otito Ogbonnia,82450,DI,UCLA,11,2,0,,1,0,324,0,0,59.0,74.0,46.9,64.4,78.2,54.8,1,4,0,0,,16.7,2,0,1,0.0,0,0,0,1,0,1,209,208,87,87,14,20,0,1,89,119,0,7,8,1,0,5,0,0,0,
Tim Mosley,82451,DI,UNLV,1,0,0,,0,0,325,0,0,,58.4,69.4,57.2,60.0,,0,0,0,0,,,0,0,0,0.0,0,0,0,0,0,0,7,7,0,4,0,3,0,0,6,1,0,0,0,0,0,0,0,0,0,
Tavis Malakius,82453,DI,UNLV,4,5,0,,0,0,325,0,0,59.0,59.3,80.2,59.3,59.1,78.7,0,1,0,0,,0.0,0,0,0,0.0,0,1,0,0,0,2,176,176,1,108,5,62,0,0,72,102,0,3,4,0,0,2,0,0,0,
Dominion Ezinwa,82454,DI,UNLV,10,5,0,,0,0,325,0,0,59.4,60.0,85.5,54.8,62.8,53.3,2,4,0,0,,15.4,2,0,0,0.0,0,0,0,1,0,1,290,289,166,123,0,0,0,1,156,133,0,3,6,0,0,6,0,0,0,
Montrice Johns,82455,DI,UNLV,12,4,1,,0,0,325,0,0,61.4,67.8,82.8,62.5,68.2,28.5,1,5,0,0,,28.6,4,0,0,0.0,0,1,0,0,0,3,334,334,5,215,15,99,0,0,185,146,0,7,6,1,0,7,0,0,0,
Chris Manoa,82456,DI,UNLV,8,1,0,,0,0,325,0,0,58.3,53.9,81.9,54.0,54.5,38.7,1,0,0,0,,16.7,1,0,0,0.0,0,0,0,0,0,1,173,173,63,108,0,2,0,0,80,92,0,3,4,0,0,1,0,0,0,
Trevor Trout,82457,DI,USC,2,0,0,,0,0,326,0,0,,65.7,69.4,64.9,60.0,,0,1,0,0,,,0,0,0,0.0,0,0,0,0,0,0,6,6,0,6,0,0,0,0,5,1,0,0,0,0,0,1,0,0,0,
Caleb Tremblay,82458,ED,USC,11,1,1,,0,0,326,0,0,69.9,72.3,54.7,74.6,63.7,71.3,4,14,0,0,,8.3,1,0,1,0.0,0,1,0,1,0,9,261,260,0,21,198,41,0,1,151,101,0,9,10,1,0,19,0,0,0,
Fua Pututau,82459,ED,UTAH,1,0,0,,0,0,328,0,0,,70.2,72.5,55.5,74.1,71.1,0,0,0,0,,0.0,0,0,0,0.0,0,0,0,0,0,0,12,12,0,1,10,1,0,0,7,5,0,1,1,1,0,0,0,0,0,
Rutger Reitmaier,82464,ED,VANDERBILT,12,3,0,,0,0,333,0,0,60.0,63.4,1.2,64.5,66.4,69.1,1,1,0,0,,7.7,1,0,3,0.0,0,0,0,1,0,0,163,162,12,33,72,45,0,1,60,103,0,8,9,4,0,2,0,0,0,
Draco Bynum,82466,DI,WASHINGTON,3,0,0,,0,0,340,0,0,,51.2,71.0,58.0,53.2,,0,0,0,0,,,0,0,0,0.0,0,0,0,0,0,0,9,9,0,7,0,2,0,0,4,5,0,0,0,0,0,0,0,0,0,
Tuli Letuligasenoa,82467,DI,WASHINGTON,12,7,0,,0,0,340,0,0,60.0,75.4,51.2,72.0,74.4,50.9,0,12,0,0,,14.8,4,0,1,0.0,0,1,0,2,0,0,238,236,99,128,4,5,0,2,123,115,0,14,16,1,0,13,0,0,0,
Taki Taimani,82468,DI,WASHINGTON,13,2,0,,0,0,340,0,0,60.6,67.4,44.0,66.1,67.2,68.2,1,7,0,0,,13.3,2,0,1,0.0,0,0,0,1,0,1,197,196,67,106,6,17,0,1,106,90,0,7,11,0,0,8,0,0,0,
Michael Van Beek,82470,DI,WASH STATE,1,0,0,,0,0,341,0,0,,58.8,69.9,59.6,59.3,69.7,0,0,0,0,,0.0,0,0,0,0.0,0,0,0,0,0,0,6,6,1,5,0,0,0,0,2,4,0,1,1,0,0,0,0,0,0,
Jesus Echevarria,82472,DI,WASH STATE,2,0,0,,0,0,341,0,0,,63.4,74.0,68.1,59.2,72.4,0,1,0,0,,0.0,0,0,0,0.0,0,0,0,0,0,0,14,14,13,1,0,0,0,0,4,10,0,1,2,0,0,1,0,0,0,
Misiona Aiolupotea-Pei,82473,DI,WASH STATE,13,2,0,,1,0,341,1,0,53.3,60.8,23.7,70.9,58.2,80.7,4,11,0,0,,0.0,0,0,3,0.0,0,3,0,1,0,2,382,381,154,207,2,18,0,1,197,183,0,9,12,1,0,18,0,0,0,
Brennan Jackson,82474,ED,WASH STATE,2,1,0,,0,0,341,0,0,,68.5,74.6,56.0,71.5,70.2,0,0,0,0,,0.0,0,0,0,0.0,0,0,0,0,0,0,21,21,0,5,8,8,0,0,8,13,0,0,0,0,0,0,0,0,0,
Ahmir Crowder,82475,DI,WASH STATE,2,0,0,,0,0,341,0,0,,62.9,74.8,58.6,64.5,,0,1,0,0,,,0,0,0,0.0,0,0,0,0,0,0,28,28,1,22,5,0,0,0,17,11,0,0,0,0,0,1,0,0,0,
Deporess Schletty,82477,DI,W KENTUCKY,5,3,0,,0,0,346,0,0,60.2,62.0,76.9,58.5,63.1,58.1,0,1,0,0,,14.3,1,0,0,0.0,0,0,0,2,0,1,60,58,3,47,1,7,0,2,38,21,0,1,3,0,0,1,0,0,0,
Lichon Terrell,82479,DI,W KENTUCKY,3,1,0,,0,0,346,0,0,,54.7,75.9,56.0,55.1,35.9,0,0,0,0,,33.3,1,0,0,0.0,0,0,0,0,0,0,38,38,14,24,0,0,0,0,9,29,0,1,1,0,0,0,0,0,0,
Dan Vasey,82480,ED,PENN STATE,1,0,0,,0,0,266,0,0,,48.2,71.4,56.9,60.0,,0,0,0,0,,,0,0,0,0.0,0,0,0,0,0,0,6,6,0,0,6,0,0,0,5,1,0,0,0,0,0,0,0,0,0,
Scott Matlock,82482,DI,BOISE ST,7,3,0,,0,0,120,0,0,,62.3,78.2,55.7,65.2,29.1,0,1,0,0,,25.0,1,0,0,0.0,0,0,0,0,0,0,94,94,0,80,3,11,0,0,46,48,0,0,0,0,0,1,0,0,0,
Daviyon Nixon,82488,DI,IOWA,13,2,1,,0,0,192,0,0,65.4,71.5,84.6,60.9,76.9,53.2,7,11,0,0,,17.2,5,0,0,0.0,0,3,0,15,0,1,366,351,35,278,35,3,0,15,247,118,0,22,22,3,0,21,0,0,0,
Dayonte Roberts,82489,DI,LA MONROE,4,0,0,,0,0,209,0,0,,65.2,77.7,59.3,65.6,58.3,0,1,0,0,,14.3,1,0,0,0.0,0,0,0,2,0,0,57,55,12,23,0,20,0,2,17,40,0,4,6,0,0,1,0,0,0,
Jacob Slade,82494,DI,MICH STATE,13,2,0,,0,0,223,0,0,60.0,64.9,83.6,64.2,62.3,53.3,3,8,0,0,,17.6,3,0,0,0.0,0,2,0,0,0,0,262,262,30,230,1,1,0,0,139,123,0,11,12,3,0,13,0,0,0,
Dashaun Mallory,82495,DI,MICH STATE,2,2,0,,0,0,223,0,0,,66.1,74.0,62.8,64.8,35.0,0,1,0,0,,33.3,1,0,0,0.0,0,0,0,0,0,0,25,25,2,23,0,0,0,0,11,14,0,0,0,0,0,1,0,0,0,
Hal Northern,82496,DI,OLE MISS,8,0,1,,0,0,226,0,0,65.5,71.3,77.3,73.5,56.3,62.0,1,4,0,0,,12.5,1,0,0,0.0,0,0,0,0,0,0,86,86,0,26,1,59,0,0,46,40,0,4,7,1,0,5,0,0,0,
Quentin Bivens,82497,DI,OLE MISS,12,1,1,,0,0,226,0,0,60.4,67.1,79.9,65.6,65.1,55.3,0,9,0,0,,15.4,2,0,0,0.0,0,3,0,0,0,3,241,241,7,57,2,175,0,0,136,102,0,10,10,1,0,12,0,0,0,
Cameron Young,82499,DI,MISS STATE,8,0,0,,0,0,227,0,0,,57.7,79.9,57.6,57.5,72.0,0,1,0,0,,20.0,1,0,0,0.0,0,0,0,0,0,0,64,64,28,36,0,0,0,0,29,35,0,3,4,1,0,1,0,0,0,
Tommy Togiai,82501,DI,OHIO STATE,14,5,1,,0,0,260,0,0,62.3,73.2,49.9,60.6,77.8,70.9,1,2,0,0,,5.3,1,0,1,0.0,0,0,0,0,0,0,247,247,36,204,0,7,0,0,120,127,0,10,13,1,0,3,0,0,0,
Isaac Hodgins,82503,DI,OREGON ST,12,6,1,,2,0,265,0,0,64.7,50.7,52.0,52.7,50.6,60.1,0,12,0,0,,14.3,3,0,2,0.0,0,3,0,1,0,1,593,592,41,286,44,221,0,1,326,266,0,10,12,3,0,15,0,0,0,
Judge Culpepper,82504,DI,PENN STATE,9,0,0,,0,0,266,0,0,,61.7,79.5,59.1,62.1,,0,2,0,0,,,0,0,0,0.0,0,0,0,0,0,0,92,92,20,72,0,0,0,0,54,38,0,0,0,0,0,2,0,0,0,
PJ Mustipher,82505,DI,PENN STATE,13,9,0,,0,1,266,0,0,57.7,74.6,85.1,64.1,78.0,83.6,1,8,0,0,,0.0,0,0,0,0.0,0,1,0,0,0,2,436,436,70,363,1,2,0,0,225,209,0,20,25,3,0,10,0,0,0,
Travis Sailo,82508,DI,TROY,12,6,1,,0,0,318,0,0,61.8,63.4,62.3,62.7,62.1,46.6,7,11,0,0,,20.0,5,0,1,0.0,0,3,0,2,0,0,415,413,5,263,49,96,0,2,216,199,0,15,14,2,0,21,0,0,0,
Will Choloh,82509,DI,TROY,12,12,0,,1,0,318,0,0,58.2,77.1,39.1,74.1,77.7,52.6,6,18,0,0,,12.3,7,0,4,0.0,0,4,0,6,0,0,572,565,236,320,0,9,0,7,314,258,0,30,38,3,0,28,0,0,0,
AJ Pierce,82510,DI,TROY,5,0,0,,0,0,318,0,0,,80.3,73.9,56.2,85.0,75.0,0,0,0,0,,0.0,0,0,0,0.0,0,0,0,0,0,0,25,25,2,20,0,3,0,0,11,14,0,3,4,1,0,0,0,0,0,
Savien Jenkins,82513,DI,UTEP,2,0,0,,0,0,330,0,0,,59.6,67.0,59.5,,,0,0,0,0,,,0,0,0,0.0,0,0,0,0,0,0,2,2,1,1,0,0,0,0,2,0,0,0,0,0,0,0,0,0,0,
Brandon Matterson,82515,DI,UTSA,9,5,0,,0,0,331,1,0,61.2,69.5,8.2,53.6,78.4,44.0,0,3,0,0,,18.8,3,0,2,0.0,0,0,0,2,0,0,176,174,19,153,0,2,0,2,73,103,0,6,8,2,0,3,0,0,0,
Kevin Nelson,82516,DI,UTSA,12,2,1,,1,0,331,1,0,,63.1,42.7,66.2,61.6,28.4,0,2,0,0,,30.0,3,0,1,0.0,0,0,0,0,0,0,201,200,30,163,0,7,0,1,84,117,0,5,5,0,0,2,0,0,0,
John Chenal,82534,FB,WISCONSIN,4,0,0,,0,0,349,0,0,,68.3,60.0,60.0,69.9,68.4,0,0,0,0,,0.0,0,0,0,0.0,0,0,1,0,0,0,4,0,0,0,0,0,0,4,1,3,0,1,1,1,0,0,0,0,0,
Demonte Meeks,82536,LB,AIR FORCE,13,18,0,85.0,0,2,101,0,0,60.4,70.7,58.3,63.7,74.5,85.1,8,13,0,0,30,7.2,7,0,1,101.0,17,7,0,691,3,277,727,10,0,0,10,0,5,717,149,301,17,57,72,7,20,28,0,165,92,9.7
Colt Doughty,82538,LB,CAL,5,0,0,,0,0,130,0,0,66.3,58.2,75.6,55.6,50.8,80.3,0,0,0,0,,0.0,0,0,0,0.0,0,0,0,34,0,19,44,2,0,0,2,0,6,42,3,22,2,3,4,0,0,0,0,0,0,
Tommy Vanis,82540,LB,CAL,1,0,0,,0,0,130,0,0,,56.9,69.1,,57.3,,0,0,0,0,,,0,0,0,0.0,0,0,0,8,0,0,8,0,0,0,0,0,0,8,0,8,0,0,0,0,0,0,0,0,0,
Evan Tattersall,82541,LB,CAL,2,0,0,,0,0,130,0,0,60.5,80.2,70.4,,80.5,76.4,0,0,0,0,,0.0,0,0,0,0.0,0,0,0,12,0,2,12,0,0,0,0,0,0,12,0,10,0,2,2,2,0,0,0,0,0,
Quay Walker,82547,LB,GEORGIA,13,4,0,75.0,0,0,173,0,0,60.9,59.3,0.0,61.5,62.9,84.4,0,2,0,0,9,4.8,1,0,2,85.4,6,3,0,157,0,85,188,14,0,0,14,0,0,174,33,70,17,9,16,1,8,5,0,40,27,6.7
Channing Tindall,82548,LB,GEORGIA,6,2,0,0.0,0,0,173,0,0,65.8,74.3,79.1,68.5,75.9,80.4,1,0,0,0,,0.0,0,0,0,39.6,0,2,0,44,2,28,58,6,0,0,6,0,0,52,12,18,6,1,1,0,1,3,0,0,0,
Blake Carroll,82550,LB,GA STATE,8,2,0,100.0,0,0,175,0,0,63.8,58.9,76.7,67.0,51.8,50.9,1,2,0,0,12,18.2,2,0,0,102.1,2,0,0,70,0,30,74,2,0,0,2,0,1,72,5,39,1,4,7,1,2,3,0,17,0,8.5
Zach Dixon,82551,LB,GA STATE,9,7,0,91.7,0,0,175,0,0,45.8,39.0,84.6,69.1,37.9,27.5,1,2,0,0,23,30.8,16,0,0,131.3,11,1,0,369,0,150,380,1,0,0,1,0,6,379,12,218,3,19,29,1,12,4,1,106,46,9.6
Will Honas,82552,LB,NEBRASKA,12,9,0,78.6,0,1,238,0,0,46.4,49.0,84.4,50.1,55.2,70.6,0,7,0,0,40,11.5,9,1,0,104.8,22,1,0,454,1,218,529,10,0,0,9,1,0,519,51,260,64,29,60,3,28,8,0,256,172,11.6
MJ Cunningham,82554,LB,OREGON,9,1,0,100.0,0,0,264,0,0,60.2,55.6,79.6,59.5,50.1,67.5,1,2,0,0,7,10.0,1,0,0,85.4,4,1,0,118,0,53,128,4,0,0,4,0,0,124,24,51,6,4,8,0,4,4,0,18,20,4.5
Nate Heaukulani,82556,LB,OREGON,3,0,0,100.0,0,0,264,0,0,51.0,53.1,71.6,67.1,54.0,32.3,0,0,0,0,16,50.0,1,0,0,118.8,1,1,0,17,0,8,21,4,0,0,4,0,0,17,4,9,0,1,1,0,1,1,0,16,5,16.0
Jacob Mangum-Farrar,82557,LB,STANFORD,1,2,0,,0,0,300,0,0,60.5,62.6,70.5,,62.1,78.2,0,0,0,0,,0.0,0,0,0,0.0,0,0,0,8,0,2,10,0,0,0,0,0,0,10,0,8,2,0,0,0,0,0,0,0,0,
Ricky Miezan,82558,LB,STANFORD,2,0,0,100.0,0,0,300,0,0,73.7,80.6,76.0,68.4,71.6,81.0,1,1,0,0,4,0.0,0,0,0,83.3,1,0,0,22,0,13,28,2,0,0,2,0,0,26,7,8,4,2,6,0,1,2,0,4,7,4.0
Palaie Gaoteote IV,82559,LB,USC,8,10,0,88.2,0,0,326,0,0,53.2,64.3,85.3,53.0,74.3,47.7,0,5,0,0,19,20.6,14,0,2,93.1,15,0,0,421,0,227,507,60,0,0,60,0,1,447,46,234,25,27,44,4,17,5,0,108,101,7.2
Raymond Scott,82560,S,USC,1,0,0,100.0,0,0,326,0,0,45.5,46.7,72.5,,60.0,,0,0,0,0,27,,0,0,0,158.3,1,0,0,1,0,6,7,0,0,0,0,0,4,7,0,1,2,0,0,0,1,0,1,27,0,27.0
C.J. Goetz,82565,ED,WISCONSIN,4,0,0,,0,0,349,0,0,,61.7,82.1,57.9,62.3,,0,0,0,0,,,0,0,0,0.0,0,0,0,0,0,0,11,8,0,0,8,0,0,3,3,8,0,0,0,0,0,0,0,0,0,
Jack Sanborn,82566,LB,WISCONSIN,14,16,0,66.7,0,1,349,1,0,83.8,72.8,82.5,77.3,56.5,38.3,4,14,0,3,20,24.0,24,3,0,37.4,20,5,0,698,0,393,780,10,0,0,10,0,0,770,83,304,72,44,60,4,30,23,0,139,98,7.0
Parker Noren,82644,LB,AIR FORCE,7,4,0,57.1,0,0,101,0,0,47.6,54.4,83.2,60.8,61.8,46.6,1,3,0,0,39,30.0,3,0,0,91.4,4,0,0,23,0,33,109,54,0,0,54,0,0,55,12,64,32,1,3,0,7,4,0,70,37,17.5
Ale Kaho,82646,LB,ALABAMA,8,6,0,100.0,0,0,103,0,0,45.4,56.8,76.9,60.0,68.2,62.4,0,0,0,0,11,15.8,3,0,0,142.9,5,0,0,77,2,39,89,1,0,0,1,0,0,88,1,49,8,7,10,1,5,0,1,44,37,8.8
Jarez Parks,82648,ED,ALABAMA,6,0,0,,0,0,103,0,0,60.0,75.7,73.5,74.9,60.0,,0,1,0,0,,,0,0,0,0.0,0,0,0,0,0,1,11,11,0,0,11,0,0,0,9,1,0,0,0,0,0,1,0,0,0,
Jaylen Moody,82649,LB,ALABAMA,7,1,0,,0,0,103,0,0,47.3,55.8,74.4,59.7,64.4,58.0,1,0,0,0,,25.0,1,0,0,0.0,0,0,0,37,0,10,39,0,0,0,0,0,0,39,1,28,1,0,2,0,0,1,0,0,0,
McKenzie Barnes,83020,CB,ARIZONA,3,0,0,100.0,0,0,109,0,0,49.2,45.4,73.1,,46.4,73.5,0,0,0,0,14,0.0,0,0,0,147.9,2,0,0,1,21,13,24,0,0,0,0,0,0,24,0,11,1,0,1,0,2,0,2,20,0,10.0
Dominique Harrison,83022,CB,N TEXAS,3,0,0,0.0,0,0,251,0,0,67.2,62.3,78.5,,50.7,27.3,0,0,0,0,,50.0,1,0,0,39.6,0,0,0,4,57,21,66,5,0,0,5,0,0,61,0,45,0,0,1,0,2,0,0,0,0,
Terin Adams,83023,CB,UTAH ST,6,0,0,87.5,0,0,329,0,0,55.6,58.5,79.6,,69.4,44.8,0,0,0,0,19,25.0,2,0,1,106.3,7,0,0,6,114,57,125,2,0,0,2,0,0,123,0,68,3,1,6,0,8,0,0,76,32,10.9
Jerry Jacobs,83025,CB,ARK STATE,3,0,0,50.0,0,0,113,0,0,64.2,63.1,81.0,,56.7,80.0,0,0,0,0,51,4.8,1,1,0,72.7,11,0,0,2,147,79,156,2,0,0,2,0,0,154,0,77,5,4,20,1,22,0,0,153,37,13.9
Nathan Page,83027,CB,ARK STATE,7,5,1,60.0,2,0,113,0,0,61.6,63.9,28.5,64.9,76.4,79.9,0,0,0,2,56,8.3,3,4,4,72.4,24,0,0,11,359,238,419,7,0,0,7,0,0,412,2,179,42,6,28,0,40,0,1,315,73,13.1
Tyric LeBeauf,83029,CB,BOISE ST,9,0,0,50.0,0,0,120,0,0,61.3,60.0,79.5,55.5,55.2,66.8,0,0,0,0,50,11.1,1,2,0,129.2,8,0,0,1,118,68,124,0,0,0,0,0,5,124,2,54,0,1,8,0,16,0,2,176,46,22.0
Chigozie Anusiem,83031,CB,CAL,11,4,0,50.0,1,0,130,0,0,73.9,73.2,82.2,68.3,58.7,82.4,1,0,0,0,19,5.3,1,5,1,78.5,12,0,0,15,229,150,249,2,0,0,2,0,3,247,4,95,0,3,14,0,24,1,1,120,32,10.0
Damari Kelly,83033,CB,COAST CAR,4,1,0,88.9,0,0,141,0,0,45.8,46.1,76.8,,52.6,51.4,0,0,0,0,28,20.0,2,0,0,144.7,8,0,0,4,55,34,61,1,0,0,1,0,0,60,0,27,1,1,7,0,9,0,2,83,29,10.4
Jordan Morris,83034,CB,COAST CAR,6,1,0,75.0,0,0,141,0,0,62.5,62.4,80.0,60.0,60.6,28.3,0,0,0,0,31,35.3,6,1,1,156.3,6,0,0,13,147,78,164,2,0,0,2,0,1,162,1,85,0,2,10,1,8,0,2,132,60,22.0
Derick Bush,83035,CB,COAST CAR,11,3,0,64.7,0,0,141,0,0,73.0,71.6,82.8,53.7,60.9,70.5,1,0,0,1,39,11.8,4,3,0,95.3,22,0,0,23,305,214,336,3,0,0,3,0,1,333,3,119,4,6,27,0,34,1,2,261,85,11.9
Mekhi Blackmon,83036,CB,COLORADO,4,3,0,84.6,0,1,143,0,0,57.0,59.4,0.0,74.0,70.3,68.2,0,0,0,0,39,14.3,2,0,2,155.9,11,1,0,16,124,119,204,3,0,0,3,0,0,201,2,83,61,3,9,0,13,1,2,155,85,14.1
Teja Young,83038,S,FAU,13,2,0,80.0,0,0,165,0,0,67.9,68.0,83.0,,67.2,77.0,0,1,0,0,26,12.5,2,0,0,98.8,8,0,0,64,4,138,258,3,0,0,3,0,69,255,0,120,116,5,12,0,10,1,0,77,32,9.6
Tyler Gore,83040,CB,GA STATE,12,3,0,67.6,0,0,175,0,0,62.1,53.9,21.0,,28.8,27.1,0,0,0,2,52,34.3,12,3,2,113.5,23,0,0,43,301,192,351,0,0,0,0,0,2,351,0,159,4,4,20,0,34,0,4,329,136,14.3
Quavian White,83041,CB,GA STATE,10,3,0,52.7,1,0,175,0,0,76.8,75.8,83.9,78.7,65.3,81.6,0,2,0,2,51,7.5,3,5,3,90.0,29,0,0,91,480,296,584,3,0,0,3,0,8,581,5,283,0,14,34,1,55,2,4,460,89,15.9
Stanley Garner,83042,CB,KENTUCKY,1,0,0,66.7,0,0,202,0,0,58.0,57.9,70.3,,,28.3,0,0,0,0,9,50.0,1,0,1,79.9,2,0,0,0,9,9,9,0,0,0,0,0,0,9,0,0,0,0,1,0,3,0,0,16,5,8.0
Jordan Oliver,83050,CB,LA MONROE,10,1,0,57.1,0,0,209,1,0,79.8,75.6,80.6,,55.7,51.6,0,0,0,1,15,25.0,3,2,0,61.9,8,0,0,21,146,83,179,0,0,0,0,0,0,179,0,96,11,4,8,0,14,0,1,61,3,7.6
Lloyd Cole,83052,CB,LSU,3,0,0,100.0,0,0,211,0,0,64.3,64.7,71.0,,60.8,,0,0,0,0,8,,0,0,0,100.0,1,0,0,1,13,7,15,0,0,0,0,0,0,15,0,8,0,0,0,0,1,0,0,8,1,8.0
Chris Jackson,83053,CB,MICH STATE,1,0,0,,0,0,223,0,0,58.0,58.3,71.5,,60.0,74.2,0,0,0,0,,0.0,0,0,0,0.0,0,0,0,0,13,8,13,0,0,0,0,0,0,13,0,5,0,1,1,0,0,0,0,0,0,
Davion Williams,83054,CB,MICH STATE,2,0,0,,0,0,223,0,0,60.7,57.8,73.1,,52.3,25.3,0,0,0,0,,100.0,2,0,0,0.0,0,0,0,1,19,10,20,0,0,0,0,0,0,20,0,10,0,0,0,0,0,0,0,0,0,
Kalon Gervin,83055,CB,MICH STATE,9,0,0,63.6,0,0,223,0,0,53.9,54.6,81.0,,58.2,26.6,0,0,0,0,39,44.4,4,0,1,129.0,7,0,0,6,114,92,158,0,0,0,0,0,10,158,0,66,28,2,5,0,11,0,1,115,65,16.4
Donte Martin,83060,CB,NEW MEXICO,12,3,0,52.0,0,0,241,0,0,59.2,62.1,87.1,58.3,72.6,85.8,0,0,0,0,57,4.3,2,8,4,107.7,39,0,0,29,660,420,731,37,0,0,37,0,0,694,4,307,5,11,41,2,75,0,7,562,112,14.4
Sevyn Banks,83062,CB,OHIO STATE,11,0,0,33.3,0,0,260,0,0,81.6,82.3,80.1,,76.0,84.2,0,0,0,1,17,0.0,0,3,0,2.8,3,0,0,3,151,96,170,0,0,0,0,0,1,170,0,74,14,3,8,2,9,0,0,25,9,8.3
Tyreke Johnson,83063,CB,OHIO STATE,6,0,0,,0,0,260,0,0,49.0,53.0,77.0,,65.2,,0,0,0,0,,,0,0,2,0.0,0,0,0,0,49,19,57,0,0,0,0,0,1,57,0,38,7,0,0,0,0,0,0,0,0,
Lloyd McFarquhar,83065,CB,OHIO STATE,1,0,0,,0,0,260,0,0,,60.0,63.8,,60.0,,0,0,0,0,,,0,0,0,0.0,0,0,0,0,1,0,1,0,0,0,0,0,0,1,0,1,0,0,0,0,0,0,0,0,0,
Lance Boykin,83066,CB,DOMINION,11,6,0,58.6,0,0,263,0,0,59.2,58.7,0.0,59.6,64.3,44.5,0,0,0,1,72,18.8,6,1,4,113.6,17,0,0,68,327,200,405,1,0,0,1,0,8,404,1,204,0,3,20,0,29,0,3,296,125,17.4
Haki Woods Jr.,83067,CB,OREGON,5,2,0,70.0,0,0,264,0,0,61.5,68.4,79.4,90.0,72.9,73.4,0,2,0,0,24,11.1,1,2,0,78.3,7,0,0,12,2,46,86,1,0,0,1,0,1,85,3,37,68,2,6,1,10,2,0,43,18,6.1
Verone McKinley III,83068,S,OREGON,13,7,0,65.0,0,0,264,0,0,71.1,67.7,88.9,,54.3,44.1,0,0,0,4,48,20.7,12,5,1,73.1,26,0,0,122,1,501,747,0,0,0,0,0,421,747,0,246,203,8,39,1,40,0,3,302,176,11.6
Charles Sudduth,83071,CB,OREGON,1,0,0,100.0,0,0,264,0,0,46.2,43.0,66.9,,60.0,74.2,0,0,0,0,20,0.0,0,0,0,158.3,1,0,0,0,3,2,3,0,0,0,0,0,0,3,0,1,0,0,1,0,1,0,1,20,0,20.0
Jaden Robinson,83074,CB,OREGON ST,1,0,0,,0,0,265,0,0,60.0,61.3,67.3,,60.0,,0,0,0,0,,,0,0,0,0.0,0,0,0,0,2,1,3,0,0,0,0,0,0,3,0,2,1,0,0,0,0,0,0,0,0,
Trent Gordon,83076,CB,PENN STATE,10,4,0,54.5,0,0,266,0,0,66.8,66.4,81.3,,60.0,55.3,0,0,0,0,18,18.2,4,4,1,68.0,12,0,0,12,195,133,209,0,0,0,0,0,2,209,0,76,0,7,14,1,22,0,0,108,45,9.0
Nolen Harris,83077,CB,S DIEGO ST,1,0,0,,0,0,284,0,0,,60.1,73.9,,60.0,,0,0,0,0,,,0,0,0,0.0,0,0,0,0,0,0,1,0,0,0,0,0,0,1,0,1,0,0,0,0,0,0,0,0,0,
Cedarious Barfield,83078,CB,S DIEGO ST,2,0,0,,0,0,284,0,0,73.0,80.4,66.5,,60.0,,0,0,0,0,,,0,1,0,0.0,0,0,0,0,3,2,4,0,0,0,0,0,0,4,0,2,0,0,0,0,0,0,0,0,0,
Luq Barcoo,83079,CB,S DIEGO ST,13,7,0,45.7,1,0,284,0,0,85.0,84.7,86.5,73.7,74.9,83.7,0,1,0,9,58,6.3,4,14,5,34.0,42,1,0,81,725,520,820,11,0,0,11,0,2,809,7,293,1,20,53,5,92,2,2,578,137,13.8
Nehemiah Shelton,83083,CB,S JOSE ST,12,2,0,62.5,1,1,285,1,0,72.8,70.7,85.9,46.3,60.3,73.0,0,1,0,3,75,11.8,6,5,3,96.4,35,0,0,29,571,285,615,10,0,0,10,0,1,605,9,321,4,12,43,0,56,1,5,468,173,13.4
Travis Reed,83085,CB,S ALABAMA,12,5,0,51.7,1,0,288,0,0,60.2,61.7,46.5,,68.5,67.9,0,0,0,3,53,14.0,7,9,6,87.8,31,0,0,55,610,314,676,2,0,0,2,0,8,674,0,362,1,10,38,3,60,0,5,514,120,16.6
Keon Voisin,83086,S,S ALABAMA,2,0,0,,0,0,288,0,0,,60.0,60.0,,60.0,,0,0,0,0,,,0,0,0,0.0,0,0,0,0,0,0,2,0,0,0,0,0,0,2,0,2,0,0,0,0,0,0,0,0,0,
Donjae Logan,83089,CB,STANFORD,1,0,0,,0,0,300,0,0,,60.7,67.4,,60.0,,0,0,0,0,,,0,0,0,0.0,0,0,0,3,4,0,7,0,0,0,0,0,0,7,0,7,0,0,0,0,0,0,0,0,0,
Kendall Williamson,83090,S,STANFORD,11,4,0,78.1,1,1,300,1,0,67.1,68.2,88.0,91.7,62.1,90.0,0,0,0,0,36,5.6,3,2,1,142.3,25,1,0,113,2,422,692,3,0,0,3,0,267,689,2,268,307,9,47,2,32,1,3,341,91,13.6
Craig Slocum Jr.,83096,S,TROY,11,2,0,60.0,0,0,318,0,0,49.8,53.8,81.3,58.7,63.1,57.5,0,0,0,0,25,20.0,3,1,0,117.1,6,0,0,32,4,68,142,2,0,0,2,0,60,140,2,72,42,2,10,0,10,0,1,76,29,12.7
CD Daniels,83097,CB,UAB,9,0,0,61.1,0,0,321,0,0,70.1,70.7,84.2,58.2,69.6,54.3,0,0,0,0,40,22.2,4,1,1,112.3,11,0,0,8,295,202,331,13,0,0,13,0,1,318,3,126,13,6,14,2,18,0,1,176,38,16.0
Starling Thomas V,83098,CB,UAB,14,6,0,48.4,1,0,321,1,0,64.3,64.2,48.3,53.4,65.8,72.1,0,1,0,1,36,9.4,3,2,9,95.4,15,0,0,11,610,383,665,13,0,0,13,0,0,652,4,278,30,8,23,0,31,1,4,200,28,13.3
Olaijah Griffin,83100,CB,USC,11,3,0,42.6,1,0,326,0,0,68.6,67.2,0.0,53.3,69.1,70.3,0,0,0,0,35,12.2,5,5,7,67.7,23,0,0,27,582,389,649,17,0,0,17,0,1,632,5,255,22,12,33,1,54,0,2,231,54,10.0
Isaac Taylor-Stuart,83101,CB,USC,12,7,0,56.1,2,0,326,0,0,65.8,65.3,85.5,50.8,62.0,65.7,1,1,0,1,71,16.3,7,4,3,112.9,23,0,0,32,469,301,537,17,0,0,17,0,4,520,6,230,15,9,29,1,41,2,5,341,144,14.8
Chase Williams,83102,S,USC,11,6,0,68.0,0,0,326,0,0,61.7,60.4,85.7,51.9,57.7,62.9,0,1,0,0,34,15.8,6,0,0,119.1,17,0,0,110,5,252,443,7,0,0,7,0,121,436,13,178,200,7,26,1,25,1,2,202,95,11.9
Michael Anyanwu,83103,CB,UTAH ST,1,0,0,50.0,0,0,329,0,0,40.6,40.4,72.1,,60.0,,0,0,0,0,11,,0,0,0,66.7,1,0,0,0,10,7,11,0,0,0,0,0,0,11,0,4,1,0,0,0,2,0,0,11,0,11.0
Corey Mayfield Jr.,83106,CB,UTSA,10,2,0,48.0,0,0,331,0,0,64.7,58.6,25.5,55.7,37.9,71.5,0,1,0,0,28,9.1,2,4,3,111.7,12,0,0,24,338,184,376,6,0,0,6,0,0,370,3,189,8,2,18,1,25,1,3,180,70,15.0
Donte Burton,83110,CB,WISCONSIN,12,2,0,57.1,0,0,349,0,0,46.0,49.5,0.0,69.8,74.4,41.0,0,0,0,0,36,0.0,0,0,3,110.7,8,1,0,2,150,100,162,3,0,0,3,0,0,159,3,59,6,3,6,0,14,1,1,125,20,15.6
Rachad Wildgoose,83111,CB,WISCONSIN,13,2,0,48.1,1,0,349,0,0,67.1,67.4,87.5,56.2,65.4,53.1,0,0,0,1,48,20.0,6,5,3,78.4,26,0,0,29,142,334,534,0,0,0,0,0,13,534,3,197,349,10,22,3,54,0,3,329,151,12.7
Alexander Smith,83112,CB,WISCONSIN,8,0,1,77.8,0,0,349,0,0,55.2,58.3,81.6,64.0,65.0,78.8,0,1,0,0,25,0.0,0,0,0,110.2,7,0,0,1,25,47,80,1,0,0,1,0,0,79,2,31,51,1,3,0,9,1,0,94,31,13.4
Travian Blaylock,83113,CB,WISCONSIN,1,0,0,,0,0,349,0,0,60.0,62.4,60.0,,,,0,0,0,0,,,0,0,0,0.0,0,0,0,0,0,1,1,0,0,0,0,0,0,1,0,0,0,0,0,0,0,0,0,0,0,
Tre Bugg III,83114,CB,AIR FORCE,12,7,0,65.8,0,0,101,0,0,57.8,60.0,85.0,60.0,69.2,80.7,0,0,1,3,58,7.7,4,6,1,103.5,50,0,0,61,602,388,669,1,0,0,1,0,3,668,1,280,1,9,41,1,76,0,4,830,273,16.6
Elisha Palm,83117,CB,AIR FORCE,6,0,0,100.0,0,0,101,0,0,50.0,52.0,74.3,,62.7,,0,0,0,0,27,,0,0,0,158.3,2,0,0,1,29,15,30,0,0,0,0,0,0,30,0,15,0,0,0,0,2,0,2,33,1,16.5
Pat Surtain II,83119,CB,ALABAMA,13,3,0,57.1,0,3,103,1,0,84.6,83.5,25.5,48.4,79.5,73.7,1,2,0,2,37,12.0,6,5,6,65.1,28,0,0,37,626,471,840,13,0,0,13,0,11,827,10,359,152,13,41,2,49,3,1,301,139,10.8
Jalyn Armour-Davis,83120,CB,ALABAMA,8,0,1,50.0,0,0,103,0,0,61.4,61.5,79.4,60.0,54.4,74.8,0,0,0,0,28,0.0,0,1,0,121.9,2,0,0,2,22,23,59,1,0,0,1,0,0,58,1,35,34,0,1,0,4,0,1,37,14,18.5
Josh Jobe,83122,CB,ALABAMA,9,2,0,40.9,0,0,103,1,0,67.8,68.2,13.3,,71.6,88.5,0,0,0,1,44,0.0,0,5,4,43.0,9,0,0,18,273,151,301,0,0,0,0,0,1,301,0,150,8,3,18,0,22,0,0,136,56,15.1
Mike Price,83130,CB,APP STATE,3,0,0,100.0,0,0,108,0,0,54.0,54.7,73.2,,60.6,73.5,0,0,0,0,14,0.0,0,0,0,149.3,3,0,0,3,21,19,26,0,0,0,0,0,2,26,0,7,0,1,1,0,3,0,1,31,-1,10.3
Kaleb Dawson,83131,S,APP STATE,5,0,0,0.0,0,0,108,1,0,72.2,68.7,73.8,,55.5,30.5,0,0,0,0,,40.0,2,1,0,39.6,0,0,0,18,0,31,45,0,0,0,0,0,25,45,0,14,2,0,3,0,1,0,0,0,0,
Alijah Gammage,83135,S,ARIZONA ST,1,1,0,,0,0,110,0,0,53.1,56.8,69.9,,62.5,28.7,0,0,0,0,,50.0,1,0,0,0.0,0,0,0,9,0,7,14,0,0,0,0,0,5,14,0,7,0,0,0,0,0,0,0,0,0,
LaDarrius Bishop,83138,CB,ARKANSAS,8,2,0,86.4,0,0,111,1,1,57.9,61.5,82.1,,78.0,84.1,0,0,0,0,47,4.5,1,1,1,149.1,19,0,0,16,243,149,267,3,0,0,3,0,0,264,0,118,5,5,19,1,22,0,2,285,90,15.0
Simeon Blair,83139,CB,ARKANSAS,2,0,0,50.0,0,0,111,0,0,51.7,50.0,67.9,,60.0,21.4,0,0,0,0,22,100.0,1,0,0,89.6,1,0,0,3,0,3,7,0,0,0,0,0,0,7,0,4,4,0,0,0,2,0,0,22,18,22.0
Joe Foucha,83141,S,ARKANSAS,12,19,1,72.7,1,0,111,1,0,52.3,51.2,0.0,60.8,55.1,62.3,1,5,0,1,50,18.9,21,1,7,111.0,16,0,0,318,4,345,757,58,0,0,58,0,263,699,37,375,114,17,71,1,22,6,1,284,175,17.8
Myles Mason,83143,S,ARKANSAS,12,4,0,64.3,0,0,111,0,0,48.4,54.9,83.9,59.2,68.4,72.5,0,0,0,0,75,13.9,5,0,1,124.4,9,0,0,111,1,159,335,0,0,0,0,0,124,335,1,175,98,9,27,1,14,0,1,151,102,16.8
Derrick Bean,83147,LB,ARK STATE,5,0,0,,0,0,113,0,0,61.4,48.8,70.4,,47.5,,0,0,0,0,,,0,0,0,0.0,0,0,0,7,0,3,11,2,0,0,2,0,0,9,0,8,2,0,0,0,0,0,0,0,0,
Antonio Fletcher,83149,S,ARK STATE,13,12,0,63.2,0,1,113,0,0,62.4,58.1,3.1,56.6,53.3,36.2,0,0,0,0,60,26.0,19,5,3,111.1,24,0,0,212,2,462,851,5,0,0,5,0,281,846,5,384,351,11,42,5,38,0,2,354,220,14.8
Tra Green,83150,S,ARK STATE,2,0,0,100.0,0,0,113,0,0,59.0,58.1,78.9,,55.5,55.6,0,0,0,0,11,33.3,1,0,0,112.5,1,0,0,10,0,35,61,0,0,0,0,0,27,61,0,26,24,1,2,0,1,0,0,11,0,11.0
Ryan Ragone,83152,LB,MIAMI FL,6,1,0,100.0,0,0,220,0,0,64.6,66.4,73.7,56.8,66.3,52.9,0,0,0,0,12,23.1,3,0,0,102.1,2,0,0,44,0,18,54,0,0,0,0,0,0,54,3,33,10,5,9,2,2,0,0,17,13,8.5
Akyah Miranda,83161,CB,ARMY,4,0,0,0.0,0,0,114,0,0,69.4,68.2,60.0,,,70.3,0,0,0,0,,0.0,0,0,0,39.6,0,0,0,0,0,4,4,0,0,0,0,0,0,4,0,0,0,0,1,0,1,0,0,0,0,
Malkelm Morrison,83164,CB,ARMY,13,10,0,69.5,0,0,114,0,0,55.6,56.7,49.6,55.6,63.8,57.2,1,8,0,0,38,19.3,11,3,2,112.3,41,1,0,72,4,264,497,46,0,0,46,0,1,451,53,180,370,21,36,2,59,10,4,420,250,10.2
Caleb John,83166,CB,ARMY,6,0,0,,0,0,114,0,0,69.1,69.0,78.6,,63.6,72.5,0,0,0,0,,0.0,0,0,0,0.0,0,0,0,3,14,8,21,0,0,0,0,0,0,21,0,13,0,0,1,0,0,0,0,0,0,
Cedrick Cunningham Jr.,83170,S,ARMY,11,12,0,88.2,0,0,114,0,0,61.4,66.4,85.8,60.9,73.3,78.9,1,2,0,0,56,9.8,6,2,0,138.4,15,0,0,171,0,287,539,4,0,0,4,0,319,535,16,236,44,10,43,0,17,3,1,323,131,21.5
Christian Tutt,83174,CB,AUBURN,13,5,0,60.0,0,1,115,1,0,65.5,66.3,88.7,76.9,59.2,68.4,2,3,0,2,58,10.5,4,2,1,102.4,30,1,0,50,23,273,524,18,0,0,18,0,6,506,19,232,425,15,29,3,50,6,5,404,192,13.5
Jamien Sherwood,83175,S,AUBURN,13,6,1,60.0,0,0,115,0,0,64.5,64.1,17.8,56.8,66.5,62.7,1,2,0,0,13,16.7,7,2,2,64.6,12,0,0,155,3,230,374,7,0,0,7,0,143,367,17,127,64,14,29,5,20,3,0,59,51,4.9
Roger McCreary,83176,CB,AUBURN,13,1,0,55.0,0,0,115,1,0,81.1,78.0,85.1,56.2,53.3,72.5,0,0,0,1,47,8.7,4,10,3,76.5,33,0,0,31,519,368,586,0,0,0,0,0,3,586,2,216,33,16,41,2,60,0,1,432,168,13.1
Smoke Monday,83177,S,AUBURN,13,8,0,85.7,0,0,115,0,0,60.5,59.8,0.0,61.1,65.8,54.8,0,1,1,1,73,22.2,6,0,3,118.8,6,1,0,99,18,215,335,9,0,0,9,0,117,326,7,113,91,6,13,1,7,2,2,153,79,25.5
Delrick Abrams Jr.,83192,CB,COLORADO,11,7,0,52.8,0,0,143,0,0,69.0,70.4,50.0,65.4,72.7,76.0,2,0,0,0,53,11.3,7,5,2,100.7,28,1,0,83,642,406,737,2,0,0,2,0,0,735,11,320,10,14,48,1,53,3,4,374,151,13.4
Aaron Maddox,83193,S,COLORADO,6,4,0,60.0,0,2,143,0,0,34.8,52.2,83.6,57.1,82.4,71.7,0,0,0,0,65,10.3,3,0,0,143.8,3,0,0,60,3,104,222,5,0,0,5,0,106,217,2,116,48,8,22,1,5,0,1,97,38,32.3
Dustin Johnson,83197,LB,COLORADO,1,0,0,,0,0,143,0,0,62.4,65.9,67.1,,63.0,74.3,0,0,0,0,,0.0,0,0,0,0.0,0,0,0,4,3,3,7,0,0,0,0,0,0,7,0,4,0,0,1,0,0,0,0,0,0,
Trey Dean III,83208,CB,FLORIDA,13,5,0,72.7,0,1,163,0,0,50.5,52.9,0.8,73.5,62.5,71.2,2,0,0,1,36,12.5,3,0,4,111.9,24,3,0,18,74,268,446,17,0,0,17,0,2,429,20,158,334,7,16,1,33,5,2,330,79,13.8
Jamal Anderson,83212,CB,FIU,7,0,0,0.0,0,0,166,0,0,82.7,81.2,75.5,,66.4,76.2,0,0,0,0,,0.0,0,1,0,39.6,0,0,0,5,39,17,45,1,0,0,1,0,0,44,0,28,0,1,2,0,4,0,0,0,0,
Jesson Walker,83213,CB,FIU,2,0,0,0.0,0,0,166,0,0,70.1,75.8,71.9,,69.8,73.5,0,0,0,0,,0.0,0,0,0,39.6,0,0,0,0,14,3,14,0,0,0,0,0,0,14,0,11,0,1,1,1,1,0,0,0,0,
Tyson Campbell,83217,CB,GEORGIA,9,4,0,40.0,0,0,173,0,0,76.8,76.4,82.8,67.6,62.0,69.2,0,1,0,0,41,10.0,2,3,0,55.0,8,0,0,10,252,185,275,0,0,0,0,0,2,275,3,87,10,8,14,1,20,1,0,94,30,11.8
Divaad Wilson,83218,CB,GEORGIA,12,1,0,66.7,0,0,173,1,0,68.3,64.6,20.8,61.1,49.3,65.5,0,2,0,1,46,12.5,3,2,2,81.3,20,0,0,20,2,195,297,7,0,0,7,0,3,290,10,92,265,7,20,0,30,2,1,190,87,9.5
Otis Reese IV,83219,S,GEORGIA,6,0,0,50.0,0,0,173,0,0,56.7,59.5,77.2,59.6,66.3,76.4,0,0,0,0,50,0.0,0,0,0,95.8,1,0,0,11,0,22,42,0,0,0,0,0,17,42,1,19,14,0,1,0,2,0,0,50,25,50.0
Chris Smith II,83220,S,GEORGIA,7,2,0,50.0,0,0,173,0,0,74.2,70.7,79.1,,54.2,60.2,0,0,0,0,6,14.3,1,0,0,56.3,1,0,0,9,1,49,78,0,0,0,0,0,47,78,0,29,21,0,4,0,2,0,0,6,0,6.0
Hugh Nelson II,83221,CB,GEORGIA,1,0,0,100.0,0,0,173,0,0,63.5,64.7,69.7,,60.0,73.5,0,0,0,0,4,0.0,0,0,0,83.3,1,0,0,0,5,2,6,0,0,0,0,0,0,6,0,4,1,1,1,0,1,0,0,4,1,4.0
Delano Ware,83234,S,ILLINOIS,7,4,0,25.0,0,1,187,0,0,58.0,56.3,79.8,58.9,54.3,68.1,0,0,0,0,18,12.5,3,1,0,45.8,1,0,0,71,1,60,155,4,0,0,4,0,51,151,2,93,27,6,17,0,4,0,0,18,1,18.0
Nick Walker,83235,CB,ILLINOIS,4,0,0,50.0,0,0,187,0,0,64.8,63.7,79.4,,58.4,79.8,0,0,0,0,9,0.0,0,0,0,58.3,2,0,0,2,77,38,95,4,0,0,4,0,0,91,0,57,12,1,3,0,4,0,0,14,0,7.0
Quan Martin,83236,CB,ILLINOIS,9,5,0,43.5,0,0,187,2,0,48.0,52.8,85.6,59.6,70.6,48.2,0,0,0,0,54,20.8,5,0,1,114.3,10,0,0,15,310,185,384,20,0,0,20,0,16,364,2,197,22,2,14,1,23,0,3,201,45,20.1
Kerby Joseph,83239,S,ILLINOIS,6,4,0,50.0,0,0,187,0,0,45.1,52.6,0.0,,74.7,76.0,0,0,0,0,24,9.1,3,1,1,110.7,7,0,0,68,1,113,219,2,0,0,2,0,86,217,0,106,62,5,26,0,14,0,2,92,14,13.1
Sydney Brown,83241,S,ILLINOIS,11,11,0,59.4,0,0,187,0,0,42.1,43.8,88.0,,46.5,56.4,0,0,1,3,41,18.2,18,1,4,94.3,19,0,0,263,30,282,685,32,0,0,32,0,185,653,0,403,175,16,70,2,32,0,4,324,95,17.1
Jamar Johnson,83243,CB,INDIANA,13,10,1,61.1,0,1,190,0,0,76.4,80.1,22.6,83.5,80.1,63.1,2,1,1,2,21,16.7,5,1,3,31.7,11,3,0,47,5,135,305,18,0,0,18,0,3,287,20,150,232,8,15,0,18,6,0,79,47,7.2
Noah Pierre,83244,S,INDIANA,5,0,0,100.0,0,0,190,0,0,72.7,73.2,73.6,,63.1,81.7,0,0,0,0,9,0.0,0,0,0,91.7,2,0,0,4,0,14,21,0,0,0,0,0,9,21,0,7,8,2,3,0,2,0,0,12,5,6.0
Joseph Daniels Jr.,83245,CB,INDIANA,1,0,0,,0,0,190,0,0,,60.0,63.5,,60.0,,0,0,0,0,,,0,0,0,0.0,0,0,0,0,1,0,1,0,0,0,0,0,0,1,0,1,0,0,0,0,0,0,0,0,0,
Jaylin Williams,83246,CB,INDIANA,13,4,0,48.5,0,0,190,0,0,69.4,67.1,83.1,50.4,56.7,68.9,0,0,0,1,44,12.0,3,3,3,73.5,16,0,0,49,379,246,442,3,0,0,3,0,3,439,4,192,8,8,18,0,33,0,2,186,34,11.6
Devon Matthews,83248,S,INDIANA,13,3,0,58.6,0,0,190,0,0,57.0,56.4,86.8,57.8,53.6,67.3,0,0,0,0,46,14.6,6,2,2,109.6,17,0,0,76,7,275,447,9,0,0,9,0,278,438,2,170,77,16,32,0,29,0,2,248,44,14.6
Jordan Jusevitch,83249,S,INDIANA,1,0,0,,0,0,190,0,0,,60.0,68.4,,60.0,,0,0,0,0,,,0,0,0,0.0,0,0,0,0,0,0,3,0,0,0,0,0,2,3,0,3,1,0,0,0,0,0,0,0,0,
Jeremy Boyd,83251,CB,INDIANA,1,0,0,,0,0,190,0,0,,60.0,63.8,,60.0,,0,0,0,0,,,0,0,0,0.0,0,0,0,0,1,0,1,0,0,0,0,0,0,1,0,1,0,0,0,0,0,0,0,0,0,
Samuel Slusher,83252,CB,INDIANA,1,0,0,0.0,0,0,190,0,0,52.5,53.1,71.8,,60.9,,0,0,0,0,,,0,0,0,39.6,0,0,0,1,0,5,10,0,0,0,0,0,0,10,0,5,9,0,0,0,1,0,0,0,0,
DJ Johnson,83253,CB,IOWA,6,2,0,52.6,1,0,192,0,0,62.7,63.3,81.2,58.3,65.5,85.4,0,0,0,0,51,0.0,0,1,1,104.5,10,0,0,13,165,119,192,1,0,0,1,0,0,191,1,72,13,4,11,0,19,0,1,187,40,18.7
Dallas Craddieth,83254,S,IOWA,1,0,0,,0,0,192,0,0,,60.0,65.8,,60.0,,0,0,0,0,,,0,0,0,0.0,0,0,0,0,0,0,2,0,0,0,0,0,2,2,0,2,0,0,0,0,0,0,0,0,0,
Terry Roberts,83255,CB,IOWA,7,1,0,100.0,0,0,192,0,0,67.5,67.9,74.3,,62.2,81.0,0,0,0,0,20,0.0,0,0,0,116.7,2,0,0,1,29,19,32,0,0,0,0,0,0,32,0,13,2,0,3,0,2,0,0,24,7,12.0
JuJu Brents,83256,S,IOWA,1,0,0,,0,0,192,0,0,60.0,60.1,63.8,,,,0,0,0,0,,,0,0,0,0.0,0,0,0,0,0,1,1,0,0,0,0,0,0,1,0,0,1,0,0,0,0,0,0,0,0,
Kaevon Merriweather,83257,S,IOWA,1,2,0,100.0,0,0,192,0,0,53.6,59.0,76.6,,71.1,83.4,0,0,0,0,30,0.0,0,0,0,158.3,2,0,0,11,0,30,51,1,0,0,1,0,38,50,0,21,1,0,3,0,2,0,1,50,11,25.0
Jack Koerner,83258,S,IOWA,13,14,0,46.7,0,1,192,2,0,79.2,74.5,89.0,67.9,60.6,67.2,0,1,0,1,73,14.3,13,2,0,82.2,14,0,0,121,3,464,787,5,0,0,5,0,612,782,2,321,46,15,64,1,30,1,2,237,95,16.9
Riley Moss,83259,CB,IOWA,7,1,0,28.6,0,0,192,0,0,75.2,76.7,79.9,,75.3,52.3,0,0,0,2,54,25.0,2,3,1,41.7,4,0,0,12,106,92,148,1,0,0,1,0,0,147,0,56,29,1,5,1,14,0,1,102,19,25.5
Jamari Brown,83269,CB,KENTUCKY,11,6,0,62.5,1,0,202,1,0,70.0,68.5,83.2,49.0,60.6,90.1,0,1,0,0,39,3.6,1,6,4,107.0,20,0,0,37,351,225,396,2,0,0,2,0,4,394,3,168,2,9,21,1,32,1,1,326,45,16.3
Percy Butler,83271,S,LA LAFAYET,13,8,1,66.7,0,3,207,0,0,76.0,80.7,39.3,56.9,89.4,80.5,0,0,0,0,29,10.5,6,1,2,81.9,8,0,0,137,2,251,524,5,0,0,5,0,277,519,9,264,103,14,43,1,12,0,0,70,34,8.8
Patrick Mensah,83272,CB,LA LAFAYET,1,0,0,0.0,0,0,207,0,0,51.3,50.5,69.6,,60.0,,0,0,0,0,,,0,0,0,39.6,0,0,0,0,7,3,7,0,0,0,0,0,0,7,0,4,0,0,0,0,1,0,0,0,0,
AJ Washington,83273,CB,LA LAFAYET,14,2,0,53.6,0,1,207,0,0,80.1,79.0,82.5,61.6,67.6,85.8,0,1,0,3,49,7.7,1,3,1,49.7,15,1,0,13,270,142,293,0,0,0,0,0,0,293,4,147,10,3,10,1,28,2,1,206,53,13.7
Eric Garror,83274,CB,LA LAFAYET,14,6,0,50.9,0,0,207,0,0,65.1,62.0,86.2,52.5,44.8,52.8,0,1,0,0,66,20.9,9,6,2,81.4,29,0,0,21,678,361,728,0,0,0,0,0,0,728,3,364,29,7,28,0,57,1,1,425,133,14.7
Cameron Solomon,83275,S,LA LAFAYET,14,5,0,68.8,0,0,207,0,0,71.7,65.2,30.1,69.8,49.5,67.4,2,0,0,0,53,13.8,4,1,1,100.0,11,0,0,111,1,236,429,4,0,0,4,0,243,425,7,186,70,6,20,0,16,2,0,156,118,14.2
Daijuane Dorsey,83277,CB,LA LAFAYET,7,0,0,57.1,0,0,207,0,0,64.5,62.9,77.6,,51.8,39.9,0,0,0,0,15,28.6,2,1,0,71.1,4,0,0,0,71,48,72,0,0,0,0,0,0,72,0,24,1,1,5,0,7,0,0,36,16,9.0
Kam Pedescleaux,83278,S,LA LAFAYET,14,7,0,50.0,0,0,207,0,0,77.2,77.1,85.2,66.0,71.1,68.2,0,1,0,1,36,15.4,6,7,0,52.2,13,2,0,71,8,233,392,2,0,0,2,0,133,390,11,148,178,7,26,2,26,3,0,153,74,11.8
Dylan Claiborne,83280,LB,LA MONROE,3,0,0,,0,1,209,0,0,,73.0,63.3,,74.1,72.8,0,0,0,0,,0.0,0,0,0,0.0,0,0,0,1,0,0,3,0,0,0,0,0,0,3,0,3,0,1,2,0,0,0,0,0,0,
Steven Gilmore,83286,CB,MARSHALL,12,5,0,62.1,0,0,214,0,0,71.2,72.5,85.6,57.8,74.1,77.4,0,0,0,2,59,9.4,5,4,4,81.2,36,0,0,20,446,318,544,2,0,0,2,0,0,542,2,224,75,12,43,3,58,0,1,501,206,13.9
Vincent Flythe,83288,CB,MARYLAND,3,0,0,66.7,1,0,215,0,0,61.6,62.6,77.0,,64.6,58.9,0,0,0,0,59,25.0,1,1,1,149.3,4,0,0,1,61,32,63,0,0,0,0,0,0,63,0,31,1,1,3,0,6,0,1,116,31,29.0
Myles Sims,83292,CB,GA TECH,10,1,0,52.9,0,0,176,0,0,53.8,57.4,82.3,64.5,69.8,87.4,0,0,0,0,25,0.0,0,2,1,72.7,9,0,0,12,206,117,230,10,0,0,10,0,0,220,2,111,2,4,17,0,17,0,0,108,28,12.0
Gemon Green,83293,CB,MICHIGAN,2,0,0,100.0,0,0,222,0,0,39.4,43.0,71.7,,63.3,79.2,0,0,0,0,28,0.0,0,0,0,118.8,2,0,0,4,7,6,12,0,0,0,0,0,0,12,0,6,1,0,3,0,2,0,0,35,25,17.5
Sammy Faustin,83295,S,MICHIGAN,3,0,0,,0,0,222,0,0,65.0,56.0,70.5,,50.9,28.9,0,0,0,0,,50.0,1,0,0,0.0,0,0,0,4,0,7,13,0,0,0,0,0,8,13,0,6,1,0,1,0,0,0,0,0,0,
Vincent Gray,83297,CB,MICHIGAN,13,3,0,32.4,1,0,222,0,0,60.8,60.4,85.3,56.6,56.5,55.7,1,0,0,0,47,22.2,6,3,2,68.8,12,0,0,40,430,284,525,6,0,0,6,0,25,519,2,239,24,7,18,1,37,1,2,192,42,16.0
Terell Smith,83302,CB,MINNESOTA,8,0,0,69.2,0,0,225,0,0,53.5,54.8,80.3,,63.9,43.5,0,0,0,0,27,25.0,3,0,1,96.3,9,0,0,2,133,94,140,1,0,0,1,0,3,139,0,46,1,3,9,0,13,0,0,114,34,12.7
Benny Sapp III,83304,S,MINNESOTA,1,0,0,,0,0,225,0,0,63.2,63.4,72.7,,60.0,,0,0,0,0,,,0,0,0,0.0,0,0,0,0,0,5,7,0,0,0,0,0,5,7,0,2,2,0,0,0,0,0,0,0,0,
Jordan Howden,83305,S,MINNESOTA,13,8,0,47.8,0,0,225,0,0,63.0,66.1,89.0,56.2,71.7,71.3,1,1,0,1,40,13.4,9,3,1,66.5,22,0,0,157,3,410,748,3,0,0,3,0,198,745,4,334,386,11,50,1,46,2,1,291,97,13.2
Josh Aune,83307,LB,MINNESOTA,2,0,0,,0,0,225,0,0,62.8,51.8,72.7,55.1,44.7,,0,0,0,0,,,0,0,0,0.0,0,0,0,17,0,12,19,0,0,0,0,0,0,19,3,4,2,0,0,0,0,0,0,0,0,
Kam White,83309,S,OLE MISS,1,0,0,,0,0,226,0,0,65.2,64.8,69.0,,,76.2,0,0,0,0,,0.0,0,0,0,0.0,0,0,0,0,0,8,8,0,0,0,0,0,7,8,0,0,1,0,1,0,0,0,0,0,0,
Keidron Smith,83310,CB,OLE MISS,12,4,0,56.6,0,2,226,0,0,64.3,68.7,85.0,64.9,85.1,59.6,1,1,0,1,61,13.8,8,7,2,109.2,30,1,0,60,569,373,636,1,0,0,1,0,0,635,9,254,6,16,46,2,53,3,5,463,164,15.4
Jakorey Hawkins,83311,CB,OLE MISS,11,0,0,75.0,0,0,226,0,0,66.5,62.9,80.0,60.0,47.7,,0,0,0,0,13,,0,0,0,94.8,3,0,0,5,1,35,53,2,0,0,2,0,2,51,1,17,42,0,0,0,4,0,0,29,20,9.7
Jarvis Ware,83314,CB,MISSOURI,11,7,0,53.3,1,0,229,0,0,59.6,62.3,0.0,47.7,86.0,76.7,0,1,0,0,41,8.1,3,5,6,92.3,24,0,0,16,403,227,461,0,0,0,0,0,2,461,7,227,40,10,27,0,45,1,2,334,79,13.9
Chris Mills,83315,S,MISSOURI,1,1,0,,0,0,229,0,0,63.7,64.7,65.8,,,74.2,0,0,0,0,,0.0,0,0,0,0.0,0,0,0,1,2,3,3,0,0,0,0,0,0,3,0,0,0,0,0,0,0,0,0,0,0,
Braxton Clark,83319,CB,NEBRASKA,7,0,0,75.0,0,0,238,1,0,74.6,76.2,79.3,58.3,77.5,70.4,0,0,0,1,10,9.1,1,0,0,45.3,6,0,0,4,116,66,127,1,0,0,1,0,1,126,1,60,3,5,10,1,8,0,0,39,20,6.5
Cam Jones,83321,S,SMU,4,0,0,,0,0,287,0,0,58.3,60.4,74.1,,63.3,49.5,0,0,0,0,,25.0,1,0,0,0.0,0,0,0,19,0,17,31,0,0,0,0,0,11,31,0,14,1,1,3,0,0,0,0,0,0,
Isaiah Stalbird,83325,CB,NEBRASKA,2,0,0,0.0,0,0,238,0,0,86.5,84.1,73.2,,61.4,73.4,0,0,0,0,,0.0,0,1,0,39.6,0,0,0,0,0,11,21,0,0,0,0,0,7,21,0,10,12,0,1,0,2,0,0,0,0,
Cam Taylor-Britt,83326,S,NEBRASKA,11,8,0,67.6,0,1,238,1,0,51.0,51.8,88.6,73.6,48.8,29.2,0,1,1,3,96,25.5,14,2,1,78.9,23,2,0,105,108,264,538,7,0,0,7,0,148,531,10,264,170,10,33,1,34,3,1,387,182,16.8
Deontai Williams,83327,S,NEBRASKA,1,0,0,,0,0,238,0,0,72.4,58.6,0.0,,54.4,47.1,0,0,0,0,,25.0,1,0,1,0.0,0,0,0,4,1,7,16,1,0,0,1,0,6,15,0,9,4,2,3,0,0,0,0,0,0,
Jordan Lee,83328,CB,NEVADA,12,6,0,76.0,0,0,239,0,0,60.7,66.0,89.2,59.3,76.5,70.1,0,2,0,1,23,10.3,4,1,0,94.4,19,1,0,61,3,194,397,74,0,0,74,0,14,323,21,182,245,13,29,3,25,3,1,194,90,10.2
Jaden Dedman,83329,CB,NEVADA,6,2,0,0.0,0,0,239,0,0,54.6,63.1,72.8,,73.6,78.4,0,0,0,0,,0.0,0,0,0,39.6,0,0,0,5,21,7,27,0,0,0,0,0,0,27,0,20,0,1,1,0,1,0,0,0,0,
Emany Johnson,83331,CB,NEVADA,8,5,0,65.5,0,0,239,0,0,58.1,61.8,89.1,60.8,71.9,73.5,1,0,0,0,38,9.4,3,2,0,134.6,19,0,0,17,1,181,308,44,0,0,44,0,8,264,11,116,238,12,24,1,29,1,4,267,78,14.1
JoJo Claiborne,83333,S,NEVADA,10,0,0,50.0,0,0,239,0,0,56.5,49.6,0.0,,48.2,50.9,0,0,0,0,14,22.2,2,0,1,112.5,1,0,0,19,0,28,77,3,0,0,3,0,30,74,0,49,24,0,7,0,2,0,1,14,0,14.0
De'John Rogers,83334,CB,NEW MEXICO,12,2,0,60.0,2,1,241,2,0,58.5,59.2,23.6,57.5,68.3,82.1,0,0,0,1,41,6.1,3,7,9,92.9,42,0,0,31,683,405,742,28,0,0,28,0,0,714,7,330,0,8,44,0,70,0,2,626,223,14.9
Keelan Crosby,83337,S,N TEXAS,4,1,0,,0,0,251,0,0,63.6,61.2,79.8,63.7,54.4,29.8,1,0,0,0,,40.0,2,0,0,0.0,0,0,0,20,0,12,49,7,0,0,7,0,13,42,1,36,9,1,2,0,0,1,0,0,0,
AJ Hampton,83339,CB,NWESTERN,11,3,0,71.0,2,0,256,0,0,58.1,57.7,81.8,,54.3,45.5,0,0,0,1,32,22.7,5,0,3,106.0,22,0,0,25,253,183,284,1,0,0,1,0,2,283,0,101,3,3,14,0,31,0,2,273,82,12.4
Greg Newsome II,83341,CB,NWESTERN,8,4,0,57.4,1,0,256,1,0,59.4,62.9,84.0,59.7,77.0,68.5,0,0,0,0,41,11.1,4,5,6,87.4,27,0,0,35,435,248,480,3,0,0,3,0,2,477,1,231,5,6,28,0,47,0,1,342,96,12.7
Houston Griffith,83342,S,NOTRE DAME,7,2,0,25.0,0,0,258,0,0,68.1,65.3,78.3,,59.5,83.6,0,0,0,0,8,0.0,0,1,0,39.6,1,0,0,29,36,31,104,1,0,0,1,0,16,103,0,73,19,1,5,0,4,0,0,8,9,8.0
TaRiq Bracy,83344,CB,NOTRE DAME,13,5,0,61.0,0,1,258,2,0,73.9,76.3,84.2,,81.6,90.8,0,0,0,0,41,0.0,0,8,0,101.2,25,0,0,12,436,270,467,0,0,0,0,0,10,467,0,197,6,9,30,0,41,0,2,315,61,12.6
DJ Brown,83345,S,NOTRE DAME,6,2,0,50.0,0,0,258,0,0,60.6,48.4,78.4,,37.5,25.1,0,0,0,0,26,54.5,6,0,0,118.8,2,0,0,38,0,20,75,4,0,0,4,0,16,71,0,55,15,1,3,0,4,0,1,34,19,17.0
Paul Moala,83346,LB,NOTRE DAME,9,4,0,33.3,0,1,258,1,1,60.3,72.8,80.4,73.5,74.6,84.5,1,1,0,0,6,8.3,1,0,0,81.9,1,1,0,37,0,19,104,44,0,0,44,0,0,60,10,75,21,7,7,0,3,3,1,6,0,6.0
Kitan Oladapo,83349,LB,OREGON ST,1,0,0,,0,0,265,0,0,60.0,61.7,63.0,,60.0,,0,0,0,0,,,0,0,0,0.0,0,0,0,2,0,1,2,0,0,0,0,0,0,2,0,1,0,0,0,0,0,0,0,0,0,
Jordan Rucker,83350,CB,PURDUE,2,0,0,,0,0,273,0,0,62.6,64.3,73.8,,63.2,,0,0,0,0,,,0,0,0,0.0,0,0,0,2,21,4,23,0,0,0,0,0,0,23,0,19,0,0,0,0,0,0,0,0,0,
Kadin Smith,83351,S,PURDUE,3,0,0,,0,0,273,0,0,64.1,64.2,68.9,,60.0,76.2,0,0,0,0,,0.0,0,0,0,0.0,0,0,0,3,0,5,9,0,0,0,0,0,4,9,0,4,1,0,1,0,0,0,0,0,0,
Cory Trice Jr.,83353,CB,PURDUE,10,6,0,58.6,0,0,273,0,0,66.6,69.9,35.4,58.7,82.9,91.0,0,1,1,3,32,0.0,0,2,2,61.6,17,0,0,36,446,223,494,4,0,0,4,0,0,490,2,269,8,8,34,1,29,1,1,270,67,15.9
Kessawn Abraham,83359,CB,RUTGERS,3,0,0,,0,0,278,0,0,65.8,59.7,75.1,,46.0,,0,0,0,0,,,0,0,0,0.0,0,0,0,2,19,11,26,1,0,0,1,0,0,25,0,15,4,0,0,0,0,0,0,0,0,
Christian Izien,83360,S,RUTGERS,12,9,0,90.9,0,0,278,0,0,60.4,56.0,0.0,60.0,53.8,58.9,0,0,0,0,44,19.5,16,0,2,158.3,10,0,0,109,0,238,542,3,0,0,3,0,373,539,1,303,56,16,57,1,11,0,3,182,56,18.2
Jarrett Paul,83363,CB,RUTGERS,9,7,0,68.3,0,0,278,0,0,31.2,41.4,84.9,59.4,68.7,56.7,0,0,0,0,80,17.8,8,2,0,131.3,28,0,0,99,27,183,381,0,0,0,0,0,41,381,3,195,214,10,30,0,41,0,3,471,191,16.8
Avery Young,83364,CB,RUTGERS,12,6,0,48.6,2,0,278,0,0,61.5,66.0,14.5,54.5,86.1,80.0,0,0,0,1,58,5.9,2,4,8,110.5,18,0,0,96,581,331,700,6,0,0,6,0,3,694,3,366,13,14,26,1,37,0,5,351,151,19.5
Jaycee Horn,83375,CB,S CAROLINA,12,4,0,51.0,1,2,289,0,0,63.8,69.0,86.8,95.7,66.1,39.7,1,0,0,0,42,25.0,12,8,4,86.5,25,1,0,67,657,415,802,6,0,0,6,0,9,796,11,376,63,9,32,1,49,2,2,333,151,13.3
R.J. Roderick,83376,S,S CAROLINA,12,8,0,64.3,0,0,289,0,0,64.5,65.9,55.0,70.2,67.5,61.8,1,0,0,2,27,17.7,11,1,1,90.8,27,1,0,175,25,395,721,32,0,0,32,0,236,689,8,318,253,18,43,3,42,2,4,234,127,8.7
Israel Mukuamu,83377,CB,S CAROLINA,12,4,0,51.0,0,0,289,0,0,72.1,73.1,25.4,60.0,78.3,89.4,0,0,1,4,55,3.6,2,7,8,68.7,26,0,0,76,716,446,837,10,0,0,10,0,13,827,1,390,22,10,50,2,51,0,3,455,140,17.5
Dawson Hoffman,83380,S,S CAROLINA,1,0,0,,0,0,289,0,0,61.1,61.6,69.6,,60.0,,0,0,0,0,,,0,0,0,0.0,0,0,0,0,0,2,5,0,0,0,0,0,5,5,0,3,0,0,0,0,0,0,0,0,0,
Ty Williams,83382,CB,SO MISS,13,10,1,56.7,1,0,296,0,0,68.2,68.0,88.2,74.6,55.6,45.5,2,3,0,0,70,21.1,15,10,3,116.9,38,3,0,39,694,425,788,44,0,0,44,0,0,744,24,339,10,21,46,4,67,8,6,607,221,16.0
Malik Shorts,83383,S,SO MISS,6,2,0,33.3,0,0,296,0,0,60.3,55.5,0.0,59.2,50.4,46.3,0,0,0,1,20,21.7,5,1,1,45.1,2,0,0,109,0,101,202,0,0,0,0,0,42,202,1,100,50,6,16,0,6,0,1,22,6,11.0
D.Q. Thomas,83384,S,SO MISS,13,13,0,74.1,0,0,296,0,0,78.9,82.2,87.6,81.1,82.9,87.9,2,8,1,3,56,6.5,5,2,1,89.2,40,6,0,300,6,401,818,55,0,0,53,2,9,763,59,358,447,39,59,9,54,16,3,389,190,9.7
Shannon Showers,83385,S,SO MISS,12,12,0,75.0,1,1,296,0,0,49.6,56.3,36.1,59.2,77.6,69.9,0,0,0,2,74,13.0,9,2,4,126.5,21,0,0,167,1,330,571,5,0,0,5,0,74,566,1,240,324,16,48,0,28,0,4,477,169,22.7
Ky'El Hemby,83387,S,SO MISS,13,18,0,75.0,0,0,296,0,0,66.5,68.4,88.2,66.8,68.4,63.1,0,2,0,2,75,14.7,16,3,1,130.2,24,1,0,466,1,443,785,4,0,0,4,0,142,781,5,337,171,22,75,2,32,3,5,402,130,16.8
Tre Davis,83388,CB,SO MISS,3,0,0,0.0,0,0,296,0,0,70.1,70.7,71.5,,60.0,,0,0,0,0,,,0,0,0,39.6,0,0,0,0,13,9,13,0,0,0,0,0,0,13,0,4,0,0,0,0,1,0,0,0,0,
Curry Benn,83389,CB,SO MISS,1,0,0,100.0,0,0,296,0,0,47.4,40.3,63.8,,,73.5,0,0,0,0,37,0.0,0,0,0,118.8,1,0,0,0,1,1,1,0,0,0,0,0,0,1,0,0,0,0,1,0,1,0,0,37,4,37.0
Bryce Thompson,83392,CB,TENNESSEE,10,5,0,70.3,0,0,307,0,0,65.7,65.7,85.0,72.5,56.1,55.1,2,2,0,3,48,19.5,8,1,2,70.2,26,1,0,46,490,325,571,4,0,0,4,0,7,567,13,233,23,12,28,1,37,5,0,385,127,14.8
Trevon Flowers,83393,S,TENNESSEE,6,3,0,62.5,0,0,307,0,0,73.6,69.8,0.0,54.4,66.7,79.9,0,1,0,1,17,5.9,1,0,1,43.2,5,0,0,45,1,104,208,6,0,0,6,0,134,202,5,99,22,2,13,0,8,1,0,55,39,11.0
Brandon Davis,83394,CB,TENNESSEE,1,0,0,,0,0,307,0,0,60.0,60.3,65.9,,,,0,0,0,0,,,0,0,0,0.0,0,0,0,0,0,1,1,0,0,0,0,0,0,1,0,0,1,0,0,0,0,0,0,0,0,
Kenneth George Jr.,83396,CB,TENNESSEE,12,2,0,50.0,0,0,307,0,0,70.2,66.5,82.5,59.1,49.3,32.9,0,3,0,1,19,31.8,7,3,0,50.4,11,0,0,29,311,164,347,1,0,0,1,0,0,346,6,177,5,3,13,0,22,3,0,135,25,12.3
Leon O'Neal Jr.,83397,S,TEXAS A&M,13,9,0,47.4,1,1,312,0,0,45.1,38.7,36.8,60.0,29.8,26.4,2,3,0,1,38,33.3,22,3,1,87.6,9,0,0,164,4,252,495,4,0,0,4,0,212,491,11,232,111,12,35,3,19,5,2,150,93,16.7
Jordan Moore,83399,S,HOUSTON,8,3,0,75.0,0,1,182,1,0,64.4,66.8,83.9,74.7,63.7,82.8,0,1,0,0,36,5.0,1,2,0,107.0,12,1,0,35,1,87,164,45,0,0,45,0,1,119,10,67,82,7,16,1,16,2,0,163,102,13.6
Alvin Pacheco,83401,S,TEXAS ST,12,7,0,58.3,0,0,314,0,0,59.3,58.0,85.5,58.4,54.7,67.2,0,1,0,0,51,14.3,5,1,0,126.4,7,0,0,196,5,181,453,12,0,0,12,0,103,441,5,267,137,8,23,0,12,1,1,138,96,19.7
Jarron Morris,83402,CB,TEXAS ST,12,8,0,65.1,2,0,314,0,0,68.4,66.3,86.1,54.4,56.6,49.5,0,1,0,2,38,16.9,12,4,8,112.5,41,0,0,81,755,372,861,6,0,0,6,0,0,855,3,486,19,17,51,3,63,1,9,451,87,11.0
Jaylen Key,83413,S,UAB,3,0,0,100.0,0,0,321,0,0,71.7,72.1,70.0,,62.2,77.8,0,0,0,0,4,0.0,0,0,0,83.3,1,0,0,3,0,9,14,0,0,0,0,0,11,14,0,5,0,1,2,0,1,0,0,4,0,4.0
Rayshad Williams,83416,CB,UCLA,10,0,0,80.0,0,0,324,0,0,46.6,50.5,84.2,54.7,75.0,62.0,1,0,0,0,58,14.3,5,0,2,158.3,32,0,0,28,388,262,434,4,0,0,4,0,0,430,2,170,13,7,30,0,40,1,7,538,222,16.8
Stephan Blaylock,83417,S,UCLA,12,14,0,80.6,0,0,324,1,0,56.1,61.8,88.5,59.1,70.4,70.7,0,0,0,0,75,13.0,13,1,0,130.9,29,0,0,210,8,485,838,11,0,0,11,0,471,827,2,351,138,15,73,2,36,0,2,395,200,13.6
Alex Johnson,83418,S,UCLA,3,0,0,100.0,0,0,324,0,0,45.4,45.9,77.6,59.2,60.0,,0,0,0,0,35,,0,0,0,118.8,2,0,0,1,0,10,14,0,0,0,0,0,0,14,1,3,12,0,0,0,2,0,0,46,2,23.0
Kenny Churchwell III,83419,S,UCLA,5,1,0,50.0,0,0,324,0,0,56.3,50.4,0.0,,47.7,63.0,0,0,0,0,10,10.0,1,0,2,97.9,2,0,0,16,0,38,65,0,0,0,0,0,31,65,0,27,17,3,8,1,4,0,1,14,6,7.0
Patrick Jolly Jr.,83420,CB,UCLA,2,0,0,100.0,0,0,324,0,0,55.9,50.1,72.6,,48.9,26.2,0,0,0,0,13,66.7,2,0,0,93.8,2,0,0,1,15,10,16,0,0,0,0,0,0,16,0,6,0,0,1,0,2,0,0,13,13,6.5
Elisha Guidry,83421,S,UCLA,12,2,0,69.7,0,0,324,1,0,61.3,61.9,87.5,51.4,63.7,66.0,0,1,0,0,45,15.0,6,1,0,104.2,23,0,0,128,39,384,622,13,0,0,13,0,247,609,12,226,195,10,32,0,33,1,1,269,235,11.7
Phillip Hill,83424,S,UNLV,1,0,0,100.0,0,0,325,0,0,55.0,58.9,70.4,,64.7,77.8,0,0,0,0,13,0.0,0,0,0,118.8,1,0,0,7,0,7,16,0,0,0,0,0,4,16,0,9,5,1,2,0,1,0,0,13,6,13.0
Myles Plummer,83425,CB,UNLV,9,1,0,65.5,0,0,325,0,0,56.1,55.4,83.2,59.0,51.4,64.5,0,0,0,0,50,15.6,5,0,0,138.3,19,0,0,32,350,207,395,8,0,0,8,0,1,387,2,186,4,9,26,3,29,0,3,328,77,17.3
Bryce Jackson,83428,S,UNLV,7,3,0,66.7,0,0,325,0,0,72.6,76.4,82.2,80.6,74.6,80.2,0,0,0,0,10,6.7,1,0,0,70.1,6,2,0,34,1,103,175,1,0,0,1,0,70,174,2,70,69,6,11,0,9,2,0,25,7,4.2
Vonte Davis,83429,S,UTAH,6,1,0,100.0,0,0,328,0,0,68.9,73.4,74.5,,78.1,69.1,0,0,0,0,74,11.1,1,0,0,158.3,4,0,0,24,0,36,51,1,0,0,1,0,12,50,0,15,14,5,7,1,4,0,1,114,62,28.5
R.J. Hubert,83431,S,UTAH,10,2,0,70.0,0,1,328,0,0,60.3,60.5,0.0,53.2,69.1,63.1,0,2,0,0,17,16.0,4,0,1,96.7,7,0,0,28,5,131,222,5,0,0,5,0,162,217,10,81,22,1,19,0,10,2,0,87,71,12.4
Tareke Lewis,83432,CB,UTAH,14,4,0,53.8,0,0,328,0,0,76.1,75.9,84.4,,65.6,64.2,0,0,0,1,77,13.6,3,6,0,102.8,21,0,0,11,418,285,451,1,0,0,1,0,2,450,0,166,19,4,15,0,39,0,3,383,108,18.2
Malone Mataele,83433,CB,UTAH,4,0,0,75.0,0,0,328,0,0,67.5,67.9,75.4,,61.8,79.3,0,0,0,0,8,0.0,0,0,0,81.3,3,0,0,2,0,18,26,0,0,0,0,0,0,26,0,8,24,1,3,0,4,0,0,16,5,5.3
Tyson Wilson,83438,S,UTEP,3,0,0,100.0,0,0,330,0,0,28.2,27.1,68.2,,60.0,,0,0,0,0,15,,0,0,0,118.8,1,0,0,4,0,5,7,0,0,0,0,0,2,7,0,2,1,0,0,0,1,0,0,15,12,15.0
Ray Walters,83440,CB,UTEP,3,0,0,100.0,0,0,330,0,0,47.1,47.3,70.9,,60.0,,0,0,0,0,19,,0,0,0,158.3,1,0,0,2,4,5,8,1,0,0,1,0,0,7,0,3,1,0,0,0,1,0,1,19,8,19.0
Justin Prince,83441,S,UTEP,4,8,0,58.3,1,0,330,0,0,67.1,65.7,0.0,56.4,65.1,65.9,0,0,0,0,17,14.7,5,1,1,70.1,7,0,0,33,2,124,215,1,0,0,1,0,50,214,3,88,129,7,21,2,12,0,0,56,43,8.0
Josh Caldwell,83442,CB,UTEP,12,5,0,50.9,0,0,330,0,0,60.3,63.0,11.0,57.0,78.8,74.5,0,0,0,0,45,10.9,6,9,4,97.6,27,0,0,35,510,295,598,25,0,0,25,0,7,573,3,300,20,8,44,0,53,0,5,275,72,10.2
Nathan Logoleo,83443,ED,UTEP,10,7,0,,0,0,330,0,0,63.5,68.4,84.1,58.6,69.6,53.5,0,3,0,0,,13.6,3,0,0,0.0,0,0,0,2,0,6,273,271,0,16,219,36,0,2,114,153,0,7,12,2,0,3,0,0,0,
Brendon Harris,83446,S,VANDERBILT,11,7,0,81.8,0,0,333,0,0,69.2,63.5,84.9,54.6,55.2,33.6,1,0,0,0,55,29.7,19,2,0,149.1,9,0,0,122,6,138,352,13,0,0,13,0,155,339,8,206,56,12,38,1,11,1,1,147,71,16.3
Maxwell Worship,83447,S,VANDERBILT,9,3,0,85.7,1,0,333,0,0,42.2,45.3,79.1,46.6,57.4,45.8,0,2,0,0,20,26.3,5,0,3,140.2,6,0,0,42,8,58,117,7,0,0,7,0,20,110,4,55,40,2,11,0,7,2,1,57,33,9.5
BJ Anderson,83448,CB,VANDERBILT,12,2,0,70.4,0,0,333,0,0,62.8,64.7,29.0,55.5,75.6,74.6,0,1,0,0,63,9.4,3,3,3,135.4,19,0,0,27,388,192,433,0,0,0,0,0,0,433,2,239,18,10,27,1,27,1,2,324,143,17.1
Tre' Douglas III,83449,CB,VANDERBILT,2,0,0,100.0,0,0,333,0,0,72.8,73.3,72.6,,62.8,76.6,0,0,0,0,-4,0.0,0,0,0,79.2,1,0,0,2,12,4,18,0,0,0,0,0,3,18,0,14,1,1,2,1,1,0,0,-4,0,-4.0
Dashaun Jerkins,83450,S,VANDERBILT,11,9,0,68.8,0,0,333,1,0,49.2,55.3,86.8,70.1,63.1,63.0,1,0,0,0,23,16.4,11,2,0,95.8,11,0,0,174,9,307,632,9,0,0,9,0,312,623,8,317,128,9,47,1,16,1,0,140,87,12.7
Kyler Gordon,83451,CB,WASHINGTON,13,3,0,69.2,0,0,340,0,0,70.7,71.6,21.8,58.3,79.7,65.1,0,0,0,0,31,14.3,4,3,4,88.5,18,0,0,6,341,270,369,4,0,0,4,0,1,365,1,98,17,6,21,1,26,0,0,179,53,9.9
Dominique Hampton,83452,CB,WASHINGTON,5,0,0,66.7,0,0,340,0,0,51.6,53.0,78.2,,63.8,77.8,0,0,0,0,41,0.0,0,1,0,104.9,6,0,0,1,72,47,75,0,0,0,0,0,0,75,0,28,2,0,3,0,9,0,0,102,14,17.0
Dustin Bush,83455,CB,WASHINGTON,3,0,0,0.0,0,0,340,0,0,64.8,65.2,72.5,,60.0,21.7,0,0,0,0,,100.0,1,0,0,39.6,0,0,0,0,18,12,18,0,0,0,0,0,0,18,0,6,0,0,0,0,1,0,0,0,0,
Pat Nunn,83457,S,WASH STATE,11,3,0,75.0,0,1,341,0,0,68.9,68.9,83.2,56.2,68.2,70.2,0,0,0,0,47,8.3,1,1,0,156.3,6,0,0,49,2,77,172,16,0,0,16,0,28,156,7,88,77,4,8,2,8,0,1,104,49,17.3
Beanie Bishop Jr.,83459,CB,W KENTUCKY,10,1,0,63.6,0,0,346,0,0,62.0,64.6,80.2,60.0,73.7,85.6,0,0,0,0,33,0.0,0,1,0,121.8,7,0,0,10,162,95,175,0,0,0,0,0,0,175,1,79,0,5,13,0,11,0,1,96,14,13.7
A.J. Brathwaite Jr.,83460,S,W KENTUCKY,5,1,0,0.0,0,0,346,0,0,73.7,73.3,84.7,59.7,66.4,80.2,0,0,0,0,,0.0,0,0,0,39.6,0,0,0,22,0,27,44,3,0,0,3,0,11,41,1,16,5,1,2,0,1,0,0,0,0,
Cardavion Myers,83463,CB,W KENTUCKY,4,0,0,0.0,0,0,346,0,0,65.0,66.2,76.6,,60.0,,0,0,0,0,,,0,0,0,39.6,0,0,0,0,6,7,9,0,0,0,0,0,0,9,0,2,0,0,0,0,1,0,0,0,0,
Alontae Taylor,83469,CB,TENNESSEE,13,3,1,57.5,0,0,307,0,0,61.3,63.3,86.1,73.4,64.5,57.5,2,0,0,1,64,19.1,9,2,1,96.2,23,1,0,42,583,362,662,11,0,0,11,0,3,651,9,291,21,13,35,1,40,3,3,304,95,13.2
Michael Matus,83473,ED,ARIZONA ST,12,1,0,0.0,0,0,110,0,0,55.6,54.2,80.6,53.4,67.7,74.5,0,5,0,0,,25.0,1,0,0,39.6,0,0,0,0,0,7,126,126,1,38,60,27,0,0,98,21,0,1,2,0,1,5,0,0,0,
Noel Iwuchukwu,83474,ED,ARK STATE,12,4,0,,0,0,113,0,0,59.6,67.0,82.7,64.3,66.0,82.5,3,2,0,0,,0.0,0,0,0,0.0,0,1,0,3,0,3,168,165,0,3,114,48,0,3,85,80,0,9,9,1,0,6,0,0,0,
Demitri Washington,83476,ED,BOISE ST,14,2,0,83.3,1,0,120,1,0,66.4,71.4,64.4,68.4,74.4,59.4,2,7,0,0,14,20.0,5,0,1,89.6,5,5,0,75,9,129,411,308,0,0,308,0,3,103,151,131,16,17,18,1,6,14,0,33,10,6.6
Dylan Herberg,83477,ED,BOISE ST,3,0,0,,0,0,120,0,0,61.6,53.9,76.8,65.3,46.2,73.0,0,0,0,0,,,0,0,0,0.0,0,1,0,1,0,4,22,21,0,0,21,0,0,1,5,13,0,1,0,0,0,1,0,0,0,
Lone Toailoa,83479,DI,CAL,12,2,0,,0,0,130,1,0,64.8,72.6,82.0,62.4,75.2,81.8,1,11,0,0,,0.0,0,0,0,0.0,0,2,0,0,0,0,298,298,2,226,7,63,0,0,189,109,0,10,15,2,0,14,0,0,0,
Erick Nisich,83480,G,CAL,1,0,0,,0,0,130,0,0,,58.0,67.8,57.9,,,0,0,0,0,,,0,0,1,0.0,0,0,0,0,0,0,3,3,0,3,0,0,0,0,3,0,0,0,0,0,0,0,0,0,0,
Aaron Maldonado,83481,DI,CAL,9,0,0,,0,0,130,0,0,60.0,52.1,0.0,65.1,50.0,75.3,1,1,0,0,,0.0,0,0,2,0.0,0,2,0,0,0,0,96,96,30,64,0,2,0,0,56,40,0,4,3,0,0,4,0,0,0,
Rolan Wooden II,83484,ED,COAST CAR,3,0,0,,0,0,141,0,0,,45.7,74.1,54.6,46.4,18.2,0,0,0,0,,100.0,1,0,0,0.0,0,0,0,0,0,0,19,19,0,0,12,7,0,0,9,10,0,0,0,0,0,0,0,0,0,
Jaylen Joyner,83489,DI,FAU,4,0,0,,0,0,165,0,0,,66.7,0.0,71.9,65.7,72.8,1,2,0,0,,0.0,0,0,1,0.0,0,0,0,0,0,0,58,58,10,31,2,15,0,0,24,34,0,2,2,0,0,3,0,0,0,
Dalton Hustad,83490,ED,FAU,1,0,0,,0,0,165,0,0,,60.0,65.2,60.0,,,0,0,0,0,,,0,0,0,0.0,0,0,0,0,0,0,1,1,0,0,1,0,0,0,1,0,0,0,0,0,0,0,0,0,0,
Tre Jackson,83491,DI,FAU,1,0,0,,0,0,165,0,0,,60.0,64.4,60.0,,,0,0,0,0,,,0,0,0,0.0,0,0,0,0,0,0,1,1,0,1,0,0,0,0,1,0,0,0,0,0,0,0,0,0,0,
Tre Moore,83492,ED,GA STATE,12,2,0,,0,0,175,0,0,57.9,60.2,79.4,61.4,60.7,49.4,1,2,0,0,,20.0,2,0,0,0.0,0,1,0,0,0,0,149,149,0,3,22,124,0,0,56,93,0,5,6,0,0,4,0,0,0,
Shawn Lawson,83496,CB,KENTUCKY,1,0,0,,0,0,202,0,0,64.4,65.4,73.5,60.0,60.0,74.8,0,0,0,0,,0.0,0,0,0,0.0,0,0,0,0,0,4,6,1,0,0,1,0,0,5,1,1,5,0,1,0,0,0,0,0,0,
Malcolm Rollins,83497,ED,LA LAFAYET,5,0,0,,0,0,207,0,0,60.2,63.9,76.1,59.1,63.8,73.8,0,0,0,0,,0.0,0,0,0,0.0,0,0,0,0,0,1,34,34,0,3,23,8,0,0,14,19,0,1,1,0,0,0,0,0,0,
Barry Howard Jr.,83498,ED,LA MONROE,2,0,0,,0,0,209,0,0,,54.6,74.4,60.0,54.7,18.4,0,0,0,0,,100.0,1,0,0,0.0,0,0,0,0,0,0,13,13,0,0,13,0,0,0,1,12,0,0,0,0,0,0,0,0,0,
Brandon Nettles,83499,ED,LA MONROE,4,1,0,,0,0,209,0,0,,65.6,77.5,70.4,61.5,45.0,1,1,0,0,,25.0,1,0,0,0.0,0,0,0,0,0,0,32,32,0,0,31,1,0,0,5,27,0,2,2,0,0,2,0,0,0,
Myles Cole,83500,ED,LA MONROE,7,1,0,,0,0,209,0,0,60.5,62.0,79.8,53.2,64.9,77.0,0,0,0,0,,0.0,0,0,0,0.0,0,0,0,0,0,2,63,60,0,0,60,0,0,3,19,42,0,1,2,1,0,0,0,0,0,
Travez Moore,83501,ED,LSU,2,0,0,,0,0,211,0,0,61.8,69.0,81.0,66.0,66.5,45.3,3,2,0,0,,33.3,1,0,0,0.0,0,0,0,0,0,4,61,59,0,0,59,0,0,2,44,13,2,1,2,0,0,5,0,0,0,
Tariqious Tisdale,83504,DI,OLE MISS,12,5,0,,0,0,226,0,0,69.3,75.5,46.2,67.2,73.8,70.2,2,5,0,0,,8.7,2,0,1,0.0,0,2,0,1,0,0,246,245,0,43,7,195,0,1,120,126,0,13,16,1,0,9,0,0,0,
Fabien Lovett,83506,DI,MISS STATE,13,6,0,,0,0,227,0,0,59.5,60.9,70.3,64.2,58.0,40.4,1,7,0,0,,20.0,5,0,1,0.0,0,2,0,0,0,4,490,490,193,292,0,5,0,0,235,251,0,12,14,1,0,10,0,0,0,
Jaden Crumedy,83508,DI,MISS STATE,11,5,0,,0,0,227,0,0,56.4,63.9,84.7,59.3,65.4,49.2,2,3,0,0,,15.8,3,0,0,0.0,0,1,0,5,0,2,367,362,70,289,0,3,0,5,182,183,0,9,11,0,0,6,0,0,0,
Zak Mahannah,83510,DI,NEVADA,6,2,0,,0,0,239,0,0,60.0,57.6,78.8,59.5,56.7,76.7,0,1,0,0,,0.0,0,0,0,0.0,0,0,0,0,0,1,76,76,34,0,4,38,0,0,31,44,0,3,4,0,0,1,0,0,0,
Kaleb Meder,83512,ED,NEVADA,6,2,0,,0,0,239,0,0,,65.1,75.3,59.5,66.1,57.4,1,0,0,0,,16.7,1,0,0,0.0,0,0,0,0,0,0,62,62,0,0,8,54,0,0,25,37,0,2,3,0,0,1,0,0,0,
Tyreke Smith,83513,ED,OHIO STATE,11,4,2,100.0,0,0,260,0,0,57.9,75.8,84.2,74.7,73.3,66.7,5,11,0,0,13,9.1,1,0,0,118.8,1,3,0,0,0,8,245,245,0,1,235,9,0,0,140,97,0,6,6,2,1,19,0,13,10,13.0
Javontae Jean-Baptiste,83514,ED,OHIO STATE,13,4,0,0.0,0,0,260,0,0,60.9,65.2,83.6,65.0,61.4,37.7,0,4,0,0,,26.7,4,0,0,39.6,0,2,0,0,0,4,207,207,0,1,206,0,0,0,102,101,0,8,7,0,1,6,0,0,0,
Isaiah Spencer,83536,TE,DOMINION,1,0,0,,0,0,263,0,0,,60.0,60.0,,60.0,,0,0,0,0,,,0,0,0,0.0,0,0,0,0,0,0,1,0,0,0,0,0,0,1,0,1,0,0,0,0,0,0,0,0,0,
Jack Colletto,83540,LB,OREGON ST,2,0,0,0.0,0,0,265,0,0,55.0,64.0,74.4,70.0,68.0,75.6,0,0,0,0,,0.0,0,0,0,39.6,0,0,0,18,0,13,25,3,0,0,3,0,1,22,3,9,3,0,2,0,1,0,0,0,0,
Ben Peterson,83599,TE,AIR FORCE,1,0,0,,0,0,101,0,0,,60.0,60.0,,60.0,,0,0,0,0,,,0,0,1,0.0,0,0,0,0,0,0,1,0,0,0,0,0,0,1,0,1,0,0,0,0,0,0,0,0,0,
Brandon Walters,83626,TE,ARMY,2,0,0,,0,0,114,0,0,,60.0,60.0,60.0,,,0,0,0,0,,,0,0,0,0.0,0,0,0,0,0,0,2,0,0,0,0,0,0,2,2,0,0,0,0,0,0,0,0,0,0,
A.J. Howard,83627,TE,ARMY,1,0,0,100.0,0,0,114,0,0,,60.0,60.0,60.0,,,0,0,0,0,22,,0,0,0,118.8,1,0,0,0,0,0,1,0,0,0,0,0,0,1,1,0,0,0,0,0,1,0,0,22,21,22.0
Malcolm Davidson,83660,HB,FAU,1,0,0,,0,0,165,0,0,60.0,62.4,60.0,,,,0,0,0,0,,,0,0,0,0.0,0,0,0,0,0,1,1,0,0,0,0,0,0,1,0,0,0,0,0,0,0,0,0,0,0,
Tucker Gregg,83669,HB,GA STATE,1,0,0,,1,0,175,0,0,,60.0,60.0,60.0,,,0,0,0,0,,,0,0,1,0.0,0,0,0,0,0,0,1,0,0,0,0,0,0,1,1,0,0,0,0,0,0,0,0,0,0,
Tylan Knight,83710,WR,OLE MISS,1,0,0,,0,0,226,0,0,,67.6,60.0,,61.1,72.2,0,0,0,0,,0.0,0,0,0,0.0,0,0,0,0,0,0,1,0,0,0,0,0,0,1,0,1,0,1,1,0,0,0,0,0,0,
Brody Belt,83717,HB,NEBRASKA,1,0,0,,0,0,238,0,0,,60.1,60.0,,60.0,,0,0,0,0,,,0,0,0,0.0,0,0,0,0,0,0,2,0,0,0,0,0,0,2,0,2,0,0,0,0,0,0,0,0,0,
Travis Dye,83738,HB,OREGON,1,0,0,,0,0,264,0,0,,60.0,60.0,,60.0,,0,0,0,0,,,0,0,0,0.0,0,0,0,0,0,0,1,0,0,0,0,0,0,1,0,1,0,0,0,0,0,0,0,0,0,
Alfred Armour,83743,FB,PURDUE,1,0,0,,0,0,273,0,0,,60.0,60.0,,60.0,,0,0,0,0,,,0,0,0,0.0,0,0,0,0,0,0,1,0,0,0,0,0,0,1,0,1,0,0,0,0,0,0,0,0,0,
Tony Brown,83754,HB,S ALABAMA,1,0,0,,0,0,288,0,0,,60.0,60.0,,60.0,,0,0,0,0,,,0,0,0,0.0,0,0,0,0,0,0,1,0,0,0,0,0,0,1,0,1,0,0,0,0,0,0,0,0,0,
Jeremy Banks,83769,LB,TENNESSEE,3,3,0,66.7,0,0,307,0,0,68.6,58.3,74.2,60.0,47.7,71.0,1,0,0,2,8,11.1,1,0,0,77.1,2,0,0,49,0,17,52,1,0,0,1,0,0,51,1,34,1,3,5,2,3,1,1,14,15,7.0
Marquez Johnson,83776,CB,TEXAS A&M,1,0,0,66.7,0,0,312,0,0,54.8,54.6,70.5,,60.0,74.8,0,0,0,0,20,0.0,0,0,0,93.8,2,0,0,0,0,5,6,0,0,0,0,0,1,6,0,1,5,0,1,0,3,0,0,26,12,13.0
Gino Appleberry,83803,HB,W KENTUCKY,1,0,0,,0,0,346,0,0,60.0,62.4,60.0,,,,0,0,0,0,,,0,0,0,0.0,0,0,0,0,0,1,1,0,0,0,0,0,0,1,0,0,0,0,0,0,0,0,0,0,0,
Nakia Watson,83807,HB,WISCONSIN,3,0,0,,0,0,349,0,0,,61.2,60.0,,60.0,,0,0,0,0,,,0,0,0,0.0,0,0,0,0,0,0,3,0,0,0,0,0,0,3,0,3,0,0,0,0,0,0,0,0,0,
Amari Burney,83811,LB,FLORIDA,8,6,0,69.0,0,1,163,1,0,60.7,60.8,83.1,56.7,61.1,70.9,0,2,0,1,47,10.0,4,1,0,87.4,20,0,0,144,2,174,284,5,0,0,5,0,0,279,18,92,133,14,30,1,29,2,1,214,121,10.7
Umstead Sanders,83816,DI,FLORIDA,2,0,0,,0,0,163,0,0,,47.4,69.0,58.5,52.5,,0,0,0,0,,,0,0,0,0.0,0,0,0,0,0,0,5,5,0,4,0,1,0,0,2,3,0,0,0,0,0,0,0,0,0,
Moses Gordon III,83820,DI,FLORIDA,1,0,0,,0,0,163,0,0,,60.7,64.7,,60.0,,0,0,0,0,,,0,0,0,0.0,0,0,0,0,0,0,1,1,0,1,0,0,0,0,0,1,0,0,0,0,0,0,0,0,0,
Fa'Najae Gotay,83821,LB,MARYLAND,8,12,0,85.7,0,0,215,0,0,54.5,61.4,87.4,60.9,68.2,53.5,0,2,0,0,26,17.1,6,0,0,101.8,12,0,0,135,1,79,178,16,0,0,16,0,0,162,20,79,24,7,17,2,14,2,0,118,84,9.8
Michael Barrett,83822,LB,MICHIGAN,5,1,0,100.0,0,0,222,0,0,43.5,55.8,75.2,,74.5,79.8,0,0,0,0,18,0.0,0,0,0,118.8,2,0,0,12,0,11,29,5,0,0,5,0,1,24,0,18,11,0,3,0,2,0,0,25,3,12.5
Alex Williams,83824,ED,OHIO STATE,5,1,0,,0,0,260,0,0,61.2,74.5,3.9,62.8,77.7,79.4,0,0,0,0,,0.0,0,0,1,0.0,0,0,0,0,0,0,65,65,0,0,65,0,0,0,29,36,0,8,8,0,0,0,0,0,0,
Bryan Addison,83825,WR,OREGON,1,0,0,,0,0,264,0,0,,60.0,60.0,,60.0,,0,0,0,0,,,0,0,2,0.0,0,0,0,0,0,0,1,0,0,0,0,0,0,1,0,1,0,0,0,0,0,0,0,0,0,
Austin Ajiake,83826,LB,UNLV,4,0,0,100.0,0,0,325,0,0,59.8,61.2,76.8,,61.7,77.8,0,0,0,0,4,0.0,0,0,0,83.3,1,0,0,6,0,9,25,9,0,0,9,0,1,16,0,16,9,2,2,0,1,0,0,4,0,4.0
Christian Young,83827,S,ARIZONA,12,4,0,50.0,0,2,109,1,0,64.9,63.6,0.0,,73.6,61.8,0,0,0,0,38,16.7,5,2,4,96.3,9,0,0,63,2,248,406,8,0,0,8,0,260,398,0,158,72,1,21,0,18,0,1,147,37,16.3
Day Day Coleman,83828,LB,ARIZONA,3,2,0,100.0,0,0,109,0,0,67.9,64.1,74.0,62.7,53.8,69.0,0,0,0,0,0,25.0,2,0,0,79.2,1,0,0,40,0,24,46,0,0,0,0,0,0,46,4,18,5,2,4,0,1,0,0,0,2,0.0
Cam Phillips,83830,S,ARIZONA ST,9,9,0,58.3,0,1,110,1,0,71.9,73.3,89.9,56.2,74.4,74.0,0,0,0,1,58,10.4,7,3,0,83.7,21,0,0,137,8,335,556,10,0,0,10,0,188,546,5,216,212,15,51,3,36,0,2,225,155,10.7
Aashari Crosswell,83831,S,ARIZONA ST,13,5,0,57.8,0,3,110,1,0,76.8,77.0,54.1,,75.8,90.8,0,0,0,2,39,3.8,2,6,3,86.6,26,0,0,123,10,481,793,2,0,0,2,0,316,791,0,312,342,14,45,2,45,0,4,273,134,10.5
Ely Doyle,83832,LB,ARIZONA ST,1,0,0,,0,0,110,0,0,61.3,73.2,72.6,74.0,60.0,,0,1,0,0,,,0,0,0,0.0,0,0,0,1,0,2,8,3,0,0,3,0,0,5,5,1,4,0,0,0,0,1,0,0,0,
Armani-Eli Adams,83838,S,FAU,8,2,0,100.0,0,0,165,0,0,50.6,53.8,81.2,60.0,58.9,63.6,1,1,0,0,57,14.3,1,0,0,158.3,1,0,0,15,2,49,96,4,0,0,4,0,27,92,1,46,46,0,4,0,1,2,1,57,19,57.0
Kaelen Skipper,83839,LB,FAU,1,1,0,,0,0,165,0,0,,64.1,62.1,,61.2,74.3,0,0,0,0,,0.0,0,0,0,0.0,0,0,0,1,0,0,1,0,0,0,0,0,0,1,0,1,0,0,0,0,0,0,0,0,0,
Jacorey Crawford,83840,S,GA STATE,9,0,0,42.9,0,0,175,0,0,53.3,48.2,80.0,55.8,41.7,29.2,0,2,0,0,15,36.8,7,1,1,53.9,3,0,0,59,0,59,145,13,0,0,13,0,11,132,5,81,62,2,12,0,7,2,0,27,6,9.0
Courtney Williams,83842,S,GA STATE,7,2,0,,0,0,175,0,0,72.1,69.4,77.2,,63.6,75.4,0,0,0,0,,7.7,1,1,0,0.0,0,0,0,66,0,61,137,0,0,0,0,0,52,137,0,76,19,4,10,0,0,0,0,0,0,
Tyler Glass,83845,S,LA MONROE,12,19,0,66.7,0,0,209,0,0,49.1,50.7,87.6,60.0,53.0,57.1,2,1,0,0,84,16.1,14,2,0,149.3,16,0,0,159,2,331,713,5,0,0,5,0,445,708,8,374,101,8,54,2,24,3,5,318,201,19.9
Jabari Johnson,83846,S,LA MONROE,4,1,0,100.0,0,0,209,0,0,30.4,36.8,72.8,,50.2,28.4,0,0,0,0,42,50.0,2,0,0,158.3,2,0,0,28,1,12,42,0,0,0,0,0,7,42,0,30,6,0,1,0,2,0,1,48,20,24.0
Michael Dowell,83855,LB,MICH STATE,9,1,1,88.9,0,0,223,1,1,60.2,54.5,79.2,57.7,37.1,69.2,1,1,0,0,16,9.1,1,0,0,99.1,8,0,0,54,0,56,94,17,0,0,17,0,2,77,22,16,21,5,9,0,9,2,0,70,36,8.8
Marcus Murphy,83857,S,MISS STATE,3,2,0,54.5,0,0,227,0,0,85.6,67.0,80.9,,35.7,29.7,0,0,1,2,25,33.3,10,0,0,40.5,6,0,0,54,0,96,198,0,0,0,0,0,118,198,0,102,26,4,18,1,11,0,0,86,42,14.3
Shawn Preston Jr.,83858,S,MISS STATE,6,2,0,66.7,0,0,227,0,0,49.8,53.6,79.2,,61.3,62.2,0,0,0,0,38,16.0,4,2,0,128.5,6,0,0,54,1,81,148,0,0,0,0,0,68,148,0,67,25,3,19,0,9,0,1,73,55,12.2
Patrick Peek,83861,S,NEW MEXICO,4,5,0,70.0,0,0,241,0,0,68.8,65.5,0.0,58.8,63.5,82.4,0,0,0,0,54,4.8,1,0,2,136.3,7,0,0,54,0,176,277,9,0,0,9,0,64,268,2,99,150,6,15,1,10,0,1,102,100,14.6
Alex Morris,83862,S,N TEXAS,8,4,0,75.0,0,0,251,0,0,66.6,62.3,79.3,,51.2,55.9,0,0,0,0,8,18.8,3,0,0,85.4,3,0,0,31,0,42,86,1,0,0,1,0,26,85,0,44,28,4,9,0,4,0,0,20,6,6.7
Jaxon Gibbs,83863,CB,N TEXAS,6,3,0,69.2,0,1,251,0,0,60.0,62.9,83.6,70.6,65.4,81.2,0,0,0,0,31,8.7,2,0,0,96.0,9,1,0,70,2,125,244,18,0,0,18,0,13,226,2,117,140,5,18,0,13,1,0,113,45,12.6
Josh Proctor,83864,S,OHIO STATE,11,0,0,75.0,0,0,260,0,0,80.4,78.3,80.3,63.2,63.6,72.3,0,0,0,1,27,9.1,1,3,0,77.1,3,0,0,13,0,85,129,0,0,0,0,0,107,129,1,43,8,2,10,0,4,0,0,53,4,17.7
Marcus Hooker,83865,S,OHIO STATE,7,1,0,50.0,0,0,260,0,0,77.6,73.6,78.6,,62.1,82.0,0,0,0,0,2,0.0,0,0,0,56.3,1,0,0,4,1,36,82,0,0,0,0,0,64,82,0,46,12,1,3,0,2,0,0,2,9,2.0
Owen Fankhauser,83866,S,OHIO STATE,1,0,0,,0,0,260,0,0,,60.0,63.7,,60.0,,0,0,0,0,,,0,0,0,0.0,0,0,0,0,0,0,1,0,0,0,0,0,1,1,0,1,0,0,0,0,0,0,0,0,0,
Damion Charity,83867,S,DOMINION,1,0,0,,0,0,263,0,0,,60.0,73.9,,60.0,,0,0,0,0,,,0,0,0,0.0,0,0,0,0,0,0,1,0,0,0,0,0,0,1,0,1,0,0,0,0,0,0,0,0,0,
Justinn Richardson,83871,S,DOMINION,8,3,0,77.8,0,1,263,0,0,52.8,57.7,81.5,57.9,64.9,54.4,0,0,0,0,22,19.0,4,1,0,147.9,7,0,0,70,0,92,206,3,0,0,3,0,111,203,2,112,22,2,14,0,9,0,2,90,42,12.9
Jevon Holland,83873,CB,OREGON,14,15,0,63.8,0,0,264,0,0,85.3,81.5,90.3,52.2,72.4,74.1,2,3,1,4,57,11.3,9,5,1,69.2,44,0,0,179,28,541,884,60,0,0,60,0,24,824,14,329,591,24,56,4,69,5,2,472,170,10.7
Steve Stephens IV,83874,S,OREGON,5,2,0,100.0,0,0,264,0,0,73.5,70.7,78.9,60.0,59.7,60.8,0,0,0,1,5,16.7,1,0,0,47.9,1,0,0,5,0,38,66,0,0,0,0,0,43,66,1,27,17,1,3,0,1,0,0,5,9,5.0
Rashad Scott,83879,S,S DIEGO ST,2,0,0,,0,0,284,0,0,63.7,64.4,70.1,,60.0,74.3,0,0,0,0,,0.0,0,0,0,0.0,0,0,0,0,0,2,3,1,0,0,1,0,1,2,0,1,1,1,1,0,0,0,0,0,0,
Allan Mwata,83880,S,S DIEGO ST,1,0,0,0.0,0,0,284,0,0,60.6,60.9,67.5,,60.0,,0,0,0,0,,,0,0,0,39.6,0,0,0,3,0,2,3,0,0,0,0,0,0,3,0,1,0,0,0,0,1,0,0,0,0,
Bobby Brown II,83885,CB,S JOSE ST,10,5,0,65.2,0,0,285,0,0,66.4,64.5,87.2,57.8,54.9,38.5,1,0,0,3,55,29.2,7,1,1,58.2,15,0,0,28,16,186,313,2,0,0,2,0,53,311,9,118,214,7,12,0,23,1,1,148,80,9.9
Tre Jenkins,83886,S,S JOSE ST,4,3,0,100.0,0,0,285,0,0,51.9,60.7,75.5,,75.8,81.4,0,0,0,0,30,0.0,0,0,0,158.3,1,0,0,6,0,15,27,0,0,0,0,0,16,27,0,12,5,0,0,0,1,0,1,30,18,30.0
Keith Gallmon Jr.,83890,S,S ALABAMA,12,10,0,59.1,0,1,288,0,0,74.8,76.8,87.6,,75.9,63.2,0,0,0,1,22,17.1,13,3,0,68.4,13,0,0,160,1,276,604,6,0,0,6,0,316,598,0,328,121,15,53,2,22,0,1,110,74,8.5
Collin Willis,83898,S,TROY,4,2,0,100.0,0,0,318,0,0,53.9,61.0,81.2,64.2,74.3,50.1,0,2,0,0,13,25.0,2,0,0,97.0,7,0,0,11,0,33,68,19,0,0,19,0,0,49,8,27,38,2,4,0,7,2,0,51,34,7.3
Jaquez Dunmore,83899,S,TROY,12,7,0,73.3,0,0,318,1,0,50.7,51.5,34.6,60.0,55.2,54.2,0,0,0,0,64,20.0,8,0,2,154.9,11,0,0,171,4,262,467,1,0,0,1,0,147,466,1,204,144,3,25,0,15,0,3,245,107,22.3
TJ Harris,83901,CB,TROY,12,10,0,74.5,0,1,318,1,0,51.1,59.2,88.0,58.5,74.0,70.9,0,1,0,1,43,10.7,6,3,0,94.7,35,0,0,152,13,326,632,65,0,0,65,0,18,567,19,287,383,22,40,4,47,1,0,445,256,12.7
Micah Murphy,83902,S,TROY,5,1,0,,0,0,318,0,0,54.6,57.2,71.3,60.0,63.6,74.3,0,0,0,0,,0.0,0,0,0,0.0,0,0,0,3,0,10,19,0,0,0,0,0,9,19,1,8,5,0,0,0,0,0,0,0,0,
Talanoa Hufanga,83903,S,USC,10,10,1,77.3,0,2,326,0,0,71.1,70.2,53.1,58.7,70.2,78.3,4,4,0,0,36,12.8,11,1,1,136.7,17,2,0,269,1,354,654,50,0,0,50,0,253,604,33,267,81,18,65,4,22,10,2,211,81,12.4
Jordan McMillan,83904,S,USC,3,0,0,,0,0,326,0,0,66.9,70.4,73.8,,70.4,80.1,0,0,0,0,,0.0,0,0,0,0.0,0,0,0,5,0,16,24,1,0,0,1,0,8,23,0,8,10,1,3,0,0,0,0,0,0,
Shaq Bond,83906,S,UTAH ST,13,15,0,46.2,0,0,329,0,0,75.8,73.9,88.0,79.7,66.5,58.9,4,0,1,3,19,15.1,14,3,0,54.3,6,0,0,228,20,452,953,24,0,0,24,0,586,929,5,496,95,22,64,3,13,4,2,43,11,7.2
Kelechi Nwachuku,83908,S,UTSA,11,7,1,75.0,0,0,331,0,0,54.3,56.3,84.2,70.2,57.5,55.6,0,0,0,0,28,18.6,8,2,0,115.6,6,0,0,75,2,189,352,6,0,0,6,0,219,346,4,159,48,9,28,1,8,0,0,98,44,16.3
Tyrese Ross,83910,S,WASH STATE,11,4,0,87.5,0,1,341,0,0,58.5,57.2,3.6,60.0,57.9,30.0,0,0,0,0,19,29.5,13,0,2,139.1,7,0,0,104,0,119,253,2,0,0,2,0,101,251,1,133,46,8,27,1,8,0,1,63,38,9.0
Chad Davis Jr.,83913,S,WASH STATE,3,1,0,0.0,0,0,341,1,0,67.9,58.7,74.9,,44.5,50.9,0,0,0,0,,25.0,1,0,0,39.6,0,0,0,8,0,11,32,0,0,0,0,0,14,32,0,21,10,0,2,0,1,0,0,0,0,
Reggie Pearson Jr.,83915,S,WISCONSIN,14,12,0,52.0,0,1,349,0,0,69.9,68.3,40.3,66.6,64.8,53.8,1,2,0,0,37,21.0,17,4,2,111.0,13,0,0,232,3,385,667,10,0,0,10,0,222,657,17,265,200,18,52,3,25,3,3,156,65,12.0
John Torchio,83916,S,WISCONSIN,7,1,0,33.3,0,0,349,0,0,66.0,61.9,78.3,58.0,51.7,54.6,0,0,0,1,12,25.0,2,1,0,4.2,2,0,0,24,0,54,88,0,0,0,0,0,52,88,2,32,12,3,5,0,6,0,0,20,3,10.0
Crishaun Lappin,84017,TE,NEVADA,1,0,0,,1,0,239,0,0,,60.0,60.0,,60.0,,0,0,0,0,,,0,0,2,0.0,0,0,0,0,0,0,1,0,0,0,0,0,0,1,0,1,0,0,0,0,0,0,0,0,0,
Payne Durham,84037,TE,PURDUE,1,0,0,,0,0,273,0,0,,60.0,60.0,,60.0,,0,0,0,0,,,0,0,0,0.0,0,0,0,0,0,0,1,0,0,0,0,0,0,1,0,1,0,0,0,0,0,0,0,0,0,
Derrick Deese Jr.,84043,TE,S JOSE ST,1,0,0,,0,0,285,0,0,60.0,60.0,64.7,,,,0,0,0,0,,,0,0,3,0.0,0,0,0,0,0,1,1,0,0,0,0,0,1,1,0,0,0,0,0,0,0,0,0,0,0,
Gerrit Prince,84065,TE,UAB,1,0,0,,0,0,321,0,0,60.0,60.0,63.1,,,,0,0,0,0,,,0,0,2,0.0,0,0,0,0,0,1,1,0,0,0,0,0,1,1,0,0,0,0,0,0,0,0,0,0,0,
David Priebe,84067,TE,UCLA,1,0,0,,0,0,324,0,0,,60.0,60.0,,60.0,,0,0,0,0,,,0,0,0,0.0,0,0,0,0,0,0,1,0,0,0,0,0,0,1,0,1,0,0,0,0,0,0,0,0,0,
Greg Dulcich,84068,WR,UCLA,1,0,0,,0,0,324,0,0,,60.0,60.0,,60.0,,0,0,0,0,,,0,0,0,0.0,0,0,0,0,0,0,1,0,0,0,0,0,0,1,0,1,0,0,0,0,0,0,0,0,0,
Jaylen Waddle,84088,WR,ALABAMA,1,0,0,,0,0,103,0,0,,60.0,61.8,,60.0,,0,0,0,0,,,0,0,0,0.0,0,0,0,0,0,0,1,0,0,0,0,0,0,1,0,1,0,0,0,0,0,0,0,0,0,
Slade Bolden,84089,WR,ALABAMA,1,0,0,,0,0,103,0,0,,60.0,60.0,,60.0,,0,0,0,0,,0.0,0,0,0,0.0,0,0,0,0,0,0,1,0,0,0,0,0,0,1,0,1,0,1,1,0,0,0,0,0,0,
Brandon Aiyuk,84109,WR,ARIZONA ST,1,0,0,,1,0,110,0,0,,60.1,60.0,,60.0,,0,0,0,0,,,0,0,4,0.0,0,0,0,0,0,0,1,0,0,0,0,0,0,1,0,1,0,0,0,0,0,0,0,0,0,
Michael Roberts,84128,WR,ARMY,2,0,0,,0,0,114,0,0,,60.0,60.0,60.0,,,0,0,0,0,,,0,0,2,0.0,0,0,0,0,0,0,2,0,0,0,0,0,0,2,2,0,0,0,0,0,0,0,0,0,0,
Jalen Moy,84134,WR,ARMY,2,0,0,,0,0,114,0,0,,60.0,60.0,60.0,,,0,0,0,0,,,0,0,0,0.0,0,0,0,0,0,0,2,0,0,0,0,0,0,2,2,0,0,0,0,0,0,0,0,0,0,
Anthony Schwartz,84135,WR,AUBURN,2,0,0,,0,0,115,0,0,60.0,62.8,78.7,,60.0,,0,0,0,0,,,0,0,1,0.0,0,0,0,0,0,1,2,0,0,0,0,0,0,2,0,1,0,0,0,0,0,0,0,0,0,
Matthew Hill,84138,WR,AUBURN,2,0,0,,1,0,115,0,0,60.0,62.9,60.0,,60.0,,0,0,0,0,,,0,0,1,0.0,0,0,0,0,0,1,2,0,0,0,0,0,0,2,0,1,0,0,0,0,0,0,0,0,0,
Jaivon Heiligh,84159,WR,COAST CAR,2,0,0,,0,0,141,0,0,60.0,62.3,61.5,,61.9,70.3,0,0,0,0,,0.0,0,0,3,0.0,0,0,0,0,0,1,2,0,0,0,0,0,1,2,0,1,0,0,1,0,0,0,0,0,0,
Maurquel Dillard,84184,S,FIU,1,0,0,,0,0,166,0,0,,60.0,67.7,,60.0,,0,0,0,0,,,0,0,0,0.0,0,0,0,0,0,0,3,0,0,0,0,0,3,3,0,3,0,0,0,0,0,0,0,0,0,
Kearis Jackson,84188,WR,GEORGIA,1,0,0,,0,0,173,0,0,,60.0,60.0,,60.0,,0,0,0,0,,,0,0,0,0.0,0,0,0,0,0,0,1,0,0,0,0,0,0,1,0,1,0,0,0,0,0,0,0,0,0,
Zac Berezowitz,84243,CB,KENTUCKY,1,0,0,,0,0,202,0,0,64.1,65.0,70.3,,60.0,,0,0,0,0,,,0,0,0,0.0,0,0,0,0,9,6,9,0,0,0,0,0,0,9,0,3,0,0,0,0,0,0,0,0,0,
Allen Dailey Jr.,84245,WR,KENTUCKY,1,1,0,,1,0,202,0,0,,62.2,60.0,,60.6,71.5,0,0,0,0,,0.0,0,0,1,0.0,0,0,0,0,0,0,1,0,0,0,0,0,0,1,0,1,0,0,0,0,0,0,0,0,0,
Ahmad Wagner,84249,WR,KENTUCKY,1,0,0,,0,0,202,0,0,,60.0,60.0,,60.0,,0,0,0,0,,,0,0,0,0.0,0,0,0,0,0,0,1,0,0,0,0,0,0,1,0,1,0,0,0,0,0,0,0,0,0,
Josh Newton,84268,CB,LA MONROE,12,1,0,59.6,2,0,209,0,0,52.8,53.9,17.7,60.0,63.4,72.6,0,0,0,0,62,11.1,3,1,7,125.7,28,0,0,70,592,322,697,4,0,0,4,0,1,693,1,374,27,4,23,0,47,0,5,434,190,15.5
Kenan Jones,84273,S,LSU,1,0,0,,0,0,211,0,0,61.7,62.2,70.1,,60.0,,0,0,0,0,,,0,0,0,0.0,0,0,0,0,0,4,8,0,0,0,0,0,7,8,0,4,1,0,0,0,0,0,0,0,0,
Colby Brunet,84277,WR,LSU,1,0,0,,0,0,211,0,0,,60.1,60.0,,60.0,,0,0,0,0,,,0,0,0,0.0,0,0,0,0,0,0,1,0,0,0,0,0,0,1,0,1,0,0,0,0,0,0,0,0,0,
Naquan Renalds,84280,S,MARSHALL,4,0,0,100.0,0,0,214,0,0,76.0,78.2,72.4,,67.2,77.7,0,0,0,1,7,0.0,0,0,0,56.3,1,0,0,4,0,5,13,2,0,0,2,0,5,11,0,8,1,1,2,0,1,0,0,7,2,7.0
Talik Keaton,84282,WR,MARSHALL,1,0,0,,0,0,214,0,0,,60.0,60.0,,60.0,,0,0,0,0,,,0,0,0,0.0,0,0,0,0,0,0,1,0,0,0,0,0,0,1,0,1,0,0,0,0,0,0,0,0,0,
Dontay Demus Jr.,84284,WR,MARYLAND,4,0,0,,0,0,215,0,0,,68.9,60.0,,67.1,71.5,0,0,0,0,,,0,0,0,0.0,0,0,0,0,0,0,4,0,0,0,0,0,0,4,0,4,0,0,0,0,0,0,0,0,0,
Brian Cobbs,84285,WR,MARYLAND,1,0,0,,0,0,215,0,0,,57.9,60.0,,60.0,,0,0,0,0,,0.0,0,0,0,0.0,0,0,0,0,0,0,1,0,0,0,0,0,0,1,0,1,0,0,1,0,0,0,0,0,0,
Darryl Jones,84286,WR,MARYLAND,1,0,0,,0,0,215,0,0,,60.0,60.0,,60.0,,0,0,0,0,,,0,0,1,0.0,0,0,0,0,0,0,1,0,0,0,0,0,0,1,0,1,0,0,0,0,0,0,0,0,0,
Elijah Moore,84302,WR,OLE MISS,1,0,0,,0,0,226,0,0,,60.0,60.0,,60.0,,0,0,0,0,,,0,0,3,0.0,0,0,0,0,0,0,1,0,0,0,0,0,0,1,0,1,0,0,0,0,0,0,0,0,0,
Cole Turner,84330,WR,NEVADA,1,0,0,,1,0,239,0,0,,60.0,60.0,,60.0,,0,0,0,0,,,0,0,1,0.0,0,0,0,0,0,0,1,0,0,0,0,0,0,1,0,1,0,0,0,0,0,0,0,0,0,
Cameron Brown,84353,CB,OHIO STATE,14,3,0,40.0,1,0,260,0,0,59.9,62.4,82.2,60.0,71.6,86.5,1,0,0,0,24,0.0,0,0,3,68.3,8,0,0,8,216,137,255,0,0,0,0,0,4,255,1,117,26,7,11,2,20,1,1,78,12,9.8
Chris Olave,84355,WR,OHIO STATE,1,0,0,,0,0,260,0,0,,60.0,60.0,,60.0,,0,0,0,0,,,0,0,2,0.0,0,0,0,0,0,0,1,0,0,0,0,0,0,1,0,1,0,0,0,0,0,0,0,0,0,
Darius Savedge,84362,WR,DOMINION,1,0,0,,0,0,263,0,0,,60.0,60.0,,60.0,,0,0,0,0,,,0,0,0,0.0,0,0,0,0,0,0,1,0,0,0,0,0,0,1,0,1,0,0,0,0,0,0,0,0,0,
Jahan Dotson,84375,WR,PENN STATE,1,0,0,,0,0,266,0,0,,60.0,60.0,,60.0,,0,0,0,0,,,0,0,1,0.0,0,0,0,0,0,0,1,0,0,0,0,0,0,1,0,1,0,0,0,0,0,0,0,0,0,
Amad Anderson Jr.,84380,WR,PURDUE,1,0,0,,1,0,273,0,0,,60.0,60.0,,60.0,,0,0,0,0,,,0,0,1,0.0,0,0,0,0,0,0,1,0,0,0,0,0,0,1,0,1,0,0,0,0,0,0,0,0,0,
Jesse Matthews,84395,WR,S DIEGO ST,1,0,0,,0,0,284,0,0,,60.0,60.0,,60.0,,0,0,0,0,,,0,0,2,0.0,0,0,0,0,0,0,1,0,0,0,0,0,0,1,0,1,0,0,0,0,0,0,0,0,0,
Kobe Smith,84397,WR,S DIEGO ST,1,0,0,,0,0,284,0,0,,60.0,60.0,,60.0,,0,0,0,0,,,0,0,1,0.0,0,0,0,0,0,0,1,0,0,0,0,0,0,1,0,1,0,0,0,0,0,0,0,0,0,
Tyrone Legette,84413,CB,S ALABAMA,5,0,0,0.0,0,0,288,0,0,51.6,42.5,73.3,,46.8,,0,0,0,0,,,0,0,0,39.6,0,0,0,4,13,2,22,3,0,0,3,0,0,19,0,20,0,0,0,0,1,0,0,0,0,
Darius Rush,84416,CB,S CAROLINA,1,0,0,50.0,0,0,289,0,0,81.7,82.2,72.9,,60.0,77.0,0,0,0,0,2,0.0,0,1,0,56.3,1,0,0,0,20,13,20,0,0,0,0,0,0,20,0,7,0,1,2,0,2,0,0,2,0,2.0
Cedric Tillman,84434,WR,TENNESSEE,1,0,0,,0,0,307,0,0,,60.0,60.0,,60.0,72.6,0,0,0,0,,0.0,0,0,1,0.0,0,0,0,0,0,0,1,0,0,0,0,0,0,1,0,1,0,1,1,1,0,0,0,0,0,
Kendall Parham,84458,WR,UAB,1,0,0,,0,0,321,0,0,,62.1,60.0,,60.6,74.4,0,0,0,0,,0.0,0,0,2,0.0,0,0,0,0,0,0,1,0,0,0,0,0,0,1,0,1,0,1,1,1,0,0,0,0,0,
TD Marshall,84462,CB,UAB,14,1,0,37.8,0,0,321,1,0,65.9,60.2,44.3,61.4,33.8,50.5,0,2,1,1,42,15.2,5,5,4,81.1,17,0,0,19,527,317,588,16,0,0,16,0,2,572,5,266,24,7,27,1,45,2,5,213,55,12.5
Kyle Philips,84463,WR,UCLA,1,0,0,,0,0,324,0,0,,60.0,60.0,,60.0,,0,0,0,0,,,0,0,0,0.0,0,0,0,0,0,0,1,0,0,0,0,0,0,1,0,1,0,0,0,0,0,0,0,0,0,
Siaosi Mariner,84476,WR,UTAH ST,1,0,0,,0,0,329,0,0,60.0,60.0,63.1,,,,0,0,0,0,,,0,0,2,0.0,0,0,0,0,0,1,1,0,0,0,0,0,1,1,0,0,0,0,0,0,0,0,0,0,0,
Sam Lockett III,84482,S,UTAH ST,3,1,0,,0,0,329,0,0,65.3,71.3,74.6,,74.4,80.3,0,0,0,0,,0.0,0,0,0,0.0,0,0,0,1,0,13,25,0,0,0,0,0,24,25,0,12,0,0,2,0,0,0,0,0,0,
Brady Schipper,84518,HB,WISCONSIN,1,0,0,,0,0,349,0,0,,60.0,60.0,,60.0,,0,0,0,0,,,0,0,0,0.0,0,0,0,0,0,0,1,0,0,0,0,0,0,1,0,1,0,0,0,0,0,0,0,0,0,
Luke Martin,84526,LB,CHARLOTTE,12,10,0,83.3,0,0,136,0,0,72.1,52.6,80.8,59.7,38.4,56.3,1,1,0,0,11,15.6,5,0,0,81.3,5,1,0,192,0,73,216,2,0,0,2,0,0,214,13,130,22,10,17,1,6,3,0,21,31,4.2
Lance McMillan,84527,CB,CHARLOTTE,11,1,0,52.6,1,0,136,0,0,55.3,57.1,81.6,53.4,65.4,75.1,0,0,0,0,40,7.1,1,3,1,98.1,10,0,0,17,166,105,221,1,0,0,1,0,1,220,3,113,35,2,12,0,19,0,1,158,46,15.8
DJ Anderson,84528,CB,CHARLOTTE,6,0,0,50.0,0,0,136,0,0,51.3,55.0,75.9,68.2,58.1,81.2,0,0,0,0,73,0.0,0,1,0,135.4,2,1,0,21,1,23,68,0,0,0,0,0,2,68,2,43,44,2,4,0,4,1,1,88,48,44.0
Matt Martinez,84530,S,CHARLOTTE,5,1,0,100.0,0,0,136,0,0,77.2,60.1,86.1,60.0,28.2,49.7,0,0,0,0,3,28.6,2,0,0,79.2,2,0,0,24,0,20,42,1,0,0,1,0,5,41,1,21,11,3,4,0,2,0,0,6,0,3.0
Jonnie Pitman,84533,CB,CHARLOTTE,11,3,0,64.1,0,0,136,0,0,49.8,50.3,51.7,61.4,50.4,39.1,1,2,0,0,64,22.9,8,2,3,122.1,25,1,0,133,7,241,569,42,0,0,42,0,3,527,21,307,384,14,24,4,39,4,4,303,133,12.1
Markees Watts,84537,ED,CHARLOTTE,13,9,0,66.7,0,3,136,0,0,62.0,64.3,53.4,69.2,60.1,67.7,3,16,0,0,40,12.9,8,0,3,109.7,2,9,0,0,0,28,763,763,0,12,740,11,0,0,322,413,0,30,45,5,3,28,0,50,56,25.0
Dillon Overholt,84538,LB,CHARLOTTE,1,0,0,,0,0,136,0,0,,31.3,69.1,59.0,43.0,,0,0,0,0,,,0,0,0,0.0,0,0,0,3,0,0,6,0,0,0,0,0,0,6,1,5,3,0,0,0,0,0,0,0,0,
B.J. Turner,84540,LB,CHARLOTTE,1,0,0,,0,0,136,0,0,,60.0,60.0,,60.0,,0,0,0,0,,,0,0,0,0.0,0,0,0,0,0,0,1,0,0,0,0,0,0,1,0,1,0,0,0,0,0,0,0,0,0,
Bryan Wallace,84541,DI,CHARLOTTE,11,8,0,,0,0,136,0,0,60.0,65.7,82.2,54.1,70.1,53.5,1,4,0,0,,17.4,4,0,0,0.0,0,0,0,1,0,0,304,303,8,291,0,4,0,1,140,164,0,9,11,1,0,5,0,0,0,
Emmanuel White,84554,ED,CHARLOTTE,2,0,0,,0,0,136,0,0,,60.8,73.4,58.4,61.3,,0,0,0,0,,,0,0,0,0.0,0,0,0,0,0,0,11,11,0,0,11,0,0,0,3,8,0,0,0,0,0,0,0,0,0,
Isaiah Belk,84555,DI,CHARLOTTE,1,0,0,,0,0,136,0,0,,61.8,66.5,,60.6,,0,0,0,0,,,0,0,0,0.0,0,0,0,0,0,0,2,2,0,2,0,0,0,0,0,2,0,0,0,0,0,0,0,0,0,
Damon Weldon,84556,ED,CHARLOTTE,5,1,0,,0,0,136,0,0,,73.2,76.2,70.8,68.5,78.1,0,0,0,0,,0.0,0,0,0,0.0,0,1,0,0,0,0,25,25,0,0,25,0,0,0,7,18,0,3,3,0,0,1,0,0,0,
Taylor Chandler,84557,ED,CHARLOTTE,7,1,0,100.0,0,0,136,0,0,48.0,55.9,81.4,53.3,61.7,78.6,0,0,0,0,8,0.0,0,0,0,139.6,1,0,0,0,0,5,102,102,0,1,101,0,0,0,33,64,0,3,5,0,1,0,1,8,3,8.0
Darius Muasau,86008,LB,HAWAII,14,10,0,78.6,0,0,180,1,0,61.0,59.9,85.8,58.5,58.7,60.6,1,10,0,0,25,14.5,9,0,0,123.2,11,0,0,397,0,167,473,62,0,0,62,0,1,411,71,235,11,26,43,2,14,11,1,110,96,10.0
Jacob Bandes,86082,DI,WASHINGTON,2,0,0,,0,0,340,0,0,,62.2,70.7,61.7,,,0,1,0,0,,,0,0,0,0.0,0,0,0,0,0,0,9,9,0,9,0,0,0,0,9,0,0,0,0,0,0,1,0,0,0,
Rashawn Yates,86850,DI,USF,12,5,0,,0,0,327,0,0,60.0,70.5,58.7,71.3,68.0,52.8,1,7,0,0,,11.8,2,0,1,0.0,0,2,0,1,0,1,358,356,15,241,21,79,0,2,143,214,1,8,10,0,0,10,0,0,0,
Tyrone Barber,86855,DI,USF,10,7,0,,1,0,327,0,0,60.0,60.9,12.1,59.7,62.9,66.7,1,3,0,0,,5.9,1,0,2,0.0,0,0,0,1,0,0,200,199,0,129,13,57,0,1,89,111,0,4,9,2,0,4,0,0,0,
Vincent Davis,86856,S,USF,11,1,0,60.0,0,0,327,1,0,71.3,72.3,83.5,59.5,71.4,82.6,0,0,0,1,19,6.1,2,0,0,72.5,6,0,0,70,1,116,266,2,0,0,2,0,107,264,1,149,85,10,30,2,10,0,1,64,34,10.7
Kareem Montgomery,88352,CB,MARYLAND,1,0,0,,0,0,215,0,0,,60.3,69.6,,60.0,,0,0,0,0,,,0,0,0,0.0,0,0,0,1,3,0,5,1,0,0,1,0,0,4,0,5,0,0,0,0,0,0,0,0,0,
Gabriel Murphy,89099,LB,N TEXAS,1,0,0,,0,0,251,0,0,63.2,64.9,65.8,,,73.2,0,0,0,0,,0.0,0,0,0,0.0,0,0,0,2,0,3,3,0,0,0,0,0,0,3,0,0,1,1,1,0,0,0,0,0,0,
Jeffmario Brown,89110,ED,ARK STATE,10,3,0,,0,1,113,0,0,67.5,52.7,5.4,68.5,42.5,39.7,2,7,0,0,,25.0,7,0,3,0.0,0,3,0,34,0,35,303,260,0,0,254,6,0,43,119,149,8,13,18,1,0,12,0,0,0,
Nihym Anderson,90269,ED,RUTGERS,2,0,0,,0,0,278,0,0,61.4,56.2,75.1,,54.1,,0,0,0,0,,,0,0,0,0.0,0,0,0,0,0,2,10,8,0,0,8,0,0,2,0,8,2,0,0,0,0,0,0,0,0,
Odunayo Seriki,90334,HB,USF,1,0,0,,0,0,327,0,0,,60.0,60.0,,60.0,,0,0,0,0,,,0,0,0,0.0,0,0,0,0,0,0,1,0,0,0,0,0,0,1,0,1,0,0,0,0,0,0,0,0,0,
Armon Williams,90336,DI,USF,1,1,0,,0,0,327,0,0,,74.4,69.4,59.0,71.4,69.7,0,0,0,0,,0.0,0,0,0,0.0,0,0,0,0,0,0,6,6,0,6,0,0,0,0,3,3,0,0,0,0,0,0,0,0,0,
Luke Sheppard,90737,LB,MIAMI OH,1,0,0,,0,0,221,0,0,,51.3,65.2,,54.6,,0,0,0,0,,,0,0,0,0.0,0,0,0,5,0,0,5,0,0,0,0,0,0,5,0,5,0,0,0,0,0,0,0,0,0,
Tyler Snead,90863,WR,E CAROLINA,1,0,0,,0,0,156,0,0,60.0,60.0,63.7,,,,0,0,0,0,,,0,0,0,0.0,0,0,0,0,0,1,1,0,0,0,0,0,1,1,0,0,0,0,0,0,0,0,0,0,0,
Riley Sharp,90868,ED,OREGON ST,11,8,3,80.0,0,0,265,1,0,65.5,58.1,89.4,55.4,55.3,70.3,1,10,0,0,10,8.3,3,0,0,95.0,4,3,0,13,0,55,415,390,0,0,390,0,0,25,174,186,12,19,25,3,5,14,0,34,12,8.5
Joseph White,90870,S,VIRGINIA,2,0,0,0.0,0,0,335,0,0,64.8,64.5,70.3,,60.0,76.4,0,0,0,0,,0.0,0,0,0,39.6,0,0,0,4,0,8,9,0,0,0,0,0,4,9,0,1,1,0,1,0,1,0,0,0,0,
Andrew Choi,90947,ED,HAWAII,7,0,0,,0,0,180,0,0,62.3,57.3,0.0,60.3,60.0,49.2,0,2,0,0,,50.0,2,0,1,0.0,0,3,0,4,0,9,45,38,0,1,36,1,0,7,19,17,2,4,2,1,0,5,0,0,0,
Vince Sanford,90952,CB,AIR FORCE,4,2,0,100.0,0,0,101,0,0,71.3,74.8,76.0,59.9,75.0,81.6,0,0,0,0,17,0.0,0,0,0,104.2,2,0,0,4,0,14,34,0,0,0,0,0,0,34,1,19,30,1,3,0,2,0,0,18,1,9.0
Michael Lacey,91013,LB,TOLEDO,2,0,0,0.0,0,0,316,0,0,60.0,65.4,0.0,,67.0,74.3,0,0,0,0,,0.0,0,0,1,39.6,0,0,0,5,0,1,6,0,0,0,0,0,1,6,0,5,0,1,1,1,1,0,0,0,0,
Trey Laing,91245,LB,USF,3,1,0,,0,0,327,0,0,60.9,71.0,0.0,54.4,86.8,81.3,0,0,0,0,,0.0,0,0,1,0.0,0,0,0,10,0,2,19,3,0,0,3,0,0,16,8,9,6,5,5,1,0,0,0,0,0,
Devan Wade,91249,CB,W VIRGINIA,2,0,0,,0,0,343,0,0,60.0,53.3,66.5,,56.9,,0,0,0,0,,,0,0,0,0.0,0,0,0,1,3,1,5,0,0,0,0,0,0,5,0,4,0,0,0,0,0,0,0,0,0,
Jordan Davis,94854,DI,GEORGIA,14,6,0,,0,0,173,0,0,,72.2,84.3,64.1,74.1,64.7,1,3,0,0,,15.8,3,0,0,0.0,0,3,0,2,0,0,265,262,121,140,0,1,0,3,151,114,0,12,10,2,0,7,0,0,0,
Valerian Agbaw,97063,CB,KANSAS,1,0,0,,0,0,198,0,0,52.3,47.4,71.6,46.9,61.7,24.6,0,0,0,0,,,0,0,0,0.0,0,0,0,0,17,4,18,0,0,0,0,0,0,18,1,13,0,0,0,0,0,0,0,0,0,
Ron Cook Jr.,97070,WR,BUFFALO,3,0,0,,0,0,126,0,0,60.0,55.0,60.0,,60.0,,0,0,0,0,,,0,0,0,0.0,0,0,0,0,0,1,3,0,0,0,0,0,0,3,0,2,0,0,0,0,0,0,0,0,0,
Mark Aitken,97088,CB,N ILLINOIS,1,0,0,72.7,0,0,254,0,0,28.8,32.0,75.3,58.3,70.3,57.9,0,0,0,0,42,16.7,1,1,1,143.8,8,0,0,14,41,32,57,0,0,0,0,0,0,57,1,24,2,2,5,0,11,0,1,134,24,16.8
Larry Robbins,97089,CB,BUFFALO,1,0,0,,0,0,126,0,0,61.8,62.3,67.3,,,,0,0,0,0,,,0,0,0,0.0,0,0,0,0,2,3,3,0,0,0,0,0,0,3,0,0,1,0,0,0,0,0,0,0,0,
Skyy Moore,97116,WR,W MICHIGAN,1,0,0,0.0,0,0,347,0,0,60.0,81.3,60.0,,,,0,0,0,0,,,0,1,2,39.6,0,0,0,0,0,1,1,0,0,0,0,0,0,1,0,0,0,0,0,0,1,0,0,0,0,
Jacquez Stuart,97125,HB,TOLEDO,1,0,0,,0,0,316,0,0,,60.0,60.0,,60.0,,0,0,0,0,,,0,0,0,0.0,0,0,0,0,0,0,1,0,0,0,0,0,0,1,0,1,0,0,0,0,0,0,0,0,0,
Randy Jordan,97138,CB,FRESNO ST,8,2,0,59.5,0,0,169,0,0,55.3,56.4,83.0,60.0,60.8,61.0,0,0,0,0,50,16.0,4,2,3,93.8,22,0,0,25,297,203,335,3,0,0,3,0,7,332,1,131,3,4,19,0,37,0,1,294,66,13.4
Antavious Lane,97141,S,GA STATE,1,1,0,,0,0,175,0,0,49.2,46.8,68.9,,55.3,24.2,0,0,0,0,,66.7,2,0,0,0.0,0,0,0,4,0,2,7,0,0,0,0,0,1,7,0,5,2,0,0,0,0,0,0,0,0,
Joshua Carter,97142,LB,S ALABAMA,4,1,0,,0,0,288,0,0,60.6,49.3,70.9,,47.1,76.1,0,0,0,0,,0.0,0,0,0,0.0,0,0,0,17,0,2,18,0,0,0,0,0,0,18,0,16,0,1,1,0,0,0,0,0,0,
Malik Fleming,97144,CB,E CAROLINA,10,1,0,75.0,1,1,156,0,0,57.7,58.4,0.0,,70.0,53.6,0,0,0,0,38,20.0,1,1,1,116.7,9,0,0,10,203,122,218,1,0,0,1,0,0,217,0,96,4,0,3,0,12,0,0,153,62,17.0
Allen Smith,97148,ED,WYOMING,2,0,0,100.0,0,0,351,0,0,71.4,72.1,73.2,57.7,60.0,72.5,0,1,0,0,4,0.0,0,0,0,83.3,1,0,0,0,0,3,6,2,0,0,2,0,0,4,2,1,4,1,1,0,1,1,0,4,0,4.0
Lincoln Victor,97215,WR,HAWAII,1,0,0,,0,0,180,0,0,,60.0,60.0,,60.0,,0,0,0,0,,,0,0,0,0.0,0,0,0,0,0,0,1,0,0,0,0,0,0,1,0,1,0,0,0,0,0,0,0,0,0,
Chris McDonald,97222,CB,TOLEDO,12,5,0,57.8,1,0,316,0,0,59.4,59.4,85.7,56.6,57.2,69.7,1,0,0,0,70,11.9,5,9,4,102.7,37,0,0,57,606,375,719,0,0,0,0,0,1,719,3,341,53,10,32,1,64,1,3,565,161,15.3
Jahmal Sam,97223,CB,UTSA,10,2,0,75.0,0,2,331,0,0,66.9,66.6,81.4,,63.0,65.2,0,0,0,0,39,14.3,4,0,0,143.8,9,0,0,35,145,115,223,3,0,0,3,0,36,220,0,108,3,7,22,1,12,0,1,148,57,16.4
Joshua Landrum,97224,CB,RICE,3,0,0,,0,0,275,0,0,64.2,65.8,72.2,,62.8,74.2,0,0,0,0,,0.0,0,0,0,0.0,0,0,0,1,14,10,15,0,0,0,0,0,0,15,0,5,0,0,1,0,0,0,0,0,0,
Brandon Crossley,97225,CB,COLO STATE,8,0,0,44.4,0,0,144,0,0,64.9,61.5,85.6,56.3,46.4,44.3,0,1,0,0,26,25.0,2,3,1,70.0,12,0,0,12,11,131,226,6,0,0,6,0,6,220,4,91,191,2,6,0,27,1,1,120,20,10.0
Rashard Revels,97229,S,UAB,1,0,0,,0,0,321,0,0,,60.0,60.0,,60.0,,0,0,0,0,,,0,0,0,0.0,0,0,0,0,0,0,1,0,0,0,0,0,0,1,0,1,0,0,0,0,0,0,0,0,0,
Tavian Mayo,97231,CB,W VIRGINIA,1,0,0,100.0,0,0,343,0,0,44.4,45.6,74.6,,56.8,76.2,0,0,0,0,18,0.0,0,0,0,158.3,3,0,0,6,27,12,35,2,0,0,2,0,0,33,0,23,0,0,2,0,3,0,1,39,0,13.0
Micah Abraham,97232,S,MARSHALL,11,7,0,50.0,1,0,214,0,0,76.5,69.1,45.0,63.2,46.9,51.8,1,0,1,1,75,20.0,8,4,1,79.7,15,0,0,125,2,308,549,14,0,0,14,0,146,535,8,233,262,5,25,0,30,1,1,279,184,18.6
Deshawn Ruffin,97233,CB,FRESNO ST,3,0,0,90.0,0,0,169,0,0,51.5,53.6,79.3,,66.7,63.8,0,0,0,0,19,14.3,1,0,1,150.4,9,0,0,5,108,66,116,0,0,0,0,0,1,116,0,50,2,1,6,0,10,0,1,121,22,13.4
Solomon Rogers,97235,S,CHARLOTTE,2,0,0,,0,0,136,0,0,61.9,61.6,69.3,,60.0,78.0,0,0,0,0,,0.0,0,0,0,0.0,0,0,0,5,0,3,10,0,0,0,0,0,2,10,0,7,2,0,2,0,0,0,0,0,0,
Rod Heard II,97237,CB,NWESTERN,1,0,0,100.0,0,0,256,0,0,64.2,65.1,70.2,,60.0,74.2,0,0,0,0,5,0.0,0,0,0,87.5,1,0,0,0,8,3,8,0,0,0,0,0,0,8,0,5,0,1,1,0,1,0,0,5,2,5.0
Caleb Blake,97240,S,COLO STATE,1,0,0,,0,0,144,0,0,60.0,60.0,63.7,,,,0,0,0,0,,,0,0,0,0.0,0,0,0,0,0,1,1,0,0,0,0,0,1,1,0,0,0,0,0,0,0,0,0,0,0,
Keondre Swoopes,97241,CB,UAB,8,0,0,40.0,0,0,321,0,0,59.1,60.0,81.8,,63.3,61.5,0,0,0,0,32,14.3,1,2,2,83.8,6,0,0,0,127,96,158,1,0,0,1,0,0,157,0,62,28,1,6,0,15,0,1,94,14,15.7
Isaiah Essissima,97243,CB,WAKE,9,1,0,75.0,0,0,339,0,0,63.8,66.3,76.4,58.1,71.8,81.7,0,0,0,0,40,0.0,0,0,0,156.3,3,0,0,9,46,28,58,2,0,0,2,0,0,56,1,29,1,1,5,0,4,0,1,56,-4,18.7
Fred Peters,97247,CB,MISS STATE,9,3,0,72.7,0,1,227,0,0,59.7,67.9,82.3,85.7,67.1,84.2,1,0,0,1,18,0.0,0,1,0,98.9,8,1,0,25,2,63,139,13,0,0,13,0,3,126,18,58,96,4,5,2,11,2,2,91,42,11.4
Rashad Wisdom,97249,CB,UTSA,12,8,0,62.9,0,1,331,1,0,76.3,65.1,88.5,54.3,42.0,46.3,0,6,1,1,35,27.4,17,1,0,84.1,22,2,0,126,11,288,624,66,0,0,66,0,6,558,42,294,414,18,37,2,35,8,1,269,176,12.2
Jaden Davis,97250,CB,OKLAHOMA,14,5,0,65.0,1,0,261,0,0,60.6,65.7,28.2,54.0,88.0,81.7,0,0,0,1,40,5.4,2,1,4,109.1,26,0,0,57,309,220,411,0,0,0,0,0,1,411,5,186,43,8,30,0,40,0,3,367,147,14.1
Marcus Anderson,97256,LB,GA STATE,2,0,0,,0,0,175,0,0,60.9,64.4,69.9,60.0,62.1,,0,0,0,0,,,0,0,0,0.0,0,0,0,9,0,3,9,0,0,0,0,0,0,9,1,5,0,0,0,0,0,0,0,0,0,
Jordan Murry,97258,CB,WYOMING,9,1,0,65.4,1,0,351,0,0,59.9,62.7,83.0,57.1,75.4,79.9,0,1,0,0,34,4.5,1,2,1,100.5,17,0,0,5,188,125,210,13,0,0,13,0,2,197,3,82,2,6,20,0,26,1,1,194,55,11.4
Reddy Steward,97289,CB,TROY,7,0,0,69.2,1,0,318,0,0,41.5,46.7,77.7,60.0,73.8,73.8,0,0,0,0,39,7.1,1,0,1,151.4,9,0,0,6,79,56,93,0,0,0,0,0,0,93,1,36,6,4,13,0,13,0,3,199,48,22.1
Dell Pettus,97290,S,TROY,12,10,0,65.4,0,0,318,0,0,65.2,65.4,87.4,51.8,65.3,75.5,0,3,0,0,20,12.5,9,2,2,121.8,17,0,0,275,7,378,668,8,0,0,8,0,228,660,9,281,149,21,53,0,26,3,4,160,72,9.4
TJ McDaniel,97299,HB,SMU,1,0,0,,0,0,287,0,0,,60.2,73.9,,60.0,,0,0,0,0,,,0,0,0,0.0,0,0,0,0,0,0,1,0,0,0,0,0,0,1,0,1,0,0,0,0,0,0,0,0,0,
Tyler Lavine,97307,HB,SMU,1,0,0,,0,0,287,0,0,,60.3,60.0,,60.0,,0,0,0,0,,,0,0,0,0.0,0,0,0,0,0,0,1,0,0,0,0,0,0,1,0,1,0,0,0,0,0,0,0,0,0,
Jordan Clark,97324,CB,ARIZONA ST,2,0,0,100.0,0,0,110,0,0,64.7,66.2,75.2,,66.2,80.3,0,0,0,0,16,0.0,0,0,0,99.0,4,0,0,1,34,15,35,0,0,0,0,0,0,35,0,20,0,1,5,0,4,0,0,31,17,7.8
Thomas Harper,97325,CB,OKLA STATE,9,1,0,100.0,0,0,262,0,0,72.3,68.1,77.4,,43.7,54.8,0,0,0,0,21,12.5,1,0,0,118.8,2,0,0,8,60,46,71,1,0,0,1,0,0,70,0,25,2,3,6,1,2,0,0,30,7,15.0
Daquan Evans,97326,CB,USF,10,1,0,66.7,0,0,327,0,0,61.7,64.4,75.5,,67.8,78.2,0,0,0,1,35,0.0,0,0,0,70.1,2,0,0,8,46,15,56,0,0,0,0,0,0,56,0,41,1,1,2,0,3,0,0,49,3,24.5
Nic Jones,97327,CB,BALL ST,12,0,0,64.5,0,0,117,0,0,50.8,52.2,84.5,51.5,64.7,78.1,0,2,0,0,53,10.0,2,3,1,134.1,20,0,0,21,114,169,283,7,0,0,7,0,6,276,18,96,135,6,18,1,31,2,3,342,101,17.1
Juan Powell,97330,S,E CAROLINA,4,0,0,80.0,0,0,156,0,0,55.7,59.4,78.8,,68.0,80.9,0,0,0,0,27,5.6,1,0,0,141.3,8,0,0,34,0,53,104,0,0,0,0,0,33,104,0,51,37,5,17,0,10,0,2,84,15,10.5
Jacquez Norman,97332,CB,TULANE,2,0,0,0.0,0,0,319,0,0,51.0,47.4,0.0,,62.5,,0,0,0,0,,,0,0,1,39.6,0,0,0,0,29,17,33,0,0,0,0,0,0,33,0,16,4,0,0,0,5,0,0,0,0,
Mike Coleman,97333,CB,TOLEDO,2,0,0,,0,0,316,0,0,63.2,68.6,72.9,,70.0,73.5,0,0,0,0,,0.0,0,0,0,0.0,0,0,0,0,17,4,17,0,0,0,0,0,0,17,0,13,0,1,1,0,0,0,0,0,0,
Levi Williams,97334,CB,TULANE,2,0,0,100.0,0,0,319,0,0,64.6,65.3,70.5,,60.5,74.2,0,0,0,0,6,0.0,0,0,0,91.7,1,0,0,1,8,5,11,0,0,0,0,0,0,11,0,6,2,0,1,0,1,0,0,6,0,6.0
Kiland Harrison,97335,CB,TULANE,2,0,0,66.7,0,0,319,0,0,47.8,49.2,74.7,,61.6,73.5,0,0,0,0,20,0.0,0,0,1,147.2,2,0,0,0,25,14,27,0,0,0,0,0,0,27,0,13,2,0,1,0,3,0,1,36,3,18.0
Mykael Wright,97337,CB,OREGON,14,5,0,34.8,0,0,264,0,0,81.9,82.7,82.8,,77.1,89.9,0,0,0,1,21,0.0,0,3,2,28.4,8,0,0,8,295,187,306,0,0,0,0,0,0,306,0,119,2,6,20,2,23,0,0,85,16,10.6
Keaton Ellis,97338,CB,PENN STATE,13,1,0,47.4,0,2,266,1,0,67.3,75.3,82.0,50.0,93.6,44.8,0,0,0,0,42,23.8,5,2,0,102.7,9,0,0,21,202,146,253,0,0,0,0,0,1,253,6,101,28,10,15,1,19,0,1,199,63,22.1
Cameron Mitchell,97340,CB,NWESTERN,2,1,0,,0,0,256,0,0,68.8,60.5,67.4,,49.3,28.1,0,0,0,0,,50.0,1,0,0,0.0,0,0,0,3,4,1,7,0,0,0,0,0,0,7,0,6,0,0,0,0,0,0,0,0,0,
Ken Robinson,97341,CB,UTSA,3,0,0,0.0,0,0,331,0,0,57.1,61.8,73.3,,70.1,27.5,0,0,0,0,,50.0,1,0,0,39.6,0,0,0,1,19,9,21,0,0,0,0,0,0,21,0,12,1,1,1,0,1,0,0,0,0,
Ja'Von Kimpson,97342,CB,MIAMI OH,2,1,0,60.0,0,0,221,0,0,50.3,48.3,73.9,,48.3,46.5,0,0,0,0,30,25.0,1,0,0,129.2,3,0,0,6,29,14,35,0,0,0,0,0,0,35,0,21,0,0,2,0,5,0,1,45,5,15.0
AJ Williams,97343,S,WAKE,1,0,0,,0,0,339,0,0,51.4,47.7,74.5,,51.6,21.8,0,0,0,0,,100.0,1,0,0,0.0,0,0,0,5,0,3,17,0,0,0,0,0,5,17,0,14,7,0,0,0,0,0,0,0,0,
Naijee Jones,97346,S,RUTGERS,4,0,0,,0,0,278,0,0,67.2,67.9,75.8,,65.4,77.7,0,0,0,0,,0.0,0,0,0,0.0,0,0,0,11,0,21,36,0,0,0,0,0,18,36,0,15,7,0,2,0,0,0,0,0,0,
Keevan Bailey,97347,CB,COLO STATE,8,3,0,64.3,0,0,144,0,0,64.9,63.9,82.9,56.7,59.4,56.8,0,1,0,1,37,17.6,3,0,2,91.7,9,0,0,29,239,117,281,10,0,0,10,0,3,271,2,162,0,2,11,0,14,1,1,141,20,15.7
Dadrion Taylor-Demerson,97348,S,TEXAS TECH,9,3,0,77.8,0,0,315,1,0,35.4,38.7,0.0,63.8,59.3,53.2,0,0,0,0,70,10.5,2,0,2,158.3,7,0,0,18,1,113,192,3,0,0,3,0,93,189,5,74,77,2,14,1,9,0,2,183,95,26.1
Woo Governor,97349,CB,C MICHIGAN,4,0,0,,0,0,134,0,0,52.4,52.5,69.7,,60.0,,0,0,0,0,,,0,0,0,0.0,0,0,0,4,1,5,11,0,0,0,0,0,0,11,0,6,6,0,0,0,0,0,0,0,0,
Jakeen Harris,97351,S,NC STATE,7,9,0,20.0,0,0,248,0,0,63.9,59.7,81.7,68.2,51.3,56.7,0,2,0,0,11,16.1,5,0,1,79.2,1,0,0,70,1,70,177,9,0,0,9,0,68,168,8,99,29,9,17,0,5,2,1,11,0,11.0
Bryson Whitehead,97352,CB,CHARLOTTE,1,0,0,100.0,0,0,136,0,0,60.0,41.8,67.0,,60.0,,0,0,0,0,34,,0,0,0,118.8,1,0,0,0,2,1,3,0,0,0,0,0,0,3,0,2,1,0,0,0,1,0,0,34,3,34.0
Coco Azema,97353,HB,NWESTERN,2,0,0,100.0,0,0,256,0,0,72.1,72.7,72.7,59.2,60.0,73.0,0,1,0,0,2,0.0,0,0,0,79.2,1,0,0,0,2,4,6,2,0,0,2,0,0,4,1,1,2,1,1,0,1,1,0,2,-1,2.0
Alex Hogan,97354,CB,TEXAS TECH,6,0,0,44.4,0,0,315,0,0,65.0,64.3,80.3,,57.6,39.5,0,0,0,0,73,27.3,3,1,0,128.2,4,0,0,12,152,101,170,2,0,0,2,0,0,168,0,69,4,1,8,0,9,0,1,113,61,28.3
Shi'heem Watkins,97355,CB,COAST CAR,3,1,0,66.7,0,0,141,0,0,68.4,69.7,74.0,,65.8,78.8,0,0,0,0,16,0.0,0,1,0,91.0,2,0,0,3,18,9,24,0,0,0,0,0,0,24,0,15,2,0,2,0,3,0,0,24,8,12.0
Jeremiah Josephs,97357,S,MIAMI OH,2,1,0,,0,0,221,0,0,66.4,63.1,75.2,,56.5,80.0,0,0,0,0,,0.0,0,0,0,0.0,0,0,0,20,0,18,44,1,0,0,1,0,1,43,0,26,22,1,3,0,0,0,0,0,0,
Jaden Henderson,97358,CB,LA LAFAYET,1,0,0,50.0,0,0,207,0,0,40.6,44.7,77.3,,63.1,,0,0,0,0,28,,0,0,0,125.0,2,0,0,0,0,11,25,0,0,0,0,0,0,25,0,14,25,0,0,0,4,0,1,40,9,20.0
Jalen Alexander,97361,CB,DUKE,10,2,0,47.4,1,0,154,0,0,41.4,51.7,85.4,55.5,73.2,71.2,0,1,0,2,50,11.1,2,0,1,80.7,9,0,0,14,1,70,178,22,0,0,22,0,6,156,6,102,134,4,14,2,19,1,2,199,61,22.1
Christian Roland-Wallace,97374,CB,ARIZONA,12,3,0,60.6,1,1,109,0,0,75.2,73.7,47.8,,65.1,77.2,0,0,0,1,53,7.7,3,3,2,125.1,20,0,0,35,571,338,639,18,0,0,18,0,2,621,0,301,12,7,33,0,33,0,4,361,132,18.1
Keontra Smith,97375,S,MIAMI FL,1,1,0,,0,0,220,0,0,62.8,65.0,70.8,,61.3,74.3,0,0,0,0,,0.0,0,0,0,0.0,0,0,0,0,0,4,8,0,0,0,0,0,8,8,0,4,0,0,0,0,0,0,0,0,0,
Woodi Washington,97379,CB,OKLAHOMA,4,2,0,100.0,0,0,261,0,0,60.2,58.6,80.8,,52.9,68.6,0,0,0,0,42,12.5,2,0,0,158.3,6,0,0,13,1,49,87,0,0,0,0,0,4,87,0,38,69,3,12,0,6,0,1,101,24,16.8
Jarius Reimonenq,97383,CB,ARK STATE,11,5,0,73.5,1,1,113,1,0,59.9,67.0,85.9,57.5,85.1,58.8,0,0,0,1,44,15.2,7,4,3,105.6,25,0,0,79,316,236,461,61,0,0,61,0,2,400,4,221,2,16,34,2,34,0,1,365,108,14.6
Justen Ramsey,97384,DI,BALL ST,12,1,0,,0,0,117,0,0,60.0,53.5,81.4,59.1,50.4,40.2,0,2,0,0,,16.7,1,0,0,0.0,0,0,0,0,0,0,186,186,29,151,0,6,0,0,73,113,0,2,4,0,0,2,0,0,0,
Kirk Lockhart,97388,S,RICE,8,2,0,66.7,0,0,275,0,0,69.1,67.0,77.8,,60.3,51.0,0,0,0,0,20,20.0,2,1,0,136.8,4,0,0,32,0,30,61,4,0,0,4,0,7,57,0,31,16,4,6,0,6,0,1,57,16,14.3
John Metchie III,97400,WR,ALABAMA,1,0,0,,0,0,103,0,0,,60.0,60.0,,60.0,,0,0,0,0,,,0,0,0,0.0,0,0,0,0,0,0,1,0,0,0,0,0,0,1,0,1,0,0,0,0,0,0,0,0,0,
Garrett Wilson,97405,WR,OHIO STATE,2,0,0,,0,0,260,0,0,,60.0,60.0,,60.0,,0,0,0,0,,,0,0,2,0.0,0,0,0,0,0,0,2,0,0,0,0,0,0,2,0,2,0,0,0,0,0,0,0,0,0,
Khambrail Winters,97428,CB,TEXAS ST,12,7,0,70.9,0,0,314,0,0,64.7,65.3,52.6,54.7,68.3,90.8,0,3,0,0,45,3.3,2,5,3,116.5,39,0,0,73,692,346,777,3,0,0,3,0,2,774,2,429,7,17,51,0,55,3,4,410,125,10.5
Trevon Booker,97468,CB,MIAMI OH,2,0,0,100.0,0,0,221,0,0,63.7,64.4,72.0,,61.0,76.6,0,0,0,0,17,0.0,0,0,0,108.3,2,0,0,2,14,7,16,0,0,0,0,0,0,16,0,9,0,1,2,0,2,0,0,20,2,10.0
Nicktroy Fortune,97469,CB,W VIRGINIA,11,3,0,54.2,0,0,343,0,0,60.4,63.2,83.5,,71.7,79.8,0,0,0,0,37,5.3,1,3,1,110.8,13,0,0,13,290,145,312,6,0,0,6,0,1,306,0,167,1,4,15,1,24,0,2,206,21,15.8
Keonte Glinton,97470,CB,WYOMING,1,0,0,,0,0,351,0,0,63.4,64.0,69.5,,60.0,,0,0,0,0,,,0,0,0,0.0,0,0,0,0,6,5,6,0,0,0,0,0,0,6,0,1,0,0,0,0,0,0,0,0,0,
Roderick Roberson,97471,S,SMU,1,0,0,,0,0,287,0,0,,60.1,60.0,,60.0,,0,0,0,0,,,0,0,0,0.0,0,0,0,0,0,0,1,0,0,0,0,0,0,1,0,1,0,0,0,0,0,0,0,0,0,
Kerry Martin Jr.,97473,S,W VIRGINIA,12,9,0,50.0,0,0,343,0,0,74.1,70.6,85.5,52.6,63.6,70.0,0,2,0,0,26,15.3,9,3,1,102.3,9,0,0,179,0,294,532,13,0,0,13,0,248,519,2,236,92,14,41,2,18,2,2,93,37,10.3
CJ Johnson,97474,CB,LA TECH,2,0,0,100.0,0,0,208,0,0,45.1,44.9,72.0,,60.0,74.2,0,0,0,0,74,0.0,0,0,0,158.3,1,0,0,0,13,10,13,0,0,0,0,0,0,13,0,3,0,0,1,0,1,0,1,74,46,74.0
Cameron Williams,97475,S,WASHINGTON,13,7,0,61.5,1,0,340,0,0,80.8,73.6,45.6,50.0,61.4,46.8,0,3,0,3,22,26.4,14,0,3,39.1,8,0,0,114,3,353,591,8,0,0,8,0,416,583,16,222,50,6,32,1,13,3,0,79,18,9.9
Kieran Clark,97480,CB,NEVADA,1,0,0,66.7,0,0,239,0,0,50.2,48.4,76.0,,50.1,73.5,0,0,0,0,15,0.0,0,0,0,88.2,2,0,0,6,34,14,43,3,0,0,3,0,0,40,0,29,0,0,1,0,3,0,0,22,8,11.0
Chace Cromartie,97481,S,SMU,11,5,0,68.4,0,0,287,0,0,61.5,60.7,84.7,56.1,57.2,58.0,0,0,0,0,50,17.9,5,2,0,145.6,13,0,0,86,2,214,312,0,0,0,0,0,151,312,2,96,73,4,18,1,19,0,6,214,76,16.5
Myles Bell,97485,CB,UCONN,9,0,0,69.6,0,1,146,0,0,59.0,60.5,83.7,,65.8,69.8,1,0,0,0,58,10.0,2,1,0,149.3,16,0,0,13,390,201,405,1,0,0,1,0,0,404,0,204,1,3,18,1,23,1,4,274,100,17.1
Jarrian Jones,97486,CB,MISS STATE,11,0,0,46.2,0,0,227,0,0,62.2,60.6,82.4,59.0,50.9,40.9,0,0,0,0,30,28.6,4,1,0,93.1,6,0,0,11,213,133,236,6,0,0,6,0,2,230,2,101,4,2,10,0,13,0,1,84,39,14.0
Michael Washington,97487,CB,HAWAII,2,0,0,100.0,0,0,180,0,0,61.8,61.0,76.4,,57.2,53.2,0,0,0,0,17,20.0,1,0,0,118.8,2,0,0,1,53,32,55,0,0,0,0,0,0,55,0,23,1,2,4,0,2,0,0,28,5,14.0
Donald Clay,97488,S,SMU,2,0,0,100.0,0,0,287,0,0,72.0,71.4,74.8,,60.0,76.2,0,0,0,0,5,0.0,0,0,0,87.5,1,0,0,2,0,16,22,0,0,0,0,0,15,22,0,6,5,1,1,0,1,0,0,5,6,5.0
Jayce Godley,97491,S,NEVADA,1,0,0,,0,0,239,0,0,,60.0,60.0,,60.0,,0,0,0,0,,,0,0,0,0.0,0,0,0,0,0,0,1,0,0,0,0,0,0,1,0,1,0,0,0,0,0,0,0,0,0,
Devin Bush,97493,CB,ARKANSAS,2,0,0,,0,0,111,0,0,63.0,64.2,69.6,,60.0,,0,0,0,0,,,0,0,0,0.0,0,0,0,3,7,4,10,0,0,0,0,0,0,10,0,6,0,0,0,0,0,0,0,0,0,
Kenneth Logan Jr.,97494,S,KANSAS,5,1,0,100.0,0,0,198,0,0,44.1,46.9,76.7,,54.1,55.1,0,0,0,0,43,20.0,2,0,0,158.3,2,0,0,20,8,18,53,0,0,0,0,0,18,53,0,35,6,1,7,0,2,0,1,75,15,37.5
Dean Clark,97495,S,KENT STATE,9,1,0,66.7,0,0,201,0,0,47.4,55.2,78.9,60.0,67.5,64.9,0,0,0,0,14,12.5,1,0,0,85.4,2,0,0,34,0,36,88,6,0,0,6,0,36,82,1,51,11,1,6,0,3,0,0,20,15,10.0
Tyler Judson,97496,S,TULANE,2,0,0,0.0,0,0,319,0,0,79.9,78.6,75.1,,68.7,79.4,0,0,0,0,,0.0,0,1,0,39.6,0,0,0,2,0,12,28,0,0,0,0,0,16,28,0,16,10,0,2,0,1,0,0,0,0,
Christian Williams,97498,CB,MIAMI FL,3,2,0,50.0,0,0,220,0,0,66.8,68.5,74.5,,64.6,28.3,0,0,0,0,11,33.3,1,1,0,66.7,1,0,0,0,13,6,14,0,0,0,0,0,0,14,0,8,0,0,0,0,2,0,0,11,7,11.0
Khalid Martin,97503,S,NC STATE,2,0,0,100.0,0,0,248,0,0,58.5,56.7,78.3,57.2,54.5,29.4,0,0,0,0,9,37.5,3,0,0,102.1,2,0,0,22,0,37,66,2,0,0,2,0,28,64,2,27,14,2,5,1,2,0,0,17,17,8.5
Jaden Voisin,97506,CB,S ALABAMA,2,0,0,100.0,0,1,288,0,0,50.8,57.4,75.8,,70.6,,0,0,0,0,40,,0,0,0,118.8,1,0,0,6,0,8,23,0,0,0,0,0,0,23,0,15,16,0,0,0,1,0,0,40,30,40.0
Damon Miller,97507,S,UAB,2,0,0,,0,0,321,0,0,64.9,64.6,70.6,,,74.3,0,0,0,0,,0.0,0,0,0,0.0,0,0,0,0,0,5,5,0,0,0,0,0,4,5,0,0,1,0,1,0,0,0,0,0,0,
Josh DeBerry,97508,CB,BOSTON COL,5,4,0,53.3,0,0,121,0,0,69.2,67.7,82.1,65.0,53.6,84.0,0,1,0,0,35,0.0,0,4,0,76.5,8,0,0,8,33,83,131,0,0,0,0,0,1,131,3,45,89,1,5,1,15,1,0,108,93,13.5
Damien Miller,97509,CB,UAB,3,1,0,33.3,0,0,321,0,0,61.4,64.6,73.7,,69.5,78.5,0,0,0,0,25,0.0,0,0,0,64.6,1,0,0,1,18,15,22,0,0,0,0,0,0,22,0,7,3,0,2,0,3,0,0,25,4,25.0
Willie Harts,97513,S,ARIZONA ST,11,6,0,63.6,0,1,110,0,0,65.6,63.7,10.1,,61.1,64.0,0,0,1,1,49,13.6,3,1,1,52.5,7,0,0,67,5,142,271,1,0,0,1,0,99,270,0,129,99,3,13,0,11,0,0,93,45,13.3
Nick Cross,97514,S,MARYLAND,12,9,0,59.1,0,0,215,0,0,79.8,81.4,86.9,59.8,81.6,74.0,0,0,0,2,55,11.1,5,4,0,93.0,13,0,0,71,1,267,516,9,0,0,9,0,350,507,1,248,82,5,31,0,22,0,3,211,99,16.2
Marvae Myers,97517,CB,MIDDLE TN,2,1,0,60.0,0,0,224,0,0,58.5,59.9,77.4,60.0,65.4,80.5,0,0,0,0,48,0.0,0,0,0,104.2,3,0,0,5,33,36,55,2,0,0,2,0,0,53,1,18,15,1,4,0,5,0,0,86,10,28.7
Dax Hill,97519,S,MICHIGAN,12,2,0,77.3,0,0,222,1,0,73.3,71.6,85.2,,60.6,64.3,0,0,0,1,85,16.1,5,3,1,105.9,17,0,0,36,8,191,331,2,0,0,2,0,114,329,0,140,171,8,24,4,22,0,1,228,103,13.4
Justin Clark,97522,CB,N ILLINOIS,1,0,0,100.0,0,0,254,0,0,52.2,50.0,65.6,,,74.2,0,0,0,0,13,0.0,0,0,0,118.8,1,0,0,0,2,2,2,0,0,0,0,0,0,2,0,0,0,0,1,0,1,0,0,13,3,13.0
Drake Thomas,97525,LB,NC STATE,12,10,0,100.0,0,0,248,0,0,63.1,64.7,79.1,57.8,66.1,65.2,0,3,0,1,22,15.0,6,1,0,97.6,12,2,0,295,0,121,352,28,0,0,28,0,1,324,47,184,26,20,24,4,12,5,1,109,67,9.1
Thomas Joe-Kamara,97527,LB,TEMPLE,1,0,0,,0,0,306,0,0,60.0,69.1,72.9,,67.7,72.2,0,0,0,0,,0.0,0,0,0,0.0,0,0,0,2,0,1,7,3,0,0,3,0,0,4,0,6,2,1,1,1,0,0,0,0,0,
Jalen Williams,97529,S,BOSTON COL,1,0,0,,0,0,121,0,0,60.0,63.7,70.4,,62.6,74.3,0,0,0,0,,0.0,0,0,0,0.0,0,0,0,1,0,1,7,0,0,0,0,0,6,7,0,6,0,0,1,0,0,0,0,0,0,
Romel Goston,97533,CB,N ILLINOIS,1,0,0,,0,0,254,0,0,61.5,62.7,69.4,60.0,60.0,,0,0,0,0,,,0,0,0,0.0,0,0,0,1,7,2,8,0,0,0,0,0,0,8,1,5,0,0,0,0,0,0,0,0,0,
Khiry Morrison,97536,S,LA TECH,2,0,0,,0,0,208,0,0,49.2,51.3,74.0,,60.0,,0,0,0,0,,,0,0,0,0.0,0,0,0,2,0,17,24,0,0,0,0,0,21,24,0,7,1,0,0,0,0,0,0,0,0,
Quincy Riley,97539,CB,MIDDLE TN,3,0,0,33.3,0,0,224,0,0,53.5,58.3,79.0,,74.2,33.9,0,0,0,0,12,33.3,2,0,0,44.4,2,0,0,7,99,49,109,0,0,0,0,0,0,109,0,60,3,2,4,0,6,0,0,21,3,10.5
Jordan Veneziale,97542,LB,GA STATE,8,3,0,100.0,0,0,175,0,0,60.5,53.2,79.9,77.1,45.0,70.0,2,1,0,0,16,11.1,2,0,0,112.5,4,0,0,111,0,43,115,0,0,0,0,0,3,115,3,69,0,7,13,2,4,3,0,44,30,11.0
Jett Elad,97543,CB,OHIO,2,0,0,,0,0,259,0,0,60.0,49.6,70.3,,58.6,22.2,0,0,0,0,,100.0,1,0,0,0.0,0,0,0,1,0,1,4,0,0,0,0,0,1,4,0,3,2,0,0,0,0,0,0,0,0,
Jayden Jernigan,97544,DI,OKLA STATE,13,1,0,,0,0,262,0,0,61.8,60.3,57.0,55.4,64.9,69.5,2,4,0,0,,8.3,1,0,2,0.0,0,2,0,2,0,3,332,330,45,147,22,116,0,2,218,111,0,9,10,2,0,8,0,0,0,
Mark Perry,97556,CB,COLORADO,8,1,0,65.0,0,0,143,0,0,53.5,60.1,85.4,70.7,78.2,53.4,2,10,0,0,39,27.8,5,1,0,105.0,13,1,0,19,1,135,200,22,0,0,22,0,10,178,24,41,148,5,12,2,20,13,1,154,93,11.8
Thomas Gore,97560,DI,GA STATE,3,1,0,,0,0,175,0,0,,68.8,76.2,55.6,71.4,70.2,0,0,0,0,,0.0,0,0,0,0.0,0,0,0,0,0,0,23,23,23,0,0,0,0,0,10,13,0,1,1,0,0,0,0,0,0,
Tyrique Stevenson,97562,CB,GEORGIA,12,3,0,56.0,0,0,173,0,0,67.3,69.9,82.2,71.9,75.2,44.8,2,2,0,0,21,25.0,5,3,1,66.4,14,1,0,55,90,159,223,17,0,0,17,0,1,206,17,47,60,8,12,0,25,5,0,106,51,7.6
Marcus Fuqua,97563,S,BUFFALO,1,0,0,,0,0,126,0,0,,60.0,69.5,,60.0,,0,0,0,0,,,0,0,0,0.0,0,0,0,0,0,0,3,0,0,0,0,0,1,3,0,3,2,0,0,0,0,0,0,0,0,
JB Favorite,97565,DI,COAST CAR,6,0,0,,0,0,141,0,0,,68.4,79.0,61.5,68.4,22.7,0,0,0,0,,50.0,1,0,0,0.0,0,0,0,0,0,0,47,47,31,16,0,0,0,0,17,30,0,0,1,0,0,0,0,0,0,
Elijah Chatman,97568,DI,SMU,10,1,0,,0,0,287,0,0,60.3,73.2,7.5,66.8,76.9,46.2,1,3,0,0,,18.2,2,0,1,0.0,0,1,0,3,0,1,83,79,5,46,7,21,0,4,38,44,0,8,8,3,0,5,0,0,0,
Dalvin Hutchinson,97569,DI,LA LAFAYET,7,4,1,,0,0,207,0,0,,64.1,79.9,62.3,63.1,56.8,2,2,0,0,,8.3,1,0,0,0.0,0,0,0,1,0,0,107,106,26,79,0,1,0,1,49,58,0,5,7,0,0,4,0,0,0,
JR Bivens,97573,ED,MIDDLE TN,2,0,0,,0,0,224,0,0,,62.6,74.0,61.6,60.4,,0,1,0,0,,,0,0,0,0.0,0,0,0,0,0,0,18,18,0,1,14,3,0,0,15,3,0,0,0,0,0,1,0,0,0,
Kevin Anderson,97595,S,TEXAS ST,7,1,0,75.0,0,1,314,1,0,58.2,66.9,78.5,59.6,78.5,74.0,0,0,0,0,28,8.3,1,0,0,146.9,3,0,0,55,0,39,106,1,0,0,1,0,28,105,1,66,22,5,10,2,4,0,1,41,4,13.7
Trejan Bridges,97600,WR,OKLAHOMA,1,2,0,0.0,0,0,261,0,0,44.8,41.4,0.0,,64.2,76.0,0,0,0,0,,0.0,0,0,3,39.6,0,0,0,3,0,9,16,1,0,0,1,0,0,15,0,7,12,0,0,0,1,0,0,0,0,
Tyler Davis,97610,DI,CLEMSON,15,3,2,,0,0,140,1,0,63.4,79.6,87.5,72.7,78.9,78.7,4,19,0,0,,3.6,1,0,0,0.0,0,8,0,1,0,4,549,547,290,230,0,27,0,2,314,231,0,25,24,3,0,31,0,0,0,
DeJordan Mask,97611,S,TEXAS ST,2,0,0,,0,0,314,0,0,63.7,64.7,71.2,,61.9,74.8,0,0,0,0,,0.0,0,0,0,0.0,0,0,0,7,2,6,15,0,0,0,0,0,5,15,0,9,1,0,1,0,0,0,0,0,0,
Ahdarrious Gee,97615,LB,TROY,1,1,0,100.0,0,0,318,0,0,44.3,38.3,67.0,59.5,,74.3,0,1,0,0,32,0.0,0,0,0,158.3,1,0,0,6,0,5,6,0,0,0,0,0,0,6,1,0,0,0,0,0,1,1,1,32,10,32.0
Sheridan Jones,97633,CB,CLEMSON,11,1,0,33.3,0,0,140,1,0,62.0,66.1,80.2,,76.2,81.2,0,0,0,0,63,0.0,0,0,0,103.5,3,0,0,6,123,55,135,5,0,0,5,0,0,130,0,80,1,2,5,0,9,0,1,79,56,26.3
Quavaris Crouch,97635,ED,TENNESSEE,13,8,0,75.0,0,0,307,0,0,51.0,57.3,86.7,63.6,56.0,57.7,2,12,0,0,14,14.8,4,1,0,89.1,6,1,0,84,0,60,246,155,0,0,151,4,0,91,92,94,7,11,15,1,8,15,0,47,35,7.8
Isaiah Hazel,97661,WR,MARYLAND,1,0,0,,0,0,215,0,0,,60.1,60.0,,60.0,,0,0,0,0,,,0,0,0,0.0,0,0,0,0,0,0,1,0,0,0,0,0,0,1,0,1,0,0,0,0,0,0,0,0,0,
Dante Cephas,97665,WR,KENT STATE,1,0,0,,0,0,201,0,0,,60.0,60.0,,60.0,,0,0,0,0,,,0,0,1,0.0,0,0,0,0,0,0,1,0,0,0,0,0,0,1,0,1,0,0,0,0,0,0,0,0,0,
Jordan Revels,97672,DI,TEXAS ST,12,6,0,,1,0,314,0,0,60.0,74.9,29.7,62.6,82.0,68.2,0,8,0,0,,11.5,3,0,2,0.0,0,0,0,0,0,0,297,297,132,66,21,78,0,0,129,168,0,14,17,2,0,8,0,0,0,
Josh Wallace,97676,CB,UMASS,12,7,0,68.0,2,1,216,1,0,64.5,65.1,5.6,52.8,74.1,65.4,0,1,0,1,60,10.3,4,0,3,132.7,17,0,0,34,484,201,548,14,0,0,14,0,0,534,8,339,16,6,28,0,25,1,3,306,112,18.0
Brandon Joseph,97680,S,NWESTERN,2,0,0,,0,0,256,0,0,64.7,61.8,69.8,,57.4,49.1,0,0,0,0,,25.0,1,0,0,0.0,0,0,0,7,0,3,13,0,0,0,0,0,2,13,0,10,4,2,3,0,0,0,0,0,0,
Ryan Melton,97682,CB,S ALABAMA,5,1,0,100.0,0,0,288,0,0,47.1,52.1,75.9,,67.6,83.0,0,0,0,0,23,0.0,0,0,0,158.3,3,0,0,6,39,15,47,0,0,0,0,0,0,47,0,32,0,1,5,1,3,0,1,38,1,12.7
Alex Austin,97683,CB,OREGON ST,3,1,0,57.1,0,0,265,1,0,66.4,61.8,78.3,,43.6,32.3,0,0,0,0,21,33.3,3,0,0,80.1,4,0,0,4,88,43,98,0,0,0,0,0,0,98,0,55,6,0,5,0,7,0,0,51,26,12.8
Trey Rucker,97684,S,WAKE,13,12,0,73.7,0,0,339,1,0,63.8,53.3,41.4,45.2,36.3,45.7,1,1,0,1,64,24.3,18,0,1,133.2,14,0,0,159,1,303,548,4,0,0,4,0,290,544,7,238,94,12,44,2,19,2,5,259,101,18.5
Mehki Miller,97686,S,MIAMI OH,1,0,0,0.0,0,0,221,0,0,82.7,79.0,75.3,,64.1,74.3,0,0,0,0,,0.0,0,1,0,39.6,0,0,0,3,0,9,21,3,0,0,3,0,14,18,0,12,1,0,1,0,1,0,0,0,0,
Brentt Cunningham,97687,CB,S ALABAMA,1,0,0,100.0,0,0,288,0,0,63.1,64.3,69.5,,60.0,74.8,0,0,0,0,4,0.0,0,0,0,83.3,1,0,0,1,0,2,5,0,0,0,0,0,0,5,0,3,4,1,1,0,1,0,0,4,0,4.0
Clayton Bush,97688,S,W KENTUCKY,4,0,0,100.0,0,0,346,0,0,64.2,65.2,93.3,,60.0,,0,0,0,0,2,,0,0,0,79.2,1,0,0,5,0,8,10,0,0,0,0,0,1,10,0,2,1,0,0,0,1,0,0,2,5,2.0
Donald Williams,97691,LB,RUTGERS,1,0,0,,0,0,278,0,0,,60.0,64.4,,60.0,,0,0,0,0,,,0,0,0,0.0,0,0,0,1,1,0,2,0,0,0,0,0,0,2,0,2,0,0,0,0,0,0,0,0,0,
Eli Neal,97693,LB,MARSHALL,4,2,0,100.0,0,0,214,0,0,58.4,63.3,71.7,55.7,68.0,59.2,0,0,0,0,9,14.3,1,0,0,97.9,2,0,0,49,0,21,50,0,0,0,0,0,0,50,3,26,0,0,4,0,2,0,0,15,6,7.5
Dorian Williams,97694,LB,TULANE,5,3,0,,0,0,319,0,0,56.9,59.1,78.7,64.0,59.5,43.0,1,0,0,0,,27.3,3,0,0,0.0,0,0,0,74,0,25,77,2,0,0,2,0,0,75,4,48,0,1,5,0,0,1,0,0,0,
Bobby Wolfe,97695,CB,ARIZONA,8,1,0,66.7,0,0,109,0,0,58.6,61.0,79.7,60.0,70.6,63.8,0,0,0,0,56,14.3,1,2,1,109.7,8,0,0,9,129,78,144,0,0,0,0,0,1,144,1,65,4,2,5,0,12,0,0,169,62,21.1
Deland McCullough II,97696,CB,MIAMI OH,1,1,0,100.0,0,0,221,0,0,38.0,41.5,70.3,,64.1,76.6,0,0,0,0,16,0.0,0,0,0,158.3,2,0,0,1,9,4,10,0,0,0,0,0,0,10,0,6,0,0,1,0,2,0,1,27,10,13.5
Akeem Dent,97700,S,FLORIDA ST,13,8,0,45.5,0,0,167,0,0,61.9,58.0,88.0,51.3,46.6,60.6,0,0,0,0,36,17.9,7,5,1,75.4,15,0,0,103,72,318,565,6,0,0,6,0,167,559,8,239,216,7,24,2,33,0,1,201,76,13.4
M.J. Griffin,97703,S,TEMPLE,2,1,0,,0,0,306,0,0,64.4,65.9,70.4,,63.5,78.7,0,0,0,0,,0.0,0,0,0,0.0,0,0,0,9,0,4,12,0,0,0,0,0,2,12,0,8,1,0,1,0,0,0,0,0,0,
Matt Salopek,97704,S,MIAMI OH,4,4,0,,0,0,221,0,0,63.2,66.6,76.0,,68.0,70.1,0,0,0,0,,14.3,1,0,0,0.0,0,0,0,13,0,11,42,3,0,0,3,0,20,39,0,31,6,0,2,0,0,0,0,0,0,
Storm Duck,97705,CB,N CAROLINA,13,3,0,53.2,0,0,245,0,0,81.3,78.7,84.5,57.3,65.0,48.7,1,0,1,2,39,16.3,7,5,1,69.0,25,0,0,65,445,280,530,14,0,0,14,0,2,516,13,237,3,14,33,2,47,1,2,295,60,11.8
KJ Johnson II,97707,S,COAST CAR,8,7,0,66.7,0,0,141,0,0,51.9,49.8,83.1,54.7,47.7,81.6,0,1,0,0,17,6.7,2,0,1,124.8,6,0,0,98,0,119,285,1,0,0,1,0,157,284,2,164,28,3,21,0,9,1,1,65,43,10.8
Steve Lubischer,97708,S,BOSTON COL,1,0,0,,0,0,121,0,0,,66.0,69.9,,66.8,79.5,0,0,0,0,,0.0,0,0,0,0.0,0,0,0,0,0,0,9,0,0,0,0,0,7,9,0,9,2,0,2,0,0,0,0,0,0,
Rich Miller,97709,LB,BUFFALO,4,2,0,100.0,0,0,126,0,0,51.5,52.4,72.0,,57.1,76.5,0,0,0,0,9,0.0,0,0,0,97.9,2,0,0,26,0,8,27,0,0,0,0,0,0,27,0,19,0,0,0,0,2,0,0,15,8,7.5
Tiger Peterson,97711,S,HAWAII,1,0,0,,0,0,180,0,0,65.9,57.4,71.6,,54.7,28.7,0,0,0,0,,50.0,1,0,0,0.0,0,0,0,3,0,9,12,0,0,0,0,0,9,12,0,3,0,0,1,0,0,0,0,0,0,
Joe Smith,97716,LB,TOLEDO,1,0,0,,0,0,316,0,0,60.0,45.2,71.1,,44.7,26.5,0,0,0,0,,50.0,1,0,0,0.0,0,0,0,11,0,1,11,0,0,0,0,0,0,11,0,10,0,1,1,0,0,0,0,0,0,
Tyler Guidry,97717,ED,LA LAFAYET,14,4,0,100.0,0,0,207,0,0,58.3,64.7,84.0,56.4,70.4,84.7,0,2,0,0,10,0.0,0,0,0,91.7,3,0,0,9,0,15,138,126,0,0,122,4,0,12,57,66,3,5,11,2,3,2,0,18,18,6.0
Jalen Davis,97720,LB,MIDDLE TN,3,2,0,100.0,0,0,224,0,0,52.3,76.0,82.2,58.9,85.4,82.7,0,0,0,0,6,0.0,0,0,0,91.7,1,0,0,10,0,2,17,5,0,0,5,0,0,12,2,13,1,6,6,2,1,0,0,6,6,6.0
Omar Speights,97723,LB,OREGON ST,12,17,0,85.7,0,1,265,1,0,68.8,59.9,12.0,61.1,53.7,68.6,3,9,0,1,22,12.8,10,2,2,70.2,18,5,0,506,0,237,555,10,0,0,10,0,0,545,82,236,39,36,51,3,21,17,0,118,91,6.6
Wesley Walker,97725,CB,GA TECH,2,1,0,66.7,0,0,176,0,0,47.8,48.0,74.0,60.0,60.0,37.2,0,0,0,0,19,33.3,1,0,0,99.3,2,0,0,0,0,10,14,1,0,0,1,0,0,13,1,3,13,0,1,0,3,0,0,30,22,15.0
Cory Gildersleeve Jr.,97727,LB,C MICHIGAN,3,1,0,,0,0,134,0,0,54.2,54.1,74.1,59.7,56.7,78.1,0,0,0,0,,0.0,0,0,0,0.0,0,0,0,30,0,12,37,7,0,0,7,0,0,30,1,24,0,0,2,0,0,0,0,0,0,
Mohamed Kamara,97731,ED,COLO STATE,8,3,0,100.0,0,0,144,1,1,73.3,70.8,84.7,73.8,63.0,70.6,1,4,0,0,8,10.0,2,0,0,100.0,1,1,0,55,1,41,192,123,0,0,123,0,1,69,25,126,12,7,15,2,1,6,0,8,1,8.0
Tarique Barnes,97735,LB,ILLINOIS,5,3,0,100.0,0,0,187,0,0,52.0,42.0,73.4,,38.8,49.0,0,0,0,0,13,20.0,1,0,0,110.4,2,0,0,28,0,16,30,0,0,0,0,0,1,30,0,14,1,0,1,0,2,0,0,21,20,10.5
Kyle Kelly,97740,LB,OHIO,1,0,0,,0,0,259,0,0,60.0,60.5,62.1,,,,0,0,0,0,,,0,0,0,0.0,0,0,0,1,0,1,1,0,0,0,0,0,0,1,0,0,0,0,0,0,0,0,0,0,0,
Chase Jones,97741,LB,WAKE,6,4,0,81.8,0,0,339,1,0,57.5,55.4,79.4,57.4,53.3,80.0,0,0,0,0,55,4.3,1,1,0,108.3,9,0,0,109,0,67,144,5,0,0,5,0,0,139,5,72,30,9,18,1,11,0,0,110,101,12.2
Case Hatch,97745,TE,ARIZONA ST,3,1,0,66.7,0,0,110,0,0,44.5,49.9,72.9,67.3,65.6,52.0,1,0,0,0,12,20.0,1,0,0,88.2,2,0,0,18,0,18,24,0,0,0,0,0,0,24,2,4,6,2,3,0,3,1,0,22,17,11.0
Kyler Laing,97746,ED,BUFFALO,3,0,0,,0,0,126,0,0,,66.5,76.4,56.9,67.8,,0,0,0,0,,,0,0,0,0.0,0,0,0,0,0,0,19,19,0,0,19,0,0,0,4,15,0,0,0,0,0,0,0,0,0,
Tavian Brown,97747,LB,COLO STATE,3,1,0,,0,0,144,0,0,62.5,55.2,73.7,58.8,51.8,75.8,0,0,0,0,,0.0,0,0,0,0.0,0,0,0,20,0,5,21,1,0,0,1,0,0,20,2,14,0,1,1,0,0,0,0,0,0,
Mohamed Toure,97751,ED,RUTGERS,1,0,0,,0,0,278,0,0,,63.9,71.7,,62.7,72.2,0,0,0,0,,0.0,0,0,0,0.0,0,0,0,0,0,0,5,5,0,0,5,0,0,0,0,5,0,0,1,0,0,0,0,0,0,
Kevin Kaufman,97753,DI,MIAMI OH,2,1,0,,0,0,221,0,0,,42.3,72.6,58.4,42.6,73.4,0,0,0,0,,0.0,0,0,0,0.0,0,0,0,0,0,0,17,17,0,17,0,0,0,0,6,11,0,2,2,0,0,0,0,0,0,
Isaiah Kemp,97756,LB,DUKE,1,0,0,,0,0,154,0,0,,60.0,62.1,,60.0,,0,0,0,0,,,0,0,0,0.0,0,0,0,1,0,0,1,0,0,0,0,0,0,1,0,1,0,0,0,0,0,0,0,0,0,
Nelson Paul,97757,ED,SMU,12,1,0,100.0,0,0,287,1,0,36.5,55.5,10.7,64.5,66.0,57.5,2,10,0,0,35,23.1,3,0,2,158.3,5,1,0,24,0,32,207,171,0,1,161,9,0,36,121,54,12,9,9,2,5,13,2,102,26,20.4
Amaru Herring,97759,DI,GA SOUTHRN,2,0,0,,0,0,174,0,0,,69.7,72.1,64.4,61.8,,0,1,0,0,,,0,0,0,0.0,0,0,0,0,0,0,9,9,7,2,0,0,0,0,7,2,0,0,0,0,0,1,0,0,0,
Cian Quiroga,97760,LB,COLO STATE,3,1,0,,0,0,144,0,0,61.2,66.2,73.5,62.9,64.3,73.1,0,1,0,0,,0.0,0,0,0,0.0,0,0,0,15,0,2,28,12,0,0,12,0,0,16,7,19,1,0,0,0,0,1,0,0,0,
Donavon Greene,97813,WR,WAKE,1,0,0,,0,0,339,0,0,,60.0,60.0,,60.0,,0,0,0,0,,,0,0,0,0.0,0,0,0,0,0,0,1,0,0,0,0,0,0,1,0,1,0,0,0,0,0,0,0,0,0,
Javon Solomon,97821,ED,TROY,3,0,0,,0,0,318,0,0,60.5,70.4,77.9,58.7,73.7,76.8,0,1,0,0,,0.0,0,0,0,0.0,0,0,0,10,0,2,31,21,0,0,18,3,0,10,13,16,0,1,3,1,0,1,0,0,0,
Martin Emerson Jr.,97872,CB,MISS STATE,13,5,0,54.5,0,1,227,0,0,61.6,62.8,27.5,48.7,73.8,72.8,0,1,0,1,39,10.3,3,1,3,98.1,12,0,0,38,323,187,398,13,0,0,13,0,19,385,13,198,5,3,21,1,22,1,2,207,72,17.3
Kejuan Markham,97873,S,ARIZONA ST,7,1,1,75.0,0,0,110,0,0,65.1,67.6,79.1,66.7,66.3,47.5,0,0,0,0,29,22.2,2,1,0,113.5,3,0,0,28,1,39,84,3,0,0,3,0,19,81,2,43,32,3,6,1,4,0,0,47,35,15.7
Tony Davis,97876,CB,DUKE,1,0,0,,0,0,154,0,0,,63.3,70.0,,63.4,73.5,0,0,0,0,,0.0,0,0,0,0.0,0,0,0,0,7,0,7,0,0,0,0,0,0,7,0,7,0,0,1,0,0,0,0,0,0,
Alex Angus,97879,LB,E CAROLINA,1,0,0,,0,0,156,0,0,61.0,61.5,64.9,,,,0,0,0,0,,,0,0,0,0.0,0,0,0,2,0,3,3,0,0,0,0,0,0,3,0,0,1,0,0,0,0,0,0,0,0,
Jamal Morris,97881,S,OKLAHOMA,1,0,0,100.0,0,0,261,0,0,65.0,65.3,74.0,,60.0,74.8,0,0,0,0,5,0.0,0,0,0,87.5,1,0,0,6,0,5,10,0,0,0,0,0,0,10,0,5,4,1,1,0,1,0,0,5,0,5.0
Prince Wallace-Bemah,97882,LB,CHARLOTTE,3,1,0,75.0,0,0,136,0,0,65.3,67.4,77.0,85.7,53.5,84.0,0,1,0,0,10,12.5,1,0,0,83.3,3,3,0,62,0,31,72,5,0,0,5,0,0,67,5,36,5,7,6,1,4,4,0,18,15,6.0
Gavin Potter,97883,LB,KANSAS,10,16,1,79.2,0,0,198,0,0,38.2,30.0,54.8,86.2,27.9,28.9,6,9,0,0,51,30.0,27,0,1,114.9,19,2,0,644,1,257,673,5,0,0,5,0,1,668,65,351,21,29,47,1,24,17,0,278,142,14.6
Mario Nunez,97885,CB,KENT STATE,3,0,0,85.7,0,1,201,1,0,69.7,64.7,77.0,59.6,45.5,42.9,0,0,0,0,23,25.0,3,0,1,111.9,6,0,0,7,65,35,73,0,0,0,0,0,0,73,1,37,1,1,9,0,7,0,0,76,30,12.7
Jalen Jackson,97887,CB,MIDDLE TN,1,0,0,50.0,0,0,224,0,0,64.7,65.0,72.3,,60.0,,0,0,0,0,14,,0,1,0,72.9,1,0,0,0,17,14,17,0,0,0,0,0,0,17,0,3,0,0,0,0,2,0,0,14,8,14.0
Dominic Tatum,97888,CB,UTAH ST,6,0,0,50.0,0,0,329,0,0,59.1,52.3,75.8,,37.1,46.8,0,0,0,0,6,25.0,1,0,0,56.3,3,0,0,8,19,23,44,0,0,0,0,0,8,44,0,21,9,1,3,0,6,0,0,15,11,5.0
Jack Kiser,97889,LB,NOTRE DAME,2,0,0,,0,0,258,0,0,,60.0,60.0,60.0,60.0,,0,0,0,0,,,0,0,0,0.0,0,0,0,0,0,0,2,0,0,0,0,0,0,2,1,1,0,0,0,0,0,0,0,0,0,
J'Coryan Anderson,97891,LB,MARSHALL,3,1,0,100.0,0,0,214,0,0,39.9,49.8,74.6,62.9,63.1,74.3,1,0,0,0,35,0.0,0,0,0,158.3,3,0,0,19,0,10,33,7,0,0,7,0,0,26,4,19,7,0,0,0,3,1,1,59,64,19.7
Tyler Nubin,97895,S,MINNESOTA,4,0,0,0.0,0,0,225,0,0,85.5,84.6,74.8,,62.4,78.8,0,0,0,0,,0.0,0,2,0,39.6,0,0,0,2,3,20,26,1,0,0,1,0,13,25,0,6,7,0,2,0,4,0,0,0,0,
Solo Turner,97897,LB,BAYLOR,1,0,0,,0,0,118,0,0,60.8,62.9,72.5,,61.2,,0,0,0,0,,,0,0,0,0.0,0,0,0,4,0,3,7,1,0,0,1,0,0,6,0,4,2,0,0,0,0,0,0,0,0,
Marcus LaFrance,97900,S,MIDDLE TN,2,0,0,100.0,0,0,224,0,0,67.3,61.5,0.0,58.0,55.7,59.5,0,0,0,0,64,16.7,1,0,1,158.3,4,0,0,11,2,40,65,1,0,0,1,0,30,64,2,23,21,2,5,1,4,0,1,69,53,17.3
Bryce Gallagher,97905,CB,NWESTERN,1,1,0,,0,0,256,0,0,,65.9,73.0,,67.6,77.8,0,0,0,0,,0.0,0,0,0,0.0,0,0,0,0,0,0,7,0,0,0,0,0,0,7,0,7,7,1,1,0,0,0,0,0,0,
Jaylon Sharpe,97906,LB,CHARLOTTE,10,3,0,100.0,1,0,136,0,0,64.1,63.8,0.0,49.0,73.1,68.9,1,1,0,0,13,18.2,4,0,2,100.0,2,0,0,106,0,47,119,0,0,0,0,0,0,119,8,64,13,8,15,1,2,2,0,16,6,8.0
Michael Jansey Jr.,97908,LB,NWESTERN,1,0,0,,0,0,256,0,0,60.0,45.9,66.1,,60.0,,0,0,0,0,,,0,0,0,0.0,0,0,0,2,0,1,2,0,0,0,0,0,0,2,0,1,0,0,0,0,0,0,0,0,0,
Sayyid Stevens,97909,LB,DUKE,1,0,0,,0,0,154,0,0,,60.1,60.0,,60.0,,0,0,0,0,,,0,0,0,0.0,0,0,0,0,0,0,1,0,0,0,0,0,0,1,0,1,0,0,0,0,0,0,0,0,0,
Zach Ranson,97911,LB,WAKE,2,1,0,,0,0,339,0,0,52.4,56.3,72.0,60.0,63.4,43.9,0,0,0,0,,25.0,1,0,0,0.0,0,0,0,12,0,3,16,0,0,0,0,0,0,16,1,12,4,1,2,0,0,0,0,0,0,
Nick Rattin,97916,LB,N ILLINOIS,11,6,0,73.3,0,1,254,0,0,81.0,67.5,39.1,57.0,56.1,45.2,0,3,1,1,40,21.2,11,1,1,65.4,11,0,0,393,0,194,438,6,0,0,6,0,10,432,18,226,29,19,35,0,15,3,0,108,77,9.8
Shammond Cooper,97918,LB,ILLINOIS,3,0,0,100.0,0,0,187,0,0,71.1,66.6,73.7,,53.6,58.1,0,0,0,0,4,16.7,1,0,0,79.2,2,0,0,9,0,10,21,2,0,0,2,0,0,19,0,11,10,3,5,0,2,0,0,6,15,3.0
Terrell McDonald,97922,ED,UAB,3,1,0,,0,0,321,0,0,,53.3,77.4,53.7,56.9,46.7,0,0,0,0,,33.3,1,0,0,0.0,0,0,0,0,0,0,22,22,0,0,22,0,0,0,15,7,0,1,1,0,0,0,0,0,0,
Billy Wooden,97923,DI,UMASS,10,5,0,,0,1,216,1,0,60.0,58.0,0.0,57.8,62.7,81.4,1,4,0,0,,0.0,0,0,4,0.0,0,0,0,0,0,0,332,332,36,208,7,81,0,0,105,227,0,9,15,0,0,5,0,0,0,
Jackson Mitchell,97924,LB,UCONN,7,19,0,81.8,0,0,146,1,0,50.6,52.1,40.5,66.0,53.2,71.5,3,6,0,0,53,11.4,8,1,1,118.8,9,2,0,423,1,160,445,6,0,0,6,0,0,439,41,244,15,24,43,1,11,11,0,148,117,16.4
Jeremiah Burton,97928,DI,OHIO,4,0,0,,0,0,259,0,0,,73.8,73.9,56.6,76.8,69.7,0,0,0,0,,0.0,0,0,0,0.0,0,0,0,0,0,0,22,22,2,20,0,0,0,0,9,13,0,1,1,1,0,0,0,0,0,
Justin Cody,97930,DI,WAKE,1,0,0,,0,0,339,0,0,,47.2,73.8,59.2,49.5,,0,0,0,0,,,0,0,0,0.0,0,0,0,0,0,0,8,8,8,0,0,0,0,0,3,5,0,0,0,0,0,0,0,0,0,
Adetomiwa Adebawore,97934,ED,NWESTERN,7,1,0,,0,0,256,0,0,59.8,68.3,82.8,66.5,66.3,56.7,0,14,0,0,,12.5,1,0,0,0.0,0,1,0,0,1,4,193,192,1,14,140,37,0,1,101,88,0,7,6,0,0,15,0,0,0,
Marcus Harris,97937,DI,KANSAS,3,0,0,,0,0,198,0,0,,52.1,74.9,55.4,52.6,29.0,0,0,0,0,,50.0,1,0,0,0.0,0,0,0,0,0,0,39,39,0,9,0,30,0,0,14,25,0,0,1,0,0,0,0,0,0,
P.J. Spencer,97938,ED,NWESTERN,2,2,0,,0,0,256,0,0,61.2,68.6,75.6,55.5,66.5,75.7,0,0,0,0,,0.0,0,0,0,0.0,0,0,0,0,0,0,26,26,0,0,22,4,0,0,14,12,0,1,1,0,0,0,0,0,0,
Cletus Mathurin,97946,DI,UMASS,8,5,0,,0,0,216,0,0,62.4,61.9,26.3,58.5,62.6,78.8,0,1,0,0,,0.0,0,0,1,0.0,0,0,0,0,0,0,131,131,20,70,2,39,0,0,39,92,0,5,7,0,0,1,0,0,0,
Jacob Lacey,97948,DI,NOTRE DAME,12,4,1,,0,0,258,0,0,59.2,62.8,82.4,64.8,60.4,79.7,0,6,0,0,,0.0,0,0,0,0.0,0,1,0,0,0,1,247,246,26,190,0,30,0,1,110,136,0,11,10,1,0,7,0,0,0,
Wilson Frederic,97950,DI,UMASS,10,1,0,,0,0,216,0,0,,43.8,58.0,56.3,41.3,77.0,0,1,0,0,,0.0,0,0,1,0.0,0,0,0,9,0,0,289,280,228,51,0,1,0,9,86,203,0,5,9,0,0,1,0,0,0,
Lloyd Murray,97951,DI,COLORADO,2,0,0,,0,0,143,0,0,,57.9,77.0,57.1,58.2,72.4,0,0,0,0,,0.0,0,0,0,0.0,0,0,0,0,0,0,33,33,30,3,0,0,0,0,11,22,0,2,2,0,0,0,0,0,0,
Cam Mattox,97955,ED,N ILLINOIS,7,1,0,,0,0,254,0,0,,57.6,82.6,52.6,61.3,56.2,0,3,0,0,,25.0,2,0,0,0.0,0,1,0,0,0,0,164,163,0,6,152,5,0,1,80,84,1,4,5,0,0,4,0,0,0,
Levelle Bailey,97956,LB,FRESNO ST,10,7,1,76.5,1,0,169,1,0,49.6,53.2,37.6,61.8,58.6,48.7,0,2,0,1,60,20.5,8,0,1,124.6,13,1,0,128,5,166,342,57,0,0,57,0,5,285,22,154,146,14,24,5,17,3,2,180,135,13.8
Sam Brooks Jr.,97957,LB,MIAMI FL,4,4,0,80.0,0,0,220,0,0,39.3,58.0,0.0,62.7,77.6,72.8,0,0,0,0,17,7.1,1,0,1,84.2,4,1,0,74,0,28,80,0,0,0,0,0,0,80,6,46,6,8,9,0,5,1,0,21,26,5.3
Christian Clayton,97959,DI,UTSA,3,1,0,,0,0,331,0,0,,59.2,0.0,67.5,67.0,69.7,1,0,0,0,,0.0,0,0,1,0.0,0,0,0,0,0,0,9,9,2,7,0,0,0,0,4,5,0,0,0,0,0,1,0,0,0,
Richard Kinley,97960,ED,MIDDLE TN,4,2,0,,0,0,224,0,0,,49.7,79.1,56.1,47.5,40.2,0,1,0,0,,20.0,1,0,0,0.0,0,0,0,1,0,0,69,68,0,14,45,9,0,1,33,36,0,2,2,0,0,1,0,0,0,
Adrian Woliver,97961,ED,TOLEDO,7,2,0,,0,0,316,0,0,60.0,59.4,84.4,60.1,57.5,61.0,1,3,0,0,,11.1,1,0,0,0.0,0,0,0,1,0,1,124,122,0,0,122,0,0,2,48,75,1,5,6,0,0,4,0,0,0,
Austin Ertl,97963,DI,MIAMI OH,13,2,0,,0,0,221,0,0,,48.7,80.9,53.0,47.4,73.4,0,1,0,0,,0.0,0,0,0,0.0,0,0,0,0,0,0,188,188,7,181,0,0,0,0,76,112,0,1,1,0,0,1,0,0,0,
AJ Watkins,97964,ED,GA SOUTHRN,11,2,0,,0,0,174,1,0,60.0,76.3,77.5,63.3,79.7,80.2,2,4,0,0,,0.0,0,0,0,0.0,0,0,0,0,0,0,106,106,1,14,5,86,0,0,54,52,0,7,10,2,0,6,0,0,0,
James Ester,97965,DI,N ILLINOIS,4,0,0,,0,0,254,0,0,,68.6,76.6,60.2,70.5,71.3,0,2,0,0,,0.0,0,0,0,0.0,0,0,0,0,0,0,42,42,9,32,0,1,0,0,24,18,0,2,2,2,0,2,0,0,0,
Josh Pearcy,97966,ED,RICE,1,0,0,,0,0,275,0,0,60.0,61.4,64.7,60.0,60.2,,0,0,0,0,,,0,0,0,0.0,0,0,0,0,0,1,4,2,0,0,2,0,0,2,1,2,0,0,0,0,0,0,0,0,0,
Eric Hicks Jr.,97967,DI,TULANE,1,1,0,,0,0,319,0,0,,58.4,74.1,57.8,59.2,70.1,0,0,0,0,,0.0,0,0,0,0.0,0,0,0,0,0,0,15,15,14,1,0,0,0,0,8,7,0,0,0,0,0,0,0,0,0,
Tyrece Woods Jr.,97968,DI,BUFFALO,13,3,1,,0,0,126,0,0,67.0,69.3,80.6,59.2,67.5,77.7,1,0,0,0,,0.0,0,2,0,0.0,0,2,1,2,0,1,186,183,18,165,0,0,0,3,98,87,0,3,3,0,0,3,0,0,0,
Izeya Floyd,97969,DI,RICE,3,0,0,,0,0,275,0,0,,70.7,75.2,67.3,66.9,,0,0,0,0,,,0,0,0,0.0,0,0,0,0,0,0,18,18,18,0,0,0,0,0,5,13,0,0,0,0,0,0,0,0,0,
Anthonie Cooper,97970,ED,ARIZONA ST,1,1,0,,0,0,110,0,0,,60.8,68.1,58.5,60.3,71.1,0,0,0,0,,0.0,0,0,0,0.0,0,0,0,0,0,0,3,3,0,1,2,0,0,0,2,1,0,0,0,0,0,0,0,0,0,
Bubba Thomas,97972,DI,S ALABAMA,4,0,0,,0,0,288,0,0,,40.5,75.9,58.5,39.7,70.1,0,0,0,0,,0.0,0,0,0,0.0,0,0,0,0,0,0,21,21,20,1,0,0,0,0,6,15,0,1,1,0,0,0,0,0,0,
John Harris,97973,DI,BALL ST,1,0,0,,0,0,117,0,0,61.9,56.1,70.5,58.1,49.0,70.2,0,0,0,0,,0.0,0,0,0,0.0,0,0,0,0,0,0,7,7,1,6,0,0,0,0,3,4,0,1,1,0,0,0,0,0,0,
Demond Taylor Jr.,97974,DI,N ILLINOIS,4,1,0,,0,0,254,0,0,,61.0,76.2,58.6,61.4,27.8,0,1,0,0,,50.0,1,0,0,0.0,0,0,0,0,0,0,53,53,0,53,0,0,0,0,23,30,0,0,0,0,0,1,0,0,0,
Shomari Hayes,97976,DI,LA LAFAYET,2,0,0,,0,0,207,0,0,,60.2,68.6,59.9,60.0,,0,0,0,0,,,0,0,0,0.0,0,0,0,0,0,0,3,3,2,1,0,0,0,0,1,2,0,0,0,0,0,0,0,0,0,
Jalar Holley,97977,DI,MIAMI FL,2,0,0,,0,0,220,0,0,,72.5,73.5,57.3,73.7,,0,0,0,0,,,0,0,0,0.0,0,0,0,0,0,0,13,13,4,9,0,0,0,0,6,7,0,0,0,0,0,0,0,0,0,
Malachi Burby,97978,DI,RUTGERS,2,0,0,,0,0,278,0,0,,62.3,73.7,57.6,63.7,,0,0,0,0,,,0,0,0,0.0,0,0,0,0,0,0,20,20,6,14,0,0,0,0,11,9,0,0,0,0,0,0,0,0,0,
Brandon Crum,98028,TE,S ALABAMA,1,0,0,,0,0,288,0,0,,60.0,60.0,,60.0,,0,0,0,0,,,0,0,2,0.0,0,0,0,0,0,0,1,0,0,0,0,0,0,1,0,1,0,0,0,0,0,0,0,0,0,
Xavier Graham,98041,G,UMASS,2,0,0,,0,0,216,0,0,,41.0,75.3,57.7,40.7,70.1,0,0,0,0,,0.0,0,0,0,0.0,0,0,0,0,0,0,20,20,18,2,0,0,0,0,5,15,0,0,1,0,0,0,0,0,0,
Mike Ciaffoni,98056,DI,BOSTON COL,3,0,0,,0,0,121,0,0,,58.8,75.3,63.4,56.2,72.4,0,0,0,0,,0.0,0,0,0,0.0,0,1,0,0,0,0,35,35,3,31,0,1,0,0,13,22,0,2,1,0,0,1,0,0,0,
Desmond Barkley,98114,DI,TROY,4,0,0,,0,0,318,0,0,,53.9,77.0,64.1,48.3,,0,1,0,0,,,0,0,0,0.0,0,0,0,0,0,0,54,53,19,33,0,1,0,1,26,28,0,0,0,0,0,1,0,0,0,
Jahfari Harvey,98118,ED,MIAMI FL,3,0,0,,0,0,220,0,0,,56.5,75.6,61.9,54.0,24.5,1,0,0,0,,50.0,1,0,0,0.0,0,0,0,0,0,0,23,22,0,0,22,0,0,1,9,14,0,1,1,0,0,1,0,0,0,
Jalil Clemons,98119,ED,MEMPHIS,13,4,0,,0,0,218,0,0,62.9,70.5,83.5,61.1,72.9,71.0,3,10,0,0,,12.5,2,0,0,0.0,0,4,0,0,0,2,233,233,0,0,200,33,0,0,123,108,0,12,10,2,0,17,0,0,0,
Richie Hagarty,98121,ED,MIAMI OH,2,0,0,,0,0,221,0,0,,82.7,72.4,67.1,74.7,75.2,0,1,0,0,,0.0,0,0,0,0.0,0,0,0,0,0,0,7,7,0,0,7,0,0,0,2,5,0,2,2,1,0,1,0,0,0,
Myles Farmer,98122,S,NEBRASKA,2,0,0,,0,0,238,0,0,62.0,62.6,65.9,,60.0,,0,0,0,0,,,0,0,0,0.0,0,0,0,2,0,3,4,0,0,0,0,0,2,4,0,1,0,0,0,0,0,0,0,0,0,
JT Killen,98125,LB,COAST CAR,3,0,0,100.0,0,0,141,0,0,42.1,51.0,72.8,53.6,71.7,56.4,0,0,0,0,28,16.7,1,0,0,118.8,4,0,0,55,0,35,60,2,0,0,2,0,0,58,7,18,3,2,5,1,4,0,0,66,16,16.5
Derick Hall,98130,ED,AUBURN,11,1,0,,0,0,115,0,0,61.8,64.2,86.4,63.1,61.7,56.8,2,10,0,0,,21.4,3,0,0,0.0,0,0,0,0,0,3,198,198,0,1,194,3,0,0,94,101,0,9,10,2,0,12,0,0,0,
Zach Edwards,98131,ED,LOUISVILLE,2,0,0,,0,0,210,0,0,,72.0,70.5,58.2,71.4,70.8,0,0,0,0,,0.0,0,0,0,0.0,0,0,0,0,0,0,8,8,0,1,2,5,0,0,2,6,0,1,1,0,0,0,0,0,0,
Clayton Coll,98134,LB,BALL ST,12,3,0,68.8,0,1,117,1,0,55.0,57.1,1.9,75.7,51.0,74.8,1,2,0,0,28,10.0,1,1,1,88.0,11,1,0,161,0,123,192,4,0,0,4,0,5,188,30,39,22,5,6,0,16,4,0,110,64,10.0
Connor Grieco,98135,S,BOSTON COL,4,0,0,100.0,0,0,121,0,0,45.6,51.3,79.7,,65.2,71.3,0,0,0,0,63,11.1,1,0,0,158.3,3,0,0,18,0,49,96,0,0,0,0,0,55,96,0,47,23,0,8,0,3,0,2,96,52,32.0
TJ Robinson,98137,CB,RUTGERS,2,0,0,100.0,0,0,278,0,0,29.9,43.0,74.7,,70.3,78.9,0,0,0,0,56,0.0,0,0,0,158.3,1,0,0,5,0,3,19,0,0,0,0,0,1,19,0,16,13,1,3,0,1,0,1,56,12,56.0
Ramon Puryear Jr.,98138,DI,LOUISVILLE,4,1,0,,0,0,210,0,0,,60.7,77.0,58.6,60.6,70.1,0,0,0,0,,0.0,0,0,0,0.0,0,0,0,1,0,0,33,32,30,2,0,0,0,1,9,24,0,0,0,0,0,0,0,0,0,
Xavier Gonsalves,98139,ED,UMASS,1,0,0,,0,0,216,0,0,,61.3,71.1,60.0,61.0,69.7,0,0,0,0,,0.0,0,0,0,0.0,0,0,0,0,0,0,11,11,0,5,0,6,0,0,1,10,0,0,1,0,0,0,0,0,0,
Jaylen Hudson,98141,ED,WAKE,1,0,0,,0,0,339,0,0,,62.2,71.7,,61.1,,0,0,0,0,,,0,0,0,0.0,0,0,0,0,0,0,4,4,0,0,4,0,0,0,0,4,0,0,0,0,0,0,0,0,0,
Keivie Rose,98144,DI,LA TECH,1,0,0,,0,0,208,0,0,,68.5,67.5,60.0,62.6,,0,0,0,0,,,0,0,0,0.0,0,0,0,0,0,0,3,3,0,3,0,0,0,0,1,2,0,0,0,0,0,0,0,0,0,
Cole Mashburn,98147,ED,MEMPHIS,2,0,0,100.0,0,0,218,0,0,62.8,56.6,78.2,52.6,58.0,47.7,0,2,0,0,4,50.0,2,0,0,83.3,1,0,0,1,0,3,27,26,0,0,26,0,0,1,11,13,0,2,2,0,1,2,0,4,7,4.0
Mike Kelly,98148,ED,CHARLOTTE,3,1,0,,0,0,136,0,0,60.0,71.9,76.3,81.6,61.4,50.0,0,1,0,0,,33.3,1,0,0,0.0,0,1,0,0,0,1,30,30,0,0,30,0,0,0,8,21,0,0,1,0,0,2,0,0,0,
Davon Bomar,98149,ED,COAST CAR,2,0,0,,0,0,141,0,0,,57.1,72.9,54.1,61.0,23.1,0,2,0,0,,100.0,1,0,0,0.0,0,0,0,0,0,0,21,21,0,0,0,21,0,0,10,11,0,0,0,0,0,2,0,0,0,
Ricky Barber,98154,DI,W KENTUCKY,4,2,0,,0,0,346,0,0,,54.9,8.4,65.3,51.8,76.0,0,4,0,0,,16.7,1,0,1,0.0,0,1,0,0,0,0,79,79,4,66,0,9,0,0,43,36,0,3,3,0,0,5,0,0,0,
Jacoby Sharpe,98158,DI,TEMPLE,1,0,0,,0,0,306,0,0,,49.3,72.5,58.0,49.8,,0,0,0,0,,,0,0,0,0.0,0,0,0,0,0,0,15,15,0,15,0,0,0,0,7,8,0,0,0,0,0,0,0,0,0,
Jalen Graham,98165,S,PURDUE,11,6,0,79.4,0,0,273,0,0,65.0,61.5,90.0,55.1,52.0,70.2,1,2,0,0,46,11.1,5,3,1,113.7,27,0,0,121,3,336,602,61,0,0,61,0,105,541,25,241,311,20,34,3,34,3,2,224,111,8.3
Ryan Franke,98169,ED,OREGON ST,1,0,0,,0,1,265,0,0,,71.1,72.7,,68.7,72.2,0,0,0,0,,0.0,0,0,0,0.0,0,0,0,1,0,0,8,7,0,0,7,0,0,1,0,8,0,1,1,0,0,0,0,0,0,
Tre Brown,98170,LB,WASH STATE,13,11,0,87.5,1,0,341,0,0,50.6,72.2,21.7,62.4,87.0,74.3,0,2,0,0,17,9.1,3,0,1,135.9,7,0,0,138,0,65,236,68,0,0,68,0,1,168,10,161,29,14,19,3,8,2,1,57,59,8.1
DeWayne Carter,98175,DI,DUKE,3,0,0,,0,0,154,0,0,,62.8,75.4,57.0,64.3,,0,0,0,0,,,0,0,0,0.0,0,0,0,0,0,0,29,29,4,23,0,2,0,0,11,18,0,0,0,0,0,0,0,0,0,
Savion Jackson,98177,ED,NC STATE,8,2,0,,0,0,248,0,0,62.7,61.2,25.2,59.3,61.5,79.5,0,4,0,0,,0.0,0,0,1,0.0,0,0,0,0,0,0,130,130,0,14,21,95,0,0,76,54,0,4,8,1,0,4,0,0,0,
Omar Darame,98179,DI,NEW MEXICO,1,0,0,,0,0,241,0,0,,52.8,68.3,,56.6,,0,0,0,0,,,0,0,0,0.0,0,0,0,0,0,0,4,4,0,4,0,0,0,0,0,4,0,0,0,0,0,0,0,0,0,
Kyron Mims,98182,DI,BALL ST,4,0,0,,1,0,117,0,0,,33.8,3.6,53.2,33.1,74.5,0,0,0,0,,0.0,0,0,1,0.0,0,0,0,0,0,0,73,73,0,53,1,19,0,0,35,38,0,1,3,0,0,0,0,0,0,
Deshon Hall Jr.,98183,ED,LA TECH,8,1,0,,0,1,208,1,0,60.0,62.7,80.7,54.8,70.7,61.1,0,6,0,0,,14.3,1,0,0,0.0,0,0,0,0,0,0,139,139,0,6,86,47,0,0,93,46,0,3,5,1,0,6,0,0,0,
Kyle Bryant,98184,ED,MIAMI OH,3,0,0,,0,0,221,0,0,,54.5,77.5,55.5,55.0,28.4,0,1,0,0,,33.3,1,0,0,0.0,0,0,0,0,0,0,42,42,0,0,30,12,0,0,12,30,0,2,2,0,0,1,0,0,0,
Jason Gold Jr.,98186,DI,NWESTERN,6,3,0,,0,0,256,0,0,61.8,63.1,78.6,64.3,58.1,40.7,1,4,0,0,,25.0,2,0,0,0.0,0,0,0,0,0,1,106,106,5,101,0,0,0,0,54,51,0,2,3,1,0,5,0,0,0,
Kennedy Roberts,98188,DI,COAST CAR,8,1,0,,0,0,141,0,0,,49.9,13.5,53.2,53.7,76.3,0,1,0,0,,0.0,0,0,1,0.0,0,0,0,0,0,0,93,93,7,60,0,26,0,0,40,53,0,4,5,0,0,1,0,0,0,
Kobe Hilton,98191,DI,MIAMI OH,4,2,0,,0,0,221,0,0,,40.1,0.0,55.9,50.2,28.4,0,0,0,0,,33.3,2,0,3,0.0,0,0,0,0,0,0,68,68,1,67,0,0,0,0,29,39,0,2,2,1,0,0,0,0,0,
Immanuel Hickman Sr.,98192,DI,E CAROLINA,2,1,0,,0,0,156,0,0,60.0,60.7,72.3,57.2,61.3,72.4,0,0,0,0,,0.0,0,0,0,0.0,0,0,0,0,0,0,15,15,0,15,0,0,0,0,9,6,0,1,1,0,0,0,0,0,0,
Quindarius Dunnigan,98193,ED,MIDDLE TN,1,0,0,,0,0,224,0,0,,58.7,75.0,57.0,61.1,,0,1,0,0,,,0,0,0,0.0,0,0,0,0,0,0,22,22,0,2,16,4,0,0,17,5,0,0,0,0,0,1,0,0,0,
Adrian Bickham,98195,ED,RICE,6,0,0,,0,0,275,0,0,69.0,66.4,77.6,53.8,66.3,,0,1,0,0,,,0,1,0,0.0,0,0,0,4,0,5,34,29,0,0,28,1,0,5,22,7,0,0,0,0,0,1,0,0,0,
Anthony Collier,98197,DI,MIAMI OH,2,0,0,,0,0,221,0,0,,47.6,0.0,56.4,53.1,69.7,0,0,0,0,,0.0,0,0,1,0.0,0,0,0,0,0,0,40,40,0,40,0,0,0,0,15,25,0,1,1,0,0,0,0,0,0,
Wisdom Quarshie,98198,DI,TEMPLE,1,0,0,,0,0,306,0,0,,71.3,72.3,57.3,73.8,,0,0,0,0,,,0,0,0,0.0,0,0,0,0,0,0,15,15,0,15,0,0,0,0,9,6,0,0,0,0,0,0,0,0,0,
Armoni Dixon,98205,ED,TULANE,3,0,0,,0,0,319,0,0,49.2,51.8,75.4,57.1,62.8,72.2,0,1,0,0,,0.0,0,0,0,0.0,0,0,0,1,0,2,15,14,0,0,14,0,0,1,6,7,0,0,1,0,0,1,0,0,0,
Darrell Harding Jr.,98211,WR,DUKE,1,0,0,,0,0,154,0,0,,56.1,60.0,,60.0,,0,0,0,0,,,0,0,0,0.0,0,0,0,0,0,0,1,0,0,0,0,0,0,1,0,1,0,0,0,0,0,0,0,0,0,
Derek Stingley Jr.,98253,CB,LSU,15,1,0,37.0,0,0,211,1,0,91.7,91.7,86.9,60.2,78.3,48.6,0,1,0,6,85,17.1,7,15,2,51.4,34,0,0,50,883,589,986,0,0,0,0,0,17,986,7,390,34,8,33,1,92,1,5,608,200,17.9
Mataio Soli,98306,ED,ARKANSAS,12,7,0,,1,0,111,0,0,63.2,58.6,53.4,59.7,58.0,57.6,4,7,0,0,,10.5,2,0,2,0.0,0,0,0,0,0,6,497,497,0,26,425,46,0,0,250,241,0,7,10,1,0,11,0,0,0,
Steven Parker,98308,ED,KANSAS,4,2,0,50.0,0,0,198,0,0,54.9,42.0,80.0,59.4,36.1,27.1,0,0,0,0,12,40.0,2,0,0,108.3,1,0,0,5,0,7,41,28,0,0,28,0,0,13,11,23,7,0,1,0,2,0,1,12,4,12.0
Shamar McCollum,98309,ED,WAKE,11,1,0,100.0,0,0,339,0,0,51.2,53.8,84.3,64.4,47.6,48.6,1,1,0,0,19,20.0,2,0,0,105.6,3,2,0,1,0,14,133,131,2,3,125,1,0,2,56,63,1,7,7,2,3,4,0,28,18,9.3
Jamel Hamm,98310,CB,UNLV,3,2,0,75.0,0,0,325,0,0,49.9,53.9,75.5,,69.6,58.0,0,0,0,0,13,16.7,1,0,0,97.9,3,0,0,7,35,27,43,0,0,0,0,0,0,43,0,16,1,0,3,0,4,0,0,32,13,10.7
Nathan Pickering,98311,DI,MISS STATE,9,0,1,,0,0,227,0,0,61.1,65.5,42.5,69.4,60.4,58.6,1,2,0,0,,20.0,1,0,1,0.0,0,3,0,1,0,0,208,207,8,196,0,3,0,1,116,92,0,6,4,3,0,6,0,0,0,
Colby Wooden,98312,ED,AUBURN,4,2,0,,0,0,115,0,0,,70.0,78.7,54.0,78.3,78.6,0,1,0,0,,0.0,0,0,0,0.0,0,0,0,1,0,0,39,38,0,3,34,1,0,1,21,18,0,2,2,0,0,1,0,0,0,
Sylvain Yondjouen,98313,ED,GA TECH,11,2,0,,0,0,176,0,0,63.6,56.4,19.0,59.8,56.1,28.7,1,7,0,0,,29.4,5,0,2,0.0,0,0,0,3,0,1,210,207,0,11,172,24,0,3,89,120,0,8,10,1,0,8,0,0,0,
David Ugwoegbu,98314,ED,OKLAHOMA,13,1,0,62.5,0,0,261,0,0,90.2,63.7,88.0,56.9,46.9,58.9,2,6,0,0,9,16.0,4,1,0,66.7,5,1,0,10,0,65,283,266,0,0,266,0,0,17,96,122,6,14,20,3,8,9,0,19,27,3.8
Nate White,98316,DI,FIU,1,0,0,,0,0,166,0,0,,70.5,68.0,,66.8,71.3,0,0,0,0,,0.0,0,0,0,0.0,0,0,0,0,0,0,5,5,0,0,1,4,0,0,0,5,0,1,1,0,0,0,0,0,0,
Joshua Harris,98317,DI,NC STATE,3,4,0,,0,0,248,0,0,,47.1,79.2,56.8,45.2,33.5,0,0,0,0,,20.0,1,0,0,0.0,0,0,0,0,0,0,65,65,58,7,0,0,0,0,20,45,0,0,0,0,0,0,0,0,0,
Alex Wright,98318,ED,UAB,14,6,0,,1,1,321,2,0,71.2,78.8,65.4,74.5,76.0,68.7,2,16,0,0,,15.4,4,0,1,0.0,0,5,0,0,0,2,365,363,0,6,352,5,0,2,202,161,0,14,16,3,0,23,0,0,0,
George Karlaftis,98319,ED,PURDUE,12,13,1,100.0,0,1,273,2,0,70.8,74.1,66.8,69.2,73.3,65.5,18,29,0,1,20,18.6,11,0,2,79.2,1,8,0,1,0,1,843,840,0,29,657,154,0,3,429,413,2,35,35,10,1,55,0,20,23,20.0
Mykol Clark,98326,ED,LA TECH,2,0,0,,0,0,208,0,0,,58.4,71.6,62.7,56.2,70.8,0,0,0,0,,0.0,0,0,0,0.0,0,0,0,0,0,0,10,10,0,5,1,4,0,0,7,3,0,1,1,0,0,0,0,0,0,
Siaki Ika,98328,DI,LSU,13,3,0,,0,0,211,0,0,60.0,68.7,26.6,68.2,69.6,69.9,3,0,0,0,,10.5,2,0,2,0.0,0,0,0,0,0,0,246,246,192,54,0,0,0,0,119,127,0,10,14,2,0,3,0,0,0,
Justin Moore,98329,DI,UCONN,2,1,0,,0,0,146,0,0,,62.9,74.6,56.9,64.5,72.2,0,0,0,0,,0.0,0,0,0,0.0,0,0,0,1,0,0,25,24,1,23,0,0,0,1,11,14,0,0,1,0,0,0,0,0,0,
Jared Harrison-Hunte,98331,DI,MIAMI FL,1,0,0,,0,0,220,0,0,,60.5,69.3,59.7,60.0,,0,0,0,0,,,0,0,0,0.0,0,0,0,0,0,0,3,3,1,2,0,0,0,0,2,1,0,0,0,0,0,0,0,0,0,
Hunter Spears,98337,DI,NOTRE DAME,3,0,0,,0,0,258,0,0,,54.7,0.0,56.8,63.3,69.7,0,1,0,0,,0.0,0,0,1,0.0,0,0,0,0,0,0,25,25,3,22,0,0,0,0,6,19,0,0,1,0,0,1,0,0,0,
Jason Blissett Jr.,98339,DI,MIAMI FL,1,0,0,,0,0,220,0,0,,71.3,70.2,58.7,69.1,69.7,0,0,0,0,,0.0,0,0,0,0.0,0,0,0,0,0,0,6,6,2,4,0,0,0,0,3,3,0,1,1,1,0,0,0,0,0,
Isaiah Chaney,98340,ED,WAKE,1,0,0,,0,0,339,0,0,,58.5,71.1,57.7,60.0,,0,0,0,0,,,0,0,0,0.0,0,0,0,0,0,0,6,6,0,0,6,0,0,0,4,2,0,0,0,0,0,0,0,0,0,
DeVonne Harris,98341,ED,WYOMING,1,0,0,,0,0,351,0,0,,60.2,69.5,59.1,60.5,,0,0,0,0,,,0,0,0,0.0,0,0,0,0,0,0,4,4,0,0,4,0,0,0,1,3,0,0,0,0,0,0,0,0,0,
R.J. Oben,98342,ED,DUKE,4,0,0,,0,0,154,0,0,,65.2,75.1,62.4,63.8,71.1,0,2,0,0,,0.0,0,0,0,0.0,0,0,0,0,0,0,24,24,0,0,23,1,0,0,15,9,0,0,1,0,0,2,0,0,0,
Da'Jon Terry,98345,DI,KANSAS,4,1,0,,0,0,198,0,0,,65.9,78.0,58.2,66.1,73.5,0,0,0,0,,0.0,0,0,0,0.0,0,0,0,0,0,0,33,33,33,0,0,0,0,0,7,26,0,1,2,0,0,0,0,0,0,
Devin Baldwin,98346,DI,RUTGERS,2,0,0,,0,0,278,0,0,,67.5,73.1,58.9,67.3,,0,0,0,0,,,0,0,0,0.0,0,0,0,0,0,0,18,18,0,12,0,6,0,0,3,15,0,0,0,0,0,0,0,0,0,
David Reynolds,98347,ED,FIU,10,3,0,,0,0,166,0,0,60.0,60.7,35.0,56.6,61.0,70.7,0,1,0,1,,9.1,1,0,1,0.0,0,0,0,0,0,0,152,152,0,0,126,26,0,0,60,92,0,3,7,0,0,1,0,0,0,
DeShawn Holt,98439,ED,MARYLAND,2,1,0,,0,0,215,0,0,,63.1,77.6,60.1,62.8,77.1,0,2,0,0,,0.0,0,0,0,0.0,0,0,0,0,0,0,27,27,0,0,27,0,0,0,10,17,0,2,3,0,0,2,0,0,0,
Jason Vaughn,98440,ED,USF,12,1,0,0.0,0,0,327,0,0,57.6,69.0,35.4,66.0,73.4,84.9,1,5,0,0,,0.0,0,0,1,39.6,0,1,0,31,0,19,168,131,0,0,129,2,0,37,47,102,6,6,11,2,2,7,0,0,0,
Shitta Sillah,98442,ED,BOSTON COL,9,1,0,,0,0,121,0,0,66.5,61.3,82.8,54.8,63.6,60.8,0,3,0,0,,13.3,2,0,0,0.0,0,1,0,17,0,12,136,119,0,5,112,2,0,17,68,56,0,5,12,2,0,4,0,0,0,
Seth Coleman,98443,ED,ILLINOIS,1,0,0,,0,0,187,0,0,,57.8,68.7,57.7,60.0,,0,0,0,0,,,0,0,0,0.0,0,0,0,0,0,0,3,3,0,0,3,0,0,0,2,1,0,0,0,0,0,0,0,0,0,
Kayvon Thibodeaux,98444,ED,OREGON,14,4,1,75.0,1,1,264,0,0,76.3,77.9,51.7,79.9,65.0,57.4,5,19,0,0,10,21.9,7,1,3,83.3,3,10,0,16,1,47,481,461,1,9,410,41,0,20,290,144,2,29,21,5,4,34,0,18,12,6.0
Kendall Wilkerson,98450,DI,LA LAFAYET,14,0,2,,0,0,207,0,0,59.1,56.7,81.3,63.6,49.3,46.5,3,8,0,0,,25.0,2,0,0,0.0,0,1,0,2,0,4,241,239,4,168,6,61,0,2,146,91,0,5,6,0,0,12,0,0,0,
Jackson Ness,98451,ED,BOSTON COL,1,0,0,,0,0,121,0,0,,61.2,69.7,59.4,61.0,,0,0,0,0,,,0,0,0,0.0,0,0,0,0,0,0,6,6,0,3,1,2,0,0,2,4,0,0,0,0,0,0,0,0,0,
Keith Randolph Jr.,98452,ED,ILLINOIS,4,4,0,,1,0,187,0,0,,54.3,0.0,62.2,64.6,54.2,1,1,0,0,,12.5,1,0,2,0.0,0,0,0,0,0,0,31,31,0,0,28,3,0,0,7,24,0,2,3,0,0,2,0,0,0,
Izaiah Henderson,98456,ED,BOSTON COL,4,2,0,,0,0,121,0,0,,67.4,77.0,55.1,71.1,77.3,0,1,0,0,,0.0,0,0,0,0.0,0,0,0,0,0,0,45,45,0,1,31,13,0,0,16,29,0,1,3,0,0,1,0,0,0,
Eric Watts,98459,ED,UCONN,12,9,0,,1,0,146,0,0,65.5,56.2,65.3,52.7,57.7,69.0,0,8,0,0,,9.4,3,0,1,0.0,0,0,0,14,0,6,403,388,0,1,345,42,0,15,188,209,1,13,20,1,0,8,0,0,0,
Adam Plant,98461,ED,TCU,9,1,0,,0,0,305,0,0,61.4,63.1,82.6,57.0,66.5,76.7,0,3,0,0,,0.0,0,0,0,0.0,0,0,0,0,0,4,111,110,0,0,105,5,0,1,56,51,0,0,2,0,0,3,0,0,0,
Austin Stogner,98464,TE,OKLAHOMA,1,0,0,,0,0,261,0,0,,60.0,60.0,60.0,,,0,0,0,0,,,0,0,0,0.0,0,0,0,0,0,0,1,0,0,0,0,0,0,1,1,0,0,0,0,0,0,0,0,0,0,
Zach Harrison,98503,ED,OHIO STATE,14,6,0,,0,0,260,0,0,61.9,70.7,84.8,62.3,73.4,84.3,0,3,0,0,,5.0,1,0,1,0.0,0,4,0,0,0,10,281,281,7,2,264,8,0,0,131,140,0,14,13,2,0,7,0,0,0,
Moses Okpala,98521,DI,ILLINOIS,1,0,0,,0,0,187,0,0,,49.9,68.4,59.3,56.4,,0,0,0,0,,,0,0,0,0.0,0,0,0,0,0,0,4,4,0,4,0,0,0,0,2,2,0,0,0,0,0,0,0,0,0,
Brock Higdon,98522,ED,S ALABAMA,2,0,0,,0,0,288,0,0,,68.9,70.0,59.8,67.6,,0,0,0,0,,,0,0,0,0.0,0,0,0,0,0,0,9,9,0,4,0,5,0,0,1,8,0,0,0,0,0,0,0,0,0,
Tatum Bethune,98532,LB,UCF,9,4,0,46.7,0,1,323,0,0,67.4,70.4,0.0,57.2,77.2,61.2,1,1,0,0,11,16.7,4,0,1,53.5,7,0,0,114,0,68,142,9,0,0,9,0,0,133,12,62,18,11,16,1,15,2,0,39,27,5.6
Jeremiah Jean-Baptiste,98536,LB,UCF,6,1,0,100.0,0,0,323,0,0,45.2,52.5,74.7,45.9,68.7,51.2,0,1,0,0,32,25.0,3,0,0,118.8,7,0,0,91,0,54,95,0,0,0,0,0,0,95,3,38,3,8,8,2,7,1,0,125,87,17.9
Jaylen Mahoney,98558,CB,VANDERBILT,12,10,0,55.6,0,0,333,1,0,74.0,72.9,86.8,63.3,64.4,74.7,1,1,0,1,50,10.7,3,2,0,50.0,10,1,0,33,12,201,382,6,0,0,6,0,3,376,15,166,328,6,15,1,18,3,0,107,95,10.7
James Tarver,98560,CB,UCF,3,1,0,100.0,0,0,323,0,0,51.7,55.5,76.3,,70.6,59.8,0,0,0,0,18,25.0,1,0,0,158.3,4,0,0,4,41,26,46,0,0,0,0,0,0,46,0,20,0,0,2,0,4,0,1,56,20,14.0
Justin Harris,98565,LB,VANDERBILT,1,0,0,,0,0,333,0,0,60.0,59.8,65.1,59.2,,,0,0,0,0,,,0,0,0,0.0,0,0,0,1,0,1,2,0,0,0,0,0,1,2,1,0,0,0,0,0,0,0,0,0,0,
Anfernee Orji,98568,LB,VANDERBILT,9,2,0,25.0,0,0,333,0,0,60.6,63.1,75.9,67.0,64.1,81.5,1,0,0,0,1,0.0,0,1,1,79.2,1,0,0,44,2,46,78,6,0,0,6,0,3,72,1,31,23,1,3,0,4,1,1,1,4,1.0
Daevion Davis,98569,DI,VANDERBILT,11,4,0,,0,0,333,0,0,,49.5,23.9,55.2,50.8,79.1,0,1,0,0,,0.0,0,0,2,0.0,0,0,0,0,0,0,251,251,73,173,0,5,0,0,102,149,0,4,9,1,0,1,0,0,0,
Christian James,98572,DI,VANDERBILT,1,1,0,,0,0,333,0,0,,55.1,68.0,,56.3,71.3,0,0,0,0,,0.0,0,0,0,0.0,0,0,0,0,0,0,5,5,0,2,0,3,0,0,0,5,0,0,0,0,0,0,0,0,0,
Duron Lowe,98590,CB,UTEP,12,4,0,51.4,0,1,330,0,0,64.5,65.9,85.9,60.0,66.9,70.4,0,0,0,0,48,11.1,3,4,2,109.0,18,0,0,49,541,309,616,17,0,0,17,0,2,599,1,306,6,6,20,0,35,0,3,298,68,16.6
Fentrell Cypress II,98591,CB,VIRGINIA,1,0,0,,0,0,335,0,0,60.0,61.3,68.9,,60.0,,0,0,0,0,,,0,0,0,0.0,0,0,0,0,5,1,5,0,0,0,0,0,0,5,0,4,0,0,0,0,0,0,0,0,0,
Derrick Langford,98592,CB,WASH STATE,10,0,0,42.9,0,0,341,0,0,68.6,66.9,81.4,55.2,56.2,81.9,0,2,0,0,44,0.0,0,4,1,106.0,6,0,0,26,218,144,251,1,0,0,1,0,2,250,3,104,4,0,6,0,14,2,1,149,32,24.8
Shahman Moore,98593,CB,WASH STATE,3,0,0,50.0,0,0,341,0,0,66.5,67.8,74.7,,65.6,76.2,0,0,0,0,3,0.0,0,0,0,56.3,1,0,0,0,30,9,30,0,0,0,0,0,0,30,0,21,0,0,2,0,2,0,0,3,1,3.0
Tony Collier,98594,CB,NEW MEXICO,8,0,0,25.0,0,0,241,0,0,53.2,56.4,80.2,,67.9,78.2,0,0,0,0,80,0.0,0,0,1,118.8,1,0,0,8,110,55,125,7,0,0,7,0,0,118,0,70,0,2,3,0,4,0,1,80,35,80.0
Cam Goode,98596,DI,UCF,10,4,0,,0,0,323,0,0,60.0,68.4,34.3,73.3,62.0,66.3,4,8,0,0,,8.3,1,0,1,0.0,0,0,0,0,0,0,162,162,31,106,0,25,0,0,102,60,0,5,7,1,0,12,0,0,0,
Dashawn Crawford,98599,DI,VA TECH,11,2,2,0.0,0,1,337,1,0,64.3,77.2,61.7,81.0,69.4,65.9,6,11,0,1,,15.0,3,0,1,0.0,0,4,0,2,0,6,416,414,26,346,4,38,0,2,209,201,0,15,15,2,1,21,0,0,0,
Grant Trueman,98600,ED,E MICHIGAN,2,0,0,,0,0,160,0,0,,56.4,72.7,57.1,58.4,,0,0,0,0,,,0,0,0,0.0,0,0,0,0,0,0,10,10,0,0,9,1,0,0,5,5,0,0,0,0,0,0,0,0,0,
Trevon Mason,98601,DI,ARIZONA,12,11,3,100.0,0,0,109,0,0,59.7,67.1,85.4,61.7,68.0,62.3,0,12,0,0,7,13.0,7,0,0,95.8,1,1,0,1,0,1,570,569,29,265,135,140,0,1,299,270,0,23,36,4,1,13,0,7,3,7.0
Myles Tapusoa,98603,DI,ARIZONA,11,4,0,,0,0,109,0,0,50.8,51.6,7.7,60.6,53.8,38.5,2,5,0,0,,21.4,3,0,3,0.0,0,1,0,0,0,2,259,259,137,121,0,1,0,0,131,126,0,8,7,1,0,8,0,0,0,
Marcus Bragg,98604,DI,W KENTUCKY,4,0,0,,0,0,346,0,0,61.4,58.3,77.4,58.1,54.4,28.8,0,3,0,0,,25.0,1,0,0,0.0,0,0,0,0,0,0,78,78,4,66,0,8,0,0,57,21,0,2,3,0,0,3,0,0,0,
Aaron Donkor,98605,ED,ARK STATE,6,3,0,100.0,0,0,113,0,0,66.0,73.5,85.6,75.4,65.8,61.3,1,4,0,0,3,12.5,3,0,0,79.2,1,0,0,16,0,22,212,196,0,0,193,3,0,16,105,85,0,12,18,2,1,5,0,3,4,3.0
TJ Johnson,98606,DI,MARSHALL,3,0,0,,0,0,214,0,0,,77.7,74.2,75.8,69.0,71.1,0,2,0,0,,0.0,0,0,0,0.0,0,0,0,0,0,0,25,25,0,19,5,1,0,0,14,11,0,0,1,0,0,2,0,0,0,
Mike Hinton,98609,ED,TULANE,13,1,1,,0,0,319,0,0,60.1,71.2,81.1,61.8,75.6,79.1,0,4,0,0,,10.0,1,0,0,0.0,0,1,0,0,0,1,261,259,3,31,17,208,0,2,144,116,0,9,8,1,0,5,0,0,0,
Jason Harris,98610,ED,UCLA,12,7,0,80.0,1,0,324,1,0,54.0,60.3,65.0,56.3,67.2,71.7,0,4,0,0,83,9.5,2,0,1,158.3,4,2,0,2,1,47,359,345,0,1,344,0,0,14,155,157,11,10,12,2,5,6,1,131,93,32.8
Enock Makonzo,98611,S,COAST CAR,2,1,0,50.0,0,0,141,0,0,48.2,54.4,76.9,,65.7,50.4,0,0,0,0,8,25.0,1,0,0,60.4,1,0,0,37,0,28,62,0,0,0,0,0,19,62,0,34,6,1,2,1,2,0,0,8,2,8.0
Logan Darby,98612,S,UMASS,9,7,0,87.5,0,1,216,0,0,50.7,47.8,80.9,59.9,45.1,58.4,0,0,0,0,55,16.3,7,0,0,158.3,7,0,0,140,6,90,252,1,0,0,1,0,36,251,1,161,69,10,29,0,8,0,2,152,60,21.7
Tre Young,98615,CB,S ALABAMA,12,5,0,73.1,0,0,288,0,0,65.8,61.8,88.5,60.0,49.1,70.2,0,0,0,0,27,12.2,6,2,0,98.1,19,0,0,80,6,229,503,2,0,0,2,0,93,501,1,273,322,4,38,1,26,0,0,219,119,11.5
Bryce Beekman,98616,S,WASH STATE,13,13,0,67.9,0,1,341,1,0,54.0,54.5,85.0,54.5,54.2,29.2,0,1,0,1,54,24.7,18,2,2,95.1,19,0,0,297,13,344,622,6,0,0,6,0,168,616,2,276,138,17,42,2,28,1,1,265,87,13.9
Mike Hollins,98628,HB,VIRGINIA,1,0,0,,0,0,335,0,0,,60.0,60.0,,60.0,,0,0,0,0,,0.0,0,0,0,0.0,0,0,0,0,0,0,1,0,0,0,0,0,0,1,0,1,0,0,1,0,0,0,0,0,0,
Diamond Harrell,98630,S,UCONN,8,5,0,71.4,0,1,146,0,0,60.7,63.0,86.3,,67.3,64.1,0,0,0,2,21,12.2,5,1,1,52.6,15,0,0,59,0,194,362,3,0,0,3,0,202,359,0,168,98,6,31,1,21,0,0,154,71,10.3
Brandon Burks,98631,LB,E MICHIGAN,10,7,0,100.0,0,0,160,0,0,51.4,58.0,80.9,47.8,67.1,71.2,0,1,0,0,29,12.0,3,0,0,118.8,7,0,0,105,1,56,132,14,0,0,14,0,0,118,4,72,11,4,15,0,7,1,0,95,45,13.6
Tariq Speights,98632,LB,E MICHIGAN,7,2,0,50.0,0,1,160,0,0,64.8,62.7,0.0,59.1,65.5,76.1,0,0,0,0,3,8.3,1,0,1,56.3,1,0,0,58,0,15,66,4,0,0,4,0,0,62,2,49,4,4,9,0,2,0,0,3,4,3.0
Swayze Bozeman,98634,LB,SO MISS,13,13,0,77.8,0,2,296,2,0,70.6,57.6,85.2,55.7,47.9,58.0,0,6,0,0,47,16.9,10,0,0,99.5,14,6,0,507,1,233,558,14,0,0,13,1,0,544,85,240,35,32,36,2,18,12,0,142,83,10.1
Nick Anderson,98636,LB,TULANE,12,11,0,70.0,0,0,319,0,0,62.3,67.9,78.1,69.8,68.2,81.5,0,4,0,0,28,3.8,1,1,0,130.8,7,1,0,159,0,75,184,13,0,0,13,0,0,171,14,95,12,9,14,1,10,5,1,89,62,12.7
Trennan Carlson,98638,ED,UTAH,6,0,0,0.0,0,0,328,0,0,41.3,41.7,78.2,53.7,49.4,74.6,0,0,0,0,,0.0,0,0,0,39.6,0,0,0,8,0,9,43,32,0,1,27,4,0,11,19,15,3,1,2,0,1,0,0,0,0,
Joe Smith,98639,LB,UTEP,7,1,1,87.5,0,0,330,0,0,53.1,54.1,83.1,57.4,55.5,68.3,0,2,0,0,49,11.8,2,0,1,153.6,7,0,0,86,0,83,183,37,0,0,37,0,0,146,24,76,60,9,14,1,8,2,1,91,77,13.0
Nick Jackson,98640,LB,VIRGINIA,8,4,0,72.7,0,0,335,0,0,64.1,61.2,12.0,58.9,60.9,84.2,3,5,0,0,19,8.0,2,0,1,83.9,8,1,0,210,0,87,235,4,0,0,4,0,0,231,36,112,20,9,19,0,11,9,0,56,55,7.0
James Lewis,98641,LB,NEW MEXICO,4,1,0,66.7,0,0,241,0,0,47.4,41.7,75.4,50.6,47.7,28.7,0,2,0,0,59,40.0,2,0,0,149.3,2,0,0,15,0,15,30,2,0,0,2,0,0,28,6,9,13,2,2,0,3,2,1,64,68,32.0
Jacobi Hearn,98643,ED,NEW MEXICO,12,9,0,80.0,0,2,241,0,0,65.4,81.0,91.5,81.3,75.8,61.6,4,14,0,0,16,17.6,9,2,0,91.4,12,7,0,165,0,93,565,362,0,0,362,0,0,203,209,263,38,30,33,4,15,25,0,89,82,7.4
Reco Hannah,98644,LB,NEW MEXICO,7,1,0,100.0,0,0,241,0,0,62.7,66.1,78.6,55.4,71.6,60.3,0,0,0,0,22,14.3,1,0,0,147.9,5,0,0,30,0,28,66,5,0,0,5,0,0,61,7,31,31,4,5,0,5,0,1,50,30,10.0
Jaydon Hill,98645,CB,FLORIDA,7,0,0,57.1,0,0,163,0,0,64.9,68.8,79.2,59.2,83.7,84.1,0,0,0,0,14,0.0,0,1,0,68.8,4,0,0,4,103,65,108,0,0,0,0,0,0,108,1,42,1,5,9,0,7,0,0,32,9,8.0
Chester Kimbrough,98646,CB,FLORIDA,7,2,0,41.7,0,0,163,0,0,68.8,66.6,79.6,60.0,51.7,45.2,0,0,0,0,27,30.0,3,2,0,87.2,5,0,0,7,120,80,127,0,0,0,0,0,0,127,1,46,0,1,5,0,12,0,1,65,38,13.0
Gi'Narious Johnson,98660,DI,S ALABAMA,12,4,0,,0,0,288,0,0,60.0,65.0,50.2,70.3,61.3,68.2,0,8,0,0,,9.1,1,0,1,0.0,0,3,0,0,0,0,221,221,190,22,0,9,0,0,101,120,0,4,6,0,0,11,0,0,0,
Savion Williams,98661,DI,TENNESSEE,7,2,0,,0,0,307,0,0,,72.6,76.4,66.9,71.1,75.5,0,1,0,0,,0.0,0,0,0,0.0,0,0,0,0,0,0,67,67,1,52,0,14,0,0,27,40,0,2,3,0,0,1,0,0,0,
Jayy McDonald,98686,HB,MIDDLE TN,1,0,0,,0,0,224,0,0,,60.0,60.0,,60.0,,0,0,0,0,,,0,0,0,0.0,0,0,0,0,0,0,1,0,0,0,0,0,0,1,0,1,0,0,0,0,0,0,0,0,0,
Kaiir Elam,98693,CB,FLORIDA,11,0,0,43.5,0,0,163,0,0,89.8,87.8,14.5,53.5,63.2,84.1,0,0,0,3,20,0.0,0,3,1,18.3,10,0,0,18,277,207,310,0,0,0,0,0,10,310,2,101,5,3,10,0,23,0,0,108,28,10.8
Jonathan Alexander,98707,S,KANSAS ST,12,2,0,46.2,0,1,199,1,1,58.9,70.4,82.2,69.3,87.2,69.3,0,1,0,0,70,14.3,4,2,0,102.7,6,1,0,110,0,137,261,4,0,0,4,0,104,257,6,118,43,9,22,3,13,2,1,114,46,19.0
Naeem Smith,98708,S,RICE,12,7,0,65.8,0,1,275,0,0,64.6,65.2,89.1,67.1,62.2,59.2,0,0,0,2,50,17.6,9,1,0,95.8,25,2,0,62,6,297,564,19,0,0,19,0,170,545,9,258,306,17,35,1,38,2,3,315,183,12.6
Shaddrick Lowery,98709,S,NEW MEXICO,2,0,0,,0,0,241,0,0,60.5,61.0,66.5,,60.0,,0,0,0,0,,,0,0,0,0.0,0,0,0,0,0,2,3,0,0,0,0,0,2,3,0,1,1,0,0,0,0,0,0,0,0,
Dontario Drummond,98738,WR,OLE MISS,1,0,0,,0,0,226,0,0,,60.0,60.0,,60.0,,0,0,0,0,,,0,0,4,0.0,0,0,0,0,0,0,1,0,0,0,0,0,0,1,0,1,0,0,0,0,0,0,0,0,0,
Markus Grossman,98749,WR,UAB,2,0,0,,1,0,321,0,0,,60.0,60.0,,60.0,,0,0,0,0,,,0,0,1,0.0,0,0,0,0,0,0,2,0,0,0,0,0,0,2,0,2,0,0,0,0,0,0,0,0,0,
Te'Cory Couch,98755,CB,MIAMI FL,7,0,0,100.0,0,0,220,0,0,55.8,56.3,78.6,53.5,64.6,78.5,0,0,0,0,29,0.0,0,0,0,118.8,3,0,0,1,25,30,50,3,0,0,3,0,0,47,4,16,21,2,3,0,3,0,0,51,24,17.0
Noa Kamana,98758,LB,HAWAII,7,0,0,50.0,0,0,180,0,0,63.8,62.0,77.3,57.2,58.8,82.2,0,0,0,0,1,0.0,0,0,0,56.3,1,0,0,28,0,28,57,8,0,0,8,0,9,49,3,26,12,1,7,0,2,0,0,1,7,1.0
Kwabena Watson,98760,ED,ARIZONA,1,0,0,,0,0,109,0,0,,56.1,75.2,65.4,48.3,24.9,2,0,0,0,,100.0,1,0,0,0.0,0,0,0,0,0,0,20,20,0,1,18,1,0,0,14,6,0,0,0,0,0,2,0,0,0,
DJuan Matthews,98766,DI,HAWAII,15,4,0,,0,0,180,0,0,60.5,60.4,13.9,57.9,66.3,80.7,1,5,0,0,,0.0,0,0,3,0.0,0,0,0,0,0,1,332,332,22,228,12,70,0,0,187,144,0,7,13,0,0,6,0,0,0,
Jaelin Humphries,98767,DI,FLORIDA,1,0,0,,0,0,163,0,0,,60.5,64.7,,60.0,,0,0,0,0,,,0,0,0,0.0,0,0,0,0,0,0,1,1,0,1,0,0,0,0,0,1,0,0,0,0,0,0,0,0,0,
Kyon Barrs,98769,DI,ARIZONA,11,3,0,100.0,0,0,109,0,0,55.8,48.3,30.8,53.5,49.9,81.3,0,3,0,0,11,5.9,1,0,2,112.5,1,0,0,0,0,1,313,313,66,158,24,65,0,0,150,162,0,6,13,0,1,3,0,11,3,11.0
Derrion Clark,98772,LB,ARIZONA,5,1,0,100.0,0,0,109,0,0,62.6,39.0,0.0,56.6,39.1,74.3,0,0,0,0,33,0.0,0,0,1,118.8,1,0,0,13,0,7,28,13,0,0,13,0,0,15,5,16,1,0,0,0,1,0,0,33,35,33.0
Tauivi Ho Ching,98778,LB,HAWAII,5,2,0,100.0,0,0,180,0,0,66.4,64.4,74.9,58.5,59.3,82.5,0,0,0,0,8,0.0,0,0,0,79.2,4,0,0,36,0,25,44,4,0,0,4,0,1,40,2,17,3,3,5,0,4,0,0,10,18,2.5
Mohamoud Diabate,98780,ED,FLORIDA,11,2,0,100.0,1,1,163,0,0,55.3,68.2,39.2,76.8,63.9,53.1,2,15,0,0,25,31.3,5,0,1,118.8,3,4,0,30,5,43,193,146,0,2,143,1,0,47,79,71,12,10,9,0,3,21,0,38,41,12.7
Ty'Ron Hopper,98781,CB,FLORIDA,1,0,0,,0,0,163,0,0,61.4,67.0,67.9,,60.0,,0,0,0,0,,,0,0,0,0.0,0,0,0,0,0,2,3,0,0,0,0,0,0,3,0,1,3,0,0,0,0,0,0,0,0,
Jesiah Pierre,98782,LB,FLORIDA,1,0,0,,0,0,163,0,0,60.3,62.4,67.5,,60.0,,0,0,0,0,,,0,0,0,0.0,0,0,0,2,0,2,3,0,0,0,0,0,0,3,0,1,1,0,0,0,0,0,0,0,0,
Khris Bogle,98783,ED,FLORIDA,13,2,0,100.0,0,0,163,0,0,73.2,66.3,84.3,58.3,66.5,67.5,0,6,0,0,2,18.8,3,0,0,79.2,1,1,0,2,1,7,180,177,0,0,176,1,0,3,100,73,0,11,11,2,1,7,0,2,1,2.0
Lloyd Summerall,98784,ED,FLORIDA,2,0,0,,0,0,163,0,0,,61.0,69.8,58.3,61.3,71.1,0,0,0,0,,0.0,0,0,0,0.0,0,0,0,0,0,0,5,5,0,1,4,0,0,0,2,3,0,0,1,0,0,0,0,0,0,
Coleman Crozier,98810,CB,FLORIDA,1,0,0,,0,0,163,0,0,,60.0,66.0,,60.0,,0,0,0,0,,,0,0,0,0.0,0,0,0,0,0,0,2,0,0,0,0,0,0,2,0,2,2,0,0,0,0,0,0,0,0,
Andrew Barnes,98813,S,MIAMI FL,1,0,0,,0,0,220,0,0,48.5,53.6,68.0,,60.3,29.2,0,0,0,0,,50.0,1,0,0,0.0,0,0,0,0,0,2,6,0,0,0,0,0,6,6,0,4,0,0,1,0,0,0,0,0,0,
Gannon Feldmann,98814,S,MIAMI FL,1,0,0,,0,0,220,0,0,60.9,60.8,67.7,,60.0,,0,0,0,0,,,0,0,0,0.0,0,0,0,0,0,2,3,0,0,0,0,0,3,3,0,1,0,0,0,0,0,0,0,0,0,
Hot Rod Fitten,98827,ED,S CAROLINA,1,0,0,,0,0,289,0,0,,62.0,76.9,60.9,60.7,,0,0,0,0,,,0,0,0,0.0,0,0,0,0,0,0,20,20,0,0,20,0,0,0,13,7,0,0,0,0,0,0,0,0,0,
Dylan Lawrence,98829,CB,MISS STATE,1,0,0,,0,0,227,0,0,65.0,65.2,69.3,,60.0,75.3,0,0,0,0,,0.0,0,0,0,0.0,0,0,0,1,4,4,6,0,0,0,0,0,1,6,0,2,0,1,1,0,0,0,0,0,0,
M.J. Devonshire,98832,CB,KENTUCKY,3,1,0,33.3,0,0,202,0,0,75.0,74.7,76.4,59.1,61.6,81.1,0,0,0,0,38,0.0,0,1,0,57.6,2,0,0,1,50,38,51,0,0,0,0,0,0,51,1,12,0,1,5,0,6,0,0,40,12,20.0
Jay Ward,98833,CB,LSU,11,0,0,33.3,0,0,211,0,0,67.6,69.6,78.8,65.0,65.3,78.2,1,0,0,0,24,0.0,0,3,0,93.5,3,0,0,3,73,42,77,0,0,0,0,0,0,77,2,33,0,1,3,0,9,1,2,52,12,17.3
Cor'Dale Flott,98834,CB,LSU,13,4,0,32.0,0,0,211,0,0,70.2,71.7,83.4,53.5,76.7,63.7,0,0,0,0,35,13.3,2,5,0,52.4,8,0,0,12,99,153,235,0,0,0,0,0,13,235,4,78,111,4,9,0,25,0,0,142,41,17.8
Ray'Darious Jones,98835,CB,LSU,4,0,0,0.0,0,0,211,0,0,65.9,66.4,74.3,,62.8,,0,0,0,0,,,0,0,0,39.6,0,0,0,3,27,14,32,0,0,0,0,0,2,32,0,18,0,0,0,0,1,0,0,0,0,
Jammie Robinson,98836,CB,S CAROLINA,12,13,0,58.3,1,1,289,0,0,70.5,70.4,89.1,56.9,67.1,90.7,0,0,0,1,37,4.6,3,3,2,85.6,35,0,0,99,22,392,679,18,0,0,18,0,119,661,5,282,421,18,49,2,60,0,3,362,166,10.3
Cam Smith,98837,CB,S CAROLINA,2,2,0,100.0,0,0,289,0,0,60.6,61.1,75.6,,61.5,81.3,0,0,0,0,32,0.0,0,0,0,158.3,3,0,0,0,40,27,40,0,0,0,0,0,0,40,0,13,0,0,4,0,3,0,1,45,17,15.0
Shilo Sanders,98838,CB,S CAROLINA,1,0,0,50.0,0,0,289,0,0,60.6,61.5,74.4,,62.5,76.4,0,0,0,0,5,0.0,0,0,0,56.3,1,0,0,5,0,23,33,0,0,0,0,0,6,33,0,10,22,0,1,0,2,0,0,5,1,5.0
Johnny Dixon,98839,CB,S CAROLINA,8,1,0,60.0,0,0,289,0,0,65.4,62.7,79.4,60.0,49.2,57.0,0,0,0,1,17,25.0,1,0,0,77.9,3,0,0,3,100,60,105,2,0,0,2,0,0,103,1,44,0,1,2,1,5,0,1,31,7,10.3
Jordan Villafane,98841,CB,S CAROLINA,1,0,0,100.0,0,0,289,0,0,63.6,64.7,67.3,,60.0,75.1,0,0,0,0,5,0.0,0,0,0,87.5,1,0,0,0,0,2,3,0,0,0,0,0,0,3,0,1,3,0,1,0,1,0,0,5,0,5.0
Warren Burrell,98842,CB,TENNESSEE,7,1,0,55.0,0,0,307,0,0,50.5,54.7,81.5,68.4,66.8,70.8,1,0,0,0,29,13.3,2,0,1,110.6,11,0,0,18,213,107,238,2,0,0,2,0,1,236,3,128,4,4,12,0,20,1,2,141,28,12.8
Romello Edwards,98843,CB,TENNESSEE,1,0,0,100.0,0,0,307,0,0,71.8,73.2,71.8,,64.1,76.2,0,0,0,0,1,0.0,0,0,0,79.2,1,0,0,0,12,5,12,0,0,0,0,0,0,12,0,7,0,1,2,0,1,0,0,1,3,1.0
Tyus Fields,98844,S,TENNESSEE,1,0,0,,0,0,307,0,0,61.7,67.9,70.4,,67.5,75.3,0,0,0,0,,0.0,0,0,0,0.0,0,0,0,4,0,4,10,0,0,0,0,0,5,10,0,6,1,1,1,1,0,0,0,0,0,
Jaylen McCollough,98845,S,TENNESSEE,11,7,0,62.5,0,0,307,0,0,74.3,71.2,85.6,62.4,61.2,69.3,0,2,0,0,75,17.4,8,2,0,119.4,15,1,0,64,3,268,459,4,0,0,4,0,289,455,6,185,97,9,31,2,24,3,2,216,119,14.4
Kenney Solomon,98848,CB,TENNESSEE,1,0,0,50.0,0,0,307,0,0,65.8,67.0,70.4,,60.9,,0,0,0,1,11,,0,0,0,27.1,1,0,0,2,10,5,12,0,0,0,0,0,0,12,0,7,0,0,0,0,2,0,0,11,0,11.0
Elijah Blades,98849,CB,TEXAS A&M,7,2,0,52.6,0,1,312,0,0,63.2,69.3,82.4,95.2,64.1,67.1,0,1,0,0,41,14.3,3,0,4,111.7,10,1,0,17,262,184,290,1,0,0,1,0,0,289,6,100,10,6,16,1,19,2,2,140,30,14.0
Erick Young,98850,S,TEXAS A&M,2,1,0,,0,0,312,0,0,75.6,78.4,70.7,,66.3,78.3,0,0,0,1,,0.0,0,0,0,0.0,0,0,0,4,0,7,11,0,0,0,0,0,4,11,0,4,2,0,1,0,0,0,0,0,0,
Brian Williams,98851,S,TEXAS A&M,6,0,0,50.0,0,0,312,0,0,60.8,56.4,77.0,55.2,48.3,20.0,0,0,0,0,9,100.0,1,0,0,62.5,1,0,0,18,0,34,54,2,0,0,2,0,24,52,4,16,9,0,0,0,2,0,0,9,17,9.0
Demani Richardson,98852,S,TEXAS A&M,12,17,0,76.2,0,1,312,0,0,56.4,63.1,44.1,61.3,75.3,73.2,1,5,0,1,78,10.8,9,4,2,113.7,16,0,0,204,7,326,586,4,0,0,4,0,316,582,21,239,55,22,57,3,21,6,1,291,165,18.2
Konnor Hitchcock,98855,CB,TEXAS A&M,1,0,0,,0,0,312,0,0,63.1,63.5,69.0,,60.0,,0,0,0,0,,,0,0,0,0.0,0,0,0,0,6,5,6,0,0,0,0,0,0,6,0,1,0,0,0,0,0,0,0,0,0,
Jordan Battle,98857,S,ALABAMA,13,1,0,60.0,0,0,103,1,0,66.3,66.8,85.7,62.4,65.4,69.6,0,0,0,1,14,13.0,3,1,1,48.8,12,1,0,97,8,268,400,2,0,0,2,0,170,398,7,125,122,6,19,1,20,1,0,84,85,7.0
Scooby Carter,98858,CB,ALABAMA,3,0,0,0.0,0,0,103,0,0,54.1,57.4,74.7,,65.8,74.2,0,0,0,0,,0.0,0,0,1,39.6,0,0,0,0,32,11,32,0,0,0,0,0,0,32,0,21,0,0,1,0,1,0,0,0,0,
Brandon Turnage,98859,CB,ALABAMA,1,0,0,,0,0,103,0,0,60.0,60.8,63.8,,,,0,0,0,0,,,0,0,0,0.0,0,0,0,0,1,1,1,0,0,0,0,0,0,1,0,0,0,0,0,0,0,0,0,0,0,
Marcus Banks,98861,CB,ALABAMA,4,0,0,,0,0,103,0,0,64.7,65.4,73.9,,62.7,,0,0,0,0,,,0,0,0,0.0,0,0,0,0,27,8,27,0,0,0,0,0,0,27,0,19,0,0,0,0,0,0,0,0,0,
DeMarcco Hellams,98863,S,ALABAMA,7,1,0,100.0,0,0,103,0,0,64.0,71.8,74.7,79.0,65.4,79.7,0,0,0,0,0,0.0,0,0,0,79.2,1,1,0,9,0,11,29,1,0,0,1,0,4,28,3,15,15,1,1,0,1,1,0,0,1,0.0
Jalen Catalon,98867,S,ARKANSAS,3,2,0,,0,1,111,0,0,75.5,85.2,75.0,,89.8,84.0,0,0,0,0,,0.0,0,1,0,0.0,0,0,0,20,0,12,33,0,0,0,0,0,6,33,0,21,7,2,4,0,0,0,0,0,0,
Greg Brooks Jr.,98869,CB,ARKANSAS,12,2,0,76.7,0,0,111,0,0,51.9,49.8,88.5,54.3,41.7,29.8,0,3,0,1,69,32.4,11,1,0,121.5,33,0,0,62,1,245,491,31,0,0,31,0,2,460,27,219,395,7,21,0,43,3,3,432,276,13.1
Malik Chavis,98870,CB,ARKANSAS,2,1,0,,0,0,111,0,0,64.2,66.9,72.3,,65.6,63.0,0,0,0,0,,0.0,0,0,0,0.0,0,0,0,2,19,3,22,0,0,0,0,0,0,22,0,19,0,0,1,0,0,0,0,0,0,
Zion Puckett,98874,CB,AUBURN,4,1,0,60.0,0,0,115,0,0,59.3,57.6,80.9,54.3,57.2,51.7,0,1,0,0,30,20.0,1,1,0,142.5,3,0,0,6,0,21,60,9,0,0,9,0,1,51,5,34,43,1,3,0,5,1,1,61,39,20.3
Nehemiah Pritchett,98875,CB,AUBURN,5,1,0,50.0,0,0,115,0,0,67.3,66.2,76.8,,59.6,80.2,0,0,0,0,20,0.0,0,0,0,85.4,1,0,0,5,57,32,68,0,0,0,0,0,1,68,0,36,3,2,3,0,2,0,0,20,16,20.0
Jaylin Simpson,98876,S,AUBURN,3,0,0,100.0,0,0,115,0,0,60.0,65.1,72.4,,68.7,27.5,0,0,0,0,12,50.0,1,0,0,116.7,1,0,0,4,0,7,20,0,0,0,0,0,11,20,0,13,5,1,1,0,1,0,0,12,12,12.0
DJ Daniel,98878,CB,GEORGIA,13,6,0,47.2,0,0,173,0,0,72.5,73.6,48.7,63.6,76.8,89.2,0,2,0,0,40,4.5,2,6,5,77.9,25,0,0,41,622,439,683,1,0,0,1,0,0,682,10,234,19,9,36,2,53,2,2,304,73,12.2
Lewis Cine,98879,S,GEORGIA,8,5,0,81.8,0,0,173,0,0,69.9,73.7,81.7,68.2,78.3,82.0,1,0,0,1,24,5.0,1,0,0,53.0,9,0,0,69,2,135,201,4,0,0,4,0,102,197,2,64,24,5,14,1,11,1,0,64,32,7.1
Jonathan Haynes,98884,S,OLE MISS,11,11,0,82.4,0,0,226,0,0,54.7,56.8,37.0,,61.9,77.8,0,0,0,1,78,10.5,6,0,1,130.4,14,0,0,184,1,231,487,0,0,0,0,0,231,487,0,256,71,7,40,0,17,0,2,200,91,14.3
Jalen Jordan,98885,CB,OLE MISS,3,0,0,100.0,0,0,226,0,0,65.0,65.4,70.1,,60.0,76.6,0,0,0,0,12,0.0,0,0,0,97.9,2,0,0,0,11,10,12,0,0,0,0,0,0,12,0,2,0,1,2,0,2,0,0,15,3,7.5
AJ Finley,98887,S,OLE MISS,12,3,0,70.0,0,0,226,0,0,54.5,56.2,79.9,59.2,61.0,71.1,0,0,0,0,36,15.4,2,0,0,129.6,7,0,0,25,2,58,107,2,0,0,2,0,27,105,2,47,50,3,8,2,10,0,1,86,72,12.3
Deantre Prince,98888,CB,OLE MISS,10,1,1,58.6,0,0,226,0,0,67.0,67.2,83.2,62.0,58.4,50.0,0,0,0,2,43,21.4,6,2,0,77.9,17,0,0,14,333,227,353,0,0,0,0,0,3,353,1,125,3,6,21,0,29,0,2,228,82,13.4
Jay Stanley,98889,S,OLE MISS,7,3,0,80.0,0,0,226,0,0,62.7,61.0,82.8,,55.9,59.6,0,0,0,0,51,19.0,4,1,0,151.7,8,0,0,86,1,141,234,0,0,0,0,0,121,234,0,93,26,4,14,0,10,0,1,124,56,15.5
Chris Shearin,98891,CB,MISSOURI,5,0,0,66.7,0,0,229,0,0,71.8,70.9,77.2,60.0,63.6,74.2,0,1,0,0,0,0.0,0,0,0,70.1,2,0,0,1,33,12,38,1,0,0,1,0,0,37,1,25,2,1,1,0,3,1,0,-2,2,-1.0
Stacy Brown,98892,LB,MISSOURI,4,0,0,,0,0,229,0,0,70.7,63.7,77.6,62.9,53.1,27.0,1,1,0,0,,50.0,1,0,0,0.0,0,0,0,8,0,7,38,15,0,0,15,0,0,23,7,24,14,1,1,0,0,2,0,0,0,
Ishmael Az-Zahir,98893,CB,MISSOURI,1,0,0,0.0,0,0,229,0,0,66.6,67.0,75.6,,62.2,,0,0,0,0,,,0,0,0,39.6,0,0,0,0,32,21,35,0,0,0,0,0,0,35,0,14,3,0,0,0,1,0,0,0,0,
Taj Dodson,98898,S,KENTUCKY,3,0,0,100.0,0,0,202,1,0,34.7,36.4,75.6,59.4,57.2,75.9,0,0,0,0,32,0.0,0,0,0,158.3,4,0,0,11,0,33,44,0,0,0,0,0,19,44,1,10,14,0,2,0,4,0,1,71,15,17.8
Moses Douglass,98899,S,KENTUCKY,2,0,0,100.0,0,0,202,0,0,56.6,58.5,74.9,56.7,65.0,28.2,0,0,0,0,11,50.0,1,0,0,108.3,2,0,0,13,0,26,35,0,0,0,0,0,12,35,2,7,10,0,1,0,2,0,0,20,25,10.0
Brandin Echols,98900,CB,KENTUCKY,13,7,0,47.4,0,3,202,0,0,82.3,78.0,49.7,92.3,53.4,71.0,0,0,0,0,18,11.1,7,11,3,70.5,27,1,0,93,593,368,708,3,0,0,3,0,15,705,5,335,3,13,49,2,57,1,2,236,71,8.7
Jalen Geiger,98901,CB,KENTUCKY,3,0,0,100.0,0,0,202,0,0,67.4,67.6,73.7,60.0,60.6,73.5,0,0,0,0,6,0.0,0,0,0,91.7,1,0,0,2,26,19,28,0,0,0,0,0,0,28,1,8,0,0,1,0,1,0,0,6,1,6.0
Quandre Mosely,98902,S,KENTUCKY,12,4,1,33.3,0,0,202,0,0,75.4,78.1,86.4,66.9,80.3,86.7,0,0,0,1,20,4.3,1,2,1,6.5,3,0,0,48,0,221,361,1,0,0,1,0,203,360,1,139,109,2,18,1,9,0,0,35,4,11.7
Maurice Hampton Jr.,98903,S,LSU,7,2,0,66.7,0,0,211,0,0,59.2,64.6,79.4,,74.4,85.5,0,0,0,0,14,0.0,0,1,0,92.4,2,0,0,19,3,48,98,0,0,0,0,0,60,98,0,50,15,0,6,0,3,0,0,25,3,12.5
Cade Comeaux,98904,S,LSU,1,0,0,,0,0,211,0,0,61.5,61.3,66.8,,,,0,0,0,0,,,0,0,0,0.0,0,0,0,0,0,4,4,0,0,0,0,0,4,4,0,0,0,0,0,0,0,0,0,0,0,
LeDarrius Cox,98905,DI,OLE MISS,3,1,0,,0,0,226,0,0,,59.7,72.5,69.7,53.8,70.1,0,0,0,0,,0.0,0,0,0,0.0,0,0,0,0,0,0,9,9,9,0,0,0,0,0,4,5,0,0,0,0,0,0,0,0,0,
De'Monte Russell,98907,ED,MISS STATE,1,0,0,,0,0,227,0,0,,65.8,71.1,64.0,60.0,70.8,0,1,0,0,,0.0,0,0,0,0.0,0,0,0,0,0,0,6,6,0,0,5,1,0,0,5,1,0,0,1,0,0,1,0,0,0,
Jack Harris,98908,ED,MISS STATE,1,0,0,,0,0,227,0,0,,65.9,72.7,56.6,67.7,71.5,0,0,0,0,,0.0,0,0,0,0.0,0,0,0,0,0,0,9,9,0,0,9,0,0,0,6,3,0,1,1,0,0,0,0,0,0,
Zacch Pickens,98911,DI,S CAROLINA,12,2,0,,0,0,289,0,0,60.0,63.9,81.2,68.7,58.5,50.9,1,1,0,0,,13.3,2,0,0,0.0,0,0,0,0,0,0,224,224,23,167,2,32,0,0,97,127,0,4,11,0,0,2,0,0,0,
Joe Anderson,98913,ED,S CAROLINA,1,2,0,,0,0,289,0,0,,65.6,75.9,60.9,65.5,52.9,0,0,0,0,,25.0,1,0,0,0.0,0,0,0,0,0,0,20,20,0,0,18,2,0,0,13,7,0,0,1,0,0,0,0,0,0,
Elijah Simmons,98915,DI,TENNESSEE,3,0,0,,0,0,307,0,0,,64.6,72.7,58.6,64.7,,0,0,0,0,,,0,0,0,0.0,0,0,0,0,0,0,12,12,5,7,0,0,0,0,4,8,0,0,0,0,0,0,0,0,0,
Darel Middleton,98917,ED,TENNESSEE,13,12,0,,0,1,307,0,0,63.0,69.5,11.4,58.2,77.6,85.6,1,4,0,0,,0.0,0,0,3,0.0,0,1,0,0,0,0,308,307,0,62,157,88,0,1,132,176,0,14,17,2,0,6,0,0,0,
Derick Hunter Jr.,98918,DI,TEXAS A&M,4,0,0,,0,0,312,0,0,,69.7,74.8,69.9,64.1,70.2,0,3,0,0,,,0,0,0,0.0,0,0,0,0,0,0,33,33,1,32,0,0,0,0,17,16,0,0,0,0,0,3,0,0,0,
DeMarvin Leal,98919,ED,TEXAS A&M,12,8,0,,1,0,312,0,0,60.6,68.8,65.0,60.5,73.1,66.3,3,13,0,0,,15.4,6,0,1,0.0,0,1,0,0,0,2,424,424,4,47,269,104,0,0,215,207,0,18,25,3,0,17,0,0,0,
Adarious Jones,98921,DI,TEXAS A&M,3,1,0,,0,0,312,0,0,,57.3,75.4,74.5,45.8,70.2,1,4,0,0,,0.0,0,0,0,0.0,0,0,0,0,0,0,39,39,0,38,1,0,0,0,19,20,0,0,0,0,0,5,0,0,0,
Danny Milam,98922,DI,TEXAS A&M,2,0,0,,0,0,312,0,0,,58.0,69.9,57.8,59.7,,0,0,0,0,,,0,0,0,0.0,0,0,0,0,0,0,7,7,0,7,0,0,0,0,4,3,0,0,0,0,0,0,0,0,0,
Byron Young,98923,DI,ALABAMA,13,8,1,,0,0,103,0,0,60.3,61.7,83.9,57.0,63.0,83.8,0,4,0,0,,0.0,0,0,0,0.0,0,1,0,1,0,0,282,281,0,33,143,105,0,1,130,152,0,9,13,0,0,5,0,0,0,
Braylen Ingraham,98924,DI,ALABAMA,2,1,0,,0,0,103,0,0,,79.0,73.4,55.5,81.5,75.7,0,0,0,0,,0.0,0,0,0,0.0,0,0,0,0,0,0,19,19,0,8,6,5,0,0,7,12,0,3,3,0,0,0,0,0,0,
Justin Eboigbe,98925,ED,ALABAMA,10,3,0,,0,0,103,0,0,56.0,61.7,18.8,62.7,67.5,59.9,3,4,0,0,,15.4,2,0,2,0.0,0,1,0,0,0,0,217,217,1,40,112,64,0,0,111,106,0,7,8,1,0,8,0,0,0,
DJ Dale,98927,DI,ALABAMA,10,4,0,,0,0,103,1,0,,74.3,84.5,62.4,77.7,64.8,0,6,0,0,,15.0,3,0,1,0.0,0,1,0,2,0,0,349,346,102,242,0,2,0,3,178,171,0,10,13,3,0,7,0,0,0,
Ishmael Sopsher,98928,DI,ALABAMA,1,0,0,,0,0,103,0,0,,48.8,72.0,59.2,49.8,22.2,0,0,0,0,,100.0,1,0,0,0.0,0,0,0,0,0,0,11,11,2,9,0,0,0,0,4,7,0,0,0,0,0,0,0,0,0,
Collin Clay,98929,ED,ARKANSAS,11,6,0,,1,0,111,0,0,59.1,60.5,58.0,54.8,65.1,67.3,0,3,0,0,,10.0,2,0,1,0.0,0,1,0,1,0,0,292,291,0,12,252,27,0,1,118,174,0,6,12,0,0,4,0,0,0,
Eric Gregory,98930,ED,ARKANSAS,3,2,0,,0,0,111,0,0,,70.1,79.1,54.8,73.9,76.5,0,0,0,0,,0.0,0,0,0,0.0,0,0,0,0,0,0,26,25,0,0,23,2,0,1,8,18,0,2,2,0,0,0,0,0,0,
Zach Williams,98931,ED,ARKANSAS,10,5,0,,0,0,111,0,0,65.1,55.2,29.0,54.2,53.9,81.0,0,2,0,0,,0.0,0,0,1,0.0,0,0,0,0,0,1,131,130,0,5,108,17,0,1,50,80,0,3,8,0,0,2,0,0,0,
Marcus Miller,98933,DI,ARKANSAS,1,0,0,,0,0,111,0,0,,56.8,0.0,60.0,70.4,69.7,0,0,0,0,,0.0,0,0,1,0.0,0,0,0,0,0,0,4,4,3,1,0,0,0,0,1,3,0,1,1,1,0,0,0,0,0,
Enoch Jackson,98935,DI,ARKANSAS,2,0,0,,0,0,111,0,0,,61.1,71.8,57.5,62.1,,0,0,0,0,,,0,0,0,0.0,0,0,0,0,0,0,16,15,3,10,0,2,0,1,5,11,0,0,0,0,0,0,0,0,0,
Reece Mullins,98937,ED,AUBURN,1,0,0,,0,0,115,0,0,,60.5,68.5,60.0,60.0,,0,0,0,0,,,0,0,0,0.0,0,0,0,0,0,0,3,3,0,0,3,0,0,0,1,2,0,0,0,0,0,0,0,0,0,
Stone Handy,98938,DI,AUBURN,6,2,0,,0,0,115,0,0,60.0,81.5,77.8,62.9,86.3,61.9,1,0,0,0,,11.1,1,0,1,0.0,0,0,0,0,0,0,75,75,0,64,2,9,0,0,41,34,0,4,6,2,0,1,0,0,0,
Trenton Townsend,98939,DI,AUBURN,1,0,0,,0,0,115,0,0,,61.6,67.8,60.0,60.5,,0,1,0,0,,,0,0,0,0.0,0,0,0,0,0,0,3,3,0,3,0,0,0,0,1,2,0,0,0,0,0,1,0,0,0,
Travon Walker,98940,DI,GEORGIA,12,1,1,,0,0,173,1,0,62.4,56.9,43.7,60.5,44.7,52.7,1,8,0,0,,20.0,2,0,1,0.0,0,5,0,0,0,2,194,194,26,77,57,34,0,0,163,29,0,8,7,1,0,14,0,0,0,
Bill Norton,98941,ED,GEORGIA,3,1,0,,0,0,173,0,0,,57.8,75.6,54.7,60.1,53.3,0,0,0,0,,20.0,1,0,0,0.0,0,0,0,0,0,0,32,32,0,9,19,4,0,0,14,18,0,2,3,1,0,0,0,0,0,
Tramel Walthour,98942,ED,GEORGIA,1,0,0,,0,0,173,0,0,,57.6,73.5,56.7,59.0,,0,0,0,0,,,0,0,0,0.0,0,0,0,0,0,0,14,14,0,0,10,4,0,0,5,9,0,0,0,0,0,0,0,0,0,
Tymon Mitchell,98943,DI,GEORGIA,2,2,0,,0,0,173,0,0,,65.0,73.4,62.1,63.8,54.1,1,0,0,0,,16.7,1,0,0,0.0,0,0,0,0,0,0,20,20,0,20,0,0,0,0,11,9,0,1,3,0,0,1,0,0,0,
Zion Logue,98944,DI,GEORGIA,2,1,0,,0,0,173,0,0,,57.3,73.5,60.8,54.9,69.7,0,2,0,0,,0.0,0,0,0,0.0,0,0,0,0,0,0,24,24,1,22,0,1,0,0,16,8,0,0,0,0,0,2,0,0,0,
Darius Robinson,98946,DI,MISSOURI,6,0,0,,0,0,229,0,0,,45.4,77.9,76.3,33.5,70.2,1,1,0,0,,0.0,0,0,0,0.0,0,0,0,0,0,0,43,43,16,22,0,5,0,0,15,28,0,1,1,0,0,2,0,0,0,
Z'Core Brooks,98947,DI,MISSOURI,1,1,0,,0,0,229,0,0,,48.4,68.1,60.0,53.7,71.5,0,0,0,0,,0.0,0,0,0,0.0,0,0,0,0,0,0,3,3,0,1,1,1,0,0,1,2,0,0,0,0,0,0,0,0,0,
Isaiah McGuire,98948,ED,MISSOURI,6,2,0,100.0,0,0,229,0,0,54.3,61.8,0.0,70.1,66.6,53.6,0,2,0,0,21,11.1,1,0,1,158.3,1,0,0,0,0,1,65,65,0,2,32,31,0,0,31,33,0,4,6,0,1,2,1,21,0,21.0
Cavon Butler,98951,DI,KENTUCKY,1,0,0,,0,0,202,0,0,,68.0,73.4,72.2,56.2,71.3,0,1,0,0,,0.0,0,0,0,0.0,0,0,0,0,0,0,20,20,5,7,0,8,0,0,15,5,0,0,1,0,0,1,0,0,0,
Isaiah Gibson Sr.,98952,ED,KENTUCKY,1,0,0,,0,0,202,0,0,,51.4,72.6,60.4,48.6,,1,1,0,0,,,0,0,0,0.0,0,0,0,0,0,0,17,17,0,2,4,11,0,0,13,4,0,0,0,0,0,2,0,0,0,
Joe Evans,98953,DI,LSU,4,0,0,,0,0,211,0,0,,70.0,76.9,55.0,73.9,76.8,0,0,0,0,,0.0,0,0,0,0.0,0,0,0,0,0,0,56,56,21,12,0,23,0,0,23,33,0,6,6,0,0,0,0,0,0,
Lakia Henry,98956,LB,OLE MISS,12,18,0,71.4,0,0,226,0,0,62.7,53.1,0.0,62.1,50.3,72.7,2,3,0,0,31,11.1,10,1,2,97.2,20,1,0,505,0,235,529,6,0,0,6,0,0,523,30,264,18,34,62,2,28,6,1,159,67,8.0
Ashanti Cistrunk,98958,LB,OLE MISS,3,0,0,,0,0,226,0,0,61.6,65.4,71.7,60.0,64.8,73.1,0,0,0,0,,0.0,0,0,0,0.0,0,0,0,14,0,4,16,0,0,0,0,0,0,16,1,11,2,1,1,0,0,0,0,0,0,
Derek Boykins,98980,LB,S CAROLINA,1,1,0,100.0,0,0,289,0,0,73.2,75.3,68.8,,64.3,77.5,0,0,0,0,6,0.0,0,0,0,85.4,2,0,0,17,0,11,17,0,0,0,0,0,0,17,0,6,0,1,2,0,2,0,0,9,11,4.5
Jahmar Brown,98981,LB,S CAROLINA,7,0,0,50.0,0,1,289,0,0,60.0,63.7,79.8,54.3,69.0,80.6,0,1,0,0,31,0.0,0,1,0,79.9,3,0,0,35,1,29,76,32,0,0,32,0,2,44,10,37,6,4,6,1,6,1,0,52,46,17.3
Henry To'oTo'o,98982,LB,TENNESSEE,13,20,0,70.3,0,0,307,1,0,61.9,59.8,58.7,55.0,59.7,62.6,4,6,0,0,28,13.3,11,2,1,111.4,26,0,0,653,6,333,727,22,0,1,21,0,4,705,46,348,41,30,52,4,37,10,2,291,206,11.2
Roman Harrison,98983,ED,TENNESSEE,9,1,0,100.0,0,0,307,0,0,60.0,64.4,81.0,61.7,74.2,78.3,0,3,0,0,15,0.0,0,0,0,158.3,1,2,0,0,0,0,98,98,0,1,94,3,0,0,70,28,0,5,3,0,1,5,1,15,20,15.0
Chris Russell Jr.,98989,LB,TEXAS A&M,1,0,0,,0,0,312,0,0,,60.0,60.0,,60.0,,0,0,0,0,,,0,0,0,0.0,0,0,0,0,0,0,1,0,0,0,0,0,0,1,0,1,0,0,0,0,0,0,0,0,0,
Andre White,98990,LB,TEXAS A&M,11,2,0,100.0,0,0,312,0,0,62.3,57.9,82.3,62.7,43.6,44.5,1,3,0,0,8,33.3,4,0,0,93.1,3,2,0,121,1,89,161,22,0,0,22,0,0,139,33,39,16,3,6,0,3,6,0,19,14,6.3
Joe Mawad,98993,DI,TEXAS A&M,2,0,0,,0,0,312,0,0,,29.8,67.7,59.9,49.0,,0,0,0,0,,,0,0,0,0.0,0,0,0,0,0,0,3,3,0,3,0,0,0,0,1,2,0,0,0,0,0,0,0,0,0,
Christian Harris,98996,LB,ALABAMA,13,13,0,85.7,0,1,103,2,0,48.5,67.9,46.1,58.4,82.2,70.4,4,5,0,0,30,12.7,9,1,1,125.0,18,0,0,421,6,198,500,22,0,0,22,0,0,478,27,275,50,29,49,9,21,9,1,214,162,11.9
King Mwikuta,98997,ED,ALABAMA,5,2,0,,0,0,103,0,0,,57.6,76.9,55.2,58.9,77.4,0,0,0,0,,0.0,0,0,0,0.0,0,0,0,0,0,0,35,35,0,0,35,0,0,0,11,24,0,0,3,0,0,0,0,0,0,
Shane Lee,98998,LB,ALABAMA,13,18,0,73.5,0,2,103,1,0,43.6,49.1,30.9,61.6,54.9,90.1,2,11,0,1,40,4.5,4,0,2,102.1,25,5,0,692,5,328,742,27,0,0,27,0,0,715,77,337,17,41,66,3,34,18,2,256,183,10.2
Zach Zimos,99001,LB,ARKANSAS,1,0,0,,0,0,111,0,0,60.9,62.9,66.0,,60.0,,0,0,0,0,,,0,0,0,0.0,0,0,0,2,0,2,3,0,0,0,0,0,0,3,0,1,1,0,0,0,0,0,0,0,0,
Owen Pappoe,99006,LB,AUBURN,13,11,1,75.9,0,1,115,0,0,53.8,58.8,85.8,65.1,60.4,73.3,2,6,0,0,19,11.8,6,1,0,88.4,22,2,0,404,10,261,505,48,0,0,48,0,2,457,58,186,41,18,34,0,29,10,0,161,140,7.3
OC Brothers,99008,LB,AUBURN,2,0,0,,0,0,115,0,0,60.3,78.4,67.8,,76.5,76.5,0,0,0,0,,0.0,0,0,0,0.0,0,0,0,6,0,2,6,0,0,0,0,0,0,6,0,4,0,2,2,1,0,0,0,0,0,
Nolan Smith,99014,ED,GEORGIA,14,5,0,66.7,0,0,173,0,0,56.9,69.6,86.6,69.9,66.7,84.2,4,10,0,0,10,7.1,1,0,0,78.5,2,5,0,5,0,18,287,276,0,3,272,1,0,11,181,88,6,13,8,0,3,19,0,15,8,7.5
Jermaine Johnson,99015,ED,GEORGIA,14,2,1,0.0,1,1,173,0,0,72.2,72.1,14.0,63.3,82.4,75.0,4,12,0,0,,13.3,2,0,2,39.6,0,2,0,29,1,28,214,180,1,1,178,0,0,34,129,57,4,10,11,1,2,18,0,0,0,
Trezmen Marshall,99017,LB,GEORGIA,5,1,0,100.0,0,0,173,0,0,66.2,53.1,73.2,57.1,39.4,77.6,0,0,0,0,4,0.0,0,0,0,83.3,1,0,0,26,0,13,30,2,0,0,2,0,0,28,5,12,2,1,1,0,1,0,0,4,5,4.0
Nakobe Dean,99018,LB,GEORGIA,14,4,0,35.7,0,0,173,0,0,72.5,74.3,83.8,64.3,73.5,65.9,1,5,0,0,13,13.6,3,2,0,44.3,5,0,0,207,4,149,245,24,0,0,24,0,0,221,36,60,10,8,15,0,14,6,0,28,29,5.6
Devin Nicholson,99021,LB,MISSOURI,5,11,0,50.0,0,1,229,0,0,67.6,63.4,85.2,49.6,62.8,71.6,0,0,0,0,22,10.3,3,0,0,63.2,3,0,0,147,1,84,242,91,0,0,91,0,0,151,28,130,2,9,15,1,6,0,0,28,25,9.3
Tra Wilkins,99025,LB,KENTUCKY,1,0,0,66.7,0,0,202,0,0,57.5,66.5,72.7,66.0,72.7,42.5,0,0,0,0,19,25.0,1,0,0,92.4,2,0,0,31,0,20,32,0,0,0,0,0,0,32,1,11,1,1,3,0,3,0,0,25,14,12.5
Kendall McCallum,99027,LB,LSU,1,0,0,,0,0,211,0,0,,60.1,60.0,,60.0,,0,0,0,0,,,0,0,0,0.0,0,0,0,0,0,0,1,0,0,0,0,0,0,1,0,1,0,0,0,0,0,0,0,0,0,
Patrick Lucas Jr.,99039,DI,OLE MISS,4,0,0,,0,0,226,0,0,,57.3,75.1,58.8,57.2,70.1,0,0,0,0,,0.0,0,0,0,0.0,0,0,0,0,0,0,20,20,17,1,0,2,0,0,7,13,0,0,1,0,0,0,0,0,0,
Sam Williams,99106,ED,OLE MISS,12,4,0,100.0,1,1,226,0,0,63.7,67.5,51.5,69.1,65.7,81.2,6,12,0,1,49,9.1,3,0,4,73.8,14,7,0,55,2,100,562,418,0,0,418,0,0,144,208,254,87,23,26,5,14,25,0,124,105,8.9
Marquez Bembry,99107,LB,KENTUCKY,1,0,0,0.0,0,0,202,0,0,65.5,62.3,72.5,,55.6,76.2,0,0,0,0,,0.0,0,0,0,39.6,0,0,0,13,0,16,19,1,0,0,1,0,0,18,0,3,5,1,1,0,1,0,0,0,0,
Jared Casey,99108,ED,KENTUCKY,3,1,0,75.0,0,0,202,0,0,48.7,57.8,83.5,63.7,67.5,73.0,0,2,0,0,11,0.0,0,0,0,91.7,3,0,0,5,0,23,74,38,0,0,38,0,0,36,21,30,30,0,0,0,4,2,0,26,20,8.7
K.D. McDaniel,99109,ED,KENTUCKY,2,1,0,100.0,0,0,202,0,0,50.3,57.0,80.4,56.3,67.2,26.9,0,4,0,0,9,50.0,1,0,0,104.2,1,0,0,0,0,5,39,33,0,0,33,0,0,6,19,15,6,0,0,0,1,4,0,9,3,9.0
J.J. Weaver,99111,ED,KENTUCKY,3,0,1,100.0,0,0,202,0,0,86.5,72.9,79.7,58.4,56.4,57.2,1,0,0,0,6,14.3,1,1,0,91.7,1,0,0,7,0,11,51,37,0,0,37,0,0,14,22,18,7,5,6,1,1,1,0,6,1,6.0
Jalani Williams,99172,S,MISSOURI,2,0,0,0.0,0,0,229,0,0,51.2,56.9,73.8,,64.7,76.4,0,0,0,0,,0.0,0,0,0,39.6,0,0,0,0,0,4,17,0,0,0,0,0,15,17,0,13,2,0,1,0,1,0,0,0,0,
Martez Manuel,99173,S,MISSOURI,6,1,0,0.0,0,0,229,0,0,76.3,74.5,81.4,59.8,69.1,81.3,0,0,0,0,,0.0,0,0,0,39.6,0,0,0,20,0,38,112,3,0,0,3,0,43,109,1,73,46,2,3,0,1,0,0,0,0,
Marcel Brooks,99177,ED,LSU,11,1,0,,0,0,211,0,0,65.5,51.1,0.0,57.7,41.6,46.9,3,6,0,0,,33.3,2,0,2,0.0,0,2,0,5,0,6,118,113,0,0,113,0,0,5,98,14,0,4,3,0,0,11,0,0,0,
Ainias Smith,99207,WR,TEXAS A&M,1,0,0,,0,0,312,0,0,,60.0,60.0,,60.0,,0,0,0,0,,,0,0,0,0.0,0,0,0,0,0,0,1,0,0,0,0,0,0,1,0,1,0,0,0,0,0,0,0,0,0,
Tre Tomlinson,99256,CB,TCU,8,0,0,57.1,0,0,305,0,0,70.2,68.4,0.0,,68.4,53.2,0,0,0,0,12,25.0,1,1,1,67.0,4,0,0,3,96,46,99,0,0,0,0,0,0,99,0,53,0,1,3,0,7,0,0,29,21,7.3
Kee'yon Stewart,99257,CB,TCU,9,2,0,50.0,2,0,305,0,0,59.2,63.1,84.5,76.6,77.1,88.3,0,0,0,0,54,0.0,0,4,4,110.6,19,0,0,13,428,254,457,2,0,0,2,0,0,455,0,203,14,5,17,1,38,0,5,249,45,13.1
Demarco Jones,99259,CB,OKLA STATE,1,1,0,,0,0,262,0,0,60.0,64.1,66.9,,61.5,74.2,0,0,0,0,,0.0,0,0,0,0.0,0,0,0,0,3,1,3,0,0,0,0,0,0,3,0,2,0,0,0,0,0,0,0,0,0,
Xavier Player,99260,LB,OKLA STATE,1,0,0,,0,0,262,0,0,60.0,62.3,64.5,,60.0,,0,0,0,0,,,0,0,0,0.0,0,0,0,2,1,1,3,0,0,0,0,0,0,3,0,2,0,0,0,0,0,0,0,0,0,
Brandon White,99261,CB,BAYLOR,1,0,0,,0,0,118,0,0,62.1,62.9,69.8,,60.0,,0,0,0,0,,,0,0,0,0.0,0,0,0,0,7,3,7,0,0,0,0,0,0,7,0,4,0,0,0,0,0,0,0,0,0,
Kenyatta Watson II,99265,CB,TEXAS,4,1,0,55.6,0,0,311,0,0,70.5,70.9,77.3,,65.2,81.7,0,0,0,0,31,0.0,0,1,0,116.0,5,0,0,5,69,58,75,0,0,0,0,0,0,75,0,17,1,1,5,0,9,0,1,66,19,13.2
Chris Adimora,99266,CB,TEXAS,8,1,0,60.0,0,0,311,0,0,60.2,53.3,82.6,50.3,38.4,64.5,0,1,0,0,15,12.5,1,2,0,73.8,6,0,0,19,3,63,121,10,0,0,10,0,7,111,16,42,82,2,6,0,10,1,0,52,9,8.7
Marques Caldwell,99268,CB,TEXAS,1,0,0,,0,0,311,0,0,60.0,60.7,63.8,,,,0,0,0,0,,,0,0,0,0.0,0,0,0,0,1,1,1,0,0,0,0,0,0,1,0,0,0,0,0,0,0,0,0,0,0,
Tyler Owens,99271,S,TEXAS,5,0,0,60.0,0,0,311,0,0,62.4,61.8,0.0,59.7,69.3,66.0,0,0,0,0,51,12.5,1,0,1,104.2,3,0,0,14,0,45,92,1,0,0,1,0,52,91,1,46,25,2,7,0,5,0,0,88,3,29.3
Will Jones II,99276,CB,KANSAS ST,2,0,0,100.0,0,0,199,0,0,53.2,53.4,74.1,59.2,60.4,28.3,0,0,0,0,9,50.0,1,0,0,79.2,2,0,0,0,0,5,10,0,0,0,0,0,0,10,1,4,10,1,1,1,2,0,0,6,9,3.0
Logan Wilson,99280,CB,KANSAS ST,1,0,0,,0,0,199,0,0,61.6,63.1,69.9,,60.1,,0,0,0,0,,,0,0,0,0.0,0,0,0,1,4,2,6,1,0,0,1,0,0,5,0,4,0,0,0,0,0,0,0,0,0,
Kym'Mani King,99282,CB,IOWA STATE,3,1,0,100.0,0,0,193,0,0,54.6,57.0,73.2,,64.5,77.0,0,0,0,0,35,0.0,0,0,0,158.3,1,0,0,0,19,9,19,0,0,0,0,0,0,19,0,10,0,0,1,0,1,0,1,35,0,35.0
D.J. Miller Jr.,99283,CB,IOWA STATE,9,2,0,37.5,0,0,193,1,0,64.7,66.9,81.3,57.1,73.5,59.1,0,0,0,0,18,20.0,2,2,0,52.6,3,0,0,32,7,77,137,0,0,0,0,0,12,137,2,58,86,2,6,0,8,0,0,37,42,12.3
Wyatt Harris,99298,LB,TCU,9,4,0,85.7,0,0,305,0,0,58.5,58.0,79.9,63.0,55.8,29.7,1,1,0,1,21,30.0,9,1,0,68.2,6,1,0,238,0,131,254,2,0,0,2,0,0,252,14,109,14,11,17,1,7,3,0,69,64,11.5
Parker Workman,99300,ED,TCU,9,4,0,0.0,0,0,305,0,0,42.5,64.1,85.9,61.2,67.2,53.0,1,8,0,0,,22.7,5,0,0,39.6,0,1,0,0,0,4,236,235,0,0,202,33,0,1,107,125,1,12,13,4,1,10,0,0,0,
Colt Ellison,99301,ED,TCU,6,2,0,100.0,1,0,305,0,0,48.3,53.6,44.4,57.2,56.9,78.5,1,7,0,0,8,0.0,0,0,1,129.2,2,0,0,1,0,4,187,186,0,0,166,20,0,1,101,82,0,2,3,0,2,8,1,11,13,5.5
Isreal Isuman-Hundley,99302,LB,OKLA STATE,1,0,0,,0,0,262,0,0,60.0,63.9,67.6,,60.7,,0,0,0,0,,,0,0,0,0.0,0,0,0,3,0,1,3,0,0,0,0,0,0,3,0,2,0,0,0,0,0,0,0,0,0,
Ben Kopenski,99303,LB,OKLA STATE,1,0,0,,0,0,262,0,0,60.2,59.7,68.6,59.6,,,0,1,0,0,,,0,0,0,0.0,0,0,0,3,0,2,3,0,0,0,0,0,0,3,1,0,0,0,0,0,0,1,0,0,0,
Trace Ford,99307,ED,OKLA STATE,13,5,2,87.5,0,1,262,0,0,74.6,65.3,64.4,61.9,58.2,43.8,3,28,0,1,13,28.2,11,0,1,44.3,7,2,0,209,3,119,486,259,0,0,258,1,0,227,206,161,15,14,23,1,8,33,0,33,48,4.7
Kody Walterscheid,99308,ED,OKLA STATE,1,0,0,,0,0,262,0,0,,38.3,71.7,56.2,40.2,17.5,0,0,0,0,,100.0,1,0,0,0.0,0,0,0,0,0,0,11,11,0,1,3,7,0,0,6,5,0,0,0,0,0,0,0,0,0,
Garmon Randolph,99314,LB,BAYLOR,3,1,0,100.0,0,0,118,0,0,59.3,68.2,75.2,55.9,75.4,26.5,0,0,0,0,9,50.0,1,0,0,104.2,1,0,0,12,0,7,20,8,0,0,5,3,0,12,5,8,0,0,0,0,1,0,0,9,12,9.0
Niadre Zouzoua,99315,ED,BAYLOR,10,0,0,,0,0,118,0,0,60.0,58.2,81.3,57.4,57.8,41.7,0,3,0,0,,28.6,2,0,0,0.0,0,2,0,3,0,0,139,136,0,8,107,21,0,3,91,48,0,4,5,1,0,5,0,0,0,
Joseph Wete,99316,ED,OKLAHOMA,1,0,0,,0,0,261,0,0,61.4,62.6,72.6,,60.3,,0,0,0,0,,,0,0,0,0.0,0,0,0,0,0,3,7,7,0,0,7,0,0,0,0,4,0,0,0,0,0,0,0,0,0,
Jacoby Jones,99317,ED,TEXAS,11,4,0,,0,1,311,0,0,60.3,61.5,80.3,64.3,56.8,44.9,2,7,0,0,,27.8,5,0,0,0.0,0,0,0,2,0,1,133,131,0,22,48,61,0,2,78,54,0,6,9,0,0,9,0,0,0,
T'Vondre Sweat,99321,DI,TEXAS,13,2,2,,0,0,311,1,0,65.5,68.9,83.0,59.2,71.4,77.8,0,1,0,0,,0.0,0,0,0,0.0,0,1,0,1,0,0,230,229,62,87,25,55,0,1,133,97,0,4,6,0,0,2,0,0,0,
Malcolm Lee,99323,DI,KANSAS,10,6,0,,0,0,198,0,0,73.4,44.8,80.8,53.9,39.4,74.3,0,3,0,0,,5.6,1,0,0,0.0,0,1,0,1,0,0,303,302,6,31,2,263,0,1,131,172,0,10,11,0,0,4,0,0,0,
Jordan Jefferson,99325,DI,W VIRGINIA,11,1,1,,0,0,343,0,0,60.0,62.0,83.6,55.1,64.5,35.5,0,5,0,0,,28.6,2,0,0,0.0,0,0,0,0,0,0,186,186,96,88,0,2,0,0,89,97,0,2,4,1,0,5,0,0,0,
Marcus Stripling,99327,ED,OKLAHOMA,14,1,0,,0,0,261,0,0,,49.9,81.6,59.3,40.7,29.9,0,2,0,0,,37.5,3,0,0,0.0,0,1,0,0,0,0,150,150,0,7,113,30,0,0,89,61,0,5,4,0,0,3,0,0,0,
Kori Roberson Jr.,99328,DI,OKLAHOMA,4,0,0,,0,0,261,0,0,,47.7,0.0,52.3,59.2,23.4,0,2,0,0,,66.7,2,0,1,0.0,0,0,0,1,0,0,32,31,0,30,0,1,0,1,22,10,0,1,1,1,0,2,0,0,0,
LaRon Stokes,99330,DI,OKLAHOMA,13,3,0,,0,0,261,0,0,59.1,68.9,64.0,58.7,75.6,81.0,1,14,0,0,,0.0,0,0,1,0.0,0,1,0,1,0,3,450,448,5,345,27,71,0,2,239,208,0,8,13,5,0,16,0,0,0,
Tony Bradford Jr.,99335,ED,TEXAS TECH,11,3,0,,0,0,315,0,0,59.5,67.1,83.7,63.2,67.4,64.2,4,8,0,0,,7.7,1,0,0,0.0,0,2,0,1,0,2,280,279,49,43,115,72,0,1,148,130,0,6,9,1,0,14,0,0,0,
Benedict Brafi,99338,DI,TCU,1,0,0,,0,0,305,0,0,,61.5,66.5,,60.5,,0,0,0,0,,,0,0,0,0.0,0,0,0,0,0,0,2,2,0,2,0,0,0,0,0,2,0,0,0,0,0,0,0,0,0,
Soni Misi,99339,DI,TCU,2,0,0,,0,0,305,0,0,,59.7,72.0,57.1,60.9,,0,0,0,0,,,0,0,0,0.0,0,0,0,0,0,0,12,12,1,11,0,0,0,0,4,8,0,0,0,0,0,0,0,0,0,
Xavier Ross,99340,ED,OKLA STATE,1,0,0,,0,0,262,0,0,,73.8,70.9,69.9,65.6,,1,0,0,0,,,0,0,0,0.0,0,0,0,0,0,0,11,11,0,4,1,6,0,0,6,5,0,0,0,0,0,1,0,0,0,
Dylon Carnagey,99341,DI,OKLA STATE,1,0,0,,0,0,262,0,0,,64.9,71.7,58.1,62.7,,0,0,0,0,,,0,0,0,0.0,0,0,0,0,0,0,6,6,6,0,0,0,0,0,4,2,0,0,0,0,0,0,0,0,0,
Sione Asi,99343,DI,OKLA STATE,2,0,0,,0,0,262,0,0,,55.2,77.0,56.1,55.8,70.1,0,1,0,0,,0.0,0,0,0,0.0,0,0,0,0,0,0,36,36,22,14,0,0,0,0,20,16,0,1,1,0,0,1,0,0,0,
TJ Franklin,99348,ED,BAYLOR,11,1,0,,0,0,118,0,0,60.0,56.7,81.4,56.1,56.4,66.2,1,3,0,0,,9.1,1,0,0,0.0,0,0,0,3,0,0,129,126,41,14,45,26,0,3,61,68,0,6,9,3,0,4,0,0,0,
Harrison White,99349,ED,BAYLOR,1,0,0,,0,0,118,0,0,,65.7,70.0,57.8,63.9,,0,0,0,0,,,0,0,0,0.0,0,0,0,0,0,0,5,5,0,0,3,2,0,0,2,3,0,0,0,0,0,0,0,0,0,
Gabe Hall,99350,DI,BAYLOR,8,3,0,,0,0,118,0,0,60.3,55.8,21.2,63.1,53.5,74.6,1,2,0,0,,0.0,0,0,1,0.0,0,0,0,2,0,1,102,100,92,8,0,0,0,2,61,40,0,1,1,0,0,3,0,0,0,
Juwan Mitchell,99368,LB,TEXAS,11,6,1,89.5,0,0,311,0,0,62.3,66.1,47.4,60.5,69.2,71.7,2,10,0,0,14,10.2,5,1,1,94.3,17,2,0,482,1,236,523,17,0,0,17,0,0,506,64,223,22,20,38,2,19,14,0,126,77,7.4
Marcus Tillman Jr.,99369,LB,TEXAS,2,0,0,,0,0,311,0,0,62.0,77.9,72.1,67.8,73.4,73.6,1,0,0,0,,0.0,0,0,0,0.0,0,0,0,12,0,5,12,0,0,0,0,0,0,12,1,6,0,1,1,0,0,1,0,0,0,
David Gbenda,99370,LB,TEXAS,1,2,0,,0,0,311,0,0,61.9,28.6,74.1,53.1,25.3,77.7,0,0,0,0,,0.0,0,0,0,0.0,0,0,0,28,0,5,28,0,0,0,0,0,0,28,7,16,0,0,1,0,0,0,0,0,0,
Hayden Hatcher,99373,ED,KANSAS,1,0,0,,0,0,198,0,0,,59.9,72.2,58.8,61.2,,0,0,0,0,,,0,0,0,0.0,0,0,0,0,0,0,6,5,0,0,5,0,0,1,2,4,0,0,0,0,0,0,0,0,0,
Jared Bartlett,99374,LB,W VIRGINIA,4,2,0,100.0,0,0,343,0,0,51.0,53.0,84.3,51.3,60.1,70.3,3,3,0,0,14,12.5,1,0,0,101.0,4,0,0,76,0,34,152,74,0,0,74,0,0,78,50,68,2,3,5,0,4,6,0,33,22,8.3
Dee Winters,99376,LB,TCU,8,7,1,92.9,0,0,305,0,0,56.8,60.8,81.2,70.4,60.5,52.6,3,3,0,0,38,15.0,6,0,0,112.5,13,2,0,254,0,137,291,2,0,0,2,0,1,289,18,136,33,18,27,2,14,8,0,154,121,11.8
Na'Drian Dizadare,99379,LB,OKLA STATE,2,0,0,0.0,0,0,262,0,0,64.0,52.6,68.5,,42.3,73.1,0,0,0,0,,0.0,0,0,0,39.6,0,0,0,16,0,12,17,0,0,0,0,0,0,17,0,5,1,0,1,0,1,0,0,0,0,
Kamryn Farrar,99380,LB,OKLA STATE,1,0,0,,0,1,262,0,0,78.5,81.2,68.6,,60.0,74.3,0,0,0,0,,0.0,0,0,0,0.0,0,0,0,4,0,4,6,0,0,0,0,0,0,6,0,2,2,1,1,0,0,0,0,0,0,
Relijah Sherman,99381,LB,OKLA STATE,1,0,0,100.0,0,0,262,0,0,60.0,24.7,67.3,60.0,61.9,,0,0,0,0,41,,0,0,0,118.8,1,0,0,4,1,1,5,0,0,0,0,0,0,5,1,3,0,0,0,0,1,0,0,41,8,41.0
Levi Archer,99386,LB,KANSAS ST,1,0,0,,0,0,199,0,0,60.0,62.1,64.6,,60.3,,0,0,0,0,,,0,0,0,0.0,0,0,0,3,0,1,3,0,0,0,0,0,0,3,0,2,0,0,0,0,0,0,0,0,0,
Khalid Duke,99387,ED,KANSAS ST,7,3,1,,1,0,199,1,0,79.4,67.6,12.4,63.5,64.2,48.1,1,3,0,0,,28.6,2,0,1,0.0,0,2,0,4,0,4,84,79,0,0,78,1,0,5,54,26,0,4,2,1,0,6,0,0,0,
Aric Horne,99389,CB,IOWA STATE,1,0,0,,0,0,193,0,0,61.6,63.6,69.7,,60.6,,0,0,0,0,,,0,0,0,0.0,0,0,0,1,0,2,6,0,0,0,0,0,0,6,0,4,5,0,0,0,0,0,0,0,0,
Trystan Slinker,99395,LB,BAYLOR,3,1,0,100.0,0,0,118,0,0,64.7,61.6,68.4,,57.1,50.8,0,0,0,0,2,20.0,1,0,0,79.2,1,0,0,14,0,9,18,0,0,0,0,0,0,18,0,9,4,1,3,0,1,0,0,2,2,2.0
Matt Jones,99396,LB,BAYLOR,4,0,0,,0,0,118,0,0,65.3,49.7,74.4,77.0,29.2,43.7,0,1,0,0,,28.6,2,0,0,0.0,0,1,0,38,0,15,38,0,0,0,0,0,0,38,1,22,0,1,5,0,0,2,0,0,0,
Kosi Eldridge,99397,S,TEXAS TECH,4,0,0,50.0,0,0,315,0,0,60.9,67.8,77.5,59.5,77.8,80.7,2,2,0,0,15,0.0,0,0,1,75.0,1,0,0,21,1,24,58,7,0,0,7,0,0,51,8,26,29,5,5,0,2,4,0,15,20,15.0
Tyrique Matthews,99398,LB,TEXAS TECH,5,2,0,100.0,0,0,315,0,0,44.2,59.8,74.9,57.3,73.4,82.7,0,0,0,0,9,0.0,0,0,0,141.7,2,0,0,28,0,13,41,6,0,0,6,0,0,35,3,25,7,6,7,0,2,0,1,17,15,8.5
Noah Guzman,99499,LB,W VIRGINIA,8,1,0,80.0,0,0,343,1,0,40.8,49.3,81.6,56.7,66.2,60.1,0,1,0,0,24,15.0,3,1,0,106.4,12,0,0,107,0,104,180,6,0,0,6,0,36,174,9,67,31,5,16,1,15,1,0,143,73,11.9
Tykee Smith,99500,CB,W VIRGINIA,12,10,0,73.5,2,1,343,0,0,74.2,71.9,0.0,79.3,68.1,79.8,0,0,1,2,46,9.5,6,6,3,96.3,25,1,0,104,7,273,567,48,0,0,48,0,19,519,10,284,388,24,47,2,34,1,2,309,190,12.4
Josh Foster,99503,LB,TCU,3,0,0,,0,0,305,0,0,60.0,61.5,64.2,,60.6,,0,0,0,0,,,0,0,0,0.0,0,0,0,2,0,1,5,1,0,0,1,0,0,4,0,4,0,0,0,0,0,0,0,0,0,
Millard Bradford,99504,S,TCU,12,2,0,61.5,0,1,305,1,0,53.5,63.6,0.0,62.2,83.6,74.5,1,0,0,0,23,9.5,2,0,1,80.0,8,0,0,50,2,67,134,11,0,0,11,0,0,123,5,62,69,7,17,4,13,1,0,83,16,10.4
Will Williams,99512,LB,BAYLOR,2,0,0,100.0,0,0,118,0,0,59.0,57.5,70.9,59.2,57.0,59.4,0,1,0,0,6,25.0,1,0,0,91.7,1,0,0,23,0,13,26,1,0,0,1,0,1,25,1,12,1,2,3,0,1,1,0,6,9,6.0
Collin Losack,99513,LB,BAYLOR,1,0,0,,0,0,118,0,0,60.0,60.1,62.1,,,,0,0,0,0,,,0,0,0,0.0,0,0,0,1,0,1,1,0,0,0,0,0,0,1,0,0,0,0,0,0,0,0,0,0,0,
Jackson Webb,99548,WR,OKLAHOMA,1,0,0,,0,0,261,0,0,60.0,62.6,73.9,,,,0,0,0,0,,,0,0,0,0.0,0,0,0,0,0,1,1,0,0,0,0,0,0,1,0,0,0,0,0,0,0,0,0,0,0,
Jalen Harrison,99647,TE,VIRGINIA,1,0,0,,0,0,335,0,0,,60.0,60.0,,60.0,,0,0,0,0,,,0,0,0,0.0,0,0,0,0,0,0,1,0,0,0,0,0,0,1,0,1,0,0,0,0,0,0,0,0,0,
Tayvion Robinson,99693,WR,VA TECH,1,0,0,,0,0,337,0,0,,62.4,60.0,,61.6,70.3,0,0,0,0,,0.0,0,0,0,0.0,0,0,0,0,0,0,1,0,0,0,0,0,0,1,0,1,0,0,1,0,0,0,0,0,0,
Kevon Glenn,99720,LB,FLORIDA ST,2,0,0,,0,0,167,0,0,62.3,63.3,66.1,,60.0,,0,0,0,0,,,0,0,0,0.0,0,0,0,7,0,6,7,0,0,0,0,0,0,7,0,1,0,0,0,0,0,0,0,0,0,
Don Chapman,99721,S,N CAROLINA,7,1,0,50.0,0,1,245,0,0,72.7,74.0,85.8,76.5,69.4,63.4,0,1,0,2,60,15.4,4,0,0,65.2,7,1,0,44,0,177,302,2,0,0,2,0,148,300,3,122,107,9,21,2,14,2,1,125,100,17.9
Mikel Jones,99722,LB,SYRACUSE,12,8,0,50.0,0,0,304,0,0,63.6,62.7,2.2,63.9,63.1,48.9,1,4,0,0,23,24.4,11,0,2,63.5,2,1,0,333,0,112,384,19,0,0,19,0,0,365,45,227,31,16,26,1,4,6,0,19,11,9.5
Chico Bennett Jr.,99725,ED,GA TECH,7,1,0,100.0,0,0,176,0,0,62.4,55.0,83.5,57.6,52.5,67.0,0,2,0,0,22,12.5,2,0,0,118.8,1,1,0,0,0,5,138,138,0,1,132,5,0,0,49,84,0,10,13,0,1,3,0,22,28,22.0
Ray Thornton III,99727,S,CLEMSON,1,0,0,,0,0,140,0,0,,60.1,70.5,,60.0,,0,0,0,0,,,0,0,0,0.0,0,0,0,1,0,0,3,0,0,0,0,0,0,3,0,3,2,0,0,0,0,0,0,0,0,
Demetrius Knight Jr.,99728,LB,GA TECH,11,8,0,75.0,0,1,176,0,0,62.4,65.8,77.5,68.7,62.7,75.9,1,0,0,0,14,5.9,1,2,0,95.8,3,1,0,69,1,28,91,19,0,0,19,0,0,72,15,48,2,3,8,1,4,2,0,30,37,10.0
Kane Patterson,99729,LB,CLEMSON,10,1,0,0.0,0,0,140,0,0,65.1,79.4,76.5,77.9,75.6,83.0,0,1,0,0,,11.1,1,0,0,39.6,0,1,0,63,0,18,64,1,0,0,0,1,0,63,5,41,0,7,7,0,1,2,0,0,0,
Joseph Charleston,99732,S,CLEMSON,12,1,0,100.0,0,0,140,0,0,76.3,73.7,77.6,,66.9,61.9,0,0,0,0,4,20.0,3,0,0,79.2,2,0,0,56,0,44,94,0,0,0,0,0,26,94,0,50,12,8,11,0,2,0,0,4,9,2.0
Jarvis Brownlee Jr.,99734,CB,FLORIDA ST,2,0,0,100.0,0,0,167,0,0,65.0,55.1,69.1,,52.3,74.2,0,0,0,0,8,0.0,0,0,0,100.0,1,0,0,0,8,4,9,0,0,0,0,0,0,9,0,5,0,0,1,0,1,0,0,8,3,8.0
Cecil Powell,99735,CB,NC STATE,4,2,0,100.0,0,0,248,0,0,62.5,64.6,78.9,,69.2,85.4,0,0,0,0,32,0.0,0,0,0,118.8,5,0,0,5,87,45,95,1,0,0,1,0,0,94,0,50,2,4,10,0,5,0,0,89,40,17.8
Obi Egbuna,99738,CB,N CAROLINA,2,0,0,75.0,0,0,245,0,0,56.6,61.1,73.3,66.9,60.7,38.3,0,0,0,0,23,33.3,1,1,0,143.8,3,0,0,0,21,11,21,0,0,0,0,0,0,21,1,9,0,0,2,0,4,0,1,38,10,12.7
Kalen DeLoach,99740,LB,FLORIDA ST,5,0,0,100.0,0,0,167,0,0,57.1,64.2,75.1,61.5,71.8,34.9,0,2,0,0,26,33.3,1,0,0,118.8,1,0,0,14,0,13,28,7,0,0,7,0,0,21,6,9,6,2,2,0,1,2,0,26,25,26.0
Brandon Hill,99742,CB,PITTSBURGH,2,0,0,,0,0,268,0,0,60.4,60.8,68.4,,60.0,,0,0,0,0,,,0,0,0,0.0,0,0,0,1,0,2,3,0,0,0,0,0,0,3,0,1,2,0,0,0,0,0,0,0,0,
Lee Kpogba,99743,ED,SYRACUSE,3,1,0,,0,0,304,0,0,,44.5,72.5,59.1,48.7,73.0,0,0,0,0,,0.0,0,0,0,0.0,0,0,0,2,1,0,6,3,0,0,3,0,0,3,1,5,0,0,0,0,0,0,0,0,0,
Andrew Booth Jr.,99744,CB,CLEMSON,8,0,0,66.7,0,0,140,0,0,71.7,71.7,78.4,59.2,66.7,53.1,0,0,0,0,6,33.3,1,1,0,70.1,2,0,0,3,61,27,68,4,0,0,4,0,0,64,2,39,0,1,2,0,3,0,0,9,7,4.5
Jordan Huff,99745,CB,GA TECH,1,0,0,,0,0,176,0,0,60.0,60.1,70.6,57.1,60.0,,0,0,0,0,,,0,0,0,0.0,0,0,0,0,9,1,9,0,0,0,0,0,0,9,2,6,0,0,0,0,0,0,0,0,0,
Eugene Asante,99748,LB,N CAROLINA,5,4,0,100.0,0,0,245,0,0,59.5,71.0,77.5,53.8,82.2,75.4,0,0,0,0,12,7.7,1,0,0,106.3,2,0,0,58,0,28,58,0,0,0,0,0,0,58,5,25,0,3,8,2,2,0,0,19,9,9.5
Adrian Cole,99749,CB,SYRACUSE,1,0,0,,0,0,304,0,0,64.9,65.5,71.8,,60.0,,0,0,0,0,,,0,0,0,0.0,0,0,0,0,12,7,12,0,0,0,0,0,0,12,0,5,0,0,0,0,0,0,0,0,0,
Jalyn Phillips,99751,S,CLEMSON,10,0,0,0.0,0,0,140,0,0,71.2,73.8,76.6,59.1,74.5,81.3,0,0,0,0,,0.0,0,0,0,39.6,0,0,0,19,0,19,47,1,0,0,1,0,19,46,1,27,8,2,4,0,1,0,0,0,0,
Aman Greenwood,99753,S,SYRACUSE,1,0,0,,0,0,304,0,0,60.0,60.1,65.9,,,,0,0,0,0,,,0,0,0,0.0,0,0,0,0,0,1,1,0,0,0,0,0,0,1,0,0,1,0,0,0,0,0,0,0,0,
Giovanni Biggers,99755,S,N CAROLINA,1,1,0,100.0,0,0,245,0,0,51.0,58.9,73.1,,70.1,77.4,0,0,0,0,28,0.0,0,0,0,118.8,1,0,0,12,0,11,23,0,0,0,0,0,7,23,0,12,4,1,1,0,1,0,0,28,2,28.0
Antonio Clary,99757,S,VIRGINIA,1,1,0,100.0,0,0,335,0,0,42.3,60.2,72.4,,78.2,81.2,0,0,0,0,23,0.0,0,0,0,158.3,1,0,0,13,0,2,14,0,0,0,0,0,0,14,0,12,0,1,3,0,1,0,1,23,0,23.0
Quashon Fuller,99758,ED,FLORIDA ST,1,0,0,,0,0,167,0,0,,60.0,72.8,57.5,61.2,,0,0,0,0,,,0,0,0,0.0,0,0,0,0,0,0,9,9,0,0,9,0,0,0,3,6,0,0,0,0,0,0,0,0,0,
Keith Maguire,99760,LB,CLEMSON,4,1,0,,0,0,140,0,0,69.3,88.4,70.5,59.1,79.9,76.3,0,0,0,1,,0.0,0,0,0,0.0,0,0,0,9,0,3,9,0,0,0,0,0,0,9,1,5,0,1,1,1,0,0,0,0,0,
Kenan Johnson,99761,S,GA TECH,4,0,0,50.0,0,1,176,0,0,61.1,54.2,76.0,53.7,51.5,36.3,0,0,0,0,11,33.3,2,0,0,66.7,1,0,0,5,25,2,34,3,0,0,3,0,0,31,5,27,1,1,4,1,2,0,0,11,3,11.0
Raymond Woodie III,99762,S,FLORIDA ST,8,1,0,100.0,0,1,167,1,0,63.6,64.4,79.8,67.6,60.5,52.9,0,0,0,0,77,22.2,2,0,0,118.8,3,1,0,34,0,40,93,6,0,0,6,0,35,87,6,47,17,3,6,0,3,1,0,91,86,30.3
Geoffrey Cantin-Arku,99763,LB,SYRACUSE,2,0,0,,0,0,304,0,0,61.1,60.2,67.9,59.2,60.0,,0,0,0,0,,,0,0,0,0.0,0,0,0,6,0,4,6,0,0,0,0,0,0,6,1,1,0,0,0,0,0,0,0,0,0,
Etinosa Reuben,99766,DI,CLEMSON,3,0,0,,0,0,140,0,0,,73.2,70.9,60.0,71.0,69.7,0,0,0,0,,0.0,0,0,0,0.0,0,0,0,0,0,0,9,9,2,6,0,1,0,0,2,7,0,1,1,0,0,0,0,0,0,
SirVocea Dennis,99767,LB,PITTSBURGH,1,0,0,100.0,0,0,268,0,0,43.2,35.2,66.0,,60.0,73.6,0,0,0,0,34,0.0,0,0,0,118.8,1,0,0,4,0,3,4,0,0,0,0,0,0,4,0,1,0,0,1,0,1,0,0,34,7,34.0
Ruke Orhorhoro,99768,DI,CLEMSON,10,1,0,,0,0,140,0,0,,62.3,78.0,63.7,59.9,39.9,0,1,0,0,,20.0,1,0,0,0.0,0,1,0,0,0,0,80,80,17,49,0,14,0,0,32,48,0,4,3,1,0,2,0,0,0,
Jaylon Scott,99771,LB,NC STATE,3,1,0,0.0,0,0,248,0,0,70.1,61.4,76.9,60.0,54.1,52.5,1,0,0,0,,22.2,2,1,0,39.6,0,0,0,61,0,18,82,13,0,0,13,0,0,69,12,52,7,4,6,0,1,1,0,0,0,
Renardo Green,99773,CB,FLORIDA ST,11,0,0,45.5,0,0,167,0,0,74.7,73.0,0.0,60.0,70.4,47.9,0,0,0,0,39,28.6,2,2,2,110.8,5,0,0,2,157,97,164,3,0,0,3,0,0,161,1,66,1,2,5,1,11,0,1,107,25,21.4
Lannden Zanders,99774,S,CLEMSON,11,2,0,50.0,0,0,140,0,0,67.0,74.0,81.0,80.4,77.8,75.8,1,0,0,0,15,11.1,1,1,0,61.1,3,1,0,39,0,49,112,1,0,0,1,0,20,111,3,60,52,3,6,1,6,2,0,25,3,8.3
Brion Murray,99776,CB,VA TECH,7,2,0,16.7,0,0,337,0,0,83.7,81.3,80.1,59.6,69.3,84.3,0,0,0,1,1,0.0,0,1,0,0.0,1,0,0,6,78,43,105,4,0,0,4,0,0,101,1,61,16,2,7,0,6,0,0,1,2,1.0
T.C. Harrison,99779,LB,VIRGINIA,1,1,0,,0,0,335,0,0,71.4,76.2,73.0,78.0,50.6,73.2,0,2,0,0,,0.0,0,0,0,0.0,0,0,0,16,0,9,16,0,0,0,0,0,0,16,4,3,0,0,0,0,0,2,0,0,0,
Jaylon Baker,99781,CB,VIRGINIA,2,0,0,57.1,0,0,335,0,0,38.8,38.3,76.9,,46.1,18.8,0,0,0,0,57,60.0,3,0,0,141.4,4,0,0,0,58,27,59,0,0,0,0,0,0,59,0,32,0,0,2,0,7,0,1,138,63,34.5
Greg Williams,99784,ED,CLEMSON,4,1,0,,0,0,140,0,0,,64.7,74.0,,63.9,71.5,0,0,0,0,,0.0,0,0,0,0.0,0,0,0,0,0,0,14,14,0,0,10,4,0,0,0,14,0,0,0,0,0,0,0,0,0,
William Robertson,99785,ED,N CAROLINA,1,0,0,,0,0,245,0,0,,59.5,68.5,59.8,60.0,,0,0,0,0,,,0,0,0,0.0,0,0,0,0,0,0,2,2,0,0,2,0,0,0,1,1,0,0,0,0,0,0,0,0,0,
Jaleel McRae,99788,LB,FLORIDA ST,13,4,0,90.0,0,0,167,0,0,54.0,53.4,7.9,61.8,54.5,42.4,0,3,0,0,22,26.1,6,0,1,106.7,9,2,0,196,0,98,206,2,0,0,2,0,0,204,28,80,8,11,13,1,10,5,0,96,48,10.7
LaVonta Bentley,99789,LB,CLEMSON,3,0,0,,0,0,140,0,0,65.4,64.5,0.0,,68.4,78.7,0,0,0,0,,0.0,0,0,1,0.0,0,0,0,6,0,1,10,3,0,0,3,0,0,7,0,9,1,2,2,0,0,0,0,0,0,
Brendan Gant,99793,LB,FLORIDA ST,11,10,0,66.7,0,0,167,0,0,51.5,52.5,0.0,63.9,62.4,55.9,2,5,0,0,19,20.0,8,0,4,82.9,10,0,0,103,1,117,267,55,0,0,55,0,12,212,35,115,95,11,22,1,15,7,0,91,84,9.1
Taylor McCawley,99794,LB,GA TECH,2,0,0,,0,0,176,0,0,60.0,66.2,68.5,,62.9,,0,0,0,0,,,0,0,0,0.0,0,0,0,4,0,1,4,0,0,0,0,0,0,4,0,3,0,0,0,0,0,0,0,0,0,
Noah Taylor,99799,ED,N CAROLINA,1,0,0,,0,0,245,0,0,,59.7,66.0,59.2,,,0,0,0,0,,,0,0,0,0.0,0,0,0,0,0,0,1,1,0,0,1,0,0,0,1,0,0,0,0,0,0,0,0,0,0,
Parks Cochrane,99801,LB,N CAROLINA,1,0,0,,0,0,245,0,0,60.4,67.5,65.3,,64.8,,0,0,0,0,,,0,0,0,0.0,0,0,0,7,0,3,7,0,0,0,0,0,0,7,0,4,0,0,0,0,0,0,0,0,0,
Raymond Vohasek,99805,DI,N CAROLINA,12,3,0,,0,0,245,0,0,60.0,62.2,4.1,67.1,62.8,26.9,1,2,0,0,,37.5,6,0,2,0.0,0,1,0,0,0,0,157,157,55,74,0,28,0,0,74,83,0,6,7,3,0,4,0,0,0,
Tayquon Johnson,99807,DI,CLEMSON,3,0,0,,0,0,140,0,0,,55.7,71.2,60.0,56.3,,0,0,0,0,,,0,0,0,0.0,0,0,0,0,0,0,7,7,2,5,0,0,0,0,1,6,0,0,0,0,0,0,0,0,0,
Derrick McLendon II,99810,ED,FLORIDA ST,4,2,0,,0,0,167,0,0,61.9,66.2,78.4,62.6,65.0,75.5,1,2,0,0,,0.0,0,0,0,0.0,0,0,0,1,0,4,37,35,0,0,34,1,0,2,17,16,1,1,1,1,0,3,0,0,0,
Tomari Fox,99811,ED,N CAROLINA,12,4,0,,0,1,245,0,0,67.8,69.8,50.9,64.8,70.3,48.7,1,8,0,0,,14.3,2,0,1,0.0,0,0,0,2,0,14,255,253,2,37,97,117,0,2,121,120,0,6,8,1,0,9,0,0,0,
Joe Rondi,99818,DI,SYRACUSE,2,0,1,,0,0,304,0,0,,61.1,73.7,62.2,58.5,21.8,0,0,0,0,,100.0,1,0,0,0.0,0,0,0,0,0,0,25,25,1,22,0,2,0,0,17,8,0,0,0,0,0,0,0,0,0,
Khadry Jackson,99823,LB,N CAROLINA,5,1,0,50.0,0,0,245,0,0,60.6,63.8,70.8,66.8,63.4,75.8,0,1,0,0,11,0.0,0,0,0,56.3,2,0,0,41,0,25,46,3,0,0,3,0,0,43,2,19,2,1,1,0,4,1,0,8,14,4.0
Drew Tuazama,99824,DI,SYRACUSE,1,0,0,,0,0,304,0,0,60.0,58.4,0.0,65.5,65.4,73.2,0,0,0,0,,0.0,0,0,1,0.0,0,0,0,0,0,0,17,17,0,15,0,2,0,0,12,5,0,2,2,0,0,0,0,0,0,
Tristan Walliser,99826,ED,CLEMSON,3,0,0,,0,0,140,0,0,,67.4,69.3,,63.2,,0,0,0,0,,,0,0,0,0.0,0,0,0,0,0,0,4,4,0,1,2,1,0,0,0,4,0,0,0,0,0,0,0,0,0,
Cam'Ron Kelly,99827,S,N CAROLINA,2,1,0,0.0,0,0,245,0,0,57.5,53.1,76.9,,46.3,42.2,0,0,0,0,,28.6,2,0,0,39.6,0,0,0,16,0,30,51,0,0,0,0,0,24,51,0,21,11,1,4,0,1,0,0,0,0,
Major Williams,99828,CB,VIRGINIA,1,0,0,50.0,0,0,335,0,0,61.6,61.8,70.5,,60.0,21.4,0,0,0,0,22,100.0,1,0,0,89.6,1,0,0,0,8,7,8,0,0,0,0,0,0,8,0,1,0,0,0,0,2,0,0,22,13,22.0
Tru Thompson,99831,DI,FLORIDA ST,12,5,0,,0,0,167,0,0,70.6,65.3,84.0,60.8,62.6,60.9,1,5,0,0,,16.7,3,0,0,0.0,0,1,0,1,0,0,260,259,160,98,0,1,0,1,153,107,0,9,10,1,0,7,0,0,0,
Josh Fuga,99832,DI,VA TECH,1,1,0,,0,0,337,0,0,,61.6,70.2,57.3,62.8,71.3,0,0,0,0,,0.0,0,0,0,0.0,0,0,0,0,0,0,9,9,0,7,0,2,0,0,4,5,0,0,0,0,0,0,0,0,0,
Tenyeh Dixon,99834,S,VIRGINIA,4,1,0,50.0,0,0,335,0,0,65.8,65.6,72.6,56.7,61.6,77.9,0,0,0,0,8,0.0,0,0,0,60.4,1,0,0,8,0,12,19,0,0,0,0,0,2,19,4,3,9,1,1,0,2,0,0,8,4,8.0
Klayton Randolph,99835,ED,CLEMSON,3,0,0,,0,0,140,0,0,,63.9,69.6,,62.6,71.5,0,0,0,0,,0.0,0,0,0,0.0,0,0,0,0,0,0,4,4,0,1,3,0,0,0,0,4,0,1,1,0,0,0,0,0,0,
Jaden Cunningham,99836,DI,VA TECH,2,0,0,,0,0,337,0,0,,71.0,71.6,57.5,71.4,70.2,0,0,0,0,,0.0,0,0,0,0.0,0,0,0,0,0,0,10,10,2,8,0,0,0,0,6,4,0,1,1,0,0,0,0,0,0,
Mario Kendricks Jr.,99838,DI,VA TECH,13,2,0,,0,0,337,0,0,60.5,54.5,82.7,60.7,47.5,79.6,2,7,0,0,,0.0,0,0,0,0.0,0,3,0,1,0,2,290,289,32,231,2,24,0,1,169,119,0,10,9,2,0,12,0,0,0,
Kristian Varner,99839,DI,N CAROLINA,1,0,0,,0,0,245,0,0,,49.2,69.6,57.3,55.5,,0,0,0,0,,,0,0,0,0.0,0,0,0,0,0,0,6,6,0,6,0,0,0,0,3,3,0,0,0,0,0,0,0,0,0,
Mike Lockhart,99842,DI,GA TECH,4,0,0,,0,0,176,0,0,,43.9,76.4,55.3,41.5,,0,1,0,0,,,0,0,0,0.0,0,0,0,0,0,0,49,49,2,45,1,1,0,0,21,28,0,0,0,0,0,1,0,0,0,
Ben Smiley,99845,DI,VIRGINIA,2,2,0,,0,0,335,0,0,,58.7,72.6,53.4,61.9,47.5,0,1,0,0,,25.0,1,0,0,0.0,0,0,0,0,0,0,26,26,0,4,2,20,0,0,8,18,0,1,1,0,0,1,0,0,0,
Norell Pollard,99848,DI,VA TECH,13,6,0,,0,0,337,1,1,62.2,67.5,83.5,64.1,66.4,36.5,5,9,0,0,,23.8,5,0,0,0.0,0,4,0,5,0,3,402,396,40,311,7,38,0,6,257,142,0,11,10,1,0,18,0,0,0,
Steve Linton,99849,ED,SYRACUSE,2,1,0,,0,0,304,0,0,,69.4,71.8,62.2,67.0,73.4,1,0,0,0,,0.0,0,0,0,0.0,0,0,0,0,0,0,8,8,0,0,8,0,0,0,5,3,0,0,1,0,0,1,0,0,0,
Kevin Hester Jr.,99852,DI,N CAROLINA,1,0,0,,0,0,245,0,0,,67.9,67.4,66.5,60.0,,1,0,0,0,,,0,0,0,0.0,0,0,0,0,0,0,3,3,0,3,0,0,0,0,2,1,0,0,0,0,0,1,0,0,0,
Michael Mathison,100275,WR,AKRON,1,0,0,,0,0,102,0,0,,67.1,60.0,,66.2,68.4,0,0,0,0,,0.0,0,0,0,0.0,0,0,0,0,0,0,1,0,0,0,0,0,0,1,0,1,0,1,1,1,0,0,0,0,0,
Quevan Lawson,100279,ED,AKRON,4,2,0,,0,0,102,0,0,,60.7,78.6,65.8,58.0,76.6,0,0,0,0,,0.0,0,0,0,0.0,0,0,0,0,0,0,29,28,0,0,28,0,0,1,4,25,1,1,1,0,0,0,0,0,0,
Russell Vaden IV,100280,S,E MICHIGAN,10,3,0,50.0,0,0,160,0,0,66.6,63.8,80.4,47.7,59.5,68.0,0,1,0,0,82,18.2,2,1,0,95.8,1,0,0,47,2,66,107,0,0,0,0,0,38,107,1,40,20,4,6,1,2,1,0,82,83,82.0
Keyshawn Swanson,100281,S,AKRON,3,0,0,100.0,0,0,102,0,0,43.9,51.9,77.2,,68.9,29.8,0,0,0,0,31,40.0,2,0,0,158.3,2,0,0,3,0,16,49,0,0,0,0,0,38,49,0,33,8,0,3,0,2,0,1,33,37,16.5
Jordan Anderson,100285,S,BOWL GREEN,11,15,0,55.0,0,0,122,0,0,85.4,82.3,87.6,65.9,71.1,72.3,1,1,0,1,25,12.3,7,6,1,49.4,11,1,0,165,0,225,531,9,0,0,9,0,89,522,12,294,266,14,35,1,20,3,0,107,80,9.7
Kyshad Mack,100286,CB,AKRON,2,0,0,,0,0,102,0,0,,60.0,60.1,,60.0,,0,0,0,0,,,0,0,0,0.0,0,0,0,0,0,0,3,0,0,0,0,0,0,3,0,3,0,0,0,0,0,0,0,0,0,
Davin Wilson,100287,CB,BOWL GREEN,4,2,0,50.0,0,0,122,0,0,65.1,68.6,81.3,54.7,80.9,57.8,0,0,0,1,55,15.4,2,1,0,84.8,7,0,0,10,201,93,215,1,0,0,1,0,0,214,2,120,2,2,9,0,14,0,1,158,36,22.6
Tyson McDonald,100288,CB,AKRON,2,1,0,83.3,0,0,102,0,0,53.7,57.0,81.2,,66.9,81.7,0,0,0,0,28,0.0,0,0,0,117.4,5,0,0,7,0,43,79,2,0,0,2,0,0,77,0,36,70,1,3,0,6,0,0,73,42,14.6
Adetutu Daranijo,100292,S,AKRON,6,2,0,80.0,0,0,102,0,0,30.8,49.8,80.9,82.9,86.7,79.8,0,1,0,0,49,5.6,1,0,0,158.3,4,0,0,47,0,54,128,1,0,0,1,0,61,127,3,71,19,7,15,0,5,1,1,101,33,25.3
Dishon McNary,100293,CB,C MICHIGAN,1,2,0,60.0,0,0,134,0,0,55.1,50.5,77.2,,40.7,34.1,0,0,0,0,15,33.3,2,0,1,82.9,3,0,0,8,60,34,74,0,0,0,0,0,4,74,0,40,2,1,2,0,5,0,0,37,-1,12.3
Konota Gaskins,100295,S,BOWL GREEN,4,1,0,100.0,0,0,122,0,0,52.2,44.2,74.3,,40.4,35.7,0,0,0,0,13,33.3,2,0,0,118.8,1,0,0,16,0,6,34,0,0,0,0,0,18,34,0,28,0,0,3,0,1,0,0,13,3,13.0
JaJuan Hudson,100296,CB,BOWL GREEN,10,4,0,61.4,1,0,122,0,0,44.1,43.7,43.4,53.1,48.4,47.4,0,1,0,0,49,22.8,13,5,2,120.7,35,0,0,28,566,272,610,1,0,0,1,0,2,609,6,332,12,5,40,0,57,1,5,522,152,14.9
A.J. Watts,100297,CB,AKRON,10,5,1,60.0,0,0,102,1,0,55.4,60.6,88.0,65.2,67.2,49.6,0,0,0,0,53,20.0,8,5,1,107.6,15,1,0,128,39,210,596,12,0,0,12,0,130,584,11,375,287,11,27,2,25,1,2,173,80,11.5
Brock Horne,100301,LB,BOWL GREEN,1,0,0,,0,0,122,0,0,60.3,64.2,68.0,,61.3,,0,0,0,0,,,0,0,0,0.0,0,0,0,5,0,2,5,0,0,0,0,0,0,5,0,3,0,0,0,0,0,0,0,0,0,
Kempton Shine,100302,CB,E MICHIGAN,4,1,0,60.0,0,0,160,0,0,65.0,68.9,78.2,,80.0,84.2,0,0,0,0,32,0.0,0,0,1,100.4,3,0,0,21,99,70,127,0,0,0,0,0,7,127,0,57,0,3,8,0,5,0,0,58,19,19.3
Darren Anders,100304,LB,BOWL GREEN,6,0,0,,0,0,122,0,0,65.9,63.0,78.3,69.3,58.4,80.5,1,0,0,0,,5.6,1,0,0,0.0,0,1,0,104,0,17,108,1,0,0,1,0,0,107,7,84,3,14,17,2,0,2,0,0,0,
Dylan Powell,100307,S,BUFFALO,1,0,0,,0,0,126,0,0,,64.1,71.0,,64.2,75.3,0,0,0,0,,0.0,0,0,0,0.0,0,0,0,4,0,0,6,0,0,0,0,0,0,6,0,6,2,0,1,0,0,0,0,0,0,
Jabbar Price,100312,ED,KENT STATE,13,4,0,100.0,1,0,201,1,0,41.5,58.1,45.1,57.9,63.2,64.1,1,2,0,0,2,8.3,1,0,1,118.8,1,1,0,0,0,6,231,231,0,21,91,119,0,0,91,134,0,6,7,1,1,4,1,2,0,2.0
Keniuel Gates,100314,CB,OHIO,1,0,0,,0,0,259,0,0,61.7,62.7,67.8,,60.0,,0,0,0,0,,,0,0,0,0.0,0,0,0,0,4,2,4,0,0,0,0,0,0,4,0,2,0,0,0,0,0,0,0,0,0,
Randy Cochran Jr.,100315,CB,AKRON,11,7,0,64.1,0,0,102,0,0,55.0,60.3,85.1,,76.9,59.8,0,0,0,0,49,16.7,8,3,0,131.8,25,0,0,50,622,282,676,1,0,0,1,0,0,675,0,394,0,9,33,1,39,0,4,394,163,15.8
Aaron Hamilton,100326,DI,E MICHIGAN,3,3,0,,0,0,160,0,0,60.0,53.6,78.2,59.1,50.3,75.5,0,1,0,0,,0.0,0,0,0,0.0,0,0,0,0,0,0,72,71,6,60,0,5,0,1,36,36,0,0,2,0,0,1,0,0,0,
Chris Oliver,100328,DI,BOWL GREEN,11,2,0,,0,0,122,1,0,60.0,45.8,84.5,58.4,41.8,29.2,0,2,0,0,,20.0,2,0,0,0.0,0,0,0,0,0,0,221,220,111,109,0,0,0,1,57,164,0,5,6,1,0,2,0,0,0,
Corey Thomas Jr.,100330,S,AKRON,3,1,0,,0,0,102,0,0,72.8,62.7,75.2,58.1,46.2,30.1,0,1,0,1,,50.0,2,0,0,0.0,0,0,0,14,0,23,56,0,0,0,0,0,35,56,2,31,4,0,1,0,0,1,0,0,0,
Sekou Diaby,100331,DI,KENT STATE,11,1,0,,0,0,201,0,0,,68.0,81.1,57.1,72.2,78.6,0,1,0,0,,0.0,0,0,0,0.0,0,2,0,1,0,0,185,184,1,43,2,138,0,1,78,107,0,8,6,1,0,3,0,0,0,
Julian Richardson,100336,ED,AKRON,12,4,0,100.0,0,0,102,0,0,40.2,59.1,86.9,54.2,69.6,73.2,0,3,0,0,44,10.5,2,0,0,158.3,7,0,0,30,1,29,222,148,0,0,148,0,0,74,39,154,40,4,13,1,7,3,1,95,71,13.6
Anthony Ransey Jr.,100338,DI,E MICHIGAN,11,0,0,,0,0,160,0,0,,59.4,81.1,57.1,59.7,76.4,0,0,0,0,,0.0,0,0,0,0.0,0,0,0,0,0,0,213,213,9,200,0,4,0,0,95,118,0,4,5,1,0,0,0,0,0,
Demetrick Watts II,100339,LB,AKRON,2,1,0,100.0,0,0,102,0,0,55.1,47.2,73.0,,44.5,27.8,0,0,0,0,11,40.0,2,0,0,104.2,2,0,0,49,0,22,49,0,0,0,0,0,0,49,0,27,0,0,2,0,2,0,0,18,20,9.0
Anthony Johnson,100340,DI,BOWL GREEN,2,0,0,,0,0,122,0,0,,65.6,71.6,59.4,65.1,,0,0,0,0,,,0,0,0,0.0,0,0,0,0,0,0,11,11,0,10,0,1,0,0,2,9,0,0,0,0,0,0,0,0,0,
Bryce Wilson,100341,DI,AKRON,8,1,0,,0,1,102,0,0,60.0,64.0,38.1,60.3,66.5,78.5,0,1,0,0,,0.0,0,0,1,0.0,0,0,0,0,0,0,160,160,116,44,0,0,0,0,72,88,0,10,10,1,0,1,0,0,0,
Buddha Jones,100343,DI,KENT STATE,12,2,0,,0,0,201,0,0,,52.7,61.2,56.0,52.1,60.7,1,1,0,0,,7.7,1,0,1,0.0,0,1,0,1,0,0,334,333,252,78,1,2,0,1,130,204,0,6,10,0,0,3,0,0,0,
Alex Merritt,100346,DI,E MICHIGAN,4,0,0,,0,0,160,0,0,,69.9,75.6,56.7,72.7,73.4,0,1,0,0,,0.0,0,0,0,0.0,0,0,0,0,0,0,45,45,0,45,0,0,0,0,17,28,0,1,3,0,0,1,0,0,0,
Ronald McGee,100347,DI,BUFFALO,13,5,0,,0,0,126,0,0,53.5,57.6,83.7,61.3,57.4,66.0,5,5,0,0,,9.1,1,0,0,0.0,0,1,0,0,0,7,309,309,47,259,0,3,0,0,177,125,0,5,5,1,0,11,0,0,0,
Vonnie Watkins,100349,ED,OHIO,1,0,0,,0,0,259,0,0,,34.4,71.4,58.5,42.0,,0,0,0,0,,,0,0,0,0.0,0,0,0,0,0,0,7,7,0,0,7,0,0,0,3,4,0,0,0,0,0,0,0,0,0,
John Mitchell,100351,DI,AKRON,12,2,0,,0,0,102,0,0,60.0,63.4,53.5,59.8,64.6,65.1,0,3,0,0,,9.1,2,0,1,0.0,0,0,0,1,0,0,246,245,202,41,0,2,0,1,88,158,0,10,18,2,0,3,0,0,0,
Andrew Bench,100353,ED,BOWL GREEN,4,0,0,,0,0,122,0,0,,54.1,75.0,59.7,52.5,71.1,1,0,0,0,,50.0,1,0,0,0.0,0,0,0,0,0,0,26,26,0,0,19,7,0,0,9,17,0,1,1,0,0,1,0,0,0,
Kyu Blu Kelly,100375,CB,STANFORD,12,7,0,60.8,0,0,300,0,0,66.7,66.8,85.7,66.3,60.5,62.5,0,1,0,1,41,14.6,7,3,3,90.6,31,0,0,29,659,408,692,1,0,0,1,0,0,691,4,280,3,6,34,0,51,1,2,403,117,13.0
Nicolas Toomer,100376,LB,STANFORD,1,0,0,,0,0,300,0,0,,60.0,63.4,,60.0,,0,0,0,0,,,0,0,0,0.0,0,0,0,3,0,0,3,0,0,0,0,0,0,3,0,3,0,0,0,0,0,0,0,0,0,
D.J. James,100379,CB,OREGON,10,1,0,75.0,0,0,264,0,0,46.4,48.1,0.0,,72.9,74.1,0,0,0,0,16,10.0,1,1,3,98.4,6,0,0,3,79,49,85,0,0,0,0,0,3,85,0,36,0,2,8,0,8,0,0,65,20,10.8
K.J. Trujillo,100380,CB,COLORADO,8,3,0,61.8,0,0,143,0,0,69.9,66.8,83.8,57.3,45.3,47.0,1,2,0,1,38,23.1,6,4,0,112.6,21,1,0,33,414,271,448,0,0,0,0,0,0,448,10,167,1,1,17,0,34,4,4,262,93,12.5
Jaylen Martin,100383,CB,CAL,1,0,0,,0,0,130,0,0,,73.9,69.3,,76.1,77.9,0,0,0,0,,0.0,0,0,0,0.0,0,0,0,2,4,0,8,0,0,0,0,0,2,8,0,8,0,2,2,0,0,0,0,0,0,
Adonis Otey,100388,CB,USC,2,0,0,50.0,0,0,326,0,0,71.7,72.1,73.9,,60.0,74.2,0,0,0,0,1,0.0,0,0,0,56.3,1,0,0,0,26,22,26,0,0,0,0,0,0,26,0,4,0,1,1,0,2,0,0,1,6,1.0
Asa Turner,100389,S,WASHINGTON,12,4,0,50.0,0,0,340,0,0,61.8,60.9,20.7,65.5,60.1,31.1,1,1,0,1,23,29.6,8,0,1,52.3,8,0,0,85,6,178,322,9,0,0,9,0,144,313,8,136,78,6,15,2,16,2,1,53,49,6.6
JaTravis Broughton,100391,CB,UTAH,4,0,0,66.7,0,0,328,0,0,59.6,55.9,0.0,59.7,61.6,77.0,0,0,0,1,16,0.0,0,0,1,56.9,2,0,0,0,34,25,37,1,0,0,1,0,0,36,1,11,2,0,2,0,3,0,0,28,8,14.0
Drew Rawls,100395,S,UTAH,2,0,0,100.0,0,0,328,0,0,66.5,66.0,72.7,,60.0,,0,0,0,0,15,,0,0,0,158.3,1,0,0,1,0,12,14,0,0,0,0,0,13,14,0,2,0,0,0,0,1,0,1,15,15,15.0
Trey Davis,100400,CB,WASH STATE,1,2,0,60.0,0,0,341,0,0,53.9,56.4,77.2,59.7,64.5,77.2,0,0,0,0,12,0.0,0,0,0,71.3,3,0,0,2,0,13,26,3,0,0,3,0,0,23,1,12,21,1,1,0,5,0,0,23,14,7.7
Carl Jones Jr.,100406,LB,UCLA,12,6,0,61.5,0,0,324,0,0,51.2,53.4,80.8,62.3,54.6,48.1,0,5,0,0,65,23.1,6,1,0,131.1,8,0,0,217,0,121,255,3,0,0,3,0,2,252,39,95,32,7,14,3,13,5,1,164,129,20.5
Connor Soelle,100407,S,ARIZONA ST,1,0,0,,0,0,110,0,0,61.2,60.7,65.8,,,,0,0,0,0,,,0,0,0,0.0,0,0,0,0,0,2,2,0,0,0,0,0,2,2,0,0,0,0,0,0,0,0,0,0,0,
Nahshon Wright,100412,CB,OREGON ST,11,6,0,59.2,0,0,265,0,0,66.6,65.5,37.1,65.6,59.0,72.3,1,0,0,3,44,11.8,4,3,2,94.5,29,0,0,27,489,330,524,1,0,0,1,0,0,523,4,190,7,3,24,0,49,1,5,407,104,14.0
Jojo Forest,100413,CB,OREGON ST,9,4,0,75.0,1,0,265,0,0,48.8,50.9,19.3,60.0,69.5,76.2,0,0,0,0,56,7.7,2,1,3,156.3,21,0,0,13,332,207,351,0,0,0,0,0,0,351,1,143,6,4,20,0,28,0,6,383,161,18.2
Miki Suguturaga,100414,ED,UTAH,2,0,0,,0,0,328,0,0,,61.9,74.8,54.8,66.4,72.2,0,0,0,0,,0.0,0,0,0,0.0,0,0,0,0,0,0,15,15,0,0,15,0,0,0,9,6,0,1,1,0,0,0,0,0,0,
Jeremiah Doss,100415,DI,COLORADO,5,1,0,,0,0,143,0,0,61.0,49.8,75.8,53.6,45.3,73.5,0,0,0,0,,0.0,0,0,0,0.0,0,0,0,0,0,0,58,58,0,16,2,40,0,0,25,33,0,1,1,0,0,0,0,0,0,
Gabriel Cherry,100416,DI,CAL,2,0,0,,0,0,130,0,0,,51.7,68.6,,54.7,,0,0,0,0,,,0,0,0,0.0,0,0,0,0,0,0,5,5,0,0,0,5,0,0,0,5,0,0,0,0,0,0,0,0,0,
Braxten Croteau,100417,ED,CAL,8,4,1,,0,0,130,0,0,65.7,58.2,86.3,54.9,57.2,80.2,0,2,0,0,,0.0,0,0,0,0.0,0,0,0,5,0,15,185,173,0,5,168,0,0,12,89,81,7,3,3,0,0,2,0,0,0,
Sama Paama,100418,DI,WASHINGTON,1,0,0,,0,0,340,0,0,,56.9,70.7,59.0,58.6,,0,0,0,0,,,0,0,0,0.0,0,0,0,0,0,0,5,5,3,2,0,0,0,0,2,3,0,0,0,0,0,0,0,0,0,
Noa Ngalu,100419,DI,WASHINGTON,2,0,0,,0,0,340,0,0,,58.8,70.3,57.8,60.0,,0,0,0,0,,,0,0,0,0.0,0,0,0,0,0,0,6,6,2,4,0,0,0,0,5,1,0,0,0,0,0,0,0,0,0,
Faatui Tuitele,100420,DI,WASHINGTON,4,0,0,,0,0,340,0,0,,48.3,73.6,59.4,44.3,,0,2,0,0,,,0,0,0,0.0,0,0,0,0,0,0,23,23,1,18,1,3,0,0,15,8,0,0,0,0,0,2,0,0,0,
Semisi Lauaki,100421,DI,UTAH,3,0,0,,0,0,328,0,0,,60.8,0.0,73.7,64.1,69.7,1,0,0,0,,0.0,0,0,1,0.0,0,0,0,0,0,0,10,10,0,10,0,0,0,0,4,6,0,1,1,0,0,1,0,0,0,
Cosmas Kwete,100428,ED,WASH STATE,9,5,0,,0,0,341,1,0,62.3,65.5,81.1,63.9,61.1,72.4,1,3,0,0,,6.3,1,0,0,0.0,0,1,0,0,0,0,139,139,0,32,90,17,0,0,60,79,0,7,10,2,0,5,0,0,0,
Nicholas Sheetz,100430,DI,WASH STATE,3,0,0,,0,0,341,0,0,,58.2,76.2,57.2,58.3,71.9,0,0,0,0,,0.0,0,0,0,0.0,0,0,0,0,0,0,48,48,4,35,1,8,0,0,13,35,0,2,2,1,0,0,0,0,0,
Datona Jackson,100431,DI,UCLA,8,2,0,,0,0,324,0,0,60.0,55.4,30.0,57.4,56.6,60.1,0,4,0,0,,12.5,1,0,1,0.0,0,0,0,0,0,0,149,149,5,84,22,38,0,0,82,67,0,1,5,0,0,4,0,0,0,
Stephon Wright,100437,DI,ARIZONA ST,4,1,0,,0,0,110,0,0,,68.9,76.2,59.6,71.2,72.4,0,1,0,0,,0.0,0,0,0,0.0,0,0,0,1,0,0,25,24,3,11,8,2,0,1,14,11,0,1,1,0,0,1,0,0,0,
Tautala Pesefea Jr.,100438,DI,ARIZONA ST,9,0,0,,0,0,110,0,0,58.8,53.2,80.1,63.5,49.0,29.8,0,1,0,0,,25.0,3,0,0,0.0,0,0,0,0,0,2,93,93,41,52,0,0,0,0,37,54,0,6,9,1,0,1,0,0,0,
Amiri Johnson,100443,ED,ARIZONA ST,4,0,0,,0,0,110,0,0,,51.3,73.2,51.9,,23.9,0,2,0,0,,,0,0,0,0.0,0,0,0,0,0,0,11,11,0,0,11,0,0,0,11,0,0,0,0,0,0,2,0,0,0,
Stanley Ta'ufo'ou,100444,DI,USC,3,0,0,,0,0,326,0,0,,65.8,72.7,64.7,60.9,22.2,0,2,0,0,,100.0,1,0,0,0.0,0,0,0,0,0,0,16,16,0,16,0,0,0,0,13,3,0,0,0,0,0,2,0,0,0,
De'Jon Benton,100445,DI,USC,4,0,0,,0,0,326,0,0,,48.5,75.1,55.0,48.5,71.9,1,0,0,0,,0.0,0,0,0,0.0,0,0,0,0,0,0,31,31,2,29,0,0,0,0,16,15,0,0,2,0,0,1,0,0,0,
Simon Sandberg,100446,DI,OREGON ST,9,2,0,,0,1,265,0,0,70.9,56.5,55.6,56.9,55.4,68.2,1,4,0,0,,9.1,1,0,1,0.0,0,2,0,0,0,1,316,316,29,131,25,131,0,0,184,131,0,7,8,1,0,7,0,0,0,
Jordan Whittley,100447,DI,OREGON ST,10,2,1,,0,0,265,0,0,,76.0,81.8,72.8,72.9,27.1,0,9,0,0,,36.8,7,0,0,0.0,0,0,0,0,0,0,237,237,33,124,7,73,0,0,115,122,0,10,10,3,0,9,0,0,0,
James Rawls,100448,DI,OREGON ST,4,0,0,,0,0,265,0,0,,51.4,78.1,54.3,49.1,,1,2,0,0,,,0,0,0,0.0,0,0,0,3,0,0,77,74,8,47,8,11,0,3,63,14,0,0,0,0,0,3,0,0,0,
Kristian Williams,100451,DI,OREGON,3,1,0,,0,0,264,0,0,,49.5,75.2,71.2,42.3,72.2,0,1,0,0,,0.0,0,0,0,0.0,0,0,0,0,0,0,23,23,9,14,0,0,0,0,8,15,0,0,1,0,0,1,0,0,0,
Brandon Dorlus,100452,DI,OREGON,10,0,0,,0,0,264,0,0,60.0,71.6,77.8,68.1,68.2,75.7,0,3,0,0,,0.0,0,0,0,0.0,0,1,0,1,0,0,81,80,0,68,4,8,0,1,51,30,0,4,3,1,0,4,0,0,0,
Austin Williams,100453,DI,COLORADO,12,2,0,,0,0,143,0,0,,50.2,83.1,55.0,47.4,75.6,0,1,0,0,,0.0,0,0,0,0.0,0,0,0,0,0,0,193,193,139,51,0,3,0,0,99,94,0,1,3,0,0,1,0,0,0,
Janaz Jordan,100455,ED,COLORADO,12,6,0,,0,0,143,0,0,60.0,50.2,81.1,49.4,54.3,62.0,0,0,0,0,,12.5,1,0,0,0.0,0,0,0,0,0,0,214,214,8,42,38,126,0,0,120,94,0,0,1,0,0,0,0,0,0,
Tristan Sinclair,100458,LB,STANFORD,3,2,0,80.0,0,0,300,0,0,52.7,65.6,77.3,60.7,79.5,47.3,0,1,0,0,12,25.0,2,1,0,89.2,4,0,0,53,0,31,59,1,0,0,1,0,0,58,1,27,5,2,4,1,5,1,0,27,37,6.8
Ge'Mon Eaford,100459,LB,OREGON,3,0,0,,0,0,264,0,0,63.4,65.7,73.5,64.9,61.6,74.3,0,1,0,0,,0.0,0,0,0,0.0,0,0,0,26,0,12,28,0,0,0,0,0,0,28,4,12,2,0,1,0,0,1,0,0,0,
Jash Allen,100462,ED,COLORADO,2,1,1,50.0,0,0,143,0,0,62.1,70.3,78.2,69.3,65.1,79.0,1,1,0,0,13,0.0,0,0,0,70.8,1,0,0,6,1,5,25,17,0,0,17,0,0,8,12,8,1,1,2,0,2,2,0,13,8,13.0
Maninoa Tufono,100469,LB,USC,1,0,0,100.0,0,0,326,0,0,40.9,41.2,68.2,60.0,60.0,35.1,0,0,0,0,18,33.3,1,0,0,118.8,4,0,0,13,0,11,14,0,0,0,0,0,0,14,1,2,1,0,2,0,4,0,0,52,37,13.0
Alphonzo Tuputala,100487,LB,WASHINGTON,2,2,0,100.0,0,0,340,0,0,37.9,37.4,69.5,,65.9,32.8,0,0,0,0,15,33.3,1,0,0,116.7,2,0,0,7,0,2,7,0,0,0,0,0,0,7,0,5,0,0,0,0,2,0,0,24,4,12.0
Rocky Katoanga,100493,ED,WASH STATE,1,0,0,,0,0,341,0,0,60.0,60.5,68.3,60.0,,,0,0,0,0,,,0,0,0,0.0,0,0,0,0,0,1,2,2,0,0,2,0,0,0,1,0,0,0,0,0,0,0,0,0,0,
Adam Cohen,100498,LB,UCLA,4,0,0,0.0,0,0,324,0,0,54.8,52.3,73.1,56.8,56.5,,0,0,0,0,,,0,0,0,39.6,0,0,0,23,0,14,24,1,0,0,1,0,0,23,2,8,0,0,0,0,2,0,0,0,0,
Brett Johnson,100516,DI,CAL,13,9,0,,0,0,130,1,0,61.7,73.4,87.0,66.7,72.7,75.8,0,10,0,0,,3.7,1,0,0,0.0,0,1,0,0,0,0,455,454,312,142,0,0,0,1,222,233,0,15,17,2,0,11,0,0,0,
Laiatu Latu,100551,ED,WASHINGTON,12,4,1,100.0,0,0,340,0,0,49.2,63.4,83.6,62.4,64.9,51.3,1,5,0,0,22,17.6,3,0,0,118.8,2,2,1,3,0,10,215,212,0,18,156,38,0,3,109,96,0,7,10,1,2,8,0,26,8,13.0
Stephen Herron,100553,ED,STANFORD,3,1,0,,0,0,300,0,0,,57.9,77.3,55.4,62.7,71.5,0,0,0,0,,0.0,0,0,0,0.0,0,0,0,0,0,0,34,34,0,3,26,5,0,0,24,10,0,0,0,0,0,0,0,0,0,
Mase Funa,100554,ED,OREGON,14,4,0,60.0,0,0,264,0,0,63.5,64.3,88.9,56.9,67.7,49.6,2,7,0,0,11,27.6,8,0,0,71.3,3,3,0,56,6,80,367,299,0,0,299,0,0,68,150,137,6,17,17,5,5,12,0,23,18,7.7
Jamar Montgomery,100556,ED,COLORADO,4,0,1,,0,1,143,0,0,61.9,74.6,78.2,81.5,56.3,75.8,0,1,0,0,,0.0,0,0,0,0.0,0,1,0,8,0,5,25,17,0,0,17,0,0,8,11,9,0,1,1,0,0,2,0,0,0,
Orin Patu,100560,ED,CAL,4,0,0,,0,0,130,0,0,60.0,55.7,75.0,53.9,60.0,73.0,0,0,0,0,,0.0,0,0,0,0.0,0,0,0,0,0,0,13,13,0,0,13,0,0,0,12,1,0,0,1,0,0,0,0,0,0,
Brock Jones,100605,S,STANFORD,1,0,0,,0,0,300,0,0,,60.0,67.0,,60.0,,0,0,0,0,,,0,0,0,0.0,0,0,0,0,0,0,3,0,0,0,0,0,3,3,0,3,0,0,0,0,0,0,0,0,0,
Jonathan McGill,100607,CB,STANFORD,11,8,0,58.8,0,0,300,1,1,59.0,62.4,0.0,63.1,80.9,88.5,0,1,0,1,43,2.9,1,2,2,97.4,20,0,0,28,8,246,392,4,0,0,4,0,20,388,13,133,332,8,25,3,34,1,3,238,67,11.9
Jamal Hill,100609,CB,OREGON,4,1,0,100.0,0,0,264,0,0,63.8,60.1,78.3,,48.1,48.0,0,0,0,0,14,25.0,1,0,0,108.3,2,0,0,3,0,23,38,1,0,0,1,0,1,37,0,15,32,0,2,0,2,0,0,20,16,10.0
Dorian Hewett,100613,CB,USC,5,2,0,75.0,0,0,326,0,0,73.5,75.6,78.0,60.0,77.1,84.6,0,0,0,0,9,0.0,0,0,0,87.5,3,0,0,2,88,54,90,0,0,0,0,0,0,90,1,35,0,3,7,0,4,0,0,22,3,7.3
Kaulana Makaula,100614,CB,USC,4,1,0,40.0,0,0,326,0,0,60.3,63.0,82.7,57.5,70.7,82.4,0,1,0,0,14,0.0,0,0,0,53.8,2,0,0,1,1,42,79,4,0,0,4,0,1,75,2,35,72,0,6,0,5,1,0,22,6,11.0
Briton Allen,100615,S,USC,6,1,0,0.0,0,0,326,0,0,55.4,53.7,76.8,60.0,53.7,29.1,0,0,0,0,,50.0,1,0,0,39.6,0,0,0,10,0,19,39,0,0,0,0,0,20,39,1,19,9,0,0,0,1,0,0,0,0,
Ashton McNeal,100668,CB,FAU,2,0,0,,0,0,165,0,0,62.5,63.9,63.6,,,,0,0,0,0,,,0,0,0,0.0,0,0,0,0,1,2,2,0,0,0,0,0,0,2,0,0,0,0,0,0,0,0,0,0,0,
Will Brocchini,100669,CB,DOMINION,7,5,0,60.0,0,1,263,0,0,76.7,73.8,82.5,,63.0,79.1,0,0,0,1,58,8.0,2,1,0,92.5,6,0,0,49,116,106,245,1,0,0,1,0,30,244,0,139,49,4,18,0,10,0,1,112,63,18.7
Kaleb Ford-Dement,100670,CB,DOMINION,12,3,0,50.0,0,0,263,0,0,81.4,74.8,85.7,60.0,39.1,44.4,0,0,0,2,54,24.3,9,11,2,60.5,24,0,0,42,660,342,708,1,0,0,1,0,4,707,1,365,1,6,25,0,48,0,1,313,90,13.0
Miles McCord,100672,CB,RICE,3,0,0,0.0,0,0,275,0,0,58.3,51.1,0.0,,45.5,21.7,0,0,0,0,,100.0,1,0,1,39.6,0,0,0,5,24,29,46,0,0,0,0,0,0,46,0,17,17,0,0,0,4,0,0,0,0,
Tre'shon Devones,100673,CB,RICE,7,1,0,52.2,0,1,275,0,0,73.7,73.2,83.2,60.0,65.6,51.4,0,0,0,0,90,18.8,3,1,1,102.3,12,0,0,24,241,161,290,8,0,0,8,0,0,282,1,128,16,4,12,0,23,0,1,233,101,19.4
Deante Nelson,100674,CB,FAU,1,0,0,0.0,0,0,165,0,0,60.0,60.3,63.8,,,,0,0,0,0,,,0,0,0,39.6,0,0,0,0,1,1,1,0,0,0,0,0,0,1,0,0,0,0,0,0,1,0,0,0,0,
Dwight Toombs II,100675,LB,FAU,1,0,0,100.0,0,0,165,0,0,74.3,74.1,74.3,57.4,63.9,81.7,0,0,0,0,6,0.0,0,0,0,83.3,2,0,0,3,0,7,15,5,0,0,5,0,0,10,3,5,7,2,5,0,2,0,0,8,1,4.0
DeShawn Gaddie Jr.,100680,CB,N TEXAS,2,0,0,,0,0,251,0,0,70.7,71.9,70.9,,60.6,,0,0,0,0,,,0,0,0,0.0,0,0,0,1,8,4,9,0,0,0,0,0,0,9,0,5,0,0,0,0,0,0,0,0,0,
Leandre Davis,100681,S,N TEXAS,1,0,0,,0,0,251,0,0,,60.0,64.7,,60.0,74.3,0,0,0,0,,0.0,0,0,0,0.0,0,0,0,0,0,0,1,0,0,0,0,0,1,1,0,1,0,0,1,0,0,0,0,0,0,
Quinn Whitlock,100682,CB,N TEXAS,2,1,0,0.0,0,0,251,0,0,56.9,61.3,73.1,,71.4,76.7,0,0,0,0,,0.0,0,0,0,39.6,0,0,0,2,20,15,23,0,0,0,0,0,1,23,0,8,0,1,1,0,2,0,0,0,0,
Orlandus McLaurin,100686,S,SO MISS,2,0,0,,0,0,296,0,0,60.7,60.7,66.9,,60.0,,0,0,0,0,,,0,0,0,0.0,0,0,0,3,0,2,3,0,0,0,0,0,0,3,0,1,0,0,0,0,0,0,0,0,0,
Khalen Leonard,100687,CB,SO MISS,1,0,0,,0,0,296,0,0,,60.0,63.8,,60.0,,0,0,0,0,,,0,0,0,0.0,0,0,0,0,1,0,1,0,0,0,0,0,0,1,0,1,0,0,0,0,0,0,0,0,0,
Dy'vonne Inyang,100689,S,UTEP,8,0,0,100.0,0,0,330,0,0,60.1,59.6,75.1,,58.4,66.0,0,0,0,0,16,20.0,1,0,0,158.3,1,0,0,26,0,21,41,1,0,0,1,0,7,40,0,20,7,3,4,0,1,0,1,16,0,16.0
Marlon Bradley,100692,DI,FAU,1,0,0,,0,0,165,0,0,,61.3,69.8,59.1,60.8,,0,0,0,0,,,0,0,0,0.0,0,0,0,0,0,0,6,6,0,4,0,2,0,0,3,3,0,0,0,0,0,0,0,0,0,
Dorien Josey,100693,DI,FAU,1,0,0,,0,0,165,0,0,,69.1,69.4,67.2,60.8,,0,0,0,0,,,0,0,0,0.0,0,0,0,0,0,0,6,6,0,6,0,0,0,0,3,3,0,0,0,0,0,0,0,0,0,
Clarence Hicks,100695,LB,UTSA,11,4,0,75.0,0,1,331,0,0,35.3,63.4,32.3,77.3,76.7,42.3,3,4,0,0,24,24.1,7,1,1,130.6,9,2,0,131,0,82,235,98,0,0,94,4,0,137,62,91,4,16,18,8,12,9,1,110,60,12.2
Dakari Bickham,100696,ED,UTEP,3,2,0,,0,0,330,0,0,60.0,54.5,0.0,52.2,65.6,54.9,0,1,0,0,,20.0,1,0,1,0.0,0,0,0,0,0,0,50,50,0,2,38,10,0,0,32,18,0,2,2,1,0,1,0,0,0,
Esaias Carpenter,100700,DI,MARSHALL,1,0,0,,0,0,214,0,0,60.0,36.6,73.6,57.8,36.0,,0,0,0,0,,,0,0,0,0.0,0,0,0,0,0,1,13,13,4,8,0,1,0,0,7,5,0,0,0,0,0,0,0,0,0,
Warren Sapp II,100702,ED,FAU,1,0,0,,0,0,165,0,0,,60.0,65.6,60.0,,,0,0,0,0,,,0,0,0,0.0,0,0,0,0,0,0,1,1,0,0,1,0,0,0,1,0,0,0,0,0,0,0,0,0,0,
Latrell Jean,100703,DI,FAU,2,0,0,,0,0,165,0,0,,59.6,70.3,57.7,60.5,,0,0,0,0,,,0,0,0,0.0,0,0,0,0,0,0,7,7,1,6,0,0,0,0,5,2,0,0,0,0,0,0,0,0,0,
Kane Taylor,100704,DI,FIU,3,0,1,,0,0,166,0,0,,74.2,76.9,63.1,77.4,72.9,0,2,0,0,,0.0,0,0,0,0.0,0,0,0,0,0,0,51,51,10,28,0,13,0,0,32,19,0,2,2,0,0,2,0,0,0,
Asher Frow,100707,ED,N TEXAS,11,0,0,,0,0,251,0,0,60.0,58.9,28.0,56.8,62.2,57.7,1,1,0,0,,12.5,1,0,1,0.0,0,2,0,0,0,0,141,141,0,19,36,86,0,0,65,76,0,6,7,0,0,4,0,0,0,
Kenneth Dotson,100709,DI,N TEXAS,1,0,0,,0,0,251,0,0,,62.7,71.4,66.0,59.1,,0,1,0,0,,,0,0,0,0.0,0,0,0,0,0,0,13,13,0,8,0,5,0,0,4,9,0,0,0,0,0,1,0,0,0,
Eriq Kitchen,100710,ED,SO MISS,13,3,1,,0,0,296,1,0,61.7,75.3,84.2,66.8,77.6,72.5,2,17,0,0,,6.7,1,0,0,0.0,0,2,0,5,0,2,360,355,59,49,107,140,0,5,207,151,0,11,11,3,0,21,0,0,0,
Micario Stanley,100713,DI,UAB,12,0,0,,0,0,321,0,0,60.0,82.1,77.8,76.4,76.2,74.5,0,5,0,0,,0.0,0,0,0,0.0,0,0,0,0,0,0,62,62,23,39,0,0,0,0,44,18,0,3,4,1,0,5,0,0,0,
Demond Stewart,100717,DI,CHARLOTTE,13,4,0,,0,1,136,0,0,,62.3,0.0,56.7,73.2,61.5,1,3,0,0,,11.1,1,0,4,0.0,0,0,0,1,0,0,197,196,5,184,1,6,0,1,88,109,0,3,4,0,0,4,0,0,0,
Tyre Bibby,100720,DI,DOMINION,12,4,0,,1,0,263,0,0,60.5,43.5,0.0,54.8,44.7,47.7,0,0,0,0,,20.0,2,0,3,0.0,0,0,0,0,0,0,217,217,2,212,1,2,0,0,100,117,0,3,4,0,0,0,0,0,0,
De'Braylon Carroll,100722,DI,RICE,12,2,0,,0,0,275,0,0,66.8,78.2,82.1,72.5,74.5,49.9,2,12,0,0,,23.5,4,0,0,0.0,0,1,0,0,0,0,195,195,57,118,9,11,0,0,111,84,0,8,11,2,0,15,0,0,0,
Caliph Brice,100738,LB,FAU,12,9,0,85.7,0,0,165,0,0,64.5,58.6,80.2,63.2,52.2,62.5,1,1,0,1,28,12.9,4,0,0,99.4,6,1,0,138,0,73,206,51,0,0,51,0,0,155,24,109,17,14,18,0,7,3,1,55,27,9.2
Diamante Howard,100739,S,FAU,1,0,0,,0,0,165,0,0,,60.0,62.8,,60.0,,0,0,0,0,,,0,0,0,0.0,0,0,0,1,0,0,1,0,0,0,0,0,0,1,0,1,0,0,0,0,0,0,0,0,0,
Cecil Rolle Jr.,100740,LB,FAU,2,2,0,100.0,0,0,165,0,0,65.5,60.0,71.5,55.8,53.6,77.4,1,0,0,0,8,0.0,0,0,0,87.5,2,0,0,23,0,14,25,0,0,0,0,0,0,25,3,8,2,0,1,0,2,1,0,10,1,5.0
Eddie Williams,100742,LB,FAU,5,1,0,0.0,0,0,165,0,0,54.4,65.4,73.8,55.2,78.2,80.3,0,0,0,0,,0.0,0,0,0,39.6,0,0,0,35,0,21,44,1,0,0,1,0,0,43,4,19,5,4,4,0,1,0,0,0,0,
Kevin Wood,100748,LB,N TEXAS,12,5,0,100.0,0,0,251,0,0,57.9,49.0,9.4,48.3,48.3,29.8,1,3,0,0,59,30.4,7,0,1,158.3,4,0,0,120,0,60,171,30,0,0,30,0,0,141,20,91,21,6,11,1,4,4,1,86,85,21.5
Trevor Harmanson,100753,LB,UTSA,12,7,0,80.8,0,0,331,1,0,37.7,30.4,16.2,53.6,32.0,42.0,0,2,0,0,25,20.0,12,0,2,107.4,21,0,0,415,0,200,484,67,0,0,67,0,1,417,37,247,1,23,41,9,26,2,0,254,144,12.1
DJ Turner,100756,LB,UTEP,6,1,0,100.0,0,0,330,0,0,73.6,68.5,75.6,56.1,61.6,49.6,0,0,0,0,0,20.0,1,0,0,79.2,1,0,0,29,0,6,33,2,0,0,2,0,0,31,3,24,2,3,3,1,1,0,0,0,4,0.0
Ryan Henry,100758,ED,DOMINION,3,2,0,100.0,0,0,263,0,0,60.0,51.8,80.2,53.2,60.6,77.0,0,1,0,0,9,0.0,0,0,0,104.2,1,0,0,1,1,1,45,42,0,0,42,0,0,3,22,22,1,0,1,0,1,1,0,9,0,9.0
Cory Jackson,100759,ED,DOMINION,8,1,0,,0,0,263,0,0,,72.4,80.5,66.6,71.3,78.9,0,3,0,0,,16.7,1,0,0,0.0,0,1,0,0,0,0,68,67,0,4,50,13,0,1,36,32,1,5,4,0,0,4,0,0,0,
Peter Agabe,100762,DI,CHARLOTTE,3,1,0,100.0,0,0,136,0,0,52.2,32.4,67.2,,61.8,69.7,0,0,0,0,16,0.0,0,0,0,118.8,1,0,0,0,0,2,5,4,0,4,0,0,0,1,0,3,0,0,0,0,1,0,0,16,21,16.0
E.J. Jackson,100846,S,MARSHALL,1,0,0,,0,0,214,0,0,62.8,63.8,71.9,,61.4,,0,0,0,0,,,0,0,0,0.0,0,0,0,3,0,5,12,0,0,0,0,0,4,12,0,7,5,0,0,0,0,0,0,0,0,
Harrell Blackmon,100854,S,DOMINION,9,9,0,94.1,0,1,263,2,0,44.1,48.6,26.7,,59.6,45.0,0,0,0,1,65,23.1,12,0,1,133.8,16,0,0,150,0,186,388,6,0,0,6,0,124,382,0,202,108,9,31,1,17,0,3,255,167,15.9
R'Tarriun Johnson,100855,S,DOMINION,3,2,0,100.0,0,0,263,0,0,52.2,49.9,73.7,59.5,52.4,26.4,0,0,0,0,25,50.0,2,0,0,158.3,1,0,0,10,0,9,22,1,0,0,1,0,10,21,1,12,1,0,0,0,1,0,1,25,22,25.0
Romain Mungin,100870,CB,FAU,5,1,0,75.0,0,0,165,0,0,62.5,64.2,76.3,,67.2,52.7,0,0,0,0,37,20.0,1,0,0,116.7,3,0,0,8,42,35,52,1,0,0,1,0,0,51,0,17,0,0,3,0,4,0,0,59,11,19.7
Myron Mitchell,100887,WR,UAB,1,0,0,,0,0,321,0,0,,62.0,60.0,,60.6,70.3,0,0,0,0,,0.0,0,0,3,0.0,0,0,0,0,0,0,1,0,0,0,0,0,0,1,0,1,0,0,1,0,0,0,0,0,0,
Justin Harris,100902,CB,CINCINNATI,6,0,0,20.0,0,0,138,0,0,54.9,45.9,0.0,,37.0,27.9,0,0,0,0,40,50.0,1,0,1,60.4,1,0,0,2,48,26,52,0,0,0,0,0,0,52,0,26,1,0,1,0,5,0,0,40,3,40.0
Sauce Gardner,100903,CB,CINCINNATI,13,2,0,39.7,1,0,138,0,0,90.2,88.0,44.1,54.9,68.7,65.1,0,0,2,3,55,13.9,5,8,5,39.4,23,0,0,55,522,320,600,2,0,0,2,0,4,598,3,277,16,7,29,0,58,0,0,360,137,15.7
Damarion Williams,100904,CB,HOUSTON,12,8,0,54.4,0,1,182,1,0,77.3,72.2,86.8,56.3,45.5,63.1,1,1,1,2,36,15.4,14,6,1,71.0,31,0,0,39,704,438,791,14,0,0,14,0,2,777,9,344,32,23,69,7,57,2,2,363,117,11.7
Sam Westfall,100914,CB,SMU,1,0,0,0.0,0,0,287,0,0,65.3,65.8,69.9,,60.0,,0,0,0,0,,,0,0,0,39.6,0,0,0,0,8,7,8,0,0,0,0,0,0,8,0,1,0,0,0,0,1,0,0,0,0,
Tyon Davis,100917,CB,TULSA,10,2,0,50.0,0,0,320,1,0,69.1,66.2,78.7,57.7,54.3,41.7,0,0,0,0,34,40.0,2,3,0,107.9,5,0,0,17,53,61,101,2,0,0,2,0,0,99,1,39,29,0,1,0,10,0,1,74,27,14.8
Ryan Nixon,100918,CB,TULSA,3,1,0,100.0,0,0,320,0,0,65.4,69.3,74.6,,72.6,78.2,0,0,0,0,9,0.0,0,0,0,97.9,2,0,0,1,31,12,32,0,0,0,0,0,0,32,0,20,0,1,2,0,2,0,0,15,0,7.5
Gabriel Rogers,100921,CB,MEMPHIS,2,0,0,,0,0,218,0,0,63.9,64.4,72.7,,60.4,,0,0,0,0,,,0,0,0,0.0,0,0,0,0,11,7,12,1,0,0,1,0,0,11,0,5,0,0,0,0,0,0,0,0,0,
Eugene Bowman,100927,CB,USF,6,0,0,50.0,0,0,327,0,0,60.3,61.2,75.6,,62.2,74.2,0,0,0,0,20,0.0,0,0,0,85.4,1,0,0,1,26,12,28,0,0,0,0,0,0,28,0,16,0,0,1,0,2,0,0,20,6,20.0
Ja'Quan McMillian,100931,CB,E CAROLINA,12,1,0,46.3,2,1,156,0,0,74.9,74.0,86.1,50.4,66.3,61.2,0,0,0,3,53,15.6,7,7,3,60.2,25,0,0,67,709,402,817,2,0,0,2,0,1,815,4,411,38,6,37,1,54,0,3,313,105,12.5
Steven Hawthorne,100932,ED,CINCINNATI,3,0,1,,0,0,138,0,0,,52.2,77.3,73.9,39.4,,0,1,0,0,,,0,0,0,0.0,0,0,0,0,0,0,23,23,0,0,23,0,0,0,9,14,0,0,0,0,0,1,0,0,0,
Everitt Cunningham,100935,ED,MEMPHIS,13,6,0,100.0,0,0,218,0,0,57.8,59.6,49.1,71.9,50.9,35.0,7,11,0,0,12,29.6,8,0,2,89.6,2,5,0,2,0,30,440,438,0,4,414,20,0,2,180,230,0,13,13,1,2,23,0,11,4,5.5
Joseph Anderson,100939,DI,TULSA,1,1,0,,0,0,320,0,0,,65.1,71.4,67.4,59.0,70.1,0,2,0,0,,0.0,0,0,0,0.0,0,0,0,0,0,0,7,7,6,1,0,0,0,0,5,2,0,0,0,0,0,2,0,0,0,
Taures Payne,100941,DI,HOUSTON,7,1,0,,0,0,182,0,0,,60.4,77.4,63.0,56.4,74.6,0,2,0,0,,0.0,0,0,0,0.0,0,0,0,0,0,0,58,58,0,40,12,6,0,0,34,24,0,2,2,0,0,2,0,0,0,
Olivier Charles-Pierre,100943,DI,HOUSTON,12,4,0,,0,0,182,1,0,60.0,67.6,19.9,63.8,72.4,76.8,2,3,0,0,,0.0,0,0,2,0.0,0,1,0,0,0,0,221,221,77,143,0,1,0,0,127,94,0,4,5,0,0,6,0,0,0,
Atlias Bell,100944,DI,HOUSTON,3,1,0,,0,0,182,0,0,,57.4,0.0,62.2,59.3,73.6,1,1,0,0,,0.0,0,0,1,0.0,0,0,0,0,0,0,57,57,4,37,0,16,0,0,40,17,0,0,2,0,0,2,0,0,0,
Wardalis Ducksworth,100946,DI,MEMPHIS,3,0,0,,0,0,218,0,0,60.0,67.5,74.5,61.3,67.3,74.9,0,1,0,0,,0.0,0,0,0,0.0,0,1,0,0,0,0,27,27,0,16,2,9,0,0,14,13,0,3,2,0,0,2,0,0,0,
Dane Ziegler,100947,DI,TULANE,1,0,0,,0,0,319,0,0,,77.4,67.3,,72.2,73.5,0,0,0,0,,0.0,0,0,0,0.0,0,0,0,0,0,0,3,3,0,0,0,3,0,0,0,3,0,2,2,0,0,0,0,0,0,
Tre'Mon Morris-Brash,100952,ED,UCF,13,9,0,75.0,0,1,323,1,1,55.2,66.5,12.9,76.2,63.9,29.8,6,18,0,0,31,32.4,11,0,3,114.6,3,3,0,0,0,12,275,275,0,4,264,7,0,0,148,115,0,10,14,3,4,27,0,48,9,16.0
Noah Hancock,100953,DI,UCF,12,3,1,,0,0,323,0,0,60.0,60.1,81.5,60.2,59.9,28.8,1,5,0,0,,35.7,5,0,0,0.0,0,2,0,0,0,0,210,210,33,125,0,52,0,0,122,88,0,6,6,2,0,8,0,0,0,
Rick D'Abreu,100955,ED,E CAROLINA,11,1,0,,0,0,156,0,0,60.0,62.2,81.4,58.2,62.9,63.7,0,4,0,0,,12.5,1,0,0,0.0,0,0,0,0,0,0,124,124,0,1,120,3,0,0,56,68,0,2,6,0,0,4,0,0,0,
Hozey Haji-Badri,100957,DI,E CAROLINA,10,5,0,,0,0,156,0,0,60.0,56.8,80.9,56.9,55.6,62.6,1,4,0,0,,18.2,2,0,0,0.0,0,0,0,0,0,0,202,202,1,200,0,1,0,0,108,94,0,3,4,0,0,5,0,0,0,
J'arius Warren,100960,DI,NAVY,13,8,0,,0,2,237,2,0,59.6,55.4,69.4,54.0,56.8,61.1,2,8,0,0,,9.8,4,0,1,0.0,0,3,0,0,0,10,569,568,41,263,143,121,0,1,299,260,1,21,29,1,0,13,0,0,0,
John Waller,100961,DI,USF,5,0,0,,0,0,327,0,0,,52.9,14.9,59.6,54.1,70.2,0,1,0,0,,0.0,0,0,1,0.0,0,0,0,0,0,0,81,81,61,20,0,0,0,0,34,47,0,1,2,0,0,1,0,0,0,
Blake Green,100962,DI,USF,12,10,0,,0,0,327,0,0,70.0,76.4,87.2,68.1,75.0,61.8,3,6,0,0,,10.7,3,0,0,0.0,0,0,0,5,0,0,353,348,209,129,1,9,0,5,155,198,0,11,15,1,0,9,0,0,0,
Daniel Archibong,100963,DI,TEMPLE,13,12,1,,0,0,306,0,0,60.0,78.0,41.5,67.9,83.6,82.6,4,28,0,0,,0.0,0,0,3,0.0,0,1,0,3,0,0,669,665,44,519,13,89,0,4,368,301,0,10,12,0,0,33,0,0,0,
Kevin Robertson,100964,DI,TEMPLE,6,0,0,,0,0,306,0,0,,47.2,76.2,54.5,46.7,25.9,1,0,0,0,,33.3,1,0,0,0.0,0,0,0,0,0,0,62,62,1,55,0,6,0,0,21,41,0,1,2,0,0,1,0,0,0,
Chelen Garnes,100968,LB,NAVY,8,0,0,36.4,0,0,237,0,0,72.4,70.0,84.0,60.3,61.2,62.7,1,2,0,2,27,20.0,1,1,0,10.6,4,1,0,43,0,71,104,36,0,0,36,0,9,68,19,14,16,2,4,0,11,4,0,47,4,11.8
Dillon Harris,100985,ED,UCONN,12,7,1,100.0,0,0,146,0,0,59.1,61.4,66.4,62.4,59.8,63.2,3,12,0,1,9,24.1,7,0,1,64.6,1,1,0,20,0,15,475,453,0,0,435,18,0,22,227,233,1,9,15,4,1,16,0,9,7,9.0
Terrance Edgeston,100986,LB,HOUSTON,7,2,0,100.0,0,0,182,0,0,53.2,49.1,80.9,56.6,44.4,48.2,2,1,0,0,20,23.5,4,0,0,138.2,9,0,0,213,1,133,270,8,0,0,8,0,1,262,17,120,47,7,11,2,9,3,2,69,44,7.7
Tama Tuitele,100993,LB,NAVY,6,5,0,100.0,0,0,237,0,0,58.3,60.7,0.0,55.4,68.8,72.4,1,3,0,0,18,10.0,2,0,1,114.6,4,0,0,107,0,45,123,13,0,0,13,0,0,110,21,57,3,6,13,0,4,4,0,46,27,11.5
Demaruez Bellamy,100998,LB,USF,11,6,0,100.0,0,1,327,0,0,75.0,46.3,0.0,70.5,30.6,65.9,1,1,0,0,18,11.1,3,0,2,92.7,4,1,0,198,0,71,222,12,0,0,12,0,0,210,12,139,12,14,18,1,4,3,0,25,7,6.3
Taeaviion Gray,101000,LB,USF,4,0,0,,0,0,327,0,0,50.2,28.6,71.2,57.5,28.9,20.7,0,0,0,0,,100.0,1,0,0,0.0,0,0,0,9,2,3,15,2,0,0,2,0,0,13,3,9,2,0,0,0,0,0,0,0,0,
Brian Holloway,101002,LB,SMU,8,5,0,87.5,0,0,287,1,0,59.8,64.1,4.3,50.5,76.8,56.7,0,7,0,0,22,18.5,5,0,1,107.8,7,0,0,179,0,112,211,2,0,0,2,0,4,209,22,77,26,11,17,3,8,7,0,79,34,11.3
Alefosio Saipaia,101014,DI,NAVY,4,0,0,,0,0,237,0,0,,64.2,72.5,58.5,64.3,70.1,0,0,0,0,,0.0,0,0,0,0.0,0,0,0,0,0,0,10,10,6,3,0,1,0,0,3,7,0,1,1,0,0,0,0,0,0,
Ryan Montgomery,101063,HB,CINCINNATI,1,0,0,,0,0,138,0,0,,60.0,60.0,,60.0,,0,0,0,0,,,0,0,0,0.0,0,0,0,0,0,0,1,0,0,0,0,0,0,1,0,1,0,0,0,0,0,0,0,0,0,
Jacob Dingle,101077,S,CINCINNATI,2,0,0,,0,0,138,0,0,60.8,61.5,69.4,,60.0,,0,0,0,0,,,0,0,0,0.0,0,0,0,1,0,2,5,0,0,0,0,0,1,5,0,3,3,0,0,0,0,0,0,0,0,
Ja'Quan Sheppard,101078,CB,CINCINNATI,2,0,0,0.0,0,0,138,0,0,62.5,63.3,70.4,,60.0,,0,0,0,0,,,0,0,0,39.6,0,0,0,0,6,4,8,0,0,0,0,0,1,8,0,4,1,0,0,0,1,0,0,0,0,
Ton'Quez Ball,101089,S,TULANE,1,0,0,100.0,0,0,319,0,0,65.0,65.2,75.3,,60.2,74.8,0,0,0,0,8,0.0,0,0,0,100.0,1,0,0,0,0,6,12,0,0,0,0,0,7,12,0,6,5,0,1,0,1,0,0,8,3,8.0
Jett Hendrix,101092,S,TULSA,1,0,0,,0,0,320,0,0,60.5,60.7,67.5,,60.0,,0,0,0,0,,,0,0,0,0.0,0,0,0,0,0,2,3,0,0,0,0,0,2,3,0,1,1,0,0,0,0,0,0,0,0,
Bryce Miller,101125,WR,USF,1,0,0,,0,0,327,0,0,,60.0,60.0,,60.0,,0,0,0,0,,,0,0,0,0.0,0,0,0,0,0,0,1,0,0,0,0,0,0,1,0,1,0,0,0,0,0,0,0,0,0,
Kevin Purlett,101128,WR,USF,1,0,0,,0,0,327,0,0,,60.0,60.0,,60.0,,0,0,0,0,,,0,0,0,0.0,0,0,0,0,0,0,1,0,0,0,0,0,0,1,0,1,0,0,0,0,0,0,0,0,0,
Markel Reed,101142,CB,BOISE ST,10,0,0,45.8,0,1,120,0,0,65.4,64.6,81.8,53.5,58.6,68.1,0,0,0,0,22,10.0,1,1,1,74.1,11,0,0,16,223,153,241,0,0,0,0,0,2,241,2,86,0,3,9,1,24,0,1,115,11,10.5
Andre Neal,101143,CB,COLO STATE,11,3,0,45.2,0,0,144,1,0,67.1,65.3,85.1,59.8,56.2,85.6,0,0,1,2,42,4.0,1,2,2,63.9,14,0,0,44,446,235,528,12,0,0,12,0,20,516,1,292,6,3,21,1,31,0,2,220,52,15.7
Blake Harrington,101144,CB,WYOMING,2,0,0,100.0,0,0,351,0,0,55.9,48.2,71.4,,50.7,19.3,0,0,0,0,17,100.0,2,0,0,118.8,1,0,0,0,0,8,10,0,0,0,0,0,0,10,0,2,10,0,0,0,1,0,0,17,11,17.0
Cam Lampkin,101146,CB,UTAH ST,11,0,0,38.5,0,0,329,0,0,71.4,73.0,81.4,59.7,74.9,53.9,0,0,0,1,13,25.0,3,2,0,40.2,5,0,0,9,182,98,205,2,0,0,2,0,0,203,2,105,12,2,9,0,13,0,1,36,10,7.2
Antonio Hunt,101148,CB,NEW MEXICO,2,0,0,100.0,0,0,241,0,0,29.7,33.7,74.7,,62.6,,0,0,0,0,37,,0,0,1,158.3,2,0,0,0,27,8,27,0,0,0,0,0,0,27,0,19,0,0,0,0,2,0,1,54,5,27.0
Michael LoVett III,101149,CB,NEW MEXICO,10,2,0,75.0,0,1,241,0,0,42.5,54.3,80.5,57.5,89.0,51.7,0,0,0,0,52,18.8,3,0,0,156.3,9,0,0,17,141,69,165,6,0,0,6,0,0,159,2,94,1,7,11,1,12,0,3,174,37,19.3
Aaron Lewis,101150,CB,UNLV,12,5,0,64.3,0,0,325,0,0,61.5,61.9,83.7,57.3,61.7,75.7,0,0,0,0,76,8.3,3,4,0,141.4,27,0,0,45,390,237,458,8,0,0,8,0,1,450,5,216,14,5,28,0,42,0,5,465,219,17.2
Christian Swint,101154,S,NEVADA,3,0,0,,0,0,239,0,0,55.9,44.2,0.0,,46.4,64.7,0,0,0,0,,20.0,1,1,1,0.0,0,0,0,10,0,12,31,2,0,0,2,0,7,29,0,19,12,0,4,0,0,0,0,0,0,
Corvan Taylor,101157,S,AIR FORCE,5,1,0,,0,0,101,0,0,74.8,65.0,77.1,59.2,50.2,62.1,0,0,0,0,,25.0,2,0,0,0.0,0,0,0,17,0,18,48,0,0,0,0,0,25,48,2,28,6,2,5,0,0,0,0,0,0,
Colby Raphiel,101158,S,AIR FORCE,5,0,0,50.0,0,0,101,0,0,51.0,47.1,74.0,,48.3,20.3,0,0,0,0,30,100.0,2,0,0,135.4,1,0,0,1,2,13,23,0,0,0,0,0,14,23,0,10,6,0,0,0,2,0,1,30,5,30.0
David Eure,101160,CB,AIR FORCE,1,0,0,,0,0,101,0,0,63.0,65.7,69.6,,63.7,74.2,0,0,0,0,,,0,0,0,0.0,0,0,0,2,8,4,10,0,0,0,0,0,0,10,0,6,0,0,0,0,0,0,0,0,0,
Matthew Anderson,101161,S,AIR FORCE,1,0,0,,0,0,101,0,0,65.6,67.0,74.1,,64.6,78.2,0,0,0,0,,0.0,0,0,0,0.0,0,0,0,2,0,7,18,0,0,0,0,0,7,18,0,11,9,0,2,0,0,0,0,0,0,
Michael Callahan,101165,ED,BOISE ST,1,0,0,,0,0,120,0,0,,60.0,67.3,,60.0,,0,0,0,0,,,0,0,0,0.0,0,0,0,0,0,0,2,2,0,0,2,0,0,0,0,2,0,0,0,0,0,0,0,0,0,
Jack Boyer,101166,ED,WYOMING,2,0,0,,0,0,351,0,0,,61.8,71.2,72.0,58.4,23.9,0,1,0,0,,100.0,2,0,0,0.0,0,0,0,0,0,0,6,6,0,0,6,0,0,0,5,1,0,0,0,0,0,1,0,0,0,
Teagan Liufau,101167,ED,WYOMING,9,2,0,100.0,0,0,351,0,0,57.5,58.3,82.4,57.2,61.0,79.5,0,1,0,0,13,0.0,0,0,0,118.8,1,1,0,0,0,2,144,144,0,0,141,3,0,0,73,69,0,4,5,1,1,2,0,13,1,13.0
AJ Vongphachanh,101172,LB,UTAH ST,5,7,0,75.0,0,0,329,0,0,45.0,60.1,77.5,65.9,68.0,75.2,2,0,0,0,18,6.3,1,0,0,107.3,3,0,0,91,0,28,107,9,0,0,9,0,0,98,9,70,7,3,8,0,4,2,0,41,16,13.7
Jonah Tavai,101174,DI,S DIEGO ST,13,0,0,,0,0,284,0,0,60.0,61.9,83.0,65.3,56.7,35.4,0,6,0,0,,20.0,2,0,0,0.0,0,2,0,0,0,1,174,174,86,85,0,3,0,0,108,65,0,9,8,1,0,8,0,0,0,
Naki Fahina,101179,DI,UNLV,7,2,0,,0,0,325,0,0,59.2,48.0,78.5,55.4,45.8,51.5,0,2,0,0,,16.7,1,0,0,0.0,0,0,0,0,0,1,117,117,0,78,2,37,0,0,59,57,0,0,3,0,0,2,0,0,0,
Noah McGregor,101180,ED,UNLV,1,0,0,,0,0,325,0,0,65.6,69.0,74.3,65.7,54.9,73.0,0,1,0,0,,0.0,0,0,0,0.0,0,0,0,0,0,0,18,18,0,0,9,9,0,0,13,5,0,1,1,0,0,1,0,0,0,
Eliel Ehimare,101182,DI,UNLV,2,0,0,,0,0,325,0,0,,76.7,76.6,67.9,73.7,,0,0,0,0,,,0,0,0,0.0,0,0,0,0,0,0,26,26,15,11,0,0,0,0,18,8,0,0,0,0,0,0,0,0,0,
Josh Gomez,101183,DI,S JOSE ST,1,0,0,,0,0,285,0,0,,49.2,70.9,,50.7,71.3,0,0,0,0,,0.0,0,0,0,0.0,0,0,0,0,0,0,11,11,0,0,1,10,0,0,0,11,0,1,1,0,0,0,0,0,0,
Nikko Thomas,101185,ED,FRESNO ST,2,1,0,,0,0,169,0,0,,58.3,74.8,70.3,49.6,71.1,0,1,0,0,,0.0,0,0,0,0.0,0,0,0,0,0,0,25,25,0,2,13,10,0,0,10,15,0,0,0,0,0,1,0,0,0,
Christopher Herrera,101186,DI,AIR FORCE,10,5,1,0.0,0,1,101,1,0,59.1,67.0,83.8,64.8,65.9,65.3,12,12,0,0,,17.6,3,0,0,39.6,0,3,0,0,0,4,351,350,4,157,94,95,0,1,211,136,0,6,9,0,1,27,0,0,0,
Nokoa Pauole,101187,DI,AIR FORCE,6,1,0,,0,0,101,0,0,,66.1,77.8,58.9,68.6,47.2,0,0,0,0,,25.0,1,0,0,0.0,0,0,0,0,0,0,75,75,12,46,1,16,0,0,43,32,0,1,2,0,0,0,0,0,0,
Elmer Pauni,101188,DI,NEW MEXICO,9,1,0,,0,0,241,0,0,60.2,57.4,23.5,59.1,59.3,74.8,1,0,0,0,,0.0,0,0,1,0.0,0,0,0,0,0,1,108,108,72,36,0,0,0,0,34,73,0,0,5,0,0,1,0,0,0,
Justin Harris,101189,ED,NEW MEXICO,8,3,0,,0,0,241,0,0,60.1,71.5,78.9,73.5,64.8,62.8,0,5,0,0,,12.5,1,0,0,0.0,0,0,0,0,0,0,125,125,4,17,45,59,0,0,52,73,0,2,4,1,0,5,0,0,0,
Joey Noble,101190,ED,NEW MEXICO,11,5,0,,0,1,241,1,0,58.0,75.6,45.1,74.8,74.6,84.1,4,6,0,0,,0.0,0,0,1,0.0,0,2,0,0,0,1,211,211,2,53,79,77,0,0,84,126,0,18,19,3,0,12,0,0,0,
Ben Gansallo,101191,DI,NEW MEXICO,12,2,0,,0,0,241,0,0,60.0,62.1,4.0,63.9,66.1,76.9,0,3,0,0,,0.0,0,0,3,0.0,0,0,0,0,0,0,224,224,184,38,1,1,0,0,129,95,0,4,6,0,0,3,0,0,0,
Claude Cole,101192,DI,WYOMING,10,3,0,,0,0,351,0,0,60.0,49.3,79.8,55.2,46.9,75.7,0,1,0,0,,0.0,0,0,0,0.0,0,0,0,0,0,1,147,147,8,121,1,17,0,0,69,77,0,2,4,0,0,1,0,0,0,
Tristan Nichols,101196,ED,NEVADA,11,0,0,,0,1,239,0,0,60.0,75.6,79.5,74.5,64.6,76.8,3,2,0,0,,,0,0,0,0.0,0,5,0,0,0,1,84,84,0,0,73,11,0,0,62,21,0,5,0,0,0,10,0,0,0,
John Lyons,101201,LB,AIR FORCE,1,1,0,100.0,0,0,101,0,0,65.2,74.0,69.4,59.2,73.9,78.8,0,0,0,0,4,0.0,0,0,0,83.3,1,0,0,9,0,3,10,0,0,0,0,0,0,10,1,6,1,3,3,0,1,0,0,4,-2,4.0
Noah Bush,101202,LB,AIR FORCE,1,0,0,,0,0,101,0,0,61.0,71.3,71.5,59.9,72.4,73.2,0,0,0,0,,,0,0,0,0.0,0,0,0,10,0,3,10,0,0,0,0,0,0,10,1,6,0,0,0,0,0,0,0,0,0,
Alec Hamilton,101203,ED,AIR FORCE,1,0,0,,0,0,101,0,0,,60.0,65.2,59.9,,,0,0,0,0,,,0,0,0,0.0,0,0,0,0,0,0,1,1,0,0,1,0,0,0,1,0,0,0,0,0,0,0,0,0,0,
Michael Shawcroft,101215,LB,S DIEGO ST,3,0,0,0.0,0,0,284,0,0,60.0,56.7,68.0,54.6,60.1,,0,0,0,0,,,0,0,0,39.6,0,0,0,5,0,1,7,1,0,0,1,0,0,6,4,2,0,0,0,0,1,0,0,0,0,
Jacoby Windmon,101226,ED,UNLV,10,2,1,50.0,0,0,325,0,0,55.9,54.1,84.7,67.3,44.1,65.4,0,2,0,0,6,11.1,1,0,0,56.3,1,1,0,4,0,11,131,125,0,0,125,0,0,6,54,66,2,4,6,0,2,3,0,6,1,6.0
Kyle Beaudry,101227,LB,UNLV,1,0,0,,0,0,325,0,0,64.0,65.9,73.4,,63.4,76.0,0,0,0,0,,0.0,0,0,0,0.0,0,0,0,18,0,14,20,0,0,0,0,0,1,20,0,6,1,2,2,0,0,0,0,0,0,
Jordan Cobbs,101229,LB,S JOSE ST,5,0,0,100.0,0,0,285,0,0,42.2,50.1,72.4,59.6,59.4,54.5,0,0,0,0,24,16.7,1,0,0,118.8,1,0,0,33,0,5,33,0,0,0,0,0,0,33,1,27,0,2,5,0,1,0,0,24,11,24.0
Devin Sanders,101232,ED,NEW MEXICO,12,5,0,100.0,0,1,241,1,0,70.0,63.3,89.1,55.1,63.0,68.0,3,3,0,0,53,13.0,3,0,0,118.8,3,2,0,81,0,61,286,179,0,0,179,0,0,107,122,103,26,9,15,1,3,8,0,63,42,21.0
Nathan King,101279,LB,AIR FORCE,5,0,0,,0,0,101,0,0,65.2,65.8,73.0,59.5,63.3,77.6,0,2,0,0,,0.0,0,0,0,0.0,0,0,0,29,0,15,32,0,0,0,0,0,0,32,1,16,3,2,3,0,0,2,0,0,0,
Kyron White,101307,CB,S DIEGO ST,1,0,0,,0,0,284,0,0,61.0,61.8,67.3,,60.0,,0,0,0,0,,,0,0,0,0.0,0,0,0,0,0,2,3,0,0,0,0,0,0,3,0,1,3,0,0,0,0,0,0,0,0,
Patrick McMorris,101309,S,S DIEGO ST,2,0,0,,0,0,284,0,0,60.6,67.2,64.4,,60.7,74.8,0,0,0,0,,0.0,0,0,0,0.0,0,0,0,3,0,2,4,0,0,0,0,0,0,4,0,2,0,1,1,0,0,0,0,0,0,
JL Skinner,101311,S,BOISE ST,9,0,0,37.5,0,0,120,0,0,65.1,66.3,80.3,58.4,67.7,83.6,0,1,0,0,47,0.0,0,2,0,106.8,3,0,0,28,0,52,89,6,0,0,6,0,18,83,2,35,37,0,5,0,8,1,1,65,11,21.7
Troy Lefeged Jr.,101315,S,UTAH ST,13,28,0,58.6,1,3,329,2,0,70.9,77.3,63.9,66.3,83.5,75.4,2,5,0,0,45,11.3,14,2,3,101.2,17,2,0,353,13,451,1000,37,0,0,37,0,397,963,20,529,200,31,82,5,29,9,1,270,205,15.9
Cash Gilliam,101316,LB,UTAH ST,7,0,0,75.0,0,1,329,0,0,56.5,65.3,78.4,68.0,73.6,28.3,0,1,0,0,11,36.8,7,0,0,129.2,3,1,0,56,4,52,119,11,0,0,11,0,13,108,4,63,35,8,12,1,4,2,1,24,9,8.0
Jerrick Reed II,101322,S,NEW MEXICO,10,8,0,68.0,0,0,241,0,0,64.1,62.6,88.1,65.1,55.8,75.3,1,1,1,1,30,11.8,8,2,0,80.9,34,0,0,190,6,384,663,24,0,0,24,0,131,639,10,269,312,17,52,3,50,2,1,286,175,8.4
Letayveon Beaton,101323,S,NEW MEXICO,11,5,0,76.0,0,1,241,0,0,45.8,49.2,86.2,54.8,54.1,61.3,0,0,0,0,69,16.7,9,3,1,130.8,19,0,0,258,4,318,583,34,0,0,34,0,131,549,6,259,156,15,40,0,25,0,1,427,156,22.5
Sefo Mailangi,101324,WR,S DIEGO ST,1,0,0,,0,0,284,0,0,,60.0,60.0,,60.0,,0,0,0,0,,,0,0,0,0.0,0,0,0,0,0,0,1,0,0,0,0,0,0,1,0,1,0,0,0,0,0,0,0,0,0,
Ajani Carter,101343,WR,UTAH ST,2,0,0,,0,0,329,0,0,,60.7,70.7,,60.0,,0,0,0,0,,,0,0,0,0.0,0,0,0,0,0,0,9,0,0,0,0,0,9,9,0,9,0,0,0,0,0,0,0,0,0,
Darryl Sinclair II,101362,CB,OHIO STATE,1,0,0,,0,0,260,0,0,,60.0,63.5,,60.0,,0,0,0,0,,,0,0,0,0.0,0,0,0,0,1,0,1,0,0,0,0,0,0,1,0,1,0,0,0,0,0,0,0,0,0,
Marquis Wilson,101363,CB,PENN STATE,10,6,0,78.6,1,2,266,1,0,70.6,70.5,81.0,,64.8,60.0,0,0,0,2,46,15.8,3,0,1,73.2,11,0,0,17,163,115,189,5,0,0,5,0,1,184,0,74,2,2,10,0,14,0,0,155,46,14.1
Joey Porter Jr.,101364,CB,PENN STATE,4,1,0,75.0,0,0,266,0,0,60.7,62.9,78.9,,70.3,52.6,0,0,0,0,22,20.0,1,1,1,156.3,3,0,0,1,76,49,80,3,0,0,3,0,0,77,0,31,0,0,3,0,4,0,1,55,13,18.3
Daequan Hardy,101365,CB,PENN STATE,2,0,0,,0,0,266,0,0,64.1,66.3,70.3,,62.2,74.2,0,0,0,0,,,0,0,0,0.0,0,0,0,0,9,5,9,0,0,0,0,0,0,9,0,4,0,0,0,0,0,0,0,0,0,
Semar Melvin,101368,CB,WISCONSIN,4,1,0,75.0,0,0,349,0,0,64.0,65.2,79.1,,67.5,46.9,0,0,0,0,51,25.0,1,1,1,156.3,6,0,0,4,102,71,116,0,0,0,0,0,0,116,0,45,9,0,2,0,8,0,1,106,33,17.7
Quinton Newsome,101371,CB,NEBRASKA,4,0,0,,0,0,238,0,0,65.7,60.4,73.7,,47.3,21.4,0,0,0,0,,100.0,1,0,0,0.0,0,0,0,3,25,13,33,0,0,0,0,0,0,33,0,20,3,0,0,0,0,0,0,0,0,
Cam Allen,101374,S,PURDUE,11,8,0,50.0,0,0,273,0,0,77.4,68.3,0.6,56.9,56.8,65.5,0,0,0,1,34,14.3,6,2,1,27.5,5,0,0,102,1,126,280,10,0,0,10,0,109,270,4,150,58,12,28,3,10,0,0,56,15,11.2
Treron Collins,101382,S,MARYLAND,2,0,0,,0,0,215,0,0,60.0,60.7,70.0,,60.0,,0,0,0,0,,,0,0,0,0.0,0,0,0,0,0,1,7,0,0,0,0,0,5,7,0,6,2,0,0,0,0,0,0,0,0,
Erwin Byrd,101383,CB,MARYLAND,2,0,0,,0,0,215,0,0,60.7,62.1,70.7,,60.0,,0,0,0,0,,,0,0,0,0.0,0,0,0,0,8,2,9,0,0,0,0,0,0,9,0,7,1,0,0,0,0,0,0,0,0,
Deonte Banks,101384,CB,MARYLAND,11,2,0,66.7,0,0,215,0,0,69.5,69.7,85.2,47.2,69.8,63.2,0,1,0,1,28,17.1,6,2,2,104.3,14,0,0,24,415,230,478,16,0,0,16,0,1,462,2,246,19,7,27,0,21,1,2,175,41,12.5
Lavonte Gater,101385,CB,MARYLAND,11,1,0,74.2,1,0,215,0,0,58.0,60.9,83.6,68.3,68.9,64.9,0,1,0,0,51,13.8,4,0,1,132.9,23,0,0,26,293,167,340,8,0,0,8,0,0,332,5,168,12,10,24,1,31,1,2,353,83,15.3
Devon Witherspoon,101388,CB,ILLINOIS,12,8,0,47.4,0,0,187,0,0,57.8,65.4,85.4,51.8,89.7,55.5,0,1,0,0,40,22.6,7,2,1,76.6,9,0,0,7,338,148,389,26,0,0,26,0,0,363,3,238,18,6,16,0,19,1,0,160,69,17.8
Tiawan Mullen,101394,CB,INDIANA,13,1,0,45.0,2,2,190,2,0,73.4,80.8,84.9,55.8,93.6,71.2,0,1,0,0,31,9.7,3,10,7,79.2,18,0,0,43,369,278,503,6,0,0,6,0,3,497,10,215,82,12,27,4,40,1,2,220,82,12.2
Larry Tracy III,101395,CB,INDIANA,1,0,0,,0,0,190,0,0,63.0,63.7,71.2,,60.0,,0,0,0,0,,,0,0,0,0.0,0,0,0,0,10,5,10,0,0,0,0,0,0,10,0,5,0,0,0,0,0,0,0,0,0,
Josh Sanguinetti,101396,S,INDIANA,2,1,0,,0,0,190,0,0,63.7,65.4,72.2,,63.9,74.3,0,0,0,0,,0.0,0,0,0,0.0,0,0,0,3,0,6,15,0,0,0,0,0,7,15,0,9,5,0,0,0,0,0,0,0,0,
Dane Belton,101398,CB,IOWA,8,8,0,83.9,0,0,192,0,0,59.4,58.8,36.8,62.6,57.5,70.8,0,4,0,0,55,14.3,5,0,1,113.7,26,0,0,43,4,265,430,16,0,0,16,0,3,414,12,153,364,11,22,2,31,4,0,350,110,13.5
Jermari Harris,101401,CB,IOWA,1,0,0,,0,0,192,0,0,65.4,67.1,71.3,,63.5,77.0,0,0,0,0,,0.0,0,0,0,0.0,0,0,0,0,12,7,12,0,0,0,0,0,0,12,0,5,0,0,1,0,0,0,0,0,0,
Noah Potter,101405,ED,OHIO STATE,4,1,0,,0,0,260,0,0,,59.3,77.0,53.8,63.2,73.7,1,0,0,0,,0.0,0,0,0,0.0,0,0,0,0,0,0,35,35,0,0,35,0,0,0,16,19,0,1,1,0,0,1,0,0,0,
Adisa Isaac,101406,ED,PENN STATE,10,4,1,100.0,0,1,266,0,0,47.6,75.0,81.9,77.3,72.4,82.0,1,3,0,0,24,0.0,0,0,0,118.8,2,2,0,3,0,7,132,129,0,1,124,4,0,3,72,53,0,8,8,2,2,6,0,33,5,16.5
Hakeem Beamon,101407,DI,PENN STATE,3,0,0,,0,0,266,0,0,60.0,67.5,71.4,64.6,60.0,70.2,0,1,0,0,,0.0,0,0,0,0.0,0,0,0,0,0,0,7,7,2,5,0,0,0,0,6,1,0,0,2,0,0,1,0,0,0,
Smith Vilbert,101408,ED,PENN STATE,2,0,0,,0,0,266,0,0,,58.4,72.8,55.9,61.1,,0,0,0,0,,,0,0,0,0.0,0,0,0,0,0,0,10,10,0,0,9,1,0,0,5,5,0,0,0,0,0,0,0,0,0,
Michael Fletcher,101411,ED,MICH STATE,1,0,0,,0,0,223,0,0,,53.2,70.6,,54.9,,0,0,0,0,,,0,0,0,0.0,0,0,0,0,0,0,6,6,0,0,5,1,0,0,0,6,0,0,0,0,0,0,0,0,0,
Christopher Hinton,101418,DI,MICHIGAN,10,2,0,,1,0,222,0,0,60.0,52.7,26.4,56.8,53.8,65.6,0,0,0,0,,8.3,1,0,1,0.0,0,0,0,0,0,0,129,129,26,98,0,5,0,0,46,83,0,6,9,1,0,0,0,0,0,
Mazi Smith,101419,DI,MICHIGAN,2,0,0,,0,0,222,0,0,,53.3,69.9,58.9,55.2,,0,0,0,0,,,0,0,0,0.0,0,0,0,0,0,0,7,7,0,7,0,0,0,0,2,5,0,0,0,0,0,0,0,0,0,
Jacob Purcell,101423,LB,MARYLAND,1,0,0,,0,0,215,0,0,,67.2,69.1,59.8,64.5,,0,0,0,0,,,0,0,0,0.0,0,0,0,2,0,0,5,2,0,0,2,0,0,3,1,4,1,0,0,0,0,0,0,0,0,
Anthony Booker Jr.,101424,DI,MARYLAND,3,2,0,,0,0,215,0,0,,63.1,78.9,64.6,61.0,73.1,0,1,0,0,,0.0,0,0,0,0.0,0,0,0,0,0,0,44,44,33,11,0,0,0,0,11,33,0,0,1,0,0,1,0,0,0,
Sam Okuayinonu,101425,DI,MARYLAND,11,6,0,,0,0,215,0,0,60.0,70.1,49.2,61.5,73.8,77.6,1,4,0,0,,3.7,1,0,1,0.0,0,1,0,0,0,0,258,258,12,170,8,68,0,0,124,134,0,17,20,4,0,6,0,0,0,
Tijaun Mason,101426,ED,RUTGERS,7,1,0,0.0,0,0,278,0,0,74.9,72.9,83.9,73.1,58.8,75.2,1,4,0,0,,0.0,0,1,0,39.6,0,0,0,4,0,14,67,54,0,0,54,0,0,13,19,34,8,1,1,0,1,5,0,0,0,
MJ Anderson,101427,ED,MINNESOTA,1,0,0,,0,0,225,0,0,,58.6,68.9,58.2,60.0,,0,0,0,0,,,0,0,0,0.0,0,0,0,0,0,0,3,3,0,0,3,0,0,0,2,1,0,0,0,0,0,0,0,0,0,
Keonte Schad,101428,DI,MINNESOTA,13,5,0,,0,0,225,0,0,60.0,62.0,9.4,68.6,61.0,60.5,1,4,0,0,,11.8,2,0,2,0.0,0,0,0,0,0,0,182,182,0,174,5,3,0,0,85,97,0,9,10,2,0,5,0,0,0,
Logan Richter,101431,DI,MINNESOTA,1,0,0,,0,0,225,0,0,,49.4,66.3,60.0,60.0,,0,0,0,0,,,0,0,0,0.0,0,0,0,0,0,0,2,2,0,2,0,0,0,0,1,1,0,0,0,0,0,0,0,0,0,
Trill Carter,101432,DI,MINNESOTA,1,0,0,,0,0,225,0,0,,69.5,66.6,60.0,61.9,70.2,0,0,0,0,,0.0,0,0,0,0.0,0,0,0,0,0,0,2,2,0,2,0,0,0,0,1,1,0,1,1,0,0,0,0,0,0,
Beau Robbins,101434,ED,INDIANA,1,0,0,,0,0,190,0,0,,64.1,72.2,64.1,60.3,,0,1,0,0,,,0,0,0,0.0,0,0,0,0,0,0,10,10,0,0,10,0,0,0,5,5,0,0,0,0,0,1,0,0,0,
Sio Nofoagatoto'a,101435,DI,INDIANA,10,2,0,,0,0,190,0,0,,54.7,82.7,53.3,55.7,49.7,0,2,0,0,,18.2,2,0,0,0.0,0,0,0,3,0,0,230,227,70,153,1,3,0,3,129,101,0,5,7,0,0,2,0,0,0,
C.J. Person,101437,DI,INDIANA,4,1,0,,0,0,190,0,0,60.0,72.6,76.5,54.4,81.2,74.5,0,0,0,0,,0.0,0,0,0,0.0,0,0,0,0,0,0,41,41,16,25,0,0,0,0,24,17,0,2,3,1,0,0,0,0,0,
Demarcus Elliott,101440,DI,INDIANA,13,4,0,,0,1,190,0,0,60.0,55.7,85.2,63.5,49.0,66.8,4,12,0,0,,10.7,3,0,0,0.0,0,3,0,5,0,1,502,496,95,398,0,3,0,6,259,242,1,18,21,2,0,19,0,0,0,
Ty Robinson,101446,DI,NEBRASKA,2,0,0,,0,0,238,0,0,,44.6,75.5,57.8,44.3,20.9,0,1,0,0,,100.0,1,0,0,0.0,0,0,0,0,0,0,23,23,10,13,0,0,0,0,6,17,0,0,0,0,0,1,0,0,0,
Zach VanValkenburg,101450,ED,IOWA,12,3,0,,1,0,192,0,0,,53.2,22.7,53.7,57.2,41.4,0,1,0,0,,25.0,2,0,1,0.0,0,0,0,0,0,0,109,109,0,0,78,31,0,0,42,67,0,0,3,0,0,1,0,0,0,
Jaden McKenzie,101453,DI,OHIO STATE,2,0,0,,0,0,260,0,0,,59.2,71.1,58.1,60.2,,0,0,0,0,,,0,0,0,0.0,0,0,0,0,0,0,10,10,0,10,0,0,0,0,5,5,0,0,0,0,0,0,0,0,0,
Dvon J-Thomas,101455,DI,PENN STATE,1,0,0,,0,0,266,0,0,,79.0,71.2,68.4,69.8,,0,1,0,0,,,0,0,0,0.0,0,0,0,0,0,0,7,7,2,5,0,0,0,0,3,4,0,0,0,0,0,1,0,0,0,
Jalen Hunt,101456,DI,MICH STATE,1,0,0,,0,0,223,0,0,,60.0,64.7,60.0,,,0,0,0,0,,,0,0,0,0.0,0,0,0,0,0,0,1,1,0,1,0,0,0,0,1,0,0,0,0,0,0,0,0,0,0,
Leo Chenal,101463,LB,WISCONSIN,9,0,0,100.0,0,0,349,1,0,71.0,72.4,76.7,61.1,70.8,44.8,1,3,0,0,1,22.7,5,0,0,79.2,2,1,0,138,0,66,145,1,0,0,1,0,0,144,16,63,4,11,17,1,2,5,0,2,9,1.0
Travis Wiltjer,101464,LB,WISCONSIN,2,0,0,100.0,0,0,349,0,0,51.3,51.0,70.3,56.6,61.7,73.2,0,1,0,0,19,0.0,0,0,0,118.8,1,0,0,11,0,6,12,0,0,0,0,0,0,12,3,3,1,0,1,0,1,1,0,19,0,19.0
Luke Reimer,101469,LB,NEBRASKA,2,1,0,,0,0,238,0,0,63.2,67.5,71.3,,66.3,80.8,0,0,0,0,,0.0,0,0,0,0.0,0,0,0,14,0,5,15,0,0,0,0,0,0,15,0,10,1,3,5,1,0,0,0,0,0,
Anthony Solomon,101481,LB,MICHIGAN,1,0,0,,0,0,222,0,0,60.0,49.1,65.1,,60.0,,0,0,0,0,,,0,0,0,0.0,0,0,0,3,0,1,3,0,0,0,0,0,0,3,0,2,0,0,0,0,0,0,0,0,0,
Cade Stover,101486,ED,OHIO STATE,3,1,0,,0,0,260,0,0,60.0,59.6,75.8,54.7,62.1,52.1,0,1,0,0,,33.3,1,0,0,0.0,0,0,0,11,0,1,35,22,0,0,21,1,0,13,12,22,2,1,1,0,0,1,0,0,0,
Craig Young,101487,LB,OHIO STATE,4,0,0,,0,0,260,0,0,60.3,65.7,70.6,59.6,66.1,76.7,0,0,0,0,,0.0,0,0,0,0.0,0,0,0,14,0,2,15,0,0,0,0,0,0,15,1,12,1,1,2,0,0,0,0,0,0,
Tommy Eichenberg,101488,LB,OHIO STATE,2,0,0,,0,0,260,0,0,62.2,64.3,68.8,59.6,60.5,73.2,0,0,0,0,,0.0,0,0,0,0.0,0,0,0,5,0,2,5,0,0,0,0,0,0,5,1,2,0,1,1,0,0,0,0,0,0,
Ben Schmiesing,101489,LB,OHIO STATE,1,1,0,,0,0,260,0,0,,63.6,70.1,,63.2,76.1,0,0,0,0,,0.0,0,0,0,0.0,0,0,0,7,0,0,7,0,0,0,0,0,0,7,0,7,0,0,1,0,0,0,0,0,0,
Cade Kacherski,101490,ED,OHIO STATE,2,0,0,,0,0,260,0,0,,60.0,63.3,,60.0,,0,0,0,0,,,0,0,0,0.0,0,0,0,0,0,0,2,1,0,0,1,0,0,1,0,2,0,0,0,0,0,0,0,0,0,
Cortez Andrews,101493,LB,MARYLAND,5,0,0,100.0,0,0,215,0,0,68.8,66.8,73.0,,57.4,54.9,0,0,0,0,11,16.7,1,0,0,87.5,5,0,0,18,1,9,22,0,0,0,0,0,0,22,0,13,2,3,5,2,5,0,0,25,22,5.0
Kameron Blount,101494,LB,MARYLAND,2,1,0,,0,0,215,0,0,61.0,67.8,69.3,,64.6,73.2,0,0,0,0,,0.0,0,0,0,0.0,0,0,0,7,0,1,7,0,0,0,0,0,0,7,0,6,0,0,0,0,0,0,0,0,0,
Lance Dixon,101496,LB,PENN STATE,2,0,0,,0,0,266,0,0,65.7,60.7,0.0,,65.6,77.6,0,0,0,0,,0.0,0,0,1,0.0,0,0,0,12,1,7,20,1,0,0,1,0,0,19,0,13,6,1,2,0,0,0,0,0,0,
Brandon Smith,101497,LB,PENN STATE,13,4,0,100.0,0,0,266,0,0,53.5,65.2,80.8,74.3,75.6,67.1,1,2,0,0,27,15.0,3,0,0,141.2,9,0,0,60,0,55,130,5,0,0,5,0,1,125,15,60,64,9,13,2,9,3,1,81,73,9.0
Ben McNaboe,101505,ED,MINNESOTA,1,0,0,,0,0,225,0,0,,58.5,69.8,58.2,60.0,,0,0,0,0,,,0,0,0,0.0,0,0,0,0,0,0,3,3,0,0,3,0,0,0,2,1,0,0,0,0,0,0,0,0,0,
Jeslord Boateng,101508,LB,MICH STATE,8,0,0,50.0,0,0,223,0,0,70.3,67.0,77.7,54.5,62.1,79.1,0,1,0,0,4,0.0,0,0,0,56.3,2,0,0,23,0,29,59,15,0,0,15,0,0,44,8,22,21,4,4,1,4,1,0,6,14,3.0
D.K. Bonhomme,101512,LB,INDIANA,1,1,0,,0,0,190,0,0,,67.8,67.6,,65.4,73.1,0,0,0,0,,0.0,0,0,0,0.0,0,0,0,3,0,0,3,0,0,0,0,0,0,3,0,3,0,0,0,0,0,0,0,0,0,
Jack Campbell,101515,LB,IOWA,4,1,0,66.7,0,0,192,0,0,63.0,58.3,74.7,58.3,50.0,62.6,0,1,0,0,8,20.0,1,0,0,75.7,2,0,0,33,0,26,41,0,0,0,0,0,0,41,2,13,8,1,3,0,3,1,0,13,2,6.5
Khali Saunders,101518,LB,PURDUE,3,0,0,66.7,0,0,273,0,0,63.1,60.0,75.5,56.9,55.8,30.8,0,0,0,0,22,33.3,1,0,0,92.4,2,0,0,26,0,17,30,4,0,0,4,0,0,26,3,10,0,2,2,0,3,0,0,25,13,12.5
Keeanu Benton,101536,DI,WISCONSIN,13,4,0,,0,0,349,0,0,73.6,72.8,84.6,77.5,62.6,61.3,4,8,0,0,,12.5,2,0,0,0.0,0,2,0,0,0,0,245,245,163,81,1,0,0,0,129,116,0,8,10,1,0,14,0,0,0,
Garrett Nelson,101604,ED,NEBRASKA,10,2,0,100.0,0,0,238,0,0,53.7,53.7,84.4,64.4,48.9,33.2,0,2,0,0,8,25.0,3,0,0,100.0,1,0,0,2,0,9,125,121,0,0,121,0,0,4,38,78,2,5,7,2,1,2,0,8,8,8.0
Xavier Johnson,101641,WR,OHIO STATE,2,0,0,,0,0,260,0,0,,60.0,60.1,,60.0,,0,0,0,0,,,0,0,0,0.0,0,0,0,0,0,0,2,0,0,0,0,0,0,2,0,2,0,0,0,0,0,0,0,0,0,
Bryson Shaw,101664,S,OHIO STATE,1,0,0,,0,0,260,0,0,,60.5,69.2,,60.0,,0,0,0,0,,,0,0,0,0.0,0,0,0,0,0,0,6,0,0,0,0,0,6,6,0,6,0,0,0,0,0,0,0,0,0,
Jaquan Brisker,101665,S,PENN STATE,13,8,0,58.3,1,1,266,0,0,85.4,82.0,0.0,79.0,68.9,53.3,0,2,0,2,35,22.9,8,2,3,51.0,7,0,0,69,2,318,470,3,0,0,3,0,272,467,10,142,124,6,19,1,12,2,0,115,65,16.4
Tyler Rudolph,101666,S,PENN STATE,2,0,0,,0,0,266,0,0,63.8,63.9,71.9,,60.0,,0,0,0,0,,,0,0,0,0.0,0,0,0,1,0,5,8,0,0,0,0,0,4,8,0,3,3,0,0,0,0,0,0,0,0,
Marvin Grant,101670,S,PURDUE,3,0,0,75.0,0,0,273,0,0,57.7,54.9,72.7,,53.0,40.5,0,0,0,0,18,50.0,1,0,0,108.3,3,0,0,6,0,13,16,0,0,0,0,0,3,16,0,3,7,0,1,0,4,0,0,42,27,14.0
Jameson Williams,101701,WR,OHIO STATE,2,0,0,,0,0,260,0,0,,60.0,60.0,,60.0,,0,0,0,0,,,0,0,2,0.0,0,0,0,0,0,0,2,0,0,0,0,0,0,2,0,2,0,0,0,0,0,0,0,0,0,
Mershawn Rice,101742,WR,PURDUE,1,0,0,,0,0,273,0,0,,60.0,60.0,,60.0,,0,0,0,0,,,0,0,0,0.0,0,0,0,0,0,0,1,0,0,0,0,0,0,1,0,1,0,0,0,0,0,0,0,0,0,
O'shai Fletcher,102648,CB,TROY,12,3,0,66.0,1,0,318,0,0,57.2,56.2,48.3,55.8,54.6,52.4,0,0,0,0,92,19.2,10,2,4,113.3,33,0,0,67,546,362,663,5,0,0,5,0,8,658,4,297,36,9,39,3,50,0,2,514,229,15.6
Milan Tucker,102655,CB,APP STATE,3,0,0,100.0,0,0,108,0,0,65.2,65.6,73.5,,60.4,37.2,0,0,0,0,7,33.3,1,0,0,95.8,1,0,0,1,19,12,20,0,0,0,0,0,0,20,0,8,0,1,2,1,1,0,0,7,3,7.0
Nick Ross,102656,CB,APP STATE,13,6,0,55.0,0,0,108,0,0,67.9,67.1,85.3,52.4,61.7,78.9,0,3,1,1,30,10.0,2,2,0,56.7,11,0,0,11,1,166,198,2,0,0,2,0,10,196,7,25,174,1,12,0,20,3,0,142,60,12.9
Jayrin Wilson,102663,CB,LA LAFAYET,11,0,0,44.4,0,0,207,0,0,80.3,80.2,79.7,,69.6,82.5,0,0,0,1,44,0.0,0,0,0,70.4,4,0,0,1,128,77,130,0,0,0,0,0,0,130,0,53,1,1,7,0,9,0,1,73,0,18.3
Elery Alexander,102665,S,ARK STATE,6,3,0,100.0,0,0,113,0,0,79.3,75.7,78.5,,63.2,61.4,0,0,0,0,3,14.3,1,0,0,79.2,3,0,0,15,1,30,63,0,0,0,0,0,17,63,0,33,30,3,3,1,3,0,0,4,8,1.3
Anthony Switzer,102668,S,ARK STATE,7,2,0,66.7,0,0,113,0,0,67.9,74.6,76.7,,79.9,74.9,0,1,0,0,34,8.3,2,0,1,149.3,2,0,0,122,0,70,155,0,0,0,0,0,16,155,0,85,16,12,20,3,3,1,1,58,16,29.0
Fabrice Voyne,102669,S,ARMY,2,0,0,0.0,0,0,114,0,0,60.0,87.6,62.6,60.0,62.0,,0,0,0,0,,,0,0,0,39.6,0,0,0,2,0,0,4,0,0,0,0,0,0,4,2,2,0,0,0,0,1,0,0,0,0,
Marquel Broughton,102671,S,ARMY,10,4,0,66.7,0,0,114,0,0,57.4,62.9,77.3,60.0,71.1,84.3,0,0,0,0,6,0.0,0,0,0,71.5,2,0,0,20,2,24,61,0,0,0,0,0,20,61,3,34,15,3,4,0,3,0,0,10,7,5.0
Isaiah Morris,102676,CB,ARMY,2,0,0,,0,0,114,0,0,60.0,62.9,60.1,60.0,,,0,0,0,0,,,0,0,0,0.0,0,0,0,0,0,1,2,0,0,0,0,0,0,2,1,0,0,0,0,0,0,0,0,0,0,
Jabari Moore,102681,CB,ARMY,10,3,0,42.9,0,0,114,1,1,52.6,54.8,80.7,60.0,65.8,46.2,0,0,0,0,69,25.0,4,2,0,112.3,9,0,0,6,176,108,190,1,0,0,1,0,2,189,2,80,1,2,9,0,21,0,3,176,49,19.6
Kyle Hamilton,102684,S,NOTRE DAME,13,6,0,30.4,0,0,258,0,0,89.4,79.5,87.3,71.3,46.7,57.8,0,0,1,4,20,18.2,10,5,1,1.3,7,0,0,87,3,250,421,22,0,0,22,0,209,399,8,163,99,12,39,1,23,0,0,74,17,10.6
K.J. Wallace,102686,CB,NOTRE DAME,2,0,0,,0,0,258,0,0,63.2,63.9,71.2,,61.9,,0,0,0,0,,,0,0,0,0.0,0,0,0,3,9,6,18,0,0,0,0,0,3,18,0,12,2,0,0,0,0,0,0,0,0,
Litchfield Ajavon,102687,CB,NOTRE DAME,1,0,0,,0,0,258,0,0,,60.0,60.0,60.0,,,0,0,0,0,,,0,0,0,0.0,0,0,0,0,0,0,1,0,0,0,0,0,0,1,1,0,0,0,0,0,0,0,0,0,0,
Thomas Cook,102700,ED,GA SOUTHRN,1,0,0,,0,0,174,0,0,,58.1,67.2,58.0,,,0,0,0,0,,,0,0,0,0.0,0,0,0,0,0,0,2,2,0,0,1,1,0,0,2,0,0,0,0,0,0,0,0,0,0,
Kailon Davis,102702,ED,ARK STATE,9,2,0,,2,0,113,0,0,61.4,55.2,0.0,62.4,56.4,76.1,2,3,0,0,,0.0,0,0,2,0.0,0,0,0,0,0,2,116,116,0,3,69,44,0,0,58,56,0,2,2,0,0,5,0,0,0,
Sosaia Tuitavake,102704,ED,ARK STATE,7,1,0,,1,0,113,0,0,,31.7,0.0,52.0,36.7,73.8,0,0,0,0,,0.0,0,0,2,0.0,0,0,0,0,0,0,64,64,4,4,31,25,0,0,32,32,0,1,1,0,0,0,0,0,0,
Ja-Quane Nelson,102710,DI,LA LAFAYET,13,6,0,,0,0,207,2,0,,59.0,0.0,63.7,61.5,74.5,1,2,0,0,,4.2,1,0,3,0.0,0,0,0,0,0,0,223,223,7,174,2,40,0,0,95,128,0,11,17,0,0,3,0,0,0,
Tahji Gilbert,102712,DI,GA STATE,11,1,0,,1,0,175,0,0,60.0,57.1,31.7,58.0,59.2,49.9,0,0,0,0,,20.0,1,0,1,0.0,0,0,0,0,0,1,133,133,128,5,0,0,0,0,60,72,0,2,3,0,0,0,0,0,0,
Tyler Komorowski,102717,DI,ARMY,1,1,0,,0,0,114,0,0,,75.0,66.3,,68.1,69.7,0,0,0,0,,0.0,0,0,0,0.0,0,0,0,0,0,0,2,2,0,2,0,0,0,0,0,2,0,0,0,0,0,0,0,0,0,
Chris Frey,102720,DI,ARMY,1,0,0,,0,0,114,0,0,,78.5,70.5,,74.6,71.5,0,0,0,0,,0.0,0,0,0,0.0,0,0,0,0,0,0,8,8,0,0,2,6,0,0,0,8,0,1,1,0,0,0,0,0,0,
Johnathon Weir,102724,ED,UMASS,9,1,0,80.0,0,0,216,0,0,43.8,56.1,85.8,54.2,61.4,58.5,0,1,0,0,39,20.0,3,0,0,118.8,4,0,0,21,2,19,210,179,0,0,173,6,0,31,49,142,8,7,11,3,5,1,0,89,89,22.3
Nana Osafo-Mensah,102725,ED,NOTRE DAME,2,0,0,,0,0,258,0,0,,67.5,72.7,58.8,67.1,71.1,0,0,0,0,,0.0,0,0,0,0.0,0,0,0,0,0,0,10,10,0,0,10,0,0,0,2,8,0,1,1,0,0,0,0,0,0,
Howard Cross III,102726,DI,NOTRE DAME,4,2,0,,0,0,258,0,0,,78.0,78.3,56.5,80.4,75.8,0,1,0,0,,0.0,0,0,0,0.0,0,0,0,0,0,0,63,63,23,40,0,0,0,0,16,47,0,4,4,0,0,1,0,0,0,
Isaiah Foskey,102728,ED,NOTRE DAME,4,1,0,,0,0,258,0,0,61.2,61.0,79.5,56.1,64.1,63.9,0,2,0,0,,14.3,1,0,0,0.0,0,0,0,2,0,3,54,52,2,1,48,1,0,2,33,18,0,4,5,0,0,2,0,0,0,
Elgin Griffin,102732,DI,TROY,11,3,0,,0,0,318,0,0,71.3,52.3,83.1,60.8,42.2,29.3,0,7,0,0,,33.3,4,0,0,0.0,0,0,0,1,0,0,227,226,86,135,1,4,0,1,119,108,0,3,5,0,0,7,0,0,0,
Josh Ingram,102735,LB,GA STATE,1,0,0,,0,0,175,0,0,60.2,60.4,62.8,,,,0,0,0,0,,,0,0,0,0.0,0,0,0,2,0,2,2,0,0,0,0,0,0,2,0,0,0,0,0,0,0,0,0,0,0,
Keenan Jernigan,102764,LB,TROY,1,0,0,,0,0,318,0,0,,60.0,64.1,,60.0,,0,0,0,0,,,0,0,0,0.0,0,0,0,1,0,0,1,0,0,0,0,0,0,1,0,1,0,0,0,0,0,0,0,0,0,
Lakamion Franklin,102769,LB,LA LAFAYET,1,2,0,,0,0,207,0,0,60.9,56.0,70.6,64.5,46.9,76.1,0,0,0,0,,0.0,0,0,0,0.0,0,0,0,8,0,3,9,1,0,0,1,0,0,8,1,5,0,0,0,0,0,0,0,0,0,
Kelvin Johnson,102770,LB,S ALABAMA,12,11,1,81.8,0,1,288,0,0,71.0,58.7,82.4,76.1,48.9,43.9,0,2,0,0,17,20.3,14,1,0,94.3,9,0,0,491,0,209,499,0,0,0,0,0,7,499,8,282,1,25,44,2,11,2,0,73,28,8.1
Troy Nachtigal,102775,LB,ARMY,1,0,0,,0,0,114,0,0,,60.2,64.5,,60.0,,0,0,0,0,,,0,0,0,0.0,0,0,0,2,0,0,2,0,0,0,0,0,0,2,0,2,0,0,0,0,0,0,0,0,0,
Andre Carter II,102780,ED,ARMY,1,0,0,,0,0,114,0,0,,57.3,68.1,57.2,,,0,0,0,0,,,0,0,0,0.0,0,0,0,0,0,0,2,2,0,0,2,0,0,0,2,0,0,0,0,0,0,0,0,0,0,
Nathaniel Smith,102783,ED,ARMY,1,0,0,,0,0,114,0,0,,76.2,70.5,,69.9,73.0,0,0,0,0,,0.0,0,0,0,0.0,0,0,0,0,0,0,4,4,0,0,4,0,0,0,0,4,0,1,1,0,0,0,0,0,0,
Grant Laws,102839,DI,UMASS,8,1,0,,0,0,216,0,0,,38.2,21.4,52.7,36.9,74.1,0,1,0,0,,0.0,0,0,2,0.0,0,0,0,0,0,0,225,225,176,38,0,11,0,0,97,128,0,2,3,0,0,1,0,0,0,
KeSean Brown,102847,LB,APP STATE,8,2,0,75.0,0,0,108,0,0,54.1,61.2,74.1,59.4,71.6,70.3,1,0,0,0,11,12.5,1,0,0,77.1,3,0,0,32,0,31,56,5,0,0,5,0,0,51,1,24,19,2,5,0,4,1,0,10,11,3.3
Brendan Harrington,102848,LB,APP STATE,6,2,0,100.0,0,0,108,0,0,67.8,68.4,0.0,66.9,73.3,81.3,1,1,0,0,11,0.0,0,0,1,112.5,1,0,0,7,1,11,33,14,0,0,14,0,0,19,9,13,11,2,3,0,1,2,0,11,14,11.0
Markeveon Coleman,102849,LB,TEXAS ST,7,2,1,0.0,0,0,314,0,0,64.4,59.4,77.8,70.7,52.0,65.4,0,2,0,0,,10.0,1,1,1,39.6,0,0,0,98,0,39,102,1,0,0,1,0,0,101,3,60,3,4,7,0,1,2,0,0,0,
Kered Class,102873,HB,COAST CAR,1,0,0,,0,0,141,0,0,,60.1,60.0,,60.0,,0,0,0,0,,,0,0,0,0.0,0,0,0,0,0,0,1,0,0,0,0,0,0,1,0,1,0,0,0,0,0,0,0,0,0,
Taj Jones,102895,CB,UMASS,2,0,0,100.0,0,0,216,0,0,59.4,63.1,75.5,60.0,68.1,77.0,0,0,0,0,16,0.0,0,0,0,118.8,1,0,0,7,43,10,51,1,0,0,1,0,0,50,1,40,0,0,2,0,1,0,0,16,5,16.0
Java'n Singletary,102897,S,GA SOUTHRN,5,0,0,66.7,0,0,174,0,0,67.7,61.8,82.1,,48.1,46.5,0,0,0,1,19,25.0,3,0,0,69.4,2,0,0,50,0,83,181,0,0,0,0,0,110,181,0,98,21,2,9,0,3,0,0,37,22,18.5
Mekhi Garner,102900,CB,LA LAFAYET,2,1,0,0.0,0,0,207,0,0,54.5,59.8,76.2,,75.0,79.8,0,0,0,0,,0.0,0,0,1,39.6,0,0,0,0,49,22,49,0,0,0,0,0,0,49,0,27,0,1,3,0,3,0,0,0,0,
Keilos Swinney,102901,CB,LA MONROE,12,5,0,72.2,1,2,209,1,0,58.1,63.6,64.5,64.6,74.7,65.4,1,5,0,0,73,13.0,6,4,1,118.8,39,0,0,92,10,345,755,123,0,0,123,0,2,632,31,379,527,16,35,1,54,6,3,492,236,12.6
Bobby Bell,102902,S,LA MONROE,3,1,0,,0,0,209,0,0,61.3,55.9,71.8,,53.4,63.2,0,0,0,0,,14.3,1,0,0,0.0,0,0,0,19,0,3,28,0,0,0,0,0,6,28,0,25,3,1,5,0,0,0,0,0,0,
Keon Carter,102903,S,GA STATE,5,9,0,62.5,0,1,175,0,0,59.1,58.7,77.7,60.0,58.0,56.4,0,0,0,0,27,20.7,6,1,0,86.5,5,0,0,69,4,61,147,1,0,0,1,0,58,146,1,85,14,3,14,0,8,0,0,62,8,12.4
Tanner Davis,102905,S,UMASS,3,1,0,100.0,0,0,216,0,0,63.0,53.3,76.4,,46.4,46.8,0,0,0,0,-5,25.0,2,0,0,79.2,1,0,0,36,2,7,79,0,0,0,0,0,5,79,0,72,36,3,5,2,1,0,0,-5,0,-5.0
Tre' Ross,102909,LB,TROY,1,0,0,,0,0,318,0,0,60.0,62.1,66.3,,60.0,,0,0,0,0,,,0,0,0,0.0,0,0,0,2,0,1,2,0,0,0,0,0,0,2,0,1,0,0,0,0,0,0,0,0,0,
Kaylon Geiger,102929,WR,TROY,2,0,0,,1,0,318,0,0,60.0,62.4,60.0,,60.0,,0,0,0,0,,,0,0,5,0.0,0,0,0,0,0,1,2,0,0,0,0,0,0,2,0,1,0,0,0,0,0,0,0,0,0,
Cam Hart,102955,WR,NOTRE DAME,1,0,0,,0,0,258,0,0,,60.1,66.9,,60.0,,0,0,0,0,,,0,0,0,0.0,0,0,0,0,3,0,3,0,0,0,0,0,0,3,0,3,0,0,0,0,0,0,0,0,0,
Kyron McKinnie-Harper,104179,CB,C MICHIGAN,12,8,0,51.9,0,2,134,0,0,71.7,73.4,14.9,58.7,85.6,63.4,0,0,0,0,38,14.6,6,10,3,92.8,27,0,0,58,570,383,651,0,0,0,0,0,0,651,2,266,23,5,27,1,52,0,3,352,79,13.0
Jacques Bristol,104185,DI,C MICHIGAN,14,1,1,,0,0,134,1,0,72.0,58.6,0.0,68.3,59.7,56.3,3,11,0,0,,22.2,4,0,9,0.0,0,5,1,0,0,0,432,432,36,360,2,34,0,0,244,188,0,16,13,4,0,19,0,0,0,
Caleb Humphrey,104191,ED,AIR FORCE,4,1,0,100.0,0,0,101,0,0,53.2,59.5,74.9,65.4,62.4,48.7,0,0,0,0,7,33.3,1,0,0,95.8,1,0,0,13,0,10,30,16,0,0,16,0,0,14,4,16,1,1,1,0,1,0,0,7,3,7.0
Ivin White Jr.,104212,ED,LA MONROE,8,2,0,100.0,0,0,209,1,0,30.8,64.6,14.5,69.3,69.8,46.2,1,6,0,0,44,21.1,4,0,2,158.3,1,1,0,1,0,1,188,187,0,1,183,3,0,1,84,103,0,10,13,2,1,8,1,44,47,44.0
George Silvanic,104214,ED,AIR FORCE,2,0,0,,0,0,101,0,0,,76.2,69.5,63.3,67.8,71.3,0,0,0,0,,0.0,0,0,0,0.0,0,0,0,0,0,0,7,7,0,2,0,5,0,0,2,5,0,0,1,0,0,0,0,0,0,
Jamykal Neal,104215,DI,HOUSTON,9,1,0,,0,0,182,0,0,,58.9,83.1,53.0,61.8,75.9,0,1,0,0,,0.0,0,0,0,0.0,0,0,0,0,0,0,154,154,56,97,0,1,0,0,75,79,0,3,5,0,0,1,0,0,0,
Justin Whiteside,104220,LB,C MICHIGAN,1,0,0,,0,0,134,0,0,61.3,47.0,67.0,,46.7,20.0,0,0,0,0,,100.0,1,0,0,0.0,0,0,0,6,0,3,6,0,0,0,0,0,0,6,0,3,0,0,0,0,0,0,0,0,0,
Max Saylor,105038,ED,C MICHIGAN,11,0,0,,0,0,134,0,0,,66.0,80.3,58.6,70.4,53.9,0,0,0,0,,40.0,2,0,0,0.0,0,1,0,0,0,0,81,81,0,2,75,4,0,0,46,35,0,4,3,0,0,1,0,0,0,
Kenny Ngaima,105785,ED,AIR FORCE,2,1,0,,0,0,101,0,0,,66.2,69.9,57.5,66.4,70.8,0,1,0,0,,0.0,0,0,0,0.0,0,0,0,0,0,0,7,7,0,3,0,4,0,0,4,3,0,0,0,0,0,1,0,0,0,
Keem Green,105786,DI,NEBRASKA,3,0,0,,0,0,238,0,0,,55.9,73.3,64.9,53.3,29.1,0,1,0,0,,50.0,1,0,0,0.0,0,0,0,0,0,0,22,22,0,8,0,14,0,0,5,17,0,0,1,0,0,1,0,0,0,
Will Derrick,105790,WR,LA MONROE,1,0,0,,0,0,209,0,0,,60.0,60.0,60.0,,,0,0,0,0,,,0,0,0,0.0,0,0,0,0,0,0,1,0,0,0,0,0,0,1,1,0,0,0,0,0,0,0,0,0,0,
Elijah Benoit,105791,CB,UCF,1,0,0,,0,0,323,0,0,60.0,62.4,60.0,,,,0,0,0,0,,,0,0,0,0.0,0,0,0,0,0,1,1,0,0,0,0,0,0,1,0,0,0,0,0,0,0,0,0,0,0,
Marquallius Turner Jr.,105793,CB,LA TECH,1,0,0,,0,0,208,0,0,,60.0,60.0,,60.0,,0,0,0,0,,,0,0,0,0.0,0,0,0,0,0,0,1,0,0,0,0,0,0,1,0,1,0,0,0,0,0,0,0,0,0,
Josh Ahern,105796,LB,VIRGINIA,2,1,0,,0,0,335,0,0,,33.2,72.9,57.9,32.0,27.3,0,0,0,0,,50.0,1,0,0,0.0,0,0,0,15,0,0,16,0,0,0,0,0,0,16,2,14,1,0,0,0,0,0,0,0,0,
Paul Hammonds,105797,ED,UAB,2,0,0,,0,0,321,0,0,,74.3,72.8,74.4,60.1,73.0,0,1,0,0,,,0,0,0,0.0,0,1,0,0,0,0,7,7,0,0,7,0,0,0,4,3,0,1,0,0,0,2,0,0,0,
Ken Savanah,105798,LB,HOUSTON,3,1,0,100.0,0,0,182,0,0,55.4,60.7,70.4,,65.7,76.5,1,0,0,0,33,0.0,0,0,0,118.8,1,0,0,11,0,10,12,0,0,0,0,0,0,12,0,2,1,1,1,0,1,1,0,33,23,33.0
Ke'Shon Parker,105799,LB,C MICHIGAN,2,0,0,,0,0,134,0,0,,60.1,65.7,,60.0,,0,0,0,0,,,0,0,0,0.0,0,0,0,2,0,0,4,0,0,0,0,0,0,4,0,4,2,0,0,0,0,0,0,0,0,
Isaiah Cromarty,105809,CB,USF,1,0,0,,0,0,327,0,0,60.0,62.1,69.8,,61.6,,0,0,0,0,,,0,0,0,0.0,0,0,0,2,8,1,10,0,0,0,0,0,0,10,0,9,0,0,0,0,0,0,0,0,0,
Nelson Ceaser,123656,ED,HOUSTON,1,0,0,,0,1,182,0,0,60.0,83.8,70.1,81.8,,71.1,0,0,0,0,,,0,0,0,0.0,0,1,0,1,0,1,4,3,0,0,3,0,0,1,3,0,0,1,0,0,0,1,0,0,0,
Sean Greeley,129513,LB,MARYLAND,2,0,0,,0,0,215,0,0,,59.6,69.4,59.2,60.2,,0,0,0,0,,,0,0,0,0.0,0,0,0,0,0,0,4,3,0,0,3,0,0,1,1,3,0,0,0,0,0,0,0,0,0,
Xavier Smith,134137,LB,E CAROLINA,12,16,0,60.0,0,1,156,1,0,66.5,50.8,85.6,52.6,42.4,63.8,1,9,0,0,45,12.5,11,3,0,97.1,18,0,0,696,1,332,764,17,0,0,17,0,0,747,50,382,50,29,61,3,30,10,2,164,110,9.1
BeeJay Williamson,145255,S,LA TECH,11,6,0,88.2,0,0,208,0,0,42.1,49.8,85.1,64.9,67.3,65.8,1,0,0,0,45,15.2,5,0,1,158.0,15,0,0,89,3,206,336,6,0,0,6,0,165,330,7,123,73,7,22,1,17,1,2,244,34,16.3
Tyrone Lewis Jr.,147159,CB,KANSAS ST,1,0,0,,0,0,199,0,0,62.4,62.8,70.5,,60.0,,0,0,0,0,,,0,0,0,0.0,0,0,0,1,0,5,9,0,0,0,0,0,8,9,0,4,0,0,0,0,0,0,0,0,0,
David Miller,148265,CB,NAVY,3,0,0,0.0,0,0,237,0,0,73.7,74.0,73.9,,60.0,,0,0,0,0,,,0,1,0,39.6,0,0,0,0,23,18,23,0,0,0,0,0,0,23,0,5,0,0,0,0,1,0,0,0,0,
Ke'Vric Wiggins Jr.,150947,CB,LA MONROE,4,0,0,,0,0,209,0,0,56.5,59.4,74.8,,65.7,73.5,0,0,0,0,,0.0,0,0,0,0.0,0,0,0,6,35,16,44,0,0,0,0,0,0,44,0,28,3,0,1,0,0,0,0,0,0,
Ireland Brown,155565,DI,BOSTON COL,9,1,0,,0,0,121,0,0,60.0,51.7,80.5,60.2,48.0,75.3,1,2,0,0,,0.0,0,0,0,0.0,0,0,0,0,0,0,110,110,26,81,1,2,0,0,42,68,0,3,5,0,0,3,0,0,0,
Kayode Oladele,158625,ED,MEMPHIS,1,0,0,,0,0,218,0,0,,61.7,68.5,60.0,60.3,,0,0,0,0,,,0,0,0,0.0,0,0,0,0,0,0,3,3,0,0,3,0,0,0,1,2,0,0,0,0,0,0,0,0,0,
Chris Joyce,169071,CB,TULANE,4,0,0,54.5,0,0,319,1,0,53.5,57.0,80.2,,73.5,26.6,0,0,0,0,31,16.7,1,1,0,112.7,6,0,0,11,70,70,113,0,0,0,0,0,0,113,0,43,32,1,5,0,11,0,1,92,41,15.3
