season,player_id,player_name,team_id,team_name,conference,position,games,starts,dropbacks,pass_attempts,sacks_taken,pressures_faced,completions,pass_yards,pass_td,interceptions,sacks_yards_lost,air_yards,yac,completion_pct,yards_per_att,adj_yards_per_att,yards_per_dropback,td_rate,int_rate,air_yards_per_att,yac_per_comp,pressure_rate,sack_rate,epa_total_pass,epa_per_dropback,ppa_total_pass,ppa_per_dropback,success_rate,explosive_pass_rate
2019,246044,Tyler Johnson,135,Minnesota,Big Ten,WR,,,1.0,1,0.0,,1.0,17,1.0,0.0,0.0,,,1.0,17.0,37.0,17.0,1.0,0.0,,,,0.0,5.179559179489368,5.179559179489368,2.859452485460281,2.859452485460281,1.0,0.0
2019,3121083,Jacob Knipp,2458,Northern Colorado,Big Sky,QB,,,69.0,64,5.0,,34.0,250,1.0,1.0,40.0,,,0.53125,3.90625,3.515625,3.6231884057971016,0.015625,0.015625,,,,0.07246376811594203,-2.200551183595293,-0.03189204613906222,-8.406043886158415,-0.12182672298780312,0.375,0.078125
2019,3122176,Gage Gubrud,265,Washington State,Pac-12,QB,,,11.0,11,0.0,,9.0,76,1.0,0.0,0.0,,,0.8181818181818182,6.909090909090909,8.727272727272727,6.909090909090909,0.09090909090909091,0.0,,,,0.0,9.358074377174779,0.8507340342886163,6.675240573214581,0.6068400521104165,0.5454545454545454,0.09090909090909091
2019,3122413,Nick Basquine,201,Oklahoma,Big 12,WR,,,3.0,3,0.0,,2.0,-1,1.0,1.0,0.0,,,0.6666666666666666,-0.3333333333333333,-8.666666666666666,-0.3333333333333333,0.3333333333333333,0.3333333333333333,,,,0.0,12.40965044993517,4.136550149978389,3.3063471541112106,1.1021157180370702,1.0,0.3333333333333333
2019,3122790,Darius Wade,189,Bowling Green,Mid-American,QB,,,139.0,134,5.0,,73.0,670,3.0,3.0,36.0,,,0.5447761194029851,5.0,4.440298507462686,4.820143884892087,0.022388059701492536,0.022388059701492536,,,,0.03597122302158273,14.274677702590324,0.10269552304021816,-5.146998468992224,-0.03702876596397283,0.3805970149253731,0.05970149253731343
2019,3123854,Aston Walter,242,Rice,Conference USA,RB,,,1.0,1,0.0,,1.0,27,0.0,0.0,0.0,,,1.0,27.0,27.0,27.0,0.0,0.0,,,,0.0,3.4242732830145823,3.4242732830145823,1.825993199017988,1.825993199017988,1.0,1.0
2019,3124529,Kilton Anderson,2729,William & Mary,CAA,QB,,,34.0,32,2.0,,14.0,170,0.0,1.0,14.0,,,0.4375,5.3125,3.90625,5.0,0.0,0.03125,,,,0.058823529411764705,7.012820198253885,0.2062594175957025,-4.1588154548865095,-0.1223181016143091,0.40625,0.09375
2019,3124884,Gunnar Amos,304,Idaho State,Big Sky,QB,,,17.0,17,0.0,,7.0,45,0.0,1.0,0.0,,,0.4117647058823529,2.6470588235294117,0.0,2.6470588235294117,0.0,0.058823529411764705,,,,0.0,-0.2128577504853082,-0.0125210441461946,-4.135027462904027,-0.24323690958258984,0.35294117647058826,0.0
2019,3124900,Jake Luton,204,Oregon State,Pac-12,QB,,,405.0,383,22.0,,221.0,2436,28.0,3.0,188.0,,,0.577023498694517,6.360313315926893,7.469973890339426,6.014814814814815,0.0731070496083551,0.007832898172323759,,,,0.05432098765432099,205.30950586639634,0.5069370515219662,124.54205267936743,0.3075112411836233,0.49869451697127937,0.09921671018276762
2019,3125336,Kevin Thomson,16,Sacramento State,Big Sky,QB,,,98.0,94,4.0,,53.0,432,4.0,1.0,25.0,,,0.5638297872340425,4.595744680851064,4.968085106382978,4.408163265306122,0.0425531914893617,0.010638297872340425,,,,0.04081632653061224,26.624790250223075,0.27168153316554156,9.954246753101529,0.10157394646021968,0.4148936170212766,0.05319148936170213
2019,3125956,Randall West,113,Massachusetts,FBS Independents,QB,,,165.0,159,6.0,,91.0,768,6.0,6.0,35.0,,,0.5723270440251572,4.830188679245283,3.8867924528301887,4.654545454545454,0.03773584905660377,0.03773584905660377,,,,0.03636363636363636,59.24790960701772,0.35907824004253164,14.318331543341063,0.08677776692933978,0.4716981132075472,0.0880503144654088
2019,3675812,Bryce Perkins,258,Virginia,ACC,QB,,,523.0,490,33.0,,290.0,3102,20.0,10.0,221.0,,,0.5918367346938775,6.330612244897959,6.228571428571429,5.9311663479923515,0.04081632653061224,0.02040816326530612,,,,0.06309751434034416,197.38430005641402,0.37740783949601153,98.5669681091377,0.18846456617425947,0.5122448979591837,0.08571428571428572
2019,3722361,Akilian Butler,68,Boise State,Mountain West,WR,,,1.0,1,0.0,,1.0,5,1.0,0.0,0.0,,,1.0,5.0,25.0,5.0,1.0,0.0,,,,0.0,3.304477776786716,3.304477776786716,1.883780840558874,1.883780840558874,1.0,0.0
2019,3728240,Kelly Bryant,142,Missouri,SEC,QB,,,323.0,306,17.0,,178.0,2025,15.0,6.0,114.0,,,0.5816993464052288,6.617647058823529,6.715686274509804,6.269349845201238,0.049019607843137254,0.0196078431372549,,,,0.05263157894736842,137.50372088682332,0.4257081142006914,74.13736859543448,0.22952745695180954,0.4803921568627451,0.10130718954248366
2019,3791110,Tommy Stevens,344,Mississippi State,SEC,QB,,,186.0,176,10.0,,96.0,957,11.0,5.0,109.0,,,0.5454545454545454,5.4375,5.409090909090909,5.145161290322581,0.0625,0.028409090909090908,,,,0.053763440860215055,80.32722456810791,0.43186679875326833,37.56941895011959,0.20198612338773975,0.5,0.07386363636363637
2019,3791146,Elijah Sindelar,2509,Purdue,Big Ten,QB,,,113.0,112,1.0,,71.0,960,9.0,3.0,7.0,,,0.6339285714285714,8.571428571428571,8.973214285714286,8.495575221238939,0.08035714285714286,0.026785714285714284,,,,0.008849557522123894,88.5672611520771,0.7837810721422752,48.142753528550465,0.4260420666243404,0.5357142857142857,0.16964285714285715
2019,3843247,Justin McMillan,2655,Tulane,American Athletic,QB,,,352.0,335,17.0,,177.0,2111,13.0,10.0,176.0,,,0.5283582089552239,6.3014925373134325,5.7343283582089555,5.997159090909091,0.03880597014925373,0.029850746268656716,,,,0.048295454545454544,136.48889521284045,0.3877525432182967,59.16145866448656,0.16807232575138228,0.48955223880597015,0.0955223880597015
2019,3843469,Derrick Dillon,99,LSU,SEC,WR,,,1.0,1,0.0,,1.0,7,1.0,0.0,0.0,,,1.0,7.0,27.0,7.0,1.0,0.0,,,,0.0,4.403391641993318,4.403391641993318,2.607148468017737,2.607148468017737,1.0,0.0
2019,3843725,Josh Growden,277,West Virginia,Big 12,P,,,1.0,1,0.0,,1.0,7,0.0,0.0,0.0,,,1.0,7.0,7.0,7.0,0.0,0.0,,,,0.0,1.8803883756721569,1.8803883756721569,2.0971853827483153,2.0971853827483153,1.0,0.0
2019,3858269,Ross Bowers,2459,Northern Illinois,Mid-American,QB,,,315.0,301,14.0,,166.0,1902,7.0,7.0,112.0,,,0.5514950166112956,6.318936877076412,5.737541528239203,6.038095238095238,0.023255813953488372,0.023255813953488372,,,,0.044444444444444446,112.59378476739863,0.35744058656317024,73.02939522591541,0.23183934992354097,0.4584717607973422,0.10299003322259136
2019,3858944,Blake Barnett,58,South Florida,American Athletic,QB,,,89.0,81,8.0,,36.0,365,0.0,2.0,54.0,,,0.4444444444444444,4.506172839506172,3.3950617283950617,4.101123595505618,0.0,0.024691358024691357,,,,0.0898876404494382,3.6784978449564334,0.041331436460184647,-2.436721826774222,-0.027378896930047438,0.37037037037037035,0.08641975308641975
2019,3870490,Chris Chugunov,194,Ohio State,Big Ten,QB,,,47.0,45,2.0,,26.0,276,6.0,0.0,10.0,,,0.5777777777777777,6.133333333333334,8.8,5.872340425531915,0.13333333333333333,0.0,,,,0.0425531914893617,31.883776133072406,0.6783782155972852,19.714467722851083,0.41945676006066135,0.5111111111111111,0.06666666666666667
2019,3886565,Quinten Dormady,2117,Central Michigan,Mid-American,QB,,,247.0,238,9.0,,144.0,1648,11.0,8.0,72.0,,,0.6050420168067226,6.92436974789916,6.336134453781512,6.672064777327935,0.046218487394957986,0.03361344537815126,,,,0.03643724696356275,126.56712783541812,0.512417521600883,62.87598376337323,0.25455863871811024,0.5294117647058824,0.1134453781512605
2019,3886598,Jauan Jennings,2633,Tennessee,SEC,WR,,,3.0,3,0.0,,2.0,18,2.0,0.0,0.0,,,0.6666666666666666,6.0,19.333333333333332,6.0,0.6666666666666666,0.0,,,,0.0,10.149559179489367,3.3831863931631223,5.458135025597132,1.8193783418657106,0.6666666666666666,0.0
2019,3886609,Alex Hornibrook,52,Florida State,ACC,QB,,,159.0,142,17.0,,84.0,875,7.0,2.0,126.0,,,0.5915492957746479,6.161971830985915,6.514084507042254,5.50314465408805,0.04929577464788732,0.014084507042253521,,,,0.1069182389937107,51.915506625600536,0.32651262028679584,31.16620125386642,0.19601384436393973,0.4788732394366197,0.09859154929577464
2019,3886621,Ty Storey,98,Western Kentucky,Conference USA,QB,,,370.0,359,11.0,,241.0,2464,14.0,6.0,93.0,,,0.6713091922005571,6.8635097493036215,6.891364902506964,6.65945945945946,0.03899721448467967,0.016713091922005572,,,,0.02972972972972973,184.59607703857895,0.49890831632048366,108.47011786128728,0.29316248070618184,0.5097493036211699,0.10306406685236769
2019,3886634,Alex Delton,2628,TCU,Big 12,QB,,,55.0,52,3.0,,26.0,221,0.0,1.0,26.0,,,0.5,4.25,3.3846153846153846,4.0181818181818185,0.0,0.019230769230769232,,,,0.05454545454545454,0.27908496576181063,0.005074272104760193,-6.459009794686179,-0.1174365417215669,0.2692307692307692,0.057692307692307696
2019,3893625,Nick Ralston,309,Louisiana,Sun Belt,LB,,,2.0,2,0.0,,2.0,13,2.0,0.0,0.0,,,1.0,6.5,26.5,6.5,1.0,0.0,,,,0.0,8.054866152458873,4.027433076229436,4.832922603183773,2.4164613015918865,1.0,0.0
2019,3893630,Brady White,235,Memphis,American Athletic,QB,,,413.0,399,14.0,,246.0,3644,31.0,10.0,135.0,,,0.6165413533834586,9.132832080200501,9.558897243107769,8.823244552058112,0.07769423558897243,0.02506265664160401,,,,0.03389830508474576,327.662215954222,0.7933709829400049,201.45111347755747,0.4877750931659987,0.5413533834586466,0.17293233082706766
2019,3910083,McLane Carter,164,Rutgers,Big Ten,QB,,,50.0,48,2.0,,26.0,343,2.0,4.0,13.0,,,0.5416666666666666,7.145833333333333,4.229166666666667,6.86,0.041666666666666664,0.08333333333333333,,,,0.04,29.492473054388128,0.5898494610877626,9.521965984887522,0.19043931969775044,0.4583333333333333,0.125
2019,3910249,Kenji Bahar,2405,Monmouth,Big South,QB,,,46.0,44,2.0,,26.0,171,1.0,0.0,23.0,,,0.5909090909090909,3.8863636363636362,4.340909090909091,3.717391304347826,0.022727272727272728,0.0,,,,0.043478260869565216,10.423865817221396,0.22660577863524772,4.2953788637128145,0.09337780138506119,0.5,0.0
2019,3910544,Joshua Kelley,26,UCLA,Pac-12,RB,,,1.0,1,0.0,,1.0,14,1.0,0.0,0.0,,,1.0,14.0,34.0,14.0,1.0,0.0,,,,0.0,5.18,5.18,2.8608528947186596,2.8608528947186596,1.0,0.0
2019,3911636,Tyrie Adams,2717,Western Carolina,Southern,QB,,,24.0,21,3.0,,9.0,2,1.0,4.0,18.0,,,0.42857142857142855,0.09523809523809523,-7.523809523809524,0.08333333333333333,0.047619047619047616,0.19047619047619047,,,,0.125,0.2607767024755945,0.010865695936483103,-9.769105990139629,-0.4070460829224845,0.5238095238095238,0.047619047619047616
2019,3912536,Tom Stewart,242,Rice,Conference USA,QB,,,187.0,170,17.0,,91.0,955,8.0,2.0,100.0,,,0.5352941176470588,5.617647058823529,6.029411764705882,5.106951871657754,0.047058823529411764,0.011764705882352941,,,,0.09090909090909091,59.95856819692947,0.3206340545290346,23.960734913547657,0.12813227226496074,0.49411764705882355,0.07058823529411765
2019,3912660,Jaquan Blair,311,Maine,CAA,WR,,,1.0,1,0.0,,1.0,46,1.0,0.0,0.0,,,1.0,46.0,66.0,46.0,1.0,0.0,,,,0.0,6.719999999999999,6.719999999999999,3.5432874081344643,3.5432874081344643,1.0,1.0
2019,3913137,Alex Thomson,276,Marshall,Conference USA,QB,,,11.0,10,1.0,,8.0,107,1.0,0.0,16.0,,,0.8,10.7,12.7,9.727272727272727,0.1,0.0,,,,0.09090909090909091,13.931123433570185,1.2664657666881987,8.073875591887994,0.7339886901716358,0.8,0.1
2019,3913822,Case Cookus,2464,Northern Arizona,Big Sky,QB,,,50.0,49,1.0,,28.0,372,2.0,2.0,1.0,,,0.5714285714285714,7.591836734693878,6.571428571428571,7.44,0.04081632653061224,0.04081632653061224,,,,0.02,25.787661988107356,0.5157532397621472,16.155994168647236,0.3231198833729447,0.46938775510204084,0.12244897959183673
2019,3914151,Josiah Deguara,2132,Cincinnati,American Athletic,TE,,,1.0,1,0.0,,1.0,16,1.0,0.0,0.0,,,1.0,16.0,36.0,16.0,1.0,0.0,,,,0.0,5.398310239290667,5.398310239290667,2.948901210326211,2.948901210326211,1.0,0.0
2019,3914305,Anthony Jones,2229,Florida International,Conference USA,RB,,,1.0,1,0.0,,0.0,0,0.0,0.0,0.0,,,0.0,0.0,0.0,0.0,0.0,0.0,,,,0.0,-0.7000000000000002,-0.7000000000000002,-0.26931522945819,-0.26931522945819,0.0,0.0
2019,3914307,Maurice Alexander,2229,Florida International,Conference USA,WR,,,2.0,2,0.0,,1.0,22,0.0,0.0,0.0,,,0.5,11.0,11.0,11.0,0.0,0.0,,,,0.0,0.8399999999999999,0.41999999999999993,0.4380427756824387,0.21902138784121936,0.5,0.5
2019,3914382,J'Mar Smith,2348,Louisiana Tech,Conference USA,QB,,,401.0,388,13.0,,233.0,2813,17.0,5.0,135.0,,,0.6005154639175257,7.25,7.546391752577319,7.014962593516209,0.04381443298969072,0.01288659793814433,,,,0.032418952618453865,207.74618568658272,0.5180702884952187,134.82733304341636,0.33622776320053954,0.520618556701031,0.11597938144329897
2019,3914395,James Morgan,2229,Florida International,Conference USA,QB,,,372.0,364,8.0,,204.0,2474,14.0,5.0,62.0,,,0.5604395604395604,6.7967032967032965,6.947802197802198,6.650537634408602,0.038461538461538464,0.013736263736263736,,,,0.021505376344086023,182.4395575098454,0.49042891803721883,99.36401361322562,0.26710756347641296,0.48626373626373626,0.0989010989010989
2019,3914569,Jaylon Henderson,68,Boise State,Mountain West,QB,,,122.0,119,3.0,,69.0,823,10.0,1.0,46.0,,,0.5798319327731093,6.915966386554622,8.218487394957982,6.745901639344262,0.08403361344537816,0.008403361344537815,,,,0.02459016393442623,82.2428465951715,0.6741216934030451,44.060235694456146,0.36114947290537824,0.5294117647058824,0.10084033613445378
2019,3914580,Blaze Moorhead,2636,UTSA,Conference USA,WR,,,1.0,1,0.0,,1.0,18,1.0,0.0,0.0,,,1.0,18.0,38.0,18.0,1.0,0.0,,,,0.0,5.753213388631249,5.753213388631249,3.1060203335870806,3.1060203335870806,1.0,0.0
2019,3914826,Kelton Moore,2440,Nevada,Mountain West,RB,,,1.0,1,0.0,,1.0,1,0.0,0.0,0.0,,,1.0,1.0,1.0,1.0,0.0,0.0,,,,0.0,-0.5351755359079569,-0.5351755359079569,-0.290178703251536,-0.290178703251536,0.0,0.0
2019,3914836,Cristian Solano,2440,Nevada,Mountain West,QB,,,49.0,45,4.0,,25.0,228,2.0,2.0,25.0,,,0.5555555555555556,5.066666666666666,3.9555555555555557,4.653061224489796,0.044444444444444446,0.044444444444444446,,,,0.08163265306122448,10.022702825905075,0.2045449556307158,1.45767245246474,0.02974841739723959,0.4,0.1111111111111111
2019,3915308,Jake Burt,103,Boston College,ACC,TE,,,1.0,1,0.0,,1.0,55,1.0,0.0,0.0,,,1.0,55.0,75.0,55.0,1.0,0.0,,,,0.0,7.35,7.35,4.276613237316365,4.276613237316365,1.0,1.0
2019,3915379,Sheriron Jones,167,New Mexico,Mountain West,QB,,,81.0,77,4.0,,32.0,348,1.0,6.0,28.0,,,0.4155844155844156,4.51948051948052,1.2727272727272727,4.296296296296297,0.012987012987012988,0.07792207792207792,,,,0.04938271604938271,33.59170226068005,0.4147123735886426,6.723215150476311,0.0830026561787199,0.44155844155844154,0.1038961038961039
2019,3915436,Steven Montez,38,Colorado,Pac-12,QB,,,435.0,420,15.0,,251.0,2553,15.0,9.0,130.0,,,0.5976190476190476,6.078571428571428,5.828571428571428,5.86896551724138,0.03571428571428571,0.02142857142857143,,,,0.034482758620689655,187.4831992337623,0.43099586030749953,95.20055730507903,0.2188518558737449,0.4880952380952381,0.08333333333333333
2019,3915468,Riley Neal,238,Vanderbilt,SEC,QB,,,291.0,275,16.0,,147.0,1415,8.0,5.0,117.0,,,0.5345454545454545,5.1454545454545455,4.909090909090909,4.86254295532646,0.02909090909090909,0.01818181818181818,,,,0.054982817869415807,68.04391521691781,0.23382788734336019,18.096105811931658,0.0621859306251947,0.41454545454545455,0.09090909090909091
2019,3915511,Joe Burrow,99,LSU,SEC,QB,,,525.0,502,23.0,,356.0,4776,42.0,6.0,199.0,,,0.7091633466135459,9.51394422310757,10.649402390438247,9.097142857142858,0.08366533864541832,0.01195219123505976,,,,0.04380952380952381,459.52617956314003,0.8752879610726477,292.2257663624187,0.556620507356988,0.6274900398406374,0.14342629482071714
2019,3915522,K.J. Hill,194,Ohio State,Big Ten,WR,,,2.0,2,0.0,,2.0,29,2.0,0.0,0.0,,,1.0,14.5,34.5,14.5,1.0,0.0,,,,0.0,8.897869418780033,4.4489347093900165,4.777557657667673,2.3887788288338365,1.0,0.5
2019,3915802,Lucky Jackson,98,Western Kentucky,Conference USA,WR,,,2.0,2,0.0,,1.0,8,1.0,0.0,0.0,,,0.5,4.0,14.0,4.0,0.5,0.0,,,,0.0,3.5144777767867157,1.7572388883933578,1.855988547746195,0.9279942738730975,0.5,0.0
2019,3915966,TJ Green,77,Northwestern,Big Ten,QB,,,12.0,11,1.0,,6.0,58,0.0,0.0,4.0,,,0.5454545454545454,5.2727272727272725,5.2727272727272725,4.833333333333333,0.0,0.0,,,,0.08333333333333333,2.4039551012935063,0.20032959177445886,2.7390984946348262,0.22825820788623552,0.5454545454545454,0.09090909090909091
2019,3916142,Brady Davis,2287,Illinois State,MVFC,QB,,,34.0,33,1.0,,14.0,150,2.0,1.0,5.0,,,0.42424242424242425,4.545454545454546,4.393939393939394,4.411764705882353,0.06060606060606061,0.030303030303030304,,,,0.029411764705882353,6.948548353693672,0.20436906922628448,-2.518342154906895,-0.07406888690902633,0.42424242424242425,0.06060606060606061
2019,3916143,Kedarian Jones,235,Memphis,American Athletic,WR,,,2.0,2,0.0,,1.0,25,0.0,0.0,0.0,,,0.5,12.5,12.5,12.5,0.0,0.0,,,,0.0,2.584273283014583,1.2921366415072915,1.393742503218321,0.6968712516091605,0.5,0.5
2019,3916204,James Proche,2567,SMU,American Athletic,WR,,,5.0,5,0.0,,3.0,35,3.0,0.0,0.0,,,0.6,7.0,19.0,7.0,0.6,0.0,,,,0.0,13.517869418780034,2.7035738837560066,7.260419374581949,1.4520838749163898,0.6,0.0
2019,3916208,Ben Hicks,8,Arkansas,SEC,QB,,,156.0,146,10.0,,64.0,636,2.0,2.0,55.0,,,0.4383561643835616,4.3561643835616435,4.013698630136986,4.076923076923077,0.0136986301369863,0.0136986301369863,,,,0.0641025641025641,19.733097897557116,0.12649421729203278,2.257910938913761,0.014473788069960006,0.363013698630137,0.07534246575342465
2019,3916209,Xavier Jones,2567,SMU,American Athletic,RB,,,1.0,1,0.0,,1.0,5,1.0,0.0,0.0,,,1.0,5.0,25.0,5.0,1.0,0.0,,,,0.0,4.004477776786716,4.004477776786716,2.43857769152992,2.43857769152992,1.0,0.0
2019,3916383,Jackson Tyner,2641,Texas Tech,Big 12,QB,,,8.0,8,0.0,,1.0,2,0.0,0.0,0.0,,,0.125,0.25,0.25,0.25,0.0,0.0,,,,0.0,-5.279396374084065,-0.6599245467605082,-4.505392816207117,-0.5631741020258896,0.0,0.0
2019,3916725,Tom Flacco,119,Towson,CAA,QB,,,34.0,31,3.0,,16.0,104,0.0,2.0,35.0,,,0.5161290322580645,3.3548387096774195,0.45161290322580644,3.0588235294117645,0.0,0.06451612903225806,,,,0.08823529411764706,13.879924360796782,0.40823306943519944,1.4609421448195539,0.04296888661233982,0.45161290322580644,0.0967741935483871
2019,3916726,Jon Wassink,2711,Western Michigan,Mid-American,QB,,,437.0,423,14.0,,240.0,2933,20.0,7.0,116.0,,,0.5673758865248227,6.933806146572104,7.134751773049645,6.711670480549199,0.04728132387706856,0.016548463356973995,,,,0.032036613272311214,224.42203412053087,0.5135515654932057,126.15733926645022,0.2886895635387877,0.5035460992907801,0.10874704491725769
2019,3916911,La'Michael Pettway,66,Iowa State,Big 12,WR,,,2.0,2,0.0,,2.0,60,2.0,0.0,0.0,,,1.0,30.0,50.0,30.0,1.0,0.0,,,,0.0,12.419396374084064,6.209698187042032,6.890355477690925,3.4451777388454623,1.0,0.5
2019,3916947,Jalen Harris,38,Colorado,Pac-12,TE,,,1.0,1,0.0,,1.0,1,1.0,0.0,0.0,,,1.0,1.0,21.0,1.0,1.0,0.0,,,,0.0,3.435726716985417,3.435726716985417,2.45399822917955,2.45399822917955,1.0,0.0
2019,3917100,Q' Drennan,167,New Mexico,Mountain West,WR,,,1.0,1,0.0,,0.0,0,0.0,0.0,0.0,,,0.0,0.0,0.0,0.0,0.0,0.0,,,,0.0,-0.6999999999999997,-0.6999999999999997,-1.1612466882658818,-1.1612466882658818,0.0,0.0
2019,3917141,Daniel David,338,Kennesaw State,Big South,QB,,,25.0,23,2.0,,8.0,176,0.0,0.0,9.0,,,0.34782608695652173,7.6521739130434785,7.6521739130434785,7.04,0.0,0.0,,,,0.08,10.442007470210513,0.4176802988084205,2.124580359574192,0.08498321438296769,0.34782608695652173,0.21739130434782608
2019,3917153,Collin Reed,2026,App State,Sun Belt,TE,,,1.0,1,0.0,,1.0,1,1.0,0.0,0.0,,,1.0,1.0,21.0,1.0,1.0,0.0,,,,0.0,2.7357267169854174,2.7357267169854174,1.900352237473006,1.900352237473006,1.0,0.0
2019,3917166,Omar Bayless,2032,Arkansas State,Sun Belt,WR,,,3.0,3,0.0,,1.0,37,0.0,0.0,0.0,,,0.3333333333333333,12.333333333333334,12.333333333333334,12.333333333333334,0.0,0.0,,,,0.0,1.6033916419933192,0.5344638806644397,-0.27100962462896494,-0.09033654154298831,0.3333333333333333,0.3333333333333333
2019,3917232,Tyler Bass,290,Georgia Southern,Sun Belt,PK,,,1.0,1,0.0,,1.0,7,0.0,0.0,0.0,,,1.0,7.0,7.0,7.0,0.0,0.0,,,,0.0,1.6795591794893672,1.6795591794893672,0.9980107837176927,0.9980107837176927,1.0,0.0
2019,3917280,Nick Tiano,236,Chattanooga,Southern,QB,,,16.0,16,0.0,,4.0,12,0.0,2.0,0.0,,,0.25,0.75,-4.875,0.75,0.0,0.125,,,,0.0,2.800079415784577,0.17500496348653607,-6.374120754520523,-0.3983825471575327,0.375,0.0
2019,3917540,Aaron Winchester,2115,Central Connecticut,NEC,QB,,,26.0,24,2.0,,17.0,215,1.0,0.0,16.0,,,0.7083333333333334,8.958333333333334,9.791666666666666,8.26923076923077,0.041666666666666664,0.0,,,,0.07692307692307693,17.159987401915668,0.6599995154582949,11.997545667433915,0.4614440641320737,0.5,0.125
2019,3917569,Ja'Marcus Bradley,309,Louisiana,Sun Belt,WR,,,3.0,3,0.0,,3.0,31,3.0,0.0,0.0,,,1.0,10.333333333333334,30.333333333333332,10.333333333333334,1.0,0.0,,,,0.0,14.50361721226017,4.83453907075339,8.293174014470118,2.764391338156706,1.0,0.0
2019,3917788,Keyston Fuller,257,Richmond,CAA,WR,,,1.0,1,0.0,,1.0,35,1.0,0.0,0.0,,,1.0,35.0,55.0,35.0,1.0,0.0,,,,0.0,5.949999999999999,5.949999999999999,2.972588783776956,2.972588783776956,1.0,1.0
2019,3917789,Aaron Young,150,Duke,ACC,WR,,,2.0,2,0.0,,0.0,-21,0.0,1.0,0.0,,,0.0,-10.5,-33.0,-10.5,0.0,0.5,,,,0.0,0.1262114910370662,0.0631057455185331,-4.523930359411597,-2.2619651797057987,0.5,0.0
2019,3917793,Quentin Harris,150,Duke,ACC,QB,,,397.0,377,20.0,,204.0,1683,15.0,10.0,129.0,,,0.5411140583554377,4.464190981432361,4.06631299734748,4.239294710327456,0.03978779840848806,0.026525198938992044,,,,0.05037783375314862,122.2239922345886,0.30786899807201157,29.261049804334903,0.07370541512426927,0.4403183023872679,0.06896551724137931
2019,3917796,Austin Parker,150,Duke,ACC,P,,,1.0,1,0.0,,0.0,0,0.0,0.0,0.0,,,0.0,0.0,0.0,0.0,0.0,0.0,,,,0.0,0.6096031330303862,0.6096031330303862,-1.1050243436054465,-1.1050243436054465,1.0,0.0
2019,3917848,Evan Shirreffs,2429,Charlotte,Conference USA,QB,,,2.0,2,0.0,,0.0,0,0.0,0.0,0.0,,,0.0,0.0,0.0,0.0,0.0,0.0,,,,0.0,-1.399999999999999,-0.6999999999999995,-1.3090137606630625,-0.6545068803315313,0.0,0.0
2019,3917957,Carter Stanley,2305,Kansas,Big 12,QB,,,400.0,385,15.0,,225.0,2410,24.0,9.0,119.0,,,0.5844155844155844,6.259740259740259,6.454545454545454,6.025,0.06233766233766234,0.023376623376623377,,,,0.0375,248.8916272678201,0.6222290681695503,123.85949184719586,0.3096487296179896,0.4961038961038961,0.1038961038961039
2019,3917958,Ryan Willis,259,Virginia Tech,ACC,QB,,,134.0,124,10.0,,70.0,756,8.0,3.0,72.0,,,0.5645161290322581,6.096774193548387,6.298387096774194,5.641791044776119,0.06451612903225806,0.024193548387096774,,,,0.07462686567164178,74.1213612436758,0.553144486893103,36.71490878832421,0.27399185662928516,0.49193548387096775,0.10483870967741936
2019,3918038,Chason Virgil,2545,SE Louisiana,Southland,QB,,,46.0,44,2.0,,27.0,277,2.0,3.0,10.0,,,0.6136363636363636,6.295454545454546,4.136363636363637,6.021739130434782,0.045454545454545456,0.06818181818181818,,,,0.043478260869565216,27.893398413555293,0.6063782263816367,13.437226839649444,0.292113626948901,0.5909090909090909,0.045454545454545456
2019,3919609,Jalen McCleskey,2655,Tulane,American Athletic,WR,,,2.0,2,0.0,,2.0,91,2.0,0.0,0.0,,,1.0,45.5,65.5,45.5,1.0,0.0,,,,0.0,13.37,6.685,7.1898920821584955,3.5949460410792478,1.0,1.0
2019,3921561,Deondre Francois,2261,Hampton,Big South,QB,,,29.0,27,2.0,,19.0,228,4.0,1.0,15.0,,,0.7037037037037037,8.444444444444445,9.74074074074074,7.862068965517241,0.14814814814814814,0.037037037037037035,,,,0.06896551724137931,21.40662836700369,0.7381595988621963,11.257362675267379,0.38818491983680614,0.5925925925925926,0.2222222222222222
2019,3921648,Ryan Agnew,21,San Diego State,Mountain West,QB,,,402.0,384,18.0,,229.0,2129,10.0,5.0,156.0,,,0.5963541666666666,5.544270833333333,5.479166666666667,5.296019900497512,0.026041666666666668,0.013020833333333334,,,,0.04477611940298507,145.4324544319048,0.36177227470623086,86.88218130990647,0.21612482912912057,0.5052083333333334,0.08072916666666667
2019,3921685,Josh Love,23,San José State,Mountain West,QB,,,498.0,490,8.0,,293.0,3796,23.0,7.0,78.0,,,0.5979591836734693,7.746938775510204,8.042857142857143,7.622489959839357,0.04693877551020408,0.014285714285714285,,,,0.01606425702811245,276.99832136613367,0.556221528847658,174.18637609147,0.3497718395411044,0.5244897959183673,0.11632653061224489
2019,3921707,Dalton Sneed,149,Montana,Big Sky,QB,,,36.0,33,3.0,,20.0,175,0.0,1.0,12.0,,,0.6060606060606061,5.303030303030303,3.9393939393939394,4.861111111111111,0.0,0.030303030303030304,,,,0.08333333333333333,4.9989631350212544,0.13886008708392372,1.3428232826128448,0.037300646739245685,0.3939393939393939,0.09090909090909091
2019,3921977,Daniel Santacaterina,2546,Southeast Missouri State,OVC,QB,,,26.0,24,2.0,,7.0,5,1.0,1.0,13.0,,,0.2916666666666667,0.20833333333333334,-0.8333333333333334,0.19230769230769232,0.041666666666666664,0.041666666666666664,,,,0.07692307692307693,-12.933531570352324,-0.49744352193662783,-11.912219717434752,-0.45816229682441356,0.125,0.0
2019,3923382,Brett Kean,2429,Charlotte,Conference USA,QB,,,32.0,28,4.0,,12.0,111,2.0,3.0,28.0,,,0.42857142857142855,3.9642857142857144,0.5714285714285714,3.46875,0.07142857142857142,0.10714285714285714,,,,0.125,21.876725635336836,0.6836476761042761,4.421113519716637,0.1381597974911449,0.39285714285714285,0.10714285714285714
2019,3923392,Mitchell Wilcox,58,South Florida,American Athletic,TE,,,4.0,4,0.0,,4.0,76,4.0,0.0,0.0,,,1.0,19.0,39.0,19.0,1.0,0.0,,,,0.0,20.439996672617884,5.109999168154471,11.155037529959857,2.7887593824899644,1.0,0.5
2019,3924367,Kyle Markway,2579,South Carolina,SEC,TE,,,2.0,2,0.0,,2.0,33,2.0,0.0,0.0,,,1.0,16.5,36.5,16.5,1.0,0.0,,,,0.0,10.423391641993318,5.211695820996659,5.862523105526726,2.931261552763363,1.0,0.5
2019,3927948,Ryan Stanley,50,Florida A&M,MEAC,QB,,,26.0,25,1.0,,7.0,44,0.0,0.0,8.0,,,0.28,1.76,1.76,1.6923076923076923,0.0,0.0,,,,0.038461538461538464,-7.196328041745513,-0.2767818477594428,-2.550811423010318,-0.098108131654243,0.2,0.0
2019,3928455,Noah Johnson,2016,Alcorn State,SWAC,QB,,,39.0,35,4.0,,17.0,119,0.0,0.0,24.0,,,0.4857142857142857,3.4,3.4,3.051282051282051,0.0,0.0,,,,0.10256410256410256,-2.973072270274056,-0.07623262231471939,3.1288622848049106,0.08022723807192078,0.34285714285714286,0.02857142857142857
2019,3928803,Tracy James,2000,Abilene Christian,Southland,RB,,,1.0,1,0.0,,0.0,0,0.0,0.0,0.0,,,0.0,0.0,0.0,0.0,0.0,0.0,,,,0.0,-0.6999999999999993,-0.6999999999999993,-0.362082681028621,-0.362082681028621,0.0,0.0
2019,3928932,Tony Nicholson,166,New Mexico State,FBS Independents,WR,,,3.0,3,0.0,,1.0,7,1.0,0.0,0.0,,,0.3333333333333333,2.3333333333333335,9.0,2.3333333333333335,0.3333333333333333,0.0,,,,0.0,2.303391641993318,0.7677972139977727,1.2932931951378976,0.43109773171263255,0.3333333333333333,0.0
2019,3929199,Manny Miles,2305,Kansas,Big 12,QB,,,19.0,18,1.0,,9.0,83,1.0,2.0,4.0,,,0.5,4.611111111111111,0.7222222222222222,4.368421052631579,0.05555555555555555,0.1111111111111111,,,,0.05263157894736842,14.294749565768774,0.7523552403036197,3.7127178647441244,0.1954062034075855,0.5,0.1111111111111111
2019,3929645,Juwan Johnson,2483,Oregon,Pac-12,WR,,,1.0,1,0.0,,0.0,0,0.0,0.0,0.0,,,0.0,0.0,0.0,0.0,0.0,0.0,,,,0.0,-0.6999999999999997,-0.6999999999999997,-0.9391692565688832,-0.9391692565688832,0.0,0.0
2019,3929786,Donavan Hale,84,Indiana,Big Ten,WR,,,1.0,1,0.0,,1.0,49,1.0,0.0,0.0,,,1.0,49.0,69.0,49.0,1.0,0.0,,,,0.0,7.629999999999999,7.629999999999999,4.857919418819339,4.857919418819339,1.0,1.0
2019,3929824,Brian Lewerke,127,Michigan State,Big Ten,QB,,,466.0,449,17.0,,256.0,2754,19.0,13.0,113.0,,,0.5701559020044543,6.133630289532294,5.67706013363029,5.909871244635193,0.042316258351893093,0.028953229398663696,,,,0.03648068669527897,176.61950776877975,0.3790118192463085,86.59278086512396,0.18582141816550204,0.49443207126948774,0.09131403118040089
2019,3929831,Darrell Stewart Jr.,127,Michigan State,Big Ten,WR,,,1.0,1,0.0,,1.0,17,0.0,0.0,0.0,,,1.0,17.0,17.0,17.0,0.0,0.0,,,,0.0,2.3593546857172343,2.3593546857172343,1.391212330965425,1.391212330965425,1.0,0.0
2019,3930294,Daniel Rodriguez,204,Oregon State,Pac-12,P,,,1.0,1,0.0,,0.0,0,0.0,0.0,0.0,,,0.0,0.0,0.0,0.0,0.0,0.0,,,,0.0,3.8494248796683146,3.8494248796683146,0.05869299167143893,0.05869299167143893,1.0,0.0
2019,3932354,Talon Shumway,252,BYU,FBS Independents,WR,,,1.0,1,0.0,,1.0,14,1.0,0.0,0.0,,,1.0,14.0,34.0,14.0,1.0,0.0,,,,0.0,4.48,4.48,2.5482831751790815,2.5482831751790815,1.0,0.0
2019,3932355,Micah Simon,252,BYU,FBS Independents,WR,,,3.0,3,0.0,,2.0,62,1.0,0.0,0.0,,,0.6666666666666666,20.666666666666668,27.333333333333332,20.666666666666668,0.3333333333333333,0.0,,,,0.0,7.849611624327842,2.6165372081092806,3.6804523149425403,1.22681743831418,0.6666666666666666,0.3333333333333333
2019,3932429,Chris Finke,87,Notre Dame,FBS Independents,WR,,,2.0,2,0.0,,1.0,49,1.0,0.0,5.0,,,0.5,24.5,34.5,24.5,0.5,0.0,,,,0.0,5.883164271174886,2.941582135587443,2.8115175699488724,1.4057587849744362,0.5,0.5
2019,3932451,Brandon Wimbush,2116,UCF,American Athletic,QB,,,23.0,23,0.0,,12.0,155,1.0,0.0,0.0,,,0.5217391304347826,6.739130434782608,7.608695652173913,6.739130434782608,0.043478260869565216,0.0,,,,0.0,8.874682735181459,0.38585577109484603,5.106433641835425,0.22201885399284454,0.391304347826087,0.08695652173913043
2019,3932903,Mitchell Guadagni,2649,Toledo,Mid-American,QB,,,141.0,131,10.0,,78.0,1043,7.0,2.0,56.0,,,0.5954198473282443,7.961832061068702,8.34351145038168,7.397163120567376,0.05343511450381679,0.015267175572519083,,,,0.07092198581560284,69.48844324250159,0.49282583859930207,49.4221464780639,0.35051167714938936,0.5038167938931297,0.13740458015267176
2019,3933108,Joe Pyle,2546,Southeast Missouri State,OVC,QB,,,8.0,7,1.0,,2.0,7,0.0,0.0,6.0,,,0.2857142857142857,1.0,1.0,0.875,0.0,0.0,,,,0.125,-3.237696863017503,-0.40471210787718787,-3.011068211741227,-0.3763835264676534,0.14285714285714285,0.0
2019,3933175,Carson Coats,2032,Arkansas State,Sun Belt,QB,,,2.0,2,0.0,,1.0,7,0.0,0.0,0.0,,,0.5,3.5,3.5,3.5,0.0,0.0,,,,0.0,0.0004408205106325447,0.00022041025531627234,-0.30647952851518123,-0.15323976425759062,0.5,0.0
2019,3933408,Jalen Morton,2504,Prairie View A&M,SWAC,QB,,,11.0,11,0.0,,3.0,46,0.0,0.0,0.0,,,0.2727272727272727,4.181818181818182,4.181818181818182,4.181818181818182,0.0,0.0,,,,0.0,-1.8344777767867164,-0.16677070698061058,-0.8824004881444899,-0.08021822619495363,0.2727272727272727,0.09090909090909091
2019,3934183,Devin Williams,2640,Texas Southern,SWAC,QB,,,11.0,11,0.0,,4.0,13,0.0,0.0,0.0,,,0.36363636363636365,1.1818181818181819,1.1818181818181819,1.1818181818181819,0.0,0.0,,,,0.0,-5.213858702914013,-0.47398715481036485,-6.5951109353363515,-0.5995555395760319,0.18181818181818182,0.0
2019,3945456,Akevious Williams,2065,Bethune-Cookman,MEAC,QB,,,21.0,19,2.0,,8.0,23,0.0,0.0,10.0,,,0.42105263157894735,1.2105263157894737,1.2105263157894737,1.0952380952380953,0.0,0.0,,,,0.09523809523809523,-8.919837194594695,-0.42475415212355694,-0.510513892270545,-0.02431018534621643,0.21052631578947367,0.0
2019,3949979,Kylil Carter,2448,North Carolina A&T,MEAC,QB,,,23.0,22,1.0,,7.0,92,0.0,0.0,5.0,,,0.3181818181818182,4.181818181818182,4.181818181818182,4.0,0.0,0.0,,,,0.043478260869565216,-4.286409340414206,-0.18636562349626984,-4.332582681042794,-0.18837316004533888,0.22727272727272727,0.09090909090909091
2019,4027419,Eric Barriere,331,Eastern Washington,Big Sky,QB,,,42.0,39,3.0,,21.0,177,1.0,0.0,32.0,,,0.5384615384615384,4.538461538461538,5.051282051282051,4.214285714285714,0.02564102564102564,0.0,,,,0.07142857142857142,5.1597145250180185,0.12285034583376235,-11.304132116397213,-0.2691460027713622,0.38461538461538464,0.07692307692307693
2019,4027860,Gresch Jensen,326,Texas State,Sun Belt,QB,,,208.0,194,14.0,,112.0,885,5.0,6.0,107.0,,,0.5773195876288659,4.561855670103093,3.685567010309278,4.2548076923076925,0.02577319587628866,0.030927835051546393,,,,0.0673076923076923,57.46363205838657,0.2762674618191662,7.747521058779831,0.03724769739797996,0.4536082474226804,0.061855670103092786
2019,4028076,Davis Alexander,2502,Portland State,Big Sky,QB,,,66.0,55,11.0,,21.0,112,1.0,2.0,58.0,,,0.38181818181818183,2.036363636363636,0.7636363636363637,1.696969696969697,0.01818181818181818,0.03636363636363636,,,,0.16666666666666666,1.4017428142066461,0.021238527487979487,-4.433691950251904,-0.0671771507613925,0.2909090909090909,0.03636363636363636
2019,4029885,Stephen Calvert,2335,Liberty,FBS Independents,QB,,,481.0,458,23.0,,250.0,3451,28.0,6.0,171.0,,,0.5458515283842795,7.534934497816594,8.168122270742359,7.174636174636174,0.0611353711790393,0.013100436681222707,,,,0.04781704781704782,289.8735761325571,0.6026477674273536,179.6878466950478,0.37357140685041124,0.5,0.12008733624454149
2019,4030387,Chance Thrasher,2193,East Tennessee State,Southern,QB,,,7.0,6,1.0,,3.0,21,0.0,0.0,2.0,,,0.5,3.5,3.5,3.0,0.0,0.0,,,,0.14285714285714285,-0.7213136585255446,-0.10304480836079209,0.35937270113226927,0.0513389573046099,0.5,0.0
2019,4030389,Austin Bradley,2261,Hampton,Big South,QB,,,1.0,1,0.0,,1.0,4,0.0,0.0,0.0,,,1.0,4.0,4.0,4.0,0.0,0.0,,,,0.0,-0.013213388631248435,-0.013213388631248435,-0.1369390380115582,-0.1369390380115582,0.0,0.0
2019,4030476,John Chiarolanzio,2083,Bucknell,Patriot,QB,,,8.0,8,0.0,,3.0,69,0.0,0.0,0.0,,,0.375,8.625,8.625,8.625,0.0,0.0,,,,0.0,2.8881891222521916,0.36102364028152395,4.0385162689989,0.5048145336248625,0.375,0.125
2019,4030554,Emmett Clifford,107,Holy Cross,Patriot,QB,,,7.0,7,0.0,,2.0,16,0.0,0.0,0.0,,,0.2857142857142857,2.2857142857142856,2.2857142857142856,2.2857142857142856,0.0,0.0,,,,0.0,-3.391461925268294,-0.48449456075261343,-4.872971902244692,-0.6961388431778132,0.2857142857142857,0.0
2019,4030759,DeAndre Harris,2415,Morgan State,MEAC,QB,,,28.0,28,0.0,,14.0,138,2.0,2.0,0.0,,,0.5,4.928571428571429,3.142857142857143,4.928571428571429,0.07142857142857142,0.07142857142857142,,,,0.0,33.32472111691447,1.1901686113183738,16.339355207832853,0.5835484002797448,0.5,0.14285714285714285
2019,4031136,Connor Sampson,2710,Western Illinois,MVFC,QB,,,51.0,44,7.0,,22.0,98,1.0,0.0,53.0,,,0.5,2.227272727272727,2.6818181818181817,1.9215686274509804,0.022727272727272728,0.0,,,,0.13725490196078433,-1.1976589614949347,-0.023483509048920288,-10.220144504881198,-0.2003949902917882,0.3181818181818182,0.045454545454545456
2019,4032198,Breylin Smith,2110,Central Arkansas,Southland,QB,,,85.0,82,3.0,,48.0,419,4.0,1.0,25.0,,,0.5853658536585366,5.109756097560975,5.536585365853658,4.929411764705883,0.04878048780487805,0.012195121951219513,,,,0.03529411764705882,15.903182958044614,0.18709627009464253,2.8817042778488857,0.03390240326881042,0.4268292682926829,0.10975609756097561
2019,4032199,Carlos Blackman,2110,Central Arkansas,Southland,RB,,,2.0,2,0.0,,2.0,84,2.0,0.0,0.0,,,1.0,42.0,62.0,42.0,1.0,0.0,,,,0.0,13.570388375672156,6.785194187836078,9.082030717081684,4.541015358540842,1.0,0.5
2019,4032239,Brandon Rainey,2643,The Citadel,Southern,RB,,,6.0,5,1.0,,1.0,18,1.0,1.0,4.0,,,0.2,3.6,-1.4,3.0,0.2,0.2,,,,0.16666666666666666,9.023694835300786,1.5039491392167976,4.644512999617616,0.7740854999362693,0.6,0.2
2019,4032443,Reed King,2678,VMI,Southern,PK,,,1.0,1,0.0,,0.0,0,0.0,0.0,0.0,,,0.0,0.0,0.0,0.0,0.0,0.0,,,,0.0,5.0556078651211305,5.0556078651211305,0.23337660163398688,0.23337660163398688,1.0,0.0
2019,4032491,Aubry Payne,2247,Georgia State,Sun Belt,TE,,,1.0,1,0.0,,1.0,40,1.0,0.0,0.0,,,1.0,40.0,60.0,40.0,1.0,0.0,,,,0.0,6.299999999999999,6.299999999999999,3.189049143937341,3.189049143937341,1.0,1.0
2019,4032575,Joe Newman,2747,Wofford,Southern,QB,,,9.0,9,0.0,,3.0,94,1.0,1.0,0.0,,,0.3333333333333333,10.444444444444445,7.666666666666667,10.444444444444445,0.1111111111111111,0.1111111111111111,,,,0.0,15.832601271417854,1.7591779190464283,7.102920013081828,0.7892133347868698,0.4444444444444444,0.2222222222222222
2019,4032658,Brendan Bognar,93,Murray State,OVC,QB,,,11.0,11,0.0,,6.0,59,0.0,1.0,0.0,,,0.5454545454545454,5.363636363636363,1.2727272727272727,5.363636363636363,0.0,0.09090909090909091,,,,0.0,2.7079190008590053,0.24617445462354592,-0.4268870743213098,-0.0388079158473918,0.5454545454545454,0.09090909090909091
2019,4032735,Vito Priore,227,Rhode Island,CAA,QB,,,99.0,94,5.0,,48.0,535,3.0,1.0,42.0,,,0.5106382978723404,5.691489361702128,5.851063829787234,5.404040404040404,0.031914893617021274,0.010638297872340425,,,,0.050505050505050504,27.337543169323006,0.2761367996901314,12.560809983909609,0.1268768685243395,0.43617021276595747,0.0851063829787234
2019,4032749,Aaron Parker,227,Rhode Island,CAA,WR,,,1.0,1,0.0,,0.0,0,0.0,0.0,0.0,,,0.0,0.0,0.0,0.0,0.0,0.0,,,,0.0,-0.6999999999999993,-0.6999999999999993,-1.2656385469031513,-1.2656385469031513,0.0,0.0
2019,4033843,Jack Cassidy,2619,Stony Brook,CAA,QB,,,28.0,28,0.0,,14.0,129,1.0,1.0,0.0,,,0.5,4.607142857142857,3.7142857142857144,4.607142857142857,0.03571428571428571,0.03571428571428571,,,,0.0,7.055310602246699,0.2519753786516678,5.090328002150486,0.18179742864823165,0.5,0.0
2019,4033850,Tyquell Fields,2619,Stony Brook,CAA,QB,,,14.0,14,0.0,,5.0,26,0.0,0.0,0.0,,,0.35714285714285715,1.8571428571428572,1.8571428571428572,1.8571428571428572,0.0,0.0,,,,0.0,-4.947895659190098,-0.35342111851357844,-3.213119830126879,-0.22950855929477706,0.2857142857142857,0.0
2019,4033880,Ryan Stover,119,Towson,CAA,QB,,,5.0,5,0.0,,2.0,26,0.0,0.0,0.0,,,0.4,5.2,5.2,5.2,0.0,0.0,,,,0.0,1.3527880160773829,0.27055760321547656,2.1743444827977463,0.43486889655954925,0.4,0.0
2019,4034303,Chris Ferguson,311,Maine,CAA,QB,,,48.0,47,1.0,,22.0,203,0.0,1.0,2.0,,,0.46808510638297873,4.319148936170213,3.3617021276595747,4.229166666666667,0.0,0.02127659574468085,,,,0.020833333333333332,15.237664584824115,0.3174513455171691,5.218145373953691,0.10871136195736857,0.40425531914893614,0.0425531914893617
2019,4034320,Earnest Edwards,311,Maine,CAA,WR,,,2.0,2,0.0,,1.0,11,0.0,0.0,0.0,,,0.5,5.5,5.5,5.5,0.0,0.0,,,,0.0,0.07000000000000028,0.03500000000000014,0.06777147917510173,0.03388573958755087,0.5,0.0
2019,4034572,Luke Ward,2635,Tennessee Tech,OVC,QB,,,8.0,8,0.0,,6.0,85,2.0,0.0,0.0,,,0.75,10.625,15.625,10.625,0.25,0.0,,,,0.0,13.11656533114926,1.6395706663936576,7.1284449769934195,0.8910556221241774,0.625,0.125
2019,4034607,Liam Welch,2535,Samford,Southern,QB,,,26.0,24,2.0,,12.0,37,0.0,2.0,18.0,,,0.5,1.5416666666666667,-2.2083333333333335,1.4230769230769231,0.0,0.08333333333333333,,,,0.07692307692307693,1.7337378261765504,0.06668222408371348,-5.359593969524561,-0.20613822959709852,0.3333333333333333,0.041666666666666664
2019,4034857,Patrick O'Brien,36,Colorado State,Mountain West,QB,,,378.0,357,21.0,,206.0,2414,14.0,6.0,145.0,,,0.5770308123249299,6.761904761904762,6.7899159663865545,6.386243386243386,0.0392156862745098,0.01680672268907563,,,,0.05555555555555555,192.3070077648735,0.5087486977906707,125.54691368618487,0.33213469229149434,0.49859943977591037,0.10364145658263306
2019,4034860,JD Spielman,158,Nebraska,Big Ten,WR,,,2.0,2,0.0,,1.0,37,0.0,0.0,0.0,,,0.5,18.5,18.5,18.5,0.0,0.0,,,,0.0,1.8900000000000001,0.9450000000000001,2.1689263916935966,1.0844631958467983,0.5,0.5
2019,4034946,Kyle Trask,57,Florida,SEC,QB,,,391.0,371,20.0,,233.0,2771,22.0,7.0,162.0,,,0.628032345013477,7.46900269541779,7.8059299191374665,7.086956521739131,0.05929919137466307,0.018867924528301886,,,,0.05115089514066496,220.75894671786804,0.5646008867464656,136.05450479433335,0.34796548540750216,0.5417789757412399,0.12668463611859837
2019,4034948,Feleipe Franks,57,Florida,SEC,QB,,,76.0,73,3.0,,53.0,628,5.0,3.0,12.0,,,0.726027397260274,8.602739726027398,8.123287671232877,8.263157894736842,0.0684931506849315,0.0410958904109589,,,,0.039473684210526314,79.45038975312046,1.0453998651726377,41.549376471725324,0.5467023219963858,0.6712328767123288,0.1095890410958904
2019,4034952,Lamical Perine,57,Florida,SEC,RB,,,2.0,2,0.0,,1.0,1,1.0,0.0,0.0,,,0.5,0.5,10.5,0.5,0.5,0.0,,,,0.0,3.4357267169854167,1.7178633584927083,1.931052747205976,0.965526373602988,0.5,0.0
2019,4035003,Jacob Eason,264,Washington,Pac-12,QB,,,441.0,424,17.0,,257.0,2766,25.0,9.0,147.0,,,0.6061320754716981,6.523584905660377,6.747641509433962,6.272108843537415,0.0589622641509434,0.02122641509433962,,,,0.03854875283446712,235.98424714389466,0.5351116715281058,122.67624565063518,0.2781774277792181,0.5070754716981132,0.11320754716981132
2019,4035051,Gunnar Hoak,194,Ohio State,Big Ten,QB,,,10.0,8,2.0,,6.0,118,1.0,0.0,11.0,,,0.75,14.75,17.25,11.8,0.125,0.0,,,,0.2,12.130378461976292,1.2130378461976292,11.924673637350665,1.1924673637350665,0.75,0.25
2019,4035100,Micah Wilson,142,Missouri,SEC,WR,,,1.0,1,0.0,,1.0,15,1.0,0.0,0.0,,,1.0,15.0,35.0,15.0,1.0,0.0,,,,0.0,5.164220838176107,5.164220838176107,2.826560600012508,2.826560600012508,1.0,0.0
2019,4035167,Jarrett Guarantano,2633,Tennessee,SEC,QB,,,280.0,268,12.0,,149.0,1959,15.0,7.0,92.0,,,0.5559701492537313,7.309701492537314,7.253731343283582,6.996428571428571,0.055970149253731345,0.026119402985074626,,,,0.04285714285714286,153.84529555927574,0.5494474841402704,80.18802438622414,0.2863858013793719,0.48507462686567165,0.13432835820895522
2019,4035221,Quartney Davis,245,Texas A&M,SEC,WR,,,1.0,1,0.0,,1.0,27,1.0,0.0,0.0,,,1.0,27.0,47.0,27.0,1.0,0.0,,,,0.0,5.544477776786716,5.544477776786716,2.792479188480954,2.792479188480954,1.0,1.0
2019,4035225,Nick Starkel,8,Arkansas,SEC,QB,,,183.0,181,2.0,,97.0,1027,7.0,8.0,13.0,,,0.5359116022099447,5.6740331491712706,4.458563535911602,5.612021857923497,0.03867403314917127,0.04419889502762431,,,,0.01092896174863388,74.04794612382813,0.40463358537611,32.318120762563964,0.176601752800896,0.47513812154696133,0.09392265193370165
2019,4035277,Kalija Lipscomb,238,Vanderbilt,SEC,WR,,,1.0,1,0.0,,1.0,18,1.0,0.0,0.0,,,1.0,18.0,38.0,18.0,1.0,0.0,,,,0.0,5.753213388631249,5.753213388631249,3.1060203335870806,3.1060203335870806,1.0,0.0
2019,4035278,Sam Loy,8,Arkansas,SEC,P,,,1.0,1,0.0,,0.0,-2,0.0,1.0,0.0,,,0.0,-2.0,-47.0,-2.0,0.0,1.0,,,,0.0,3.4945217303277345,3.4945217303277345,0.059877269575906666,0.059877269575906666,1.0,0.0
2019,4035285,Deuce Wallace,238,Vanderbilt,SEC,QB,,,115.0,108,7.0,,43.0,239,0.0,4.0,48.0,,,0.39814814814814814,2.212962962962963,0.5462962962962963,2.0782608695652174,0.0,0.037037037037037035,,,,0.06086956521739131,-14.278447991849884,-0.12416041732043377,-31.110422256293617,-0.27052541092429233,0.28703703703703703,0.0
2019,4035292,Shea Patterson,130,Michigan,Big Ten,QB,,,417.0,399,18.0,,210.0,2801,19.0,8.0,190.0,,,0.5263157894736842,7.020050125313284,7.0701754385964914,6.7170263788968825,0.047619047619047616,0.020050125313283207,,,,0.04316546762589928,188.12918117727327,0.45114911553302944,99.64590316647347,0.23895900039921697,0.47619047619047616,0.12531328320802004
2019,4035312,Anthony Brown,103,Boston College,ACC,QB,,,137.0,135,2.0,,78.0,1128,7.0,2.0,12.0,,,0.5777777777777777,8.355555555555556,8.725925925925926,8.233576642335766,0.05185185185185185,0.014814814814814815,,,,0.014598540145985401,100.98294002941319,0.7371017520395123,72.46116986162758,0.5289136486250189,0.5037037037037037,0.1259259259259259
2019,4035319,Kobay White,103,Boston College,ACC,WR,,,2.0,2,0.0,,1.0,13,1.0,1.0,0.0,,,0.5,6.5,-6.0,6.5,0.5,0.5,,,,0.0,1.6806892678237837,0.8403446339118918,-1.668261125762768,-0.834130562881384,0.5,0.0
2019,4035390,Jared Atkinson,239,Baylor,Big 12,WR,,,1.0,1,0.0,,0.0,0,0.0,0.0,0.0,,,0.0,0.0,0.0,0.0,0.0,0.0,,,,0.0,-0.6999999999999997,-0.6999999999999997,-0.6351269961541294,-0.6351269961541294,0.0,0.0
2019,4035403,Denzel Mims,239,Baylor,Big 12,WR,,,3.0,3,0.0,,3.0,63,3.0,0.0,0.0,,,1.0,21.0,41.0,21.0,1.0,0.0,,,,0.0,14.824220838176107,4.941406946058702,7.919918905176214,2.639972968392071,1.0,0.6666666666666666
2019,4035409,Zach Smith,202,Tulsa,American Athletic,QB,,,498.0,463,35.0,,243.0,2990,21.0,9.0,221.0,,,0.5248380129589633,6.457883369330453,6.490280777537797,6.004016064257028,0.04535637149028078,0.019438444924406047,,,,0.07028112449799197,227.68987777870407,0.45720858991707647,114.17840967112633,0.2292739150022617,0.48812095032397407,0.09935205183585313
2019,4035524,Deshaunte Jones,66,Iowa State,Big 12,WR,,,3.0,2,1.0,,0.0,-3,0.0,0.0,3.0,,,0.0,-1.5,-1.5,-1.0,0.0,0.0,,,,0.3333333333333333,-1.8270458511351988,-0.609015283711733,-2.8831359488717667,-0.9610453162905889,0.0,0.0
2019,4035584,Cole Kelley,2545,SE Louisiana,Southland,QB,,,1.0,1,0.0,,0.0,0,0.0,0.0,0.0,,,0.0,0.0,0.0,0.0,0.0,0.0,,,,0.0,-0.7000000000000006,-0.7000000000000006,-0.6013143962559822,-0.6013143962559822,0.0,0.0
2019,4035588,Jack Lindsey,8,Arkansas,SEC,QB,,,30.0,30,0.0,,13.0,126,3.0,0.0,0.0,,,0.43333333333333335,4.2,6.2,4.2,0.1,0.0,,,,0.0,9.012748156436173,0.30042493854787244,-1.3575204732926858,-0.045250682443089524,0.3,0.03333333333333333
2019,4035593,Cheyenne O'Grady,8,Arkansas,SEC,TE,,,2.0,2,0.0,,2.0,53,2.0,0.0,0.0,,,1.0,26.5,46.5,26.5,1.0,0.0,,,,0.0,11.229396374084061,5.6146981870420305,6.153285039800133,3.0766425199000667,1.0,0.5
2019,4035603,Malik Henry,2440,Nevada,Mountain West,QB,,,81.0,78,3.0,,39.0,507,1.0,3.0,13.0,,,0.5,6.5,5.0256410256410255,6.2592592592592595,0.01282051282051282,0.038461538461538464,,,,0.037037037037037035,27.993260613338723,0.3455958100412188,9.368484372052626,0.11566030088953859,0.46153846153846156,0.11538461538461539
2019,4035633,Aidan Smith,77,Northwestern,Big Ten,QB,,,186.0,177,9.0,,83.0,635,4.0,8.0,45.0,,,0.4689265536723164,3.5875706214689265,2.005649717514124,3.413978494623656,0.022598870056497175,0.04519774011299435,,,,0.04838709677419355,30.642037400021454,0.16474213655925513,-12.477549253743364,-0.06708359813840518,0.4124293785310734,0.04519774011299435
2019,4035671,Tyler Huntley,254,Utah,Pac-12,QB,,,295.0,285,10.0,,199.0,2719,16.0,2.0,96.0,,,0.6982456140350877,9.540350877192983,10.347368421052632,9.216949152542373,0.056140350877192984,0.007017543859649123,,,,0.03389830508474576,252.98532689564524,0.857577379307272,164.51589503686094,0.5576810001249524,0.6140350877192983,0.15789473684210525
2019,4035687,Michael Pittman Jr.,30,USC,Pac-12,WR,,,3.0,3,0.0,,3.0,82,3.0,0.0,0.0,,,1.0,27.333333333333332,47.333333333333336,27.333333333333332,1.0,0.0,,,,0.0,16.71033593083368,5.57011197694456,10.76633547381984,3.58877849127328,1.0,0.3333333333333333
2019,4035691,Matt Fink,30,USC,Pac-12,QB,,,92.0,89,3.0,,56.0,464,4.0,5.0,35.0,,,0.6292134831460674,5.213483146067416,3.5842696629213484,5.043478260869565,0.0449438202247191,0.056179775280898875,,,,0.03260869565217391,30.407965888300858,0.3305213683510963,8.58099738052958,0.0932717106579302,0.5280898876404494,0.07865168539325842
2019,4035692,Tyler Vaughns,30,USC,Pac-12,WR,,,1.0,1,0.0,,1.0,49,1.0,0.0,0.0,,,1.0,49.0,69.0,49.0,1.0,0.0,,,,0.0,6.93,6.93,3.7623305516372483,3.7623305516372483,1.0,1.0
2019,4035703,Cary Angeline,152,NC State,ACC,TE,,,1.0,1,0.0,,1.0,4,1.0,0.0,0.0,,,1.0,4.0,24.0,4.0,1.0,0.0,,,,0.0,3.770388375672157,3.770388375672157,2.3338902404479605,2.3338902404479605,1.0,0.0
2019,4035765,Kare Lyles,79,Southern Illinois,MVFC,QB,,,33.0,32,1.0,,19.0,259,2.0,1.0,6.0,,,0.59375,8.09375,7.9375,7.848484848484849,0.0625,0.03125,,,,0.030303030303030304,13.492190909401346,0.408854269981859,4.00174725312323,0.12126506827646151,0.5,0.15625
2019,4035793,Quintez Cephus,275,Wisconsin,Big Ten,WR,,,1.0,1,0.0,,1.0,47,1.0,0.0,0.0,,,1.0,47.0,67.0,47.0,1.0,0.0,,,,0.0,6.789999999999999,6.789999999999999,3.61320224126643,3.61320224126643,1.0,1.0
2019,4035823,Devon Modster,25,California,Pac-12,QB,,,154.0,138,16.0,,61.0,479,5.0,5.0,92.0,,,0.4420289855072464,3.471014492753623,2.5652173913043477,3.1103896103896105,0.036231884057971016,0.036231884057971016,,,,0.1038961038961039,45.6284755099027,0.2962888020123552,-2.897579268350313,-0.01881544979448255,0.39855072463768115,0.06521739130434782
2019,4035826,Demetric Felton,26,UCLA,Pac-12,RB,,,3.0,3,0.0,,3.0,178,3.0,0.0,0.0,,,1.0,59.333333333333336,79.33333333333333,59.333333333333336,1.0,0.0,,,,0.0,24.974220838176105,8.324740279392035,16.76455968288052,5.588186560960174,1.0,0.6666666666666666
2019,4035854,Collin Moore,25,California,Pac-12,TE,,,1.0,1,0.0,,1.0,4,1.0,0.0,0.0,,,1.0,4.0,24.0,4.0,1.0,0.0,,,,0.0,3.070388375672157,3.070388375672157,1.688190518713975,1.688190518713975,1.0,0.0
2019,4035894,Tyriek Starks,2504,Prairie View A&M,SWAC,QB,,,14.0,12,2.0,,3.0,64,1.0,1.0,9.0,,,0.25,5.333333333333333,3.25,4.571428571428571,0.08333333333333333,0.08333333333333333,,,,0.14285714285714285,7.257040687219854,0.5183600490871324,2.517514965422232,0.17982249753015944,0.3333333333333333,0.08333333333333333
2019,4035995,Jawon Pass,97,Louisville,ACC,QB,,,53.0,49,4.0,,23.0,297,3.0,1.0,28.0,,,0.46938775510204084,6.061224489795919,6.36734693877551,5.60377358490566,0.061224489795918366,0.02040816326530612,,,,0.07547169811320754,22.141881144626367,0.4177713423514409,10.857722102516403,0.20486268117955478,0.4489795918367347,0.08163265306122448
2019,4035996,Seth Dawkins,97,Louisville,ACC,WR,,,1.0,1,0.0,,1.0,55,1.0,0.0,0.0,,,1.0,55.0,75.0,55.0,1.0,0.0,,,,0.0,8.20034867619685,8.20034867619685,5.693927130124614,5.693927130124614,1.0,1.0
2019,4036026,Dez Fitzpatrick,97,Louisville,ACC,WR,,,1.0,1,0.0,,1.0,5,1.0,0.0,0.0,,,1.0,5.0,25.0,5.0,1.0,0.0,,,,0.0,5.404477776786716,5.404477776786716,3.052592157810592,3.052592157810592,1.0,0.0
2019,4036055,Maurice Ffrench,221,Pittsburgh,ACC,WR,,,1.0,1,0.0,,1.0,14,1.0,0.0,0.0,,,1.0,14.0,34.0,14.0,1.0,0.0,,,,0.0,4.48,4.48,2.5482831751790815,2.5482831751790815,1.0,0.0
2019,4036065,Thomas MacVittie,2305,Kansas,Big 12,QB,,,1.0,1,0.0,,0.0,-5,0.0,1.0,0.0,,,0.0,-5.0,-50.0,-5.0,0.0,1.0,,,,0.0,0.4062114910370669,0.4062114910370669,-3.076632796107061,-3.076632796107061,1.0,0.0
2019,4036066,Aaron Mathews,221,Pittsburgh,ACC,WR,,,1.0,1,0.0,,1.0,43,1.0,0.0,0.0,,,1.0,43.0,63.0,43.0,1.0,0.0,,,,0.0,6.51,6.51,3.3523700879308542,3.3523700879308542,1.0,1.0
2019,4036149,Nate Stanley,2294,Iowa,Big Ten,QB,,,438.0,420,18.0,,236.0,2638,17.0,7.0,220.0,,,0.5619047619047619,6.280952380952381,6.34047619047619,6.0228310502283104,0.04047619047619048,0.016666666666666666,,,,0.0410958904109589,174.13388946927026,0.39756595769239783,97.41719833364265,0.22241369482566814,0.4785714285714286,0.11666666666666667
2019,4036189,Thaddeus Moss,99,LSU,SEC,TE,,,1.0,1,0.0,,1.0,8,1.0,0.0,0.0,,,1.0,8.0,28.0,8.0,1.0,0.0,,,,0.0,4.579396374084063,4.579396374084063,2.676770954733065,2.676770954733065,1.0,0.0
2019,4036210,Tyrrell Pigrome,120,Maryland,Big Ten,QB,,,134.0,125,9.0,,66.0,473,5.0,6.0,75.0,,,0.528,3.784,2.424,3.529850746268657,0.04,0.048,,,,0.06716417910447761,17.33093428414065,0.12933533047866155,-18.640063873500193,-0.13910495427985217,0.416,0.072
2019,4036262,Brandon Peters,356,Illinois,Big Ten,QB,,,312.0,292,20.0,,150.0,1565,19.0,6.0,167.0,,,0.5136986301369864,5.359589041095891,5.736301369863014,5.016025641025641,0.06506849315068493,0.02054794520547945,,,,0.0641025641025641,97.15322270842547,0.3113885343218765,56.1712613972152,0.18003609422184358,0.4212328767123288,0.08904109589041095
2019,4036275,Sean McKeon,130,Michigan,Big Ten,TE,,,1.0,1,0.0,,1.0,6,1.0,0.0,0.0,,,1.0,6.0,26.0,6.0,1.0,0.0,,,,0.0,3.513213388631248,3.513213388631248,2.052489771065277,2.052489771065277,1.0,0.0
2019,4036357,Collin Hill,36,Colorado State,Mountain West,QB,,,102.0,100,2.0,,65.0,737,5.0,2.0,18.0,,,0.65,7.37,7.47,7.2254901960784315,0.05,0.02,,,,0.0196078431372549,56.42227728904173,0.553159581265115,37.65248358652153,0.3691419959462895,0.57,0.06
2019,4036378,Jordan Love,328,Utah State,Mountain West,QB,,,505.0,490,15.0,,292.0,3052,23.0,16.0,92.0,,,0.5959183673469388,6.228571428571429,5.697959183673469,6.043564356435644,0.04693877551020408,0.0326530612244898,,,,0.0297029702970297,214.4493948147092,0.42465226695982017,98.39896455473583,0.19484943476185312,0.46938775510204084,0.09591836734693877
2019,4036419,Skylar Thompson,2306,Kansas State,Big 12,QB,,,326.0,309,17.0,,170.0,2067,10.0,5.0,106.0,,,0.5501618122977346,6.689320388349515,6.608414239482201,6.340490797546012,0.032362459546925564,0.016181229773462782,,,,0.05214723926380368,155.15544861497017,0.4759369589416263,103.87260995258514,0.31862763789136545,0.5080906148867314,0.10355987055016182
2019,4036427,Jacob Huesman,2026,App State,Sun Belt,QB,,,7.0,7,0.0,,5.0,92,2.0,0.0,0.0,,,0.7142857142857143,13.142857142857142,18.857142857142858,13.142857142857142,0.2857142857142857,0.0,,,,0.0,13.820660762239532,1.9743801088913617,9.680622921687979,1.3829461316697114,0.42857142857142855,0.14285714285714285
2019,4036429,Zac Thomas,2026,App State,Sun Belt,QB,,,368.0,354,14.0,,213.0,2444,26.0,6.0,91.0,,,0.6016949152542372,6.903954802259887,7.610169491525424,6.641304347826087,0.07344632768361582,0.01694915254237288,,,,0.03804347826086957,221.24717117660708,0.6012151390668671,127.61343078012496,0.3467756271199048,0.5169491525423728,0.1016949152542373
2019,4036431,Darrynton Evans,2026,App State,Sun Belt,RB,,,2.0,2,0.0,,2.0,-13,0.0,0.0,0.0,,,1.0,-6.5,-6.5,-6.5,0.0,0.0,,,,0.0,-2.7257217982352135,-1.3628608991176068,1.305780675653958,0.652890337826979,0.5,0.0
2019,4036473,Logan Bonner,2032,Arkansas State,Sun Belt,QB,,,173.0,163,10.0,,91.0,983,10.0,1.0,67.0,,,0.558282208588957,6.030674846625767,6.9815950920245395,5.682080924855492,0.06134969325153374,0.006134969325153374,,,,0.057803468208092484,56.41500702708206,0.3260983065149252,34.30452600644857,0.19829205784074316,0.43558282208588955,0.0736196319018405
2019,4036488,Darryl Pearson Jr.,2011,Alabama State,SWAC,RB,,,1.0,1,0.0,,1.0,3,0.0,0.0,0.0,,,1.0,3.0,3.0,3.0,0.0,0.0,,,,0.0,0.13383246250395064,0.13383246250395064,-0.16171449534916515,-0.16171449534916515,1.0,0.0
2019,4036510,Messiah deWeaver,295,Old Dominion,Conference USA,QB,,,80.0,80,0.0,,29.0,253,1.0,0.0,77.0,,,0.3625,3.1625,3.4125,3.1625,0.0125,0.0,,,,0.0,-8.763550672920074,-0.10954438341150093,-5.388551513157704,-0.0673568939144713,0.3375,0.0625
2019,4036585,Caleb Evans,2433,UL Monroe,Sun Belt,QB,,,411.0,399,12.0,,234.0,2557,22.0,10.0,96.0,,,0.5864661654135338,6.408521303258145,6.383458646616542,6.221411192214112,0.05513784461152882,0.02506265664160401,,,,0.029197080291970802,206.36908332779888,0.5021145579751798,99.0804966963452,0.2410717681176282,0.49122807017543857,0.10275689223057644
2019,4036595,Josh Pederson,2433,UL Monroe,Sun Belt,TE,,,2.0,2,0.0,,1.0,33,0.0,0.0,0.0,,,0.5,16.5,16.5,16.5,0.0,0.0,,,,0.0,1.6100000000000008,0.8050000000000004,1.7773124808488632,0.8886562404244316,0.5,0.5
2019,4036650,Shai Werts,290,Georgia Southern,Sun Belt,WR,,,173.0,152,21.0,,67.0,705,8.0,1.0,131.0,,,0.4407894736842105,4.6381578947368425,5.394736842105263,4.07514450867052,0.05263157894736842,0.006578947368421052,,,,0.12138728323699421,40.00350531558877,0.2312341347721894,10.241620525624837,0.059200118645230275,0.3618421052631579,0.09868421052631579
2019,4036754,Austin Conway,2751,Wyoming,Mountain West,WR,,,1.0,1,0.0,,0.0,0,0.0,0.0,0.0,,,0.0,0.0,0.0,0.0,0.0,0.0,,,,0.0,-0.6999999999999997,-0.6999999999999997,-1.1143038065675126,-1.1143038065675126,0.0,0.0
2019,4036923,Kelvin Hopkins Jr.,349,Army,FBS Independents,QB,,,83.0,79,4.0,,32.0,466,4.0,5.0,34.0,,,0.4050632911392405,5.89873417721519,4.063291139240507,5.614457831325301,0.05063291139240506,0.06329113924050633,,,,0.04819277108433735,35.314361737210454,0.4254742377977163,3.0536830836663134,0.036791362453811004,0.43037974683544306,0.11392405063291139
2019,4036931,Zach Potter,349,Army,FBS Independents,P,,,2.0,2,0.0,,0.0,0,0.0,0.0,0.0,,,0.0,0.0,0.0,0.0,0.0,0.0,,,,0.0,0.15560786512113145,0.07780393256056573,-1.668262930857047,-0.8341314654285235,0.5,0.0
2019,4036942,Kell Walker,349,Army,FBS Independents,RB,,,1.0,1,0.0,,0.0,-5,0.0,0.0,5.0,,,0.0,-5.0,-5.0,-5.0,0.0,0.0,,,,0.0,-1.3872241044972689,-1.3872241044972689,-0.8065862660050143,-0.8065862660050143,0.0,0.0
2019,4037118,Mo Hasan,238,Vanderbilt,SEC,QB,,,13.0,12,1.0,,7.0,116,1.0,0.0,4.0,,,0.5833333333333334,9.666666666666666,11.333333333333334,8.923076923076923,0.08333333333333333,0.0,,,,0.07692307692307693,7.746928804901945,0.5959176003770726,3.3616777578913015,0.2585905967608694,0.4166666666666667,0.16666666666666666
2019,4037121,Rex Culpepper,183,Syracuse,ACC,QB,,,1.0,1,0.0,,0.0,0,0.0,0.0,0.0,,,0.0,0.0,0.0,0.0,0.0,0.0,,,,0.0,-0.6999999999999997,-0.6999999999999997,-0.9391692565688832,-0.9391692565688832,0.0,0.0
2019,4037213,Jamie Newman,154,Wake Forest,ACC,QB,,,392.0,378,14.0,,218.0,2627,26.0,11.0,129.0,,,0.5767195767195767,6.949735449735449,7.015873015873016,6.701530612244898,0.06878306878306878,0.0291005291005291,,,,0.03571428571428571,236.7408464560799,0.6039307307553059,121.93210568665913,0.31105129001698756,0.5026455026455027,0.10317460317460317
2019,4037293,Lucas Johnson,59,Georgia Tech,ACC,QB,,,44.0,40,4.0,,20.0,184,1.0,0.0,25.0,,,0.5,4.6,5.1,4.181818181818182,0.025,0.0,,,,0.09090909090909091,0.5310249059947796,0.012068747863517719,-3.8211310543659587,-0.08684388759922633,0.35,0.075
2019,4037377,CJ Windham,2393,Middle Tennessee,Conference USA,WR,,,1.0,1,0.0,,1.0,26,1.0,0.0,0.0,,,1.0,26.0,46.0,26.0,1.0,0.0,,,,0.0,5.310388375672157,5.310388375672157,2.652313919145087,2.652313919145087,1.0,1.0
2019,4037420,Drayton Arnold,236,Chattanooga,Southern,QB,,,10.0,10,0.0,,5.0,36,0.0,2.0,0.0,,,0.5,3.6,-5.4,3.6,0.0,0.2,,,,0.0,1.2753332302135334,0.12753332302135334,-4.096014058975692,-0.4096014058975692,0.5,0.0
2019,4037449,Jack Allison,277,West Virginia,Big 12,QB,,,29.0,27,2.0,,18.0,83,2.0,2.0,10.0,,,0.6666666666666666,3.074074074074074,1.2222222222222223,2.8620689655172415,0.07407407407407407,0.07407407407407407,,,,0.06896551724137931,13.840519829567668,0.47725930446785064,-0.11150789041555953,-0.0038450996695020526,0.4444444444444444,0.037037037037037035
2019,4037478,Gerrid Doaks,2132,Cincinnati,American Athletic,RB,,,1.0,1,0.0,,1.0,28,1.0,0.0,0.0,,,1.0,28.0,48.0,28.0,1.0,0.0,,,,0.0,7.010348676196849,7.010348676196849,4.18142783421473,4.18142783421473,1.0,1.0
2019,4037514,Rontavius Groves,153,North Carolina,ACC,WR,,,1.0,1,0.0,,1.0,2,1.0,0.0,0.0,,,1.0,2.0,22.0,2.0,1.0,0.0,,,,0.0,3.8706453142827653,3.8706453142827653,2.544830284062861,2.544830284062861,1.0,0.0
2019,4037556,Steven Duncan,98,Western Kentucky,Conference USA,QB,,,121.0,119,2.0,,69.0,764,5.0,3.0,12.0,,,0.5798319327731093,6.420168067226891,6.126050420168068,6.31404958677686,0.04201680672268908,0.025210084033613446,,,,0.01652892561983471,58.3673546976758,0.4823748322121967,20.644265295596824,0.17061376277352747,0.4957983193277311,0.09243697478991597
2019,4037603,Josh Jackson,120,Maryland,Big Ten,QB,,,249.0,230,19.0,,97.0,1119,12.0,6.0,158.0,,,0.4217391304347826,4.8652173913043475,4.734782608695652,4.493975903614458,0.05217391304347826,0.02608695652173913,,,,0.07630522088353414,61.39883072338663,0.24658164949151257,2.8770064588193067,0.01155424280650324,0.3826086956521739,0.08260869565217391
2019,4037624,Sam Denmark,324,Coastal Carolina,Sun Belt,WR,,,1.0,1,0.0,,1.0,44,1.0,0.0,0.0,,,1.0,44.0,64.0,44.0,1.0,0.0,,,,0.0,7.099396374084064,7.099396374084064,4.1094399401484925,4.1094399401484925,1.0,1.0
2019,4037642,Austin Kendall,277,West Virginia,Big 12,QB,,,325.0,314,11.0,,186.0,1834,12.0,10.0,77.0,,,0.5923566878980892,5.840764331210191,5.171974522292993,5.643076923076923,0.03821656050955414,0.03184713375796178,,,,0.033846153846153845,137.87446014506844,0.4242291081386721,58.24775848100895,0.17922387224925831,0.46178343949044587,0.08917197452229299
2019,4038220,Cole McDonald,62,Hawai'i,Mountain West,QB,,,498.0,488,10.0,,304.0,3596,34.0,13.0,104.0,,,0.6229508196721312,7.368852459016393,7.563524590163935,7.220883534136546,0.06967213114754098,0.02663934426229508,,,,0.020080321285140562,325.21941156620625,0.653051027241378,172.12628279950476,0.34563510602310193,0.5819672131147541,0.09836065573770492
2019,4038224,Dru Brown,197,Oklahoma State,Big 12,QB,,,117.0,114,3.0,,71.0,752,7.0,1.0,59.0,,,0.6228070175438597,6.5964912280701755,7.4298245614035086,6.427350427350428,0.06140350877192982,0.008771929824561403,,,,0.02564102564102564,51.529996957222615,0.4404273244207061,25.475441097004115,0.21773881279490698,0.42105263157894735,0.08771929824561403
2019,4038460,Dillon Stoner,197,Oklahoma State,Big 12,WR,,,1.0,1,0.0,,0.0,0,0.0,0.0,0.0,,,0.0,0.0,0.0,0.0,0.0,0.0,,,,0.0,-0.6999999999999993,-0.6999999999999993,-0.6293481074675658,-0.6293481074675658,0.0,0.0
2019,4038520,Reid Herring,151,East Carolina,American Athletic,QB,,,8.0,8,0.0,,5.0,74,0.0,0.0,0.0,,,0.625,9.25,9.25,9.25,0.0,0.0,,,,0.0,3.8583102392906676,0.48228877991133345,3.5894057972248063,0.4486757246531008,0.625,0.125
2019,4038539,Sewo Olonilua,2628,TCU,Big 12,RB,,,2.0,1,1.0,,0.0,-6,0.0,0.0,6.0,,,0.0,-6.0,-6.0,-3.0,0.0,0.0,,,,0.5,-4.698061791977516,-2.349030895988758,-4.030422396406681,-2.0152111982033407,0.0,0.0
2019,4038741,Kato Nelson,2006,Akron,Mid-American,QB,,,358.0,319,39.0,,149.0,1475,10.0,6.0,218.0,,,0.4670846394984326,4.623824451410658,4.4043887147335425,4.120111731843576,0.03134796238244514,0.018808777429467086,,,,0.10893854748603352,54.85093949313068,0.15321491478528124,9.219895139773403,0.02575389703847319,0.4043887147335423,0.08150470219435736
2019,4038809,Jake Bentley,2579,South Carolina,SEC,QB,,,35.0,32,3.0,,15.0,98,0.0,2.0,19.0,,,0.46875,3.0625,0.25,2.8,0.0,0.0625,,,,0.08571428571428572,-8.42905721375457,-0.24083020610727343,-8.990220782094378,-0.2568634509169822,0.40625,0.0625
2019,4038918,Justin Agner,2226,Florida Atlantic,Conference USA,QB,,,7.0,6,1.0,,3.0,25,0.0,1.0,5.0,,,0.5,4.166666666666667,-3.3333333333333335,3.5714285714285716,0.0,0.16666666666666666,,,,0.14285714285714285,0.7868722532765995,0.11241032189665708,-0.25359411371445706,-0.03622773053063672,0.3333333333333333,0.0
2019,4038930,Kavious Price,2309,Kent State,Mid-American,WR,,,2.0,2,0.0,,1.0,10,1.0,0.0,0.0,,,0.5,5.0,15.0,5.0,0.5,0.0,,,,0.0,4.354477776786717,2.1772388883933584,1.8684086958196762,0.9342043479098381,0.5,0.0
2019,4038940,Terry Wilson,96,Kentucky,SEC,QB,,,54.0,51,3.0,,29.0,326,2.0,0.0,8.0,,,0.5686274509803921,6.392156862745098,7.176470588235294,6.037037037037037,0.0392156862745098,0.0,,,,0.05555555555555555,20.61811510853958,0.3818169464544367,9.492010938482474,0.17577798034226805,0.47058823529411764,0.0784313725490196
2019,4038941,Justin Herbert,2483,Oregon,Pac-12,QB,,,440.0,422,18.0,,270.0,3030,31.0,6.0,157.0,,,0.6398104265402843,7.180094786729858,8.009478672985782,6.886363636363637,0.07345971563981042,0.014218009478672985,,,,0.04090909090909091,294.0982685232281,0.6684051557346093,166.85988453358894,0.3792270103036112,0.54739336492891,0.1066350710900474
2019,4038966,Jack Sorenson,193,Miami (OH),Mid-American,WR,,,2.0,2,0.0,,1.0,21,1.0,0.0,0.0,,,0.5,10.5,20.5,10.5,0.5,0.0,,,,0.0,5.3833916419933185,2.6916958209966593,2.199063730646756,1.099531865323378,0.5,0.5
2019,4039000,Aaron Fuller,264,Washington,Pac-12,WR,,,1.0,1,0.0,,0.0,0,0.0,0.0,0.0,,,0.0,0.0,0.0,0.0,0.0,0.0,,,,0.0,-0.6999999999999997,-0.6999999999999997,-0.6630222646782312,-0.6630222646782312,0.0,0.0
2019,4039034,Shane Buechele,2567,SMU,American Athletic,QB,,,504.0,493,11.0,,295.0,3511,25.0,10.0,100.0,,,0.5983772819472617,7.121703853955375,7.223123732251521,6.966269841269841,0.05070993914807302,0.02028397565922921,,,,0.021825396825396824,275.2497812227491,0.5461305182991054,159.78734006554848,0.31703837314592953,0.5010141987829615,0.11967545638945233
2019,4039043,Collin Johnson,251,Texas,Big 12,WR,,,2.0,2,0.0,,2.0,27,2.0,0.0,0.0,,,1.0,13.5,33.5,13.5,1.0,0.0,,,,0.0,8.483213388631247,4.241606694315624,4.68478658486077,2.342393292430385,1.0,0.5
2019,4039050,Devin Duvernay,251,Texas,Big 12,WR,,,2.0,2,0.0,,2.0,14,0.0,0.0,0.0,,,1.0,7.0,7.0,7.0,0.0,0.0,,,,0.0,0.1553383413132594,0.0776691706566297,0.14531666332097098,0.07265833166048549,0.5,0.0
2019,4039073,Mason Fine,249,North Texas,Conference USA,QB,,,455.0,437,18.0,,257.0,2773,30.0,8.0,157.0,,,0.5881006864988558,6.345537757437071,6.894736842105263,6.094505494505494,0.06864988558352403,0.018306636155606407,,,,0.03956043956043956,275.1206213059446,0.6046607061669113,139.78893458193474,0.30722842765260383,0.5125858123569794,0.09839816933638444
2019,4039160,Kylen Granson,2567,SMU,American Athletic,TE,,,1.0,1,0.0,,1.0,10,1.0,0.0,0.0,,,1.0,10.0,30.0,10.0,1.0,0.0,,,,0.0,4.8999999999999995,4.8999999999999995,2.7992199015013846,2.7992199015013846,1.0,0.0
2019,4039210,Drew Plitt,2050,Ball State,Mid-American,QB,,,418.0,393,25.0,,236.0,2756,24.0,7.0,158.0,,,0.6005089058524173,7.012722646310433,7.432569974554707,6.5933014354066986,0.061068702290076333,0.017811704834605598,,,,0.05980861244019139,224.3534133053088,0.5367306538404517,122.14007067588236,0.29220112601885734,0.5139949109414759,0.10687022900763359
2019,4039266,Kaden Keon,2117,Central Michigan,Mid-American,PK,,,1.0,1,0.0,,0.0,0,0.0,0.0,0.0,,,0.0,0.0,0.0,0.0,0.0,0.0,,,,0.0,-5.5389223565040595,-5.5389223565040595,-3.9936540427983793,-3.9936540427983793,0.0,0.0
2019,4039268,Tommy Lazzaro,2117,Central Michigan,Mid-American,QB,,,7.0,7,0.0,,3.0,23,0.0,0.0,0.0,,,0.42857142857142855,3.2857142857142856,3.2857142857142856,3.2857142857142856,0.0,0.0,,,,0.0,1.5359751642985682,0.21942502347122403,-0.9007085704962775,-0.12867265292803964,0.42857142857142855,0.0
2019,4039295,Keith Corbin,248,Houston,American Athletic,WR,,,1.0,1,0.0,,1.0,28,1.0,0.0,0.0,,,1.0,28.0,48.0,28.0,1.0,0.0,,,,0.0,5.459999999999999,5.459999999999999,2.764014474138431,2.764014474138431,1.0,1.0
2019,4039300,D'Eriq King,248,Houston,American Athletic,QB,,,127.0,117,10.0,,54.0,538,4.0,2.0,44.0,,,0.46153846153846156,4.598290598290598,4.512820512820513,4.2362204724409445,0.03418803418803419,0.017094017094017096,,,,0.07874015748031496,10.480787749298141,0.08252588778974915,-4.848126756977651,-0.03817422643289489,0.37606837606837606,0.08547008547008547
2019,4039307,Marquez Stevenson,248,Houston,American Athletic,WR,,,1.0,1,0.0,,1.0,75,1.0,0.0,0.0,,,1.0,75.0,95.0,75.0,1.0,0.0,,,,0.0,8.75,8.75,6.0777551197213215,6.0777551197213215,1.0,1.0
2019,4039354,David Moore,2117,Central Michigan,Mid-American,QB,,,174.0,168,6.0,,92.0,1063,4.0,4.0,54.0,,,0.5476190476190477,6.3273809523809526,5.732142857142857,6.109195402298851,0.023809523809523808,0.023809523809523808,,,,0.034482758620689655,66.3029561887584,0.38105147234918624,30.053890385350556,0.17272350796178482,0.4642857142857143,0.1130952380952381
2019,4039358,Patrick Taylor Jr.,235,Memphis,American Athletic,RB,,,1.0,1,0.0,,0.0,0,0.0,0.0,0.0,,,0.0,0.0,0.0,0.0,0.0,0.0,,,,0.0,-0.6999999999999997,-0.6999999999999997,-0.4181180581276075,-0.4181180581276075,0.0,0.0
2019,4039390,Tevaka Tuioti,167,New Mexico,Mountain West,QB,,,214.0,203,11.0,,99.0,1171,7.0,6.0,65.0,,,0.4876847290640394,5.768472906403941,5.12807881773399,5.47196261682243,0.034482758620689655,0.029556650246305417,,,,0.0514018691588785,50.95540695789403,0.238109378307916,9.065075246958132,0.04236016470541183,0.4187192118226601,0.09359605911330049
2019,4039436,Malcolm Perry,2426,Navy,American Athletic,QB,,,109.0,99,10.0,,48.0,958,7.0,2.0,74.0,,,0.48484848484848486,9.676767676767676,10.181818181818182,8.788990825688073,0.0707070707070707,0.020202020202020204,,,,0.09174311926605505,82.17452472381201,0.7538947222368074,46.71522844400941,0.4285800774679763,0.47474747474747475,0.23232323232323232
2019,4039470,Marcus Childers,2459,Northern Illinois,Mid-American,QB,,,88.0,84,4.0,,46.0,317,6.0,3.0,37.0,,,0.5476190476190477,3.7738095238095237,3.5952380952380953,3.602272727272727,0.07142857142857142,0.03571428571428571,,,,0.045454545454545456,51.82496459832924,0.5889200522537413,12.495454844265504,0.14199380504847164,0.5,0.05952380952380952
2019,4039495,Eli Peters,2649,Toledo,Mid-American,QB,,,108.0,106,2.0,,61.0,786,5.0,3.0,13.0,,,0.5754716981132075,7.415094339622642,7.084905660377358,7.277777777777778,0.04716981132075472,0.02830188679245283,,,,0.018518518518518517,72.87604442847109,0.6747781891525101,37.9021844529289,0.35094615234193427,0.5566037735849056,0.10377358490566038
2019,4039503,Shakif Seymour,2649,Toledo,Mid-American,RB,,,1.0,1,0.0,,1.0,18,1.0,0.0,0.0,,,1.0,18.0,38.0,18.0,1.0,0.0,,,,0.0,5.949559179489368,5.949559179489368,3.425963164136732,3.425963164136732,1.0,0.0
2019,4039602,Khalil Tate,12,Arizona,Pac-12,QB,,,294.0,280,14.0,,157.0,1725,13.0,10.0,105.0,,,0.5607142857142857,6.160714285714286,5.482142857142857,5.86734693877551,0.04642857142857143,0.03571428571428571,,,,0.047619047619047616,136.41461449034506,0.46399528738212603,62.057060138646385,0.211078435845736,0.45,0.1
2019,4039901,Sawyer Smith,96,Kentucky,SEC,QB,,,139.0,132,7.0,,57.0,564,4.0,4.0,54.0,,,0.4318181818181818,4.2727272727272725,3.515151515151515,4.057553956834532,0.030303030303030304,0.030303030303030304,,,,0.050359712230215826,48.51718458458751,0.34904449341429866,6.479163748632173,0.04661268883908038,0.42424242424242425,0.09848484848484848
2019,4039903,Kade Young,2653,Troy,Sun Belt,QB,,,5.0,5,0.0,,3.0,23,0.0,1.0,0.0,,,0.6,4.6,-4.4,4.6,0.0,0.2,,,,0.0,1.5262114910370665,0.30524229820741333,0.22001735098172404,0.044003470196344804,0.4,0.0
2019,4039910,Kaleb Barker,2653,Troy,Sun Belt,QB,,,493.0,479,14.0,,295.0,3327,28.0,10.0,131.0,,,0.615866388308977,6.945720250521921,7.175365344467641,6.748478701825558,0.05845511482254697,0.020876826722338204,,,,0.028397565922920892,281.53832924778067,0.5710716617602042,148.37370504129828,0.3009608621527348,0.5198329853862212,0.10438413361169102
2019,4040407,Jack Abraham,2572,Southern Miss,Conference USA,QB,,,434.0,419,15.0,,270.0,3074,19.0,14.0,152.0,,,0.6443914081145584,7.336515513126492,6.7398568019093075,7.082949308755761,0.045346062052505964,0.03341288782816229,,,,0.03456221198156682,255.45579550905893,0.588607823753592,149.044794034898,0.34342118441220737,0.513126491646778,0.12171837708830549
2019,4040546,Hutch White,326,Texas State,Sun Belt,WR,,,2.0,2,0.0,,1.0,8,1.0,0.0,0.0,,,0.5,4.0,14.0,4.0,0.5,0.0,,,,0.0,3.179396374084063,1.5896981870420315,1.5873950420516358,0.7936975210258179,0.5,0.0
2019,4040641,Johnathan Brantley,2197,Eastern Illinois,OVC,QB,,,21.0,19,2.0,,8.0,37,0.0,0.0,12.0,,,0.42105263157894735,1.9473684210526316,1.9473684210526316,1.7619047619047619,0.0,0.0,,,,0.09523809523809523,-4.990563564343425,-0.2376458840163536,-1.9343341785221924,-0.09211115135819964,0.2631578947368421,0.0
2019,4040655,Darnell Mooney,2655,Tulane,American Athletic,WR,,,1.0,1,0.0,,1.0,48,1.0,0.0,0.0,,,1.0,48.0,68.0,48.0,1.0,0.0,,,,0.0,6.859999999999999,6.859999999999999,3.686233836279957,3.686233836279957,1.0,1.0
2019,4040660,Jacob Robertson Jr.,2655,Tulane,American Athletic,WR,,,1.0,1,0.0,,1.0,7,1.0,0.0,0.0,,,1.0,7.0,27.0,7.0,1.0,0.0,,,,0.0,3.7033916419933175,3.7033916419933175,2.196754630327211,2.196754630327211,1.0,0.0
2019,4040714,Miller Forristall,333,Alabama,SEC,TE,,,1.0,1,0.0,,1.0,27,1.0,0.0,0.0,,,1.0,27.0,47.0,27.0,1.0,0.0,,,,0.0,5.390000000000001,5.390000000000001,2.741280841391486,2.741280841391486,1.0,1.0
2019,4040715,Jalen Hurts,201,Oklahoma,Big 12,QB,,,339.0,325,14.0,,208.0,2863,22.0,7.0,124.0,,,0.64,8.80923076923077,9.193846153846154,8.44542772861357,0.06769230769230769,0.021538461538461538,,,,0.04129793510324484,280.51667078794173,0.8274828046841939,177.3563816350433,0.5231751670650245,0.5846153846153846,0.1753846153846154
2019,4040766,Trent Wessel,2226,Florida Atlantic,Conference USA,QB,,,1.0,1,0.0,,1.0,6,0.0,0.0,0.0,,,1.0,6.0,6.0,6.0,0.0,0.0,,,,0.0,-0.03300683886841593,-0.03300683886841593,0.01770362331097974,0.01770362331097974,0.0,0.0
2019,4040769,James Charles,2226,Florida Atlantic,Conference USA,RB,,,1.0,1,0.0,,1.0,-2,0.0,0.0,0.0,,,1.0,-2.0,-2.0,-2.0,0.0,0.0,,,,0.0,-0.9460047320907456,-0.9460047320907456,-1.3003818856519684,-1.3003818856519684,0.0,0.0
2019,4040790,Jason Huntley,166,New Mexico State,FBS Independents,RB,,,1.0,1,0.0,,1.0,4,1.0,0.0,0.0,,,1.0,4.0,24.0,4.0,1.0,0.0,,,,0.0,4.470388375672156,4.470388375672156,2.6959729214765815,2.6959729214765815,1.0,0.0
2019,4040873,Chris Helbig,253,Southern Utah,Big Sky,QB,,,32.0,29,3.0,,14.0,120,0.0,0.0,18.0,,,0.4827586206896552,4.137931034482759,4.137931034482759,3.75,0.0,0.0,,,,0.09375,-0.9800110634461809,-0.030625345732693154,2.537171137761131,0.07928659805503534,0.3793103448275862,0.034482758620689655
2019,4041531,Austin Simmons,233,South Dakota,MVFC,QB,,,38.0,36,2.0,,25.0,194,3.0,2.0,20.0,,,0.6944444444444444,5.388888888888889,4.555555555555555,5.105263157894737,0.08333333333333333,0.05555555555555555,,,,0.05263157894736842,9.872681749410358,0.2598074144581673,1.8271021206609,0.04808163475423421,0.5,0.08333333333333333
2019,4041534,Tyler Tsagalis,233,South Dakota,MVFC,QB,,,4.0,4,0.0,,4.0,25,0.0,0.0,0.0,,,1.0,6.25,6.25,6.25,0.0,0.0,,,,0.0,3.7117599546604128,0.9279399886651032,2.3654973789157006,0.5913743447289251,1.0,0.0
2019,4042803,Conor Blount,2198,Eastern Kentucky,OVC,QB,,,20.0,16,4.0,,6.0,10,0.0,0.0,33.0,,,0.375,0.625,0.625,0.5,0.0,0.0,,,,0.2,-7.040736020753283,-0.35203680103766416,-2.343226238472451,-0.11716131192362256,0.25,0.0
2019,4042808,Artavis Pierce,204,Oregon State,Pac-12,RB,,,1.0,1,0.0,,1.0,7,1.0,0.0,0.0,,,1.0,7.0,27.0,7.0,1.0,0.0,,,,0.0,4.403391641993318,4.403391641993318,2.607148468017737,2.607148468017737,1.0,0.0
2019,4043136,Jett Duffey,2641,Texas Tech,Big 12,QB,,,391.0,380,11.0,,237.0,2708,18.0,5.0,92.0,,,0.6236842105263158,7.126315789473685,7.481578947368421,6.9258312020460355,0.04736842105263158,0.013157894736842105,,,,0.028132992327365727,162.23227124394148,0.4149162947415383,89.41666051068286,0.22868711128051883,0.4710526315789474,0.10263157894736842
2019,4043158,T.J. Vasher,2641,Texas Tech,Big 12,WR,,,2.0,2,0.0,,2.0,15,2.0,0.0,0.0,,,1.0,7.5,27.5,7.5,1.0,0.0,,,,0.0,6.8806453142827655,3.4403226571413827,3.752164512717945,1.8760822563589725,1.0,0.0
2019,4043607,Xavier Gaines,276,Marshall,Conference USA,TE,,,3.0,3,0.0,,1.0,33,0.0,0.0,0.0,,,0.3333333333333333,11.0,11.0,11.0,0.0,0.0,,,,0.0,2.4442732830145824,0.8147577610048607,-0.29915769122510527,-0.09971923040836843,0.3333333333333333,0.3333333333333333
2019,4043609,Jackson White,276,Marshall,Conference USA,QB,,,2.0,2,0.0,,2.0,11,0.0,0.0,0.0,,,1.0,5.5,5.5,5.5,0.0,0.0,,,,0.0,0.08346516332651532,0.04173258166325766,-1.2331810104776861,-0.6165905052388431,0.5,0.0
2019,4043931,Kaelan Riley,2382,Mercer,Southern,QB,,,31.0,29,2.0,,15.0,54,0.0,0.0,16.0,,,0.5172413793103449,1.8620689655172413,1.8620689655172413,1.7419354838709677,0.0,0.0,,,,0.06451612903225806,-7.945500530252113,-0.2563064687178101,-2.432080860592938,-0.07845422130944961,0.3103448275862069,0.0
2019,4043980,Luke Anthony,2000,Abilene Christian,Southland,QB,,,80.0,75,5.0,,47.0,383,1.0,1.0,57.0,,,0.6266666666666667,5.1066666666666665,4.773333333333333,4.7875,0.013333333333333334,0.013333333333333334,,,,0.0625,12.949961166795386,0.16187451458494234,12.291909452966655,0.15364886816208317,0.4,0.06666666666666667
2019,4043999,Josh Fink,2000,Abilene Christian,Southland,WR,,,1.0,1,0.0,,1.0,64,1.0,0.0,0.0,,,1.0,64.0,84.0,64.0,1.0,0.0,,,,0.0,7.9799999999999995,7.9799999999999995,5.147192607775331,5.147192607775331,1.0,1.0
2019,4044095,Quayvon Skanes,41,UConn,American Athletic,WR,,,1.0,1,0.0,,1.0,15,1.0,0.0,0.0,,,1.0,15.0,35.0,15.0,1.0,0.0,,,,0.0,4.549999999999999,4.549999999999999,2.558199089565083,2.558199089565083,1.0,0.0
2019,4044121,Isaiah Wright,218,Temple,American Athletic,WR,,,1.0,1,0.0,,1.0,12,1.0,0.0,0.0,,,1.0,12.0,32.0,12.0,1.0,0.0,,,,0.0,4.34,4.34,2.5300945420359255,2.5300945420359255,1.0,0.0
2019,4044122,Anthony Russo,218,Temple,American Athletic,QB,,,445.0,429,16.0,,241.0,2646,21.0,12.0,96.0,,,0.5617715617715617,6.1678321678321675,5.888111888111888,5.9460674157303375,0.04895104895104895,0.027972027972027972,,,,0.035955056179775284,164.9220663435347,0.37061138504165103,70.03569630443879,0.15738358720098602,0.46386946386946387,0.09324009324009325
2019,4044123,Branden Mack,218,Temple,American Athletic,WR,,,2.0,2,0.0,,2.0,37,2.0,0.0,0.0,,,1.0,18.5,38.5,18.5,1.0,0.0,,,,0.0,10.29,5.145,5.527948540042656,2.763974270021328,1.0,0.5
2019,4044431,K.J. Costello,24,Stanford,Pac-12,QB,,,182.0,174,8.0,,100.0,856,6.0,4.0,38.0,,,0.5747126436781609,4.919540229885057,4.574712643678161,4.7032967032967035,0.034482758620689655,0.022988505747126436,,,,0.04395604395604396,73.04521287217219,0.40134732347347357,30.681167600497364,0.16857784395877673,0.45977011494252873,0.06321839080459771
2019,4045002,Robbie Kelley,2006,Akron,Mid-American,QB,,,36.0,32,4.0,,10.0,-34,1.0,3.0,22.0,,,0.3125,-1.0625,-4.65625,-0.9444444444444444,0.03125,0.09375,,,,0.1111111111111111,-3.5256591558620647,-0.09793497655172402,-19.419993842057778,-0.5394442733904938,0.25,0.03125
2019,4045290,Peyton Ramsey,84,Indiana,Big Ten,QB,,,336.0,320,16.0,,201.0,2307,12.0,4.0,133.0,,,0.628125,7.209375,7.396875,6.866071428571429,0.0375,0.0125,,,,0.047619047619047616,156.34969205536623,0.46532646445049475,89.14263306929692,0.2653054555633837,0.5,0.1375
2019,4046518,Ikechukwu Ogwuegbu,2681,Wagner,NEC,RB,,,1.0,1,0.0,,0.0,0,0.0,0.0,0.0,,,0.0,0.0,0.0,0.0,0.0,0.0,,,,0.0,-0.6999999999999997,-0.6999999999999997,-0.8457687366186873,-0.8457687366186873,0.0,0.0
2019,4046522,Devin Asiasi,26,UCLA,Pac-12,TE,,,2.0,2,0.0,,2.0,60,2.0,0.0,0.0,,,1.0,30.0,50.0,30.0,1.0,0.0,,,,0.0,12.132788016077381,6.0663940080386904,8.203246977872528,4.101623488936264,1.0,0.5
2019,4046564,Wykeen Gill,2306,Kansas State,Big 12,WR,,,1.0,1,0.0,,1.0,19,1.0,0.0,0.0,,,1.0,19.0,39.0,19.0,1.0,0.0,,,,0.0,5.444220838176108,5.444220838176108,2.90787217898589,2.90787217898589,1.0,0.0
2019,4046668,Aleva Hifo,252,BYU,FBS Independents,WR,,,1.0,1,0.0,,1.0,22,0.0,0.0,0.0,,,1.0,22.0,22.0,22.0,0.0,0.0,,,,0.0,1.54,1.54,0.381335360134063,0.381335360134063,1.0,1.0
2019,4046678,Ian Book,87,Notre Dame,FBS Independents,QB,,,410.0,399,11.0,,228.0,2621,24.0,6.0,69.0,,,0.5714285714285714,6.568922305764411,7.095238095238095,6.392682926829268,0.06015037593984962,0.015037593984962405,,,,0.026829268292682926,205.1338398728369,0.5003264387142363,112.11263304553674,0.2734454464525286,0.48120300751879697,0.12280701754385964
2019,4046686,Javon McKinley,87,Notre Dame,FBS Independents,WR,,,3.0,3,0.0,,3.0,99,3.0,0.0,0.0,,,1.0,33.0,53.0,33.0,1.0,0.0,,,,0.0,18.13,6.043333333333333,11.423570370507678,3.8078567901692257,1.0,0.6666666666666666
2019,4046692,Chase Claypool,87,Notre Dame,FBS Independents,WR,,,2.0,2,0.0,,2.0,61,2.0,0.0,0.0,,,1.0,30.5,50.5,30.5,1.0,0.0,,,,0.0,12.820348676196849,6.410174338098424,6.922871277297167,3.4614356386485836,1.0,1.0
2019,4046715,Trishton Jackson,183,Syracuse,ACC,WR,,,3.0,2,1.0,,1.0,0,1.0,0.0,2.0,,,0.5,0.0,10.0,0.0,0.5,0.0,,,,0.3333333333333333,1.4802966380859157,0.49343221269530524,-0.13459141190059043,-0.04486380396686348,0.5,0.0
2019,4046729,Ke'Mon Freeman,2567,SMU,American Athletic,RB,,,2.0,2,0.0,,1.0,2,1.0,0.0,0.0,,,0.5,1.0,11.0,1.0,0.5,0.0,,,,0.0,2.4706453142827653,1.2353226571413827,0.892201106509559,0.4461005532547795,0.5,0.0
2019,4046743,Grant Loy,189,Bowling Green,Mid-American,QB,,,217.0,210,7.0,,115.0,935,7.0,10.0,73.0,,,0.5476190476190477,4.4523809523809526,2.9761904761904763,4.308755760368664,0.03333333333333333,0.047619047619047616,,,,0.03225806451612903,51.63273802184285,0.23793888489328502,-1.3354807854391302,-0.006154289333820877,0.4142857142857143,0.08095238095238096
2019,4047337,Rakeem Boyd,8,Arkansas,SEC,RB,,,1.0,1,0.0,,1.0,1,0.0,0.0,0.0,,,1.0,1.0,1.0,1.0,0.0,0.0,,,,0.0,-0.5442208381761078,-0.5442208381761078,-0.9265072803619887,-0.9265072803619887,0.0,0.0
2019,4047518,Kevin Kassis,147,Montana State,Big Sky,WR,,,1.0,1,0.0,,1.0,31,0.0,0.0,0.0,,,1.0,31.0,31.0,31.0,0.0,0.0,,,,0.0,2.1700000000000004,2.1700000000000004,1.375757474914938,1.375757474914938,1.0,1.0
2019,4047555,Jalen Williams,309,Louisiana,Sun Belt,WR,,,2.0,2,0.0,,2.0,26,1.0,0.0,0.0,,,1.0,13.0,23.0,13.0,0.5,0.0,,,,0.0,5.613213388631248,2.806606694315624,3.8603984238560636,1.9301992119280318,1.0,0.0
2019,4047628,Logan Burnett,344,Mississippi State,SEC,QB,,,1.0,1,0.0,,1.0,8,0.0,0.0,0.0,,,1.0,8.0,8.0,8.0,0.0,0.0,,,,0.0,1.553213388631249,1.553213388631249,0.5921934913376385,0.5921934913376385,1.0,0.0
2019,4047652,Jacob Mathis,58,South Florida,American Athletic,TE,,,2.0,2,0.0,,2.0,45,2.0,0.0,0.0,,,1.0,22.5,42.5,22.5,1.0,0.0,,,,0.0,11.143213388631247,5.571606694315624,5.851836421127912,2.925918210563956,1.0,1.0
2019,4047728,Damon Hazelton,259,Virginia Tech,ACC,WR,,,3.0,3,0.0,,3.0,98,3.0,0.0,0.0,,,1.0,32.666666666666664,52.666666666666664,32.666666666666664,1.0,0.0,,,,0.0,20.459343929245588,6.819781309748529,13.109715114151806,4.369905038050602,1.0,0.3333333333333333
2019,4047836,Frank Darby,9,Arizona State,Pac-12,WR,,,2.0,2,0.0,,2.0,39,2.0,0.0,0.0,,,1.0,19.5,39.5,19.5,1.0,0.0,,,,0.0,9.884477776786717,4.942238888393359,5.2468749520811535,2.6234374760405768,1.0,0.5
2019,4048096,Drew Lisk,254,Utah,Pac-12,QB,,,8.0,8,0.0,,6.0,58,0.0,0.0,0.0,,,0.75,7.25,7.25,7.25,0.0,0.0,,,,0.0,3.6593650057403093,0.45742062571753866,3.5863852989083176,0.4482981623635397,0.625,0.125
2019,4048232,Jake Constantine,2692,Weber State,Big Sky,QB,,,31.0,31,0.0,,21.0,119,0.0,1.0,0.0,,,0.6774193548387096,3.838709677419355,2.3870967741935485,3.838709677419355,0.0,0.03225806451612903,,,,0.0,8.80936344041029,0.2841730142067836,-0.39877189806130126,-0.012863609614880686,0.45161290322580644,0.03225806451612903
2019,4048241,Camron Humphrey,149,Montana,Big Sky,QB,,,15.0,14,1.0,,4.0,42,0.0,0.0,8.0,,,0.2857142857142857,3.0,3.0,2.8,0.0,0.0,,,,0.06666666666666667,-1.4146652312339936,-0.09431101541559957,-3.0460302216467423,-0.20306868144311616,0.2857142857142857,0.07142857142857142
2019,4048933,Mason Petrino,70,Idaho,Big Sky,WR,,,64.0,57,7.0,,26.0,181,1.0,1.0,69.0,,,0.45614035087719296,3.175438596491228,2.736842105263158,2.828125,0.017543859649122806,0.017543859649122806,,,,0.109375,2.908971720917648,0.04545268313933825,-3.139719555667406,-0.049058118057303216,0.38596491228070173,0.07017543859649122
2019,4049391,Josh Hokit,278,Fresno State,Mountain West,RB,,,1.0,1,0.0,,0.0,0,0.0,0.0,0.0,,,0.0,0.0,0.0,0.0,0.0,0.0,,,,0.0,-0.7000000000000002,-0.7000000000000002,-0.9886314711142071,-0.9886314711142071,0.0,0.0
2019,4049794,Khameron Taylor,6,South Alabama,Sun Belt,TE,,,1.0,1,0.0,,1.0,13,1.0,0.0,0.0,,,1.0,13.0,33.0,13.0,1.0,0.0,,,,0.0,5.724220838176107,5.724220838176107,3.1181930605345514,3.1181930605345514,1.0,0.0
2019,4050286,Jonathan Hodoh,2433,UL Monroe,Sun Belt,WR,,,1.0,1,0.0,,1.0,38,1.0,0.0,0.0,,,1.0,38.0,58.0,38.0,1.0,0.0,,,,0.0,6.16,6.16,3.094592648585188,3.094592648585188,1.0,1.0
2019,4050370,Keon Howard,2655,Tulane,American Athletic,QB,,,17.0,17,0.0,,12.0,193,2.0,0.0,0.0,,,0.7058823529411765,11.352941176470589,13.705882352941176,11.352941176470589,0.11764705882352941,0.0,,,,0.0,18.736452907339544,1.102144288667032,12.26582756334701,0.7215192684321771,0.6470588235294118,0.058823529411764705
2019,4050373,Quez Watkins,2572,Southern Miss,Conference USA,WR,,,1.0,1,0.0,,1.0,44,1.0,0.0,0.0,,,1.0,44.0,64.0,44.0,1.0,0.0,,,,0.0,8.423228836588015,8.423228836588015,6.1843870036788315,6.1843870036788315,1.0,1.0
2019,4050375,Zac Everett,2572,Southern Miss,Conference USA,P,,,2.0,2,0.0,,2.0,9,0.0,0.0,0.0,,,1.0,4.5,4.5,4.5,0.0,0.0,,,,0.0,3.4910776434959407,1.7455388217479704,2.1602470126314115,1.0801235063157058,1.0,0.0
2019,4051442,Felix Harper,2016,Alcorn State,SWAC,QB,,,3.0,2,1.0,,1.0,-6,0.0,0.0,7.0,,,0.5,-3.0,-3.0,-2.0,0.0,0.0,,,,0.3333333333333333,-2.3771352875656016,-0.7923784291885339,-0.874063348903042,-0.29135444963434737,0.0,0.0
2019,4051450,Matt Keller,2377,McNeese,Southland,QB,,,3.0,3,0.0,,1.0,6,0.0,0.0,0.0,,,0.3333333333333333,2.0,2.0,2.0,0.0,0.0,,,,0.0,-0.9703883756721576,-0.3234627918907192,-1.175755203619973,-0.39191840120665766,0.3333333333333333,0.0
2019,4051451,Cody Orgeron,2377,McNeese,Southland,QB,,,26.0,24,2.0,,11.0,93,2.0,2.0,19.0,,,0.4583333333333333,3.875,1.7916666666666667,3.576923076923077,0.08333333333333333,0.08333333333333333,,,,0.07692307692307693,-5.842676924974512,-0.22471834326825046,-14.177433503905608,-0.5452859039963696,0.4166666666666667,0.125
2019,4051573,Chase Fourcade,2447,Nicholls,Southland,QB,,,47.0,46,1.0,,25.0,219,0.0,2.0,5.0,,,0.5434782608695652,4.760869565217392,2.8043478260869565,4.659574468085107,0.0,0.043478260869565216,,,,0.02127659574468085,7.705803583715857,0.16395326773863525,7.164899814440168,0.1524446769029823,0.5,0.043478260869565216
2019,4051645,Joe Mancuso,257,Richmond,CAA,QB,,,16.0,16,0.0,,10.0,89,0.0,2.0,0.0,,,0.625,5.5625,-0.0625,5.5625,0.0,0.125,,,,0.0,10.94324780877874,0.6839529880486712,1.7441676267168627,0.10901047666980392,0.5625,0.0
2019,4051777,Mike Fallon,113,Massachusetts,FBS Independents,QB,,,2.0,2,0.0,,2.0,40,0.0,0.0,0.0,,,1.0,20.0,20.0,20.0,0.0,0.0,,,,0.0,3.578310239290666,1.789155119645333,3.3424917404602303,1.6712458702301152,1.0,0.5
2019,4052137,Chris Rowland,2634,Tennessee State,OVC,WR,,,1.0,1,0.0,,0.0,0,0.0,1.0,0.0,,,0.0,0.0,-45.0,0.0,0.0,1.0,,,,0.0,-4.224995760794806,-4.224995760794806,-3.699708642016228,-3.699708642016228,0.0,0.0
2019,4052236,Adrian Hardy,2348,Louisiana Tech,Conference USA,WR,,,1.0,1,0.0,,0.0,0,0.0,0.0,0.0,,,0.0,0.0,0.0,0.0,0.0,0.0,,,,0.0,-0.7,-0.7,-0.7982008475508557,-0.7982008475508557,0.0,0.0
2019,4054085,Dezmon Patmon,265,Washington State,Pac-12,WR,,,1.0,1,0.0,,1.0,6,1.0,0.0,0.0,,,1.0,6.0,26.0,6.0,1.0,0.0,,,,0.0,3.513213388631248,3.513213388631248,2.052489771065277,2.052489771065277,1.0,0.0
2019,4054254,Charles Wright,2755,Grambling,SWAC,QB,,,3.0,3,0.0,,1.0,-22,0.0,1.0,0.0,,,0.3333333333333333,-7.333333333333333,-22.333333333333332,-7.333333333333333,0.0,0.3333333333333333,,,,0.0,3.079865700178949,1.0266219000596497,-1.6398487420514662,-0.5466162473504887,0.6666666666666666,0.0
2019,4055162,Brandon Arconado,265,Washington State,Pac-12,WR,,,2.0,2,0.0,,2.0,49,2.0,0.0,0.0,,,1.0,24.5,44.5,24.5,1.0,0.0,,,,0.0,10.177691165417965,5.0888455827089825,5.701952084013408,2.850976042006704,1.0,0.5
2019,4055165,Renard Bell,265,Washington State,Pac-12,WR,,,1.0,1,0.0,,1.0,35,1.0,0.0,0.0,,,1.0,35.0,55.0,35.0,1.0,0.0,,,,0.0,5.949999999999999,5.949999999999999,2.972588783776956,2.972588783776956,1.0,1.0
2019,4055171,Anthony Gordon,265,Washington State,Pac-12,QB,,,692.0,680,12.0,,466.0,4566,39.0,16.0,135.0,,,0.6852941176470588,6.714705882352941,6.802941176470588,6.598265895953757,0.057352941176470586,0.023529411764705882,,,,0.017341040462427744,370.3965440507938,0.5352551214606847,186.7676224544014,0.26989540817110025,0.5352941176470588,0.09264705882352942
2019,4055191,Trey Tinsley,265,Washington State,Pac-12,QB,,,5.0,5,0.0,,1.0,11,0.0,0.0,0.0,,,0.2,2.2,2.2,2.2,0.0,0.0,,,,0.0,-2.0622563897435606,-0.4124512779487121,-1.371276486091718,-0.2742552972183436,0.2,0.0
2019,4056052,Armani Rogers,2439,UNLV,Mountain West,QB,,,98.0,88,10.0,,40.0,265,3.0,3.0,51.0,,,0.45454545454545453,3.0113636363636362,2.159090909090909,2.704081632653061,0.03409090909090909,0.03409090909090909,,,,0.10204081632653061,2.153847560333354,0.02197803632993218,-14.367633218003402,-0.1466085022245245,0.38636363636363635,0.022727272727272728
2019,4062697,DL Knock,195,Ohio,Mid-American,WR,,,1.0,1,0.0,,1.0,2,1.0,0.0,0.0,,,1.0,2.0,22.0,2.0,1.0,0.0,,,,0.0,2.4706453142827653,2.4706453142827653,1.213235297672098,1.213235297672098,1.0,0.0
2019,4064980,Damonte Coxie,235,Memphis,American Athletic,WR,,,1.0,1,0.0,,1.0,14,1.0,0.0,0.0,,,1.0,14.0,34.0,14.0,1.0,0.0,,,,0.0,4.893391641993318,4.893391641993318,2.688280136382311,2.688280136382311,1.0,0.0
2019,4239083,Michael Warren II,2132,Cincinnati,American Athletic,RB,,,1.0,1,0.0,,1.0,21,1.0,0.0,0.0,,,1.0,21.0,41.0,21.0,1.0,0.0,,,,0.0,5.963213388631248,5.963213388631248,3.2199644909710923,3.2199644909710923,1.0,1.0
2019,4239086,Desmond Ridder,2132,Cincinnati,American Athletic,QB,,,327.0,306,21.0,,157.0,1535,14.0,8.0,171.0,,,0.5130718954248366,5.016339869281046,4.754901960784314,4.6941896024464835,0.0457516339869281,0.026143790849673203,,,,0.06422018348623854,123.87398901621319,0.37881953827588133,50.72686215369066,0.15512801881862587,0.4673202614379085,0.07516339869281045
2019,4239099,Trent Cloud,2132,Cincinnati,American Athletic,WR,,,1.0,1,0.0,,1.0,5,1.0,0.0,0.0,,,1.0,5.0,25.0,5.0,1.0,0.0,,,,0.0,4.7044777767867165,4.7044777767867165,2.76159962916859,2.76159962916859,1.0,0.0
2019,4239691,Griffin Hebert,2348,Louisiana Tech,Conference USA,TE,,,1.0,1,0.0,,1.0,17,1.0,0.0,0.0,,,1.0,17.0,37.0,17.0,1.0,0.0,,,,0.0,6.004220838176107,6.004220838176107,3.2598224267892437,3.2598224267892437,1.0,0.0
2019,4239714,Kyle Vantrease,2084,Buffalo,Mid-American,QB,,,176.0,174,2.0,,101.0,1135,8.0,2.0,14.0,,,0.5804597701149425,6.522988505747127,6.925287356321839,6.448863636363637,0.04597701149425287,0.011494252873563218,,,,0.011363636363636364,92.5035763901966,0.5255885022170261,46.93090436275064,0.2666528656974468,0.4827586206896552,0.09770114942528736
2019,4239793,Tyler Johnston III,5,UAB,Conference USA,QB,,,251.0,243,8.0,,135.0,1803,12.0,14.0,90.0,,,0.5555555555555556,7.419753086419753,5.814814814814815,7.183266932270916,0.04938271604938271,0.05761316872427984,,,,0.03187250996015936,171.2012259145673,0.6820765972691923,77.05141807374507,0.30697776124998033,0.5390946502057613,0.13168724279835392
2019,4239934,AJ Dillon,103,Boston College,ACC,RB,,,1.0,1,0.0,,1.0,42,1.0,0.0,0.0,,,1.0,42.0,62.0,42.0,1.0,0.0,,,,0.0,6.4399999999999995,6.4399999999999995,3.294935471572124,3.294935471572124,1.0,1.0
2019,4239938,CJ Lewis,103,Boston College,ACC,WR,,,1.0,1,0.0,,1.0,12,1.0,0.0,0.0,,,1.0,12.0,32.0,12.0,1.0,0.0,,,,0.0,4.34,4.34,2.5300945420359255,2.5300945420359255,1.0,0.0
2019,4239939,Dennis Grosel,103,Boston College,ACC,QB,,,167.0,161,6.0,,72.0,853,8.0,3.0,72.0,,,0.4472049689440994,5.298136645962733,5.453416149068323,5.107784431137724,0.049689440993788817,0.018633540372670808,,,,0.03592814371257485,61.76249911586848,0.36983532404711666,42.79451604511958,0.25625458709652443,0.38509316770186336,0.09316770186335403
2019,4239964,Isaiah Sanders,2005,Air Force,Mountain West,QB,,,5.0,5,0.0,,5.0,76,0.0,0.0,0.0,,,1.0,15.2,15.2,15.2,0.0,0.0,,,,0.0,6.483066412508611,1.2966132825017223,6.010258612458202,1.2020517224916403,0.8,0.2
2019,4239992,Amari Rodgers,228,Clemson,ACC,WR,,,1.0,1,0.0,,0.0,0,0.0,0.0,0.0,,,0.0,0.0,0.0,0.0,0.0,0.0,,,,0.0,-0.6999999999999997,-0.6999999999999997,-0.6918622905019662,-0.6918622905019662,0.0,0.0
2019,4239993,Tee Higgins,228,Clemson,ACC,WR,,,1.0,1,0.0,,1.0,33,1.0,0.0,0.0,,,1.0,33.0,53.0,33.0,1.0,0.0,,,,0.0,7.489139435473455,7.489139435473455,4.861792014216618,4.861792014216618,1.0,1.0
2019,4239994,Chase Brice,228,Clemson,ACC,QB,,,80.0,79,1.0,,45.0,464,4.0,1.0,11.0,,,0.569620253164557,5.8734177215189876,6.3164556962025316,5.8,0.05063291139240506,0.012658227848101266,,,,0.0125,27.11249218049081,0.33890615225613513,17.492586422235796,0.21865733027794745,0.46835443037974683,0.0759493670886076
2019,4239996,Travis Etienne,228,Clemson,ACC,RB,,,1.0,1,0.0,,1.0,4,1.0,0.0,0.0,,,1.0,4.0,24.0,4.0,1.0,0.0,,,,0.0,3.770388375672157,3.770388375672157,2.3338902404479605,2.3338902404479605,1.0,0.0
2019,4239998,Hunter Johnson,77,Northwestern,Big Ten,QB,,,126.0,117,9.0,,50.0,409,1.0,4.0,81.0,,,0.42735042735042733,3.4957264957264957,2.128205128205128,3.246031746031746,0.008547008547008548,0.03418803418803419,,,,0.07142857142857142,1.642254147397411,0.013033763074582627,-5.220126777930709,-0.041429577602624675,0.37606837606837606,0.03418803418803419
2019,4240020,James Blackman,52,Florida State,ACC,QB,,,328.0,314,14.0,,181.0,1947,20.0,10.0,168.0,,,0.5764331210191083,6.2006369426751595,6.04140127388535,5.935975609756097,0.06369426751592357,0.03184713375796178,,,,0.042682926829268296,153.18131944107324,0.4670162178081501,77.63948982198079,0.23670576165238044,0.4713375796178344,0.07643312101910828
2019,4240021,Cam Akers,52,Florida State,ACC,RB,,,6.0,6,0.0,,4.0,50,0.0,0.0,0.0,,,0.6666666666666666,8.333333333333334,8.333333333333334,8.333333333333334,0.0,0.0,,,,0.0,1.7552858964747877,0.29254764941246464,2.7994932295223034,0.4665822049203839,0.6666666666666666,0.0
2019,4240025,Bailey Hockman,152,NC State,ACC,QB,,,108.0,102,6.0,,54.0,505,2.0,3.0,53.0,,,0.5294117647058824,4.950980392156863,4.019607843137255,4.675925925925926,0.0196078431372549,0.029411764705882353,,,,0.05555555555555555,-4.008320383156574,-0.03711407762182013,-7.031202223263468,-0.06510372428947656,0.39215686274509803,0.0784313725490196
2019,4240034,D.J. Matthews Jr.,52,Florida State,ACC,WR,,,1.0,1,0.0,,1.0,25,0.0,0.0,0.0,,,1.0,25.0,25.0,25.0,0.0,0.0,,,,0.0,2.4499999999999997,2.4499999999999997,1.856356375016004,1.856356375016004,1.0,1.0
2019,4240069,Malik Cunningham,97,Louisville,ACC,QB,,,220.0,201,19.0,,108.0,1840,21.0,5.0,135.0,,,0.5373134328358209,9.154228855721392,10.124378109452737,8.363636363636363,0.1044776119402985,0.024875621890547265,,,,0.08636363636363636,173.22036420323496,0.7873652918328862,102.1516187016051,0.46432553955275047,0.5024875621890548,0.15920398009950248
2019,4240096,Matthew McKay,152,NC State,ACC,QB,,,155.0,152,3.0,,85.0,894,3.0,1.0,17.0,,,0.5592105263157895,5.881578947368421,5.980263157894737,5.767741935483871,0.019736842105263157,0.006578947368421052,,,,0.01935483870967742,57.64940087847213,0.37193161857078794,31.043957560158795,0.2002835971623148,0.48026315789473684,0.046052631578947366
2019,4240121,Thayer Thomas,152,NC State,ACC,WR,,,4.0,4,0.0,,2.0,42,1.0,0.0,0.0,,,0.5,10.5,15.5,10.5,0.25,0.0,,,,0.0,5.039999999999999,1.2599999999999998,1.7348768323223278,0.43371920808058195,0.5,0.25
2019,4240146,Nate Stewart,2006,Akron,Mid-American,WR,,,1.0,1,0.0,,0.0,0,0.0,0.0,0.0,,,0.0,0.0,0.0,0.0,0.0,0.0,,,,0.0,-0.7000000000000002,-0.7000000000000002,-0.357171386033373,-0.357171386033373,0.0,0.0
2019,4240251,Bryson Smith,248,Houston,American Athletic,WR,,,4.0,4,0.0,,3.0,105,1.0,0.0,0.0,,,0.75,26.25,31.25,26.25,0.25,0.0,,,,0.0,11.454609213848263,2.863652303462066,8.871661156397534,2.2179152890993836,0.75,0.5
2019,4240253,Jeremy Singleton,248,Houston,American Athletic,WR,,,1.0,1,0.0,,1.0,58,1.0,0.0,0.0,,,1.0,58.0,78.0,58.0,1.0,0.0,,,,0.0,7.973391641993318,7.973391641993318,5.283997492595054,5.283997492595054,1.0,1.0
2019,4240351,Tyler Vander Waal,2751,Wyoming,Mountain West,QB,,,117.0,106,11.0,,49.0,364,1.0,4.0,77.0,,,0.46226415094339623,3.4339622641509435,1.9245283018867925,3.111111111111111,0.009433962264150943,0.03773584905660377,,,,0.09401709401709402,10.249794301523568,0.08760507950020144,-17.18417348766748,-0.14687327767237163,0.4528301886792453,0.04716981132075472
2019,4240391,Tommy DeVito,183,Syracuse,ACC,QB,,,420.0,379,41.0,,211.0,2073,18.0,5.0,264.0,,,0.5567282321899736,5.469656992084433,5.825857519788919,4.935714285714286,0.047493403693931395,0.013192612137203167,,,,0.09761904761904762,109.33895476511286,0.26033084467884016,44.85958242803859,0.10680852959056808,0.43799472295514513,0.079155672823219
2019,4240412,Aaron Hackett,183,Syracuse,ACC,TE,,,1.0,1,0.0,,1.0,7,1.0,0.0,0.0,,,1.0,7.0,27.0,7.0,1.0,0.0,,,,0.0,4.403391641993318,4.403391641993318,2.607148468017737,2.607148468017737,1.0,0.0
2019,4240419,Tayvon Bowers,154,Wake Forest,ACC,QB,,,3.0,2,1.0,,0.0,-8,0.0,0.0,8.0,,,0.0,-4.0,-4.0,-2.6666666666666665,0.0,0.0,,,,0.3333333333333333,-2.5838324625039517,-0.8612774875013173,-0.6802253687977471,-0.22674178959924904,0.0,0.0
2019,4240432,Sage Surratt,154,Wake Forest,ACC,WR,,,1.0,1,0.0,,1.0,51,1.0,0.0,0.0,,,1.0,51.0,71.0,51.0,1.0,0.0,,,,0.0,7.07,7.07,3.923367203892939,3.923367203892939,1.0,1.0
2019,4240452,Chris Katrenick,150,Duke,ACC,QB,,,13.0,13,0.0,,3.0,43,1.0,1.0,0.0,,,0.23076923076923078,3.3076923076923075,1.3846153846153846,3.3076923076923075,0.07692307692307693,0.07692307692307693,,,,0.0,-0.12114844791940449,-0.00931911137841573,-9.434605134684201,-0.7257388565141694,0.3076923076923077,0.07692307692307693
2019,4240455,Deon Jackson,150,Duke,ACC,RB,,,3.0,3,0.0,,2.0,66,2.0,1.0,0.0,,,0.6666666666666666,22.0,20.333333333333332,22.0,0.6666666666666666,0.3333333333333333,,,,0.0,3.675812358893264,1.2252707862977548,0.36268576692617494,0.12089525564205832,0.6666666666666666,0.6666666666666666
2019,4240472,Noah Gray,150,Duke,ACC,TE,,,2.0,2,0.0,,2.0,17,2.0,0.0,0.0,,,1.0,8.5,28.5,8.5,1.0,0.0,,,,0.0,7.355726716985417,3.6778633584927083,4.469074958765381,2.2345374793826904,1.0,0.0
2019,4240482,Tobias Oliver,59,Georgia Tech,ACC,DB,,,31.0,29,2.0,,12.0,153,1.0,2.0,18.0,,,0.41379310344827586,5.275862068965517,2.8620689655172415,4.935483870967742,0.034482758620689655,0.06896551724137931,,,,0.06451612903225806,3.3964312496205467,0.10956229837485634,-1.6978947784416678,-0.05477079930456993,0.3793103448275862,0.10344827586206896
2019,4240485,Pressley Harvin III,59,Georgia Tech,ACC,P,,,1.0,1,0.0,,1.0,41,1.0,0.0,0.0,,,1.0,41.0,61.0,41.0,1.0,0.0,,,,0.0,8.183391641993317,8.183391641993317,5.809330412725851,5.809330412725851,1.0,1.0
2019,4240573,Ihmir Smith-Marsette,2294,Iowa,Big Ten,WR,,,1.0,1,0.0,,0.0,0,0.0,0.0,0.0,,,0.0,0.0,0.0,0.0,0.0,0.0,,,,0.0,-0.6999999999999997,-0.6999999999999997,-0.557844891990525,-0.557844891990525,0.0,0.0
2019,4240600,Kadarius Toney,57,Florida,SEC,WR,,,1.0,1,0.0,,0.0,0,0.0,0.0,0.0,,,0.0,0.0,0.0,0.0,0.0,0.0,,,,0.0,-0.6999999999999997,-0.6999999999999997,-0.4522778946200265,-0.4522778946200265,0.0,0.0
2019,4240626,Jeff Thomas,2390,Miami,ACC,WR,,,1.0,1,0.0,,1.0,25,1.0,0.0,0.0,,,1.0,25.0,45.0,25.0,1.0,0.0,,,,0.0,6.728310239290666,6.728310239290666,3.8515229215179243,3.8515229215179243,1.0,1.0
2019,4240628,N'Kosi Perry,2390,Miami,ACC,QB,,,182.0,170,12.0,,81.0,908,5.0,3.0,94.0,,,0.4764705882352941,5.341176470588235,5.135294117647059,4.989010989010989,0.029411764705882353,0.01764705882352941,,,,0.06593406593406594,33.40301996988945,0.18353307675763433,15.12950627651239,0.08312915536545269,0.4176470588235294,0.07647058823529412
2019,4240676,Beau Corrales,153,North Carolina,ACC,WR,,,2.0,2,0.0,,2.0,25,2.0,0.0,0.0,,,1.0,12.5,32.5,12.5,1.0,0.0,,,,0.0,9.500041688366828,4.750020844183414,5.168009435785976,2.584004717892988,1.0,0.0
2019,4240689,Jake Fromm,61,Georgia,SEC,QB,,,358.0,350,8.0,,210.0,2424,23.0,3.0,76.0,,,0.6,6.925714285714286,7.854285714285714,6.770949720670391,0.06571428571428571,0.008571428571428572,,,,0.0223463687150838,176.87604056088472,0.4940671524047059,120.65363537757202,0.3370213278703129,0.4857142857142857,0.1
2019,4240703,Kenny Pickett,221,Pittsburgh,ACC,QB,,,510.0,488,22.0,,281.0,2642,10.0,9.0,197.0,,,0.5758196721311475,5.413934426229508,4.993852459016393,5.180392156862745,0.020491803278688523,0.018442622950819672,,,,0.043137254901960784,155.84778916561206,0.30558390032472954,68.4011436766681,0.1341198895620943,0.4569672131147541,0.0860655737704918
2019,4240756,Tanner Morgan,135,Minnesota,Big Ten,QB,,,359.0,337,22.0,,204.0,2833,25.0,7.0,163.0,,,0.6053412462908012,8.40652818991098,8.955489614243323,7.891364902506964,0.07418397626112759,0.020771513353115726,,,,0.06128133704735376,274.4264388611609,0.7644190497525373,180.55360364616595,0.5029348290979553,0.5578635014836796,0.1513353115727003
2019,4240782,Asim Rose,96,Kentucky,SEC,RB,,,1.0,1,0.0,,1.0,10,0.0,0.0,0.0,,,1.0,10.0,10.0,10.0,0.0,0.0,,,,0.0,1.1133916419933194,1.1133916419933194,1.517726574358301,1.517726574358301,1.0,0.0
2019,4240786,Walker Wood,96,Kentucky,SEC,QB,,,3.0,3,0.0,,2.0,30,0.0,0.0,0.0,,,0.6666666666666666,10.0,10.0,10.0,0.0,0.0,,,,0.0,2.862568074348484,0.9541893581161612,1.9573401991584214,0.6524467330528071,0.6666666666666666,0.3333333333333333
2019,4240792,Andrew Bunch,158,Nebraska,Big Ten,QB,,,7.0,7,0.0,,1.0,6,0.0,0.0,7.0,,,0.14285714285714285,0.8571428571428571,0.8571428571428571,0.8571428571428571,0.0,0.0,,,,0.0,-1.8881806438418023,-0.26974009197740034,-6.418703180140168,-0.9169575971628812,0.2857142857142857,0.0
2019,4240796,Tristan Gebbia,204,Oregon State,Pac-12,QB,,,60.0,60,0.0,,37.0,320,2.0,1.0,7.0,,,0.6166666666666667,5.333333333333333,5.25,5.333333333333333,0.03333333333333333,0.016666666666666666,,,,0.0,23.837631449842316,0.39729385749737195,13.546074171513007,0.2257679028585501,0.55,0.016666666666666666
2019,4240850,Lindell Stone,258,Virginia,ACC,QB,,,2.0,2,0.0,,1.0,7,0.0,1.0,0.0,,,0.5,3.5,-19.0,3.5,0.0,0.5,,,,0.0,-1.9448329553895016,-0.9724164776947508,-2.5901149676393107,-1.2950574838196554,0.5,0.0
2019,4240858,Hendon Hooker,259,Virginia Tech,ACC,QB,,,187.0,176,11.0,,96.0,1382,13.0,2.0,121.0,,,0.5454545454545454,7.8522727272727275,8.818181818181818,7.390374331550802,0.07386363636363637,0.011363636363636364,,,,0.058823529411764705,116.51320245859596,0.6230652537892832,70.51630720595062,0.3770925519034793,0.4943181818181818,0.14204545454545456
2019,4240866,Kalil Pimpleton,2117,Central Michigan,Mid-American,WR,,,2.0,2,0.0,,1.0,28,0.0,0.0,0.0,,,0.5,14.0,14.0,14.0,0.0,0.0,,,,0.0,1.4144777767867165,0.7072388883933582,1.5027852170575908,0.7513926085287954,0.5,0.5
2019,4240895,Jhamon Ausbon,245,Texas A&M,SEC,WR,,,1.0,1,0.0,,1.0,19,1.0,0.0,0.0,,,1.0,19.0,39.0,19.0,1.0,0.0,,,,0.0,4.83,4.83,2.604447628637523,2.604447628637523,1.0,0.0
2019,4240904,Kellen Mond,245,Texas A&M,SEC,QB,,,461.0,439,22.0,,250.0,2595,15.0,8.0,185.0,,,0.5694760820045558,5.911161731207289,5.774487471526196,5.629067245119306,0.03416856492027335,0.018223234624145785,,,,0.04772234273318872,154.1760232318827,0.33443822826872605,93.74401420756492,0.2033492715999239,0.4806378132118451,0.08200455580865604
2019,4241012,Malik Williams,2026,App State,Sun Belt,WR,,,2.0,2,0.0,,0.0,0,0.0,0.0,0.0,,,0.0,0.0,0.0,0.0,0.0,0.0,,,,0.0,-1.4,-0.7,-0.8862898506969809,-0.4431449253484904,0.0,0.0
2019,4241053,Jonathan Adams Jr.,2032,Arkansas State,Sun Belt,WR,,,1.0,1,0.0,,1.0,32,1.0,0.0,0.0,,,1.0,32.0,52.0,32.0,1.0,0.0,,,,0.0,5.739999999999998,5.739999999999998,2.8715194255889624,2.8715194255889624,1.0,1.0
2019,4241193,Taylor Powell,142,Missouri,SEC,QB,,,69.0,66,3.0,,29.0,195,1.0,2.0,25.0,,,0.4393939393939394,2.9545454545454546,1.893939393939394,2.8260869565217392,0.015151515151515152,0.030303030303030304,,,,0.043478260869565216,4.1983193560809235,0.06084520805914382,-7.6969677707716215,-0.11155025754741481,0.36363636363636365,0.045454545454545456
2019,4241222,Charlie Brewer,239,Baylor,Big 12,QB,,,428.0,403,25.0,,241.0,2726,17.0,6.0,175.0,,,0.598014888337469,6.764267990074441,6.937965260545906,6.369158878504673,0.04218362282878412,0.01488833746898263,,,,0.05841121495327103,204.39555848061582,0.4775597160762052,121.92190073119843,0.28486425404485616,0.48883374689826303,0.10918114143920596
2019,4241225,R.J. Sneed II,239,Baylor,Big 12,WR,,,2.0,1,1.0,,0.0,-7,0.0,0.0,7.0,,,0.0,-7.0,-7.0,-3.5,0.0,0.0,,,,0.5,-0.013788508962933488,-0.006894254481466744,-2.5307946703041466,-1.2653973351520733,0.0,0.0
2019,4241327,Nick Ast,2306,Kansas State,Big 12,WR,,,3.0,3,0.0,,3.0,28,0.0,0.0,0.0,,,1.0,9.333333333333334,9.333333333333334,9.333333333333334,0.0,0.0,,,,0.0,3.4467604069403386,1.1489201356467795,4.782159277011768,1.594053092337256,1.0,0.0
2019,4241389,CeeDee Lamb,201,Oklahoma,Big 12,WR,,,6.0,6,0.0,,6.0,229,6.0,0.0,0.0,,,1.0,38.166666666666664,58.166666666666664,38.166666666666664,1.0,0.0,,,,0.0,38.588940105616665,6.431490017602777,24.213791325111554,4.035631887518592,1.0,0.6666666666666666
2019,4241399,Chris Robison,2226,Florida Atlantic,Conference USA,QB,,,473.0,452,21.0,,269.0,3139,24.0,5.0,184.0,,,0.5951327433628318,6.9446902654867255,7.508849557522124,6.636363636363637,0.05309734513274336,0.011061946902654867,,,,0.04439746300211417,246.64544703081813,0.521449148056698,153.43932484884814,0.3243960356212434,0.48008849557522126,0.1261061946902655
2019,4241418,Jake McClure,197,Oklahoma State,Big 12,PK,,,1.0,1,0.0,,0.0,0,0.0,0.0,0.0,,,0.0,0.0,0.0,0.0,0.0,0.0,,,,0.0,-1.6105751203316836,-1.6105751203316836,-2.6319449431306943,-2.6319449431306943,0.0,0.0
2019,4241457,Najee Harris,333,Alabama,SEC,RB,,,4.0,4,0.0,,4.0,97,4.0,0.0,0.0,,,1.0,24.25,44.25,24.25,1.0,0.0,,,,0.0,23.534036956276083,5.883509239069021,14.063822213771084,3.515955553442771,1.0,0.5
2019,4241463,Jerry Jeudy,333,Alabama,SEC,WR,,,4.0,4,0.0,,4.0,80,4.0,0.0,0.0,,,1.0,20.0,40.0,20.0,1.0,0.0,,,,0.0,20.8396008678562,5.20990021696405,11.644276084972859,2.9110690212432146,1.0,0.5
2019,4241464,Mac Jones,333,Alabama,SEC,QB,,,142.0,140,2.0,,94.0,1293,13.0,2.0,18.0,,,0.6714285714285714,9.235714285714286,10.45,9.105633802816902,0.09285714285714286,0.014285714285714285,,,,0.014084507042253521,106.45272697493078,0.749667091372752,56.049179193550046,0.39471252953204256,0.5428571428571428,0.17142857142857143
2019,4241475,Henry Ruggs III,333,Alabama,SEC,WR,,,3.0,3,0.0,,3.0,128,3.0,0.0,0.0,,,1.0,42.666666666666664,62.666666666666664,42.666666666666664,1.0,0.0,,,,0.0,20.159999999999997,6.719999999999999,12.422772021235287,4.1409240070784294,1.0,0.6666666666666666
2019,4241478,DeVonta Smith,333,Alabama,SEC,WR,,,6.0,6,0.0,,6.0,257,6.0,0.0,0.0,,,1.0,42.833333333333336,62.833333333333336,42.833333333333336,1.0,0.0,,,,0.0,39.84447777678672,6.64074629613112,25.21687103408669,4.202811839014449,1.0,0.6666666666666666
2019,4241479,Tua Tagovailoa,333,Alabama,SEC,QB,,,256.0,246,10.0,,163.0,2111,16.0,3.0,63.0,,,0.6626016260162602,8.58130081300813,9.333333333333334,8.24609375,0.06504065040650407,0.012195121951219513,,,,0.0390625,191.39668544513887,0.7476433025200737,120.03872711951341,0.46890127781059926,0.5447154471544715,0.17073170731707318
2019,4241480,Major Tennison,333,Alabama,SEC,TE,,,1.0,1,0.0,,1.0,1,1.0,0.0,0.0,,,1.0,1.0,21.0,1.0,1.0,0.0,,,,0.0,2.7357267169854174,2.7357267169854174,1.900352237473006,1.900352237473006,1.0,0.0
2019,4241556,Levi Lewis,309,Louisiana,Sun Belt,QB,,,347.0,339,8.0,,214.0,2585,15.0,3.0,98.0,,,0.6312684365781711,7.625368731563422,8.112094395280236,7.449567723342939,0.04424778761061947,0.008849557522123894,,,,0.023054755043227664,191.13678301773055,0.5508264640280419,120.13732270116373,0.3462170683030655,0.5221238938053098,0.12094395280235988
2019,4241588,Elijah Cooks,2440,Nevada,Mountain West,WR,,,1.0,1,0.0,,1.0,50,0.0,0.0,0.0,,,1.0,50.0,50.0,50.0,0.0,0.0,,,,0.0,4.0455222232132835,4.0455222232132835,2.392832396757491,2.392832396757491,1.0,1.0
2019,4241602,McLane Mannix,2641,Texas Tech,Big 12,WR,,,1.0,1,0.0,,0.0,0,0.0,0.0,0.0,,,0.0,0.0,0.0,0.0,0.0,0.0,,,,0.0,-0.7000000000000002,-0.7000000000000002,-0.5308962154816008,-0.5308962154816008,0.0,0.0
2019,4241635,Josh Adkins,166,New Mexico State,FBS Independents,QB,,,495.0,464,31.0,,268.0,2047,15.0,14.0,204.0,,,0.5775862068965517,4.411637931034483,3.7004310344827585,4.135353535353535,0.032327586206896554,0.03017241379310345,,,,0.06262626262626263,112.4597026738741,0.227191318533079,27.744931404724294,0.0560503664741905,0.4525862068965517,0.05818965517241379
2019,4241666,Jaylin Nelson,326,Texas State,Sun Belt,RB,,,1.0,1,0.0,,0.0,0,0.0,0.0,0.0,,,0.0,0.0,0.0,0.0,0.0,0.0,,,,0.0,-0.7000000000000002,-0.7000000000000002,-0.9430517195492936,-0.9430517195492936,0.0,0.0
2019,4241737,Luke Whittemore,2653,Troy,Sun Belt,WR,,,1.0,1,0.0,,0.0,0,0.0,0.0,0.0,,,0.0,0.0,0.0,0.0,0.0,0.0,,,,0.0,-0.6999999999999997,-0.6999999999999997,-0.60040272366439,-0.60040272366439,0.0,0.0
2019,4241820,Sam Ehlinger,251,Texas,Big 12,QB,,,512.0,483,29.0,,291.0,3347,29.0,7.0,184.0,,,0.6024844720496895,6.929606625258799,7.478260869565218,6.537109375,0.060041407867494824,0.014492753623188406,,,,0.056640625,274.4130302763382,0.535962949758473,169.83050741110986,0.33170020978732395,0.505175983436853,0.10559006211180125
2019,4241888,Reggie Roberson Jr.,2567,SMU,American Athletic,WR,,,4.0,4,0.0,,4.0,199,4.0,0.0,0.0,,,1.0,49.75,69.75,49.75,1.0,0.0,,,,0.0,29.33,7.3325,18.07163501605136,4.51790875401284,1.0,1.0
2019,4241965,Rocky Lombardi,127,Michigan State,Big Ten,QB,,,21.0,21,0.0,,7.0,19,0.0,2.0,0.0,,,0.3333333333333333,0.9047619047619048,-3.380952380952381,0.9047619047619048,0.0,0.09523809523809523,,,,0.0,1.6655307313447056,0.07931098720689074,-3.297402853604329,-0.15701918350496805,0.3333333333333333,0.0
2019,4241983,Cody White,127,Michigan State,Big Ten,WR,,,3.0,3,0.0,,0.0,0,0.0,0.0,0.0,,,0.0,0.0,0.0,0.0,0.0,0.0,,,,0.0,-2.0999999999999996,-0.6999999999999998,-2.0869618823697316,-0.6956539607899105,0.0,0.0
2019,4241988,Trevon Grimes,57,Florida,SEC,WR,,,1.0,1,0.0,,1.0,66,1.0,0.0,0.0,,,1.0,66.0,86.0,66.0,1.0,0.0,,,,0.0,8.12,8.12,5.336769389729614,5.336769389729614,1.0,1.0
2019,4241992,Tate Martell,2390,Miami,ACC,QB,,,3.0,3,0.0,,1.0,3,0.0,0.0,4.0,,,0.3333333333333333,1.0,1.0,1.0,0.0,0.0,,,,0.0,-0.7526622766153732,-0.2508874255384577,-0.0034534275299851203,-0.00115114250999504,0.3333333333333333,0.0
2019,4242203,Lowell Narcisse,2636,UTSA,Conference USA,QB,,,234.0,217,17.0,,106.0,1108,7.0,5.0,87.0,,,0.48847926267281105,5.105990783410138,4.714285714285714,4.735042735042735,0.03225806451612903,0.02304147465437788,,,,0.07264957264957266,62.034533487368854,0.2651048439631148,11.564449539235872,0.04942072452664902,0.4147465437788018,0.06451612903225806
2019,4242210,Myles Brennan,99,LSU,SEC,QB,,,40.0,40,0.0,,24.0,310,2.0,1.0,0.0,,,0.6,7.75,7.625,7.75,0.05,0.025,,,,0.0,22.920537520785203,0.5730134380196301,9.72613082759499,0.24315327068987475,0.55,0.125
2019,4242214,Clyde Edwards-Helaire,99,LSU,SEC,RB,,,1.0,1,0.0,,1.0,13,1.0,0.0,0.0,,,1.0,13.0,33.0,13.0,1.0,0.0,,,,0.0,4.41,4.41,2.538929215045847,2.538929215045847,1.0,0.0
2019,4242231,Racey McMath,99,LSU,SEC,WR,,,1.0,1,0.0,,1.0,6,1.0,0.0,0.0,,,1.0,6.0,26.0,6.0,1.0,0.0,,,,0.0,3.513213388631248,3.513213388631248,2.052489771065277,2.052489771065277,1.0,0.0
2019,4242268,Andrew Marty,77,Northwestern,Big Ten,QB,,,21.0,21,0.0,,13.0,112,1.0,2.0,0.0,,,0.6190476190476191,5.333333333333333,2.0,5.333333333333333,0.047619047619047616,0.09523809523809523,,,,0.0,14.21798915882843,0.6770471028013538,6.277373321580105,0.29892253912286215,0.5714285714285714,0.09523809523809523
2019,4242275,Jace James,77,Northwestern,Big Ten,WR,,,1.0,1,0.0,,1.0,9,1.0,0.0,0.0,,,1.0,9.0,29.0,9.0,1.0,0.0,,,,0.0,5.444220838176107,5.444220838176107,3.010112654732236,3.010112654732236,1.0,0.0
2019,4242331,Jack Coan,275,Wisconsin,Big Ten,QB,,,325.0,313,12.0,,213.0,2266,14.0,5.0,84.0,,,0.6805111821086262,7.23961661341853,7.415335463258786,6.972307692307692,0.04472843450479233,0.01597444089456869,,,,0.036923076923076927,195.55077327231584,0.601694686991741,127.50999684670042,0.3923384518360013,0.5750798722044729,0.07987220447284345
2019,4242335,Jonathan Taylor,275,Wisconsin,Big Ten,RB,,,3.0,3,0.0,,3.0,76,3.0,0.0,0.0,,,1.0,25.333333333333332,45.333333333333336,25.333333333333332,1.0,0.0,,,,0.0,16.660737051869006,5.553579017289668,9.09984483740917,3.0332816124697235,1.0,0.6666666666666666
2019,4242369,Matt Bushman,252,BYU,FBS Independents,TE,,,3.0,3,0.0,,3.0,73,3.0,0.0,0.0,,,1.0,24.333333333333332,44.333333333333336,24.333333333333332,1.0,0.0,,,,0.0,16.4085147330628,5.469504911020933,9.702462222489894,3.234154074163298,1.0,0.6666666666666666
2019,4242394,Michael Curtis,113,Massachusetts,FBS Independents,QB,,,67.0,65,2.0,,30.0,275,2.0,3.0,10.0,,,0.46153846153846156,4.230769230769231,2.769230769230769,4.104477611940299,0.03076923076923077,0.046153846153846156,,,,0.029850746268656716,12.933676557732303,0.1930399486228702,-3.2674218021150763,-0.04876748958380711,0.38461538461538464,0.07692307692307693
2019,4242408,Chase Garbers,25,California,Pac-12,QB,,,255.0,235,20.0,,129.0,1647,13.0,3.0,115.0,,,0.548936170212766,7.008510638297873,7.540425531914893,6.458823529411765,0.05531914893617021,0.01276595744680851,,,,0.0784313725490196,133.7565470022424,0.5245354784401662,79.21606475440895,0.3106512343310155,0.4723404255319149,0.11914893617021277
2019,4242496,Alec Hallman,2229,Florida International,Conference USA,P,,,1.0,1,0.0,,0.0,-11,0.0,1.0,0.0,,,0.0,-11.0,-56.0,-11.0,0.0,1.0,,,,0.0,-0.9365644044656647,-0.9365644044656647,-2.1735430655242585,-2.1735430655242585,0.0,0.0
2019,4242526,John Samuel Shenker,2,Auburn,SEC,TE,,,1.0,1,0.0,,1.0,6,1.0,0.0,0.0,,,1.0,6.0,26.0,6.0,1.0,0.0,,,,0.0,4.213213388631248,4.213213388631248,2.528666992781938,2.528666992781938,1.0,0.0
2019,4242546,Davis Mills,24,Stanford,Pac-12,QB,,,261.0,251,10.0,,156.0,1843,10.0,5.0,64.0,,,0.6215139442231076,7.342629482071713,7.243027888446215,7.061302681992337,0.0398406374501992,0.0199203187250996,,,,0.038314176245210725,128.22982655530532,0.4913020174532771,74.6163030652498,0.2858862186408038,0.545816733067729,0.12749003984063745
2019,4242557,Colby Parkinson,24,Stanford,Pac-12,TE,,,1.0,1,0.0,,1.0,8,1.0,0.0,0.0,,,1.0,8.0,28.0,8.0,1.0,0.0,,,,0.0,3.879396374084063,3.879396374084063,2.319599568699692,2.319599568699692,1.0,0.0
2019,4242974,Austin Burton,26,UCLA,Pac-12,QB,,,70.0,67,3.0,,44.0,351,1.0,0.0,14.0,,,0.6567164179104478,5.2388059701492535,5.537313432835821,5.014285714285714,0.014925373134328358,0.0,,,,0.04285714285714286,21.424754302912575,0.3060679186130368,12.354518845629178,0.17649312636613113,0.5223880597014925,0.05970149253731343
2019,4242995,Jorge Reyna,278,Fresno State,Mountain West,QB,,,402.0,382,20.0,,231.0,2476,16.0,10.0,149.0,,,0.6047120418848168,6.481675392670157,6.141361256544503,6.159203980099503,0.041884816753926704,0.02617801047120419,,,,0.04975124378109453,180.08471168617092,0.4479719196173406,96.11272688294325,0.23908638528095336,0.5157068062827225,0.10209424083769633
2019,4243160,Laviska Shenault Jr.,38,Colorado,Pac-12,WR,,,1.0,1,0.0,,1.0,25,1.0,0.0,0.0,,,1.0,25.0,45.0,25.0,1.0,0.0,,,,0.0,5.663391641993318,5.663391641993318,2.922925669705489,2.922925669705489,1.0,1.0
2019,4243162,Tyler Lytle,38,Colorado,Pac-12,QB,,,3.0,2,1.0,,0.0,-1,0.0,0.0,1.0,,,0.0,-0.5,-0.5,-0.3333333333333333,0.0,0.0,,,,0.3333333333333333,-1.5483102392906676,-0.5161034130968892,-0.8259462673261391,-0.2753154224420464,0.0,0.0
2019,4243168,K.D. Nixon,38,Colorado,Pac-12,WR,,,1.0,1,0.0,,1.0,38,1.0,0.0,0.0,,,1.0,38.0,58.0,38.0,1.0,0.0,,,,0.0,6.16,6.16,3.094592648585188,3.094592648585188,1.0,1.0
2019,4243258,Jason Shelley,254,Utah,Pac-12,QB,,,17.0,14,3.0,,6.0,27,1.0,0.0,16.0,,,0.42857142857142855,1.9285714285714286,3.357142857142857,1.588235294117647,0.07142857142857142,0.0,,,,0.17647058823529413,-0.6308605645265497,-0.037109444972149984,-1.3819811249652836,-0.08129300735089903,0.42857142857142855,0.0
2019,4243276,Todd Centeio,218,Temple,American Athletic,QB,,,54.0,50,4.0,,30.0,332,4.0,1.0,36.0,,,0.6,6.64,7.34,6.148148148148148,0.08,0.02,,,,0.07407407407407407,28.684092286968642,0.531186894203123,12.642783878124575,0.2341256273726773,0.46,0.1
2019,4243331,Cade Otton,264,Washington,Pac-12,TE,,,1.0,1,0.0,,1.0,3,1.0,0.0,0.0,,,1.0,3.0,23.0,3.0,1.0,0.0,,,,0.0,2.7995591794893677,2.7995591794893677,1.464451732731337,1.464451732731337,1.0,0.0
2019,4243364,Connor Adair,235,Memphis,American Athletic,QB,,,15.0,15,0.0,,10.0,109,0.0,0.0,0.0,,,0.6666666666666666,7.266666666666667,7.266666666666667,7.266666666666667,0.0,0.0,,,,0.0,10.509886619025593,0.7006591079350396,12.11850901570913,0.8079006010472753,0.4666666666666667,0.13333333333333333
2019,4243390,Tyce Daniel,235,Memphis,American Athletic,TE,,,1.0,1,0.0,,1.0,3,1.0,0.0,0.0,,,1.0,3.0,23.0,3.0,1.0,0.0,,,,0.0,2.7995591794893677,2.7995591794893677,1.464451732731337,1.464451732731337,1.0,0.0
2019,4243455,Jacquez Sloan,98,Western Kentucky,Conference USA,WR,,,1.0,1,0.0,,0.0,-9,0.0,1.0,0.0,,,0.0,-9.0,-54.0,-9.0,0.0,1.0,,,,0.0,1.2462114910370667,1.2462114910370667,-2.723386762683635,-2.723386762683635,1.0,0.0
2019,4243484,Jordan Hoy,2320,Lamar,Southland,QB,,,23.0,23,0.0,,10.0,75,0.0,0.0,0.0,,,0.43478260869565216,3.260869565217391,3.260869565217391,3.260869565217391,0.0,0.0,,,,0.0,-3.3733533169902543,-0.1466675355213154,-1.2025008046174892,-0.052282643679021266,0.34782608695652173,0.0
2019,4243485,Steven Williams,295,Old Dominion,Conference USA,LB,,,2.0,2,0.0,,1.0,18,1.0,1.0,0.0,,,0.5,9.0,-3.5,9.0,0.5,0.5,,,,0.0,10.150689267823783,5.075344633911891,1.663020970386146,0.831510485193073,1.0,0.5
2019,4243535,D.J. Mack Jr.,2116,UCF,American Athletic,QB,,,31.0,30,1.0,,18.0,132,4.0,1.0,8.0,,,0.6,4.4,5.566666666666666,4.258064516129032,0.13333333333333333,0.03333333333333333,,,,0.03225806451612903,16.92450164706036,0.5459516660342052,0.7883328929518849,0.025430093321028545,0.5666666666666667,0.1
2019,4243537,Gabriel Davis,2116,UCF,American Athletic,WR,,,4.0,4,0.0,,4.0,79,4.0,0.0,0.0,,,1.0,19.75,39.75,19.75,1.0,0.0,,,,0.0,22.043391641993317,5.510847910498329,11.917851376662242,2.9794628441655604,1.0,0.25
2019,4243539,Noah Vedral,158,Nebraska,Big Ten,QB,,,59.0,55,4.0,,34.0,479,0.0,0.0,27.0,,,0.6181818181818182,8.709090909090909,8.709090909090909,8.11864406779661,0.0,0.0,,,,0.06779661016949153,12.5946286010886,0.21346828137438303,10.488976525418106,0.17777926314267978,0.45454545454545453,0.16363636363636364
2019,4243712,CJ Williams,2426,Navy,American Athletic,RB,,,4.0,4,0.0,,3.0,90,1.0,0.0,0.0,,,0.75,22.5,27.5,22.5,0.25,0.0,,,,0.0,11.613391641993317,2.9033479104983293,9.027818957269604,2.256954739317401,0.75,0.75
2019,4243760,Tyler Page,2567,SMU,American Athletic,WR,,,2.0,2,0.0,,1.0,30,0.0,0.0,0.0,,,0.5,15.0,15.0,15.0,0.0,0.0,,,,0.0,1.4000000000000006,0.7000000000000003,1.9288838825232677,0.9644419412616339,0.5,0.5
2019,4243787,De'Andre Johnson,2640,Texas Southern,SWAC,QB,,,34.0,32,2.0,,16.0,138,0.0,0.0,13.0,,,0.5,4.3125,4.3125,4.0588235294117645,0.0,0.0,,,,0.058823529411764705,0.6032105258717455,0.01774148605505134,-0.8822469668790405,-0.02594844020232472,0.4375,0.0625
2019,4243910,Khalil McClain,2653,Troy,Sun Belt,WR,,,2.0,2,0.0,,1.0,18,0.0,0.0,0.0,,,0.5,9.0,9.0,9.0,0.0,0.0,,,,0.0,0.2712489401987006,0.1356244700993503,-0.849380623287454,-0.424690311643727,0.5,0.0
2019,4244029,Jarret Doege,277,West Virginia,Big 12,QB,,,131.0,126,5.0,,79.0,741,7.0,3.0,40.0,,,0.626984126984127,5.880952380952381,5.920634920634921,5.656488549618321,0.05555555555555555,0.023809523809523808,,,,0.03816793893129771,59.56144730238855,0.4546675366594546,30.11815751338492,0.22990959933881616,0.47619047619047616,0.1111111111111111
2019,4244049,Quintin Morris,189,Bowling Green,Mid-American,TE,,,1.0,1,0.0,,1.0,2,1.0,0.0,0.0,,,1.0,2.0,22.0,2.0,1.0,0.0,,,,0.0,3.1706453142827655,3.1706453142827655,2.067936525322223,2.067936525322223,1.0,0.0
2019,4244068,Dustin Crum,2309,Kent State,Mid-American,QB,,,382.0,348,34.0,,214.0,2425,20.0,2.0,178.0,,,0.6149425287356322,6.968390804597701,7.859195402298851,6.348167539267016,0.05747126436781609,0.005747126436781609,,,,0.08900523560209424,179.3854208097535,0.46959534243390966,108.10181428662969,0.28298904263515623,0.5028735632183908,0.08908045977011494
2019,4244297,Jackson Williamson,193,Miami (OH),Mid-American,QB,,,27.0,23,4.0,,8.0,79,0.0,2.0,20.0,,,0.34782608695652173,3.4347826086956523,-0.4782608695652174,2.925925925925926,0.0,0.08695652173913043,,,,0.14814814814814814,10.843743908967875,0.401620144776588,-1.3371300287377972,-0.04952333439769619,0.391304347826087,0.043478260869565216
2019,4244306,Jalen Walker,193,Miami (OH),Mid-American,WR,,,1.0,1,0.0,,0.0,0,0.0,0.0,0.0,,,0.0,0.0,0.0,0.0,0.0,0.0,,,,0.0,-0.7000000000000002,-0.7000000000000002,-0.5080208698531008,-0.5080208698531008,0.0,0.0
2019,4244601,Seth Boomer,202,Tulsa,American Athletic,QB,,,14.0,14,0.0,,8.0,97,1.0,0.0,0.0,,,0.5714285714285714,6.928571428571429,8.357142857142858,6.928571428571429,0.07142857142857142,0.0,,,,0.0,8.252150319224093,0.5894393085160067,4.299361259471832,0.30709723281941653,0.42857142857142855,0.07142857142857142
2019,4244648,Kaylan Wiggins,2229,Florida International,Conference USA,QB,,,31.0,29,2.0,,15.0,162,0.0,0.0,10.0,,,0.5172413793103449,5.586206896551724,5.586206896551724,5.225806451612903,0.0,0.0,,,,0.06451612903225806,6.1459360598907455,0.19825600193195952,3.544898507950548,0.11435156477259832,0.41379310344827586,0.10344827586206896
2019,4244688,Nathan Rourke,195,Ohio,Mid-American,QB,,,365.0,345,20.0,,196.0,2657,19.0,5.0,144.0,,,0.5681159420289855,7.701449275362319,8.15072463768116,7.279452054794521,0.05507246376811594,0.014492753623188406,,,,0.0547945205479452,204.48453966524337,0.5602316155212147,106.87688209571719,0.29281337560470466,0.5130434782608696,0.14492753623188406
2019,4244771,JaCorey Sullivan,2117,Central Michigan,Mid-American,WR,,,1.0,1,0.0,,1.0,34,1.0,0.0,0.0,,,1.0,34.0,54.0,34.0,1.0,0.0,,,,0.0,6.579999999999999,6.579999999999999,3.5997484255919012,3.5997484255919012,1.0,1.0
2019,4244804,Preston Hutchinson,2199,Eastern Michigan,Mid-American,QB,,,70.0,64,6.0,,42.0,407,3.0,1.0,48.0,,,0.65625,6.359375,6.59375,5.814285714285714,0.046875,0.015625,,,,0.08571428571428572,38.13670291477349,0.5448100416396212,19.195550541853564,0.27422215059790805,0.546875,0.09375
2019,4244814,Jake Julien,2199,Eastern Michigan,Mid-American,P,,,2.0,1,1.0,,0.0,-4,0.0,0.0,4.0,,,0.0,-4.0,-4.0,-2.0,0.0,0.0,,,,0.5,4.8294248796683155,2.4147124398341577,0.15763835846917296,0.07881917923458648,1.0,0.0
2019,4244861,Evan Marshman,242,Rice,Conference USA,QB,,,12.0,9,3.0,,2.0,16,0.0,0.0,11.0,,,0.2222222222222222,1.7777777777777777,1.7777777777777777,1.3333333333333333,0.0,0.0,,,,0.25,-4.0550103348835895,-0.3379175279069658,-3.267428939452543,-0.2722857449543786,0.2222222222222222,0.0
2019,4245144,Davontavean Martin,265,Washington State,Pac-12,WR,,,2.0,2,0.0,,2.0,11,2.0,0.0,0.0,,,1.0,5.5,25.5,5.5,1.0,0.0,,,,0.0,8.173780017665475,4.086890008832738,4.5727851474343275,2.2863925737171638,1.0,0.0
2019,4245146,Travell Harris,265,Washington State,Pac-12,WR,,,1.0,1,0.0,,1.0,10,1.0,0.0,0.0,,,1.0,10.0,30.0,10.0,1.0,0.0,,,,0.0,4.493213388631249,4.493213388631249,2.56659432452167,2.56659432452167,1.0,0.0
2019,4245186,Frank Harris,2636,UTSA,Conference USA,QB,,,106.0,98,8.0,,65.0,443,3.0,2.0,33.0,,,0.6632653061224489,4.520408163265306,4.214285714285714,4.179245283018868,0.030612244897959183,0.02040816326530612,,,,0.07547169811320754,23.31373556308211,0.21994090153851045,7.539322004023791,0.07112567928324331,0.5204081632653061,0.04081632653061224
2019,4245191,Bryce Rivers,2466,Northwestern State,Southland,QB,,,5.0,4,1.0,,2.0,1,0.0,0.0,6.0,,,0.5,0.25,0.25,0.2,0.0,0.0,,,,0.2,-2.6351755359079583,-0.5270351071815916,-1.51503731718077,-0.30300746343615403,0.25,0.0
2019,4245281,Colton Richardson,70,Idaho,Big Sky,QB,,,17.0,13,4.0,,5.0,31,0.0,0.0,19.0,,,0.38461538461538464,2.3846153846153846,2.3846153846153846,1.8235294117647058,0.0,0.0,,,,0.23529411764705882,-6.235658019383779,-0.3668034129049282,-3.356192981510514,-0.197423116559442,0.15384615384615385,0.07692307692307693
2019,4246097,Jack Chambers,2127,Charleston Southern,Big South,QB,,,32.0,31,1.0,,14.0,107,0.0,2.0,6.0,,,0.45161290322580644,3.4516129032258065,0.5483870967741935,3.34375,0.0,0.06451612903225806,,,,0.03125,-5.464841620791782,-0.1707763006497432,-8.789783463199559,-0.2746807332249862,0.41935483870967744,0.06451612903225806
2019,4246131,Jordan Smith,2241,Gardner-Webb,Big South,QB,,,60.0,50,10.0,,17.0,95,0.0,2.0,56.0,,,0.34,1.9,0.1,1.5833333333333333,0.0,0.04,,,,0.16666666666666666,0.17831300506911285,0.0029718834178185474,-4.073988815044155,-0.06789981358406924,0.34,0.08
2019,4246892,Landon Brown,2335,Liberty,FBS Independents,QB,,,10.0,10,0.0,,3.0,10,0.0,1.0,0.0,,,0.3,1.0,-3.5,1.0,0.0,0.1,,,,0.0,2.902562910433138,0.2902562910433138,-2.1886128302667975,-0.21886128302667976,0.3,0.1
2019,4246920,DJ Stubbs,2335,Liberty,FBS Independents,WR,,,4.0,3,1.0,,1.0,26,0.0,0.0,12.0,,,0.3333333333333333,8.666666666666666,8.666666666666666,6.5,0.0,0.0,,,,0.25,-0.2438390488177018,-0.06095976220442545,-1.458950553279546,-0.3647376383198865,0.3333333333333333,0.3333333333333333
2019,4247253,Caleb Snead,2097,Campbell,Big South,WR,,,1.0,1,0.0,,0.0,0,0.0,0.0,0.0,,,0.0,0.0,0.0,0.0,0.0,0.0,,,,0.0,-0.6999999999999997,-0.6999999999999997,-0.7029700220436519,-0.7029700220436519,0.0,0.0
2019,4247511,Logan Bitikofer,2083,Bucknell,Patriot,QB,,,13.0,11,2.0,,6.0,22,0.0,0.0,17.0,,,0.5454545454545454,2.0,2.0,1.6923076923076923,0.0,0.0,,,,0.15384615384615385,-3.9618357139645974,-0.3047565933818921,-3.606516758669029,-0.27742436605146376,0.2727272727272727,0.0
2019,4247540,Grant Breneman,2142,Colgate,Patriot,QB,,,20.0,18,2.0,,9.0,64,1.0,1.0,10.0,,,0.5,3.5555555555555554,2.1666666666666665,3.2,0.05555555555555555,0.05555555555555555,,,,0.1,11.234605071079741,0.5617302535539871,4.779792092877043,0.23898960464385216,0.4444444444444444,0.05555555555555555
2019,4247541,Jake Froschauer,2142,Colgate,Patriot,QB,,,2.0,2,0.0,,2.0,5,0.0,0.0,0.0,,,1.0,2.5,2.5,2.5,0.0,0.0,,,,0.0,-1.5943921348788694,-0.7971960674394347,-2.836368696586028,-1.418184348293014,0.0,0.0
2019,4247704,Connor Degenhardt,107,Holy Cross,Patriot,QB,,,71.0,64,7.0,,29.0,244,0.0,0.0,42.0,,,0.453125,3.8125,3.8125,3.436619718309859,0.0,0.0,,,,0.09859154929577464,3.5456380364926914,0.04993856389426326,3.8162004196282533,0.05374930168490498,0.390625,0.03125
2019,4247723,Ramar Williams,47,Howard,MEAC,QB,,,9.0,7,2.0,,2.0,4,0.0,0.0,28.0,,,0.2857142857142857,0.5714285714285714,0.5714285714285714,0.4444444444444444,0.0,0.0,,,,0.2222222222222222,-1.7279641134028325,-0.19199601260031474,-0.6026563316913567,-0.06696181463237297,0.42857142857142855,0.14285714285714285
2019,4247724,Caylin Newton,47,Howard,MEAC,WR,,,21.0,16,5.0,,3.0,-1,0.0,0.0,24.0,,,0.1875,-0.0625,-0.0625,-0.047619047619047616,0.0,0.0,,,,0.23809523809523808,-10.544653034519568,-0.5021263349771223,-5.177701705608949,-0.24655722407661662,0.1875,0.0
2019,4247805,Tucker Rovig,147,Montana State,Big Sky,QB,,,2.0,2,0.0,,2.0,4,0.0,0.0,0.0,,,1.0,2.0,2.0,2.0,0.0,0.0,,,,0.0,-0.7132133886312491,-0.35660669431562453,-0.3769132167041995,-0.18845660835209976,0.5,0.0
2019,4247807,Troy Andersen,147,Montana State,Big Sky,RB,,,2.0,2,0.0,,2.0,7,0.0,0.0,0.0,,,1.0,3.5,3.5,3.5,0.0,0.0,,,,0.0,-0.214129100589866,-0.107064550294933,-0.4849054941420672,-0.2424527470710336,0.5,0.0
2019,4247919,Juwan Carter,2450,Norfolk State,MEAC,QB,,,53.0,49,4.0,,28.0,180,2.0,4.0,26.0,,,0.5714285714285714,3.673469387755102,0.8163265306122449,3.3962264150943398,0.04081632653061224,0.08163265306122448,,,,0.07547169811320754,35.30993401236148,0.6662251700445563,10.651798067120506,0.20097732202114163,0.5102040816326531,0.04081632653061224
2019,4248104,Nolan Henderson,48,Delaware,CAA,QB,,,43.0,37,6.0,,14.0,97,2.0,0.0,30.0,,,0.3783783783783784,2.6216216216216215,3.7027027027027026,2.255813953488372,0.05405405405405406,0.0,,,,0.13953488372093023,-2.064794439999319,-0.04801847534882138,-3.3786703838831897,-0.0785737298577486,0.2702702702702703,0.05405405405405406
2019,4248203,George Martin,2523,Robert Morris,NEC,QB,,,13.0,11,2.0,,7.0,83,0.0,0.0,9.0,,,0.6363636363636364,7.545454545454546,7.545454545454546,6.384615384615385,0.0,0.0,,,,0.15384615384615385,9.359269904790303,0.7199438388300232,5.731341094100522,0.44087239185388627,0.5454545454545454,0.18181818181818182
2019,4248286,Davis Cheek,2210,Elon,CAA,QB,,,22.0,20,2.0,,9.0,62,1.0,0.0,12.0,,,0.45,3.1,4.1,2.8181818181818183,0.05,0.0,,,,0.09090909090909091,-1.8063115018597924,-0.0821050682663542,-2.684791569675144,-0.12203598043977927,0.35,0.05
2019,4248309,Dalton Hill,2623,Missouri State,MVFC,QB,,,5.0,4,1.0,,0.0,-6,0.0,0.0,6.0,,,0.0,-1.5,-1.5,-1.2,0.0,0.0,,,,0.2,-3.6117862641320606,-0.7223572528264122,-3.9973859669440284,-0.7994771933888056,0.0,0.0
2019,4248313,Peyton Huslig,2623,Missouri State,MVFC,QB,,,26.0,25,1.0,,13.0,69,2.0,3.0,8.0,,,0.52,2.76,-1.04,2.6538461538461537,0.08,0.12,,,,0.038461538461538464,9.153549270596212,0.35205958733062354,-3.066421357315379,-0.11793928297366843,0.44,0.08
2019,4248343,Conor Regan,2458,Northern Colorado,Big Sky,QB,,,1.0,1,0.0,,1.0,11,0.0,0.0,0.0,,,1.0,11.0,11.0,11.0,0.0,0.0,,,,0.0,1.1833916419933186,1.1833916419933186,1.5185064972004712,1.5185064972004712,1.0,0.0
2019,4248639,Jalen Fowler,2448,North Carolina A&T,MEAC,QB,,,5.0,4,1.0,,0.0,-8,0.0,0.0,8.0,,,0.0,-2.0,-2.0,-1.6,0.0,0.0,,,,0.2,3.276211491037067,0.6552422982074134,-1.9448722133307932,-0.38897444266615866,0.25,0.0
2019,4248767,Carson Crawford,302,UC Davis,Big Sky,WR,,,1.0,1,0.0,,1.0,8,0.0,0.0,0.0,,,1.0,8.0,8.0,8.0,0.0,0.0,,,,0.0,1.1353383413132598,1.1353383413132598,0.897261926848373,0.897261926848373,1.0,0.0
2019,4248777,Jake Maier,302,UC Davis,Big Sky,QB,,,39.0,37,2.0,,17.0,152,0.0,0.0,14.0,,,0.4594594594594595,4.108108108108108,4.108108108108108,3.8974358974358974,0.0,0.0,,,,0.05128205128205128,-1.4139284373219367,-0.0362545753159471,-5.075622092381019,-0.13014415621489794,0.32432432432432434,0.05405405405405406
2019,4248831,Jalani Eason,2502,Portland State,Big Sky,QB,,,14.0,13,1.0,,6.0,38,1.0,0.0,1.0,,,0.46153846153846156,2.923076923076923,4.461538461538462,2.7142857142857144,0.07692307692307693,0.0,,,,0.07142857142857142,3.7385560103089306,0.26703971502206647,4.641987839277159,0.33157055994836854,0.38461538461538464,0.07692307692307693
2019,4249295,Reece Udinski,2678,VMI,Southern,QB,,,83.0,76,7.0,,42.0,355,1.0,0.0,55.0,,,0.5526315789473685,4.671052631578948,4.934210526315789,4.27710843373494,0.013157894736842105,0.0,,,,0.08433734939759036,5.044131365764056,0.06077266705739826,-1.2926660274727468,-0.015574289487623455,0.42105263157894735,0.06578947368421052
2019,4249400,Cephus Johnson III,6,South Alabama,Sun Belt,QB,,,184.0,171,13.0,,81.0,759,3.0,4.0,74.0,,,0.47368421052631576,4.43859649122807,3.736842105263158,4.125,0.017543859649122806,0.023391812865497075,,,,0.07065217391304347,2.970082885860039,0.016141754814456736,-17.664278718904814,-0.0960015147766566,0.32748538011695905,0.05847953216374269
2019,4249423,Davyn Flenord,6,South Alabama,Sun Belt,CB,,,1.0,1,0.0,,1.0,9,1.0,0.0,0.0,,,1.0,9.0,29.0,9.0,1.0,0.0,,,,0.0,5.123213388631248,5.123213388631248,2.873980870500388,2.873980870500388,1.0,0.0
2019,4249726,Sema'J Davis,2000,Abilene Christian,Southland,QB,,,4.0,4,0.0,,0.0,-21,0.0,1.0,0.0,,,0.0,-5.25,-16.5,-5.25,0.0,0.25,,,,0.0,-3.233788508962933,-0.8084471272407332,-5.320260490753933,-1.3300651226884832,0.0,0.0
2019,4249970,Preston Rice,93,Murray State,OVC,QB,,,74.0,67,7.0,,45.0,355,1.0,1.0,56.0,,,0.6716417910447762,5.298507462686567,4.925373134328358,4.797297297297297,0.014925373134328358,0.014925373134328358,,,,0.0945945945945946,7.807751243215611,0.10551015193534609,3.0854191274888025,0.041694853074173005,0.4925373134328358,0.04477611940298507
2019,4250030,Devin Young,311,Maine,CAA,WR,,,1.0,1,0.0,,1.0,21,1.0,0.0,0.0,,,1.0,21.0,41.0,21.0,1.0,0.0,,,,0.0,5.669999999999999,5.669999999999999,3.0205351578649093,3.0205351578649093,1.0,1.0
2019,4250105,Miller Mosley,2747,Wofford,Southern,QB,,,1.0,1,0.0,,1.0,6,0.0,0.0,0.0,,,1.0,6.0,6.0,6.0,0.0,0.0,,,,0.0,0.4296116243278436,0.4296116243278436,0.14172218692377925,0.14172218692377925,1.0,0.0
2019,4250360,Bailey Zappe,2277,Houston Christian,Southland,QB,,,41.0,39,2.0,,27.0,298,2.0,0.0,17.0,,,0.6923076923076923,7.641025641025641,8.666666666666666,7.2682926829268295,0.05128205128205128,0.0,,,,0.04878048780487805,20.049265807972333,0.4890064831212764,18.94249885699275,0.46201216724372557,0.48717948717948717,0.15384615384615385
2019,4250387,Eric Schmid,2534,Sam Houston,Southland,QB,,,20.0,20,0.0,,13.0,181,1.0,0.0,0.0,,,0.65,9.05,10.05,9.05,0.05,0.0,,,,0.0,15.951130088334414,0.7975565044167208,13.842455871518663,0.6921227935759331,0.6,0.2
2019,4250390,Ty Brock,2534,Sam Houston,Southland,QB,,,44.0,41,3.0,,21.0,241,1.0,0.0,17.0,,,0.5121951219512195,5.878048780487805,6.365853658536586,5.4772727272727275,0.024390243902439025,0.0,,,,0.06818181818181818,10.806744245985787,0.24560782377240423,4.895474832297777,0.11126079164313128,0.4146341463414634,0.0975609756097561
2019,4250525,Will Jones,2717,Western Carolina,Southern,QB,,,35.0,31,4.0,,15.0,74,0.0,0.0,24.0,,,0.4838709677419355,2.3870967741935485,2.3870967741935485,2.1142857142857143,0.0,0.0,,,,0.11428571428571428,-8.516324134278927,-0.2433235466936836,-7.839357288732787,-0.22398163682093677,0.25806451612903225,0.0
2019,4250764,Stone Smartt,295,Old Dominion,Conference USA,QB,,,231.0,207,24.0,,100.0,771,2.0,5.0,180.0,,,0.4830917874396135,3.7246376811594204,2.8309178743961354,3.3376623376623376,0.00966183574879227,0.024154589371980676,,,,0.1038961038961039,6.202545299215442,0.026850845451149102,-23.674898995081964,-0.10248874023845006,0.3864734299516908,0.06763285024154589
2019,4250903,Geremy Hickbottom,2755,Grambling,SWAC,QB,,,77.0,74,3.0,,44.0,384,2.0,0.0,12.0,,,0.5945945945945946,5.1891891891891895,5.72972972972973,4.987012987012987,0.02702702702702703,0.0,,,,0.03896103896103896,15.16154729965994,0.19690321168389532,13.186301637950143,0.17125067062272914,0.4594594594594595,0.05405405405405406
2019,4250952,Joe Hudson,2630,UT Martin,OVC,QB,,,6.0,5,1.0,,3.0,37,0.0,0.0,2.0,,,0.6,7.4,7.4,6.166666666666667,0.0,0.0,,,,0.16666666666666666,1.691178279107179,0.28186304651786315,1.1922373161847586,0.19870621936412644,0.4,0.2
2019,4250970,Dresser Winn,2630,UT Martin,OVC,QB,,,8.0,8,0.0,,5.0,59,0.0,0.0,0.0,,,0.625,7.375,7.375,7.375,0.0,0.0,,,,0.0,4.250043953541017,0.5312554941926271,2.7305410093062,0.341317626163275,0.75,0.125
2019,4251048,Tyrece Nick,2569,South Carolina State,MEAC,QB,,,25.0,24,1.0,,8.0,41,0.0,1.0,6.0,,,0.3333333333333333,1.7083333333333333,-0.16666666666666666,1.64,0.0,0.041666666666666664,,,,0.04,5.4840569705628806,0.21936227882251522,-0.7548122675350588,-0.030192490701402352,0.375,0.08333333333333333
2019,4251112,Kaden Jenks,2692,Weber State,Big Sky,QB,,,21.0,21,0.0,,6.0,55,1.0,1.0,0.0,,,0.2857142857142857,2.619047619047619,1.4285714285714286,2.619047619047619,0.047619047619047616,0.047619047619047616,,,,0.0,2.65443998038839,0.12640190382801858,-0.6030645755777228,-0.028717360741796323,0.2857142857142857,0.047619047619047616
2019,4251139,David Ames,2692,Weber State,Big Sky,WR,,,1.0,1,0.0,,0.0,0,0.0,0.0,0.0,,,0.0,0.0,0.0,0.0,0.0,0.0,,,,0.0,-0.4980617919775159,-0.4980617919775159,-1.7577740583197503,-1.7577740583197503,0.0,0.0
2019,4251245,Glendon McDaniel,2582,Southern,SWAC,QB,,,6.0,5,1.0,,1.0,-1,0.0,0.0,5.0,,,0.2,-0.2,-0.2,-0.16666666666666666,0.0,0.0,,,,0.16666666666666666,-3.6245621596347934,-0.6040936932724655,-1.3641128759483383,-0.22735214599138973,0.0,0.0
2019,4251286,Adam Browner,2635,Tennessee Tech,OVC,QB,,,1.0,1,0.0,,0.0,-54,0.0,1.0,0.0,,,0.0,-54.0,-99.0,-54.0,0.0,1.0,,,,0.0,3.6962114910370665,3.6962114910370665,-2.815102462314792,-2.815102462314792,1.0,0.0
2019,4251344,Colin McCreary,2405,Monmouth,Big South,P,,,1.0,1,0.0,,0.0,0,0.0,0.0,0.0,,,0.0,0.0,0.0,0.0,0.0,0.0,,,,0.0,3.366856805319832,3.366856805319832,-0.07157296284939996,-0.07157296284939996,1.0,0.0
2019,4255713,Randall St. Felix,58,South Florida,American Athletic,WR,,,1.0,1,0.0,,1.0,13,1.0,0.0,0.0,,,1.0,13.0,33.0,13.0,1.0,0.0,,,,0.0,4.41,4.41,2.538929215045847,2.538929215045847,1.0,0.0
2019,4255835,Jett Even,2011,Alabama State,SWAC,QB,,,5.0,5,0.0,,1.0,-7,0.0,1.0,0.0,,,0.2,-1.4,-10.4,-1.4,0.0,0.2,,,,0.0,-1.26838203694148,-0.253676407388296,-3.7603898228619883,-0.7520779645723976,0.4,0.0
2019,4256032,Cameron Butler,36,Colorado State,Mountain West,TE,,,1.0,1,0.0,,1.0,13,1.0,0.0,0.0,,,1.0,13.0,33.0,13.0,1.0,0.0,,,,0.0,4.899559179489367,4.899559179489367,2.768760853451965,2.768760853451965,1.0,0.0
2019,4256040,Warren Jackson,36,Colorado State,Mountain West,WR,,,1.0,1,0.0,,1.0,8,1.0,0.0,0.0,,,1.0,8.0,28.0,8.0,1.0,0.0,,,,0.0,3.879396374084063,3.879396374084063,2.319599568699692,2.319599568699692,1.0,0.0
2019,4256044,Justice McCoy,36,Colorado State,Mountain West,WR,,,6.0,5,1.0,,2.0,22,0.0,0.0,8.0,,,0.4,4.4,4.4,3.6666666666666665,0.0,0.0,,,,0.16666666666666666,0.3346775790737291,0.05577959651228818,-2.284153940671411,-0.3806923234452351,0.4,0.0
2019,4256063,Joe Critchlow,252,BYU,FBS Independents,QB,,,14.0,13,1.0,,9.0,68,0.0,0.0,5.0,,,0.6923076923076923,5.230769230769231,5.230769230769231,4.857142857142857,0.0,0.0,,,,0.07142857142857142,5.113221006060723,0.3652300718614802,5.8003765456614484,0.41431261040438916,0.46153846153846156,0.07692307692307693
2019,4256080,Justin Uahinui,62,Hawai'i,Mountain West,QB,,,4.0,3,1.0,,0.0,-8,0.0,0.0,8.0,,,0.0,-2.6666666666666665,-2.6666666666666665,-2.0,0.0,0.0,,,,0.25,-3.1518893357312625,-0.7879723339328156,-1.30284203874671,-0.3257105096866775,0.0,0.0
2019,4256222,Chinedu Ogbonna,113,Massachusetts,FBS Independents,LB,,,1.0,1,0.0,,0.0,0,0.0,0.0,0.0,,,0.0,0.0,0.0,0.0,0.0,0.0,,,,0.0,8.24810082676833,8.24810082676833,0.393145262970954,0.393145262970954,1.0,0.0
2019,4257253,Bryce Mitchell,2649,Toledo,Mid-American,WR,,,1.0,1,0.0,,1.0,19,1.0,0.0,0.0,,,1.0,19.0,39.0,19.0,1.0,0.0,,,,0.0,4.83,4.83,2.604447628637523,2.604447628637523,1.0,0.0
2019,4257347,Adam Williams,235,Memphis,American Athletic,P,,,1.0,1,0.0,,1.0,29,0.0,0.0,0.0,,,1.0,29.0,29.0,29.0,0.0,0.0,,,,0.0,4.2157791618238925,4.2157791618238925,3.4461663314948403,3.4461663314948403,1.0,1.0
2019,4257599,Marlon Williams,2116,UCF,American Athletic,WR,,,1.0,1,0.0,,0.0,0,0.0,0.0,0.0,,,0.0,0.0,0.0,0.0,0.0,0.0,,,,0.0,-0.6999999999999997,-0.6999999999999997,-0.7828922522763084,-0.7828922522763084,0.0,0.0
2019,4258173,Nico Collins,130,Michigan,Big Ten,WR,,,1.0,1,0.0,,1.0,16,1.0,0.0,0.0,,,1.0,16.0,36.0,16.0,1.0,0.0,,,,0.0,4.619999999999999,4.619999999999999,2.5687227212923744,2.5687227212923744,1.0,0.0
2019,4258191,Dylan McCaffrey,130,Michigan,Big Ten,QB,,,19.0,19,0.0,,9.0,90,0.0,0.0,0.0,,,0.47368421052631576,4.7368421052631575,4.7368421052631575,4.7368421052631575,0.0,0.0,,,,0.0,2.686108590251641,0.14137413632903373,0.6294915970613864,0.03313113668744139,0.42105263157894735,0.0
2019,4258195,Donovan Peoples-Jones,130,Michigan,Big Ten,WR,,,2.0,2,0.0,,2.0,13,2.0,0.0,0.0,,,1.0,6.5,26.5,6.5,1.0,0.0,,,,0.0,9.98387415087078,4.99193707543539,5.729363112543657,2.8646815562718286,1.0,0.0
2019,4258236,Nick Tronti,2226,Florida Atlantic,Conference USA,QB,,,25.0,23,2.0,,16.0,120,2.0,1.0,10.0,,,0.6956521739130435,5.217391304347826,5.0,4.8,0.08695652173913043,0.043478260869565216,,,,0.08,14.94447867374928,0.5977791469499713,8.362360342127179,0.33449441368508714,0.5217391304347826,0.08695652173913043
2019,4258447,Christian Anderson,349,Army,FBS Independents,QB,,,21.0,20,1.0,,5.0,112,1.0,0.0,5.0,,,0.25,5.6,6.6,5.333333333333333,0.05,0.0,,,,0.047619047619047616,3.987332623451414,0.18987298206911496,-4.295245467282269,-0.20453549844201283,0.2,0.05
2019,4258586,Avery Davis,87,Notre Dame,FBS Independents,WR,,,1.0,1,0.0,,1.0,59,1.0,0.0,0.0,,,1.0,59.0,79.0,59.0,1.0,0.0,,,,0.0,7.63,7.63,4.659012349798427,4.659012349798427,1.0,1.0
2019,4258595,Cole Kmet,87,Notre Dame,FBS Independents,TE,,,2.0,2,0.0,,2.0,15,2.0,0.0,0.0,,,1.0,7.5,27.5,7.5,1.0,0.0,,,,0.0,8.282788016077381,4.141394008038691,4.926748036717429,2.4633740183587145,1.0,0.0
2019,4258597,Jonathon MacCollister,2116,UCF,American Athletic,TE,,,1.0,1,0.0,,1.0,4,1.0,0.0,0.0,,,1.0,4.0,24.0,4.0,1.0,0.0,,,,0.0,4.470388375672156,4.470388375672156,2.6959729214765815,2.6959729214765815,1.0,0.0
2019,4258614,Clayton Welch,183,Syracuse,ACC,QB,,,74.0,71,3.0,,34.0,373,2.0,2.0,31.0,,,0.4788732394366197,5.253521126760563,4.549295774647887,5.04054054054054,0.028169014084507043,0.028169014084507043,,,,0.04054054054054054,11.796303159642731,0.1594095021573342,-3.9393703432446054,-0.05323473436817035,0.352112676056338,0.08450704225352113
2019,4258678,DJ Lee,70,Idaho,Big Sky,WR,,,1.0,1,0.0,,1.0,26,0.0,0.0,0.0,,,1.0,26.0,26.0,26.0,0.0,0.0,,,,0.0,1.8199999999999994,1.8199999999999994,2.2243752440697353,2.2243752440697353,1.0,1.0
2019,4259127,Mike Glass III,2199,Eastern Michigan,Mid-American,QB,,,407.0,397,10.0,,255.0,2892,23.0,10.0,81.0,,,0.6423173803526449,7.2846347607052895,7.309823677581864,7.105651105651106,0.05793450881612091,0.02518891687657431,,,,0.02457002457002457,257.35767367631723,0.632328436551148,151.4521369982671,0.37211827272301495,0.5667506297229219,0.11838790931989925
2019,4259219,Henry Colombi,328,Utah State,Mountain West,QB,,,35.0,32,3.0,,20.0,198,2.0,1.0,19.0,,,0.625,6.1875,6.03125,5.6571428571428575,0.0625,0.03125,,,,0.08571428571428572,16.31592423592139,0.4661692638834683,12.350258296958222,0.3528645227702349,0.53125,0.0625
2019,4259269,Chris Reynolds,2429,Charlotte,Conference USA,QB,,,323.0,310,13.0,,182.0,2327,23.0,11.0,100.0,,,0.5870967741935483,7.506451612903226,7.393548387096774,7.204334365325077,0.07419354838709677,0.035483870967741936,,,,0.04024767801857585,218.66731851057384,0.676988602199919,106.54452627025253,0.3298592144589862,0.5419354838709678,0.14193548387096774
2019,4259270,Cameron Dollar,2429,Charlotte,Conference USA,WR,,,1.0,1,0.0,,1.0,28,0.0,0.0,0.0,,,1.0,28.0,28.0,28.0,0.0,0.0,,,,0.0,3.4942732830145826,3.4942732830145826,1.850279909477669,1.850279909477669,1.0,1.0
2019,4259499,Shi Smith,2579,South Carolina,SEC,WR,,,2.0,2,0.0,,1.0,31,1.0,0.0,0.0,,,0.5,15.5,25.5,15.5,0.5,0.0,,,,0.0,5.824477776786717,2.9122388883933583,2.541029602656714,1.270514801328357,0.5,0.5
2019,4259553,Stetson Bennett,61,Georgia,SEC,QB,,,26.0,26,0.0,,20.0,210,3.0,1.0,0.0,,,0.7692307692307693,8.076923076923077,8.653846153846153,8.076923076923077,0.11538461538461539,0.038461538461538464,,,,0.0,21.12122120642192,0.8123546617854586,9.404328883241707,0.36170495704775796,0.6538461538461539,0.15384615384615385
2019,4259581,Dalton Rigdon,2641,Texas Tech,Big 12,WR,,,1.0,1,0.0,,1.0,49,1.0,0.0,0.0,,,1.0,49.0,69.0,49.0,1.0,0.0,,,,0.0,6.719559179489368,6.719559179489368,3.6997899747705425,3.6997899747705425,1.0,1.0
2019,4259592,Sean Clifford,213,Penn State,Big Ten,QB,,,357.0,339,18.0,,188.0,2513,23.0,7.0,106.0,,,0.5545722713864307,7.412979351032448,7.84070796460177,7.03921568627451,0.06784660766961652,0.02064896755162242,,,,0.05042016806722689,202.4962352686377,0.5672163452903016,117.69958909127409,0.3296907257458658,0.4778761061946903,0.11799410029498525
2019,4259618,Cody Grace,2032,Arkansas State,Sun Belt,P,,,1.0,1,0.0,,1.0,15,0.0,0.0,0.0,,,1.0,15.0,15.0,15.0,0.0,0.0,,,,0.0,2.8633916419933185,2.8633916419933185,3.5413572196727507,3.5413572196727507,1.0,0.0
2019,4259933,Harrison Frost,2382,Mercer,Southern,QB,,,7.0,7,0.0,,5.0,92,1.0,1.0,0.0,,,0.7142857142857143,13.142857142857142,9.571428571428571,13.142857142857142,0.14285714285714285,0.14285714285714285,,,,0.0,11.37416189622148,1.6248802708887828,7.861911478751029,1.1231302112501471,0.7142857142857143,0.42857142857142855
2019,4259976,Josh Ali,96,Kentucky,SEC,WR,,,1.0,1,0.0,,0.0,0,0.0,0.0,0.0,,,0.0,0.0,0.0,0.0,0.0,0.0,,,,0.0,-0.6999999999999993,-0.6999999999999993,-1.0480751097049001,-1.0480751097049001,0.0,0.0
2019,4259979,Lynn Bowden Jr.,96,Kentucky,SEC,WR,,,85.0,80,5.0,,35.0,329,3.0,3.0,27.0,,,0.4375,4.1125,3.175,3.8705882352941177,0.0375,0.0375,,,,0.058823529411764705,15.578260381127375,0.183273651542675,-6.801052419295705,-0.08001238140347888,0.375,0.075
2019,4260391,Griffin Alstott,2711,Western Michigan,Mid-American,QB,,,6.0,6,0.0,,5.0,31,1.0,0.0,0.0,,,0.8333333333333334,5.166666666666667,8.5,5.166666666666667,0.16666666666666666,0.0,,,,0.0,5.108735611844532,0.8514559353074219,2.7403362583832456,0.4567227097305409,0.5,0.0
2019,4260394,Aidan O'Connell,2509,Purdue,Big Ten,QB,,,167.0,165,2.0,,102.0,1052,7.0,4.0,28.0,,,0.6181818181818182,6.375757575757576,6.133333333333334,6.299401197604791,0.04242424242424243,0.024242424242424242,,,,0.011976047904191617,81.23828284422501,0.48645678349835336,38.39498190423962,0.229910071282872,0.509090909090909,0.08484848484848485
2019,4260440,Chase Cord,68,Boise State,Mountain West,QB,,,104.0,99,5.0,,55.0,587,7.0,3.0,21.0,,,0.5555555555555556,5.929292929292929,5.97979797979798,5.644230769230769,0.0707070707070707,0.030303030303030304,,,,0.04807692307692308,51.17493820117364,0.49206671347282344,22.47544475083107,0.21611004568106798,0.47474747474747475,0.10101010101010101
2019,4260441,Octavius Evans,68,Boise State,Mountain West,WR,,,1.0,1,0.0,,1.0,13,1.0,0.0,0.0,,,1.0,13.0,33.0,13.0,1.0,0.0,,,,0.0,5.327045851135199,5.327045851135199,2.972395499832352,2.972395499832352,1.0,0.0
2019,4260452,CT Thomas,68,Boise State,Mountain West,WR,,,2.0,2,0.0,,1.0,21,0.0,0.0,0.0,,,0.5,10.5,10.5,10.5,0.0,0.0,,,,0.0,1.9595591794893679,0.9797795897446839,1.762973166917772,0.881486583458886,0.5,0.5
2019,4260936,Drew Keszei,195,Ohio,Mid-American,QB,,,1.0,1,0.0,,1.0,21,0.0,0.0,0.0,,,1.0,21.0,21.0,21.0,0.0,0.0,,,,0.0,2.8699999999999997,2.8699999999999997,2.030665914771671,2.030665914771671,1.0,1.0
2019,4261657,Noah Bean,2439,UNLV,Mountain West,TE,,,1.0,1,0.0,,1.0,60,1.0,0.0,0.0,,,1.0,60.0,80.0,60.0,1.0,0.0,,,,0.0,8.55034867619685,8.55034867619685,6.107198819286538,6.107198819286538,1.0,1.0
2019,4261909,Isaiah Green,276,Marshall,Conference USA,QB,,,376.0,357,19.0,,186.0,2152,16.0,11.0,166.0,,,0.5210084033613446,6.028011204481793,5.53781512605042,5.723404255319149,0.04481792717086835,0.03081232492997199,,,,0.05053191489361702,139.8311545049121,0.3718913683641279,57.206067612641384,0.15214379684213133,0.42296918767507,0.09523809523809523
2019,4262160,Westin Elliott,2348,Louisiana Tech,Conference USA,QB,,,16.0,15,1.0,,6.0,34,0.0,4.0,3.0,,,0.4,2.2666666666666666,-9.733333333333333,2.125,0.0,0.26666666666666666,,,,0.0625,13.451224952075759,0.8407015595047349,-2.408560131598778,-0.15053500822492363,0.5333333333333333,0.0
2019,4262832,Sean Brophy,2916,Incarnate Word,Southland,QB,,,2.0,2,0.0,,0.0,0,0.0,0.0,0.0,,,0.0,0.0,0.0,0.0,0.0,0.0,,,,0.0,-1.4000000000000004,-0.7000000000000002,-0.9706615664681459,-0.48533078323407297,0.0,0.0
2019,4262921,Justin Jefferson,99,LSU,SEC,WR,,,4.0,4,0.0,,4.0,66,4.0,0.0,0.0,,,1.0,16.5,36.5,16.5,1.0,0.0,,,,0.0,19.79033593083368,4.94758398270842,10.97600986909745,2.7440024672743624,1.0,0.25
2019,4264188,Mike Schmidt,2005,Air Force,Mountain West,QB,,,6.0,6,0.0,,5.0,147,1.0,0.0,0.0,,,0.8333333333333334,24.5,27.833333333333332,24.5,0.16666666666666666,0.0,,,,0.0,16.208588254395995,2.701431375732666,11.386419231725363,1.8977365386208938,0.6666666666666666,0.3333333333333333
2019,4271335,Kirk Rygol,58,South Florida,American Athletic,QB,,,30.0,27,3.0,,12.0,155,2.0,0.0,15.0,,,0.4444444444444444,5.7407407407407405,7.222222222222222,5.166666666666667,0.07407407407407407,0.0,,,,0.1,8.771474658299818,0.29238248860999394,9.165370101459581,0.30551233671531935,0.2962962962962963,0.18518518518518517
2019,4277240,Ryan Chalifoux,97,Louisville,ACC,PK,,,1.0,1,0.0,,1.0,7,1.0,0.0,0.0,,,1.0,7.0,27.0,7.0,1.0,0.0,,,,0.0,5.803391641993318,5.803391641993318,3.209630389453496,3.209630389453496,1.0,0.0
2019,4291400,Mike Beaudry,41,UConn,American Athletic,QB,,,98.0,90,8.0,,51.0,334,2.0,2.0,64.0,,,0.5666666666666667,3.7111111111111112,3.1555555555555554,3.4081632653061225,0.022222222222222223,0.022222222222222223,,,,0.08163265306122448,0.640911060427368,0.006539908779871102,-12.215671242808794,-0.1246497065592734,0.4444444444444444,0.05555555555555555
2019,4291782,Chase Cunningham,2393,Middle Tennessee,Conference USA,QB,,,32.0,32,0.0,,17.0,197,2.0,1.0,0.0,,,0.53125,6.15625,6.0,6.15625,0.0625,0.03125,,,,0.0,22.63247209424071,0.7072647529450222,11.539325379742913,0.360603918116966,0.40625,0.0625
2019,4360056,Ben Bryant,2132,Cincinnati,American Athletic,QB,,,60.0,58,2.0,,29.0,358,1.0,2.0,37.0,,,0.5,6.172413793103448,4.9655172413793105,5.966666666666667,0.017241379310344827,0.034482758620689655,,,,0.03333333333333333,27.829620148396916,0.46382700247328196,15.305427828647877,0.255090463810798,0.5,0.10344827586206896
2019,4360115,Slade Bolden,333,Alabama,SEC,WR,,,1.0,1,0.0,,1.0,6,1.0,0.0,0.0,,,1.0,6.0,26.0,6.0,1.0,0.0,,,,0.0,4.213213388631248,4.213213388631248,2.528666992781938,2.528666992781938,1.0,0.0
2019,4360131,Holton Ahlers,151,East Carolina,American Athletic,QB,,,471.0,456,15.0,,263.0,3058,22.0,10.0,132.0,,,0.5767543859649122,6.706140350877193,6.684210526315789,6.492569002123142,0.04824561403508772,0.021929824561403508,,,,0.03184713375796178,249.43111162363022,0.5295777316849899,148.83002674442537,0.31598731792871626,0.49122807017543857,0.12719298245614036
2019,4360163,Austin Aune,249,North Texas,Conference USA,QB,,,5.0,5,0.0,,4.0,136,1.0,0.0,0.0,,,0.8,27.2,31.2,27.2,0.2,0.0,,,,0.0,12.789354685717235,2.557870937143447,9.275028824219506,1.8550057648439011,0.8,0.4
2019,4360175,Clayton Tune,248,Houston,American Athletic,QB,,,210.0,193,17.0,,104.0,1347,12.0,8.0,132.0,,,0.538860103626943,6.979274611398964,6.357512953367876,6.414285714285715,0.06217616580310881,0.04145077720207254,,,,0.08095238095238096,99.68263172744776,0.47467919870213215,42.517363397219924,0.20246363522485677,0.43523316062176165,0.10880829015544041
2019,4360202,Matt Valecce,103,Boston College,ACC,QB,,,7.0,7,0.0,,3.0,27,0.0,0.0,0.0,,,0.42857142857142855,3.857142857142857,3.857142857142857,3.857142857142857,0.0,0.0,,,,0.0,-0.11759473105682128,-0.01679924729383161,1.234742622395733,0.17639180319939043,0.2857142857142857,0.0
2019,4360204,Johnny Langan,164,Rutgers,Big Ten,TE,,,195.0,177,18.0,,78.0,566,5.0,8.0,119.0,,,0.4406779661016949,3.1977401129943503,1.728813559322034,2.9025641025641025,0.02824858757062147,0.04519774011299435,,,,0.09230769230769231,24.927125025932458,0.12783141038939722,-24.387475621401155,-0.12506397754564694,0.3785310734463277,0.05649717514124294
2019,4360205,David Bailey,103,Boston College,ACC,RB,,,1.0,1,0.0,,1.0,16,1.0,0.0,0.0,,,1.0,16.0,36.0,16.0,1.0,0.0,,,,0.0,5.319999999999999,5.319999999999999,2.89883592804679,2.89883592804679,1.0,0.0
2019,4360230,Emory Jones,57,Florida,SEC,QB,,,38.0,38,0.0,,25.0,281,3.0,0.0,0.0,,,0.6578947368421053,7.394736842105263,8.973684210526315,7.394736842105263,0.07894736842105263,0.0,,,,0.0,21.315945320223726,0.5609459294795718,14.489694517477313,0.38130775045992926,0.47368421052631576,0.15789473684210525
2019,4360231,Lucas Krull,57,Florida,SEC,TE,,,1.0,1,0.0,,1.0,4,0.0,0.0,0.0,,,1.0,4.0,4.0,4.0,0.0,0.0,,,,0.0,0.1457267169854175,0.1457267169854175,0.8698582331535805,0.8698582331535805,1.0,0.0
2019,4360248,Kyle Pitts,57,Florida,SEC,TE,,,1.0,1,0.0,,1.0,15,1.0,0.0,0.0,,,1.0,15.0,35.0,15.0,1.0,0.0,,,,0.0,4.549999999999999,4.549999999999999,2.558199089565083,2.558199089565083,1.0,0.0
2019,4360271,Tanner Mordecai,201,Oklahoma,Big 12,QB,,,26.0,26,0.0,,16.0,207,2.0,0.0,0.0,,,0.6153846153846154,7.961538461538462,9.5,7.961538461538462,0.07692307692307693,0.0,,,,0.0,16.57718981549894,0.6375842236730361,11.667929918735242,0.44876653533597083,0.4230769230769231,0.11538461538461539
2019,4360290,Brayden Willis,201,Oklahoma,Big 12,TE,,,1.0,1,0.0,,1.0,2,1.0,0.0,0.0,,,1.0,2.0,22.0,2.0,1.0,0.0,,,,0.0,3.8706453142827653,3.8706453142827653,2.544830284062861,2.544830284062861,1.0,0.0
2019,4360306,Justyn Ross,228,Clemson,ACC,WR,,,2.0,2,0.0,,2.0,63,2.0,0.0,0.0,,,1.0,31.5,51.5,31.5,1.0,0.0,,,,0.0,12.888310239290664,6.444155119645332,7.146981878232374,3.573490939116187,1.0,1.0
2019,4360310,Trevor Lawrence,228,Clemson,ACC,QB,,,402.0,393,9.0,,246.0,3110,28.0,7.0,115.0,,,0.6259541984732825,7.913486005089059,8.536895674300254,7.736318407960199,0.07124681933842239,0.017811704834605598,,,,0.022388059701492536,259.54353291010614,0.645630678880861,140.14537837210153,0.3486203442092078,0.5012722646310432,0.13740458015267176
2019,4360312,Ben Batson,228,Clemson,ACC,S,,,1.0,1,0.0,,1.0,0,0.0,0.0,0.0,,,1.0,0.0,0.0,0.0,0.0,0.0,,,,0.0,-0.7000000000000006,-0.7000000000000006,-0.6298762350589673,-0.6298762350589673,0.0,0.0
2019,4360405,Jake Bobo,150,Duke,ACC,WR,,,1.0,1,0.0,,0.0,0,0.0,0.0,0.0,,,0.0,0.0,0.0,0.0,0.0,0.0,,,,0.0,-0.6999999999999997,-0.6999999999999997,-0.402662020534962,-0.402662020534962,0.0,0.0
2019,4360423,Michael Penix Jr.,84,Indiana,Big Ten,QB,,,162.0,161,1.0,,110.0,1375,10.0,3.0,6.0,,,0.6832298136645962,8.540372670807454,8.944099378881987,8.487654320987655,0.062111801242236024,0.018633540372670808,,,,0.006172839506172839,108.19687736039933,0.6678819590148106,59.47792050444672,0.36714765743485633,0.5714285714285714,0.09316770186335403
2019,4360480,Spencer Petras,2294,Iowa,Big Ten,QB,,,10.0,10,0.0,,6.0,25,0.0,0.0,0.0,,,0.6,2.5,2.5,2.5,0.0,0.0,,,,0.0,1.740388375672158,0.1740388375672158,0.9737310393567451,0.09737310393567451,0.5,0.0
2019,4360550,Derek Green,2567,SMU,American Athletic,QB,,,3.0,3,0.0,,1.0,-3,0.0,0.0,0.0,,,0.3333333333333333,-1.0,-1.0,-1.0,0.0,0.0,,,,0.0,-2.5108291961827884,-0.8369430653942628,-3.996030638558212,-1.3320102128527374,0.0,0.0
2019,4360575,Malachi Carter,59,Georgia Tech,ACC,WR,,,1.0,1,0.0,,1.0,28,1.0,0.0,0.0,,,1.0,28.0,48.0,28.0,1.0,0.0,,,,0.0,6.938310239290666,6.938310239290666,4.078180523639791,4.078180523639791,1.0,1.0
2019,4360578,James Graham,59,Georgia Tech,ACC,WR,,,216.0,203,13.0,,83.0,871,9.0,7.0,82.0,,,0.4088669950738916,4.29064039408867,3.625615763546798,4.032407407407407,0.04433497536945813,0.034482758620689655,,,,0.06018518518518518,44.46837696075568,0.20587211555905405,6.897635861007912,0.03193349935651811,0.35467980295566504,0.08866995073891626
2019,4360603,Brandon Robinson,2226,Florida Atlantic,Conference USA,WR,,,1.0,1,0.0,,1.0,41,0.0,0.0,0.0,,,1.0,41.0,41.0,41.0,0.0,0.0,,,,0.0,3.484220838176108,3.484220838176108,2.9187859868817174,2.9187859868817174,1.0,1.0
2019,4360634,Tyler DeSue,120,Maryland,Big Ten,QB,,,18.0,16,2.0,,4.0,72,1.0,0.0,16.0,,,0.25,4.5,5.75,4.0,0.0625,0.0,,,,0.1111111111111111,0.015338341313263282,0.0008521300729590712,1.8736082516015449,0.10408934731119694,0.25,0.0625
2019,4360650,Blake Stenstrom,38,Colorado,Pac-12,QB,,,3.0,3,0.0,,1.0,-37,0.0,1.0,0.0,,,0.3333333333333333,-12.333333333333334,-27.333333333333332,-12.333333333333334,0.0,0.3333333333333333,,,,0.0,6.0062114910370665,2.0020704970123555,0.333770777147782,0.11125692571592734,0.6666666666666666,0.0
2019,4360689,Tyler Shough,2483,Oregon,Pac-12,QB,,,17.0,16,1.0,,12.0,142,3.0,0.0,2.0,,,0.75,8.875,12.625,8.352941176470589,0.1875,0.0,,,,0.058823529411764705,21.69528856797618,1.2761934451750694,13.691452847066333,0.8053795792391961,0.6875,0.1875
2019,4360698,Joe Milton III,130,Michigan,Big Ten,QB,,,7.0,7,0.0,,3.0,50,1.0,1.0,0.0,,,0.42857142857142855,7.142857142857143,3.5714285714285716,7.142857142857143,0.14285714285714285,0.14285714285714285,,,,0.0,10.575555420282654,1.5107936314689507,4.588457978031284,0.655493996861612,0.5714285714285714,0.2857142857142857
2019,4360738,Jack West,24,Stanford,Pac-12,QB,,,48.0,40,8.0,,15.0,104,0.0,0.0,39.0,,,0.375,2.6,2.6,2.1666666666666665,0.0,0.0,,,,0.16666666666666666,-8.064486927133789,-0.16801014431528727,-6.312320957204576,-0.13150668660842865,0.3,0.05
2019,4360739,Simi Fehoko,24,Stanford,Pac-12,WR,,,1.0,1,0.0,,1.0,42,1.0,0.0,0.0,,,1.0,42.0,62.0,42.0,1.0,0.0,,,,0.0,6.229559179489368,6.229559179489368,3.1872877734723843,3.1872877734723843,1.0,1.0
2019,4360797,Tutu Atwell,97,Louisville,ACC,WR,,,2.0,2,0.0,,1.0,33,1.0,0.0,0.0,,,0.5,16.5,26.5,16.5,0.5,0.0,,,,0.0,4.275726716985417,2.1378633584927087,2.1064467179656776,1.0532233589828388,0.5,0.5
2019,4360799,Jordan Travis,52,Florida State,ACC,QB,,,11.0,11,0.0,,6.0,79,0.0,0.0,0.0,,,0.5454545454545454,7.181818181818182,7.181818181818182,7.181818181818182,0.0,0.0,,,,0.0,2.535092159174297,0.23046292356129972,1.8090342851804264,0.16445766228912967,0.2727272727272727,0.09090909090909091
2019,4360846,Theo Day,127,Michigan State,Big Ten,QB,,,3.0,3,0.0,,2.0,12,0.0,0.0,0.0,,,0.6666666666666666,4.0,4.0,4.0,0.0,0.0,,,,0.0,1.5400000000000005,0.5133333333333335,2.082877588414769,0.6942925294715897,0.6666666666666666,0.0
2019,4360886,Terrence Horne,58,South Florida,American Athletic,WR,,,1.0,1,0.0,,1.0,4,1.0,0.0,0.0,,,1.0,4.0,24.0,4.0,1.0,0.0,,,,0.0,4.470388375672156,4.470388375672156,2.6959729214765815,2.6959729214765815,1.0,0.0
2019,4360890,Jordan McCloud,58,South Florida,American Athletic,QB,,,275.0,249,26.0,,118.0,1063,7.0,8.0,154.0,,,0.4738955823293173,4.269076305220883,3.3855421686746987,3.8654545454545453,0.028112449799196786,0.0321285140562249,,,,0.09454545454545454,33.87972791617099,0.12319901060425816,-2.660113400516924,-0.00967313963824336,0.36947791164658633,0.07228915662650602
2019,4360900,Jason Bean,249,North Texas,Conference USA,QB,,,35.0,35,0.0,,22.0,108,4.0,3.0,0.0,,,0.6285714285714286,3.085714285714286,1.5142857142857142,3.085714285714286,0.11428571428571428,0.08571428571428572,,,,0.0,9.51276030421402,0.271793151548972,-5.18485945972456,-0.148138841706416,0.5714285714285714,0.05714285714285714
2019,4360939,Rashod Bateman,135,Minnesota,Big Ten,WR,,,5.0,5,0.0,,5.0,129,5.0,0.0,0.0,,,1.0,25.8,45.8,25.8,1.0,0.0,,,,0.0,31.491704182439825,6.298340836487965,19.620243902169438,3.9240487804338877,1.0,0.4
2019,4361008,Cole Fotheringham,254,Utah,Pac-12,TE,,,1.0,1,0.0,,1.0,2,1.0,0.0,0.0,,,1.0,2.0,22.0,2.0,1.0,0.0,,,,0.0,3.8706453142827653,3.8706453142827653,2.544830284062861,2.544830284062861,1.0,0.0
2019,4361025,Jack Tuttle,84,Indiana,Big Ten,QB,,,12.0,11,1.0,,5.0,22,0.0,0.0,8.0,,,0.45454545454545453,2.0,2.0,1.8333333333333333,0.0,0.0,,,,0.08333333333333333,-9.687577017925868,-0.8072980848271557,-10.07030174708554,-0.8391918122571284,0.36363636363636365,0.0
2019,4361032,Bryce Carpenter,324,Coastal Carolina,Sun Belt,QB,,,160.0,151,9.0,,93.0,800,9.0,1.0,71.0,,,0.6158940397350994,5.298013245033113,6.19205298013245,5.0,0.059602649006622516,0.006622516556291391,,,,0.05625,56.003133246961816,0.35001958279351136,26.558744901603998,0.16599215563502498,0.45695364238410596,0.08609271523178808
2019,4361033,Fred Payton,324,Coastal Carolina,Sun Belt,QB,,,201.0,195,6.0,,118.0,1292,12.0,7.0,34.0,,,0.6051282051282051,6.625641025641026,6.241025641025641,6.4278606965174125,0.06153846153846154,0.035897435897435895,,,,0.029850746268656716,123.53703776730214,0.614612128195533,62.81959675809696,0.3125353072542137,0.5487179487179488,0.09743589743589744
2019,4361091,Jacob Sirmon,264,Washington,Pac-12,QB,,,5.0,4,1.0,,2.0,13,0.0,0.0,6.0,,,0.5,3.25,3.25,2.6,0.0,0.0,,,,0.2,-0.5264792911625542,-0.10529585823251084,0.1643531313233444,0.03287062626466888,0.25,0.25
2019,4361095,Richard Newton,264,Washington,Pac-12,RB,,,1.0,1,0.0,,1.0,13,1.0,0.0,0.0,,,1.0,13.0,33.0,13.0,1.0,0.0,,,,0.0,5.403213388631248,5.403213388631248,2.959730928470549,2.959730928470549,1.0,0.0
2019,4361117,Eric Bentley,2006,Akron,Mid-American,DL,,,1.0,1,0.0,,0.0,0,0.0,0.0,0.0,,,0.0,0.0,0.0,0.0,0.0,0.0,,,,0.0,-0.6999999999999997,-0.6999999999999997,-0.557844891990525,-0.557844891990525,0.0,0.0
2019,4361182,Adrian Martinez,158,Nebraska,Big Ten,QB,,,287.0,269,18.0,,146.0,1770,10.0,7.0,122.0,,,0.5427509293680297,6.5799256505576205,6.152416356877324,6.167247386759582,0.03717472118959108,0.026022304832713755,,,,0.0627177700348432,105.9514281957759,0.3691687393581042,42.35875995798296,0.1475914981114389,0.46096654275092935,0.14869888475836432
2019,4361222,Layne Hatcher,2032,Arkansas State,Sun Belt,QB,,,358.0,336,22.0,,202.0,2643,26.0,10.0,139.0,,,0.6011904761904762,7.866071428571429,8.074404761904763,7.38268156424581,0.07738095238095238,0.02976190476190476,,,,0.061452513966480445,235.39241471049255,0.6575207114818228,129.76989918381312,0.3624857519100925,0.5119047619047619,0.15178571428571427
2019,4361254,Baylor Romney,252,BYU,FBS Independents,QB,,,90.0,87,3.0,,52.0,664,5.0,2.0,18.0,,,0.5977011494252874,7.632183908045977,7.747126436781609,7.377777777777778,0.05747126436781609,0.022988505747126436,,,,0.03333333333333333,43.09102567600543,0.4787891741778381,31.15489503587085,0.34616550039856503,0.4942528735632184,0.12643678160919541
2019,4361259,Zach Wilson,252,BYU,FBS Independents,QB,,,347.0,332,15.0,,197.0,2164,9.0,7.0,126.0,,,0.5933734939759037,6.518072289156627,6.11144578313253,6.236311239193084,0.02710843373493976,0.02108433734939759,,,,0.043227665706051875,142.0781300030018,0.4094470605273827,69.70667042271972,0.2008837764343508,0.5060240963855421,0.09939759036144578
2019,4361329,Joey Gatewood,2,Auburn,SEC,TE,,,7.0,6,1.0,,3.0,41,1.0,0.0,7.0,,,0.5,6.833333333333333,10.166666666666666,5.857142857142857,0.16666666666666666,0.0,,,,0.14285714285714285,5.155128456916124,0.7364469224165892,2.4598740486537753,0.35141057837911077,0.5,0.16666666666666666
2019,4361370,Chris Olave,194,Ohio State,Big Ten,WR,,,1.0,1,0.0,,1.0,28,1.0,0.0,0.0,,,1.0,28.0,48.0,28.0,1.0,0.0,,,,0.0,5.979396374084064,5.979396374084064,3.1114410689000156,3.1114410689000156,1.0,1.0
2019,4361375,Justin Tomlin,290,Georgia Southern,Sun Belt,QB,,,29.0,27,2.0,,11.0,157,0.0,0.0,4.0,,,0.4074074074074074,5.814814814814815,5.814814814814815,5.413793103448276,0.0,0.0,,,,0.06896551724137931,0.35526617331688914,0.012250557700582384,3.5288491284558487,0.12168445270537409,0.3333333333333333,0.07407407407407407
2019,4361418,Will Levis,213,Penn State,Big Ten,QB,,,52.0,50,2.0,,27.0,178,2.0,1.0,40.0,,,0.54,3.56,3.46,3.423076923076923,0.04,0.02,,,,0.038461538461538464,8.99653604534495,0.17301030856432595,0.3168244720940312,0.0060927783095006,0.4,0.04
2019,4361435,Carson Strong,2440,Nevada,Mountain West,QB,,,400.0,384,16.0,,230.0,2107,11.0,7.0,155.0,,,0.5989583333333334,5.486979166666667,5.239583333333333,5.2675,0.028645833333333332,0.018229166666666668,,,,0.04,115.56920493660438,0.28892301234151097,60.61461840175272,0.1515365460043818,0.4817708333333333,0.08333333333333333
2019,4361444,Toa Taua,2440,Nevada,Mountain West,RB,,,1.0,1,0.0,,1.0,-1,0.0,0.0,0.0,,,1.0,-1.0,-1.0,-1.0,0.0,0.0,,,,0.0,-0.848310239290667,-0.848310239290667,-0.6343354265717327,-0.6343354265717327,0.0,0.0
2019,4361467,Matt Romero,166,New Mexico State,FBS Independents,QB,,,5.0,5,0.0,,2.0,16,0.0,0.0,0.0,,,0.4,3.2,3.2,3.2,0.0,0.0,,,,0.0,0.1930660311827106,0.038613206236542116,0.014893589977513555,0.002978717995502711,0.4,0.0
2019,4361493,Jack Plummer,2509,Purdue,Big Ten,QB,,,284.0,263,21.0,,144.0,1427,12.0,7.0,162.0,,,0.5475285171102662,5.425855513307985,5.140684410646388,5.024647887323944,0.045627376425855515,0.026615969581749048,,,,0.07394366197183098,103.23015164936666,0.3634864494696009,55.5457617978233,0.19558366830219473,0.4828897338403042,0.08745247148288973
2019,4361497,Carson Baker,21,San Diego State,Mountain West,QB,,,26.0,26,0.0,,19.0,165,1.0,0.0,7.0,,,0.7307692307692307,6.346153846153846,7.115384615384615,6.346153846153846,0.038461538461538464,0.0,,,,0.0,12.39722792740419,0.476816458746315,7.152190625207598,0.27508425481567683,0.5,0.11538461538461539
2019,4361514,TJ Sullivan,21,San Diego State,Mountain West,WR,,,1.0,1,0.0,,1.0,29,1.0,0.0,0.0,,,1.0,29.0,49.0,29.0,1.0,0.0,,,,0.0,6.509139435473456,6.509139435473456,3.650985414221015,3.650985414221015,1.0,1.0
2019,4361529,Isaih Pacheco,164,Rutgers,Big Ten,RB,,,1.0,1,0.0,,0.0,0,0.0,0.0,0.0,,,0.0,0.0,0.0,0.0,0.0,0.0,,,,0.0,-0.6999999999999997,-0.6999999999999997,-1.1204555516909167,-1.1204555516909167,0.0,0.0
2019,4361530,Artur Sitkowski,164,Rutgers,Big Ten,QB,,,72.0,70,2.0,,44.0,403,1.0,2.0,14.0,,,0.6285714285714286,5.757142857142857,4.757142857142857,5.597222222222222,0.014285714285714285,0.02857142857142857,,,,0.027777777777777776,22.22230783919649,0.30864316443328454,12.411399263211639,0.17238054532238387,0.45714285714285713,0.1
2019,4361566,Kenyon Oblad,2439,UNLV,Mountain West,QB,,,336.0,322,14.0,,165.0,1820,18.0,9.0,98.0,,,0.5124223602484472,5.6521739130434785,5.512422360248447,5.416666666666667,0.055900621118012424,0.027950310559006212,,,,0.041666666666666664,139.50221391088385,0.41518516044905907,43.55720905466363,0.12963455075792746,0.43167701863354035,0.09627329192546584
2019,4361575,Jace Ruder,153,North Carolina,ACC,LB,,,4.0,3,1.0,,1.0,0,0.0,0.0,7.0,,,0.3333333333333333,0.0,0.0,0.0,0.0,0.0,,,,0.25,-1.8854300788995006,-0.47135751972487516,-2.147669391633997,-0.5369173479084992,0.3333333333333333,0.0
2019,4361577,Dyami Brown,153,North Carolina,ACC,WR,,,2.0,2,0.0,,2.0,40,1.0,0.0,0.0,,,1.0,20.0,30.0,20.0,0.5,0.0,,,,0.0,6.3,3.15,3.155764507784518,1.577882253892259,1.0,0.5
2019,4361607,Andrew Peasley,328,Utah State,Mountain West,QB,,,2.0,2,0.0,,2.0,20,0.0,0.0,0.0,,,1.0,10.0,10.0,10.0,0.0,0.0,,,,0.0,1.4,0.7,1.6981407056468958,0.8490703528234479,1.0,0.0
2019,4361636,John Paddock,2050,Ball State,Mid-American,QB,,,2.0,2,0.0,,1.0,20,0.0,0.0,0.0,,,0.5,10.0,10.0,10.0,0.0,0.0,,,,0.0,0.7000000000000002,0.3500000000000001,1.47388914500974,0.73694457250487,0.5,0.5
2019,4361653,Devin Leary,152,NC State,ACC,QB,,,221.0,215,6.0,,98.0,1123,7.0,5.0,39.0,,,0.4558139534883721,5.223255813953489,4.8279069767441865,5.081447963800905,0.03255813953488372,0.023255813953488372,,,,0.027149321266968326,49.611391590211156,0.22448593479733556,17.834306845450296,0.08069822102013709,0.40930232558139534,0.07906976744186046
2019,4361660,Trent Pennix,152,NC State,ACC,TE,,,1.0,1,0.0,,1.0,32,1.0,0.0,0.0,,,1.0,32.0,52.0,32.0,1.0,0.0,,,,0.0,5.739999999999998,5.739999999999998,2.8715194255889624,2.8715194255889624,1.0,1.0
2019,4361690,Sean Chambers,2751,Wyoming,Mountain West,QB,,,135.0,128,7.0,,52.0,926,7.0,2.0,34.0,,,0.40625,7.234375,7.625,6.859259259259259,0.0546875,0.015625,,,,0.05185185185185185,48.222956190216806,0.35720708289049485,30.92263358882336,0.22905654510239526,0.375,0.1640625
2019,4361735,Re-al Mitchell,66,Iowa State,Big 12,QB,,,4.0,4,0.0,,2.0,14,1.0,0.0,0.0,,,0.5,3.5,8.5,3.5,0.25,0.0,,,,0.0,2.8397430613893926,0.7099357653473481,1.4873196281679233,0.3718299070419808,0.5,0.0
2019,4361737,Blake Clark,66,Iowa State,Big 12,QB,,,1.0,1,0.0,,0.0,0,0.0,0.0,0.0,,,0.0,0.0,0.0,0.0,0.0,0.0,,,,0.0,-1.3534001332907768,-1.3534001332907768,-2.5077352479443142,-2.5077352479443142,0.0,0.0
2019,4361741,Brock Purdy,66,Iowa State,Big 12,QB,,,502.0,490,12.0,,311.0,3878,28.0,8.0,115.0,,,0.6346938775510204,7.914285714285715,8.322448979591837,7.725099601593626,0.05714285714285714,0.0163265306122449,,,,0.02390438247011952,313.62151479745563,0.6247440533813857,185.6478404414256,0.36981641522196335,0.5448979591836735,0.12244897959183673
2019,4361797,Amare Jones,2655,Tulane,American Athletic,WR,,,5.0,5,0.0,,2.0,47,1.0,0.0,0.0,,,0.4,9.4,13.4,9.4,0.2,0.0,,,,0.0,6.145350926510521,1.2290701853021042,2.1731167867453816,0.4346233573490763,0.6,0.4
2019,4361825,Spencer Sanders,197,Oklahoma State,Big 12,QB,,,275.0,261,14.0,,154.0,1878,16.0,10.0,81.0,,,0.5900383141762452,7.195402298850575,6.697318007662835,6.829090909090909,0.06130268199233716,0.038314176245210725,,,,0.05090909090909091,181.28796028516737,0.6592289464915178,85.8415469154733,0.3121510796926302,0.5325670498084292,0.12643678160919541
2019,4361830,Shaun Taylor,197,Oklahoma State,Big 12,QB,,,4.0,4,0.0,,4.0,21,0.0,0.0,0.0,,,1.0,5.25,5.25,5.25,0.0,0.0,,,,0.0,1.2423612794205097,0.3105903198551274,0.6812867643860984,0.1703216910965246,0.5,0.0
2019,4361902,Dan Ellington,2247,Georgia State,Sun Belt,QB,,,342.0,330,12.0,,200.0,1944,19.0,7.0,137.0,,,0.6060606060606061,5.890909090909091,6.087878787878788,5.684210526315789,0.05757575757575758,0.021212121212121213,,,,0.03508771929824561,164.63774137799876,0.48139690461403145,90.13167246043572,0.2635429019310986,0.5212121212121212,0.09696969696969697
2019,4361952,Taj Harris,183,Syracuse,ACC,WR,,,3.0,3,0.0,,2.0,98,1.0,0.0,0.0,,,0.6666666666666666,32.666666666666664,39.333333333333336,32.666666666666664,0.3333333333333333,0.0,,,,0.0,10.68100744954486,3.5603358165149532,6.120597139222408,2.0401990464074693,0.3333333333333333,0.3333333333333333
2019,4361959,Quincy Patterson,259,Virginia Tech,ACC,QB,,,39.0,37,2.0,,12.0,218,0.0,1.0,8.0,,,0.32432432432432434,5.891891891891892,4.675675675675675,5.589743589743589,0.0,0.02702702702702703,,,,0.05128205128205128,10.135340913461988,0.2598805362426151,6.851742791238878,0.17568571259586865,0.32432432432432434,0.10810810810810811
2019,4361994,Sam Hartman,154,Wake Forest,ACC,QB,,,96.0,96,0.0,,54.0,837,4.0,2.0,0.0,,,0.5625,8.71875,8.614583333333334,8.71875,0.041666666666666664,0.020833333333333332,,,,0.0,68.55593650762361,0.7141243386210793,39.326960609458865,0.4096558396818632,0.5625,0.17708333333333334
2019,4362029,Kai Locksley,2638,UTEP,Conference USA,QB,,,223.0,202,21.0,,103.0,1193,6.0,5.0,165.0,,,0.5099009900990099,5.905940594059406,5.3861386138613865,5.349775784753363,0.0297029702970297,0.024752475247524754,,,,0.09417040358744394,87.86202848208451,0.39400012772235204,48.802626724165556,0.21884585974962134,0.46534653465346537,0.10891089108910891
2019,4362030,Brandon Jones,2638,UTEP,Conference USA,QB,,,107.0,97,10.0,,47.0,508,3.0,3.0,65.0,,,0.4845360824742268,5.237113402061856,4.463917525773196,4.747663551401869,0.030927835051546393,0.030927835051546393,,,,0.09345794392523364,22.661032387939485,0.2117853494199952,10.882839503333015,0.10170878040498145,0.41237113402061853,0.10309278350515463
2019,4362073,Casey Thompson,251,Texas,Big 12,QB,,,15.0,14,1.0,,8.0,69,0.0,0.0,15.0,,,0.5714285714285714,4.928571428571429,4.928571428571429,4.6,0.0,0.0,,,,0.06666666666666667,0.13479191882009856,0.008986127921339904,-0.3618845656976142,-0.02412563771317428,0.35714285714285715,0.07142857142857142
2019,4362107,Brennan Eagles,251,Texas,Big 12,WR,,,1.0,1,0.0,,1.0,25,1.0,0.0,0.0,,,1.0,25.0,45.0,25.0,1.0,0.0,,,,0.0,5.25,5.25,2.7000843622660575,2.7000843622660575,1.0,1.0
2019,4362119,Nate Needham,189,Bowling Green,Mid-American,PK,,,1.0,1,0.0,,0.0,-7,0.0,1.0,0.0,,,0.0,-7.0,-52.0,-7.0,0.0,1.0,,,,0.0,-6.643143194680167,-6.643143194680167,-4.9241422611742145,-4.9241422611742145,0.0,0.0
2019,4362137,Elijah Jeffreys,41,UConn,American Athletic,WR,,,1.0,1,0.0,,1.0,25,1.0,0.0,0.0,,,1.0,25.0,45.0,25.0,1.0,0.0,,,,0.0,6.028310239290667,6.028310239290667,3.2221748140503585,3.2221748140503585,1.0,1.0
2019,4362140,Steven Krajewski,41,UConn,American Athletic,QB,,,44.0,41,3.0,,24.0,194,5.0,2.0,21.0,,,0.5853658536585366,4.7317073170731705,4.975609756097561,4.409090909090909,0.12195121951219512,0.04878048780487805,,,,0.06818181818181818,15.031398475582996,0.34162269262688627,-1.985791341253094,-0.045131621392115774,0.5365853658536586,0.07317073170731707
2019,4362159,Alan Bowman,2641,Texas Tech,Big 12,QB,,,152.0,151,1.0,,97.0,875,4.0,3.0,3.0,,,0.6423841059602649,5.7947019867549665,5.430463576158941,5.756578947368421,0.026490066225165563,0.019867549668874173,,,,0.006578947368421052,46.70511278284471,0.30727047883450465,16.362252239052385,0.10764639630955516,0.5231788079470199,0.039735099337748346
2019,4362211,Trey Lowe,277,West Virginia,Big 12,QB,,,2.0,2,0.0,,2.0,2,0.0,0.0,0.0,,,1.0,1.0,1.0,1.0,0.0,0.0,,,,0.0,-0.5136485806039284,-0.2568242903019642,-1.6135930367009994,-0.8067965183504997,0.5,0.0
2019,4362260,Carter Bradley,2649,Toledo,Mid-American,QB,,,122.0,111,11.0,,46.0,446,1.0,2.0,53.0,,,0.4144144144144144,4.018018018018018,3.3873873873873874,3.6557377049180326,0.009009009009009009,0.018018018018018018,,,,0.09016393442622951,-6.432923484314727,-0.05272888101897317,-11.070651398920813,-0.09074304425344928,0.35135135135135137,0.04504504504504504
2019,4362301,Isiah Cox,195,Ohio,Mid-American,WR,,,1.0,1,0.0,,0.0,0,0.0,0.0,0.0,,,0.0,0.0,0.0,0.0,0.0,0.0,,,,0.0,-0.6999999999999997,-0.6999999999999997,-0.7519361608312708,-0.7519361608312708,0.0,0.0
2019,4362303,Joe Mischler,195,Ohio,Mid-American,QB,,,3.0,3,0.0,,1.0,26,0.0,1.0,0.0,,,0.3333333333333333,8.666666666666666,-6.333333333333333,8.666666666666666,0.0,0.3333333333333333,,,,0.0,1.2175021196025981,0.4058340398675327,-1.3563735861870831,-0.4521245287290277,0.6666666666666666,0.3333333333333333
2019,4362312,Tyler Walton,195,Ohio,Mid-American,WR,,,1.0,1,0.0,,1.0,4,1.0,0.0,0.0,,,1.0,4.0,24.0,4.0,1.0,0.0,,,,0.0,4.2695591794893675,4.2695591794893675,2.635121018162716,2.635121018162716,1.0,0.0
2019,4362340,Woody Barrett,2309,Kent State,Mid-American,QB,,,44.0,43,1.0,,21.0,239,3.0,0.0,18.0,,,0.4883720930232558,5.558139534883721,6.953488372093023,5.431818181818182,0.06976744186046512,0.0,,,,0.022727272727272728,13.06975384095562,0.2970398600217186,8.801533098464663,0.20003484314692416,0.4186046511627907,0.06976744186046512
2019,4362385,Quadry Jones,2116,UCF,American Athletic,QB,,,3.0,3,0.0,,3.0,78,1.0,0.0,0.0,,,1.0,26.0,32.666666666666664,26.0,0.3333333333333333,0.0,,,,0.0,10.500737051869006,3.500245683956335,7.591551803923075,2.5305172679743584,1.0,0.3333333333333333
2019,4362447,Matt Myers,2084,Buffalo,Mid-American,QB,,,116.0,111,5.0,,49.0,496,8.0,4.0,45.0,,,0.44144144144144143,4.468468468468468,4.288288288288288,4.275862068965517,0.07207207207207207,0.036036036036036036,,,,0.04310344827586207,27.27144865742424,0.23509869532262276,-0.04699736265757526,-0.00040514967808254535,0.38738738738738737,0.08108108108108109
2019,4362499,Mark Pope,2390,Miami,ACC,WR,,,1.0,1,0.0,,1.0,38,1.0,0.0,0.0,,,1.0,38.0,58.0,38.0,1.0,0.0,,,,0.0,7.3495591794893675,7.3495591794893675,5.034738560204152,5.034738560204152,1.0,1.0
2019,4362507,Jarren Williams,2390,Miami,ACC,QB,,,323.0,303,20.0,,169.0,1906,19.0,7.0,186.0,,,0.5577557755775577,6.29042904290429,6.5049504950495045,5.900928792569659,0.0627062706270627,0.0231023102310231,,,,0.06191950464396285,156.85429561809826,0.48561701429751786,67.69794669293896,0.20959116623200916,0.47194719471947194,0.11221122112211221
2019,4362528,Wiley Green,242,Rice,Conference USA,QB,,,155.0,147,8.0,,73.0,701,4.0,2.0,59.0,,,0.4965986394557823,4.7687074829931975,4.700680272108843,4.52258064516129,0.027210884353741496,0.013605442176870748,,,,0.05161290322580645,16.091952818241786,0.1038190504402696,6.515982545662738,0.04203859706879186,0.4013605442176871,0.05442176870748299
2019,4362555,August Pitre,242,Rice,Conference USA,WR,,,1.0,1,0.0,,1.0,3,1.0,0.0,0.0,,,1.0,3.0,23.0,3.0,1.0,0.0,,,,0.0,2.7995591794893677,2.7995591794893677,1.464451732731337,1.464451732731337,1.0,0.0
2019,4362628,Ja'Marr Chase,99,LSU,SEC,WR,,,5.0,5,0.0,,5.0,198,5.0,0.0,0.0,,,1.0,39.6,59.6,39.6,1.0,0.0,,,,0.0,31.36,6.272,17.373803309702375,3.4747606619404747,1.0,1.0
2019,4362630,Terrace Marshall Jr.,99,LSU,SEC,WR,,,1.0,1,0.0,,1.0,29,1.0,0.0,0.0,,,1.0,29.0,49.0,29.0,1.0,0.0,,,,0.0,5.760645314282765,5.760645314282765,3.211043223591508,3.211043223591508,1.0,1.0
2019,4362667,Tyler Vitt,326,Texas State,Sun Belt,QB,,,257.0,245,12.0,,147.0,1364,12.0,13.0,90.0,,,0.6,5.56734693877551,4.159183673469387,5.307392996108949,0.04897959183673469,0.053061224489795916,,,,0.04669260700389105,113.03454829313316,0.4398231451094675,24.541319272288874,0.09549151467816683,0.4775510204081633,0.07755102040816327
2019,4362723,Gunnar Watson,2653,Troy,Sun Belt,QB,,,22.0,22,0.0,,13.0,89,0.0,0.0,0.0,,,0.5909090909090909,4.045454545454546,4.045454545454546,4.045454545454546,0.0,0.0,,,,0.0,-2.1809562889848655,-0.09913437677203935,-4.250450935762971,-0.19320231526195322,0.4090909090909091,0.09090909090909091
2019,4362794,Cam Johnson,238,Vanderbilt,SEC,WR,,,2.0,2,0.0,,1.0,16,0.0,0.0,0.0,,,0.5,8.0,8.0,8.0,0.0,0.0,,,,0.0,0.4199999999999995,0.20999999999999974,-0.12910622390245247,-0.06455311195122623,0.5,0.0
2019,4362807,Allan Walters,238,Vanderbilt,SEC,QB,,,9.0,9,0.0,,2.0,49,0.0,1.0,0.0,,,0.2222222222222222,5.444444444444445,0.4444444444444444,5.444444444444445,0.0,0.1111111111111111,,,,0.0,9.146024746377536,1.0162249718197263,-1.013889188951092,-0.11265435432789911,0.4444444444444444,0.1111111111111111
2019,4362852,Dakereon Joyner,2579,South Carolina,SEC,RB,,,34.0,31,3.0,,16.0,164,0.0,0.0,19.0,,,0.5161290322580645,5.290322580645161,5.290322580645161,4.823529411764706,0.0,0.0,,,,0.08823529411764706,-4.444875263255063,-0.13073162538985478,-3.1421193811797394,-0.09241527591705116,0.45161290322580644,0.0967741935483871
2019,4362874,Matt Corral,145,Ole Miss,SEC,QB,,,199.0,189,10.0,,105.0,1322,6.0,3.0,72.0,,,0.5555555555555556,6.994708994708994,6.915343915343915,6.64321608040201,0.031746031746031744,0.015873015873015872,,,,0.05025125628140704,103.59880900337068,0.5205970301676919,68.41072327064848,0.34377247874697725,0.4973544973544973,0.12698412698412698
2019,4362887,Justin Fields,194,Ohio State,Big Ten,QB,,,357.0,340,17.0,,214.0,2759,34.0,3.0,150.0,,,0.6294117647058823,8.114705882352942,9.717647058823529,7.728291316526611,0.1,0.008823529411764706,,,,0.047619047619047616,277.55017705104933,0.7774514763334716,170.85198106633084,0.47857697777683705,0.5764705882352941,0.15
2019,4362915,Gerry Bohanon,239,Baylor,Big 12,QB,,,22.0,21,1.0,,12.0,127,1.0,0.0,2.0,,,0.5714285714285714,6.0476190476190474,7.0,5.7727272727272725,0.047619047619047616,0.0,,,,0.045454545454545456,11.671944396257377,0.5305429271026081,7.619548695860678,0.34634312253912175,0.47619047619047616,0.047619047619047616
2019,4362942,Tate Whatley,2572,Southern Miss,Conference USA,QB,,,29.0,29,0.0,,12.0,203,0.0,1.0,15.0,,,0.41379310344827586,7.0,5.448275862068965,7.0,0.0,0.034482758620689655,,,,0.0,2.876908008555781,0.09920372443295797,-1.969258456829792,-0.06790546402861351,0.3793103448275862,0.1724137931034483
2019,4362945,Neil McLaurin,2572,Southern Miss,Conference USA,WR,,,2.0,2,0.0,,2.0,60,1.0,0.0,0.0,,,1.0,30.0,40.0,30.0,0.5,0.0,,,,0.0,8.219396374084065,4.109698187042032,4.338057425787664,2.169028712893832,1.0,0.5
2019,4362982,Jordan Weeks,2636,UTSA,Conference USA,QB,,,68.0,67,1.0,,38.0,423,3.0,3.0,15.0,,,0.5671641791044776,6.313432835820896,5.1940298507462686,6.220588235294118,0.04477611940298507,0.04477611940298507,,,,0.014705882352941176,24.950191966618803,0.36691458774439417,6.522853445572607,0.09592431537606774,0.43283582089552236,0.11940298507462686
2019,4362984,Cordale Grundy,2636,UTSA,Conference USA,QB,,,7.0,6,1.0,,1.0,-11,0.0,1.0,9.0,,,0.16666666666666666,-1.8333333333333333,-9.333333333333334,-1.5714285714285714,0.0,0.16666666666666666,,,,0.14285714285714285,-0.5780023904797322,-0.08257177006853318,-6.250176049031215,-0.8928822927187451,0.16666666666666666,0.0
2019,4363005,Sheldon Jones,2636,UTSA,Conference USA,WR,,,1.0,1,0.0,,0.0,0,0.0,0.0,0.0,,,0.0,0.0,0.0,0.0,0.0,0.0,,,,0.0,-0.6999999999999997,-0.6999999999999997,-0.4522778946200265,-0.4522778946200265,0.0,0.0
2019,4363077,Kevaris Thomas,98,Western Kentucky,Conference USA,QB,,,1.0,1,0.0,,1.0,6,0.0,0.0,0.0,,,1.0,6.0,6.0,6.0,0.0,0.0,,,,0.0,0.42961162432784317,0.42961162432784317,0.345257937612164,0.345257937612164,1.0,0.0
2019,4363409,Austin Watkins,5,UAB,Conference USA,WR,,,1.0,1,0.0,,0.0,-1,0.0,0.0,1.0,,,0.0,-1.0,-1.0,-1.0,0.0,0.0,,,,0.0,-0.8483102392906665,-0.8483102392906665,-1.1754014811374063,-1.1754014811374063,0.0,0.0
2019,4363410,Dylan Hopkins,5,UAB,Conference USA,QB,,,91.0,86,5.0,,40.0,355,4.0,4.0,53.0,,,0.46511627906976744,4.127906976744186,2.9651162790697674,3.901098901098901,0.046511627906976744,0.046511627906976744,,,,0.054945054945054944,15.218270741306302,0.16723374440995936,-5.978862789461083,-0.06570178889517674,0.37209302325581395,0.11627906976744186
2019,4363413,Kendall Parham,5,UAB,Conference USA,WR,,,1.0,1,0.0,,1.0,57,1.0,0.0,0.0,,,1.0,57.0,77.0,57.0,1.0,0.0,,,,0.0,7.49,7.49,4.4653166975113265,4.4653166975113265,1.0,1.0
2019,4363442,Kyle Greenwell,5,UAB,Conference USA,P,,,2.0,2,0.0,,1.0,2,0.0,0.0,0.0,,,0.5,1.0,1.0,1.0,0.0,0.0,,,,0.0,-2.4986654178934504,-1.2493327089467252,-2.4134748495639045,-1.2067374247819522,0.5,0.0
2019,4363523,Line Latu,2199,Eastern Michigan,Mid-American,WR,,,1.0,1,0.0,,0.0,0,0.0,0.0,0.0,,,0.0,0.0,0.0,0.0,0.0,0.0,,,,0.0,-0.6999999999999997,-0.6999999999999997,-1.1618692012952412,-1.1618692012952412,0.0,0.0
2019,4363527,Jairus Grissom,2199,Eastern Michigan,Mid-American,WR,,,5.0,5,0.0,,4.0,50,0.0,0.0,0.0,,,0.8,10.0,10.0,10.0,0.0,0.0,,,,0.0,2.623310254151182,0.5246620508302364,3.1517233550216366,0.6303446710043273,0.6,0.2
2019,4364470,Jalen Hamler,13,Cal Poly,Big Sky,RB,,,16.0,13,3.0,,5.0,96,1.0,1.0,16.0,,,0.38461538461538464,7.384615384615385,5.461538461538462,6.0,0.07692307692307693,0.07692307692307693,,,,0.1875,13.799447784888649,0.8624654865555406,4.633330114637005,0.2895831321648128,0.46153846153846156,0.23076923076923078
2019,4365325,Colby Suits,2433,UL Monroe,Sun Belt,QB,,,19.0,18,1.0,,4.0,-11,1.0,2.0,4.0,,,0.2222222222222222,-0.6111111111111112,-4.5,-0.5789473684210527,0.05555555555555555,0.1111111111111111,,,,0.05263157894736842,-16.454294096113703,-0.8660154787428265,-19.330393815267684,-1.0173891481719834,0.1111111111111111,0.05555555555555555
2019,4365375,Jesse Fiske,2097,Campbell,Big South,QB,,,5.0,5,0.0,,2.0,8,0.0,0.0,0.0,,,0.4,1.6,1.6,1.6,0.0,0.0,,,,0.0,-1.491505878809309,-0.29830117576186177,-1.2580487804852982,-0.25160975609705966,0.2,0.0
2019,4365616,Casey Bauman,147,Montana State,Big Sky,QB,,,21.0,20,1.0,,7.0,119,1.0,0.0,1.0,,,0.35,5.95,6.95,5.666666666666667,0.05,0.0,,,,0.047619047619047616,5.257012181635602,0.25033391341121913,5.7008557980639605,0.27146932371733146,0.3,0.15
2019,4365811,Hamish McClure,2440,Nevada,Mountain West,QB,,,7.0,5,2.0,,3.0,11,0.0,0.0,9.0,,,0.6,2.2,2.2,1.5714285714285714,0.0,0.0,,,,0.2857142857142857,-1.211964448432549,-0.173137778347507,-1.3887895435454176,-0.19839850622077396,0.6,0.0
2019,4365878,Tyler Skidmore,253,Southern Utah,Big Sky,QB,,,18.0,17,1.0,,11.0,147,2.0,0.0,10.0,,,0.6470588235294118,8.647058823529411,11.0,8.166666666666666,0.11764705882352941,0.0,,,,0.05555555555555555,14.684469285489259,0.8158038491938477,6.496516971109459,0.3609176095060811,0.47058823529411764,0.23529411764705882
2019,4366190,Kylan Weisser,2692,Weber State,Big Sky,QB,,,1.0,1,0.0,,1.0,6,0.0,0.0,0.0,,,1.0,6.0,6.0,6.0,0.0,0.0,,,,0.0,0.17974306138939156,0.17974306138939156,0.1834510411414882,0.1834510411414882,1.0,0.0
2019,4366715,Jeff Undercuffler Jr.,399,UAlbany,CAA,QB,,,28.0,28,0.0,,15.0,199,2.0,0.0,0.0,,,0.5357142857142857,7.107142857142857,8.535714285714286,7.107142857142857,0.07142857142857142,0.0,,,,0.0,19.611069152198482,0.7003953268642314,10.185686259465154,0.36377450926661264,0.4642857142857143,0.10714285714285714
2019,4366857,Joey Baughman,2210,Elon,CAA,QB,,,1.0,1,0.0,,1.0,14,0.0,0.0,0.0,,,1.0,14.0,14.0,14.0,0.0,0.0,,,,0.0,2.4583102392906664,2.4583102392906664,1.5012853669236739,1.5012853669236739,1.0,0.0
2019,4367178,Dorian Thompson-Robinson,26,UCLA,Pac-12,QB,,,409.0,382,27.0,,206.0,2069,12.0,12.0,286.0,,,0.5392670157068062,5.4162303664921465,4.630890052356021,5.058679706601467,0.031413612565445025,0.031413612565445025,,,,0.06601466992665037,141.83868140419344,0.3467938420640426,49.5602547223292,0.12117421692501026,0.47643979057591623,0.08638743455497382
2019,4367186,Chase Cota,26,UCLA,Pac-12,WR,,,3.0,3,0.0,,3.0,51,3.0,0.0,0.0,,,1.0,17.0,37.0,17.0,1.0,0.0,,,,0.0,16.296783283986635,5.432261094662212,8.820597888917447,2.9401992963058157,1.0,0.3333333333333333
2019,4367450,Tarrin Earle,2083,Bucknell,Patriot,QB,,,25.0,25,0.0,,11.0,82,0.0,0.0,0.0,,,0.44,3.28,3.28,3.28,0.0,0.0,,,,0.0,-7.391075850751974,-0.29564303403007897,-4.215932109782239,-0.16863728439128955,0.28,0.0
2019,4367790,Tim DeMorat,2230,Fordham,Patriot,QB,,,39.0,37,2.0,,20.0,165,1.0,1.0,19.0,,,0.5405405405405406,4.45945945945946,3.7837837837837838,4.230769230769231,0.02702702702702703,0.02702702702702703,,,,0.05128205128205128,10.579356077023437,0.27126554043649836,8.7393728006039,0.22408648206676668,0.4594594594594595,0.05405405405405406
2019,4368129,Ryan Boyle,282,Indiana State,MVFC,QB,,,40.0,37,3.0,,22.0,131,2.0,2.0,18.0,,,0.5945945945945946,3.5405405405405403,2.189189189189189,3.275,0.05405405405405406,0.05405405405405406,,,,0.075,3.0677279610726633,0.07669319902681658,-6.871558046226189,-0.17178895115565473,0.4864864864864865,0.10810810810810811
2019,4368285,J'Bore Gibbs,2571,South Dakota State,MVFC,QB,,,26.0,25,1.0,,12.0,163,0.0,0.0,7.0,,,0.48,6.52,6.52,6.269230769230769,0.0,0.0,,,,0.038461538461538464,8.911550296972939,0.3427519344989592,2.941640317953821,0.11314001222899311,0.44,0.08
2019,4368315,Zach Heins,2571,South Dakota State,MVFC,TE,,,1.0,1,0.0,,1.0,13,1.0,0.0,0.0,,,1.0,13.0,33.0,13.0,1.0,0.0,,,,0.0,4.41,4.41,2.538929215045847,2.538929215045847,1.0,0.0
2019,4368342,Stone Labanowitz,79,Southern Illinois,MVFC,QB,,,28.0,27,1.0,,19.0,257,4.0,0.0,8.0,,,0.7037037037037037,9.518518518518519,12.481481481481481,9.178571428571429,0.14814814814814814,0.0,,,,0.03571428571428571,31.377749447882625,1.1206339088529509,16.6593885548785,0.5949781626742322,0.6296296296296297,0.07407407407407407
2019,4368344,Javon Williams Jr.,79,Southern Illinois,MVFC,RB,,,4.0,4,0.0,,1.0,9,0.0,0.0,0.0,,,0.25,2.25,2.25,2.25,0.0,0.0,,,,0.0,-3.5135400616497834,-0.8783850154124458,-4.327565998830375,-1.0818914997075937,0.5,0.0
2019,4368668,D'Andre Thomas,2450,Norfolk State,MEAC,QB,,,3.0,3,0.0,,1.0,19,0.0,0.0,0.0,,,0.3333333333333333,6.333333333333333,6.333333333333333,6.333333333333333,0.0,0.0,,,,0.0,0.5442208381761073,0.18140694605870245,0.9290857710186069,0.3096952570062023,0.3333333333333333,0.0
2019,4368707,Harry Woodbery,2197,Eastern Illinois,OVC,QB,,,8.0,8,0.0,,3.0,15,0.0,0.0,0.0,,,0.375,1.875,1.875,1.875,0.0,0.0,,,,0.0,-2.391894254481465,-0.2989867818101831,-2.02181785246389,-0.25272723155798626,0.375,0.0
2019,4368767,Parker McKinney,2198,Eastern Kentucky,OVC,QB,,,6.0,5,1.0,,3.0,-8,0.0,0.0,7.0,,,0.6,-1.6,-1.6,-1.3333333333333333,0.0,0.0,,,,0.16666666666666666,-4.68550067428834,-0.7809167790480567,-5.276978843047705,-0.8794964738412842,0.0,0.0
2019,4368833,Michael Hiers,93,Murray State,OVC,QB,,,3.0,2,1.0,,1.0,-5,0.0,0.0,9.0,,,0.5,-2.5,-2.5,-1.6666666666666667,0.0,0.0,,,,0.3333333333333333,-2.087224104497269,-0.6957413681657564,-1.2161124744967111,-0.405370824832237,0.0,0.0
2019,4368868,Jacob Buie,2546,Southeast Missouri State,OVC,QB,,,4.0,4,0.0,,2.0,-4,0.0,0.0,0.0,,,0.5,-1.0,-1.0,-1.0,0.0,0.0,,,,0.0,-3.4565316616496653,-0.8641329154124163,-1.5200195819132878,-0.38000489547832195,0.0,0.0
2019,4368908,Bailey Fisher,2635,Tennessee Tech,OVC,QB,,,17.0,16,1.0,,8.0,39,1.0,1.0,11.0,,,0.5,2.4375,0.875,2.2941176470588234,0.0625,0.0625,,,,0.058823529411764705,-5.339731045857974,-0.31410182622693966,-7.854595299628697,-0.4620350176252175,0.375,0.125
2019,4369448,Darren Grainger,231,Furman,Southern,QB,,,52.0,46,6.0,,24.0,357,4.0,1.0,33.0,,,0.5217391304347826,7.760869565217392,8.521739130434783,6.865384615384615,0.08695652173913043,0.021739130434782608,,,,0.11538461538461539,45.85925111656436,0.8819086753185453,21.95348276969412,0.42218236095565614,0.5434782608695652,0.13043478260869565
2019,4369451,Hamp Sisson,231,Furman,Southern,QB,,,1.0,1,0.0,,1.0,5,0.0,0.0,0.0,,,1.0,5.0,5.0,5.0,0.0,0.0,,,,0.0,0.37983719459469656,0.37983719459469656,0.0479774442901393,0.0479774442901393,1.0,0.0
2019,4369790,Ty Hatcher,2535,Samford,Southern,QB,,,2.0,2,0.0,,2.0,4,0.0,0.0,0.0,,,1.0,2.0,2.0,2.0,0.0,0.0,,,,0.0,-0.9535698953553893,-0.47678494767769464,-0.4210849030702004,-0.2105424515351002,0.5,0.0
2019,4369794,DeMarcus Ware,2535,Samford,Southern,RB,,,1.0,1,0.0,,1.0,-7,0.0,0.0,0.0,,,1.0,-7.0,-7.0,-7.0,0.0,0.0,,,,0.0,-1.6332288365880152,-1.6332288365880152,-1.1457661500935084,-1.1457661500935084,0.0,0.0
2019,4369910,Chance Newman,2678,VMI,Southern,QB,,,6.0,6,0.0,,2.0,-11,0.0,1.0,0.0,,,0.3333333333333333,-1.8333333333333333,-9.333333333333334,-1.8333333333333333,0.0,0.16666666666666666,,,,0.0,5.4839181044117975,0.9139863507352995,-0.7318837780646006,-0.12198062967743344,0.5,0.0
2019,4369938,Jakob Herres,2678,VMI,Southern,WR,,,1.0,1,0.0,,1.0,13,0.0,0.0,0.0,,,1.0,13.0,13.0,13.0,0.0,0.0,,,,0.0,1.0144360884198864,1.0144360884198864,1.6592585115531406,1.6592585115531406,1.0,0.0
2019,4369944,Ladarius Skelton,2582,Southern,SWAC,RB,,,17.0,16,1.0,,7.0,82,1.0,0.0,8.0,,,0.4375,5.125,6.375,4.823529411764706,0.0625,0.0,,,,0.058823529411764705,7.03789857984467,0.41399403410851,6.050697211184718,0.355923365363807,0.375,0.0625
2019,4370064,Cam Arnold,2617,Stephen F. Austin,Southland,QB,,,3.0,2,1.0,,1.0,14,0.0,0.0,4.0,,,0.5,7.0,7.0,4.666666666666667,0.0,0.0,,,,0.3333333333333333,-0.08491859729734785,-0.028306199099115952,0.8295183256944327,0.2765061085648109,0.5,0.0
2019,4370134,John Bachus III,2630,UT Martin,OVC,QB,,,65.0,57,8.0,,29.0,215,0.0,2.0,43.0,,,0.5087719298245614,3.7719298245614037,2.192982456140351,3.3076923076923075,0.0,0.03508771929824561,,,,0.12307692307692308,-8.827727008853202,-0.1358111847515877,-9.621357391782716,-0.14802088295050334,0.3333333333333333,0.017543859649122806
2019,4370374,David Durden,2382,Mercer,Southern,WR,,,1.0,1,0.0,,0.0,0,0.0,0.0,0.0,,,0.0,0.0,0.0,0.0,0.0,0.0,,,,0.0,-0.6999999999999997,-0.6999999999999997,-1.0742999147475647,-1.0742999147475647,0.0,0.0
2019,4370775,Brennan Armstrong,258,Virginia,ACC,QB,,,16.0,16,0.0,,13.0,134,2.0,1.0,0.0,,,0.8125,8.375,8.0625,8.375,0.125,0.0625,,,,0.0,15.766780421227134,0.9854237763266959,8.131967666622488,0.5082479791639055,0.6875,0.3125
2019,4370935,Trazon Connley,2504,Prairie View A&M,SWAC,QB,,,19.0,18,1.0,,9.0,119,1.0,0.0,10.0,,,0.5,6.611111111111111,7.722222222222222,6.2631578947368425,0.05555555555555555,0.0,,,,0.05263157894736842,12.220274405085123,0.6431723371097433,9.039391099231686,0.4757574262753519,0.5,0.1111111111111111
2019,4371174,Jon Copeland,2916,Incarnate Word,Southland,QB,,,90.0,80,10.0,,32.0,319,2.0,2.0,58.0,,,0.4,3.9875,3.3625,3.5444444444444443,0.025,0.025,,,,0.1111111111111111,-1.0373051487924911,-0.011525612764361013,-10.994212020379672,-0.12215791133755191,0.35,0.075
2019,4371339,Shelton Eppler,2466,Northwestern State,Southland,QB,,,38.0,38,0.0,,21.0,225,2.0,0.0,0.0,,,0.5526315789473685,5.921052631578948,6.973684210526316,5.921052631578948,0.05263157894736842,0.0,,,,0.0,12.460582035743714,0.327910053572203,6.926977668658149,0.1822888860173197,0.42105263157894735,0.07894736842105263
2019,4371863,Chance Warren,2426,Navy,American Athletic,RB,,,2.0,2,0.0,,1.0,18,0.0,0.0,0.0,,,0.5,9.0,9.0,9.0,0.0,0.0,,,,0.0,0.56,0.28,1.2242000781405786,0.6121000390702893,0.5,0.0
2019,4371942,Matt Robinson,356,Illinois,Big Ten,QB,,,96.0,88,8.0,,41.0,377,1.0,0.0,96.0,,,0.4659090909090909,4.284090909090909,4.511363636363637,3.9270833333333335,0.011363636363636364,0.0,,,,0.08333333333333333,23.75965480109972,0.2474964041781221,7.186111699490896,0.07485533020303016,0.4318181818181818,0.06818181818181818
2019,4371974,Seth Williams,2,Auburn,SEC,WR,,,1.0,1,0.0,,1.0,9,1.0,0.0,0.0,,,1.0,9.0,29.0,9.0,1.0,0.0,,,,0.0,4.7442208381761075,4.7442208381761075,2.740036203212782,2.740036203212782,1.0,0.0
2019,4371976,Cord Sandberg,2,Auburn,SEC,QB,,,7.0,7,0.0,,5.0,84,2.0,0.0,0.0,,,0.7142857142857143,12.0,17.714285714285715,12.0,0.2857142857142857,0.0,,,,0.0,13.382315827222996,1.9117594038889993,9.769861401562753,1.3956944859375362,0.5714285714285714,0.2857142857142857
2019,4371989,Arryn Siposs,2,Auburn,SEC,P,,,1.0,1,0.0,,0.0,0,0.0,0.0,0.0,,,0.0,0.0,0.0,0.0,0.0,0.0,,,,0.0,1.9756078651211317,1.9756078651211317,-0.39440607177999265,-0.39440607177999265,1.0,0.0
2019,4372000,John Stephen Jones,8,Arkansas,SEC,QB,,,27.0,26,1.0,,12.0,86,1.0,1.0,7.0,,,0.46153846153846156,3.3076923076923075,2.3461538461538463,3.185185185185185,0.038461538461538464,0.038461538461538464,,,,0.037037037037037035,6.555250365250648,0.24278705056483882,-2.315625778233467,-0.08576391771235062,0.4230769230769231,0.0
2019,4372016,Jaylen Waddle,333,Alabama,SEC,WR,,,1.0,1,0.0,,1.0,31,1.0,0.0,0.0,,,1.0,31.0,51.0,31.0,1.0,0.0,,,,0.0,6.783391641993318,6.783391641993318,3.8914075760213027,3.8914075760213027,1.0,1.0
2019,4372062,Michael Barrett,130,Michigan,Big Ten,LB,,,1.0,1,0.0,,1.0,25,0.0,0.0,0.0,,,1.0,25.0,25.0,25.0,0.0,0.0,,,,0.0,3.8500000000000005,3.8500000000000005,4.093512103584231,4.093512103584231,1.0,1.0
2019,4372517,James Foster,245,Texas A&M,SEC,QB,,,9.0,9,0.0,,3.0,30,0.0,0.0,0.0,,,0.3333333333333333,3.3333333333333335,3.3333333333333335,3.3333333333333335,0.0,0.0,,,,0.0,0.3265998667092238,0.036288874078802644,-1.9398828057983546,-0.21554253397759496,0.4444444444444444,0.0
2019,4372548,Brandon Robinson,2335,Liberty,FBS Independents,QB,,,7.0,5,2.0,,2.0,11,1.0,0.0,8.0,,,0.4,2.2,6.2,1.5714285714285714,0.2,0.0,,,,0.2857142857142857,0.9804197440159124,0.14005996343084462,-0.46238333518195196,-0.06605476216885028,0.4,0.0
2019,4372559,Chase Wolf,275,Wisconsin,Big Ten,QB,,,1.0,1,0.0,,1.0,2,0.0,0.0,0.0,,,1.0,2.0,2.0,2.0,0.0,0.0,,,,0.0,-0.37939637408406446,-0.37939637408406446,-0.5369222363997892,-0.5369222363997892,0.0,0.0
2019,4372597,Jamarye Joiner,12,Arizona,Pac-12,WR,,,1.0,1,0.0,,0.0,0,0.0,0.0,0.0,,,0.0,0.0,0.0,0.0,0.0,0.0,,,,0.0,-0.6999999999999997,-0.6999999999999997,-1.065701080215459,-1.065701080215459,0.0,0.0
2019,4372715,Robby Rowell,25,California,Pac-12,QB,,,5.0,4,1.0,,2.0,5,0.0,0.0,8.0,,,0.5,1.25,1.25,1.0,0.0,0.0,,,,0.2,-1.9044777767867163,-0.38089555535734326,-2.520696105171636,-0.5041392210343272,0.5,0.0
2019,4372768,Phil Jurkovec,87,Notre Dame,FBS Independents,QB,,,16.0,15,1.0,,11.0,219,1.0,0.0,4.0,,,0.7333333333333333,14.6,15.933333333333334,13.6875,0.06666666666666667,0.0,,,,0.0625,23.632771658270983,1.4770482286419364,12.821147132173987,0.8013216957608742,0.7333333333333333,0.3333333333333333
2019,4372770,Braden Lenzy,87,Notre Dame,FBS Independents,WR,,,1.0,1,0.0,,1.0,22,1.0,0.0,0.0,,,1.0,22.0,42.0,22.0,1.0,0.0,,,,0.0,5.039999999999999,5.039999999999999,2.64762276664846,2.64762276664846,1.0,1.0
2019,4372780,Tommy Tremble,87,Notre Dame,FBS Independents,TE,,,2.0,2,0.0,,2.0,30,2.0,0.0,0.0,,,1.0,15.0,35.0,15.0,1.0,0.0,,,,0.0,8.390388375672156,4.195194187836078,4.408192641122156,2.204096320561078,1.0,0.5
2019,4373074,John Holcombe II,2306,Kansas State,Big 12,QB,,,5.0,4,1.0,,1.0,2,0.0,0.0,7.0,,,0.25,0.5,0.5,0.4,0.0,0.0,,,,0.2,-1.8732233023271143,-0.3746446604654229,-1.8067647365493893,-0.3613529473098779,0.25,0.0
2019,4373077,Malik Knowles,2306,Kansas State,Big 12,WR,,,1.0,1,0.0,,1.0,70,1.0,0.0,0.0,,,1.0,70.0,90.0,70.0,1.0,0.0,,,,0.0,9.254477776786716,9.254477776786716,6.7369424752537475,6.7369424752537475,1.0,1.0
2019,4373314,Nick Patti,221,Pittsburgh,ACC,QB,,,42.0,42,0.0,,25.0,289,3.0,1.0,0.0,,,0.5952380952380952,6.880952380952381,7.238095238095238,6.880952380952381,0.07142857142857142,0.023809523809523808,,,,0.0,31.47880626533877,0.7494953872699707,16.74023177116713,0.39857694693255075,0.4523809523809524,0.07142857142857142
2019,4373318,V'Lique Carter,221,Pittsburgh,ACC,WR,,,1.0,1,0.0,,1.0,26,1.0,0.0,0.0,,,1.0,26.0,46.0,26.0,1.0,0.0,,,,0.0,6.010388375672156,6.010388375672156,3.275114669831817,3.275114669831817,1.0,1.0
2019,4373422,Presley Motes,189,Bowling Green,Mid-American,TE,,,1.0,1,0.0,,0.0,0,0.0,0.0,0.0,,,0.0,0.0,0.0,0.0,0.0,0.0,,,,0.0,-0.7000000000000002,-0.7000000000000002,-0.7854388312047123,-0.7854388312047123,0.0,0.0
2019,4373624,Beau English,257,Richmond,CAA,QB,,,8.0,8,0.0,,7.0,23,0.0,0.0,0.0,,,0.875,2.875,2.875,2.875,0.0,0.0,,,,0.0,0.01461766916406848,0.00182720864550856,-1.176281347292752,-0.147035168411594,0.375,0.0
2019,4373632,Jaren Hall,252,BYU,FBS Independents,QB,,,55.0,51,4.0,,31.0,399,1.0,0.0,26.0,,,0.6078431372549019,7.823529411764706,8.215686274509803,7.254545454545455,0.0196078431372549,0.0,,,,0.07272727272727272,23.095909030783478,0.4199256187415178,19.2651505177057,0.35027546395828546,0.5490196078431373,0.1568627450980392
2019,4373673,John Hightower,68,Boise State,Mountain West,WR,,,2.0,2,0.0,,2.0,51,1.0,0.0,0.0,,,1.0,25.5,35.5,25.5,0.5,0.0,,,,0.0,8.09100744954486,4.04550372477243,5.5275927960445665,2.7637963980222833,0.5,0.5
2019,4373678,Khalil Shakir,68,Boise State,Mountain West,WR,,,1.0,1,0.0,,1.0,2,1.0,0.0,0.0,,,1.0,2.0,22.0,2.0,1.0,0.0,,,,0.0,2.4706453142827653,2.4706453142827653,1.213235297672098,1.213235297672098,1.0,0.0
2019,4373730,Jabari Laws,349,Army,FBS Independents,QB,,,25.0,22,3.0,,15.0,306,1.0,0.0,14.0,,,0.6818181818181818,13.909090909090908,14.818181818181818,12.24,0.045454545454545456,0.0,,,,0.12,28.436617512741005,1.13746470050964,19.36970448344086,0.7747881793376343,0.6818181818181818,0.22727272727272727
2019,4373851,Desmond Trotter,6,South Alabama,Sun Belt,QB,,,113.0,105,8.0,,55.0,776,8.0,2.0,60.0,,,0.5238095238095238,7.390476190476191,8.057142857142857,6.867256637168142,0.0761904761904762,0.01904761904761905,,,,0.07079646017699115,57.978584809639,0.5130848213242389,36.179780878231036,0.32017505201974367,0.4857142857142857,0.17142857142857143
2019,4373895,Ben Wooldridge,278,Fresno State,Mountain West,QB,,,6.0,6,0.0,,4.0,30,1.0,0.0,0.0,,,0.6666666666666666,5.0,8.333333333333334,5.0,0.16666666666666666,0.0,,,,0.0,6.253918104411797,1.0423196840686328,1.4238131453320046,0.23730219088866744,0.5,0.0
2019,4373934,Chevan Cordeiro,62,Hawai'i,Mountain West,QB,,,132.0,126,6.0,,68.0,815,8.0,3.0,37.0,,,0.5396825396825397,6.468253968253968,6.666666666666667,6.174242424242424,0.06349206349206349,0.023809523809523808,,,,0.045454545454545456,61.65981390921765,0.46711980234255795,26.042462570528922,0.19729138311006758,0.48412698412698413,0.0873015873015873
2019,4373960,Robert Funkhouser,62,Hawai'i,Mountain West,WR,,,1.0,1,0.0,,1.0,14,1.0,0.0,0.0,,,1.0,14.0,34.0,14.0,1.0,0.0,,,,0.0,5.699396374084064,5.699396374084064,3.0965943678643004,3.0965943678643004,1.0,0.0
2019,4374062,Trae Hall,167,New Mexico,Mountain West,WR,,,29.0,29,0.0,,14.0,115,4.0,2.0,12.0,,,0.4827586206896552,3.9655172413793105,3.6206896551724137,3.9655172413793105,0.13793103448275862,0.06896551724137931,,,,0.0,11.829227740634346,0.4079044048494602,0.07967825485802915,0.002747526029587212,0.3103448275862069,0.034482758620689655
2019,4374065,Cedric Patterson III,167,New Mexico,Mountain West,WR,,,2.0,2,0.0,,2.0,100,2.0,0.0,0.0,,,1.0,50.0,70.0,50.0,1.0,0.0,,,,0.0,14.768698614962823,7.384349307481411,9.182429877153435,4.591214938576718,1.0,1.0
2019,4374303,JT Daniels,30,USC,Pac-12,QB,,,36.0,35,1.0,,25.0,201,1.0,1.0,14.0,,,0.7142857142857143,5.742857142857143,5.0285714285714285,5.583333333333333,0.02857142857142857,0.02857142857142857,,,,0.027777777777777776,8.014594049331098,0.22262761248141938,3.1218554562011662,0.08671820711669906,0.5428571428571428,0.02857142857142857
2019,4374350,Asher O'Hara,2393,Middle Tennessee,Conference USA,QB,,,362.0,347,15.0,,204.0,2422,19.0,8.0,91.0,,,0.5878962536023055,6.979827089337176,7.037463976945245,6.69060773480663,0.05475504322766571,0.023054755043227664,,,,0.04143646408839779,185.77448253954003,0.5131891782860222,102.66714973177555,0.28361091086125845,0.4755043227665706,0.10662824207492795
2019,4374379,Jonah Fitzgerald,295,Old Dominion,Conference USA,QB,,,1.0,1,0.0,,0.0,0,0.0,0.0,0.0,,,0.0,0.0,0.0,0.0,0.0,0.0,,,,0.0,-0.6999999999999997,-0.6999999999999997,-1.1430602484821704,-1.1430602484821704,0.0,0.0
2019,4376380,Christian Reid,2127,Charleston Southern,Big South,WR,,,3.0,3,0.0,,1.0,-1,0.0,1.0,0.0,,,0.3333333333333333,-0.3333333333333333,-15.333333333333334,-0.3333333333333333,0.0,0.3333333333333333,,,,0.0,2.5707810054100237,0.8569270018033412,-0.4831196561766893,-0.16103988539222977,0.3333333333333333,0.0
2019,4379569,Jesse Matthews,21,San Diego State,Mountain West,WR,,,2.0,2,0.0,,2.0,96,2.0,0.0,0.0,,,1.0,48.0,68.0,48.0,1.0,0.0,,,,0.0,13.719999999999999,6.859999999999999,8.654399079109426,4.327199539554713,1.0,1.0
2019,4379608,Bryce Miller,58,South Florida,American Athletic,WR,,,1.0,1,0.0,,1.0,13,1.0,0.0,0.0,,,1.0,13.0,33.0,13.0,1.0,0.0,,,,0.0,4.41,4.41,2.538929215045847,2.538929215045847,1.0,0.0
2019,4382332,Donald Hammond III,2005,Air Force,Mountain West,QB,,,116.0,114,2.0,,56.0,1131,13.0,6.0,14.0,,,0.49122807017543857,9.921052631578947,9.833333333333334,9.75,0.11403508771929824,0.05263157894736842,,,,0.017241379310344827,131.68081054656574,1.1351794012634977,75.84608078395375,0.6538455239996013,0.4824561403508772,0.21929824561403508
2019,4383045,Kyle Smith,2065,Bethune-Cookman,MEAC,QB,,,3.0,3,0.0,,1.0,29,0.0,0.0,0.0,,,0.3333333333333333,9.666666666666666,9.666666666666666,9.666666666666666,0.0,0.0,,,,0.0,0.49572671698541804,0.16524223899513935,0.47552107711737435,0.15850702570579145,0.3333333333333333,0.3333333333333333
2019,4383046,Devin Black,2065,Bethune-Cookman,MEAC,QB,,,2.0,2,0.0,,1.0,5,0.0,0.0,0.0,,,0.5,2.5,2.5,2.5,0.0,0.0,,,,0.0,-0.5044777767867168,-0.2522388883933584,-0.5628107441067352,-0.2814053720533676,0.5,0.0
2019,4383088,T.J. DeShields,2006,Akron,Mid-American,QB,,,8.0,8,0.0,,3.0,-31,0.0,2.0,0.0,,,0.375,-3.875,-15.125,-3.875,0.0,0.25,,,,0.0,8.256225876785905,1.0320282345982381,-2.5092916968758265,-0.3136614621094783,0.625,0.0
2019,4383341,Derrick Ponder,2296,Jackson State,SWAC,QB,,,27.0,26,1.0,,14.0,108,1.0,1.0,7.0,,,0.5384615384615384,4.153846153846154,3.1923076923076925,4.0,0.038461538461538464,0.038461538461538464,,,,0.037037037037037035,8.779944275094467,0.32518312129979504,4.172763871412657,0.15454681005232065,0.46153846153846156,0.038461538461538464
2019,4383427,Trey Mitchell,2193,East Tennessee State,Southern,QB,,,39.0,35,4.0,,17.0,140,1.0,0.0,27.0,,,0.4857142857142857,4.0,4.571428571428571,3.58974358974359,0.02857142857142857,0.0,,,,0.10256410256410256,-0.5668599750538728,-0.014534871155227506,0.7028270619596129,0.018021206716913152,0.34285714285714286,0.05714285714285714
2019,4383431,Cameron Lewis,2193,East Tennessee State,Southern,WR,,,4.0,3,1.0,,1.0,11,0.0,0.0,4.0,,,0.3333333333333333,3.6666666666666665,3.6666666666666665,2.75,0.0,0.0,,,,0.25,0.784073953157792,0.196018488289448,0.5289969121122806,0.13224922802807015,0.3333333333333333,0.0
2019,4383503,Shannon Patrick,2029,Arkansas-Pine Bluff,SWAC,QB,,,16.0,16,0.0,,8.0,49,0.0,0.0,0.0,,,0.5,3.0625,3.0625,3.0625,0.0,0.0,,,,0.0,10.192293840878644,0.6370183650549153,2.6679947210904107,0.16674967006815067,0.5,0.125
2019,4383504,Skyler Perry,2029,Arkansas-Pine Bluff,SWAC,QB,,,16.0,14,2.0,,5.0,1,0.0,1.0,6.0,,,0.35714285714285715,0.07142857142857142,-3.142857142857143,0.0625,0.0,0.07142857142857142,,,,0.125,-6.041243500000693,-0.3775777187500433,-3.7973113096006266,-0.23733195685003916,0.14285714285714285,0.0
2019,4383610,Cameron Rosendahl,2634,Tennessee State,OVC,QB,,,24.0,24,0.0,,14.0,154,1.0,1.0,0.0,,,0.5833333333333334,6.416666666666667,5.375,6.416666666666667,0.041666666666666664,0.041666666666666664,,,,0.0,2.126434358710318,0.08860143161292992,1.812758422975402,0.07553160095730842,0.3333333333333333,0.08333333333333333
2019,4383847,Matt Struck,304,Idaho State,Big Sky,QB,,,32.0,31,1.0,,14.0,97,1.0,2.0,11.0,,,0.45161290322580644,3.129032258064516,0.8709677419354839,3.03125,0.03225806451612903,0.06451612903225806,,,,0.03125,1.3122961060528284,0.04100925331415089,-6.653522409401225,-0.20792257529378827,0.41935483870967744,0.03225806451612903
2019,4384187,Aaron Allen,2348,Louisiana Tech,Conference USA,QB,,,78.0,76,2.0,,42.0,417,2.0,1.0,16.0,,,0.5526315789473685,5.4868421052631575,5.421052631578948,5.346153846153846,0.02631578947368421,0.013157894736842105,,,,0.02564102564102564,24.880634269067045,0.3189824906290647,2.6066560256600644,0.03341866699564185,0.4473684210526316,0.039473684210526314
2019,4384211,Tahj Magee,2348,Louisiana Tech,Conference USA,WR,,,1.0,1,0.0,,1.0,13,1.0,0.0,0.0,,,1.0,13.0,33.0,13.0,1.0,0.0,,,,0.0,5.264477776786716,5.264477776786716,2.901487105325016,2.901487105325016,1.0,0.0
2019,4384603,Will McElvain,2460,Northern Iowa,MVFC,QB,,,48.0,45,3.0,,25.0,218,0.0,0.0,10.0,,,0.5555555555555556,4.844444444444444,4.844444444444444,4.541666666666667,0.0,0.0,,,,0.0625,9.234657913997072,0.19238870654160567,5.397136314181016,0.11244033987877117,0.4444444444444444,0.044444444444444446
2019,4393324,Isaiah Esdale,277,West Virginia,Big 12,WR,,,1.0,1,0.0,,1.0,24,1.0,0.0,0.0,,,1.0,24.0,44.0,24.0,1.0,0.0,,,,0.0,5.18,5.18,2.681437948606975,2.681437948606975,1.0,1.0
2019,4405865,Ryan Humphries,2534,Sam Houston,Southland,QB,,,1.0,1,0.0,,0.0,0,0.0,0.0,0.0,,,0.0,0.0,0.0,0.0,0.0,0.0,,,,0.0,-0.6999999999999997,-0.6999999999999997,-1.1143038065675126,-1.1143038065675126,0.0,0.0
2019,4426335,Graham Mertz,275,Wisconsin,Big Ten,QB,,,10.0,10,0.0,,8.0,64,0.0,0.0,4.0,,,0.8,6.4,6.4,6.4,0.0,0.0,,,,0.0,5.3752727136922065,0.5375272713692206,3.933411583596874,0.3933411583596874,0.7,0.0
2019,4426339,Spencer Rattler,201,Oklahoma,Big 12,QB,,,11.0,11,0.0,,7.0,81,1.0,0.0,0.0,,,0.6363636363636364,7.363636363636363,9.181818181818182,7.363636363636363,0.09090909090909091,0.0,,,,0.0,11.957774818434288,1.0870704380394807,5.261977137744273,0.47836155797675206,0.6363636363636364,0.09090909090909091
2019,4426348,Jayden Daniels,9,Arizona State,Pac-12,QB,,,394.0,368,26.0,,201.0,2724,14.0,2.0,176.0,,,0.5461956521739131,7.4021739130434785,7.918478260869565,6.913705583756345,0.03804347826086957,0.005434782608695652,,,,0.06598984771573604,176.99233493703872,0.44921912420568205,101.32776720746563,0.2571770741306234,0.45108695652173914,0.11684782608695653
2019,4426354,George Pickens,61,Georgia,SEC,WR,,,1.0,1,0.0,,1.0,16,1.0,0.0,0.0,,,1.0,16.0,36.0,16.0,1.0,0.0,,,,0.0,6.098310239290666,6.098310239290666,3.3393917916803133,3.3393917916803133,1.0,0.0
2019,4426360,Joey Yellen,9,Arizona State,Pac-12,QB,,,45.0,44,1.0,,27.0,279,4.0,2.0,5.0,,,0.6136363636363636,6.340909090909091,6.113636363636363,6.2,0.09090909090909091,0.045454545454545456,,,,0.022222222222222223,23.021136643555963,0.5115808143012436,10.571881547190142,0.2349307010486698,0.5,0.045454545454545456
2019,4426367,Austin Stogner,201,Oklahoma,Big 12,TE,,,2.0,2,0.0,,2.0,8,2.0,0.0,0.0,,,1.0,4.0,24.0,4.0,1.0,0.0,,,,0.0,8.904036956276084,4.452018478138042,5.386162028947581,2.6930810144737904,1.0,0.0
2019,4426386,Roschon Johnson,251,Texas,Big 12,RB,,,1.0,1,0.0,,0.0,0,0.0,0.0,0.0,,,0.0,0.0,0.0,0.0,0.0,0.0,,,,0.0,-0.7000000000000002,-0.7000000000000002,-0.664219947576345,-0.664219947576345,0.0,0.0
2019,4426417,Jacob Zeno,239,Baylor,Big 12,QB,,,13.0,13,0.0,,7.0,63,0.0,1.0,4.0,,,0.5384615384615384,4.846153846153846,1.3846153846153846,4.846153846153846,0.0,0.07692307692307693,,,,0.0,11.456745382545076,0.8812881063496213,3.249925769558216,0.2499942899660166,0.6153846153846154,0.0
2019,4426430,Taisun Phommachanh,228,Clemson,ACC,QB,,,12.0,12,0.0,,6.0,71,0.0,1.0,0.0,,,0.5,5.916666666666667,2.1666666666666665,5.916666666666667,0.0,0.08333333333333333,,,,0.0,0.1267855491608274,0.01056546243006895,-3.150420720108534,-0.26253506000904453,0.4166666666666667,0.16666666666666666
2019,4426444,Connor Bazelak,142,Missouri,SEC,QB,,,22.0,22,0.0,,15.0,143,0.0,0.0,1.0,,,0.6818181818181818,6.5,6.5,6.5,0.0,0.0,,,,0.0,9.598047110538438,0.4362748686608381,9.302661624869515,0.422848255675887,0.6363636363636364,0.0
2019,4426454,Lance LeGendre,120,Maryland,Big Ten,WR,,,5.0,4,1.0,,1.0,-2,0.0,0.0,9.0,,,0.25,-0.5,-0.5,-0.4,0.0,0.0,,,,0.2,-2.6072276770445226,-0.5214455354089045,-1.0353580842000265,-0.2070716168400053,0.25,0.0
2019,4426494,John Rhys Plumlee,145,Ole Miss,SEC,QB,,,159.0,155,4.0,,78.0,816,4.0,2.0,37.0,,,0.5032258064516129,5.264516129032258,5.2,5.132075471698113,0.025806451612903226,0.012903225806451613,,,,0.025157232704402517,53.047698454226136,0.3336333236114851,28.87791819278228,0.18162212699863067,0.44516129032258067,0.09032258064516129
2019,4426499,Hank Bachmeier,68,Boise State,Mountain West,QB,,,241.0,229,12.0,,134.0,1674,8.0,6.0,75.0,,,0.5851528384279476,7.310043668122271,6.829694323144105,6.946058091286307,0.034934497816593885,0.026200873362445413,,,,0.04979253112033195,123.29612562993718,0.5116021810370838,73.84593656720749,0.30641467455272814,0.5152838427947598,0.1615720524017467
2019,4426502,Drake London,30,USC,Pac-12,WR,,,1.0,1,0.0,,1.0,32,1.0,0.0,0.0,,,1.0,32.0,52.0,32.0,1.0,0.0,,,,0.0,5.739999999999998,5.739999999999998,2.8715194255889624,2.8715194255889624,1.0,1.0
2019,4426504,Milton Wright,2509,Purdue,Big Ten,WR,,,1.0,1,0.0,,1.0,37,1.0,0.0,0.0,,,1.0,37.0,57.0,37.0,1.0,0.0,,,,0.0,6.09,6.09,3.0514086314767432,3.0514086314767432,1.0,1.0
2019,4426535,Theo Wease Jr.,201,Oklahoma,Big 12,WR,,,1.0,1,0.0,,1.0,19,1.0,0.0,0.0,,,1.0,19.0,39.0,19.0,1.0,0.0,,,,0.0,4.83,4.83,2.604447628637523,2.604447628637523,1.0,0.0
2019,4426567,Raykwon Anderson,2026,App State,Sun Belt,RB,,,1.0,1,0.0,,0.0,0,0.0,0.0,0.0,,,0.0,0.0,0.0,0.0,0.0,0.0,,,,0.0,-0.6999999999999993,-0.6999999999999993,-0.708931480740441,-0.708931480740441,0.0,0.0
2019,4426657,Ryan Hilinski,2579,South Carolina,SEC,QB,,,434.0,419,15.0,,232.0,2046,11.0,5.0,119.0,,,0.5536992840095465,4.883054892601432,4.871121718377088,4.714285714285714,0.026252983293556086,0.011933174224343675,,,,0.03456221198156682,88.97083667090396,0.20500192781314278,32.13448610716959,0.07404259471698063,0.45346062052505964,0.05489260143198091
2019,4426687,Johnathan Bennett,2335,Liberty,FBS Independents,QB,,,5.0,5,0.0,,2.0,11,0.0,0.0,0.0,,,0.4,2.2,2.2,2.2,0.0,0.0,,,,0.0,-1.2905511810774613,-0.25811023621549223,-1.1202666561550654,-0.22405333123101306,0.4,0.0
2019,4426770,Spencer Brasch,25,California,Pac-12,QB,,,31.0,28,3.0,,9.0,37,0.0,1.0,32.0,,,0.32142857142857145,1.3214285714285714,-0.2857142857142857,1.1935483870967742,0.0,0.03571428571428571,,,,0.0967741935483871,-0.8138788882859775,-0.026254157686644436,-6.701196335817801,-0.21616762373605808,0.32142857142857145,0.0
2019,4426800,Ahmarean Brown,59,Georgia Tech,ACC,WR,,,2.0,2,0.0,,2.0,28,2.0,0.0,0.0,,,1.0,14.0,34.0,14.0,1.0,0.0,,,,0.0,9.738310239290666,4.869155119645333,5.4933981667247895,2.7466990833623948,1.0,0.0
2019,4426847,Zach Calzada,245,Texas A&M,SEC,QB,,,28.0,26,2.0,,12.0,69,3.0,1.0,6.0,,,0.46153846153846156,2.6538461538461537,3.230769230769231,2.4642857142857144,0.11538461538461539,0.038461538461538464,,,,0.07142857142857142,-0.9022836923615523,-0.03222441758434115,-5.2971716408716,-0.18918470145969998,0.38461538461538464,0.07692307692307693
2019,4426875,Sam Howell,153,North Carolina,ACC,QB,,,484.0,453,31.0,,256.0,3347,35.0,6.0,210.0,,,0.565121412803532,7.3885209713024285,8.33774834437086,6.9152892561983474,0.0772626931567329,0.013245033112582781,,,,0.0640495867768595,301.02903802532785,0.6219608223663798,175.40977675006587,0.36241689411170636,0.5011037527593819,0.13245033112582782
2019,4426948,Luke McCaffrey,158,Nebraska,Big Ten,WR,,,11.0,11,0.0,,8.0,145,2.0,0.0,0.0,,,0.7272727272727273,13.181818181818182,16.818181818181817,13.181818181818182,0.18181818181818182,0.0,,,,0.0,15.023874150870782,1.3658067409882528,7.705378100482151,0.7004889182256501,0.6363636363636364,0.45454545454545453
2019,4426966,Garrett Shrader,344,Mississippi State,SEC,QB,,,177.0,166,11.0,,87.0,1038,8.0,5.0,82.0,,,0.5240963855421686,6.253012048192771,5.86144578313253,5.864406779661017,0.04819277108433735,0.030120481927710843,,,,0.062146892655367235,74.55838536997094,0.4212338156495533,35.64055563580477,0.20135907138872752,0.463855421686747,0.12048192771084337
2019,4426990,Jalen Moreno-Cropper,278,Fresno State,Mountain West,WR,,,1.0,1,0.0,,1.0,36,1.0,0.0,0.0,,,1.0,36.0,56.0,36.0,1.0,0.0,,,,0.0,6.02,6.02,3.010778095013796,3.010778095013796,1.0,1.0
2019,4427055,Lucas Dean,2636,UTSA,Conference USA,P,,,1.0,1,0.0,,1.0,22,0.0,0.0,0.0,,,1.0,22.0,22.0,22.0,0.0,0.0,,,,0.0,2.930388375672157,2.930388375672157,3.3300090022007005,3.3300090022007005,1.0,1.0
2019,4427105,Max Duggan,2628,TCU,Big 12,QB,,,385.0,362,23.0,,180.0,1873,15.0,7.0,158.0,,,0.4972375690607735,5.1740331491712706,5.132596685082873,4.864935064935065,0.04143646408839779,0.019337016574585635,,,,0.05974025974025974,131.5494269522547,0.3416868232526096,33.428098099593214,0.08682622883011225,0.430939226519337,0.0718232044198895
2019,4427158,Jah'Quez Evans,58,South Florida,American Athletic,WR,,,3.0,3,0.0,,1.0,2,0.0,0.0,0.0,,,0.3333333333333333,0.6666666666666666,0.6666666666666666,0.6666666666666666,0.0,0.0,,,,0.0,-1.7010861347933979,-0.5670287115977993,-1.7215639889740686,-0.5738546629913562,0.0,0.0
2019,4427191,Dequan Finn,2649,Toledo,Mid-American,QB,,,12.0,12,0.0,,6.0,86,0.0,0.0,0.0,,,0.5,7.166666666666667,7.166666666666667,7.166666666666667,0.0,0.0,,,,0.0,4.8592587468809,0.40493822890674164,4.741144915365781,0.39509540961381506,0.5,0.16666666666666666
2019,4427238,Dillon Gabriel,2116,UCF,American Athletic,QB,,,434.0,416,18.0,,232.0,3380,26.0,5.0,117.0,,,0.5576923076923077,8.125,8.834134615384615,7.788018433179723,0.0625,0.01201923076923077,,,,0.041474654377880185,262.045901020155,0.6037923986639516,153.56019437962055,0.3538253326719368,0.4735576923076923,0.13942307692307693
2019,4427243,Brett Gabbert,193,Miami (OH),Mid-American,QB,,,331.0,311,20.0,,159.0,1832,11.0,7.0,138.0,,,0.5112540192926045,5.890675241157556,5.585209003215434,5.5347432024169185,0.03536977491961415,0.022508038585209004,,,,0.06042296072507553,118.911381090288,0.35924888546914807,35.904228805639704,0.10847199034936467,0.43729903536977494,0.10610932475884244
2019,4427267,Kaylon Geiger,2653,Troy,Sun Belt,WR,,,4.0,4,0.0,,3.0,25,3.0,0.0,0.0,,,0.75,6.25,21.25,6.25,0.75,0.0,,,,0.0,12.729947555161523,3.1824868887903808,7.35567750958435,1.8389193773960875,0.75,0.0
2019,4427313,Ta'Quan Roberson,213,Penn State,Big Ten,QB,,,1.0,1,0.0,,0.0,0,0.0,0.0,0.0,,,0.0,0.0,0.0,0.0,0.0,0.0,,,,0.0,-5.843011757618619,-5.843011757618619,-4.017218287321738,-4.017218287321738,0.0,0.0
2019,4427351,Grant Gunnell,12,Arizona,Pac-12,QB,,,175.0,165,10.0,,99.0,1180,8.0,0.0,57.0,,,0.6,7.151515151515151,8.121212121212121,6.742857142857143,0.048484848484848485,0.0,,,,0.05714285714285714,74.16759973518347,0.42381485562961985,39.82808017798,0.22758902958845714,0.46060606060606063,0.09696969696969697
2019,4427354,Jarrett Guest,324,Coastal Carolina,Sun Belt,QB,,,1.0,1,0.0,,1.0,6,0.0,0.0,0.0,,,1.0,6.0,6.0,6.0,0.0,0.0,,,,0.0,0.4296116243278427,0.4296116243278427,0.265204892676964,0.265204892676964,1.0,0.0
2019,4427366,Breece Hall,66,Iowa State,Big 12,RB,,,1.0,1,0.0,,0.0,-1,0.0,0.0,1.0,,,0.0,-1.0,-1.0,-1.0,0.0,0.0,,,,0.0,-0.8483102392906674,-0.8483102392906674,-1.319414526540232,-1.319414526540232,0.0,0.0
2019,4427491,Larry Hodges,2390,Miami,ACC,TE,,,1.0,1,0.0,,1.0,2,1.0,0.0,0.0,,,1.0,2.0,22.0,2.0,1.0,0.0,,,,0.0,3.1706453142827655,3.1706453142827655,2.067936525322223,2.067936525322223,1.0,0.0
2019,4427647,Jermaine Johnson,113,Massachusetts,FBS Independents,WR,,,2.0,2,0.0,,2.0,43,2.0,0.0,0.0,,,1.0,21.5,41.5,21.5,1.0,0.0,,,,0.0,11.199559179489366,5.599779589744683,6.105395688439723,3.0526978442198613,1.0,0.5
2019,4427740,Cole Kramer,135,Minnesota,Big Ten,QB,,,2.0,2,0.0,,0.0,0,0.0,1.0,0.0,,,0.0,0.0,-22.5,0.0,0.0,0.5,,,,0.0,7.680043953541017,3.8400219767705086,0.38215137531293397,0.19107568765646699,0.5,0.0
2019,4427789,Keyon Lesane,152,NC State,ACC,WR,,,1.0,1,0.0,,0.0,0,0.0,0.0,0.0,,,0.0,0.0,0.0,0.0,0.0,0.0,,,,0.0,-0.7000000000000002,-0.7000000000000002,-1.0923917928310267,-1.0923917928310267,0.0,0.0
2019,4427911,Hollis Mathis,2729,William & Mary,CAA,QB,,,20.0,15,5.0,,3.0,-66,1.0,1.0,25.0,,,0.2,-4.4,-6.066666666666666,-3.3,0.06666666666666667,0.06666666666666667,,,,0.25,-13.063182894155474,-0.6531591447077737,-10.482323409392368,-0.5241161704696184,0.2,0.0
2019,4427925,Nolan Matthews-Harris,9,Arizona State,Pac-12,TE,,,1.0,1,0.0,,1.0,4,1.0,0.0,0.0,,,1.0,4.0,24.0,4.0,1.0,0.0,,,,0.0,3.770388375672157,3.770388375672157,2.3338902404479605,2.3338902404479605,1.0,0.0
2019,4427928,Brian Maurer,2633,Tennessee,SEC,QB,,,85.0,80,5.0,,35.0,569,2.0,3.0,27.0,,,0.4375,7.1125,5.925,6.694117647058824,0.025,0.0375,,,,0.058823529411764705,20.694199217097857,0.2434611672599748,11.465103601210306,0.13488357177894478,0.375,0.1375
2019,4427936,Grayson McCall,324,Coastal Carolina,Sun Belt,QB,,,4.0,4,0.0,,4.0,25,1.0,0.0,0.0,,,1.0,6.25,11.25,6.25,0.25,0.0,,,,0.0,4.76044082051063,1.1901102051276575,2.161141311203383,0.5402853278008457,0.75,0.0
2019,4427982,Austin McNamara,2641,Texas Tech,Big 12,P,,,1.0,1,0.0,,1.0,34,0.0,0.0,0.0,,,1.0,34.0,34.0,34.0,0.0,0.0,,,,0.0,4.073213388631249,4.073213388631249,4.12597939057477,4.12597939057477,1.0,1.0
2019,4428367,Tayvion Robinson,259,Virginia Tech,ACC,WR,,,3.0,3,0.0,,0.0,0,0.0,0.0,0.0,,,0.0,0.0,0.0,0.0,0.0,0.0,,,,0.0,-2.0999999999999996,-0.6999999999999998,-1.7906811128642222,-0.5968937042880741,0.0,0.0
2019,4428414,Mike Sainristil,130,Michigan,Big Ten,DB,,,1.0,1,0.0,,1.0,26,1.0,0.0,0.0,,,1.0,26.0,46.0,26.0,1.0,0.0,,,,0.0,5.613213388631248,5.613213388631248,2.863405261116176,2.863405261116176,1.0,1.0
2019,4428512,Kedon Slovis,30,USC,Pac-12,QB,,,426.0,407,19.0,,277.0,3195,27.0,9.0,124.0,,,0.6805896805896806,7.85012285012285,8.181818181818182,7.5,0.06633906633906633,0.022113022113022112,,,,0.04460093896713615,298.79918733443975,0.701406543038591,177.1683728283128,0.41588819912749486,0.5945945945945946,0.11547911547911548
2019,4428532,Ainias Smith,245,Texas A&M,SEC,WR,,,1.0,1,0.0,,1.0,15,1.0,0.0,0.0,,,1.0,15.0,35.0,15.0,1.0,0.0,,,,0.0,4.080645314282765,4.080645314282765,2.195329770599496,2.195329770599496,1.0,0.0
2019,4428796,Casey Washington,356,Illinois,Big Ten,WR,,,1.0,1,0.0,,0.0,0,0.0,0.0,0.0,,,0.0,0.0,0.0,0.0,0.0,0.0,,,,0.0,-0.7000000000000002,-0.7000000000000002,-0.3938043411417487,-0.3938043411417487,0.0,0.0
2019,4428890,Levi Williams,2751,Wyoming,Mountain West,QB,,,42.0,42,0.0,,19.0,291,3.0,2.0,24.0,,,0.4523809523809524,6.928571428571429,6.214285714285714,6.928571428571429,0.07142857142857142,0.047619047619047616,,,,0.0,37.557875231282765,0.8942351245543515,16.239058166027473,0.38664424204827313,0.47619047619047616,0.11904761904761904
2019,4428938,Dante Wright,36,Colorado State,Mountain West,WR,,,1.0,1,0.0,,1.0,39,1.0,0.0,0.0,,,1.0,39.0,59.0,39.0,1.0,0.0,,,,0.0,7.3433916419933185,7.3433916419933185,4.5794443276550005,4.5794443276550005,1.0,1.0
2019,4428952,Jalen Wydermyer,245,Texas A&M,SEC,TE,,,2.0,2,0.0,,2.0,43,2.0,0.0,0.0,,,1.0,21.5,41.5,21.5,1.0,0.0,,,,0.0,10.709999999999999,5.3549999999999995,5.744154965956675,2.8720774829783373,1.0,0.5
2019,4428961,Jordan Yates,59,Georgia Tech,ACC,QB,,,18.0,15,3.0,,4.0,21,0.0,0.0,17.0,,,0.26666666666666666,1.4,1.4,1.1666666666666667,0.0,0.0,,,,0.16666666666666666,-1.8913449150166892,-0.10507471750092717,-5.635763152178808,-0.3130979528988227,0.26666666666666666,0.0
2019,4428977,Jack Zergiotis,41,UConn,American Athletic,QB,,,294.0,280,14.0,,150.0,1488,10.0,11.0,115.0,,,0.5357142857142857,5.314285714285714,4.260714285714286,5.061224489795919,0.03571428571428571,0.039285714285714285,,,,0.047619047619047616,82.58951394441817,0.28091671409666047,22.059329114783704,0.07503173168293777,0.44642857142857145,0.08928571428571429
2019,4429357,Trevor Bycznski,2084,Buffalo,Mid-American,QB,,,1.0,1,0.0,,0.0,0,0.0,0.0,0.0,,,0.0,0.0,0.0,0.0,0.0,0.0,,,,0.0,-0.7000000000000002,-0.7000000000000002,-0.43770162015070735,-0.43770162015070735,0.0,0.0
2019,4429413,Brendon Clark,87,Notre Dame,FBS Independents,QB,,,1.0,1,0.0,,0.0,0,0.0,0.0,0.0,,,0.0,0.0,0.0,0.0,0.0,0.0,,,,0.0,-0.7000000000000002,-0.7000000000000002,-1.0198753264847067,-1.0198753264847067,0.0,0.0
2019,4429449,Evan Conley,97,Louisville,ACC,QB,,,87.0,81,6.0,,40.0,515,4.0,3.0,63.0,,,0.49382716049382713,6.3580246913580245,5.679012345679013,5.919540229885057,0.04938271604938271,0.037037037037037035,,,,0.06896551724137931,42.783517331563,0.49176456702945975,31.223368128633112,0.3588892888348634,0.4691358024691358,0.13580246913580246
2019,4429582,Joe Fagnano,311,Maine,CAA,QB,,,49.0,43,6.0,,25.0,425,5.0,1.0,20.0,,,0.5813953488372093,9.883720930232558,11.162790697674419,8.673469387755102,0.11627906976744186,0.023255813953488372,,,,0.12244897959183673,46.08440041206225,0.9404979675931072,24.872705432122462,0.5076062333086216,0.5581395348837209,0.2558139534883721
2019,4429595,Chandler Fields,309,Louisiana,Sun Belt,QB,,,3.0,3,0.0,,3.0,16,0.0,0.0,0.0,,,1.0,5.333333333333333,5.333333333333333,5.333333333333333,0.0,0.0,,,,0.0,1.0438324625039512,0.34794415416798374,1.0882063219527263,0.36273544065090874,0.6666666666666666,0.0
2019,4429615,Zay Flowers,103,Boston College,ACC,WR,,,1.0,1,0.0,,0.0,0,0.0,0.0,0.0,,,0.0,0.0,0.0,0.0,0.0,0.0,,,,0.0,-0.6999999999999997,-0.6999999999999997,-0.6351269961541294,-0.6351269961541294,0.0,0.0
2019,4429665,Terrance Gipson,2567,SMU,American Athletic,QB,,,3.0,3,0.0,,3.0,71,0.0,0.0,0.0,,,1.0,23.666666666666668,23.666666666666668,23.666666666666668,0.0,0.0,,,,0.0,6.785534343787935,2.261844781262645,6.612050746320243,2.204016915440081,1.0,0.6666666666666666
2019,4429668,Jermaine Givens Jr.,2320,Lamar,Southland,RB,,,2.0,2,0.0,,0.0,0,0.0,0.0,0.0,,,0.0,0.0,0.0,0.0,0.0,0.0,,,,0.0,-1.4000000000000008,-0.7000000000000004,-0.9413209477395004,-0.4706604738697502,0.0,0.0
2019,4429911,JoVoni Johnson-McCray,242,Rice,Conference USA,WR,,,20.0,19,1.0,,10.0,91,1.0,0.0,6.0,,,0.5263157894736842,4.7894736842105265,5.842105263157895,4.55,0.05263157894736842,0.0,,,,0.05,3.595854270342797,0.17979271351713985,5.624546210706388,0.2812273105353194,0.42105263157894735,0.0
2019,4429927,Neal Johnson,309,Louisiana,Sun Belt,TE,,,1.0,1,0.0,,1.0,1,1.0,0.0,0.0,,,1.0,1.0,21.0,1.0,1.0,0.0,,,,0.0,2.7357267169854174,2.7357267169854174,1.900352237473006,1.900352237473006,1.0,0.0
2019,4430066,Ross Malmgren,2127,Charleston Southern,Big South,QB,,,13.0,13,0.0,,11.0,77,1.0,0.0,0.0,,,0.8461538461538461,5.923076923076923,7.461538461538462,5.923076923076923,0.07692307692307693,0.0,,,,0.0,8.22788017525168,0.6329138596347447,4.5456120944059135,0.3496624688004549,0.6923076923076923,0.07692307692307693
2019,4430775,Hayden Wolff,295,Old Dominion,Conference USA,QB,,,141.0,135,6.0,,75.0,688,3.0,3.0,27.0,,,0.5555555555555556,5.0962962962962965,4.54074074074074,4.879432624113475,0.022222222222222223,0.022222222222222223,,,,0.0425531914893617,31.535123232620453,0.22365335625971952,4.723120201410619,0.03349730639298311,0.45925925925925926,0.06666666666666667
2019,4430789,Kevin Yeager,2916,Incarnate Word,Southland,QB,,,10.0,10,0.0,,4.0,62,0.0,0.0,0.0,,,0.4,6.2,6.2,6.2,0.0,0.0,,,,0.0,2.1936696570986465,0.21936696570986464,1.4508468528668315,0.14508468528668314,0.4,0.1
2019,4567031,Michael Kern,154,Wake Forest,ACC,QB,,,9.0,9,0.0,,7.0,50,1.0,0.0,0.0,,,0.7777777777777778,5.555555555555555,7.777777777777778,5.555555555555555,0.1111111111111111,0.0,,,,0.0,7.646200734565422,0.849577859396158,3.0301294646540247,0.336681051628225,0.5555555555555556,0.0
2019,4567097,Taulia Tagovailoa,333,Alabama,SEC,QB,,,12.0,12,0.0,,9.0,100,1.0,0.0,0.0,,,0.75,8.333333333333334,10.0,8.333333333333334,0.08333333333333333,0.0,,,,0.0,9.742036938249687,0.8118364115208072,7.69826880118916,0.6415224000990967,0.6666666666666666,0.16666666666666666
2019,4567149,KJ Jefferson,8,Arkansas,SEC,QB,,,40.0,35,5.0,,14.0,127,1.0,1.0,45.0,,,0.4,3.6285714285714286,2.914285714285714,3.175,0.02857142857142857,0.02857142857142857,,,,0.125,-7.704635203898659,-0.1926158800974665,-12.982797406940772,-0.3245699351735193,0.3142857142857143,0.14285714285714285
2019,4567156,Treylon Burks,8,Arkansas,SEC,WR,,,1.0,1,0.0,,0.0,0,0.0,0.0,0.0,,,0.0,0.0,0.0,0.0,0.0,0.0,,,,0.0,-0.6999999999999997,-0.6999999999999997,-0.42008778911877176,-0.42008778911877176,0.0,0.0
2019,4567218,Bo Nix,2,Auburn,SEC,QB,,,403.0,389,14.0,,213.0,2402,15.0,6.0,129.0,,,0.5475578406169666,6.174807197943445,6.251928020565552,5.960297766749379,0.038560411311053984,0.015424164524421594,,,,0.034739454094292806,154.78816997709296,0.3840897518042009,104.80911654905502,0.2600722495013772,0.455012853470437,0.09254498714652956
2019,4567243,Grant Tisdale,145,Ole Miss,SEC,QB,,,2.0,2,0.0,,2.0,56,1.0,0.0,0.0,,,1.0,28.0,38.0,28.0,0.5,0.0,,,,0.0,7.419999999999999,3.7099999999999995,4.370182781379306,2.185091390689653,1.0,1.0
2019,4567457,Bryan Gagg,151,East Carolina,American Athletic,TE,,,1.0,1,0.0,,1.0,5,1.0,0.0,0.0,,,1.0,5.0,25.0,5.0,1.0,0.0,,,,0.0,3.304477776786716,3.304477776786716,1.883780840558874,1.883780840558874,1.0,0.0
2019,4567476,Logan Holgorsen,248,Houston,American Athletic,QB,,,23.0,20,3.0,,7.0,51,0.0,1.0,22.0,,,0.35,2.55,0.3,2.217391304347826,0.0,0.05,,,,0.13043478260869565,-1.5678201489653794,-0.06816609343327737,-6.239619245432749,-0.2712877932796847,0.3,0.1
2019,4568336,Zach Gibson,2006,Akron,Mid-American,QB,,,101.0,91,10.0,,41.0,351,1.0,3.0,78.0,,,0.45054945054945056,3.857142857142857,2.5934065934065935,3.4752475247524752,0.01098901098901099,0.03296703296703297,,,,0.09900990099009901,20.051079065106432,0.19852553529808348,4.504693248176268,0.04460092324926997,0.38461538461538464,0.06593406593406594
2019,4568411,Cornelious Brown IV,2247,Georgia State,Sun Belt,QB,,,28.0,28,0.0,,11.0,137,0.0,1.0,0.0,,,0.39285714285714285,4.892857142857143,3.2857142857142856,4.892857142857143,0.0,0.03571428571428571,,,,0.0,5.38104132042033,0.19218004715786893,-4.41739583623992,-0.15776413700856856,0.32142857142857145,0.10714285714285714
2019,4568419,Khaleb Hood,290,Georgia Southern,Sun Belt,WR,,,1.0,1,0.0,,0.0,0,0.0,0.0,0.0,,,0.0,0.0,0.0,0.0,0.0,0.0,,,,0.0,-6.384670149984197,-6.384670149984197,-4.083653455497618,-4.083653455497618,0.0,0.0
2019,4568524,Perry Olsen,2426,Navy,American Athletic,LB,,,12.0,10,2.0,,2.0,30,1.0,1.0,15.0,,,0.2,3.0,0.5,2.5,0.1,0.1,,,,0.16666666666666666,6.189980314811487,0.5158316929009573,-4.415490925598976,-0.367957577133248,0.3,0.1
2019,4568616,Adam Barry,218,Temple,American Athletic,P,,,1.0,1,0.0,,1.0,0,0.0,0.0,0.0,,,1.0,0.0,0.0,0.0,0.0,0.0,,,,0.0,3.625770670526434,3.625770670526434,-0.019147205762199526,-0.019147205762199526,1.0,0.0
2019,4568663,Vincent Amendola,153,North Carolina,ACC,QB,,,4.0,4,0.0,,3.0,48,0.0,0.0,0.0,,,0.75,12.0,12.0,12.0,0.0,0.0,,,,0.0,4.253339197154844,1.063334799288711,3.6472132421075276,0.9118033105268819,0.75,0.25
2019,4569277,Michael Love,2459,Northern Illinois,Mid-American,WR,,,1.0,1,0.0,,1.0,7,1.0,0.0,0.0,,,1.0,7.0,27.0,7.0,1.0,0.0,,,,0.0,5.103391641993317,5.103391641993317,2.884594628720352,2.884594628720352,1.0,0.0
2019,4569326,Tom Hutton,197,Oklahoma State,Big 12,P,,,1.0,1,0.0,,1.0,20,0.0,0.0,0.0,,,1.0,20.0,20.0,20.0,0.0,0.0,,,,0.0,3.213391641993319,3.213391641993319,3.7717443670278934,3.7717443670278934,1.0,1.0
2019,4569371,Isaiah Williams,356,Illinois,Big Ten,WR,,,12.0,11,1.0,,3.0,35,0.0,1.0,3.0,,,0.2727272727272727,3.1818181818181817,-0.9090909090909091,2.9166666666666665,0.0,0.09090909090909091,,,,0.08333333333333333,-3.187773645189056,-0.26564780376575464,-3.4702939943288715,-0.28919116619407265,0.2727272727272727,0.09090909090909091
2019,4569535,Jacob Clark,135,Minnesota,Big Ten,QB,,,1.0,1,0.0,,1.0,39,0.0,0.0,0.0,,,1.0,39.0,39.0,39.0,0.0,0.0,,,,0.0,5.012746327710553,5.012746327710553,3.5579815183022734,3.5579815183022734,1.0,1.0
2019,4569618,Garrett Wilson,194,Ohio State,Big Ten,WR,,,1.0,1,0.0,,1.0,9,1.0,0.0,0.0,,,1.0,9.0,29.0,9.0,1.0,0.0,,,,0.0,5.349396374084064,5.349396374084064,2.966988273797986,2.966988273797986,1.0,0.0
2019,4569953,Robert Downs III,166,New Mexico State,FBS Independents,WR,,,1.0,1,0.0,,1.0,35,1.0,0.0,0.0,,,1.0,35.0,55.0,35.0,1.0,0.0,,,,0.0,6.804477776786716,6.804477776786716,3.9680897748028237,3.9680897748028237,1.0,1.0
2019,4570057,Cole Snyder,164,Rutgers,Big Ten,QB,,,3.0,3,0.0,,3.0,35,0.0,0.0,0.0,,,1.0,11.666666666666666,11.666666666666666,11.666666666666666,0.0,0.0,,,,0.0,2.9491708038172106,0.9830569346057368,2.8356517940235904,0.9452172646745302,1.0,0.3333333333333333
2019,4570085,Brandt Hughes,167,New Mexico,Mountain West,QB,,,29.0,29,0.0,,12.0,218,0.0,0.0,0.0,,,0.41379310344827586,7.517241379310345,7.517241379310345,7.517241379310345,0.0,0.0,,,,0.0,4.332675666619031,0.1494026091937597,4.125954815785008,0.14227430399258648,0.3448275862068966,0.1724137931034483
2019,4570242,Nick Nash,23,San José State,Mountain West,WR,,,17.0,17,0.0,,12.0,133,2.0,0.0,0.0,,,0.7058823529411765,7.823529411764706,10.176470588235293,7.823529411764706,0.11764705882352941,0.0,,,,0.0,16.76899207802492,0.9864112987073481,9.979718297654944,0.587042252803232,0.5882352941176471,0.11764705882352941
2019,4570259,Daniel Richardson,2117,Central Michigan,Mid-American,QB,,,3.0,3,0.0,,1.0,1,0.0,0.0,0.0,,,0.3333333333333333,0.3333333333333333,0.3333333333333333,0.3333333333333333,0.0,0.0,,,,0.0,-1.9442208381761086,-0.6480736127253696,-1.0659095332428832,-0.3553031777476277,0.0,0.0
2019,4570292,Jaiave Magalei,309,Louisiana,Sun Belt,QB,,,28.0,28,0.0,,20.0,224,1.0,0.0,0.0,,,0.7142857142857143,8.0,8.714285714285714,8.0,0.03571428571428571,0.0,,,,0.0,20.23448523405029,0.7226601869303675,14.357708627355201,0.5127753081198286,0.6785714285714286,0.07142857142857142
2019,4570512,Tylan Morton,6,South Alabama,Sun Belt,QB,,,31.0,27,4.0,,9.0,107,0.0,2.0,20.0,,,0.3333333333333333,3.962962962962963,0.6296296296296297,3.4516129032258065,0.0,0.07407407407407407,,,,0.12903225806451613,9.780267948108618,0.3154925144551167,-3.689890226591295,-0.11902871698681597,0.48148148148148145,0.1111111111111111
2019,4571228,Willie Miller,2635,Tennessee Tech,OVC,WR,,,8.0,8,0.0,,7.0,28,0.0,0.0,0.0,,,0.875,3.5,3.5,3.5,0.0,0.0,,,,0.0,3.293444086831793,0.4116805108539741,2.780668806264999,0.3475836007831249,0.625,0.0
2019,4571364,Hajj-Malik Williams,2097,Campbell,Big South,QB,,,23.0,18,5.0,,7.0,45,2.0,0.0,40.0,,,0.3888888888888889,2.5,4.722222222222222,1.9565217391304348,0.1111111111111111,0.0,,,,0.21739130434782608,2.260416017749487,0.09827895729345595,1.8333307036426039,0.07971003059315669,0.3333333333333333,0.05555555555555555
2019,4572366,Andrew Brito,113,Massachusetts,FBS Independents,QB,,,202.0,185,17.0,,91.0,624,6.0,6.0,100.0,,,0.4918918918918919,3.372972972972973,2.562162162162162,3.089108910891089,0.032432432432432434,0.032432432432432434,,,,0.08415841584158416,23.39882154200164,0.11583575020792893,-22.35888369852841,-0.11068754306202183,0.3783783783783784,0.05945945945945946
2019,4573398,Max Brosmer,160,New Hampshire,CAA,QB,,,40.0,39,1.0,,19.0,213,2.0,1.0,7.0,,,0.48717948717948717,5.461538461538462,5.333333333333333,5.325,0.05128205128205128,0.02564102564102564,,,,0.025,15.825438833592557,0.39563597083981394,1.7153817789575632,0.04288454447393908,0.41025641025641024,0.02564102564102564
2019,4574127,Kane Everson,2729,William & Mary,CAA,DB,,,1.0,1,0.0,,1.0,27,0.0,0.0,0.0,,,1.0,27.0,27.0,27.0,0.0,0.0,,,,0.0,1.8900000000000001,1.8900000000000001,2.3915212834413646,2.3915212834413646,1.0,1.0
2019,4575121,Nathan Priestley,61,Georgia,SEC,WR,,,2.0,2,0.0,,1.0,2,0.0,0.0,0.0,,,0.5,1.0,1.0,1.0,0.0,0.0,,,,0.0,-1.109651323803151,-0.5548256619015755,-0.47687973530315997,-0.23843986765157998,0.0,0.0
2019,4575347,Shawn McFarland,2450,Norfolk State,MEAC,TE,,,1.0,1,0.0,,1.0,1,1.0,0.0,0.0,,,1.0,1.0,21.0,1.0,1.0,0.0,,,,0.0,2.7357267169854174,2.7357267169854174,1.900352237473006,1.900352237473006,1.0,0.0
2019,4575668,Gavin Hardison,2638,UTEP,Conference USA,QB,,,65.0,63,2.0,,27.0,318,1.0,0.0,17.0,,,0.42857142857142855,5.0476190476190474,5.365079365079365,4.892307692307693,0.015873015873015872,0.0,,,,0.03076923076923077,1.8651991434902953,0.028695371438312234,-1.6986079592284873,-0.026132430141976727,0.38095238095238093,0.07936507936507936
2019,4575718,Kierston Harvey,2247,Georgia State,Sun Belt,QB,,,1.0,1,0.0,,0.0,0,0.0,0.0,0.0,,,0.0,0.0,0.0,0.0,0.0,0.0,,,,0.0,-0.7000000000000002,-0.7000000000000002,-0.851527740432628,-0.851527740432628,0.0,0.0
2019,4576778,Seamus O'Kelly,326,Texas State,Sun Belt,P,,,1.0,1,0.0,,1.0,4,0.0,0.0,0.0,,,1.0,4.0,4.0,4.0,0.0,0.0,,,,0.0,0.8953509265105226,0.8953509265105226,-0.4867623112892083,-0.4867623112892083,1.0,0.0
2019,4577305,Jemel Jones,349,Army,FBS Independents,QB,,,5.0,5,0.0,,3.0,-49,1.0,1.0,8.0,,,0.6,-9.8,-14.8,-9.8,0.2,0.2,,,,0.0,-6.031010243242779,-1.2062020486485558,-9.34801409963431,-1.8696028199268622,0.6,0.4
2019,4577478,Tyler Riddell,2193,East Tennessee State,Southern,QB,,,9.0,7,2.0,,1.0,2,0.0,0.0,16.0,,,0.14285714285714285,0.2857142857142857,0.2857142857142857,0.2222222222222222,0.0,0.0,,,,0.2222222222222222,-3.737026755819642,-0.41522519509107136,-0.7297014588162405,-0.08107793986847117,0.14285714285714285,0.0
2019,4578075,Jah Dabney,399,UAlbany,CAA,RB,,,1.0,1,0.0,,0.0,0,0.0,0.0,0.0,,,0.0,0.0,0.0,0.0,0.0,0.0,,,,0.0,-0.7000000000000002,-0.7000000000000002,-0.43770162015070735,-0.43770162015070735,0.0,0.0
2019,4578170,Doc Bonner,2415,Morgan State,MEAC,QB,,,2.0,1,1.0,,0.0,-8,0.0,0.0,8.0,,,0.0,-8.0,-8.0,-4.0,0.0,0.0,,,,0.5,-2.1199603005246934,-1.0599801502623467,-1.046811053585242,-0.523405526792621,0.0,0.0
2019,4578878,Trae Self,2617,Stephen F. Austin,Southland,QB,,,33.0,31,2.0,,15.0,128,0.0,1.0,11.0,,,0.4838709677419355,4.129032258064516,2.6774193548387095,3.878787878787879,0.0,0.03225806451612903,,,,0.06060606060606061,4.687545666816405,0.1420468383883759,0.7162853241925702,0.021705615884623337,0.3548387096774194,0.0967741935483871
2019,4579549,Quinton Williams,47,Howard,MEAC,QB,,,4.0,4,0.0,,3.0,12,0.0,0.0,0.0,,,0.75,3.0,3.0,3.0,0.0,0.0,,,,0.0,-0.1805746531912451,-0.045143663297811276,-0.8150069828673283,-0.20375174571683208,0.25,0.0
2019,4580601,Chance Stevenson,2005,Air Force,Mountain West,QB,,,2.0,2,0.0,,2.0,63,0.0,0.0,0.0,,,1.0,31.5,31.5,31.5,0.0,0.0,,,,0.0,5.523391641993318,2.761695820996659,2.692134039784031,1.3460670198920155,1.0,1.0
