season,player_id,player_name,team_id,team_name,conference,position,games,snaps,rush_att,rush_yards,rush_td,fumbles,yards_before_contact,broken_tackles,forced_missed_tackles,yards_per_carry,td_rate,fumble_rate,lost_fumble_rate,epa_total_rush,epa_per_rush,ppa_total_rush,ppa_per_rush,success_rate,explosive_rush_rate,rpo_carry_rate,read_option_rate,yards_over_expected_per_att,epa_rush_early,epa_rush_short,epa_rush_red_zone,att_light_box_rate,att_heavy_box_rate
2019,246044,Tyler Johnson,135,Minnesota,Big Ten,WR,,,1,-1,0.0,0.0,,,,-1.0,0.0,0.0,0.0,-0.8648244640920426,-0.8648244640920426,-0.4318119781627365,-0.4318119781627365,0.0,0.0,,,,-0.8648244640920426,,-0.8648244640920426,,
2019,3116074,Rodney Smith,135,Minnesota,Big Ten,RB,,,229,1189,8.0,0.0,,,,5.192139737991266,0.034934497816593885,0.0,0.0,62.67654886416724,0.2736967199308613,32.82059259142267,0.14332136502804657,0.5109170305676856,0.14410480349344978,,,,0.20455296754589924,0.4205219201039913,0.6247674248561155,,
2019,3116773,Shai McKenzie,2261,Hampton,Big South,RB,,,9,29,0.0,0.0,,,,3.2222222222222223,0.0,0.0,0.0,-2.003924200090191,-0.2226582444544657,0.4971809366767086,0.05524232629741207,0.2222222222222222,0.1111111111111111,,,,-0.2226582444544657,-0.6242732830145825,,,
2019,3121083,Jacob Knipp,2458,Northern Colorado,Big Sky,QB,,,10,59,0.0,0.0,,,,5.9,0.0,0.0,0.0,5.314679095535032,0.5314679095535032,6.423131634692321,0.6423131634692321,0.8,0.2,,,,-0.0057127430064001965,1.3357267169854175,-0.6999999999999997,,
2019,3122552,Jonathan Haden,5,UAB,Conference USA,RB,,,44,169,0.0,0.0,,,,3.840909090909091,0.0,0.0,0.0,-2.5447218268319833,-0.057834586973454165,-5.135611976823485,-0.11671845401871557,0.36363636363636365,0.09090909090909091,,,,-0.08357842754333304,-0.26508140270265157,-0.3777401207708693,,
2019,3122790,Darius Wade,189,Bowling Green,Mid-American,QB,,,23,141,0.0,0.0,,,,6.130434782608695,0.0,0.0,0.0,11.345230815586465,0.4932709050254985,4.590569470084482,0.19958997696019487,0.5217391304347826,0.21739130434782608,,,,0.4183244047252062,0.24096910401124183,0.28581645836743086,,
2019,3123854,Aston Walter,242,Rice,Conference USA,RB,,,142,779,8.0,0.0,,,,5.485915492957746,0.056338028169014086,0.0,0.0,46.3588231378925,0.3264705854781162,20.287314016905285,0.14286840856975552,0.4788732394366197,0.1056338028169014,,,,0.31262102144967313,0.3865056721819268,0.8787804368281883,,
2019,3124529,Kilton Anderson,2729,William & Mary,CAA,QB,,,2,12,0.0,0.0,,,,6.0,0.0,0.0,0.0,0.22577916182389246,0.11288958091194623,0.3798911814851014,0.1899455907425507,0.5,0.5,,,,0.11288958091194623,,,,
2019,3124884,Gunnar Amos,304,Idaho State,Big Sky,QB,,,2,-3,0.0,0.0,,,,-1.5,0.0,0.0,0.0,-2.069743061389392,-1.034871530694696,-1.012872256397543,-0.5064361281987715,0.0,0.0,,,,,-1.0289138652066026,,,
2019,3124900,Jake Luton,204,Oregon State,Pac-12,QB,,,20,83,1.0,0.0,,,,4.15,0.05,0.0,0.0,10.831017777375546,0.5415508888687773,11.262802179679289,0.5631401089839645,0.6,0.05,,,,0.4075192248500455,0.23923103436044466,2.4262258461560346,,
2019,3125336,Kevin Thomson,16,Sacramento State,Big Sky,QB,,,13,29,0.0,0.0,,,,2.230769230769231,0.0,0.0,0.0,-3.9883250624589173,-0.30679423557376284,-4.705766073567937,-0.36198200565907207,0.23076923076923078,0.0,,,,-0.2740270885382431,,,,
2019,3125833,Shaq Vann,2199,Eastern Michigan,Mid-American,RB,,,149,754,8.0,0.0,,,,5.060402684563758,0.053691275167785234,0.0,0.0,40.34203487378841,0.27075191190462017,13.866284919311433,0.0930623148947076,0.4697986577181208,0.15436241610738255,,,,0.264478357184352,-0.5367754059831725,1.0628885614418284,,
2019,3125956,Randall West,113,Massachusetts,FBS Independents,QB,,,14,67,2.0,0.0,,,,4.785714285714286,0.14285714285714285,0.0,0.0,8.71269864870856,0.6223356177648972,5.477518315618765,0.3912513082584832,0.5,0.14285714285714285,,,,0.0262608144719782,2.035726716985417,2.1463727863262445,,
2019,3128359,Chris Platt,239,Baylor,Big 12,WR,,,4,19,1.0,0.0,,,,4.75,0.25,0.0,0.0,3.853300836170128,0.963325209042532,0.5492793605002158,0.13731984012505394,0.5,0.25,,,,0.963325209042532,,5.164220838176107,,
2019,3128846,Napoleon Maxwell,2229,Florida International,Conference USA,RB,,,126,666,9.0,0.0,,,,5.285714285714286,0.07142857142857142,0.0,0.0,45.13850058482382,0.35824206813352233,27.997853186560373,0.2222051840203204,0.5,0.15079365079365079,,,,0.27078168681816683,0.14361451951995957,1.231908163917475,,
2019,3131118,Joey Fields,276,Marshall,Conference USA,WR,,,1,9,0.0,0.0,,,,9.0,0.0,0.0,0.0,0.6203883756721571,0.6203883756721571,0.3892791665811666,0.3892791665811666,1.0,0.0,,,,0.6203883756721571,,,,
2019,3675701,Jason Lewis,2198,Eastern Kentucky,OVC,RB,,,1,3,0.0,0.0,,,,3.0,0.0,0.0,0.0,-0.20339164199331883,-0.20339164199331883,-0.1278941156282576,-0.1278941156282576,0.0,0.0,,,,-0.20339164199331883,,,,
2019,3675812,Bryce Perkins,258,Virginia,ACC,QB,,,170,937,11.0,0.0,,,,5.511764705882353,0.06470588235294118,0.0,0.0,74.41541283470441,0.43773772255708476,40.7695537708207,0.2398209045342394,0.5176470588235295,0.17058823529411765,,,,0.15656752338307994,1.1300076422935177,0.7715177939497783,,
2019,3699859,Wyatt Mazour,158,Nebraska,Big Ten,RB,,,20,75,1.0,0.0,,,,3.75,0.05,0.0,0.0,3.370062992126633,0.16850314960633167,0.5891877298011555,0.029459386490057776,0.45,0.1,,,,0.02367732285240347,1.7557267169854172,0.5830752793291472,,
2019,3700815,Kendall Hinton,154,Wake Forest,ACC,WR,,,2,22,0.0,0.0,,,,11.0,0.0,0.0,0.0,2.087664925007901,1.0438324625039506,1.7674944666113692,0.8837472333056846,1.0,0.5,,,,1.1199999999999997,,,,
2019,3700890,Tabari Hines,152,NC State,ACC,WR,,,3,53,0.0,0.0,,,,17.666666666666668,0.0,0.0,0.0,3.795779161823892,1.265259720607964,1.5760721977188101,0.5253573992396033,1.0,0.6666666666666666,,,,1.265259720607964,,,,
2019,3707516,John Humphrey,2440,Nevada,Mountain West,WR,,,1,7,0.0,0.0,,,,7.0,0.0,0.0,0.0,0.7004408205106318,0.7004408205106318,0.304923286072843,0.304923286072843,1.0,0.0,,,,0.7004408205106318,,0.7004408205106318,,
2019,3722361,Akilian Butler,68,Boise State,Mountain West,WR,,,6,54,1.0,0.0,,,,9.0,0.16666666666666666,0.0,0.0,6.843588670694269,1.140598111782378,4.089217206674172,0.6815362011123619,0.5,0.3333333333333333,,,,1.140598111782378,,-0.013213388631248435,,
2019,3728240,Kelly Bryant,142,Missouri,SEC,QB,,,83,411,1.0,0.0,,,,4.951807228915663,0.012048192771084338,0.0,0.0,16.17300273970415,0.19485545469523072,14.828525599623118,0.17865693493521828,0.5180722891566265,0.1686746987951807,,,,0.3246582126409653,-0.614103794659388,-0.05231779233896824,,
2019,3728275,Shannon Brooks,135,Minnesota,Big Ten,RB,,,72,421,2.0,0.0,,,,5.847222222222222,0.027777777777777776,0.0,0.0,18.047215842216524,0.2506557755863406,5.950598167458572,0.08264719677025795,0.4861111111111111,0.18055555555555555,,,,0.25631486748308263,-0.08528252208360398,0.19956914419390856,,
2019,3791110,Tommy Stevens,344,Mississippi State,SEC,QB,,,65,506,4.0,0.0,,,,7.7846153846153845,0.06153846153846154,0.0,0.0,43.182457500040066,0.6643455000006164,29.106937831744514,0.4477990435653002,0.5692307692307692,0.3230769230769231,,,,0.5660764051354401,0.22232779372083403,0.469389541492565,,
2019,3791116,Deddrick Thomas,344,Mississippi State,SEC,WR,,,1,5,0.0,0.0,,,,5.0,0.0,0.0,0.0,0.7774866716458311,0.7774866716458311,0.1079829861526723,0.1079829861526723,1.0,0.0,,,,0.7774866716458311,,,,
2019,3791117,Malik Dear,344,Mississippi State,SEC,WR,,,3,4,0.0,0.0,,,,1.3333333333333333,0.0,0.0,0.0,-1.4132133886312488,-0.4710711295437496,-1.6196442552045025,-0.5398814184015008,0.0,0.0,,,,-0.4710711295437496,,-0.3338170145471855,,
2019,3791146,Elijah Sindelar,2509,Purdue,Big Ten,QB,,,10,39,1.0,0.0,,,,3.9,0.1,0.0,0.0,5.21713056635945,0.521713056635945,3.4938323011849355,0.34938323011849354,0.6,0.0,,,,0.4082314405224919,1.3357267169854175,2.7357267169854174,,
2019,3843247,Justin McMillan,2655,Tulane,American Athletic,QB,,,140,925,12.0,0.0,,,,6.607142857142857,0.08571428571428572,0.0,0.0,92.47413617781464,0.6605295441272474,73.3004777195688,0.5235748408540629,0.6642857142857143,0.2785714285714286,,,,0.5850441764642845,1.377750252139376,1.6304145324785997,,
2019,3843640,Lanard Fournette,99,LSU,SEC,RB,,,13,36,1.0,0.0,,,,2.769230769230769,0.07692307692307693,0.0,0.0,-0.7982031116427293,-0.06140023935713302,-1.214503782674292,-0.09342336789802246,0.3076923076923077,0.07692307692307693,,,,-0.23065169234806482,0.8167543363877369,-0.07047965300799504,,
2019,3858269,Ross Bowers,2459,Northern Illinois,Mid-American,QB,,,15,53,1.0,0.0,,,,3.533333333333333,0.06666666666666667,0.0,0.0,4.689118358978738,0.3126078905985825,4.358377989428667,0.2905585326285778,0.6,0.06666666666666667,,,,-0.2428777300211359,-1.0858799773302068,0.787731385319199,,
2019,3858944,Blake Barnett,58,South Florida,American Athletic,QB,,,13,127,0.0,0.0,,,,9.76923076923077,0.0,0.0,0.0,10.422694092055568,0.8017456993888898,8.727568307108577,0.6713514082391213,0.6153846153846154,0.3076923076923077,,,,0.24914292548295713,,,,
2019,3862133,Dre Brown,356,Illinois,Big Ten,RB,,,113,599,5.0,0.0,,,,5.300884955752212,0.04424778761061947,0.0,0.0,31.328626874118452,0.2772444856116677,16.71739055739412,0.14794150935747008,0.4690265486725664,0.17699115044247787,,,,0.33271463433206533,0.6273417628060375,0.7643951717600597,,
2019,3870490,Chris Chugunov,194,Ohio State,Big Ten,QB,,,2,0,0.0,0.0,,,,0.0,0.0,0.0,0.0,-1.3999999999999995,-0.6999999999999997,-1.2679309185088596,-0.6339654592544298,0.0,0.0,,,,-0.6999999999999997,-0.6999999999999997,-0.6999999999999997,,
2019,3885821,Tyriq Thompson,127,Michigan State,Big Ten,LB,,,1,20,0.0,0.0,,,,20.0,0.0,0.0,0.0,3.319396374084064,3.319396374084064,3.7379589440175156,3.7379589440175156,1.0,1.0,,,,,,,,
2019,3886565,Quinten Dormady,2117,Central Michigan,Mid-American,QB,,,15,42,0.0,0.0,,,,2.8,0.0,0.0,0.0,-1.4725231837546335,-0.0981682122503089,-5.305029836370349,-0.35366865575802325,0.4,0.06666666666666667,,,,-0.18788981595197807,-0.26508140270265157,0.19552222321328339,,
2019,3886598,Jauan Jennings,2633,Tennessee,SEC,WR,,,13,51,1.0,0.0,,,,3.923076923076923,0.07692307692307693,0.0,0.0,2.076513917826842,0.15973183983283398,-1.0365060679419507,-0.07973123599553467,0.3076923076923077,0.15384615384615385,,,,0.10825227051508424,1.452781955790057,1.452781955790057,,
2019,3886609,Alex Hornibrook,52,Florida State,ACC,QB,,,9,53,0.0,0.0,,,,5.888888888888889,0.0,0.0,0.0,5.080779016518501,0.564531001835389,3.057016374180075,0.3396684860200083,0.6666666666666666,0.1111111111111111,,,,0.5231761598359306,,-0.6440659929642985,,
2019,3886612,Austin Kafentzis,252,BYU,FBS Independents,DB,,,1,2,0.0,0.0,,,,2.0,0.0,0.0,0.0,-0.257174987040909,-0.257174987040909,-0.2814004693826835,-0.2814004693826835,0.0,0.0,,,,-0.257174987040909,,-0.257174987040909,,
2019,3886621,Ty Storey,98,Western Kentucky,Conference USA,QB,,,98,440,7.0,0.0,,,,4.489795918367347,0.07142857142857142,0.0,0.0,48.44658852949821,0.49435294417855313,41.655603554817645,0.4250571791307923,0.6326530612244898,0.11224489795918367,,,,0.5243428134364886,0.5891008148265214,0.5430861220885419,,
2019,3886634,Alex Delton,2628,TCU,Big 12,QB,,,14,126,0.0,0.0,,,,9.0,0.0,0.0,0.0,8.479666989820892,0.6056904992729208,7.915054507903285,0.5653610362788061,0.7857142857142857,0.21428571428571427,,,,0.6130370649762363,-0.19200817220198696,0.33466165868673947,,
2019,3886809,Andre Baccellia,264,Washington,Pac-12,WR,,,5,35,1.0,0.0,,,,7.0,0.2,0.0,0.0,7.457302789745808,1.4914605579491615,4.439725263450724,0.8879450526901447,0.8,0.4,,,,1.4914605579491615,-0.1893546857172348,2.8886513948729036,,
2019,3886822,Chico McClatcher,264,Washington,Pac-12,WR,,,9,53,0.0,0.0,,,,5.888888888888889,0.0,0.0,0.0,2.6182137358679407,0.2909126373186601,1.4094022681783698,0.15660025201981886,0.6666666666666666,0.2222222222222222,,,,0.23906087736031542,0.7057267169854171,,,
2019,3893625,Nick Ralston,309,Louisiana,Sun Belt,LB,,,1,1,0.0,0.0,,,,1.0,0.0,0.0,0.0,-0.37108613479339647,-0.37108613479339647,-0.9428756169237982,-0.9428756169237982,0.0,0.0,,,,-0.37108613479339647,,,,
2019,3893630,Brady White,235,Memphis,American Athletic,QB,,,29,122,3.0,0.0,,,,4.206896551724138,0.10344827586206896,0.0,0.0,13.397237397612866,0.4619737033659609,13.811738353050165,0.4762668397603505,0.5862068965517241,0.10344827586206896,,,,0.443971811185693,0.43376160431485916,0.9510766216318718,,
2019,3894843,Brady Ross,2294,Iowa,Big Ten,FB,,,5,6,1.0,0.0,,,,1.2,0.2,0.0,0.0,0.9179882706443201,0.18359765412886403,3.0121175530374957,0.6024235106074991,0.6,0.0,,,,2.035726716985417,0.18359765412886403,2.035726716985417,,
2019,3895431,Traveon Samuel,235,Memphis,American Athletic,WR,,,15,78,0.0,0.0,,,,5.2,0.0,0.0,0.0,2.4192864446760227,0.16128576297840153,0.04272886284315014,0.0028485908562100094,0.4666666666666667,0.2,,,,0.12730870474318784,,,,
2019,3895827,Ty'Son Williams,252,BYU,FBS Independents,RB,,,47,251,3.0,0.0,,,,5.340425531914893,0.06382978723404255,0.0,0.0,22.461737393081794,0.47790930623578287,12.641202714410355,0.26896175988107135,0.5106382978723404,0.2127659574468085,,,,0.4776837146396261,-0.20216377574150898,1.0972612901342182,,
2019,3908600,DeMarco Corbin,2634,Tennessee State,OVC,RB,,,3,4,1.0,0.0,,,,1.3333333333333333,0.3333333333333333,0.0,0.0,2.1715455782846167,0.7238485260948723,0.24959176045937637,0.08319725348645879,0.6666666666666666,0.0,,,,0.7401483190429576,1.5809471272407334,1.5809471272407334,,
2019,3908976,Trevor Allen,2460,Northern Iowa,MVFC,RB,,,15,26,0.0,0.0,,,,1.7333333333333334,0.0,0.0,0.0,-5.481961121050429,-0.3654640747366953,-4.319443314244935,-0.287962887616329,0.13333333333333333,0.0,,,,-0.3654640747366953,-0.25935468571723486,-0.6347873137230666,,
2019,3908985,Jaylin James,2460,Northern Iowa,MVFC,WR,,,1,3,0.0,0.0,,,,3.0,0.0,0.0,0.0,-0.0004408205106316565,-0.0004408205106316565,0.0391559121294875,0.0391559121294875,0.0,0.0,,,,-0.0004408205106316565,,,,
2019,3909123,Rashad Medaris,2132,Cincinnati,American Athletic,WR,,,2,25,0.0,0.0,,,,12.5,0.0,0.0,0.0,1.1448244640920433,0.5724122320460217,1.9774945131528172,0.9887472565764086,0.5,0.5,,,,0.5724122320460217,,,,
2019,3909398,Jaimiee Bowe,2630,UT Martin,OVC,RB,,,17,45,1.0,0.0,,,,2.6470588235294117,0.058823529411764705,0.0,0.0,2.1652437409675156,0.12736727888044208,-2.9156454974707535,-0.1715085586747502,0.47058823529411764,0.0,,,,0.17705824048623436,-0.24999485068107816,1.302238888393358,,
2019,3909416,Jaylon Moore,2630,UT Martin,OVC,WR,,,1,-5,0.0,0.0,,,,-5.0,0.0,0.0,0.0,-1.3872241044972697,-1.3872241044972697,-1.0670735924396633,-1.0670735924396633,0.0,0.0,,,,-1.3872241044972697,,,,
2019,3910249,Kenji Bahar,2405,Monmouth,Big South,QB,,,1,13,0.0,0.0,,,,13.0,0.0,0.0,0.0,0.699559179489369,0.699559179489369,1.0236863600125563,1.0236863600125563,1.0,1.0,,,,0.699559179489369,,,,
2019,3910255,Devell Jones,2405,Monmouth,Big South,RB,,,12,31,0.0,0.0,,,,2.5833333333333335,0.0,0.0,0.0,-2.20372210193712,-0.18364350849476,-1.0996004013093545,-0.09163336677577955,0.4166666666666667,0.0,,,,-0.20995796536187797,-0.3253545011043553,-0.0525000000000001,,
2019,3910293,Trey Nahhas,13,Cal Poly,Big Sky,RB,,,1,3,0.0,0.0,,,,3.0,0.0,0.0,0.0,0.07572671698541722,0.07572671698541722,0.8240123268072175,0.8240123268072175,1.0,0.0,,,,,0.07572671698541722,,,
2019,3910381,Jerry Louie-McGee,149,Montana,Big Sky,WR,,,1,3,0.0,0.0,,,,3.0,0.0,0.0,0.0,-0.20339164199331883,-0.20339164199331883,-0.14561440438218298,-0.14561440438218298,0.0,0.0,,,,-0.20339164199331883,,,,
2019,3910404,Frankie Hickson,2335,Liberty,FBS Independents,RB,,,187,1056,12.0,0.0,,,,5.647058823529412,0.06417112299465241,0.0,0.0,74.70027756184807,0.39946672492966884,33.80633208852561,0.1807825245375701,0.5401069518716578,0.13903743315508021,,,,0.38218650996021253,0.6342502663096377,1.473260177596141,,
2019,3910436,Logan Jones,147,Montana State,Big Sky,RB,,,2,5,0.0,0.0,,,,2.5,0.0,0.0,0.0,-0.4186986149628238,-0.2093493074814119,-0.29731873237361306,-0.14865936618680653,0.5,0.0,,,,-0.2093493074814119,,,,
2019,3910544,Joshua Kelley,26,UCLA,Pac-12,RB,,,233,1100,12.0,0.0,,,,4.721030042918455,0.05150214592274678,0.0,0.0,73.64695547168272,0.3160813539557198,30.162473785558294,0.12945267719123732,0.4721030042918455,0.12875536480686695,,,,0.24958700431348455,0.48080666035220937,1.2516920714110735,,
2019,3910623,Carlos Martin,2502,Portland State,Big Sky,RB,,,7,21,0.0,0.0,,,,3.0,0.0,0.0,0.0,-0.7390037079642156,-0.10557195828060222,-0.05115502036866815,-0.007307860052666878,0.2857142857142857,0.0,,,,-0.06246490935030972,,,,
2019,3911470,Javon Conner,2545,SE Louisiana,Southland,WR,,,1,-2,0.0,0.0,,,,-2.0,0.0,0.0,0.0,-0.9903486761968496,-0.9903486761968496,-1.3478267095726884,-1.3478267095726884,0.0,0.0,,,,-0.9903486761968496,,,,
2019,3911494,Loren Easly,249,North Texas,Conference USA,RB,,,52,229,1.0,0.0,,,,4.403846153846154,0.019230769230769232,0.0,0.0,0.5338203112374256,0.010265775216104337,-5.415584419169722,-0.10414585421480235,0.46153846153846156,0.11538461538461539,,,,0.13129009437399863,-0.6624636952914825,-2.175744198598242,,
2019,3911578,Jimmie Robinson,2065,Bethune-Cookman,MEAC,WR,,,1,7,0.0,0.0,,,,7.0,0.0,0.0,0.0,0.7004408205106318,0.7004408205106318,0.5253025865520424,0.5253025865520424,1.0,0.0,,,,0.7004408205106318,,,,
2019,3911636,Tyrie Adams,2717,Western Carolina,Southern,QB,,,8,61,0.0,0.0,,,,7.625,0.0,0.0,0.0,2.7049082772742734,0.3381135346592842,3.36857924106866,0.4210724051335825,0.625,0.375,,,,0.3381135346592842,0.44064531428276554,,,
2019,3911907,Elijah Ibitokun-Hanks,236,Chattanooga,Southern,RB,,,15,85,0.0,0.0,,,,5.666666666666667,0.0,0.0,0.0,1.5686916223218663,0.10457944148812442,0.547751281432028,0.036516752095468535,0.4,0.13333333333333333,,,,0.13523433138762309,0.5106453142827654,-0.3234627918907189,,
2019,3911996,TJ Reed,338,Kennesaw State,Big South,RB,,,6,55,0.0,0.0,,,,9.166666666666666,0.0,0.0,0.0,3.8036696570986472,0.6339449428497745,3.507396333968355,0.5845660556613925,0.6666666666666666,0.3333333333333333,,,,0.6938015996823815,,-0.9340894011145595,,
2019,3912117,Robert Columbus,2197,Eastern Illinois,OVC,RB,,,3,7,0.0,0.0,,,,2.3333333333333335,0.0,0.0,0.0,-0.6995591794893676,-0.23318639316312254,-0.3289314988732448,-0.10964383295774827,0.3333333333333333,0.0,,,,-0.5396981870420321,,,,
2019,3912183,Albert Funderburke,2729,William & Mary,CAA,RB,,,8,55,1.0,0.0,,,,6.875,0.125,0.0,0.0,5.413901946667282,0.6767377433334103,3.775947482800599,0.4719934353500749,0.5,0.125,,,,0.8734145638096119,3.1706453142827655,1.2000231613877776,,
2019,3912358,Isaiah White,2619,Stony Brook,CAA,LB,,,11,39,0.0,0.0,,,,3.5454545454545454,0.0,0.0,0.0,-0.5311987965160645,-0.04829079968327859,-1.968865658704523,-0.17898778715495664,0.45454545454545453,0.09090909090909091,,,,-0.04829079968327859,,-0.19508140270265173,,
2019,3912448,Chris Walker,2197,Eastern Illinois,OVC,RB,,,5,8,0.0,0.0,,,,1.6,0.0,0.0,0.0,-2.160825868800675,-0.43216517376013497,-1.9662972392922198,-0.39325944785844397,0.0,0.0,,,,-0.3652064672001685,-0.7000000000000006,,,
2019,3912511,Charlie Booker,242,Rice,Conference USA,RB,,,87,272,1.0,0.0,,,,3.1264367816091956,0.011494252873563218,0.0,0.0,-0.108219636790724,-0.001243903871157747,-5.486187009397968,-0.0630596207976778,0.3563218390804598,0.04597701149425287,,,,-0.11159179198120517,0.2640206537993301,0.465066076223953,,
2019,3912536,Tom Stewart,242,Rice,Conference USA,QB,,,31,172,2.0,0.0,,,,5.548387096774194,0.06451612903225806,0.0,0.0,9.019395503159563,0.29094824203740527,3.4063878269391568,0.1098834782883599,0.5483870967741935,0.1935483870967742,,,,0.5445586922288952,-2.239009367340865,-0.1216931231212881,,
2019,3912548,Dominic Davis,30,USC,Pac-12,CB,,,2,15,0.0,0.0,,,,7.5,0.0,0.0,0.0,1.4567866113687513,0.7283933056843757,1.5530697234168864,0.7765348617084432,0.5,0.5,,,,0.7283933056843757,,,,
2019,3912667,Joe Fitzpatrick,311,Maine,CAA,RB,,,9,31,1.0,0.0,,,,3.4444444444444446,0.1111111111111111,0.0,0.0,2.063838964909884,0.22931544054554268,1.6740765194903406,0.1860085021655934,0.4444444444444444,0.1111111111111111,,,,0.22106670480595744,0.25818601563409094,-0.7000000000000002,,
2019,3912699,Evan Gray,160,New Hampshire,CAA,RB,,,5,86,0.0,0.0,,,,17.2,0.0,0.0,0.0,5.550645314282766,1.1101290628565532,5.953380817212619,1.1906761634425238,0.4,0.4,,,,1.1101290628565532,-0.2593546857172342,,,
2019,3913038,Merek Pierce,2567,SMU,American Athletic,RB,,,9,32,1.0,0.0,,,,3.5555555555555554,0.1111111111111111,0.0,0.0,4.626608358006681,0.5140675953340756,2.783578549961815,0.30928650555131276,0.5555555555555556,0.0,,,,0.35668460570095795,1.4302569386106074,0.6861311018947919,,
2019,3913134,Ben Sieczkowski,2681,Wagner,NEC,LB,,,1,-1,0.0,0.0,,,,-1.0,0.0,0.0,0.0,-1.1349185972973488,-1.1349185972973488,-0.397354472074852,-0.397354472074852,0.0,0.0,,,,,-1.1349185972973488,-1.1349185972973488,,
2019,3913137,Alex Thomson,276,Marshall,Conference USA,QB,,,6,40,0.0,0.0,,,,6.666666666666667,0.0,0.0,0.0,2.7828020999311405,0.46380034998852343,1.635658743807433,0.2726097906345722,0.5,0.16666666666666666,,,,0.46380034998852343,,-0.2522388883933584,,
2019,3913291,Zoe Bryant,227,Rhode Island,CAA,LB,,,27,152,0.0,0.0,,,,5.62962962962963,0.0,0.0,0.0,3.8435977920700206,0.14235547378037114,3.739309383395546,0.13849294012576097,0.4444444444444444,0.1111111111111111,,,,0.12188903043207354,0.29567244851698254,-0.7355799316894102,,
2019,3913822,Case Cookus,2464,Northern Arizona,Big Sky,QB,,,1,4,0.0,0.0,,,,4.0,0.0,0.0,0.0,-0.013213388631248435,-0.013213388631248435,-0.043244644569821,-0.043244644569821,0.0,0.0,,,,-0.013213388631248435,,,,
2019,3914151,Josiah Deguara,2132,Cincinnati,American Athletic,TE,,,1,2,1.0,0.0,,,,2.0,1.0,0.0,0.0,4.844477776786715,4.844477776786715,2.789647271242838,2.789647271242838,1.0,0.0,,,,,,4.844477776786715,,
2019,3914305,Anthony Jones,2229,Florida International,Conference USA,RB,,,186,904,9.0,0.0,,,,4.860215053763441,0.04838709677419355,0.0,0.0,46.18210982444059,0.2482909130346268,18.519825602690826,0.09956895485317649,0.45161290322580644,0.10752688172043011,,,,0.2448666472703892,-0.0007651348577333171,0.446877687821746,,
2019,3914307,Maurice Alexander,2229,Florida International,Conference USA,WR,,,9,42,0.0,0.0,,,,4.666666666666667,0.0,0.0,0.0,0.8393163247325182,0.09325736941472423,-0.6080110984763383,-0.06755678871959314,0.4444444444444444,0.1111111111111111,,,,0.09325736941472423,,0.19552222321328427,,
2019,3914369,Jaqwis Dancy,2348,Louisiana Tech,Conference USA,RB,,,43,191,2.0,0.0,,,,4.441860465116279,0.046511627906976744,0.0,0.0,4.2393613226766576,0.09858979820178274,0.3032548493428099,0.007052438356809532,0.4186046511627907,0.18604651162790697,,,,0.09913415727836286,1.4519156649584282,0.7481409431422443,,
2019,3914382,J'Mar Smith,2348,Louisiana Tech,Conference USA,QB,,,72,428,4.0,0.0,,,,5.944444444444445,0.05555555555555555,0.0,0.0,41.06675077547757,0.5703715385482996,29.57503593030872,0.41076438792095443,0.5972222222222222,0.19444444444444445,,,,0.37806499504177954,0.7937597629797977,0.9985948855295604,,
2019,3914395,James Morgan,2229,Florida International,Conference USA,QB,,,16,79,2.0,0.0,,,,4.9375,0.125,0.0,0.0,10.425339215181241,0.6515837009488276,8.734322587713311,0.545895161732082,0.5625,0.1875,,,,0.08856600065847925,1.979726716985417,2.915658552394706,,
2019,3914401,Charles Lamar,189,Bowling Green,Mid-American,RB,,,4,2,0.0,0.0,,,,0.5,0.0,0.0,0.0,-2.331523627921915,-0.5828809069804788,-1.7432075241347882,-0.43580188103369705,0.0,0.0,,,,-0.5438412093073053,,-1.1270458511352,,
2019,3914462,Terelle West,2393,Middle Tennessee,Conference USA,RB,,,39,290,4.0,0.0,,,,7.435897435897436,0.10256410256410256,0.0,0.0,22.253656581666355,0.570606579017086,17.34714265761408,0.4447985296824123,0.5641025641025641,0.1794871794871795,,,,0.5471036172976769,1.1757011552639003,1.023890370827818,,
2019,3914549,Kesean Strong,295,Old Dominion,Conference USA,RB,,,84,368,4.0,0.0,,,,4.380952380952381,0.047619047619047616,0.0,0.0,15.063991770283828,0.17933323536052176,3.1082097408483644,0.03700249691486148,0.36904761904761907,0.13095238095238096,,,,0.22291780841606731,-0.08240517049253168,0.2526164540432006,,
2019,3914569,Jaylon Henderson,68,Boise State,Mountain West,QB,,,26,145,1.0,0.0,,,,5.576923076923077,0.038461538461538464,0.0,0.0,11.55093908960917,0.44426688806189113,7.534104312337893,0.28977324278222666,0.6538461538461539,0.23076923076923078,,,,0.4218853175895352,0.3490379052532162,0.6364135225775888,,
2019,3914811,Maliek Broady,2440,Nevada,Mountain West,LB,,,1,9,0.0,0.0,,,,9.0,0.0,0.0,0.0,1.4642732830145821,1.4642732830145821,1.3191287933513696,1.3191287933513696,1.0,0.0,,,,1.4642732830145821,,,,
2019,3914812,Dominic Christian,2440,Nevada,Mountain West,WR,,,1,-9,0.0,0.0,,,,-9.0,0.0,0.0,0.0,-1.8680533006800575,-1.8680533006800575,-1.4602344027283216,-1.4602344027283216,0.0,0.0,,,,-1.8680533006800575,,,,
2019,3914826,Kelton Moore,2440,Nevada,Mountain West,RB,,,33,115,2.0,0.0,,,,3.484848484848485,0.06060606060606061,0.0,0.0,6.080970072761142,0.18427182038670126,9.558043092262011,0.2896376694624852,0.45454545454545453,0.12121212121212122,,,,0.0330115204445374,0.9623933836520836,1.179612358395503,,
2019,3914836,Cristian Solano,2440,Nevada,Mountain West,QB,,,20,141,0.0,0.0,,,,7.05,0.0,0.0,0.0,5.090522028890311,0.25452610144451554,6.1434325652123665,0.30717162826061833,0.45,0.3,,,,0.1980210364151104,0.538186015634091,-0.11431151371499304,,
2019,3914927,Dayton Furuta,62,Hawai'i,Mountain West,RB,,,11,45,1.0,0.0,,,,4.090909090909091,0.09090909090909091,0.0,0.0,2.9313855051939397,0.26648959138126727,-0.42995178038814125,-0.03908652548983102,0.2727272727272727,0.09090909090909091,,,,0.5278633539950022,-0.522136641507291,1.0204921036723769,,
2019,3915098,Jordan Cronkrite,58,South Florida,American Athletic,RB,,,135,701,4.0,0.0,,,,5.192592592592592,0.02962962962962963,0.0,0.0,37.82908672844583,0.2802154572477469,20.733350661432837,0.15358037526987287,0.5037037037037037,0.1037037037037037,,,,0.14811218335330173,0.11511125951720813,1.0339912746863194,,
2019,3915145,Kirk Merritt,2032,Arkansas State,Sun Belt,WR,,,2,11,0.0,0.0,,,,5.5,0.0,0.0,0.0,1.2691918803119306,0.6345959401559653,0.394820422639219,0.1974102113196095,0.5,0.0,,,,0.6345959401559653,,-0.19508140270265173,,
2019,3915261,Antwan Dixon,2309,Kent State,Mid-American,WR,,,5,-1,0.0,0.0,,,,-0.2,0.0,0.0,0.0,-4.066185286608657,-0.8132370573217313,-4.1514826977382455,-0.8302965395476491,0.0,0.0,,,,-0.7975451386294776,-1.2212840371742415,-0.788002366045373,,
2019,3915267,Will Matthews,2309,Kent State,Mid-American,RB,,,121,563,3.0,0.0,,,,4.652892561983471,0.024793388429752067,0.0,0.0,20.600044350317674,0.17024830041584854,13.409318647627995,0.11082081526965284,0.512396694214876,0.1487603305785124,,,,0.2081028690320477,0.16295760313628538,0.4237157344587504,,
2019,3915289,Ben Glines,103,Boston College,ACC,RB,,,6,27,0.0,0.0,,,,4.5,0.0,0.0,0.0,1.7659334759317367,0.2943222459886228,1.8632851350115085,0.3105475225019181,0.6666666666666666,0.0,,,,0.2943222459886228,,-1.196608358006682,,
2019,3915346,Maurice Thomas,193,Miami (OH),Mid-American,RB,,,41,204,0.0,0.0,,,,4.975609756097561,0.0,0.0,0.0,5.15575141389787,0.1257500344853139,5.655585661256315,0.1379411136891784,0.4878048780487805,0.14634146341463414,,,,0.10971809920789102,0.6175131895880771,0.5130588107850546,,
2019,3915379,Sheriron Jones,167,New Mexico,Mountain West,QB,,,41,230,3.0,0.0,,,,5.609756097560975,0.07317073170731707,0.0,0.0,12.99594560687563,0.3169742830945276,4.898264216357635,0.11946985893555208,0.43902439024390244,0.21951219512195122,,,,0.3097056723797437,-0.41427328301458166,2.014387835919873,,
2019,3915398,Tommy Townsend,57,Florida,SEC,P,,,3,5,0.0,0.0,,,,1.6666666666666667,0.0,0.0,0.0,9.847268058038287,3.282422686012762,1.7973252419098085,0.5991084139699362,1.0,0.0,,,,,4.821938208022484,,,
2019,3915427,Patrick Carr,248,Houston,American Athletic,RB,,,67,370,4.0,0.0,,,,5.522388059701493,0.05970149253731343,0.0,0.0,23.72681875170998,0.3541316231598505,12.51925125460332,0.18685449633736298,0.47761194029850745,0.19402985074626866,,,,0.3286452548861206,0.011350580057391054,0.9190570237769692,,
2019,3915436,Steven Montez,38,Colorado,Pac-12,QB,,,45,298,3.0,0.0,,,,6.622222222222222,0.06666666666666667,0.0,0.0,28.373069261329203,0.6305126502517601,22.656697449618076,0.5034821655470684,0.7111111111111111,0.3111111111111111,,,,0.5407167593749607,0.6778579451707526,1.8612903214186354,,
2019,3915457,Malik Dunner,2050,Ball State,Mid-American,WR,,,10,193,2.0,0.0,,,,19.3,0.2,0.0,0.0,21.66525965606472,2.166525965606472,14.337531625408282,1.4337531625408282,0.7,0.6,,,,2.3055036598977003,0.9157267169854166,,,
2019,3915459,James Gilbert,2306,Kansas State,Big 12,RB,,,137,712,6.0,0.0,,,,5.197080291970803,0.043795620437956206,0.0,0.0,31.883123842369983,0.23272353169613127,16.51253041850524,0.12052941911317692,0.4744525547445255,0.1386861313868613,,,,0.22055064794894455,-0.03204743149309846,0.4276134983406758,,
2019,3915468,Riley Neal,238,Vanderbilt,SEC,QB,,,33,168,0.0,0.0,,,,5.090909090909091,0.0,0.0,0.0,6.880462757145194,0.20849887142864224,11.95134616227549,0.3621620049174391,0.6363636363636364,0.12121212121212122,,,,-0.013250568548758975,0.1870398427442645,-0.7869324190097533,,
2019,3915470,Danny Pinter,2050,Ball State,Mid-American,OL,,,1,5,1.0,0.0,,,,5.0,1.0,0.0,0.0,3.304477776786716,3.304477776786716,1.883780840558874,1.883780840558874,1.0,0.0,,,,3.304477776786716,,3.304477776786716,,
2019,3915497,Romello Ross,2117,Central Michigan,Mid-American,RB,,,2,4,0.0,0.0,,,,2.0,0.0,0.0,0.0,-0.7132133886312486,-0.3566066943156243,-1.1272708724791034,-0.5636354362395517,0.0,0.0,,,,-0.3566066943156243,,,,
2019,3915511,Joe Burrow,99,LSU,SEC,QB,,,71,552,5.0,0.0,,,,7.774647887323944,0.07042253521126761,0.0,0.0,58.15127912241015,0.8190321003156359,39.68064744545355,0.5588823583866698,0.6901408450704225,0.36619718309859156,,,,0.7281011009673655,0.7344068157353265,2.089288345905835,,
2019,3915513,Jared Drake,2710,Western Illinois,MVFC,LB,,,1,0,0.0,0.0,,,,0.0,0.0,0.0,0.0,-0.9180617919775167,-0.9180617919775167,-2.049897180042997,-2.049897180042997,0.0,0.0,,,,,-0.9180617919775167,,,
2019,3915522,K.J. Hill,194,Ohio State,Big Ten,WR,,,1,1,0.0,0.0,,,,1.0,0.0,0.0,0.0,-0.46591059888544084,-0.46591059888544084,-0.4501093998890865,-0.4501093998890865,0.0,0.0,,,,-0.46591059888544084,,-0.46591059888544084,,
2019,3915802,Lucky Jackson,98,Western Kentucky,Conference USA,WR,,,1,15,0.0,0.0,,,,15.0,0.0,0.0,0.0,1.5955222232132829,1.5955222232132829,0.734146888472825,0.734146888472825,1.0,1.0,,,,1.5955222232132829,,1.5955222232132829,,
2019,3915821,Tony Brown,38,Colorado,Pac-12,WR,,,6,33,1.0,0.0,,,,5.5,0.16666666666666666,0.0,0.0,3.24654559314513,0.541090932190855,1.0133316593969384,0.16888860989948973,0.5,0.3333333333333333,,,,0.7893091186290261,0.005726716985417379,4.549999999999999,,
2019,3915824,Corey Dauphine,2655,Tulane,American Athletic,RB,,,71,559,7.0,0.0,,,,7.873239436619718,0.09859154929577464,0.0,0.0,46.138481015326406,0.6498377607792452,21.847237956863044,0.307707576857226,0.5352112676056338,0.30985915492957744,,,,0.6054802959377477,1.0945665714374124,1.2014615501279788,,
2019,3915836,Donta Thompson,2641,Texas Tech,Big 12,TE,,,1,-1,0.0,0.0,,,,-1.0,0.0,0.0,0.0,-0.8901782533620701,-0.8901782533620701,-1.2757623755845078,-1.2757623755845078,0.0,0.0,,,,-0.8901782533620701,,,,
2019,3915878,Treyvon Hughes,2638,UTEP,Conference USA,RB,,,167,667,12.0,0.0,,,,3.9940119760479043,0.0718562874251497,0.0,0.0,41.150018409077326,0.2464072958627385,16.60885190566218,0.09945420302791726,0.49101796407185627,0.07784431137724551,,,,0.14798350254042278,0.04735846961170859,0.8060008645865896,,
2019,3915879,Kavika Johnson,2638,UTEP,Conference USA,WR,,,3,32,0.0,0.0,,,,10.666666666666666,0.0,0.0,0.0,4.0997641378841125,1.3665880459613708,1.8477832521139446,0.6159277507046482,1.0,0.3333333333333333,,,,1.3665880459613708,,,,
2019,3915966,TJ Green,77,Northwestern,Big Ten,QB,,,2,14,0.0,0.0,,,,7.0,0.0,0.0,0.0,0.4001782533620708,0.2000891266810354,0.16009041399741086,0.08004520699870543,0.5,0.5,,,,0.2000891266810354,,,,
2019,3915969,John Moten IV,77,Northwestern,Big Ten,RB,,,14,29,1.0,0.0,,,,2.0714285714285716,0.07142857142857142,0.0,0.0,0.5925985688242548,0.042328469201732485,-4.039168822821948,-0.28851205877299624,0.35714285714285715,0.07142857142857142,,,,-0.35406427207882246,2.071291761152625,1.503277956584103,,
2019,3916124,Dalton Schoen,2306,Kansas State,Big 12,WR,,,1,4,0.0,0.0,,,,4.0,0.0,0.0,0.0,0.10900799841190789,0.10900799841190789,-0.05667483833598475,-0.05667483833598475,1.0,0.0,,,,0.10900799841190789,,,,
2019,3916127,Elijah Sullivan,2306,Kansas State,Big 12,LB,,,1,3,0.0,0.0,,,,3.0,0.0,0.0,0.0,0.13383246250394976,0.13383246250394976,-0.3386065425841878,-0.3386065425841878,1.0,0.0,,,,,,,,
2019,3916129,Isaiah Zuber,344,Mississippi State,SEC,WR,,,3,4,0.0,0.0,,,,1.3333333333333333,0.0,0.0,0.0,-1.3829584389121634,-0.4609861463040545,-1.7226869775790474,-0.5742289925263492,0.0,0.0,,,,-0.4609861463040545,,,,
2019,3916142,Brady Davis,2287,Illinois State,MVFC,QB,,,7,22,0.0,0.0,,,,3.142857142857143,0.0,0.0,0.0,-1.0112539439481387,-0.14446484913544838,-0.18451957730952637,-0.026359939615646623,0.2857142857142857,0.0,,,,0.04254826479222329,,-0.013213388631248435,,
2019,3916143,Kedarian Jones,235,Memphis,American Athletic,WR,,,2,10,0.0,0.0,,,,5.0,0.0,0.0,0.0,0.41124894019870073,0.20562447009935036,1.1857265452264656,0.5928632726132328,0.5,0.0,,,,-0.379396374084064,0.7906453142827647,,,
2019,3916204,James Proche,2567,SMU,American Athletic,WR,,,4,18,0.0,0.0,,,,4.5,0.0,0.0,0.0,-0.2981891222521922,-0.07454728056304805,-0.6252118377747256,-0.1563029594436814,0.25,0.25,,,,-0.07454728056304805,,,,
2019,3916208,Ben Hicks,8,Arkansas,SEC,QB,,,10,64,0.0,0.0,,,,6.4,0.0,0.0,0.0,3.926751754480814,0.3926751754480814,6.255181633790358,0.6255181633790359,0.5,0.3,,,,-0.06529364409283703,0.4653226571413831,-0.37939637408406357,,
2019,3916209,Xavier Jones,2567,SMU,American Athletic,RB,,,242,1296,23.0,0.0,,,,5.355371900826446,0.09504132231404959,0.0,0.0,102.67895895235613,0.42429321881138893,51.59222283507268,0.21319100345071357,0.49173553719008267,0.128099173553719,,,,0.36174897210985485,0.9091034631376452,0.659655896540972,,
2019,3916367,Nahshon Ellerbe,242,Rice,Conference USA,RB,,,28,137,1.0,0.0,,,,4.892857142857143,0.03571428571428571,0.0,0.0,3.74937915569708,0.13390639841775284,-0.08950756731460885,-0.0031966988326646018,0.2857142857142857,0.14285714285714285,,,,0.04767598071409735,-0.6999999999999997,-0.6999999999999997,,
2019,3916369,Emmanuel Esukpa,252,BYU,FBS Independents,RB,,,45,190,2.0,0.0,,,,4.222222222222222,0.044444444444444446,0.0,0.0,5.061482484195014,0.11247738853766696,-4.473927218731264,-0.09942060486069476,0.35555555555555557,0.13333333333333333,,,,0.0268275711017633,0.43674391429602977,0.022766168144956214,,
2019,3916383,Jackson Tyner,2641,Texas Tech,Big 12,QB,,,1,6,0.0,0.0,,,,6.0,0.0,0.0,0.0,0.4296116243278427,0.4296116243278427,0.4008542507084805,0.4008542507084805,1.0,0.0,,,,0.4296116243278427,,,,
2019,3916389,Trey Smith,2751,Wyoming,Mountain West,RB,,,44,227,3.0,0.0,,,,5.159090909090909,0.06818181818181818,0.0,0.0,11.330361025788214,0.2575082051315503,2.2532079725874627,0.05120927210426052,0.3409090909090909,0.11363636363636363,,,,0.29646357159184106,0.06057978962722896,1.0850471965034456,,
2019,3916566,K.J. Osborn,2390,Miami,ACC,WR,,,5,15,0.0,0.0,,,,3.0,0.0,0.0,0.0,0.22319563951864207,0.04463912790372841,0.8676007574075019,0.17352015148150038,0.6,0.0,,,,-0.3495662049876082,0.6359471272407333,-0.05178776194667134,,
2019,3916573,Johnathan Hawkins,2097,Campbell,Big South,RB,,,5,13,0.0,0.0,,,,2.6,0.0,0.0,0.0,-1.3027198781169997,-0.2605439756233999,-2.563397794913816,-0.5126795589827632,0.2,0.0,,,,-0.25940961885358704,-0.48254070135132565,,,
2019,3916575,Emmanuel Reed,311,Maine,CAA,RB,,,21,69,0.0,0.0,,,,3.2857142857142856,0.0,0.0,0.0,-2.228474436973022,-0.10611783033204866,-2.3904208751979796,-0.11382956548561808,0.3333333333333333,0.09523809523809523,,,,-0.06911407705281658,-0.1893546857172348,-0.3793963740840649,,
2019,3916632,Brody Hoying,2199,Eastern Michigan,Mid-American,DB,,,1,11,0.0,0.0,,,,11.0,0.0,0.0,0.0,1.9595591794893674,1.9595591794893674,2.515536096726474,2.515536096726474,1.0,1.0,,,,,,,,
2019,3916635,Breck Turner,2199,Eastern Michigan,Mid-American,RB,,,36,87,0.0,0.0,,,,2.4166666666666665,0.0,0.0,0.0,-8.061587281708455,-0.2239329800474571,-13.724050651541042,-0.3812236292094734,0.2777777777777778,0.027777777777777776,,,,-0.2239329800474571,-0.3393004172487999,0.25203545911725456,,
2019,3916651,Eddie Daugherty,2199,Eastern Michigan,Mid-American,WR,,,1,6,0.0,0.0,,,,6.0,0.0,0.0,0.0,0.2095591794893683,0.2095591794893683,0.4611259770869793,0.4611259770869793,1.0,0.0,,,,0.2095591794893683,,,,
2019,3916721,LeVante Bellamy,2711,Western Michigan,Mid-American,RB,,,265,1460,23.0,0.0,,,,5.509433962264151,0.08679245283018867,0.0,0.0,113.27366708944616,0.4274478003375327,59.89044172999728,0.2260016669056501,0.44150943396226416,0.1169811320754717,,,,0.24465761406631,0.3422628219682344,0.8410302348781514,,
2019,3916725,Tom Flacco,119,Towson,CAA,QB,,,6,50,0.0,0.0,,,,8.333333333333334,0.0,0.0,0.0,4.453013586344235,0.7421689310573725,4.768726216233824,0.7947877027056373,0.6666666666666666,0.5,,,,0.1298490935210158,,-1.0206036259159363,,
2019,3916726,Jon Wassink,2711,Western Michigan,Mid-American,QB,,,49,468,3.0,0.0,,,,9.551020408163266,0.061224489795918366,0.0,0.0,41.52557322648851,0.8474606780916023,30.231586085962014,0.6169711446114697,0.6326530612244898,0.30612244897959184,,,,0.5353107337329737,1.0114360301912504,1.0969055126976746,,
2019,3916732,Davon Tucker,2711,Western Michigan,Mid-American,RB,,,68,352,2.0,0.0,,,,5.176470588235294,0.029411764705882353,0.0,0.0,17.45398884216174,0.2566763065023785,11.732590972537944,0.1725381025373227,0.5147058823529411,0.17647058823529413,,,,0.1411095519990017,0.6466076954141335,0.4657843689916022,,
2019,3917141,Daniel David,338,Kennesaw State,Big South,QB,,,25,83,2.0,0.0,,,,3.32,0.08,0.0,0.0,7.595832380777344,0.30383329523109376,7.969253825220092,0.3187701530088037,0.56,0.04,,,,0.18149857871009137,0.8796941559043564,0.8112471404723685,,
2019,3917179,Jamal Jones,2032,Arkansas State,Sun Belt,RB,,,83,390,3.0,0.0,,,,4.698795180722891,0.03614457831325301,0.0,0.0,24.76667960214462,0.2983937301463207,16.70995868669956,0.20132480345421158,0.5060240963855421,0.08433734939759036,,,,0.2720467488821521,0.45259649314018296,0.4588668547458884,,
2019,3917280,Nick Tiano,236,Chattanooga,Southern,QB,,,2,15,0.0,0.0,,,,7.5,0.0,0.0,0.0,1.8283102392906665,0.9141551196453332,2.056736330817624,1.028368165408812,0.5,0.5,,,,,,,,
2019,3917281,Nick Gibson,344,Mississippi State,SEC,RB,,,54,443,6.0,0.0,,,,8.203703703703704,0.1111111111111111,0.0,0.0,46.418198042190596,0.8595962600405666,27.031060176983647,0.5005751884626601,0.6851851851851852,0.25925925925925924,,,,0.9776868545639483,-0.1282456636122632,1.543387977940873,,
2019,3917282,Keith Mixon Jr.,2711,Western Michigan,Mid-American,WR,,,1,47,1.0,0.0,,,,47.0,1.0,0.0,0.0,6.789999999999999,6.789999999999999,3.61320224126643,3.61320224126643,1.0,1.0,,,,6.789999999999999,,,,
2019,3917322,Kendall Bussey,2447,Nicholls,Southland,RB,,,11,72,1.0,0.0,,,,6.545454545454546,0.09090909090909091,0.0,0.0,6.069914322110501,0.5518103929191365,2.78535488986492,0.2532140808968109,0.36363636363636365,0.18181818181818182,,,,0.5518103929191365,,,,
2019,3917540,Aaron Winchester,2115,Central Connecticut,NEC,QB,,,4,5,0.0,0.0,,,,1.25,0.0,0.0,0.0,-1.860566629034225,-0.4651416572585563,-1.935465590842634,-0.4838663977106585,0.0,0.0,,,,-0.45169582099665906,,,,
2019,3917611,Reggie Corbin,356,Illinois,Big Ten,RB,,,143,680,7.0,0.0,,,,4.755244755244755,0.04895104895104895,0.0,0.0,27.352073814157848,0.19127324345564928,0.376680118121939,0.0026341267001534197,0.40559440559440557,0.14685314685314685,,,,0.02535169814868678,0.6911623409911994,1.2286962069309233,,
2019,3917612,Ke'Shawn Vaughn,238,Vanderbilt,SEC,RB,,,196,992,9.0,0.0,,,,5.061224489795919,0.04591836734693878,0.0,0.0,36.06650975427327,0.18401280486874116,31.579845172302722,0.16112165904236084,0.4387755102040816,0.16326530612244897,,,,0.25085433015231584,-0.002783160207079181,1.2770681718651058,,
2019,3917680,Bradrick Shaw,275,Wisconsin,Big Ten,RB,,,18,106,1.0,0.0,,,,5.888888888888889,0.05555555555555555,0.0,0.0,5.755621484352282,0.31975674913068236,1.1156480988718327,0.06198044993732404,0.4444444444444444,0.1111111111111111,,,,0.381243422960429,0.35572671698541747,4.549999999999999,,
2019,3917793,Quentin Harris,150,Duke,ACC,QB,,,130,620,7.0,0.0,,,,4.769230769230769,0.05384615384615385,0.0,0.0,45.12600077515123,0.3471230828857787,24.31749740617166,0.18705767235516663,0.49230769230769234,0.1076923076923077,,,,0.2652159671356266,0.2529072229361143,0.6478431138104854,,
2019,3917796,Austin Parker,150,Duke,ACC,P,,,3,45,0.0,0.0,,,,15.0,0.0,0.0,0.0,7.083596135765451,2.361198711921817,8.593391696489856,2.864463898829952,1.0,0.6666666666666666,,,,,,,,
2019,3917812,Nathan Cottrell,59,Georgia Tech,ACC,RB,,,2,1,0.0,0.0,,,,0.5,0.0,0.0,0.0,-1.140259239766448,-0.570129619883224,-1.0705720140160428,-0.5352860070080214,0.0,0.0,,,,-0.570129619883224,,,,
2019,3917848,Evan Shirreffs,2429,Charlotte,Conference USA,QB,,,2,34,0.0,0.0,,,,17.0,0.0,0.0,0.0,2.8695591794893676,1.4347795897446838,2.0879639252548277,1.0439819626274138,1.0,0.5,,,,1.8200000000000003,,,,
2019,3917911,Chris Sharp,258,Virginia,ACC,RB,,,1,4,0.0,0.0,,,,4.0,0.0,0.0,0.0,-0.013213388631248879,-0.013213388631248879,-0.1644248613169578,-0.1644248613169578,0.0,0.0,,,,-0.013213388631248879,,,,
2019,3917943,Sheldon Croney Jr.,66,Iowa State,Big 12,RB,,,29,95,1.0,0.0,,,,3.2758620689655173,0.034482758620689655,0.0,0.0,-1.6209961674512021,-0.055896419567282835,-5.5565342569681855,-0.1916046295506271,0.3103448275862069,0.10344827586206896,,,,-0.03678479625829007,0.4112323817916189,-0.1223419603884378,,
2019,3917957,Carter Stanley,2305,Kansas,Big 12,QB,,,48,212,1.0,0.0,,,,4.416666666666667,0.020833333333333332,0.0,0.0,4.406595576661861,0.09180407451378876,-1.0084872395276299,-0.02101015082349229,0.4375,0.08333333333333333,,,,0.11250066193387448,0.21821314986830864,0.08323828482301637,,
2019,3917958,Ryan Willis,259,Virginia Tech,ACC,QB,,,29,94,1.0,0.0,,,,3.2413793103448274,0.034482758620689655,0.0,0.0,7.634501925779851,0.2632586870958569,8.588730652673442,0.29616312595425665,0.5862068965517241,0.06896551724137931,,,,0.14214066123284663,0.9243745675162652,1.405534683261072,,
2019,3918001,Tario Fuller,2509,Purdue,Big Ten,RB,,,11,30,0.0,0.0,,,,2.727272727272727,0.0,0.0,0.0,-1.791728121694047,-0.16288437469945882,-1.9167841711451152,-0.17425310646773776,0.09090909090909091,0.0,,,,-0.1621833317013952,-0.265081402702652,,,
2019,3918013,Richie Worship,2509,Purdue,Big Ten,RB,,,1,3,0.0,0.0,,,,3.0,0.0,0.0,0.0,-0.06699673367883774,-0.06699673367883774,-0.1959791235710071,-0.1959791235710071,0.0,0.0,,,,-0.06699673367883774,,,,
2019,3918034,Gerold Bright,328,Utah State,Mountain West,RB,,,179,900,9.0,0.0,,,,5.027932960893855,0.05027932960893855,0.0,0.0,51.742692943338675,0.2890653237058027,29.866486878568352,0.16685188200317516,0.4581005586592179,0.1340782122905028,,,,0.2842519999386953,0.40609999100517263,0.8047315464373144,,
2019,3918122,Ishmael Davis,326,Texas State,Sun Belt,DE,,,1,5,0.0,0.0,,,,5.0,0.0,0.0,0.0,0.19552222321328339,0.19552222321328339,0.04378266651122598,0.04378266651122598,1.0,0.0,,,,0.19552222321328339,,,,
2019,3918243,Markis McCray,2433,UL Monroe,Sun Belt,WR,,,9,114,0.0,0.0,,,,12.666666666666666,0.0,0.0,0.0,7.083675285636602,0.7870750317374002,4.8312543095023255,0.5368060343891473,0.5555555555555556,0.3333333333333333,,,,0.93184517755375,,,,
2019,3918311,Milo Hall,2458,Northern Colorado,Big Sky,RB,,,48,183,1.0,0.0,,,,3.8125,0.020833333333333332,0.0,0.0,3.1782098822691465,0.06621270588060722,2.7320444845103107,0.05691759342729814,0.3333333333333333,0.10416666666666667,,,,-0.020931893553532026,0.4400677587186369,0.48689694198849487,,
2019,3919609,Jalen McCleskey,2655,Tulane,American Athletic,WR,,,1,-1,0.0,0.0,,,,-1.0,0.0,0.0,0.0,-0.8557791618238921,-0.8557791618238921,-1.2466861413986694,-1.2466861413986694,0.0,0.0,,,,-0.8557791618238921,,,,
2019,3920814,Austen Pleasants,195,Ohio,Mid-American,OL,,,1,2,1.0,0.0,,,,2.0,1.0,0.0,0.0,3.8706453142827653,3.8706453142827653,2.544830284062861,2.544830284062861,1.0,0.0,,,,,3.8706453142827653,3.8706453142827653,,
2019,3921561,Deondre Francois,2261,Hampton,Big South,QB,,,2,5,0.0,0.0,,,,2.5,0.0,0.0,0.0,-0.5044777767867163,-0.2522388883933582,-0.8086612481512371,-0.40433062407561854,0.5,0.0,,,,-0.2522388883933582,,,,
2019,3921648,Ryan Agnew,21,San Diego State,Mountain West,QB,,,51,255,1.0,0.0,,,,5.0,0.0196078431372549,0.0,0.0,21.828065622376013,0.42800128671325516,19.198149080176098,0.3764342956897274,0.6274509803921569,0.1568627450980392,,,,0.125054447176104,0.07445411321088002,0.7201208569089833,,
2019,3921652,Juwan Washington,21,San Diego State,Mountain West,RB,,,152,494,2.0,0.0,,,,3.25,0.013157894736842105,0.0,0.0,-21.39285353633355,-0.14074245747587863,-31.20888056164099,-0.20532158264237493,0.34210526315789475,0.08552631578947369,,,,-0.061513902738302734,-0.550862032243866,-0.07561608374669042,,
2019,3921685,Josh Love,23,San José State,Mountain West,QB,,,10,35,3.0,0.0,,,,3.5,0.3,0.0,0.0,8.179768801195191,0.8179768801195191,4.540672933634708,0.4540672933634708,0.4,0.1,,,,1.0617585405774799,3.1706453142827655,1.2882292162648905,,
2019,3921699,Jericho Flowers,2439,UNLV,Mountain West,DB,,,1,-6,0.0,0.0,,,,-6.0,0.0,0.0,0.0,-1.5117862641320614,-1.5117862641320614,-0.7076288673491389,-0.7076288673491389,0.0,0.0,,,,-1.5117862641320614,,,,
2019,3921707,Dalton Sneed,149,Montana,Big Sky,QB,,,4,4,0.0,0.0,,,,1.0,0.0,0.0,0.0,-1.9305666290342276,-0.4826416572585569,-2.771802912085682,-0.6929507280214205,0.25,0.0,,,,-0.6480736127253692,,,,
2019,3921715,Alex Netherda,25,California,Pac-12,RB,,,4,15,0.0,0.0,,,,3.75,0.0,0.0,0.0,0.11274965509266721,0.028187413773166803,-0.6200040709962302,-0.15500101774905756,0.25,0.0,,,,0.028187413773166803,,,,
2019,3921953,Spencer Tears,2459,Northern Illinois,Mid-American,WR,,,1,6,0.0,0.0,,,,6.0,0.0,0.0,0.0,0.7087510598012976,0.7087510598012976,0.251663043377469,0.251663043377469,1.0,0.0,,,,0.7087510598012976,,0.7087510598012976,,
2019,3921977,Daniel Santacaterina,2546,Southeast Missouri State,OVC,QB,,,2,6,0.0,0.0,,,,3.0,0.0,0.0,0.0,-0.4344777767867163,-0.21723888839335814,-0.3556250381821933,-0.17781251909109666,0.0,0.0,,,,-0.2033916419933186,,,,
2019,3921979,Marcus Jones,2459,Northern Illinois,Mid-American,RB,,,22,84,1.0,0.0,,,,3.8181818181818183,0.045454545454545456,0.0,0.0,0.6631678826472804,0.030143994665785476,-0.9598111454034869,-0.04362777933652213,0.36363636363636365,0.09090909090909091,,,,-0.14742798109354555,1.3007267169854173,0.6678633584927085,,
2019,3922124,Christian Gibson,166,New Mexico State,FBS Independents,RB,,,96,466,3.0,0.0,,,,4.854166666666667,0.03125,0.0,0.0,13.649685501805484,0.14218422397714045,2.8279306655674765,0.029457611099661215,0.3958333333333333,0.13541666666666666,,,,0.15562752668704907,0.33782652281715153,-0.15382213526247573,,
2019,3923365,Deangelo Antoine,2226,Florida Atlantic,Conference USA,WR,,,8,136,1.0,0.0,,,,17.0,0.125,0.0,0.0,12.809978818462042,1.6012473523077553,5.910405227221206,0.7388006534026508,0.75,0.25,,,,1.9299969740660061,,,,
2019,3923382,Brett Kean,2429,Charlotte,Conference USA,QB,,,10,40,0.0,0.0,,,,4.0,0.0,0.0,0.0,1.8962637782274696,0.18962637782274697,1.8011518424451505,0.18011518424451506,0.5,0.1,,,,-0.2600437611914264,0.2231860156340919,0.7273202910960099,,
2019,3923405,Jager Gardner,218,Temple,American Athletic,RB,,,138,548,5.0,0.0,,,,3.971014492753623,0.036231884057971016,0.0,0.0,22.960035013965495,0.16637706531859053,6.214197272889754,0.04503041502094025,0.5072463768115942,0.07971014492753623,,,,0.2130958654716152,0.08465352684269434,0.24485821323888765,,
2019,3924325,Johnathon Johnson,142,Missouri,SEC,WR,,,1,13,0.0,0.0,,,,13.0,0.0,0.0,0.0,1.2032133886312488,1.2032133886312488,0.3460618676833765,0.3460618676833765,1.0,1.0,,,,1.2032133886312488,,,,
2019,3924357,Joseph Charlton,2579,South Carolina,SEC,P,,,1,10,0.0,0.0,,,,10.0,0.0,0.0,0.0,2.8,2.8,2.043826096644241,2.043826096644241,1.0,1.0,,,,,,,,
2019,3924359,Mon Denson,2579,South Carolina,SEC,RB,,,37,221,3.0,0.0,,,,5.972972972972973,0.08108108108108109,0.0,0.0,17.001086106619354,0.45948881369241495,11.153118423087646,0.30143563305642285,0.43243243243243246,0.10810810810810811,,,,0.049790048729699034,1.9949086145589292,2.5889918857280394,,
2019,3924376,A.J. Turner,2579,South Carolina,SEC,RB,,,4,14,0.0,0.0,,,,3.5,0.0,0.0,0.0,0.4606036259159354,0.11515090647898385,0.12475104755650523,0.03118776188912631,0.5,0.0,,,,-0.216594916585407,,,,
2019,3925375,Ty Flanagan,304,Idaho State,Big Sky,RB,,,13,46,0.0,0.0,,,,3.5384615384615383,0.0,0.0,0.0,-0.16361158372221896,-0.01258550644017069,-1.348872696952429,-0.10375943822710992,0.46153846153846156,0.07692307692307693,,,,-0.014111525058969695,0.005726716985417379,,,
2019,3926231,Britain Covey,254,Utah,Pac-12,WR,,,3,22,0.0,0.0,,,,7.333333333333333,0.0,0.0,0.0,2.9153331773979168,0.9717777257993055,1.7457022614167568,0.5819007538055856,0.6666666666666666,0.0,,,,0.9717777257993055,,,,
2019,3927948,Ryan Stanley,50,Florida A&M,MEAC,QB,,,1,3,0.0,0.0,,,,3.0,0.0,0.0,0.0,-0.20339164199331838,-0.20339164199331838,-0.2593418711179831,-0.2593418711179831,0.0,0.0,,,,-0.20339164199331838,,,,
2019,3928455,Noah Johnson,2016,Alcorn State,SWAC,QB,,,5,24,0.0,0.0,,,,4.8,0.0,0.0,0.0,0.9426938828720788,0.18853877657441576,0.32930159724385705,0.06586031944877141,0.8,0.0,,,,0.12551214214732842,0.4406453142827651,,,
2019,3928803,Tracy James,2000,Abilene Christian,Southland,RB,,,19,111,2.0,0.0,,,,5.842105263157895,0.10526315789473684,0.0,0.0,12.8506954579654,0.6763523925244947,10.78340853235643,0.5675478174924438,0.5789473684210527,0.10526315789473684,,,,0.5282997906647554,-0.08454265624393908,4.767238888393358,,
2019,3928925,JaMycal Hasty,239,Baylor,Big 12,RB,,,103,555,6.0,0.0,,,,5.388349514563107,0.05825242718446602,0.0,0.0,30.558222717041573,0.29668177395185996,13.055029110319714,0.12674785543999723,0.4368932038834951,0.10679611650485436,,,,0.2777137094131963,0.36905184630593485,1.1213216151777248,,
2019,3928932,Tony Nicholson,166,New Mexico State,FBS Independents,WR,,,2,5,0.0,0.0,,,,2.5,0.0,0.0,0.0,-0.4261675374960494,-0.2130837687480247,-0.7468031675201656,-0.3734015837600828,0.5,0.0,,,,-0.2130837687480247,,,,
2019,3928939,Jordan Williams,239,Baylor,Big 12,LB,,,1,1,0.0,0.0,,,,1.0,0.0,0.0,0.0,-0.5239952679092541,-0.5239952679092541,-0.8234272039748749,-0.8234272039748749,0.0,0.0,,,,-0.5239952679092541,,,,
2019,3928980,Hudson Hall,2305,Kansas,Big 12,FB,,,1,1,1.0,0.0,,,,1.0,1.0,0.0,0.0,2.035726716985417,2.035726716985417,0.938021275120443,0.938021275120443,1.0,0.0,,,,2.035726716985417,2.035726716985417,2.035726716985417,,
2019,3929197,Darius Graves,2448,North Carolina A&T,MEAC,RB,,,1,-3,0.0,0.0,,,,-3.0,0.0,0.0,0.0,-1.1108291961827885,-1.1108291961827885,-0.5422394210060348,-0.5422394210060348,0.0,0.0,,,,,,,,
2019,3929199,Manny Miles,2305,Kansas,Big 12,QB,,,6,26,1.0,0.0,,,,4.333333333333333,0.16666666666666666,0.0,0.0,3.974582508815589,0.6624304181359315,5.1640161962482285,0.8606693660413715,0.8333333333333334,0.3333333333333333,,,,0.508634990115829,0.7761530191519421,0.508634990115829,,
2019,3929652,Brandon Polk,256,James Madison,CAA,WR,,,1,9,0.0,0.0,,,,9.0,0.0,0.0,0.0,1.4642732830145824,1.4642732830145824,0.628271997694076,0.628271997694076,1.0,0.0,,,,1.4642732830145824,,,,
2019,3929654,Andre Robinson,48,Delaware,CAA,RB,,,8,7,0.0,0.0,,,,0.875,0.0,0.0,0.0,-4.292966770043716,-0.5366208462554645,-4.5939983041692845,-0.5742497880211606,0.0,0.0,,,,-0.5315787770096471,,-0.12508140270265322,,
2019,3929742,Jared West,2466,Northwestern State,Southland,RB,,,7,16,0.0,0.0,,,,2.2857142857142856,0.0,0.0,0.0,-1.857179277088271,-0.2653113252983244,-2.7141673531146067,-0.38773819330208664,0.2857142857142857,0.0,,,,-0.2653113252983244,,,,
2019,3929778,Devonte Williams,2545,SE Louisiana,Southland,RB,,,13,50,1.0,0.0,,,,3.8461538461538463,0.07692307692307693,0.0,0.0,2.6985842766129498,0.20758340589330382,-0.5070830561045604,-0.03900638893112003,0.38461538461538464,0.07692307692307693,,,,0.2978824173919747,-0.6999999999999997,1.5201155624351088,,
2019,3929786,Donavan Hale,84,Indiana,Big Ten,WR,,,2,-8,0.0,0.0,,,,-4.0,0.0,0.0,0.0,-3.641894254481466,-1.820947127240733,-3.8556612557357255,-1.9278306278678627,0.0,0.0,,,,,-1.820947127240733,,,
2019,3929824,Brian Lewerke,127,Michigan State,Big Ten,QB,,,89,472,3.0,0.0,,,,5.303370786516854,0.033707865168539325,0.0,0.0,35.229640072840496,0.39583865250382577,31.986778526208184,0.3594020059124515,0.550561797752809,0.14606741573033707,,,,0.3213930161482015,0.5072030154709503,0.05948715705223909,,
2019,3929831,Darrell Stewart Jr.,127,Michigan State,Big Ten,WR,,,2,-13,0.0,0.0,,,,-6.5,0.0,0.0,0.0,-3.2388463699347936,-1.6194231849673968,-1.6483914815141496,-0.8241957407570748,0.0,0.0,,,,-1.6194231849673968,,,,
2019,3929856,Kirk Johnson,251,Texas,Big 12,RB,,,4,15,0.0,0.0,,,,3.75,0.0,0.0,0.0,-0.044168393337633116,-0.011042098334408279,-0.6080095099682654,-0.15200237749206635,0.5,0.0,,,,-0.011042098334408279,,,,
2019,3929879,Garrett Collingham,68,Boise State,Mountain West,TE,,,2,4,1.0,0.0,,,,2.0,0.5,0.0,0.0,4.241290628565531,2.1206453142827657,2.7765400313690147,1.3882700156845074,1.0,0.0,,,,,2.1206453142827657,2.1206453142827657,,
2019,3929910,Brenden Fulton,36,Colorado State,Mountain West,WR,,,1,3,0.0,0.0,,,,3.0,0.0,0.0,0.0,-0.12508140270265322,-0.12508140270265322,-0.118978122830228,-0.118978122830228,0.0,0.0,,,,-0.12508140270265322,,-0.12508140270265322,,
2019,3929914,Adam Prentice,36,Colorado State,Mountain West,FB,,,1,1,0.0,0.0,,,,1.0,0.0,0.0,0.0,1.6565998667092234,1.6565998667092234,-0.5903487882101537,-0.5903487882101537,1.0,0.0,,,,,,,,
2019,3929944,Deshawn McClease,259,Virginia Tech,ACC,RB,,,176,871,7.0,0.0,,,,4.948863636363637,0.03977272727272727,0.0,0.0,33.42064951866751,0.18989005408333812,4.427157924809238,0.02515430639096158,0.4090909090909091,0.125,,,,0.1444769491440574,0.19597114404606356,0.49702400436661803,,
2019,3929953,Chris Cunningham,295,Old Dominion,Conference USA,TE,,,2,8,0.0,0.0,,,,4.0,0.0,0.0,0.0,0.32935468571723403,0.16467734285861702,-0.6330507549961502,-0.3165253774980751,0.5,0.0,,,,-0.6999999999999997,-0.6999999999999997,,,
2019,3930010,Thomas Vieira,167,New Mexico,Mountain West,WR,,,1,4,0.0,0.0,,,,4.0,0.0,0.0,0.0,-0.013213388631248879,-0.013213388631248879,-0.1142886249388964,-0.1142886249388964,0.0,0.0,,,,-0.013213388631248879,,,,
2019,3930066,Van Jefferson,57,Florida,SEC,WR,,,1,7,0.0,0.0,,,,7.0,0.0,0.0,0.0,0.7004408205106318,0.7004408205106318,0.307369563857817,0.307369563857817,1.0,0.0,,,,0.7004408205106318,,0.7004408205106318,,
2019,3930295,Deltron Sands,2006,Akron,Mid-American,RB,,,33,77,0.0,0.0,,,,2.3333333333333335,0.0,0.0,0.0,-11.324259694685631,-0.3431593846874434,-10.035777648174879,-0.3041144741871175,0.24242424242424243,0.09090909090909091,,,,-0.3111376580622303,-0.7695496043050776,-0.7317050702170865,,
2019,3931058,Anthony Spagnoletti,2193,East Tennessee State,Southern,WR,,,1,8,0.0,0.0,,,,8.0,0.0,0.0,0.0,1.029354685717235,1.029354685717235,0.672809139285251,0.672809139285251,1.0,0.0,,,,1.029354685717235,,,,
2019,3931220,Ronald Bell,2261,Hampton,Big South,WR,,,9,22,0.0,0.0,,,,2.4444444444444446,0.0,0.0,0.0,-3.6839709420393487,-0.40933010467103875,-2.9212794952281973,-0.3245866105809108,0.2222222222222222,0.2222222222222222,,,,-0.40933010467103875,,,,
2019,3931396,Reagan Williams,242,Rice,Conference USA,FB,,,4,16,0.0,0.0,,,,4.0,0.0,0.0,0.0,0.102098712271947,0.02552467806798675,-0.008288870259477832,-0.002072217564869458,0.5,0.0,,,,0.02552467806798675,,-0.5098217466379307,,
2019,3931401,Cameron Scarlett,24,Stanford,Pac-12,RB,,,199,835,7.0,0.0,,,,4.1959798994974875,0.035175879396984924,0.0,0.0,37.19626598413589,0.18691590946801956,21.57604175620565,0.10842232038294297,0.41708542713567837,0.10050251256281408,,,,0.060512564542787764,0.47036142940527215,0.3830744192231958,,
2019,3931762,Ellis Cain,2198,Eastern Kentucky,OVC,RB,,,3,8,0.0,0.0,,,,2.6666666666666665,0.0,0.0,0.0,-0.3706453142827657,-0.12354843809425524,-0.5813889768655898,-0.19379632562186325,0.3333333333333333,0.0,,,,0.16467734285861735,-0.7000000000000004,,,
2019,3932338,Riley Burt,328,Utah State,Mountain West,RB,,,26,89,0.0,0.0,,,,3.423076923076923,0.0,0.0,0.0,-1.5125054577366142,-0.05817328683602362,-2.2434397145666445,-0.08628614286794786,0.34615384615384615,0.038461538461538464,,,,-0.09134075285806804,-0.3959069921829546,-0.01841414986779144,,
2019,3932348,Dayan Ghanwoloku,252,BYU,FBS Independents,DB,,,3,3,1.0,0.0,,,,1.0,0.3333333333333333,0.0,0.0,-2.232015371519942,-0.7440051238399806,-2.243880932817739,-0.7479603109392463,0.3333333333333333,0.0,,,,-0.523995267909255,-0.8540100518053435,-0.8540100518053435,,
2019,3932355,Micah Simon,252,BYU,FBS Independents,WR,,,5,47,2.0,0.0,,,,9.4,0.4,0.0,0.0,9.700566629034226,1.9401133258068453,6.399588527477579,1.2799177054955158,0.6,0.6,,,,1.9401133258068453,,4.3001941878360785,,
2019,3932429,Chris Finke,87,Notre Dame,FBS Independents,WR,,,1,7,0.0,0.0,,,,7.0,0.0,0.0,0.0,1.143669657098647,1.143669657098647,0.4840890536978666,0.4840890536978666,1.0,0.0,,,,1.143669657098647,,,,
2019,3932431,Nolan Henry,87,Notre Dame,FBS Independents,QB,,,1,1,0.0,0.0,,,,1.0,0.0,0.0,0.0,-0.42917080381721107,-0.42917080381721107,-0.6506196071700607,-0.6506196071700607,0.0,0.0,,,,,,,,
2019,3932451,Brandon Wimbush,2116,UCF,American Athletic,QB,,,11,48,0.0,0.0,,,,4.363636363636363,0.0,0.0,0.0,0.5827361381323555,0.05297601255748686,1.8602455614270843,0.16911323285700766,0.5454545454545454,0.2727272727272727,,,,-0.22258766713179196,-0.6105552738183692,-1.5211555678689368,,
2019,3932903,Mitchell Guadagni,2649,Toledo,Mid-American,QB,,,51,383,4.0,0.0,,,,7.509803921568627,0.0784313725490196,0.0,0.0,38.437080125966254,0.7536682377640442,29.922987082047978,0.5867252369029016,0.6470588235294118,0.3333333333333333,,,,0.6332280616707505,1.8306995827512,0.5368010713512389,,
2019,3932911,Art Thompkins,41,UConn,American Athletic,RB,,,98,493,2.0,0.0,,,,5.030612244897959,0.02040816326530612,0.0,0.0,8.377555158584743,0.08548525672025248,2.153917221346336,0.021978747156595264,0.37755102040816324,0.16326530612244897,,,,0.1025337511544144,-0.9393596136163149,-0.23252232554800478,,
2019,3933180,Chauncey Mason,2226,Florida Atlantic,Conference USA,RB,,,30,181,0.0,0.0,,,,6.033333333333333,0.0,0.0,0.0,9.908170009036576,0.33027233363455255,6.996064605044641,0.233202153501488,0.4666666666666667,0.23333333333333334,,,,0.07780310409016326,0.14572671698541706,-0.33087138128682775,,
2019,3933408,Jalen Morton,2504,Prairie View A&M,SWAC,QB,,,3,23,0.0,0.0,,,,7.666666666666667,0.0,0.0,0.0,1.5434440868317933,0.5144813622772645,0.8151572598145586,0.27171908660485283,0.6666666666666666,0.3333333333333333,,,,0.25704470055727957,,-0.46591059888544084,,
2019,3933565,Remus Bulmer,2643,The Citadel,Southern,RB,,,6,36,0.0,0.0,,,,6.0,0.0,0.0,0.0,2.709917680394813,0.4516529467324688,1.9952414880100853,0.33254024800168086,0.5,0.3333333333333333,,,,0.20308798072161932,,,,
2019,3934183,Devin Williams,2640,Texas Southern,SWAC,QB,,,1,-1,0.0,0.0,,,,-1.0,0.0,0.0,0.0,-0.8901782533620697,-0.8901782533620697,-1.3026670694391678,-1.3026670694391678,0.0,0.0,,,,-0.8901782533620697,,,,
2019,3939936,Davon Jones,189,Bowling Green,Mid-American,RB,,,117,530,3.0,0.0,,,,4.52991452991453,0.02564102564102564,0.0,0.0,15.79659095028475,0.13501359786568162,7.597870093730576,0.06493906063017586,0.452991452991453,0.1111111111111111,,,,0.15701286653669486,-0.031110784030103214,0.8782737076471795,,
2019,3939986,Javohn Jones,167,New Mexico,Mountain West,RB,,,8,11,0.0,0.0,,,,1.375,0.0,0.0,0.0,-3.992543198041427,-0.4990678997551784,-3.0838898986307246,-0.3854862373288406,0.375,0.125,,,,-0.5793152251860562,,,,
2019,3941601,Malik Braxton,264,Washington,Pac-12,RB,,,2,43,0.0,0.0,,,,21.5,0.0,0.0,0.0,3.0100000000000002,1.5050000000000001,2.3891466156850845,1.1945733078425422,1.0,0.5,,,,1.5050000000000001,1.5457267169854174,,,
2019,3945456,Akevious Williams,2065,Bethune-Cookman,MEAC,QB,,,4,20,0.0,0.0,,,,5.0,0.0,0.0,0.0,1.4100654971761792,0.3525163742940448,-0.19031759396327977,-0.04757939849081994,0.75,0.0,,,,0.1269036038196485,,,,
2019,3949979,Kylil Carter,2448,North Carolina A&T,MEAC,QB,,,8,59,0.0,0.0,,,,7.375,0.0,0.0,0.0,1.8799845520432317,0.23499806900540396,1.5354758260940597,0.19193447826175747,0.375,0.375,,,,0.5292765575479654,,,,
2019,4027382,Chuby Dunu,13,Cal Poly,Big Sky,RB,,,1,8,0.0,0.0,,,,8.0,0.0,0.0,0.0,0.19095230211278613,0.19095230211278613,0.6249490251435149,0.6249490251435149,1.0,0.0,,,,0.19095230211278613,,,,
2019,4027419,Eric Barriere,331,Eastern Washington,Big Sky,QB,,,6,35,0.0,0.0,,,,5.833333333333333,0.0,0.0,0.0,5.361041119044453,0.8935068531740754,3.2951260652460714,0.5491876775410119,0.6666666666666666,0.3333333333333333,,,,-0.5005430673966982,1.2512489401986997,0.3926691706566299,,
2019,4027420,Antoine Custer Jr.,331,Eastern Washington,Big Sky,RB,,,14,24,1.0,0.0,,,,1.7142857142857142,0.07142857142857142,0.0,0.0,-0.4703503525641737,-0.03359645375458383,-2.0038183579912587,-0.14312988271366134,0.21428571428571427,0.0,,,,-0.38963811046113994,-0.26508140270265157,0.40685540492886546,,
2019,4027860,Gresch Jensen,326,Texas State,Sun Belt,QB,,,7,31,1.0,0.0,,,,4.428571428571429,0.14285714285714285,0.0,0.0,5.832906867941668,0.8332724097059526,6.749892997732607,0.9642704282475153,1.0,0.14285714285714285,,,,1.4466666666666665,0.7057267169854171,1.405726716985417,,
2019,4027882,De'Sean McNair,2210,Elon,CAA,RB,,,9,49,0.0,0.0,,,,5.444444444444445,0.0,0.0,0.0,3.0422953755167916,0.33803281950186576,4.632872952403601,0.5147636613781779,0.6666666666666666,0.3333333333333333,,,,0.18936999705575416,0.07572671698541766,,,
2019,4027884,Brelynd Cyphers,2210,Elon,CAA,RB,,,7,12,0.0,0.0,,,,1.7142857142857142,0.0,0.0,0.0,-2.5419433719378257,-0.36313476741968936,-3.609602007354489,-0.5156574296220698,0.14285714285714285,0.0,,,,-0.4576293057402961,,,,
2019,4027911,Nate Stinson,2464,Northern Arizona,Big Sky,RB,,,5,10,1.0,0.0,,,,2.0,0.2,0.0,0.0,1.4599298060489185,0.2919859612097837,0.6782531997650141,0.1356506399530028,0.4,0.0,,,,0.32855077226587537,1.8331860156340907,3.5206453142827643,,
2019,4027916,Joe Logan,2464,Northern Arizona,Big Sky,RB,,,1,2,0.0,0.0,,,,2.0,0.0,0.0,0.0,-0.37939637408406446,-0.37939637408406446,-0.33534375152355084,-0.33534375152355084,0.0,0.0,,,,-0.37939637408406446,,,,
2019,4027941,Darshon McCullough,2197,Eastern Illinois,OVC,RB,,,6,17,0.0,0.0,,,,2.8333333333333335,0.0,0.0,0.0,-0.964603585310309,-0.16076726421838483,-2.0261151731110223,-0.3376858621851704,0.3333333333333333,0.0,,,,-0.23202516170471865,,,,
2019,4028076,Davis Alexander,2502,Portland State,Big Sky,QB,,,15,121,0.0,0.0,,,,8.066666666666666,0.0,0.0,0.0,10.780837953393677,0.7187225302262451,7.981730761884159,0.5321153841256107,0.5333333333333333,0.3333333333333333,,,,0.5330206758946321,1.0706453142827663,0.41383246250395045,,
2019,4028215,Quincy Jountti,30,USC,Pac-12,RB,,,12,33,0.0,0.0,,,,2.75,0.0,0.0,0.0,-0.9586037023527605,-0.07988364186273005,-0.7150651813313651,-0.059588765110947094,0.3333333333333333,0.0,,,,-0.29905780065834675,0.025524687063399942,,,
2019,4028235,BJ Perkinson,16,Sacramento State,Big Sky,RB,,,3,15,0.0,0.0,,,,5.0,0.0,0.0,0.0,0.7869570342035321,0.26231901140117736,1.0470631229007128,0.3490210409669043,0.3333333333333333,0.3333333333333333,,,,0.7434785171017659,-0.6999999999999997,,,
2019,4029722,Ronnie Harris,2127,Charleston Southern,Big South,RB,,,8,53,0.0,0.0,,,,6.625,0.0,0.0,0.0,-0.2033545760500235,-0.025419322006252937,0.06236011194939073,0.007795013993673841,0.25,0.125,,,,-0.04835020381563455,,0.13509685065941834,,
2019,4029796,Jayln Cagle,2241,Gardner-Webb,Big South,RB,,,31,114,2.0,0.0,,,,3.6774193548387095,0.06451612903225806,0.0,0.0,3.769445626093915,0.1215950201965779,-0.06296862863515723,-0.002031246085005072,0.45161290322580644,0.12903225806451613,,,,0.12079063030361661,-0.27713664150729156,1.389954029524994,,
2019,4029859,Bronson Rechsteiner,338,Kennesaw State,Big South,RB,,,4,8,0.0,0.0,,,,2.0,0.0,0.0,0.0,-1.4769072972484363,-0.36922682431210907,-1.5105918380893737,-0.3776479595223434,0.0,0.0,,,,-0.36922682431210907,,-0.6999999999999997,,
2019,4029861,Shaquil Terry,338,Kennesaw State,Big South,RB,,,6,45,0.0,0.0,,,,7.5,0.0,0.0,0.0,2.2724029677873396,0.3787338279645566,1.7955749900004403,0.29926249833340673,0.5,0.3333333333333333,,,,0.3787338279645566,,-0.20339164199331794,,
2019,4029885,Stephen Calvert,2335,Liberty,FBS Independents,QB,,,13,35,0.0,0.0,,,,2.6923076923076925,0.0,0.0,0.0,-1.0771618603518445,-0.08285860464244957,-1.716161275690612,-0.13201240582235477,0.38461538461538464,0.0,,,,-0.20231930653960192,-0.6999999999999997,-0.1527255632233434,,
2019,4030387,Chance Thrasher,2193,East Tennessee State,Southern,QB,,,2,18,0.0,0.0,,,,9.0,0.0,0.0,0.0,1.446273622861748,0.723136811430874,2.1865061443595764,1.0932530721797882,0.5,0.5,,,,0.723136811430874,,,,
2019,4030389,Austin Bradley,2261,Hampton,Big South,QB,,,2,13,0.0,0.0,,,,6.5,0.0,0.0,0.0,0.6838170145471842,0.3419085072735921,0.2783884045394063,0.13919420226970314,0.5,0.5,,,,0.3419085072735921,,,,
2019,4030390,Ky'Jon Tyler,324,Coastal Carolina,Sun Belt,WR,,,4,-16,0.0,0.0,,,,-4.0,0.0,0.0,0.0,-5.992029013845675,-1.4980072534614188,-6.521997632810123,-1.6304994082025308,0.0,0.0,,,,-1.4980072534614188,-1.9687510598012987,-1.127045851135199,,
2019,4030478,Chad Freshnock,2083,Bucknell,Patriot,RB,,,10,30,0.0,0.0,,,,3.0,0.0,0.0,0.0,0.4237753261803554,0.04237753261803554,-0.06407797954932959,-0.006407797954932959,0.5,0.0,,,,-0.1562020394766204,1.1406453142827662,0.5327463277105524,,
2019,4030479,Stefone Moore-Green,2083,Bucknell,Patriot,RB,,,1,-4,0.0,0.0,,,,-4.0,0.0,0.0,0.0,-1.2591394354734562,-1.2591394354734562,-1.7920897149154822,-1.7920897149154822,0.0,0.0,,,,-1.2591394354734562,,,,
2019,4030514,Alex Mathews,2142,Colgate,Patriot,RB,,,5,34,0.0,0.0,,,,6.8,0.0,0.0,0.0,1.4972536722894478,0.29945073445788956,-0.13419192584538464,-0.02683838516907693,0.4,0.2,,,,0.29945073445788956,-0.1893546857172348,,,
2019,4030554,Emmett Clifford,107,Holy Cross,Patriot,QB,,,1,0,0.0,0.0,,,,0.0,0.0,0.0,0.0,-0.6999999999999993,-0.6999999999999993,-1.243353481543522,-1.243353481543522,0.0,0.0,,,,-0.6999999999999993,,,,
2019,4030555,Miles Alexander,107,Holy Cross,Patriot,RB,,,12,40,1.0,0.0,,,,3.3333333333333335,0.08333333333333333,0.0,0.0,2.3551947836770584,0.1962662319730882,-0.10179909370491547,-0.008483257808742956,0.3333333333333333,0.08333333333333333,,,,0.13778505492615373,-1.0289138652066026,4.913213388631249,,
2019,4030557,Domenic Cozier,107,Holy Cross,Patriot,RB,,,3,0,0.0,0.0,,,,0.0,0.0,0.0,0.0,-2.017932183641584,-0.6726440612138614,-1.3748917986847733,-0.4582972662282578,0.0,0.0,,,,-0.6726440612138614,,,,
2019,4030629,Lamarcus Young,2630,UT Martin,OVC,DB,,,2,3,0.0,0.0,,,,1.5,0.0,0.0,0.0,-0.9033916419933188,-0.4516958209966594,-0.97865915869576,-0.48932957934788,0.0,0.0,,,,-0.4516958209966594,,,,
2019,4030759,DeAndre Harris,2415,Morgan State,MEAC,QB,,,7,23,0.0,0.0,,,,3.2857142857142856,0.0,0.0,0.0,0.7356720341759542,0.10509600488227917,0.692064113064121,0.09886630186630299,0.7142857142857143,0.0,,,,-0.19549962984247538,,,,
2019,4030783,Aaron Savage,2450,Norfolk State,MEAC,RB,,,14,11,0.0,0.0,,,,0.7857142857142857,0.0,0.0,0.0,-7.201372943091263,-0.5143837816493759,-5.923208180629204,-0.4230862986163717,0.07142857142857142,0.0,,,,-0.5671100902029732,0.44064531428276466,,,
2019,4031003,Mikey Daniel,2571,South Dakota State,MVFC,RB,,,7,33,1.0,0.0,,,,4.714285714285714,0.14285714285714285,0.0,0.0,2.616791775284095,0.3738273964691564,0.5504780695588886,0.07863972422269837,0.42857142857142855,0.14285714285714285,,,,0.3738273964691564,0.28572671698541735,2.035726716985417,,
2019,4031033,Cade Johnson,2571,South Dakota State,MVFC,WR,,,1,25,0.0,0.0,,,,25.0,0.0,0.0,0.0,1.7499999999999996,1.7499999999999996,1.9203569774052474,1.9203569774052474,1.0,1.0,,,,1.7499999999999996,,,,
2019,4031140,Clint Ratkovich,2710,Western Illinois,MVFC,RB,,,7,32,0.0,0.0,,,,4.571428571428571,0.0,0.0,0.0,1.4308342550548971,0.20440489357927102,1.3585409782631848,0.1940772826090264,0.7142857142857143,0.0,,,,0.2375179230115799,0.0057267169854178235,,,
2019,4032157,Thomas Gordon,231,Furman,Southern,WR,,,1,5,0.0,0.0,,,,5.0,0.0,0.0,0.0,0.19552222321328383,0.19552222321328383,0.0945451165334843,0.0945451165334843,1.0,0.0,,,,0.19552222321328383,,,,
2019,4032198,Breylin Smith,2110,Central Arkansas,Southland,QB,,,4,2,0.0,0.0,,,,0.5,0.0,0.0,0.0,-2.437825929861625,-0.6094564824654063,-1.615378128872191,-0.4038445322180477,0.0,0.0,,,,-0.6219701996284798,-0.6999999999999997,-0.6999999999999997,,
2019,4032199,Carlos Blackman,2110,Central Arkansas,Southland,RB,,,34,189,2.0,0.0,,,,5.5588235294117645,0.058823529411764705,0.0,0.0,5.5708582686604835,0.16384877260766129,6.999445371145863,0.2058660403278195,0.5,0.11764705882352941,,,,0.2055320574623079,-0.540216036853639,-0.7688223059642249,,
2019,4032201,Kierre Crossley,2110,Central Arkansas,Southland,RB,,,7,11,0.0,0.0,,,,1.5714285714285714,0.0,0.0,0.0,-3.3740580327708036,-0.4820082903958291,-2.9792179965820345,-0.42560257094029064,0.14285714285714285,0.0,,,,-0.4820082903958291,-0.6621366415072913,-0.7000000000000002,,
2019,4032239,Brandon Rainey,2643,The Citadel,Southern,RB,,,15,73,1.0,0.0,,,,4.866666666666666,0.06666666666666667,0.0,0.0,6.830412314926381,0.45536082099509206,5.030087530617404,0.33533916870782693,0.5333333333333333,0.13333333333333333,,,,0.4617279876717858,0.29318601563409136,-0.03458821617758212,,
2019,4032247,Raleigh Webb,2643,The Citadel,Southern,WR,,,1,16,0.0,0.0,,,,16.0,0.0,0.0,0.0,1.12,1.12,1.460958771495374,1.460958771495374,1.0,1.0,,,,1.12,,,,
2019,4032409,Rohan Martin,2678,VMI,Southern,WR,,,1,-2,0.0,0.0,,,,-2.0,0.0,0.0,0.0,-0.9787356118445318,-0.9787356118445318,-0.16441190723598442,-0.16441190723598442,0.0,0.0,,,,,,,,
2019,4032415,Tyain Smith,2678,VMI,Southern,RB,,,1,5,0.0,0.0,,,,5.0,0.0,0.0,0.0,-0.057119839608834155,-0.057119839608834155,0.00573344487421145,0.00573344487421145,0.0,0.0,,,,,,,,
2019,4032417,Alex Ramsey,2678,VMI,Southern,RB,,,25,95,0.0,0.0,,,,3.8,0.0,0.0,0.0,-0.7523420676330588,-0.030093682705322353,-1.5525795262960769,-0.06210318105184307,0.36,0.08,,,,-0.08345459816215202,0.17786335849270896,,,
2019,4032473,Rashid Shaheed,2692,Weber State,Big Sky,WR,,,1,-1,0.0,0.0,,,,-1.0,0.0,0.0,0.0,-0.848310239290667,-0.848310239290667,-1.1039242433392733,-1.1039242433392733,0.0,0.0,,,,-0.848310239290667,,,,
2019,4032475,Kevin Smith Jr.,2692,Weber State,Big Sky,RB,,,16,33,0.0,0.0,,,,2.0625,0.0,0.0,0.0,-6.042146698806359,-0.37763416867539745,-7.895494550940475,-0.4934684094337797,0.3125,0.125,,,,-0.37763416867539745,,,,
2019,4032483,Connell Young,2717,Western Carolina,Southern,WR,,,13,34,0.0,0.0,,,,2.6153846153846154,0.0,0.0,0.0,-2.364658331304625,-0.18189679471574038,-2.3695458872617663,-0.1822727605585974,0.23076923076923078,0.15384615384615385,,,,-0.4835303645587389,1.070645314282765,,,
2019,4032487,Donnavan Spencer,2717,Western Carolina,Southern,RB,,,18,46,0.0,0.0,,,,2.5555555555555554,0.0,0.0,0.0,-4.853859525525215,-0.26965886252917864,-6.797756154295778,-0.3776531196830988,0.16666666666666666,0.05555555555555555,,,,-0.36755775679018426,-0.06713664150729115,,,
2019,4032491,Aubry Payne,2247,Georgia State,Sun Belt,TE,,,1,0,0.0,0.0,,,,0.0,0.0,0.0,0.0,-7.912335074992098,-7.912335074992098,-4.214246025143899,-4.214246025143899,0.0,0.0,,,,,-7.912335074992098,-7.912335074992098,,
2019,4032556,Jaret Anderson,2729,William & Mary,CAA,RB,,,5,15,0.0,0.0,,,,3.0,0.0,0.0,0.0,-0.7123370638836208,-0.14246741277672417,-1.7006226323013371,-0.3401245264602674,0.4,0.0,,,,-0.0030842659709052755,-0.6999999999999997,0.04763264230133779,,
2019,4032575,Joe Newman,2747,Wofford,Southern,QB,,,10,28,0.0,0.0,,,,2.8,0.0,0.0,0.0,-2.146751915642882,-0.21467519156428821,-2.3864589339799265,-0.23864589339799264,0.3,0.2,,,,-0.6195303165953676,,,,
2019,4032577,Blake Morgan,2747,Wofford,Southern,RB,,,7,6,0.0,0.0,,,,0.8571428571428571,0.0,0.0,0.0,-3.855869967647082,-0.5508385668067259,-2.9117805117594115,-0.4159686445370588,0.0,0.0,,,,-0.40694632465581715,,,,
2019,4032658,Brendan Bognar,93,Murray State,OVC,QB,,,2,7,0.0,0.0,,,,3.5,0.0,0.0,0.0,-0.11460921384826461,-0.057304606924132306,-0.571537977692569,-0.2857689888462845,0.5,0.0,,,,-0.057304606924132306,,,,
2019,4032692,Sylvaughn Turner,93,Murray State,OVC,WR,,,1,1,0.0,0.0,,,,1.0,0.0,0.0,0.0,-0.5442208381761073,-0.5442208381761073,-0.29282347426074384,-0.29282347426074384,0.0,0.0,,,,-0.5442208381761073,,,,
2019,4032709,Josh McGowen,2617,Stephen F. Austin,Southland,RB,,,7,38,1.0,0.0,,,,5.428571428571429,0.14285714285714285,0.0,0.0,4.053394969375434,0.5790564241964906,1.543691057545311,0.22052729393504444,0.7142857142857143,0.2857142857142857,,,,0.5790564241964906,2.035726716985417,2.035726716985417,,
2019,4032735,Vito Priore,227,Rhode Island,CAA,QB,,,1,10,0.0,0.0,,,,10.0,0.0,0.0,0.0,2.7142208381761077,2.7142208381761077,2.862950406288718,2.862950406288718,1.0,1.0,,,,,,,,
2019,4032749,Aaron Parker,227,Rhode Island,CAA,WR,,,1,0,0.0,0.0,,,,0.0,0.0,0.0,0.0,-0.6999999999999997,-0.6999999999999997,-1.087995077167328,-1.087995077167328,0.0,0.0,,,,-0.6999999999999997,,,,
2019,4033394,James Felila,253,Southern Utah,Big Sky,RB,,,14,29,0.0,0.0,,,,2.0714285714285716,0.0,0.0,0.0,-4.651621213384677,-0.3322586580989055,-1.8540195193962437,-0.13242996567116025,0.21428571428571427,0.07142857142857142,,,,-0.3782348502974418,-0.2771366415072911,-1.134918597297348,,
2019,4033797,Trey Sneed,2230,Fordham,Patriot,RB,,,10,36,2.0,0.0,,,,3.6,0.2,0.0,0.0,5.314694401502737,0.5314694401502738,3.0650268284816353,0.3065026828481635,0.6,0.1,,,,0.17766307605747997,2.875726716985417,2.875726716985417,,
2019,4033843,Jack Cassidy,2619,Stony Brook,CAA,QB,,,2,13,0.0,0.0,,,,6.5,0.0,0.0,0.0,0.5128250129590919,0.25641250647954594,0.3101509480585908,0.1550754740292954,0.5,0.5,,,,0.25641250647954594,,,,
2019,4033850,Tyquell Fields,2619,Stony Brook,CAA,QB,,,3,18,0.0,0.0,,,,6.0,0.0,0.0,0.0,1.2397955062278658,0.4132651687426219,0.8505409909125285,0.2835136636375095,1.0,0.0,,,,0.4479815218619576,,,,
2019,4033880,Ryan Stover,119,Towson,CAA,QB,,,2,12,0.0,0.0,,,,6.0,0.0,0.0,0.0,0.39478476461673706,0.19739238230836853,0.3425581998635207,0.17127909993176035,1.0,0.0,,,,0.19739238230836853,,,,
2019,4034303,Chris Ferguson,311,Maine,CAA,QB,,,2,-3,0.0,0.0,,,,-1.5,0.0,0.0,0.0,-1.7151779061253805,-0.8575889530626902,-1.5995709782444507,-0.7997854891222254,0.0,0.0,,,,-0.8575889530626902,,,,
2019,4034306,Joshua Mack,2335,Liberty,FBS Independents,RB,,,132,806,7.0,0.0,,,,6.106060606060606,0.05303030303030303,0.0,0.0,58.04553201327643,0.4397388788884578,34.0847655367265,0.2582179207327765,0.5681818181818182,0.15151515151515152,,,,0.3818872166142362,0.5394364047044279,1.2476136782509573,,
2019,4034320,Earnest Edwards,311,Maine,CAA,WR,,,2,12,0.0,0.0,,,,6.0,0.0,0.0,0.0,0.940306987830021,0.4701534939150105,0.36383880028126125,0.18191940014063063,0.5,0.0,,,,0.4701534939150105,,1.029354685717235,,
2019,4034460,Daryl McCleskey Jr.,2198,Eastern Kentucky,OVC,RB,,,22,78,0.0,0.0,,,,3.5454545454545454,0.0,0.0,0.0,3.4971548955251848,0.15896158616023567,-5.759514455889724,-0.26179611163135114,0.4090909090909091,0.09090909090909091,,,,-0.16790179148940165,,,,
2019,4034587,Andrew Goldsmith,2635,Tennessee Tech,OVC,RB,,,6,3,0.0,0.0,,,,0.5,0.0,0.0,0.0,-7.221526955304031,-1.2035878258840051,-3.2496177766100067,-0.5416029627683344,0.5,0.0,,,,-0.7741551196453338,-1.6092622946293287,-3.924251306244074,,
2019,4034607,Liam Welch,2535,Samford,Southern,QB,,,8,36,0.0,0.0,,,,4.5,0.0,0.0,0.0,2.998204797474045,0.3747755996842556,4.050714925025991,0.5063393656282489,0.375,0.125,,,,-0.11040675280145355,0.4756453142827659,,,
2019,4034645,Caleb Broach,2504,Prairie View A&M,SWAC,RB,,,2,1,0.0,0.0,,,,0.5,0.0,0.0,0.0,-1.12917080381721,-0.564585401908605,-0.8234667108824519,-0.41173335544122597,0.0,0.0,,,,-0.564585401908605,,-0.4291708038172102,,
2019,4034651,Dawonya Tucker,2504,Prairie View A&M,SWAC,RB,,,10,42,0.0,0.0,,,,4.2,0.0,0.0,0.0,-2.0638286433002575,-0.20638286433002576,-2.407017032899104,-0.24070170328991042,0.3,0.2,,,,-0.17442635389130012,,-1.413654209141881,,
2019,4034675,Ben Ratzlaff,2277,Houston Christian,Southland,WR,,,1,4,0.0,0.0,,,,4.0,0.0,0.0,0.0,-0.013213388631249323,-0.013213388631249323,-0.0277001413248325,-0.0277001413248325,0.0,0.0,,,,-0.013213388631249323,,,,
2019,4034772,Seth Green,135,Minnesota,Big Ten,TE,,,30,96,5.0,0.0,,,,3.2,0.16666666666666666,0.0,0.0,16.378743013730865,0.5459581004576955,9.953576149476897,0.3317858716492299,0.5333333333333333,0.06666666666666667,,,,0.1603173994059515,1.515059175498003,1.0446231402846275,,
2019,4034844,Derrion Grim,278,Fresno State,Mountain West,WR,,,3,41,0.0,0.0,,,,13.666666666666666,0.0,0.0,0.0,2.0453383413132595,0.6817794471044198,1.0754459979467328,0.3584819993155776,1.0,0.6666666666666666,,,,0.6817794471044198,0.3557267169854179,,,
2019,4034857,Patrick O'Brien,36,Colorado State,Mountain West,QB,,,40,144,2.0,0.0,,,,3.6,0.05,0.0,0.0,5.661096060401602,0.14152740151004004,1.8211179018651722,0.045527947546629303,0.475,0.075,,,,0.2549532755032747,0.38212171072323364,0.28898022620537417,,
2019,4034860,JD Spielman,158,Nebraska,Big Ten,WR,,,4,31,0.0,0.0,,,,7.75,0.0,0.0,0.0,2.3138849073424246,0.5784712268356061,1.4234466703480475,0.3558616675870119,1.0,0.25,,,,0.5784712268356061,,0.15226511081259475,,
2019,4034944,Josh Hammond,57,Florida,SEC,WR,,,6,101,1.0,0.0,,,,16.833333333333332,0.16666666666666666,0.0,0.0,11.381062195539172,1.8968436992565287,6.469679143949585,1.0782798573249308,0.6666666666666666,0.3333333333333333,,,,0.3135697613815848,-0.265081402702652,-0.05660537269999214,,
2019,4034946,Kyle Trask,57,Florida,SEC,QB,,,41,175,4.0,0.0,,,,4.2682926829268295,0.0975609756097561,0.0,0.0,14.394818613578785,0.35109313691655575,8.44505757137229,0.2059770139359095,0.6341463414634146,0.14634146341463414,,,,0.49683164782119754,-0.11183222470508375,0.3922226201680369,,
2019,4034948,Feleipe Franks,57,Florida,SEC,QB,,,16,67,1.0,0.0,,,,4.1875,0.0625,0.0,0.0,4.235480897569403,0.26471755609808767,1.2372376105729792,0.0773273506608112,0.5625,0.1875,,,,0.015059258629313328,-0.6109665910779003,-0.3482835621704273,,
2019,4034950,Freddie Swain,57,Florida,SEC,WR,,,4,27,0.0,0.0,,,,6.75,0.0,0.0,0.0,2.2144885332583613,0.5536221333145903,1.111851862343907,0.2779629655859768,0.75,0.25,,,,0.5536221333145903,,,,
2019,4034952,Lamical Perine,57,Florida,SEC,RB,,,130,669,6.0,0.0,,,,5.1461538461538465,0.046153846153846156,0.0,0.0,26.48936355400516,0.20376433503080893,11.911971784258807,0.0916305521866062,0.3384615384615385,0.16153846153846155,,,,0.17778406101286442,-0.09752430386053049,0.4205715325155708,,
2019,4035003,Jacob Eason,264,Washington,Pac-12,QB,,,23,78,1.0,0.0,,,,3.391304347826087,0.043478260869565216,0.0,0.0,8.83559046677232,0.38415610725097044,13.212159603349557,0.5744417218847634,0.6956521739130435,0.043478260869565216,,,,0.18543926422928594,0.474014289780886,0.3908181024264881,,
2019,4035005,Brian Herrien,61,Georgia,SEC,RB,,,95,496,6.0,0.0,,,,5.221052631578948,0.06315789473684211,0.0,0.0,33.058417833312845,0.34798334561381944,17.751946232888173,0.18686259192513865,0.5157894736842106,0.14736842105263157,,,,0.33419744602837986,0.7265122019583132,1.0350794627771482,,
2019,4035018,Tyler Simmons,61,Georgia,SEC,WR,,,12,104,0.0,0.0,,,,8.666666666666666,0.0,0.0,0.0,6.510968156797094,0.5425806797330911,2.5202452915667406,0.21002044096389505,0.5833333333333334,0.4166666666666667,,,,0.5425806797330911,-0.8220081722019867,1.4750262224192372,,
2019,4035051,Gunnar Hoak,194,Ohio State,Big Ten,QB,,,2,5,0.0,0.0,,,,2.5,0.0,0.0,0.0,-0.30364858060392663,-0.15182429030196332,-0.9915270509460088,-0.4957635254730044,0.0,0.0,,,,-0.15182429030196332,,,,
2019,4035065,Justin Rigg,96,Kentucky,SEC,TE,,,1,0,1.0,0.0,,,,0.0,1.0,0.0,0.0,2.7357267169854174,2.7357267169854174,1.900352237473006,1.900352237473006,1.0,0.0,,,,2.7357267169854174,2.7357267169854174,2.7357267169854174,,
2019,4035106,Dawson Downing,142,Missouri,SEC,RB,,,40,227,1.0,0.0,,,,5.675,0.025,0.0,0.0,9.194422103137965,0.22986055257844912,3.8385748972120264,0.09596437243030066,0.425,0.175,,,,0.16860649904956723,-0.7405305224806269,0.049870541442614456,,
2019,4035167,Jarrett Guarantano,2633,Tennessee,SEC,QB,,,32,162,0.0,0.0,,,,5.0625,0.0,0.0,0.0,10.91838996663527,0.3411996864573522,10.268179905456659,0.3208806220455206,0.625,0.1875,,,,0.29455832097218326,-0.06414733429725919,0.003185573594745631,,
2019,4035221,Quartney Davis,245,Texas A&M,SEC,WR,,,5,32,0.0,0.0,,,,6.4,0.0,0.0,0.0,0.4413111353944066,0.08826222707888132,-1.3063393029920498,-0.26126786059840995,0.6,0.4,,,,0.08826222707888132,,,,
2019,4035225,Nick Starkel,8,Arkansas,SEC,QB,,,3,6,0.0,0.0,,,,2.0,0.0,0.0,0.0,-3.4115321192193737,-1.1371773730731245,-2.974648739430957,-0.991549579810319,0.3333333333333333,0.0,,,,-0.05673516362092812,-3.2980617919775175,-1.142825012959091,,
2019,4035239,Braden Mann,245,Texas A&M,SEC,P,,,1,15,0.0,0.0,,,,15.0,0.0,0.0,0.0,2.6044777767867155,2.6044777767867155,2.831953142853533,2.831953142853533,1.0,1.0,,,,,,,,
2019,4035277,Kalija Lipscomb,238,Vanderbilt,SEC,WR,,,4,52,0.0,0.0,,,,13.0,0.0,0.0,0.0,2.51251332835417,0.6281283320885425,2.746914823466593,0.6867287058666482,0.75,0.75,,,,0.6281283320885425,0.705726716985418,,,
2019,4035284,Jamauri Wakefield,238,Vanderbilt,SEC,RB,,,1,7,0.0,0.0,,,,7.0,0.0,0.0,0.0,0.7004408205106318,0.7004408205106318,0.604642460086338,0.604642460086338,1.0,0.0,,,,0.7004408205106318,,,,
2019,4035285,Deuce Wallace,238,Vanderbilt,SEC,QB,,,7,27,0.0,0.0,,,,3.857142857142857,0.0,0.0,0.0,2.677769814684848,0.3825385449549783,2.273040104003845,0.32472001485769214,0.5714285714285714,0.14285714285714285,,,,-0.028542098334408683,1.1819382080224838,,,
2019,4035292,Shea Patterson,130,Michigan,Big Ten,QB,,,59,275,5.0,0.0,,,,4.661016949152542,0.0847457627118644,0.0,0.0,28.340321132423295,0.4803444259732762,19.990133019115735,0.33881581388331755,0.5932203389830508,0.15254237288135594,,,,0.28853087628951857,1.1366305428282941,0.7560970140891508,,
2019,4035312,Anthony Brown,103,Boston College,ACC,QB,,,29,150,2.0,0.0,,,,5.172413793103448,0.06896551724137931,0.0,0.0,18.32497822563456,0.6318958008839504,17.534432362182294,0.6046355986959412,0.6896551724137931,0.1724137931034483,,,,0.90600652748952,0.48991470692166705,0.08786885268533567,,
2019,4035319,Kobay White,103,Boston College,ACC,WR,,,4,19,0.0,0.0,,,,4.75,0.0,0.0,0.0,0.9080169285868638,0.22700423214671595,0.6799237122556359,0.16998092806390896,0.5,0.0,,,,0.36769944376317215,,-0.19508140270265262,,
2019,4035349,Andrew Strader,103,Boston College,ACC,RB,,,4,25,0.0,0.0,,,,6.25,0.0,0.0,0.0,0.3596116243278433,0.08990290608196083,-0.151324823952236,-0.037831205988059,0.5,0.25,,,,0.35320387477594783,,,,
2019,4035356,Max Richardson,103,Boston College,ACC,LB,,,1,2,0.0,0.0,,,,2.0,0.0,0.0,0.0,-0.37939637408406424,-0.37939637408406424,-0.5100717857614772,-0.5100717857614772,0.0,0.0,,,,-0.37939637408406424,,,,
2019,4035409,Zach Smith,202,Tulsa,American Athletic,QB,,,33,165,0.0,0.0,,,,5.0,0.0,0.0,0.0,1.1080084224673297,0.03357601280204029,3.6097500244613423,0.10938636437761644,0.48484848484848486,0.15151515151515152,,,,0.09369405029702589,,-1.6121119666234582,,
2019,4035470,Tavien Feaster,2579,South Carolina,SEC,RB,,,124,662,5.0,0.0,,,,5.338709677419355,0.04032258064516129,0.0,0.0,32.44721721052289,0.26167110653647496,18.051320997023314,0.14557516933083317,0.43548387096774194,0.14516129032258066,,,,0.14951946044316786,0.10888382033536288,0.4313580330867312,,
2019,4035479,John Simpson,228,Clemson,ACC,OL,,,1,1,1.0,0.0,,,,1.0,1.0,0.0,0.0,2.7357267169854174,2.7357267169854174,1.900352237473006,1.900352237473006,1.0,0.0,,,,2.7357267169854174,2.7357267169854174,2.7357267169854174,,
2019,4035497,Kam Martin,2,Auburn,SEC,RB,,,61,333,2.0,0.0,,,,5.459016393442623,0.03278688524590164,0.0,0.0,19.315219616194852,0.31664294452778446,3.236653278047859,0.05305988980406326,0.5081967213114754,0.13114754098360656,,,,0.3287926782441889,-0.038447693534280236,0.8796211491037063,,
2019,4035500,Eli Stove,2,Auburn,SEC,WR,,,7,57,1.0,0.0,,,,8.142857142857142,0.14285714285714285,0.0,0.0,5.369200371609387,0.7670286245156267,3.290031124206053,0.4700044463151504,0.42857142857142855,0.2857142857142857,,,,0.7164258428877703,1.070645314282765,1.6130837687480246,,
2019,4035507,Malik Miller,2,Auburn,SEC,RB,,,12,42,0.0,0.0,,,,3.5,0.0,0.0,0.0,-0.62569202125955,-0.05214100177162917,-1.794286406250451,-0.1495238671875376,0.4166666666666667,0.0,,,,-0.05214100177162917,-0.48427328301458195,-0.33381701454718504,,
2019,4035523,Spencer Nigh,2,Auburn,SEC,FB,,,1,2,0.0,0.0,,,,2.0,0.0,0.0,0.0,-0.19508140270265129,-0.19508140270265129,-0.6141494630541224,-0.6141494630541224,0.0,0.0,,,,-0.19508140270265129,,,,
2019,4035524,Deshaunte Jones,66,Iowa State,Big 12,WR,,,3,6,0.0,0.0,,,,2.0,0.0,0.0,0.0,-1.1067832839866387,-0.36892776132887956,-0.88225737057396,-0.29408579019132003,0.0,0.0,,,,-0.36892776132887956,,-0.6999999999999997,,
2019,4035537,Kene Nwangwu,66,Iowa State,Big 12,RB,,,16,115,0.0,0.0,,,,7.1875,0.0,0.0,0.0,5.114468983594177,0.3196543114746361,5.3915208611027525,0.33697005381892203,0.5625,0.3125,,,,0.27425491128742746,-0.37138768219938345,-0.8959613800328581,,
2019,4035554,Landen Akers,66,Iowa State,Big 12,WR,,,1,8,0.0,0.0,,,,8.0,0.0,0.0,0.0,1.0293546857172347,1.0293546857172347,1.0359877217814513,1.0359877217814513,1.0,0.0,,,,1.0293546857172347,,,,
2019,4035576,T.J. Hammonds,8,Arkansas,SEC,RB,,,8,70,0.0,0.0,,,,8.75,0.0,0.0,0.0,5.797705249271725,0.7247131561589656,3.7181811855723255,0.4647726481965407,0.5,0.25,,,,0.2103118608654915,,,,
2019,4035581,Alexy Jean-Baptiste,2229,Florida International,Conference USA,DL,,,1,2,0.0,0.0,,,,2.0,0.0,0.0,0.0,-0.3591708038172099,-0.3591708038172099,-0.6319123206793869,-0.6319123206793869,0.0,0.0,,,,-0.3591708038172099,,,,
2019,4035584,Cole Kelley,2545,SE Louisiana,Southland,QB,,,2,6,0.0,0.0,,,,3.0,0.0,0.0,0.0,-0.23366965709864784,-0.11683482854932392,0.520382338383957,0.2601911691919785,0.5,0.0,,,,-0.37939637408406446,0.14572671698541662,,,
2019,4035588,Jack Lindsey,8,Arkansas,SEC,QB,,,7,80,0.0,0.0,,,,11.428571428571429,0.0,0.0,0.0,4.062602770074353,0.5803718242963362,2.8644504452469643,0.40920720646385206,0.5714285714285714,0.42857142857142855,,,,0.5803718242963362,,-0.5442208381761087,,
2019,4035593,Cheyenne O'Grady,8,Arkansas,SEC,TE,,,1,3,0.0,0.0,,,,3.0,0.0,0.0,0.0,0.775726716985417,0.775726716985417,2.0300468339672983,2.0300468339672983,1.0,0.0,,,,,0.775726716985417,,,
2019,4035600,Devwah Whaley,8,Arkansas,SEC,RB,,,67,280,4.0,0.0,,,,4.17910447761194,0.05970149253731343,0.0,0.0,7.609008906869591,0.11356729711745658,1.2542855435505849,0.018720679754486342,0.43283582089552236,0.1044776119402985,,,,0.11903819830127178,0.6030253137595489,0.6467449374812567,,
2019,4035603,Malik Henry,2440,Nevada,Mountain West,QB,,,5,24,0.0,0.0,,,,4.8,0.0,0.0,0.0,1.0616711377287453,0.21233422754574907,-0.8464864923844277,-0.16929729847688554,0.6,0.2,,,,0.21233422754574907,,2.023412718488039,,
2019,4035633,Aidan Smith,77,Northwestern,Big Ten,QB,,,58,248,1.0,0.0,,,,4.275862068965517,0.017241379310344827,0.0,0.0,10.163072869728783,0.17522539430566866,4.579265874776767,0.07895285990994426,0.5172413793103449,0.08620689655172414,,,,-0.004315954565828542,0.2629526955406807,0.4240193304729588,,
2019,4035638,Jesse Brown,77,Northwestern,Big Ten,RB,,,21,127,0.0,0.0,,,,6.0476190476190474,0.0,0.0,0.0,4.163325462232591,0.1982535934396472,0.06161167506937451,0.002933889289017834,0.5714285714285714,0.19047619047619047,,,,0.1611897651009075,,0.395050532217911,,
2019,4035654,Riley Lees,77,Northwestern,Big Ten,WR,,,3,6,0.0,0.0,,,,2.0,0.0,0.0,0.0,-0.2607767513443149,-0.08692558378143829,-1.608894674334981,-0.536298224778327,0.6666666666666666,0.0,,,,-0.08692558378143829,,,,
2019,4035670,Devonta'e Henry-Cole,254,Utah,Pac-12,RB,,,34,201,2.0,0.0,,,,5.911764705882353,0.058823529411764705,0.0,0.0,15.098665822103161,0.4440784065324459,5.519201682781051,0.1623294612582662,0.5294117647058824,0.23529411764705882,,,,0.5031809498063357,-0.27106238274039524,1.0979947205319878,,
2019,4035671,Tyler Huntley,254,Utah,Pac-12,QB,,,71,402,5.0,0.0,,,,5.661971830985915,0.07042253521126761,0.0,0.0,35.56949064275793,0.5009787414472947,17.07989484878323,0.24056189927863705,0.6056338028169014,0.19718309859154928,,,,0.7709135554300738,-0.18211455108623895,1.621116613127151,,
2019,4035676,Zack Moss,254,Utah,Pac-12,RB,,,216,1348,15.0,0.0,,,,6.2407407407407405,0.06944444444444445,0.0,0.0,94.39330798179937,0.43700605547129334,62.603315952909476,0.289830166448655,0.5185185185185185,0.16666666666666666,,,,0.43233053436845736,0.13954331306450918,0.8274368978793545,,
2019,4035680,Demari Simpkins,254,Utah,Pac-12,WR,,,6,19,1.0,0.0,,,,3.1666666666666665,0.16666666666666666,0.0,0.0,2.32140334876977,0.386900558128295,-0.7556815846827138,-0.1259469307804523,0.5,0.16666666666666666,,,,0.386900558128295,,1.5019315365935526,,
2019,4035691,Matt Fink,30,USC,Pac-12,QB,,,8,23,1.0,0.0,,,,2.875,0.125,0.0,0.0,3.0292232486556854,0.37865290608196067,0.616672895571801,0.07708411194647513,0.375,0.0,,,,-0.29763981771297726,,2.049651120439379,,
2019,4035695,Vavae Malepeai,30,USC,Pac-12,RB,,,105,493,6.0,0.0,,,,4.695238095238095,0.05714285714285714,0.0,0.0,29.006364422331853,0.2762510897364938,17.6890670421515,0.16846730516334762,0.580952380952381,0.11428571428571428,,,,0.27857347622491074,0.14331931853372581,1.0276024661505156,,
2019,4035702,Trevon Sidney,356,Illinois,Big Ten,WR,,,1,2,0.0,0.0,,,,2.0,0.0,0.0,0.0,-0.3793963740840649,-0.3793963740840649,-0.161561009875187,-0.161561009875187,0.0,0.0,,,,-0.3793963740840649,,-0.3793963740840649,,
2019,4035721,Jackson Anthrop,2509,Purdue,Big Ten,WR,,,10,44,0.0,0.0,,,,4.4,0.0,0.0,0.0,-3.4781698513885035,-0.34781698513885034,-3.5798476096380556,-0.35798476096380555,0.6,0.2,,,,0.1643546533679925,,-3.172292918098852,,
2019,4035765,Kare Lyles,79,Southern Illinois,MVFC,QB,,,4,35,1.0,0.0,,,,8.75,0.25,0.0,0.0,7.724530221625191,1.9311325554062977,5.094373624971602,1.2735934062429004,0.75,0.5,,,,2.3528895809119454,,3.3571366415072914,,
2019,4035767,Garrett Groshek,275,Wisconsin,Big Ten,RB,,,38,192,2.0,0.0,,,,5.052631578947368,0.05263157894736842,0.0,0.0,16.011693415388162,0.4213603530365306,11.395579683543774,0.2998836758827309,0.5263157894736842,0.07894736842105263,,,,0.3654676450693584,0.5188710952356377,0.9207161043575215,,
2019,4035770,Jack Dunn,275,Wisconsin,Big Ten,WR,,,2,7,1.0,0.0,,,,3.5,0.5,0.0,0.0,3.645285896474785,1.8226429482373925,2.211375851944214,1.105687925972107,1.0,0.0,,,,2.7995591794893677,0.8457267169854172,1.8226429482373925,,
2019,4035773,Mason Stokke,275,Wisconsin,Big Ten,FB,,,15,51,2.0,0.0,,,,3.4,0.13333333333333333,0.0,0.0,10.76673190135609,0.7177821267570726,9.738384305197766,0.6492256203465178,0.7333333333333333,0.0,,,,0.3609999280292336,0.9556369259089652,1.211756868301484,,
2019,4035776,Kendric Pryor,275,Wisconsin,Big Ten,WR,,,11,175,2.0,0.0,,,,15.909090909090908,0.18181818181818182,0.0,0.0,20.01738414160629,1.8197621946914808,12.776066000334392,1.1614605454849447,0.8181818181818182,0.2727272727272727,,,,2.0382213888458853,,0.8340528727592664,,
2019,4035792,A.J. Taylor,275,Wisconsin,Big Ten,WR,,,5,40,0.0,0.0,,,,8.0,0.0,0.0,0.0,4.810091737586241,0.9620183475172481,3.524257923620757,0.7048515847241514,1.0,0.4,,,,0.9424258404785211,0.300645314282765,2.352746327710553,,
2019,4035823,Devon Modster,25,California,Pac-12,QB,,,29,218,1.0,0.0,,,,7.517241379310345,0.034482758620689655,0.0,0.0,25.308385466712217,0.8727029471280074,21.163346660459467,0.7297705744986023,0.7931034482758621,0.27586206896551724,,,,0.3725162750215399,0.285726716985417,5.5995591794893675,,
2019,4035826,Demetric Felton,26,UCLA,Pac-12,RB,,,85,332,1.0,0.0,,,,3.9058823529411764,0.011764705882352941,0.0,0.0,-8.480071951235923,-0.09976555236748144,-12.353046018411161,-0.14532995315777836,0.4,0.07058823529411765,,,,0.06120147943395324,-0.8602473840511486,-0.9147479714320097,,
2019,4035847,Melquise Stovall,62,Hawai'i,Mountain West,WR,,,1,0,0.0,0.0,,,,0.0,0.0,0.0,0.0,-0.6999999999999997,-0.6999999999999997,-0.9262377870973815,-0.9262377870973815,0.0,0.0,,,,-0.6999999999999997,,,,
2019,4035851,Demetris Robertson,61,Georgia,SEC,WR,,,6,52,0.0,0.0,,,,8.666666666666666,0.0,0.0,0.0,2.7892124921840393,0.4648687486973399,1.5192842312515564,0.2532140385419261,0.5,0.5,,,,0.4648687486973399,-0.18935468571723524,,,
2019,4035862,Ricky Walker III,25,California,Pac-12,WR,,,1,-5,0.0,0.0,,,,-5.0,0.0,0.0,0.0,-1.3872241044972706,-1.3872241044972706,-1.5441410621986797,-1.5441410621986797,0.0,0.0,,,,-1.3872241044972706,,,,
2019,4035886,Khalil Herbert,2305,Kansas,Big 12,RB,,,42,373,2.0,0.0,,,,8.880952380952381,0.047619047619047616,0.0,0.0,23.788986522231056,0.5664044410055014,13.212832788455257,0.31459125686798234,0.47619047619047616,0.2857142857142857,,,,0.582771201032004,2.0506453142827654,1.4893283669700932,,
2019,4035894,Tyriek Starks,2504,Prairie View A&M,SWAC,QB,,,6,26,0.0,0.0,,,,4.333333333333333,0.0,0.0,0.0,3.0131685252405984,0.5021947542067664,-0.18338507590149788,-0.030564179316916313,0.5,0.16666666666666666,,,,0.05673925855088291,1.7568568053198326,,,
2019,4035995,Jawon Pass,97,Louisville,ACC,QB,,,13,126,2.0,0.0,,,,9.692307692307692,0.15384615384615385,0.0,0.0,17.637535783812407,1.3567335218317236,16.467184653850452,1.26670651183465,0.8461538461538461,0.46153846153846156,,,,1.14698372369484,2.280726716985417,4.5675615455347405,,
2019,4036032,Brittain Brown,150,Duke,ACC,RB,,,12,71,0.0,0.0,,,,5.916666666666667,0.0,0.0,0.0,3.104423967845234,0.25870199732043614,3.1616998092739985,0.26347498410616654,0.5,0.16666666666666666,,,,0.21806338644180154,0.6007267169854171,,,
2019,4036036,Elijah Deveaux,150,Duke,ACC,RB,,,6,18,0.0,0.0,,,,3.0,0.0,0.0,0.0,-0.007869418780034998,-0.0013115697966724997,0.28792203276684186,0.04798700546114031,0.3333333333333333,0.0,,,,-0.14148571965388052,,,,
2019,4036055,Maurice Ffrench,221,Pittsburgh,ACC,WR,,,9,22,0.0,0.0,,,,2.4444444444444446,0.0,0.0,0.0,-2.3336663297165323,-0.2592962588573925,-2.7912818679888116,-0.3101424297765346,0.4444444444444444,0.1111111111111111,,,,-0.07487558387872412,-0.027330829343369722,1.6799999999999997,,
2019,4036066,Aaron Mathews,221,Pittsburgh,ACC,WR,,,1,-4,0.0,0.0,,,,-4.0,0.0,0.0,0.0,-1.2591394354734562,-1.2591394354734562,-0.79592320899093,-0.79592320899093,0.0,0.0,,,,-1.2591394354734562,,,,
2019,4036149,Nate Stanley,2294,Iowa,Big Ten,QB,,,52,227,1.0,0.0,,,,4.365384615384615,0.019230769230769232,0.0,0.0,18.510322286917162,0.3559677362868685,25.13780435742394,0.48341931456584497,0.6923076923076923,0.09615384615384616,,,,0.09437223761386454,0.3918699319064787,0.3519917911307484,,
2019,4036156,Toren Young,2294,Iowa,Big Ten,RB,,,81,432,1.0,0.0,,,,5.333333333333333,0.012345679012345678,0.0,0.0,15.537919008375626,0.19182616059722996,6.072867703810152,0.07497367535568089,0.5061728395061729,0.12345679012345678,,,,0.16970654985496866,0.29716339821247756,0.3070921028232255,,
2019,4036210,Tyrrell Pigrome,120,Maryland,Big Ten,QB,,,32,237,2.0,0.0,,,,7.40625,0.0625,0.0,0.0,21.49574474238069,0.6717420231993966,14.208013319194844,0.4440004162248389,0.625,0.1875,,,,0.6883696226663838,1.667823671795747,-0.3692835889506374,,
2019,4036218,Lorenzo Harrison III,120,Maryland,Big Ten,RB,,,7,70,0.0,0.0,,,,10.0,0.0,0.0,0.0,4.745522223213283,0.6779317461733261,3.151807489198113,0.45025821274258754,0.5714285714285714,0.2857142857142857,,,,0.6779317461733261,0.1606453142827653,-0.5956321940777343,,
2019,4036222,LaDerrien Wilson,2065,Bethune-Cookman,MEAC,RB,,,3,0,0.0,0.0,,,,0.0,0.0,0.0,0.0,-1.7821746398042189,-0.594058213268073,-2.6648866005416547,-0.8882955335138849,0.3333333333333333,0.0,,,,-0.594058213268073,,,,
2019,4036224,Jake Funk,120,Maryland,Big Ten,RB,,,17,173,2.0,0.0,,,,10.176470588235293,0.11764705882352941,0.0,0.0,9.58989800028575,0.5641116470756323,3.8327400272865693,0.22545529572273937,0.35294117647058826,0.29411764705882354,,,,0.9793932328780869,,-0.3920342593405525,,
2019,4036225,Mike Shinsky,120,Maryland,Big Ten,PK,,,1,-10,0.0,0.0,,,,-10.0,0.0,0.0,0.0,-2.954229329473565,-2.954229329473565,-3.6731127276656803,-3.6731127276656803,0.0,0.0,,,,,,-2.954229329473565,,
2019,4036262,Brandon Peters,356,Illinois,Big Ten,QB,,,46,390,3.0,0.0,,,,8.478260869565217,0.06521739130434782,0.0,0.0,41.265085599127865,0.8970670782419101,30.690519109421075,0.6671851980308929,0.6956521739130435,0.32608695652173914,,,,1.0104669758876712,1.0178633584927088,1.0561693136159025,,
2019,4036281,Devon Benn,2582,Southern,SWAC,RB,,,4,36,0.0,0.0,,,,9.0,0.0,0.0,0.0,2.010215250243779,0.5025538125609448,1.6308480043778522,0.40771200109446304,0.5,0.25,,,,0.5025538125609448,,,,
2019,4036306,Darbbeon Profit,2582,Southern,SWAC,RB,,,1,2,0.0,0.0,,,,2.0,0.0,0.0,0.0,-0.379396374084064,-0.379396374084064,-0.63044122362105,-0.63044122362105,0.0,0.0,,,,-0.379396374084064,,,,
2019,4036354,Anthony Hawkins,36,Colorado State,Mountain West,CB,,,1,1,0.0,0.0,,,,1.0,0.0,0.0,0.0,-0.5442208381761082,-0.5442208381761082,-0.921128701529616,-0.921128701529616,0.0,0.0,,,,-0.5442208381761082,,,,
2019,4036357,Collin Hill,36,Colorado State,Mountain West,QB,,,6,31,1.0,0.0,,,,5.166666666666667,0.16666666666666666,0.0,0.0,4.108598546245029,0.6847664243741716,3.4735455683612004,0.5789242613935334,0.5,0.3333333333333333,,,,1.160376469702327,2.035726716985417,2.035726716985417,,
2019,4036360,Marvin Kinsey Jr.,36,Colorado State,Mountain West,RB,,,115,718,6.0,0.0,,,,6.243478260869566,0.05217391304347826,0.0,0.0,44.14948293741768,0.3839085472818929,27.108820991138927,0.23572887818381677,0.4956521739130435,0.1565217391304348,,,,0.3441138594552627,0.11013976553862745,0.49759224280249503,,
2019,4036378,Jordan Love,328,Utah State,Mountain West,QB,,,57,283,0.0,0.0,,,,4.964912280701754,0.0,0.0,0.0,16.457885505837226,0.2887348334357408,14.329750262097413,0.25139912740521775,0.5789473684210527,0.12280701754385964,,,,0.16723018267500392,-0.16951580331155278,-0.3684339376526559,,
2019,4036409,Tyler Burns,2306,Kansas State,Big 12,RB,,,26,148,2.0,0.0,,,,5.6923076923076925,0.07692307692307693,0.0,0.0,14.851757653504572,0.5712214482117143,6.566017804773508,0.2525391463374426,0.5,0.11538461538461539,,,,0.32449932206290727,0.8604573437560608,2.6863909778950283,,
2019,4036419,Skylar Thompson,2306,Kansas State,Big 12,QB,,,87,543,10.0,0.0,,,,6.241379310344827,0.11494252873563218,0.0,0.0,68.02961398925548,0.7819495860833964,43.374254485663215,0.49855464926049675,0.5862068965517241,0.26436781609195403,,,,0.45929886317957935,1.060353265406169,1.623602792205826,,
2019,4036429,Zac Thomas,2026,App State,Sun Belt,QB,,,75,492,7.0,0.0,,,,6.56,0.09333333333333334,0.0,0.0,62.702277392498004,0.8360303652333068,45.07098452573167,0.6009464603430889,0.64,0.2,,,,0.6226533382627235,2.129989173356088,1.483162994355889,,
2019,4036431,Darrynton Evans,2026,App State,Sun Belt,RB,,,234,1370,16.0,0.0,,,,5.854700854700854,0.06837606837606838,0.0,0.0,90.45841876510696,0.38657443916712375,48.583453349313004,0.20762159550988463,0.44017094017094016,0.1752136752136752,,,,0.31397883518402536,0.555772073379916,0.6084962475569886,,
2019,4036436,Marcus Williams Jr.,2026,App State,Sun Belt,RB,,,105,564,4.0,0.0,,,,5.371428571428571,0.0380952380952381,0.0,0.0,29.993675205267344,0.2856540495739747,9.970015320732083,0.09495252686411508,0.5047619047619047,0.1619047619047619,,,,0.2402986389605991,0.7883844556824425,0.6032375984492562,,
2019,4036448,Jalen Virgil,2026,App State,Sun Belt,WR,,,9,47,1.0,0.0,,,,5.222222222222222,0.1111111111111111,0.0,0.0,3.3696470386452404,0.37440522651613783,1.0682742414518138,0.11869713793909042,0.3333333333333333,0.3333333333333333,,,,0.508705879830655,,5.164220838176107,,
2019,4036473,Logan Bonner,2032,Arkansas State,Sun Belt,QB,,,8,66,1.0,0.0,,,,8.25,0.125,0.0,0.0,9.10872998330658,1.1385912479133224,8.789771178458597,1.0987213973073247,0.5,0.375,,,,0.6053205458937457,2.7357267169854174,0.4971686262697701,,
2019,4036485,CJ Marable,324,Coastal Carolina,Sun Belt,RB,,,203,1093,11.0,0.0,,,,5.384236453201971,0.054187192118226604,0.0,0.0,79.16606055459728,0.3899805938650112,55.78874654503025,0.2748214115518732,0.5221674876847291,0.1330049261083744,,,,0.3654881898496854,0.1984279164922293,0.7855267853289578,,
2019,4036488,Darryl Pearson Jr.,2011,Alabama State,SWAC,RB,,,1,-1,0.0,0.0,,,,-1.0,0.0,0.0,0.0,-1.1349185972973488,-1.1349185972973488,-1.1736841083794216,-1.1736841083794216,0.0,0.0,,,,,-1.1349185972973488,,,
2019,4036510,Messiah deWeaver,295,Old Dominion,Conference USA,QB,,,29,161,0.0,0.0,,,,5.551724137931035,0.0,0.0,0.0,11.315153430285243,0.3901777044925946,6.505554981702223,0.22432948212766285,0.4827586206896552,0.2413793103448276,,,,0.1796401965573144,-1.734661658686739,-0.4916421342354272,,
2019,4036516,Tra Barnett,2247,Georgia State,Sun Belt,RB,,,235,1377,12.0,0.0,,,,5.859574468085106,0.05106382978723404,0.0,0.0,92.80559773249873,0.39491743715956906,57.575285961628595,0.24500121685799403,0.5234042553191489,0.1702127659574468,,,,0.2686866874851748,0.5939366567878915,1.1916752485764068,,
2019,4036525,Devin Gentry,2247,Georgia State,Sun Belt,WR,,,3,9,0.0,0.0,,,,3.0,0.0,0.0,0.0,0.6565493268544564,0.21884977561815214,-0.017053773866574362,-0.005684591288858121,0.6666666666666666,0.3333333333333333,,,,-0.22691952440885044,,-2.203839048817701,,
2019,4036533,Matlin Marshall,2247,Georgia State,Sun Belt,WR,,,1,5,0.0,0.0,,,,5.0,0.0,0.0,0.0,0.8395591794893673,0.8395591794893673,1.4163984672587224,1.4163984672587224,1.0,0.0,,,,,,,,
2019,4036542,Darius Stubbs,2247,Georgia State,Sun Belt,RB,,,9,-6,0.0,0.0,,,,-0.6666666666666666,0.0,0.0,0.0,-5.100981245116446,-0.5667756939018274,-4.786427895213938,-0.5318253216904376,0.1111111111111111,0.0,,,,-0.7919450854900383,,,,
2019,4036585,Caleb Evans,2433,UL Monroe,Sun Belt,QB,,,124,904,12.0,0.0,,,,7.290322580645161,0.0967741935483871,0.0,0.0,104.45845656522314,0.8424069077840576,68.88943141084842,0.5555599307326485,0.6370967741935484,0.25,,,,0.6163336837241997,0.5736322467180036,1.270858137147242,,
2019,4036599,Kayin White,2433,UL Monroe,Sun Belt,RB,,,6,1,1.0,0.0,,,,0.16666666666666666,0.16666666666666666,0.0,0.0,0.30094288413173054,0.05015714735528842,-0.4602816078426907,-0.07671360130711512,0.16666666666666666,0.0,,,,-0.6086959582134216,3.435726716985417,0.9343880903916287,,
2019,4036650,Shai Werts,290,Georgia Southern,Sun Belt,WR,,,144,891,5.0,0.0,,,,6.1875,0.034722222222222224,0.0,0.0,52.71242625923901,0.3660585156891598,32.1579417915228,0.22331904021890836,0.4722222222222222,0.24305555555555555,,,,0.37404006816082813,0.3891533214267283,0.2201476160069591,,
2019,4036754,Austin Conway,2751,Wyoming,Mountain West,WR,,,6,42,0.0,0.0,,,,7.0,0.0,0.0,0.0,2.115359417807978,0.3525599029679964,1.0810820649252906,0.1801803441542151,0.6666666666666666,0.16666666666666666,,,,0.5630718835615957,,,,
2019,4036771,Trevion Armstrong,2097,Campbell,Big South,WR,,,1,2,0.0,0.0,,,,2.0,0.0,0.0,0.0,-0.39591059888544144,-0.39591059888544144,-0.08879732098822402,-0.08879732098822402,0.0,0.0,,,,,,,,
2019,4036788,Jaxson Kincaide,2440,Nevada,Mountain West,RB,,,32,136,1.0,0.0,,,,4.25,0.03125,0.0,0.0,2.9783483007683627,0.09307338439901133,-2.0203037250558604,-0.06313449140799564,0.34375,0.0625,,,,0.22776567533265984,-1.9273109796057164,-0.8663614293471271,,
2019,4036819,Chase Jasmin,21,San Diego State,Mountain West,RB,,,78,377,4.0,0.0,,,,4.833333333333333,0.05128205128205128,0.0,0.0,15.901698962936468,0.20386793542226242,13.941629786874833,0.17873884342147223,0.5256410256410257,0.14102564102564102,,,,0.13006399261189236,0.150040747742814,0.02612906285655301,,
2019,4036876,Jack Snyder,23,San José State,Mountain West,OT,,,1,4,1.0,0.0,,,,4.0,1.0,0.0,0.0,3.070388375672157,3.070388375672157,1.688190518713975,1.688190518713975,1.0,0.0,,,,3.070388375672157,,3.070388375672157,,
2019,4036923,Kelvin Hopkins Jr.,349,Army,FBS Independents,QB,,,132,754,8.0,0.0,,,,5.712121212121212,0.06060606060606061,0.0,0.0,73.50619406707584,0.5568651065687563,55.61376293116088,0.4213163858421279,0.6212121212121212,0.12121212121212122,,,,0.5335404704350357,0.9471470319165224,1.0382201229231613,,
2019,4036927,Malik McGue,2193,East Tennessee State,Southern,RB,,,1,-8,0.0,0.0,,,,-8.0,0.0,0.0,0.0,-1.7518893357312635,-1.7518893357312635,-2.6927316809937434,-2.6927316809937434,0.0,0.0,,,,-1.7518893357312635,,,,
2019,4036930,Rashaad Bolton,349,Army,FBS Independents,RB,,,10,32,1.0,0.0,,,,3.2,0.1,0.0,0.0,4.448126357390644,0.44481263573906443,2.205475183109952,0.2205475183109952,0.7,0.0,,,,0.46889383752581576,0.791905242866721,0.45078911923288745,,
2019,4036934,Malik Hancock,349,Army,FBS Independents,RB,,,9,83,1.0,0.0,,,,9.222222222222221,0.1111111111111111,0.0,0.0,10.775595744546479,1.1972884160607198,4.437103943223224,0.49301154924702495,0.6666666666666666,0.4444444444444444,,,,1.4344494680683098,,1.557720410255316,,
2019,4036942,Kell Walker,349,Army,FBS Independents,RB,,,51,396,3.0,0.0,,,,7.764705882352941,0.058823529411764705,0.0,0.0,30.332722471753037,0.5947592641520203,18.804476227027457,0.3687152201377933,0.6078431372549019,0.29411764705882354,,,,0.6506312600732456,,0.5475745492324295,,
2019,4036949,Connor Slomka,349,Army,FBS Independents,RB,,,140,610,7.0,0.0,,,,4.357142857142857,0.05,0.0,0.0,38.386669486206834,0.2741904963300488,12.132976619028778,0.08666411870734841,0.5,0.05714285714285714,,,,0.26307512734740773,0.19498663945606218,0.8245397206984839,,
2019,4036970,Christian Hayes,349,Army,FBS Independents,WR,,,1,35,0.0,0.0,,,,35.0,0.0,0.0,0.0,3.7642208381761075,3.7642208381761075,3.74296349748071,3.74296349748071,1.0,1.0,,,,,,,,
2019,4037118,Mo Hasan,238,Vanderbilt,SEC,QB,,,8,53,0.0,0.0,,,,6.625,0.0,0.0,0.0,3.831651861785603,0.47895648272320035,2.3400044657613934,0.2925005582201742,0.375,0.375,,,,-0.1367996379731724,-1.299743061389391,,,
2019,4037124,Sean Riley,183,Syracuse,ACC,WR,,,5,7,0.0,0.0,,,,1.4,0.0,0.0,0.0,-1.9719120035940727,-0.39438240071881453,-1.4445500894024006,-0.2889100178804801,0.2,0.0,,,,-0.25027070185282085,,-0.5239952679092545,,
2019,4037125,Moe Neal,183,Syracuse,ACC,RB,,,169,870,7.0,0.0,,,,5.14792899408284,0.04142011834319527,0.0,0.0,48.22840878921545,0.2853751999361861,18.867020208892512,0.1116391728336835,0.46153846153846156,0.13609467455621302,,,,0.20086022995795066,0.6894451330941878,0.44194096480566636,,
2019,4037213,Jamie Newman,154,Wake Forest,ACC,QB,,,156,701,6.0,0.0,,,,4.493589743589744,0.038461538461538464,0.0,0.0,40.4644797845488,0.25938769092659486,22.479006179233554,0.14409619345662536,0.5384615384615384,0.08974358974358974,,,,0.13340953599062533,0.16683174030641723,0.6182155371358699,,
2019,4037218,DeAndre' Delaney,154,Wake Forest,ACC,RB,,,19,51,0.0,0.0,,,,2.6842105263157894,0.0,0.0,0.0,-3.5457337096263806,-0.18661756366454635,-3.9411836777188203,-0.2074307198799379,0.3157894736842105,0.10526315789473684,,,,-0.07652669004501472,0.07572671698541722,-0.5442208381761078,,
2019,4037221,Cade Carney,154,Wake Forest,ACC,RB,,,157,615,5.0,0.0,,,,3.917197452229299,0.03184713375796178,0.0,0.0,8.768178592645254,0.0558482712907341,-0.10798421330945829,-0.000687797537002919,0.3885350318471338,0.08917197452229299,,,,0.052182676720686196,-0.22574195374184158,0.16755020991709452,,
2019,4037293,Lucas Johnson,59,Georgia Tech,ACC,QB,,,17,64,0.0,0.0,,,,3.764705882352941,0.0,0.0,0.0,1.50961138641489,0.08880066978911116,-0.01979295611562759,-0.0011642915362133877,0.4117647058823529,0.11764705882352941,,,,-0.17573863726438343,-1.1349185972973488,-0.09667126226847911,,
2019,4037295,Dedrick Mills,158,Nebraska,Big Ten,RB,,,139,696,10.0,0.0,,,,5.0071942446043165,0.07194244604316546,0.0,0.0,51.78618701331102,0.3725624964986404,31.725296494610138,0.22823954312669165,0.4676258992805755,0.16546762589928057,,,,0.3095834679984247,1.06347728403708,0.8222293055116981,,
2019,4037366,Ty Lee,2393,Middle Tennessee,Conference USA,WR,,,6,34,0.0,0.0,,,,5.666666666666667,0.0,0.0,0.0,0.9510477738086822,0.15850796230144704,0.7783598461740054,0.12972664102900092,0.3333333333333333,0.16666666666666666,,,,0.15850796230144704,,,,
2019,4037420,Drayton Arnold,236,Chattanooga,Southern,QB,,,2,9,0.0,0.0,,,,4.5,0.0,0.0,0.0,1.2442208381761075,0.6221104190880538,1.9330862325059108,0.9665431162529554,0.5,0.0,,,,-0.6999999999999997,,,,
2019,4037423,Bailey Cate,295,Old Dominion,Conference USA,P,,,1,12,0.0,0.0,,,,12.0,0.0,0.0,0.0,2.9400000000000004,2.9400000000000004,3.0649365606603522,3.0649365606603522,1.0,1.0,,,,,,,,
2019,4037449,Jack Allison,277,West Virginia,Big 12,QB,,,2,2,0.0,0.0,,,,1.0,0.0,0.0,0.0,-0.6084941211906902,-0.3042470605953451,-0.24454670925971023,-0.12227335462985511,0.0,0.0,,,,-0.5442208381761078,-0.06427328301458246,,,
2019,4037478,Gerrid Doaks,2132,Cincinnati,American Athletic,RB,,,95,492,5.0,0.0,,,,5.178947368421053,0.05263157894736842,0.0,0.0,30.21052579195479,0.3180055346521557,11.660956462934575,0.12274691013615342,0.5684210526315789,0.12631578947368421,,,,0.39134640379713276,0.5505076141901417,0.39892601775034225,,
2019,4037495,Jake Sopko,2132,Cincinnati,American Athletic,QB,,,1,2,0.0,0.0,,,,2.0,0.0,0.0,0.0,0.0638324625039508,0.0638324625039508,-0.5717171851511065,-0.5717171851511065,1.0,0.0,,,,,,,,
2019,4037512,Jordon Brown,2306,Kansas State,Big 12,?,,,82,375,4.0,0.0,,,,4.573170731707317,0.04878048780487805,0.0,0.0,17.03861352746674,0.20778796984715536,2.100332206682159,0.02561380739856291,0.4268292682926829,0.12195121951219512,,,,0.1676819118720687,0.6879440227780541,0.6836247873252227,,
2019,4037514,Rontavius Groves,153,North Carolina,ACC,WR,,,3,11,0.0,0.0,,,,3.6666666666666665,0.0,0.0,0.0,0.5414973875118507,0.18049912917061692,-0.2349528044941384,-0.07831760149804613,0.6666666666666666,0.0,,,,0.18049912917061692,,0.5327463277105524,,
2019,4037556,Steven Duncan,98,Western Kentucky,Conference USA,QB,,,11,35,1.0,0.0,,,,3.1818181818181817,0.09090909090909091,0.0,0.0,5.391526330515511,0.4901387573195919,4.585118922828325,0.4168289929843932,0.7272727272727273,0.0,,,,0.08548522809483557,0.43069958275120007,2.1316958209966588,,
2019,4037564,Jahcour Pearson,98,Western Kentucky,Conference USA,WR,,,5,-12,0.0,0.0,,,,-2.4,0.0,0.0,0.0,-4.539845118998711,-0.9079690237997422,-5.740434339056589,-1.1480868678113176,0.2,0.0,,,,-0.9079690237997422,,-0.30108613479339885,,
2019,4037568,Gaej Walker,98,Western Kentucky,Conference USA,RB,,,239,1244,8.0,0.0,,,,5.205020920502092,0.03347280334728033,0.0,0.0,52.81578323615765,0.22098654073706128,14.302542897997327,0.059843275723838185,0.4560669456066946,0.11715481171548117,,,,0.16851226421468884,0.6723516106826304,0.6524951183904643,,
2019,4037575,Cole Blackman,2287,Illinois State,MVFC,WR,,,1,2,0.0,0.0,,,,2.0,0.0,0.0,0.0,-0.42126438815546763,-0.42126438815546763,-0.14854839026597144,-0.14854839026597144,0.0,0.0,,,,-0.42126438815546763,,,,
2019,4037591,Joe Reed,258,Virginia,ACC,WR,,,8,42,0.0,0.0,,,,5.25,0.0,0.0,0.0,0.5482245614011678,0.06852807017514598,0.8757333190979921,0.10946666488724902,0.375,0.125,,,,0.029198871271030966,,-0.5098217466379302,,
2019,4037603,Josh Jackson,120,Maryland,Big Ten,QB,,,28,99,0.0,0.0,,,,3.5357142857142856,0.0,0.0,0.0,1.6037789859386429,0.057277820926380105,3.9759801540751045,0.14199929121696803,0.42857142857142855,0.10714285714285714,,,,-0.17713004660053755,-0.0484349069521965,-0.400128469305304,,
2019,4037631,Abdul Adams,183,Syracuse,ACC,RB,,,86,334,3.0,0.0,,,,3.883720930232558,0.03488372093023256,0.0,0.0,11.408719045635436,0.13265952378645857,0.649579895003614,0.007553254593065279,0.4069767441860465,0.08139534883720931,,,,0.03524722319197157,0.26899377125113366,0.8385133436411226,,
2019,4037642,Austin Kendall,277,West Virginia,Big 12,QB,,,33,166,1.0,0.0,,,,5.03030303030303,0.030303030303030304,0.0,0.0,8.054386011026434,0.2440723033644374,6.403679335757997,0.19405088896236355,0.5757575757575758,0.18181818181818182,,,,0.19238857185404684,0.5178579451707527,0.35680814894868174,,
2019,4038220,Cole McDonald,62,Hawai'i,Mountain West,QB,,,74,509,7.0,0.0,,,,6.878378378378378,0.0945945945945946,0.0,0.0,60.142450966861254,0.8127358238765034,42.88942607881005,0.5795868389028385,0.6486486486486487,0.22972972972972974,,,,0.7723806874499816,0.9768480248487865,1.14605736933385,,
2019,4038224,Dru Brown,197,Oklahoma State,Big 12,QB,,,15,65,1.0,0.0,,,,4.333333333333333,0.06666666666666667,0.0,0.0,5.94396902749919,0.39626460183327933,0.8323158670814829,0.055487724472098855,0.6,0.13333333333333333,,,,0.38922303618083487,-0.6999999999999997,1.558934786827119,,
2019,4038226,Fred Holly III,62,Hawai'i,Mountain West,RB,,,51,283,2.0,0.0,,,,5.549019607843137,0.0392156862745098,0.0,0.0,17.565395755428277,0.3444195246162407,11.271532319072506,0.22101043762887265,0.5294117647058824,0.21568627450980393,,,,0.16670451836559452,0.4703714987629738,1.3581748720710383,,
2019,4038437,A.J. Green,197,Oklahoma State,Big 12,CB,,,1,2,0.0,0.0,,,,2.0,0.0,0.0,0.0,-0.3293546857172345,-0.3293546857172345,-0.1199840547304393,-0.1199840547304393,0.0,0.0,,,,-0.3293546857172345,-0.3293546857172345,,,
2019,4038438,LD Brown,197,Oklahoma State,Big 12,RB,,,40,266,2.0,0.0,,,,6.65,0.05,0.0,0.0,12.737187109367195,0.31842967773417985,5.711976144294365,0.14279940360735913,0.4,0.125,,,,0.15986104478571145,0.5876164807699251,0.41295889564650345,,
2019,4038460,Dillon Stoner,197,Oklahoma State,Big 12,WR,,,1,12,0.0,0.0,,,,12.0,0.0,0.0,0.0,2.4504408205106314,2.4504408205106314,1.414725016323065,1.414725016323065,1.0,1.0,,,,2.4504408205106314,,2.4504408205106314,,
2019,4038520,Reid Herring,151,East Carolina,American Athletic,QB,,,2,12,1.0,0.0,,,,6.0,0.5,0.0,0.0,3.820603625915935,1.9103018129579674,2.330005898876792,1.165002949438396,0.5,0.5,,,,1.9103018129579674,,1.9103018129579674,,
2019,4038521,Hussein Howe,151,East Carolina,American Athletic,RB,,,20,68,0.0,0.0,,,,3.4,0.0,0.0,0.0,-2.9468180735892258,-0.1473409036794613,-1.8589977271485645,-0.09294988635742822,0.3,0.1,,,,-0.3356030572147394,-0.3545959401559656,-0.917459298648674,,
2019,4038533,Darius Anderson,2628,TCU,Big 12,RB,,,151,838,6.0,0.0,,,,5.549668874172186,0.039735099337748346,0.0,0.0,40.797866539211846,0.270184546617297,17.250479786015013,0.1142415879868544,0.45695364238410596,0.1456953642384106,,,,0.22873674175750516,-0.019403335382316422,0.8894397415736851,,
2019,4038539,Sewo Olonilua,2628,TCU,Big 12,RB,,,131,547,7.0,0.0,,,,4.175572519083969,0.05343511450381679,0.0,0.0,38.33263930270962,0.29261556719625664,27.173599521730377,0.20743205741778914,0.5267175572519084,0.06870229007633588,,,,0.13533378314617275,0.5484274197968682,0.4819437821590787,,
2019,4038713,Trevon Sands,58,South Florida,American Athletic,RB,,,48,210,2.0,0.0,,,,4.375,0.041666666666666664,0.0,0.0,8.760072042605174,0.18250150088760778,8.086464418721702,0.16846800872336878,0.4166666666666667,0.14583333333333334,,,,0.14532653352322303,0.12917107092959976,1.2517104278580937,,
2019,4038721,Mohamed Jabbie,164,Rutgers,Big Ten,WR,,,1,4,0.0,0.0,,,,4.0,0.0,0.0,0.0,0.3425680743484838,0.3425680743484838,-0.1052988296867126,-0.1052988296867126,1.0,0.0,,,,0.3425680743484838,,,,
2019,4038741,Kato Nelson,2006,Akron,Mid-American,QB,,,66,356,0.0,0.0,,,,5.393939393939394,0.0,0.0,0.0,17.774555503062338,0.26931144701609605,11.568663774976798,0.17528278446934542,0.5606060606060606,0.21212121212121213,,,,0.20111772077677414,-0.06897368352661211,-0.2155415142713514,,
2019,4038809,Jake Bentley,2579,South Carolina,SEC,QB,,,3,14,0.0,0.0,,,,4.666666666666667,0.0,0.0,0.0,0.8814852669371998,0.2938284223123999,0.40678041078053717,0.13559347026017907,0.3333333333333333,0.0,,,,0.2938284223123999,,,,
2019,4038815,Rico Dowdle,2579,South Carolina,SEC,RB,,,104,500,4.0,0.0,,,,4.8076923076923075,0.038461538461538464,0.0,0.0,17.331000159703937,0.16664423230484554,4.988905541358808,0.04797024558998854,0.38461538461538464,0.14423076923076922,,,,0.16728734560699887,0.17029363972001532,0.5943129058271378,,
2019,4038818,Bryan Edwards,2579,South Carolina,SEC,WR,,,2,22,0.0,0.0,,,,11.0,0.0,0.0,0.0,1.7504408205106308,0.8752204102553154,0.514904729157402,0.257452364578701,1.0,0.5,,,,0.8752204102553154,,,,
2019,4038822,C.J. Freeman,2097,Campbell,Big South,RB,,,5,19,0.0,0.0,,,,3.8,0.0,0.0,0.0,-0.36031970347215814,-0.07206394069443163,0.6473976416544646,0.1294795283308929,0.4,0.2,,,,-0.2840116051143937,0.7757267169854167,,,
2019,4038902,Shaun Bradley,218,Temple,American Athletic,LB,,,4,12,0.0,0.0,,,,3.0,0.0,0.0,0.0,-0.1391183589787357,-0.034779589744683925,-1.4723382868628292,-0.3680845717157073,0.5,0.0,,,,-0.06765027382756202,,,,
2019,4038918,Justin Agner,2226,Florida Atlantic,Conference USA,QB,,,1,2,0.0,0.0,,,,2.0,0.0,0.0,0.0,-0.3793963740840649,-0.3793963740840649,-0.548127712470997,-0.548127712470997,0.0,0.0,,,,-0.3793963740840649,,,,
2019,4038930,Kavious Price,2309,Kent State,Mid-American,WR,,,9,30,0.0,0.0,,,,3.3333333333333335,0.0,0.0,0.0,-0.9144494294616452,-0.10160549216240503,-3.2823120587442234,-0.36470133986046926,0.4444444444444444,0.1111111111111111,,,,-0.08631602070676424,,,,
2019,4038931,Mike Carrigan,2309,Kent State,Mid-American,WR,,,1,3,0.0,0.0,,,,3.0,0.0,0.0,0.0,-0.20339164199331927,-0.20339164199331927,-0.4315308590496248,-0.4315308590496248,0.0,0.0,,,,-0.20339164199331927,,,,
2019,4038940,Terry Wilson,96,Kentucky,SEC,QB,,,13,63,1.0,0.0,,,,4.846153846153846,0.07692307692307693,0.0,0.0,5.671703219774576,0.4362848630595828,2.431645278717066,0.1870496368243897,0.6923076923076923,0.15384615384615385,,,,0.3324880236312634,2.4706453142827653,1.7191551196453339,,
2019,4038941,Justin Herbert,2483,Oregon,Pac-12,QB,,,24,185,4.0,0.0,,,,7.708333333333333,0.16666666666666666,0.0,0.0,25.32059980599174,1.0550249919163226,14.83398910738692,0.618082879474455,0.625,0.2916666666666667,,,,0.9756529023759841,,1.8155574709487994,,
2019,4038973,Zach Kahn,193,Miami (OH),Mid-American,RB,,,23,71,1.0,0.0,,,,3.0869565217391304,0.043478260869565216,0.0,0.0,-1.7009920375697432,-0.07395617554651057,-2.8412507131515587,-0.12353263970224168,0.30434782608695654,0.08695652173913043,,,,0.03358171023031978,1.2353226571413827,1.5351941878360784,,
2019,4039008,Kamari Pleasant,264,Washington,Pac-12,RB,,,16,35,0.0,0.0,,,,2.1875,0.0,0.0,0.0,-5.101828190411843,-0.3188642619007402,-3.146214500692171,-0.19663840629326068,0.3125,0.0,,,,0.05142662903736221,-1.2820592956450203,-0.3934627918907192,,
2019,4039009,Sean McGrew,264,Washington,Pac-12,RB,,,55,325,1.0,0.0,,,,5.909090909090909,0.01818181818181818,0.0,0.0,12.601162015138254,0.22911203663887733,5.154811436903888,0.09372384430734342,0.509090909090909,0.18181818181818182,,,,0.17930755241724777,0.9917543363877369,0.15783715635120843,,
2019,4039034,Shane Buechele,2567,SMU,American Athletic,QB,,,47,222,2.0,0.0,,,,4.723404255319149,0.0425531914893617,0.0,0.0,6.505069386823672,0.13840573163454623,3.147610510961643,0.0669704364034392,0.40425531914893614,0.14893617021276595,,,,-0.011499967457567336,-0.8306440492450529,-0.16492004406709732,,
2019,4039050,Devin Duvernay,251,Texas,Big 12,WR,,,10,39,1.0,0.0,,,,3.9,0.1,0.0,0.0,4.357981929800786,0.4357981929800786,4.553258410860266,0.45532584108602664,0.5,0.2,,,,-0.20152782049641832,0.7057267169854167,0.9375294803518178,,
2019,4039062,Kyle Porter,248,Houston,American Athletic,RB,,,130,621,3.0,0.0,,,,4.776923076923077,0.023076923076923078,0.0,0.0,18.737030672685737,0.14413100517450567,5.254368298920274,0.040418217684002104,0.46153846153846156,0.14615384615384616,,,,0.07563662793816742,0.21939767305181634,0.32259911134963354,,
2019,4039073,Mason Fine,249,North Texas,Conference USA,QB,,,26,91,2.0,0.0,,,,3.5,0.07692307692307693,0.0,0.0,5.648101773285146,0.21723468358789022,0.7141321120897839,0.02746661969576092,0.4230769230769231,0.11538461538461539,,,,0.26685289570836923,,0.8697143641238639,,
2019,4039083,Nic Smith,249,North Texas,Conference USA,RB,,,33,107,0.0,0.0,,,,3.242424242424242,0.0,0.0,0.0,-5.370817740571258,-0.1627520527445836,-7.301576652130342,-0.22125989854940428,0.3939393939393939,0.06060606060606061,,,,-0.1409664868795773,-0.6520959401559656,-1.3243656296510187,,
2019,4039160,Kylen Granson,2567,SMU,American Athletic,TE,,,2,11,0.0,0.0,,,,5.5,0.0,0.0,0.0,0.786216654952411,0.3931083274762055,0.8709647766230004,0.4354823883115002,0.5,0.0,,,,0.3931083274762055,,,,
2019,4039210,Drew Plitt,2050,Ball State,Mid-American,QB,,,59,355,5.0,0.0,,,,6.016949152542373,0.0847457627118644,0.0,0.0,37.13814358578713,0.629460060776053,26.926042669028398,0.45637360455980336,0.576271186440678,0.22033898305084745,,,,0.5083945473423369,1.007406642157208,0.7590159053046666,,
2019,4039234,Kennedy McKoy,277,West Virginia,Big 12,RB,,,99,323,3.0,0.0,,,,3.2626262626262625,0.030303030303030304,0.0,0.0,-9.610810314675232,-0.09707889206742659,-13.843286848527436,-0.13983118028815592,0.31313131313131315,0.10101010101010101,,,,-0.09990612281793941,-0.23009013759876817,0.1317491417026875,,
2019,4039262,Kumehnnu Gwilly,2117,Central Michigan,Mid-American,LB,,,20,86,0.0,0.0,,,,4.3,0.0,0.0,0.0,2.09601548856239,0.1048007744281195,0.23475664708308774,0.011737832354154386,0.55,0.05,,,,0.13447110698597972,0.7481860156340916,-0.2014017967397804,,
2019,4039268,Tommy Lazzaro,2117,Central Michigan,Mid-American,QB,,,22,84,5.0,0.0,,,,3.8181818181818183,0.22727272727272727,0.0,0.0,18.9478956591901,0.8612679845086408,11.639677405242292,0.5290762456928314,0.5,0.045454545454545456,,,,0.7906218976172166,0.8904844779902782,2.190528250261431,,
2019,4039274,Jonathan Ward,2117,Central Michigan,Mid-American,RB,,,150,926,14.0,0.0,,,,6.173333333333333,0.09333333333333334,0.0,0.0,81.31840695488947,0.5421227130325964,49.33767473398396,0.32891783155989307,0.58,0.14,,,,0.49389939404015776,0.4058702378954666,1.2749503944841232,,
2019,4039294,Mulbah Car,248,Houston,American Athletic,RB,,,59,377,3.0,0.0,,,,6.389830508474576,0.05084745762711865,0.0,0.0,23.006371488713068,0.38993849980869605,11.447632423032235,0.19402766818698705,0.5423728813559322,0.2033898305084746,,,,0.441680021963854,0.5073523532955905,0.2784916152012629,,
2019,4039300,D'Eriq King,248,Houston,American Athletic,QB,,,43,341,6.0,0.0,,,,7.930232558139535,0.13953488372093023,0.0,0.0,50.86529418654523,1.1829138182917496,36.318354543887246,0.8446128963694708,0.7209302325581395,0.32558139534883723,,,,0.6847141183447931,2.525726716985417,1.852847366111469,,
2019,4039307,Marquez Stevenson,248,Houston,American Athletic,WR,,,9,89,0.0,0.0,,,,9.88888888888889,0.0,0.0,0.0,6.5014950172944275,0.7223883352549364,5.403831854420452,0.6004257616022725,0.6666666666666666,0.5555555555555556,,,,0.7223883352549364,,,,
2019,4039326,Willie Parker,2199,Eastern Michigan,Mid-American,RB,,,37,150,2.0,0.0,,,,4.054054054054054,0.05405405405405406,0.0,0.0,13.043241963066308,0.35252005305584616,2.031075929215238,0.05489394403284427,0.40540540540540543,0.13513513513513514,,,,0.14176509195524392,1.9895368584713404,0.8079082291837153,,
2019,4039339,Mathew Sexton,2199,Eastern Michigan,Mid-American,WR,,,5,14,0.0,0.0,,,,2.8,0.0,0.0,0.0,-0.9665602032155705,-0.19331204064311408,-1.103860562330675,-0.22077211246613498,0.2,0.0,,,,-0.19331204064311408,,-0.37939637408406446,,
2019,4039354,David Moore,2117,Central Michigan,Mid-American,QB,,,15,62,1.0,0.0,,,,4.133333333333334,0.06666666666666667,0.0,0.0,5.773120281652219,0.3848746854434813,7.202167872871019,0.48014452485806797,0.6,0.13333333333333333,,,,0.437131130670617,0.49429503773906314,0.6807385372162003,,
2019,4039358,Patrick Taylor Jr.,235,Memphis,American Athletic,RB,,,66,301,5.0,0.0,,,,4.5606060606060606,0.07575757575757576,0.0,0.0,23.968215372647606,0.36315477837344856,13.162112718678795,0.19942595028301205,0.5909090909090909,0.16666666666666666,,,,0.28090540069026,0.1588864629697709,1.1363762933397539,,
2019,4039385,Kentrail Moran,167,New Mexico,Mountain West,RB,,,27,100,2.0,0.0,,,,3.7037037037037037,0.07407407407407407,0.0,0.0,6.500592681104346,0.24076269189275357,1.6000154609879367,0.0592598318884421,0.5925925925925926,0.0,,,,0.20564410715751258,0.3837569299907123,1.5557779565841034,,
2019,4039390,Tevaka Tuioti,167,New Mexico,Mountain West,QB,,,36,353,0.0,0.0,,,,9.805555555555555,0.0,0.0,0.0,25.213860246578513,0.7003850068494031,23.815130719304452,0.6615314088695681,0.75,0.3611111111111111,,,,0.5358104049997383,0.3677819557900568,-1.546248940198701,,
2019,4039393,Daevon Vigilant,167,New Mexico,Mountain West,RB,,,17,53,1.0,0.0,,,,3.1176470588235294,0.058823529411764705,0.0,0.0,0.9489209924010487,0.055818881905944036,0.4771341516559706,0.02806671480329239,0.35294117647058826,0.11764705882352941,,,,0.046143189339836195,1.2731860156340913,0.8045745296790032,,
2019,4039394,Jay Griffin IV,167,New Mexico,Mountain West,WR,,,3,12,0.0,0.0,,,,4.0,0.0,0.0,0.0,0.2705619375491064,0.0901873125163688,-0.2560631704035999,-0.08535439013453329,0.3333333333333333,0.0,,,,0.0901873125163688,,,,
2019,4039418,Tazh Maloy,2426,Navy,American Athletic,WR,,,32,267,1.0,0.0,,,,8.34375,0.03125,0.0,0.0,28.02451171620241,0.8757659911313254,17.485238288878307,0.5464136965274471,0.84375,0.375,,,,0.9336163603000001,0.1428633584927086,1.0800635189627759,,
2019,4039419,Travis Brannan,2426,Navy,American Athletic,WR,,,1,20,0.0,0.0,,,,20.0,0.0,0.0,0.0,2.5918893357312633,2.5918893357312633,3.340126338603567,3.340126338603567,1.0,1.0,,,,2.5918893357312633,,,,
2019,4039436,Malcolm Perry,2426,Navy,American Athletic,QB,,,247,1788,19.0,0.0,,,,7.238866396761134,0.07692307692307693,0.0,0.0,186.90001175902665,0.7566802095507152,127.7659457477059,0.5172710354158133,0.5910931174089069,0.22267206477732793,,,,0.5592878892474794,1.0412106940057073,1.4289802174512325,,
2019,4039467,Tre Harbison,2459,Northern Illinois,Mid-American,RB,,,219,1004,8.0,0.0,,,,4.584474885844749,0.0365296803652968,0.0,0.0,37.16268852865022,0.16969264168333434,9.537871905083342,0.043551926507229874,0.4657534246575342,0.1095890410958904,,,,0.2227087631218375,-0.31931095052149155,0.4034513750610311,,
2019,4039468,Andrew Parchment,2305,Kansas,Big 12,WR,,,1,0,0.0,0.0,,,,0.0,0.0,0.0,0.0,-0.7780617919775161,-0.7780617919775161,-1.9520296403512472,-1.9520296403512472,0.0,0.0,,,,,-0.7780617919775161,,,
2019,4039470,Marcus Childers,2459,Northern Illinois,Mid-American,QB,,,45,386,5.0,0.0,,,,8.577777777777778,0.1111111111111111,0.0,0.0,46.94126933009551,1.043139318446567,37.282614028542426,0.8285025339676094,0.7111111111111111,0.28888888888888886,,,,0.7553626186378651,2.1250915416475857,1.846100193305015,,
2019,4039494,Ronnie Jones,2649,Toledo,Mid-American,RB,,,34,233,4.0,0.0,,,,6.852941176470588,0.11764705882352941,0.0,0.0,28.820601324760094,0.8476647448458852,18.52252551474348,0.5447801621983377,0.6470588235294118,0.17647058823529413,,,,0.862402321495791,0.646568454867172,1.481488712804779,,
2019,4039495,Eli Peters,2649,Toledo,Mid-American,QB,,,7,63,0.0,0.0,,,,9.0,0.0,0.0,0.0,3.5307347560029485,0.5043906794289926,1.887188747980582,0.2695983925686546,0.7142857142857143,0.2857142857142857,,,,0.4588746807261861,0.775726716985417,-0.5442208381761078,,
2019,4039503,Shakif Seymour,2649,Toledo,Mid-American,RB,,,153,772,5.0,0.0,,,,5.045751633986928,0.032679738562091505,0.0,0.0,39.180657656847316,0.2560827297833158,20.764813203427643,0.13571773335573623,0.48366013071895425,0.13071895424836602,,,,0.2016135438298201,0.48109721464516325,0.7796794781966748,,
2019,4039602,Khalil Tate,12,Arizona,Pac-12,QB,,,70,539,3.0,0.0,,,,7.7,0.04285714285714286,0.0,0.0,48.583993559098424,0.6940570508442632,32.648335448705744,0.46640479212436775,0.6,0.22857142857142856,,,,0.3563809833133234,1.3431860156340911,1.0795812831323484,,
2019,4039607,J.J. Taylor,12,Arizona,Pac-12,RB,,,147,738,4.0,0.0,,,,5.020408163265306,0.027210884353741496,0.0,0.0,32.217025463510936,0.2191634385272853,19.505099087304615,0.13268774889322868,0.5102040816326531,0.19047619047619047,,,,0.20053313801833886,-0.07339381652429049,0.27247873920060556,,
2019,4039669,Corey Taylor II,202,Tulsa,American Athletic,RB,,,118,477,6.0,0.0,,,,4.0423728813559325,0.05084745762711865,0.0,0.0,18.221960396930065,0.15442339319432258,10.223554536151628,0.08664029267925108,0.4067796610169492,0.11016949152542373,,,,0.062147235927429156,0.7543146743772057,0.5184300580607389,,
2019,4039901,Sawyer Smith,96,Kentucky,SEC,QB,,,14,55,1.0,0.0,,,,3.9285714285714284,0.07142857142857142,0.0,0.0,8.067474393423105,0.5762481709587932,8.17504711321673,0.5839319366583379,0.7142857142857143,0.07142857142857142,,,,0.6122321942994132,0.8177267169854172,2.104678985425362,,
2019,4039906,Jabir Daughtry-Frye,2653,Troy,Sun Belt,RB,,,32,149,2.0,0.0,,,,4.65625,0.0625,0.0,0.0,10.443510463165735,0.3263597019739292,4.669104696020152,0.14590952175062974,0.5625,0.15625,,,,0.3145712810632518,0.5455325319667423,0.5996854848658594,,
2019,4039910,Kaleb Barker,2653,Troy,Sun Belt,QB,,,57,322,2.0,0.0,,,,5.649122807017544,0.03508771929824561,0.0,0.0,26.26582004126062,0.46080386037299337,14.822911908189637,0.2600510861085901,0.5964912280701754,0.24561403508771928,,,,0.2500732950738199,-0.11153848735725706,0.9973744509502449,,
2019,4039912,B.J. Smith,2653,Troy,Sun Belt,RB,,,11,116,1.0,0.0,,,,10.545454545454545,0.09090909090909091,0.0,0.0,8.804590496990958,0.8004173179082689,3.522453347007587,0.3202230315461443,0.36363636363636365,0.2727272727272727,,,,0.8004173179082689,,-0.8557791618238921,,
2019,4039932,Tanner Blatt,2653,Troy,Sun Belt,RB,,,11,44,0.0,0.0,,,,4.0,0.0,0.0,0.0,1.8465296727581428,0.1678663338871039,0.21092255098683527,0.01917477736243957,0.45454545454545453,0.09090909090909091,,,,-0.018416128769483675,0.2203226571413821,0.7057267169854158,,
2019,4040407,Jack Abraham,2572,Southern Miss,Conference USA,QB,,,58,288,6.0,0.0,,,,4.9655172413793105,0.10344827586206896,0.0,0.0,40.13407510278753,0.6919668121170264,32.28635503170934,0.556661293650161,0.603448275862069,0.1896551724137931,,,,0.3399817877956998,0.6435978623019757,0.9918877203095846,,
2019,4040419,Bobby Holly,2348,Louisiana Tech,Conference USA,FB,,,5,13,1.0,0.0,,,,2.6,0.2,0.0,0.0,2.053646591712406,0.41072931834248116,1.8539457314907195,0.3707891462981439,0.4,0.0,,,,0.41072931834248116,2.7357267169854174,2.7357267169854174,,
2019,4040434,Israel Tucker,2348,Louisiana Tech,Conference USA,RB,,,65,340,2.0,0.0,,,,5.230769230769231,0.03076923076923077,0.0,0.0,6.724421669077458,0.10345264106273012,-1.8573004921315412,-0.028573853725100636,0.47692307692307695,0.12307692307692308,,,,0.2520416736788174,-0.7793029959806547,-0.07938095559863219,,
2019,4040522,Robert Brown Jr.,326,Texas State,Sun Belt,RB,,,28,161,1.0,0.0,,,,5.75,0.03571428571428571,0.0,0.0,7.7100249346024565,0.27535803337865916,2.9270868774753,0.10453881705268929,0.4642857142857143,0.14285714285714285,,,,0.3648159274945342,-0.6999999999999997,1.029354685717235,,
2019,4040546,Hutch White,326,Texas State,Sun Belt,WR,,,3,-3,0.0,0.0,,,,-1.0,0.0,0.0,0.0,-2.435403476392234,-0.8118011587974113,-2.2780447577574447,-0.759348252585815,0.0,0.0,,,,-0.8118011587974113,,,,
2019,4040553,Anthony D. Taylor,326,Texas State,Sun Belt,RB,,,57,199,0.0,0.0,,,,3.491228070175439,0.0,0.0,0.0,-4.383434660827799,-0.07690236247066314,-6.124371319942579,-0.10744511087618559,0.2807017543859649,0.08771929824561403,,,,-0.14865779640906576,-0.11332632789760877,-0.23356200646487363,,
2019,4040625,Demario McCall,194,Ohio State,Big Ten,WR,,,18,122,2.0,0.0,,,,6.777777777777778,0.1111111111111111,0.0,0.0,12.054760919825734,0.6697089399903186,3.2281800157956124,0.17934333421086734,0.5,0.2222222222222222,,,,0.5015263769880297,,4.697018478138041,,
2019,4040629,Antonio Williams,153,North Carolina,ACC,RB,,,47,331,3.0,0.0,,,,7.042553191489362,0.06382978723404255,0.0,0.0,24.95769449280008,0.5310147764425549,19.464141371400626,0.41413066747660904,0.6170212765957447,0.2553191489361702,,,,0.7719328773157279,0.3785085336901149,0.9883132329935991,,
2019,4040640,Darius Bradwell,2655,Tulane,American Athletic,RB,,,109,494,2.0,0.0,,,,4.532110091743119,0.01834862385321101,0.0,0.0,16.644311543651174,0.15270010590505664,-0.8658755553342504,-0.007943812434259179,0.48623853211009177,0.11009174311926606,,,,0.07889286179127566,-0.03621125343488408,0.3425480972658637,,
2019,4040641,Johnathan Brantley,2197,Eastern Illinois,OVC,QB,,,8,21,0.0,0.0,,,,2.625,0.0,0.0,0.0,-0.6096959381143336,-0.0762119922642917,0.9465542598737287,0.11831928248421608,0.5,0.0,,,,-0.7572456925380383,1.4906453142827658,,,
2019,4040715,Jalen Hurts,201,Oklahoma,Big 12,QB,,,185,1324,20.0,0.0,,,,7.1567567567567565,0.10810810810810811,0.0,0.0,159.47697576350708,0.862037706829768,107.62249467837098,0.581743214477681,0.7081081081081081,0.23243243243243245,,,,0.7630033400211326,0.937130442760977,1.4951070953490346,,
2019,4040723,T.J. Simmons,277,West Virginia,Big 12,WR,,,1,-4,0.0,0.0,,,,-4.0,0.0,0.0,0.0,-1.439743061389391,-1.439743061389391,-2.0191368627498623,-2.0191368627498623,0.0,0.0,,,,-1.439743061389391,,,,
2019,4040728,Trey Ragas,309,Louisiana,Sun Belt,RB,,,113,793,11.0,0.0,,,,7.017699115044247,0.09734513274336283,0.0,0.0,73.20274350740404,0.6478118894460534,40.74392282826136,0.36056568874567574,0.5486725663716814,0.18584070796460178,,,,0.5298619741476075,0.8004035228132664,0.7769971923268647,,
2019,4040732,Raymond Calais,309,Louisiana,Sun Belt,RB,,,109,857,6.0,0.0,,,,7.862385321100917,0.05504587155963303,0.0,0.0,63.08245226324635,0.5787380941582234,38.12805001787874,0.34979862401723616,0.5504587155963303,0.22935779816513763,,,,0.6066891552897868,0.27363690620264164,1.242792913084283,,
2019,4040766,Trent Wessel,2226,Florida Atlantic,Conference USA,QB,,,1,0,0.0,0.0,,,,0.0,0.0,0.0,0.0,-0.6999999999999997,-0.6999999999999997,-1.087995077167328,-1.087995077167328,0.0,0.0,,,,-0.6999999999999997,,,,
2019,4040769,James Charles,2226,Florida Atlantic,Conference USA,RB,,,78,413,5.0,0.0,,,,5.294871794871795,0.0641025641025641,0.0,0.0,18.791093445828373,0.2409114544336971,13.64768524394848,0.17497032364036513,0.5,0.15384615384615385,,,,0.3571995732159752,-0.365943727225507,0.5640837825419638,,
2019,4040771,John Raine,2226,Florida Atlantic,Conference USA,TE,,,1,9,0.0,0.0,,,,9.0,0.0,0.0,0.0,0.608394622138742,0.608394622138742,0.5398277896089869,0.5398277896089869,1.0,0.0,,,,,,0.608394622138742,,
2019,4040790,Jason Huntley,166,New Mexico State,FBS Independents,RB,,,152,1076,9.0,0.0,,,,7.078947368421052,0.05921052631578947,0.0,0.0,71.01857860662018,0.4672274908330275,42.262467259184,0.27804254775778947,0.4868421052631579,0.21710526315789475,,,,0.5085504763971593,0.305655839766455,0.9985645751216758,,
2019,4040791,Drew Dan,166,New Mexico State,FBS Independents,WR,,,2,22,0.0,0.0,,,,11.0,0.0,0.0,0.0,2.3742732830145825,1.1871366415072913,1.4864973707626163,0.7432486853813082,1.0,0.5,,,,1.1871366415072913,,1.4642732830145824,,
2019,4040825,Theo Anderson,2084,Buffalo,Mid-American,RB,,,9,41,0.0,0.0,,,,4.555555555555555,0.0,0.0,0.0,0.7861809965612916,0.08735344406236573,0.7471644420678976,0.08301827134087751,0.3333333333333333,0.1111111111111111,,,,0.14297185082467495,0.7757267169854174,,,
2019,4040873,Chris Helbig,253,Southern Utah,Big Sky,QB,,,6,20,1.0,0.0,,,,3.3333333333333335,0.16666666666666666,0.0,0.0,4.454451536376651,0.7424085893961085,1.6953395452773452,0.28255659087955753,0.5,0.0,,,,0.1167612444187772,3.8706453142827653,1.5564392296118417,,
2019,4040903,Saevion Johnson,278,Fresno State,Mountain West,RB,,,4,26,0.0,0.0,,,,6.5,0.0,0.0,0.0,0.41999999999999993,0.10499999999999998,0.713958276463627,0.17848956911590674,0.5,0.25,,,,0.10499999999999998,0.355726716985417,-0.7,,
2019,4040967,BJ Emmons,2226,Florida Atlantic,Conference USA,RB,,,38,196,4.0,0.0,,,,5.157894736842105,0.10526315789473684,0.0,0.0,14.352218159203716,0.3776899515579925,7.278323962232562,0.19153484111138322,0.42105263157894735,0.07894736842105263,,,,0.2771582615704579,0.5506656649584284,1.0684112555478298,,
2019,4041531,Austin Simmons,233,South Dakota,MVFC,QB,,,5,48,0.0,0.0,,,,9.6,0.0,0.0,0.0,3.6770196107251363,0.7354039221450273,3.8895286604861146,0.7779057320972229,0.8,0.6,,,,0.7354039221450273,,,,
2019,4041547,Ben Klett,233,South Dakota,MVFC,RB,,,8,35,0.0,0.0,,,,4.375,0.0,0.0,0.0,-3.91643479612973,-0.48955434951621624,-4.722412683446186,-0.5903015854307733,0.25,0.25,,,,-0.1583390005931735,-2.8080617919775155,,,
2019,4042110,Jawon Hamilton,256,James Madison,CAA,RB,,,8,26,0.0,0.0,,,,3.25,0.0,0.0,0.0,-0.41427328301458344,-0.05178416037682293,0.0568040768190094,0.007100509602376175,0.375,0.0,,,,0.0035143557988997673,-0.2693004172488001,-0.28717565176801,,
2019,4042112,Adrian Killins Jr.,2116,UCF,American Athletic,RB,,,87,594,7.0,0.0,,,,6.827586206896552,0.08045977011494253,0.0,0.0,48.004909719505896,0.5517805714885735,28.068712331190014,0.3226288773700002,0.4482758620689655,0.1839080459770115,,,,0.5261268195727614,0.5938444532796244,0.9186160811378361,,
2019,4042125,Nate Evans,2116,UCF,American Athletic,LB,,,2,10,0.0,0.0,,,,5.0,0.0,0.0,0.0,1.1991918803119304,0.5995959401559652,0.6671575928044566,0.3335787964022283,0.5,0.0,,,,0.5995959401559652,-0.265081402702652,-0.265081402702652,,
2019,4042803,Conor Blount,2198,Eastern Kentucky,OVC,QB,,,1,3,0.0,0.0,,,,3.0,0.0,0.0,0.0,-0.20339164199331838,-0.20339164199331838,-0.3446420231971743,-0.3446420231971743,0.0,0.0,,,,-0.20339164199331838,,,,
2019,4042807,Trevon Bradford,204,Oregon State,Pac-12,WR,,,2,24,0.0,0.0,,,,12.0,0.0,0.0,0.0,2.235133847541126,1.117566923770563,1.1254547751245185,0.5627273875622593,1.0,0.5,,,,1.117566923770563,,,,
2019,4042808,Artavis Pierce,204,Oregon State,Pac-12,RB,,,147,866,6.0,0.0,,,,5.891156462585034,0.04081632653061224,0.0,0.0,50.26611718652535,0.3419463754185398,19.96520766188549,0.13581773919649992,0.5034013605442177,0.19047619047619047,,,,0.21106614200767493,0.2334001243924581,0.17688005232264029,,
2019,4043033,Jaret Curtis,2711,Western Michigan,Mid-American,WR,,,1,1,0.0,0.0,,,,1.0,0.0,0.0,0.0,-4.0601712967027614,-4.0601712967027614,-3.598841202466984,-3.598841202466984,0.0,0.0,,,,,,-4.0601712967027614,,
2019,4043136,Jett Duffey,2641,Texas Tech,Big 12,QB,,,56,300,1.0,0.0,,,,5.357142857142857,0.017857142857142856,0.0,0.0,16.905365093660993,0.3018815195296606,7.580399811237282,0.13536428234352288,0.48214285714285715,0.21428571428571427,,,,0.18352285518198605,0.28792950298764497,0.14360539432643696,,
2019,4043160,Da'Leon Ward,2617,Stephen F. Austin,Southland,RB,,,9,10,0.0,0.0,,,,1.1111111111111112,0.0,0.0,0.0,-3.891827689807579,-0.4324252988675088,-4.22416913697117,-0.46935212633013,0.2222222222222222,0.0,,,,-0.4944575190389413,-0.6999999999999997,,,
2019,4043170,D.J. Davis,79,Southern Illinois,MVFC,RB,,,31,131,0.0,0.0,,,,4.225806451612903,0.0,0.0,0.0,1.070129355458432,0.034520301788981675,-1.3457361775246146,-0.04341084443627789,0.45161290322580644,0.12903225806451613,,,,-0.0021793372374834252,0.02179503773906233,,,
2019,4043188,Sam Bonansinga,79,Southern Illinois,MVFC,WR,,,1,-1,0.0,0.0,,,,-1.0,0.0,0.0,0.0,-0.9340894011145586,-0.9340894011145586,-0.6011033775359426,-0.6011033775359426,0.0,0.0,,,,-0.9340894011145586,,-0.9340894011145586,,
2019,4043606,Willie Johnson,276,Marshall,Conference USA,WR,,,8,131,2.0,0.0,,,,16.375,0.25,0.0,0.0,13.719286547756852,1.7149108184696065,4.972527770810072,0.621565971351259,0.625,0.5,,,,1.7149108184696065,,,,
2019,4043607,Xavier Gaines,276,Marshall,Conference USA,TE,,,26,171,2.0,0.0,,,,6.576923076923077,0.07692307692307693,0.0,0.0,16.146859668079337,0.6210330641568975,9.919309544786453,0.38151190556870973,0.6153846153846154,0.23076923076923078,,,,0.6563283294843494,-0.11246746803325731,1.2687816046128986,,
2019,4043617,Simino Walden,276,Marshall,Conference USA,WR,,,1,12,0.0,0.0,,,,12.0,0.0,0.0,0.0,0.8399999999999999,0.8399999999999999,0.1952917528460566,0.1952917528460566,1.0,1.0,,,,0.8399999999999999,,,,
2019,4043931,Kaelan Riley,2382,Mercer,Southern,QB,,,1,2,0.0,0.0,,,,2.0,0.0,0.0,0.0,-0.33381701454718415,-0.33381701454718415,-0.5658278443682665,-0.5658278443682665,0.0,0.0,,,,,,,,
2019,4043980,Luke Anthony,2000,Abilene Christian,Southland,QB,,,3,7,0.0,0.0,,,,2.3333333333333335,0.0,0.0,0.0,-0.8636485806039267,-0.2878828602013089,-1.0100058134875312,-0.33666860449584374,0.3333333333333333,0.0,,,,-0.2878828602013089,,,,
2019,4044095,Quayvon Skanes,41,UConn,American Athletic,WR,,,1,1,0.0,0.0,,,,1.0,0.0,0.0,0.0,-0.5442208381761078,-0.5442208381761078,-0.873884986133115,-0.873884986133115,0.0,0.0,,,,-0.5442208381761078,,,,
2019,4044109,Elijah Mack,2377,McNeese,Southland,RB,,,6,24,0.0,0.0,,,,4.0,0.0,0.0,0.0,-0.9319274515508387,-0.15532124192513977,-0.7212669017324786,-0.12021115028874645,0.16666666666666666,0.16666666666666666,,,,-0.15532124192513977,-0.6999999999999997,-0.6221104190880538,,
2019,4044121,Isaiah Wright,218,Temple,American Athletic,WR,,,5,48,0.0,0.0,,,,9.6,0.0,0.0,0.0,2.3825287763109353,0.4765057552621871,2.0029333444680564,0.4005866688936113,0.4,0.2,,,,0.4765057552621871,,,,
2019,4044122,Anthony Russo,218,Temple,American Athletic,QB,,,17,65,2.0,0.0,,,,3.823529411764706,0.11764705882352941,0.0,0.0,4.460845514093211,0.26240267729960065,1.3860708534838473,0.0815335796166969,0.4117647058823529,0.058823529411764705,,,,0.4474342580683377,0.6678633584927087,1.380388298928523,,
2019,4044123,Branden Mack,218,Temple,American Athletic,WR,,,2,14,0.0,0.0,,,,7.0,0.0,0.0,0.0,1.4008816410212632,0.7004408205106316,1.2680036839955182,0.6340018419977591,1.0,0.0,,,,0.7004408205106316,,,,
2019,4044431,K.J. Costello,24,Stanford,Pac-12,QB,,,10,59,0.0,0.0,,,,5.9,0.0,0.0,0.0,1.589381390749907,0.15893813907499071,-0.784586268282127,-0.0784586268282127,0.5,0.2,,,,0.30774404098223695,0.14572671698541795,,,
2019,4044439,Dorian Maddox,24,Stanford,Pac-12,RB,,,22,90,0.0,0.0,,,,4.090909090909091,0.0,0.0,0.0,-0.016891164560910665,-0.0007677802073141212,-1.0311116109255485,-0.04686870958752493,0.3181818181818182,0.09090909090909091,,,,-0.001417229926587249,0.005726716985417157,,,
2019,4044511,Bilal Ally,113,Massachusetts,FBS Independents,RB,,,165,866,7.0,0.0,,,,5.248484848484848,0.04242424242424243,0.0,0.0,55.59832526649964,0.33695954706969483,34.566399318691126,0.20949332920418864,0.4909090909090909,0.12121212121212122,,,,0.11036362577732359,0.3477862826723549,0.4758899514869838,,
2019,4044520,Brennon Dingle,113,Massachusetts,FBS Independents,WR,,,2,-5,0.0,0.0,,,,-2.5,0.0,0.0,0.0,-2.096361238814887,-1.0481806194074434,-1.868760737806671,-0.9343803689033355,0.0,0.0,,,,-1.2061829854528163,,-1.2061829854528163,,
2019,4044536,Peytton Pickett,2335,Liberty,FBS Independents,RB,,,25,86,2.0,0.0,,,,3.44,0.08,0.0,0.0,5.209767374291223,0.20839069497164892,3.7988642752181168,0.15195457100872467,0.48,0.12,,,,-0.13777902996557445,0.6438895129105853,1.1097880211233329,,
2019,4044667,Ezra Gray,2011,Alabama State,SWAC,RB,,,22,74,0.0,0.0,,,,3.3636363636363638,0.0,0.0,0.0,-1.683537783588525,-0.07652444470856933,-1.6792421097049892,-0.07632918680477224,0.45454545454545453,0.13636363636363635,,,,-0.036219913988449724,-0.31213664150729103,-0.979569717736728,,
2019,4045002,Robbie Kelley,2006,Akron,Mid-American,QB,,,3,14,0.0,0.0,,,,4.666666666666667,0.0,0.0,0.0,1.1668754283004206,0.38895847610014017,1.7643273564905426,0.5881091188301809,0.6666666666666666,0.0,,,,0.5805743556575016,0.005726716985417379,,,
2019,4045162,Michael Shuster,213,Penn State,Big Ten,QB,,,1,10,0.0,0.0,,,,10.0,0.0,0.0,0.0,0.2306453142827647,0.2306453142827647,0.003792883503042,0.003792883503042,1.0,1.0,,,,0.2306453142827647,0.2306453142827647,,,
2019,4045167,Nick Eury,213,Penn State,Big Ten,RB,,,6,44,1.0,0.0,,,,7.333333333333333,0.16666666666666666,0.0,0.0,7.049354685717235,1.1748924476195393,4.280995428313151,0.7134992380521918,0.8333333333333334,0.16666666666666666,,,,1.1748924476195393,,2.17,,
2019,4045290,Peyton Ramsey,84,Indiana,Big Ten,QB,,,71,400,7.0,0.0,,,,5.633802816901408,0.09859154929577464,0.0,0.0,52.611030112423464,0.7410004241186403,39.789673211754916,0.5604179325599284,0.704225352112676,0.22535211267605634,,,,0.5279974066513192,1.7466621855571405,1.338025346028095,,
2019,4045294,Cole Gest,84,Indiana,Big Ten,RB,,,4,12,1.0,0.0,,,,3.0,0.25,0.0,0.0,2.247468922533224,0.561867230633306,0.5189564115800722,0.12973910289501805,0.5,0.0,,,,0.561867230633306,,2.7995591794893677,,
2019,4045702,Benny LeMay,2429,Charlotte,Conference USA,RB,,,192,1072,9.0,0.0,,,,5.583333333333333,0.046875,0.0,0.0,56.429387981249484,0.29390306240234104,27.904161453354778,0.1453341742362228,0.5,0.16666666666666666,,,,0.2157422870504723,0.39447808820023655,0.9086805382609296,,
2019,4045705,Aaron McAllister,2429,Charlotte,Conference USA,RB,,,80,379,5.0,0.0,,,,4.7375,0.0625,0.0,0.0,26.632251582771968,0.3329031447846496,14.216527083066097,0.17770658853832622,0.5125,0.0625,,,,0.3395009129689555,0.9068350006730825,1.0979002960809177,,
2019,4046518,Ikechukwu Ogwuegbu,2681,Wagner,NEC,RB,,,3,0,0.0,0.0,,,,0.0,0.0,0.0,0.0,-2.1301704228347793,-0.7100568076115931,-1.5943639033217452,-0.5314546344405817,0.0,0.0,,,,-0.7100568076115931,,,,
2019,4046531,Eddie McDoom,58,South Florida,American Athletic,WR,,,2,15,0.0,0.0,,,,7.5,0.0,0.0,0.0,0.8955222232132845,0.4477611116066422,0.4672322347196727,0.23361611735983634,1.0,0.5,,,,0.4477611116066422,,,,
2019,4046540,Tru Wilson,130,Michigan,Big Ten,RB,,,44,221,1.0,0.0,,,,5.0227272727272725,0.022727272727272728,0.0,0.0,7.427137156967984,0.16879857174927235,-0.23989744155341802,-0.005452214580759501,0.4318181818181818,0.09090909090909091,,,,0.15047032161328577,-0.5876386845577879,-0.22417211290530875,,
2019,4046653,Jake Oldroyd,252,BYU,FBS Independents,PK,,,1,-4,0.0,0.0,,,,-4.0,0.0,0.0,0.0,-1.6731431946801671,-1.6731431946801671,-2.8478838572360967,-2.8478838572360967,0.0,0.0,,,,,-1.6731431946801671,,,
2019,4046668,Aleva Hifo,252,BYU,FBS Independents,WR,,,23,104,2.0,0.0,,,,4.521739130434782,0.08695652173913043,0.0,0.0,8.078836211474117,0.35125374832496165,2.9087835519808314,0.1264688500861231,0.5217391304347826,0.17391304347826086,,,,0.46485523811989776,0.1577819557900566,0.749290360823697,,
2019,4046673,Mick Assaf,87,Notre Dame,FBS Independents,RB,,,9,34,0.0,0.0,,,,3.7777777777777777,0.0,0.0,0.0,0.6827987725490281,0.07586653028322535,0.01513566030306368,0.0016817400336737423,0.3333333333333333,0.2222222222222222,,,,-0.19063219027831996,,,,
2019,4046676,Tony Jones Jr.,87,Notre Dame,FBS Independents,RB,,,144,857,6.0,0.0,,,,5.951388888888889,0.041666666666666664,0.0,0.0,50.61167024984582,0.351469932290596,33.62502870867188,0.23350714381022136,0.4652777777777778,0.1736111111111111,,,,0.3445485280118812,0.2372948113237587,0.559429355062617,,
2019,4046677,Deon McIntosh,265,Washington State,Pac-12,RB,,,14,65,0.0,0.0,,,,4.642857142857143,0.0,0.0,0.0,2.614932216528495,0.18678087260917822,2.783158456555117,0.19879703261107978,0.5714285714285714,0.14285714285714285,,,,0.12905875636851907,0.0675988357916133,-0.43678776194667135,,
2019,4046678,Ian Book,87,Notre Dame,FBS Independents,QB,,,98,602,4.0,0.0,,,,6.142857142857143,0.04081632653061224,0.0,0.0,54.13705739540151,0.5524189530143011,39.06165557994874,0.3985883222443749,0.6020408163265306,0.19387755102040816,,,,0.29846021755943375,0.7674975854837899,0.9647131728603878,,
2019,4046715,Trishton Jackson,183,Syracuse,ACC,WR,,,1,5,0.0,0.0,,,,5.0,0.0,0.0,0.0,0.2738324625039521,0.2738324625039521,0.0730379874461277,0.0730379874461277,1.0,0.0,,,,0.2738324625039521,,,,
2019,4046729,Ke'Mon Freeman,2567,SMU,American Athletic,RB,,,121,526,5.0,0.0,,,,4.347107438016529,0.04132231404958678,0.0,0.0,15.387690251751543,0.12717099381612845,-2.014922418505697,-0.016652251392609067,0.4132231404958678,0.09090909090909091,,,,-0.0066516280848063335,0.19508051349342806,0.11642316519567035,,
2019,4046743,Grant Loy,189,Bowling Green,Mid-American,QB,,,92,509,4.0,0.0,,,,5.532608695652174,0.043478260869565216,0.0,0.0,33.24103213499414,0.3613155666847189,21.02058152228626,0.2284845817639811,0.5217391304347826,0.11956521739130435,,,,0.36780656798282996,0.3724198375824677,1.5526524029413784,,
2019,4046744,Bryson Denley,189,Bowling Green,Mid-American,RB,,,110,528,4.0,0.0,,,,4.8,0.03636363636363636,0.0,0.0,24.678794037259063,0.2243526730659915,8.382816260457082,0.07620742054960983,0.4818181818181818,0.12727272727272726,,,,0.1450728439481285,0.592249575793218,0.6152667941146013,,
2019,4046826,Darien Rencher,228,Clemson,ACC,RB,,,25,132,2.0,0.0,,,,5.28,0.08,0.0,0.0,12.176773121611635,0.4870709248644654,4.642083725758951,0.18568334903035805,0.52,0.08,,,,0.5478167632414344,-0.5542732830145827,1.6969908879963347,,
2019,4046846,Andrew Zuckerman,2655,Tulane,American Athletic,WR,,,1,-3,0.0,0.0,,,,-3.0,0.0,0.0,0.0,-1.1270458511351982,-1.1270458511351982,-1.572024874254728,-1.572024874254728,0.0,0.0,,,,-1.1270458511351982,,,,
2019,4046981,Martell Pettaway,277,West Virginia,Big 12,RB,,,27,72,2.0,0.0,,,,2.6666666666666665,0.07407407407407407,0.0,0.0,1.3315991150520459,0.049318485742668366,-3.7537998064218416,-0.1390296224600682,0.2222222222222222,0.07407407407407407,,,,-0.38238092534304036,-0.4880910943381944,1.7021853043894017,,
2019,4047328,Chip Omer,2633,Tennessee,SEC,RB,,,2,24,0.0,0.0,,,,12.0,0.0,0.0,0.0,1.689611624327842,0.844805812163921,1.413637104172255,0.7068185520861275,1.0,0.5,,,,0.844805812163921,,,,
2019,4047337,Rakeem Boyd,8,Arkansas,SEC,RB,,,183,1166,8.0,0.0,,,,6.371584699453552,0.04371584699453552,0.0,0.0,65.06615683493594,0.35555276958981386,32.04868612348673,0.17512943236877995,0.5081967213114754,0.15300546448087432,,,,0.41474215347373294,0.19523559664246506,0.8987071965294448,,
2019,4047352,Lepi Lataimua,13,Cal Poly,Big Sky,DB,,,4,14,0.0,0.0,,,,3.5,0.0,0.0,0.0,0.644918597297349,0.16122964932433725,-0.025843593491484906,-0.006460898372871227,0.5,0.0,,,,0.16467734285861724,-1.5338324625039497,-1.5338324625039497,,
2019,4047369,Dennis Merritt,331,Eastern Washington,Big Sky,RB,,,5,37,0.0,0.0,,,,7.4,0.0,0.0,0.0,3.412357952038395,0.682471590407679,0.07663277504772958,0.015326555009545917,0.6,0.2,,,,0.8341578087632444,0.07572671698541722,-0.7000000000000002,,
2019,4047410,Michael Dean,304,Idaho State,Big Sky,WR,,,1,4,0.0,0.0,,,,4.0,0.0,0.0,0.0,-0.013213388631248879,-0.013213388631248879,-0.1142886249388964,-0.1142886249388964,0.0,0.0,,,,-0.013213388631248879,,,,
2019,4047493,Karl Tucker II,147,Montana State,Big Sky,WR,,,1,2,0.0,0.0,,,,2.0,0.0,0.0,0.0,-0.37939637408406446,-0.37939637408406446,-0.3377843039747627,-0.3377843039747627,0.0,0.0,,,,-0.37939637408406446,,,,
2019,4047654,D'Vaughn Pennamon,145,Ole Miss,SEC,TE,,,3,5,0.0,0.0,,,,1.6666666666666667,0.0,0.0,0.0,-1.204477776786716,-0.4014925922622387,-1.494216701455999,-0.49807223381866633,0.0,0.0,,,,-0.35660669431562453,,,,
2019,4047710,Will Dabbs,152,NC State,ACC,RB,,,11,45,0.0,0.0,,,,4.090909090909091,0.0,0.0,0.0,1.2402152502437795,0.11274684093125269,0.5556979707693045,0.050517997342664045,0.6363636363636364,0.09090909090909091,,,,0.020547705974332767,0.2857267169854172,,,
2019,4047711,Will Eason,2261,Hampton,Big South,RB,,,5,29,0.0,0.0,,,,5.8,0.0,0.0,0.0,0.8338367165696616,0.16676734331393234,-1.2482262123460766,-0.24964524246921532,0.6,0.2,,,,1.6094476211130082,-1.3690308959887587,,,
2019,4047728,Damon Hazelton,259,Virginia Tech,ACC,WR,,,1,3,0.0,0.0,,,,3.0,0.0,0.0,0.0,-0.12508140270265233,-0.12508140270265233,-0.106505973619337,-0.106505973619337,0.0,0.0,,,,,,-0.12508140270265233,,
2019,4048096,Drew Lisk,254,Utah,Pac-12,QB,,,2,6,0.0,0.0,,,,3.0,0.0,0.0,0.0,0.5744777767867162,0.2872388883933581,1.3469913282252677,0.6734956641126338,0.5,0.0,,,,,,-0.19508140270265173,,
2019,4048102,Armand Shyne,2641,Texas Tech,Big 12,RB,,,65,374,3.0,0.0,,,,5.753846153846154,0.046153846153846156,0.0,0.0,24.188306574031817,0.3721277934466433,16.9240689044249,0.2603702908373062,0.49230769230769234,0.13846153846153847,,,,0.40139749790863755,-0.06353074801604401,0.5628606669079022,,
2019,4048231,Ezra Cleveland,68,Boise State,Mountain West,OL,,,1,3,0.0,0.0,,,,3.0,0.0,0.0,0.0,0.33466165868673947,0.33466165868673947,-0.212161718759031,-0.212161718759031,1.0,0.0,,,,0.33466165868673947,,0.33466165868673947,,
2019,4048232,Jake Constantine,2692,Weber State,Big Sky,QB,,,3,8,0.0,0.0,,,,2.6666666666666665,0.0,0.0,0.0,-0.9687907592766054,-0.3229302530922018,-0.8319303968837399,-0.27731013229457996,0.3333333333333333,0.3333333333333333,,,,-0.3229302530922018,,,,
2019,4048243,Robert Mahone,68,Boise State,Mountain West,RB,,,85,418,6.0,0.0,,,,4.91764705882353,0.07058823529411765,0.0,0.0,28.331913540199174,0.3333166298846962,13.652108996409725,0.160613047016585,0.4588235294117647,0.15294117647058825,,,,0.24490743719123706,0.7623757672141361,1.5272927677323997,,
2019,4048659,Elijah Lilly,167,New Mexico,Mountain West,WR,,,2,3,0.0,0.0,,,,1.5,0.0,0.0,0.0,-0.9236172122601718,-0.4618086061300859,-1.0080526654156046,-0.5040263327078023,0.0,0.0,,,,-0.4618086061300859,,,,
2019,4048695,Jordan Nathan,328,Utah State,Mountain West,WR,,,7,40,1.0,0.0,,,,5.714285714285714,0.14285714285714285,0.0,0.0,5.548290099848776,0.792612871406968,2.818360449489398,0.40262292135562827,0.5714285714285714,0.42857142857142855,,,,1.102412180883599,,3.1077611116066413,,
2019,4048739,Jahmari Moore,2751,Wyoming,Mountain West,FB,,,1,1,0.0,0.0,,,,1.0,0.0,0.0,0.0,-0.5754378403652085,-0.5754378403652085,-0.14698822419937585,-0.14698822419937585,0.0,0.0,,,,,,,,
2019,4048898,Jonathan Earl,2127,Charleston Southern,Big South,LB,,,5,15,0.0,0.0,,,,3.0,0.0,0.0,0.0,-0.42831023929066836,-0.08566204785813367,-0.39281148506565244,-0.07856229701313049,0.4,0.0,,,,-0.12600923906902128,0.07572671698541678,,,
2019,4048933,Mason Petrino,70,Idaho,Big Sky,WR,,,11,27,0.0,0.0,,,,2.4545454545454546,0.0,0.0,0.0,-2.453021015433767,-0.2230019104939788,-1.468874421640231,-0.13353403833093008,0.2727272727272727,0.09090909090909091,,,,-0.8185869364193993,1.195726716985416,-0.7741551196453331,,
2019,4049391,Josh Hokit,278,Fresno State,Mountain West,RB,,,74,291,9.0,0.0,,,,3.9324324324324325,0.12162162162162163,0.0,0.0,28.000334165669095,0.37838289413066345,13.333106537369789,0.180177115369862,0.5,0.0945945945945946,,,,0.4324830955722998,0.7415728847766492,1.1992217437435189,,
2019,4050287,Austin Vaughn,2433,UL Monroe,Sun Belt,RB,,,50,199,5.0,0.0,,,,3.98,0.1,0.0,0.0,18.655476869587602,0.37310953739175207,6.894259367042549,0.13788518734085098,0.46,0.12,,,,0.3123385366467396,0.8132170320443605,1.379406173809087,,
2019,4050342,Ashton Johnson,309,Louisiana,Sun Belt,RB,,,12,83,1.0,0.0,,,,6.916666666666667,0.08333333333333333,0.0,0.0,5.394544147830875,0.4495453456525729,3.5258777009759577,0.29382314174799645,0.4166666666666667,0.25,,,,0.4439908030498282,1.8823391151836493,0.0656244700993509,,
2019,4050370,Keon Howard,2655,Tulane,American Athletic,QB,,,12,52,1.0,0.0,,,,4.333333333333333,0.08333333333333333,0.0,0.0,5.994497742055927,0.4995414785046606,5.851953836850773,0.48766281973756437,0.5,0.08333333333333333,,,,-0.08770435360443485,,5.123213388631248,,
2019,4050373,Quez Watkins,2572,Southern Miss,Conference USA,WR,,,1,1,0.0,0.0,,,,1.0,0.0,0.0,0.0,-0.5442208381761078,-0.5442208381761078,-0.889254676573113,-0.889254676573113,0.0,0.0,,,,-0.5442208381761078,,,,
2019,4050375,Zac Everett,2572,Southern Miss,Conference USA,P,,,1,10,0.0,0.0,,,,10.0,0.0,0.0,0.0,5.013435595534336,5.013435595534336,0.3322363272272435,0.3322363272272435,1.0,1.0,,,,,,,,
2019,4050877,Tyler Crist,2729,William & Mary,CAA,FB,,,5,52,1.0,0.0,,,,10.4,0.2,0.0,0.0,5.696088852247511,1.1392177704495023,3.655347822507984,0.7310695645015968,0.6,0.4,,,,1.1392177704495023,0.7057267169854176,4.899999999999999,,
2019,4050895,Yeedee Thaenrat,119,Towson,CAA,RB,,,8,27,0.0,0.0,,,,3.375,0.0,0.0,0.0,-0.6367356882813573,-0.07959196103516966,-0.343536282374184,-0.042942035296773,0.375,0.0,,,,-0.15469818704203206,-0.08760661634791582,-0.379396374084064,,
2019,4051242,Justice Shelton-Mosley,238,Vanderbilt,SEC,WR,,,5,58,0.0,0.0,,,,11.6,0.0,0.0,0.0,4.081663520299269,0.8163327040598538,4.22706012191087,0.8454120243821739,0.8,0.4,,,,0.8163327040598538,,,,
2019,4051394,Ricky Henrilus,50,Florida A&M,MEAC,WR,,,6,1,0.0,0.0,,,,0.16666666666666666,0.0,0.0,0.0,-3.916573662280812,-0.652762277046802,-4.994810483198412,-0.832468413866402,0.0,0.0,,,,-0.652762277046802,,,,
2019,4051409,Azende Rey,50,Florida A&M,MEAC,RB,,,1,-4,0.0,0.0,,,,-4.0,0.0,0.0,0.0,-1.2591394354734562,-1.2591394354734562,-1.0163607520985618,-1.0163607520985618,0.0,0.0,,,,-1.2591394354734562,,,,
2019,4051451,Cody Orgeron,2377,McNeese,Southland,QB,,,14,108,0.0,0.0,,,,7.714285714285714,0.0,0.0,0.0,4.310871811233216,0.3079194150880869,3.312257174659702,0.23658979818997872,0.42857142857142855,0.14285714285714285,,,,-0.30676649250079,-0.10787598957727236,-0.7000000000000002,,
2019,4051454,Justin Pratt,2377,McNeese,Southland,RB,,,11,30,0.0,0.0,,,,2.727272727272727,0.0,0.0,0.0,-1.0180008558415827,-0.0925455323492348,-1.5320129423198043,-0.13927390384725494,0.45454545454545453,0.0,,,,-0.11306222614788336,-0.6999999999999997,-0.6999999999999997,,
2019,4051573,Chase Fourcade,2447,Nicholls,Southland,QB,,,8,34,0.0,0.0,,,,4.25,0.0,0.0,0.0,1.2930423191935703,0.16163028989919628,-0.43937729470585446,-0.05492216183823181,0.375,0.125,,,,0.10321625823227314,,,,
2019,4051577,Tahj Smith,2447,Nicholls,Southland,RB,,,1,7,0.0,0.0,,,,7.0,0.0,0.0,0.0,0.7004408205106318,0.7004408205106318,0.604642460086338,0.604642460086338,1.0,0.0,,,,0.7004408205106318,,,,
2019,4051578,Dontrell Taylor,2447,Nicholls,Southland,RB,,,8,14,0.0,0.0,,,,1.75,0.0,0.0,0.0,-2.4445372142661506,-0.3055671517832688,-2.1619894682547853,-0.27024868353184817,0.25,0.0,,,,-0.3055671517832688,-0.7642732830145831,,,
2019,4051643,Xavier Goodall,257,Richmond,CAA,RB,,,7,36,0.0,0.0,,,,5.142857142857143,0.0,0.0,0.0,-1.023160164388015,-0.14616573776971645,0.047830215602733706,0.006832887943247672,0.42857142857142855,0.2857142857142857,,,,-0.053860027398002476,,,,
2019,4051645,Joe Mancuso,257,Richmond,CAA,QB,,,10,70,0.0,0.0,,,,7.0,0.0,0.0,0.0,4.058882258949895,0.4058882258949895,4.088410086556018,0.4088410086556018,0.6,0.2,,,,0.34602768708879533,-0.48427328301458283,-0.9087356118445316,,
2019,4051648,Devin Campbell,257,Richmond,CAA,RB,,,3,18,0.0,0.0,,,,6.0,0.0,0.0,0.0,1.841964448432548,0.613988149477516,1.414939509543611,0.47164650318120366,0.6666666666666666,0.3333333333333333,,,,0.5687510598012993,-1.4638324625039503,,,
2019,4051749,Damion Gillespie,47,Howard,MEAC,WR,,,1,-5,0.0,0.0,,,,-5.0,0.0,0.0,0.0,-1.3872241044972697,-1.3872241044972697,-0.921020300841568,-0.921020300841568,0.0,0.0,,,,-1.3872241044972697,,,,
2019,4051806,Kyle Glover,338,Kennesaw State,Big South,LB,,,13,38,0.0,0.0,,,,2.923076923076923,0.0,0.0,0.0,-1.2400013641030077,-0.09538472031561597,-1.8528834318502818,-0.14252949475771398,0.23076923076923078,0.0,,,,-0.104133740225256,0.005726716985416935,-0.05396990081274448,,
2019,4051965,Kashon Baker,2448,North Carolina A&T,MEAC,RB,,,5,11,0.0,0.0,,,,2.2,0.0,0.0,0.0,-1.3523471955667508,-0.27046943911335014,-2.1854149596854766,-0.4370829919370953,0.4,0.0,,,,-0.27046943911335014,,,,
2019,4052007,Alex James,399,UAlbany,CAA,RB,,,3,-7,0.0,0.0,,,,-2.3333333333333335,0.0,0.0,0.0,-3.190146885018315,-1.063382295006105,-2.858114389388641,-0.9527047964628803,0.0,0.0,,,,-1.063382295006105,,,,
2019,4052008,Jacqez Hairston,324,Coastal Carolina,Sun Belt,RB,,,79,360,6.0,0.0,,,,4.556962025316456,0.0759493670886076,0.0,0.0,26.06300278368342,0.3299114276415623,16.189939717280772,0.20493594578836422,0.5316455696202531,0.08860759493670886,,,,0.31980911018255836,0.6937523091433986,0.794143918117871,,
2019,4052014,Jah-Maine Martin,2448,North Carolina A&T,MEAC,RB,,,1,66,1.0,0.0,,,,66.0,1.0,0.0,0.0,7.909559179489367,7.909559179489367,5.298854161647373,5.298854161647373,1.0,1.0,,,,7.909559179489367,,,,
2019,4052017,C.J. Brewer,324,Coastal Carolina,Sun Belt,DT,,,1,4,0.0,0.0,,,,4.0,0.0,0.0,0.0,1.4695591794893677,1.4695591794893677,2.4920887577549546,2.4920887577549546,1.0,0.0,,,,,,,,
2019,4052028,T'Qele Holmes,324,Coastal Carolina,Sun Belt,WR,,,2,9,0.0,0.0,,,,4.5,0.0,0.0,0.0,-0.13209358433825602,-0.06604679216912801,0.5326344352881476,0.2663172176440738,0.5,0.5,,,,0.7000000000000004,,,,
2019,4052042,James Robinson,2287,Illinois State,MVFC,RB,,,13,16,0.0,0.0,,,,1.2307692307692308,0.0,0.0,0.0,-7.685207394486737,-0.5911697995759029,-8.484978003936572,-0.6526906156874286,0.07692307692307693,0.07692307692307693,,,,-0.5265640116514159,-1.4638324625039503,,,
2019,4052137,Chris Rowland,2634,Tennessee State,OVC,WR,,,3,-1,0.0,0.0,,,,-0.3333333333333333,0.0,0.0,0.0,-2.0539658884570224,-0.6846552961523408,-1.559223127365232,-0.5197410424550774,0.3333333333333333,0.0,,,,-0.6846552961523408,,0.19552222321328339,,
2019,4052147,Seth Rowland,2634,Tennessee State,OVC,RB,,,11,96,0.0,0.0,,,,8.727272727272727,0.0,0.0,0.0,6.534934045254114,0.5940849132049194,5.31404920401698,0.48309538218336184,0.6363636363636364,0.18181818181818182,,,,0.6800015447956766,-0.265081402702652,,,
2019,4052175,Jordan Johnson,2296,Jackson State,SWAC,RB,,,8,40,0.0,0.0,,,,5.0,0.0,0.0,0.0,0.5592629481309928,0.0699078685163741,-0.8563334649451808,-0.1070416831181476,0.5,0.25,,,,0.0699078685163741,-0.7000000000000002,-0.7000000000000002,,
2019,4052178,Charles Williams,2439,UNLV,Mountain West,RB,,,208,1272,11.0,0.0,,,,6.115384615384615,0.052884615384615384,0.0,0.0,77.14495109496279,0.3708891879565519,40.21487784494188,0.1933407588699129,0.4807692307692308,0.16346153846153846,,,,0.2886660114628378,0.48414992155445263,0.7260366946146574,,
2019,4052585,Datron James,2569,South Carolina State,MEAC,RB,,,4,19,1.0,0.0,,,,4.75,0.25,0.0,0.0,3.072550325235876,0.768137581308969,1.385443813551876,0.346360953387969,0.5,0.0,,,,0.768137581308969,3.2257267169854167,3.2257267169854167,,
2019,4052633,KeShawn Williams,2029,Arkansas-Pine Bluff,SWAC,RB,,,9,44,1.0,0.0,,,,4.888888888888889,0.1111111111111111,0.0,0.0,2.652987818364396,0.29477642426271067,2.438694895957423,0.27096609955082473,0.3333333333333333,0.2222222222222222,,,,0.3692592441447241,2.035726716985417,2.035726716985417,,
2019,4052694,Tylor Cook,2640,Texas Southern,SWAC,RB,,,6,31,0.0,0.0,,,,5.166666666666667,0.0,0.0,0.0,1.9303093834490839,0.32171823057484733,1.9570556162497104,0.3261759360416184,0.8333333333333334,0.0,,,,0.32171823057484733,,,,
2019,4052780,Brian Murdaugh,2643,The Citadel,Southern,QB,,,10,29,0.0,0.0,,,,2.9,0.0,0.0,0.0,-1.4826570796200942,-0.1482657079620094,-2.6497282805109124,-0.26497282805109124,0.5,0.0,,,,-0.206937192566994,,-0.8483102392906674,,
2019,4053064,Enyce Walker,2115,Central Connecticut,NEC,RB,,,9,24,1.0,0.0,,,,2.6666666666666665,0.1111111111111111,0.0,0.0,0.3333828488007793,0.037042538755642146,-1.9919268380951383,-0.22132520423279314,0.3333333333333333,0.0,,,,0.037042538755642146,1.965726716985417,1.965726716985417,,
2019,4053799,Prather Hudson,61,Georgia,SEC,DB,,,1,5,0.0,0.0,,,,5.0,0.0,0.0,0.0,0.19552222321328427,0.19552222321328427,0.077675021178715,0.077675021178715,1.0,0.0,,,,0.19552222321328427,,,,
2019,4055171,Anthony Gordon,265,Washington State,Pac-12,QB,,,30,124,0.0,0.0,,,,4.133333333333334,0.0,0.0,0.0,-1.1224185174284385,-0.03741395058094795,-1.2447656015710367,-0.041492186719034554,0.4666666666666667,0.13333333333333333,,,,0.014297500871864967,0.23661320623654197,-0.9378957783597167,,
2019,4056052,Armani Rogers,2439,UNLV,Mountain West,QB,,,38,260,2.0,0.0,,,,6.842105263157895,0.05263157894736842,0.0,0.0,25.626220048037204,0.6743742117904528,20.414923269672027,0.537234822886106,0.7105263157894737,0.18421052631578946,,,,0.3903026259389764,1.2612080102903864,0.6826402194276324,,
2019,4059858,Race Porter,264,Washington,Pac-12,P,,,1,1,0.0,0.0,,,,1.0,0.0,0.0,0.0,-5.60892235650406,-5.60892235650406,-3.947407842189408,-3.947407842189408,0.0,0.0,,,,,,-5.60892235650406,,
2019,4062810,Chandler Smith,248,Houston,American Athletic,RB,,,32,159,0.0,0.0,,,,4.96875,0.0,0.0,0.0,6.559177110075586,0.20497428468986206,1.3886904997551555,0.04339657811734861,0.53125,0.125,,,,0.2925565135363846,-0.023626659110069115,0.18415010218685,,
2019,4068152,Kawaan Baker,6,South Alabama,Sun Belt,WR,,,20,83,1.0,0.0,,,,4.15,0.05,0.0,0.0,2.7762999117966025,0.13881499558983013,4.181733271036292,0.20908666355181463,0.5,0.15,,,,0.29995471302395177,-0.9635098053625679,0.9725407013513261,,
2019,4068354,Lorenzo Dorr,277,West Virginia,Big 12,RB,,,1,4,0.0,0.0,,,,4.0,0.0,0.0,0.0,-0.013213388631248879,-0.013213388631248879,-0.1142886249388964,-0.1142886249388964,0.0,0.0,,,,-0.013213388631248879,,,,
2019,4078374,Matt Naranjo,189,Bowling Green,Mid-American,P,,,1,-8,0.0,0.0,,,,-8.0,0.0,0.0,0.0,4.398354192831684,4.398354192831684,0.28669868924875974,0.28669868924875974,1.0,0.0,,,,,,,,
2019,4079776,Ra'Sean Davie,2711,Western Michigan,Mid-American,RB,,,9,35,0.0,0.0,,,,3.888888888888889,0.0,0.0,0.0,-0.7579091182553408,-0.08421212425059342,-1.1932819347595076,-0.13258688163994528,0.3333333333333333,0.1111111111111111,,,,-0.01153344731634747,,,,
2019,4239083,Michael Warren II,2132,Cincinnati,American Athletic,RB,,,238,1161,12.0,0.0,,,,4.878151260504202,0.05042016806722689,0.0,0.0,52.246203915067426,0.21952186518935893,13.420006865602929,0.05638658346891987,0.42436974789915966,0.11764705882352941,,,,0.18548269130991754,0.4040554417598352,0.6803556503881808,,
2019,4239086,Desmond Ridder,2132,Cincinnati,American Athletic,QB,,,106,771,4.0,0.0,,,,7.273584905660377,0.03773584905660377,0.0,0.0,68.79619879339025,0.6490207433338703,52.55525254575398,0.49580426929956584,0.5849056603773585,0.3113207547169811,,,,0.37387620584654574,-0.19358464570338166,1.451544832787249,,
2019,4239097,Michael Kopaygorodsky,2132,Cincinnati,American Athletic,RB,,,3,8,1.0,0.0,,,,2.6666666666666665,0.3333333333333333,0.0,0.0,2.7361675374960495,0.9120558458320165,1.3188372740619712,0.4396124246873237,0.6666666666666666,0.0,,,,0.9120558458320165,2.7357267169854174,2.7357267169854174,,
2019,4239107,Wilson Huber,2132,Cincinnati,American Athletic,LB,,,1,13,0.0,0.0,,,,13.0,0.0,0.0,0.0,1.840645314282765,1.840645314282765,1.1119461298996813,1.1119461298996813,1.0,1.0,,,,,1.840645314282765,,,
2019,4239392,Trace Christian,151,East Carolina,American Athletic,RB,,,62,270,0.0,0.0,,,,4.354838709677419,0.0,0.0,0.0,4.339956645635075,0.0699993007360496,1.0564673824169737,0.01703979649059635,0.43548387096774194,0.14516129032258066,,,,0.03323004000352427,0.1462033718217861,0.24082639490994107,,
2019,4239405,Darius Pinnix Jr.,151,East Carolina,American Athletic,RB,,,72,294,4.0,0.0,,,,4.083333333333333,0.05555555555555555,0.0,0.0,11.118459158956727,0.15442304387439898,3.5290628675898756,0.049014762049859384,0.3888888888888889,0.1111111111111111,,,,0.11499751425968804,0.16608584202637833,0.7197741031562083,,
2019,4239714,Kyle Vantrease,2084,Buffalo,Mid-American,QB,,,21,82,6.0,0.0,,,,3.9047619047619047,0.2857142857142857,0.0,0.0,19.76259235655889,0.9410758265028043,15.990816856160583,0.7614674693409802,0.7142857142857143,0.09523809523809523,,,,0.7835291525012739,1.3017163424605498,1.8494750155559043,,
2019,4239768,Spencer Brown,5,UAB,Conference USA,RB,,,132,501,5.0,0.0,,,,3.7954545454545454,0.03787878787878788,0.0,0.0,6.3779952620849105,0.04831814592488569,-2.6391530431746473,-0.019993583660413993,0.3939393939393939,0.10606060606060606,,,,0.04385989157810619,0.39779015780389193,0.49772824177215935,,
2019,4239793,Tyler Johnston III,5,UAB,Conference USA,QB,,,61,276,1.0,0.0,,,,4.524590163934426,0.01639344262295082,0.0,0.0,7.716055702703523,0.12649271643776266,2.920024629069471,0.04786925621425362,0.5245901639344263,0.14754098360655737,,,,0.1555885220769842,-0.2684208681619807,-0.48421569179530916,,
2019,4239821,Lucious Stanley,5,UAB,Conference USA,RB,,,86,397,7.0,0.0,,,,4.616279069767442,0.08139534883720931,0.0,0.0,34.19164509438793,0.3975772685393945,18.47284327946432,0.21480050324958513,0.5581395348837209,0.16279069767441862,,,,0.40943531179966214,0.660927814415179,1.480018973428399,,
2019,4239934,AJ Dillon,103,Boston College,ACC,RB,,,315,1698,14.0,0.0,,,,5.390476190476191,0.044444444444444446,0.0,0.0,105.1601137889575,0.3338416310760556,57.75569187747068,0.1833514027856212,0.5333333333333333,0.12698412698412698,,,,0.2974424959827218,0.3360125332873568,0.6011665193693054,,
2019,4239939,Dennis Grosel,103,Boston College,ACC,QB,,,43,290,2.0,0.0,,,,6.744186046511628,0.046511627906976744,0.0,0.0,32.994049228949144,0.7673034704406778,25.098687366714927,0.5836904038770914,0.7674418604651163,0.2558139534883721,,,,0.5461408717403283,0.8951152077196598,0.9772560959616146,,
2019,4239941,Travis Levy,103,Boston College,ACC,RB,,,28,103,1.0,0.0,,,,3.6785714285714284,0.03571428571428571,0.0,0.0,-1.4318721799345124,-0.0511382921405183,-3.425149451328077,-0.12232676611885988,0.17857142857142858,0.07142857142857142,,,,-0.027106377034611565,-0.6621366415072911,-0.4516958209966593,,
2019,4239964,Isaiah Sanders,2005,Air Force,Mountain West,QB,,,9,58,0.0,0.0,,,,6.444444444444445,0.0,0.0,0.0,1.9210593606991413,0.21345104007768237,4.007923218913389,0.4453248021014876,0.6666666666666666,0.2222222222222222,,,,0.24280084667547236,0.3140329160845335,,,
2019,4239969,Benjamin Waters,2005,Air Force,Mountain West,WR,,,4,12,0.0,0.0,,,,3.0,0.0,0.0,0.0,-0.25416839333763175,-0.06354209833440794,-0.21315539846863027,-0.05328884961715757,0.75,0.0,,,,-0.06354209833440794,,,,
2019,4239974,Christian Mallard,2005,Air Force,Mountain West,RB,,,39,174,2.0,0.0,,,,4.461538461538462,0.05128205128205128,0.0,0.0,11.222760577019997,0.2877630917184615,4.932836957419013,0.12648299890817982,0.5384615384615384,0.10256410256410256,,,,0.24380079464047502,0.10068601563409074,0.7267279090086066,,
2019,4239975,Taven Birdow,2005,Air Force,Mountain West,FB,,,177,829,7.0,0.0,,,,4.68361581920904,0.03954802259887006,0.0,0.0,52.79489285070997,0.29827623079497156,22.093966924874433,0.12482467189194595,0.5423728813559322,0.07909604519774012,,,,0.2566394740132264,0.4265492427661388,0.552074869758484,,
2019,4239978,Colton Parton,2005,Air Force,Mountain West,FB,,,1,9,0.0,0.0,,,,9.0,0.0,0.0,0.0,0.9232133886312486,0.9232133886312486,0.6069480599636772,0.6069480599636772,1.0,0.0,,,,0.9232133886312486,,,,
2019,4239992,Amari Rodgers,228,Clemson,ACC,WR,,,2,50,1.0,0.0,,,,25.0,0.5,0.0,0.0,7.0,3.5,4.070123948781332,2.035061974390666,1.0,1.0,,,,3.5,,,,
2019,4239993,Tee Higgins,228,Clemson,ACC,WR,,,1,36,1.0,0.0,,,,36.0,1.0,0.0,0.0,5.8095591794893675,5.8095591794893675,2.865864812438602,2.865864812438602,1.0,1.0,,,,5.8095591794893675,,,,
2019,4239994,Chase Brice,228,Clemson,ACC,QB,,,11,97,0.0,0.0,,,,8.818181818181818,0.0,0.0,0.0,9.08092425607169,0.82553856873379,5.779880255151649,0.5254436595592408,0.8181818181818182,0.36363636363636365,,,,0.36957755982266705,1.662991827798013,1.0195854019086055,,
2019,4239996,Travis Etienne,228,Clemson,ACC,RB,,,191,1496,18.0,0.0,,,,7.832460732984293,0.09424083769633508,0.0,0.0,129.57541476259405,0.6784053128931625,79.98602133303754,0.41877498080124365,0.5863874345549738,0.21465968586387435,,,,0.6974561570611775,0.4333940160406496,0.8137600470141864,,
2019,4239998,Hunter Johnson,77,Northwestern,Big Ten,QB,,,35,178,1.0,0.0,,,,5.085714285714285,0.02857142857142857,0.0,0.0,3.7454485582441857,0.10701281594983388,2.8705935765809425,0.08201695933088407,0.45714285714285713,0.2571428571428571,,,,0.268155636107428,-0.9243779684150536,-0.48574145942251984,,
2019,4239999,Will Swinney,228,Clemson,ACC,WR,,,2,5,0.0,0.0,,,,2.5,0.0,0.0,0.0,-0.09769116541796397,-0.04884558270898198,-0.749030255667985,-0.3745151278339925,0.5,0.0,,,,-0.04884558270898198,,,,
2019,4240020,James Blackman,52,Florida State,ACC,QB,,,39,224,1.0,0.0,,,,5.743589743589744,0.02564102564102564,0.0,0.0,18.01852528688688,0.46201346889453543,5.814264117621517,0.14908369532362864,0.4358974358974359,0.1794871794871795,,,,0.27202448388240513,-1.0465715973400838,0.8896760608751947,,
2019,4240021,Cam Akers,52,Florida State,ACC,RB,,,229,1133,14.0,0.0,,,,4.9475982532751095,0.0611353711790393,0.0,0.0,65.66305309383391,0.28673822311717867,31.29647796759633,0.1366658426532591,0.4672489082969432,0.1572052401746725,,,,0.19399495758250934,0.5807975562319386,0.8499353506045153,,
2019,4240022,Khalan Laborn,52,Florida State,ACC,RB,,,63,297,4.0,0.0,,,,4.714285714285714,0.06349206349206349,0.0,0.0,17.167522682835564,0.27250036004500894,9.243204248456765,0.14671752775328198,0.4126984126984127,0.15873015873015872,,,,0.19498429474442427,0.8054236721023914,1.5947739832004828,,
2019,4240025,Bailey Hockman,152,NC State,ACC,QB,,,10,45,0.0,0.0,,,,4.5,0.0,0.0,0.0,0.3776734163053592,0.037767341630535925,2.708383131851689,0.27083831318516893,0.5,0.2,,,,0.03273046462330483,-0.9635098053625681,-1.932746327710554,,
2019,4240028,Tamorrion Terry,52,Florida State,ACC,WR,,,3,5,0.0,0.0,,,,1.6666666666666667,0.0,0.0,0.0,-1.5880533006800577,-0.5293511002266859,-1.545584539411824,-0.515194846470608,0.3333333333333333,0.3333333333333333,,,,-0.5293511002266859,,-0.6999999999999997,,
2019,4240033,Ontaria Wilson,52,Florida State,ACC,WR,,,2,15,1.0,0.0,,,,7.5,0.5,0.0,0.0,3.6395591794893676,1.8197795897446838,2.4916960588749086,1.2458480294374543,1.0,0.5,,,,1.8197795897446838,,2.7995591794893677,,
2019,4240034,D.J. Matthews Jr.,52,Florida State,ACC,WR,,,4,18,0.0,0.0,,,,4.5,0.0,0.0,0.0,0.5957374734570613,0.14893436836426532,-0.8212605048478043,-0.20531512621195108,0.5,0.25,,,,0.14893436836426532,,0.8375669237705625,,
2019,4240035,Deonte Sheffield,52,Florida State,ACC,RB,,,27,135,1.0,0.0,,,,5.0,0.037037037037037035,0.0,0.0,8.361194221407587,0.3096738600521328,0.24522610564632963,0.009082448357271468,0.5925925925925926,0.2222222222222222,,,,0.3550837622312229,0.45250070653419944,0.46959605694107576,,
2019,4240069,Malik Cunningham,97,Louisville,ACC,QB,,,93,593,6.0,0.0,,,,6.376344086021505,0.06451612903225806,0.0,0.0,52.549043725330876,0.5650434809175363,39.950819221024844,0.4295787013013424,0.5591397849462365,0.1935483870967742,,,,0.2851938867991935,1.0632437541846784,0.6526731333512861,,
2019,4240096,Matthew McKay,152,NC State,ACC,QB,,,19,91,4.0,0.0,,,,4.7894736842105265,0.21052631578947367,0.0,0.0,16.880596593184713,0.8884524522728796,8.681943014898602,0.45694436920518955,0.5263157894736842,0.10526315789473684,,,,0.7896982881227252,-0.06015090647898386,0.947102806141697,,
2019,4240133,Dustin Burkhart,2006,Akron,Mid-American,WR,,,1,1,0.0,0.0,,,,1.0,0.0,0.0,0.0,-0.5239952679092541,-0.5239952679092541,-0.360766504862163,-0.360766504862163,0.0,0.0,,,,-0.5239952679092541,,,,
2019,4240251,Bryson Smith,248,Houston,American Athletic,WR,,,16,58,2.0,0.0,,,,3.625,0.125,0.0,0.0,5.868124993287635,0.3667578120804772,0.4452505042681071,0.027828156516756693,0.4375,0.0625,,,,0.0666915185413751,2.953186015634091,1.0465803408052647,,
2019,4240331,Jeff Burroughs,2751,Wyoming,Mountain West,FB,,,7,14,0.0,0.0,,,,2.0,0.0,0.0,0.0,-1.5701314370615473,-0.2243044910087925,-2.423381159815018,-0.3461973085450026,0.2857142857142857,0.0,,,,-0.48973972299256463,-0.6999999999999997,-0.06518211977708796,,
2019,4240350,Xazavian Valladay,2751,Wyoming,Mountain West,RB,,,246,1270,6.0,0.0,,,,5.162601626016261,0.024390243902439025,0.0,0.0,41.98834811337641,0.17068434192429435,14.484929679002,0.05888182796342277,0.42276422764227645,0.13008130081300814,,,,0.210027071192502,-0.1316954721350344,0.08523138707649522,,
2019,4240351,Tyler Vander Waal,2751,Wyoming,Mountain West,QB,,,16,52,4.0,0.0,,,,3.25,0.25,0.0,0.0,16.563327076580187,1.0352079422862617,9.922552022805736,0.6201595014253585,0.6875,0.125,,,,0.626048823978,0.9371511446569447,3.802440918315375,,
2019,4240380,KJ Hamler,213,Penn State,Big Ten,WR,,,13,43,0.0,0.0,,,,3.3076923076923075,0.0,0.0,0.0,-0.6935945803790184,-0.05335342925992449,-3.913588281179294,-0.30104525239840724,0.46153846153846156,0.07692307692307693,,,,-0.14388699026352464,,0.32497915581658443,,
2019,4240391,Tommy DeVito,183,Syracuse,ACC,QB,,,65,399,2.0,0.0,,,,6.138461538461539,0.03076923076923077,0.0,0.0,23.243870350087604,0.35759800538596315,21.775263132909824,0.3350040481986127,0.47692307692307695,0.18461538461538463,,,,0.19744436955054256,0.06560014030289202,-0.09143792816802573,,
2019,4240392,Markenzy Pierre,183,Syracuse,ACC,RB,,,5,6,0.0,0.0,,,,1.2,0.0,0.0,0.0,0.33320822471590494,0.06664164494318099,-2.4334621196252018,-0.48669242392504036,0.2,0.0,,,,-0.5758479104983296,,,,
2019,4240398,Chris Elmore,183,Syracuse,ACC,FB,,,2,2,0.0,0.0,,,,1.0,0.0,0.0,0.0,0.37064531428276526,0.18532265714138263,0.2347809815254881,0.11739049076274405,0.5,0.0,,,,-0.265081402702652,0.18532265714138263,-0.265081402702652,,
2019,4240408,Nykeim Johnson,183,Syracuse,ACC,WR,,,1,8,0.0,0.0,,,,8.0,0.0,0.0,0.0,1.6733916419933181,1.6733916419933181,2.0979224940494285,2.0979224940494285,1.0,0.0,,,,,,,,
2019,4240412,Aaron Hackett,183,Syracuse,ACC,TE,,,1,3,0.0,0.0,,,,3.0,0.0,0.0,0.0,1.3212489401987018,1.3212489401987018,0.7439143014336355,0.7439143014336355,1.0,0.0,,,,,1.3212489401987018,1.3212489401987018,,
2019,4240418,Christian Beal-Smith,154,Wake Forest,ACC,RB,,,71,304,2.0,0.0,,,,4.28169014084507,0.028169014084507043,0.0,0.0,3.785232794174768,0.05331313794612349,0.21487601045628724,0.0030264226824829187,0.30985915492957744,0.14084507042253522,,,,0.08688626282858632,-0.24872319982094077,0.08994073037746866,,
2019,4240419,Tayvon Bowers,154,Wake Forest,ACC,QB,,,2,-2,0.0,0.0,,,,-1.0,0.0,0.0,0.0,-1.7206036259159356,-0.8603018129579678,-1.5717561598329342,-0.7858780799164671,0.0,0.0,,,,-0.8603018129579678,,,,
2019,4240439,Connor Thomas,84,Indiana,Big Ten,RB,,,6,11,0.0,0.0,,,,1.8333333333333333,0.0,0.0,0.0,-1.9852172242747863,-0.33086953737913105,-2.5157649960026918,-0.4192941660004486,0.16666666666666666,0.0,,,,-0.2218424984368082,,,,
2019,4240452,Chris Katrenick,150,Duke,ACC,QB,,,13,47,1.0,0.0,,,,3.6153846153846154,0.07692307692307693,0.0,0.0,4.431773101461341,0.34090562318933393,0.47381365816838755,0.03644720447449135,0.46153846153846156,0.07692307692307693,,,,0.02554586789469777,,5.444220838176107,,
2019,4240455,Deon Jackson,150,Duke,ACC,RB,,,168,644,6.0,0.0,,,,3.8333333333333335,0.03571428571428571,0.0,0.0,24.508759567738387,0.1458854736174904,1.1981343636589852,0.007131752164636816,0.4226190476190476,0.06547619047619048,,,,0.06874583925400651,0.21126197053813886,0.6118762049422781,,
2019,4240480,Avery Showell,59,Georgia Tech,ACC,DB,,,1,4,0.0,0.0,,,,4.0,0.0,0.0,0.0,-0.013213388631248435,-0.013213388631248435,-0.030123301046684148,-0.030123301046684148,0.0,0.0,,,,-0.013213388631248435,,,,
2019,4240481,Jerry Howard Jr.,59,Georgia Tech,ACC,LB,,,23,102,0.0,0.0,,,,4.434782608695652,0.0,0.0,0.0,0.9254161987286749,0.04023548690124673,-0.9224982260040213,-0.04010861852191397,0.34782608695652173,0.13043478260869565,,,,-0.011232115706516912,0.580645314282765,,,
2019,4240482,Tobias Oliver,59,Georgia Tech,ACC,DB,,,49,301,2.0,0.0,,,,6.142857142857143,0.04081632653061224,0.0,0.0,21.378019177823404,0.43628610566986537,11.633339585721544,0.23741509358615395,0.5510204081632653,0.20408163265306123,,,,0.3148901733044228,0.6703871885696593,1.2412501514001855,,
2019,4240540,Ra'Von Bonner,356,Illinois,Big Ten,RB,,,65,208,3.0,0.0,,,,3.2,0.046153846153846156,0.0,0.0,3.852327721590144,0.05926658033215606,-5.5692786146928865,-0.08568120945681364,0.38461538461538464,0.06153846153846154,,,,-0.012503768540407705,-0.01654931200437213,1.1381031049373762,,
2019,4240543,Mike Epstein,356,Illinois,Big Ten,RB,,,8,45,0.0,0.0,,,,5.625,0.0,0.0,0.0,2.4135577747807364,0.30169472184759205,1.9869058898646275,0.24836323623307843,0.75,0.125,,,,0.3536840568016502,0.1457267169854175,0.28572671698541807,,
2019,4240572,Josh Turner,2229,Florida International,Conference USA,DB,,,1,3,0.0,0.0,,,,3.0,0.0,0.0,0.0,-0.20339164199331838,-0.20339164199331838,-0.13582841048022143,-0.13582841048022143,0.0,0.0,,,,,,,,
2019,4240573,Ihmir Smith-Marsette,2294,Iowa,Big Ten,WR,,,11,108,3.0,0.0,,,,9.818181818181818,0.2727272727272727,0.0,0.0,15.165947595767147,1.3787225087061044,6.21985043542009,0.5654409486745536,0.5454545454545454,0.36363636363636365,,,,1.3787225087061044,,3.9966066943156244,,
2019,4240581,Ivory Kelly-Martin,2294,Iowa,Big Ten,RB,,,6,23,0.0,0.0,,,,3.8333333333333335,0.0,0.0,0.0,1.827909743043858,0.304651623840643,2.0494908924866015,0.3415818154144336,0.3333333333333333,0.0,,,,-0.02940177085069795,0.7453226571413825,0.4640435270733218,,
2019,4240595,Marco Wilson,57,Florida,SEC,DB,,,1,-1,0.0,0.0,,,,-1.0,0.0,0.0,0.0,-0.8420384369061837,-0.8420384369061837,-0.9462501090046951,-0.9462501090046951,0.0,0.0,,,,,,,,
2019,4240600,Kadarius Toney,57,Florida,SEC,WR,,,12,59,0.0,0.0,,,,4.916666666666667,0.0,0.0,0.0,-1.053612293509968,-0.087801024459164,-0.9139204781913071,-0.0761600398492756,0.4166666666666667,0.25,,,,-0.1663035464086714,0.7757267169854174,,,
2019,4240603,Malik Davis,57,Florida,SEC,RB,,,33,94,1.0,0.0,,,,2.8484848484848486,0.030303030303030304,0.0,0.0,-1.0839564020254882,-0.032847163697742064,-3.745629138590127,-0.11350391329060991,0.3333333333333333,0.06060606060606061,,,,-0.08281192873086247,1.2353226571413827,0.5239801045760638,,
2019,4240625,Mike Harley,2390,Miami,ACC,WR,,,3,27,0.0,0.0,,,,9.0,0.0,0.0,0.0,0.9572119839226159,0.31907066130753864,1.2122244122246038,0.4040748040748679,0.6666666666666666,0.3333333333333333,,,,0.31907066130753864,,,,
2019,4240626,Jeff Thomas,2390,Miami,ACC,WR,,,6,46,0.0,0.0,,,,7.666666666666667,0.0,0.0,0.0,3.897929292708042,0.6496548821180069,3.0791550941360826,0.5131925156893471,0.8333333333333334,0.3333333333333333,,,,0.6496548821180069,,0.5327463277105542,,
2019,4240628,N'Kosi Perry,2390,Miami,ACC,QB,,,22,151,2.0,0.0,,,,6.863636363636363,0.09090909090909091,0.0,0.0,21.775644862002842,0.9898020391819474,17.447185265536167,0.7930538757061893,0.7727272727272727,0.22727272727272727,,,,0.7423765459589972,2.7357267169854174,1.50493645411177,,
2019,4240631,DeeJay Dallas,2390,Miami,ACC,RB,,,115,702,8.0,0.0,,,,6.104347826086957,0.06956521739130435,0.0,0.0,46.323154650481236,0.4028100404389673,18.355104690213903,0.15960960600186003,0.4608695652173913,0.1826086956521739,,,,0.36441173276252337,0.4607511524597748,0.492901975738913,,
2019,4240636,Robert Burns,2390,Miami,ACC,RB,,,29,131,0.0,0.0,,,,4.517241379310345,0.0,0.0,0.0,4.001357157257761,0.1379778330088883,1.6579001460559042,0.05716897055365187,0.41379310344827586,0.06896551724137931,,,,0.010242989213283293,0.18426550245828008,-0.08750524371496107,,
2019,4240657,Michael Carter,153,North Carolina,ACC,RB,,,176,1004,3.0,0.0,,,,5.704545454545454,0.017045454545454544,0.0,0.0,38.06852113067732,0.21629841551521203,13.870881158131102,0.07881182476210853,0.44886363636363635,0.14772727272727273,,,,0.23172685178795926,-0.35607770623206353,0.01228009239293737,,
2019,4240661,Dazz Newsome,153,North Carolina,ACC,WR,,,3,9,0.0,0.0,,,,3.0,0.0,0.0,0.0,-0.21999437146204537,-0.07333145715401512,-0.4794779393004213,-0.1598259797668071,0.3333333333333333,0.0,,,,-0.07333145715401512,,-0.3591708038172099,,
2019,4240689,Jake Fromm,61,Georgia,SEC,QB,,,19,76,0.0,0.0,,,,4.0,0.0,0.0,0.0,5.632183897008257,0.29643073142148724,3.9494975326359696,0.20786829119136682,0.6842105263157895,0.05263157894736842,,,,-0.11276710466990444,0.9409685377176948,-0.8358292098072098,,
2019,4240703,Kenny Pickett,221,Pittsburgh,ACC,QB,,,62,317,2.0,0.0,,,,5.112903225806452,0.03225806451612903,0.0,0.0,28.17173520782739,0.4543828259326998,20.363401797992317,0.3284419644837471,0.5806451612903226,0.14516129032258066,,,,0.381235315570083,0.22388951291058548,0.4576829754456027,,
2019,4240710,A.J. Davis,221,Pittsburgh,ACC,RB,,,124,514,4.0,0.0,,,,4.145161290322581,0.03225806451612903,0.0,0.0,14.927850027734724,0.12038588732044132,1.9830549600186815,0.015992378709828076,0.41935483870967744,0.07258064516129033,,,,0.08446172964880863,0.5485016989661113,0.8059353424743035,,
2019,4240711,Todd Sibley,221,Pittsburgh,ACC,RB,,,50,264,0.0,0.0,,,,5.28,0.0,0.0,0.0,3.6831502755237264,0.07366300551047453,2.8564963900234024,0.05712992780046805,0.34,0.14,,,,0.04850996116649034,-0.4126678328774889,-0.31061402759391676,,
2019,4240750,Mohamed Ibrahim,135,Minnesota,Big Ten,RB,,,111,588,7.0,0.0,,,,5.297297297297297,0.06306306306306306,0.0,0.0,53.870598795040586,0.4853207098652305,30.67060781486129,0.2763117821158675,0.5675675675675675,0.15315315315315314,,,,0.3911912594159663,0.679907933313795,1.6534873648955895,,
2019,4240756,Tanner Morgan,135,Minnesota,Big Ten,QB,,,28,131,1.0,0.0,,,,4.678571428571429,0.03571428571428571,0.0,0.0,12.845885880226461,0.4587816385795165,9.381352757102196,0.3350483127536498,0.5,0.14285714285714285,,,,-0.05104608818898663,1.4728633584927087,0.4977217238168923,,
2019,4240781,Bryant Koback,2649,Toledo,Mid-American,RB,,,190,1165,12.0,0.0,,,,6.131578947368421,0.06315789473684211,0.0,0.0,83.18283708878143,0.43780440573042856,42.573564413385114,0.22407139164939532,0.4631578947368421,0.18421052631578946,,,,0.4167208238053018,0.5455191275085302,0.929369936687483,,
2019,4240782,Asim Rose,96,Kentucky,SEC,RB,,,145,841,6.0,0.0,,,,5.8,0.041379310344827586,0.0,0.0,42.6695506402657,0.29427276303631517,20.090768135796722,0.1385570216261843,0.4482758620689655,0.13793103448275862,,,,0.24800273245638899,-0.05859688052185843,0.8298965296611761,,
2019,4240785,Clevan Thomas,96,Kentucky,SEC,WR,,,1,4,0.0,0.0,,,,4.0,0.0,0.0,0.0,-0.013213388631248435,-0.013213388631248435,-0.0334632336053265,-0.0334632336053265,0.0,0.0,,,,-0.013213388631248435,,,,
2019,4240786,Walker Wood,96,Kentucky,SEC,QB,,,3,37,0.0,0.0,,,,12.333333333333334,0.0,0.0,0.0,1.78878395079321,0.59626131693107,2.985135505804312,0.9950451686014373,0.6666666666666666,0.6666666666666666,,,,1.0497795897446844,,,,
2019,4240787,Austin Allen,158,Nebraska,Big Ten,TE,,,1,2,0.0,0.0,,,,2.0,0.0,0.0,0.0,1.6657706705264346,1.6657706705264346,-0.5576046587179473,-0.5576046587179473,1.0,0.0,,,,,,,,
2019,4240791,Jaylin Bradley,158,Nebraska,Big Ten,RB,,,2,8,0.0,0.0,,,,4.0,0.0,0.0,0.0,0.3293546857172349,0.16467734285861746,-0.219587454625609,-0.1097937273128045,0.5,0.0,,,,0.16467734285861746,,,,
2019,4240792,Andrew Bunch,158,Nebraska,Big Ten,QB,,,1,6,0.0,0.0,,,,6.0,0.0,0.0,0.0,0.179743061389392,0.179743061389392,0.1814462424891427,0.1814462424891427,1.0,0.0,,,,,,,,
2019,4240796,Tristan Gebbia,204,Oregon State,Pac-12,QB,,,10,52,1.0,0.0,,,,5.2,0.1,0.0,0.0,4.785236311877984,0.4785236311877984,2.2846779212513817,0.22846779212513818,0.5,0.1,,,,0.6764408694130037,,2.384375529900649,,
2019,4240801,Tyjon Lindsey,204,Oregon State,Pac-12,WR,,,8,71,1.0,0.0,,,,8.875,0.125,0.0,0.0,8.847111755038917,1.1058889693798646,3.7086032476755455,0.4635754059594432,0.75,0.375,,,,1.1058889693798646,,1.4000000000000004,,
2019,4240806,Ben Miles,2305,Kansas,Big 12,FB,,,3,1,0.0,0.0,,,,0.3333333333333333,0.0,0.0,0.0,-1.4642732830145824,-0.48809109433819414,-0.9320547231381694,-0.3106849077127231,0.0,0.0,,,,-0.7000000000000002,-0.48809109433819414,-0.7000000000000002,,
2019,4240823,Lamont Atkins,258,Virginia,ACC,RB,,,15,75,1.0,0.0,,,,5.0,0.06666666666666667,0.0,0.0,4.189426378324811,0.2792950918883207,-0.6111021942632067,-0.040740146284213775,0.4666666666666667,0.06666666666666667,,,,0.2792950918883207,-0.11935468571723407,0.587650906478984,,
2019,4240839,PK Kier,258,Virginia,ACC,RB,,,32,184,1.0,0.0,,,,5.75,0.03125,0.0,0.0,13.074602378855381,0.40858132433923067,5.053056776815586,0.15790802427548706,0.59375,0.125,,,,0.4212600202371678,0.28602059732583857,0.35971065175807104,,
2019,4240850,Lindell Stone,258,Virginia,ACC,QB,,,1,-5,0.0,0.0,,,,-5.0,0.0,0.0,0.0,-1.3872241044972693,-1.3872241044972693,-1.7536481880377206,-1.7536481880377206,0.0,0.0,,,,-1.3872241044972693,,,,
2019,4240858,Hendon Hooker,259,Virginia Tech,ACC,QB,,,103,502,5.0,0.0,,,,4.87378640776699,0.04854368932038835,0.0,0.0,41.399658280932655,0.40193842991196754,27.794059619643782,0.2698452390256678,0.5631067961165048,0.14563106796116504,,,,0.2984070044413895,0.6480435269672694,0.6871468456704313,,
2019,4240861,Dalton Keene,259,Virginia Tech,ACC,TE,,,10,35,0.0,0.0,,,,3.5,0.0,0.0,0.0,-1.9506311944473516,-0.19506311944473514,-2.3578320464367843,-0.23578320464367844,0.1,0.1,,,,-0.19506311944473514,-0.406813984365908,-0.6242732830145816,,
2019,4240866,Kalil Pimpleton,2117,Central Michigan,Mid-American,WR,,,6,74,0.0,0.0,,,,12.333333333333334,0.0,0.0,0.0,6.144063160704495,1.0240105267840824,4.890452746673218,0.8150754577788697,0.6666666666666666,0.5,,,,1.0240105267840824,,,,
2019,4240901,Connor Blumrick,245,Texas A&M,SEC,TE,,,6,28,0.0,0.0,,,,4.666666666666667,0.0,0.0,0.0,0.4779994917385759,0.07966658195642932,-0.3966474450200044,-0.06610790750333406,0.5,0.16666666666666666,,,,0.07966658195642932,,,,
2019,4240904,Kellen Mond,245,Texas A&M,SEC,QB,,,90,703,8.0,0.0,,,,7.811111111111111,0.08888888888888889,0.0,0.0,70.68939056681532,0.7854376729646146,52.77683535953721,0.5864092817726356,0.6777777777777778,0.26666666666666666,,,,0.8544645468241739,0.6933144591060093,1.1549746868813497,,
2019,4240911,Jacob Kibodi,245,Texas A&M,SEC,RB,,,31,123,1.0,0.0,,,,3.967741935483871,0.03225806451612903,0.0,0.0,3.2291982642629833,0.1041676859439672,-1.6369572172427174,-0.05280507152395862,0.3870967741935484,0.12903225806451613,,,,-0.054192143972452485,0.4298186000054027,0.7351434274210905,,
2019,4240995,D'Andre Hicks,2377,McNeese,Southland,RB,,,7,19,0.0,0.0,,,,2.7142857142857144,0.0,0.0,0.0,-0.596277898062878,-0.08518255686612543,-2.379030326027424,-0.33986147514677484,0.2857142857142857,0.0,,,,-0.08518255686612543,-0.6999999999999997,0.22183482854932302,,
2019,4241002,Daetrich Harrington,2026,App State,Sun Belt,RB,,,41,230,1.0,0.0,,,,5.609756097560975,0.024390243902439025,0.0,0.0,9.543079223363684,0.23275802983813862,3.671930356737795,0.08955927699360476,0.4146341463414634,0.14634146341463414,,,,0.2391953486738634,-0.009475312936600089,-0.09453392143446848,,
2019,4241004,Thomas Hennigan,2026,App State,Sun Belt,WR,,,1,4,0.0,0.0,,,,4.0,0.0,0.0,0.0,0.10900799841190789,0.10900799841190789,-0.024860071027652,-0.024860071027652,1.0,0.0,,,,0.10900799841190789,,0.10900799841190789,,
2019,4241012,Malik Williams,2026,App State,Sun Belt,WR,,,4,9,0.0,0.0,,,,2.25,0.0,0.0,0.0,-1.3655639115801135,-0.34139097789502837,-0.7394049376087456,-0.1848512344021864,0.0,0.0,,,,-0.34139097789502837,,-0.45078350764962155,,
2019,4241074,Larry Wooden,5,UAB,Conference USA,RB,,,13,48,0.0,0.0,,,,3.6923076923076925,0.0,0.0,0.0,-1.1819166950791917,-0.09091666885224552,-2.3124947589990605,-0.17788421223069698,0.38461538461538464,0.07692307692307693,,,,-0.09091666885224552,,0.00022041025531582825,,
2019,4241126,Malik Murray,290,Georgia Southern,Sun Belt,WR,,,6,20,0.0,0.0,,,,3.3333333333333335,0.0,0.0,0.0,-0.5838663203434893,-0.09731105339058155,-1.7092887061766133,-0.2848814510294356,0.3333333333333333,0.16666666666666666,,,,-0.09731105339058155,,-1.4869570342035305,,
2019,4241138,Wesley Kennedy III,290,Georgia Southern,Sun Belt,RB,,,118,849,11.0,0.0,,,,7.194915254237288,0.09322033898305085,0.0,0.0,70.72121282003063,0.5993323120341579,46.03783259272338,0.3901511236671473,0.4576271186440678,0.2542372881355932,,,,0.5619843529271376,0.23835963640722424,1.6680445849660899,,
2019,4241139,Matt LaRoche,290,Georgia Southern,Sun Belt,RB,,,59,330,1.0,0.0,,,,5.593220338983051,0.01694915254237288,0.0,0.0,10.632956180804719,0.18021959628482576,7.011664059269528,0.11884176371643267,0.4067796610169492,0.13559322033898305,,,,0.18908229647158453,-0.20427328301458236,0.631391760592415,,
2019,4241145,Logan Wright,290,Georgia Southern,Sun Belt,RB,,,54,305,2.0,0.0,,,,5.648148148148148,0.037037037037037035,0.0,0.0,15.762240796896013,0.2918933480906669,9.39997253848448,0.17407356552749037,0.35185185185185186,0.12962962962962962,,,,0.18203859140579404,0.431365273473597,0.3149265299148943,,
2019,4241193,Taylor Powell,142,Missouri,SEC,QB,,,2,22,0.0,0.0,,,,11.0,0.0,0.0,0.0,3.0742732830145827,1.5371366415072913,1.7505515846594255,0.8752757923297128,1.0,0.5,,,,1.6099999999999999,,,,
2019,4241201,Jamal Brooks,142,Missouri,SEC,LB,,,1,2,0.0,0.0,,,,2.0,0.0,0.0,0.0,0.7057267169854171,0.7057267169854171,2.150935282308093,2.150935282308093,1.0,0.0,,,,,0.7057267169854171,,,
2019,4241205,Larry Rountree III,142,Missouri,SEC,RB,,,184,829,9.0,0.0,,,,4.505434782608695,0.04891304347826087,0.0,0.0,39.33301866596985,0.2137664057933144,11.802340530349191,0.0641431550562456,0.46195652173913043,0.14130434782608695,,,,0.16714480086181666,0.8890744535353204,0.7250787105134052,,
2019,4241222,Charlie Brewer,239,Baylor,Big 12,QB,,,110,564,11.0,0.0,,,,5.127272727272727,0.1,0.0,0.0,55.61010299589977,0.5055463908718161,39.908111777705734,0.3628010161609612,0.5727272727272728,0.17272727272727273,,,,0.4191673101654347,0.42291785229110357,1.3593794982359648,,
2019,4241224,Abram Smith,239,Baylor,Big 12,RB,,,7,39,1.0,0.0,,,,5.571428571428571,0.14285714285714285,0.0,0.0,4.42373801703433,0.6319625738620471,3.331550660698503,0.4759358086712147,0.5714285714285714,0.14285714285714285,,,,0.6319625738620471,-0.6942732830145826,1.7499999999999998,,
2019,4241235,OrTre' Smith,2579,South Carolina,SEC,WR,,,1,-1,0.0,0.0,,,,-1.0,0.0,0.0,0.0,-0.8901782533620701,-0.8901782533620701,-1.2770571290708865,-1.2770571290708865,0.0,0.0,,,,-0.8901782533620701,,,,
2019,4241237,Parker White,2579,South Carolina,SEC,PK,,,1,-7,0.0,0.0,,,,-7.0,0.0,0.0,0.0,-0.07674265782773437,-0.07674265782773437,-1.5296122275796513,-1.5296122275796513,0.0,0.0,,,,,,,,
2019,4241243,Johnnie Lang,66,Iowa State,Big 12,RB,,,50,223,3.0,0.0,,,,4.46,0.06,0.0,0.0,10.576086417874397,0.21152172835748792,3.6359352161235132,0.07271870432247027,0.44,0.12,,,,0.13969308530657096,0.04415047556328549,1.2228425873965751,,
2019,4241295,Quan Hampton,2305,Kansas,Big 12,WR,,,1,1,0.0,0.0,,,,1.0,0.0,0.0,0.0,-0.37108613479339825,-0.37108613479339825,-0.6755087195317567,-0.6755087195317567,0.0,0.0,,,,,,,,
2019,4241303,Dom Williams,2305,Kansas,Big 12,RB,,,19,66,0.0,0.0,,,,3.473684210526316,0.0,0.0,0.0,-3.425809498651592,-0.1803057630869259,-2.1596491098457395,-0.11366574262345998,0.3157894736842105,0.10526315789473684,,,,-0.10882553849592992,-1.028913865206603,-0.5630569346057371,,
2019,4241327,Nick Ast,2306,Kansas State,Big 12,WR,,,2,1,0.0,0.0,,,,0.5,0.0,0.0,0.0,-1.5143149713814124,-0.7571574856907062,-1.2848985684180552,-0.6424492842090276,0.0,0.0,,,,-0.7571574856907062,-1.1349185972973483,-1.1349185972973483,,
2019,4241366,Dylan Wentzel,2306,Kansas State,Big 12,WR,,,1,7,0.0,0.0,,,,7.0,0.0,0.0,0.0,0.7832133886312485,0.7832133886312485,1.1150273986741406,1.1150273986741406,1.0,0.0,,,,0.7832133886312485,,,,
2019,4241371,Kennedy Brooks,201,Oklahoma,Big 12,RB,,,138,932,5.0,0.0,,,,6.753623188405797,0.036231884057971016,0.0,0.0,51.19267083697896,0.37096138287665914,29.86117575566416,0.21638533156278378,0.5289855072463768,0.2463768115942029,,,,0.36819742216575746,0.08739635455001839,0.349293798670691,,
2019,4241380,Jeremiah Hall,201,Oklahoma,Big 12,TE,,,2,7,0.0,0.0,,,,3.5,0.0,0.0,0.0,0.18104444642656725,0.09052222321328363,-0.5963092205258302,-0.2981546102629151,0.5,0.0,,,,0.09052222321328363,,,,
2019,4241389,CeeDee Lamb,201,Oklahoma,Big 12,WR,,,8,35,1.0,0.0,,,,4.375,0.125,0.0,0.0,1.7756513591189926,0.22195641988987408,2.351246582957013,0.29390582286962663,0.5,0.125,,,,0.22195641988987408,-0.06096910401124189,0.8032779565841031,,
2019,4241397,Charleston Rambo,201,Oklahoma,Big 12,WR,,,2,15,0.0,0.0,,,,7.5,0.0,0.0,0.0,0.8329541488648005,0.41647707443240023,1.6341503003505735,0.8170751501752868,0.5,0.5,,,,0.41647707443240023,,,,
2019,4241399,Chris Robison,2226,Florida Atlantic,Conference USA,QB,,,54,140,2.0,0.0,,,,2.5925925925925926,0.037037037037037035,0.0,0.0,-4.3750510898309924,-0.08101946462649987,-6.833346360365236,-0.12654345111787474,0.35185185185185186,0.07407407407407407,,,,-0.12638791775049857,0.6486183954302405,0.3095820806951256,,
2019,4241401,Trey Sermon,201,Oklahoma,Big 12,RB,,,54,385,4.0,0.0,,,,7.12962962962963,0.07407407407407407,0.0,0.0,27.455923224759466,0.5084430226807308,13.89533686817484,0.2573210531143489,0.5555555555555556,0.25925925925925924,,,,0.4271774260060496,1.1717405413168835,0.5652938100263417,,
2019,4241414,J.D. King,290,Georgia Southern,Sun Belt,RB,,,184,836,8.0,0.0,,,,4.543478260869565,0.043478260869565216,0.0,0.0,37.34333672400361,0.2029529169782805,18.57267733541746,0.10093846377944271,0.4782608695652174,0.09782608695652174,,,,0.24428155575402255,-0.01438438650265829,0.5687307909518126,,
2019,4241416,Chuba Hubbard,197,Oklahoma State,Big 12,RB,,,323,2141,21.0,0.0,,,,6.628482972136223,0.06501547987616099,0.0,0.0,155.46661566107235,0.48132079152034785,95.37307916696115,0.29527269091938435,0.5201238390092879,0.1609907120743034,,,,0.44876643867369864,0.49273883687121833,0.7982291480754191,,
2019,4241424,Tylan Wallace,197,Oklahoma State,Big 12,WR,,,1,0,0.0,0.0,,,,0.0,0.0,0.0,0.0,-0.7000000000000002,-0.7000000000000002,-0.2868087912016805,-0.2868087912016805,0.0,0.0,,,,,,-0.7000000000000002,,
2019,4241457,Najee Harris,333,Alabama,SEC,RB,,,208,1219,13.0,0.0,,,,5.860576923076923,0.0625,0.0,0.0,85.92089378826022,0.4130812201358664,54.67883069904632,0.262878993745415,0.5625,0.22115384615384615,,,,0.3525659900101156,0.5858867146676208,0.7456234864035638,,
2019,4241463,Jerry Jeudy,333,Alabama,SEC,WR,,,1,1,0.0,0.0,,,,1.0,0.0,0.0,0.0,-0.5442208381761082,-0.5442208381761082,-0.9023678946876946,-0.9023678946876946,0.0,0.0,,,,-0.5442208381761082,,,,
2019,4241464,Mac Jones,333,Alabama,SEC,QB,,,14,54,1.0,0.0,,,,3.857142857142857,0.07142857142857142,0.0,0.0,8.145644704354762,0.5818317645967687,6.033132717372358,0.43093805124088275,0.5,0.14285714285714285,,,,-0.3621267412576608,2.078616297897363,0.5525345352043743,,
2019,4241474,Brian Robinson Jr.,333,Alabama,SEC,RB,,,95,413,5.0,0.0,,,,4.347368421052631,0.05263157894736842,0.0,0.0,19.227186855601353,0.2023914405852774,13.107579333784113,0.13797451930299065,0.5157894736842106,0.12631578947368421,,,,0.18444520265009584,0.12095892644272824,0.6395304330245124,,
2019,4241475,Henry Ruggs III,333,Alabama,SEC,WR,,,2,75,1.0,0.0,,,,37.5,0.5,0.0,0.0,8.05,4.025,4.969987383674435,2.4849936918372175,0.5,0.5,,,,4.025,,,,
2019,4241476,Tyrell Shavers,333,Alabama,SEC,WR,,,1,14,0.0,0.0,,,,14.0,0.0,0.0,0.0,0.98,0.98,1.3226037375250375,1.3226037375250375,1.0,1.0,,,,0.98,,,,
2019,4241479,Tua Tagovailoa,333,Alabama,SEC,QB,,,12,81,2.0,0.0,,,,6.75,0.16666666666666666,0.0,0.0,14.295885415603848,1.191323784633654,11.233668019414308,0.936139001617859,0.75,0.16666666666666666,,,,1.5817421638047275,0.7831860156340915,1.968740521553939,,
2019,4241481,Chadarius Townsend,333,Alabama,SEC,WR,,,8,22,0.0,0.0,,,,2.75,0.0,0.0,0.0,-0.22491859729734776,-0.02811482466216847,-0.9949539882231344,-0.1243692485278918,0.5,0.0,,,,0.2746374296442372,-1.1606460693408283,,,
2019,4241555,Elijah Mitchell,309,Louisiana,Sun Belt,RB,,,188,1096,15.0,0.0,,,,5.829787234042553,0.0797872340425532,0.0,0.0,93.96256406063289,0.4998008726629409,57.295247844231795,0.3047619566182542,0.5797872340425532,0.19680851063829788,,,,0.49812858404161464,0.5404582106021473,0.7967321330655067,,
2019,4241556,Levi Lewis,309,Louisiana,Sun Belt,QB,,,47,318,3.0,0.0,,,,6.76595744680851,0.06382978723404255,0.0,0.0,40.18120225106516,0.8549191968311736,29.262008867072275,0.6225959333419633,0.7659574468085106,0.2553191489361702,,,,0.45996471203383954,0.6105889217160521,1.5593817876022094,,
2019,4241587,Quinton Conaway,2440,Nevada,Mountain West,P,,,1,17,0.0,0.0,,,,17.0,0.0,0.0,0.0,3.1093963740840644,3.1093963740840644,2.944514230011456,2.944514230011456,1.0,1.0,,,,,,,,
2019,4241602,McLane Mannix,2641,Texas Tech,Big 12,WR,,,3,37,0.0,0.0,,,,12.333333333333334,0.0,0.0,0.0,3.7078750473179896,1.2359583491059964,2.677768733759777,0.8925895779199257,1.0,0.3333333333333333,,,,1.2359583491059964,,,,
2019,4241603,Roger Neal,2440,Nevada,Mountain West,RB,,,11,19,0.0,0.0,,,,1.7272727272727273,0.0,0.0,0.0,-3.188000855841582,-0.289818259621962,-1.2645650166922684,-0.1149604560629335,0.18181818181818182,0.0,,,,-0.402756003533095,,,,
2019,4241635,Josh Adkins,166,New Mexico State,FBS Independents,QB,,,69,288,4.0,0.0,,,,4.173913043478261,0.057971014492753624,0.0,0.0,17.328275772581513,0.25113443148668857,13.690154096121768,0.19840803037857635,0.4782608695652174,0.08695652173913043,,,,0.18443548033712817,0.2951621166851225,1.1675052107160762,,
2019,4241665,Caleb Twyford,326,Texas State,Sun Belt,WR,,,81,351,2.0,0.0,,,,4.333333333333333,0.024691358024691357,0.0,0.0,2.494862959974892,0.03080077728364064,-1.9988767246929142,-0.024677490428307584,0.3333333333333333,0.12345679012345678,,,,-0.12809278015253778,0.5820001038162071,1.0067742190471274,,
2019,4241666,Jaylin Nelson,326,Texas State,Sun Belt,RB,,,5,22,0.0,0.0,,,,4.4,0.0,0.0,0.0,0.19810574551853222,0.03962114910370644,-0.8813335186322515,-0.1762667037264503,0.4,0.2,,,,-0.4014925922622388,,,,
2019,4241677,Kieston Roach,326,Texas State,Sun Belt,CB,,,1,-6,0.0,0.0,,,,-6.0,0.0,0.0,0.0,-1.5117862641320614,-1.5117862641320614,-2.3327342959669846,-2.3327342959669846,0.0,0.0,,,,-1.5117862641320614,,,,
2019,4241724,DK Billingsley,2653,Troy,Sun Belt,RB,,,155,942,10.0,0.0,,,,6.077419354838709,0.06451612903225806,0.0,0.0,63.707198998234226,0.4110141870853821,46.095580975117976,0.29739084500076113,0.4838709677419355,0.18064516129032257,,,,0.32991302375937176,0.46683609774225404,0.7212423200975496,,
2019,4241741,Micah Murphy,2653,Troy,Sun Belt,S,,,1,2,0.0,0.0,,,,2.0,0.0,0.0,0.0,1.0706453142827654,1.0706453142827654,2.301624643025347,2.301624643025347,1.0,0.0,,,,,1.0706453142827654,,,
2019,4241802,Jalen Reagor,2628,TCU,Big 12,WR,,,14,89,0.0,0.0,,,,6.357142857142857,0.0,0.0,0.0,3.014481946944612,0.2153201390674723,0.42388180056955593,0.030277271469253995,0.5714285714285714,0.21428571428571427,,,,0.1080709821119418,-0.6999999999999997,0.19552222321328339,,
2019,4241820,Sam Ehlinger,251,Texas,Big 12,QB,,,127,853,7.0,0.0,,,,6.716535433070866,0.05511811023622047,0.0,0.0,66.58331843109126,0.5242780978826084,52.504800827752575,0.4134236285649809,0.6535433070866141,0.2677165354330709,,,,0.5073935266448898,0.07138904298790616,0.7060698651656779,,
2019,4241821,Toneil Carter,2534,Sam Houston,Southland,RB,,,2,2,0.0,0.0,,,,1.0,0.0,0.0,0.0,-1.1121272538378513,-0.5560636269189256,-0.5405075796586631,-0.27025378982933157,0.0,0.0,,,,-0.5560636269189256,,,,
2019,4241826,Xavier Martin,2641,Texas Tech,Big 12,DB,,,1,5,0.0,0.0,,,,5.0,0.0,0.0,0.0,0.19552222321328339,0.19552222321328339,0.1104483361431646,0.1104483361431646,1.0,0.0,,,,0.19552222321328339,,,,
2019,4241868,Tevin Bush,277,West Virginia,Big 12,WR,,,3,15,0.0,0.0,,,,5.0,0.0,0.0,0.0,1.87466165868674,0.6248872195622467,1.9396653482919657,0.6465551160973219,0.6666666666666666,0.0,,,,0.38213664150729154,-0.6999999999999995,,,
2019,4241888,Reggie Roberson Jr.,2567,SMU,American Athletic,WR,,,2,7,0.0,0.0,,,,3.5,0.0,0.0,0.0,-0.11460921384826506,-0.05730460692413253,0.058196639779625414,0.029098319889812707,0.5,0.0,,,,-0.05730460692413253,,,,
2019,4241891,Alec Sinkfield,277,West Virginia,Big 12,RB,,,17,41,0.0,0.0,,,,2.411764705882353,0.0,0.0,0.0,-3.260896529892195,-0.191817442934835,-1.7485231698182364,-0.10285430410695508,0.35294117647058826,0.0,,,,-0.2606534818363477,,-0.6999999999999997,,
2019,4241898,Maverick Wolfley,2006,Akron,Mid-American,TE,,,1,2,0.0,0.0,,,,2.0,0.0,0.0,0.0,-0.25717498704090813,-0.25717498704090813,-0.209426081539027,-0.209426081539027,0.0,0.0,,,,-0.25717498704090813,,-0.25717498704090813,,
2019,4241934,Tayon Fleet-Davis,120,Maryland,Big Ten,RB,,,61,266,2.0,0.0,,,,4.360655737704918,0.03278688524590164,0.0,0.0,13.779535593436107,0.22589402612190337,7.359825253080609,0.12065287300132145,0.45901639344262296,0.11475409836065574,,,,0.1670202433218086,0.26860020022939457,0.8617449834930028,,
2019,4241940,Javon Leake,120,Maryland,Big Ten,RB,,,100,719,8.0,0.0,,,,7.19,0.08,0.0,0.0,59.37743657610747,0.5937743657610747,36.05812130053409,0.3605812130053409,0.52,0.16,,,,0.5141114701336821,0.5969593803064914,0.9437301626726962,,
2019,4241941,Anthony McFarland Jr.,120,Maryland,Big Ten,RB,,,114,614,8.0,0.0,,,,5.385964912280702,0.07017543859649122,0.0,0.0,25.458295938392542,0.22331838542449597,9.256436580025312,0.0811968121054852,0.43859649122807015,0.14912280701754385,,,,0.2688718705672894,-0.2567014212746416,0.4218033748476147,,
2019,4241961,Connor Heyward,127,Michigan State,Big Ten,RB,,,23,69,0.0,0.0,,,,3.0,0.0,0.0,0.0,-9.728152884923265,-0.4229631689097072,-6.807614478498235,-0.2959832381955754,0.30434782608695654,0.043478260869565216,,,,-0.32465270169665345,-0.7790309594304804,-0.8968992530404131,,
2019,4241965,Rocky Lombardi,127,Michigan State,Big Ten,QB,,,3,5,0.0,0.0,,,,1.6666666666666667,0.0,0.0,0.0,-4.841505878809312,-1.6138352929364375,-3.439067598180062,-1.1463558660600206,0.3333333333333333,0.0,,,,-0.20339164199331883,-2.319057118407996,-2.319057118407996,,
2019,4241970,Laress Nelson,127,Michigan State,Big Ten,WR,,,1,5,0.0,0.0,,,,5.0,0.0,0.0,0.0,0.19552222321328339,0.19552222321328339,0.1106144250151839,0.1106144250151839,1.0,0.0,,,,0.19552222321328339,,,,
2019,4241983,Cody White,127,Michigan State,Big Ten,WR,,,6,22,0.0,0.0,,,,3.6666666666666665,0.0,0.0,0.0,-1.3493986752399025,-0.2248997792066504,-3.1808323012905433,-0.5301387168817572,0.3333333333333333,0.3333333333333333,,,,-0.2248997792066504,,-1.2749185972973471,,
2019,4241985,J.K. Dobbins,194,Ohio State,Big Ten,RB,,,262,1828,20.0,0.0,,,,6.977099236641221,0.07633587786259542,0.0,0.0,139.39009883944206,0.5320232780131376,90.29354096646547,0.3446318357498682,0.5038167938931297,0.17938931297709923,,,,0.495238488411303,0.3361227866999892,0.8956998849296252,,
2019,4241988,Trevon Grimes,57,Florida,SEC,WR,,,1,-4,0.0,0.0,,,,-4.0,0.0,0.0,0.0,-1.9687510598012983,-1.9687510598012983,-0.7971688606584291,-0.7971688606584291,0.0,0.0,,,,,-1.9687510598012983,,,
2019,4241992,Tate Martell,2390,Miami,ACC,QB,,,5,11,0.0,0.0,,,,2.2,0.0,0.0,0.0,-1.0992965432792223,-0.21985930865584447,-1.1225024870249511,-0.22450049740499023,0.4,0.0,,,,-0.3584895504914902,,0.3346616586867386,,
2019,4242158,Chase Hayden,8,Arkansas,SEC,RB,,,12,39,0.0,0.0,,,,3.25,0.0,0.0,0.0,-0.895311644342768,-0.07460930369523067,-2.153231338247347,-0.17943594485394557,0.25,0.08333333333333333,,,,-0.17659724065822996,-0.04935468571723467,-0.27120142046163354,,
2019,4242169,Jonathan Nance,142,Missouri,SEC,WR,,,1,4,0.0,0.0,,,,4.0,0.0,0.0,0.0,0.10900799841190745,0.10900799841190745,-0.08212860423373947,-0.08212860423373947,1.0,0.0,,,,0.10900799841190745,,,,
2019,4242178,De'Vion Warren,8,Arkansas,SEC,WR,,,5,51,0.0,0.0,,,,10.2,0.0,0.0,0.0,4.427392538440528,0.8854785076881055,3.8975940110678944,0.7795188022135788,0.8,0.6,,,,0.8854785076881055,,,,
2019,4242203,Lowell Narcisse,2636,UTSA,Conference USA,QB,,,97,587,4.0,0.0,,,,6.051546391752577,0.041237113402061855,0.0,0.0,52.945595036838924,0.5458308766684425,44.075614289028614,0.4543877761755527,0.5876288659793815,0.20618556701030927,,,,0.39077996923551483,1.0855649856416496,0.8643527183297413,,
2019,4242210,Myles Brennan,99,LSU,SEC,QB,,,9,47,0.0,0.0,,,,5.222222222222222,0.0,0.0,0.0,3.3950522995330847,0.3772280332814539,-0.1302865412467648,-0.014476282360751646,0.7777777777777778,0.1111111111111111,,,,0.3682603666425516,,0.8827463277105525,,
2019,4242214,Clyde Edwards-Helaire,99,LSU,SEC,RB,,,198,1358,16.0,0.0,,,,6.858585858585859,0.08080808080808081,0.0,0.0,111.29650776787302,0.5621035745852173,74.49951849922337,0.37626019444052206,0.5505050505050505,0.17676767676767677,,,,0.5559966819842447,0.31882990735526495,0.6889869233862754,,
2019,4242268,Andrew Marty,77,Northwestern,Big Ten,QB,,,52,207,4.0,0.0,,,,3.980769230769231,0.07692307692307693,0.0,0.0,20.52268610553658,0.39466704049108803,12.826879793405617,0.24667076525780032,0.5576923076923077,0.057692307692307696,,,,0.22388752788350003,1.3961653472303035,0.7793394949685488,,
2019,4242270,Kyric McGowan,77,Northwestern,Big Ten,WR,,,28,177,1.0,0.0,,,,6.321428571428571,0.03571428571428571,0.0,0.0,4.345578562327318,0.1551992343688328,2.4080565058343324,0.08600201806551187,0.2857142857142857,0.17857142857142858,,,,0.1754304977690937,-0.06618218867638863,,,
2019,4242275,Jace James,77,Northwestern,Big Ten,WR,,,1,1,0.0,0.0,,,,1.0,0.0,0.0,0.0,-0.5098217466379302,-0.5098217466379302,-0.3320953105044356,-0.3320953105044356,0.0,0.0,,,,-0.5098217466379302,,-0.5098217466379302,,
2019,4242321,Tyler Nevens,23,San José State,Mountain West,RB,,,42,130,1.0,0.0,,,,3.0952380952380953,0.023809523809523808,0.0,0.0,-5.864574347093291,-0.13963272254984027,-8.235360531375264,-0.196080012651792,0.30952380952380953,0.07142857142857142,,,,-0.07531174024098822,-0.9854319078168284,-0.19091306832815597,,
2019,4242330,Danny Davis III,275,Wisconsin,Big Ten,WR,,,7,101,1.0,0.0,,,,14.428571428571429,0.14285714285714285,0.0,0.0,11.31847304469597,1.616924720670853,9.010695338599508,1.287242191228501,0.8571428571428571,0.7142857142857143,,,,1.4664856442011003,,5.209396374084064,,
2019,4242331,Jack Coan,275,Wisconsin,Big Ten,QB,,,30,110,2.0,0.0,,,,3.6666666666666665,0.06666666666666667,0.0,0.0,9.838898486311425,0.3279632828770475,6.3630516485386925,0.21210172161795643,0.5666666666666667,0.06666666666666667,,,,0.20671950962996122,0.8383529685031119,0.7931779044781444,,
2019,4242335,Jonathan Taylor,275,Wisconsin,Big Ten,RB,,,295,1839,20.0,0.0,,,,6.233898305084746,0.06779661016949153,0.0,0.0,142.7516210145553,0.48390380004933997,81.41897541613501,0.275996526834356,0.559322033898305,0.19661016949152543,,,,0.4559992837218287,0.9813959698751972,1.1796616639828545,,
2019,4242394,Michael Curtis,113,Massachusetts,FBS Independents,QB,,,19,97,1.0,0.0,,,,5.105263157894737,0.05263157894736842,0.0,0.0,8.097633993112714,0.426191262795406,6.089876180790993,0.3205197989889996,0.5789473684210527,0.10526315789473684,,,,0.18799990905979944,1.7006453142827653,2.4706453142827653,,
2019,4242408,Chase Garbers,25,California,Pac-12,QB,,,67,370,3.0,0.0,,,,5.522388059701493,0.04477611940298507,0.0,0.0,26.847039353808714,0.40070207990759277,23.849580727706645,0.35596389145830815,0.5373134328358209,0.23880597014925373,,,,0.5800237332032543,0.23138284914056112,1.0656112614641373,,
2019,4242410,Jeremiah Hawkins,25,California,Pac-12,WR,,,1,-2,0.0,0.0,,,,-2.0,0.0,0.0,0.0,-0.9903486761968501,-0.9903486761968501,-1.3169300165905415,-1.3169300165905415,0.0,0.0,,,,-0.9903486761968501,,,,
2019,4242421,KeShun Wells,145,Ole Miss,SEC,RB,,,1,7,0.0,0.0,,,,7.0,0.0,0.0,0.0,0.7832133886312489,0.7832133886312489,0.6559906422590808,0.6559906422590808,1.0,0.0,,,,0.7832133886312489,,,,
2019,4242431,Ty Chandler,2633,Tennessee,SEC,RB,,,132,638,3.0,0.0,,,,4.833333333333333,0.022727272727272728,0.0,0.0,20.260397355174334,0.1534878587513207,11.34707622288743,0.08596269865823811,0.4090909090909091,0.11363636363636363,,,,0.12175873735459038,-0.03588268463086828,0.2581649607509826,,
2019,4242433,Josh Palmer,2633,Tennessee,SEC,WR,,,2,4,0.0,0.0,,,,2.0,0.0,0.0,0.0,-2.3312751806087637,-1.1656375903043819,-2.9920597146494736,-1.4960298573247368,0.0,0.0,,,,-0.013213388631248435,-2.3180617919775153,-0.013213388631248435,,
2019,4242443,Jacquez Jones,2633,Tennessee,SEC,WR,,,1,9,0.0,0.0,,,,9.0,0.0,0.0,0.0,1.4642732830145828,1.4642732830145828,1.252308359788624,1.252308359788624,1.0,0.0,,,,1.4642732830145828,,,,
2019,4242445,Tim Jordan,2633,Tennessee,SEC,RB,,,102,438,1.0,0.0,,,,4.294117647058823,0.00980392156862745,0.0,0.0,6.217772062529442,0.06095854963264159,-4.400455693258157,-0.043141722482923105,0.43137254901960786,0.08823529411764706,,,,0.061291640760947216,-0.21878537534228368,0.04948846329089003,,
2019,4242491,Darrian Felix,2483,Oregon,Pac-12,RB,,,34,197,2.0,0.0,,,,5.794117647058823,0.058823529411764705,0.0,0.0,13.907309043072278,0.4090385012668317,7.887547753504066,0.23198669863247254,0.5294117647058824,0.11764705882352941,,,,0.4664652732749069,-0.4956537101847672,0.7655907465133056,,
2019,4242492,CJ Verdell,2483,Oregon,Pac-12,RB,,,179,1037,5.0,0.0,,,,5.793296089385475,0.027932960893854747,0.0,0.0,38.93386665560989,0.21750763494754127,16.815397490911742,0.09394076810565219,0.46368715083798884,0.13966480446927373,,,,0.23855481910989143,0.04382021638250897,0.19867062350743267,,
2019,4242494,Cyrus Habibi-Likio,2483,Oregon,Pac-12,RB,,,76,310,10.0,0.0,,,,4.078947368421052,0.13157894736842105,0.0,0.0,42.603669028356556,0.5605745924783757,22.162319935492228,0.29160947283542404,0.5263157894736842,0.09210526315789473,,,,0.3799664239223325,0.4653558945839543,0.8785782322159215,,
2019,4242505,Daewood Davis,2483,Oregon,Pac-12,WR,,,1,-9,0.0,0.0,,,,-9.0,0.0,0.0,0.0,-1.8680533006800584,-1.8680533006800584,-1.7481983393952625,-1.7481983393952625,0.0,0.0,,,,-1.8680533006800584,,,,
2019,4242506,Jaylon Redd,2483,Oregon,Pac-12,WR,,,6,10,2.0,0.0,,,,1.6666666666666667,0.3333333333333333,0.0,0.0,4.7202391894980025,0.7867065315830004,2.9759069056943654,0.4959844842823942,0.3333333333333333,0.0,,,,0.7867065315830004,3.1706453142827655,1.3194183540763396,,
2019,4242520,JaTarvious Whitlow,2,Auburn,SEC,RB,,,152,768,10.0,0.0,,,,5.052631578947368,0.06578947368421052,0.0,0.0,53.563420104420224,0.35239092173960673,27.188047308355255,0.17886873229181088,0.45394736842105265,0.13157894736842105,,,,0.3563595385701666,0.16428515173419164,1.3688554549068153,,
2019,4242545,Connor Wedington,24,Stanford,Pac-12,WR,,,5,50,0.0,0.0,,,,10.0,0.0,0.0,0.0,4.3968413573630665,0.8793682714726133,2.875097890753952,0.5750195781507904,1.0,0.8,,,,0.8793682714726133,,1.610440820510632,,
2019,4242546,Davis Mills,24,Stanford,Pac-12,QB,,,19,112,0.0,0.0,,,,5.894736842105263,0.0,0.0,0.0,8.589347938146158,0.4520709441129557,4.3256694171888395,0.22766681143099154,0.5263157894736842,0.3157894736842105,,,,0.4274581409344799,,1.4642732830145833,,
2019,4242556,Osiris St. Brown,24,Stanford,Pac-12,WR,,,2,12,0.0,0.0,,,,6.0,0.0,0.0,0.0,1.0161412970859858,0.5080706485429929,0.9208058041582027,0.46040290207910134,0.5,0.0,,,,0.5080706485429929,,,,
2019,4242873,Eno Benjamin,9,Arizona State,Pac-12,RB,,,248,1083,10.0,0.0,,,,4.366935483870968,0.04032258064516129,0.0,0.0,47.71743685630145,0.19240901958186069,18.273293788100485,0.07368263624234067,0.4435483870967742,0.13306451612903225,,,,0.12343876126055923,0.2353449229411855,0.5441401383459075,,
2019,4242974,Austin Burton,26,UCLA,Pac-12,QB,,,21,111,1.0,0.0,,,,5.285714285714286,0.047619047619047616,0.0,0.0,9.192478543714735,0.43773707351022545,5.817862411262981,0.2770410672029991,0.7142857142857143,0.09523809523809523,,,,0.4024919191477003,-0.484052872759267,2.1735229255675996,,
2019,4242995,Jorge Reyna,278,Fresno State,Mountain West,QB,,,67,466,2.0,0.0,,,,6.955223880597015,0.029850746268656716,0.0,0.0,34.72626240631685,0.5183024239748784,29.62245597781826,0.44212620862415314,0.582089552238806,0.29850746268656714,,,,0.4178558153347908,-0.6223155502949373,-0.010429389488669116,,
2019,4243003,Ronnie Rivers,278,Fresno State,Mountain West,RB,,,176,913,13.0,0.0,,,,5.1875,0.07386363636363637,0.0,0.0,61.694069503031265,0.35053448581267765,22.87383955537917,0.1299649974737453,0.4659090909090909,0.125,,,,0.33540280369169156,0.4824486562932074,1.248131959012463,,
2019,4243160,Laviska Shenault Jr.,38,Colorado,Pac-12,WR,,,23,161,2.0,0.0,,,,7.0,0.08695652173913043,0.0,0.0,18.943520813880674,0.8236313397339423,18.16982067948724,0.789992203455967,0.7391304347826086,0.21739130434782608,,,,0.5996354746778185,1.544251629726759,0.7038332988471855,,
2019,4243163,Alex Fontenot,38,Colorado,Pac-12,RB,,,183,901,5.0,0.0,,,,4.923497267759563,0.0273224043715847,0.0,0.0,37.30760431907542,0.20386669026817172,16.432235882204665,0.08979363870057194,0.47540983606557374,0.16939890710382513,,,,0.14146451130363444,0.1379321191658197,0.30989151563473005,,
2019,4243165,Jaylon Jackson,38,Colorado,Pac-12,WR,,,1,14,0.0,0.0,,,,14.0,0.0,0.0,0.0,1.6799999999999993,1.6799999999999993,1.0846979426841927,1.0846979426841927,1.0,1.0,,,,1.6799999999999993,,,,
2019,4243168,K.D. Nixon,38,Colorado,Pac-12,WR,,,5,29,0.0,0.0,,,,5.8,0.0,0.0,0.0,0.7435732227375023,0.14871464454750044,0.21303221745177336,0.042606443490354674,0.6,0.4,,,,0.16993519005838797,,,,
2019,4243247,Jaylen Dixon,254,Utah,Pac-12,WR,,,17,91,2.0,0.0,,,,5.352941176470588,0.11764705882352941,0.0,0.0,9.985682256963404,0.5873930739390237,7.1210907763989555,0.41888769272935034,0.7058823529411765,0.23529411764705882,,,,0.6193722212486241,2.0923391151836497,1.2668599046849287,,
2019,4243249,T.J. Green,254,Utah,Pac-12,RB,,,23,68,1.0,0.0,,,,2.9565217391304346,0.043478260869565216,0.0,0.0,-0.6658812194332056,-0.02895135736666111,-2.5669816390279574,-0.11160789734904163,0.43478260869565216,0.08695652173913043,,,,-0.069405591178542,-0.0174596761777052,0.025529093837320566,,
2019,4243258,Jason Shelley,254,Utah,Pac-12,QB,,,15,68,1.0,0.0,,,,4.533333333333333,0.06666666666666667,0.0,0.0,3.9258825657314116,0.26172550438209413,1.647610362998317,0.10984069086655447,0.5333333333333333,0.2,,,,0.08244564408816046,1.3775674580565118,1.7760285299433853,,
2019,4243264,Derrick Vickers,254,Utah,Pac-12,WR,,,19,93,1.0,0.0,,,,4.894736842105263,0.05263157894736842,0.0,0.0,9.224798187700326,0.48551569408949086,6.627499409114817,0.34881575837446405,0.631578947368421,0.05263157894736842,,,,0.36352032143777235,4.2206453142827645,1.090195469819501,,
2019,4243276,Todd Centeio,218,Temple,American Athletic,QB,,,38,178,0.0,0.0,,,,4.684210526315789,0.0,0.0,0.0,2.661618166673596,0.07004258333351569,1.2136995425207822,0.03193946164528374,0.39473684210526316,0.13157894736842105,,,,-0.01214415583764557,0.07572671698541678,-0.2026512441888421,,
2019,4243315,Salvon Ahmed,264,Washington,Pac-12,RB,,,186,1005,11.0,0.0,,,,5.403225806451613,0.05913978494623656,0.0,0.0,73.8111920391286,0.3968343658017667,37.72756323211158,0.20283636146296546,0.532258064516129,0.11827956989247312,,,,0.3723395802314574,0.663207609682369,0.8981244851712971,,
2019,4243318,Hunter Bryant,264,Washington,Pac-12,TE,,,1,4,0.0,0.0,,,,4.0,0.0,0.0,0.0,0.10900799841190745,0.10900799841190745,-0.028793934635411137,-0.028793934635411137,1.0,0.0,,,,0.10900799841190745,,,,
2019,4243319,Terrell Bynum,264,Washington,Pac-12,WR,,,1,9,0.0,0.0,,,,9.0,0.0,0.0,0.0,1.4642732830145824,1.4642732830145824,0.73596654934212,0.73596654934212,1.0,0.0,,,,1.4642732830145824,,,,
2019,4243364,Connor Adair,235,Memphis,American Athletic,QB,,,2,26,1.0,0.0,,,,13.0,0.5,0.0,0.0,5.257431925651517,2.6287159628257584,2.878854310307344,1.439427155153672,0.5,0.5,,,,-0.013213388631248879,5.270645314282765,,,
2019,4243365,Timothy Taylor,235,Memphis,American Athletic,RB,,,11,30,0.0,0.0,,,,2.727272727272727,0.0,0.0,0.0,1.837374789327921,0.16703407175708374,0.33002770499356515,0.03000251863577865,0.45454545454545453,0.0,,,,-0.1191540920918449,0.5731860156340922,0.7625407013513255,,
2019,4243369,Marquavius Weaver,235,Memphis,American Athletic,RB,,,5,21,0.0,0.0,,,,4.2,0.0,0.0,0.0,0.3870196107251367,0.07740392214502734,-0.7704372415250481,-0.15408744830500962,0.4,0.0,,,,0.07740392214502734,,,,
2019,4243389,Calvin Austin III,235,Memphis,American Athletic,WR,,,4,3,1.0,0.0,,,,0.75,0.25,0.0,0.0,1.175908297729599,0.29397707443239973,-0.8452265413758516,-0.2113066353439629,0.5,0.0,,,,0.29397707443239973,2.4706453142827653,0.24434043292510843,,
2019,4243455,Jacquez Sloan,98,Western Kentucky,Conference USA,WR,,,8,80,2.0,0.0,,,,10.0,0.25,0.0,0.0,12.623232163970128,1.577904020496266,7.295408127069598,0.9119260158836997,0.75,0.5,,,,1.577904020496266,-0.265081402702652,1.9932790648648986,,
2019,4243456,Davis Shanley,98,Western Kentucky,Conference USA,QB,,,1,16,0.0,0.0,,,,16.0,0.0,0.0,0.0,2.598310239290666,2.598310239290666,2.802592017066708,2.802592017066708,1.0,1.0,,,,,,,,
2019,4243459,Jakairi Moses,98,Western Kentucky,Conference USA,RB,,,1,6,0.0,0.0,,,,6.0,0.0,0.0,0.0,0.4296116243278427,0.4296116243278427,0.2977571976898493,0.2977571976898493,1.0,0.0,,,,0.4296116243278427,,,,
2019,4243484,Jordan Hoy,2320,Lamar,Southland,QB,,,2,6,0.0,0.0,,,,3.0,0.0,0.0,0.0,-0.40430735395193684,-0.20215367697596842,-0.6588684838661881,-0.32943424193309406,0.5,0.0,,,,-0.20215367697596842,,,,
2019,4243498,Matt Geiger,295,Old Dominion,Conference USA,RB,,,12,39,0.0,0.0,,,,3.25,0.0,0.0,0.0,-2.7019967188183225,-0.2251663932348602,-2.541428919185263,-0.21178574326543856,0.25,0.16666666666666666,,,,-0.1860732330662856,-1.9687510598012983,,,
2019,4243534,Mannie Logan-Greene,167,New Mexico,Mountain West,WR,,,4,12,0.0,0.0,,,,3.0,0.0,0.0,0.0,-0.4374810431078784,-0.1093702607769696,-1.5019527915369393,-0.3754881978842348,0.25,0.0,,,,-0.1093702607769696,,,,
2019,4243535,D.J. Mack Jr.,2116,UCF,American Athletic,QB,,,38,192,3.0,0.0,,,,5.052631578947368,0.07894736842105263,0.0,0.0,20.410156203832866,0.5371093737850754,15.866302166923788,0.417534267550626,0.6052631578947368,0.18421052631578946,,,,0.3208097166500667,0.588590964766549,0.8553661219166854,,
2019,4243539,Noah Vedral,158,Nebraska,Big Ten,QB,,,25,125,3.0,0.0,,,,5.0,0.12,0.0,0.0,18.994574954570965,0.7597829981828386,13.810657395729132,0.5524262958291652,0.72,0.04,,,,1.012803610743041,0.7075650930478032,2.0936388863909223,,
2019,4243542,Bentavious Thompson,2116,UCF,American Athletic,RB,,,84,538,6.0,0.0,,,,6.404761904761905,0.07142857142857142,0.0,0.0,38.08377712123137,0.4533782990622782,16.90342129986515,0.20123120595077562,0.5,0.20238095238095238,,,,0.4590996332770977,0.44848918503579205,0.5237971674626686,,
2019,4243543,Otis Anderson,2116,UCF,American Athletic,RB,,,113,726,5.0,0.0,,,,6.424778761061947,0.04424778761061947,0.0,0.0,41.764300990208106,0.36959558398414255,25.49161491854225,0.22558951255347123,0.5132743362831859,0.1592920353982301,,,,0.4122837832995238,0.12494387509459304,-0.14830705207097944,,
2019,4243544,Greg McCrae,2116,UCF,American Athletic,RB,,,98,571,7.0,0.0,,,,5.826530612244898,0.07142857142857142,0.0,0.0,39.57295538599511,0.4038056672040317,24.381921494948703,0.2487951172953949,0.5,0.16326530612244897,,,,0.44924218465672244,0.10592788362044195,0.5775711462425807,,
2019,4243546,Cordarrian Richardson,245,Texas A&M,SEC,RB,,,26,238,4.0,0.0,,,,9.153846153846153,0.15384615384615385,0.0,0.0,31.12582675501134,1.1971471828850515,17.446530843716374,0.6710204170660143,0.7307692307692307,0.23076923076923078,,,,1.2420040015210367,1.6231860156340916,2.98340917022704,,
2019,4243712,CJ Williams,2426,Navy,American Athletic,RB,,,56,298,3.0,0.0,,,,5.321428571428571,0.05357142857142857,0.0,0.0,22.432086651709408,0.4005729759233823,18.108743054968173,0.3233704116958602,0.6071428571428571,0.19642857142857142,,,,0.3827194689893331,0.12634768903509955,1.7055374074649416,,
2019,4243713,Myles Fells,2426,Navy,American Athletic,RB,,,18,130,0.0,0.0,,,,7.222222222222222,0.0,0.0,0.0,7.7782891627959465,0.43212717571088594,5.068586232479684,0.2815881240266491,0.6111111111111112,0.2777777777777778,,,,0.28317624691168863,0.8606453142827659,,,
2019,4243714,Garrett Winn,2426,Navy,American Athletic,WR,,,5,43,0.0,0.0,,,,8.6,0.0,0.0,0.0,4.682513328354167,0.9365026656708334,6.042310783272269,1.2084621566544538,0.8,0.2,,,,0.6987994118988649,0.775726716985417,0.4296116243278427,,
2019,4243715,Dalen Morris,2426,Navy,American Athletic,QB,,,2,16,0.0,0.0,,,,8.0,0.0,0.0,0.0,2.803601764303405,1.4018008821517025,1.1460042531198427,0.5730021265599213,1.0,0.0,,,,,,1.1803883756721567,,
2019,4243728,Tyreek King-El,2426,Navy,American Athletic,WR,,,6,36,1.0,0.0,,,,6.0,0.16666666666666666,0.0,0.0,5.366053849547107,0.8943423082578512,2.898507926296686,0.483084654382781,0.6666666666666666,0.3333333333333333,,,,1.0184442774086313,,5.279396374084064,,
2019,4243731,Nelson Smith,2426,Navy,American Athletic,FB,,,110,571,7.0,0.0,,,,5.1909090909090905,0.06363636363636363,0.0,0.0,34.639209943401696,0.31490190857637906,24.427673469091115,0.22206975880991922,0.41818181818181815,0.08181818181818182,,,,0.19593482330304104,0.8200599502921454,0.7820667424608713,,
2019,4243787,De'Andre Johnson,2640,Texas Southern,SWAC,QB,,,3,4,0.0,0.0,,,,1.3333333333333333,0.0,0.0,0.0,-1.369302240878759,-0.45643408029291965,-1.2528262863318167,-0.41760876211060555,0.0,0.0,,,,-0.4516958209966593,,,,
2019,4243811,Willie Wright,2226,Florida Atlantic,Conference USA,WR,,,3,11,0.0,0.0,,,,3.6666666666666665,0.0,0.0,0.0,-0.10313470338271058,-0.034378234460903524,-0.12869381153499226,-0.04289793717833076,0.3333333333333333,0.3333333333333333,,,,-0.034378234460903524,,,,
2019,4243822,Tyrek Tisdale,2226,Florida Atlantic,Conference USA,LB,,,4,13,0.0,0.0,,,,3.25,0.0,0.0,0.0,-0.674314971381412,-0.168578742845353,0.684529547701682,0.1711323869254205,0.5,0.25,,,,0.1768678753053119,,,,
2019,4243826,Tre Siggers,249,North Texas,Conference USA,RB,,,149,843,6.0,0.0,,,,5.657718120805369,0.040268456375838924,0.0,0.0,47.249347627405534,0.3171097156201714,23.097683532432598,0.15501801028478254,0.47651006711409394,0.1476510067114094,,,,0.3023895051772239,0.5093308411656942,0.5885847617454525,,
2019,4243830,Jaelon Darden,249,North Texas,Conference USA,WR,,,2,13,0.0,0.0,,,,6.5,0.0,0.0,0.0,1.3697430613893915,0.6848715306946958,0.9615642497308657,0.48078212486543287,1.0,0.0,,,,0.6848715306946958,,0.34038837567215685,,
2019,4243836,Evan Johnson,249,North Texas,Conference USA,RB,,,5,20,0.0,0.0,,,,4.0,0.0,0.0,0.0,0.6894071305557077,0.13788142611114154,-0.23223857167791806,-0.04644771433558361,0.6,0.0,,,,0.13788142611114154,,0.06426274476722194,,
2019,4243911,Stephon Huderson,2655,Tulane,American Athletic,RB,,,36,235,1.0,0.0,,,,6.527777777777778,0.027777777777777776,0.0,0.0,10.214349233602196,0.28373192315561657,6.316598546012113,0.17546107072255868,0.5277777777777778,0.08333333333333333,,,,0.300095743367052,-0.4703763950041628,0.5749973105455647,,
2019,4243923,Cameron Sample,2655,Tulane,American Athletic,DE,,,11,49,0.0,0.0,,,,4.454545454545454,0.0,0.0,0.0,2.38161670399875,0.21651060945443182,-0.1654972079534596,-0.01504520072304178,0.5454545454545454,0.18181818181818182,,,,-0.0803576340984957,1.4103226571413825,1.9749185972973478,,
2019,4243955,Brad Anderson,2393,Middle Tennessee,Conference USA,RB,,,37,155,0.0,0.0,,,,4.1891891891891895,0.0,0.0,0.0,-1.47160674196426,-0.03977315518822324,-5.189559510184548,-0.1402583651401229,0.43243243243243246,0.13513513513513514,,,,-0.020209527398562223,-0.3792732830145824,-0.1035346832610717,,
2019,4243957,Tyrese Johnson,2393,Middle Tennessee,Conference USA,WR,,,1,0,0.0,0.0,,,,0.0,0.0,0.0,0.0,-0.6999999999999997,-0.6999999999999997,-1.1612466882658818,-1.1612466882658818,0.0,0.0,,,,-0.6999999999999997,,,,
2019,4243966,Chaton Mobley,2393,Middle Tennessee,Conference USA,RB,,,51,219,3.0,0.0,,,,4.294117647058823,0.058823529411764705,0.0,0.0,10.932923527052713,0.2143710495500532,-3.282246827853725,-0.06435778093830834,0.4117647058823529,0.11764705882352941,,,,0.19835769532277908,0.6609690151928304,0.500093033630168,,
2019,4243984,Zack Dobson,2393,Middle Tennessee,Conference USA,WR,,,17,113,0.0,0.0,,,,6.647058823529412,0.0,0.0,0.0,6.851002758059735,0.40300016223880797,6.543168779049909,0.3848922811205829,0.7058823529411765,0.29411764705882354,,,,0.40830871511943695,0.3631860156340909,0.09467734285861673,,
2019,4244029,Jarret Doege,277,West Virginia,Big 12,QB,,,4,2,0.0,0.0,,,,0.5,0.0,0.0,0.0,-2.8783054734541804,-0.7195763683635451,-2.308417377826596,-0.577104344456649,0.0,0.0,,,,-0.8999143537964636,-0.8999143537964636,-0.8999143537964636,,
2019,4244038,Andrew Clair,189,Bowling Green,Mid-American,RB,,,68,244,4.0,0.0,,,,3.588235294117647,0.058823529411764705,0.0,0.0,14.343565530888355,0.2109347872189464,6.486893081720638,0.09539548649589173,0.5,0.058823529411764705,,,,0.12360344053787091,0.5360023175732844,0.783351182070927,,
2019,4244068,Dustin Crum,2309,Kent State,Mid-American,QB,,,127,908,6.0,0.0,,,,7.149606299212598,0.047244094488188976,0.0,0.0,86.04259605224306,0.6775007563168745,75.39462075948566,0.5936584311770524,0.6614173228346457,0.2677165354330709,,,,0.44554530239441914,0.8286829359444177,0.6848339100040717,,
2019,4244071,Xavier Williams,2309,Kent State,Mid-American,RB,,,86,392,4.0,0.0,,,,4.558139534883721,0.046511627906976744,0.0,0.0,22.06089169778252,0.25652199648584323,4.167586846724059,0.04846031217120999,0.5581395348837209,0.1744186046511628,,,,0.23129829696495,0.703913905054705,0.8131636784766894,,
2019,4244297,Jackson Williamson,193,Miami (OH),Mid-American,QB,,,8,55,0.0,0.0,,,,6.875,0.0,0.0,0.0,0.5976911294363147,0.07471139117953934,-1.0248098115395203,-0.12810122644244004,0.375,0.125,,,,0.3257821711717494,1.7802569386106084,,,
2019,4244298,Mitchell Burton,193,Miami (OH),Mid-American,RB,,,7,18,0.0,0.0,,,,2.5714285714285716,0.0,0.0,0.0,-0.8810041221627443,-0.1258577317375349,-1.1802715872087015,-0.16861022674410023,0.14285714285714285,0.0,,,,-0.505401770850698,,,,
2019,4244304,Jaylon Bester,193,Miami (OH),Mid-American,RB,,,148,690,13.0,0.0,,,,4.662162162162162,0.08783783783783784,0.0,0.0,55.00353477342571,0.37164550522584944,24.395368434673777,0.16483357050455255,0.47297297297297297,0.10810810810810811,,,,0.32595005729381266,0.8784932641067656,1.1212884640525278,,
2019,4244306,Jalen Walker,193,Miami (OH),Mid-American,WR,,,2,13,0.0,0.0,,,,6.5,0.0,0.0,0.0,0.20999999999999996,0.10499999999999998,-0.5125799640294315,-0.25628998201471576,0.5,0.5,,,,0.10499999999999998,,,,
2019,4244308,Davion Johnson,193,Miami (OH),Mid-American,RB,,,60,172,2.0,0.0,,,,2.8666666666666667,0.03333333333333333,0.0,0.0,-3.937376669067591,-0.06562294448445985,-6.730974960721049,-0.11218291601201749,0.36666666666666664,0.06666666666666667,,,,-0.1026380891699918,-0.28659166769006766,-0.007365112014806516,,
2019,4244598,Keylon Stokes,202,Tulsa,American Athletic,WR,,,9,42,0.0,0.0,,,,4.666666666666667,0.0,0.0,0.0,2.9086152382291672,0.3231794709143519,1.5649764882712769,0.17388627647458632,0.5555555555555556,0.1111111111111111,,,,0.15974624049330016,1.630645314282766,0.16734952286310487,,
2019,4244599,Shamari Brooks,202,Tulsa,American Athletic,RB,,,227,1026,6.0,0.0,,,,4.5198237885462555,0.02643171806167401,0.0,0.0,17.977738447779398,0.079197085673037,-2.8292822290012563,-0.012463798365644301,0.3920704845814978,0.1145374449339207,,,,0.02665506314931472,0.5632204257366721,0.3457098475970959,,
2019,4244601,Seth Boomer,202,Tulsa,American Athletic,QB,,,3,9,0.0,0.0,,,,3.0,0.0,0.0,0.0,0.4998811481357146,0.16662704937857153,-1.723253007547291,-0.5744176691824303,0.3333333333333333,0.3333333333333333,,,,-0.8483102392906665,,-0.8483102392906665,,
2019,4244648,Kaylan Wiggins,2229,Florida International,Conference USA,QB,,,45,343,3.0,0.0,,,,7.622222222222222,0.06666666666666667,0.0,0.0,31.37263322366257,0.6971696271925016,20.24206175364437,0.44982359452543047,0.6222222222222222,0.2222222222222222,,,,0.6669905558261389,0.8416251814961966,2.347875995574214,,
2019,4244651,D'Vonte Price,2229,Florida International,Conference USA,RB,,,50,209,0.0,0.0,,,,4.18,0.0,0.0,0.0,-0.7141226597779959,-0.01428245319555992,-3.0325527358941207,-0.060651054717882416,0.4,0.12,,,,0.004644310833301776,-0.310704962260937,-0.30716673992388466,,
2019,4244688,Nathan Rourke,195,Ohio,Mid-American,QB,,,131,1037,13.0,0.0,,,,7.916030534351145,0.09923664122137404,0.0,0.0,112.19423151960147,0.8564445154168051,84.70880441652427,0.6466320947826281,0.6793893129770993,0.33587786259541985,,,,0.8501613998574827,2.257919737152565,1.5824015432708092,,
2019,4244721,Kevin Dominique,2755,Grambling,SWAC,RB,,,9,44,0.0,0.0,,,,4.888888888888889,0.0,0.0,0.0,1.9934211738038436,0.2214912415337604,-0.519554752600661,-0.05772830584451789,0.7777777777777778,0.1111111111111111,,,,0.1954761936845,,,,
2019,4244727,Justin Hall,2050,Ball State,Mid-American,WR,,,24,187,2.0,0.0,,,,7.791666666666667,0.08333333333333333,0.0,0.0,18.563890342250648,0.7734954309271104,12.762197264434375,0.5317582193514323,0.75,0.375,,,,0.7734954309271104,-0.04935468571723467,3.149419264817397,,
2019,4244732,Caleb Huntley,2050,Ball State,Mid-American,RB,,,245,1261,12.0,0.0,,,,5.146938775510204,0.04897959183673469,0.0,0.0,67.41750100123703,0.2751734734744368,36.49280246958537,0.14895021416157295,0.46122448979591835,0.11020408163265306,,,,0.24606659965524086,0.408018571017746,0.49018585859122493,,
2019,4244768,Julian Hicks,2006,Akron,Mid-American,WR,,,1,1,0.0,0.0,,,,1.0,0.0,0.0,0.0,-0.5442208381761082,-0.5442208381761082,-0.8564651345494897,-0.8564651345494897,0.0,0.0,,,,-0.5442208381761082,,,,
2019,4244804,Preston Hutchinson,2199,Eastern Michigan,Mid-American,QB,,,15,49,2.0,0.0,,,,3.2666666666666666,0.13333333333333333,0.0,0.0,7.937110421627779,0.5291406947751852,3.862692501793825,0.2575128334529217,0.4,0.06666666666666667,,,,0.12246866218858446,1.5506995827511998,1.4044208753583103,,
2019,4244810,Karmi Mackey,2199,Eastern Michigan,Mid-American,RB,,,3,7,0.0,0.0,,,,2.3333333333333335,0.0,0.0,0.0,-0.9861675374960504,-0.32872251249868345,-1.3482613367948864,-0.44942044559829547,0.0,0.0,,,,-0.32872251249868345,-0.7000000000000002,-0.7000000000000002,,
2019,4244855,Cameron Montgomery,242,Rice,Conference USA,RB,,,8,22,0.0,0.0,,,,2.75,0.0,0.0,0.0,-1.0653013444315516,-0.13316266805394394,-2.3800099906720322,-0.29750124883400403,0.375,0.0,,,,-0.2013048295622146,,-0.37939637408406446,,
2019,4244856,Austin Trammell,242,Rice,Conference USA,WR,,,2,13,0.0,0.0,,,,6.5,0.0,0.0,0.0,0.9302255702668534,0.4651127851334267,1.5899743562616449,0.7949871781308224,0.5,0.5,,,,0.4651127851334267,,,,
2019,4244861,Evan Marshman,242,Rice,Conference USA,QB,,,2,3,0.0,0.0,,,,1.5,0.0,0.0,0.0,-0.9033916419933186,-0.4516958209966593,-0.983781146076188,-0.491890573038094,0.0,0.0,,,,-0.4516958209966593,,,,
2019,4245105,Jaylond Adams,2572,Southern Miss,Conference USA,WR,,,7,16,0.0,0.0,,,,2.2857142857142856,0.0,0.0,0.0,-1.997526365831358,-0.2853609094044797,-2.6841415360239274,-0.38344879086056105,0.14285714285714285,0.0,,,,-0.31339189646507487,,-0.7000000000000002,,
2019,4245108,Steven Anderson,2572,Southern Miss,Conference USA,RB,,,61,194,3.0,0.0,,,,3.180327868852459,0.04918032786885246,0.0,0.0,1.334562264051831,0.021878069902489035,-7.237056487027353,-0.11864027027913693,0.36065573770491804,0.03278688524590164,,,,0.033419455286967714,-0.19658025034928014,0.46164468093403643,,
2019,4245111,Darius Maberry,2572,Southern Miss,Conference USA,RB,,,18,29,0.0,0.0,,,,1.6111111111111112,0.0,0.0,0.0,-7.896132435042637,-0.4386740241690354,-10.646058223156173,-0.5914476790642318,0.16666666666666666,0.05555555555555555,,,,-0.42578056617214216,-1.2997430613893908,,,
2019,4245131,Tim Jones,2572,Southern Miss,Conference USA,WR,,,1,-2,0.0,0.0,,,,-2.0,0.0,0.0,0.0,-1.4638324625039507,-1.4638324625039507,-0.432007445102391,-0.432007445102391,0.0,0.0,,,,,-1.4638324625039507,,,
2019,4245161,Clay Markoff,265,Washington State,Pac-12,RB,,,8,77,0.0,0.0,,,,9.625,0.0,0.0,0.0,4.123709793022526,0.5154637241278157,1.5585489522015061,0.19481861902518827,0.375,0.125,,,,0.5154637241278157,,,,
2019,4245186,Frank Harris,2636,UTSA,Conference USA,QB,,,28,157,0.0,0.0,,,,5.607142857142857,0.0,0.0,0.0,8.859778076536509,0.31642064559058963,5.365132953544023,0.19161189119800084,0.5,0.25,,,,-0.047503912458650425,,-0.03477958974468409,,
2019,4245196,B.J. Daniels,2636,UTSA,Conference USA,RB,,,11,60,0.0,0.0,,,,5.454545454545454,0.0,0.0,0.0,5.032130581219965,0.4574664164745423,5.205551354802902,0.4732319413457184,0.7272727272727273,0.09090909090909091,,,,0.22638777766977183,,0.4179441541679834,,
2019,4245214,Dadrian Taylor,2636,UTSA,Conference USA,LB,,,1,-9,0.0,0.0,,,,-9.0,0.0,0.0,0.0,4.899424879668315,4.899424879668315,0.12230301259231169,0.12230301259231169,1.0,0.0,,,,,,,,
2019,4245232,Forest McKee,2638,UTEP,Conference USA,FB,,,1,2,0.0,0.0,,,,2.0,0.0,0.0,0.0,-0.19508140270265173,-0.19508140270265173,-0.327643773401219,-0.327643773401219,0.0,0.0,,,,-0.19508140270265173,,-0.19508140270265173,,
2019,4245238,Josh Fields,2638,UTEP,Conference USA,RB,,,59,312,0.0,0.0,,,,5.288135593220339,0.0,0.0,0.0,4.812459240017522,0.08156710576300885,-1.4603673602408707,-0.024751989156624927,0.3559322033898305,0.15254237288135594,,,,0.07398074720034484,-0.8077290494070614,-0.28561738327212166,,
2019,4245276,Roshaun Johnson,70,Idaho,Big Sky,RB,,,15,69,1.0,0.0,,,,4.6,0.06666666666666667,0.0,0.0,6.752998102405813,0.45019987349372087,2.6829942793351442,0.1788662852890096,0.3333333333333333,0.13333333333333333,,,,0.1062925531582128,0.005726716985416935,1.9435484380942547,,
2019,4245645,Gary Brightwell,12,Arizona,Pac-12,RB,,,66,390,5.0,0.0,,,,5.909090909090909,0.07575757575757576,0.0,0.0,35.45121064277501,0.5371395551935607,27.436690741403925,0.41570743547581707,0.5303030303030303,0.13636363636363635,,,,0.5102204700654595,0.7711377647463451,1.8436912419892348,,
2019,4245653,BJ Casteel,12,Arizona,Pac-12,WR,,,4,22,0.0,0.0,,,,5.5,0.0,0.0,0.0,1.8504145801005683,0.46260364502514206,1.313514988388632,0.328378747097158,0.75,0.0,,,,0.46260364502514206,,,,
2019,4245699,Nathan Tilford,12,Arizona,Pac-12,RB,,,37,228,4.0,0.0,,,,6.162162162162162,0.10810810810810811,0.0,0.0,22.12503269449166,0.5979738566078827,19.32718693203663,0.5223564035685575,0.5405405405405406,0.16216216216216217,,,,0.4440009026098798,0.854881058723712,0.6183814726581469,,
2019,4246097,Jack Chambers,2127,Charleston Southern,Big South,QB,,,3,11,0.0,0.0,,,,3.6666666666666665,0.0,0.0,0.0,0.7953537892700271,0.2651179297566757,-0.1812572630871232,-0.06041908769570773,0.3333333333333333,0.3333333333333333,,,,-1.1270458511351995,,,,
2019,4246131,Jordan Smith,2241,Gardner-Webb,Big South,QB,,,8,46,0.0,0.0,,,,5.75,0.0,0.0,0.0,1.0787978761018207,0.13484973451272758,1.827464356700484,0.2284330445875605,0.5,0.125,,,,0.05286383090007459,-0.32935468571723403,,,
2019,4246135,A.J. Moses,2241,Gardner-Webb,Big South,RB,,,7,26,1.0,0.0,,,,3.7142857142857144,0.14285714285714285,0.0,0.0,2.679903565638856,0.3828433665198366,2.532541681286643,0.36179166875523466,0.42857142857142855,0.0,,,,0.32654304189268185,1.3781860156340908,2.035726716985417,,
2019,4246671,Josh Samuel,98,Western Kentucky,Conference USA,RB,,,5,12,0.0,0.0,,,,2.4,0.0,0.0,0.0,-1.1182577944521912,-0.22365155889043825,-1.6175340663631215,-0.3235068132726243,0.4,0.0,,,,0.08639366701293977,-1.4638324625039503,-1.4638324625039503,,
2019,4246731,Isaac Foster,338,Kennesaw State,Big South,RB,,,5,20,0.0,0.0,,,,4.0,0.0,0.0,0.0,1.1163274801418481,0.22326549602836962,-0.29945271032514587,-0.059890542065029174,0.6,0.0,,,,0.40097673653685906,,,,
2019,4246736,Antavius Grier,338,Kennesaw State,Big South,RB,,,3,22,0.0,0.0,,,,7.333333333333333,0.0,0.0,0.0,2.345983655596025,0.7819945518653416,2.1667036729930174,0.7222345576643391,0.6666666666666666,0.3333333333333333,,,,-0.5442208381761078,1.545726716985417,1.3444777767867158,,
2019,4246889,Michael Bollinger,2335,Liberty,FBS Independents,TE,,,3,18,0.0,0.0,,,,6.0,0.0,0.0,0.0,0.7144777767867168,0.23815925892890558,0.28667970457522873,0.09555990152507625,0.3333333333333333,0.3333333333333333,,,,0.23815925892890558,,,,
2019,4246890,Frank Boyd III,2335,Liberty,FBS Independents,RB,,,4,21,0.0,0.0,,,,5.25,0.0,0.0,0.0,0.5393546857172344,0.1348386714293086,-0.14378614725551486,-0.035946536813878716,0.75,0.25,,,,0.13517407440442794,,,,
2019,4247136,Gabe Montgomery,2026,App State,Sun Belt,RB,,,4,16,0.0,0.0,,,,4.0,0.0,0.0,0.0,0.47439440005305666,0.11859860001326417,-0.5235576508728812,-0.1308894127182203,0.5,0.0,,,,-0.01945064255249873,,,,
2019,4247159,Duy Tran-Sampson,13,Cal Poly,Big Sky,RB,,,29,137,0.0,0.0,,,,4.724137931034483,0.0,0.0,0.0,3.160801599477332,0.10899315860266662,5.172342077792081,0.17835662337214073,0.4827586206896552,0.20689655172413793,,,,0.059377261275825356,0.38068601563409105,-0.5396981870420319,,
2019,4247225,Bryant Barr,2097,Campbell,Big South,RB,,,10,39,0.0,0.0,,,,3.9,0.0,0.0,0.0,2.4740008964472078,0.24740008964472077,0.8572575706514779,0.08572575706514779,0.5,0.1,,,,-0.12704843490311862,-0.7642732830145831,,,
2019,4247370,Dante Smith,2643,The Citadel,Southern,WR,,,6,43,1.0,0.0,,,,7.166666666666667,0.16666666666666666,0.0,0.0,6.970883441572842,1.161813906928807,3.861470525052528,0.6435784208420879,0.6666666666666666,0.3333333333333333,,,,1.4543939152732477,,5.039999999999999,,
2019,4247462,Quay Holmes,2193,East Tennessee State,Southern,RB,,,30,78,0.0,0.0,,,,2.6,0.0,0.0,0.0,-7.457269541419658,-0.24857565138065527,-3.138264841897079,-0.10460882806323597,0.2,0.13333333333333333,,,,-0.3364648554829704,0.13798398571207393,-0.4291708038172102,,
2019,4247516,Marquis Carter,2083,Bucknell,Patriot,RB,,,6,18,0.0,0.0,,,,3.0,0.0,0.0,0.0,1.4346822705588473,0.2391137117598079,3.6564452340048588,0.6094075390008098,0.6666666666666666,0.0,,,,0.19552222321328383,0.8457267169854163,,,
2019,4247540,Grant Breneman,2142,Colgate,Patriot,QB,,,4,21,0.0,0.0,,,,5.25,0.0,0.0,0.0,1.5902349882479085,0.39755874706197714,1.1544653117161907,0.2886163279290477,0.75,0.0,,,,0.39755874706197714,,,,
2019,4247541,Jake Froschauer,2142,Colgate,Patriot,QB,,,2,12,0.0,0.0,,,,6.0,0.0,0.0,0.0,0.20256807434848323,0.10128403717424161,0.521335318895426,0.260667659447713,1.0,0.0,,,,0.10128403717424161,,,,
2019,4247543,Malik Twyman,2142,Colgate,Patriot,RB,,,14,48,0.0,0.0,,,,3.4285714285714284,0.0,0.0,0.0,-1.3879308451509937,-0.09913791751078527,-2.057805793817301,-0.14698612812980721,0.35714285714285715,0.07142857142857142,,,,-0.11258904324126234,0.07572671698541678,-0.37939637408406446,,
2019,4247575,Zach Davis,2230,Fordham,Patriot,RB,,,16,95,1.0,0.0,,,,5.9375,0.0625,0.0,0.0,7.314124096840429,0.4571327560525268,4.616288119312438,0.2885180074570274,0.625,0.1875,,,,0.45055371896944607,1.3923391151836497,1.089054995583631,,
2019,4247704,Connor Degenhardt,107,Holy Cross,Patriot,QB,,,8,31,0.0,0.0,,,,3.875,0.0,0.0,0.0,-1.409638331878344,-0.176204791484793,-2.3306449336851855,-0.2913306167106482,0.375,0.125,,,,-0.056180473787854034,,0.01365420914188098,,
2019,4247723,Ramar Williams,47,Howard,MEAC,QB,,,1,7,0.0,0.0,,,,7.0,0.0,0.0,0.0,0.48587089941013417,0.48587089941013417,0.04454934194180016,0.04454934194180016,1.0,0.0,,,,,,,,
2019,4247724,Caylin Newton,47,Howard,MEAC,WR,,,3,11,0.0,0.0,,,,3.6666666666666665,0.0,0.0,0.0,0.3848769089305182,0.12829230297683938,-0.015584576950304851,-0.005194858983434951,0.6666666666666666,0.0,,,,0.1605222232132837,,,,
2019,4247729,Jordan Aley,47,Howard,MEAC,RB,,,3,3,0.0,0.0,,,,1.0,0.0,0.0,0.0,-1.4948264529835662,-0.4982754843278554,-0.9610288555529136,-0.3203429518509712,0.0,0.0,,,,-0.4982754843278554,,,,
2019,4247800,Tyrel Thomas,147,Montana State,Big Sky,CB,,,1,4,0.0,0.0,,,,4.0,0.0,0.0,0.0,0.3425680743484829,0.3425680743484829,-0.0745277246323363,-0.0745277246323363,1.0,0.0,,,,0.3425680743484829,,,,
2019,4247802,Edward Vander,253,Southern Utah,Big Sky,RB,,,4,23,0.0,0.0,,,,5.75,0.0,0.0,0.0,0.9817052086661,0.245426302166525,0.530519102461751,0.13262977561543776,0.5,0.0,,,,0.245426302166525,-0.4842732830145826,,,
2019,4247804,Willie Patterson,147,Montana State,Big Sky,WR,,,1,8,0.0,0.0,,,,8.0,0.0,0.0,0.0,1.0293546857172342,1.0293546857172342,0.552344804306543,0.552344804306543,1.0,0.0,,,,1.0293546857172342,,,,
2019,4247807,Troy Andersen,147,Montana State,Big Sky,RB,,,1,0,0.0,0.0,,,,0.0,0.0,0.0,0.0,-0.6999999999999997,-0.6999999999999997,-0.956890163923906,-0.956890163923906,0.0,0.0,,,,-0.6999999999999997,,,,
2019,4247810,Callahan O'Reilly,147,Montana State,Big Sky,LB,,,1,7,0.0,0.0,,,,7.0,0.0,0.0,0.0,1.8803883756721564,1.8803883756721564,1.7161371877597542,1.7161371877597542,1.0,0.0,,,,,,,,
2019,4247904,Karl Mofor,399,UAlbany,CAA,RB,,,15,37,0.0,0.0,,,,2.466666666666667,0.0,0.0,0.0,-5.490122481141482,-0.3660081654094321,-7.316488201623602,-0.4877658801082401,0.2,0.06666666666666667,,,,-0.2927408237788961,-0.19892372113732826,-0.013213388631248435,,
2019,4247919,Juwan Carter,2450,Norfolk State,MEAC,QB,,,15,57,1.0,0.0,,,,3.8,0.06666666666666667,0.0,0.0,0.7687997177145041,0.05125331451430027,2.4129069872655786,0.16086046581770524,0.3333333333333333,0.2,,,,-0.6271032107627883,1.0220222583057672,0.865242238995139,,
2019,4248104,Nolan Henderson,48,Delaware,CAA,QB,,,6,48,0.0,0.0,,,,8.0,0.0,0.0,0.0,4.001894254481467,0.6669823757469112,4.362275603926557,0.7270459339877595,0.8333333333333334,0.5,,,,0.6491520895016706,0.4257267169854171,1.6866083580066822,,
2019,4248108,Gene Coleman II,48,Delaware,CAA,WR,,,1,-5,0.0,0.0,,,,-5.0,0.0,0.0,0.0,-1.3872241044972706,-1.3872241044972706,-1.6023928653952186,-1.6023928653952186,0.0,0.0,,,,-1.3872241044972706,,,,
2019,4248162,Peterson Kerlegrand,282,Indiana State,MVFC,RB,,,9,31,0.0,0.0,,,,3.4444444444444446,0.0,0.0,0.0,-1.2695746274461355,-0.14106384749401504,-2.078505064005144,-0.23094500711168267,0.3333333333333333,0.1111111111111111,,,,-0.14106384749401504,-0.2593546857172342,,,
2019,4248165,Titus McCoy,282,Indiana State,MVFC,RB,,,14,88,0.0,0.0,,,,6.285714285714286,0.0,0.0,0.0,3.345808693634416,0.23898633525960114,1.9611866182984345,0.14008475844988819,0.5,0.21428571428571427,,,,0.23898633525960114,-0.7000000000000002,-0.3301284693053046,,
2019,4248203,George Martin,2523,Robert Morris,NEC,QB,,,5,9,0.0,0.0,,,,1.8,0.0,0.0,0.0,-1.3722745455837075,-0.27445490911674153,-1.6276743851329776,-0.3255348770265955,0.4,0.0,,,,-0.5272779083576914,,-0.7000000000000011,,
2019,4248286,Davis Cheek,2210,Elon,CAA,QB,,,1,0,0.0,0.0,,,,0.0,0.0,0.0,0.0,-0.7000000000000002,-0.7000000000000002,-0.1026937399725556,-0.1026937399725556,0.0,0.0,,,,,,,,
2019,4248309,Dalton Hill,2623,Missouri State,MVFC,QB,,,1,1,0.0,0.0,,,,1.0,0.0,0.0,0.0,-0.5351755359079569,-0.5351755359079569,-0.2480083702420819,-0.2480083702420819,0.0,0.0,,,,,,,,
2019,4248312,Myron Mason,2623,Missouri State,MVFC,RB,,,2,3,0.0,0.0,,,,1.5,0.0,0.0,0.0,-0.9236172122601722,-0.4618086061300861,-1.0518808232968357,-0.5259404116484179,0.0,0.0,,,,-0.4618086061300861,,,,
2019,4248313,Peyton Huslig,2623,Missouri State,MVFC,QB,,,2,-4,0.0,0.0,,,,-2.0,0.0,0.0,0.0,-1.959139435473456,-0.979569717736728,-1.7193307741422137,-0.8596653870711068,0.0,0.0,,,,-0.979569717736728,,,,
2019,4248351,Jullen Ison,2458,Northern Colorado,Big Sky,RB,,,21,95,0.0,0.0,,,,4.523809523809524,0.0,0.0,0.0,-1.409818419255817,-0.06713421044075318,4.518768234792594,0.21517943975202827,0.47619047619047616,0.09523809523809523,,,,-0.19380122767153068,-1.6062887310089617,-2.434613651267136,,
2019,4248425,Carlos Washington Jr.,160,New Hampshire,CAA,RB,,,12,55,0.0,0.0,,,,4.583333333333333,0.0,0.0,0.0,-1.011277009334382,-0.08427308411119849,0.3109936939141371,0.025916141159511425,0.25,0.25,,,,-0.08427308411119849,,,,
2019,4248505,Matt Pires,227,Rhode Island,CAA,WR,,,1,4,0.0,0.0,,,,4.0,0.0,0.0,0.0,-0.19381701454718492,-0.19381701454718492,-0.0089176439058107,-0.0089176439058107,0.0,0.0,,,,-0.19381701454718492,,,,
2019,4248610,Alphonso Soko,2460,Northern Iowa,MVFC,RB,,,6,5,0.0,0.0,,,,0.8333333333333334,0.0,0.0,0.0,-2.4914502589470136,-0.41524170982450226,-3.526762074433363,-0.5877936790722272,0.3333333333333333,0.0,,,,-0.6522018876872762,-1.463832462503949,,,
2019,4248639,Jalen Fowler,2448,North Carolina A&T,MEAC,QB,,,1,2,0.0,0.0,,,,2.0,0.0,0.0,0.0,0.0638324625039508,0.0638324625039508,-0.23600416941585234,-0.23600416941585234,1.0,0.0,,,,,,,,
2019,4248655,William Simpson,2448,North Carolina A&T,MEAC,FB,,,1,2,0.0,0.0,,,,2.0,0.0,0.0,0.0,0.7057267169854167,0.7057267169854167,1.2254507677297797,1.2254507677297797,1.0,0.0,,,,,0.7057267169854167,,,
2019,4248689,Devin Wynn,231,Furman,Southern,RB,,,25,148,1.0,0.0,,,,5.92,0.04,0.0,0.0,9.315169002599824,0.37260676010399296,7.9431048404850815,0.31772419361940324,0.6,0.24,,,,0.36593427812038626,,0.5215864477145298,,
2019,4248699,Jeff McElveen,231,Furman,Southern,LB,,,1,2,0.0,0.0,,,,2.0,0.0,0.0,0.0,-0.37939637408406357,-0.37939637408406357,-0.3527156300054807,-0.3527156300054807,0.0,0.0,,,,-0.37939637408406357,,,,
2019,4248738,Tyray Devezin,2382,Mercer,Southern,RB,,,20,53,0.0,0.0,,,,2.65,0.0,0.0,0.0,-0.40559783015917383,-0.02027989150795869,-4.037723552516725,-0.20188617762583627,0.25,0.0,,,,-0.1635496088124325,0.6108611741017498,,,
2019,4248767,Carson Crawford,302,UC Davis,Big Sky,WR,,,1,6,0.0,0.0,,,,6.0,0.0,0.0,0.0,0.42961162432784317,0.42961162432784317,0.1358314118995505,0.1358314118995505,1.0,0.0,,,,0.42961162432784317,,,,
2019,4248770,Ulonzo Gilliam Jr.,302,UC Davis,Big Sky,RB,,,17,89,1.0,0.0,,,,5.235294117647059,0.058823529411764705,0.0,0.0,5.5335225093890195,0.325501324081707,4.371649723198262,0.257155866070486,0.7647058823529411,0.11764705882352941,,,,0.3870116208611641,1.3690057818503163,0.8853226571413826,,
2019,4248785,Troy Spencer,302,UC Davis,Big Sky,WR,,,1,0,0.0,0.0,,,,0.0,0.0,0.0,0.0,-0.7000000000000002,-0.7000000000000002,-0.9619971707978011,-0.9619971707978011,0.0,0.0,,,,-0.7000000000000002,,,,
2019,4248787,Tehran Thomas,302,UC Davis,Big Sky,RB,,,6,12,0.0,0.0,,,,2.0,0.0,0.0,0.0,-2.438825048274933,-0.4064708413791555,-1.9277169165030368,-0.32128615275050615,0.16666666666666666,0.0,,,,-0.1809985171541965,-0.8615935741105925,,,
2019,4248831,Jalani Eason,2502,Portland State,Big Sky,QB,,,8,30,0.0,0.0,,,,3.75,0.0,0.0,0.0,-0.22451477366842365,-0.028064346708552956,0.10805979494781237,0.013507474368476546,0.25,0.125,,,,-0.3149999999999999,,,,
2019,4248844,Beau Kelly,2502,Portland State,Big Sky,WR,,,1,52,0.0,0.0,,,,52.0,0.0,0.0,0.0,3.820603625915936,3.820603625915936,2.4373010354439835,2.4373010354439835,1.0,1.0,,,,3.820603625915936,,,,
2019,4248866,Seba Nekhet,2619,Stony Brook,CAA,RB,,,14,46,0.0,0.0,,,,3.2857142857142856,0.0,0.0,0.0,-1.0978764114209953,-0.07841974367292824,-3.291004100567288,-0.235071721469092,0.2857142857142857,0.0,,,,-0.0640611545167956,-0.26508140270265246,0.9650814027026522,,
2019,4248901,Dewey Cotton,16,Sacramento State,Big Sky,WR,,,1,-12,0.0,0.0,,,,-12.0,0.0,0.0,0.0,-2.203839048817701,-2.203839048817701,-3.2489405794011255,-3.2489405794011255,0.0,0.0,,,,-2.203839048817701,,,,
2019,4248909,Elijah Dotson,16,Sacramento State,Big Sky,RB,,,15,37,0.0,0.0,,,,2.466666666666667,0.0,0.0,0.0,-1.8323081401086556,-0.12215387600724371,-0.9396367623949005,-0.0626424508263267,0.4,0.0,,,,-0.20596877204488,-0.05681398436590901,,,
2019,4249121,Jackson Gibbs,2026,App State,Sun Belt,QB,,,1,4,0.0,0.0,,,,4.0,0.0,0.0,0.0,-0.013213388631248435,-0.013213388631248435,-0.1622709044233037,-0.1622709044233037,0.0,0.0,,,,-0.013213388631248435,,,,
2019,4249124,Cole Kinder,26,UCLA,Pac-12,RB,,,4,33,0.0,0.0,,,,8.25,0.0,0.0,0.0,2.31,0.5775,2.511898081182424,0.627974520295606,0.75,0.25,,,,0.5775,,,,
2019,4249295,Reece Udinski,2678,VMI,Southern,QB,,,3,14,0.0,0.0,,,,4.666666666666667,0.0,0.0,0.0,0.585739774612902,0.19524659153763402,-0.029872702695220535,-0.009957567565073511,1.0,0.0,,,,0.2690451487808838,,,,
2019,4249342,Mark Robinson,2546,Southeast Missouri State,OVC,LB,,,11,19,0.0,0.0,,,,1.7272727272727273,0.0,0.0,0.0,-4.93610765848859,-0.44873705986259904,-4.021235703846755,-0.3655668821678868,0.09090909090909091,0.09090909090909091,,,,-0.42361076584885893,,,,
2019,4249400,Cephus Johnson III,6,South Alabama,Sun Belt,QB,,,57,290,4.0,0.0,,,,5.087719298245614,0.07017543859649122,0.0,0.0,27.097291510800275,0.4753910791368469,21.798682675749,0.38243302939910523,0.49122807017543857,0.14035087719298245,,,,0.3428431678706977,0.897102817102926,1.14603743006759,,
2019,4249498,Courtney Rowell,2197,Eastern Illinois,OVC,RB,,,1,-3,0.0,0.0,,,,-3.0,0.0,0.0,0.0,2.9319382080224834,2.9319382080224834,-0.1985645621653287,-0.1985645621653287,1.0,0.0,,,,,2.9319382080224834,,,
2019,4249535,Donny Navarro III,356,Illinois,Big Ten,WR,,,1,6,0.0,0.0,,,,6.0,0.0,0.0,0.0,0.4296116243278436,0.4296116243278436,0.2799158523170034,0.2799158523170034,1.0,0.0,,,,0.4296116243278436,,,,
2019,4249583,Percy Agyei-Obese,256,James Madison,CAA,RB,,,7,29,0.0,0.0,,,,4.142857142857143,0.0,0.0,0.0,0.6657374734570625,0.09510535335100892,0.6964287940891747,0.09948982772702496,0.5714285714285714,0.0,,,,0.11501843183485957,0.04532265714138228,,,
2019,4249610,Ted Hefter,2729,William & Mary,CAA,QB,,,1,-10,0.0,0.0,,,,-10.0,0.0,0.0,0.0,-1.9819644484325463,-1.9819644484325463,-1.2128319300895574,-1.2128319300895574,0.0,0.0,,,,-1.9819644484325463,,-1.9819644484325463,,
2019,4249616,Owen Wright,2729,William & Mary,CAA,RB,,,27,53,0.0,0.0,,,,1.962962962962963,0.0,0.0,0.0,-9.667250995308262,-0.35804633315956524,-10.64504839743171,-0.39426105175673,0.2222222222222222,0.037037037037037035,,,,-0.3538997379070597,-0.8236675374960494,,,
2019,4249726,Sema'J Davis,2000,Abilene Christian,Southland,QB,,,14,47,0.0,0.0,,,,3.357142857142857,0.0,0.0,0.0,-1.4593687951834093,-0.10424062822738638,-3.6588726560117513,-0.26134804685798224,0.42857142857142855,0.07142857142857142,,,,-0.06375795934740214,-0.34713664150729184,0.5380444261237562,,
2019,4249764,Kai Henry,233,South Dakota,MVFC,RB,,,4,11,0.0,0.0,,,,2.75,0.0,0.0,0.0,-1.820054745994315,-0.45501368649857876,-1.0220234685212994,-0.25550586713032486,0.25,0.25,,,,-0.9119271543265773,0.9157267169854171,,,
2019,4249919,Patrick McClure,228,Clemson,ACC,QB,,,2,12,0.0,0.0,,,,6.0,0.0,0.0,0.0,0.9646405821920196,0.4823202910960098,0.8646040527317225,0.43230202636586124,0.5,0.0,,,,-0.23108613479339724,1.1957267169854169,,,
2019,4249970,Preston Rice,93,Murray State,OVC,QB,,,18,154,0.0,0.0,,,,8.555555555555555,0.0,0.0,0.0,11.552081265054426,0.6417822925030237,11.78695640676317,0.6548309114868428,0.6111111111111112,0.2777777777777778,,,,0.65224507712305,-0.41427328301458255,,,
2019,4250005,Rodney Castille,93,Murray State,OVC,WR,,,14,32,0.0,0.0,,,,2.2857142857142856,0.0,0.0,0.0,-4.279385125070341,-0.3056703660764529,-5.495796339510955,-0.39255688139363965,0.21428571428571427,0.07142857142857142,,,,-0.38461772610408507,-0.20713664150729172,,,
2019,4250030,Devin Young,311,Maine,CAA,WR,,,5,26,0.0,0.0,,,,5.2,0.0,0.0,0.0,0.8475862397593636,0.16951724795187273,1.2759196020877612,0.2551839204175522,0.4,0.4,,,,-0.23333333333333295,,,,
2019,4250050,Tony Tate,2710,Western Illinois,MVFC,WR,,,4,18,0.0,0.0,,,,4.5,0.0,0.0,0.0,0.7542241655582216,0.1885560413895554,-0.06853864368001039,-0.017134660920002598,0.5,0.25,,,,0.1885560413895554,,,,
2019,4250105,Miller Mosley,2747,Wofford,Southern,QB,,,2,18,0.0,0.0,,,,9.0,0.0,0.0,0.0,0.8189138652066026,0.4094569326033013,0.4601715100610537,0.23008575503052686,0.5,0.5,,,,0.4094569326033013,,,,
2019,4250109,Ryan Lovelace,2747,Wofford,Southern,RB,,,10,46,1.0,0.0,,,,4.6,0.1,0.0,0.0,3.47435196826312,0.34743519682631196,0.9157996577185328,0.09157996577185328,0.2,0.2,,,,0.41949312256183524,,5.193213388631248,,
2019,4250111,Evan Suggs,2747,Wofford,Southern,FB,,,1,-1,0.0,0.0,,,,-1.0,0.0,0.0,0.0,-0.8483102392906672,-0.8483102392906672,-0.7311835987198103,-0.7311835987198103,0.0,0.0,,,,-0.8483102392906672,,,,
2019,4250175,Marcus Cooper,2545,SE Louisiana,Southland,RB,,,5,27,1.0,0.0,,,,5.4,0.2,0.0,0.0,3.8893425651425817,0.7778685130285163,1.6092447754341341,0.3218489550868268,0.4,0.2,,,,0.7778685130285163,,4.48,,
2019,4250360,Bailey Zappe,2277,Houston Christian,Southland,QB,,,5,4,0.0,0.0,,,,0.8,0.0,0.0,0.0,-2.85799616435646,-0.571599232871292,-3.242279585468867,-0.6484559170937734,0.2,0.2,,,,-0.631044787452319,,,,
2019,4250368,LaDarius Dickens,2277,Houston Christian,Southland,RB,,,1,5,0.0,0.0,,,,5.0,0.0,0.0,0.0,0.19552222321328294,0.19552222321328294,0.0376202723327946,0.0376202723327946,1.0,0.0,,,,0.19552222321328294,,0.19552222321328294,,
2019,4250372,Dreshawn Minnieweather,2277,Houston Christian,Southland,RB,,,15,67,0.0,0.0,,,,4.466666666666667,0.0,0.0,0.0,2.352519393340694,0.1568346262227129,0.02200247043275083,0.0014668313621833888,0.4,0.13333333333333333,,,,0.030937358518330665,,0.04160669431562458,,
2019,4250387,Eric Schmid,2534,Sam Houston,Southland,QB,,,5,17,1.0,0.0,,,,3.4,0.2,0.0,0.0,2.764740412996861,0.5529480825993722,1.3382612345304383,0.2676522469060877,0.4,0.0,,,,0.5390864477145297,,3.569559179489368,,
2019,4250390,Ty Brock,2534,Sam Houston,Southland,QB,,,1,1,0.0,0.0,,,,1.0,0.0,0.0,0.0,-0.5442208381761078,-0.5442208381761078,-0.34687829547662474,-0.34687829547662474,0.0,0.0,,,,-0.5442208381761078,,,,
2019,4250394,Kyran Jackson,2534,Sam Houston,Southland,RB,,,14,70,0.0,0.0,,,,5.0,0.0,0.0,0.0,1.0726283497142477,0.07661631069387484,-0.26625488178136414,-0.01901820584152601,0.42857142857142855,0.14285714285714285,,,,0.020392555493052876,-0.26508140270265246,,,
2019,4250416,Nicholas Terry,2011,Alabama State,SWAC,LB,,,1,-1,0.0,0.0,,,,-1.0,0.0,0.0,0.0,1.8968568053198327,1.8968568053198327,-0.5309845294074913,-0.5309845294074913,1.0,0.0,,,,,1.8968568053198327,,,
2019,4250441,Myles Wanza,2320,Lamar,Southland,RB,,,7,43,0.0,0.0,,,,6.142857142857143,0.0,0.0,0.0,-1.1966200718537927,-0.17094572455054183,-0.21906082277196465,-0.03129440325313781,0.14285714285714285,0.14285714285714285,,,,-0.17094572455054183,,,,
2019,4250442,Kirkland Banks,2320,Lamar,Southland,WR,,,1,1,0.0,0.0,,,,1.0,0.0,0.0,0.0,-0.5442208381761078,-0.5442208381761078,-0.3882045720730636,-0.3882045720730636,0.0,0.0,,,,-0.5442208381761078,,,,
2019,4250489,J'Cobi Skinner,2377,McNeese,Southland,RB,,,6,12,0.0,0.0,,,,2.0,0.0,0.0,0.0,-1.3447740081450923,-0.22412900135751537,-2.699113911655677,-0.4498523186092795,0.3333333333333333,0.0,,,,-0.12895480162901835,-0.7000000000000006,,,
2019,4250525,Will Jones,2717,Western Carolina,Southern,QB,,,1,0,0.0,0.0,,,,0.0,0.0,0.0,0.0,-0.7000000000000011,-0.7000000000000011,-0.13875783656262275,-0.13875783656262275,0.0,0.0,,,,,,,,
2019,4250552,Caleb Ferguson,2717,Western Carolina,Southern,RB,,,2,3,0.0,0.0,,,,1.5,0.0,0.0,0.0,-0.9033916419933181,-0.45169582099665906,-1.2739843267235456,-0.6369921633617728,0.0,0.0,,,,-0.45169582099665906,,,,
2019,4250606,Devon Perry,257,Richmond,CAA,WR,,,1,-5,0.0,0.0,,,,-5.0,0.0,0.0,0.0,-1.3872241044972697,-1.3872241044972697,-1.0670735924396633,-1.0670735924396633,0.0,0.0,,,,-1.3872241044972697,,,,
2019,4250720,Alonzo Booth,2198,Eastern Kentucky,OVC,RB,,,8,33,0.0,0.0,,,,4.125,0.0,0.0,0.0,0.6167866113687515,0.07709832642109393,1.7999503333267655,0.22499379166584568,0.25,0.125,,,,-0.09395588077399498,,,,
2019,4250764,Stone Smartt,295,Old Dominion,Conference USA,QB,,,70,357,5.0,0.0,,,,5.1,0.07142857142857142,0.0,0.0,42.93073626293196,0.6132962323275994,26.61519717490806,0.3802171024986866,0.5714285714285714,0.17142857142857143,,,,0.28584854237137414,1.3050571792949572,1.2407499293465802,,
2019,4250765,Brandon Porter,2464,Northern Arizona,Big Sky,WR,,,1,-3,0.0,0.0,,,,-3.0,0.0,0.0,0.0,-1.127045851135199,-1.127045851135199,-0.9562833890771465,-0.9562833890771465,0.0,0.0,,,,-1.127045851135199,,,,
2019,4250772,Aramis Aldredge,2464,Northern Arizona,Big Sky,RB,,,4,10,0.0,0.0,,,,2.5,0.0,0.0,0.0,-1.1402222428847395,-0.2850555607211849,-1.3169187696769598,-0.32922969241923994,0.0,0.0,,,,-0.2850555607211849,,,,
2019,4250842,Kohen Granier,2447,Nicholls,Southland,QB,,,1,10,0.0,0.0,,,,10.0,0.0,0.0,0.0,0.9306453142827653,0.9306453142827653,1.8691189331344855,1.8691189331344855,1.0,1.0,,,,,0.9306453142827653,,,
2019,4250874,Marquise Forman,2016,Alcorn State,SWAC,RB,,,1,4,0.0,0.0,,,,4.0,0.0,0.0,0.0,-0.013213388631248435,-0.013213388631248435,-0.0884321258012219,-0.0884321258012219,0.0,0.0,,,,-0.013213388631248435,,,,
2019,4250903,Geremy Hickbottom,2755,Grambling,SWAC,QB,,,20,153,0.0,0.0,,,,7.65,0.0,0.0,0.0,8.23783531715081,0.41189176585754045,5.16268384789814,0.258134192394907,0.65,0.35,,,,0.39634386662813254,-0.6999999999999997,0.32141927835260536,,
2019,4250945,Colton Dowell,2630,UT Martin,OVC,WR,,,1,3,0.0,0.0,,,,3.0,0.0,0.0,0.0,-0.20339164199331883,-0.20339164199331883,-0.09554817448064146,-0.09554817448064146,0.0,0.0,,,,-0.20339164199331883,,,,
2019,4250952,Joe Hudson,2630,UT Martin,OVC,QB,,,1,-2,0.0,0.0,,,,-2.0,0.0,0.0,0.0,-1.04082919618279,-1.04082919618279,-0.5633192857041189,-0.5633192857041189,0.0,0.0,,,,,,,,
2019,4250956,Peyton Logan,2630,UT Martin,OVC,RB,,,4,2,0.0,0.0,,,,0.5,0.0,0.0,0.0,-2.479396374084063,-0.6198490935210158,-1.370409233470098,-0.3426023083675245,0.0,0.0,,,,-0.5064060402406644,,,,
2019,4250967,Kylan Watkins,235,Memphis,American Athletic,RB,,,62,325,3.0,0.0,,,,5.241935483870968,0.04838709677419355,0.0,0.0,19.215917942209533,0.30993416035821825,7.73218031634012,0.12471258574742129,0.5,0.0967741935483871,,,,0.2804009194203428,-0.142521830796937,0.26753549672721727,,
2019,4250970,Dresser Winn,2630,UT Martin,OVC,QB,,,1,6,0.0,0.0,,,,6.0,0.0,0.0,0.0,0.42961162432784317,0.42961162432784317,0.2876660938940478,0.2876660938940478,1.0,0.0,,,,0.42961162432784317,,,,
2019,4251048,Tyrece Nick,2569,South Carolina State,MEAC,QB,,,14,40,0.0,0.0,,,,2.857142857142857,0.0,0.0,0.0,-1.1677965504093952,-0.0834140393149568,-1.8392039805140348,-0.13137171289385963,0.5,0.14285714285714285,,,,-0.2963772111429978,-0.31213664150729126,0.18434664992554808,,
2019,4251050,Jacory Benson,2569,South Carolina State,MEAC,RB,,,4,9,0.0,0.0,,,,2.25,0.0,0.0,0.0,-1.078955553573432,-0.269738888393358,-1.706947631700488,-0.426736907925122,0.25,0.0,,,,-0.269738888393358,,,,
2019,4251058,Omar Cummings,2569,South Carolina State,MEAC,RB,,,1,-2,0.0,0.0,,,,-2.0,0.0,0.0,0.0,-1.0989138652066024,-1.0989138652066024,-0.36746416259165393,-0.36746416259165393,0.0,0.0,,,,-1.0989138652066024,,,,
2019,4251105,Doug Lloyd,2692,Weber State,Big Sky,P,,,1,17,0.0,0.0,,,,17.0,0.0,0.0,0.0,3.6272241044972695,3.6272241044972695,3.437337577137672,3.437337577137672,1.0,1.0,,,,,,,,
2019,4251112,Kaden Jenks,2692,Weber State,Big Sky,QB,,,3,7,0.0,0.0,,,,2.3333333333333335,0.0,0.0,0.0,-1.0997036942902603,-0.36656789809675344,-1.1210546058998505,-0.3736848686332835,0.3333333333333333,0.0,,,,0.047649477051134426,-0.6999999999999997,,,
2019,4251115,Josh Davis,2692,Weber State,Big Sky,RB,,,17,32,0.0,0.0,,,,1.8823529411764706,0.0,0.0,0.0,-8.680524499139374,-0.5106190881846691,-9.326990431760551,-0.5486464959859148,0.11764705882352941,0.11764705882352941,,,,-0.41243425221822344,,-0.013213388631248435,,
2019,4251149,Kaleb Fletcher,2466,Northwestern State,Southland,QB,,,2,-1,0.0,0.0,,,,-0.5,0.0,0.0,0.0,-1.5648244640920441,-0.7824122320460221,-0.7319574993406741,-0.36597874967033706,0.0,0.0,,,,-0.5239952679092545,,,,
2019,4251155,Stadford Anderson,2466,Northwestern State,Southland,RB,,,9,30,0.0,0.0,,,,3.3333333333333335,0.0,0.0,0.0,0.37238751983057394,0.041376391092286,-0.01131944450863731,-0.0012577160565152568,0.4444444444444444,0.0,,,,-0.1883780243034783,0.6506453142827651,,,
2019,4251242,Jamar Washington,2582,Southern,SWAC,WR,,,3,22,1.0,0.0,,,,7.333333333333333,0.3333333333333333,0.0,0.0,5.039999999999999,1.6799999999999997,3.3651326510659123,1.1217108836886374,1.0,0.3333333333333333,,,,1.6799999999999997,,2.17,,
2019,4251248,Cameron Mackey,2582,Southern,SWAC,WR,,,2,6,0.0,0.0,,,,3.0,0.0,0.0,0.0,-0.2703883756721561,-0.13519418783607806,-0.05314521272018352,-0.02657260636009176,0.5,0.0,,,,-0.13519418783607806,,-0.6999999999999997,,
2019,4251251,Christopher Chaney,2582,Southern,SWAC,WR,,,6,12,0.0,0.0,,,,2.0,0.0,0.0,0.0,-1.909519480014061,-0.31825324666901017,-1.7280881460787825,-0.28801469101313043,0.3333333333333333,0.0,,,,-0.31825324666901017,,-0.9903486761968496,,
2019,4251326,D.J. Worthy,2635,Tennessee Tech,OVC,?,,,2,16,0.0,0.0,,,,8.0,0.0,0.0,0.0,1.2057791618238918,0.6028895809119459,0.8003603888161288,0.4001801944080644,0.5,0.5,,,,0.6028895809119459,,,,
2019,4251826,Tyshaun James,2115,Central Connecticut,NEC,QB,,,5,33,1.0,0.0,,,,6.6,0.2,0.0,0.0,4.877211983922618,0.9754423967845236,2.2008417059470813,0.4401683411894163,0.6,0.4,,,,0.9754423967845236,,2.3449999999999998,,
2019,4251828,Antwann Anderson,2115,Central Connecticut,NEC,WR,,,2,8,0.0,0.0,,,,4.0,0.0,0.0,0.0,0.7104899379669924,0.3552449689834962,-0.30082869283413205,-0.15041434641706602,0.5,0.0,,,,0.9676649250079001,,0.9676649250079001,,
2019,4251829,Keonte Lucas,2115,Central Connecticut,NEC,RB,,,8,39,1.0,0.0,,,,4.875,0.125,0.0,0.0,4.629447297171459,0.5786809121464324,3.110875381093982,0.3888594226367478,0.625,0.25,,,,0.6505315114551488,1.4057267169854173,1.938406425889408,,
2019,4251837,Danley Exilhomme,2115,Central Connecticut,NEC,RB,,,2,6,0.0,0.0,,,,3.0,0.0,0.0,0.0,-0.40678328398663766,-0.20339164199331883,-0.40507559017348616,-0.20253779508674308,0.0,0.0,,,,-0.20339164199331883,,,,
2019,4252353,Justin Smith,2426,Navy,American Athletic,RB,,,4,36,0.0,0.0,,,,9.0,0.0,0.0,0.0,5.169708058688987,1.2924270146722467,5.554726868730731,1.3886817171826829,1.0,0.5,,,,0.5511106935215777,,,,
2019,4252364,Kyle Williams,9,Arizona State,Pac-12,WR,,,13,46,0.0,0.0,,,,3.5384615384615383,0.0,0.0,0.0,-0.6526044411518916,-0.05020034162706859,-3.1125539259461736,-0.23942722507278258,0.46153846153846156,0.07692307692307693,,,,-0.05020034162706859,-1.6162446945499716,-0.3823223886288865,,
2019,4253105,Trevor Gear,2065,Bethune-Cookman,MEAC,RB,,,2,2,0.0,0.0,,,,1.0,0.0,0.0,0.0,-1.0793963740840642,-0.5396981870420321,-1.6940697877494593,-0.8470348938747296,0.0,0.0,,,,-0.5396981870420321,,,,
2019,4253108,Isaac Washington,2065,Bethune-Cookman,MEAC,S,,,7,16,0.0,0.0,,,,2.2857142857142856,0.0,0.0,0.0,-2.293782006556998,-0.3276831437938568,-2.7419032361670164,-0.3917004623095738,0.14285714285714285,0.14285714285714285,,,,-0.3276831437938568,,,,
2019,4255701,Dave Small,58,South Florida,American Athletic,RB,,,4,14,1.0,0.0,,,,3.5,0.25,0.0,0.0,3.13338151031019,0.7833453775775475,2.2970250712383975,0.5742562678095994,0.5,0.0,,,,-0.10078173555840901,3.435726716985417,3.435726716985417,,
2019,4255939,DeJon Packer,23,San José State,Mountain West,RB,,,124,545,11.0,0.0,,,,4.395161290322581,0.08870967741935484,0.0,0.0,38.55625619900648,0.3109375499919877,12.10832871416806,0.09764781221103275,0.47580645161290325,0.13709677419354838,,,,0.4131834192212558,0.004403275334874494,0.702493345089356,,
2019,4255986,Champ Flemings,204,Oregon State,Pac-12,WR,,,3,18,0.0,0.0,,,,6.0,0.0,0.0,0.0,-0.5555343437879365,-0.18517811459597885,-0.8530403684715286,-0.28434678949050957,0.3333333333333333,0.3333333333333333,,,,-0.18517811459597885,,,,
2019,4255988,B.J. Baylor,204,Oregon State,Pac-12,RB,,,30,183,3.0,0.0,,,,6.1,0.1,0.0,0.0,17.364024871683082,0.5788008290561028,13.052900859790636,0.43509669532635453,0.6,0.06666666666666667,,,,0.5891428402267942,0.20818080458823768,1.497846251601813,,
2019,4255990,Calvin Tyler Jr.,204,Oregon State,Pac-12,RB,,,12,68,0.0,0.0,,,,5.666666666666667,0.0,0.0,0.0,2.414572689396781,0.2012143907830651,1.693391984418557,0.14111599870154642,0.5,0.25,,,,0.06557811825141205,-0.5892732830145824,,,
2019,4256044,Justice McCoy,36,Colorado State,Mountain West,WR,,,1,11,0.0,0.0,,,,11.0,0.0,0.0,0.0,0.7699999999999996,0.7699999999999996,0.700973377189822,0.700973377189822,1.0,1.0,,,,0.7699999999999996,,,,
2019,4256045,Marcus McElroy Jr.,36,Colorado State,Mountain West,RB,,,79,384,3.0,0.0,,,,4.860759493670886,0.0379746835443038,0.0,0.0,1.1953015153681967,0.01513039892871135,-5.435681173083964,-0.06880609079853119,0.379746835443038,0.1518987341772152,,,,0.12552301219271644,-0.9496951041626259,0.25307350629774855,,
2019,4256063,Joe Critchlow,252,BYU,FBS Independents,QB,,,1,2,0.0,0.0,,,,2.0,0.0,0.0,0.0,-0.379396374084064,-0.379396374084064,-0.1549833182162752,-0.1549833182162752,0.0,0.0,,,,-0.379396374084064,,,,
2019,4256074,Khyiris Tonga,252,BYU,FBS Independents,DL,,,1,3,1.0,0.0,,,,3.0,1.0,0.0,0.0,2.7995591794893677,2.7995591794893677,1.464451732731337,1.464451732731337,1.0,0.0,,,,2.7995591794893677,,2.7995591794893677,,
2019,4256085,Miles Reed,62,Hawai'i,Mountain West,RB,,,159,779,6.0,0.0,,,,4.89937106918239,0.03773584905660377,0.0,0.0,42.99429304539428,0.27040435877606467,24.299098444987997,0.1528245185219371,0.5094339622641509,0.1949685534591195,,,,0.20770183896500538,0.40624035371483097,0.6820100070071068,,
2019,4256087,Hekili Keliiliki,62,Hawai'i,Mountain West,RB,,,17,85,0.0,0.0,,,,5.0,0.0,0.0,0.0,2.452453091358116,0.14426194655047742,1.900351048368058,0.11178535578635634,0.4117647058823529,0.17647058823529413,,,,0.06330867413331036,-0.4838212476808167,-2.146269784382116,,
2019,4256091,Kana'i Picanco,62,Hawai'i,Mountain West,LB,,,1,9,0.0,0.0,,,,9.0,0.0,0.0,0.0,1.8493963740840647,1.8493963740840647,2.3687562281277215,2.3687562281277215,1.0,0.0,,,,,,,,
2019,4256217,Jessie Britt,113,Massachusetts,FBS Independents,RB,,,1,-1,0.0,0.0,,,,-1.0,0.0,0.0,0.0,-0.8483102392906665,-0.8483102392906665,-0.613658577973414,-0.613658577973414,0.0,0.0,,,,-0.8483102392906665,,,,
2019,4256219,Victor Santiago,113,Massachusetts,FBS Independents,WR,,,2,8,0.0,0.0,,,,4.0,0.0,0.0,0.0,0.3749340452541148,0.1874670226270574,-0.11218816726604436,-0.05609408363302218,0.5,0.0,,,,0.1874670226270574,,,,
2019,4256910,Will Drawdy,154,Wake Forest,ACC,RB,,,2,4,0.0,0.0,,,,2.0,0.0,0.0,0.0,-0.7132133886312486,-0.3566066943156243,-0.7651935118499935,-0.38259675592499676,0.0,0.0,,,,-0.3566066943156243,,,,
2019,4257189,Kevin Marks,2084,Buffalo,Mid-American,RB,,,225,1058,8.0,0.0,,,,4.702222222222222,0.035555555555555556,0.0,0.0,48.155914457915586,0.21402628647962482,12.311418443875525,0.054717415306113446,0.48,0.10222222222222223,,,,0.17379962744551838,0.2804349733572605,0.623922242512353,,
2019,4257363,Kevin Mensah,41,UConn,American Athletic,RB,,,225,1049,9.0,0.0,,,,4.662222222222222,0.04,0.0,0.0,42.83467426087152,0.1903763300483179,14.350243774845417,0.06377886122153519,0.41333333333333333,0.12444444444444444,,,,0.16398851031229675,-0.06761386625545154,1.1790479138387187,,
2019,4257370,Boogie Knight,2006,Akron,Mid-American,WR,,,1,3,0.0,0.0,,,,3.0,0.0,0.0,0.0,0.4406453142827642,0.4406453142827642,1.114618982772701,1.114618982772701,1.0,0.0,,,,,0.4406453142827642,,,
2019,4257576,Jeremy Jennings,218,Temple,American Athletic,CB,,,2,24,0.0,0.0,,,,12.0,0.0,0.0,0.0,1.4695591794893685,0.7347795897446843,2.080703454788798,1.040351727394399,1.0,0.5,,,,0.7347795897446843,,,,
2019,4257587,Jadan Blue,218,Temple,American Athletic,WR,,,6,20,0.0,0.0,,,,3.3333333333333335,0.0,0.0,0.0,-1.1917018812839848,-0.19861698021399746,-1.7815251717563318,-0.29692086195938866,0.3333333333333333,0.0,,,,-0.19861698021399746,-0.4842732830145824,,,
2019,4258189,Oliver Martin,2294,Iowa,Big Ten,WR,,,1,5,0.0,0.0,,,,5.0,0.0,0.0,0.0,0.19552222321328383,0.19552222321328383,0.1100844824489312,0.1100844824489312,1.0,0.0,,,,0.19552222321328383,,,,
2019,4258191,Dylan McCaffrey,130,Michigan,Big Ten,QB,,,13,88,1.0,0.0,,,,6.769230769230769,0.07692307692307693,0.0,0.0,11.54765662734017,0.8882812790261669,7.391328575805316,0.5685637366004089,0.6923076923076923,0.23076923076923078,,,,0.6356322045233623,,0.9251201894619667,,
2019,4258195,Donovan Peoples-Jones,130,Michigan,Big Ten,WR,,,2,-7,0.0,0.0,,,,-3.5,0.0,0.0,0.0,-2.247449674764123,-1.1237248373820614,-2.3687462700019033,-1.1843731350009516,0.0,0.0,,,,-1.1237248373820614,,,,
2019,4258235,Whop Philyor,84,Indiana,Big Ten,WR,,,9,33,0.0,0.0,,,,3.6666666666666665,0.0,0.0,0.0,-0.7562626024644041,-0.08402917805160046,1.8579916746165497,0.20644351940183886,0.4444444444444444,0.2222222222222222,,,,-0.08402917805160046,,-1.2733952902638486,,
2019,4258236,Nick Tronti,2226,Florida Atlantic,Conference USA,QB,,,46,220,2.0,0.0,,,,4.782608695652174,0.043478260869565216,0.0,0.0,12.276104155820493,0.26687182947435856,0.5449165398933733,0.011846011736812464,0.391304347826087,0.15217391304347827,,,,0.368529851245515,-0.43951552200972177,0.5549983628789954,,
2019,4258241,Craig Nelson,2582,Southern,SWAC,RB,,,6,21,0.0,0.0,,,,3.5,0.0,0.0,0.0,-0.2192255498115261,-0.03653759163525435,1.0477758862979525,0.1746293143829921,0.6666666666666666,0.0,,,,-0.09266974594559024,0.07572671698541744,,,
2019,4258248,Peyton Hendershot,84,Indiana,Big Ten,TE,,,1,-4,0.0,0.0,,,,-4.0,0.0,0.0,0.0,1.6019382080224833,1.6019382080224833,-0.6884732258937802,-0.6884732258937802,1.0,0.0,,,,,1.6019382080224833,,,
2019,4258408,Jakyle Holmes,2433,UL Monroe,Sun Belt,RB,,,6,1,0.0,0.0,,,,0.16666666666666666,0.0,0.0,0.0,-3.870409697332015,-0.6450682828886691,-2.559108811321308,-0.42651813522021803,0.0,0.0,,,,-0.6450682828886691,,,,
2019,4258412,Perry Carter,2433,UL Monroe,Sun Belt,WR,,,1,3,0.0,0.0,,,,3.0,0.0,0.0,0.0,-0.0004408205106316565,-0.0004408205106316565,-0.164592165471801,-0.164592165471801,0.0,0.0,,,,-0.0004408205106316565,,,,
2019,4258447,Christian Anderson,349,Army,FBS Independents,QB,,,42,387,3.0,0.0,,,,9.214285714285714,0.07142857142857142,0.0,0.0,44.85892968332275,1.0680697543648274,38.63385234153854,0.9198536271794892,0.8095238095238095,0.30952380952380953,,,,0.9637947767224309,1.1123391151836495,2.2360552095440265,,
2019,4258463,Artice Hobbs IV,349,Army,FBS Independents,RB,,,27,167,2.0,0.0,,,,6.185185185185185,0.07407407407407407,0.0,0.0,19.447298593575166,0.7202703182805616,18.57409111370134,0.687929300507457,0.5555555555555556,0.2222222222222222,,,,0.5969201543318602,0.775726716985417,2.8028681605858394,,
2019,4258467,Sandon McCoy,349,Army,FBS Independents,RB,,,123,543,10.0,0.0,,,,4.414634146341464,0.08130081300813008,0.0,0.0,63.38750520962719,0.5153455708099772,40.390626049430665,0.32837907357260704,0.5447154471544715,0.08130081300813008,,,,0.4223552707560192,0.6510817610359301,1.5448056635848093,,
2019,4258563,Matt Ference,2459,Northern Illinois,Mid-American,P,,,1,2,0.0,0.0,,,,2.0,0.0,0.0,0.0,3.485770670526434,3.485770670526434,-0.019147205762199526,-0.019147205762199526,1.0,0.0,,,,,,,,
2019,4258570,Jordan Nettles,2459,Northern Illinois,Mid-American,RB,,,66,277,0.0,0.0,,,,4.196969696969697,0.0,0.0,0.0,-2.7306418255490312,-0.04137336099316714,-8.870432691860536,-0.13440049533122025,0.3484848484848485,0.15151515151515152,,,,-0.034273720868542676,-0.017459676177705646,-0.2662897030441266,,
2019,4258584,Jafar Armstrong,87,Notre Dame,FBS Independents,WR,,,45,138,1.0,0.0,,,,3.066666666666667,0.022222222222222223,0.0,0.0,-2.1005343202787348,-0.04667854045063855,-7.398740421633822,-0.16441645381408493,0.4444444444444444,0.06666666666666667,,,,0.02130809005311777,-0.20842755481887698,0.34029799168446423,,
2019,4258586,Avery Davis,87,Notre Dame,FBS Independents,WR,,,6,10,0.0,0.0,,,,1.6666666666666667,0.0,0.0,0.0,-1.5656657808494854,-0.26094429680824754,-1.1647425294555065,-0.19412375490925107,0.5,0.0,,,,-0.3282784995669804,-0.3121366415072915,-1.868053300680058,,
2019,4258604,Michael Young,87,Notre Dame,FBS Independents,WR,,,1,2,0.0,0.0,,,,2.0,0.0,0.0,0.0,-0.379396374084064,-0.379396374084064,-0.6840321413406637,-0.6840321413406637,0.0,0.0,,,,-0.379396374084064,,,,
2019,4258614,Clayton Welch,183,Syracuse,ACC,QB,,,15,104,0.0,0.0,,,,6.933333333333334,0.0,0.0,0.0,7.730110360566828,0.5153406907044552,11.775908541110677,0.7850605694073785,0.6666666666666666,0.2,,,,-0.12833183623047104,-0.09543342856258824,1.029354685717235,,
2019,4258648,Eli Anderson,166,New Mexico State,FBS Independents,RB,,,3,10,0.0,0.0,,,,3.3333333333333335,0.0,0.0,0.0,1.22529665294643,0.40843221764881,1.0937763051618776,0.3645921017206259,0.6666666666666666,0.0,,,,0.025107625121889132,1.1750814027026517,1.1750814027026517,,
2019,4259127,Mike Glass III,2199,Eastern Michigan,Mid-American,QB,,,101,513,8.0,0.0,,,,5.079207920792079,0.07920792079207921,0.0,0.0,50.21542490109413,0.4971824247633082,33.61091878885185,0.332781374147048,0.5643564356435643,0.12871287128712872,,,,0.42668194572156315,0.7460100192916762,1.122087879529831,,
2019,4259169,Trestan Ebner,239,Baylor,Big 12,RB,,,48,227,2.0,0.0,,,,4.729166666666667,0.041666666666666664,0.0,0.0,5.367855045788492,0.11183031345392691,-3.1281830831634228,-0.06517048089923798,0.3958333333333333,0.16666666666666666,,,,0.05193799403346063,0.5193645415153945,0.24755639021887635,,
2019,4259180,John Lovett,239,Baylor,Big 12,RB,,,98,633,5.0,0.0,,,,6.459183673469388,0.05102040816326531,0.0,0.0,38.464926816209974,0.39249925322663237,18.228535284079648,0.1860054620824454,0.45918367346938777,0.23469387755102042,,,,0.3957484585548105,-0.06101534932360134,0.7820509839797445,,
2019,4259183,Garret McGuire,239,Baylor,Big 12,QB,,,1,6,0.0,0.0,,,,6.0,0.0,0.0,0.0,0.4296116243278427,0.4296116243278427,0.1956069877394565,0.1956069877394565,1.0,0.0,,,,0.4296116243278427,,,,
2019,4259215,Keoni-Kordell Makekau,2426,Navy,American Athletic,WR,,,29,209,0.0,0.0,,,,7.206896551724138,0.0,0.0,0.0,18.1727032983353,0.6266449413219068,14.793528029949814,0.510121656205166,0.6896551724137931,0.20689655172413793,,,,0.6746874501901319,0.005726716985416935,,,
2019,4259219,Henry Colombi,328,Utah State,Mountain West,QB,,,11,50,1.0,0.0,,,,4.545454545454546,0.09090909090909091,0.0,0.0,5.794946790617283,0.5268133446015711,2.2361207306701276,0.2032837027881934,0.5454545454545454,0.09090909090909091,,,,0.1924301476334518,3.8706453142827653,1.5853226571413828,,
2019,4259250,Daniel Leconte,2226,Florida Atlantic,Conference USA,RB,,,20,71,0.0,0.0,,,,3.55,0.0,0.0,0.0,-1.8162550159371271,-0.09081275079685636,-3.093593995016684,-0.1546796997508342,0.35,0.05,,,,-0.004411869920781155,-0.8122804524543553,0.3798371945946952,,
2019,4259268,Victor Tucker,2429,Charlotte,Conference USA,WR,,,3,18,1.0,0.0,,,,6.0,0.3333333333333333,0.0,0.0,3.6002569386106087,1.2000856462035363,2.4715929645222663,0.8238643215074221,0.6666666666666666,0.3333333333333333,,,,1.2000856462035363,,3.304477776786716,,
2019,4259269,Chris Reynolds,2429,Charlotte,Conference USA,QB,,,134,856,6.0,0.0,,,,6.388059701492537,0.04477611940298507,0.0,0.0,68.20673334740107,0.5090054727417991,50.590201264206776,0.37753881540452816,0.5970149253731343,0.23880597014925373,,,,0.3810512786092377,1.1842483983744865,1.7032811479865215,,
2019,4259270,Cameron Dollar,2429,Charlotte,Conference USA,WR,,,1,-5,0.0,0.0,,,,-5.0,0.0,0.0,0.0,-1.3428801603911653,-1.3428801603911653,-0.3657246000848904,-0.3657246000848904,0.0,0.0,,,,-1.3428801603911653,,,,
2019,4259304,Shameen Jones,164,Rutgers,Big Ten,WR,,,1,4,0.0,0.0,,,,4.0,0.0,0.0,0.0,-0.013213388631248435,-0.013213388631248435,-0.1622709044233037,-0.1622709044233037,0.0,0.0,,,,-0.013213388631248435,,,,
2019,4259305,Bo Melton,164,Rutgers,Big Ten,WR,,,4,22,0.0,0.0,,,,5.5,0.0,0.0,0.0,-0.42374031819016955,-0.10593507954754239,-0.9816215887459818,-0.24540539718649546,0.25,0.25,,,,-0.10593507954754239,,,,
2019,4259306,Elijah Barnwell,164,Rutgers,Big Ten,RB,,,10,81,0.0,0.0,,,,8.1,0.0,0.0,0.0,5.619827579069591,0.5619827579069592,4.910106879055428,0.4910106879055428,0.6,0.2,,,,0.4794035276758373,0.4957267169854167,,,
2019,4259308,Raheem Blackshear,164,Rutgers,Big Ten,RB,,,28,81,0.0,0.0,,,,2.892857142857143,0.0,0.0,0.0,-4.065044902316588,-0.14518017508273529,-4.463928211348295,-0.15942600754815342,0.35714285714285715,0.0,,,,-0.12284930282512259,,-0.5831970040193455,,
2019,4259348,Daniel Young,251,Texas,Big 12,RB,,,16,63,2.0,0.0,,,,3.9375,0.125,0.0,0.0,4.510589516449761,0.28191184477811004,-1.1075550063031412,-0.06922218789394632,0.4375,0.125,,,,0.27839519051753475,0.7206453142827653,2.9349737775807623,,
2019,4259356,Harry Trotter,2306,Kansas State,Big 12,RB,,,64,257,3.0,0.0,,,,4.015625,0.046875,0.0,0.0,7.706270228127146,0.12041047231448665,-4.255498763726189,-0.0664921681832217,0.46875,0.0625,,,,0.1733341042000859,-0.15048303693378973,0.9825555372212612,,
2019,4259360,Maurice Burkley,97,Louisville,ACC,RB,,,8,43,0.0,0.0,,,,5.375,0.0,0.0,0.0,1.7331848470653453,0.21664810588316816,1.998723753262049,0.24984046915775612,0.375,0.25,,,,0.07766080965371105,,,,
2019,4259377,Jax Welch,2641,Texas Tech,Big 12,RB,,,5,28,0.0,0.0,,,,5.6,0.0,0.0,0.0,0.8466083580066817,0.16932167160133632,0.5689027980323275,0.11378055960646549,0.8,0.2,,,,0.16277153369834935,-1.0289138652066026,-1.0289138652066026,,
2019,4259499,Shi Smith,2579,South Carolina,SEC,WR,,,3,8,0.0,0.0,,,,2.6666666666666665,0.0,0.0,0.0,3.781990652860959,1.260663550953653,-0.39032388584316463,-0.13010796194772153,0.6666666666666666,0.0,,,,-0.17434930748141175,,,,
2019,4259545,D'Andre Swift,61,Georgia,SEC,RB,,,192,1222,7.0,0.0,,,,6.364583333333333,0.036458333333333336,0.0,0.0,64.14314884328739,0.33407890022545517,41.48825156835425,0.2160846435851784,0.5572916666666666,0.20833333333333334,,,,0.38417764075880334,-0.1661447817775567,0.7589406987477437,,
2019,4259550,Matt Landers,61,Georgia,SEC,WR,,,1,-6,0.0,0.0,,,,-6.0,0.0,0.0,0.0,-1.5117862641320614,-1.5117862641320614,-2.283793885532822,-2.283793885532822,0.0,0.0,,,,-1.5117862641320614,,,,
2019,4259553,Stetson Bennett,61,Georgia,SEC,QB,,,4,12,1.0,0.0,,,,3.0,0.25,0.0,0.0,1.9759368392955041,0.49398420982387603,1.794672140251707,0.44866803506292674,0.5,0.25,,,,0.8919789464318347,2.7357267169854174,0.701361725332128,,
2019,4259581,Dalton Rigdon,2641,Texas Tech,Big 12,WR,,,6,2,0.0,0.0,,,,0.3333333333333333,0.0,0.0,0.0,-3.512350116221324,-0.5853916860368874,-5.075786485639225,-0.8459644142732041,0.16666666666666666,0.0,,,,-0.5853916860368874,,,,
2019,4259588,Journey Brown,213,Penn State,Big Ten,RB,,,129,889,12.0,0.0,,,,6.891472868217054,0.09302325581395349,0.0,0.0,70.09411628163735,0.5433652424933129,39.34492316901377,0.30499940441095946,0.4573643410852713,0.17829457364341086,,,,0.48945420463665384,1.003450352137771,1.0187732279179775,,
2019,4259592,Sean Clifford,213,Penn State,Big Ten,QB,,,92,534,5.0,0.0,,,,5.804347826086956,0.05434782608695652,0.0,0.0,46.51105861527955,0.5055549849486908,30.750470482943985,0.3342442443798259,0.6086956521739131,0.1956521739130435,,,,0.26630353941010043,1.2941097952946772,0.7633188986591263,,
2019,4259633,Stephen Carr,30,USC,Pac-12,RB,,,71,412,5.0,0.0,,,,5.802816901408451,0.07042253521126761,0.0,0.0,21.55981939148531,0.30365942804908885,13.530288415965273,0.19056744247838414,0.4788732394366197,0.16901408450704225,,,,0.32819471760731544,0.3919397720919533,0.6051949057928879,,
2019,4259724,Anthony McAfee,324,Coastal Carolina,Sun Belt,RB,,,3,31,1.0,0.0,,,,10.333333333333334,0.3333333333333333,0.0,0.0,5.212399640405227,1.7374665468017423,4.03757498392629,1.34585832797543,1.0,0.3333333333333333,,,,1.7374665468017423,,3.879396374084063,,
2019,4259726,Greg Latushko,324,Coastal Carolina,Sun Belt,WR,,,1,-5,0.0,0.0,,,,-5.0,0.0,0.0,0.0,-1.4149185972973481,-1.4149185972973481,-1.2415061982375493,-1.2415061982375493,0.0,0.0,,,,,,,,
2019,4259729,Baden Pinson,324,Coastal Carolina,Sun Belt,RB,,,10,23,0.0,0.0,,,,2.3,0.0,0.0,0.0,0.3258370775522439,0.032583707755224386,2.208996376324743,0.22089963763247428,0.5,0.0,,,,-0.5396981870420319,0.2150700557495596,-0.6999999999999997,,
2019,4259805,Kylin Hill,344,Mississippi State,SEC,RB,,,241,1339,10.0,0.0,,,,5.556016597510373,0.04149377593360996,0.0,0.0,66.68944772233982,0.27671970009269636,40.15341542328239,0.16661168225428377,0.46887966804979253,0.17012448132780084,,,,0.23797590918795003,0.5299315243989146,0.7214760347921633,,
2019,4259817,Tucker Day,344,Mississippi State,SEC,P,,,1,4,0.0,0.0,,,,4.0,0.0,0.0,0.0,2.5145217303277345,2.5145217303277345,-0.057579261885602584,-0.057579261885602584,1.0,0.0,,,,,,,,
2019,4259910,Isaiah Woullard,145,Ole Miss,SEC,RB,,,10,31,0.0,0.0,,,,3.1,0.0,0.0,0.0,-0.10759703221265893,-0.010759703221265893,-1.0744152929345563,-0.10744152929345563,0.4,0.0,,,,-0.0940093511249217,-0.6469976339546271,-0.013213388631248435,,
2019,4259976,Josh Ali,96,Kentucky,SEC,WR,,,2,6,0.0,0.0,,,,3.0,0.0,0.0,0.0,-0.20383246250395137,-0.10191623125197569,-0.1619907544594276,-0.0809953772297138,0.0,0.0,,,,-0.10191623125197569,,,,
2019,4259979,Lynn Bowden Jr.,96,Kentucky,SEC,WR,,,173,1505,13.0,0.0,,,,8.699421965317919,0.07514450867052024,0.0,0.0,148.82668798954472,0.8602698727719348,90.88167778505796,0.5253276172546703,0.653179190751445,0.2658959537572254,,,,0.6301614370063009,0.7587977498598141,1.0612106494295654,,
2019,4260206,Jalen Holston,259,Virginia Tech,ACC,RB,,,4,15,0.0,0.0,,,,3.75,0.0,0.0,0.0,-0.13955917948936802,-0.034889794872342006,-1.0344046600952943,-0.2586011650238236,0.5,0.25,,,,0.1868136068368773,-0.7,,,
2019,4260284,James Christian,2633,Tennessee,SEC,RB,,,2,12,0.0,0.0,,,,6.0,0.0,0.0,0.0,0.8399999999999999,0.41999999999999993,1.1419743076037232,0.5709871538018616,1.0,0.0,,,,0.41999999999999993,,,,
2019,4260391,Griffin Alstott,2711,Western Michigan,Mid-American,QB,,,3,32,0.0,0.0,,,,10.666666666666666,0.0,0.0,0.0,1.549611624327844,0.5165372081092813,2.316526089119937,0.7721753630399789,0.6666666666666666,0.3333333333333333,,,,1.4946773428586178,,-1.4397430613893913,,
2019,4260394,Aidan O'Connell,2509,Purdue,Big Ten,QB,,,10,31,0.0,0.0,,,,3.1,0.0,0.0,0.0,1.1051385390262471,0.11051385390262472,0.7257441420183546,0.07257441420183545,0.4,0.0,,,,-0.13985305982978913,0.13080739125521643,-0.39591059888543967,,
2019,4260406,Zander Horvath,2509,Purdue,Big Ten,RB,,,78,362,2.0,0.0,,,,4.641025641025641,0.02564102564102564,0.0,0.0,6.903200151851893,0.08850256604938324,0.8015714903967313,0.010276557569188863,0.3717948717948718,0.15384615384615385,,,,0.08367627592971537,0.2565059425667011,0.16438597035250344,,
2019,4260440,Chase Cord,68,Boise State,Mountain West,QB,,,19,121,2.0,0.0,,,,6.368421052631579,0.10526315789473684,0.0,0.0,17.584700893539434,0.9255105733441807,13.31014567243593,0.7005339827597857,0.7894736842105263,0.21052631578947367,,,,0.9976295097107027,0.198226716985417,1.2307361902988396,,
2019,4260441,Octavius Evans,68,Boise State,Mountain West,WR,,,1,17,1.0,0.0,,,,17.0,1.0,0.0,0.0,5.209396374084064,5.209396374084064,2.803697569467232,2.803697569467232,1.0,1.0,,,,5.209396374084064,,5.209396374084064,,
2019,4260452,CT Thomas,68,Boise State,Mountain West,WR,,,2,22,1.0,0.0,,,,11.0,0.5,0.0,0.0,5.333213388631248,2.666606694315624,2.7506050097022987,1.3753025048511494,1.0,1.0,,,,2.666606694315624,,4.633213388631248,,
2019,4260792,Tre'Shon Wolf,2638,UTEP,Conference USA,WR,,,3,21,0.0,0.0,,,,7.0,0.0,0.0,0.0,0.6295961763710751,0.2098653921236917,1.2322813019206196,0.41076043397353984,0.3333333333333333,0.3333333333333333,,,,0.2098653921236917,,,,
2019,4260936,Drew Keszei,195,Ohio,Mid-American,QB,,,1,2,0.0,0.0,,,,2.0,0.0,0.0,0.0,-0.40965132380314984,-0.40965132380314984,-0.5547876347113723,-0.5547876347113723,0.0,0.0,,,,-0.40965132380314984,,,,
2019,4260943,Julian Ross,195,Ohio,Mid-American,RB,,,76,274,1.0,0.0,,,,3.6052631578947367,0.013157894736842105,0.0,0.0,6.874257518024628,0.09045075681611352,-5.912871913445818,-0.07780094622955024,0.4473684210526316,0.05263157894736842,,,,-0.013931206929029754,0.46740941942137443,0.328809524976182,,
2019,4260945,Jake Neatherton,195,Ohio,Mid-American,RB,,,7,15,0.0,0.0,,,,2.142857142857143,0.0,0.0,0.0,-1.6616393047623794,-0.23737704353748276,-1.9447852762827638,-0.27782646804039485,0.2857142857142857,0.0,,,,-0.3480780729127358,,-0.4014925922622384,,
2019,4261074,Cade Sutherland,6,South Alabama,Sun Belt,WR,,,1,-3,0.0,0.0,,,,-3.0,0.0,0.0,0.0,-1.1270458511351995,-1.1270458511351995,-1.6404138516121254,-1.6404138516121254,0.0,0.0,,,,-1.1270458511351995,,,,
2019,4261084,Nolan Eriksen,2005,Air Force,Mountain West,RB,,,7,47,1.0,0.0,,,,6.714285714285714,0.14285714285714285,0.0,0.0,7.13170750982194,1.0188153585459914,4.870807847028351,0.6958296924326215,0.8571428571428571,0.0,,,,1.0188153585459914,,4.579396374084063,,
2019,4261168,Bryson Carroll,167,New Mexico,Mountain West,RB,,,102,456,2.0,0.0,,,,4.470588235294118,0.0196078431372549,0.0,0.0,9.633174321201196,0.09444288550197251,-3.3505893510670877,-0.032848915206540076,0.37254901960784315,0.12745098039215685,,,,0.07014925637218043,-0.44272559374636333,0.1300007035672443,,
2019,4261173,Bobby Cole,167,New Mexico,Mountain West,RB,,,27,189,2.0,0.0,,,,7.0,0.07407407407407407,0.0,0.0,18.67698124974042,0.6917400462866823,10.98962776205565,0.4070232504465055,0.5555555555555556,0.14814814814814814,,,,0.615036089878452,0.013186015634091386,1.9475716531222662,,
2019,4261181,Micah Gray,167,New Mexico,Mountain West,RB,,,16,84,1.0,0.0,,,,5.25,0.0625,0.0,0.0,5.740768821650523,0.3587980513531577,3.6793190682830557,0.22995744176769098,0.5625,0.1875,,,,0.29033240921378206,0.1475650930478035,0.28993870603332567,,
2019,4261225,Tra Minter,6,South Alabama,Sun Belt,RB,,,192,1102,5.0,0.0,,,,5.739583333333333,0.026041666666666668,0.0,0.0,52.60742683493693,0.27399701476529653,27.617261950492306,0.14383990599214744,0.4739583333333333,0.171875,,,,0.2953856503338164,-0.09079296754667616,0.33912587866979665,,
2019,4261605,Chance Bell,21,San Diego State,Mountain West,RB,,,88,370,2.0,0.0,,,,4.204545454545454,0.022727272727272728,0.0,0.0,2.4201145797235473,0.027501302042313037,-7.147893346367637,-0.0812260607541777,0.4318181818181818,0.13636363636363635,,,,0.044519759000322075,-0.3182303960118746,0.0764184395346826,,
2019,4261607,Kaegun Williams,21,San Diego State,Mountain West,RB,,,30,96,0.0,0.0,,,,3.2,0.0,0.0,0.0,-5.282072464394366,-0.17606908214647887,-7.907970806190643,-0.26359902687302145,0.3333333333333333,0.16666666666666666,,,,-0.1533417804252221,-0.16159357411059272,-0.43946735469500864,,
2019,4261610,Ethan Dedeaux,21,San Diego State,Mountain West,WR,,,2,4,0.0,0.0,,,,2.0,0.0,0.0,0.0,-0.5607370518690078,-0.2803685259345039,-0.8673103015135977,-0.43365515075679884,0.5,0.0,,,,-0.2803685259345039,,,,
2019,4261654,Tyree Jackson,2439,UNLV,Mountain West,RB,,,6,22,0.0,0.0,,,,3.6666666666666665,0.0,0.0,0.0,0.2034319662571411,0.033905327709523515,0.8264565221757717,0.13774275369596195,0.5,0.0,,,,0.29251428034611937,-0.2593546857172342,,,
2019,4261656,Jamaal Neal,2439,UNLV,Mountain West,TE,,,2,2,0.0,0.0,,,,1.0,0.0,0.0,0.0,0.6285465660291654,0.3142732830145827,-1.3883916029049361,-0.6941958014524681,0.5,0.0,,,,-0.20339164199331838,0.8319382080224837,,,
2019,4261657,Noah Bean,2439,UNLV,Mountain West,TE,,,1,4,0.0,0.0,,,,4.0,0.0,0.0,0.0,0.14572671698541706,0.14572671698541706,0.911760131513409,0.911760131513409,1.0,0.0,,,,,0.14572671698541706,,,
2019,4261850,Trevor Hohlt,2050,Ball State,Mid-American,WR,,,1,-1,0.0,0.0,,,,-1.0,0.0,0.0,0.0,-0.848310239290667,-0.848310239290667,-0.600461011401741,-0.600461011401741,0.0,0.0,,,,-0.848310239290667,,-0.848310239290667,,
2019,4261851,Will Jones,2050,Ball State,Mid-American,RB,,,9,47,0.0,0.0,,,,5.222222222222222,0.0,0.0,0.0,2.2438301613481086,0.24931446237201207,2.377766240991586,0.26419624899906513,0.4444444444444444,0.2222222222222222,,,,0.011494001481539673,,,,
2019,4261908,Tyler King,276,Marshall,Conference USA,RB,,,14,87,0.0,0.0,,,,6.214285714285714,0.0,0.0,0.0,3.3139831473346018,0.23671308195247157,-0.1597125486066595,-0.011408039186189965,0.5,0.2857142857142857,,,,0.35100740773776135,-0.27186510780894196,2.9342732830145817,,
2019,4261909,Isaiah Green,276,Marshall,Conference USA,QB,,,86,496,5.0,0.0,,,,5.767441860465116,0.05813953488372093,0.0,0.0,45.77114299917743,0.532222593013691,26.12928061397306,0.3038288443485239,0.6744186046511628,0.20930232558139536,,,,0.39837209110993627,0.9917973224472948,1.709680350842828,,
2019,4261912,Brenden Knox,276,Marshall,Conference USA,RB,,,269,1428,11.0,0.0,,,,5.308550185873606,0.040892193308550186,0.0,0.0,72.380920633202,0.26907405439852045,49.251522060684515,0.1830911600768941,0.48698884758364314,0.16356877323420074,,,,0.1594842085408837,0.5041144901441641,0.8151592953883838,,
2019,4262016,Yusuf Ali,2393,Middle Tennessee,Conference USA,WR,,,1,1,0.0,0.0,,,,1.0,0.0,0.0,0.0,-0.5442208381761078,-0.5442208381761078,-0.310131189369969,-0.310131189369969,0.0,0.0,,,,-0.5442208381761078,,,,
2019,4262199,Samuel Cosmi,251,Texas,Big 12,OL,,,1,12,1.0,0.0,,,,12.0,1.0,0.0,0.0,4.34,4.34,2.5300945420359255,2.5300945420359255,1.0,1.0,,,,4.34,,4.34,,
2019,4262315,Pete Guerriero,2405,Monmouth,Big South,RB,,,23,107,1.0,0.0,,,,4.6521739130434785,0.043478260869565216,0.0,0.0,7.7437467846144505,0.3366846428093239,4.298364044808214,0.18688539325253106,0.4782608695652174,0.17391304347826086,,,,0.15554353235079763,-0.3471366415072912,2.2749999999999995,,
2019,4262773,Antonio Graham,2261,Hampton,Big South,DB,,,1,2,0.0,0.0,,,,2.0,0.0,0.0,0.0,-0.4879615630938181,-0.4879615630938181,-0.32234963415287865,-0.32234963415287865,0.0,0.0,,,,-0.4879615630938181,,,,
2019,4262831,Quitten Brown,2296,Jackson State,SWAC,RB,,,3,5,0.0,0.0,,,,1.6666666666666667,0.0,0.0,0.0,-0.45443608841988636,-0.15147869613996212,-0.42259349200567264,-0.14086449733522421,0.6666666666666666,0.0,,,,0.13383246250395153,-0.29413427546191895,,,
2019,4262913,Keyondrick Philio,2916,Incarnate Word,Southland,RB,,,6,23,1.0,0.0,,,,3.8333333333333335,0.16666666666666666,0.0,0.0,2.340113687948942,0.39001894799149034,1.6223440403335605,0.27039067338892675,0.5,0.16666666666666666,,,,0.3548773941927049,1.3007267169854173,0.663664000529364,,
2019,4263712,Hezekiah Grimsley,259,Virginia Tech,ACC,WR,,,1,3,0.0,0.0,,,,3.0,0.0,0.0,0.0,-0.20339164199331927,-0.20339164199331927,-0.4184086843592085,-0.4184086843592085,0.0,0.0,,,,-0.20339164199331927,,,,
2019,4264188,Mike Schmidt,2005,Air Force,Mountain West,QB,,,16,135,3.0,0.0,,,,8.4375,0.1875,0.0,0.0,23.099050028764086,1.4436906267977554,12.305110724064972,0.7690694202540608,0.75,0.125,,,,1.281645007981245,2.3161034130968887,1.553658166745964,,
2019,4264503,Rashad Mosley,5,UAB,Conference USA,RB,,,1,4,0.0,0.0,,,,4.0,0.0,0.0,0.0,-0.1408605645265446,-0.1408605645265446,-0.07890910623383,-0.07890910623383,0.0,0.0,,,,-0.1408605645265446,,,,
2019,4266933,Cole Starnes,2320,Lamar,Southland,RB,,,3,-3,0.0,0.0,,,,-1.0,0.0,0.0,0.0,-2.503360273649565,-0.834453424549855,-2.051796317234645,-0.6839321057448817,0.0,0.0,,,,-0.901680136824782,,,,
2019,4271335,Kirk Rygol,58,South Florida,American Athletic,QB,,,4,31,0.0,0.0,,,,7.75,0.0,0.0,0.0,3.8055615159610516,0.9513903789902629,3.8329194030121903,0.9582298507530476,0.75,0.5,,,,1.650174338098426,,0.502412232046022,,
2019,4276395,Adrian Feliz-Platt,119,Towson,CAA,RB,,,7,27,0.0,0.0,,,,3.857142857142857,0.0,0.0,0.0,-0.19816114699323406,-0.028308735284747723,0.45997512245713756,0.06571073177959108,0.2857142857142857,0.14285714285714285,,,,-0.028308735284747723,,,,
2019,4277368,Donevin O'Reilly,41,UConn,American Athletic,RB,,,5,17,0.0,0.0,,,,3.4,0.0,0.0,0.0,-1.1997459241488952,-0.23994918482977906,-3.12146646130082,-0.6242932922601641,0.4,0.2,,,,0.2015487369099911,,-0.20339164199331883,,
2019,4282647,Jeff Cotton,70,Idaho,Big Sky,WR,,,1,17,0.0,0.0,,,,17.0,0.0,0.0,0.0,1.1900000000000004,1.1900000000000004,0.986641042979269,0.986641042979269,1.0,1.0,,,,1.1900000000000004,,,,
2019,4291400,Mike Beaudry,41,UConn,American Athletic,QB,,,12,53,1.0,0.0,,,,4.416666666666667,0.08333333333333333,0.0,0.0,-0.3920940567684794,-0.03267450473070662,0.6383953739914807,0.05319961449929006,0.5,0.16666666666666666,,,,-0.06715940833677296,-0.9060993729053387,-0.7943985465062148,,
2019,4291782,Chase Cunningham,2393,Middle Tennessee,Conference USA,QB,,,3,8,1.0,0.0,,,,2.6666666666666665,0.3333333333333333,0.0,0.0,2.7887907592766057,0.9295969197588686,1.2647620006940614,0.42158733356468714,0.6666666666666666,0.0,,,,3.070388375672157,,3.070388375672157,,
2019,4291993,Thaddeus Cornick,2117,Central Michigan,Mid-American,RB,,,3,0,0.0,0.0,,,,0.0,0.0,0.0,0.0,-2.1000000000000005,-0.7000000000000002,-0.5949688520570522,-0.19832295068568406,0.0,0.0,,,,-0.5396981870420321,,,,
2019,4360056,Ben Bryant,2132,Cincinnati,American Athletic,QB,,,14,71,1.0,0.0,,,,5.071428571428571,0.07142857142857142,0.0,0.0,8.380097772851734,0.5985784123465524,5.902183258997696,0.4215845184998354,0.5,0.14285714285714285,,,,0.44535274554516274,,1.5967306863013,,
2019,4360075,Ryan Montgomery,2132,Cincinnati,American Athletic,RB,,,20,96,2.0,0.0,,,,4.8,0.1,0.0,0.0,7.420750983364469,0.37103754916822346,3.0786603808040347,0.15393301904020174,0.4,0.15,,,,0.2560833188100681,2.344032916084533,1.0526789007151238,,
2019,4360083,Tavion Thomas,2132,Cincinnati,American Athletic,RB,,,39,174,1.0,0.0,,,,4.461538461538462,0.02564102564102564,0.0,0.0,3.88065253594044,0.09950391117796,1.3848725548405323,0.03550955268821877,0.46153846153846156,0.07692307692307693,,,,0.10471195739748426,0.21070832355761246,-0.13886751408916886,,
2019,4360115,Slade Bolden,333,Alabama,SEC,WR,,,4,10,0.0,0.0,,,,2.5,0.0,0.0,0.0,2.4040369562760833,0.6010092390690208,2.832372096351946,0.7080930240879865,1.0,0.0,,,,,0.6010092390690208,,,
2019,4360118,De'Marquise Lockridge,333,Alabama,SEC,RB,,,2,12,0.0,0.0,,,,6.0,0.0,0.0,0.0,0.8399999999999999,0.41999999999999993,1.1524434318247838,0.5762217159123919,0.5,0.0,,,,0.41999999999999993,-0.18935468571723435,,,
2019,4360131,Holton Ahlers,151,East Carolina,American Athletic,QB,,,89,482,6.0,0.0,,,,5.415730337078652,0.06741573033707865,0.0,0.0,34.525615145229295,0.38792826005875614,24.48986428707066,0.2751670144614681,0.47191011235955055,0.2247191011235955,,,,0.27733519210978325,1.2130014783265735,0.8602675140424028,,
2019,4360175,Clayton Tune,248,Houston,American Athletic,QB,,,46,382,2.0,0.0,,,,8.304347826086957,0.043478260869565216,0.0,0.0,26.478045212367356,0.5756096785297251,18.626968926751186,0.40493410710328664,0.5434782608695652,0.1956521739130435,,,,0.5759676564782674,0.005726716985417379,0.5901731860746376,,
2019,4360193,Donavan Mutin,248,Houston,American Athletic,LB,,,1,12,0.0,0.0,,,,12.0,0.0,0.0,0.0,3.0903486761968497,3.0903486761968497,3.703324883466377,3.703324883466377,1.0,1.0,,,,,,,,
2019,4360200,Kelan Walker,248,Houston,American Athletic,RB,,,7,30,0.0,0.0,,,,4.285714285714286,0.0,0.0,0.0,1.066356547329764,0.1523366496185377,0.6186356251390868,0.0883765178770124,0.42857142857142855,0.0,,,,0.16708734747096896,-0.5542732830145827,,,
2019,4360202,Matt Valecce,103,Boston College,ACC,QB,,,1,-1,0.0,0.0,,,,-1.0,0.0,0.0,0.0,-0.9340894011145595,-0.9340894011145595,-0.38044008539943164,-0.38044008539943164,0.0,0.0,,,,,,,,
2019,4360204,Johnny Langan,164,Rutgers,Big Ten,TE,,,107,476,3.0,0.0,,,,4.4485981308411215,0.028037383177570093,0.0,0.0,28.019959417605822,0.26186877960379273,20.879091191061267,0.19513169337440436,0.4953271028037383,0.1308411214953271,,,,0.12891809239676516,0.4249400192060726,1.179406845773557,,
2019,4360205,David Bailey,103,Boston College,ACC,RB,,,147,830,7.0,0.0,,,,5.64625850340136,0.047619047619047616,0.0,0.0,51.634761853555744,0.3512568833575221,18.84877615833045,0.12822296706347244,0.4557823129251701,0.12244897959183673,,,,0.3011796328235212,0.08982799169791858,0.25870730274854764,,
2019,4360214,Peter Stehr,103,Boston College,ACC,RB,,,3,9,0.0,0.0,,,,3.0,0.0,0.0,0.0,0.0642732830145829,0.021424427671527635,-0.8989635271022705,-0.29965450903409013,0.3333333333333333,0.0,,,,-0.6221104190880538,,,,
2019,4360230,Emory Jones,57,Florida,SEC,QB,,,42,241,4.0,0.0,,,,5.738095238095238,0.09523809523809523,0.0,0.0,29.00634693709444,0.6906273080260581,17.920461580855452,0.42667765668703456,0.5952380952380952,0.21428571428571427,,,,0.577335015519983,0.5863871885696591,0.859047577643181,,
2019,4360233,Jacob Copeland,57,Florida,SEC,WR,,,4,28,0.0,0.0,,,,7.0,0.0,0.0,0.0,0.9966027294687274,0.24915068236718185,0.38876775334291,0.0971919383357275,0.5,0.25,,,,0.24915068236718185,0.09064531428276501,,,
2019,4360236,Iverson Clement,57,Florida,SEC,CB,,,3,48,0.0,0.0,,,,16.0,0.0,0.0,0.0,2.8406036259159357,0.9468678753053119,2.7897932400998267,0.9299310800332755,0.6666666666666666,0.3333333333333333,,,,0.9468678753053119,,,,
2019,4360238,Dameon Pierce,57,Florida,SEC,RB,,,53,302,4.0,0.0,,,,5.69811320754717,0.07547169811320754,0.0,0.0,17.682033189483352,0.33362326772610096,3.592736477676363,0.06778748071087477,0.39622641509433965,0.1320754716981132,,,,0.36801844144426865,-0.1675809474321191,0.6080786134318401,,
2019,4360271,Tanner Mordecai,201,Oklahoma,Big 12,QB,,,4,16,0.0,0.0,,,,4.0,0.0,0.0,0.0,-0.3561675374960478,-0.08904188437401195,-0.9902082454176616,-0.2475520613544154,0.5,0.25,,,,-0.08904188437401195,,,,
2019,4360275,T.J. Pledger,201,Oklahoma,Big 12,RB,,,10,65,1.0,0.0,,,,6.5,0.1,0.0,0.0,4.776933968817287,0.47769339688172874,1.6504845403836388,0.16504845403836388,0.7,0.3,,,,0.47769339688172874,0.6707267169854172,2.035726716985417,,
2019,4360290,Brayden Willis,201,Oklahoma,Big 12,TE,,,2,-1,0.0,0.0,,,,-0.5,0.0,0.0,0.0,-1.5483102392906667,-0.7741551196453333,-1.468446238602389,-0.7342231193011945,0.0,0.0,,,,-0.7741551196453333,,,,
2019,4360294,Antonio Gibson,235,Memphis,American Athletic,WR,,,22,239,3.0,0.0,,,,10.863636363636363,0.13636363636363635,0.0,0.0,24.298028558926493,1.1044558435875678,14.612902064793072,0.6642228211269579,0.6818181818181818,0.3181818181818182,,,,1.0537156456631662,0.020645314282766503,0.996854119423688,,
2019,4360304,Xavier Thomas,228,Clemson,ACC,DE,,,1,1,0.0,0.0,,,,1.0,0.0,0.0,0.0,-7.477416477694749,-7.477416477694749,-4.148647298745598,-4.148647298745598,0.0,0.0,,,,,-7.477416477694749,-7.477416477694749,,
2019,4360310,Trevor Lawrence,228,Clemson,ACC,QB,,,81,662,9.0,0.0,,,,8.17283950617284,0.1111111111111111,0.0,0.0,84.8109497995196,1.0470487629570322,61.37935483218378,0.7577698127430096,0.7530864197530864,0.2839506172839506,,,,0.9000836195899183,1.536801649117572,1.5634613883174946,,
2019,4360312,Ben Batson,228,Clemson,ACC,S,,,4,20,0.0,0.0,,,,5.0,0.0,0.0,0.0,1.7094511200783797,0.42736278001959493,0.052749941442893675,0.013187485360723419,0.75,0.0,,,,0.42736278001959493,-0.11935468571723407,,,
2019,4360314,Lyn-J Dixon,228,Clemson,ACC,RB,,,96,608,5.0,0.0,,,,6.333333333333333,0.052083333333333336,0.0,0.0,38.19988241503505,0.39791544182328176,25.267290432949505,0.2632009420098907,0.5208333333333334,0.25,,,,0.4028352295735034,0.3416940739804782,1.152645441007804,,
2019,4360326,Pooka Williams Jr.,2305,Kansas,Big 12,RB,,,201,1048,3.0,0.0,,,,5.213930348258707,0.014925373134328358,0.0,0.0,36.4790158529669,0.18148764105953683,15.765557857230673,0.07843561123000335,0.4527363184079602,0.15920398009950248,,,,0.12149070415894733,0.0031354602906646834,0.5150886290164595,,
2019,4360329,Stephon Robinson Jr.,2305,Kansas,Big 12,WR,,,1,6,0.0,0.0,,,,6.0,0.0,0.0,0.0,1.2744777767867155,1.2744777767867155,1.0722287587882295,1.0722287587882295,1.0,0.0,,,,,,,,
2019,4360370,Jakari Norwood,356,Illinois,Big Ten,RB,,,15,94,0.0,0.0,,,,6.266666666666667,0.0,0.0,0.0,0.13442909577892737,0.008961939718595158,1.0385309442579453,0.06923539628386302,0.2,0.13333333333333333,,,,0.008961939718595158,,-0.5931321246946878,,
2019,4360371,Coran Taylor,356,Illinois,Big Ten,DB,,,2,10,0.0,0.0,,,,5.0,0.0,0.0,0.0,0.7000000000000002,0.3500000000000001,0.5325093131206684,0.2662546565603342,0.5,0.0,,,,0.3500000000000001,,,,
2019,4360379,Kenyon Sims,356,Illinois,Big Ten,RB,,,10,35,0.0,0.0,,,,3.5,0.0,0.0,0.0,1.2555836879539561,0.12555836879539561,-2.2022230433965966,-0.22022230433965967,0.6,0.0,,,,0.23140185963250307,-0.319030895988758,,,
2019,4360406,Mataeo Durant,150,Duke,ACC,RB,,,95,420,1.0,0.0,,,,4.421052631578948,0.010526315789473684,0.0,0.0,14.11710591900352,0.14860111493687916,2.8059375187594497,0.029536184407994208,0.43157894736842106,0.10526315789473684,,,,0.007640333841093617,0.16107847780191623,0.3057438144981983,,
2019,4360423,Michael Penix Jr.,84,Indiana,Big Ten,QB,,,21,125,2.0,0.0,,,,5.9523809523809526,0.09523809523809523,0.0,0.0,12.085421067645989,0.5754962413164757,9.627290464100117,0.45844240305238654,0.6666666666666666,0.23809523809523808,,,,0.49945759740318796,1.2557962207617495,0.807086313605473,,
2019,4360425,Ronnie Walker Jr.,84,Indiana,Big Ten,RB,,,27,80,0.0,0.0,,,,2.962962962962963,0.0,0.0,0.0,-11.41166914472861,-0.42265441276772625,-11.133425983342821,-0.41234911049417855,0.2962962962962963,0.07407407407407407,,,,-0.1925908092490459,-3.1089286491026913,-2.471761965491595,,
2019,4360429,Ahrod Lloyd,84,Indiana,Big Ten,RB,,,10,19,0.0,0.0,,,,1.9,0.0,0.0,0.0,-4.920393539587501,-0.4920393539587501,-5.707499143268883,-0.5707499143268884,0.2,0.0,,,,-0.24737929499763764,,-0.42917080381721107,,
2019,4360438,Brandon Aiyuk,9,Arizona State,Pac-12,WR,,,1,6,0.0,0.0,,,,6.0,0.0,0.0,0.0,0.4296116243278427,0.4296116243278427,0.4008542507084805,0.4008542507084805,1.0,0.0,,,,0.4296116243278427,,,,
2019,4360446,A.J. Carter,9,Arizona State,Pac-12,RB,,,17,40,0.0,0.0,,,,2.3529411764705883,0.0,0.0,0.0,-3.928446840267559,-0.2310851082510329,-5.490759198913171,-0.32298583523018654,0.35294117647058826,0.058823529411764705,,,,-0.1975576958376605,-0.8644569326033014,-0.6551883934458395,,
2019,4360447,Isaiah Floyd,9,Arizona State,Pac-12,RB,,,11,47,0.0,0.0,,,,4.2727272727272725,0.0,0.0,0.0,0.9817902658756981,0.08925366053415437,-1.3896823092819859,-0.12633475538927144,0.45454545454545453,0.09090909090909091,,,,0.08925366053415437,,0.3748733234399704,,
2019,4360450,Demetrious Flowers,9,Arizona State,Pac-12,RB,,,11,31,0.0,0.0,,,,2.8181818181818183,0.0,0.0,0.0,-0.6314557351266732,-0.057405066829697565,-2.4762039931277604,-0.2251094539207055,0.18181818181818182,0.0,,,,-0.05671824521120898,-0.06427328301458335,-0.013213388631248435,,
2019,4360480,Spencer Petras,2294,Iowa,Big Ten,QB,,,1,1,1.0,0.0,,,,1.0,1.0,0.0,0.0,4.135726716985417,4.135726716985417,2.785753974856101,2.785753974856101,1.0,0.0,,,,,4.135726716985417,4.135726716985417,,
2019,4360486,Nico Ragaini,2294,Iowa,Big Ten,WR,,,1,2,0.0,0.0,,,,2.0,0.0,0.0,0.0,-0.19508140270265084,-0.19508140270265084,-0.6181068690274394,-0.6181068690274394,0.0,0.0,,,,,,,,
2019,4360504,Turner Pallissard,2294,Iowa,Big Ten,FB,,,1,0,0.0,0.0,,,,0.0,0.0,0.0,0.0,-0.6999999999999997,-0.6999999999999997,-0.331755745676551,-0.331755745676551,0.0,0.0,,,,,-0.6999999999999997,-0.6999999999999997,,
2019,4360506,Monte Pottebaum,2294,Iowa,Big Ten,FB,,,1,0,0.0,0.0,,,,0.0,0.0,0.0,0.0,-0.6999999999999997,-0.6999999999999997,-0.553645991706544,-0.553645991706544,0.0,0.0,,,,-0.6999999999999997,-0.6999999999999997,-0.6999999999999997,,
2019,4360516,Tyrone Tracy Jr.,2294,Iowa,Big Ten,RB,,,6,39,1.0,0.0,,,,6.5,0.16666666666666666,0.0,0.0,4.550860564526544,0.7584767607544239,1.2494505023717337,0.20824175039528894,0.6666666666666666,0.3333333333333333,,,,0.7584767607544239,,-1.868053300680058,,
2019,4360537,William Brown,2567,SMU,American Athletic,QB,,,1,1,0.0,0.0,,,,1.0,0.0,0.0,0.0,-0.26508140270265157,-0.26508140270265157,-0.386061703857327,-0.386061703857327,0.0,0.0,,,,-0.26508140270265157,-0.26508140270265157,-0.26508140270265157,,
2019,4360550,Derek Green,2567,SMU,American Athletic,QB,,,3,39,0.0,0.0,,,,13.0,0.0,0.0,0.0,5.4836696570986465,1.827889885699549,4.327056021191898,1.442352007063966,1.0,0.6666666666666666,,,,1.650228134233699,,1.8361829854528158,,
2019,4360564,TaMerik Williams,2567,SMU,American Athletic,RB,,,9,22,0.0,0.0,,,,2.4444444444444446,0.0,0.0,0.0,-2.527869418780035,-0.28087437986444835,-3.4184038037221187,-0.3798226448580132,0.2222222222222222,0.0,,,,-0.19981408785183202,-0.44467734285861704,-0.49126438815546836,,
2019,4360569,Jordan Mason,59,Georgia Tech,ACC,RB,,,171,911,7.0,0.0,,,,5.3274853801169595,0.04093567251461988,0.0,0.0,48.580329624477486,0.2840954948799853,25.29518215882303,0.14792504186446218,0.45614035087719296,0.18128654970760233,,,,0.21135505604249305,0.2599977265135545,0.8810606207873606,,
2019,4360578,James Graham,59,Georgia Tech,ACC,WR,,,78,418,3.0,0.0,,,,5.358974358974359,0.038461538461538464,0.0,0.0,33.758160228360914,0.4327969260046271,22.146304397854646,0.28392697945967493,0.5512820512820513,0.1794871794871795,,,,0.2773265415931878,0.038847991835470906,1.4950658661948648,,
2019,4360585,Christian Malloy,59,Georgia Tech,ACC,RB,,,7,32,0.0,0.0,,,,4.571428571428571,0.0,0.0,0.0,1.3072119839226166,0.18674456913180237,-1.035171959173589,-0.14788170845336987,0.7142857142857143,0.14285714285714285,,,,0.21691421115619994,0.005726716985416935,,,
2019,4360589,Dontae Smith,59,Georgia Tech,ACC,RB,,,10,65,0.0,0.0,,,,6.5,0.0,0.0,0.0,-0.43166355628092123,-0.04316635562809212,-0.3448569109831441,-0.03448569109831441,0.6,0.2,,,,0.9903840917819753,-1.4374992934658006,-1.3579295029876441,,
2019,4360609,Malcolm Davidson,2226,Florida Atlantic,Conference USA,RB,,,90,574,9.0,0.0,,,,6.377777777777778,0.1,0.0,0.0,55.84915498729183,0.6205461665254648,25.374838842645122,0.28194265380716804,0.4777777777777778,0.2222222222222222,,,,0.4939686879427188,0.29414951223376595,0.8957943362835497,,
2019,4360634,Tyler DeSue,120,Maryland,Big Ten,QB,,,2,-2,1.0,0.0,,,,-1.0,0.5,0.0,0.0,3.0712489401987018,1.5356244700993509,0.3635348548117734,0.1817674274058867,0.5,0.0,,,,-1.6332288365880148,,4.7044777767867165,,
2019,4360649,Dimitri Stanley,38,Colorado,Pac-12,WR,,,4,14,0.0,0.0,,,,3.5,0.0,0.0,0.0,-0.49664202750627484,-0.12416050687656871,-0.28068554050836614,-0.07017138512709153,0.25,0.0,,,,-0.12416050687656871,,-0.3338170145471837,,
2019,4360650,Blake Stenstrom,38,Colorado,Pac-12,QB,,,1,27,0.0,0.0,,,,27.0,0.0,0.0,0.0,1.8899999999999997,1.8899999999999997,1.7433334595594543,1.7433334595594543,1.0,1.0,,,,1.8899999999999997,,,,
2019,4360652,Deion Smith,38,Colorado,Pac-12,RB,,,23,68,0.0,0.0,,,,2.9565217391304346,0.0,0.0,0.0,-1.7571494330134279,-0.07639780143536642,-4.10448684124677,-0.17845594961942476,0.30434782608695654,0.043478260869565216,,,,-0.2043588705918435,,0.33466165868673947,,
2019,4360689,Tyler Shough,2483,Oregon,Pac-12,QB,,,1,13,0.0,0.0,,,,13.0,0.0,0.0,0.0,0.9596182106415942,0.9596182106415942,1.2863330405976985,1.2863330405976985,1.0,1.0,,,,0.9596182106415942,,,,
2019,4360691,Travis Dye,2483,Oregon,Pac-12,RB,,,102,643,0.0,0.0,,,,6.303921568627451,0.0,0.0,0.0,23.19202604751593,0.2273728043874111,14.469732683379926,0.14186012434686202,0.5196078431372549,0.20588235294117646,,,,0.2571453339935956,-0.03435426376448828,-0.08374005573077606,,
2019,4360698,Joe Milton III,130,Michigan,Big Ten,QB,,,5,16,1.0,0.0,,,,3.2,0.2,0.0,0.0,3.8393490571792808,0.7678698114358562,2.1715596722589425,0.4343119344517885,0.6,0.0,,,,-0.13519418783607828,1.7178633584927085,1.7178633584927085,,
2019,4360705,Jack Colletto,204,Oregon State,Pac-12,LB,,,6,10,1.0,0.0,,,,1.6666666666666667,0.16666666666666666,0.0,0.0,3.392788016077382,0.5654646693462303,0.3930188335449908,0.06550313892416514,0.6666666666666666,0.0,,,,0.5902151047609218,0.5274034691101896,0.5490930078170457,,
2019,4360716,Joshua Stoner,2005,Air Force,Mountain West,RB,,,23,207,1.0,0.0,,,,9.0,0.043478260869565216,0.0,0.0,24.494958751026026,1.064998206566349,13.28574263413169,0.5776409840926822,0.7391304347826086,0.43478260869565216,,,,0.8777086647281757,0.300645314282765,1.4339962970001234,,
2019,4360719,Kadin Remsberg,2005,Air Force,Mountain West,RB,,,176,992,8.0,0.0,,,,5.636363636363637,0.045454545454545456,0.0,0.0,79.41501684006147,0.45122168659125833,54.80749917621775,0.3114062453194191,0.5965909090909091,0.19318181818181818,,,,0.3746573316799645,0.5965459603251063,0.8721011062256314,,
2019,4360738,Jack West,24,Stanford,Pac-12,QB,,,4,11,0.0,0.0,,,,2.75,0.0,0.0,0.0,-0.9301159891047812,-0.2325289972761953,-1.454219123511737,-0.36355478087793425,0.25,0.0,,,,-0.5026792842410971,-1.0289138652066019,,,
2019,4360765,Camerun Peoples,2026,App State,Sun Belt,RB,,,3,23,0.0,0.0,,,,7.666666666666667,0.0,0.0,0.0,1.333003266321163,0.44433442210705437,-0.07478037576572993,-0.02492679192190998,0.6666666666666666,0.3333333333333333,,,,0.44433442210705437,,0.42961162432784405,,
2019,4360797,Tutu Atwell,97,Louisville,ACC,WR,,,4,11,0.0,0.0,,,,2.75,0.0,0.0,0.0,-0.5119644484325478,-0.12799111210813696,0.801509302080911,0.20037732552022774,0.5,0.0,,,,0.5424384544652592,-0.7984206786815331,,,
2019,4360799,Jordan Travis,52,Florida State,ACC,QB,,,21,218,3.0,0.0,,,,10.380952380952381,0.14285714285714285,0.0,0.0,23.895603889855913,1.1378858995169483,15.58074115725877,0.7419400551075604,0.47619047619047616,0.23809523809523808,,,,0.11219275011771682,1.1938178113236113,0.5817926802628555,,
2019,4360802,Javian Hawkins,97,Louisville,ACC,RB,,,263,1490,9.0,0.0,,,,5.665399239543726,0.034220532319391636,0.0,0.0,63.16304635109699,0.2401636743387718,16.655235376182162,0.06332789116419073,0.4296577946768061,0.1634980988593156,,,,0.1989432499859453,0.3160044356814526,0.6362938624738,,
2019,4360805,Hassan Hall,97,Louisville,ACC,RB,,,108,501,5.0,0.0,,,,4.638888888888889,0.046296296296296294,0.0,0.0,25.499578647026524,0.23610720969469004,8.664365361950544,0.08022560520324579,0.49074074074074076,0.1388888888888889,,,,0.14396888487975315,1.11259826001809,1.008078392232541,,
2019,4360806,Trenell Troutman,97,Louisville,ACC,LB,,,1,1,0.0,0.0,,,,1.0,0.0,0.0,0.0,3.919424879668315,3.919424879668315,0.08143597404337388,0.08143597404337388,1.0,0.0,,,,,,,,
2019,4360826,Teldrick Ross,2393,Middle Tennessee,Conference USA,CB,,,2,3,0.0,0.0,,,,1.5,0.0,0.0,0.0,-0.9033916419933186,-0.4516958209966593,-0.4769389138667268,-0.2384694569333634,0.0,0.0,,,,-0.4516958209966593,,,,
2019,4360846,Theo Day,127,Michigan State,Big Ten,QB,,,1,0,0.0,0.0,,,,0.0,0.0,0.0,0.0,-0.7000000000000006,-0.7000000000000006,-0.9437392693498694,-0.9437392693498694,0.0,0.0,,,,,-0.7000000000000006,,,
2019,4360851,Alante Thomas,127,Michigan State,Big Ten,RB,,,2,1,1.0,0.0,,,,0.5,0.5,0.0,0.0,2.035726716985417,1.0178633584927086,0.938021275120443,0.4690106375602215,0.5,0.0,,,,1.0178633584927086,1.0178633584927086,1.0178633584927086,,
2019,4360881,Johnny Ford,58,South Florida,American Athletic,RB,,,19,103,2.0,0.0,,,,5.421052631578948,0.10526315789473684,0.0,0.0,7.410174123480611,0.39000916439371636,4.459173939327112,0.23469336522774273,0.3684210526315789,0.15789473684210525,,,,0.22617004309436106,1.2638178113236114,0.6129210330428448,,
2019,4360890,Jordan McCloud,58,South Florida,American Athletic,QB,,,71,455,4.0,0.0,,,,6.408450704225352,0.056338028169014086,0.0,0.0,45.81590375217201,0.6452944190446762,32.604696908726936,0.4592210832215061,0.5774647887323944,0.2112676056338028,,,,0.5823669235172054,0.44349650165893256,0.8563679023197065,,
2019,4360893,Odunayo Seriki,58,South Florida,American Athletic,RB,,,1,3,0.0,0.0,,,,3.0,0.0,0.0,0.0,-0.20339164199331883,-0.20339164199331883,-0.15222912011238687,-0.15222912011238687,0.0,0.0,,,,-0.20339164199331883,,,,
2019,4360900,Jason Bean,249,North Texas,Conference USA,QB,,,12,84,0.0,0.0,,,,7.0,0.0,0.0,0.0,8.021612597211877,0.6684677164343231,4.269595784985467,0.3557996487487889,0.6666666666666666,0.3333333333333333,,,,0.5534330098864478,,2.43466165868674,,
2019,4360907,KD Davis,249,North Texas,Conference USA,LB,,,2,7,0.0,0.0,,,,3.5,0.0,0.0,0.0,0.12508140270265278,0.06254070135132639,-0.27799498206943263,-0.13899749103471631,0.5,0.0,,,,0.06254070135132639,,,,
2019,4360932,DeAndre Torrey,249,North Texas,Conference USA,RB,,,73,380,2.0,0.0,,,,5.205479452054795,0.0273972602739726,0.0,0.0,11.255325323775594,0.15418253868185744,-2.2509506619220208,-0.03083494057427426,0.3835616438356164,0.1643835616438356,,,,0.1589361776010171,-0.2721637757415086,1.6553314950926086,,
2019,4360943,Bryce Williams,135,Minnesota,Big Ten,RB,,,17,24,1.0,0.0,,,,1.411764705882353,0.058823529411764705,0.0,0.0,0.07228639398430636,0.004252140822606256,-5.173475264839102,-0.3043220744023001,0.17647058823529413,0.058823529411764705,,,,-0.588781544251966,0.7245492655421103,0.62649957607948,,
2019,4360951,Preston Jelen,135,Minnesota,Big Ten,RB,,,3,22,0.0,0.0,,,,7.333333333333333,0.0,0.0,0.0,1.1362199823345236,0.3787399941115079,0.8535720480331415,0.28452401601104715,0.6666666666666666,0.3333333333333333,,,,0.3787399941115079,,,,
2019,4360972,Sean Ryan,277,West Virginia,Big 12,WR,,,1,24,0.0,0.0,,,,24.0,0.0,0.0,0.0,2.0933916419933185,2.0933916419933185,2.5941356770152986,2.5941356770152986,1.0,1.0,,,,2.0933916419933185,,,,
2019,4360973,Trad Beatty,218,Temple,American Athletic,QB,,,3,13,0.0,0.0,,,,4.333333333333333,0.0,0.0,0.0,0.3740894011145599,0.12469646703818664,0.7889773072043802,0.2629924357347934,0.6666666666666666,0.0,,,,0.41999999999999993,,,,
2019,4360980,Kyle Dobbins,218,Temple,American Athletic,RB,,,2,11,0.0,0.0,,,,5.5,0.0,0.0,0.0,0.6872274318793827,0.34361371593969137,0.4749242343289489,0.23746211716447446,0.5,0.0,,,,0.34361371593969137,,,,
2019,4361001,Devin Brumfield,254,Utah,Pac-12,RB,,,57,260,2.0,0.0,,,,4.56140350877193,0.03508771929824561,0.0,0.0,17.768075474393516,0.311720622357781,11.876118099792782,0.20835294911917163,0.5789473684210527,0.12280701754385964,,,,0.17771930846708078,0.7747495003235033,0.6316571442839245,,
2019,4361006,Solomon Enis,254,Utah,Pac-12,WR,,,1,1,0.0,0.0,,,,1.0,0.0,0.0,0.0,-0.46591059888543995,-0.46591059888543995,-0.7641236503692923,-0.7641236503692923,0.0,0.0,,,,-0.46591059888543995,,,,
2019,4361014,Brant Kuithe,254,Utah,Pac-12,TE,,,6,102,3.0,0.0,,,,17.0,0.5,0.0,0.0,17.711018241998154,2.951836373666359,10.824083964414053,1.8040139940690088,1.0,0.5,,,,2.569780996879172,3.2323350749920996,4.087590856040205,,
2019,4361021,Terrell Perriman,254,Utah,Pac-12,WR,,,1,5,0.0,0.0,,,,5.0,0.0,0.0,0.0,0.19552222321328427,0.19552222321328427,0.1088137823196469,0.1088137823196469,1.0,0.0,,,,0.19552222321328427,,,,
2019,4361025,Jack Tuttle,84,Indiana,Big Ten,QB,,,8,28,0.0,0.0,,,,3.5,0.0,0.0,0.0,-1.851905046934763,-0.2314881308668454,-1.8358142886125748,-0.22947678607657185,0.375,0.0,,,,-0.03220660484021853,0.7057267169854171,-0.16899255045514083,,
2019,4361032,Bryce Carpenter,324,Coastal Carolina,Sun Belt,QB,,,95,476,1.0,0.0,,,,5.010526315789473,0.010526315789473684,0.0,0.0,28.437475397983405,0.2993418462945622,4.697042675619922,0.04944255448020971,0.5263157894736842,0.12631578947368421,,,,0.13694967350737625,1.0304839857120738,1.1474448673617148,,
2019,4361033,Fred Payton,324,Coastal Carolina,Sun Belt,QB,,,40,241,2.0,0.0,,,,6.025,0.05,0.0,0.0,21.31251189463415,0.5328127973658537,12.744945247888976,0.3186236311972244,0.525,0.225,,,,0.3502461033239471,,1.1831007128513045,,
2019,4361039,Jai Williams,324,Coastal Carolina,Sun Belt,WR,,,1,6,0.0,0.0,,,,6.0,0.0,0.0,0.0,0.4296116243278427,0.4296116243278427,0.4024109850387187,0.4024109850387187,1.0,0.0,,,,0.4296116243278427,,,,
2019,4361095,Richard Newton,264,Washington,Pac-12,RB,,,116,506,10.0,0.0,,,,4.362068965517241,0.08620689655172414,0.0,0.0,50.241990203371,0.43312060520147416,30.0900692880024,0.25939714903450345,0.5517241379310345,0.10344827586206896,,,,0.27380024889393717,1.3868553866184457,0.988703243029273,,
2019,4361142,Max Borghi,265,Washington State,Pac-12,RB,,,127,837,11.0,0.0,,,,6.590551181102362,0.08661417322834646,0.0,0.0,52.132615119455394,0.41049303243665664,38.31443023972303,0.30168842708443333,0.5511811023622047,0.2204724409448819,,,,0.4320169845772009,0.374513887200423,0.45949438186309677,,
2019,4361160,Brody Belt,158,Nebraska,Big Ten,WR,,,5,32,0.0,0.0,,,,6.4,0.0,0.0,0.0,2.1915058788093087,0.4383011757618617,3.066546051121941,0.6133092102243882,0.8,0.2,,,,0.5817112825137087,0.22318601563409124,,,
2019,4361182,Adrian Martinez,158,Nebraska,Big Ten,QB,,,117,777,7.0,0.0,,,,6.641025641025641,0.05982905982905983,0.0,0.0,62.48231723634637,0.5340368994559519,47.79569692778581,0.4085102301520155,0.5726495726495726,0.21367521367521367,,,,0.3739616520609726,0.8963351483565438,0.9410074144740934,,
2019,4361198,Maurice Washington,158,Nebraska,Big Ten,RB,,,50,298,1.0,0.0,,,,5.96,0.02,0.0,0.0,7.982162896080537,0.15964325792161074,4.895624426888812,0.09791248853777625,0.44,0.14,,,,0.24392954846381423,-0.43920139945298686,-0.09453392143446848,,
2019,4361222,Layne Hatcher,2032,Arkansas State,Sun Belt,QB,,,44,244,1.0,0.0,,,,5.545454545454546,0.022727272727272728,0.0,0.0,21.01039823010178,0.4775090506841314,16.123139191943967,0.36643498163509014,0.5681818181818182,0.20454545454545456,,,,0.07595492539941565,0.6344052428667212,0.03550046990083888,,
2019,4361227,Marcel Murray,2032,Arkansas State,Sun Belt,RB,,,169,809,6.0,0.0,,,,4.78698224852071,0.03550295857988166,0.0,0.0,29.008032780074327,0.17164516437913802,2.4643972390013977,0.014582232183440224,0.4378698224852071,0.15976331360946747,,,,0.2015693524588757,-0.47007793941351983,0.2172576231278521,,
2019,4361254,Baylor Romney,252,BYU,FBS Independents,QB,,,19,79,0.0,0.0,,,,4.157894736842105,0.0,0.0,0.0,2.43266354604438,0.12803492347602,1.5923070486434878,0.08380563413913093,0.47368421052631576,0.10526315789473684,,,,0.15677532373929726,-0.31978489523907844,0.33466165868673947,,
2019,4361259,Zach Wilson,252,BYU,FBS Independents,QB,,,47,298,3.0,0.0,,,,6.340425531914893,0.06382978723404255,0.0,0.0,27.311449452273465,0.5810946691973078,15.26509362790512,0.3247892261256409,0.7021276595744681,0.2765957446808511,,,,0.6521385071151717,1.514456366309754,1.2054554315837795,,
2019,4361260,Jason Whittaker,77,Northwestern,Big Ten,TE,,,2,3,0.0,0.0,,,,1.5,0.0,0.0,0.0,-1.0421272538378514,-0.5210636269189257,-1.1752342011700418,-0.5876171005850209,0.0,0.0,,,,-0.013213388631248435,-1.028913865206603,-0.013213388631248435,,
2019,4361263,Drake Anderson,77,Northwestern,Big Ten,RB,,,150,654,3.0,0.0,,,,4.36,0.02,0.0,0.0,18.266459085180706,0.1217763939012047,6.858394233046281,0.04572262822030854,0.44666666666666666,0.1,,,,0.08190313808084716,0.07355884744022287,0.4969166125038162,,
2019,4361264,Isaiah Bowser,77,Northwestern,Big Ten,RB,,,59,204,0.0,0.0,,,,3.457627118644068,0.0,0.0,0.0,-8.06251552564839,-0.13665280551946424,-14.01405395846908,-0.23752633827913697,0.288135593220339,0.13559322033898305,,,,-0.1146173861270713,-0.827305410417325,-0.12092474393722474,,
2019,4361278,Raymond Niro III,77,Northwestern,Big Ten,WR,,,11,116,1.0,0.0,,,,10.545454545454545,0.09090909090909091,0.0,0.0,16.921130798122164,1.5382846180111058,9.012101128571594,0.8192819207792358,0.7272727272727273,0.2727272727272727,,,,0.5062887310089614,4.500645314282764,1.5466072488793092,,
2019,4361280,EJ Scott,36,Colorado State,Mountain West,WR,,,2,13,0.0,0.0,,,,6.5,0.0,0.0,0.0,1.0906036259159353,0.5453018129579676,1.3053018764370403,0.6526509382185202,0.5,0.5,,,,0.5453018129579676,,,,
2019,4361327,Jahmir Smith,87,Notre Dame,FBS Independents,RB,,,42,180,2.0,0.0,,,,4.285714285714286,0.047619047619047616,0.0,0.0,8.570838989989184,0.20406759499974247,3.057027885543435,0.07278637822722464,0.42857142857142855,0.11904761904761904,,,,0.27772483730718034,0.7364316792463543,0.8006968113643544,,
2019,4361329,Joey Gatewood,2,Auburn,SEC,TE,,,28,155,3.0,0.0,,,,5.535714285714286,0.10714285714285714,0.0,0.0,13.453105155702394,0.4804680412750855,5.438739058437195,0.19424068065847125,0.5357142857142857,0.2857142857142857,,,,0.3663382933625104,1.2672012839348956,0.6630671956130589,,
2019,4361354,Master Teague III,194,Ohio State,Big Ten,RB,,,134,775,4.0,0.0,,,,5.7835820895522385,0.029850746268656716,0.0,0.0,45.38765595738966,0.33871385042828106,22.346504771994994,0.16676496098503726,0.4701492537313433,0.14925373134328357,,,,0.2575741774416916,0.19889822946985505,0.3635080966401398,,
2019,4361358,Amari McMahon,194,Ohio State,Big Ten,RB,,,1,10,0.0,0.0,,,,10.0,0.0,0.0,0.0,0.7000000000000004,0.7000000000000004,0.8088489536861765,0.8088489536861765,1.0,1.0,,,,0.7000000000000004,,,,
2019,4361370,Chris Olave,194,Ohio State,Big Ten,WR,,,2,5,0.0,0.0,,,,2.5,0.0,0.0,0.0,0.971689760709332,0.485844880354666,0.5470163499627384,0.2735081749813692,0.5,0.0,,,,-0.5442208381761078,,1.5159105988854398,,
2019,4361374,Davarius Bargnare,2097,Campbell,Big South,WR,,,1,1,0.0,0.0,,,,1.0,0.0,0.0,0.0,-0.5442208381761082,-0.5442208381761082,-0.29373782399038717,-0.29373782399038717,0.0,0.0,,,,-0.5442208381761082,,,,
2019,4361375,Justin Tomlin,290,Georgia Southern,Sun Belt,QB,,,25,235,2.0,0.0,,,,9.4,0.08,0.0,0.0,23.778653751572172,0.9511461500628868,14.346967726487234,0.5738787090594893,0.6,0.28,,,,1.061098961397317,1.8957267169854175,1.100590692591598,,
2019,4361382,NaJee Thompson,290,Georgia Southern,Sun Belt,DB,,,2,14,0.0,0.0,,,,7.0,0.0,0.0,0.0,1.5255222232132857,0.7627611116066428,0.33325097273638704,0.16662548636819352,0.5,0.5,,,,0.7627611116066428,,1.9049185972973492,,
2019,4361402,C.J. Wright,290,Georgia Southern,Sun Belt,NT,,,1,10,0.0,0.0,,,,10.0,0.0,0.0,0.0,2.0903883756721564,2.0903883756721564,2.9668213252645206,2.9668213252645206,1.0,1.0,,,,,,,,
2019,4361409,Jahan Dotson,213,Penn State,Big Ten,WR,,,2,0,0.0,0.0,,,,0.0,0.0,0.0,0.0,-0.9165713611249728,-0.4582856805624864,-2.0868556164215732,-1.0434278082107866,0.5,0.0,,,,-0.4582856805624864,,,,
2019,4361418,Will Levis,213,Penn State,Big Ten,QB,,,41,267,3.0,0.0,,,,6.512195121951219,0.07317073170731707,0.0,0.0,28.92410366107187,0.7054659429529725,23.573580001371518,0.5749653658871102,0.6097560975609756,0.12195121951219512,,,,0.7062738587169511,1.3295325319667424,1.228559758107971,,
2019,4361422,Jayson Oweh,213,Penn State,Big Ten,DE,,,1,1,0.0,0.0,,,,1.0,0.0,0.0,0.0,-0.5813395008567519,-0.5813395008567519,-0.14047927745340427,-0.14047927745340427,0.0,0.0,,,,-0.5813395008567519,,,,
2019,4361427,Ricky Slade,213,Penn State,Big Ten,RB,,,46,226,2.0,0.0,,,,4.913043478260869,0.043478260869565216,0.0,0.0,10.161663997808946,0.22090573908280317,8.318871968704116,0.18084504279791555,0.391304347826087,0.08695652173913043,,,,0.15759349042355644,0.3990011498095573,0.40963780502290276,,
2019,4361430,Devonte Lee,2440,Nevada,Mountain West,RB,,,63,308,7.0,0.0,,,,4.888888888888889,0.1111111111111111,0.0,0.0,34.250834247685376,0.5436640356775456,31.266496810909707,0.49629360017317,0.6031746031746031,0.12698412698412698,,,,0.26364194259941287,0.9152903861274653,0.8710864762688724,,
2019,4361432,Romeo Doubs,2440,Nevada,Mountain West,WR,,,1,-1,0.0,0.0,,,,-1.0,0.0,0.0,0.0,-0.8483102392906674,-0.8483102392906674,-0.35941883203094,-0.35941883203094,0.0,0.0,,,,-0.8483102392906674,,-0.8483102392906674,,
2019,4361435,Carson Strong,2440,Nevada,Mountain West,QB,,,26,154,0.0,0.0,,,,5.923076923076923,0.0,0.0,0.0,9.743433532291448,0.37474744354967104,10.067020533877638,0.3871930974568322,0.5769230769230769,0.23076923076923078,,,,0.10709505184987829,,0.8252230360772,,
2019,4361444,Toa Taua,2440,Nevada,Mountain West,RB,,,192,795,6.0,0.0,,,,4.140625,0.03125,0.0,0.0,21.539165791542406,0.11218315516428336,-0.021295350864684925,-0.00011091328575356732,0.3697916666666667,0.11458333333333333,,,,0.008833959063715535,0.45719163101190924,0.7627164603256689,,
2019,4361460,Ben Putman,2440,Nevada,Mountain West,WR,,,1,4,0.0,0.0,,,,4.0,0.0,0.0,0.0,-0.013213388631248435,-0.013213388631248435,-0.090113775884788,-0.090113775884788,0.0,0.0,,,,-0.013213388631248435,,,,
2019,4361467,Matt Romero,166,New Mexico State,FBS Independents,QB,,,3,14,0.0,0.0,,,,4.666666666666667,0.0,0.0,0.0,0.011453433970834759,0.0038178113236115863,1.324992468081625,0.4416641560272083,0.3333333333333333,0.3333333333333333,,,,-0.41713664150729124,0.0038178113236115863,-0.7000000000000002,,
2019,4361474,Naveon Mitchell,166,New Mexico State,FBS Independents,WR,,,6,25,0.0,0.0,,,,4.166666666666667,0.0,0.0,0.0,1.2498479510663416,0.20830799184439028,0.10219883342472524,0.017033138904120875,0.5,0.0,,,,0.09447225588410194,,,,
2019,4361475,Josh Foley,166,New Mexico State,FBS Independents,RB,,,7,52,0.0,0.0,,,,7.428571428571429,0.0,0.0,0.0,3.945265284602676,0.5636093263718108,3.264710975593543,0.46638728222764897,0.7142857142857143,0.14285714285714285,,,,0.5841033283866518,0.4406453142827651,0.17019418783607887,,
2019,4361493,Jack Plummer,2509,Purdue,Big Ten,QB,,,38,211,0.0,0.0,,,,5.552631578947368,0.0,0.0,0.0,10.904137798552984,0.28695099469876273,6.8320143225220695,0.17978985059268604,0.6052631578947368,0.21052631578947367,,,,0.16153525259900398,-0.7990528727592663,0.17873491844801692,,
2019,4361497,Carson Baker,21,San Diego State,Mountain West,QB,,,6,14,0.0,0.0,,,,2.3333333333333335,0.0,0.0,0.0,-0.7183626841291426,-0.11972711402152376,1.6076997019173533,0.26794995031955887,0.5,0.0,,,,-0.181014984895997,0.07572671698541722,-0.7778895809119462,,
2019,4361502,Zidane Thomas,21,San Diego State,Mountain West,RB,,,3,-2,0.0,0.0,,,,-0.6666666666666666,0.0,0.0,0.0,-2.3903486761968495,-0.7967828920656165,-2.475981364143788,-0.8253271213812626,0.0,0.0,,,,-0.8451743380984247,,,,
2019,4361504,BJ Busbee,21,San Diego State,Mountain West,WR,,,2,0,0.0,0.0,,,,0.0,0.0,0.0,0.0,-1.369745050280914,-0.684872525140457,-2.2011603673133475,-1.1005801836566738,0.0,0.0,,,,-0.684872525140457,,,,
2019,4361516,Daniel Bellinger,21,San Diego State,Mountain West,TE,,,1,-6,0.0,0.0,,,,-6.0,0.0,0.0,0.0,-2.367664925007902,-2.367664925007902,-2.3489686404443475,-2.3489686404443475,0.0,0.0,,,,-2.367664925007902,-2.367664925007902,,,
2019,4361529,Isaih Pacheco,164,Rutgers,Big Ten,RB,,,173,790,7.0,0.0,,,,4.566473988439307,0.04046242774566474,0.0,0.0,33.305778948041215,0.19251895345688563,8.984477727300712,0.05193339726763417,0.44508670520231214,0.11560693641618497,,,,0.10809664737328464,0.9369319889374671,1.153390553290157,,
2019,4361530,Artur Sitkowski,164,Rutgers,Big Ten,QB,,,6,7,0.0,0.0,,,,1.1666666666666667,0.0,0.0,0.0,-7.937846541733736,-1.3229744236222893,-5.619787412718155,-0.9366312354530258,0.0,0.0,,,,-0.623207314783639,,-3.3428781423887965,,
2019,4361556,Aron Cruickshank,275,Wisconsin,Big Ten,WR,,,11,122,1.0,0.0,,,,11.090909090909092,0.09090909090909091,0.0,0.0,10.295306972969506,0.9359369975426823,6.492571980111928,0.5902338163738117,0.5454545454545454,0.36363636363636365,,,,0.9359369975426823,1.0405246870634002,0.742848855343055,,
2019,4361566,Kenyon Oblad,2439,UNLV,Mountain West,QB,,,22,84,1.0,0.0,,,,3.8181818181818183,0.045454545454545456,0.0,0.0,9.563995336970835,0.4347270607714016,5.997362831268784,0.2726074014213084,0.5909090909090909,0.09090909090909091,,,,0.025527843140360097,0.9791328911247881,1.3254775299291397,,
2019,4361575,Jace Ruder,153,North Carolina,ACC,LB,,,3,29,0.0,0.0,,,,9.666666666666666,0.0,0.0,0.0,1.6630950039074022,0.5543650013024674,0.4955017868955355,0.16516726229851184,0.6666666666666666,0.3333333333333333,,,,1.757045851135199,,,,
2019,4361577,Dyami Brown,153,North Carolina,ACC,WR,,,1,2,0.0,0.0,,,,2.0,0.0,0.0,0.0,-0.44735317134139496,-0.44735317134139496,-0.22619772156560636,-0.22619772156560636,0.0,0.0,,,,-0.44735317134139496,,,,
2019,4361579,Javonte Williams,153,North Carolina,ACC,RB,,,163,937,5.0,0.0,,,,5.748466257668712,0.03067484662576687,0.0,0.0,50.38379386523804,0.30910302984808613,35.386655996483896,0.21709604905818342,0.5460122699386503,0.2147239263803681,,,,0.3368795444581309,0.5386233294058952,0.38214893014044055,,
2019,4361587,Elijah Davis,295,Old Dominion,Conference USA,RB,,,78,314,4.0,0.0,,,,4.0256410256410255,0.05128205128205128,0.0,0.0,15.285865067875553,0.19597262907532761,10.783706364623189,0.1382526457002973,0.4358974358974359,0.11538461538461539,,,,0.15975056370026683,0.6662497168532264,0.9199719664293895,,
2019,4361593,Cornell Hendrick Jr.,295,Old Dominion,Conference USA,WR,,,5,4,0.0,0.0,,,,0.8,0.0,0.0,0.0,-2.3505843781468334,-0.47011687562936666,-4.3074345127262275,-0.8614869025452455,0.2,0.0,,,,-0.47011687562936666,,,,
2019,4361595,Will Knight,48,Delaware,CAA,RB,,,9,40,0.0,0.0,,,,4.444444444444445,0.0,0.0,0.0,0.3037099813624693,0.03374555348471881,-0.8397290297996632,-0.09330322553329591,0.4444444444444444,0.1111111111111111,,,,0.03374555348471881,-1.0289138652066026,-0.20339164199331883,,
2019,4361603,Isaiah Spencer,295,Old Dominion,Conference USA,TE,,,1,6,0.0,0.0,,,,6.0,0.0,0.0,0.0,0.006608358006680692,0.006608358006680692,0.04644825939740471,0.04644825939740471,1.0,0.0,,,,0.006608358006680692,,,,
2019,4361604,Blake Watson,295,Old Dominion,Conference USA,RB,,,25,116,1.0,0.0,,,,4.64,0.04,0.0,0.0,6.247677670371068,0.24990710681484274,1.7060914874231607,0.06824365949692643,0.44,0.12,,,,0.1641542941544072,-1.028913865206602,1.097912776432881,,
2019,4361607,Andrew Peasley,328,Utah State,Mountain West,QB,,,3,83,1.0,0.0,,,,27.666666666666668,0.3333333333333333,0.0,0.0,10.088310239290667,3.3627700797635556,6.666072520470795,2.222024173490265,0.6666666666666666,0.6666666666666666,,,,3.3627700797635556,,,,
2019,4361624,Tye Evans,2050,Ball State,Mid-American,RB,,,3,49,0.0,0.0,,,,16.333333333333332,0.0,0.0,0.0,2.730000000000001,0.9100000000000003,2.6145574898510358,0.8715191632836786,0.6666666666666666,0.3333333333333333,,,,0.9100000000000003,,-0.6999999999999997,,
2019,4361652,Payton Wilson,152,NC State,ACC,LB,,,1,9,0.0,0.0,,,,9.0,0.0,0.0,0.0,2.020388375672157,2.020388375672157,2.2932884192841305,2.2932884192841305,1.0,0.0,,,,,,,,
2019,4361653,Devin Leary,152,NC State,ACC,QB,,,27,117,0.0,0.0,,,,4.333333333333333,0.0,0.0,0.0,10.110551341243362,0.3744648644904949,15.13042577247697,0.5603861397213693,0.5925925925925926,0.07407407407407407,,,,-0.1924222202279115,0.29858137358833364,-0.3599517018692321,,
2019,4361655,Ricky Person Jr.,152,NC State,ACC,RB,,,61,240,3.0,0.0,,,,3.9344262295081966,0.04918032786885246,0.0,0.0,13.962407168066594,0.22889192078797696,3.1835307286433236,0.05218902833841514,0.5245901639344263,0.14754098360655737,,,,0.2398212555150502,0.3764299354200037,0.5134405273578212,,
2019,4361660,Trent Pennix,152,NC State,ACC,TE,,,13,55,0.0,0.0,,,,4.230769230769231,0.0,0.0,0.0,-1.0505438159700597,-0.08081106276692768,-0.628775775226408,-0.04836736732510831,0.38461538461538464,0.23076923076923078,,,,-0.15161028231013,0.2478633584927088,-0.3562282421898486,,
2019,4361684,Raghib Ismail Jr.,2751,Wyoming,Mountain West,WR,,,6,38,1.0,0.0,,,,6.333333333333333,0.16666666666666666,0.0,0.0,7.061516162850731,1.1769193604751218,4.3897003692571746,0.731616728209529,0.5,0.16666666666666666,,,,1.5142675818977325,,4.8593963740840636,,
2019,4361690,Sean Chambers,2751,Wyoming,Mountain West,QB,,,81,611,10.0,0.0,,,,7.54320987654321,0.12345679012345678,0.0,0.0,77.75329946609179,0.9599172773591579,64.474598787223,0.7959827010768272,0.5802469135802469,0.2345679012345679,,,,0.5910101736893769,0.801135132112222,1.740864965692777,,
2019,4361714,Josiah Johnson,113,Massachusetts,FBS Independents,TE,,,3,33,0.0,0.0,,,,11.0,0.0,0.0,0.0,4.0568357288251145,1.3522785762750382,4.211187975683732,1.4037293252279106,0.6666666666666666,0.3333333333333333,,,,-0.1701941878360782,,,,
2019,4361732,Shocky Jacques-Louis,221,Pittsburgh,ACC,WR,,,14,91,0.0,0.0,,,,6.5,0.0,0.0,0.0,5.338697250859817,0.38133551791855835,4.0533241458256235,0.28952315327325884,0.6428571428571429,0.35714285714285715,,,,0.32993369779772685,,-0.013213388631248435,,
2019,4361735,Re-al Mitchell,66,Iowa State,Big 12,QB,,,11,100,1.0,0.0,,,,9.090909090909092,0.09090909090909091,0.0,0.0,12.291065522921286,1.1173695929928442,7.2223846276361865,0.6565804206941988,0.6363636363636364,0.36363636363636365,,,,1.144533880593587,0.8457267169854172,1.8821104190880538,,
2019,4361741,Brock Purdy,66,Iowa State,Big 12,QB,,,74,396,8.0,0.0,,,,5.351351351351352,0.10810810810810811,0.0,0.0,42.41187781387778,0.5731334839713214,15.050076855731662,0.20337941696934678,0.527027027027027,0.16216216216216217,,,,0.6503660173905812,1.4533058215700845,1.8568700389543653,,
2019,4361777,Zamir White,61,Georgia,SEC,RB,,,73,393,3.0,0.0,,,,5.383561643835616,0.0410958904109589,0.0,0.0,21.658270899147627,0.2966886424540771,7.365717658987202,0.10090024190393428,0.4657534246575342,0.2054794520547945,,,,0.26102712668399214,0.8174701760109138,1.3868527703670255,,
2019,4361778,Kearis Jackson,61,Georgia,SEC,WR,,,2,10,0.0,0.0,,,,5.0,0.0,0.0,0.0,0.6051755359079567,0.30258776795397835,0.788252129903364,0.394126064951682,0.5,0.0,,,,0.30258776795397835,,,,
2019,4361797,Amare Jones,2655,Tulane,American Athletic,WR,,,61,371,4.0,0.0,,,,6.081967213114754,0.06557377049180328,0.0,0.0,26.112706508159604,0.42807715587146894,17.37468213713198,0.28483085470708164,0.5081967213114754,0.19672131147540983,,,,0.41270459782168717,-0.022915019194510177,0.9270556800154023,,
2019,4361800,Christian Daniels,2655,Tulane,American Athletic,TE,,,3,38,0.0,0.0,,,,12.666666666666666,0.0,0.0,0.0,3.0249185972973476,1.0083061990991158,2.8861372847766864,0.9620457615922288,0.6666666666666666,0.3333333333333333,,,,0.10522041025531581,,,,
2019,4361802,Cam Carroll,2655,Tulane,American Athletic,RB,,,72,379,4.0,0.0,,,,5.263888888888889,0.05555555555555555,0.0,0.0,28.219424353451636,0.3919364493534949,10.428308524593419,0.14483761839713083,0.4861111111111111,0.1388888888888889,,,,0.4036879565902263,0.37642414500482146,1.097676553487403,,
2019,4361804,Ygenio Booker,2655,Tulane,American Athletic,RB,,,18,94,1.0,0.0,,,,5.222222222222222,0.05555555555555555,0.0,0.0,6.700773387980549,0.37226518822114163,3.67989305594783,0.20443850310821277,0.6666666666666666,0.16666666666666666,,,,0.4585588078422874,,1.431695820996659,,
2019,4361825,Spencer Sanders,197,Oklahoma State,Big 12,QB,,,119,766,2.0,0.0,,,,6.436974789915967,0.01680672268907563,0.0,0.0,48.4168926549603,0.40686464415933027,30.250476042128305,0.25420568102628827,0.5210084033613446,0.24369747899159663,,,,0.19288647318694804,-0.22880330817395814,0.07656887366206924,,
2019,4361837,Jahmyl Jeter,197,Oklahoma State,Big 12,RB,,,11,34,0.0,0.0,,,,3.090909090909091,0.0,0.0,0.0,0.6957323455233713,0.0632483950475792,1.4232613934276115,0.12938739940251012,0.6363636363636364,0.0,,,,-0.0676606250034471,0.41233911518364935,,,
2019,4361897,Destin Coates,2247,Georgia State,Sun Belt,RB,,,61,466,6.0,0.0,,,,7.639344262295082,0.09836065573770492,0.0,0.0,41.99118645178489,0.6883801057669654,24.411575782479673,0.4001897669258963,0.5573770491803278,0.22950819672131148,,,,0.8306856232639135,1.072366249417867,1.0799981484811845,,
2019,4361902,Dan Ellington,2247,Georgia State,Sun Belt,QB,,,122,766,6.0,0.0,,,,6.278688524590164,0.04918032786885246,0.0,0.0,68.81872824704448,0.5640879364511843,39.07010748412524,0.32024678265676426,0.5901639344262295,0.19672131147540983,,,,0.4604857258197616,0.8601671823865243,0.6946206291702711,,
2019,4361911,Cornelius McCoy,2247,Georgia State,Sun Belt,WR,,,1,4,0.0,0.0,,,,4.0,0.0,0.0,0.0,-0.013213388631249323,-0.013213388631249323,-0.05239887278951,-0.05239887278951,0.0,0.0,,,,-0.013213388631249323,,,,
2019,4361914,Seth Paige,2247,Georgia State,Sun Belt,RB,,,61,395,4.0,0.0,,,,6.475409836065574,0.06557377049180328,0.0,0.0,26.668926499958122,0.4371955163927561,14.482958722823955,0.2374255528331796,0.4918032786885246,0.18032786885245902,,,,0.41037134328245134,0.2260588474402227,0.6703509602929927,,
2019,4361945,Jarveon Howard,183,Syracuse,ACC,RB,,,75,325,3.0,0.0,,,,4.333333333333333,0.04,0.0,0.0,9.447594451401777,0.12596792601869036,-1.4996825685914004,-0.01999576758121867,0.36,0.14666666666666667,,,,0.14957084118489283,-0.05049710907484214,0.03407155458542869,,
2019,4361952,Taj Harris,183,Syracuse,ACC,WR,,,2,25,0.0,0.0,,,,12.5,0.0,0.0,0.0,1.7500000000000004,0.8750000000000002,1.8427672401546396,0.9213836200773198,1.0,1.0,,,,0.8750000000000002,,,,
2019,4361959,Quincy Patterson,259,Virginia Tech,ACC,QB,,,48,249,2.0,0.0,,,,5.1875,0.041666666666666664,0.0,0.0,7.037216603444435,0.14660867923842572,-0.020639280914669822,-0.0004299850190556213,0.3958333333333333,0.16666666666666666,,,,0.3464794837333043,0.24915272202052638,-0.5261357034512953,,
2019,4361960,Tre Turner,259,Virginia Tech,ACC,WR,,,22,247,1.0,0.0,,,,11.227272727272727,0.045454545454545456,0.0,0.0,22.668413328416037,1.0303824240189108,13.499944891089568,0.6136338586858895,0.7727272727272727,0.3181818181818182,,,,0.8545050391866567,3.313949493286106,0.45753769669914296,,
2019,4361966,Caleb Steward,259,Virginia Tech,ACC,RB,,,18,85,0.0,0.0,,,,4.722222222222222,0.0,0.0,0.0,1.8501506848306533,0.10278614915725852,1.0257584246803382,0.05698657914890767,0.3888888888888889,0.1111111111111111,,,,-0.08990924563326066,-0.2042732830145817,-0.535175535907956,,
2019,4361988,James Mitchell,259,Virginia Tech,ACC,TE,,,5,7,4.0,0.0,,,,1.4,0.8,0.0,0.0,8.53565319565222,1.707130639130444,4.051725256617255,0.8103450513234509,0.8,0.0,,,,2.226684832611405,2.035726716985417,1.707130639130444,,
2019,4361994,Sam Hartman,154,Wake Forest,ACC,QB,,,26,121,1.0,0.0,,,,4.653846153846154,0.038461538461538464,0.0,0.0,4.976785247265744,0.19141481720252862,3.7312943048820504,0.1435113194185404,0.4230769230769231,0.15384615384615385,,,,0.1085877852928398,1.5273662494178668,0.1706404864749527,,
2019,4361999,Courtney McKinney,154,Wake Forest,ACC,RB,,,6,19,0.0,0.0,,,,3.1666666666666665,0.0,0.0,0.0,-0.4991338069355016,-0.0831889678225836,-0.4466669446179523,-0.07444449076965871,0.3333333333333333,0.16666666666666666,,,,0.1730326453049914,,,,
2019,4362029,Kai Locksley,2638,UTEP,Conference USA,QB,,,100,661,5.0,0.0,,,,6.61,0.05,0.0,0.0,54.09158054863633,0.5409158054863633,40.7895939861962,0.40789593986196204,0.64,0.23,,,,0.49609432282902466,0.6365705198946471,1.36263520262652,,
2019,4362030,Brandon Jones,2638,UTEP,Conference USA,QB,,,28,108,1.0,0.0,,,,3.857142857142857,0.03571428571428571,0.0,0.0,4.093630430053567,0.1462010867876274,4.291608420364674,0.15327172929873836,0.42857142857142855,0.14285714285714285,,,,0.12629539221394268,0.3225945922907294,0.29872051821146595,,
2019,4362040,Reynaldo Flores,2638,UTEP,Conference USA,RB,,,11,38,0.0,0.0,,,,3.4545454545454546,0.0,0.0,0.0,-1.9953058675024176,-0.18139144250021977,-2.537149320950597,-0.2306499382682361,0.18181818181818182,0.09090909090909091,,,,-0.28774007341604096,,,,
2019,4362054,Mitchell Crawford,2638,UTEP,Conference USA,P,,,1,26,0.0,0.0,,,,26.0,0.0,0.0,0.0,4.694181138700801,4.694181138700801,4.166671272690855,4.166671272690855,1.0,1.0,,,,,,,,
2019,4362073,Casey Thompson,251,Texas,Big 12,QB,,,8,37,1.0,0.0,,,,4.625,0.125,0.0,0.0,5.222439585045674,0.6528049481307092,5.4959080910315805,0.6869885113789476,0.75,0.0,,,,0.4818256974364522,1.6656453142827652,2.4706453142827653,,
2019,4362078,Ryan Bujcevski,251,Texas,Big 12,P,,,1,3,0.0,0.0,,,,3.0,0.0,0.0,0.0,0.7757267169854165,0.7757267169854165,1.750924644256921,1.750924644256921,1.0,0.0,,,,,0.7757267169854165,,,
2019,4362087,Keaontay Ingram,251,Texas,Big 12,RB,,,142,848,7.0,0.0,,,,5.971830985915493,0.04929577464788732,0.0,0.0,52.420088701984135,0.3691555542393249,24.079633581282387,0.16957488437522808,0.5140845070422535,0.19014084507042253,,,,0.26360829502844707,0.6782806915513722,1.1006265157199084,,
2019,4362127,Dante Black,41,UConn,American Athletic,RB,,,13,88,0.0,0.0,,,,6.769230769230769,0.0,0.0,0.0,3.2681821296112337,0.2513986253547103,3.6832820499185317,0.28332938845527167,0.6153846153846154,0.23076923076923078,,,,0.1621549411658652,0.46818601563409157,,,
2019,4362140,Steven Krajewski,41,UConn,American Athletic,QB,,,10,61,1.0,0.0,,,,6.1,0.1,0.0,0.0,5.081905010953111,0.5081905010953112,5.573022115487969,0.5573022115487969,0.5,0.3,,,,0.46657318702695094,3.1706453142827655,1.5351941878360784,,
2019,4362159,Alan Bowman,2641,Texas Tech,Big 12,QB,,,5,22,1.0,0.0,,,,4.4,0.2,0.0,0.0,5.155028957864178,1.0310057915728357,3.477565089339856,0.6955130178679713,0.6,0.2,,,,0.00330195559823195,0.4406453142827651,4.7044777767867165,,
2019,4362161,Ta'Zhawn Henry,2641,Texas Tech,Big 12,RB,,,75,355,3.0,0.0,,,,4.733333333333333,0.04,0.0,0.0,16.72500266366766,0.2230000355155688,9.740350034449257,0.12987133379265675,0.4533333333333333,0.17333333333333334,,,,0.08775955009909857,1.3201121111455945,0.5363176609973825,,
2019,4362162,SaRodorick Thompson,2641,Texas Tech,Big 12,RB,,,156,756,12.0,0.0,,,,4.846153846153846,0.07692307692307693,0.0,0.0,63.50877570183911,0.4071075365502507,41.95431182564908,0.2689378963182633,0.5192307692307693,0.1282051282051282,,,,0.23408163847008273,0.7530326401877669,1.061725472380279,,
2019,4362191,Jaylon Hutchings,2641,Texas Tech,Big 12,DL,,,2,9,0.0,0.0,,,,4.5,0.0,0.0,0.0,2.6423265836946404,1.3211632918473202,1.5144278077513782,0.7572139038756891,1.0,0.0,,,,,0.9857267169854169,,,
2019,4362196,Leddie Brown,277,West Virginia,Big 12,RB,,,107,367,1.0,0.0,,,,3.4299065420560746,0.009345794392523364,0.0,0.0,-7.089720449945939,-0.06625906962566298,-7.965630037509304,-0.07444514053747013,0.38317757009345793,0.12149532710280374,,,,-0.08889118706526976,-0.0619753129366,-0.08753103619125079,,
2019,4362208,Sam James,277,West Virginia,Big 12,WR,,,4,19,0.0,0.0,,,,4.75,0.0,0.0,0.0,1.2613224615318954,0.31533061538297386,0.32585778522495373,0.08146444630623843,0.5,0.0,,,,0.5088012880781824,-0.26508140270265157,,,
2019,4362211,Trey Lowe,277,West Virginia,Big 12,QB,,,3,12,0.0,0.0,,,,4.0,0.0,0.0,0.0,-0.6548244640920429,-0.2182748213640143,-0.09860966853951592,-0.03286988951317197,0.3333333333333333,0.3333333333333333,,,,0.022587767953978655,,,,
2019,4362238,Chase Brown,356,Illinois,Big Ten,RB,,,1,2,0.0,0.0,,,,2.0,0.0,0.0,0.0,-0.37939637408406446,-0.37939637408406446,-0.3845678420514834,-0.3845678420514834,0.0,0.0,,,,-0.37939637408406446,,,,
2019,4362260,Carter Bradley,2649,Toledo,Mid-American,QB,,,12,68,1.0,0.0,,,,5.666666666666667,0.08333333333333333,0.0,0.0,10.89176691131972,0.9076472426099768,6.021130016309183,0.5017608346924319,0.5833333333333334,0.08333333333333333,,,,0.26407876881189546,,5.103391641993317,,
2019,4362301,Isiah Cox,195,Ohio,Mid-American,WR,,,1,15,0.0,0.0,,,,15.0,0.0,0.0,0.0,1.0499999999999998,1.0499999999999998,0.2400180094190305,0.2400180094190305,1.0,1.0,,,,1.0499999999999998,,,,
2019,4362303,Joe Mischler,195,Ohio,Mid-American,QB,,,2,8,0.0,0.0,,,,4.0,0.0,0.0,0.0,1.0101314370615477,0.5050657185307739,0.39359276756082134,0.19679638378041067,1.0,0.0,,,,,,0.9703883756721567,,
2019,4362308,Jerome Buckner,195,Ohio,Mid-American,WR,,,1,3,0.0,0.0,,,,3.0,0.0,0.0,0.0,-0.20339164199331838,-0.20339164199331838,-0.4199785122886155,-0.4199785122886155,0.0,0.0,,,,-0.20339164199331838,,,,
2019,4362312,Tyler Walton,195,Ohio,Mid-American,WR,,,4,4,0.0,0.0,,,,1.0,0.0,0.0,0.0,-2.1843522752376585,-0.5460880688094146,-2.2940119436565505,-0.5735029859141376,0.0,0.0,,,,-0.5460880688094146,,,,
2019,4362313,O'Shaan Allison,195,Ohio,Mid-American,RB,,,134,849,6.0,0.0,,,,6.335820895522388,0.04477611940298507,0.0,0.0,53.655540413259246,0.4004144806959645,30.328943010424176,0.22633539560018043,0.48507462686567165,0.11940298507462686,,,,0.3705566420471706,0.5528999437355486,0.4136689041336388,,
2019,4362340,Woody Barrett,2309,Kent State,Mid-American,QB,,,18,78,0.0,0.0,,,,4.333333333333333,0.0,0.0,0.0,0.3460028955575203,0.019222383086528905,0.5404754980217645,0.030026416556764697,0.3333333333333333,0.1111111111111111,,,,0.19855856500747895,,-0.6999999999999993,,
2019,4362348,Craig Elmore,2309,Kent State,Mid-American,RB,,,12,43,1.0,0.0,,,,3.5833333333333335,0.08333333333333333,0.0,0.0,2.9413013850371765,0.24510844875309803,0.6502448927649311,0.054187074397077595,0.5,0.08333333333333333,,,,0.3635574668051759,-0.3471366415072914,4.34,,
2019,4362359,Jo-El Shaw,2309,Kent State,Mid-American,RB,,,70,314,2.0,0.0,,,,4.485714285714286,0.02857142857142857,0.0,0.0,5.216749838424299,0.0745249976917757,-2.0885342787762182,-0.029836203982517403,0.4,0.11428571428571428,,,,0.04824072309292014,0.21718937898588558,0.37881498770280203,,
2019,4362385,Quadry Jones,2116,UCF,American Athletic,QB,,,4,9,0.0,0.0,,,,2.25,0.0,0.0,0.0,-3.5631431946801704,-0.8907857986700426,-1.5461508631227474,-0.38653771578068685,0.5,0.0,,,,0.11310999116726195,0.7057267169854162,-2.3492407679967147,,
2019,4362393,Trilion Coles,2116,UCF,American Athletic,RB,,,34,193,0.0,0.0,,,,5.676470588235294,0.0,0.0,0.0,8.399293254266821,0.24703803689020062,3.434989931294457,0.10102911562630756,0.5294117647058824,0.14705882352941177,,,,0.3079887821667173,0.15567244851698284,-0.5005430673966982,,
2019,4362430,Taye Barber,2628,TCU,Big 12,WR,,,5,87,0.0,0.0,,,,17.4,0.0,0.0,0.0,5.887623236641073,1.1775246473282146,4.789458436450933,0.9578916872901866,0.8,0.2,,,,1.1775246473282146,,,,
2019,4362447,Matt Myers,2084,Buffalo,Mid-American,QB,,,23,146,2.0,0.0,,,,6.3478260869565215,0.08695652173913043,0.0,0.0,15.221894096833388,0.6618214824710169,15.986804068058523,0.6950784377416749,0.6086956521739131,0.2608695652173913,,,,0.7828110583967242,0.7573662494178666,1.1649304962236675,,
2019,4362452,Jaret Patterson,2084,Buffalo,Mid-American,RB,,,311,1769,19.0,0.0,,,,5.688102893890675,0.06109324758842444,0.0,0.0,150.8234716928964,0.48496293148841285,103.23316123581174,0.33193942519553615,0.5498392282958199,0.14469453376205788,,,,0.3870281429159921,0.5952238872805723,0.7435133398661694,,
2019,4362477,Derius Davis,2628,TCU,Big 12,WR,,,3,18,0.0,0.0,,,,6.0,0.0,0.0,0.0,-0.13253107746677473,-0.04417702582225824,-0.22364838672294451,-0.07454946224098151,0.3333333333333333,0.3333333333333333,,,,-0.04417702582225824,,,,
2019,4362478,Emari Demercado,2628,TCU,Big 12,RB,,,18,65,0.0,0.0,,,,3.611111111111111,0.0,0.0,0.0,-0.9799630031182907,-0.054442389062127255,-2.67332412602483,-0.14851800700137946,0.3333333333333333,0.05555555555555555,,,,-0.07578547807665813,-0.6482893951072517,-0.16154574636320418,,
2019,4362499,Mark Pope,2390,Miami,ACC,WR,,,3,23,0.0,0.0,,,,7.666666666666667,0.0,0.0,0.0,0.7115115073472618,0.23717050244908724,-0.4224194515915706,-0.14080648386385688,0.3333333333333333,0.3333333333333333,,,,0.23717050244908724,,,,
2019,4362503,Dee Wiggins,2390,Miami,ACC,WR,,,3,30,0.0,0.0,,,,10.0,0.0,0.0,0.0,1.640695770229717,0.5468985900765723,-0.39532893689852733,-0.13177631229950912,0.3333333333333333,0.3333333333333333,,,,0.5468985900765723,,,,
2019,4362504,Brevin Jordan,2390,Miami,ACC,TE,,,1,0,0.0,0.0,,,,0.0,0.0,0.0,0.0,-0.7000000000000002,-0.7000000000000002,-0.291784144723391,-0.291784144723391,0.0,0.0,,,,,,-0.7000000000000002,,
2019,4362507,Jarren Williams,2390,Miami,ACC,QB,,,31,159,0.0,0.0,,,,5.129032258064516,0.0,0.0,0.0,-1.2378656371445507,-0.039931149585308086,1.830427068896487,0.05904603448053184,0.5806451612903226,0.1935483870967742,,,,0.17530591408665944,-1.9902402188993638,-2.019312880893133,,
2019,4362508,Bubba Baxa,2390,Miami,ACC,PK,,,1,-6,0.0,0.0,,,,-6.0,0.0,0.0,0.0,-4.418061791977516,-4.418061791977516,-3.97176319872859,-3.97176319872859,0.0,0.0,,,,,-4.418061791977516,-4.418061791977516,,
2019,4362509,Cam'Ron Harris,2390,Miami,ACC,RB,,,114,566,5.0,0.0,,,,4.964912280701754,0.043859649122807015,0.0,0.0,7.814126462893505,0.06854496897275004,-2.274397617723009,-0.01995085629581587,0.3684210526315789,0.15789473684210525,,,,0.17840009562309114,-0.3642463898281148,0.19200374691645214,,
2019,4362528,Wiley Green,242,Rice,Conference USA,QB,,,14,57,0.0,0.0,,,,4.071428571428571,0.0,0.0,0.0,1.0990329314489038,0.07850235224635027,0.543017612219133,0.03878697230136664,0.5,0.07142857142857142,,,,-0.05580044283888379,-0.19221804420994304,-0.4825407013513259,,
2019,4362538,Juma Otoviano,242,Rice,Conference USA,RB,,,37,104,0.0,0.0,,,,2.810810810810811,0.0,0.0,0.0,-6.284995469968696,-0.1698647424315864,-5.943049157535356,-0.16062295020365827,0.32432432432432434,0.08108108108108109,,,,-0.2107731205451243,0.045322657141382616,-0.9987033913024573,,
2019,4362569,Kobe Lewis,2117,Central Michigan,Mid-American,RB,,,153,862,11.0,0.0,,,,5.633986928104576,0.0718954248366013,0.0,0.0,59.403934610980706,0.38826101052928563,30.486685160577434,0.19925938013449304,0.47058823529411764,0.1568627450980392,,,,0.2548379751404959,0.8724340789883812,0.32292868182920637,,
2019,4362606,Max Duffy,96,Kentucky,SEC,P,,,1,26,0.0,0.0,,,,26.0,0.0,0.0,0.0,3.5132133886312484,3.5132133886312484,3.239089752800167,3.239089752800167,1.0,1.0,,,,,,,,
2019,4362609,Akeem Hayes,96,Kentucky,SEC,WR,,,1,2,0.0,0.0,,,,2.0,0.0,0.0,0.0,-0.379396374084064,-0.379396374084064,-0.6656376494811928,-0.6656376494811928,0.0,0.0,,,,-0.379396374084064,,,,
2019,4362614,Tyler Markray,96,Kentucky,SEC,RB,,,2,52,1.0,0.0,,,,26.0,0.5,0.0,0.0,6.881086134793396,3.440543067396698,3.8639655302806553,1.9319827651403276,1.0,0.5,,,,3.440543067396698,6.180645314282764,,,
2019,4362619,Chris Rodriguez Jr.,96,Kentucky,SEC,RB,,,70,532,6.0,0.0,,,,7.6,0.08571428571428572,0.0,0.0,45.18366067027638,0.645480866718234,31.38032772117069,0.44829039601672416,0.5571428571428572,0.22857142857142856,,,,0.5426476977904453,1.076640156454146,0.6032382888209776,,
2019,4362620,Kavosiey Smoke,96,Kentucky,SEC,RB,,,101,601,6.0,0.0,,,,5.9504950495049505,0.0594059405940594,0.0,0.0,35.75205215806807,0.3539807144363175,19.344890937777244,0.19153357364135884,0.49504950495049505,0.15841584158415842,,,,0.3894717013452416,0.12571633757888934,0.8054733867375874,,
2019,4362628,Ja'Marr Chase,99,LSU,SEC,WR,,,1,5,0.0,0.0,,,,5.0,0.0,0.0,0.0,1.2806453142827663,1.2806453142827663,0.7649467248493931,0.7649467248493931,1.0,0.0,,,,,1.2806453142827663,1.2806453142827663,,
2019,4362632,Chris Curry,99,LSU,SEC,RB,,,33,147,0.0,0.0,,,,4.454545454545454,0.0,0.0,0.0,0.3492234113832151,0.010582527617673185,-2.901188012228066,-0.08791478824933534,0.3939393939393939,0.15151515151515152,,,,0.024851791809485588,-0.5064515619057447,0.021424427671527635,,
2019,4362667,Tyler Vitt,326,Texas State,Sun Belt,QB,,,40,251,0.0,0.0,,,,6.275,0.0,0.0,0.0,12.43053694570648,0.310763423642662,11.586083739883433,0.2896520934970858,0.55,0.275,,,,0.2896718830485233,-0.45787598957727277,-0.6022481376137852,,
2019,4362724,Jarvis Hayes,2653,Troy,Sun Belt,DE,,,1,2,0.0,0.0,,,,2.0,0.0,0.0,0.0,-0.379396374084064,-0.379396374084064,-0.6861929923492786,-0.6861929923492786,0.0,0.0,,,,-0.379396374084064,,,,
2019,4362728,Trevon Woolfolk,2653,Troy,Sun Belt,RB,,,72,287,3.0,0.0,,,,3.986111111111111,0.041666666666666664,0.0,0.0,14.3676410765179,0.19955057050719305,2.357548006045367,0.03274372230618565,0.4305555555555556,0.06944444444444445,,,,0.19295709651916362,0.2888037298531953,0.6552848010250885,,
2019,4362748,Tyler Badie,142,Missouri,SEC,RB,,,107,465,3.0,0.0,,,,4.345794392523365,0.028037383177570093,0.0,0.0,8.739179501036793,0.08167457477604478,3.641482283933619,0.034032544709659995,0.4205607476635514,0.14953271028037382,,,,0.05874298697235478,0.15199613413879517,0.27311614772087234,,
2019,4362757,Simi Bakare,142,Missouri,SEC,RB,,,8,37,0.0,0.0,,,,4.625,0.0,0.0,0.0,-0.3570088542534915,-0.044626106781686437,-0.8919584993354583,-0.11149481241693229,0.375,0.25,,,,-0.044626106781686437,,,,
2019,4362793,Dashaun Jerkins,238,Vanderbilt,SEC,S,,,1,3,0.0,0.0,,,,3.0,0.0,0.0,0.0,1.1406453142827657,1.1406453142827657,1.7514643628275817,1.7514643628275817,1.0,0.0,,,,,1.1406453142827657,,,
2019,4362796,Ja'Veon Marlow,238,Vanderbilt,SEC,RB,,,10,42,0.0,0.0,,,,4.2,0.0,0.0,0.0,0.7047454718689694,0.07047454718689694,0.8326513950861825,0.08326513950861825,0.4,0.0,,,,0.07047454718689694,,,,
2019,4362841,Deshaun Fenwick,2579,South Carolina,SEC,RB,,,22,111,0.0,0.0,,,,5.045454545454546,0.0,0.0,0.0,5.53273396197076,0.2514879073623073,4.642916208309321,0.2110416458322419,0.45454545454545453,0.22727272727272727,,,,0.19844204668308743,-0.34713664150729184,0.12361759928118561,,
2019,4362852,Dakereon Joyner,2579,South Carolina,SEC,RB,,,25,136,1.0,0.0,,,,5.44,0.04,0.0,0.0,5.366735057232223,0.2146694022892889,2.298393949197979,0.09193575796791915,0.52,0.16,,,,0.3732583737884645,-0.3471366415072916,0.045511462783799916,,
2019,4362862,Josh Vann,2579,South Carolina,SEC,WR,,,1,5,0.0,0.0,,,,5.0,0.0,0.0,0.0,0.19552222321328339,0.19552222321328339,0.1106144250151839,0.1106144250151839,1.0,0.0,,,,0.19552222321328339,,,,
2019,4362874,Matt Corral,145,Ole Miss,SEC,QB,,,43,231,1.0,0.0,,,,5.372093023255814,0.023255813953488372,0.0,0.0,15.09427088462312,0.3510295554563516,9.73329427198827,0.22635568074391324,0.5581395348837209,0.2558139534883721,,,,0.25228892633789746,0.20703984274426465,0.5993596136163151,,
2019,4362878,Scottie Phillips,145,Ole Miss,SEC,RB,,,124,545,5.0,0.0,,,,4.395161290322581,0.04032258064516129,0.0,0.0,22.256219352957274,0.17948563994320382,2.6864406945532204,0.02166484431091307,0.4032258064516129,0.08870967741935484,,,,0.18459383018192707,0.35764731455671556,0.07149904897479893,,
2019,4362887,Justin Fields,194,Ohio State,Big Ten,QB,,,95,668,10.0,0.0,,,,7.031578947368421,0.10526315789473684,0.0,0.0,80.78650306325856,0.8503842427711428,54.09745319334138,0.5694468757193829,0.6,0.21052631578947367,,,,0.8111840327103756,0.17491032860065203,1.7406509456760049,,
2019,4362915,Gerry Bohanon,239,Baylor,Big 12,QB,,,30,236,3.0,0.0,,,,7.866666666666666,0.1,0.0,0.0,25.131457466061242,0.8377152488687081,13.361143144240401,0.4453714381413467,0.5333333333333333,0.23333333333333334,,,,0.6288438943822775,-0.14116753749604993,1.4719195113032328,,
2019,4362942,Tate Whatley,2572,Southern Miss,Conference USA,QB,,,11,34,0.0,0.0,,,,3.090909090909091,0.0,0.0,0.0,-1.1649919609824697,-0.10590836008931542,-1.9169784364303624,-0.17427076694821475,0.2727272727272727,0.09090909090909091,,,,-0.15618635178298818,,-0.4785874935204546,,
2019,4362966,Trivenskey Mosley,2572,Southern Miss,Conference USA,RB,,,10,51,0.0,0.0,,,,5.1,0.0,0.0,0.0,1.5714505712113294,0.15714505712113294,-0.5797711129914938,-0.05797711129914938,0.4,0.2,,,,-0.11237181849553268,0.040726716985416855,-0.16899255045514128,,
2019,4362982,Jordan Weeks,2636,UTSA,Conference USA,QB,,,7,28,0.0,0.0,,,,4.0,0.0,0.0,0.0,3.822998102405818,0.546142586057974,-0.025774948242350715,-0.0036821354631929593,0.42857142857142855,0.14285714285714285,,,,0.22285465660291673,2.721938208022483,,,
2019,4362984,Cordale Grundy,2636,UTSA,Conference USA,QB,,,2,6,0.0,0.0,,,,3.0,0.0,0.0,0.0,-0.03682829973558155,-0.018414149867790774,-0.5520701034406227,-0.27603505172031134,0.5,0.0,,,,-0.37939637408406446,,,,
2019,4362985,Brenden Brady,2636,UTSA,Conference USA,RB,,,64,270,2.0,0.0,,,,4.21875,0.03125,0.0,0.0,12.76096829135058,0.1993901295523528,3.6839472533842152,0.05756167583412836,0.4375,0.125,,,,0.14224672700587887,0.5410448051966794,0.9572880394493869,,
2019,4362986,Deven Boston,2636,UTSA,Conference USA,RB,,,13,61,1.0,0.0,,,,4.6923076923076925,0.07692307692307693,0.0,0.0,7.759980695500954,0.5969215919616119,6.898230688481677,0.5306331298832059,0.46153846153846156,0.15384615384615385,,,,-0.1129741282896769,1.1730443809582747,2.903487828592059,,
2019,4363005,Sheldon Jones,2636,UTSA,Conference USA,WR,,,1,-4,0.0,0.0,,,,-4.0,0.0,0.0,0.0,-1.386786611368751,-1.386786611368751,-0.6957043105907985,-0.6957043105907985,0.0,0.0,,,,-1.386786611368751,,,,
2019,4363032,Keyshawn Helton,52,Florida State,ACC,WR,,,2,19,0.0,0.0,,,,9.5,0.0,0.0,0.0,1.1755222232132843,0.5877611116066421,1.429767406562723,0.7148837032813615,1.0,0.5,,,,0.5877611116066421,,,,
2019,4363044,Jordan Young,52,Florida State,ACC,WR,,,1,9,0.0,0.0,,,,9.0,0.0,0.0,0.0,1.4642732830145828,1.4642732830145828,1.252308359788624,1.252308359788624,1.0,0.0,,,,1.4642732830145828,,,,
2019,4363046,Tre'Shaun Harrison,52,Florida State,ACC,WR,,,4,10,0.0,0.0,,,,2.5,0.0,0.0,0.0,-0.6304374931285186,-0.15760937328212965,-0.7376383063298144,-0.1844095765824536,0.5,0.25,,,,-0.15760937328212965,,,,
2019,4363050,Gino Appleberry,98,Western Kentucky,Conference USA,RB,,,5,16,0.0,0.0,,,,3.2,0.0,0.0,0.0,0.7066083580066809,0.14132167160133619,0.9018595696886662,0.18037191393773325,0.6,0.0,,,,0.0002204102553160503,0.7057267169854167,,,
2019,4363062,Garland LaFrance,98,Western Kentucky,Conference USA,DB,,,4,9,0.0,0.0,,,,2.25,0.0,0.0,0.0,-0.7782107402387193,-0.19455268505967982,-2.7001734096214833,-0.6750433524053708,0.5,0.25,,,,-0.2806810675808902,,,,
2019,4363065,KeShawn McClendon,98,Western Kentucky,Conference USA,RB,,,9,56,0.0,0.0,,,,6.222222222222222,0.0,0.0,0.0,2.5185231883786057,0.2798359098198451,2.186103307881432,0.24290036754238134,0.4444444444444444,0.1111111111111111,,,,0.14976685158830616,,-0.2787171134036781,,
2019,4363104,Chris Smith,309,Louisiana,Sun Belt,RB,,,34,337,4.0,0.0,,,,9.911764705882353,0.11764705882352941,0.0,0.0,31.020841236492565,0.9123776834262519,17.574468882511567,0.5168961436032814,0.47058823529411764,0.23529411764705882,,,,0.8528412929964643,-0.6621366415072909,-0.340655117082688,,
2019,4363132,Michael Orphey Jr.,309,Louisiana,Sun Belt,RB,,,3,22,1.0,0.0,,,,7.333333333333333,0.3333333333333333,0.0,0.0,4.504089401114559,1.501363133704853,2.3003232033882326,0.7667744011294109,0.6666666666666666,0.3333333333333333,,,,1.501363133704853,,4.774477776786716,,
2019,4363148,AJ Mayer,193,Miami (OH),Mid-American,QB,,,2,-1,0.0,0.0,,,,-0.5,0.0,0.0,0.0,-1.5557791618238928,-0.7778895809119464,-1.4568618287275186,-0.7284309143637593,0.0,0.0,,,,-1.1966083580066815,,,,
2019,4363153,Tyre Shelton,193,Miami (OH),Mid-American,RB,,,101,553,2.0,0.0,,,,5.475247524752476,0.019801980198019802,0.0,0.0,27.317916772662585,0.27047442349170875,17.25367136269024,0.17082842933356673,0.4752475247524752,0.1485148514851485,,,,0.2354303621914893,0.8248210418687923,0.3816525661731694,,
2019,4363410,Dylan Hopkins,5,UAB,Conference USA,QB,,,52,288,1.0,0.0,,,,5.538461538461538,0.019230769230769232,0.0,0.0,12.084241472932025,0.23238925909484662,8.410442483005932,0.16173927851934483,0.46153846153846156,0.17307692307692307,,,,-0.0693838127135462,0.3846455408001839,0.7637906504835182,,
2019,4363413,Kendall Parham,5,UAB,Conference USA,WR,,,1,11,0.0,0.0,,,,11.0,0.0,0.0,0.0,1.3842208381761076,1.3842208381761076,1.400782154645514,1.400782154645514,1.0,1.0,,,,1.3842208381761076,,,,
2019,4363523,Line Latu,2199,Eastern Michigan,Mid-American,WR,,,6,12,0.0,0.0,,,,2.0,0.0,0.0,0.0,-1.6920274920945944,-0.2820045820157657,-2.9381074810080436,-0.48968458016800726,0.3333333333333333,0.0,,,,-0.2820045820157657,,0.18542758239869084,,
2019,4363527,Jairus Grissom,2199,Eastern Michigan,Mid-American,WR,,,20,144,1.0,0.0,,,,7.2,0.05,0.0,0.0,7.158148362876018,0.3579074181438009,2.3027811391806674,0.11513905695903337,0.5,0.25,,,,0.3579074181438009,-0.11935468571723407,1.045313989076399,,
2019,4363537,Hassan Beydoun,2199,Eastern Michigan,Mid-American,WR,,,1,5,0.0,0.0,,,,5.0,0.0,0.0,0.0,0.19552222321328339,0.19552222321328339,0.0652590263432646,0.0652590263432646,1.0,0.0,,,,0.19552222321328339,,,,
2019,4363551,Dylan Drummond,2199,Eastern Michigan,Mid-American,WR,,,4,23,0.0,0.0,,,,5.75,0.0,0.0,0.0,1.1063457908581198,0.27658644771452995,1.585865757591959,0.39646643939798976,0.5,0.25,,,,0.27658644771452995,,,,
2019,4363639,Cedric Byrd II,62,Hawai'i,Mountain West,WR,,,2,4,0.0,0.0,,,,2.0,0.0,0.0,0.0,-1.0736696570986464,-0.5368348285493232,-0.9796177547964843,-0.48980887739824214,0.0,0.0,,,,-0.5368348285493232,-0.6942732830145824,,,
2019,4363653,Jason-Matthew Sharsh,62,Hawai'i,Mountain West,WR,,,3,13,0.0,0.0,,,,4.333333333333333,0.0,0.0,0.0,0.4966083580066811,0.16553611933556037,0.33335413026195587,0.11111804342065196,0.3333333333333333,0.0,,,,0.16553611933556037,,,,
2019,4363923,Ahmari Davis,167,New Mexico,Mountain West,RB,,,138,845,7.0,0.0,,,,6.1231884057971016,0.050724637681159424,0.0,0.0,50.22407757814132,0.36394259114595157,27.277054387346794,0.19765981440106373,0.4782608695652174,0.13768115942028986,,,,0.4400123443925974,0.4451811419313649,0.4878689148040393,,
2019,4364470,Jalen Hamler,13,Cal Poly,Big Sky,RB,,,18,37,0.0,0.0,,,,2.0555555555555554,0.0,0.0,0.0,-5.0749289830231055,-0.2819404990568392,-3.2480418241408344,-0.18044676800782414,0.2777777777777778,0.1111111111111111,,,,-0.35708320781152575,,-0.9903486761968501,,
2019,4364475,Xavier Moore,13,Cal Poly,Big Sky,RB,,,1,11,0.0,0.0,,,,11.0,0.0,0.0,0.0,1.754621959211433,1.754621959211433,0.5560320657939268,0.5560320657939268,1.0,1.0,,,,1.754621959211433,,,,
2019,4365322,Isaiah Phillips,2433,UL Monroe,Sun Belt,RB,,,28,132,0.0,0.0,,,,4.714285714285714,0.0,0.0,0.0,1.2681203018025202,0.04529001077866144,-0.1787555148579878,-0.0063841255306424215,0.39285714285714285,0.14285714285714285,,,,0.056743062810796746,0.050484477990278366,0.42961162432784317,,
2019,4365325,Colby Suits,2433,UL Monroe,Sun Belt,QB,,,4,17,0.0,0.0,,,,4.25,0.0,0.0,0.0,0.49748999902794466,0.12437249975698617,0.05235353046011515,0.013088382615028787,0.5,0.0,,,,0.39916333300931495,,,,
2019,4365391,Justice Galloway-Velazquez,2097,Campbell,Big South,LB,,,1,-2,0.0,0.0,,,,-2.0,0.0,0.0,0.0,-0.990348676196851,-0.990348676196851,-0.778522793180221,-0.778522793180221,0.0,0.0,,,,-0.990348676196851,,,,
2019,4365489,Troy Henderson,2335,Liberty,FBS Independents,RB,,,10,87,1.0,0.0,,,,8.7,0.1,0.0,0.0,5.614514773668423,0.5614514773668423,0.5727953812511597,0.05727953812511597,0.4,0.2,,,,0.7628469869378414,-0.6942732830145826,,,
2019,4365606,Terence Stephens Jr.,2523,Robert Morris,NEC,RB,,,11,19,0.0,0.0,,,,1.7272727272727273,0.0,0.0,0.0,-2.209719277011292,-0.20088357063739018,-4.724744378154503,-0.4295222161958639,0.45454545454545453,0.0,,,,-0.34973140786748613,0.4406453142827651,,,
2019,4365616,Casey Bauman,147,Montana State,Big Sky,QB,,,9,14,0.0,0.0,,,,1.5555555555555556,0.0,0.0,0.0,-5.51309074984169,-0.6125656388712989,-6.857884144739749,-0.7619871271933055,0.0,0.0,,,,-0.32346279189071864,-1.5715715973400837,,,
2019,4365621,Isaiah Ifanse,147,Montana State,Big Sky,RB,,,15,77,0.0,0.0,,,,5.133333333333334,0.0,0.0,0.0,0.8174951269616368,0.05449967513077579,0.783581827129745,0.052238788475316336,0.4,0.13333333333333333,,,,0.1452754816734642,-1.1349185972973488,,,
2019,4365663,Jacob Mpungi,2464,Northern Arizona,Big Sky,DB,,,7,16,1.0,0.0,,,,2.2857142857142856,0.14285714285714285,0.0,0.0,2.4513013850371754,0.3501859121481679,0.8714413076143653,0.12449161537348076,0.5714285714285714,0.0,,,,-0.23655732154093165,3.8706453142827653,1.0599357653473476,,
2019,4365664,Heath Beemiller,2464,Northern Arizona,Big Sky,RB,,,2,48,0.0,0.0,,,,24.0,0.0,0.0,0.0,3.6972241044972693,1.8486120522486347,3.8860384488545328,1.9430192244272664,1.0,1.0,,,,1.8486120522486347,,,,
2019,4365783,Emmanuel Daigbe,2502,Portland State,Big Sky,WR,,,4,11,0.0,0.0,,,,2.75,0.0,0.0,0.0,-1.0926915126546533,-0.2731728781636633,-0.3396320166234832,-0.0849080041558708,0.25,0.25,,,,-0.2731728781636633,,-0.39591059888544056,,
2019,4365878,Tyler Skidmore,253,Southern Utah,Big Sky,QB,,,1,1,0.0,0.0,,,,1.0,0.0,0.0,0.0,-0.5442208381761082,-0.5442208381761082,-0.8123073663183968,-0.8123073663183968,0.0,0.0,,,,,,,,
2019,4365935,Justin Kraft,302,UC Davis,Big Sky,WR,,,1,0,0.0,0.0,,,,0.0,0.0,0.0,0.0,-0.6999999999999997,-0.6999999999999997,-0.320977659489319,-0.320977659489319,0.0,0.0,,,,-0.6999999999999997,,-0.6999999999999997,,
2019,4365970,Dexter Brown,2241,Gardner-Webb,Big South,RB,,,7,57,1.0,0.0,,,,8.142857142857142,0.14285714285714285,0.0,0.0,6.185390786151735,0.8836272551645336,2.9851595713424857,0.4264513673346408,0.42857142857142855,0.2857142857142857,,,,0.8836272551645336,,,,
2019,4366192,Kris Jackson,2692,Weber State,Big Sky,RB,,,3,14,0.0,0.0,,,,4.666666666666667,0.0,0.0,0.0,0.751497387511852,0.25049912917061734,0.059295785288651544,0.01976526176288385,0.6666666666666666,0.0,,,,0.25049912917061734,,,,
2019,4366640,Solomon Vanhorse,256,James Madison,CAA,RB,,,12,55,1.0,0.0,,,,4.583333333333333,0.08333333333333333,0.0,0.0,5.218161824713658,0.4348468187261381,1.3285131976058202,0.11070943313381836,0.5833333333333334,0.08333333333333333,,,,0.4707653421203879,-0.265081402702652,1.0785512200916105,,
2019,4366715,Jeff Undercuffler Jr.,399,UAlbany,CAA,QB,,,2,1,0.0,0.0,,,,0.5,0.0,0.0,0.0,-0.06427328301458335,-0.032136641507291674,1.3483961391719033,0.6741980695859516,0.5,0.0,,,,-0.7000000000000002,0.6357267169854168,,,
2019,4366857,Joey Baughman,2210,Elon,CAA,QB,,,3,25,0.0,0.0,,,,8.333333333333334,0.0,0.0,0.0,1.2806453142827658,0.4268817714275886,3.063266531650415,1.0210888438834715,0.6666666666666666,0.6666666666666666,,,,0.1750000000000005,0.9306453142827649,,,
2019,4366858,Jaylan Thomas,2210,Elon,CAA,RB,,,11,42,0.0,0.0,,,,3.8181818181818183,0.0,0.0,0.0,0.16379118086466127,0.014890107351332843,-0.9271964885389326,-0.08429058986717569,0.45454545454545453,0.09090909090909091,,,,0.014890107351332843,,,,
2019,4366871,Jake Christman,2210,Elon,CAA,RB,,,1,3,0.0,0.0,,,,3.0,0.0,0.0,0.0,-0.20339164199331883,-0.20339164199331883,-0.42807362159939,-0.42807362159939,0.0,0.0,,,,-0.20339164199331883,,,,
2019,4366963,Dylan Laube,160,New Hampshire,CAA,RB,,,8,36,0.0,0.0,,,,4.5,0.0,0.0,0.0,0.910897561408254,0.11386219517603174,1.9143900873794837,0.23929876092243546,0.375,0.125,,,,-0.10175940388899926,,-0.5442208381761073,,
2019,4367019,Ahmere Dorsey,227,Rhode Island,CAA,WR,,,1,9,0.0,0.0,,,,9.0,0.0,0.0,0.0,1.4642732830145824,1.4642732830145824,1.352349268401042,1.352349268401042,1.0,0.0,,,,1.4642732830145824,,,,
2019,4367023,Naim Jones,227,Rhode Island,CAA,RB,,,1,3,0.0,0.0,,,,3.0,0.0,0.0,0.0,0.3346616586867399,0.3346616586867399,-0.2385535942728776,-0.2385535942728776,1.0,0.0,,,,0.3346616586867399,,,,
2019,4367175,Kyle Philips,26,UCLA,Pac-12,WR,,,1,7,0.0,0.0,,,,7.0,0.0,0.0,0.0,0.307827730413206,0.307827730413206,0.12831024724694373,0.12831024724694373,1.0,0.0,,,,0.307827730413206,,,,
2019,4367178,Dorian Thompson-Robinson,26,UCLA,Pac-12,QB,,,81,530,4.0,0.0,,,,6.54320987654321,0.04938271604938271,0.0,0.0,56.53269609122106,0.6979345196447044,36.30321943838658,0.44818789430106887,0.6172839506172839,0.2345679012345679,,,,0.3790348278985712,0.6382507735797865,1.1523040278388255,,
2019,4367180,Kazmeir Allen,26,UCLA,Pac-12,WR,,,12,70,0.0,0.0,,,,5.833333333333333,0.0,0.0,0.0,3.1425503252358773,0.26187919376965646,1.6286030083127403,0.13571691735939503,0.4166666666666667,0.16666666666666666,,,,0.26187919376965646,0.03915272202052641,0.4954066607781747,,
2019,4367187,Martell Irby,26,UCLA,Pac-12,DB,,,10,34,0.0,0.0,,,,3.4,0.0,0.0,0.0,-0.68262521067208,-0.06826252106720801,-1.7689657756999744,-0.17689657756999744,0.5,0.0,,,,-0.19175983058036422,0.42572671698541686,,,
2019,4367325,Aaron Dykes,257,Richmond,CAA,RB,,,5,8,0.0,0.0,,,,1.6,0.0,0.0,0.0,-1.2855484636233458,-0.25710969272466916,-2.9383183762043332,-0.5876636752408666,0.4,0.0,,,,-0.33734523153182416,,,,
2019,4367420,Aundre Carter,70,Idaho,Big Sky,RB,,,22,48,0.0,0.0,,,,2.1818181818181817,0.0,0.0,0.0,-7.652117529093041,-0.3478235240496837,-8.807659427865957,-0.40034815581208893,0.22727272727272727,0.045454545454545456,,,,-0.36156264594613485,-0.9546108208346503,-0.6445756194562412,,
2019,4367424,Logan Kendall,70,Idaho,Big Sky,TE,,,1,0,0.0,0.0,,,,0.0,0.0,0.0,0.0,2.721938208022483,2.721938208022483,-0.1985645621653287,-0.1985645621653287,1.0,0.0,,,,,2.721938208022483,,,
2019,4367450,Tarrin Earle,2083,Bucknell,Patriot,QB,,,2,8,0.0,0.0,,,,4.0,0.0,0.0,0.0,-0.007869418780034776,-0.003934709390017388,-0.20122229741053138,-0.10061114870526569,0.5,0.0,,,,-0.003934709390017388,,,,
2019,4367455,Jared Cooper,2083,Bucknell,Patriot,RB,,,4,6,0.0,0.0,,,,1.5,0.0,0.0,0.0,-1.6538741508707795,-0.4134685377176949,-1.8371920761458727,-0.45929801903646816,0.0,0.0,,,,-0.4134685377176949,,,,
2019,4367494,Garrett Oakey,2142,Colgate,Patriot,WR,,,1,8,0.0,0.0,,,,8.0,0.0,0.0,0.0,1.0293546857172344,1.0293546857172344,0.8672445366681929,0.8672445366681929,1.0,0.0,,,,1.0293546857172344,,,,
2019,4367725,Khalid Dorsey,47,Howard,MEAC,RB,,,6,21,0.0,0.0,,,,3.5,0.0,0.0,0.0,-1.555319093544157,-0.25921984892402616,-1.037952766708706,-0.17299212778478434,0.16666666666666666,0.16666666666666666,,,,-0.25921984892402616,,,,
2019,4367728,Dedrick Parson,47,Howard,MEAC,RB,,,12,18,0.0,0.0,,,,1.5,0.0,0.0,0.0,-5.025041078438829,-0.4187534232032357,-4.171050970288043,-0.34758758085733693,0.16666666666666666,0.0,,,,-0.3738952226191317,-1.2997430613893917,,,
2019,4367729,Josiah Crute,47,Howard,MEAC,RB,,,2,12,0.0,0.0,,,,6.0,0.0,0.0,0.0,0.6876649250079017,0.34383246250395083,0.4154636595117563,0.20773182975587814,1.0,0.0,,,,0.34383246250395083,,,,
2019,4367786,William Robinson,2261,Hampton,Big South,RB,,,5,34,0.0,0.0,,,,6.8,0.0,0.0,0.0,2.138620554502801,0.4277241109005602,1.358359573562835,0.271671914712567,0.6,0.2,,,,0.4653713167343001,,,,
2019,4367790,Tim DeMorat,2230,Fordham,Patriot,QB,,,2,12,0.0,0.0,,,,6.0,0.0,0.0,0.0,1.6742732830145832,0.8371366415072916,0.35755445838188193,0.17877722919094097,0.5,0.5,,,,0.8371366415072916,,2.3742732830145825,,
2019,4367792,Naim Mayfield,2230,Fordham,Patriot,RB,,,2,1,0.0,0.0,,,,0.5,0.0,0.0,0.0,-1.2442208381761077,-0.6221104190880539,-0.9037863976351108,-0.4518931988175554,0.0,0.0,,,,-0.6221104190880539,,,,
2019,4368076,Peter Oliver,107,Holy Cross,Patriot,RB,,,19,49,0.0,0.0,,,,2.5789473684210527,0.0,0.0,0.0,-4.27516708059215,-0.2250087937153763,-4.72071867378507,-0.24845887756763527,0.3157894736842105,0.05263157894736842,,,,-0.13594794253700937,-0.6999999999999997,0.1285874935204545,,
2019,4368129,Ryan Boyle,282,Indiana State,MVFC,QB,,,9,39,0.0,0.0,,,,4.333333333333333,0.0,0.0,0.0,1.8957267169854157,0.21063630188726842,1.9357463336613043,0.21508292596236714,0.7777777777777778,0.1111111111111111,,,,0.11705066938817632,0.5381860156340907,,,
2019,4368138,Chris Childers,282,Indiana State,MVFC,RB,,,2,6,0.0,0.0,,,,3.0,0.0,0.0,0.0,0.5744777767867162,0.2872388883933581,0.3134822593753178,0.1567411296876589,1.0,0.0,,,,0.13383246250395198,0.4406453142827642,,,
2019,4368174,Damoriea Vick,2623,Missouri State,MVFC,WR,,,1,25,0.0,0.0,,,,25.0,0.0,0.0,0.0,1.75,1.75,2.2363431875999487,2.2363431875999487,1.0,1.0,,,,1.75,,,,
2019,4368183,Donovan Daniels,2623,Missouri State,MVFC,RB,,,11,29,0.0,0.0,,,,2.6363636363636362,0.0,0.0,0.0,-3.4370055268713777,-0.312455047897398,-3.7431924271456394,-0.34029022064960357,0.18181818181818182,0.09090909090909091,,,,-0.22633394743015303,-0.6999999999999997,,,
2019,4368285,J'Bore Gibbs,2571,South Dakota State,MVFC,QB,,,5,24,1.0,0.0,,,,4.8,0.2,0.0,0.0,3.8582891627959466,0.7716578325591893,2.2347273722315246,0.44694547444630495,0.8,0.2,,,,0.9829099944355263,1.4407267169854172,0.9817619654915949,,
2019,4368286,C.J. Wilson,2571,South Dakota State,MVFC,RB,,,7,57,0.0,0.0,,,,8.142857142857142,0.0,0.0,0.0,3.431742205547806,0.49024888650682946,2.807635896900073,0.40109084241429616,0.8571428571428571,0.42857142857142855,,,,0.49024888650682946,,,,
2019,4368341,Je'Quan Burton,79,Southern Illinois,MVFC,WR,,,1,17,0.0,0.0,,,,17.0,0.0,0.0,0.0,1.968310239290667,1.968310239290667,2.6232145896053396,2.6232145896053396,1.0,1.0,,,,1.968310239290667,,,,
2019,4368342,Stone Labanowitz,79,Southern Illinois,MVFC,QB,,,3,13,0.0,0.0,,,,4.333333333333333,0.0,0.0,0.0,-0.30526727349419724,-0.10175575783139908,0.078016504044232,0.02600550134807733,0.6666666666666666,0.3333333333333333,,,,-0.10175575783139908,,,,
2019,4368344,Javon Williams Jr.,79,Southern Illinois,MVFC,RB,,,23,171,3.0,0.0,,,,7.434782608695652,0.13043478260869565,0.0,0.0,16.049007533789297,0.6977829362517085,11.073797087196759,0.4814694385737721,0.4782608695652174,0.21739130434782608,,,,0.4896153512795414,0.6898652360265966,0.19760965357797683,,
2019,4368353,Tremayne Lee,79,Southern Illinois,MVFC,RB,,,2,-1,0.0,0.0,,,,-0.5,0.0,0.0,0.0,-1.5483102392906662,-0.7741551196453331,-2.140036779717957,-1.0700183898589786,0.0,0.0,,,,-0.7741551196453331,,,,
2019,4368437,Dymitri McKenzie,2681,Wagner,NEC,RB,,,25,121,2.0,0.0,,,,4.84,0.08,0.0,0.0,4.960624905589273,0.19842499622357093,0.4084702289064528,0.016338809156258113,0.28,0.08,,,,0.19842499622357093,-0.41427328301458166,1.7499999999999998,,
2019,4368670,Gerald Hulett,2450,Norfolk State,MEAC,RB,,,14,30,0.0,0.0,,,,2.142857142857143,0.0,0.0,0.0,-4.567872220540134,-0.32627658718143815,-4.688698795986114,-0.334907056856151,0.21428571428571427,0.07142857142857142,,,,-0.32627658718143815,,-0.6999999999999993,,
2019,4368767,Parker McKinney,2198,Eastern Kentucky,OVC,QB,,,3,45,0.0,0.0,,,,15.0,0.0,0.0,0.0,4.676783283986637,1.558927761328879,5.573899635063928,1.8579665450213092,1.0,1.0,,,,,1.2806453142827654,,,
2019,4368833,Michael Hiers,93,Murray State,OVC,QB,,,1,13,0.0,0.0,,,,13.0,0.0,0.0,0.0,1.7165787902145033,1.7165787902145033,0.39521062361512005,0.39521062361512005,1.0,1.0,,,,,,,,
2019,4368836,Justin Connor,93,Murray State,OVC,RB,,,3,0,0.0,0.0,,,,0.0,0.0,0.0,0.0,-1.760456268467398,-0.5868187561557994,-1.0353375968140783,-0.34511253227135946,0.3333333333333333,0.0,,,,-0.8830914927264075,0.005726716985416935,,,
2019,4368844,Cory Thomas,93,Murray State,OVC,RB,,,4,-4,0.0,0.0,,,,-1.0,0.0,0.0,0.0,-0.2093107321762182,-0.05232768304405455,-3.903485321361172,-0.975871330340293,0.5,0.0,,,,-0.7000000000000002,0.2134284026599158,,,
2019,4368860,Jared McCray,93,Murray State,OVC,WR,,,6,13,0.0,0.0,,,,2.1666666666666665,0.0,0.0,0.0,-1.436295647175484,-0.23938260786258067,-1.2449615115120107,-0.2074935852520018,0.3333333333333333,0.0,,,,-0.23938260786258067,,,,
2019,4368877,Zion Custis,2546,Southeast Missouri State,OVC,RB,,,10,17,0.0,0.0,,,,1.7,0.0,0.0,0.0,-2.690993990479614,-0.26909939904796143,-2.3350483677664826,-0.23350483677664827,0.3,0.0,,,,-0.48211307367063183,,,,
2019,4368878,Geno Hess,2546,Southeast Missouri State,OVC,RB,,,6,17,0.0,0.0,,,,2.8333333333333335,0.0,0.0,0.0,-1.3092181207219937,-0.2182030201203323,-0.2815280534008968,-0.0469213422334828,0.16666666666666666,0.16666666666666666,,,,0.022695469819501435,,,,
2019,4368908,Bailey Fisher,2635,Tennessee Tech,OVC,QB,,,3,7,0.0,0.0,,,,2.3333333333333335,0.0,0.0,0.0,-1.2815236279219149,-0.4271745426406383,-0.7245244168431055,-0.24150813894770184,0.3333333333333333,0.0,,,,-0.6612655387333868,,,,
2019,4368916,David Gist,2635,Tennessee Tech,OVC,RB,,,7,49,0.0,0.0,,,,7.0,0.0,0.0,0.0,4.487203492625163,0.6410290703750233,1.4341525920703546,0.20487894172433638,0.7142857142857143,0.2857142857142857,,,,0.27311822857241214,,1.491163291847321,,
2019,4369448,Darren Grainger,231,Furman,Southern,QB,,,17,118,2.0,0.0,,,,6.9411764705882355,0.11764705882352941,0.0,0.0,15.761731260736216,0.927160662396248,12.391548600107562,0.728914623535739,0.5294117647058824,0.29411764705882354,,,,-0.1578259739277585,1.2806453142827663,2.048565002591818,,
2019,4369453,Corey Watkins,231,Furman,Southern,RB,,,10,42,0.0,0.0,,,,4.2,0.0,0.0,0.0,-1.8212854646501868,-0.1821285464650187,-3.037535605152987,-0.30375356051529867,0.3,0.1,,,,-0.1821285464650187,-0.7321366415072914,-0.7642732830145831,,
2019,4369454,Devin Abrams,231,Furman,Southern,RB,,,18,87,1.0,0.0,,,,4.833333333333333,0.05555555555555555,0.0,0.0,3.2302722353742066,0.17945956863190038,2.1315567101428488,0.11841981723015826,0.3333333333333333,0.05555555555555555,,,,-0.06440131856173653,1.1493645415153946,0.8374756041927799,,
2019,4369792,Jeremiah Roberts,2535,Samford,Southern,RB,,,1,0,0.0,0.0,,,,0.0,0.0,0.0,0.0,-0.7000000000000002,-0.7000000000000002,-0.11547770639753364,-0.11547770639753364,0.0,0.0,,,,,,,,
2019,4369794,DeMarcus Ware,2535,Samford,Southern,RB,,,2,5,0.0,0.0,,,,2.5,0.0,0.0,0.0,-0.5044777767867163,-0.2522388883933582,-0.6071130989485729,-0.30355654947428645,0.5,0.0,,,,-0.2522388883933582,,,,
2019,4369840,Dominick Wood-Anderson,2633,Tennessee,SEC,TE,,,1,5,0.0,0.0,,,,5.0,0.0,0.0,0.0,0.19552222321328427,0.19552222321328427,0.1088137823196469,0.1088137823196469,1.0,0.0,,,,0.19552222321328427,,,,
2019,4369884,De'Shawn Waller,2016,Alcorn State,SWAC,RB,,,16,51,1.0,0.0,,,,3.1875,0.0625,0.0,0.0,1.455100650471755,0.09094379065448469,-0.8817844945785738,-0.05511153091116086,0.25,0.125,,,,-0.29965995663521633,,1.5166666666666664,,
2019,4369910,Chance Newman,2678,VMI,Southern,QB,,,2,5,0.0,0.0,,,,2.5,0.0,0.0,0.0,-0.3657421649421826,-0.1828710824710913,-0.3930933429742976,-0.1965466714871488,0.5,0.0,,,,-0.1828710824710913,,0.01365420914188098,,
2019,4369912,Korey Bridy,2678,VMI,Southern,RB,,,8,31,0.0,0.0,,,,3.875,0.0,0.0,0.0,1.565688356000701,0.19571104450008764,1.2411202699406352,0.1551400337425794,0.625,0.125,,,,0.026586803084108546,0.7057267169854176,0.6583933056843756,,
2019,4369944,Ladarius Skelton,2582,Southern,SWAC,RB,,,14,83,0.0,0.0,,,,5.928571428571429,0.0,0.0,0.0,2.1346869313520997,0.1524776379537214,0.6627203966474804,0.04733717118910574,0.5,0.21428571428571427,,,,0.18005635129050668,,-0.7902763987275963,,
2019,4370025,D.J. Atkins,2717,Western Carolina,Southern,RB,,,2,3,0.0,0.0,,,,1.5,0.0,0.0,0.0,-1.064214251862357,-0.5321071259311785,-0.7729992117218982,-0.3864996058609491,0.0,0.0,,,,-0.5321071259311785,,,,
2019,4370064,Cam Arnold,2617,Stephen F. Austin,Southland,QB,,,1,11,0.0,0.0,,,,11.0,0.0,0.0,0.0,2.2483102392906664,2.2483102392906664,1.9308019667044745,1.9308019667044745,1.0,1.0,,,,,,,,
2019,4370072,Thomas Hutchings,2617,Stephen F. Austin,Southland,RB,,,10,68,0.0,0.0,,,,6.8,0.0,0.0,0.0,4.101602068005313,0.41016020680053134,2.9915184058854853,0.29915184058854855,0.5,0.2,,,,0.29158274529858097,0.2157267169854169,-0.16008140270265203,,
2019,4370134,John Bachus III,2630,UT Martin,OVC,QB,,,6,74,0.0,0.0,,,,12.333333333333334,0.0,0.0,0.0,5.210348769308773,0.8683914615514622,4.7559902056579375,0.792665034276323,0.5,0.3333333333333333,,,,-0.41705828620438073,0.7206453142827647,,,
2019,4370147,Jarious Johnson,2630,UT Martin,OVC,RB,,,3,7,0.0,0.0,,,,2.3333333333333335,0.0,0.0,0.0,-0.6995591794893676,-0.23318639316312254,-0.7181000270274912,-0.2393666756758304,0.3333333333333333,0.0,,,,-0.23318639316312254,,,,
2019,4370162,T.J. Luther,2747,Wofford,Southern,WR,,,1,4,0.0,0.0,,,,4.0,0.0,0.0,0.0,0.039743061389391876,0.039743061389391876,-0.08569544283898714,-0.08569544283898714,1.0,0.0,,,,0.039743061389391876,,,,
2019,4370169,Nathan Walker,2747,Wofford,Southern,FB,,,2,6,0.0,0.0,,,,3.0,0.0,0.0,0.0,-0.40912398751668944,-0.20456199375834472,-0.5370541075963153,-0.26852705379815767,0.5,0.0,,,,-0.20456199375834472,,,,
2019,4370173,Jamari Broussard,2747,Wofford,Southern,RB,,,2,6,0.0,0.0,,,,3.0,0.0,0.0,0.0,-0.27038837567215723,-0.13519418783607862,-0.4560108535083609,-0.22800542675418045,0.5,0.0,,,,-0.13519418783607862,,,,
2019,4370223,A.J. Walker,2320,Lamar,Southland,RB,,,7,53,0.0,0.0,,,,7.571428571428571,0.0,0.0,0.0,1.7698250740200439,0.25283215343143484,0.090897512312482,0.012985358901783142,0.42857142857142855,0.42857142857142855,,,,0.25283215343143484,,,,
2019,4370345,Sheldon Evans,276,Marshall,Conference USA,RB,,,68,386,1.0,0.0,,,,5.676470588235294,0.014705882352941176,0.0,0.0,16.419254029573036,0.2414596180819564,8.988257568441679,0.13218025835943645,0.4264705882352941,0.19117647058823528,,,,0.16875763735436844,0.026382857912094604,0.47619203330767756,,
2019,4370377,Kareem Rogers,2382,Mercer,Southern,RB,,,6,14,0.0,0.0,,,,2.3333333333333335,0.0,0.0,0.0,-1.6363897803807883,-0.27273163006346474,-3.1819176432282825,-0.5303196072047137,0.16666666666666666,0.0,,,,-0.27273163006346474,,,,
2019,4370775,Brennan Armstrong,258,Virginia,ACC,QB,,,5,16,0.0,0.0,,,,3.2,0.0,0.0,0.0,-0.3188824968628472,-0.06377649937256943,0.5501185709718169,0.11002371419436338,0.6,0.2,,,,0.166537208109281,0.44064531428276554,-1.2591394354734557,,
2019,4370796,Tavares Kelly Jr.,258,Virginia,ACC,WR,,,1,16,0.0,0.0,,,,16.0,0.0,0.0,0.0,1.12,1.12,0.249371969552265,0.249371969552265,1.0,1.0,,,,1.12,,,,
2019,4370797,Billy Kemp IV,258,Virginia,ACC,WR,,,1,8,0.0,0.0,,,,8.0,0.0,0.0,0.0,0.719960300524694,0.719960300524694,0.7238167820692833,0.7238167820692833,1.0,0.0,,,,0.719960300524694,,,,
2019,4370813,Wayne Taulapapa,258,Virginia,ACC,RB,,,105,418,12.0,0.0,,,,3.980952380952381,0.11428571428571428,0.0,0.0,34.26556597086943,0.3263387235320898,12.196111880556007,0.11615344648148578,0.44761904761904764,0.0761904761904762,,,,0.3240238672929942,0.4050132525439068,1.2478218081870567,,
2019,4370935,Trazon Connley,2504,Prairie View A&M,SWAC,QB,,,5,20,0.0,0.0,,,,4.0,0.0,0.0,0.0,0.776741595619808,0.1553483191239616,1.0519733474115334,0.21039466948230667,0.6,0.0,,,,0.19275371965859778,0.005726716985416935,,,
2019,4370977,Damien Crumitie,2755,Grambling,SWAC,DB,,,16,68,0.0,0.0,,,,4.25,0.0,0.0,0.0,-4.248242346495426,-0.26551514665596415,-2.8645070639435515,-0.17903169149647197,0.5,0.125,,,,0.10112732065757175,-2.270764462208423,-1.1732989098796605,,
2019,4370978,Darqueze Brutton,2755,Grambling,SWAC,RB,,,5,33,0.0,0.0,,,,6.6,0.0,0.0,0.0,0.9099999999999999,0.182,0.3862641214124247,0.07725282428248495,0.4,0.4,,,,0.182,,,,
2019,4370981,Keilon Elder,2755,Grambling,SWAC,RB,,,10,108,0.0,0.0,,,,10.8,0.0,0.0,0.0,5.333295207632174,0.5333295207632174,5.339413846469467,0.5339413846469467,0.6,0.3,,,,0.5333295207632174,-0.1342732830145823,,,
2019,4371115,Tyrese White,2000,Abilene Christian,Southland,RB,,,5,28,0.0,0.0,,,,5.6,0.0,0.0,0.0,0.33839225192131916,0.06767845038426383,0.24293724396014482,0.04858744879202896,0.4,0.4,,,,0.06767845038426383,,,,
2019,4371132,Javorian Miller,2000,Abilene Christian,Southland,WR,,,1,1,0.0,0.0,,,,1.0,0.0,0.0,0.0,-0.4659105988854404,-0.4659105988854404,-0.6292774000892614,-0.6292774000892614,0.0,0.0,,,,-0.4659105988854404,,,,
2019,4371174,Jon Copeland,2916,Incarnate Word,Southland,QB,,,4,6,1.0,0.0,,,,1.5,0.25,0.0,0.0,2.4419382080224845,0.6104845520056211,-0.46369847715173806,-0.11592461928793452,0.5,0.0,,,,0.49716862626976993,2.7357267169854174,2.7357267169854174,,
2019,4371187,Ameer King,2916,Incarnate Word,Southland,RB,,,9,44,0.0,0.0,,,,4.888888888888889,0.0,0.0,0.0,0.7381666816544663,0.08201852018382959,-0.41224527903891595,-0.045805031004323996,0.4444444444444444,0.2222222222222222,,,,0.15777024369546505,,,,
2019,4371243,Julien Gums,2447,Nicholls,Southland,RB,,,19,93,1.0,0.0,,,,4.894736842105263,0.05263157894736842,0.0,0.0,3.592697646702762,0.18908934982646114,-0.02077416977148644,-0.0010933773563940232,0.3157894736842105,0.10526315789473684,,,,0.27434022244095063,-1.1349185972973488,2.7995591794893677,,
2019,4371290,Alex Williams,2534,Sam Houston,Southland,WR,,,1,19,0.0,0.0,,,,19.0,0.0,0.0,0.0,2.0300000000000007,2.0300000000000007,0.850348611545371,0.850348611545371,1.0,1.0,,,,2.0300000000000007,,,,
2019,4371291,Donovan Williams,2534,Sam Houston,Southland,RB,,,6,30,1.0,0.0,,,,5.0,0.16666666666666666,0.0,0.0,4.151526955304028,0.6919211592173381,1.171336213495365,0.19522270224922753,0.3333333333333333,0.16666666666666666,,,,0.6919211592173381,-0.6999999999999997,1.8516958209966587,,
2019,4371302,Dee Bowens,2534,Sam Houston,Southland,WR,,,1,-1,0.0,0.0,,,,-1.0,0.0,0.0,0.0,-0.8280846690238137,-0.8280846690238137,-1.1884556566345097,-1.1884556566345097,0.0,0.0,,,,,,,,
2019,4371339,Shelton Eppler,2466,Northwestern State,Southland,QB,,,1,4,0.0,0.0,,,,4.0,0.0,0.0,0.0,-0.013213388631248879,-0.013213388631248879,-0.02980833958246088,-0.02980833958246088,0.0,0.0,,,,,,,,
2019,4371349,Trevor Morgan,2466,Northwestern State,Southland,RB,,,2,1,0.0,0.0,,,,0.5,0.0,0.0,0.0,-1.2442208381761062,-0.6221104190880531,-0.35486792076141604,-0.17743396038070802,0.0,0.0,,,,-0.6221104190880531,,,,
2019,4371350,JaQuan Jackson,2466,Northwestern State,Southland,RB,,,1,2,0.0,0.0,,,,2.0,0.0,0.0,0.0,-0.379396374084064,-0.379396374084064,-0.45260367932203766,-0.45260367932203766,0.0,0.0,,,,-0.379396374084064,,,,
2019,4371386,BeSean McCray,2110,Central Arkansas,Southland,RB,,,1,1,0.0,0.0,,,,1.0,0.0,0.0,0.0,-0.5442208381761087,-0.5442208381761087,-0.9114215282702052,-0.9114215282702052,0.0,0.0,,,,-0.5442208381761087,,,,
2019,4371575,Tay Williams,151,East Carolina,American Athletic,RB,,,34,164,0.0,0.0,,,,4.823529411764706,0.0,0.0,0.0,-1.439215756005125,-0.042329875176621325,-2.4636640810857795,-0.07246070826722881,0.4411764705882353,0.17647058823529413,,,,0.009192494495253292,-0.9779731400357894,-0.6781246220698639,,
2019,4371733,Kenneth Gainwell,235,Memphis,American Athletic,RB,,,209,1451,13.0,0.0,,,,6.942583732057416,0.06220095693779904,0.0,0.0,97.62552043625301,0.46710775328350723,48.580722004235014,0.23244364595327757,0.5263157894736842,0.18660287081339713,,,,0.4657733496090712,0.2951603217563305,0.7783645559016857,,
2019,4371846,Tyger Goslin,2426,Navy,American Athletic,RB,,,3,-2,0.0,0.0,,,,-0.6666666666666666,0.0,0.0,0.0,-2.351041119044454,-0.783680373014818,-2.1513737073463135,-0.7171245691154379,0.0,0.0,,,,-0.783680373014818,,-1.127045851135199,,
2019,4371860,Jamale Carothers,2426,Navy,American Athletic,FB,,,89,659,13.0,0.0,,,,7.404494382022472,0.14606741573033707,0.0,0.0,71.21462541979572,0.8001643305595025,37.571077327176155,0.4221469362604062,0.48314606741573035,0.1797752808988764,,,,0.8002836596321572,0.6463444532796244,2.5077754271847907,,
2019,4371863,Chance Warren,2426,Navy,American Athletic,RB,,,5,70,2.0,0.0,,,,14.0,0.4,0.0,0.0,14.117171659658794,2.8234343319317587,9.36665456990114,1.873330913980228,0.8,0.6,,,,3.351890008832738,,6.0133916419933175,,
2019,4371869,James Harris II,2426,Navy,American Athletic,FB,,,9,25,0.0,0.0,,,,2.7777777777777777,0.0,0.0,0.0,-1.44125363168382,-0.16013929240931335,-3.842644027986719,-0.4269604475540799,0.2222222222222222,0.0,,,,-0.18714352735501696,,0.4138324625039509,,
2019,4371870,Isaac Ruoss,2426,Navy,American Athletic,FB,,,29,109,1.0,0.0,,,,3.7586206896551726,0.034482758620689655,0.0,0.0,5.571729584368892,0.192128606357548,3.486948054103699,0.12023958807254134,0.3448275862068966,0.034482758620689655,,,,0.019179675158177586,1.1090930078170456,0.8132335074992099,,
2019,4371891,Mychal Cooper,2426,Navy,American Athletic,WR,,,3,28,0.0,0.0,,,,9.333333333333334,0.0,0.0,0.0,3.083024342815882,1.0276747809386273,1.3058604885830694,0.43528682952768977,1.0,0.6666666666666666,,,,1.0276747809386273,,,,
2019,4371941,Dominic Stampley,356,Illinois,Big Ten,WR,,,2,4,0.0,0.0,,,,2.0,0.0,0.0,0.0,-0.7476124801694266,-0.3738062400847133,-1.1527149198803368,-0.5763574599401684,0.0,0.0,,,,-0.3738062400847133,,,,
2019,4371942,Matt Robinson,356,Illinois,Big Ten,QB,,,15,57,1.0,0.0,,,,3.8,0.06666666666666667,0.0,0.0,4.268251843975159,0.2845501229316773,2.1542611731529764,0.14361741154353175,0.6,0.06666666666666667,,,,0.23450007128853265,2.7357267169854174,0.6741711094513899,,
2019,4371953,Stevie Scott III,84,Indiana,Big Ten,RB,,,177,842,10.0,0.0,,,,4.757062146892656,0.05649717514124294,0.0,0.0,44.32025063276035,0.25039689623028444,30.53284413277463,0.17250194425296403,0.4406779661016949,0.11299435028248588,,,,0.2014367427436126,0.3569485593002786,0.5858955781393413,,
2019,4371975,Matthew Hill,2,Auburn,SEC,S,,,2,9,0.0,0.0,,,,4.5,0.0,0.0,0.0,0.7733185852827353,0.38665929264136767,-0.11794631431072133,-0.05897315715536067,0.5,0.0,,,,0.38665929264136767,,,,
2019,4371976,Cord Sandberg,2,Auburn,SEC,QB,,,7,25,0.0,0.0,,,,3.5714285714285716,0.0,0.0,0.0,-1.7627566477336278,-0.2518223782476611,-2.878598684657193,-0.4112283835224561,0.42857142857142855,0.14285714285714285,,,,-0.1319879085918065,0.21572671698541712,,,
2019,4371977,Shaun Shivers,2,Auburn,SEC,RB,,,54,280,3.0,0.0,,,,5.185185185185185,0.05555555555555555,0.0,0.0,18.07760667669259,0.3347704940128257,8.29072555413646,0.15353195470623074,0.48148148148148145,0.14814814814814814,,,,0.26888543779062457,0.23315842549238397,1.1576521559000954,,
2019,4371980,Harold Joiner III,2,Auburn,SEC,LB,,,11,91,1.0,0.0,,,,8.272727272727273,0.09090909090909091,0.0,0.0,10.173688904867747,0.9248808095334315,6.340881287596574,0.5764437534178704,0.8181818181818182,0.2727272727272727,,,,1.009796218788233,0.07572671698541766,,,
2019,4371986,Anthony Schwartz,2,Auburn,SEC,WR,,,10,137,2.0,0.0,,,,13.7,0.2,0.0,0.0,16.75519129083926,1.675519129083926,11.24668624741846,1.124668624741846,0.6,0.5,,,,1.675519129083926,,3.2241551196453333,,
2019,4372000,John Stephen Jones,8,Arkansas,SEC,QB,,,9,29,0.0,0.0,,,,3.2222222222222223,0.0,0.0,0.0,-3.2552808016210264,-0.36169786684678074,-0.7378658200978947,-0.0819850911219883,0.3333333333333333,0.1111111111111111,,,,-0.2530341690095208,-0.23927328301458317,-0.6175877679539779,,
2019,4372016,Jaylen Waddle,333,Alabama,SEC,WR,,,1,5,0.0,0.0,,,,5.0,0.0,0.0,0.0,-0.15778330973174626,-0.15778330973174626,0.0425654915964219,0.0425654915964219,0.0,0.0,,,,-0.15778330973174626,,,,
2019,4372019,Jerome Ford,333,Alabama,SEC,RB,,,22,106,3.0,0.0,,,,4.818181818181818,0.13636363636363635,0.0,0.0,15.29456491735106,0.69520749624323,6.886161453901648,0.3130073388137113,0.5454545454545454,0.045454545454545456,,,,0.552086437377566,0.4979295029876443,1.058414079665046,,
2019,4372062,Michael Barrett,130,Michigan,Big Ten,LB,,,1,14,0.0,0.0,,,,14.0,0.0,0.0,0.0,1.5457267169854165,1.5457267169854165,2.342055290686317,2.342055290686317,1.0,1.0,,,,,1.5457267169854165,,,
2019,4372063,Ronnie Bell,130,Michigan,Big Ten,WR,,,1,9,0.0,0.0,,,,9.0,0.0,0.0,0.0,1.4642732830145828,1.4642732830145828,1.3755540761931897,1.3755540761931897,1.0,0.0,,,,1.4642732830145828,,,,
2019,4372070,Ben VanSumeren,130,Michigan,Big Ten,LB,,,8,14,1.0,0.0,,,,1.75,0.125,0.0,0.0,1.3891062384040829,0.17363827980051036,0.7242148601239431,0.09052685751549289,0.25,0.0,,,,-0.34205786592779175,1.058790677089394,1.5853226571413828,,
2019,4372071,Hassan Haskins,130,Michigan,Big Ten,RB,,,120,636,4.0,0.0,,,,5.3,0.03333333333333333,0.0,0.0,32.24786814795908,0.26873223456632567,12.731069043905421,0.10609224203254518,0.49166666666666664,0.15833333333333333,,,,0.20859185880248082,0.568534211147143,0.22024264927105627,,
2019,4372073,Christian Turner,130,Michigan,Big Ten,RB,,,43,181,1.0,0.0,,,,4.209302325581396,0.023255813953488372,0.0,0.0,4.947496589636485,0.1150580602241043,5.12867377445095,0.11927148312676628,0.4418604651162791,0.13953488372093023,,,,0.015881086789470786,0.6814034691101895,0.39680225822164866,,
2019,4372180,Logan Ammons,2655,Tulane,American Athletic,WR,,,1,-2,0.0,0.0,,,,-2.0,0.0,0.0,0.0,-1.0040894011145602,-1.0040894011145602,-1.315120427584409,-1.315120427584409,0.0,0.0,,,,,,,,
2019,4372368,T.K. Wilkerson,202,Tulsa,American Athletic,RB,,,52,220,6.0,0.0,,,,4.230769230769231,0.11538461538461539,0.0,0.0,28.07676326969984,0.5399377551865354,19.656274449910413,0.37800527788289257,0.6538461538461539,0.1346153846153846,,,,0.5465786805891044,0.2810916768875995,0.8096936966752951,,
2019,4372412,Tylan Knight,145,Ole Miss,SEC,S,,,7,38,0.0,0.0,,,,5.428571428571429,0.0,0.0,0.0,1.805522223213285,0.2579317461733264,1.1362468956675422,0.16232098509536316,0.5714285714285714,0.2857142857142857,,,,0.07684074107109488,,-0.6999999999999997,,
2019,4372414,Elijah Moore,145,Ole Miss,SEC,WR,,,4,-1,0.0,0.0,,,,-0.25,0.0,0.0,0.0,-2.884088994387019,-0.7210222485967548,-2.6334858935898366,-0.6583714733974592,0.0,0.0,,,,-0.7210222485967548,,-0.20339164199331883,,
2019,4372485,Rondale Moore,2509,Purdue,Big Ten,WR,,,3,3,0.0,0.0,,,,1.0,0.0,0.0,0.0,-1.2057421649421824,-0.40191405498072746,-1.456256713769902,-0.48541890458996734,0.3333333333333333,0.0,,,,-0.40191405498072746,,-0.8483102392906665,,
2019,4372491,Alfred Armour,2509,Purdue,Big Ten,RB,,,2,3,0.0,0.0,,,,1.5,0.0,0.0,0.0,-0.9236172122601725,-0.46180860613008623,-1.3247775182869448,-0.6623887591434724,0.0,0.0,,,,-0.46180860613008623,,,,
2019,4372517,James Foster,245,Texas A&M,SEC,QB,,,3,19,0.0,0.0,,,,6.333333333333333,0.0,0.0,0.0,0.16654559314513318,0.055515197715044394,-0.1105391510011266,-0.0368463836670422,0.6666666666666666,0.3333333333333333,,,,0.055515197715044394,0.11633034290135402,0.11633034290135402,,
2019,4372519,Jashaun Corbin,245,Texas A&M,SEC,RB,,,35,137,1.0,0.0,,,,3.914285714285714,0.02857142857142857,0.0,0.0,4.095568737618725,0.11701624964624929,0.5728820801966066,0.01636805943418876,0.45714285714285713,0.08571428571428572,,,,0.028887699047576224,0.24148770853545867,0.04534698693784128,,
2019,4372548,Brandon Robinson,2335,Liberty,FBS Independents,QB,,,14,141,3.0,0.0,,,,10.071428571428571,0.21428571428571427,0.0,0.0,22.919225077381302,1.6370875055272358,14.468235215774232,1.0334453725553023,0.7142857142857143,0.2857142857142857,,,,0.8827012181635604,2.0784685377176952,3.1706453142827655,,
2019,4372554,Mitchell Pryor,238,Vanderbilt,SEC,RB,,,5,64,1.0,0.0,,,,12.8,0.2,0.0,0.0,7.062954148864799,1.41259082977296,4.141851500665675,0.8283703001331351,0.4,0.4,,,,1.41259082977296,,,,
2019,4372559,Chase Wolf,275,Wisconsin,Big Ten,QB,,,1,9,0.0,0.0,,,,9.0,0.0,0.0,0.0,1.8493963740840647,1.8493963740840647,2.6160990771263215,2.6160990771263215,1.0,0.0,,,,,,,,
2019,4372561,Isaac Guerendo,275,Wisconsin,Big Ten,RB,,,1,1,0.0,0.0,,,,1.0,0.0,0.0,0.0,-0.46591059888543995,-0.46591059888543995,-0.2804840668820315,-0.2804840668820315,0.0,0.0,,,,-0.46591059888543995,,-0.46591059888543995,,
2019,4372568,Nakia Watson,275,Wisconsin,Big Ten,RB,,,73,323,2.0,0.0,,,,4.424657534246576,0.0273972602739726,0.0,0.0,9.475242970750825,0.12979784891439486,-4.996188389994652,-0.06844093684924181,0.3835616438356164,0.0821917808219178,,,,0.14247616732947244,-0.10801798921707227,0.19849823328322466,,
2019,4372569,Brady Schipper,275,Wisconsin,Big Ten,RB,,,8,25,0.0,0.0,,,,3.125,0.0,0.0,0.0,0.07302434281588321,0.009128042851985402,-2.5977237695645132,-0.32471547119556415,0.625,0.0,,,,-0.138398062612026,,,,
2019,4372574,John Chenal,275,Wisconsin,Big Ten,FB,,,18,65,1.0,0.0,,,,3.611111111111111,0.05555555555555555,0.0,0.0,5.057897464821129,0.28099430360117383,6.178920251601369,0.34327334731118714,0.6666666666666666,0.05555555555555555,,,,0.41223973794332885,0.3756695376904603,0.44749969719962884,,
2019,4372601,Darrius Smith,12,Arizona,Pac-12,RB,,,22,108,0.0,0.0,,,,4.909090909090909,0.0,0.0,0.0,1.7254955919208674,0.07843161781458488,-1.7357917472639695,-0.07889962487563497,0.45454545454545453,0.09090909090909091,,,,0.1070647610296605,0.3281860156340912,-0.383268129535947,,
2019,4372602,Nazar Bombata,12,Arizona,Pac-12,RB,,,2,12,0.0,0.0,,,,6.0,0.0,0.0,0.0,0.8400000000000003,0.42000000000000015,1.0926854848276177,0.5463427424138089,1.0,0.0,,,,0.42000000000000015,,,,
2019,4372715,Robby Rowell,25,California,Pac-12,QB,,,1,6,0.0,0.0,,,,6.0,0.0,0.0,0.0,0.5744777767867162,0.5744777767867162,0.6932600148460147,0.6932600148460147,1.0,0.0,,,,0.5744777767867162,,,,
2019,4372716,Nikko Remigio,25,California,Pac-12,WR,,,3,8,0.0,0.0,,,,2.6666666666666665,0.0,0.0,0.0,0.6780355515674525,0.22601185052248418,2.0261993135186973,0.6753997711728991,0.6666666666666666,0.0,,,,-0.048845582708982205,0.775726716985417,-1.1270458511351995,,
2019,4372717,Marcel Dancy,25,California,Pac-12,RB,,,57,253,2.0,0.0,,,,4.43859649122807,0.03508771929824561,0.0,0.0,7.5285622963736865,0.13208004028725764,-3.2979542840343283,-0.05785884708832155,0.42105263157894735,0.12280701754385964,,,,0.18900197349433823,-0.25034274202409185,1.2198386714293084,,
2019,4372721,Christopher Brown Jr.,25,California,Pac-12,RB,,,208,914,8.0,0.0,,,,4.394230769230769,0.038461538461538464,0.0,0.0,28.241172691621365,0.1357748687097181,7.219090149779297,0.034707164181631237,0.41346153846153844,0.13942307692307693,,,,0.1383725415082866,0.015198243076042702,0.5026064589472113,,
2019,4372765,C'Bo Flemister,87,Notre Dame,FBS Independents,RB,,,48,147,5.0,0.0,,,,3.0625,0.10416666666666667,0.0,0.0,6.154118478671708,0.12821080163899393,-3.5289024381251792,-0.07351880079427457,0.375,0.10416666666666667,,,,0.07281657801946233,0.8951213056654075,0.6985942600792169,,
2019,4372768,Phil Jurkovec,87,Notre Dame,FBS Independents,QB,,,21,144,0.0,0.0,,,,6.857142857142857,0.0,0.0,0.0,4.27112724496627,0.20338701166506049,4.250555792305635,0.2024074186812207,0.6666666666666666,0.3333333333333333,,,,0.24994350583761107,0.14651217140794093,-2.4107116391485626,,
2019,4372769,Lawrence Keys III,87,Notre Dame,FBS Independents,WR,,,6,60,0.0,0.0,,,,10.0,0.0,0.0,0.0,2.587416477694751,0.43123607961579186,1.8376160275617939,0.30626933792696565,0.8333333333333334,0.3333333333333333,,,,0.43123607961579186,0.09064531428276501,0.19552222321328427,,
2019,4372770,Braden Lenzy,87,Notre Dame,FBS Independents,WR,,,13,200,2.0,0.0,,,,15.384615384615385,0.15384615384615385,0.0,0.0,23.41535139894075,1.8011808768415962,14.357110683522375,1.104393129501721,0.6153846153846154,0.46153846153846156,,,,1.8445588403881652,1.2806453142827654,1.2798217466379311,,
2019,4373016,Joshua Fleeks,239,Baylor,Big 12,WR,,,9,27,1.0,0.0,,,,3.0,0.1111111111111111,0.0,0.0,2.325827222151781,0.2584252469057534,-0.24162879412247396,-0.026847643791385996,0.3333333333333333,0.0,,,,0.2584252469057534,,1.9239375236589937,,
2019,4373062,Phillip Brooks,2306,Kansas State,Big 12,WR,,,2,10,0.0,0.0,,,,5.0,0.0,0.0,0.0,0.9983626841291415,0.49918134206457077,0.2939945682827289,0.14699728414136445,1.0,0.0,,,,0.4296116243278427,,,,
2019,4373074,John Holcombe II,2306,Kansas State,Big 12,QB,,,10,94,0.0,0.0,,,,9.4,0.0,0.0,0.0,6.077407679422759,0.6077407679422759,6.4708970087569995,0.6470897008757,0.8,0.4,,,,0.703842518495963,,,,
2019,4373077,Malik Knowles,2306,Kansas State,Big 12,WR,,,7,70,0.0,0.0,,,,10.0,0.0,0.0,0.0,4.772898529002507,0.6818426470003581,2.8764175633637663,0.4109167947662523,0.8571428571428571,0.42857142857142855,,,,0.6048714786506432,,0.19552222321328339,,
2019,4373273,British Brooks,153,North Carolina,ACC,RB,,,2,16,1.0,0.0,,,,8.0,0.5,0.0,0.0,4.619999999999999,2.3099999999999996,2.5687227212923744,1.2843613606461872,0.5,0.5,,,,2.3099999999999996,,2.3099999999999996,,
2019,4373314,Nick Patti,221,Pittsburgh,ACC,QB,,,5,27,0.0,0.0,,,,5.4,0.0,0.0,0.0,1.5115030160498057,0.30230060320996116,0.25748033027827444,0.05149606605565489,0.6,0.2,,,,0.4693091640521545,,-0.20339164199331883,,
2019,4373318,V'Lique Carter,221,Pittsburgh,ACC,WR,,,64,235,0.0,0.0,,,,3.671875,0.0,0.0,0.0,-4.560257370364065,-0.07125402141193851,-9.257903629336703,-0.14465474420838598,0.4375,0.09375,,,,-0.09796924374308973,-0.1349768067530594,0.15196219083692597,,
2019,4373419,RB Marlow III,189,Bowling Green,Mid-American,WR,,,15,68,0.0,0.0,,,,4.533333333333333,0.0,0.0,0.0,2.523499198282216,0.16823327988548106,1.2012594613066958,0.08008396408711306,0.6,0.06666666666666667,,,,0.11982527136582936,0.9019382080224836,-0.013213388631248879,,
2019,4373425,Jordan Wayne-Prather,189,Bowling Green,Mid-American,WR,,,3,-1,0.0,0.0,,,,-0.3333333333333333,0.0,0.0,0.0,-6.722717822126302,-2.2409059407087675,-5.600948867667931,-1.8669829558893103,0.0,0.0,,,,-0.5258509406419929,,-5.671015940842317,,
2019,4373427,Julian Ortega-Jones,189,Bowling Green,Mid-American,WR,,,1,1,0.0,0.0,,,,1.0,0.0,0.0,0.0,-0.5442208381761078,-0.5442208381761078,-0.6717839246394793,-0.6717839246394793,0.0,0.0,,,,-0.5442208381761078,,,,
2019,4373454,Dylan McDuffie,2084,Buffalo,Mid-American,RB,,,22,150,0.0,0.0,,,,6.818181818181818,0.0,0.0,0.0,3.8599292084636048,0.17545132765743657,1.5806756204868309,0.0718488918403105,0.5454545454545454,0.2727272727272727,,,,0.26097866454510826,-1.641571597340084,-0.25885250530858733,,
2019,4373564,Nakendrick Clark,2026,App State,Sun Belt,RB,,,10,45,0.0,0.0,,,,4.5,0.0,0.0,0.0,1.4270906785441964,0.14270906785441964,2.0658709482010558,0.20658709482010557,0.5,0.1,,,,0.1501515512843088,0.07572671698541722,-0.5396981870420323,,
2019,4373624,Beau English,257,Richmond,CAA,QB,,,7,21,0.0,0.0,,,,3.0,0.0,0.0,0.0,-0.6048761991427671,-0.08641088559182387,-2.6127071682244285,-0.37324388117491836,0.2857142857142857,0.14285714285714285,,,,-0.11362216741043325,-0.23870823884737513,,,
2019,4373626,Tyler Allgeier,252,BYU,FBS Independents,RB,,,17,119,0.0,0.0,,,,7.0,0.0,0.0,0.0,5.688822752408875,0.3346366324946397,0.16837100037418387,0.00990417649259905,0.5882352941176471,0.23529411764705882,,,,0.21902156097638498,-0.3293546857172345,0.7870081722019868,,
2019,4373630,Sione Finau,252,BYU,FBS Independents,RB,,,57,334,2.0,0.0,,,,5.859649122807017,0.03508771929824561,0.0,0.0,17.87860783864988,0.3136597866429804,8.86944936762277,0.15560437487057494,0.5614035087719298,0.17543859649122806,,,,0.2827563734331181,-0.4569110782839477,0.478303570469662,,
2019,4373632,Jaren Hall,252,BYU,FBS Independents,QB,,,24,165,3.0,0.0,,,,6.875,0.125,0.0,0.0,19.794927088594804,0.8247886286914502,15.887762714689266,0.6619901131120528,0.5833333333333334,0.2916666666666667,,,,0.857891223639594,0.39072671698541694,1.4279328622690404,,
2019,4373637,Lopini Katoa,252,BYU,FBS Independents,RB,,,84,348,4.0,0.0,,,,4.142857142857143,0.047619047619047616,0.0,0.0,22.198622096818788,0.2642693106764141,9.472110881926268,0.11276322478483652,0.5,0.09523809523809523,,,,0.1864024371383345,0.6075948295074683,0.9616863689267205,,
2019,4373642,Dax Milne,252,BYU,FBS Independents,WR,,,4,16,0.0,0.0,,,,4.0,0.0,0.0,0.0,0.06769962073377078,0.016924905183442696,0.03489776248008208,0.00872444062002052,0.5,0.0,,,,0.016924905183442696,,,,
2019,4373644,Gunner Romney,252,BYU,FBS Independents,WR,,,1,6,0.0,0.0,,,,6.0,0.0,0.0,0.0,0.4296116243278427,0.4296116243278427,0.3731544450397237,0.3731544450397237,1.0,0.0,,,,0.4296116243278427,,,,
2019,4373661,Andrew Van Buren,68,Boise State,Mountain West,RB,,,59,256,2.0,0.0,,,,4.338983050847458,0.03389830508474576,0.0,0.0,7.553948925815909,0.12803303264094762,-0.6420017676227999,-0.010881385891911862,0.4067796610169492,0.11864406779661017,,,,0.19339421636638054,-0.6468407410710948,0.5985417836765483,,
2019,4373668,Danny Smith,68,Boise State,Mountain West,RB,,,8,31,0.0,0.0,,,,3.875,0.0,0.0,0.0,-0.12782260247951394,-0.015977825309939242,-1.0146975316961848,-0.1268371914620231,0.25,0.125,,,,-0.2568393318517937,,,,
2019,4373673,John Hightower,68,Boise State,Mountain West,WR,,,15,134,0.0,0.0,,,,8.933333333333334,0.0,0.0,0.0,7.4115565230962055,0.4941037682064137,5.767791202158416,0.38451941347722773,0.6666666666666666,0.3333333333333333,,,,0.42270649937138643,0.9581860156340909,,,
2019,4373678,Khalil Shakir,68,Boise State,Mountain West,WR,,,17,56,2.0,0.0,,,,3.2941176470588234,0.11764705882352941,0.0,0.0,5.671354231313411,0.33360907243020066,1.8522588864930696,0.10895640508782763,0.4117647058823529,0.11764705882352941,,,,0.33360907243020066,,1.2627671215781213,,
2019,4373703,Ishod Finger,2429,Charlotte,Conference USA,RB,,,60,299,5.0,0.0,,,,4.983333333333333,0.08333333333333333,0.0,0.0,16.551178301020595,0.27585297168367656,6.335580894002852,0.10559301490004754,0.45,0.08333333333333333,,,,0.48832945451419196,0.5019694775193728,1.0490776345266004,,
2019,4373704,Terrick Smalls Jr.,2429,Charlotte,Conference USA,RB,,,7,32,0.0,0.0,,,,4.571428571428571,0.0,0.0,0.0,3.115125356243671,0.4450179080348101,0.48347192208481526,0.0690674174406879,0.8571428571428571,0.0,,,,0.3232257809528727,-0.32935468571723403,,,
2019,4373730,Jabari Laws,349,Army,FBS Independents,QB,,,71,523,4.0,0.0,,,,7.366197183098592,0.056338028169014086,0.0,0.0,36.32423145660559,0.5116088937550083,19.172836224533786,0.2700399468244195,0.5492957746478874,0.19718309859154928,,,,0.6537223545839774,-1.6708448803546663,0.22223813296889539,,
2019,4373741,Cade Barnard,349,Army,FBS Independents,RB,,,17,90,2.0,0.0,,,,5.294117647058823,0.11764705882352941,0.0,0.0,9.72417642001248,0.572010377647793,8.361580836809097,0.49185769628288806,0.7647058823529411,0.11764705882352941,,,,0.7029619029237829,0.3050915416475857,1.4021824958266447,,
2019,4373743,Brandon Walters,349,Army,FBS Independents,RB,,,3,-1,0.0,0.0,,,,-0.3333333333333333,0.0,0.0,0.0,-2.0565263453760316,-0.6855087817920106,-2.684418012885657,-0.894806004295219,0.0,0.0,,,,-0.6855087817920106,,,,
2019,4373744,A.J. Howard,349,Army,FBS Independents,RB,,,2,28,0.0,0.0,,,,14.0,0.0,0.0,0.0,1.1257267169854175,0.5628633584927087,1.739664669520538,0.869832334760269,0.5,0.5,,,,0.5628633584927087,-0.2742732830145824,,,
2019,4373767,Kaelin Byrd,349,Army,FBS Independents,RB,,,3,14,0.0,0.0,,,,4.666666666666667,0.0,0.0,0.0,0.6449185972973477,0.21497286576578256,0.02321437941908784,0.00773812647302928,0.6666666666666666,0.3333333333333333,,,,0.21497286576578256,,0.3346616586867399,,
2019,4373797,Jalen Moy,349,Army,FBS Independents,WR,,,1,16,1.0,0.0,,,,16.0,1.0,0.0,0.0,5.839396374084064,5.839396374084064,3.162172684204762,3.162172684204762,1.0,1.0,,,,,,5.839396374084064,,
2019,4373851,Desmond Trotter,6,South Alabama,Sun Belt,QB,,,49,249,0.0,0.0,,,,5.081632653061225,0.0,0.0,0.0,19.128716242279232,0.3903819641281476,8.49321953224549,0.17333101086215286,0.6122448979591837,0.14285714285714285,,,,0.26739884508938794,0.2125162514262123,0.8255367242150929,,
2019,4373854,Jared Wilson,6,South Alabama,Sun Belt,RB,,,48,204,1.0,0.0,,,,4.25,0.020833333333333332,0.0,0.0,-1.0580045282573622,-0.022041761005361715,-1.1993678893327986,-0.024986831027766637,0.3125,0.125,,,,-0.04639949042446835,-0.17692153674636957,-0.06977205321370976,,
2019,4373855,Tony Brown,6,South Alabama,Sun Belt,RB,,,6,42,0.0,0.0,,,,7.0,0.0,0.0,0.0,4.43240526894318,0.73873421149053,2.2568398835988703,0.37613998059981174,0.6666666666666666,0.3333333333333333,,,,0.73873421149053,,2.807486671645831,,
2019,4373857,Carlos Davis,6,South Alabama,Sun Belt,RB,,,57,262,2.0,0.0,,,,4.5964912280701755,0.03508771929824561,0.0,0.0,8.095843130027877,0.14203233561452416,0.45651871690999024,0.008009100296666495,0.40350877192982454,0.15789473684210525,,,,0.10825375629546119,-0.4136670812159748,0.6580760094098174,,
2019,4373864,John Tank Miller,6,South Alabama,Sun Belt,RB,,,12,38,0.0,0.0,,,,3.1666666666666665,0.0,0.0,0.0,-1.7436555732448866,-0.14530463110374056,-3.828331381959723,-0.31902761516331024,0.25,0.0,,,,-0.14530463110374056,-0.557136641507291,,,
2019,4373895,Ben Wooldridge,278,Fresno State,Mountain West,QB,,,2,13,0.0,0.0,,,,6.5,0.0,0.0,0.0,1.2248769089305185,0.6124384544652592,0.614763402313857,0.3073817011569285,1.0,0.0,,,,0.6124384544652592,,,,
2019,4373904,Cam Sutton,278,Fresno State,Mountain West,TE,,,2,34,0.0,0.0,,,,17.0,0.0,0.0,0.0,2.3315058788093084,1.1657529394046542,1.774413907818152,0.887206953909076,1.0,0.5,,,,1.9757791618238918,0.3557267169854166,,,
2019,4373928,Gilberto Torres,113,Massachusetts,FBS Independents,RB,,,33,125,1.0,0.0,,,,3.787878787878788,0.030303030303030304,0.0,0.0,2.45137000570176,0.07428393956672,0.012234212143163115,0.00037073370130797316,0.3939393939393939,0.06060606060606061,,,,-0.14966428224763959,0.05889822946985501,2.2931494872787983,,
2019,4373934,Chevan Cordeiro,62,Hawai'i,Mountain West,QB,,,31,249,3.0,0.0,,,,8.03225806451613,0.0967741935483871,0.0,0.0,33.71521840003785,1.0875876903238015,24.304986627371083,0.7840318266893898,0.8064516129032258,0.3548387096774194,,,,0.6834318204037798,1.182183375900085,2.429569308346747,,
2019,4374033,Jermar Jefferson,204,Oregon State,Pac-12,RB,,,142,700,8.0,0.0,,,,4.929577464788732,0.056338028169014086,0.0,0.0,39.949513975970945,0.2813346054645841,18.030773648215714,0.12697727921278673,0.47183098591549294,0.13380281690140844,,,,0.3064386322870091,0.26625349573784574,1.9274174040515568,,
2019,4374062,Trae Hall,167,New Mexico,Mountain West,WR,,,24,177,2.0,0.0,,,,7.375,0.08333333333333333,0.0,0.0,18.10508118072735,0.7543783825303062,13.766798648334197,0.5736166103472582,0.7916666666666666,0.25,,,,0.762481394416664,1.7631860156340913,1.9649658402675423,,
2019,4374065,Cedric Patterson III,167,New Mexico,Mountain West,WR,,,2,1,0.0,0.0,,,,0.5,0.0,0.0,0.0,-1.1195802559840873,-0.5597901279920436,-1.472653196348955,-0.7363265981744775,0.5,0.0,,,,-0.5597901279920436,,,,
2019,4374068,Lawrence Johnson,167,New Mexico,Mountain West,RB,,,3,9,0.0,0.0,,,,3.0,0.0,0.0,0.0,-0.5176911654179648,-0.17256372180598825,-1.1846647035792905,-0.3948882345264302,0.0,0.0,,,,-0.17256372180598825,,,,
2019,4374080,Tyson Dyer,167,New Mexico,Mountain West,P,,,1,2,0.0,0.0,,,,2.0,0.0,0.0,0.0,0.7057267169854167,0.7057267169854167,1.6542428300593404,1.6542428300593404,1.0,0.0,,,,,0.7057267169854167,,,
2019,4374099,Fotis Kokosioulis,2230,Fordham,Patriot,WR,,,1,0,0.0,0.0,,,,0.0,0.0,0.0,0.0,-0.6999999999999997,-0.6999999999999997,-0.6135902757979226,-0.6135902757979226,0.0,0.0,,,,-0.6999999999999997,,,,
2019,4374109,Rahveon Valentine,2459,Northern Illinois,Mid-American,RB,,,6,26,0.0,0.0,,,,4.333333333333333,0.0,0.0,0.0,0.2610598943833342,0.04350998239722237,-0.7560542349200017,-0.1260090391533336,0.3333333333333333,0.16666666666666666,,,,0.11897538178610376,,,,
2019,4374119,Ja'Vahri Portis,195,Ohio,Mid-American,RB,,,28,168,4.0,0.0,,,,6.0,0.14285714285714285,0.0,0.0,25.902999938939047,0.9251071406763945,16.510753710678042,0.5896697753813587,0.75,0.17857142857142858,,,,0.8688083022345556,1.4604302095218433,1.614288332696254,,
2019,4374141,Jordan Byrd,21,San Diego State,Mountain West,RB,,,78,372,3.0,0.0,,,,4.769230769230769,0.038461538461538464,0.0,0.0,9.651453265658402,0.12373658032895388,1.8051373383342395,0.023142786388900508,0.38461538461538464,0.16666666666666666,,,,0.1428135518967131,0.7508193886871931,0.576705869973519,,
2019,4374150,Isaiah Hamilton,23,San José State,Mountain West,WR,,,7,32,0.0,0.0,,,,4.571428571428571,0.0,0.0,0.0,0.0026027700743527227,0.00037182429633610326,-0.6725510725626118,-0.09607872465180169,0.5714285714285714,0.2857142857142857,,,,0.00037182429633610326,-0.6999999999999997,-0.25223888839335773,,
2019,4374169,Tyleek Collins,2439,UNLV,Mountain West,WR,,,14,78,0.0,0.0,,,,5.571428571428571,0.0,0.0,0.0,2.5366977997268645,0.1811926999804903,3.2526062955509483,0.23232902111078202,0.5,0.21428571428571427,,,,0.054016924841549865,,-0.5115520100495954,,
2019,4374172,Chad Magyar,2439,UNLV,Mountain West,RB,,,67,361,1.0,0.0,,,,5.388059701492537,0.014925373134328358,0.0,0.0,17.513558244693133,0.2613963917118378,12.04252702207133,0.1797392092846467,0.5671641791044776,0.14925373134328357,,,,0.27280036358684334,-0.07359786159595777,0.6761398427012045,,
2019,4374187,Deven Thompkins,328,Utah State,Mountain West,WR,,,6,77,1.0,0.0,,,,12.833333333333334,0.16666666666666666,0.0,0.0,9.207019610725135,1.5345032684541893,6.086109970033642,1.0143516616722736,0.5,0.3333333333333333,,,,0.08055975450980553,,,,
2019,4374267,Shaun Peterson Jr.,2229,Florida International,Conference USA,DE,,,8,32,0.0,0.0,,,,4.0,0.0,0.0,0.0,0.301946699319942,0.03774333741499275,-0.19689283408261132,-0.024611604260326415,0.5,0.0,,,,0.0575223079235215,-0.19915347707858974,,,
2019,4374273,DeMarcus Townsend,2229,Florida International,Conference USA,RB,,,1,1,0.0,0.0,,,,1.0,0.0,0.0,0.0,-0.5442208381761078,-0.5442208381761078,-0.2453531896168325,-0.2453531896168325,0.0,0.0,,,,-0.5442208381761078,,-0.5442208381761078,,
2019,4374302,Amon-Ra St. Brown,30,USC,Pac-12,WR,,,7,60,1.0,0.0,,,,8.571428571428571,0.14285714285714285,0.0,0.0,6.9268390562072275,0.9895484366010325,3.11555767497605,0.44507966785372144,0.7142857142857143,0.14285714285714285,,,,0.9895484366010325,-0.25935468571723463,0.4296116243278436,,
2019,4374303,JT Daniels,30,USC,Pac-12,QB,,,2,8,0.0,0.0,,,,4.0,0.0,0.0,0.0,-0.007869418780035442,-0.003934709390017721,-0.1601374155681278,-0.0800687077840639,0.5,0.0,,,,-0.003934709390017721,,,,
2019,4374306,Markese Stepp,30,USC,Pac-12,RB,,,48,297,3.0,0.0,,,,6.1875,0.0625,0.0,0.0,21.333207563241448,0.4444418242341968,17.044451286029577,0.3550927351256162,0.6041666666666666,0.20833333333333334,,,,0.40244455507575677,0.42497469817096456,0.7597348932317207,,
2019,4374350,Asher O'Hara,2393,Middle Tennessee,Conference USA,QB,,,177,1141,9.0,0.0,,,,6.446327683615819,0.05084745762711865,0.0,0.0,93.92018274211588,0.5306225013678864,67.82992984652347,0.38321994263572584,0.5875706214689266,0.23728813559322035,,,,0.3978447355984711,0.39122313106860984,1.267797793503919,,
2019,4374496,De'Michael Harris,2572,Southern Miss,Conference USA,WR,,,110,518,5.0,0.0,,,,4.709090909090909,0.045454545454545456,0.0,0.0,8.923317919514162,0.08112107199558329,-5.860552041136802,-0.05327774582851638,0.34545454545454546,0.13636363636363635,,,,0.13327397363164048,-0.501116515691222,-0.17209045336186496,,
2019,4374497,Jordan Kempf,2572,Southern Miss,Conference USA,RB,,,4,15,0.0,0.0,,,,3.75,0.0,0.0,0.0,0.36395376788236966,0.09098844197059242,1.2815235178154778,0.32038087945386945,0.75,0.0,,,,0.0027423502989840642,0.35572671698541747,,,
2019,4376410,Jon Pohahau,2127,Charleston Southern,Big South,RB,,,1,1,0.0,0.0,,,,1.0,0.0,0.0,0.0,-0.42917080381721107,-0.42917080381721107,-0.523234095246118,-0.523234095246118,0.0,0.0,,,,-0.42917080381721107,,-0.42917080381721107,,
2019,4379396,Jake Camarda,61,Georgia,SEC,PK,,,1,6,0.0,0.0,,,,6.0,0.0,0.0,0.0,1.3506453142827657,1.3506453142827657,0.854347235882319,0.854347235882319,1.0,0.0,,,,,1.3506453142827657,1.3506453142827657,,
2019,4379399,James Cook,61,Georgia,SEC,RB,,,26,155,2.0,0.0,,,,5.961538461538462,0.07692307692307693,0.0,0.0,13.088738903244998,0.5034130347401923,6.655722253577943,0.2559893174453055,0.46153846153846156,0.19230769230769232,,,,0.586557262592456,-1.9327463277105528,2.2463659157022087,,
2019,4379504,Mekhi Sargent,2294,Iowa,Big Ten,RB,,,117,563,4.0,0.0,,,,4.811965811965812,0.03418803418803419,0.0,0.0,30.53399128606336,0.260974284496268,12.39312339765225,0.10592413160386538,0.5042735042735043,0.1111111111111111,,,,0.22607601715421485,0.14046661224994997,0.9780013707710189,,
2019,4379569,Jesse Matthews,21,San Diego State,Mountain West,WR,,,1,7,0.0,0.0,,,,7.0,0.0,0.0,0.0,0.7004408205106318,0.7004408205106318,0.472919396686684,0.472919396686684,1.0,0.0,,,,0.7004408205106318,,,,
2019,4380392,David Balcomb,2916,Incarnate Word,Southland,RB,,,1,-4,0.0,0.0,,,,-4.0,0.0,0.0,0.0,3.1362114910370664,3.1362114910370664,-0.06689881245341045,-0.06689881245341045,1.0,0.0,,,,,,,,
2019,4380416,Kobe Clark,2000,Abilene Christian,Southland,WR,,,6,17,0.0,0.0,,,,2.8333333333333335,0.0,0.0,0.0,-1.6650991518152576,-0.27751652530254295,-1.622271740296569,-0.2703786233827615,0.16666666666666666,0.16666666666666666,,,,-0.5191488932196047,-0.40596138003285875,-0.257174987040909,,
2019,4382092,Tucker Gregg,2247,Georgia State,Sun Belt,RB,,,14,55,1.0,0.0,,,,3.9285714285714284,0.07142857142857142,0.0,0.0,2.5735180753054268,0.18382271966467334,-0.6201704010354059,-0.04429788578824328,0.5,0.07142857142857142,,,,0.1951066059481582,,1.3460596007430385,,
2019,4382332,Donald Hammond III,2005,Air Force,Mountain West,QB,,,115,579,13.0,0.0,,,,5.034782608695652,0.11304347826086956,0.0,0.0,79.47882120345459,0.6911201843778659,57.02861547262028,0.4959010041097416,0.7130434782608696,0.11304347826086956,,,,0.5978155466472395,1.4041884419520785,1.6342072364963218,,
2019,4382333,Ben Peterson,2005,Air Force,Mountain West,WR,,,1,3,0.0,0.0,,,,3.0,0.0,0.0,0.0,-0.20339164199331883,-0.20339164199331883,-0.13240028095198575,-0.13240028095198575,0.0,0.0,,,,-0.20339164199331883,,,,
2019,4382466,Jalen Nailor,127,Michigan State,Big Ten,WR,,,5,27,0.0,0.0,,,,5.4,0.0,0.0,0.0,2.3795802559840853,0.47591605119681707,1.1830726091935342,0.23661452183870685,0.6,0.2,,,,0.47591605119681707,,,,
2019,4382468,La'Darius Jefferson,127,Michigan State,Big Ten,RB,,,19,25,2.0,0.0,,,,1.3157894736842106,0.10526315789473684,0.0,0.0,-4.382808497504621,-0.23067413144761165,-4.373193405845841,-0.23016807399188638,0.21052631578947367,0.0,,,,-0.13007458245301912,0.38173483125737756,0.6955797973144422,,
2019,4382470,Elijah Collins,127,Michigan State,Big Ten,RB,,,221,998,5.0,0.0,,,,4.515837104072398,0.02262443438914027,0.0,0.0,11.244477841064779,0.05087999023106235,-9.642917246207157,-0.0436331097113446,0.4117647058823529,0.11312217194570136,,,,0.1096056036520548,-0.44286020259966896,0.2255464634154345,,
2019,4382578,Tyler Snead,151,East Carolina,American Athletic,WR,,,3,24,0.0,0.0,,,,8.0,0.0,0.0,0.0,1.3867866113687524,0.4622622037895841,1.1701962282582266,0.39006540941940887,0.6666666666666666,0.6666666666666666,,,,0.4622622037895841,,,,
2019,4382625,Sirgeo Hoffman,2502,Portland State,Big Sky,RB,,,8,27,0.0,0.0,,,,3.375,0.0,0.0,0.0,-2.777583507444734,-0.34719793843059177,-2.9549583805153223,-0.3693697975644153,0.25,0.125,,,,-0.07295771880833964,-1.9687510598012987,,,
2019,4382645,Markevion Quinn,235,Memphis,American Athletic,QB,,,5,22,0.0,0.0,,,,4.4,0.0,0.0,0.0,1.1750814027026508,0.23501628054053017,1.88353407143706,0.37670681428741204,0.6,0.0,,,,0.29892887045625044,-1.1349185972973488,,,
2019,4382812,Canaan Brooks,233,South Dakota,MVFC,RB,,,5,16,0.0,0.0,,,,3.2,0.0,0.0,0.0,0.07218302605843929,0.014436605211687858,-1.0078000497656918,-0.20156000995313836,0.4,0.0,,,,0.19304575651460976,-0.6999999999999997,,,
2019,4383046,Devin Black,2065,Bethune-Cookman,MEAC,QB,,,1,-3,0.0,0.0,,,,-3.0,0.0,0.0,0.0,-1.274918597297348,-1.274918597297348,-0.5913939147252512,-0.5913939147252512,0.0,0.0,,,,-1.274918597297348,,,,
2019,4383052,Aaron Thompson,2065,Bethune-Cookman,MEAC,RB,,,5,29,0.0,0.0,,,,5.8,0.0,0.0,0.0,2.693281281426491,0.5386562562852981,2.5212912266747765,0.5042582453349553,0.6,0.2,,,,0.31993183540928877,,,,
2019,4383088,T.J. DeShields,2006,Akron,Mid-American,QB,,,2,4,0.0,0.0,,,,2.0,0.0,0.0,0.0,-2.7293107321762173,-1.3646553660881087,-3.821176758950685,-1.9105883794753424,0.0,0.0,,,,-0.6999999999999997,,,,
2019,4383188,Clay Harris,2643,The Citadel,Southern,RB,,,26,93,0.0,0.0,,,,3.576923076923077,0.0,0.0,0.0,0.2828877469184443,0.010880297958401704,-0.8600707047701264,-0.0330796424911587,0.34615384615384615,0.038461538461538464,,,,-0.04672222747390313,0.7057267169854167,,,
2019,4383194,Nkem Njoku,2643,The Citadel,Southern,RB,,,3,39,0.0,0.0,,,,13.0,0.0,0.0,0.0,2.9793022408787597,0.9931007469595866,2.5525886194166683,0.8508628731388894,0.6666666666666666,0.6666666666666666,,,,0.7244569326033012,,,,
2019,4383226,Kenyata Huston,2115,Central Connecticut,NEC,RB,,,1,0,0.0,0.0,,,,0.0,0.0,0.0,0.0,-0.6999999999999997,-0.6999999999999997,-0.291297448934314,-0.291297448934314,0.0,0.0,,,,-0.6999999999999997,,-0.6999999999999997,,
2019,4383237,Justin Richard,2755,Grambling,SWAC,RB,,,6,14,0.0,0.0,,,,2.3333333333333335,0.0,0.0,0.0,-1.4915447044166346,-0.2485907840694391,-2.2472183471454628,-0.3745363911909105,0.16666666666666666,0.0,,,,-0.3274542842804104,0.1457267169854175,,,
2019,4383341,Derrick Ponder,2296,Jackson State,SWAC,QB,,,2,7,0.0,0.0,,,,3.5,0.0,0.0,0.0,-0.21961162432784276,-0.10980581216392138,0.008621293889941484,0.004310646944970742,0.5,0.0,,,,0.4803883756721574,,,,
2019,4383427,Trey Mitchell,2193,East Tennessee State,Southern,QB,,,2,11,0.0,0.0,,,,5.5,0.0,0.0,0.0,1.7491183589787362,0.8745591794893681,2.7874618962058255,1.3937309481029128,1.0,0.0,,,,,0.005726716985417379,,,
2019,4383429,Jacob Saylors,2193,East Tennessee State,Southern,RB,,,17,51,0.0,0.0,,,,3.0,0.0,0.0,0.0,-2.294272912268692,-0.13495723013345248,-4.536963298015728,-0.26688019400092516,0.29411764705882354,0.058823529411764705,,,,-0.15759021121685202,0.05278195579005707,-0.06562447009935024,,
2019,4383431,Cameron Lewis,2193,East Tennessee State,Southern,WR,,,4,22,0.0,0.0,,,,5.5,0.0,0.0,0.0,1.0206036259159355,0.25515090647898386,1.1129218901712097,0.2782304725428024,0.5,0.25,,,,-0.016680562788943327,1.0706453142827654,,,
2019,4383437,D.J. Twitty,2193,East Tennessee State,Southern,RB,,,2,21,0.0,0.0,,,,10.5,0.0,0.0,0.0,1.9753224209262727,0.9876612104631364,1.8035395036423383,0.9017697518211691,0.5,0.5,,,,0.9876612104631364,,,,
2019,4383441,Jawan Martin,2193,East Tennessee State,Southern,RB,,,2,11,0.0,0.0,,,,5.5,0.0,0.0,0.0,0.3632133886312492,0.1816066943156246,0.0409517669259464,0.0204758834629732,0.5,0.0,,,,0.1816066943156246,-0.4142732830145823,,,
2019,4383500,Taeyler Porter,2029,Arkansas-Pine Bluff,SWAC,RB,,,14,48,0.0,0.0,,,,3.4285714285714284,0.0,0.0,0.0,-2.3658983155832587,-0.16899273682737562,-1.9035057557864747,-0.13596469684189105,0.2857142857142857,0.07142857142857142,,,,-0.14897903936661902,,,,
2019,4383504,Skyler Perry,2029,Arkansas-Pine Bluff,SWAC,QB,,,4,10,0.0,0.0,,,,2.5,0.0,0.0,0.0,8.881784197001252e-16,2.220446049250313e-16,-1.026843427503925,-0.2567108568759813,0.5,0.0,,,,-0.5410711295437491,,,,
2019,4383510,Omar Allen,2029,Arkansas-Pine Bluff,SWAC,RB,,,1,3,0.0,0.0,,,,3.0,0.0,0.0,0.0,-0.20339164199331883,-0.20339164199331883,-0.1951535561947866,-0.1951535561947866,0.0,0.0,,,,-0.20339164199331883,,,,
2019,4383610,Cameron Rosendahl,2634,Tennessee State,OVC,QB,,,1,3,0.0,0.0,,,,3.0,0.0,0.0,0.0,0.1338324625039511,0.1338324625039511,-0.129342856942563,-0.129342856942563,1.0,0.0,,,,0.1338324625039511,,0.1338324625039511,,
2019,4383612,Te'kendrick Roberson,2634,Tennessee State,OVC,RB,,,20,98,1.0,0.0,,,,4.9,0.05,0.0,0.0,6.837065405878838,0.3418532702939419,4.9025133373532785,0.24512566686766393,0.5,0.15,,,,0.35465025452406934,-0.23448838777550454,-0.5396981870420319,,
2019,4383717,Ean Beek,2277,Houston Christian,Southland,RB,,,9,53,1.0,0.0,,,,5.888888888888889,0.1111111111111111,0.0,0.0,5.579333609222516,0.6199259565802796,4.288310727615893,0.47647896973509923,0.6666666666666666,0.2222222222222222,,,,0.6092008615296374,0.7057267169854167,2.7995591794893677,,
2019,4383834,Soujah Gasu,304,Idaho State,Big Sky,RB,,,13,15,0.0,0.0,,,,1.1538461538461537,0.0,0.0,0.0,-6.581650166277259,-0.5062807820213276,-8.56421224118779,-0.6587855570144453,0.07692307692307693,0.0,,,,-0.4080460883270083,-1.0465715973400842,,,
2019,4383847,Matt Struck,304,Idaho State,Big Sky,QB,,,1,2,0.0,0.0,,,,2.0,0.0,0.0,0.0,-0.379396374084064,-0.379396374084064,-0.1549833182162752,-0.1549833182162752,0.0,0.0,,,,-0.379396374084064,,,,
2019,4383914,Dominic Franklin,2640,Texas Southern,SWAC,RB,,,9,26,0.0,0.0,,,,2.888888888888889,0.0,0.0,0.0,-0.8152341614240619,-0.09058157349156243,-0.4222692179092853,-0.046918801989920586,0.3333333333333333,0.0,,,,-0.06941135367240373,-0.1646773428586179,,,
2019,4384187,Aaron Allen,2348,Louisiana Tech,Conference USA,QB,,,9,30,0.0,0.0,,,,3.3333333333333335,0.0,0.0,0.0,-0.7171979000688582,-0.07968865556320646,-1.7788626647964392,-0.19765140719960436,0.4444444444444444,0.0,,,,0.02659910598920869,,-0.21308376874802493,,
2019,4384192,Smoke Harris,2348,Louisiana Tech,Conference USA,WR,,,11,76,1.0,0.0,,,,6.909090909090909,0.09090909090909091,0.0,0.0,8.164449547485129,0.7422226861350117,5.574708424461701,0.5067916749510637,0.6363636363636364,0.2727272727272727,,,,0.36148903679957617,,1.779605251646258,,
2019,4384196,DeAndre Marcus,2348,Louisiana Tech,Conference USA,RB,,,25,161,1.0,0.0,,,,6.44,0.04,0.0,0.0,10.247395094225496,0.40989580376901985,8.136253874005627,0.32545015496022506,0.68,0.2,,,,0.3811674873474569,-0.09715001173086493,0.16632647675003623,,
2019,4384198,Justin Henderson,2348,Louisiana Tech,Conference USA,RB,,,184,1078,15.0,0.0,,,,5.858695652173913,0.08152173913043478,0.0,0.0,70.26064419157287,0.38185132712811337,33.40439206608251,0.18154560905479625,0.46195652173913043,0.16304347826086957,,,,0.36934316142238677,0.12021077048430341,0.720951994336437,,
2019,4384210,Wayne Toussant,2348,Louisiana Tech,Conference USA,WR,,,2,18,0.0,0.0,,,,9.0,0.0,0.0,0.0,1.4861829854528157,0.7430914927264078,1.4546641842559969,0.7273320921279984,0.5,0.5,,,,0.7430914927264078,,,,
2019,4384603,Will McElvain,2460,Northern Iowa,MVFC,QB,,,6,10,0.0,0.0,,,,1.6666666666666667,0.0,0.0,0.0,-1.392531077466776,-0.23208851291112934,-1.8395780101507615,-0.3065963350251269,0.16666666666666666,0.16666666666666666,,,,-0.737077559822667,,,,
2019,4384773,Shane Perry,147,Montana State,Big Sky,RB,,,1,6,0.0,0.0,,,,6.0,0.0,0.0,0.0,0.7087510598012989,0.7087510598012989,0.09586947701675097,0.09586947701675097,1.0,0.0,,,,,,,,
2019,4384991,Raeshad Herriott,2261,Hampton,Big South,RB,,,1,-1,0.0,0.0,,,,-1.0,0.0,0.0,0.0,-0.970829196182788,-0.970829196182788,-0.5136088395576675,-0.5136088395576675,0.0,0.0,,,,-0.970829196182788,,,,
2019,4385459,Alijah Jackson,2523,Robert Morris,NEC,RB,,,13,75,1.0,0.0,,,,5.769230769230769,0.07692307692307693,0.0,0.0,4.651170879738676,0.35778237536451357,1.5132898995588708,0.11640691535068237,0.46153846153846156,0.15384615384615385,,,,0.09431572785339257,-2.1774866716458305,-0.622110419088054,,
2019,4385607,Hamze El-Zayat,2230,Fordham,Patriot,WR,,,1,3,0.0,0.0,,,,3.0,0.0,0.0,0.0,0.13383246250395064,0.13383246250395064,-0.184155684763349,-0.184155684763349,1.0,0.0,,,,0.13383246250395064,,0.13383246250395064,,
2019,4385798,Matthew Murla,2005,Air Force,Mountain West,FB,,,10,44,0.0,0.0,,,,4.4,0.0,0.0,0.0,2.044918597297347,0.20449185972973472,2.3520272457107145,0.23520272457107144,0.8,0.0,,,,0.1868136068368774,0.08318601563409089,,,
2019,4386544,Xavier Smith,50,Florida A&M,MEAC,WR,,,1,10,0.0,0.0,,,,10.0,0.0,0.0,0.0,0.6999999999999993,0.6999999999999993,0.3101277900852572,0.3101277900852572,1.0,1.0,,,,0.6999999999999993,,,,
2019,4387493,Jordan Johnson,2523,Robert Morris,NEC,RB,,,13,35,0.0,0.0,,,,2.6923076923076925,0.0,0.0,0.0,0.5306036259159357,0.040815663531995054,-0.6620645850064579,-0.05092804500049676,0.6153846153846154,0.0,,,,-0.027823220838251887,0.003817811323611734,0.1681592589289056,,
2019,4390121,Deshawn Smith,50,Florida A&M,MEAC,RB,,,4,3,0.0,0.0,,,,0.75,0.0,0.0,0.0,-1.7880398416148147,-0.44700996040370367,-1.2773470409480838,-0.31933676023702096,0.25,0.0,,,,-0.44700996040370367,,,,
2019,4390717,Josh Johnson,2433,UL Monroe,Sun Belt,RB,,,190,1200,11.0,0.0,,,,6.315789473684211,0.05789473684210526,0.0,0.0,76.42668772784803,0.4022457248834107,43.276748810013295,0.2277723621579647,0.5210526315789473,0.1736842105263158,,,,0.433927808888715,0.18344173965177343,0.8946000183027882,,
2019,4391365,Ty Lucas,228,Clemson,ACC,LS,,,1,3,0.0,0.0,,,,3.0,0.0,0.0,0.0,-0.20339164199331838,-0.20339164199331838,-0.4309799951978805,-0.4309799951978805,0.0,0.0,,,,-0.20339164199331838,,,,
2019,4401008,Kristian Mosley,2504,Prairie View A&M,SWAC,RB,,,4,7,0.0,0.0,,,,1.75,0.0,0.0,0.0,-1.9633205741742579,-0.49083014354356447,-1.7394774711169219,-0.43486936777923046,0.25,0.0,,,,-0.49083014354356447,-0.5542732830145822,-0.8483102392906674,,
2019,4401311,Devin Maddox,2649,Toledo,Mid-American,WR,,,1,19,0.0,0.0,,,,19.0,0.0,0.0,0.0,1.33,1.33,1.7428228328611919,1.7428228328611919,1.0,1.0,,,,1.33,,,,
2019,4404491,Dominico Moncion,41,UConn,American Athletic,RB,,,3,18,0.0,0.0,,,,6.0,0.0,0.0,0.0,0.05634579085811975,0.018781930286039916,-0.030779671395327668,-0.010259890465109223,0.3333333333333333,0.3333333333333333,,,,0.018781930286039916,,,,
2019,4404999,Trae Allen,2711,Western Michigan,Mid-American,RB,,,2,9,0.0,0.0,,,,4.5,0.0,0.0,0.0,0.8263457908581184,0.4131728954290592,1.2533668259283475,0.6266834129641737,0.5,0.0,,,,-0.013213388631248435,,,,
2019,4406943,Brett Brenton,2751,Wyoming,Mountain West,RB,,,30,188,0.0,0.0,,,,6.266666666666667,0.0,0.0,0.0,6.635187403605112,0.22117291345350373,2.1035039829669056,0.07011679943223019,0.36666666666666664,0.13333333333333333,,,,0.263063348050094,-0.5145639698087499,0.08644546610437231,,
2019,4408783,Brandon Lee,2006,Akron,Mid-American,WR,,,59,149,0.0,0.0,,,,2.5254237288135593,0.0,0.0,0.0,-15.28736744553815,-0.25910792280573136,-21.342229243730436,-0.3617326990462786,0.2711864406779661,0.05084745762711865,,,,-0.2535611193950698,-0.1908862882401919,0.2503462496090096,,
2019,4426330,Jerrion Ealy,145,Ole Miss,SEC,RB,,,103,710,6.0,0.0,,,,6.893203883495145,0.05825242718446602,0.0,0.0,40.86123782514379,0.3967110468460562,21.236403924933573,0.2061786788828502,0.4174757281553398,0.18446601941747573,,,,0.40425929257388665,-0.06269115255977711,0.6971336108512245,,
2019,4426333,John Emery Jr.,99,LSU,SEC,RB,,,38,182,3.0,0.0,,,,4.7894736842105265,0.07894736842105263,0.0,0.0,12.826940623581514,0.3375510690416188,2.8142440450525235,0.07405905381717166,0.47368421052631576,0.10526315789473684,,,,0.11965984869820301,1.4038178113236117,1.1463602051276576,,
2019,4426335,Graham Mertz,275,Wisconsin,Big Ten,QB,,,1,10,0.0,0.0,,,,10.0,0.0,0.0,0.0,1.6125835223052496,1.6125835223052496,1.1227871296156542,1.1227871296156542,1.0,1.0,,,,1.6125835223052496,,,,
2019,4426339,Spencer Rattler,201,Oklahoma,Big 12,QB,,,3,23,0.0,0.0,,,,7.666666666666667,0.0,0.0,0.0,2.1050417032273456,0.7016805677424486,2.8484467881587294,0.9494822627195765,1.0,0.0,,,,0.8746574931209641,0.35572671698541747,,,
2019,4426345,Quavaris Crouch,2633,Tennessee,SEC,LB,,,6,10,2.0,0.0,,,,1.6666666666666667,0.3333333333333333,0.0,0.0,6.047195598913017,1.0078659331521695,4.629222234551644,0.7715370390919407,0.5,0.0,,,,-0.3524515746702912,1.6880246870634,1.1802937763855201,,
2019,4426348,Jayden Daniels,9,Arizona State,Pac-12,QB,,,94,576,3.0,0.0,,,,6.127659574468085,0.031914893617021274,0.0,0.0,49.02048010115213,0.5214944691611929,36.276701981544946,0.3859223615057973,0.574468085106383,0.20212765957446807,,,,0.25650577332492996,1.2451522157969432,0.8005209551260538,,
2019,4426361,Jeremiah Payton,2390,Miami,ACC,WR,,,1,7,0.0,0.0,,,,7.0,0.0,0.0,0.0,0.8735755238933418,0.8735755238933418,0.356301298324245,0.356301298324245,1.0,0.0,,,,0.8735755238933418,,0.8735755238933418,,
2019,4426363,Julian Barnett,127,Michigan State,Big Ten,DB,,,2,19,0.0,0.0,,,,9.5,0.0,0.0,0.0,2.577664925007901,1.2888324625039504,2.2573493714390684,1.1286746857195342,1.0,0.5,,,,1.2888324625039504,,,,
2019,4426370,Jadon Haselwood,201,Oklahoma,Big 12,WR,,,3,14,0.0,0.0,,,,4.666666666666667,0.0,0.0,0.0,1.2112404489012443,0.40374681630041476,-0.05022947089937063,-0.01674315696645688,0.6666666666666666,0.0,,,,0.686163291847321,,,,
2019,4426385,Zach Charbonnet,130,Michigan,Big Ten,RB,,,147,746,11.0,0.0,,,,5.074829931972789,0.07482993197278912,0.0,0.0,41.211273087244464,0.2803487965118671,23.506241052003244,0.15990640171430778,0.4897959183673469,0.14965986394557823,,,,0.35432597120648357,0.101890935323615,0.8458374066779734,,
2019,4426386,Roschon Johnson,251,Texas,Big 12,RB,,,123,664,7.0,0.0,,,,5.3983739837398375,0.056910569105691054,0.0,0.0,42.558671515538805,0.34600545947592526,23.540912535045923,0.1913895328052514,0.5121951219512195,0.17886178861788618,,,,0.3251298366279057,1.1932571280937212,1.5742050175075923,,
2019,4426399,Ramel Keyton,2633,Tennessee,SEC,WR,,,1,10,0.0,0.0,,,,10.0,0.0,0.0,0.0,0.5657267169854174,0.5657267169854174,1.037276108882455,1.037276108882455,1.0,1.0,,,,,0.5657267169854174,,,
2019,4426409,Chez Mellusi,228,Clemson,ACC,RB,,,41,254,2.0,0.0,,,,6.195121951219512,0.04878048780487805,0.0,0.0,19.115845764867487,0.4662401406065241,13.252159691964156,0.323223407121077,0.5609756097560976,0.14634146341463414,,,,0.34297506377068215,0.758898229469855,1.2804163133995667,,
2019,4426417,Jacob Zeno,239,Baylor,Big 12,QB,,,3,7,1.0,0.0,,,,2.3333333333333335,0.3333333333333333,0.0,0.0,3.4489401056166646,1.1496467018722216,2.845011690835315,0.9483372302784384,0.6666666666666666,0.0,,,,1.0178633584927086,2.7357267169854174,2.7357267169854174,,
2019,4426420,Devyn Ford,213,Penn State,Big Ten,RB,,,51,283,3.0,0.0,,,,5.549019607843137,0.058823529411764705,0.0,0.0,13.543544726551644,0.2655597005206205,2.095596464929644,0.04109012676332636,0.47058823529411764,0.11764705882352941,,,,0.30702354987323704,0.5084159428617734,0.7268017828813463,,
2019,4426428,Sean Dollars,2483,Oregon,Pac-12,RB,,,7,81,0.0,0.0,,,,11.571428571428571,0.0,0.0,0.0,6.311894254481467,0.9016991792116381,6.829516686669181,0.9756452409527402,0.7142857142857143,0.14285714285714285,,,,-0.15792667255515833,0.8107267169854169,,,
2019,4426430,Taisun Phommachanh,228,Clemson,ACC,QB,,,12,56,0.0,0.0,,,,4.666666666666667,0.0,0.0,0.0,5.563543223786535,0.4636286019822113,4.905213749032586,0.40876781241938215,0.6666666666666666,0.16666666666666666,,,,0.1419359620392826,0.2754030752876265,-0.7000000000000002,,
2019,4426444,Connor Bazelak,142,Missouri,SEC,QB,,,4,10,0.0,0.0,,,,2.5,0.0,0.0,0.0,-0.8437225690775629,-0.21093064226939073,-0.6071711842831577,-0.15179279607078944,0.5,0.0,,,,-0.7000000000000002,,,,
2019,4426454,Lance LeGendre,120,Maryland,Big Ten,WR,,,11,97,0.0,0.0,,,,8.818181818181818,0.0,0.0,0.0,7.14510897123407,0.6495553610212791,6.9528004373774355,0.6320727670343124,0.6363636363636364,0.45454545454545453,,,,0.38092529473241743,-0.6999999999999997,-1.0131444569885908,,
2019,4426463,Dannis Jackson,145,Ole Miss,SEC,WR,,,2,12,0.0,0.0,,,,6.0,0.0,0.0,0.0,0.8400000000000001,0.42000000000000004,1.2578808944620539,0.6289404472310269,0.5,0.0,,,,0.42000000000000004,,,,
2019,4426469,Sampson James,84,Indiana,Big Ten,RB,,,80,278,3.0,0.0,,,,3.475,0.0375,0.0,0.0,11.352217698900049,0.1419027212362506,3.331463256761311,0.04164329070951639,0.475,0.0625,,,,-0.01309008257508427,0.6201993496450219,0.2709935442502692,,
2019,4426475,Tyrion Davis-Price,99,LSU,SEC,RB,,,60,275,6.0,0.0,,,,4.583333333333333,0.1,0.0,0.0,17.813650394042572,0.2968941732340429,4.8877691784753114,0.0814628196412552,0.5,0.11666666666666667,,,,0.38234702088122324,0.2221765424102392,0.8641274126337277,,
2019,4426482,Steele Chambers,194,Ohio State,Big Ten,LB,,,19,135,1.0,0.0,,,,7.105263157894737,0.05263157894736842,0.0,0.0,13.867711741308423,0.7298795653320223,9.892625913744164,0.5206645217760086,0.7894736842105263,0.2631578947368421,,,,0.6645255876449476,1.198790677089394,2.0403226571413824,,
2019,4426484,Marcus Major,201,Oklahoma,Big 12,RB,,,9,27,0.0,0.0,,,,3.0,0.0,0.0,0.0,-1.2420748089993752,-0.1380083121110417,-2.163935432644363,-0.24043727029381812,0.3333333333333333,0.0,,,,-0.1380083121110417,-0.265081402702652,-0.3566066943156241,,
2019,4426494,John Rhys Plumlee,145,Ole Miss,SEC,QB,,,145,1060,12.0,0.0,,,,7.310344827586207,0.08275862068965517,0.0,0.0,89.30455918628896,0.615893511629579,50.532521350453976,0.34850014724451017,0.5793103448275863,0.20689655172413793,,,,0.6161075046475454,0.43988380786992165,1.0312828823630993,,
2019,4426499,Hank Bachmeier,68,Boise State,Mountain West,QB,,,24,152,1.0,0.0,,,,6.333333333333333,0.041666666666666664,0.0,0.0,17.83001724850834,0.7429173853545142,10.757645368167143,0.44823522367363094,0.7083333333333334,0.25,,,,0.1974580567951903,0.7009916905812507,1.1336165966880243,,
2019,4426504,Milton Wright,2509,Purdue,Big Ten,WR,,,1,2,0.0,0.0,,,,2.0,0.0,0.0,0.0,-0.19508140270265129,-0.19508140270265129,-0.4836992576486355,-0.4836992576486355,0.0,0.0,,,,-0.19508140270265129,,,,
2019,4426530,Kay'Ron Lynch-Adams,164,Rutgers,Big Ten,RB,,,47,156,1.0,0.0,,,,3.3191489361702127,0.02127659574468085,0.0,0.0,1.39432949168374,0.02966658492944128,-1.739405680700162,-0.03700863150425877,0.46808510638297873,0.0425531914893617,,,,-0.0719686475636351,0.1634471272407334,0.48867832839866365,,
2019,4426567,Raykwon Anderson,2026,App State,Sun Belt,RB,,,32,237,2.0,0.0,,,,7.40625,0.0625,0.0,0.0,13.189984306878094,0.4121870095899404,6.972981262867067,0.21790566446459583,0.375,0.21875,,,,0.48634873818855034,-0.7195155220097216,1.652238888393358,,
2019,4426597,Coco Azema,77,Northwestern,Big Ten,DB,,,7,123,1.0,0.0,,,,17.571428571428573,0.14285714285714285,0.0,0.0,13.61746046721742,1.9453514953167743,10.811726404701822,1.5445323435288318,0.8571428571428571,0.42857142857142855,,,,0.462467475229588,4.205726716985417,,,
2019,4426598,Isaiah Azubuike,2032,Arkansas State,Sun Belt,RB,,,40,183,0.0,0.0,,,,4.575,0.0,0.0,0.0,1.622444129937488,0.0405611032484372,-2.688541137332844,-0.0672135284333211,0.45,0.125,,,,0.011544817120613603,0.5657267169854168,-0.10630977047680489,,
2019,4426613,Dee Baker,2572,Southern Miss,Conference USA,CB,,,10,33,0.0,0.0,,,,3.3,0.0,0.0,0.0,-2.163239156611092,-0.2163239156611092,-1.7699855031781828,-0.17699855031781828,0.3,0.2,,,,-0.0426002180018216,,-1.7798371945946974,,
2019,4426619,Joachim Bangda,2309,Kent State,Mid-American,RB,,,45,291,1.0,0.0,,,,6.466666666666667,0.022222222222222223,0.0,0.0,13.607174614349054,0.30238165809664563,11.679268199988803,0.2595392933330845,0.4444444444444444,0.17777777777777778,,,,0.015424959251203366,0.12071043644488685,-0.5365576032154766,,
2019,4426635,Darwin Barlow,2628,TCU,Big 12,RB,,,22,114,1.0,0.0,,,,5.181818181818182,0.045454545454545456,0.0,0.0,7.205818861299198,0.32753722096814536,4.703989837350188,0.213817719879554,0.5909090909090909,0.13636363636363635,,,,0.33482189675859503,0.07572671698541678,2.0999999999999996,,
2019,4426657,Ryan Hilinski,2579,South Carolina,SEC,QB,,,13,69,1.0,0.0,,,,5.3076923076923075,0.07692307692307693,0.0,0.0,6.117964016607946,0.4706126166621497,2.6155815721278133,0.20119858247137026,0.6153846153846154,0.23076923076923078,,,,0.5353883106790845,0.15318601563409096,1.1110390681907447,,
2019,4426658,Noah Cain,213,Penn State,Big Ten,RB,,,84,433,8.0,0.0,,,,5.154761904761905,0.09523809523809523,0.0,0.0,43.63784639514043,0.5194981713707194,20.422163626225128,0.24312099555029915,0.5952380952380952,0.11904761904761904,,,,0.497610722883015,0.7498111680738079,1.7601459703169295,,
2019,4426660,Kyle Beaudry,2439,UNLV,Mountain West,LB,,,1,0,0.0,0.0,,,,0.0,0.0,0.0,0.0,2.5894248796683157,2.5894248796683157,-0.23432932081653668,-0.23432932081653668,1.0,0.0,,,,,,,,
2019,4426687,Johnathan Bennett,2335,Liberty,FBS Independents,QB,,,1,2,0.0,0.0,,,,2.0,0.0,0.0,0.0,-0.379396374084064,-0.379396374084064,-0.28628930380234063,-0.28628930380234063,0.0,0.0,,,,-0.379396374084064,,,,
2019,4426689,Ulysses Bentley IV,2567,SMU,American Athletic,RB,,,6,20,0.0,0.0,,,,3.3333333333333335,0.0,0.0,0.0,-1.267869418780034,-0.21131156979667232,-1.6319571500542773,-0.2719928583423796,0.3333333333333333,0.16666666666666666,,,,-0.21131156979667232,,,,
2019,4426770,Spencer Brasch,25,California,Pac-12,QB,,,3,16,0.0,0.0,,,,5.333333333333333,0.0,0.0,0.0,1.9648661524588729,0.6549553841529576,2.7066024462148572,0.9022008154049524,0.6666666666666666,0.3333333333333333,,,,,-0.09467734285861718,,,
2019,4426780,Jirehl Brock,66,Iowa State,Big 12,RB,,,8,44,0.0,0.0,,,,5.5,0.0,0.0,0.0,0.6576113612315604,0.08220142015394505,-0.6081525969738434,-0.07601907462173042,0.5,0.375,,,,-0.08425717110185525,0.23064531428276602,0.43400759243024134,,
2019,4426800,Ahmarean Brown,59,Georgia Tech,ACC,WR,,,1,17,0.0,0.0,,,,17.0,0.0,0.0,0.0,1.1900000000000004,1.1900000000000004,0.8908111260482859,0.8908111260482859,1.0,1.0,,,,1.1900000000000004,,,,
2019,4426847,Zach Calzada,245,Texas A&M,SEC,QB,,,3,6,0.0,0.0,,,,2.0,0.0,0.0,0.0,-0.8943620999462503,-0.2981206999820834,-0.4280453293197014,-0.14268177643990046,0.3333333333333333,0.0,,,,-0.8425037071145078,0.7906453142827654,-1.127045851135199,,
2019,4426860,Kyvin Carroll,278,Fresno State,Mountain West,LB,,,3,5,0.0,0.0,,,,1.6666666666666667,0.0,0.0,0.0,-3.563143194680168,-1.1877143982267226,-3.941494016445935,-1.3138313388153116,0.0,0.0,,,,-0.2593546857172355,-0.2593546857172355,-1.6518942544814663,,
2019,4426875,Sam Howell,153,North Carolina,ACC,QB,,,55,244,1.0,0.0,,,,4.4363636363636365,0.01818181818181818,0.0,0.0,11.810740721057222,0.2147407403828586,14.075634673341588,0.2559206304243925,0.4727272727272727,0.09090909090909091,,,,0.06195169900470491,0.7949996224709688,0.5646127906145789,,
2019,4426891,Isaiah Spiller,245,Texas A&M,SEC,RB,,,171,944,10.0,0.0,,,,5.52046783625731,0.05847953216374269,0.0,0.0,50.660976404150546,0.29626301990731313,27.123259391589105,0.1586155519975971,0.42105263157894735,0.1286549707602339,,,,0.3058800140680969,0.1937531970291663,0.6911374768024765,,
2019,4426894,Dante Chachere,2502,Portland State,Big Sky,QB,,,2,5,0.0,0.0,,,,2.5,0.0,0.0,0.0,-0.5044777767867163,-0.2522388883933582,-0.9011158065742446,-0.4505579032871223,0.0,0.0,,,,-0.2522388883933582,,,,
2019,4426910,Kenan Christon II,30,USC,Pac-12,RB,,,67,369,2.0,0.0,,,,5.507462686567164,0.029850746268656716,0.0,0.0,15.707356919023649,0.2344381629705022,7.619363277721547,0.11372183996599323,0.4626865671641791,0.13432835820895522,,,,0.17197341578181405,0.20060515963398917,-0.12761508995083556,,
2019,4426917,Coltin Clack,2032,Arkansas State,Sun Belt,TE,,,1,0,0.0,0.0,,,,0.0,0.0,0.0,0.0,-0.7000000000000002,-0.7000000000000002,-0.6456997217339855,-0.6456997217339855,0.0,0.0,,,,-0.7000000000000002,,-0.7000000000000002,,
2019,4426942,Cameron Cloud,257,Richmond,CAA,WR,,,1,1,0.0,0.0,,,,1.0,0.0,0.0,0.0,-0.5442208381761082,-0.5442208381761082,-0.7709607025343227,-0.7709607025343227,0.0,0.0,,,,-0.5442208381761082,,,,
2019,4426948,Luke McCaffrey,158,Nebraska,Big Ten,WR,,,24,151,1.0,0.0,,,,6.291666666666667,0.041666666666666664,0.0,0.0,15.59136078653496,0.64964003277229,8.255657986815207,0.3439857494506336,0.625,0.375,,,,0.45854391388287485,-0.26508140270265174,0.9519581842343685,,
2019,4426966,Garrett Shrader,344,Mississippi State,SEC,QB,,,95,741,6.0,0.0,,,,7.8,0.06315789473684211,0.0,0.0,73.23286051005881,0.7708722158953559,55.31906828350847,0.5823059819316682,0.6631578947368421,0.35789473684210527,,,,0.6561972509277137,0.9892119360125712,2.1792860521513755,,
2019,4426990,Jalen Moreno-Cropper,278,Fresno State,Mountain West,WR,,,22,357,3.0,0.0,,,,16.227272727272727,0.13636363636363635,0.0,0.0,40.6000968630021,1.8454589483182773,27.208218297302906,1.2367371953319504,0.8636363636363636,0.3181818181818182,,,,1.6712266475710993,3.5877819557900565,1.5619857350283075,,
2019,4427034,Joe Davis,38,Colorado,Pac-12,RB,,,6,13,0.0,0.0,,,,2.1666666666666665,0.0,0.0,0.0,-1.7093963740840643,-0.2848993956806774,-1.7083788018050843,-0.2847298003008474,0.16666666666666666,0.0,,,,-0.2848993956806774,,,,
2019,4427105,Max Duggan,2628,TCU,Big 12,QB,,,101,764,6.0,0.0,,,,7.564356435643564,0.0594059405940594,0.0,0.0,78.87034984415185,0.7808945529123945,56.77572365703672,0.5621358777924428,0.6336633663366337,0.3069306930693069,,,,0.6515490937474325,0.6449649649650603,0.9687616972624974,,
2019,4427110,Niko Duffey,2016,Alcorn State,SWAC,RB,,,7,25,0.0,0.0,,,,3.5714285714285716,0.0,0.0,0.0,-0.08807954109012117,-0.012582791584303024,-0.775494486206185,-0.11078492660088357,0.2857142857142857,0.0,,,,-0.012582791584303024,-0.732136641507291,,,
2019,4427111,Michel Dukes,228,Clemson,ACC,RB,,,29,140,2.0,0.0,,,,4.827586206896552,0.06896551724137931,0.0,0.0,7.6402855077558804,0.2634581209570993,-0.4451219015299073,-0.015349031087238185,0.3793103448275862,0.1724137931034483,,,,0.12887901073860863,0.9371511446569446,1.0753891791653494,,
2019,4427138,Romeir Elliott,79,Southern Illinois,MVFC,RB,,,18,110,0.0,0.0,,,,6.111111111111111,0.0,0.0,0.0,3.379821746637929,0.18776787481321827,3.134234306347577,0.17412412813042094,0.5,0.2777777777777778,,,,0.20210179702026868,-0.22760661634791593,-0.5186076149704831,,
2019,4427148,Joe Ervin,2306,Kansas State,Big 12,RB,,,23,85,1.0,0.0,,,,3.6956521739130435,0.043478260869565216,0.0,0.0,1.5261399329829775,0.06635391012969467,-2.478492357219554,-0.10776053727041539,0.391304347826087,0.08695652173913043,,,,0.1360066634753799,-1.4638324625039507,1.5420212924070185,,
2019,4427158,Jah'Quez Evans,58,South Florida,American Athletic,WR,,,18,138,1.0,0.0,,,,7.666666666666667,0.05555555555555555,0.0,0.0,10.345476031701276,0.5747486684278487,6.641038119461198,0.3689465621922888,0.4444444444444444,0.16666666666666666,,,,0.029206762064538,,,,
2019,4427191,Dequan Finn,2649,Toledo,Mid-American,QB,,,13,84,0.0,0.0,,,,6.461538461538462,0.0,0.0,0.0,3.4953574236266745,0.26887364797128266,1.0091435266005369,0.07762642512311822,0.6153846153846154,0.3076923076923077,,,,0.43022774662382784,-1.260879977330207,0.38213664150729154,,
2019,4427203,Deondrick Glass,197,Oklahoma State,Big 12,RB,,,1,7,0.0,0.0,,,,7.0,0.0,0.0,0.0,-0.055522223213283706,-0.055522223213283706,-0.4073836443558854,-0.4073836443558854,0.0,0.0,,,,-0.055522223213283706,,,,
2019,4427213,Jordan Forrest,107,Holy Cross,Patriot,RB,,,7,9,0.0,0.0,,,,1.2857142857142858,0.0,0.0,0.0,-2.9022920481346772,-0.4146131497335253,-4.249499702489297,-0.6070713860698996,0.14285714285714285,0.0,,,,-0.4146131497335253,-0.26508140270265157,,,
2019,4427217,Daimarqua Foster,2628,TCU,Big 12,RB,,,8,56,1.0,0.0,,,,7.0,0.125,0.0,0.0,7.080456268467399,0.8850570335584249,2.923434477430911,0.3654293096788639,0.5,0.25,,,,0.2572942706261907,-0.7000000000000002,1.2931321246946879,,
2019,4427238,Dillon Gabriel,2116,UCF,American Athletic,QB,,,45,208,4.0,0.0,,,,4.622222222222222,0.08888888888888889,0.0,0.0,19.789869120157576,0.439774869336835,22.302577839969327,0.4956128408882073,0.5333333333333333,0.24444444444444444,,,,-0.019395048761071676,0.5217348312573776,0.4695887721839142,,
2019,4427243,Brett Gabbert,193,Miami (OH),Mid-American,QB,,,59,226,3.0,0.0,,,,3.830508474576271,0.05084745762711865,0.0,0.0,8.29947189841878,0.14066901522743694,3.701667969923517,0.06274013508344944,0.4745762711864407,0.1016949152542373,,,,0.2095693873314249,0.1529112367008556,0.3867668324233486,,
2019,4427251,Velton Gardner,2305,Kansas,Big 12,RB,,,26,138,2.0,0.0,,,,5.3076923076923075,0.07692307692307693,0.0,0.0,8.158784496467394,0.31379940371028436,4.928355073077137,0.1895521181952745,0.38461538461538464,0.19230769230769232,,,,0.3229596741129133,-0.34713664150729184,-0.5568060261243173,,
2019,4427254,Tahj Gary,259,Virginia Tech,ACC,RB,,,4,24,0.0,0.0,,,,6.0,0.0,0.0,0.0,2.359795506227866,0.5899488765569665,1.2378880650898214,0.30947201627245535,0.5,0.25,,,,0.5899488765569665,,1.432136641507291,,
2019,4427267,Kaylon Geiger,2653,Troy,Sun Belt,WR,,,4,36,1.0,0.0,,,,9.0,0.25,0.0,0.0,5.39616753749605,1.3490418843740124,3.3001041570703458,0.8250260392675864,1.0,0.5,,,,1.3490418843740124,2.4706453142827653,2.4706453142827653,,
2019,4427313,Ta'Quan Roberson,213,Penn State,Big Ten,QB,,,1,-1,0.0,0.0,,,,-1.0,0.0,0.0,0.0,-0.9708291961827893,-0.9708291961827893,-0.358219312899271,-0.358219312899271,0.0,0.0,,,,,,-0.9708291961827893,,
2019,4427332,Gerald Green,290,Georgia Southern,Sun Belt,RB,,,20,95,0.0,0.0,,,,4.75,0.0,0.0,0.0,5.2194434666672525,0.26097217333336264,2.279420017743159,0.11397100088715795,0.55,0.1,,,,0.3153616867843148,-0.07956979047815664,0.23685142131036352,,
2019,4427351,Grant Gunnell,12,Arizona,Pac-12,QB,,,17,86,1.0,0.0,,,,5.0588235294117645,0.058823529411764705,0.0,0.0,11.059443655007193,0.6505555091180701,4.735258291642435,0.27854460539073145,0.5882352941176471,0.058823529411764705,,,,0.3628920072452687,0.08778195579005654,2.658805328269733,,
2019,4427354,Jarrett Guest,324,Coastal Carolina,Sun Belt,QB,,,1,7,0.0,0.0,,,,7.0,0.0,0.0,0.0,0.7004408205106314,0.7004408205106314,0.590106702773282,0.590106702773282,1.0,0.0,,,,0.7004408205106314,,,,
2019,4427366,Breece Hall,66,Iowa State,Big 12,RB,,,185,898,9.0,0.0,,,,4.854054054054054,0.04864864864864865,0.0,0.0,41.9438533539619,0.2267235316430373,14.24105134544522,0.07697865592132551,0.4486486486486487,0.15135135135135136,,,,0.1947146777953322,0.4860713876782889,0.4610445504374754,,
2019,4427391,Kenny McIntosh,61,Georgia,SEC,RB,,,25,174,2.0,0.0,,,,6.96,0.08,0.0,0.0,13.19874739454245,0.5279498957816979,4.890799151846176,0.19563196607384703,0.56,0.12,,,,0.5807483983813103,0.8881860156340912,1.0783061990991158,,
2019,4427422,Peter Hayes-Patrick,2006,Akron,Mid-American,RB,,,41,138,0.0,0.0,,,,3.3658536585365852,0.0,0.0,0.0,-6.4520929161005744,-0.15736811990489205,-7.525141889881053,-0.18354004609465982,0.36585365853658536,0.024390243902439025,,,,-0.11387540385408713,-0.7227357417064427,-0.5809043030650433,,
2019,4427442,Tyrik Henderson,2459,Northern Illinois,Mid-American,S,,,1,3,0.0,0.0,,,,3.0,0.0,0.0,0.0,0.01365420914188098,0.01365420914188098,-0.170581997012871,-0.170581997012871,1.0,0.0,,,,0.01365420914188098,,,,
2019,4427460,Da'Joun Hewitt,2509,Purdue,Big Ten,RB,,,6,9,0.0,0.0,,,,1.5,0.0,0.0,0.0,-2.661602313170452,-0.4436003855284087,-3.5064616401033684,-0.5844102733505614,0.0,0.0,,,,-0.4436003855284087,,-0.535175535907956,,
2019,4427503,Mike Hollins,258,Virginia,ACC,RB,,,20,106,3.0,0.0,,,,5.3,0.15,0.0,0.0,12.240121117038473,0.6120060558519237,5.114253449988783,0.25571267249943913,0.55,0.1,,,,0.632830572956737,0.8539034575271476,0.7400453396580897,,
2019,4427511,Travis Tisdale,96,Kentucky,SEC,RB,,,5,57,1.0,0.0,,,,11.4,0.2,0.0,0.0,7.3951755359079545,1.4790351071815908,5.057946249164985,1.011589249832997,0.6,0.2,,,,0.9898622047306345,3.435726716985417,2.002238888393358,,
2019,4427535,Christian Hunter,36,Colorado State,Mountain West,RB,,,24,99,1.0,0.0,,,,4.125,0.041666666666666664,0.0,0.0,3.4852582919617188,0.14521909549840495,-2.2011355745667993,-0.09171398227361664,0.4166666666666667,0.08333333333333333,,,,0.05850066219879686,-0.9970081722019863,1.2138709371434466,,
2019,4427569,Giles Jackson,130,Michigan,Big Ten,WR,,,10,69,1.0,0.0,,,,6.9,0.1,0.0,0.0,4.46594529461131,0.446594529461131,3.333637932500632,0.33336379325006316,0.4,0.3,,,,0.446594529461131,4.570645314282765,-0.6221104190880538,,
2019,4427596,Steve Jenkins,2439,UNLV,Mountain West,WR,,,1,22,0.0,0.0,,,,22.0,0.0,0.0,0.0,2.1542208381761077,2.1542208381761077,2.657180374112576,2.657180374112576,1.0,1.0,,,,2.1542208381761077,,,,
2019,4427600,Terrell Jennings,50,Florida A&M,MEAC,RB,,,6,5,0.0,0.0,,,,0.8333333333333334,0.0,0.0,0.0,-3.375319093544157,-0.5625531822573595,-2.1938602322797154,-0.36564337204661923,0.0,0.0,,,,-0.5625531822573595,,,,
2019,4427609,Rahmir Johnson,158,Nebraska,Big Ten,RB,,,21,64,1.0,0.0,,,,3.0476190476190474,0.047619047619047616,0.0,0.0,0.9071366260561919,0.043196982193151996,-3.7798464334991664,-0.17999268730948412,0.2857142857142857,0.047619047619047616,,,,0.014592158292748637,0.7523933836520836,0.2448902107951062,,
2019,4427630,Oscar Adaway III,249,North Texas,Conference USA,RB,,,4,42,0.0,0.0,,,,10.5,0.0,0.0,0.0,2.420603625915936,0.605150906478984,2.231063917697835,0.5577659794244587,0.75,0.5,,,,0.605150906478984,,,,
2019,4427647,Jermaine Johnson,113,Massachusetts,FBS Independents,WR,,,1,4,0.0,0.0,,,,4.0,0.0,0.0,0.0,-0.013213388631248879,-0.013213388631248879,-0.1142886249388964,-0.1142886249388964,0.0,0.0,,,,-0.013213388631248879,,,,
2019,4427648,Lexington Joseph,2229,Florida International,Conference USA,RB,,,10,63,0.0,0.0,,,,6.3,0.0,0.0,0.0,5.8792937495813025,0.5879293749581302,1.507690028815796,0.1507690028815796,0.7,0.1,,,,0.47352636224757694,,-0.37939637408406535,,
2019,4427649,Kelley Joiner,58,South Florida,American Athletic,RB,,,70,370,0.0,0.0,,,,5.285714285714286,0.0,0.0,0.0,3.823429531118278,0.05462042187311826,-2.1025987818145513,-0.03003712545449359,0.42857142857142855,0.14285714285714285,,,,0.03803218187065196,0.1884064258894075,-0.3060776751344315,,
2019,4427658,Anthony Adkins,349,Army,FBS Independents,RB,,,9,36,1.0,0.0,,,,4.0,0.1111111111111111,0.0,0.0,7.323606892237096,0.8137340991374551,4.66116421515374,0.5179071350170822,0.7777777777777778,0.0,,,,0.5676641991524622,1.4738178113236113,1.009834160763442,,
2019,4427709,Keshawn King,259,Virginia Tech,ACC,RB,,,78,339,2.0,0.0,,,,4.346153846153846,0.02564102564102564,0.0,0.0,7.555577011049491,0.09686637193653193,-1.611894603279491,-0.02066531542666014,0.4358974358974359,0.08974358974358974,,,,0.08871921377550374,0.1734945743107386,0.4856949416774052,,
2019,4427728,Zonovan Knight,152,NC State,ACC,RB,,,133,746,5.0,0.0,,,,5.609022556390977,0.03759398496240601,0.0,0.0,34.06403514202831,0.25612056497765645,21.210498646915067,0.15947743343545162,0.49624060150375937,0.19548872180451127,,,,0.2773145014661135,0.39685093065001276,0.25393131341906616,,
2019,4427730,Zane Knipe,242,Rice,Conference USA,WR,,,4,44,0.0,0.0,,,,11.0,0.0,0.0,0.0,4.759139435473456,1.189784858868364,3.6997239730158142,0.9249309932539536,1.0,0.5,,,,1.189784858868364,1.6310861347933967,1.6310861347933967,,
2019,4427789,Keyon Lesane,152,NC State,ACC,WR,,,5,60,0.0,0.0,,,,12.0,0.0,0.0,0.0,4.678966310045076,0.9357932620090151,3.2621152573301955,0.6524230514660391,0.8,0.4,,,,0.9357932620090151,,-0.5442208381761087,,
2019,4427790,Benjamin Lennon,254,Utah,Pac-12,P,,,1,-2,0.0,0.0,,,,-2.0,0.0,0.0,0.0,4.766856805319832,4.766856805319832,0.12075456971311915,0.12075456971311915,1.0,0.0,,,,,4.766856805319832,,,
2019,4427821,Torry Locklin,2305,Kansas,Big 12,RB,,,3,4,0.0,0.0,,,,1.3333333333333333,0.0,0.0,0.0,-1.3693022408787594,-0.4564340802929198,-1.2085476025523474,-0.40284920085078246,0.0,0.0,,,,-0.4564340802929198,,-0.5239952679092541,,
2019,4427835,Chris Lovick,202,Tulsa,American Athletic,RB,,,8,37,0.0,0.0,,,,4.625,0.0,0.0,0.0,1.9661675374960499,0.24577094218700624,2.7977783032297268,0.34972228790371584,0.875,0.0,,,,0.24411901725420257,0.25072671698541726,,,
2019,4427860,Ta'Ron Madison,204,Oregon State,Pac-12,RB,,,2,4,0.0,0.0,,,,2.0,0.0,0.0,0.0,-0.7132133886312482,-0.3566066943156241,-0.9160872568423791,-0.45804362842118956,0.5,0.0,,,,-0.3566066943156241,,,,
2019,4427901,Kiahn Martinez,70,Idaho,Big Sky,RB,,,3,16,0.0,0.0,,,,5.333333333333333,0.0,0.0,0.0,0.6209704579529327,0.20699015265097756,-0.02266606001293081,-0.007555353337643604,0.6666666666666666,0.0,,,,0.20699015265097756,,,,
2019,4427911,Hollis Mathis,2729,William & Mary,CAA,QB,,,15,47,0.0,0.0,,,,3.1333333333333333,0.0,0.0,0.0,-1.5282086769958338,-0.10188057846638893,-1.2589624320160735,-0.08393082880107157,0.3333333333333333,0.06666666666666667,,,,-0.2950194490581692,,,,
2019,4427916,Tony Mathis Jr.,277,West Virginia,Big 12,RB,,,4,14,0.0,0.0,,,,3.5,0.0,0.0,0.0,-0.0976541685362573,-0.024413542134064325,-0.9394057371930263,-0.23485143429825658,0.25,0.0,,,,-0.024413542134064325,,1.0293546857172342,,
2019,4427928,Brian Maurer,2633,Tennessee,SEC,QB,,,17,84,2.0,0.0,,,,4.9411764705882355,0.11764705882352941,0.0,0.0,9.618933910585596,0.5658196417991528,4.264026729871567,0.250825101757151,0.5294117647058824,0.17647058823529413,,,,0.1250882386056341,1.4028633584927088,1.6161936037181577,,
2019,4427936,Grayson McCall,324,Coastal Carolina,Sun Belt,QB,,,2,11,0.0,0.0,,,,5.5,0.0,0.0,0.0,1.4699999999999995,0.7349999999999998,0.9520237768444222,0.4760118884222111,0.5,0.0,,,,-0.013213388631248435,,,,
2019,4428119,Lew Nichols III,2117,Central Michigan,Mid-American,RB,,,19,89,0.0,0.0,,,,4.684210526315789,0.0,0.0,0.0,2.5644398225295397,0.13497051697523893,2.6269688345737694,0.13826151760914576,0.5789473684210527,0.10526315789473684,,,,0.04526470804733798,0.03786335849270839,-0.25223888839335795,,
2019,4428177,Nick Ostmo,149,Montana,Big Sky,RB,,,2,2,0.0,0.0,,,,1.0,0.0,0.0,0.0,-0.8950814027026515,-0.44754070135132573,-1.5531821295709065,-0.7765910647854533,0.0,0.0,,,,-0.44754070135132573,,,,
2019,4428180,LaDarius Owens,2640,Texas Southern,SWAC,RB,,,2,6,0.0,0.0,,,,3.0,0.0,0.0,0.0,-0.3926097627153129,-0.19630488135765645,-0.7134191383884964,-0.3567095691942482,0.0,0.0,,,,-0.19630488135765645,,,,
2019,4428209,Ricky Pearsall,9,Arizona State,Pac-12,WR,,,1,1,0.0,0.0,,,,1.0,0.0,0.0,0.0,-0.535175535907956,-0.535175535907956,-0.12341654627326905,-0.12341654627326905,0.0,0.0,,,,-0.535175535907956,,,,
2019,4428211,Nathaniel Peat,24,Stanford,Pac-12,RB,,,9,47,0.0,0.0,,,,5.222222222222222,0.0,0.0,0.0,2.30773661761548,0.25641517973505334,1.8972440149516467,0.21080489055018298,0.6666666666666666,0.1111111111111111,,,,0.25641517973505334,,,,
2019,4428263,Trey Potts,135,Minnesota,Big Ten,RB,,,7,51,1.0,0.0,,,,7.285714285714286,0.14285714285714285,0.0,0.0,4.634918597297348,0.6621312281853354,2.1627000702623764,0.3089571528946252,0.7142857142857143,0.2857142857142857,,,,0.7618476891322331,2.4706453142827653,2.4706453142827653,,
2019,4428314,Trevon Raymore,189,Bowling Green,Mid-American,RB,,,23,68,0.0,0.0,,,,2.9565217391304346,0.0,0.0,0.0,-2.5288684130090875,-0.1099508005656125,-4.582477120111592,-0.19923813565702572,0.43478260869565216,0.043478260869565216,,,,-0.16818595587555968,-0.6940528727592665,,,
2019,4428320,Courtney Reese,2439,UNLV,Mountain West,RB,,,10,57,1.0,0.0,,,,5.7,0.1,0.0,0.0,5.486372031268182,0.5486372031268182,4.578683813946252,0.45786838139462516,0.4,0.2,,,,0.41202094218700624,0.3939786476160985,2.075322657141382,,
2019,4428331,Rashee Rice,2567,SMU,American Athletic,WR,,,1,0,0.0,0.0,,,,0.0,0.0,0.0,0.0,-0.6999999999999997,-0.6999999999999997,-0.7029700220436519,-0.7029700220436519,0.0,0.0,,,,-0.6999999999999997,,,,
2019,4428345,Tyrice Richie,2459,Northern Illinois,Mid-American,WR,,,5,35,0.0,0.0,,,,7.0,0.0,0.0,0.0,3.0140795816957455,0.6028159163391491,3.0870691216371497,0.61741382432743,0.8,0.4,,,,0.2777165482661243,,,,
2019,4428367,Tayvion Robinson,259,Virginia Tech,ACC,WR,,,11,132,0.0,0.0,,,,12.0,0.0,0.0,0.0,7.5565962374320295,0.6869632943120026,6.8896746307062084,0.626334057336928,0.5454545454545454,0.36363636363636365,,,,0.6717037057942662,,-1.6738324625039498,,
2019,4428432,Cameron Sapp,50,Florida A&M,MEAC,QB,,,1,-1,0.0,0.0,,,,-1.0,0.0,0.0,0.0,-0.8648244640920444,-0.8648244640920444,-0.0982284152902766,-0.0982284152902766,0.0,0.0,,,,,,,,
2019,4428438,Edward Saydee,218,Temple,American Athletic,RB,,,2,2,0.0,0.0,,,,1.0,0.0,0.0,0.0,-0.9571749870409079,-0.47858749352045393,-1.417343168499938,-0.708671584249969,0.0,0.0,,,,-0.6999999999999997,,,,
2019,4428512,Kedon Slovis,30,USC,Pac-12,QB,,,21,104,0.0,0.0,,,,4.9523809523809526,0.0,0.0,0.0,6.057165131640442,0.28843643484002107,2.61118569863297,0.12434217612537952,0.6190476190476191,0.09523809523809523,,,,0.15737824603606573,0.5238324625039501,1.8125512395986847,,
2019,4428517,Savon Smith,257,Richmond,CAA,RB,,,10,66,0.0,0.0,,,,6.6,0.0,0.0,0.0,4.02231446311999,0.40223144631199903,2.9808162069062742,0.29808162069062744,0.7,0.3,,,,0.40223144631199903,-0.18935468571723435,,,
2019,4428532,Ainias Smith,245,Texas A&M,SEC,WR,,,7,54,0.0,0.0,,,,7.714285714285714,0.0,0.0,0.0,4.159977086972052,0.5942824409960075,0.7854779177593767,0.11221113110848238,0.7142857142857143,0.2857142857142857,,,,0.5942824409960075,,1.4642732830145824,,
2019,4428557,Tyjae Spears,2655,Tulane,American Athletic,RB,,,32,192,1.0,0.0,,,,6.0,0.03125,0.0,0.0,14.638260974210372,0.4574456554440741,9.854642675774697,0.3079575836179593,0.6875,0.09375,,,,0.3663341553964135,0.5872980848271552,0.1520188266410612,,
2019,4428606,Jacquez Stuart,2649,Toledo,Mid-American,RB,,,4,17,0.0,0.0,,,,4.25,0.0,0.0,0.0,0.9204932653491067,0.23012331633727667,-0.6689884212052011,-0.16724710530130027,0.5,0.0,,,,0.23012331633727667,,,,
2019,4428612,Aaron Bedgood,324,Coastal Carolina,Sun Belt,WR,,,4,60,0.0,0.0,,,,15.0,0.0,0.0,0.0,4.190388375672159,1.0475970939180397,1.5095333466959002,0.37738333667397506,1.0,0.5,,,,1.0475970939180397,1.4823350749920992,,,
2019,4428718,Tre Tucker,2132,Cincinnati,American Athletic,WR,,,6,90,0.0,0.0,,,,15.0,0.0,0.0,0.0,7.335102479197372,1.2225170798662286,8.3253806699805,1.38756344499675,0.8333333333333334,0.6666666666666666,,,,1.2225170798662286,,,,
2019,4428732,Sean Tyler,2711,Western Michigan,Mid-American,RB,,,67,377,5.0,0.0,,,,5.626865671641791,0.07462686567164178,0.0,0.0,28.319633892504516,0.4226811028732017,11.660261949440741,0.17403376043941404,0.43283582089552236,0.14925373134328357,,,,0.4752731843416522,-0.275531999461534,0.8006741473179206,,
2019,4428753,Lincoln Victor,62,Hawai'i,Mountain West,WR,,,2,49,0.0,0.0,,,,24.5,0.0,0.0,0.0,6.384477776786715,3.1922388883933577,5.277105187928691,2.6385525939643455,1.0,0.5,,,,,1.7653383413132593,1.7653383413132593,,
2019,4428765,Masen Wake,252,BYU,FBS Independents,TE,,,3,6,0.0,0.0,,,,2.0,0.0,0.0,0.0,-0.691248940198701,-0.230416313399567,-0.7024699154929817,-0.23415663849766055,0.3333333333333333,0.0,,,,-0.31808376874802446,,0.06383246250395036,,
2019,4428783,Treshaun Ward,52,Florida State,ACC,RB,,,10,44,0.0,0.0,,,,4.4,0.0,0.0,0.0,0.06596074256807483,0.006596074256807483,1.1760816150580258,0.11760816150580258,0.4,0.1,,,,0.20094764632406206,-0.8337048801258832,,,
2019,4428803,Jordan Waters,150,Duke,ACC,RB,,,2,8,0.0,0.0,,,,4.0,0.0,0.0,0.0,0.4353594178079794,0.2176797089039897,-0.37488832479196255,-0.18744416239598127,0.5,0.0,,,,0.2176797089039897,-0.26508140270265157,,,
2019,4428811,Xavier Weaver,58,South Florida,American Athletic,WR,,,1,4,0.0,0.0,,,,4.0,0.0,0.0,0.0,-0.013213388631248879,-0.013213388631248879,-0.155005977700494,-0.155005977700494,0.0,0.0,,,,-0.013213388631248879,,,,
2019,4428844,Chandler Whitfield,2433,UL Monroe,Sun Belt,WR,,,1,18,0.0,0.0,,,,18.0,0.0,0.0,0.0,1.2599999999999993,1.2599999999999993,0.871990703357186,0.871990703357186,1.0,1.0,,,,1.2599999999999993,,,,
2019,4428858,Cam Wiley,135,Minnesota,Big Ten,RB,,,15,49,0.0,0.0,,,,3.2666666666666666,0.0,0.0,0.0,-0.8962380384216644,-0.059749202561444295,-1.2816611589444717,-0.08544407726296478,0.4,0.0,,,,-0.059749202561444295,-0.6242732830145821,-0.25223888839335795,,
2019,4428890,Levi Williams,2751,Wyoming,Mountain West,QB,,,37,193,2.0,0.0,,,,5.216216216216216,0.05405405405405406,0.0,0.0,15.062430764748969,0.40709272337159375,9.460280902770629,0.2556832676424494,0.4594594594594595,0.13513513513513514,,,,0.20482043608302877,1.7671308060900643,1.1443468369533703,,
2019,4428915,Lee Witherspoon,344,Mississippi State,SEC,RB,,,22,101,1.0,0.0,,,,4.590909090909091,0.045454545454545456,0.0,0.0,4.118387555146418,0.18719943432483718,0.4145625233995314,0.018843751063615063,0.3181818181818182,0.13636363636363635,,,,0.20799179126009548,0.0973826684762793,0.048242075546531295,,
2019,4428931,Jamontez Woods,2653,Troy,Sun Belt,RB,,,22,105,0.0,0.0,,,,4.7727272727272725,0.0,0.0,0.0,3.5830042925474346,0.16286383147942884,4.855609459162677,0.22070952087103077,0.5,0.13636363636363635,,,,0.15741608127862292,0.026956366309754065,-1.0206036259159363,,
2019,4428938,Dante Wright,36,Colorado State,Mountain West,WR,,,17,214,2.0,0.0,,,,12.588235294117647,0.11764705882352941,0.0,0.0,21.78668187933987,1.28156952231411,14.646577512848081,0.8615633831087106,0.5882352941176471,0.29411764705882354,,,,1.1769095945841677,3.082863358492708,1.1436696570986462,,
2019,4428943,Jacardia Wright,2306,Kansas State,Big 12,RB,,,22,122,1.0,0.0,,,,5.545454545454546,0.045454545454545456,0.0,0.0,7.747931250697369,0.35217869321351675,2.8349955337362926,0.12886343335164965,0.45454545454545453,0.13636363636363635,,,,0.3800249662522926,-0.03921649235037824,1.1007146445475007,,
2019,4428961,Jordan Yates,59,Georgia Tech,ACC,QB,,,7,31,0.0,0.0,,,,4.428571428571429,0.0,0.0,0.0,2.3385728064392275,0.3340818294913182,3.3489665114973093,0.47842378735675845,0.42857142857142855,0.14285714285714285,,,,-0.019893656861533437,,,,
2019,4428969,Joshua Youngblood,2306,Kansas State,Big 12,WR,,,11,55,1.0,0.0,,,,5.0,0.09090909090909091,0.0,0.0,5.968656926595996,0.5426051751450905,4.031664151855771,0.36651492289597914,0.6363636363636364,0.2727272727272727,,,,0.3954733947235479,1.7006453142827662,0.9153578014302485,,
2019,4428970,Damean Bivins,6,South Alabama,Sun Belt,RB,,,3,17,0.0,0.0,,,,5.666666666666667,0.0,0.0,0.0,0.3557267169854166,0.1185755723284722,0.6669802793225196,0.22232675977417318,0.6666666666666666,0.0,,,,0.1185755723284722,-0.48427328301458283,,,
2019,4428977,Jack Zergiotis,41,UConn,American Athletic,QB,,,18,78,0.0,0.0,,,,4.333333333333333,0.0,0.0,0.0,1.3690647952023938,0.07605915528902188,4.830758861559794,0.2683754923088774,0.4444444444444444,0.1111111111111111,,,,0.10663748936815623,-0.7993143133710766,,,
2019,4429083,Darius Boone Jr.,2199,Eastern Michigan,Mid-American,RB,,,2,5,0.0,0.0,,,,2.5,0.0,0.0,0.0,-0.5044777767867163,-0.2522388883933582,-1.0212853835588103,-0.5106426917794051,0.5,0.0,,,,-0.2522388883933582,,,,
2019,4429362,Jalon Calhoun,150,Duke,ACC,WR,,,3,6,0.0,0.0,,,,2.0,0.0,0.0,0.0,-1.0486986149628237,-0.3495662049876079,-1.6018535533793266,-0.5339511844597755,0.0,0.0,,,,-0.3495662049876079,,,,
2019,4429410,Sevaughn Clark,61,Georgia,SEC,RB,,,6,19,0.0,0.0,,,,3.1666666666666665,0.0,0.0,0.0,-0.13869861496282399,-0.023116435827137332,-0.39572991786901923,-0.0659549863115032,0.5,0.0,,,,-0.15786878584911782,0.6506453142827651,,,
2019,4429413,Brendon Clark,87,Notre Dame,FBS Independents,QB,,,5,33,0.0,0.0,,,,6.6,0.0,0.0,0.0,2.589118358978736,0.5178236717957472,2.972761598162377,0.5945523196324755,0.8,0.2,,,,0.15821352739733996,0.39072671698541717,,,
2019,4429449,Evan Conley,97,Louisville,ACC,QB,,,18,175,1.0,0.0,,,,9.722222222222221,0.05555555555555555,0.0,0.0,18.860548399053037,1.0478082443918355,14.67972816869744,0.8155404538165245,0.7222222222222222,0.3888888888888889,,,,0.4389309030750649,3.828186015634091,,,
2019,4429454,Ron Cook Jr.,2084,Buffalo,Mid-American,RB,,,18,96,1.0,0.0,,,,5.333333333333333,0.05555555555555555,0.0,0.0,7.206102004338217,0.4003390002410121,2.8114635759443813,0.15619242088579896,0.6111111111111112,0.1111111111111111,,,,0.14408239012528976,0.5106453142827645,0.911834160763442,,
2019,4429481,Marcus Crowley,194,Ohio State,Big Ten,RB,,,25,237,1.0,0.0,,,,9.48,0.04,0.0,0.0,17.517854595611784,0.7007141838244714,14.59003172299077,0.5836012689196308,0.64,0.24,,,,0.7111847382958404,0.6623381051357616,0.9190308959887583,,
2019,4429501,Ray Davis,218,Temple,American Athletic,RB,,,190,981,8.0,0.0,,,,5.163157894736842,0.042105263157894736,0.0,0.0,55.78690789438881,0.2936153047073095,25.271053357006107,0.13300554398424266,0.5,0.15263157894736842,,,,0.2072703532724069,0.6279038845972684,1.066631390069964,,
2019,4429505,Kelvin Dean Jr.,2226,Florida Atlantic,Conference USA,RB,,,7,30,0.0,0.0,,,,4.285714285714286,0.0,0.0,0.0,0.4525428961463467,0.06464898516376381,-0.02354846389284493,-0.0033640662704064184,0.5714285714285714,0.14285714285714285,,,,-0.2435674889081172,0.6156453142827654,,,
2019,4429527,King Doerue,2509,Purdue,Big Ten,RB,,,129,451,5.0,0.0,,,,3.496124031007752,0.03875968992248062,0.0,0.0,2.1265908862838714,0.01648520066886722,-8.178192219048526,-0.06339683890735291,0.37209302325581395,0.10852713178294573,,,,-0.027966117511618604,0.04462621677471761,0.8037065781282883,,
2019,4429562,Micaleous Elder,2429,Charlotte,Conference USA,WR,,,4,21,0.0,0.0,,,,5.25,0.0,0.0,0.0,1.2670491785173141,0.31676229462932853,1.1904728212142452,0.2976182053035613,0.5,0.25,,,,0.31676229462932853,,,,
2019,4429582,Joe Fagnano,311,Maine,CAA,QB,,,9,37,0.0,0.0,,,,4.111111111111111,0.0,0.0,0.0,2.001430520942886,0.222381168993654,0.5570970804090121,0.06189967560100134,0.5555555555555556,0.1111111111111111,,,,0.04403883975799307,0.47602574664476105,0.4013467612193999,,
2019,4429595,Chandler Fields,309,Louisiana,Sun Belt,QB,,,1,4,0.0,0.0,,,,4.0,0.0,0.0,0.0,-0.013213388631248879,-0.013213388631248879,-0.1055620972164722,-0.1055620972164722,0.0,0.0,,,,-0.013213388631248879,,,,
2019,4429602,Walter Fletcher,2050,Ball State,Mid-American,RB,,,132,748,5.0,0.0,,,,5.666666666666667,0.03787878787878788,0.0,0.0,43.08020408424837,0.32636518245642704,22.852218796596496,0.17312286967118556,0.4772727272727273,0.17424242424242425,,,,0.39827881103927687,0.07879067708939395,0.4672778455249684,,
2019,4429615,Zay Flowers,103,Boston College,ACC,WR,,,27,195,1.0,0.0,,,,7.222222222222222,0.037037037037037035,0.0,0.0,11.352778567404458,0.4204732802742392,5.26649900680315,0.19505551877048702,0.5555555555555556,0.25925925925925924,,,,0.4204732802742392,,-1.6332288365880143,,
2019,4429652,Patrick Garwo III,103,Boston College,ACC,RB,,,18,73,0.0,0.0,,,,4.055555555555555,0.0,0.0,0.0,-2.7683017839748594,-0.15379454355415886,-4.6326737381678385,-0.25737076323154656,0.16666666666666666,0.1111111111111111,,,,-0.07247288575814541,,-1.2591394354734553,,
2019,4429665,Terrance Gipson,2567,SMU,American Athletic,QB,,,7,52,0.0,0.0,,,,7.428571428571429,0.0,0.0,0.0,2.7572536722894467,0.39389338175563526,2.9834725465394367,0.4262103637913481,0.42857142857142855,0.2857142857142857,,,,-0.0353571169657696,-0.20427328301458259,,,
2019,4429668,Jermaine Givens Jr.,2320,Lamar,Southland,RB,,,8,27,0.0,0.0,,,,3.375,0.0,0.0,0.0,-0.9994694307946475,-0.12493367884933093,-0.7889934811868935,-0.09862418514836169,0.375,0.125,,,,-0.07260072037702578,,,,
2019,4429676,Tyler Goodson,2294,Iowa,Big Ten,RB,,,133,615,5.0,0.0,,,,4.62406015037594,0.03759398496240601,0.0,0.0,18.698281761195595,0.14058858467064358,-1.6780123375394194,-0.012616634116837739,0.40601503759398494,0.14285714285714285,,,,0.08189430965871415,0.4869611247152279,0.9333350211359609,,
2019,4429708,Dywan Griffin,2636,UTSA,Conference USA,CB,,,2,9,0.0,0.0,,,,4.5,0.0,0.0,0.0,0.32104444642656826,0.16052222321328413,0.026762109174676585,0.013381054587338292,0.5,0.0,,,,0.16052222321328413,,,,
2019,4429709,Jam Griffin,59,Georgia Tech,ACC,RB,,,36,129,0.0,0.0,,,,3.5833333333333335,0.0,0.0,0.0,-2.0814288459675057,-0.057817467943541825,-1.474555434573941,-0.04095987318260947,0.4166666666666667,0.05555555555555555,,,,-0.14507766372777858,0.21572671698541734,-0.42279306096042124,,
2019,4429728,John Haggerty,98,Western Kentucky,Conference USA,P,,,1,3,0.0,0.0,,,,3.0,0.0,0.0,0.0,-2.9393107321762177,-2.9393107321762177,-3.2829205015093486,-3.2829205015093486,0.0,0.0,,,,,,-2.9393107321762177,,
2019,4429835,George Holani,68,Boise State,Mountain West,RB,,,167,978,6.0,0.0,,,,5.8562874251497,0.03592814371257485,0.0,0.0,52.26277528762923,0.31295075022532476,26.481219127953075,0.1585701744188807,0.47305389221556887,0.1377245508982036,,,,0.28688868899604947,0.40928945748455603,0.4804727072720199,,
2019,4429898,Nate Jefferson,2229,Florida International,Conference USA,WR,,,1,15,0.0,0.0,,,,15.0,0.0,0.0,0.0,0.5806453142827657,0.5806453142827657,0.825473927858958,0.825473927858958,1.0,1.0,,,,0.5806453142827657,0.5806453142827657,,,
2019,4429911,JoVoni Johnson-McCray,242,Rice,Conference USA,WR,,,25,171,2.0,0.0,,,,6.84,0.08,0.0,0.0,19.212782298365987,0.7685112919346395,12.97831018071274,0.5191324072285096,0.68,0.24,,,,0.500365355549179,-0.1541342754619186,2.5097388883933576,,
2019,4429939,Jawhar Jordan,183,Syracuse,ACC,RB,,,14,94,1.0,0.0,,,,6.714285714285714,0.07142857142857142,0.0,0.0,7.0164200420230625,0.5011728601445045,5.008426124153064,0.3577447231537903,0.6428571428571429,0.21428571428571427,,,,0.39148894124147576,0.6814901946374323,1.7499999999999993,,
2019,4429976,Micah Kelly,2649,Toledo,Mid-American,RB,,,6,70,1.0,0.0,,,,11.666666666666666,0.16666666666666666,0.0,0.0,8.245522223213282,1.3742537038688802,4.314781089650433,0.7191301816084055,0.6666666666666666,0.3333333333333333,,,,1.3742537038688802,,,,
2019,4430066,Ross Malmgren,2127,Charleston Southern,Big South,QB,,,1,1,0.0,0.0,,,,1.0,0.0,0.0,0.0,-0.06427328301458335,-0.06427328301458335,0.656252897431063,0.656252897431063,0.0,0.0,,,,,-0.06427328301458335,,,
2019,4430067,Jaren Mangham,38,Colorado,Pac-12,RB,,,106,433,3.0,0.0,,,,4.084905660377358,0.02830188679245283,0.0,0.0,21.698536488614153,0.20470317442088823,8.543224074209244,0.08059645353027588,0.46226415094339623,0.07547169811320754,,,,0.17594476433562686,-0.0794196011569617,0.4901703510444249,,
2019,4430077,Jaharie Martin,147,Montana State,Big Sky,FB,,,1,4,0.0,0.0,,,,4.0,0.0,0.0,0.0,-0.013213388631248657,-0.013213388631248657,-0.098522001264528,-0.098522001264528,0.0,0.0,,,,-0.013213388631248657,,,,
2019,4430089,Michael Mathison,2006,Akron,Mid-American,WR,,,2,10,0.0,0.0,,,,5.0,0.0,0.0,0.0,0.39104444642656677,0.19552222321328339,0.1829745317064066,0.0914872658532033,1.0,0.0,,,,0.19552222321328339,,,,
2019,4430095,James Maye,193,Miami (OH),Mid-American,WR,,,1,8,0.0,0.0,,,,8.0,0.0,0.0,0.0,1.0293546857172347,1.0293546857172347,0.20313107232292715,0.20313107232292715,1.0,0.0,,,,1.0293546857172347,,,,
2019,4430100,Larry McCammon,2226,Florida Atlantic,Conference USA,RB,,,88,321,7.0,0.0,,,,3.647727272727273,0.07954545454545454,0.0,0.0,16.282962680839024,0.1850336668277162,3.8948231636150004,0.04425935413198864,0.4090909090909091,0.10227272727272728,,,,0.16643645240679705,1.4215650930478032,1.3265358258733786,,
2019,4430104,Sincere McCormick,2636,UTSA,Conference USA,RB,,,175,967,8.0,0.0,,,,5.525714285714286,0.045714285714285714,0.0,0.0,43.43743499357763,0.24821391424901504,28.09151622053281,0.16052294983161605,0.4514285714285714,0.14857142857142858,,,,0.2477218805772673,0.2247523533654001,0.3540051230434901,,
2019,4430123,TJ McDaniel,2567,SMU,American Athletic,RB,,,41,236,3.0,0.0,,,,5.7560975609756095,0.07317073170731707,0.0,0.0,15.437649388253865,0.37652803385985034,8.276263738931124,0.20186009119344206,0.36585365853658536,0.12195121951219512,,,,0.2814712721432835,0.49852836313005966,0.5220972311348009,,
2019,4430191,Skyy Moore,2711,Western Michigan,Mid-American,WR,,,1,2,1.0,0.0,,,,2.0,1.0,0.0,0.0,3.8706453142827653,3.8706453142827653,2.544830284062861,2.544830284062861,1.0,0.0,,,,,3.8706453142827653,3.8706453142827653,,
2019,4430288,Eli Pancol,150,Duke,ACC,WR,,,3,20,1.0,0.0,,,,6.666666666666667,0.3333333333333333,0.0,0.0,6.216342463476005,2.072114154492002,5.3906295183796935,1.7968765061265646,1.0,0.0,,,,2.236475410741343,,3.499559179489368,,
2019,4430323,Ja'Shaun Poke,2309,Kent State,Mid-American,WR,,,1,18,0.0,0.0,,,,18.0,0.0,0.0,0.0,1.259999999999999,1.259999999999999,0.735233243675582,0.735233243675582,1.0,1.0,,,,1.259999999999999,,,,
2019,4430431,Kurtis Rourke,195,Ohio,Mid-American,QB,,,3,-3,0.0,0.0,,,,-1.0,0.0,0.0,0.0,-2.1823528241047043,-0.7274509413682347,-0.9194362185077143,-0.30647873950257143,0.3333333333333333,0.0,,,,-0.7274509413682347,,,,
2019,4430551,Titus Swen,2751,Wyoming,Mountain West,RB,,,66,328,1.0,0.0,,,,4.96969696969697,0.015151515151515152,0.0,0.0,10.977300863444471,0.16632274035521927,1.116984641889013,0.016924009725591105,0.42424242424242425,0.045454545454545456,,,,0.18835616087811533,-0.062434906952196466,-0.483957202402249,,
2019,4430681,Jared Wayne,221,Pittsburgh,ACC,WR,,,1,-3,0.0,0.0,,,,-3.0,0.0,0.0,0.0,-1.127045851135199,-1.127045851135199,-0.9562833890771465,-0.9562833890771465,0.0,0.0,,,,-1.127045851135199,,,,
2019,4430686,Grant Wells,276,Marshall,Conference USA,QB,,,1,1,0.0,0.0,,,,1.0,0.0,0.0,0.0,-0.8393107321762181,-0.8393107321762181,-2.0942169033776867,-2.0942169033776867,0.0,0.0,,,,,,,,
2019,4430714,Reese White,324,Coastal Carolina,Sun Belt,RB,,,36,167,3.0,0.0,,,,4.638888888888889,0.08333333333333333,0.0,0.0,15.104891626351243,0.4195803229542012,12.22999913226757,0.33972219811854365,0.6111111111111112,0.08333333333333333,,,,0.326840026021345,0.4368936686771567,1.1166762681256361,,
2019,4430731,Will Williams,239,Baylor,Big 12,LB,,,1,2,0.0,0.0,,,,2.0,0.0,0.0,0.0,-0.379396374084064,-0.379396374084064,-0.6861929923492786,-0.6861929923492786,0.0,0.0,,,,-0.379396374084064,,,,
2019,4430737,Kyren Williams,87,Notre Dame,FBS Independents,RB,,,4,26,0.0,0.0,,,,6.5,0.0,0.0,0.0,1.8039246068177321,0.45098115170443304,2.44934813428359,0.6123370335708975,0.75,0.25,,,,0.45098115170443304,,,,
2019,4430775,Hayden Wolff,295,Old Dominion,Conference USA,QB,,,6,30,0.0,0.0,,,,5.0,0.0,0.0,0.0,1.6256954229930294,0.2709492371655049,2.070534331623837,0.34508905527063954,0.3333333333333333,0.16666666666666666,,,,-0.2659252377727588,,,,
2019,4567031,Michael Kern,154,Wake Forest,ACC,QB,,,5,24,0.0,0.0,,,,4.8,0.0,0.0,0.0,2.1599475551615255,0.4319895110323051,2.4421757228145595,0.4884351445629119,0.6,0.0,,,,0.02333333333333328,0.1457267169854175,,,
2019,4567037,Kendrell Flowers,154,Wake Forest,ACC,RB,,,9,27,0.0,0.0,,,,3.0,0.0,0.0,0.0,-0.04960086785619677,-0.005511207539577419,-0.9978595494491722,-0.11087328327213025,0.3333333333333333,0.0,,,,-0.20110469339782772,,,,
2019,4567048,Kenneth Walker III,154,Wake Forest,ACC,RB,,,97,574,4.0,0.0,,,,5.917525773195877,0.041237113402061855,0.0,0.0,20.602235823837997,0.21239418375090718,8.168779169704084,0.084214218244372,0.4536082474226804,0.14432989690721648,,,,0.2576343061618486,-0.3439080224550321,0.26040056201051487,,
2019,4567095,Keilan Robinson,333,Alabama,SEC,RB,,,39,254,2.0,0.0,,,,6.512820512820513,0.05128205128205128,0.0,0.0,12.565607834429258,0.3221950726776733,4.045968788712232,0.1037427894541598,0.5384615384615384,0.07692307692307693,,,,0.47899461424968,-2.937012417850716,-0.46399382973463765,,
2019,4567097,Taulia Tagovailoa,333,Alabama,SEC,QB,,,1,-2,0.0,0.0,,,,-2.0,0.0,0.0,0.0,-1.2049185972973486,-1.2049185972973486,-0.428029758031601,-0.428029758031601,0.0,0.0,,,,,,-1.2049185972973486,,
2019,4567149,KJ Jefferson,8,Arkansas,SEC,QB,,,25,103,2.0,0.0,,,,4.12,0.08,0.0,0.0,8.327379480813043,0.33309517923252174,5.557388730634778,0.22229554922539113,0.56,0.12,,,,0.04986928754973874,0.6125488125072731,0.9826236941570304,,
2019,4567152,Greg Brooks Jr.,8,Arkansas,SEC,S,,,1,0,0.0,0.0,,,,0.0,0.0,0.0,0.0,-0.6999999999999993,-0.6999999999999993,-0.9937966012014892,-0.9937966012014892,0.0,0.0,,,,-0.6999999999999993,,,,
2019,4567156,Treylon Burks,8,Arkansas,SEC,WR,,,8,35,0.0,0.0,,,,4.375,0.0,0.0,0.0,0.8501553403341195,0.10626941754176494,-0.9801063758511792,-0.1225132969813974,0.375,0.125,,,,0.10626941754176494,,-0.19630488135765645,,
2019,4567160,A'Montae Spivey,8,Arkansas,SEC,RB,,,6,13,0.0,0.0,,,,2.1666666666666665,0.0,0.0,0.0,-0.3789588809555462,-0.06315981349259103,-0.6248338858430289,-0.10413898097383815,0.3333333333333333,0.0,,,,-0.18740104880957775,0.1853226571413824,,,
2019,4567216,DJ Williams,2,Auburn,SEC,RB,,,83,399,2.0,0.0,,,,4.807228915662651,0.024096385542168676,0.0,0.0,11.35470378991781,0.1368036601194917,3.0649143127039196,0.036926678466312285,0.4457831325301205,0.060240963855421686,,,,0.12709157930482035,0.511521551388312,0.6057368541481005,,
2019,4567218,Bo Nix,2,Auburn,SEC,QB,,,78,442,7.0,0.0,,,,5.666666666666667,0.08974358974358974,0.0,0.0,48.610497778177226,0.6232115099766311,29.016225747730108,0.37200289420166804,0.6282051282051282,0.1794871794871795,,,,0.5287427321743773,1.0119233346939291,1.9137502294529802,,
2019,4567221,Jashawn Sheffield,2,Auburn,SEC,WR,,,2,30,0.0,0.0,,,,15.0,0.0,0.0,0.0,3.1276124801694265,1.5638062400847133,3.4603359330025985,1.7301679665012992,1.0,1.0,,,,1.5638062400847133,,,,
2019,4567241,Kinkead Dent,145,Ole Miss,SEC,QB,,,2,9,0.0,0.0,,,,4.5,0.0,0.0,0.0,0.18230883458203406,0.09115441729101703,-0.008280572591301605,-0.004140286295650802,0.5,0.0,,,,0.09115441729101703,,,,
2019,4567243,Grant Tisdale,145,Ole Miss,SEC,QB,,,2,10,0.0,0.0,,,,5.0,0.0,0.0,0.0,1.1112489401987005,0.5556244700993502,2.3244861199538667,1.1622430599769333,1.0,0.0,,,,0.19552222321328339,0.9157267169854171,,,
2019,4567246,Snoop Conner,145,Ole Miss,SEC,RB,,,80,511,5.0,0.0,,,,6.3875,0.0625,0.0,0.0,20.787791002728223,0.2598473875341028,11.305197265254543,0.1413149658156818,0.425,0.175,,,,0.16454216591354637,0.583455938656413,-0.12880680845761477,,
2019,4567400,Nay'Quan Wright,57,Florida,SEC,RB,,,12,24,0.0,0.0,,,,2.0,0.0,0.0,0.0,-2.4484501676496726,-0.20403751397080605,-4.54506532076095,-0.3787554433967459,0.25,0.0,,,,-0.427492691867484,-0.19659357411059242,-1.4638324625039507,,
2019,4567455,Demetrius Mauney,151,East Carolina,American Athletic,S,,,123,437,1.0,0.0,,,,3.5528455284552845,0.008130081300813009,0.0,0.0,-18.300274525850686,-0.1487827197223633,-23.752862463710834,-0.19311270295699864,0.37398373983739835,0.0975609756097561,,,,-0.08550932860706603,-0.7793811389087321,-0.7170362638315062,,
2019,4567457,Bryan Gagg,151,East Carolina,American Athletic,TE,,,1,11,0.0,0.0,,,,11.0,0.0,0.0,0.0,0.7700000000000005,0.7700000000000005,0.1725581200991116,0.1725581200991116,1.0,1.0,,,,0.7700000000000005,,,,
2019,4567470,Jsi Hatfield,151,East Carolina,American Athletic,WR,,,12,70,0.0,0.0,,,,5.833333333333333,0.0,0.0,0.0,1.6768583039763256,0.13973819199802714,0.36000574481388736,0.030000478734490615,0.5833333333333334,0.4166666666666667,,,,0.13973819199802714,,-1.2591394354734562,,
2019,4567476,Logan Holgorsen,248,Houston,American Athletic,QB,,,1,14,0.0,0.0,,,,14.0,0.0,0.0,0.0,1.6336696570986469,1.6336696570986469,1.1837724243051442,1.1837724243051442,1.0,1.0,,,,1.6336696570986469,,,,
2019,4567485,Terrell Brown,248,Houston,American Athletic,RB,,,9,20,0.0,0.0,,,,2.2222222222222223,0.0,0.0,0.0,-2.8326635716567967,-0.31474039685075517,-3.2723390296547867,-0.3635932255171985,0.2222222222222222,0.0,,,,-0.31474039685075517,,0.19552222321328339,,
2019,4567495,Quavon Beckford,248,Houston,American Athletic,WR,,,1,-5,0.0,0.0,,,,-5.0,0.0,0.0,0.0,-1.3872241044972697,-1.3872241044972697,-0.710843360182087,-0.710843360182087,0.0,0.0,,,,-1.3872241044972697,,-1.3872241044972697,,
2019,4567507,Rodrigues Clark,235,Memphis,American Athletic,RB,,,25,89,1.0,0.0,,,,3.56,0.04,0.0,0.0,4.044954010523329,0.16179816042093315,-0.37993846969640743,-0.015197538787856298,0.48,0.08,,,,0.12020650072831282,-0.30927328301458235,1.085,,
2019,4567533,Keyon Henry-Brooks,238,Vanderbilt,SEC,RB,,,56,252,1.0,0.0,,,,4.5,0.017857142857142856,0.0,0.0,3.117547802424098,0.05567049647185889,-1.7805868047319038,-0.03179619294164114,0.375,0.08928571428571429,,,,0.08544849422709234,-0.3954144645352002,-0.24594439697893425,,
2019,4568063,JaVonta Payton,344,Mississippi State,SEC,WR,,,1,11,0.0,0.0,,,,11.0,0.0,0.0,0.0,0.7699999999999998,0.7699999999999998,1.0006166758011863,1.0006166758011863,1.0,1.0,,,,0.7699999999999998,,,,
2019,4568233,Jaylen Coleman,150,Duke,ACC,RB,,,15,42,0.0,0.0,,,,2.8,0.0,0.0,0.0,-4.391157197322679,-0.29274381315484527,-4.580370847684342,-0.3053580565122894,0.4,0.06666666666666667,,,,-0.05389319747588756,0.005726716985416935,-0.3010861347933984,,
2019,4568308,Lou Hedley,2390,Miami,ACC,P,,,1,21,0.0,0.0,,,,21.0,0.0,0.0,0.0,2.035726716985417,2.035726716985417,3.402700902069273,3.402700902069273,1.0,1.0,,,,,2.035726716985417,,,
2019,4568312,Jordan Houston,152,NC State,ACC,RB,,,100,528,2.0,0.0,,,,5.28,0.02,0.0,0.0,16.372320928949605,0.16372320928949605,7.874337352405853,0.07874337352405852,0.46,0.17,,,,0.166846509054314,0.46012672868966237,0.25073614301804853,,
2019,4568328,Michiah Burton,2006,Akron,Mid-American,RB,,,37,120,1.0,0.0,,,,3.2432432432432434,0.02702702702702703,0.0,0.0,0.5361171999729084,0.014489654053321848,-1.7731123206335624,-0.0479219546117179,0.3783783783783784,0.08108108108108109,,,,-0.09914988117313797,0.4725488125072732,0.5617502119602598,,
2019,4568336,Zach Gibson,2006,Akron,Mid-American,QB,,,3,10,0.0,0.0,,,,3.3333333333333335,0.0,0.0,0.0,-0.8001030715992017,-0.26670102386640054,-0.8853386819846427,-0.2951128939948809,0.3333333333333333,0.3333333333333333,,,,0.8400000000000003,,-0.7000000000000002,,
2019,4568406,Calvin Hill,326,Texas State,Sun Belt,RB,,,16,28,1.0,0.0,,,,1.75,0.0625,0.0,0.0,-2.8499220501516307,-0.17812012813447692,-4.900733204031461,-0.3062958252519663,0.1875,0.0625,,,,-0.17812012813447692,-0.049354685717235114,1.187229920236444,,
2019,4568411,Cornelious Brown IV,2247,Georgia State,Sun Belt,QB,,,4,15,0.0,0.0,,,,3.75,0.0,0.0,0.0,0.189094112749977,0.04727352818749425,-1.4153100414562019,-0.35382751036405047,0.5,0.0,,,,-0.22252112090435502,,,,
2019,4568419,Khaleb Hood,290,Georgia Southern,Sun Belt,WR,,,2,34,0.0,0.0,,,,17.0,0.0,0.0,0.0,3.8486986149628253,1.9243493074814126,3.965888579673181,1.9829442898365905,1.0,0.5,,,,2.364220838176108,,,,
2019,4568524,Perry Olsen,2426,Navy,American Athletic,LB,,,29,103,2.0,0.0,,,,3.5517241379310347,0.06896551724137931,0.0,0.0,7.39889738359212,0.2551343925376593,3.229090198609674,0.1113479378830922,0.4827586206896552,0.10344827586206896,,,,0.09261509924154669,1.829456366309754,1.5561293690655056,,
2019,4568551,Mark Walker,2426,Navy,American Athletic,WR,,,1,13,0.0,0.0,,,,13.0,0.0,0.0,0.0,1.6099999999999999,1.6099999999999999,2.249305177586466,2.249305177586466,1.0,1.0,,,,1.6099999999999999,,,,
2019,4568583,Tyler Lavine,2567,SMU,American Athletic,RB,,,9,38,1.0,0.0,,,,4.222222222222222,0.1111111111111111,0.0,0.0,5.040003327382113,0.5600003697091237,1.9036981189862507,0.21152201322069453,0.6666666666666666,0.1111111111111111,,,,0.35688559126059577,1.406881771427588,0.9099999999999998,,
2019,4568613,Tayvon Ruley,218,Temple,American Athletic,RB,,,24,127,1.0,0.0,,,,5.291666666666667,0.041666666666666664,0.0,0.0,-0.6293125968834854,-0.026221358203478557,-0.4858958467201277,-0.02024566028000532,0.5416666666666666,0.16666666666666666,,,,0.3570426276856727,-2.5322570544706613,-1.5547343630211674,,
2019,4568660,Vincent Davis Jr.,221,Pittsburgh,ACC,RB,,,58,342,5.0,0.0,,,,5.896551724137931,0.08620689655172414,0.0,0.0,27.271361784401023,0.4701958928345004,13.663949215663642,0.23558533130454556,0.4827586206896552,0.13793103448275862,,,,0.4131383552176764,-0.13953827594768886,2.636362175470022,,
2019,4568670,Josh Henderson,153,North Carolina,ACC,RB,,,18,127,0.0,0.0,,,,7.055555555555555,0.0,0.0,0.0,6.03093408585974,0.33505189365887444,5.4230180210821715,0.3012787789490095,0.5555555555555556,0.16666666666666666,,,,0.3049139987574981,-0.48427328301458283,,,
2019,4569001,Cam Ross,41,UConn,American Athletic,WR,,,3,10,0.0,0.0,,,,3.3333333333333335,0.0,0.0,0.0,-0.5057969109364979,-0.16859897031216597,0.5183977513878659,0.17279925046262198,0.3333333333333333,0.0,,,,-0.4307618139609579,0.3557267169854179,,,
2019,4569024,Jaylen Thomas,36,Colorado State,Mountain West,RB,,,68,207,3.0,0.0,,,,3.0441176470588234,0.04411764705882353,0.0,0.0,0.25718332901190033,0.0037821077795867695,-4.013410892207569,-0.059020748414817185,0.39705882352941174,0.04411764705882353,,,,0.015516779383455673,-0.48316658034642834,0.1357109170763798,,
2019,4569095,Andy Bautista,2229,Florida International,Conference USA,FB,,,1,6,0.0,0.0,,,,6.0,0.0,0.0,0.0,0.42961162432784317,0.42961162432784317,0.16823773848787482,0.16823773848787482,1.0,0.0,,,,0.42961162432784317,,,,
2019,4569119,Chris Herron,2306,Kansas State,Big 12,QB,,,1,-1,0.0,0.0,,,,-1.0,0.0,0.0,0.0,-0.848310239290667,-0.848310239290667,-0.24902633162455778,-0.24902633162455778,0.0,0.0,,,,-0.848310239290667,,,,
2019,4569138,Tayvian Cunningham,12,Arizona,Pac-12,WR,,,1,-1,0.0,0.0,,,,-1.0,0.0,0.0,0.0,-0.8483102392906674,-0.8483102392906674,-0.368994498525638,-0.368994498525638,0.0,0.0,,,,-0.8483102392906674,,-0.8483102392906674,,
2019,4569150,Dante Smith,12,Arizona,Pac-12,LB,,,2,7,0.0,0.0,,,,3.5,0.0,0.0,0.0,-0.1146092138482655,-0.05730460692413275,-0.324722899618574,-0.162361449809287,0.5,0.0,,,,-0.05730460692413275,,,,
2019,4569156,Michael Wiley,12,Arizona,Pac-12,RB,,,30,107,0.0,0.0,,,,3.566666666666667,0.0,0.0,0.0,-1.5943046769707536,-0.053143489232358454,-3.5951721400915684,-0.11983907133638562,0.36666666666666664,0.06666666666666667,,,,-0.12375981174086678,-0.4389379947886362,-0.23671549230879418,,
2019,4569173,Rhamondre Stevenson,201,Oklahoma,Big 12,RB,,,55,460,5.0,0.0,,,,8.363636363636363,0.09090909090909091,0.0,0.0,35.487987833014124,0.6452361424184386,14.909918908972116,0.27108943470858393,0.45454545454545453,0.23636363636363636,,,,0.6531451771865989,0.29691594810520183,0.4820105647368273,,
2019,4569193,Ethan Long,9,Arizona State,Pac-12,QB,,,6,32,0.0,0.0,,,,5.333333333333333,0.0,0.0,0.0,1.0302152502437782,0.17170254170729637,-0.7201445539428493,-0.12002409232380822,0.5,0.16666666666666666,,,,0.05594769353428031,0.4032122380533285,0.0790013875894567,,
2019,4569239,Trevon Clark,25,California,Pac-12,WR,,,2,26,0.0,0.0,,,,13.0,0.0,0.0,0.0,2.02082919618279,1.010414598091395,0.8501673338958231,0.42508366694791155,0.5,0.5,,,,1.010414598091395,,,,
2019,4569241,DeShawn Collins,25,California,Pac-12,RB,,,38,189,2.0,0.0,,,,4.973684210526316,0.05263157894736842,0.0,0.0,8.521270542315433,0.2242439616398798,4.165266510584701,0.10961227659433423,0.39473684210526316,0.13157894736842105,,,,0.2242439616398798,-0.37181398436590873,1.3662812229052645,,
2019,4569274,Rondarius Gregory,2459,Northern Illinois,Mid-American,RB,,,9,43,0.0,0.0,,,,4.777777777777778,0.0,0.0,0.0,-0.664823532328989,-0.07386928136988767,0.3038948949305409,0.03376609943672677,0.2222222222222222,0.1111111111111111,,,,-0.06746776620329223,,-1.0989138652066015,,
2019,4569277,Michael Love,2459,Northern Illinois,Mid-American,WR,,,1,6,0.0,0.0,,,,6.0,0.0,0.0,0.0,0.4296116243278427,0.4296116243278427,0.228690499805612,0.228690499805612,1.0,0.0,,,,0.4296116243278427,,,,
2019,4569324,Micah Cooper,197,Oklahoma State,Big 12,RB,,,7,12,1.0,0.0,,,,1.7142857142857142,0.14285714285714285,0.0,0.0,-0.03313470338270963,-0.004733529054672804,-1.4518201346657644,-0.2074028763808235,0.42857142857142855,0.0,,,,0.2577680596677803,2.035726716985417,2.035726716985417,,
2019,4569330,Austin Jones,24,Stanford,Pac-12,RB,,,45,242,1.0,0.0,,,,5.377777777777778,0.022222222222222223,0.0,0.0,8.52356038712917,0.18941245304731488,2.393511854727216,0.05318915232727146,0.4222222222222222,0.2,,,,0.2678147215430962,-0.22561281143034048,-0.5149489694160911,,
2019,4569371,Isaiah Williams,356,Illinois,Big Ten,WR,,,7,12,0.0,0.0,,,,1.7142857142857142,0.0,0.0,0.0,-2.7515203005398026,-0.39307432864854325,-3.7393359643508157,-0.5341908520501165,0.42857142857142855,0.0,,,,-0.4811028585332034,,,,
2019,4569393,Xavier White,2641,Texas Tech,Big 12,WR,,,1,0,0.0,0.0,,,,0.0,0.0,0.0,0.0,-0.7000000000000002,-0.7000000000000002,-0.32565561419001554,-0.32565561419001554,0.0,0.0,,,,-0.7000000000000002,,,,
2019,4569399,Mark Richardson,2641,Texas Tech,Big 12,WR,,,2,-4,0.0,0.0,,,,-2.0,0.0,0.0,0.0,-7.567372524153734,-3.783686262076867,-7.510494345784737,-3.7552471728923686,0.0,0.0,,,,,-4.123143194680168,-3.783686262076867,,
2019,4569400,Chux Nwabuko III,2641,Texas Tech,Big 12,RB,,,1,1,0.0,0.0,,,,1.0,0.0,0.0,0.0,-0.4291708038172106,-0.4291708038172106,-0.9633794169947762,-0.9633794169947762,0.0,0.0,,,,-0.4291708038172106,,,,
2019,4569439,David Ellis,84,Indiana,Big Ten,RB,,,9,53,1.0,0.0,,,,5.888888888888889,0.1111111111111111,0.0,0.0,6.489795506227867,0.7210883895808741,2.8104250618430786,0.3122694513158976,0.7777777777777778,0.1111111111111111,,,,0.7210883895808741,0.8853226571413828,2.035726716985417,,
2019,4569452,Winston Wright Jr.,277,West Virginia,Big 12,WR,,,1,2,0.0,0.0,,,,2.0,0.0,0.0,0.0,-0.37939637408406535,-0.37939637408406535,-0.3235476292174476,-0.3235476292174476,0.0,0.0,,,,-0.37939637408406535,,,,
2019,4569481,Anthony Watkins,142,Missouri,SEC,RB,,,6,19,0.0,0.0,,,,3.1666666666666665,0.0,0.0,0.0,0.39935468571723387,0.06655911428620565,0.03024276727108874,0.005040461211848123,0.5,0.0,,,,-0.06748688879038112,,,,
2019,4569500,Brandon Wright,127,Michigan State,Big Ten,DL,,,18,48,0.0,0.0,,,,2.6666666666666665,0.0,0.0,0.0,-3.9355652756831203,-0.2186425153157289,-5.860793970919035,-0.32559966505105753,0.16666666666666666,0.05555555555555555,,,,-0.2186425153157289,,-0.395968537717695,,
2019,4569501,Anthony Williams Jr.,127,Michigan State,Big Ten,RB,,,38,128,1.0,0.0,,,,3.3684210526315788,0.02631578947368421,0.0,0.0,2.378640326273161,0.06259579805982002,0.48932932461542406,0.01287708748987958,0.39473684210526316,0.10526315789473684,,,,0.0631633585729342,-0.2909069921829541,1.034826006470584,,
2019,4569518,DJ Chatman,2032,Arkansas State,Sun Belt,RB,,,25,101,0.0,0.0,,,,4.04,0.0,0.0,0.0,1.4810345331310313,0.05924138132524125,0.08316975898602003,0.003326790359440801,0.44,0.16,,,,-0.021314228274113313,0.46360270656268926,0.2569535215088477,,
2019,4569522,Ryan Graham,2032,Arkansas State,Sun Belt,RB,,,23,134,2.0,0.0,,,,5.826086956521739,0.08695652173913043,0.0,0.0,12.231777208248214,0.531816400358618,7.300335386841668,0.31740588638442035,0.4782608695652174,0.13043478260869565,,,,0.3286068342044425,1.9031860156340912,2.537284858868364,,
2019,4569560,Jordan Wilmore,254,Utah,Pac-12,RB,,,49,209,1.0,0.0,,,,4.26530612244898,0.02040816326530612,0.0,0.0,2.503285818475078,0.05108746568316486,-2.648683671683754,-0.05405476880987253,0.42857142857142855,0.1836734693877551,,,,0.11500614243812862,-0.8373993467357674,0.6238271933802706,,
2019,4569587,Wan'Dale Robinson,158,Nebraska,Big Ten,WR,,,88,325,3.0,0.0,,,,3.6931818181818183,0.03409090909090909,0.0,0.0,4.719465472062871,0.0536302894552599,-9.65494689699963,-0.10971530564772308,0.45454545454545453,0.10227272727272728,,,,-0.03415150322461374,-0.4338656993202854,0.21647409672266535,,
2019,4569594,Cam Davis,264,Washington,Pac-12,RB,,,2,6,0.0,0.0,,,,3.0,0.0,0.0,0.0,-0.14786941878003557,-0.07393470939001778,-0.7035253344846526,-0.3517626672423263,0.5,0.0,,,,-0.07393470939001778,,,,
2019,4569609,Evan Hull,77,Northwestern,Big Ten,RB,,,44,274,4.0,0.0,,,,6.2272727272727275,0.09090909090909091,0.0,0.0,21.724984973631287,0.49374965849162017,9.820682617320195,0.2231973322118226,0.4318181818181818,0.11363636363636363,,,,0.2058455352241022,0.5582079872996211,1.2676083376530303,,
2019,4569610,Tyler Haskins,77,Northwestern,Big Ten,DB,,,1,5,0.0,0.0,,,,5.0,0.0,0.0,0.0,0.7774866716458311,0.7774866716458311,0.0854153061872137,0.0854153061872137,1.0,0.0,,,,0.7774866716458311,,,,
2019,4569935,Tevita Ika,252,BYU,FBS Independents,WR,,,3,1,0.0,0.0,,,,0.3333333333333333,0.0,0.0,0.0,-1.8419274515508386,-0.6139758171836128,-2.0261119253419473,-0.6753706417806491,0.0,0.0,,,,-0.6139758171836128,,,,
2019,4569949,Jackson McChesney,252,BYU,FBS Independents,RB,,,25,274,2.0,0.0,,,,10.96,0.08,0.0,0.0,26.540367727818392,1.0616147091127357,17.040392428954153,0.6816156971581662,0.68,0.2,,,,1.0737836895137094,-0.20427328301458236,1.9803018129579677,,
2019,4569987,Jaylen Warren,328,Utah State,Mountain West,RB,,,110,554,5.0,0.0,,,,5.036363636363636,0.045454545454545456,0.0,0.0,5.435518636969836,0.049413805790634875,-6.397593604668511,-0.05815994186062283,0.42727272727272725,0.11818181818181818,,,,0.21116771811970173,-0.8017978260834339,-0.40552070848068344,,
2019,4569988,Enoch Nawahine,328,Utah State,Mountain West,RB,,,16,53,0.0,0.0,,,,3.3125,0.0,0.0,0.0,-2.18848003733693,-0.13678000233355814,-2.5008367570771655,-0.15630229731732284,0.3125,0.0625,,,,-0.0882437048829924,-0.5542732830145813,0.3821366415072913,,
2019,4570057,Cole Snyder,164,Rutgers,Big Ten,QB,,,1,6,0.0,0.0,,,,6.0,0.0,0.0,0.0,0.41038837567215714,0.41038837567215714,0.5512637693896468,0.5512637693896468,1.0,0.0,,,,0.41038837567215714,,,,
2019,4570085,Brandt Hughes,167,New Mexico,Mountain West,QB,,,1,-5,0.0,0.0,,,,-5.0,0.0,0.0,0.0,-1.4149185972973486,-1.4149185972973486,-0.15088382571749115,-0.15088382571749115,0.0,0.0,,,,,,,,
2019,4570090,Chad Alexander,167,New Mexico,Mountain West,RB,,,5,25,0.0,0.0,,,,5.0,0.0,0.0,0.0,1.1478310577953181,0.22956621155906362,0.6969291418557055,0.1393858283711411,0.6,0.0,,,,0.22956621155906362,,-0.013213388631248435,,
2019,4570106,Myron Mitchell,5,UAB,Conference USA,WR,,,1,4,0.0,0.0,,,,4.0,0.0,0.0,0.0,-0.013213388631248435,-0.013213388631248435,-0.1504912861657514,-0.1504912861657514,0.0,0.0,,,,-0.013213388631248435,,,,
2019,4570130,Jermaine Brown Jr.,5,UAB,Conference USA,RB,,,81,450,2.0,0.0,,,,5.555555555555555,0.024691358024691357,0.0,0.0,13.857789744282991,0.17108382400349373,1.3102023182730096,0.01617533726262975,0.4444444444444444,0.1728395061728395,,,,0.22685526392834887,-0.51453338775005,-0.04074502219340167,,
2019,4570239,Isaiah Holiness,23,San José State,Mountain West,WR,,,11,38,0.0,0.0,,,,3.4545454545454546,0.0,0.0,0.0,-0.47120318102665126,-0.04283665282060466,-1.7198904537586441,-0.1563536776144222,0.45454545454545453,0.0,,,,-0.04283665282060466,,-0.12673516362092818,,
2019,4570242,Nick Nash,23,San José State,Mountain West,WR,,,38,257,3.0,0.0,,,,6.7631578947368425,0.07894736842105263,0.0,0.0,26.018125460638405,0.6846875121220632,17.54650128158646,0.4617500337259594,0.6578947368421053,0.21052631578947367,,,,0.48730956996132735,0.9705246870633999,1.2484403060827671,,
2019,4570243,Kairee Robinson,23,San José State,Mountain West,RB,,,40,174,0.0,0.0,,,,4.35,0.0,0.0,0.0,1.7810752832638639,0.044526882081596594,-1.34302335194752,-0.033575583798688004,0.375,0.125,,,,-0.024174913200810732,-0.2742732830145826,-0.05789501186652091,,
2019,4570259,Daniel Richardson,2117,Central Michigan,Mid-American,QB,,,1,3,0.0,0.0,,,,3.0,0.0,0.0,0.0,0.334661658686739,0.334661658686739,-0.14447029454152727,-0.14447029454152727,1.0,0.0,,,,,,,,
2019,4570276,De'Montre Tuggle,195,Ohio,Mid-American,RB,,,101,674,11.0,0.0,,,,6.673267326732673,0.10891089108910891,0.0,0.0,57.858601824920136,0.5728574438110905,34.024000488206944,0.336871291962445,0.5148514851485149,0.15841584158415842,,,,0.530092754663074,1.0002639269729674,1.6549159387307564,,
2019,4570292,Jaiave Magalei,309,Louisiana,Sun Belt,QB,,,1,2,0.0,0.0,,,,2.0,0.0,0.0,0.0,0.005726716985416935,0.005726716985416935,0.233800025839484,0.233800025839484,1.0,0.0,,,,,0.005726716985416935,,,
2019,4570409,David Bell,2509,Purdue,Big Ten,WR,,,3,12,1.0,0.0,,,,4.0,0.3333333333333333,0.0,0.0,5.241938208022484,1.7473127360074947,1.2345362915637876,0.4115120971879292,0.6666666666666666,0.0,,,,-0.37939637408406446,0.636856805319832,4.984477776786716,,
2019,4570420,Jake Rogers,189,Bowling Green,Mid-American,WR,,,2,5,0.0,0.0,,,,2.5,0.0,0.0,0.0,-0.5574342268073567,-0.27871711340367833,-0.9941797592788024,-0.4970898796394012,0.0,0.0,,,,-0.27871711340367833,,,,
2019,4570425,Nigel Sealey,189,Bowling Green,Mid-American,RB,,,15,53,0.0,0.0,,,,3.533333333333333,0.0,0.0,0.0,-6.669074405437717,-0.4446049603625145,-6.317467570152633,-0.42116450467684224,0.4,0.06666666666666667,,,,-0.08054195569414406,-1.7425680743484828,-1.872118094051859,,
2019,4570491,Jayy McDonald,2393,Middle Tennessee,Conference USA,RB,,,40,198,1.0,0.0,,,,4.95,0.025,0.0,0.0,1.7651799825385217,0.04412949956346304,-8.510980307190273,-0.21277450767975684,0.275,0.1,,,,0.03133426857241593,-0.555027134234217,-0.2711567757472853,,
2019,4570497,Jarrin Pierce,2393,Middle Tennessee,Conference USA,WR,,,1,9,0.0,0.0,,,,9.0,0.0,0.0,0.0,1.464273283014582,1.464273283014582,0.5525601871585479,0.5525601871585479,1.0,0.0,,,,1.464273283014582,,,,
2019,4570512,Tylan Morton,6,South Alabama,Sun Belt,QB,,,10,47,1.0,0.0,,,,4.7,0.1,0.0,0.0,4.359678495976263,0.43596784959762636,1.9240473622960126,0.19240473622960125,0.6,0.1,,,,0.6984261162439929,0.8181860156340913,1.9396981870420316,,
2019,4570519,Terrion Avery,6,South Alabama,Sun Belt,RB,,,8,13,0.0,0.0,,,,1.625,0.0,0.0,0.0,-3.339707550832537,-0.41746344385406714,-2.4367420761595135,-0.3045927595199392,0.125,0.0,,,,-0.42087600240931394,0.07572671698541722,,,
2019,4570543,Kevin Perkins,2572,Southern Miss,Conference USA,RB,,,103,562,3.0,0.0,,,,5.456310679611651,0.02912621359223301,0.0,0.0,25.977164326498805,0.2522054788980467,2.035679662839451,0.01976388022174224,0.4077669902912621,0.14563106796116504,,,,0.15602154855838682,0.5576062260068623,0.07783347331356122,,
2019,4570554,Chandler Rogers,2572,Southern Miss,Conference USA,QB,,,2,6,0.0,0.0,,,,3.0,0.0,0.0,0.0,0.23326583346972374,0.11663291673486187,-0.0030597858323829774,-0.0015298929161914887,0.5,0.0,,,,0.11663291673486187,,-1.2310074495448586,,
2019,4570561,Eric Gray,2633,Tennessee,SEC,RB,,,100,540,4.0,0.0,,,,5.4,0.04,0.0,0.0,20.75908777049647,0.2075908777049647,3.6651892841031213,0.036651892841031215,0.44,0.1,,,,0.27841697353470074,-0.6872575254934614,0.2694657350216611,,
2019,4570572,Fred Orr,2633,Tennessee,SEC,RB,,,7,32,0.0,0.0,,,,4.571428571428571,0.0,0.0,0.0,2.0162114910370668,0.28803021300529524,-0.08050563959382001,-0.011500805656260002,0.8571428571428571,0.14285714285714285,,,,0.2790455471690973,0.3419382080224831,,,
2019,4570674,Kevin Harris,2579,South Carolina,SEC,RB,,,21,179,4.0,0.0,,,,8.523809523809524,0.19047619047619047,0.0,0.0,9.325619490170975,0.4440771185795703,6.394826251670617,0.3045155357938389,0.42857142857142855,0.14285714285714285,,,,1.1987277703670256,-0.8260816288186567,-0.923156958072369,,
2019,4570753,Dusty Frampton,13,Cal Poly,Big Sky,RB,,,1,3,0.0,0.0,,,,3.0,0.0,0.0,0.0,0.1338324625039502,0.1338324625039502,-0.150792336851215,-0.150792336851215,1.0,0.0,,,,0.1338324625039502,,0.1338324625039502,,
2019,4570895,Marcus Knight,149,Montana,Big Sky,RB,,,10,19,0.0,0.0,,,,1.9,0.0,0.0,0.0,-1.887436215698878,-0.1887436215698878,-1.2670492337993557,-0.12670492337993558,0.3,0.0,,,,-0.2803514369649217,0.6357267169854173,,,
2019,4570975,Cole Ingersoll,2458,Northern Colorado,Big Sky,RB,,,3,41,1.0,0.0,,,,13.666666666666666,0.3333333333333333,0.0,0.0,7.287045851135199,2.429015283711733,4.486064411003646,1.495354803667882,0.6666666666666666,0.6666666666666666,,,,2.429015283711733,,,,
2019,4571023,Evyn Holtz,2502,Portland State,Big Sky,RB,,,9,9,0.0,0.0,,,,1.0,0.0,0.0,0.0,0.49471835759092464,0.054968706398991624,-5.469095247855469,-0.6076772497617188,0.2222222222222222,0.0,,,,-0.43717465374070597,,-0.6999999999999997,,
2019,4571119,Marcus Fulcher,16,Sacramento State,Big Sky,RB,,,1,-2,0.0,0.0,,,,-2.0,0.0,0.0,0.0,-0.9903486761968505,-0.9903486761968505,-0.6979456564143147,-0.6979456564143147,0.0,0.0,,,,-0.9903486761968505,,,,
2019,4571183,Thomas Duckett,253,Southern Utah,Big Sky,RB,,,7,17,0.0,0.0,,,,2.4285714285714284,0.0,0.0,0.0,-1.7010458105295765,-0.24300654436136807,-2.276493643593172,-0.3252133776561674,0.14285714285714285,0.0,,,,-0.25099406797115426,,,,
2019,4571225,John Jones,2635,Tennessee Tech,OVC,RB,,,7,46,0.0,0.0,,,,6.571428571428571,0.0,0.0,0.0,0.9356479626752958,0.1336639946678994,0.1783231158404397,0.02547473083434853,0.7142857142857143,0.42857142857142855,,,,0.1336639946678994,,,,
2019,4571228,Willie Miller,2635,Tennessee Tech,OVC,WR,,,9,14,0.0,0.0,,,,1.5555555555555556,0.0,0.0,0.0,-3.1504374931285186,-0.3500486103476132,-1.7998819143720615,-0.1999868793746735,0.2222222222222222,0.0,,,,-0.40833277876964774,-0.8096379550688674,-0.2522388883933582,,
2019,4571233,Quinton Cross,2635,Tennessee Tech,OVC,WR,,,1,-5,0.0,0.0,,,,-5.0,0.0,0.0,0.0,-1.3872241044972697,-1.3872241044972697,-0.5775729583029996,-0.5775729583029996,0.0,0.0,,,,-1.3872241044972697,,,,
2019,4571305,Zak Wallace,2630,UT Martin,OVC,RB,,,7,23,0.0,0.0,,,,3.2857142857142856,0.0,0.0,0.0,0.8316897607093345,0.11881282295847637,1.8285875540251473,0.2612267934321639,0.5714285714285714,0.0,,,,0.09106354588823055,0.18818601563409088,,,
2019,4571329,Marqwell Odom,2630,UT Martin,OVC,RB,,,1,-1,0.0,0.0,,,,-1.0,0.0,0.0,0.0,-0.8483102392906674,-0.8483102392906674,-1.26942490973284,-1.26942490973284,0.0,0.0,,,,-0.8483102392906674,,,,
2019,4571364,Hajj-Malik Williams,2097,Campbell,Big South,QB,,,9,64,0.0,0.0,,,,7.111111111111111,0.0,0.0,0.0,3.8367596275355824,0.42630662528173136,4.665214507618474,0.5183571675131637,0.6666666666666666,0.2222222222222222,,,,0.06090604432503825,1.2806453142827654,,,
2019,4571557,Spencer Shrader,58,South Florida,American Athletic,PK,,,2,23,1.0,0.0,,,,11.5,0.5,0.0,0.0,10.207660006257697,5.103830003128849,5.009012751784942,2.504506375892471,1.0,0.5,,,,,,,,
2019,4571597,Matthew Hayball,2226,Florida Atlantic,Conference USA,P,,,1,8,0.0,0.0,,,,8.0,0.0,0.0,0.0,1.125726716985417,1.125726716985417,1.3341674590817076,1.3341674590817076,1.0,0.0,,,,,1.125726716985417,,,
2019,4571622,Lawrence Papillon,276,Marshall,Conference USA,RB,,,6,34,0.0,0.0,,,,5.666666666666667,0.0,0.0,0.0,1.814273283014583,0.3023788805024305,0.18683480892085502,0.031139134820142505,0.8333333333333334,0.16666666666666666,,,,0.24910444464265663,,-0.08544344763378457,,
2019,4571650,Timothy Jackson,2005,Air Force,Mountain West,FB,,,122,745,6.0,0.0,,,,6.10655737704918,0.04918032786885246,0.0,0.0,56.450171395274594,0.46270632291208685,38.38208489083134,0.31460725320353555,0.6147540983606558,0.12295081967213115,,,,0.39051669438692493,0.7933910258998438,0.9589260703618058,,
2019,4571652,Omar Fattah,2005,Air Force,Mountain West,FB,,,3,15,0.0,0.0,,,,5.0,0.0,0.0,0.0,2.373832462503951,0.791277487501317,2.8164269420360757,0.9388089806786919,1.0,0.0,,,,1.0293546857172344,1.210645314282766,,,
2019,4571689,Myles Bradley,2142,Colgate,Patriot,WR,,,1,0,0.0,0.0,,,,0.0,0.0,0.0,0.0,-0.6999999999999997,-0.6999999999999997,-0.7029700220436519,-0.7029700220436519,0.0,0.0,,,,-0.6999999999999997,,,,
2019,4571742,Nick Romano,70,Idaho,Big Sky,RB,,,3,29,0.0,0.0,,,,9.666666666666666,0.0,0.0,0.0,2.406044099189879,0.8020146997299596,2.3003228030130956,0.7667742676710319,0.6666666666666666,0.3333333333333333,,,,0.8020146997299596,,1.029354685717235,,
2019,4571875,Qualan Jones,239,Baylor,Big 12,RB,,,13,103,2.0,0.0,,,,7.923076923076923,0.15384615384615385,0.0,0.0,13.190433703685414,1.0146487464373395,6.455266430516233,0.4965589561935564,0.6923076923076923,0.15384615384615385,,,,0.3919158523076651,0.2540308959887576,1.3110100068717794,,
2019,4571877,Jacoby Clarke,239,Baylor,Big 12,RB,,,2,7,0.0,0.0,,,,3.5,0.0,0.0,0.0,-0.24429952342464567,-0.12214976171232284,-0.24421046958185327,-0.12210523479092664,0.0,0.0,,,,-0.12214976171232284,,,,
2019,4572039,Nicholas Capatina,130,Michigan,Big Ten,RB,,,2,1,0.0,0.0,,,,0.5,0.0,0.0,0.0,-1.2442208381761075,-0.6221104190880538,-0.4488034735356618,-0.2244017367678309,0.5,0.0,,,,0.19552222321328427,,,,
2019,4572361,Cam Roberson,113,Massachusetts,FBS Independents,WR,,,115,360,2.0,0.0,,,,3.130434782608696,0.017391304347826087,0.0,0.0,-27.044451334638115,-0.23516914204033143,-30.021631078441107,-0.2610576615516618,0.3130434782608696,0.09565217391304348,,,,-0.11971852676342876,-1.082373650952741,-0.6021566890667666,,
2019,4572364,Kevin Brown Jr.,113,Massachusetts,FBS Independents,RB,,,27,119,1.0,0.0,,,,4.407407407407407,0.037037037037037035,0.0,0.0,7.615808693634417,0.28206698865312657,3.5657449638377683,0.13206462829028773,0.6296296296296297,0.1111111111111111,,,,0.2960668416609285,0.4530941908397318,0.5573573222737501,,
2019,4572366,Andrew Brito,113,Massachusetts,FBS Independents,QB,,,15,29,0.0,0.0,,,,1.9333333333333333,0.0,0.0,0.0,-4.320824931747843,-0.28805499544985624,-5.001988976051125,-0.33346593173674166,0.3333333333333333,0.0,,,,-0.2521102530580403,,-0.5687405215539387,,
2019,4572387,Jordon Brookshire,21,San Diego State,Mountain West,QB,,,5,15,0.0,0.0,,,,3.0,0.0,0.0,0.0,-0.24556391158011381,-0.049112782316022764,-0.34037297982152614,-0.06807459596430523,0.4,0.0,,,,-0.07734909352101604,,-0.3180837687480249,,
2019,4572455,Jake Smith,251,Texas,Big 12,WR,,,2,9,0.0,0.0,,,,4.5,0.0,0.0,0.0,1.9462114910370678,0.9731057455185339,-0.43145031678120094,-0.21572515839060047,1.0,0.0,,,,1.029354685717235,0.9168568053198327,,,
2019,4572499,D.J. Frost,2623,Missouri State,MVFC,RB,,,4,14,0.0,0.0,,,,3.5,0.0,0.0,0.0,0.12552222321328488,0.03138055580332122,-0.8666085918467217,-0.21665214796168042,0.5,0.0,,,,0.03138055580332122,,,,
2019,4572719,Ailym Ford,236,Chattanooga,Southern,RB,,,15,41,0.0,0.0,,,,2.7333333333333334,0.0,0.0,0.0,-1.9978398869695098,-0.13318932579796733,-4.5080663499770495,-0.30053775666513666,0.3333333333333333,0.0,,,,-0.15371390057539552,,1.1436696570986462,,
2019,4572791,Kendon Walker,2710,Western Illinois,MVFC,RB,,,9,65,0.0,0.0,,,,7.222222222222222,0.0,0.0,0.0,1.1590113257940216,0.12877903619933573,-0.7993625920338845,-0.08881806578154272,0.3333333333333333,0.1111111111111111,,,,0.11572281115075078,,,,
2019,4572813,Wayne Anderson Jr.,231,Furman,Southern,WR,,,3,21,0.0,0.0,,,,7.0,0.0,0.0,0.0,1.3453594178079809,0.44845313926932695,1.095088299239827,0.36502943307994234,1.0,0.3333333333333333,,,,0.44845313926932695,,,,
2019,4572845,Brandon Marshall,2382,Mercer,Southern,RB,,,4,15,0.0,0.0,,,,3.75,0.0,0.0,0.0,0.6690060095203836,0.1672515023800959,-0.5635313776234441,-0.14088284440586102,0.5,0.0,,,,0.1672515023800959,,0.5531182285724113,,
2019,4572910,Devan Walker,2535,Samford,Southern,RB,,,3,15,0.0,0.0,,,,5.0,0.0,0.0,0.0,0.3500000000000001,0.1166666666666667,0.21562136715883762,0.07187378905294588,0.3333333333333333,0.3333333333333333,,,,0.5249999999999999,-0.6999999999999997,-0.6999999999999997,,
2019,4572912,Jay Stanton,2535,Samford,Southern,RB,,,10,19,0.0,0.0,,,,1.9,0.0,0.0,0.0,-6.735548463623347,-0.6735548463623348,-6.480692386189616,-0.6480692386189616,0.3,0.0,,,,-0.39726649824107463,-1.7787082388473752,-4.208061791977515,,
2019,4572913,Jocquet Jiles,2535,Samford,Southern,RB,,,2,-3,0.0,0.0,,,,-1.5,0.0,0.0,0.0,-1.827045851135198,-0.913522925567599,-1.395613807019748,-0.697806903509874,0.0,0.0,,,,-0.913522925567599,,,,
2019,4572934,Seth Morgan,2678,VMI,Southern,QB,,,1,3,1.0,0.0,,,,3.0,1.0,0.0,0.0,4.199559179489367,4.199559179489367,2.624562399778991,2.624562399778991,1.0,0.0,,,,,,4.199559179489367,,
2019,4573049,Jacquez Allen,2747,Wofford,Southern,RB,,,8,41,0.0,0.0,,,,5.125,0.0,0.0,0.0,1.9978644150305986,0.24973305187882483,2.5393917183484245,0.31742396479355306,0.5,0.125,,,,-0.04626961543068866,1.2106453142827651,,,
2019,4573267,Austin Douglas,256,James Madison,CAA,RB,,,5,17,0.0,0.0,,,,3.4,0.0,0.0,0.0,-0.23070006027708034,-0.04614001205541607,-0.870661041287388,-0.1741322082574776,0.6,0.0,,,,-0.04614001205541607,0.09064531428276545,,,
2019,4573398,Max Brosmer,160,New Hampshire,CAA,QB,,,2,6,0.0,0.0,,,,3.0,0.0,0.0,0.0,0.5163720312681828,0.2581860156340914,2.2255442085779666,1.1127721042889833,1.0,0.0,,,,,0.2581860156340914,,,
2019,4573849,Narii Gaither,2241,Gardner-Webb,Big South,RB,,,3,5,0.0,0.0,,,,1.6666666666666667,0.0,0.0,0.0,-1.1605666290342262,-0.38685554301140873,-1.530710141605077,-0.510236713868359,0.0,0.0,,,,-0.38685554301140873,,,,
2019,4573850,D.J. Hancock,2241,Gardner-Webb,Big South,RB,,,2,8,0.0,0.0,,,,4.0,0.0,0.0,0.0,0.32935468571723514,0.16467734285861757,-0.16871751416977165,-0.08435875708488583,1.0,0.0,,,,0.16467734285861757,,,,
2019,4573973,Kyren Petteway,2115,Central Connecticut,NEC,WR,,,1,4,0.0,0.0,,,,4.0,0.0,0.0,0.0,-0.013213388631248435,-0.013213388631248435,-0.0262975957053,-0.0262975957053,0.0,0.0,,,,-0.013213388631248435,,-0.013213388631248435,,
2019,4574284,Da'Quon Godfrey,5,UAB,Conference USA,RB,,,1,0,0.0,0.0,,,,0.0,0.0,0.0,0.0,-0.7000000000000011,-0.7000000000000011,-0.4235741469021441,-0.4235741469021441,0.0,0.0,,,,,,,,
2019,4574310,Alec Wyble-Meza,252,BYU,FBS Independents,RB,,,3,6,0.0,0.0,,,,2.0,0.0,0.0,0.0,-1.2388767992633092,-0.4129589330877697,-0.8916415030419694,-0.2972138343473231,0.0,0.0,,,,-0.4129589330877697,,-0.5442208381761078,,
2019,4574541,Cortez Reid,50,Florida A&M,MEAC,RB,,,1,-5,0.0,0.0,,,,-5.0,0.0,0.0,0.0,-1.4149185972973473,-1.4149185972973473,-1.7886465786548553,-1.7886465786548553,0.0,0.0,,,,,,,,
2019,4574664,MJ Fuller,93,Murray State,OVC,RB,,,9,35,0.0,0.0,,,,3.888888888888889,0.0,0.0,0.0,5.043990103993912,0.5604433448882125,1.0030167148270612,0.11144630164745124,0.4444444444444444,0.1111111111111111,,,,0.027702844291833038,1.3684284026599163,,,
2019,4574732,Aaron Young,164,Rutgers,Big Ten,RB,,,41,144,0.0,0.0,,,,3.5121951219512195,0.0,0.0,0.0,-1.4342802286003706,-0.03498244460000904,-3.0185067559929712,-0.07362211599982857,0.4878048780487805,0.0975609756097561,,,,0.054459472719166034,-0.2283705132229274,-0.19292851421670845,,
2019,4574818,Tyson Alexander,2296,Jackson State,SWAC,RB,,,4,44,1.0,0.0,,,,11.0,0.25,0.0,0.0,5.975390786151735,1.4938476965379337,2.6806510882650993,0.6701627720662748,0.75,0.25,,,,1.4938476965379337,,,,
2019,4574983,Lavelton Williams,2415,Morgan State,MEAC,RB,,,12,41,0.0,0.0,,,,3.4166666666666665,0.0,0.0,0.0,-1.0121164973662058,-0.08434304144718381,-1.9301134167546965,-0.16084278472955804,0.25,0.0,,,,-0.08434304144718381,-0.48427328301458283,-0.2522388883933584,,
2019,4574984,Jabriel Johnson,2415,Morgan State,MEAC,RB,,,13,48,1.0,0.0,,,,3.6923076923076925,0.07692307692307693,0.0,0.0,1.5405563090111523,0.11850433146239633,0.445191834709292,0.034245525746868614,0.23076923076923078,0.07692307692307693,,,,0.1809826874571622,0.6357267169854164,,,
2019,4574989,Andrew Howell,2415,Morgan State,MEAC,RB,,,12,21,0.0,0.0,,,,1.75,0.0,0.0,0.0,-5.02782260247951,-0.41898521687329254,-7.0101785067257145,-0.5841815422271429,0.08333333333333333,0.08333333333333333,,,,-0.3934384184072281,-0.7000000000000002,,,
2019,4575088,Jakarie Nichols,2755,Grambling,SWAC,RB,,,18,66,1.0,0.0,,,,3.6666666666666665,0.05555555555555555,0.0,0.0,0.4229855172085575,0.023499195400475417,-1.3998088559184478,-0.07776715866213599,0.3888888888888889,0.1111111111111111,,,,-0.005156458651423968,0.26431857104038936,0.23486926794503402,,
2019,4575121,Nathan Priestley,61,Georgia,SEC,WR,,,1,-1,0.0,0.0,,,,-1.0,0.0,0.0,0.0,-0.8420384369061829,-0.8420384369061829,-0.810064923175239,-0.810064923175239,0.0,0.0,,,,-0.8420384369061829,,,,
2019,4575128,Dante Norris,2011,Alabama State,SWAC,RB,,,2,11,0.0,0.0,,,,5.5,0.0,0.0,0.0,0.10529864183795334,0.05264932091897667,0.6710806056519399,0.33554030282596997,0.5,0.5,,,,0.05264932091897667,,,,
2019,4575131,Jacory Croskey-Merritt,2011,Alabama State,SWAC,RB,,,11,38,0.0,0.0,,,,3.4545454545454546,0.0,0.0,0.0,-1.217654168536255,-0.11069583350329591,-2.192959725021666,-0.19935997500196964,0.2727272727272727,0.09090909090909091,,,,-0.051765416853625526,-0.48254070135132565,-0.48254070135132565,,
2019,4575265,Jeremiah Lorick,2681,Wagner,NEC,WR,,,1,11,0.0,0.0,,,,11.0,0.0,0.0,0.0,1.4699999999999993,1.4699999999999993,0.5067083156154673,0.5067083156154673,1.0,1.0,,,,1.4699999999999993,,,,
2019,4575274,Prince Hall,2681,Wagner,NEC,RB,,,4,3,0.0,0.0,,,,0.75,0.0,0.0,0.0,-2.201098255368053,-0.5502745638420132,-3.216531722444342,-0.8041329306110855,0.25,0.0,,,,-0.5502745638420132,-0.7000000000000002,-0.7000000000000002,,
2019,4575352,Kevin Johnson,2450,Norfolk State,MEAC,RB,,,3,19,0.0,0.0,,,,6.333333333333333,0.0,0.0,0.0,0.33678661136875165,0.11226220378958389,0.04811526426267232,0.016038421420890774,0.3333333333333333,0.3333333333333333,,,,0.11226220378958389,,,,
2019,4575408,Elijah Hines,2348,Louisiana Tech,Conference USA,RB,,,3,29,0.0,0.0,,,,9.666666666666666,0.0,0.0,0.0,1.979660741784203,0.6598869139280676,1.922093669851665,0.640697889950555,0.6666666666666666,0.6666666666666666,,,,0.6598869139280676,,,,
2019,4575418,Andrew David,77,Northwestern,Big Ten,P,,,1,17,0.0,0.0,,,,17.0,0.0,0.0,0.0,2.8832133886312485,2.8832133886312485,3.240024041922001,3.240024041922001,1.0,1.0,,,,,,,,
2019,4575508,DJ England-Chisolm,2393,Middle Tennessee,Conference USA,WR,,,5,9,0.0,0.0,,,,1.8,0.0,0.0,0.0,-1.5544407799050084,-0.31088815598100167,-2.2759215314444896,-0.45518430628889794,0.6,0.0,,,,-0.31088815598100167,,,,
2019,4575618,Robert Washington,295,Old Dominion,Conference USA,RB,,,49,125,2.0,0.0,,,,2.5510204081632653,0.04081632653061224,0.0,0.0,-3.053214653191579,-0.06231050312635876,-8.875574854993824,-0.18113418071415965,0.32653061224489793,0.04081632653061224,,,,-0.17341135603406,-0.5195568928060253,0.6009887739170522,,
2019,4575667,Deion Hankins,2638,UTEP,Conference USA,RB,,,9,41,0.0,0.0,,,,4.555555555555555,0.0,0.0,0.0,-0.4937403181901683,-0.05486003535446314,-0.46137284605860174,-0.05126364956206686,0.3333333333333333,0.2222222222222222,,,,-0.05486003535446314,,-0.45169582099665884,,
2019,4575668,Gavin Hardison,2638,UTEP,Conference USA,QB,,,12,10,0.0,0.0,,,,0.8333333333333334,0.0,0.0,0.0,-6.036171633913687,-0.5030143028261406,-5.345121972556842,-0.4454268310464035,0.16666666666666666,0.0,,,,-0.5179139522817738,-1.299743061389392,-0.7000000000000006,,
2019,4575705,Dawson Schick,2711,Western Michigan,Mid-American,RB,,,8,32,0.0,0.0,,,,4.0,0.0,0.0,0.0,-0.18537021026127531,-0.023171276282659414,0.042643207304589426,0.005330400913073678,0.25,0.0,,,,-0.09904992057077415,-0.04935468571723467,,,
2019,4575711,Darran Williams,2439,UNLV,Mountain West,RB,,,24,79,1.0,0.0,,,,3.2916666666666665,0.041666666666666664,0.0,0.0,-1.6516430083909412,-0.06881845868295589,-1.36479082468412,-0.05686628436183833,0.3333333333333333,0.16666666666666666,,,,0.008330708586654856,-0.6107255937463635,1.1851941878360783,,
2019,4575715,Jacob Gasser,2439,UNLV,Mountain West,WR,,,1,-5,0.0,0.0,,,,-5.0,0.0,0.0,0.0,-1.3872241044972704,-1.3872241044972704,-1.1194793475551865,-1.1194793475551865,0.0,0.0,,,,-1.3872241044972704,,,,
2019,4575718,Kierston Harvey,2247,Georgia State,Sun Belt,QB,,,1,1,0.0,0.0,,,,1.0,0.0,0.0,0.0,-0.5442208381761082,-0.5442208381761082,-0.3073715013582188,-0.3073715013582188,0.0,0.0,,,,-0.5442208381761082,,,,
2019,4577305,Jemel Jones,349,Army,FBS Independents,QB,,,11,50,1.0,0.0,,,,4.545454545454546,0.09090909090909091,0.0,0.0,10.171617656083983,0.924692514189453,4.649374324375006,0.42267039312500054,0.7272727272727273,0.09090909090909091,,,,0.6289415017720169,0.7206453142827649,1.7499999999999998,,
2019,4577324,Jakobi Buchanan,349,Army,FBS Independents,RB,,,18,86,0.0,0.0,,,,4.777777777777778,0.0,0.0,0.0,5.133365401583255,0.2851869667546253,1.5085747685283866,0.08380970936268814,0.7222222222222222,0.05555555555555555,,,,0.32236847645052796,0.19574419859824252,0.38419840031761865,,
2019,4577726,Jawaun Johnson,2348,Louisiana Tech,Conference USA,WR,,,7,43,1.0,0.0,,,,6.142857142857143,0.14285714285714285,0.0,0.0,4.929672867438311,0.7042389810626158,3.018043739705318,0.4311491056721883,0.7142857142857143,0.14285714285714285,,,,0.7973243584088155,0.14572671698541706,4.549999999999999,,
2019,4577845,Malakai Rango,304,Idaho State,Big Sky,RB,,,24,142,1.0,0.0,,,,5.916666666666667,0.041666666666666664,0.0,0.0,5.007923826897619,0.2086634927874008,0.388108635693446,0.016171193153893582,0.2916666666666667,0.08333333333333333,,,,0.2668737287144894,,-0.12354843809425509,,
2019,4578075,Jah Dabney,399,UAlbany,CAA,RB,,,1,6,0.0,0.0,,,,6.0,0.0,0.0,0.0,0.4296116243278427,0.4296116243278427,0.3333748010525683,0.3333748010525683,1.0,0.0,,,,0.4296116243278427,,,,
2019,4578267,Dane Kinamon,2005,Air Force,Mountain West,WR,,,1,0,0.0,0.0,,,,0.0,0.0,0.0,0.0,-0.6999999999999997,-0.6999999999999997,-1.1387859939569847,-1.1387859939569847,0.0,0.0,,,,-0.6999999999999997,,,,
2019,4578351,Kevin Brown,2916,Incarnate Word,Southland,RB,,,15,67,0.0,0.0,,,,4.466666666666667,0.0,0.0,0.0,0.5609008887903666,0.03739339258602444,0.6342786510892287,0.042285243405948574,0.3333333333333333,0.13333333333333333,,,,0.03739339258602444,-0.5468139843659088,,,
2019,4578416,George Robinson,2464,Northern Arizona,Big Sky,RB,,,4,40,1.0,0.0,,,,10.0,0.25,0.0,0.0,5.747872746162147,1.4369681865405368,2.4809374468495524,0.6202343617123881,0.5,0.5,,,,1.4369681865405368,,0.3433933056843754,,
2019,4578631,Jacorey Howard,2640,Texas Southern,SWAC,RB,,,4,19,0.0,0.0,,,,4.75,0.0,0.0,0.0,0.9166083580066808,0.2291520895016702,1.2665136498105074,0.31662841245262685,0.75,0.0,,,,0.18696054700708808,0.3557267169854166,,,
2019,4578878,Trae Self,2617,Stephen F. Austin,Southland,QB,,,2,7,1.0,0.0,,,,3.5,0.5,0.0,0.0,4.186345790858118,2.093172895429059,2.5102737748400945,1.2551368874200473,0.5,0.0,,,,-0.013213388631248879,,4.199559179489367,,
2019,4578895,Taylor Holston,2029,Arkansas-Pine Bluff,SWAC,RB,,,2,-3,0.0,0.0,,,,-1.5,0.0,0.0,0.0,-1.8270458511351992,-0.9135229255675996,-1.1664077777878186,-0.5832038888939093,0.0,0.0,,,,-0.9135229255675996,,,,
2019,4579549,Quinton Williams,47,Howard,MEAC,QB,,,1,0,0.0,0.0,,,,0.0,0.0,0.0,0.0,-0.6999999999999993,-0.6999999999999993,-0.09944033412745414,-0.09944033412745414,0.0,0.0,,,,-0.6999999999999993,,,,
2019,4580593,Jake Smith,2005,Air Force,Mountain West,S,,,1,11,0.0,0.0,,,,11.0,0.0,0.0,0.0,0.559559179489368,0.559559179489368,0.7587263486266826,0.7587263486266826,1.0,1.0,,,,0.559559179489368,,,,
2019,4580594,Qawi Ntsasa,2005,Air Force,Mountain West,?,,,1,4,0.0,0.0,,,,4.0,0.0,0.0,0.0,-0.013213388631248435,-0.013213388631248435,-0.1003137729896652,-0.1003137729896652,0.0,0.0,,,,-0.013213388631248435,,,,
2019,4580602,Robert Gross,2005,Air Force,Mountain West,FB,,,1,2,0.0,0.0,,,,2.0,0.0,0.0,0.0,-0.37939637408406357,-0.37939637408406357,-0.1885388219160615,-0.1885388219160615,0.0,0.0,,,,-0.37939637408406357,,-0.37939637408406357,,
2019,4591936,Decavilon Reese,2006,Akron,Mid-American,?,,,11,40,0.0,0.0,,,,3.6363636363636362,0.0,0.0,0.0,-0.27325514605966306,-0.024841376914514823,-0.5139284549228423,-0.046720768629349305,0.45454545454545453,0.09090909090909091,,,,0.07919336415823194,0.005726716985416935,,,
