season,pff_player_id,cfbd_player_id,pff_team_name,cfbd_team_id,name_pff,name_cfbd,position_pff,position_cfbd,match_method,match_score
2019,10116,4242274,NWESTERN,77,JR Pace,JR Pace,S,DB,exact_name,100
2019,12659,4039034,SMU,2567,Shane Buechele,Shane Buechele,QB,QB,exact_name,100
2019,12740,4047834,ARIZONA ST,9,Cohl Cabral,Cohl Cabral,C,OL,exact_name,100
2019,12744,4034781,MINNESOTA,135,Kamal Martin,Kamal Martin,LB,LB,exact_name,100
2019,13094,3917006,TULSA,202,Reggie Robinson II,Reggie Robinson II,CB,CB,exact_name,100
2019,13602,3843640,LSU,99,Lanard Fournette,Lanard Fournette,HB,RB,exact_name,100
2019,13634,3917957,KANSAS,2305,Carter Stanley,Carter Stanley,QB,QB,exact_name,100
2019,13641,3925343,KANSAS,2305,Daylon Charlot,Daylon Charlot,WR,WR,exact_name,100
2019,13750,3910544,UCLA,26,Joshua Kelley,Joshua Kelley,HB,RB,exact_name,100
2019,13787,3915299,BOSTON COL,103,Tanner Karafa,Tanner Karafa,DI,DL,exact_name,100
2019,13811,3932063,DOMINION,295,Terez Dickerson,Terez Dickerson,LB,LB,exact_name,100
2019,13817,3699587,NEBRASKA,158,Tyrin Ferguson,Tyrin Ferguson,ED,LB,exact_name,100
2019,13821,3929955,MIAMI FL,2390,Trevon Hill,Trevon Hill,ED,DL,exact_name,100
2019,13851,3925359,FLORIDA ST,52,Adonis Thomas,Adonis Thomas,ED,LB,exact_name,100
2019,14095,4362071,UTEP,2638,Chris Richardson,Chris Richardson,DI,DL,exact_name,100
2019,14213,3915346,MIAMI OH,193,Maurice Thomas,Maurice Thomas,HB,RB,exact_name,100
2019,14214,3916584,BUFFALO,2084,Evin Ksiezarczyk,Evin Ksiezarczyk,T,OL,exact_name,100
2019,14471,3922149,TEXAS ST,326,Anthony J. Taylor,Anthony J. Taylor,CB,CB,exact_name,100
2019,14977,4032601,UTSA,2636,Ladarian McFarland,Ladarian McFarland,LB,LB,exact_name,100
2019,17287,3124900,OREGON ST,204,Jake Luton,Jake Luton,QB,QB,exact_name,100
2019,21456,4046540,MICHIGAN,130,Tru Wilson,Tru Wilson,HB,RB,exact_name,100
2019,21585,3917215,CLEMSON,228,J.L. Banks,J.L. Banks,TE,TE,exact_name,100
2019,21749,3931765,MARSHALL,276,Marquis Couch,Marquis Couch,ED,DL,exact_name,100
2019,22522,4069108,TEMPLE,218,Anthony Cruz,Anthony Cruz,S,S,exact_name,100
2019,22838,4035913,TEXAS A&M,245,Ryan Renick,Ryan Renick,TE,TE,exact_name,100
2019,22869,4035896,KANSAS,2305,Evan Fairs,Evan Fairs,WR,WR,exact_name,100
2019,22974,4050989,HAWAII,62,Cortez Davis,Cortez Davis,CB,DB,exact_name,100
2019,23029,4035910,KANSAS,2305,Chris Hughes,Chris Hughes,G,OL,exact_name,100
2019,23093,4035902,KANSAS,2305,Dru Prox,Dru Prox,LB,LB,exact_name,100
2019,23226,4035912,KANSAS,2305,Kwamie Lassiter II,Kwamie Lassiter II,WR,WR,exact_name,100
2019,23503,3916566,MIAMI FL,2390,K.J. Osborn,K.J. Osborn,WR,WR,exact_name,100
2019,23619,3918033,UTAH ST,328,Dalton Baker,Dalton Baker,ED,DE,exact_name,100
2019,23788,4028215,USC,30,Quincy Jountti,Quincy Jountti,HB,RB,exact_name,100
2019,24251,4035602,FLORIDA ST,52,Dontavious Jackson,Dontavious Jackson,LB,LB,exact_name,100
2019,24688,4051467,SMU,2567,Beau Morris,Beau Morris,T,OL,exact_name,100
2019,24705,4028090,HAWAII,62,Mason Vega,Mason Vega,ED,DL,exact_name,100
2019,24735,4027860,TEXAS ST,326,Gresch Jensen,Gresch Jensen,QB,QB,exact_name,100
2019,24901,4362119,BOWL GREEN,189,Nate Needham,Nate Needham,K,PK,exact_name,100
2019,25441,4038746,AKRON,2006,Shawn Featherstone,Shawn Featherstone,S,DB,exact_name,100
2019,25449,3925350,ALABAMA,333,Anfernee Jennings,Anfernee Jennings,ED,LB,exact_name,100
2019,25451,4040963,ALABAMA,333,Shyheim Carter,Shyheim Carter,CB,DB,exact_name,100
2019,25506,3893630,MEMPHIS,235,Brady White,Brady White,QB,QB,exact_name,100
2019,25508,3893622,ARIZONA ST,9,Steven Miller,Steven Miller,T,OL,exact_name,100
2019,25510,3675585,TULANE,2655,Malik Lawal,Malik Lawal,LB,LB,exact_name,100
2019,25511,3128812,ARIZONA ST,9,Tyler Whiley,Tyler Whiley,S,LB,exact_name,100
2019,25512,4039607,ARIZONA,12,J.J. Taylor,J.J. Taylor,HB,RB,exact_name,100
2019,25516,4035582,ARKANSAS,8,Hayden Johnson,Hayden Johnson,TE,TE,exact_name,100
2019,25517,4035600,ARKANSAS,8,Devwah Whaley,Devwah Whaley,HB,RB,exact_name,100
2019,25518,3916905,ARKANSAS,8,Colton Jackson,Colton Jackson,T,OL,exact_name,100
2019,25521,4035569,ARKANSAS,8,Austin Capps,Austin Capps,G,OL,exact_name,100
2019,25522,3917166,ARK STATE,2032,Omar Bayless,Omar Bayless,WR,WR,exact_name,100
2019,25577,3916943,AUBURN,2,Mike Horton,Mike Horton,G,OL,exact_name,100
2019,25582,3928925,BAYLOR,239,JaMycal Hasty,JaMycal Hasty,HB,RB,exact_name,100
2019,25631,4035409,TULSA,202,Zach Smith,Zach Smith,QB,QB,exact_name,100
2019,25636,4035390,BAYLOR,239,Jared Atkinson,Jared Atkinson,WR,WR,exact_name,100
2019,25642,3928926,BAYLOR,239,Jameson Houston,Jameson Houston,CB,CB,exact_name,100
2019,25643,3928924,BAYLOR,239,Cody George,Cody George,TE,TE,exact_name,100
2019,25644,4035407,BAYLOR,239,Bravvion Roy,Bravvion Roy,DI,DT,exact_name,100
2019,25685,3928928,BAYLOR,239,Clay Johnston,Clay Johnston,LB,LB,exact_name,100
2019,25686,4035402,BAYLOR,239,Chris Miller,Chris Miller,S,S,exact_name,100
2019,25687,3928920,BAYLOR,239,Henry Black,Henry Black,S,S,exact_name,100
2019,25701,3129436,BOWL GREEN,189,David Konowalski,David Konowalski,ED,DL,exact_name,100
2019,25704,3914398,BOWL GREEN,189,Antonyo Sotolongo,Antonyo Sotolongo,S,DB,exact_name,100
2019,25705,3916587,MARYLAND,120,Tyler Mabry,Tyler Mabry,TE,TE,exact_name,100
2019,25962,4040867,COLORADO,38,Beau Bisharat,Beau Bisharat,TE,TE,exact_name,100
2019,26004,3908602,APP STATE,2026,Willie Edwards,Willie Edwards,CB,DB,exact_name,100
2019,26025,3915435,COLORADO,38,Tim Lynott,Tim Lynott,C,C,exact_name,100
2019,26083,3917800,DUKE,150,Zach Baker,Zach Baker,G,G,exact_name,100
2019,26084,3917793,DUKE,150,Quentin Harris,Quentin Harris,QB,QB,exact_name,100
2019,26090,3917789,DUKE,150,Aaron Young,Aaron Young,WR,WR,exact_name,100
2019,26138,4036043,DUKE,150,Tre Hornbuckle,Tre Hornbuckle,ED,DE,exact_name,100
2019,26142,3917802,DUKE,150,Trevon McSwain,Trevon McSwain,DI,DT,exact_name,100
2019,26143,3917791,UCF,2116,Jordan Hayes,Jordan Hayes,S,S,exact_name,100
2019,26145,4036041,DUKE,150,Koby Quansah,Koby Quansah,LB,LB,exact_name,100
2019,26147,4036031,DUKE,150,Dylan Singleton,Dylan Singleton,S,S,exact_name,100
2019,26150,4038521,E CAROLINA,151,Hussein Howe,Hussein Howe,HB,RB,exact_name,100
2019,26165,3914182,E CAROLINA,151,Deondre Farrier,Deondre Farrier,WR,WR,exact_name,100
2019,26197,4038518,E CAROLINA,151,Colby Gore,Colby Gore,CB,DB,exact_name,100
2019,26199,4038516,E CAROLINA,151,Kendall Futrell,Kendall Futrell,ED,DL,exact_name,100
2019,26200,4050599,E CAROLINA,151,Michael Swift,Michael Swift,ED,DL,exact_name,100
2019,26306,3116074,MINNESOTA,135,Rodney Smith,Rodney Smith,HB,RB,exact_name,100
2019,26408,4034952,FLORIDA,57,La'Mical Perine,Lamical Perine,HB,RB,fuzzy_composite,92
2019,26448,4034950,FLORIDA,57,Freddie Swain,Freddie Swain,WR,WR,exact_name,100
2019,26449,3915123,FLORIDA,57,Jabari Zuniga,Jabari Zuniga,ED,DL,exact_name,100
2019,26450,3915094,FLORIDA,57,Luke Ancrum,Luke Ancrum,ED,DL,exact_name,100
2019,26452,3915107,PITTSBURGH,221,Kylan Johnson,Kylan Johnson,LB,LB,exact_name,100
2019,26453,4034959,FLORIDA,57,Jeremiah Moon,Jeremiah Moon,ED,LB,exact_name,100
2019,26455,4034955,FLORIDA,57,Jeawon Taylor,Jeawon Taylor,S,DB,exact_name,100
2019,26457,3921562,MARYLAND,120,Marcus Lewis,Marcus Lewis,CB,DB,exact_name,100
2019,26573,3917818,GA TECH,59,David Curry,David Curry,LB,LB,exact_name,100
2019,26587,3914920,HAWAII,62,Rojesterman Farris II,Rojesterman Farris II,CB,DB,exact_name,100
2019,26631,3914918,HAWAII,62,Solomon Matautia,Solomon Matautia,LB,LB,exact_name,100
2019,26632,4044165,HOUSTON,248,Dane Roy,Dane Roy,P,P,exact_name,100
2019,26634,3914630,HOUSTON,248,Josh Jones,Josh Jones,T,OL,exact_name,100
2019,26635,4039299,HOUSTON,248,Braylon Jones,Braylon Jones,C,OL,exact_name,100
2019,26636,4039300,HOUSTON,248,D'Eriq King,D'Eriq King,QB,QB,exact_name,100
2019,26692,3917611,ILLINOIS,356,Reggie Corbin,Reggie Corbin,HB,RB,exact_name,100
2019,26697,3917635,ILLINOIS,356,Bobby Walker,Bobby Walker,TE,TE,exact_name,100
2019,26699,3917617,SMU,2567,Patrick Nelson,Patrick Nelson,LB,DB,exact_name,100
2019,26880,3916119,KANSAS ST,2306,Tyler Mitchell,Tyler Mitchell,G,OL,exact_name,100
2019,26882,3916108,KANSAS ST,2306,Scott Frantz,Scott Frantz,T,OL,exact_name,100
2019,26883,3916109,KANSAS ST,2306,Blaise Gammon,Blaise Gammon,TE,TE,exact_name,100
2019,26885,4046605,KANSAS ST,2306,Reggie Walker,Reggie Walker,ED,DE,exact_name,100
2019,26938,3916105,KANSAS ST,2306,Trey Dishon,Trey Dishon,DI,DT,exact_name,100
2019,26941,3915267,KENT STATE,2309,Will Matthews,Will Matthews,HB,RB,exact_name,100
2019,26943,4038930,KENT STATE,2309,Kavious Price,Kavious Price,WR,WR,exact_name,100
2019,26945,3915293,KENT STATE,2309,Dominic Hill,Dominic Hill,DI,NT,exact_name,100
2019,26946,4038922,KENT STATE,2309,Jamal Parker Jr.,Jamal Parker,CB,CB,exact_name,100
2019,27000,3915251,MARSHALL,276,Tavin Richardson,Tavin Richardson,WR,WR,exact_name,100
2019,27009,3918243,LA MONROE,2433,Markis McCray,Markis McCray,WR,WR,exact_name,100
2019,27042,3916389,WYOMING,2751,Trey Smith,Trey Smith,HB,RB,exact_name,100
2019,27046,4035443,LSU,99,Michael Divinity Jr.,Michael Divinity Jr.,ED,LB,exact_name,100
2019,27064,-1003493,AUBURN,2,Jack Driscoll,Jack Driscoll,T,OL,exact_name,100
2019,27124,4039374,MEMPHIS,235,Dustin Woodard,Dustin Woodard,C,OL,exact_name,100
2019,27127,4046342,MEMPHIS,235,Jonathan Wilson,Jonathan Wilson,DI,DL,exact_name,100
2019,27128,4039375,MEMPHIS,235,Bryce Huff,Bryce Huff,ED,DE,exact_name,100
2019,27129,3916149,MEMPHIS,235,Austin Hall,Austin Hall,LB,LB,exact_name,100
2019,27140,3122552,UAB,5,Jonathan Haden,Jonathan Haden,HB,RB,exact_name,100
2019,27144,3134676,MICH STATE,127,Jake Hartbarger,Jake Hartbarger,P,P,exact_name,100
2019,27213,3129271,UAB,5,Nick Vogel,Nick Vogel,K,PK,exact_name,100
2019,27299,3929831,MICH STATE,127,Darrell Stewart Jr.,Darrell Stewart Jr.,WR,WR,exact_name,100
2019,27300,3929834,MICH STATE,127,Raequan Williams,Raequan Williams,DI,DT,exact_name,100
2019,27305,4046551,MICHIGAN,130,Ben Bredeson,Ben Bredeson,G,OL,exact_name,100
2019,27322,3134689,MICH STATE,127,Brandon Sowards,Brandon Sowards,WR,WR,exact_name,100
2019,27360,3929935,PITTSBURGH,221,Nolan Ulizio,Nolan Ulizio,T,OL,exact_name,100
2019,27365,4046542,MICHIGAN,130,Nate Schoenle,Nate Schoenle,WR,WR,exact_name,100
2019,27374,4046538,MICHIGAN,130,Lavert Hill,Lavert Hill,CB,DB,exact_name,100
2019,27376,4046544,MICHIGAN,130,Michael Dwumfour,Michael Dwumfour,DI,DL,exact_name,100
2019,27415,3129252,UAB,5,Lee Dufour,Lee Dufour,C,OL,exact_name,100
2019,27439,3924331,MISSOURI,142,Justin Smith,Justin Smith,WR,WR,exact_name,100
2019,27441,3924329,MISSOURI,142,Ronnell Perkins,Ronnell Perkins,LB,S,exact_name,100
2019,27442,4035103,MISSOURI,142,DeMarkus Acy,DeMarkus Acy,CB,DB,exact_name,100
2019,27625,3124641,NEVADA,2440,Lucas Weber,Lucas Weber,LB,LB,exact_name,100
2019,27629,3917120,NEW MEXICO,167,Anu Somoye,Anu Somoye,WR,WR,exact_name,100
2019,27630,3917100,NEW MEXICO,167,Q' Drennan,Q' Drennan,WR,WR,exact_name,100
2019,27631,3917108,NEW MEXICO,167,Alex Hart,Alex Hart,LB,LB,exact_name,100
2019,27646,3914812,NEVADA,2440,Dominic Christian,Dominic Christian,WR,WR,exact_name,100
2019,27699,3920591,RICE,242,Nick Leverett,Nick Leverett,G,OL,exact_name,100
2019,27752,3916434,NC STATE,152,Jarius Morehead,Jarius Morehead,S,S,exact_name,100
2019,27945,3915969,NWESTERN,77,John Moten IV,John Moten IV,HB,RB,exact_name,100
2019,27949,3915990,NWESTERN,77,Joe Gaziano,Joe Gaziano,ED,DL,exact_name,100
2019,27950,3915980,NWESTERN,77,Trent Goens,Trent Goens,ED,TE,exact_name,100
2019,27953,3915978,HOUSTON,248,Nathan Fox,Nathan Fox,LB,LB,exact_name,100
2019,27962,3915973,NWESTERN,77,Trae Williams,Trae Williams,CB,DB,exact_name,100
2019,28012,4040625,OHIO STATE,194,Demario McCall,Demario McCall,WR,WR,exact_name,100
2019,28022,3915511,LSU,99,Joe Burrow,Joe Burrow,QB,QB,exact_name,100
2019,28023,3915509,OHIO STATE,194,Branden Bowen,Branden Bowen,T,OL,exact_name,100
2019,28025,3915522,OHIO STATE,194,K.J. Hill,K.J. Hill,WR,WR,exact_name,100
2019,28055,3122790,BOWL GREEN,189,Darius Wade,Darius Wade,QB,QB,exact_name,100
2019,28064,3915526,OHIO STATE,194,Robert Landers,Robert Landers,DI,DL,exact_name,100
2019,28070,4040623,OHIO STATE,194,Austin Mack,Austin Mack,WR,WR,exact_name,100
2019,28071,3915508,OHIO STATE,194,Rashod Berry,Rashod Berry,TE,TE,exact_name,100
2019,28072,3915520,OHIO STATE,194,DaVon Hamilton,Davon Hamilton,DI,DT,exact_name,100
2019,28073,3915504,OHIO STATE,194,Joshua Alabi,Joshua Alabi,T,OL,exact_name,100
2019,28074,3873928,OHIO STATE,194,Jashon Cornell,Jashon Cornell,DI,DT,exact_name,100
2019,28078,4040606,LOUISVILLE,97,Rodjay Burns,Rodjay Burns,LB,LB,exact_name,100
2019,28079,3915523,OHIO STATE,194,Justin Hilliard,Justin Hilliard,LB,LB,exact_name,100
2019,28080,3915506,OHIO STATE,194,Damon Arnette,Damon Arnette,CB,CB,exact_name+posgroup,98
2019,28081,4040615,OHIO STATE,194,Malik Harrison,Malik Harrison,LB,LB,exact_name,100
2019,28092,4040621,MARYLAND,120,Keandre Jones,Keandre Jones,ED,LB,exact_name,100
2019,28094,3892883,OKLAHOMA,201,Neville Gallimore,Neville Gallimore,DI,DL,exact_name,100
2019,28095,4037638,OKLAHOMA,201,Mark Jackson Jr.,Mark Jackson Jr.,ED,DE,exact_name,100
2019,28144,3914550,DOMINION,295,Mufu Taiwo,Mufu Taiwo,DI,DT,exact_name,100
2019,28148,3915139,OREGON,2483,Jake Hanson,Jake Hanson,C,OL,exact_name,100
2019,28149,3915142,OREGON,2483,Shane Lemieux,Shane Lemieux,G,OL,exact_name,100
2019,28150,3915134,OREGON,2483,Brady Aiello,Brady Aiello,G,OL,exact_name,100
2019,28237,4038941,OREGON,2483,Justin Herbert,Justin Herbert,QB,QB,exact_name,100
2019,28238,3915147,OREGON,2483,Calvin Throckmorton,Calvin Throckmorton,T,OL,exact_name,100
2019,28245,4038950,OREGON,2483,Ryan Bay,Ryan Bay,TE,TE,exact_name,100
2019,28247,3915138,OREGON,2483,Gus Cumberlander,Gus Cumberlander,ED,DE,exact_name,100
2019,28248,3915137,OREGON,2483,Drayton Carlberg,Drayton Carlberg,DI,DT,exact_name,100
2019,28251,4038946,OREGON,2483,Troy Dye,Troy Dye,LB,LB,exact_name,100
2019,28252,3915135,OREGON,2483,Gary Baker,Gary Baker,DI,DT,exact_name,100
2019,28253,4047941,OREGON,2483,Brenden Schooler,Brenden Schooler,WR,DB,exact_name,100
2019,28270,3929642,PENN STATE,213,Steven Gonzalez,Steven Gonzalez,G,OL,exact_name,100
2019,28305,3929645,OREGON,2483,Juwan Johnson,Juwan Johnson,WR,WR,exact_name,100
2019,28310,3929658,PENN STATE,213,Robert Windsor,Robert Windsor,DI,DT,exact_name,100
2019,28311,3929657,PENN STATE,213,Garrett Taylor,Garrett Taylor,S,S,exact_name,100
2019,28429,3916384,ARIZONA ST,9,Roe Wilkins,Roe Wilkins,ED,DT,exact_name,100
2019,28430,4039164,RICE,242,Myles Adams,Myles Adams,DI,DL,exact_name,100
2019,28435,3912400,VIRGINIA,258,Dejon Brissett,Dejon Brissett,WR,WR,exact_name,100
2019,28571,3126333,MIAMI OH,193,Jarrett LaRubbio,Jarrett LaRubbio,G,OL,exact_name,100
2019,28617,3125865,KENT STATE,2309,Matt Bahr,Matt Bahr,LB,LB,exact_name,100
2019,28645,3128253,UAB,5,Will Dawkins,Will Dawkins,S,S,exact_name,100
2019,28784,3116660,LOUISVILLE,97,Cornelius Sturghill,Cornelius Sturghill,CB,DB,exact_name,100
2019,28816,3126327,AKRON,2006,Darryl Long,Darryl Long,TE,TE,exact_name,100
2019,28853,3895858,SMU,2567,Richard Moore,Richard Moore,LB,LB,exact_name,100
2019,28856,4040538,TEXAS ST,326,Bryan London II,Bryan London II,LB,LB,exact_name,100
2019,28863,3917013,TULSA,202,Diamon Cannon,Diamon Cannon,LB,LB,exact_name,100
2019,28920,3929032,UCF,2116,Jake Brown,Jake Brown,T,OL,exact_name,100
2019,28921,4042133,UCF,2116,Jordan Johnson,Jordan Johnson,C,WR,exact_name,100
2019,28931,3929034,UCF,2116,Nevelle Clarke,Nevelle Clarke,CB,DB,exact_name,100
2019,28933,3929041,UCF,2116,Brendon Hayes,Brendon Hayes,ED,DL,exact_name,100
2019,28974,4056038,UNLV,2439,Jaron Caldwell,Jaron Caldwell,G,OL,exact_name,100
2019,28976,3921705,UNLV,2439,Justin Polu,Justin Polu,T,OL,exact_name,100
2019,28977,4056044,UNLV,2439,Julio Garcia,Julio Garcia,G,OL,exact_name,100
2019,28982,3933311,UNLV,2439,Darren Woods Jr.,Darren Woods Jr.,WR,WR,exact_name,100
2019,28983,4052208,UNLV,2439,Mekhi Stevenson,Mekhi Stevenson,WR,WR,exact_name,100
2019,28985,3921697,UNLV,2439,Evan Austrie,Evan Austrie,S,DB,exact_name,100
2019,28986,3921696,UNLV,2439,Soli Afalava,Soli Afalava,ED,DB,exact_name,100
2019,28987,3921709,UNLV,2439,Javin White,Javin White,S,LB,exact_name,100
2019,28988,3921699,UNLV,2439,Jericho Flowers,Jericho Flowers,CB,DB,exact_name,100
2019,29049,4035687,USC,30,Michael Pittman Jr.,Michael Pittman Jr.,WR,WR,exact_name,100
2019,29050,4035686,ARIZONA ST,9,Jack Jones,Jack Jones,CB,DB,exact_name,100
2019,29051,3912552,UTEP,2638,Ykili Ross,Ykili Ross,CB,S,exact_name,100
2019,29053,3923373,RUTGERS,164,Malik Dixon,Malik Dixon,S,DB,exact_name,100
2019,29112,4035277,VANDERBILT,238,Kalija Lipscomb,Kalija Lipscomb,WR,WR,exact_name,100
2019,29120,3917922,VIRGINIA,258,Richard Burney,Richard Burney,DI,DE,exact_name,100
2019,29454,3134701,NWESTERN,77,Daniel Kubiuk,Daniel Kubiuk,P,P,exact_name,100
2019,29464,3116736,NC STATE,152,Deonte Holden,Deonte Holden,ED,DE,exact_name,100
2019,29607,3916748,APP STATE,2026,Keishawn Watson,Keishawn Watson,WR,WR,exact_name,100
2019,29614,4035793,WISCONSIN,275,Quintez Cephus,Quintez Cephus,WR,WR,exact_name,100
2019,29615,4035792,WISCONSIN,275,A.J. Taylor,A.J. Taylor,WR,WR,exact_name,100
2019,29616,4035795,WISCONSIN,275,Garrett Rand,Garrett Rand,DI,DE,exact_name,100
2019,29618,4036754,WYOMING,2751,Austin Conway,Austin Conway,WR,WR,exact_name,100
2019,29620,3932982,WYOMING,2751,Josiah Hall,Josiah Hall,ED,DE,exact_name,100
2019,29623,3918330,WYOMING,2751,Logan Wilson,Logan Wilson,LB,LB,exact_name,100
2019,29813,3127343,OREGON ST,204,LaMone Williams,LaMone Williams,DI,DL,exact_name,100
2019,29870,3123854,RICE,242,Aston Walter,Aston Walter,HB,RB,exact_name,100
2019,30523,3124716,UTEP,2638,Derron Gatewood,Derron Gatewood,C,OL,exact_name,100
2019,30624,3925446,COLO STATE,36,Marshaun Cameron,Marshaun Cameron,CB,DB,exact_name,100
2019,30673,4361302,COLO STATE,36,Keith Williams,Keith Williams,T,OL,exact_name,100
2019,30682,3126083,TOLEDO,2649,Yazeed Atariwa,Yazeed Atariwa,G,OL,exact_name,100
2019,31453,3120945,BUFFALO,2084,Joey Banks,Joey Banks,S,S,exact_name,100
2019,31490,3139040,CINCINNATI,2132,Chris Ferguson,Chris Ferguson,G,OL,exact_name,100
2019,32290,3917943,IOWA STATE,66,Sheldon Croney Jr.,Sheldon Croney Jr.,HB,RB,exact_name,100
2019,32376,3913137,MARSHALL,276,Alex Thomson,Alex Thomson,QB,QB,exact_name,100
2019,32782,3909123,CINCINNATI,2132,Rashad Medaris,Rashad Medaris,WR,WR,exact_name,100
2019,32854,3916121,KANSAS ST,2306,Darreyl Patterson,Darreyl Patterson,CB,DB,exact_name,100
2019,32880,3921574,SMU,2567,Kevin Robledo,Kevin Robledo,K,PK,exact_name,100
2019,32905,3932911,UCONN,41,Art Thompkins,Art Thompkins,HB,RB,exact_name,100
2019,32933,3926231,UTAH,254,Britain Covey,Britain Covey,WR,WR,exact_name,100
2019,32935,3932171,S DIEGO ST,21,Chaz Collins,Chaz Collins,WR,WR,exact_name,100
2019,32941,3917815,GA TECH,59,Omahri Jarrett,Omahri Jarrett,WR,WR,exact_name,100
2019,32989,3895791,PITTSBURGH,221,Dane Jackson,Dane Jackson,CB,DB,exact_name,100
2019,33000,3919594,UTSA,2636,Clayton Johnson,Clayton Johnson,CB,CB,exact_name,100
2019,33007,3915398,FLORIDA,57,Tommy Townsend,Tommy Townsend,P,P,exact_name,100
2019,33012,3921695,S JOSE ST,23,Zamore Zigler,Zamore Zigler,CB,CB,exact_name,100
2019,33014,3932429,NOTRE DAME,87,Chris Finke,Chris Finke,WR,WR,exact_name,100
2019,33038,3915375,MIDDLE TN,2393,Jocquez Bruce,Jocquez Bruce,WR,WR,exact_name,100
2019,33043,3924314,MISSOURI,142,Richaud Floyd,Richaud Floyd,CB,DB,exact_name,100
2019,33103,3917323,TEXAS A&M,245,Roney Elam,Roney Elam,CB,DB,exact_name,100
2019,33145,3676713,TCU,2628,Julius Lewis,Julius Lewis,CB,CB,exact_name,100
2019,33165,3914436,MIDDLE TN,2393,Desmond Anderson,Desmond Anderson,CB,CB,exact_name,100
2019,33168,4031151,ARKANSAS,8,Myron Cunningham,Myron Cunningham,T,OL,exact_name,100
2019,33173,3915261,KENT STATE,2309,Antwan Dixon,Antwan Dixon,WR,WR,exact_name,100
2019,33196,3929910,COLO STATE,36,Brenden Fulton,Brenden Fulton,WR,WR,exact_name,100
2019,33204,3915885,UTEP,2638,Michael Lewis,Michael Lewis,S,DB,exact_name,100
2019,33225,3932057,DOMINION,295,Darrell Brown,Darrell Brown,WR,WR,exact_name,100
2019,33234,3915265,KENT STATE,2309,John Henry Bronczek,John Henry Bronczek,S,S,exact_name,100
2019,33293,3928989,KANSAS,2305,DeAnte Ford,DeAnte Ford,S,S,exact_name,100
2019,33322,3916924,AUBURN,2,Jeremiah Dinson,Jeremiah Dinson,S,DB,exact_name,100
2019,33327,3914580,UTSA,2636,Blaze Moorhead,Blaze Moorhead,WR,WR,exact_name,100
2019,33330,3914836,NEVADA,2440,Cristian Solano,Cristian Solano,QB,QB,exact_name,100
2019,33340,3924325,MISSOURI,142,Johnathon Johnson,Johnathon Johnson,WR,WR,exact_name,100
2019,33354,4361608,UTAH ST,328,DJ Williams,DJ Williams,CB,CB,exact_name,100
2019,33386,4575418,NWESTERN,77,Andrew David,Andrew David,nan,P,exact_name,100
2019,33387,3932908,TOLEDO,2649,Kahlil Robinson,Kahlil Robinson,S,DB,exact_name,100
2019,33391,3929943,SYRACUSE,183,DuWayne Johnson,DuWayne Johnson,CB,DB,exact_name,100
2019,33448,3917284,MIDDLE TN,2393,Chris Stamps,Chris Stamps,CB,DB,exact_name,100
2019,33450,3916143,MEMPHIS,235,Kedarian Jones,Kedarian Jones,WR,WR,exact_name,100
2019,33451,3921648,S DIEGO ST,21,Ryan Agnew,Ryan Agnew,QB,QB,exact_name,100
2019,33461,3916620,BUFFALO,2084,Devon Russell,Devon Russell,CB,CB,exact_name,100
2019,33473,3932431,NOTRE DAME,87,Nolan Henry,Nolan Henry,QB,QB,exact_name,100
2019,33507,4361684,WYOMING,2751,Raghib Ismail Jr.,Raghib Ismail Jr.,WR,WR,exact_name,100
2019,33514,3917168,ARK STATE,2032,Darveon Brown,Darveon Brown,WR,WR,exact_name,100
2019,33527,3916392,LOUISVILLE,97,Mason King,Mason King,P,P,exact_name,100
2019,33547,3930301,OREGON ST,204,Shawn Wilson,Shawn Wilson,S,DB,exact_name,100
2019,33562,3917796,DUKE,150,Austin Parker,Austin Parker,K,P,exact_name,100
2019,33577,3921975,UTSA,2636,Cassius Grady,Cassius Grady,CB,CB,exact_name,100
2019,33681,3699834,NEBRASKA,158,Eric Lee Jr.,Eric Lee Jr.,S,S,exact_name,100
2019,33687,3914459,MIDDLE TN,2393,Isiah Upton,Isiah Upton,WR,WR,exact_name,100
2019,33735,4572389,S DIEGO ST,21,Eric Wilson,Eric Wilson,CB,CB,exact_name,100
2019,33827,3675229,VIRGINIA,258,Terrell Chatman,Terrell Chatman,WR,WR,exact_name,100
2019,33828,3915294,BOSTON COL,103,Mehdi El Attrach,Mehdi El Attrach,S,DB,exact_name,100
2019,33849,3918001,PURDUE,2509,Tario Fuller,Tario Fuller,HB,RB,exact_name,100
2019,33851,3914582,UTSA,2636,Brett Winnegan,Brett Winnegan,WR,WR,exact_name,100
2019,33871,3894824,IOWA,2294,John Milani,John Milani,S,DB,exact_name,100
2019,33907,3911675,BOISE ST,68,Khafari Buffalo,Khafari Buffalo,S,S,exact_name,100
2019,33910,3915379,NEW MEXICO,167,Sheriron Jones,Sheriron Jones,QB,QB,exact_name,100
2019,33913,3915979,NWESTERN,77,Joe Bergin,Joe Bergin,S,DB,exact_name,100
2019,33919,3917179,ARK STATE,2032,Jamal Jones,Jamal Jones,HB,RB,exact_name,100
2019,33924,3929199,KANSAS,2305,Manny Miles,Manny Miles,QB,QB,exact_name,100
2019,33935,3920864,AKRON,2006,Jaquavis Dixon,Jaquavis Dixon,WR,WR,exact_name,100
2019,33941,3929819,MICH STATE,127,David Dowell,David Dowell,S,S,exact_name,100
2019,33949,3933186,S JOSE ST,23,Chandler Hawkins,Chandler Hawkins,S,S,exact_name,100
2019,33966,3927804,NEVADA,2440,Kaleb Fossum,Kaleb Fossum,WR,WR,exact_name,100
2019,33969,3916349,TROY,2653,Reid Rials,Reid Rials,WR,WR,exact_name,100
2019,33981,3930295,AKRON,2006,Deltron Sands,Deltron Sands,HB,RB,exact_name,100
2019,34010,3933175,ARK STATE,2032,Carson Coats,Carson Coats,QB,QB,exact_name,100
2019,34014,4040553,TEXAS ST,326,Anthony D. Taylor,Anthony D. Taylor,HB,RB,exact_name,100
2019,34032,3722372,ARK STATE,2032,Darreon Jackson,Darreon Jackson,S,DB,exact_name,100
2019,34038,3915165,GEORGIA,61,Rodrigo Blankenship,Rodrigo Blankenship,K,PK,exact_name,100
2019,34039,3919602,OKLA STATE,197,Matt Ammendola,Matt Ammendola,K,PK,exact_name,100
2019,34044,3921685,S JOSE ST,23,Josh Love,Josh Love,QB,QB,exact_name,100
2019,34061,3929637,PENN STATE,213,Dan Chisena,Dan Chisena,WR,WR,exact_name,100
2019,34139,3931426,ARIZONA,12,Cedric Peterson,Cedric Peterson,WR,WR,exact_name,100
2019,34153,3870490,OHIO STATE,194,Chris Chugunov,Chris Chugunov,QB,QB,exact_name,100
2019,34161,3914427,MIDDLE TN,2393,Khalil Brooks,Khalil Brooks,LB,LB,exact_name,100
2019,34189,3929784,INDIANA,84,Andre Brown Jr.,Andre Brown Jr.,CB,DB,exact_name,100
2019,34207,3914450,MIDDLE TN,2393,Jovante Moffatt,Jovante Moffatt,S,S,exact_name,100
2019,34220,3914811,NEVADA,2440,Maliek Broady,Maliek Broady,LB,LB,exact_name,100
2019,34255,3932144,UCF,2116,Jacob Harris,Jacob Harris,WR,WR,exact_name,100
2019,34260,3916361,IOWA STATE,66,Justin Bickham,Justin Bickham,S,CB,exact_name,100
2019,34261,3699859,NEBRASKA,158,Wyatt Mazour,Wyatt Mazour,HB,RB,exact_name,100
2019,34264,3929613,UTSA,2636,Grant Merka,Grant Merka,LS,LS,exact_name,100
2019,34275,3914547,DOMINION,295,Hasaan Patterson,Hasaan Patterson,WR,WR,exact_name,100
2019,34290,3932176,BAYLOR,239,Owen Rogers,Owen Rogers,LB,LB,exact_name,100
2019,34328,3938057,ARK STATE,2032,Logan Wescott,Logan Wescott,CB,DB,exact_name,100
2019,34332,3913295,MARSHALL,276,Justin Rohrwasser,Justin Rohrwasser,P,PK,exact_name,100
2019,34333,4362029,UTEP,2638,Kai Locksley,Kai Locksley,QB,QB,exact_name,100
2019,34337,3699767,NEBRASKA,158,Reid Karel,Reid Karel,S,S,exact_name,100
2019,34347,3707825,LOUISVILLE,97,P.J. Mbanasor,P.J. Mbanasor,CB,DB,exact_name,100
2019,34355,3916110,KANSAS ST,2306,Denzel Goolsby,Denzel Goolsby,S,DB,exact_name,100
2019,34362,3914611,HOUSTON,248,Darius Gilbert,Darius Gilbert,S,S,exact_name,100
2019,34405,3915446,CLEMSON,228,Denzel Johnson,Denzel Johnson,S,S,exact_name,100
2019,34406,3933462,UNLV,2439,Hayes Hicken,Hayes Hicken,K,PK,exact_name,100
2019,34407,3916124,KANSAS ST,2306,Dalton Schoen,Dalton Schoen,WR,WR,exact_name,100
2019,34412,3929824,MICH STATE,127,Brian Lewerke,Brian Lewerke,QB,QB,exact_name,100
2019,34449,3821692,TROY,2653,Will Sunderland,Will Sunderland,CB,S,exact_name,100
2019,34478,3914572,UTSA,2636,Andrew Martel,Andrew Martel,LB,LB,exact_name,100
2019,34491,3915427,HOUSTON,248,Patrick Carr,Patrick Carr,HB,RB,exact_name,100
2019,34493,3932338,UTAH ST,328,Riley Burt,Riley Burt,HB,RB,exact_name,100
2019,34503,3916574,BUFFALO,2084,Dev Lamour,Dev Lamour,S,S,exact_name,100
2019,34534,3917808,GA TECH,59,Christian Campbell,Christian Campbell,S,DB,exact_name,100
2019,34571,3914826,NEVADA,2440,Kelton Moore,Kelton Moore,HB,RB,exact_name,100
2019,34594,3699986,UAB,5,Adrienne Talan,Adrienne Talan,ED,LB,exact_name,100
2019,34612,3918034,UTAH ST,328,Gerold Bright,Gerold Bright,HB,RB,exact_name,100
2019,34632,3917657,WISCONSIN,275,Zack Baun,Zack Baun,ED,LB,exact_name,100
2019,34643,3915966,NWESTERN,77,TJ Green,TJ Green,QB,QB,exact_name,100
2019,34668,3917983,NEBRASKA,158,Chase Urbach,Chase Urbach,LS,LS,exact_name,100
2019,34685,3915117,MIAMI FL,2390,Jack Spicer,Jack Spicer,P,P,exact_name,100
2019,34710,3928931,BAYLOR,239,Ross Matiscik,Ross Matiscik,LB,LS,exact_name,100
2019,34779,3932903,TOLEDO,2649,Mitchell Guadagni,Mitchell Guadagni,QB,QB,exact_name,100
2019,34783,3929650,TEMPLE,218,Ayron Monroe,Ayron Monroe,S,S,exact_name,100
2019,34816,3929928,MICHIGAN,130,Jordan Glasgow,Jordan Glasgow,LB,LB,exact_name,100
2019,34825,3728242,COAST CAR,324,Shadell Bell,Shadell Bell,TE,TE,exact_name,100
2019,34826,3920764,BALL ST,2050,Riley Miller,Riley Miller,WR,WR,exact_name,100
2019,34839,3912574,UTAH ST,328,Caleb Repp,Caleb Repp,TE,DE,exact_name,100
2019,34840,3886634,TCU,2628,Alex Delton,Alex Delton,QB,QB,exact_name,100
2019,34842,3886609,FLORIDA ST,52,Alex Hornibrook,Alex Hornibrook,QB,QB,exact_name,100
2019,34850,3707332,ARK STATE,2032,Dahu Green,Dahu Green,WR,WR,exact_name,100
2019,34869,3918405,TROY,2653,A.J. Smiley,A.J. Smiley,ED,LB,exact_name,100
2019,34880,3915119,FLORIDA,57,Jacob Tilghman,Jacob Tilghman,LS,LS,exact_name,100
2019,34883,3929856,TEXAS,251,Kirk Johnson,Kirk Johnson,HB,RB,exact_name,100
2019,34886,3843469,LSU,99,Derrick Dillon,Derrick Dillon,WR,WR,exact_name,100
2019,34894,3672832,BOSTON COL,103,Nolan Borgersen,Nolan Borgersen,S,DB,exact_name,100
2019,34897,3728240,MISSOURI,142,Kelly Bryant,Kelly Bryant,QB,QB,exact_name,100
2019,34914,3917849,GEORGIA,61,Lawrence Cager,Lawrence Cager,WR,WR,exact_name,100
2019,34920,3914828,NEVADA,2440,Brendan O'Leary-Orange,Brendan O'Leary-Orange,WR,WR,exact_name,100
2019,34928,3916829,ARMY,349,Jarrod Jones,Jarrod Jones,LB,LB,exact_name,100
2019,34959,3923405,TEMPLE,218,Jager Gardner,Jager Gardner,HB,RB,exact_name,100
2019,34970,3930275,OREGON ST,204,Keegan Firth,Keegan Firth,LS,LS,exact_name,100
2019,34983,3916911,IOWA STATE,66,La'Michael Pettway,La'Michael Pettway,WR,WR,exact_name,100
2019,35005,3921729,OKLAHOMA,201,Lee Morris,Lee Morris,WR,WR,exact_name,100
2019,35026,3928978,TEXAS,251,Mason Ramirez,Mason Ramirez,CB,DB,exact_name,100
2019,35029,3728275,MINNESOTA,135,Shannon Brooks,Shannon Brooks,HB,RB,exact_name,100
2019,35031,3914449,MIDDLE TN,2393,Chris Melton,Chris Melton,LB,LB,exact_name,100
2019,35032,3919608,OKLA STATE,197,Philip Redwine-Bryant,Philip Redwine-Bryant,LB,LB,exact_name,100
2019,35036,3929879,BOISE ST,68,Garrett Collingham,Garrett Collingham,TE,TE,exact_name,100
2019,35037,3862133,ILLINOIS,356,Dre Brown,Dre Brown,HB,RB,exact_name,100
2019,35041,3929782,INDIANA,84,Reakwon Jones,Reakwon Jones,LB,LB,exact_name,100
2019,35048,3930073,OLE MISS,145,Armani Linton,Armani Linton,S,DB,exact_name,100
2019,35055,3914401,BOWL GREEN,189,Charles Lamar,Charles Lamar,HB,RB,exact_name,100
2019,35088,3917680,WISCONSIN,275,Bradrick Shaw,Bradrick Shaw,HB,RB,exact_name,100
2019,35096,3915145,ARK STATE,2032,Kirk Merritt,Kirk Merritt,WR,WR,exact_name,100
2019,35097,3929814,MICH STATE,127,Josh Butler,Josh Butler,CB,CB,exact_name,100
2019,35129,3894840,IOWA,2294,Jackson Subbert,Jackson Subbert,C,LS,exact_name,100
2019,35158,3915798,PURDUE,2509,Ben Holt,Ben Holt,LB,LB,exact_name,100
2019,35168,3930051,RUTGERS,164,Austin Rosa,Austin Rosa,LB,LB,exact_name,100
2019,35169,3932170,UNLV,2439,JD Alexander,JD Alexander,ED,LB,exact_name,100
2019,35208,3917619,ILLINOIS,356,Justice Williams,Justice Williams,HB,TE,exact_name,100
2019,35211,3924308,MISSOURI,142,Franklin Agbasimere,Franklin Agbasimere,ED,DL,exact_name,100
2019,35213,3915528,OHIO STATE,194,Liam McCullough,Liam McCullough,LS,LS,exact_name,100
2019,35241,3917016,TULSA,202,Trevis Gipson,Trevis Gipson,ED,DE,exact_name,100
2019,35250,3923409,TEMPLE,218,Dana Levine,Dana Levine,ED,DE,exact_name,100
2019,35282,3918043,FRESNO ST,278,Jared Rice,Jared Rice,TE,TE,exact_name,100
2019,35283,3698948,NEBRASKA,158,Mohamed Barry,Mohamed Barry,LB,LB,exact_name,100
2019,35291,3917912,KANSAS ST,2306,Eric Gallon II,Eric Gallon II,LB,LB,exact_name,100
2019,35299,3675812,VIRGINIA,258,Bryce Perkins,Bryce Perkins,QB,QB,exact_name,100
2019,35331,3916401,LOUISVILLE,97,Damien Smith,Damien Smith,LB,LB,exact_name,100
2019,35335,3920817,OHIO,195,Austin Clack,Austin Clack,LB,LB,exact_name,100
2019,35464,3917947,IOWA STATE,66,Marcel Spears Jr.,Marcel Spears Jr.,LB,LB,exact_name,100
2019,35468,3929644,PENN STATE,213,Jan Johnson,Jan Johnson,LB,LB,exact_name,100
2019,35535,3932505,AKRON,2006,John Lako,John Lako,LB,LB,exact_name,100
2019,35543,3915468,VANDERBILT,238,Riley Neal,Riley Neal,QB,QB,exact_name,100
2019,35556,3886376,UCLA,26,Josh Woods,Josh Woods,ED,LB,exact_name,100
2019,35595,3932451,UCF,2116,Brandon Wimbush,Brandon Wimbush,QB,QB,exact_name,100
2019,35624,3929833,MICH STATE,127,Kenny Willekes,Kenny Willekes,ED,DE,exact_name,100
2019,35639,3929914,COLO STATE,36,Adam Prentice,Adam Prentice,TE,FB,exact_name,100
2019,35653,3693281,DOMINION,295,Calvin Brewton,Calvin Brewton,S,DB,exact_name,100
2019,35670,3921691,S JOSE ST,23,Jesse Osuna,Jesse Osuna,LB,LB,exact_name,100
2019,35695,3932957,UTAH ST,328,Braden Harris,Braden Harris,ED,DE,exact_name,100
2019,35699,3916938,SMU,2567,Richard McBryde,Richard McBryde,LB,LB,exact_name,100
2019,35702,3921679,S JOSE ST,23,Brett Foley,Brett Foley,TE,TE,exact_name,100
2019,35703,3894843,IOWA,2294,Brady Ross,Brady Ross,FB,FB,exact_name,100
2019,35713,3894832,IOWA,2294,Drew Cook,Drew Cook,TE,TE,exact_name,100
2019,35728,3928980,KANSAS,2305,Hudson Hall,Hudson Hall,FB,FB,exact_name,100
2019,35744,3914456,MIDDLE TN,2393,Tyshun Render,Tyshun Render,ED,DE,exact_name,100
2019,35745,3921661,S DIEGO ST,21,Isaac Lessard,Isaac Lessard,FB,FB,exact_name,100
2019,35746,3914623,HOUSTON,248,Leroy Godfrey,Leroy Godfrey,ED,DL,exact_name,100
2019,35748,3915136,OREGON,2483,Jacob Breeland,Jacob Breeland,TE,TE,exact_name,100
2019,35753,3921940,KANSAS ST,2306,Luke Sowa,Luke Sowa,FB,FB,exact_name,100
2019,35774,3915171,GEORGIA,61,Tae Crowder,Tae Crowder,LB,LB,exact_name,100
2019,35776,3928953,IOWA STATE,66,Conner Greene,Conner Greene,ED,TE,exact_name,100
2019,35806,3931401,STANFORD,24,Cameron Scarlett,Cameron Scarlett,HB,RB,exact_name,100
2019,35807,3915104,UNLV,2439,Rayshad Jackson,Rayshad Jackson,LB,LB,exact_name,100
2019,35810,3912546,USC,30,John Houston Jr.,John Houston Jr.,LB,LB,exact_name,100
2019,35812,3915274,KENT STATE,2309,Nick Faulkner,Nick Faulkner,ED,LB,exact_name,100
2019,35833,4240139,AKRON,2006,Nick Johns,Nick Johns,TE,TE,exact_name,100
2019,35853,3914454,MIDDLE TN,2393,Trae Philpots,Trae Philpots,ED,DE,exact_name,100
2019,35886,3921659,S DIEGO ST,21,Kyahva Tezino,Kyahva Tezino,LB,LB,exact_name,100
2019,35889,3917819,GA TECH,59,Tyler Cooksey,Tyler Cooksey,TE,TE,exact_name,100
2019,35922,3932503,AKRON,2006,Brandon Junk,Brandon Junk,TE,TE,exact_name,100
2019,35933,3917118,NEW MEXICO,167,Erik Beilman,Erik Beilman,TE,TE,exact_name,100
2019,35942,3914835,NEVADA,2440,Gabriel Sewell,Gabriel Sewell,LB,LB,exact_name,100
2019,35947,3918332,WYOMING,2751,Ben Wisdorf,Ben Wisdorf,LB,LB,exact_name,100
2019,35955,3728264,CLEMSON,228,Chad Smith,Chad Smith,LB,LB,exact_name,100
2019,35966,3930287,OREGON ST,204,Jalen Moore,Jalen Moore,S,DB,exact_name,100
2019,35968,3915770,VANDERBILT,238,Caleb Peart,Caleb Peart,LB,LB,exact_name,100
2019,35988,3916167,MEMPHIS,235,Peyton Jones,Peyton Jones,G,OL,exact_name,100
2019,35995,3124701,UTEP,2638,Adrian Hynson,Adrian Hynson,S,DB,exact_name,100
2019,35997,3728263,CLEMSON,228,Tanner Muse,Tanner Muse,LB,S,exact_name,100
2019,36000,3928944,IOWA STATE,66,Braxton Lewis,Braxton Lewis,S,DB,exact_name,100
2019,36001,3915396,TENNESSEE,2633,Darrell Taylor,Darrell Taylor,ED,LB,exact_name,100
2019,36003,3917836,NEW MEXICO,167,Trent Sellers,Trent Sellers,ED,DL,exact_name,100
2019,36004,3914167,CINCINNATI,2132,Bryan Wright,Bryan Wright,LB,LB,exact_name,100
2019,36019,3917946,IOWA STATE,66,Jared Gescheidler,Jared Gescheidler,LB,LB,exact_name,100
2019,36045,3917180,ARK STATE,2032,Kirk Louis,Kirk Louis,LB,LB,exact_name,100
2019,36053,3930065,OLE MISS,145,Jason Pellerin,Jason Pellerin,TE,TE,exact_name,100
2019,36073,3916383,TEXAS TECH,2641,Jackson Tyner,Jackson Tyner,QB,QB,exact_name,100
2019,36104,3918329,WYOMING,2751,Jaylon Watson,Jaylon Watson,TE,FB,exact_name,100
2019,36110,3920807,OHIO,195,Chukwudi Chukwu,Chukwudi Chukwu,ED,DL,exact_name,100
2019,36116,3917159,APP STATE,2026,Josh Thomas,Josh Thomas,S,DB,exact_name,100
2019,36128,3918303,UAB,5,Skylor Clinton,Skylor Clinton,TE,TE,exact_name,100
2019,36143,3917153,APP STATE,2026,Collin Reed,Collin Reed,TE,TE,exact_name,100
2019,36147,3915308,BOSTON COL,103,Jake Burt,Jake Burt,TE,TE,exact_name,100
2019,36149,3921955,FLORIDA ST,52,Ryan Roberts,Ryan Roberts,T,OL,exact_name,100
2019,36156,4292482,UTAH ST,328,Fua Leilua,Fua Leilua,DI,DT,exact_name,100
2019,36158,3917913,UTSA,2636,Dominic Sheppard,Dominic Sheppard,LB,LB,exact_name,100
2019,36168,3125741,BALL ST,2050,Jacob White,Jacob White,LB,LB,exact_name,100
2019,36169,3930077,OLE MISS,145,Michael Howard,Michael Howard,T,OL,exact_name,100
2019,36173,3915874,UTEP,2638,Stephen Forester,Stephen Forester,LB,LB,exact_name,100
2019,36183,3916166,MEMPHIS,235,Joey Magnifico,Joey Magnifico,TE,TE,exact_name,100
2019,36195,3931971,COLORADO,38,Lucas Cooper,Lucas Cooper,S,S,exact_name,100
2019,36231,3916165,MEMPHIS,235,Scottie Dill,Scottie Dill,T,OL,exact_name,100
2019,36263,3924377,LOUISVILLE,97,Boosie Whitlow,Boosie Whitlow,ED,LB,exact_name,100
2019,36271,3929633,PENN STATE,213,Nick Bowers,Nick Bowers,TE,TE,exact_name,100
2019,36279,-1019604,MIAMI FL,2390,Jimmy Murphy,Jimmy Murphy,HB,RB,exact_name+posgroup,98
2019,36281,3924353,TCU,2628,Shameik Blackshear,Shameik Blackshear,ED,DL,exact_name,100
2019,36290,3722358,BOISE ST,68,Matt Locher,Matt Locher,ED,DT,exact_name,100
2019,36300,3914554,DOMINION,295,Derek Wilder,Derek Wilder,ED,DE,exact_name,100
2019,36301,3920809,OHIO,195,Brian Arp,Brian Arp,DI,DL,exact_name,100
2019,36337,3930048,RUTGERS,164,Willington Previlon,Willington Previlon,DI,DL,exact_name,100
2019,36338,3933325,S DIEGO ST,21,Myles Cheatum,Myles Cheatum,ED,DL,exact_name,100
2019,36345,3933025,FRESNO ST,278,Nick Aibuedefe,Nick Aibuedefe,T,OL,exact_name,100
2019,36361,3916898,ARKANSAS,8,Jamario Bell,Jamario Bell,ED,DL,exact_name,100
2019,36380,4259204,KANSAS,2305,James Sosinski,James Sosinski,TE,TE,exact_name,100
2019,36381,3921689,S JOSE ST,23,Deano Motes,Deano Motes,G,OT,exact_name,100
2019,36387,3931781,MARSHALL,276,Milan Lanier,Milan Lanier,DI,DL,exact_name,100
2019,36393,3916949,AUBURN,2,Gary Walker,Gary Walker,DI,DE,exact_name,100
2019,36403,3930035,PITTSBURGH,221,Nakia Griffin-Stewart,Nakia Griffin-Stewart,TE,TE,exact_name,100
2019,36407,3886620,PITTSBURGH,221,Will Gragg,Will Gragg,TE,TE,exact_name,100
2019,36440,3917054,TULANE,2655,Keyshawn McLeod,Keyshawn McLeod,T,OL,exact_name,100
2019,36442,3699915,NEBRASKA,158,DaiShon Neal,DaiShon Neal,DI,DL,exact_name,100
2019,36446,3924317,MISSOURI,142,Thomas Grossman,Thomas Grossman,T,OL,exact_name,100
2019,36449,3672865,MIAMI FL,2390,Scott Patchan,Scott Patchan,ED,DL,exact_name,100
2019,36450,4361863,OKLA STATE,197,Mike Scott,Mike Scott,ED,DE,exact_name,100
2019,36451,3931791,LOUISVILLE,97,Ty Tyler,Ty Tyler,DI,DL,exact_name,100
2019,36454,3917674,WISCONSIN,275,David Pfaff,David Pfaff,DI,DE,exact_name,100
2019,36461,3946891,UTAH,254,Kyle Lanterman,Kyle Lanterman,G,OL,exact_name,100
2019,36471,3916473,OLE MISS,145,Qaadir Sheppard,Qaadir Sheppard,ED,DE,exact_name,100
2019,36472,3914489,TEXAS TECH,2641,Eli Howard,Eli Howard,ED,DL,exact_name,100
2019,36482,3917975,MINNESOTA,135,Sam Renner,Sam Renner,DI,DL,exact_name,100
2019,36486,3698664,NEBRASKA,158,Fyn Anderson,Fyn Anderson,DI,DL,exact_name,100
2019,36501,3895840,N CAROLINA,153,Charlie Heck,Charlie Heck,T,OL,exact_name,100
2019,36502,3914448,MIDDLE TN,2393,Malik Manciel,Malik Manciel,DI,DT,exact_name,100
2019,36507,3917148,APP STATE,2026,Victor Johnson,Victor Johnson,T,OL,exact_name,100
2019,36523,3928948,IOWA STATE,66,Collin Olson,Collin Olson,C,OL,exact_name,100
2019,36544,3915276,KENT STATE,2309,Alex Hoag,Alex Hoag,DI,DE,exact_name,100
2019,36547,3909153,BUFFALO,2084,Paul Nosworthy,Paul Nosworthy,G,OL,exact_name,100
2019,36573,3886817,WASHINGTON,264,A.J. Carty,A.J. Carty,LS,LS,exact_name,100
2019,36609,3915982,NWESTERN,77,Jared Thomas,Jared Thomas,C,OL,exact_name,100
2019,36620,3920815,OHIO,195,Sam McKnight,Sam McKnight,ED,DL,exact_name,100
2019,36621,3916410,LOUISVILLE,97,Tyler Haycraft,Tyler Haycraft,T,OL,exact_name,100
2019,36624,3917949,IOWA STATE,66,Julian Good-Jones,Julian Good-Jones,T,OL,exact_name,100
2019,36629,3915471,BALL ST,2050,Andrew Poenitsch,Andrew Poenitsch,C,OL,exact_name,100
2019,36642,3917835,GA TECH,59,Brentavious Glanton,Brentavious Glanton,DI,DL,exact_name,100
2019,36647,3915893,UTEP,2638,Robert Pufahl,Robert Pufahl,TE,FB,exact_name,100
2019,36660,3916113,KANSAS ST,2306,Adam Holtorf,Adam Holtorf,C,OL,exact_name,100
2019,36661,3929936,MICHIGAN,130,Jon Runyan,Jon Runyan,T,OL,exact_name,100
2019,36664,3930055,COLORADO,38,Jack Shutack,Jack Shutack,G,OL,exact_name,100
2019,36717,3895842,N CAROLINA,153,Nick Polino,Nick Polino,G,OL,exact_name,100
2019,36741,4261184,NEW MEXICO,167,Aaron Blackwell,Aaron Blackwell,DI,DL,exact_name,100
2019,36751,3917672,WISCONSIN,275,David Moorman,David Moorman,G,OL,exact_name,100
2019,36754,3675273,ARIZONA ST,9,Cade Cote,Cade Cote,G,OL,exact_name,100
2019,36766,3916939,AUBURN,2,Kaleb Kim,Kaleb Kim,C,OL,exact_name,100
2019,36767,3915771,LOUISVILLE,97,Ean Pfeifer,Ean Pfeifer,TE,TE,exact_name,100
2019,36769,3917169,ARK STATE,2032,Javier Carbonell,Javier Carbonell,DI,DL,exact_name,100
2019,36773,3931412,RICE,242,Brian Chaffin,Brian Chaffin,C,C,exact_name,100
2019,36789,3914842,NEW MEXICO,167,David Zavala,David Zavala,G,OL,exact_name,100
2019,36813,3886830,WASHINGTON,264,Henry Roberts,Henry Roberts,T,OL,exact_name,100
2019,36815,3931760,MARSHALL,276,Levi Brown,Levi Brown,C,OL,exact_name,100
2019,36829,3728306,GEORGIA,61,Michael Barnett,Michael Barnett,DI,DT,exact_name,100
2019,36842,3908935,CHARLOTTE,2429,Jalen Allen,Jalen Allen,G,OL,exact_name,100
2019,36851,3916917,ARKANSAS,8,T.J. Smith,T.J. Smith,DI,DL,exact_name,100
2019,36857,3915096,FLORIDA,57,Nick Buchanan,Nick Buchanan,C,OL,exact_name,100
2019,36871,3930059,RUTGERS,164,Zach Venesky,Zach Venesky,G,OL,exact_name,100
2019,36872,4360183,HOUSTON,248,Bo Alexander,Bo Alexander,TE,TE,exact_name,100
2019,36889,3917824,GA TECH,59,Scott Morgan,Scott Morgan,C,OL,exact_name,100
2019,36893,3911536,VANDERBILT,238,Brandon Maddox,Brandon Maddox,DI,DL,exact_name,100
2019,36897,3916104,KANSAS ST,2306,Evan Curl,Evan Curl,G,OL,exact_name,100
2019,36900,3675298,OKLAHOMA,201,Dillon Faamatau,Dillon Faamatau,DI,DL,exact_name,100
2019,36901,3929793,INDIANA,84,Hunter Littlejohn,Hunter Littlejohn,C,OL,exact_name,100
2019,36914,3728288,S JOSE ST,23,Quinn Oseland,Quinn Oseland,T,OL,exact_name,100
2019,36916,3886819,WASHINGTON,264,Jared Hilbers,Jared Hilbers,T,OL,exact_name,100
2019,36919,3894847,IOWA,2294,Landan Paulsen,Landan Paulsen,G,OL,exact_name,100
2019,36929,3932347,S DIEGO ST,21,Jacob Jimenez,Jacob Jimenez,G,OL,exact_name,100
2019,36930,3917968,KANSAS,2305,Clyde McCauley III,Clyde McCauley III,T,OL,exact_name,100
2019,36953,3915472,BALL ST,2050,Zac Ricketts,Zac Ricketts,G,OL,exact_name,100
2019,36964,3916593,BUFFALO,2084,Christian Gonzalez,Christian Gonzalez,DI,DT,exact_name,100
2019,36969,3915280,KENT STATE,2309,Bryce Gibbs,Bryce Gibbs,T,OL,exact_name,100
2019,36974,3915253,KENTUCKY,96,Calvin Taylor Jr.,Calvin Taylor Jr.,DI,DE,exact_name,100
2019,36976,3916467,SYRACUSE,183,Andrejas Duerig,Andrejas Duerig,C,OL,exact_name,100
2019,36985,3909120,KANSAS ST,2306,Nick Kaltmayer,Nick Kaltmayer,T,OL,exact_name,100
2019,37001,3921570,FLORIDA ST,52,Abdul Bello,Abdul Bello,T,OL,exact_name,100
2019,37006,3914411,BOWL GREEN,189,Jack Kramer,Jack Kramer,C,OL,exact_name,100
2019,37017,3914928,HAWAII,62,J.R. Hensley,J.R. Hensley,G,OL,exact_name,100
2019,37020,3930054,RUTGERS,164,Kamaal Seymour,Kamaal Seymour,T,OL,exact_name,100
2019,37044,3914592,OKLAHOMA,201,Clayton Woods,Clayton Woods,G,OL,exact_name,100
2019,37050,3863052,MINNESOTA,135,Micah Dew-Treadway,Micah Dew-Treadway,DI,DL,exact_name,100
2019,37058,3932439,NOTRE DAME,87,Trevor Ruhland,Trevor Ruhland,G,OL,exact_name,100
2019,37059,3843227,AUBURN,2,Bailey Sharp,Bailey Sharp,T,OL,exact_name,100
2019,37065,3929822,MICH STATE,127,Tyler Higby,Tyler Higby,T,OL,exact_name,100
2019,37066,3920814,OHIO,195,Austen Pleasants,Austen Pleasants,T,OL,exact_name,100
2019,37068,3914525,DOMINION,295,Tony Barnett,Tony Barnett,G,OL,exact_name,100
2019,37070,3930040,OHIO STATE,194,Jonah Jackson,Jonah Jackson,G,OL,exact_name,100
2019,37073,-1017941,LOUISVILLE,97,T.J. McCoy,T.J. McCoy,C,OL,exact_name,100
2019,37075,3917920,OKLAHOMA,201,R.J. Proctor,R.J. Proctor,T,G,exact_name,100
2019,37093,3884289,ARK STATE,2032,Thomas Toki,Thomas Toki,DI,DL,exact_name,100
2019,37101,3118460,UAB,5,Tony Fair,Tony Fair,DI,DL,exact_name,100
2019,37104,3922147,TEXAS ST,326,Jacob Rowland,Jacob Rowland,T,G,exact_name,100
2019,37108,3722366,BOISE ST,68,Eric Quevedo,Eric Quevedo,G,OL,exact_name,100
2019,37111,3915538,OHIO STATE,194,Kevin Woidke,Kevin Woidke,T,OL,exact_name,100
2019,37119,3728255,CLEMSON,228,Gage Cervenka,Gage Cervenka,G,OL,exact_name,100
2019,37160,3921569,FLORIDA ST,52,Cole Minshew,Cole Minshew,G,OL,exact_name,100
2019,37175,3915303,BOSTON COL,103,Anthony Palazzolo,Anthony Palazzolo,G,OL,exact_name,100
2019,37176,3920824,OHIO,195,Marques Grimes,Marques Grimes,T,OL,exact_name,100
2019,37181,3915252,KENTUCKY,96,Logan Stenberg,Logan Stenberg,G,G,exact_name,100
2019,37183,3915319,MIAMI OH,193,Evan Crabtree,Evan Crabtree,LS,LS,exact_name,100
2019,37196,3916904,ARK STATE,2032,Klint Harvey,Klint Harvey,G,OL,exact_name,100
2019,37205,3914444,MIDDLE TN,2393,Josh Fannin,Josh Fannin,TE,TE,exact_name,100
2019,37223,3931783,UTAH,254,Alex Locklear,Alex Locklear,T,OL,exact_name,100
2019,37251,3915327,MIAMI OH,193,Kyle Kramer,Kyle Kramer,P,P,exact_name,100
2019,37274,3915888,UTEP,2638,Markos Lujan,Markos Lujan,G,OL,exact_name,100
2019,37275,3924360,BUFFALO,2084,Trey Derouen,Trey Derouen,G,OL,exact_name,100
2019,37288,3701619,ARIZONA ST,9,Roy Hemsley,Roy Hemsley,T,OL,exact_name,100
2019,37289,3921666,S DIEGO ST,21,Daishawn Dixon,Daishawn Dixon,G,OL,exact_name,100
2019,37319,3921996,CHARLOTTE,2429,Nafees Lyon,Nafees Lyon,CB,DB,exact_name,100
2019,37325,3915343,MIAMI OH,193,Jack Schroer,Jack Schroer,C,OL,exact_name,100
2019,37326,3915345,MIAMI OH,193,Matt Skibinski,Matt Skibinski,T,OL,exact_name,100
2019,37336,3843887,LSU,99,Adrian Magee,Adrian Magee,G,OL,exact_name,100
2019,37342,3917336,UCF,2116,Trevor Elbert,Trevor Elbert,T,OL,exact_name,100
2019,37365,3932060,LOUISVILLE,97,Jean-Luc Childs,Jean-Luc Childs,C,OL,exact_name,100
2019,37373,3916944,AUBURN,2,Marquel Harrell,Marquel Harrell,G,OL,exact_name,100
2019,37405,3912573,UTAH,254,Darrin Paulo,Darrin Paulo,T,OL,exact_name,100
2019,37418,3916942,UAB,5,Jaunta'vius Johnson,Jaunta'vius Johnson,DI,DL,exact_name,100
2019,37478,3910083,RUTGERS,164,McLane Carter,McLane Carter,QB,QB,exact_name,100
2019,38278,3707516,NEVADA,2440,John Humphrey,John Humphrey,WR,WR,exact_name,100
2019,38286,3925342,UCF,2116,Shawn Burgess-Becker,Shawn Burgess-Becker,CB,LB,exact_name,100
2019,38301,3895871,LOUISVILLE,97,Jordan Davis,Jordan Davis,TE,TE,exact_name,100
2019,38331,3929853,ARIZONA ST,9,Ryan Newsome,Ryan Newsome,WR,WR,exact_name,100
2019,38339,3917012,GEORGIA,61,J.R. Reed,J.R. Reed,S,DB,exact_name,100
2019,38391,3864258,UTSA,2636,Carlos Strickland II,Carlos Strickland II,TE,WR,exact_name,100
2019,38401,3931396,RICE,242,Reagan Williams,Reagan Williams,FB,FB,exact_name,100
2019,38402,3917670,WISCONSIN,275,Tyler Johnson,Tyler Johnson,ED,LB,exact_name,100
2019,38411,4035847,HAWAII,62,Melquise Stovall,Melquise Stovall,WR,WR,exact_name,100
2019,38417,3914937,HAWAII,62,Eperone Moananu,Eperone Moananu,DI,DL,exact_name,100
2019,38418,4047770,HAWAII,62,Kumoku Noa,Kumoku Noa,WR,WR,exact_name,100
2019,38432,3914628,HOUSTON,248,Jarrid Williams,Jarrid Williams,T,OL,exact_name,100
2019,38445,4038222,HAWAII,62,Kalen Hicks,Kalen Hicks,S,DB,exact_name,100
2019,38446,4035852,UNLV,2439,Vic Viramontes,Vic Viramontes,LB,LB,exact_name,100
2019,38447,4038241,HAWAII,62,Alesana Sunia,Alesana Sunia,G,OL,exact_name,100
2019,38464,3931405,STANFORD,24,Ryan Beecher,Ryan Beecher,LB,LB,exact_name,100
2019,38472,3931408,STANFORD,24,Casey Toohill,Casey Toohill,ED,LB,exact_name,100
2019,38491,4038224,OKLA STATE,197,Dru Brown,Dru Brown,QB,QB,exact_name,100
2019,38501,4038247,UTAH,254,Viane Moala,Viane Moala,DI,DT,exact_name,100
2019,38502,4038219,HAWAII,62,Jeremiah Pritchard,Jeremiah Pritchard,LB,LB,exact_name,100
2019,38511,3917677,WISCONSIN,275,Gunnar Roberge,Gunnar Roberge,DI,NT,exact_name,100
2019,38518,3914940,HAWAII,62,Samiuela Akoteu,Samiuela Akoteu,ED,DL,exact_name,100
2019,38530,4038225,HAWAII,62,Zach Wilson,Zach Wilson,S,DB,exact_name,100
2019,38547,4035851,GEORGIA,61,Demetris Robertson,Demetris Robertson,WR,WR,exact_name,100
2019,38582,4045878,HAWAII,62,Joey Nu'uanu-Kuhi'iki,Joey Nu'uanu-Kuhi'iki,T,OL,exact_name,100
2019,38584,4038220,HAWAII,62,Cole McDonald,Cole McDonald,QB,QB,exact_name,100
2019,38609,3917661,WISCONSIN,275,Jason Erdmann,Jason Erdmann,G,OL,exact_name,100
2019,38636,4038246,HAWAII,62,Kaimana Padello,Kaimana Padello,ED,DL,exact_name,100
2019,38639,4038227,HAWAII,62,Ikem Okeke,Ikem Okeke,S,DB,exact_name,100
2019,38649,3914927,HAWAII,62,Dayton Furuta,Dayton Furuta,HB,RB,exact_name,100
2019,38651,3914924,HAWAII,62,Manly Williams,Manly Williams,ED,DL,exact_name,100
2019,38661,4038237,HAWAII,62,Taaga Tuulima,Taaga Tuulima,C,OL,exact_name,100
2019,38791,3931445,ARIZONA,12,Finton Connolly,Finton Connolly,DI,DT,exact_name,100
2019,38799,3931443,ARIZONA,12,Cody Creason,Cody Creason,G,OL,exact_name,100
2019,38813,3931423,ARIZONA,12,Malcolm Holland,Malcolm Holland,CB,CB,exact_name,100
2019,38861,3917317,OKLA STATE,197,Kemah Siverand,Kemah Siverand,CB,DB,exact_name,100
2019,38876,3923413,TEMPLE,218,Chapelle Russell,Chapelle Russell,LB,LB,exact_name,100
2019,38877,3886604,NC STATE,152,Stephen Griffin,Stephen Griffin,CB,DB,exact_name,100
2019,38905,3728252,COAST CAR,324,Sterling Johnson,Sterling Johnson,DI,DT,exact_name,100
2019,38931,3676004,AUBURN,2,Jay Jay Wilson,Jay Jay Wilson,WR,LB,exact_name,100
2019,38942,3885821,MICH STATE,127,Tyriq Thompson,Tyriq Thompson,LB,LB,exact_name,100
2019,38958,3916588,MICH STATE,127,Matt Seybert,Matt Seybert,TE,TE,exact_name,100
2019,38983,3916106,KANSAS ST,2306,Johnathan Durham,Johnathan Durham,CB,DB,exact_name,100
2019,39006,3916127,KANSAS ST,2306,Elijah Sullivan,Elijah Sullivan,LB,LB,exact_name,100
2019,39015,3119342,UAB,5,Garrett Marino,Garrett Marino,DI,DL,exact_name,100
2019,39161,3930269,OREGON ST,204,Andre Bodden,Andre Bodden,WR,WR,exact_name,100
2019,39188,3934454,BAYLOR,239,Marques Jones,Marques Jones,WR,WR,exact_name,100
2019,39190,3930294,OREGON ST,204,Daniel Rodriguez,Daniel Rodriguez,K,P,exact_name,100
2019,39222,3932915,TOLEDO,2649,Jordan Fisher,Jordan Fisher,LB,LB,exact_name,100
2019,39228,3932920,TOLEDO,2649,Cameron Bell,Cameron Bell,T,OL,exact_name,100
2019,39281,3915256,KENTUCKY,96,Mason Wolfe,Mason Wolfe,G,OT,exact_name,100
2019,39311,3886821,WASHINGTON,264,Kyler Manu,Kyler Manu,LB,LB,exact_name,100
2019,39354,3921652,S DIEGO ST,21,Juwan Washington,Juwan Washington,HB,RB,exact_name,100
2019,39359,3843247,TULANE,2655,Justin McMillan,Justin McMillan,QB,QB,exact_name,100
2019,39364,3915305,BOSTON COL,103,John Phillips,John Phillips,G,OL,exact_name,100
2019,39404,3912559,USC,30,Christian Rector,Christian Rector,ED,DL,exact_name,100
2019,39423,3930079,OLE MISS,145,Austrian Robinson,Austrian Robinson,DI,DE,exact_name,100
2019,39461,3915834,TEXAS TECH,2641,Terence Steele,Terence Steele,T,OL,exact_name,100
2019,39498,3916407,LOUISVILLE,97,Amonte Caban,Amonte Caban,DI,DL,exact_name,100
2019,39505,3916416,LOUISVILLE,97,Emonee Spence,Emonee Spence,WR,WR,exact_name,100
2019,39535,3914569,BOISE ST,68,Jaylon Henderson,Jaylon Henderson,QB,QB,exact_name,100
2019,39538,3914605,UTSA,2636,King Newton,King Newton,DI,DT,exact_name,100
2019,39580,3918247,LA MONROE,2433,Korian Reynaud,Korian Reynaud,S,S,exact_name,100
2019,39584,3918248,LA MONROE,2433,Bobby Reynolds,Bobby Reynolds,C,C,exact_name,100
2019,39591,3918041,TEXAS ST,326,Jalen Smith,Jalen Smith,S,DB,exact_name,100
2019,39616,3128609,TEXAS ST,326,Frankie Griffin,Frankie Griffin,S,LB,exact_name,100
2019,39663,3894852,IOWA,2294,Nate Wieting,Nate Wieting,TE,TE,exact_name,100
2019,39807,3915878,UTEP,2638,Treyvon Hughes,Treyvon Hughes,HB,RB,exact_name,100
2019,39811,3707734,OKLAHOMA,201,Kenneth Mann,Kenneth Mann,DI,DL,exact_name,100
2019,39825,4036599,LA MONROE,2433,Kayin White,Kayin White,HB,RB,exact_name,100
2019,39834,4047924,COLORADO,38,Chance Lytle,Chance Lytle,G,OL,exact_name,100
2019,39837,4037586,TULANE,2655,Ben Knutson,Ben Knutson,G,OL,exact_name,100
2019,39838,4037592,VIRGINIA,258,Dillon Reinkensmeyer,Dillon Reinkensmeyer,T,OT,exact_name,100
2019,39843,4036600,LA MONROE,2433,Samuel Williams,Samuel Williams,T,OL,exact_name,100
2019,39844,4036586,LA MONROE,2433,T.J. Fiailoa,T.J. Fiailoa,G,OL,exact_name,100
2019,39851,4037579,VIRGINIA,258,De'Vante Cross,De'Vante Cross,S,S,exact_name,100
2019,39854,4037386,MIDDLE TN,2393,Jordan Middleton,Jordan Middleton,QB,QB,exact_name,100
2019,39855,4037390,MIDDLE TN,2393,Davis Witt,Davis Witt,WR,WR,exact_name,100
2019,39859,4037597,VIRGINIA,258,Ben Trent,Ben Trent,G,G,exact_name,100
2019,39861,4036595,LA MONROE,2433,Josh Pederson,Josh Pederson,TE,TE,exact_name,100
2019,39862,4036592,LA MONROE,2433,Tyler Lamm,Tyler Lamm,TE,TE,exact_name,100
2019,39871,4036055,PITTSBURGH,221,Maurice Ffrench,Maurice Ffrench,WR,WR,exact_name,100
2019,39879,4039210,BALL ST,2050,Drew Plitt,Drew Plitt,QB,QB,exact_name,100
2019,39881,4036265,MICHIGAN,130,Brendan White,Brendan White,WR,WR,exact_name,100
2019,39882,4037125,SYRACUSE,183,Moe Neal,Moe Neal,HB,RB,exact_name,100
2019,39883,4047649,OLE MISS,145,Grant Restmeyer,Grant Restmeyer,QB,QB,exact_name,100
2019,39885,4037366,MIDDLE TN,2393,Ty Lee,Ty Lee,WR,WR,exact_name,100
2019,39898,4036926,ARMY,349,Kjetil Cline,Kjetil Cline,WR,WR,exact_name,100
2019,39902,4044123,TEMPLE,218,Branden Mack,Branden Mack,WR,WR,exact_name,100
2019,39907,4039936,TROY,2653,Tray Eafford,Tray Eafford,WR,WR,exact_name,100
2019,39913,4039385,NEW MEXICO,167,Kentrail Moran,Kentrail Moran,HB,RB,exact_name,100
2019,39914,4035818,UCLA,26,Theo Howard,Theo Howard,WR,WR,exact_name,100
2019,39916,4037512,KANSAS ST,2306,Jordon Brown,Jordon Brown,HB,?,exact_name,100
2019,39921,4048768,UTEP,2638,Walter Dawn Jr.,Walter Dawn Jr.,WR,WR,exact_name,100
2019,39931,4035221,TEXAS A&M,245,Quartney Davis,Quartney Davis,WR,WR,exact_name,100
2019,39933,4037495,CINCINNATI,2132,Jake Sopko,Jake Sopko,QB,QB,exact_name,100
2019,39935,4034860,NEBRASKA,158,JD Spielman,JD Spielman,WR,WR,exact_name,100
2019,39943,4040624,OHIO STATE,194,Derrick Malone,Derrick Malone,TE,TE,exact_name,100
2019,39948,4038536,TCU,2628,Dylan Thomas,Dylan Thomas,WR,WR,exact_name,100
2019,39949,4046826,CLEMSON,228,Darien Rencher,Darien Rencher,HB,RB,exact_name,100
2019,39951,4039555,HOUSTON,248,Jordan Carmouche,Jordan Carmouche,LB,LB,exact_name,100
2019,39953,4037295,NEBRASKA,158,Dedrick Mills,Dedrick Mills,HB,RB,exact_name,100
2019,39958,4035469,CLEMSON,228,J.C. Chalk,J.C. Chalk,TE,TE,exact_name,100
2019,39968,4040882,COLORADO,38,Derrion Rakestraw,Derrion Rakestraw,S,S,exact_name,100
2019,39972,4036328,BOISE ST,68,Kole Bailey,Kole Bailey,G,OL,exact_name,100
2019,39986,4038431,OKLA STATE,197,Tyrell Alexander,Tyrell Alexander,WR,WR,exact_name,100
2019,39987,4034946,FLORIDA,57,Kyle Trask,Kyle Trask,QB,QB,exact_name,100
2019,39988,4035526,IOWA STATE,66,Chase Allen,Chase Allen,TE,TE,exact_name,100
2019,39989,4036429,APP STATE,2026,Zac Thomas,Zac Thomas,QB,QB,exact_name,100
2019,39990,4036473,ARK STATE,2032,Logan Bonner,Logan Bonner,QB,QB,exact_name,100
2019,39994,4047651,OLE MISS,145,Octavious Cooley,Octavious Cooley,TE,TE,exact_name,100
2019,39998,4044099,UCONN,41,Donovan Williams,Donovan Williams,TE,TE,exact_name,100
2019,40005,4036184,NC STATE,152,Justin Chase,Justin Chase,G,OL,exact_name,100
2019,40006,4039050,TEXAS,251,Devin Duvernay,Devin Duvernay,WR,WR,exact_name,100
2019,40011,4036967,ARMY,349,Jaxson Deaton,Jaxson Deaton,G,OL,exact_name,100
2019,40015,4040886,COLORADO,38,Hunter Vaughn,Hunter Vaughn,T,OL,exact_name,100
2019,40017,4037530,N CAROLINA,153,Layton Barber,Layton Barber,G,OL,exact_name,100
2019,40018,4048146,APP STATE,2026,Will Hardin,Will Hardin,G,OL,exact_name,100
2019,40019,4038459,OKLA STATE,197,Matt Kegel,Matt Kegel,G,OL,exact_name,100
2019,40022,4035449,LSU,99,Jamal Pettigrew,Jamal Pettigrew,TE,TE,exact_name,100
2019,40023,4037487,CINCINNATI,2132,Malick Mbodj,Malick Mbodj,WR,WR,exact_name,100
2019,40026,4047820,ARIZONA ST,9,Jared Bubak,Jared Bubak,TE,TE,exact_name,100
2019,40034,4056052,UNLV,2439,Armani Rogers,Armani Rogers,QB,QB,exact_name,100
2019,40040,4035288,VANDERBILT,238,Jackson Winrow,Jackson Winrow,WR,WR,exact_name,100
2019,40041,4039495,TOLEDO,2649,Eli Peters,Eli Peters,QB,QB,exact_name,100
2019,40045,4035767,WISCONSIN,275,Garrett Groshek,Garrett Groshek,HB,RB,exact_name,100
2019,40046,4047176,ILLINOIS,356,Cam Miller,Cam Miller,QB,QB,exact_name,100
2019,40048,4040880,COLORADO,38,Sam Noyer,Sam Noyer,S,QB,exact_name,100
2019,40052,4039503,TOLEDO,2649,Shakif Seymour,Shakif Seymour,HB,RB,exact_name,100
2019,40063,4046673,NOTRE DAME,87,Mick Assaf,Mick Assaf,HB,RB,exact_name,100
2019,40066,4039205,BALL ST,2050,Brandon Martin,Brandon Martin,LB,LB,exact_name,100
2019,40077,4047709,NC STATE,152,Tyler Dabbs,Tyler Dabbs,WR,WR,exact_name,100
2019,40081,4037574,VIRGINIA,258,Christian Baumgardner,Christian Baumgardner,TE,TE,exact_name,100
2019,40084,4046846,TULANE,2655,Andrew Zuckerman,Andrew Zuckerman,WR,WR,exact_name,100
2019,40087,4035018,GEORGIA,61,Tyler Simmons,Tyler Simmons,WR,WR,exact_name,100
2019,40094,4043607,MARSHALL,276,Xavier Gaines,Xavier Gaines,WR,TE,exact_name,100
2019,40097,4039419,NAVY,2426,Travis Brannan,Travis Brannan,FB,WR,exact_name,100
2019,40098,4036855,S JOSE ST,23,JaQuan Blackwell,JaQuan Blackwell,WR,WR,exact_name,100
2019,40102,4037636,AUBURN,2,Zach Farrar,Zach Farrar,WR,WR,exact_name,100
2019,40104,4035100,MISSOURI,142,Micah Wilson,Micah Wilson,WR,WR,exact_name,100
2019,40108,4044122,TEMPLE,218,Anthony Russo,Anthony Russo,QB,QB,exact_name,100
2019,40111,4040517,TEXAS ST,326,Mason Hays,Mason Hays,WR,WR,exact_name,100
2019,40113,4044121,TEMPLE,218,Isaiah Wright,Isaiah Wright,WR,WR,exact_name,100
2019,40115,4039909,TROY,2653,Sam Letton,Sam Letton,WR,WR,exact_name,100
2019,40116,4042807,OREGON ST,204,Trevon Bradford,Trevon Bradford,WR,WR,exact_name,100
2019,40117,4035611,FLORIDA ST,52,Gabe Nabers,Gabe Nabers,FB,TE,exact_name,100
2019,40122,4036943,ARMY,349,Ryan Velez,Ryan Velez,S,DB,exact_name,100
2019,40130,4036409,KANSAS ST,2306,Tyler Burns,Tyler Burns,HB,RB,exact_name,100
2019,40146,3915826,LA MONROE,2433,Trace Ellison,Trace Ellison,G,OT,exact_name,100
2019,40158,4035051,OHIO STATE,194,Gunnar Hoak,Gunnar Hoak,QB,QB,exact_name,100
2019,40169,4035285,VANDERBILT,238,Deuce Wallace,Deuce Wallace,QB,QB,exact_name,100
2019,40173,4039393,NEW MEXICO,167,Daevon Vigilant,Daevon Vigilant,HB,RB,exact_name,100
2019,40176,4040902,FRESNO ST,278,Bryson Oglesby,Bryson Oglesby,LB,DB,exact_name,100
2019,40186,4045290,INDIANA,84,Peyton Ramsey,Peyton Ramsey,QB,QB,exact_name,100
2019,40197,4040629,N CAROLINA,153,Antonio Williams,Antonio Williams,HB,RB,exact_name,100
2019,40199,3949058,TEMPLE,218,Travon Williams,Travon Williams,WR,WR,exact_name,100
2019,40207,4362340,KENT STATE,2309,Woody Barrett,Woody Barrett,QB,QB,exact_name,100
2019,40210,4040660,TULANE,2655,Jacob Robertson Jr.,Jacob Robertson Jr.,WR,WR,exact_name,100
2019,40215,4035711,PURDUE,2509,Jared Sparks,Jared Sparks,WR,WR,exact_name,100
2019,40216,4046678,NOTRE DAME,87,Ian Book,Ian Book,QB,QB,exact_name,100
2019,40217,4034948,FLORIDA,57,Feleipe Franks,Feleipe Franks,QB,QB,exact_name,100
2019,40221,4037591,VIRGINIA,258,Joe Reed,Joe Reed,WR,WR,exact_name,100
2019,40233,4044095,UCONN,41,Quayvon Skanes,Quayvon Skanes,WR,WR,exact_name,100
2019,40237,4039602,ARIZONA,12,Khalil Tate,Khalil Tate,QB,QB,exact_name,100
2019,40244,4039493,TOLEDO,2649,Desmond Phillips,Desmond Phillips,WR,WR,exact_name,100
2019,40245,4036357,COLO STATE,36,Collin Hill,Collin Hill,QB,QB,exact_name,100
2019,40248,4043608,MARSHALL,276,Garet Morrell,Garet Morrell,TE,TE,exact_name,100
2019,40250,4037653,OKLAHOMA,201,Erik Swenson,Erik Swenson,T,OL,exact_name,100
2019,40257,4048722,WYOMING,2751,John Okwoli,John Okwoli,WR,WR,exact_name,100
2019,40258,4037310,TEXAS,251,Parker Braun,Parker Braun,G,OL,exact_name,100
2019,40264,4038741,AKRON,2006,Kato Nelson,Kato Nelson,QB,QB,exact_name,100
2019,40265,4240782,KENTUCKY,96,Asim Rose,Asim Rose,HB,RB,exact_name,100
2019,40268,4044431,STANFORD,24,K.J. Costello,K.J. Costello,QB,QB,exact_name,100
2019,40270,4036030,DUKE,150,Scott Bracey,Scott Bracey,WR,WR,exact_name,100
2019,40273,4034857,COLO STATE,36,Patrick O'Brien,Patrick O'Brien,QB,QB,exact_name,100
2019,40276,4046743,BOWL GREEN,189,Grant Loy,Grant Loy,QB,QB,exact_name,100
2019,40280,4039388,NEW MEXICO,167,Anselem Umeh,Anselem Umeh,WR,WR,exact_name,100
2019,40281,4045162,PENN STATE,213,Michael Shuster,Michael Shuster,QB,QB,exact_name,100
2019,40282,4039500,TOLEDO,2649,Neru N'Shaka,Neru N'Shaka,WR,WR,exact_name,100
2019,40283,4035692,USC,30,Tyler Vaughns,Tyler Vaughns,WR,WR,exact_name,100
2019,40286,4050299,LA MONROE,2433,Semaj Franklin,Semaj Franklin,CB,CB,exact_name,100
2019,40291,4040715,OKLAHOMA,201,Jalen Hurts,Jalen Hurts,QB,QB,exact_name,100
2019,40293,4034944,FLORIDA,57,Josh Hammond,Josh Hammond,WR,WR,exact_name,100
2019,40294,4046522,UCLA,26,Devin Asiasi,Devin Asiasi,TE,TE,exact_name,100
2019,40296,4037118,VANDERBILT,238,Mo Hasan,Mo Hasan,QB,QB,exact_name,100
2019,40304,4039062,HOUSTON,248,Kyle Porter,Kyle Porter,HB,RB,exact_name,100
2019,40306,4036378,UTAH ST,328,Jordan Love,Jordan Love,QB,QB,exact_name,100
2019,40310,4035633,NWESTERN,77,Aidan Smith,Aidan Smith,QB,QB,exact_name,100
2019,40313,4037521,N CAROLINA,153,Chazz Surratt,Chazz Surratt,LB,LB,exact_name,100
2019,40316,4035312,BOSTON COL,103,Anthony Brown,Anthony Brown,QB,QB,exact_name,100
2019,40321,4045723,CHARLOTTE,2429,Joe Thompson,Joe Thompson,WR,WR,exact_name,100
2019,40326,4035225,ARKANSAS,8,Nick Starkel,Nick Starkel,QB,QB,exact_name,100
2019,40338,4035464,CLEMSON,228,Diondre Overton,Diondre Overton,WR,WR,exact_name,100
2019,40339,4029898,OKLAHOMA,201,Spencer Jones,Spencer Jones,WR,QB,exact_name,100
2019,40340,4048245,ARK STATE,2032,Bubba Ogbebor,Bubba Ogbebor,WR,WR,exact_name,100
2019,40341,4035676,UTAH,254,Zack Moss,Zack Moss,HB,RB,exact_name,100
2019,40350,4034776,MINNESOTA,135,Phillip Howard,Phillip Howard,CB,DB,exact_name,100
2019,40351,3917634,ILLINOIS,356,Trenard Davis,Trenard Davis,WR,WR,exact_name,100
2019,40356,4036836,S DIEGO ST,21,Kyle Spalding,Kyle Spalding,T,OL,exact_name,100
2019,40358,4036582,LA MONROE,2433,Brandius Batiste,Brandius Batiste,WR,WR,exact_name,100
2019,40371,4048721,WYOMING,2751,Dontae Crow,Dontae Crow,WR,WR,exact_name,100
2019,40372,4048096,UTAH,254,Drew Lisk,Drew Lisk,QB,QB,exact_name,100
2019,40383,4043609,MARSHALL,276,Jackson White,Jackson White,QB,QB,exact_name,100
2019,40390,4036360,COLO STATE,36,Marvin Kinsey Jr.,Marvin Kinsey Jr.,HB,RB,exact_name,100
2019,40399,4036032,DUKE,150,Brittain Brown,Brittain Brown,HB,RB,exact_name,100
2019,40402,4046520,MICHIGAN,130,Nick Eubanks,Nick Eubanks,TE,TE,exact_name,100
2019,40408,4035776,WISCONSIN,275,Kendric Pryor,Kendric Pryor,WR,WR,exact_name,100
2019,40411,4035426,LSU,99,Stephen Sullivan,Stephen Sullivan,WR,TE,exact_name,100
2019,40414,4037631,SYRACUSE,183,Abdul Adams,Abdul Adams,HB,RB,exact_name,100
2019,40415,4036788,NEVADA,2440,Jaxson Kincaide,Jaxson Kincaide,HB,RB,exact_name,100
2019,40416,4036262,ILLINOIS,356,Brandon Peters,Brandon Peters,QB,QB,exact_name,100
2019,40418,4050370,TULANE,2655,Keon Howard,Keon Howard,QB,QB,exact_name,100
2019,40419,4036508,MICH STATE,127,Cam Chambers,Cam Chambers,WR,WR,exact_name,100
2019,40437,4043629,MARSHALL,276,Alex Mollette,Alex Mollette,G,OL,exact_name,100
2019,40445,4047648,UCF,2116,Tre Nixon,Tre Nixon,WR,WR,exact_name,100
2019,40446,4039284,HOUSTON,248,Terry Mark,Terry Mark,WR,WR,exact_name,100
2019,40447,4047344,VANDERBILT,238,Cody Markel,Cody Markel,TE,TE,exact_name,100
2019,40448,4039358,MEMPHIS,235,Patrick Taylor,Patrick Taylor Jr.,HB,RB,exact_name,100
2019,40458,4035507,AUBURN,2,Malik Miller,Malik Miller,HB,RB,exact_name,100
2019,40459,4038986,MIAMI OH,193,Tommy Doyle,Tommy Doyle,T,OL,exact_name,100
2019,40461,4036862,S JOSE ST,23,Kyle Hoppe,Kyle Hoppe,C,C,exact_name,100
2019,40468,4039357,MEMPHIS,235,Sean Dykes,Sean Dykes,TE,TE,exact_name,100
2019,40469,4035622,FLORIDA ST,52,Andrew Boselli,Andrew Boselli,C,OL,exact_name,100
2019,40470,4040651,TULANE,2655,Tyler Johnson,Tyler Johnson,T,OL,exact_name,100
2019,40471,4038984,MIAMI OH,193,Danny Godlevske,Danny Godlevske,C,OL,exact_name,100
2019,40482,4037603,MARYLAND,120,Josh Jackson,Josh Jackson,QB,QB,exact_name,100
2019,40484,4043623,MARSHALL,276,Joseph Early,Joseph Early,HB,RB,exact_name,100
2019,40492,4047337,ARKANSAS,8,Rakeem Boyd,Rakeem Boyd,HB,RB,exact_name,100
2019,40498,4046676,NOTRE DAME,87,Tony Jones Jr.,Tony Jones Jr.,HB,RB,exact_name,100
2019,40506,4035349,BOSTON COL,103,Andrew Strader,Andrew Strader,HB,RB,exact_name,100
2019,40509,4040821,CHARLOTTE,2429,Tyler Ringwood,Tyler Ringwood,WR,WR,exact_name,100
2019,40523,4048724,WYOMING,2751,Nick Szpor,Nick Szpor,WR,?,exact_name,100
2019,40537,4037304,GA TECH,59,Jahaziel Lee,Jahaziel Lee,T,DT,exact_name,100
2019,40540,4037121,SYRACUSE,183,Rex Culpepper,Rex Culpepper,QB,QB,exact_name,100
2019,40541,4033803,AKRON,2006,M.J. McGriff,M.J. McGriff,WR,WR,exact_name,100
2019,40545,4039912,TROY,2653,B.J. Smith,B.J. Smith,HB,RB,exact_name,100
2019,40546,4035821,UCLA,26,Matt Lynch,Matt Lynch,TE,TE,exact_name,100
2019,40547,4035537,IOWA STATE,66,Kene Nwangwu,Kene Nwangwu,HB,RB,exact_name,100
2019,40548,4035689,ILLINOIS,356,Josh Imatorbhebhe,Josh Imatorbhebhe,WR,WR,exact_name,100
2019,40551,4037293,GA TECH,59,Lucas Johnson,Lucas Johnson,QB,QB,exact_name,100
2019,40552,4034770,MINNESOTA,135,Clay Geary,Clay Geary,WR,WR,exact_name,100
2019,40553,4035691,USC,30,Matt Fink,Matt Fink,QB,QB,exact_name,100
2019,40554,4048725,WYOMING,2751,Ayden Eberhardt,Ayden Eberhardt,WR,WR,exact_name,100
2019,40558,4035588,ARKANSAS,8,Jack Lindsey,Jack Lindsey,QB,QB,exact_name,100
2019,40568,4035826,UCLA,26,Demetric Felton Jr.,Demetric Felton,HB,RB,exact_name,100
2019,40570,4037126,SYRACUSE,183,Scoop Bradshaw,Scoop Bradshaw,CB,DB,exact_name,100
2019,40571,4038973,MIAMI OH,193,Zach Kahn,Zach Kahn,HB,RB,exact_name,100
2019,40572,4040896,FRESNO ST,278,Frank Dalena,Frank Dalena,WR,WR,exact_name,100
2019,40573,4035693,USC,30,Velus Jones Jr.,Velus Jones Jr.,WR,WR,exact_name,100
2019,40574,4039394,NEW MEXICO,167,Jay Griffin IV,Jay Griffin IV,WR,WR,exact_name,100
2019,40577,4040903,FRESNO ST,278,Saevion Johnson,Saevion Johnson,HB,RB,exact_name,100
2019,40583,4036001,LOUISVILLE,97,Chris Taylor-Yamanoha,Chris Taylor-Yamanoha,WR,WR,exact_name,100
2019,40587,4037609,S DIEGO ST,21,Dominic Benson,Dominic Benson,WR,WR,exact_name,100
2019,40600,4036436,APP STATE,2026,Marcus Williams Jr.,Marcus Williams Jr.,HB,RB,exact_name,100
2019,40603,3939936,BOWL GREEN,189,Davon Jones,Davon Jones,HB,RB,exact_name,100
2019,40617,4053799,GEORGIA,61,Prather Hudson,Prather Hudson,HB,DB,exact_name,100
2019,40621,-1006698,CHARLOTTE,2429,Ja'cione Fugate,Ja'Cione Fugate,S,DB,exact_name,100
2019,40624,4036156,IOWA,2294,Toren Young,Toren Young,HB,RB,exact_name,100
2019,40626,4035695,USC,30,Vavae Malepeai,Vavae Malepeai,HB,RB,exact_name,100
2019,40627,4048693,UTAH ST,328,Ty Shaw,Ty Shaw,G,OL,exact_name,100
2019,40630,4039160,SMU,2567,Kylen Granson,Kylen Granson,TE,TE,exact_name,100
2019,40634,4035835,FRESNO ST,278,Alex Akingbulu,Alex Akingbulu,T,OL,exact_name,100
2019,40636,4044435,STANFORD,24,Devery Hamilton,Devery Hamilton,G,OT,exact_name,100
2019,40640,4040899,FRESNO ST,278,Justin Rice,Justin Rice,LB,LB,exact_name,100
2019,40641,4044141,TEMPLE,218,Vincent Picozzi,Vincent Picozzi,G,OL,exact_name,100
2019,40643,4036775,NEVADA,2440,Nate Brown,Nate Brown,T,OL,exact_name,100
2019,40645,4039211,BALL ST,2050,Kaleb Slaven,Kaleb Slaven,T,OL,exact_name,100
2019,40648,4035733,PURDUE,2509,Grant Hermanns,Grant Hermanns,T,OL,exact_name,100
2019,40650,4038764,AKRON,2006,Austin Sample,Austin Sample,G,OL,exact_name,100
2019,40651,4046552,MICHIGAN,130,Greg Robinson,Greg Robinson,G,OL,exact_name,100
2019,40663,4039390,NEW MEXICO,167,Tevaka Tuioti,Tevaka Tuioti,QB,QB,exact_name,100
2019,40664,3916367,RICE,242,Nahshon Ellerbe,Nahshon Ellerbe,HB,RB,exact_name,100
2019,40668,4034772,MINNESOTA,135,Seth Green,Seth Green,WR,TE,exact_name,100
2019,40669,4035502,AUBURN,2,Marquis McClain,Marquis McClain,WR,WR,exact_name,100
2019,40681,4046334,GEORGIA,61,Willie Erdman,Willie Erdman,WR,WR,exact_name,100
2019,40684,4036168,NC STATE,152,C.J. Riley,C.J. Riley,WR,WR,exact_name,100
2019,40688,4035292,MICHIGAN,130,Shea Patterson,Shea Patterson,QB,QB,exact_name,100
2019,40689,4035465,CLEMSON,228,Cornell Powell,Cornell Powell,WR,WR,exact_name,100
2019,40691,4039295,HOUSTON,248,Keith Corbin,Keith Corbin,WR,WR,exact_name,100
2019,40692,4036431,APP STATE,2026,Darrynton Evans,Darrynton Evans,HB,RB,exact_name,100
2019,40694,4035228,TEXAS A&M,245,Aaron Hansford,Aaron Hansford,LB,LB,exact_name,100
2019,40696,4039008,WASHINGTON,264,Kamari Pleasant,Kamari Pleasant,HB,RB,exact_name,100
2019,40697,4035774,WISCONSIN,275,Adam Krumholz,Adam Krumholz,WR,WR,exact_name,100
2019,40698,4039009,WASHINGTON,264,Sean McGrew,Sean McGrew,HB,RB,exact_name,100
2019,40707,4039669,TULSA,202,Corey Taylor II,Corey Taylor II,HB,RB,exact_name,100
2019,40708,4036783,NEVADA,2440,Isaiah Hamilton,Isaiah Hamilton,S,DB,exact_name,100
2019,40709,4038940,KENTUCKY,96,Terry Wilson,Terry Wilson,QB,QB,exact_name,100
2019,40714,4038560,E CAROLINA,151,Branden Pena,Branden Pena,C,OL,exact_name,100
2019,40716,4039627,HAWAII,62,Michael Eletise,Michael Eletise,G,OL,exact_name,100
2019,40720,4038512,E CAROLINA,151,Sean Bailey,Sean Bailey,G,OL,exact_name,100
2019,40723,4040971,ALABAMA,333,Scott Lashley,Scott Lashley,T,OL,exact_name,100
2019,40726,4035650,NWESTERN,77,Jesse Meyler,Jesse Meyler,G,OL,exact_name,100
2019,40731,4035481,CLEMSON,228,Chandler Reeves,Chandler Reeves,T,OL,exact_name,100
2019,40732,4040718,ALABAMA,333,Chris Owens,Chris Owens,C,OL,exact_name,100
2019,40733,4035626,MARSHALL,276,Josh Ball,Josh Ball,T,OL,exact_name,100
2019,40739,4033745,BOSTON COL,103,Danny Dalton,Danny Dalton,TE,TE,exact_name,100
2019,40748,4038928,KENT STATE,2309,Adam Gregoire,Adam Gregoire,T,OL,exact_name,100
2019,40760,4039113,OHIO,195,Austin Conrad,Austin Conrad,ED,DE,exact_name,100
2019,40763,3912690,IOWA STATE,66,Amechie Walker,Amechie Walker,CB,DB,exact_name,100
2019,40766,4046685,NOTRE DAME,87,Arion Shinaver,Arion Shinaver,WR,WR,exact_name,100
2019,40767,4035703,NC STATE,152,Cary Angeline,Cary Angeline,TE,TE,exact_name,100
2019,40771,4035167,TENNESSEE,2633,Jarrett Guarantano,Jarrett Guarantano,QB,QB,exact_name,100
2019,40776,4048243,BOISE ST,68,Robert Mahone,Robert Mahone,HB,RB,exact_name,100
2019,40778,4035508,AUBURN,2,James Owens Moss,James Owens Moss,WR,WR,exact_name,100
2019,40780,4047310,MISSOURI,142,Daniel Ellinger,Daniel Ellinger,WR,WR,exact_name,100
2019,40791,4039440,NAVY,2426,David Forney,David Forney,G,G,exact_name,100
2019,40793,4036177,NC STATE,152,Dylan Autenrieth,Dylan Autenrieth,TE,TE,exact_name,100
2019,40796,4037434,DOMINION,295,Marcus Joyner,Marcus Joyner,TE,TE,exact_name,100
2019,40808,4045301,INDIANA,84,Mackenzie Nworah,Mackenzie Nworah,G,OL,exact_name,100
2019,40813,4038546,TCU,2628,Kellton Hollins,Kellton Hollins,G,OL,exact_name,100
2019,40814,4039309,HOUSTON,248,Dixie Wooten III,Dixie Wooten III,T,OL,exact_name,100
2019,40815,4038547,TCU,2628,Austin Myers,Austin Myers,G,OL,exact_name,100
2019,40824,4035296,OLE MISS,145,Eli Johnson,Eli Johnson,C,OL,exact_name,100
2019,40825,4040610,OHIO STATE,194,Gavin Cupp,Gavin Cupp,G,OL,exact_name,100
2019,40835,3914462,MIDDLE TN,2393,Terelle West,Terelle West,HB,RB,exact_name,100
2019,40837,4047654,OLE MISS,145,D'Vaughn Pennamon,D'Vaughn Pennamon,HB,TE,exact_name,100
2019,40839,4047845,ARIZONA ST,9,Alex Losoya,Alex Losoya,G,OL,exact_name,100
2019,40847,4035638,NWESTERN,77,Jesse Brown,Jesse Brown,HB,RB,exact_name,100
2019,40848,4035540,IOWA STATE,66,Daric Whipple,Daric Whipple,FB,WR,exact_name,100
2019,40851,4036954,ARMY,349,Alex Herndon,Alex Herndon,T,OL,exact_name,100
2019,40852,4044135,TEMPLE,218,Jonny Forrest,Jonny Forrest,HB,RB,exact_name,100
2019,40860,4036124,IOWA,2294,Shaun Beyer,Shaun Beyer,TE,TE,exact_name,100
2019,40870,4039621,ARIZONA,12,Josh McCauley,Josh McCauley,C,OL,exact_name,100
2019,40872,4035054,KENTUCKY,96,Drake Jackson,Drake Jackson,C,C,exact_name,100
2019,40877,4035753,BOWL GREEN,189,Caleb Bright,Caleb Bright,T,OL,exact_name,100
2019,40894,4044439,STANFORD,24,Dorian Maddox,Dorian Maddox,HB,RB,exact_name,100
2019,40901,4037514,N CAROLINA,153,Rontavius Groves,Rontavius Groves,WR,WR,exact_name,100
2019,40903,4037478,CINCINNATI,2132,Gerrid Doaks,Gerrid Doaks,HB,RB,exact_name,100
2019,40906,4038444,OKLA STATE,197,Landon Wolf,Landon Wolf,WR,WR,exact_name,100
2019,40916,4035995,LOUISVILLE,97,Jawon Pass,Jawon Pass,QB,QB,exact_name,100
2019,40917,4045167,PENN STATE,213,Nick Eury,Nick Eury,HB,RB,exact_name,100
2019,40924,4039202,BALL ST,2050,Dylan Koch,Dylan Koch,T,TE,exact_name,100
2019,40929,4039294,HOUSTON,248,Mulbah Car,Mulbah Car,HB,RB,exact_name,100
2019,40932,4035244,TEXAS A&M,245,Riley Anderson,Riley Anderson,G,OL,exact_name,100
2019,40937,4039192,BALL ST,2050,Chris Beech,Chris Beech,C,OL,exact_name,100
2019,40939,4038725,RUTGERS,164,Michael Maietti,Michael Maietti,C,OL,exact_name,100
2019,40949,4037305,GA TECH,59,Kenny Cooper,Kenny Cooper,C,OL,exact_name,100
2019,40951,4039505,TOLEDO,2649,Reggie Gilliam,Reggie Gilliam,FB,TE,exact_name,100
2019,40955,4036838,S DIEGO ST,21,Isiah Macklin,Isiah Macklin,WR,WR,exact_name,100
2019,40963,4033820,ILLINOIS,356,Kurt Gavin,Kurt Gavin,G,OL,exact_name,100
2019,40970,4039302,HOUSTON,248,Keenan Murphy,Keenan Murphy,G,OL,exact_name,100
2019,40972,4036135,IOWA,2294,Alaric Jackson,Alaric Jackson,T,OL,exact_name,100
2019,40976,4046691,NOTRE DAME,87,Tommy Kraemer,Tommy Kraemer,G,OL,exact_name,100
2019,40980,4037639,OKLAHOMA,201,Mykel Jones,Mykel Jones,WR,WR,exact_name,100
2019,40983,4044436,STANFORD,24,Scooter Harrington,Scooter Harrington,TE,TE,exact_name,100
2019,40986,4037311,GA TECH,59,Jalen Camp,Jalen Camp,WR,WR,exact_name,100
2019,40987,4040617,OHIO STATE,194,Jake Hausmann,Jake Hausmann,TE,TE,exact_name,100
2019,40988,4047836,ARIZONA ST,9,Frank Darby,Frank Darby,WR,WR,exact_name,100
2019,41003,4038461,OKLA STATE,197,Dayton Metcalf,Dayton Metcalf,TE,TE,exact_name,100
2019,41009,4040481,UTEP,2638,Sani Buckingham,Sani Buckingham,DI,DT,exact_name,100
2019,41024,4039018,WASHINGTON,264,Luke Wattenberg,Luke Wattenberg,G,OL,exact_name,100
2019,41028,4039167,RICE,242,Uzoma Osuji,Uzoma Osuji,T,OL,exact_name,100
2019,41038,4035183,TENNESSEE,2633,Austin Pope,Austin Pope,TE,TE,exact_name,100
2019,41039,4042136,UCF,2116,Anthony Roberson,Anthony Roberson,FB,TE,exact_name,100
2019,41041,4035702,ILLINOIS,356,Trevon Sidney,Trevon Sidney,WR,WR,exact_name,100
2019,41067,4039457,NAVY,2426,Ford Higgins,Ford Higgins,C,C,exact_name,100
2019,41077,4046744,BOWL GREEN,189,Bryson Denley,Bryson Denley,HB,RB,exact_name,100
2019,41080,4039903,TROY,2653,Kade Young,Kade Young,QB,QB,exact_name,100
2019,41092,4040892,FRESNO ST,278,Deonte Perry,Deonte Perry,CB,DB,exact_name,100
2019,41094,4043617,MARSHALL,276,Simino Walden,Simino Walden,WR,WR,exact_name,100
2019,41100,4036273,MICHIGAN,130,Joseph Files,Joseph Files,TE,TE,exact_name,100
2019,41107,4044150,UCF,2116,Alex Harris,Alex Harris,WR,WR,exact_name,100
2019,41112,4046689,UCF,2116,Parker Boudreaux,Parker Boudreaux,G,OL,exact_name,100
2019,41115,4035268,VANDERBILT,238,Sean McMoore,Sean McMoore,C,OL,exact_name,100
2019,41116,4043606,MARSHALL,276,Willie Johnson,Willie Johnson,WR,WR,exact_name,100
2019,41119,4036876,S JOSE ST,23,Jack Snyder,Jack Snyder,T,OT,exact_name,100
2019,41120,4039442,NAVY,2426,Mike Adzima,Mike Adzima,G,C,exact_name,100
2019,41123,4036444,APP STATE,2026,Ryan Neuzil,Ryan Neuzil,G,OL,exact_name,100
2019,41124,4049396,FRESNO ST,278,Matt Smith,Matt Smith,C,OL,exact_name,100
2019,41129,4035005,GEORGIA,61,Brian Herrien,Brian Herrien,HB,RB,exact_name,100
2019,41132,4036066,PITTSBURGH,221,Aaron Mathews,Aaron Mathews,WR,WR,exact_name,100
2019,41139,4039042,TEXAS,251,Zach Shackelford,Zach Shackelford,C,OL,exact_name,100
2019,41141,4044138,TEMPLE,218,Matt Hennessy,Matt Hennessy,C,OL,exact_name,100
2019,41146,4036837,S DIEGO ST,21,Kyree Woods,Kyree Woods,CB,S,exact_name,100
2019,41164,4038449,OKLA STATE,197,Ry Schneider,Ry Schneider,G,OL,exact_name,100
2019,41168,4047656,GA TECH,59,Jack DeFoor,Jack DeFoor,G,OL,exact_name,100
2019,41173,3916833,VANDERBILT,238,Rowan Godwin,Rowan Godwin,G,OL,exact_name,100
2019,41178,4035788,WISCONSIN,275,Tyler Biadasz,Tyler Biadasz,C,OL,exact_name,100
2019,41179,4034960,FLORIDA,57,Brett Heggie,Brett Heggie,G,OL,exact_name,100
2019,41183,4036822,S DIEGO ST,21,Dwayne Johnson Jr.,Dwayne Johnson Jr.,S,S,exact_name,100
2019,41185,4035284,VANDERBILT,238,Jamauri Wakefield,Jamauri Wakefield,HB,RB,exact_name,100
2019,41191,4036022,LOUISVILLE,97,Robbie Bell,Robbie Bell,G,OL,exact_name,100
2019,41197,4039438,NAVY,2426,Kendel Wright,Kendel Wright,T,OT,exact_name,100
2019,41198,4035270,VANDERBILT,238,Devin Cochran,Devin Cochran,T,OL,exact_name,100
2019,41206,4039418,NAVY,2426,Tazh Maloy,Tazh Maloy,FB,WR,exact_name,100
2019,41208,4040546,TEXAS ST,326,Hutch White,Hutch White,WR,WR,exact_name,100
2019,41212,4035651,NWESTERN,77,Ramaud Chiaokhiao-Bowman,Ramaud Chiaokhiao-Bowman,WR,WR,exact_name,100
2019,41222,4044450,STANFORD,24,Harry Schwartz,Harry Schwartz,WR,WR,exact_name,100
2019,41227,4046713,MICH STATE,127,Noah Davis,Noah Davis,TE,TE,exact_name,100
2019,41228,4035255,TEXAS A&M,245,Kendrick Rogers,Kendrick Rogers,WR,WR,exact_name,100
2019,41231,4373904,FRESNO ST,278,Cam Sutton,Cam Sutton,TE,TE,exact_name,100
2019,41232,4045696,CHARLOTTE,2429,Ryan Carriere,Ryan Carriere,TE,TE,exact_name,100
2019,41233,4036773,NEVADA,2440,Miles Beach,Miles Beach,T,OL,exact_name,100
2019,41237,4038571,E CAROLINA,151,Anthony Watley,Anthony Watley,TE,TE,exact_name,100
2019,41247,4046715,SYRACUSE,183,Trishton Jackson,Trishton Jackson,WR,WR,exact_name,100
2019,41248,4046686,NOTRE DAME,87,Javon McKinley,Javon McKinley,WR,WR,exact_name,100
2019,41256,4043626,MARSHALL,276,Will Ulmer,Will Ulmer,T,OL,exact_name,100
2019,41258,4587415,TOLEDO,2649,Doug Bates,Doug Bates,TE,TE,exact_name,100
2019,41263,4035782,WISCONSIN,275,Gabe Lloyd,Gabe Lloyd,TE,TE,exact_name,100
2019,41265,4240949,ARMY,349,Mike Johnson,Mike Johnson,G,OL,exact_name,100
2019,41269,4038983,MIAMI OH,193,Andrew Homer,Andrew Homer,TE,TE,exact_name,100
2019,41272,4035643,NWESTERN,77,Cody Link,Cody Link,TE,?,exact_name,100
2019,41281,4039625,ARIZONA,12,Bryson Cain,Bryson Cain,G,OT,exact_name,100
2019,41284,4036825,S DIEGO ST,21,Troy Cassidy,Troy Cassidy,LB,LB,exact_name,100
2019,41289,4036389,UTAH ST,328,Demytrick Ali'ifua,Demytrick Ali'ifua,C,OL,exact_name,100
2019,41292,4036585,LA MONROE,2433,Caleb Evans,Caleb Evans,QB,QB,exact_name,100
2019,41293,4038721,RUTGERS,164,Mohamed Jabbie,Mohamed Jabbie,WR,WR,exact_name,100
2019,41305,4046473,TULSA,202,Andrew McKinnis,Andrew McKinnis,WR,WR,exact_name,100
2019,41309,4036923,ARMY,349,Kelvin Hopkins Jr.,Kelvin Hopkins Jr.,QB,QB,exact_name,100
2019,41311,4036036,DUKE,150,Elijah Deveaux,Elijah Deveaux,HB,RB,exact_name,100
2019,41317,4035404,BAYLOR,239,Russell Morrison,Russell Morrison,WR,WR,exact_name,100
2019,41322,4257610,UCF,2116,Jake Hescock,Jake Hescock,FB,TE,exact_name,100
2019,41323,4047328,TENNESSEE,2633,Chip Omer,Chip Omer,HB,RB,exact_name,100
2019,41334,4040492,UTEP,2638,Greg Long,Greg Long,T,OL,exact_name,100
2019,41335,4039458,NAVY,2426,Eric Cal,Eric Cal,C,C,exact_name,100
2019,41337,4035620,FLORIDA ST,52,Baveon Johnson,Baveon Johnson,C,OL,exact_name,100
2019,41338,4035721,PURDUE,2509,Jackson Anthrop,Jackson Anthrop,WR,WR,exact_name,100
2019,41339,4040910,FRESNO ST,278,Netane Muti,Netane Muti,G,OL,exact_name,100
2019,41343,4036442,APP STATE,2026,Matt Williams,Matt Williams,G,OL,exact_name,100
2019,41348,4035646,NWESTERN,77,Cam Kolwich,Cam Kolwich,C,OL,exact_name,100
2019,41351,4036164,NC STATE,152,Dylan Parham,Dylan Parham,TE,TE,exact_name,100
2019,41365,4035576,ARKANSAS,8,T.J. Hammonds,T.J. Hammonds,HB,RB,exact_name,100
2019,41372,4034779,MINNESOTA,135,Ko Kieft,Ko Kieft,TE,TE,exact_name,100
2019,41373,4038982,MIAMI OH,193,Kyle Speas,Kyle Speas,TE,TE,exact_name,100
2019,41374,4039435,UTSA,2636,Myles Benning,Myles Benning,TE,TE,exact_name,100
2019,41375,4039101,OHIO,195,Adam Luehrman,Adam Luehrman,TE,TE,exact_name,100
2019,41383,4037373,MIDDLE TN,2393,Luke Harris,Luke Harris,C,OL,exact_name,100
2019,41384,4034858,NEBRASKA,158,John Raridon,John Raridon,G,OL,exact_name,100
2019,41386,4361216,ARK STATE,2032,Troy Elliott,Troy Elliott,T,OL,exact_name,100
2019,41390,4046563,TULSA,202,Dylan Couch,Dylan Couch,G,OL,exact_name,100
2019,41393,4044089,UCONN,41,Nino Leone,Nino Leone,C,OL,exact_name,100
2019,41394,4034865,NEBRASKA,158,Boe Wilson,Boe Wilson,G,OL,exact_name,100
2019,41397,4039443,NAVY,2426,TJ Salu,TJ Salu,G,G,exact_name,100
2019,41403,4048153,APP STATE,2026,Logan Wright,Logan Wright,G,OL,exact_name,100
2019,41433,4038757,AKRON,2006,Brandon Council,Brandon Council,G,OL,exact_name,100
2019,41435,4043632,MARSHALL,276,Alex Salguero,Alex Salguero,C,OL,exact_name,100
2019,41437,4035181,TENNESSEE,2633,Marcus Tatum,Marcus Tatum,T,OL,exact_name,100
2019,41440,4035603,NEVADA,2440,Malik Henry,Malik Henry,QB,QB,exact_name,100
2019,41448,4045174,PENN STATE,213,Michal Menet,Michal Menet,C,OL,exact_name,100
2019,41457,4040962,ALABAMA,333,Deonte Brown,Deonte Brown,G,OL,exact_name,100
2019,41458,4047178,ILLINOIS,356,Doug Kramer,Doug Kramer,C,OL,exact_name,100
2019,41460,4036045,DUKE,150,Jaylen Miller,Jaylen Miller,T,OL,exact_name,100
2019,41462,4027927,ARIZONA,12,Steven Bailey,Steven Bailey,C,OL,exact_name,100
2019,41467,4036065,KANSAS,2305,Thomas MacVittie,Thomas MacVittie,WR,QB,exact_name,100
2019,41469,4044080,UCONN,41,Cam DeGeorge,Cam DeGeorge,G,OL,exact_name,100
2019,41470,4036780,NEVADA,2440,Nathan Edwards,Nathan Edwards,C,OL,exact_name,100
2019,41471,4035008,GEORGIA,61,Solomon Kindley,Solomon Kindley,G,OL,exact_name,100
2019,41479,4036447,APP STATE,2026,Cole Garrison,Cole Garrison,T,OL,exact_name,100
2019,41481,4039379,CHARLOTTE,2429,Jonathan Timmons,Jonathan Timmons,G,OL,exact_name,100
2019,41483,4047912,VIRGINIA,258,Chuck Davis,Chuck Davis,WR,WR,exact_name,100
2019,41485,4036598,LA MONROE,2433,Kerry Starks,Kerry Starks,ED,DE,exact_name,100
2019,41489,4039545,SMU,2567,Eric Sutton,Eric Sutton,CB,DB,exact_name,100
2019,41491,4040700,UTSA,2636,Josh Oatis,Josh Oatis,T,OL,exact_name,100
2019,41493,4046524,MICHIGAN,130,Michael Sessa,Michael Sessa,QB,QB,exact_name,100
2019,41496,4037475,CINCINNATI,2132,Zach Bycznski,Zach Bycznski,C,OL,exact_name,100
2019,41497,4038565,E CAROLINA,151,D'Ante Smith,D'Ante Smith,T,OL,exact_name,100
2019,41498,4038723,RUTGERS,164,Mike Lonsdorf,Mike Lonsdorf,T,OL,exact_name,100
2019,41500,4035647,NWESTERN,77,Jason Goosen,Jason Goosen,DI,OL,exact_name,100
2019,41501,4046711,MICH STATE,127,Luke Campbell,Luke Campbell,G,OL,exact_name,100
2019,41502,4035250,TEXAS A&M,245,Cagan Baldree,Cagan Baldree,FB,FB,exact_name,100
2019,41504,4034784,MINNESOTA,135,Conner Olson,Conner Olson,G,OL,exact_name,100
2019,41506,4047922,COLORADO,38,Colby Pursell,Colby Pursell,G,OL,exact_name,100
2019,41517,4038991,MIAMI OH,193,Donovan White,Donovan White,T,OL,exact_name,100
2019,41518,4035754,BOWL GREEN,189,Tim Tanner-Blair,Tim Tanner-Blair,G,OL,exact_name,100
2019,41521,4039154,RICE,242,Jordan Myers,Jordan Myers,TE,TE,exact_name,100
2019,41523,4039109,OHIO,195,Nick Sink,Nick Sink,C,OL,exact_name,100
2019,41528,4047659,OLE MISS,145,Bryce Mathews,Bryce Mathews,T,OL,exact_name,100
2019,41529,4039066,TEXAS,251,J.P. Urquidez,J.P. Urquidez,G,OL,exact_name,100
2019,41530,4045176,PENN STATE,213,Will Fries,Will Fries,T,OL,exact_name,100
2019,41534,4038457,OKLA STATE,197,Teven Jenkins,Teven Jenkins,T,OL,exact_name,100
2019,41545,4035670,UTAH,254,Devonta'e Henry-Cole,Devonta'e Henry-Cole,HB,RB,exact_name,100
2019,41549,4036819,S DIEGO ST,21,Chase Jasmin,Chase Jasmin,HB,RB,exact_name,100
2019,41557,4036123,IOWA,2294,Cole Banwart,Cole Banwart,G,OL,exact_name,100
2019,41563,4036491,ARK STATE,2032,Jacob Still,Jacob Still,C,OL,exact_name,100
2019,41565,4035445,LSU,99,Jakori Savage,Jakori Savage,T,OL,exact_name,100
2019,41566,4039922,TROY,2653,Dylan Bradshaw,Dylan Bradshaw,C,OL,exact_name,100
2019,41569,4039058,TEXAS,251,Tope Imade,Tope Imade,G,OL,exact_name,100
2019,41571,4051161,CHARLOTTE,2429,Jaelin Fisher,Jaelin Fisher,C,OL,exact_name,100
2019,41572,4047658,OLE MISS,145,Chandler Tuitt,Chandler Tuitt,G,OL,exact_name,100
2019,41573,4037137,SYRACUSE,183,Airon Servais,Airon Servais,C,OL,exact_name,100
2019,41576,4049405,DOMINION,295,Ty-Kee McCullers,Ty-Kee McCullers,DI,DT,exact_name,100
2019,41583,4035791,WISCONSIN,275,Cole Van Lanen,Cole Van Lanen,T,OL,exact_name,100
2019,41585,4034843,NEBRASKA,158,Matt Farniok,Matt Farniok,T,OL,exact_name,100
2019,41588,4056037,UNLV,2439,Matt Brayton,Matt Brayton,G,OL,exact_name,100
2019,41589,4040544,TEXAS ST,326,Jaquel Pierce,Jaquel Pierce,ED,DL,exact_name,100
2019,41591,4039574,SMU,2567,Braxton Webb,Braxton Webb,T,OL,exact_name,100
2019,41594,4040824,BUFFALO,2084,Dominic Johnson,Dominic Johnson,QB,WR,exact_name,100
2019,41599,4040724,LA MONROE,2433,Eastwood Thomas,Eastwood Thomas,T,OT,exact_name,100
2019,41602,4043631,MARSHALL,276,Cain Madden,Cain Madden,G,OL,exact_name,100
2019,41612,4037436,DOMINION,295,Andrew Lawson,Andrew Lawson,G,OL,exact_name,100
2019,41614,4035477,CLEMSON,228,Cade Stewart,Cade Stewart,C,OL,exact_name,100
2019,41621,4048103,UTAH,254,Paul Toala,Paul Toala,C,OL,exact_name,100
2019,41626,4046165,PITTSBURGH,221,Jimmy Morrissey,Jimmy Morrissey,C,OL,exact_name,100
2019,41627,4046549,MICHIGAN,130,Andrew Vastardis,Andrew Vastardis,C,OL,exact_name,100
2019,41631,4242543,OREGON ST,204,Nous Keobounnam,Nous Keobounnam,C,OL,exact_name,100
2019,41634,4043136,TEXAS TECH,2641,Jett Duffey,Jett Duffey,QB,QB,exact_name,100
2019,41635,4045291,PITTSBURGH,221,Taysir Mack,Taysir Mack,WR,WR,exact_name,100
2019,41640,4034786,MINNESOTA,135,Sam Schlueter,Sam Schlueter,T,OL,exact_name,100
2019,41642,4038960,OREGON,2483,Sam Poutasi,Sam Poutasi,G,OL,exact_name,100
2019,41643,4569026,COLO STATE,36,T.J. Storment,T.J. Storment,T,OT,exact_name,100
2019,41644,4035649,NWESTERN,77,Gunnar Vogel,Gunnar Vogel,T,OL,exact_name,100
2019,41650,4039387,NEW MEXICO,167,Kameron Miller,Kameron Miller,S,LB,exact_name,100
2019,41660,4047562,LSU,99,Michael Smith,Michael Smith,G,OL,exact_name,100
2019,41661,4038720,RUTGERS,164,Sam Howson,Sam Howson,C,OL,exact_name,100
2019,41662,4039413,NOTRE DAME,87,Alohi Gilman,Alohi Gilman,S,S,exact_name,100
2019,41668,4035886,KANSAS,2305,Khalil Herbert,Khalil Herbert,HB,RB,exact_name,100
2019,41696,4035002,GEORGIA,61,Ben Cleveland,Ben Cleveland,G,OL,exact_name,100
2019,41704,4039455,NAVY,2426,Jude Hydrick,Jude Hydrick,T,OT,exact_name,100
2019,41710,4040631,DUKE,150,Jack Wohlabaugh,Jack Wohlabaugh,C,C,exact_name,100
2019,41712,4035624,ALABAMA,333,Landon Dickerson,Landon Dickerson,C,OL,exact_name,100
2019,41715,4035479,CLEMSON,228,John Simpson,John Simpson,G,OL,exact_name,100
2019,41716,4040541,TEXAS ST,326,Jacob Fryrear,Jacob Fryrear,C,OL,exact_name,100
2019,41721,4048149,APP STATE,2026,Ivan Reyes,Ivan Reyes,C,OL,exact_name,100
2019,41727,4046705,MICH STATE,127,Matt Allen,Matt Allen,C,OL,exact_name,100
2019,41733,4036363,UNLV,2439,Jackson McCullough,Jackson McCullough,T,OL,exact_name,100
2019,41736,4039031,NOTRE DAME,87,Logan Plantz,Logan Plantz,G,OL,exact_name,100
2019,41740,4035182,TENNESSEE,2633,Ryan Johnson,Ryan Johnson,G,OL,exact_name,100
2019,41743,4038958,S DIEGO ST,21,Jacob Capra,Jacob Capra,T,OL,exact_name,100
2019,41745,4046550,MICHIGAN,130,Stephen Spanellis,Stephen Spanellis,G,OL,exact_name,100
2019,41746,4047660,OLE MISS,145,Royce Newman,Royce Newman,G,OL,exact_name,100
2019,41749,4035625,FLORIDA ST,52,Jauan Williams,Jauan Williams,T,OL,exact_name,100
2019,41750,4035251,TEXAS A&M,245,Kellen Diesch,Kellen Diesch,T,OL,exact_name,100
2019,41752,4036597,LA MONROE,2433,Ty Shelby,Ty Shelby,ED,DE,exact_name,100
2019,41757,4040828,BUFFALO,2084,Roy Baker,Roy Baker,CB,S,exact_name,100
2019,41758,4039514,TOLEDO,2649,Luke Doerger,Luke Doerger,C,OL,exact_name,100
2019,41759,4039439,NAVY,2426,Niko Yaramus,Niko Yaramus,G,G,exact_name,100
2019,41761,4035079,KENTUCKY,96,Landon Young,Landon Young,T,OT,exact_name,100
2019,41762,4039924,TROY,2653,J.L. Gaston,J.L. Gaston,T,OL,exact_name,100
2019,41763,4035446,LSU,99,Donavaughn Campbell,Donavaughn Campbell,G,OL,exact_name,100
2019,41765,4038519,E CAROLINA,151,Cortez Herrin,Cortez Herrin,G,OL,exact_name,100
2019,41769,4036371,COLO STATE,36,Jeff Taylor,Jeff Taylor,G,OL,exact_name,100
2019,41771,4035601,FLORIDA ST,52,Levonta Taylor,Levonta Taylor,S,DB,exact_name,100
2019,41773,3127589,BOISE ST,68,Kekoa Nawahine,Kekoa Nawahine,S,S,exact_name,100
2019,41774,4037307,GA TECH,59,Chet Lagod,Chet Lagod,C,OL,exact_name,100
2019,41775,4036961,ARMY,349,Jake Baumert,Jake Baumert,G,OL,exact_name,100
2019,41779,4035699,USC,30,Frank Martin II,Frank Martin II,T,OL,exact_name,100
2019,41782,4036182,NC STATE,152,Justin Witt,Justin Witt,T,OT,exact_name,100
2019,41795,4034962,FLORIDA,57,Stone Forsythe,Stone Forsythe,T,OL,exact_name,100
2019,41803,4042828,OREGON ST,204,Gus Lavaka,Gus Lavaka,G,OL,exact_name,100
2019,41804,4043633,MARSHALL,276,Sean Behrens,Sean Behrens,G,OL,exact_name,100
2019,41807,4039673,TULSA,202,Tiller Bucktrot,Tiller Bucktrot,G,OL,exact_name,100
2019,41809,4036835,S DIEGO ST,21,Parker Houston,Parker Houston,TE,TE,exact_name,100
2019,41813,4035478,CLEMSON,228,Tremayne Anchrum Jr.,Tremayne Anchrum,T,OT,exact_name,100
2019,41814,4036044,DUKE,150,Julian Santos,Julian Santos,G,G,exact_name,100
2019,41817,4040966,ALABAMA,333,Trevon Diggs,Trevon Diggs,CB,DB,exact_name,100
2019,41825,4038722,RUTGERS,164,Nick Krimin,Nick Krimin,G,OL,exact_name,100
2019,41833,4038515,E CAROLINA,151,Jack Doyle,Jack Doyle,G,OL,exact_name,100
2019,41836,4056796,NEVADA,2440,Sam Hammond,Sam Hammond,ED,DE,exact_name,100
2019,41837,4052178,UNLV,2439,Charles Williams,Charles Williams,HB,RB,exact_name,100
2019,41838,4039307,HOUSTON,248,Marquez Stevenson,Marquez Stevenson,WR,WR,exact_name,100
2019,41840,4039572,SMU,2567,Kadarius Smith,Kadarius Smith,G,DL,exact_name,100
2019,41844,4047811,PURDUE,2509,Sam Loebig,Sam Loebig,G,OL,exact_name,100
2019,41845,4046335,GEORGIA,61,Daniel Gothard,Daniel Gothard,G,OL,exact_name,100
2019,41846,4036183,NC STATE,152,Joe Sculthorpe,Joe Sculthorpe,G,G,exact_name,100
2019,41847,4039215,BALL ST,2050,Anthony Todd,Anthony Todd,C,OL,exact_name,100
2019,41849,4035755,BOWL GREEN,189,Joe Ware,Joe Ware,G,OL,exact_name,100
2019,41851,4046694,NOTRE DAME,87,Liam Eichenberg,Liam Eichenberg,T,OL,exact_name,100
2019,41853,4037138,SYRACUSE,183,Sam Heckel,Sam Heckel,C,OL,exact_name,100
2019,41857,4038458,OKLA STATE,197,Dylan Galloway,Dylan Galloway,T,OL,exact_name,100
2019,41861,4036472,ARK STATE,2032,Jacob Atnip,Jacob Atnip,G,OL,exact_name,100
2019,41870,4035378,CHARLOTTE,2429,Christian Roberson,Christian Roberson,TE,TE,exact_name,100
2019,41875,4036863,S JOSE ST,23,Billy Bob Humphreys,Billy Bob Humphreys,TE,TE,exact_name,100
2019,41878,4036831,S DIEGO ST,21,Keith Ismael,Keith Ismael,C,OL,exact_name,100
2019,41887,4035648,NWESTERN,77,Nik Urban,Nik Urban,G,OL,exact_name,100
2019,41892,4045175,PENN STATE,213,Hunter Kelly,Hunter Kelly,C,OL,exact_name,100
2019,41893,4039108,OHIO,195,Felipe Fernandez,Felipe Fernandez,G,OL,exact_name,100
2019,41898,4043634,MARSHALL,276,Tarik Adams,Tarik Adams,T,OL,exact_name,100
2019,41907,4036966,ARMY,349,Jack Sides,Jack Sides,T,OL,exact_name,100
2019,41923,4044437,STANFORD,24,Henry Hattis,Henry Hattis,G,OL,exact_name,100
2019,41924,4035448,LSU,99,Lloyd Cushenberry III,Lloyd Cushenberry III,C,C,exact_name,100
2019,41928,4039468,KANSAS,2305,Andrew Parchment,Andrew Parchment,WR,WR,exact_name,100
2019,41933,4035115,MISSOURI,142,Albert Okwuegbunam,Albert Okwuegbunam,TE,TE,exact_name,100
2019,41939,4036427,APP STATE,2026,Jacob Huesman,Jacob Huesman,QB,QB,exact_name,100
2019,41942,4038992,MIAMI OH,193,Trent Maynard,Trent Maynard,G,OL,exact_name,100
2019,41945,4037444,DOMINION,295,Isaac Weaver,Isaac Weaver,C,OL,exact_name,100
2019,41946,4036061,PITTSBURGH,221,Bryce Hargrove,Bryce Hargrove,G,OL,exact_name,100
2019,41947,4037375,MIDDLE TN,2393,Angelo Owens,Angelo Owens,G,OL,exact_name,100
2019,41948,4035551,IOWA STATE,66,Sean Foster,Sean Foster,T,OL,exact_name,100
2019,41952,4033818,ILLINOIS,356,Jake Cerny,Jake Cerny,G,OL,exact_name,100
2019,41956,4036589,LA MONROE,2433,Mason Husmann,Mason Husmann,DI,DL,exact_name,100
2019,41960,4040964,ALABAMA,333,Ben Davis,Ben Davis,ED,LB,exact_name,100
2019,41966,4039599,UTEP,2638,Devaughn Cooper,Devaughn Cooper,WR,WR,exact_name,100
2019,41967,4035411,BAYLOR,239,Jim Threet,Jim Threet,C,OL,exact_name,100
2019,41970,4036965,ARMY,349,Noah Utley,Noah Utley,G,OL,exact_name,100
2019,41973,4048231,BOISE ST,68,Ezra Cleveland,Ezra Cleveland,T,OL,exact_name,100
2019,41974,4035253,TEXAS A&M,245,Ryan McCollum,Ryan McCollum,G,OL,exact_name,100
2019,41976,4036047,DUKE,150,Robert Kraeling,Robert Kraeling,T,G,exact_name,100
2019,41983,4038966,MIAMI OH,193,Jack Sorenson,Jack Sorenson,WR,WR,exact_name,100
2019,41991,4036448,APP STATE,2026,Jalen Virgil,Jalen Virgil,WR,WR,exact_name,100
2019,41994,4044082,UCONN,41,Mason Donaldson,Mason Donaldson,WR,WR,exact_name,100
2019,41995,4035480,CLEMSON,228,Sean Pollard,Sean Pollard,C,OL,exact_name,100
2019,41998,4052788,NC STATE,152,Eric Collins,Eric Collins,WR,WR,exact_name,100
2019,42000,4037532,N CAROLINA,153,Garrett Walston,Garrett Walston,TE,TE,exact_name,100
2019,42002,4037433,DOMINION,295,Jake Herslow,Jake Herslow,WR,WR,exact_name,100
2019,42007,4039061,TEXAS,251,Denzel Okafor,Denzel Okafor,T,OL,exact_name,100
2019,42014,4047946,OREGON,2483,Kyle Buckner,Kyle Buckner,WR,WR,exact_name,100
2019,42019,4362384,UCF,2116,Kenny Turnier,Kenny Turnier,DI,DT,exact_name,100
2019,42027,4036823,OREGON,2483,Dru Mathis,Dru Mathis,LB,LB,exact_name,100
2019,42028,4035048,KENTUCKY,96,Luke Fortner,Luke Fortner,G,G,exact_name,100
2019,42031,4036233,MARYLAND,120,Noah Barnes,Noah Barnes,TE,TE,exact_name,100
2019,42035,4044454,STANFORD,24,Donald Stewart,Donald Stewart,WR,WR,exact_name,100
2019,42036,4036482,ARK STATE,2032,Javonis Isaac,Javonis Isaac,TE,TE,exact_name,100
2019,42039,4048695,UTAH ST,328,Jordan Nathan,Jordan Nathan,WR,WR,exact_name,100
2019,42044,4362419,UCF,2116,Brett Bell,Brett Bell,T,OL,exact_name,100
2019,42051,4037377,MIDDLE TN,2393,CJ Windham,CJ Windham,WR,WR,exact_name,100
2019,42055,4035333,BOSTON COL,103,Korab Idrizi,Korab Idrizi,TE,TE,exact_name,100
2019,42056,4035628,FLORIDA ST,52,Keith Gavin,Keith Gavin,WR,WR,exact_name,100
2019,42058,4034862,NEBRASKA,158,Jack Stoll,Jack Stoll,TE,TE,exact_name,100
2019,42061,4035522,AUBURN,2,Pace Ozmint,Pace Ozmint,WR,WR,exact_name,100
2019,42074,4043131,TEXAS TECH,2641,Travis Bruffy,Travis Bruffy,T,OL,exact_name,100
2019,42087,4033821,ILLINOIS,356,Griffin Palmer,Griffin Palmer,TE,TE,exact_name,100
2019,42096,4035065,KENTUCKY,96,Justin Rigg,Justin Rigg,TE,TE,exact_name,100
2019,42097,4035556,IOWA STATE,66,Jalen Martin,Jalen Martin,WR,WR,exact_name,100
2019,42098,4039169,RICE,242,Rhett Cardwell,Rhett Cardwell,WR,WR,exact_name,100
2019,42112,4035838,UCLA,26,Jordan Wilson,Jordan Wilson,TE,TE,exact_name,100
2019,42129,4044142,TEMPLE,218,Freddie Johnson,Freddie Johnson,CB,CB,exact_name,100
2019,42134,4034964,FLORIDA,57,Tyrie Cleveland,Tyrie Cleveland,WR,WR,exact_name,100
2019,42135,4043158,TEXAS TECH,2641,T.J. Vasher,T.J. Vasher,WR,WR,exact_name,100
2019,42142,4044143,TEMPLE,218,Randle Jones,Randle Jones,WR,WR,exact_name,100
2019,42143,4039301,HOUSTON,248,Courtney Lark,Courtney Lark,WR,WR,exact_name,100
2019,42145,4056041,UNLV,2439,Andre Collins Jr.,Andre Collins Jr.,WR,WR,exact_name,100
2019,42150,4039019,WASHINGTON,264,Jordan Chin,Jordan Chin,WR,WR,exact_name,100
2019,42151,4036475,ARK STATE,2032,Brandon Bowling,Brandon Bowling,WR,WR,exact_name,100
2019,42159,4045177,PENN STATE,213,Isaac Lutz,Isaac Lutz,WR,WR,exact_name,100
2019,42160,4035185,TENNESSEE,2633,Andrew Craig,Andrew Craig,TE,TE,exact_name,100
2019,42163,4037485,CINCINNATI,2132,Bruno LaBelle,Bruno Labelle,TE,TE,exact_name,100
2019,42166,4039198,BALL ST,2050,Nolan Givan,Nolan Givan,TE,TE,exact_name,100
2019,42186,3950616,BUFFALO,2084,Michael Kenefick,Michael Kenefick,C,OL,exact_name,100
2019,42189,4037647,OKLAHOMA,201,Parnell Motley,Parnell Motley,CB,CB,exact_name,100
2019,42196,4044144,TEMPLE,218,Kenny Yeboah,Kenny Yeboah,TE,TE,exact_name,100
2019,42198,4040628,OHIO STATE,194,Binjimen Victor,Binjimen Victor,WR,WR,exact_name,100
2019,42204,4035482,CLEMSON,228,Carter Groomes,Carter Groomes,WR,WR,exact_name,100
2019,42205,4053730,OKLA STATE,197,Logan Carter,Logan Carter,TE,CB,exact_name,100
2019,42212,4035554,IOWA STATE,66,Landen Akers,Landen Akers,WR,WR,exact_name,100
2019,42228,4037314,GA TECH,59,Jair Hawkins-Anderson,Jair Hawkins-Anderson,WR,DB,exact_name,100
2019,42240,4037517,N CAROLINA,153,Roscoe Johnson,Roscoe Johnson,WR,WR,exact_name,100
2019,42242,4037583,VIRGINIA,258,Nick Grant,Nick Grant,CB,CB,exact_name,100
2019,42245,4049843,S DIEGO ST,21,Grady Vazquez,Grady Vazquez,FB,FB,exact_name,100
2019,42246,4048233,BOISE ST,68,Nick Crabtree,Nick Crabtree,T,OL,exact_name,100
2019,42253,4037625,DOMINION,295,Eric Kumah,Eric Kumah,WR,WR,exact_name,100
2019,42254,4036970,ARMY,349,Christian Hayes,Christian Hayes,WR,WR,exact_name,100
2019,42255,4037458,MIAMI FL,2390,Michael Irvin II,Michael Irvin II,TE,TE,exact_name,100
2019,42257,4035020,GEORGIA,61,Charlie Woerner,Charlie Woerner,TE,TE,exact_name,100
2019,42263,4036365,COLO STATE,36,Isiah Pannunzio,Isiah Pannunzio,TE,FB,exact_name,100
2019,42266,4036275,MICHIGAN,130,Sean McKeon,Sean McKeon,TE,TE,exact_name,100
2019,42268,4034963,FLORIDA,57,Rick Wells,Rick Wells,WR,WR,exact_name,100
2019,42275,4048228,BOISE ST,68,John Bates,John Bates,TE,TE,exact_name,100
2019,42280,4035837,E CAROLINA,151,Audie Omotosho,Audie Omotosho,WR,WR,exact_name,100
2019,42289,4048698,UTAH ST,328,Travis Boman,Travis Boman,TE,TE,exact_name,100
2019,42295,4035170,TENNESSEE,2633,Marquez Callaway,Marquez Callaway,WR,WR,exact_name,100
2019,42302,4056045,UNLV,2439,Daniel Godfrey,Daniel Godfrey,TE,TE,exact_name,100
2019,42312,4046692,NOTRE DAME,87,Chase Claypool,Chase Claypool,WR,WR,exact_name,100
2019,42313,4037584,VIRGINIA,258,Bryce Hall,Bryce Hall,CB,CB,exact_name,100
2019,42321,4048676,MARYLAND,120,Rayshad Lewis,Rayshad Lewis,WR,WR,exact_name,100
2019,42322,4035654,NWESTERN,77,Riley Lees,Riley Lees,WR,WR,exact_name,100
2019,42326,4038556,TCU,2628,Artayvious Lynn,Artayvious Lynn,TE,TE,exact_name,100
2019,42329,4036190,NC STATE,152,Thomas Ruocchio,Thomas Ruocchio,TE,TE,exact_name,100
2019,42337,4038464,MARSHALL,276,Obi Obialo,Obi Obialo,WR,WR,exact_name,100
2019,42341,4038931,KENT STATE,2309,Mike Carrigan,Mike Carrigan,WR,WR,exact_name,100
2019,42342,4039360,MEMPHIS,235,John Williams,John Williams,WR,WR,exact_name,100
2019,42347,4037533,N CAROLINA,153,Noah Turner,Noah Turner,TE,TE,exact_name,100
2019,42349,4036026,LOUISVILLE,97,Dez Fitzpatrick,Dez Fitzpatrick,WR,WR,exact_name,100
2019,42353,4040612,OHIO STATE,194,Luke Farrell,Luke Farrell,TE,TE,exact_name,100
2019,42363,4039494,TOLEDO,2649,Ronnie Jones,Ronnie Jones,HB,RB,exact_name,100
2019,42364,4035573,ARKANSAS,8,Grayson Gunter,Grayson Gunter,TE,TE,exact_name,100
2019,42371,4039115,OHIO,195,Ryan Luehrman,Ryan Luehrman,TE,TE,exact_name,100
2019,42375,4035559,IOWA STATE,66,Dylan Soehner,Dylan Soehner,TE,TE,exact_name,100
2019,42384,4036051,PITTSBURGH,221,Keyshon Camp,Keyshon Camp,DI,DL,exact_name,100
2019,42390,4039114,OHIO,195,Bryan Long Jr.,Bryan Long Jr.,WR,WR,exact_name,100
2019,42395,4035497,AUBURN,2,Kam Martin,Kam Martin,HB,RB,exact_name,100
2019,42400,4037589,VIRGINIA,258,Chris Moore,Chris Moore,S,S,exact_name,100
2019,42411,4049294,BUFFALO,2084,Antonio Nunn,Antonio Nunn,WR,WR,exact_name,100
2019,42421,4035523,AUBURN,2,Spencer Nigh,Spencer Nigh,TE,FB,exact_name,100
2019,42422,4040827,BUFFALO,2084,Tito Overton,Tito Overton,WR,WR,exact_name,100
2019,42425,4042112,UCF,2116,Adrian Killins Jr.,Adrian Killins Jr.,HB,RB,exact_name,100
2019,42426,4047915,VIRGINIA,258,Brenton Nelson,Brenton Nelson,CB,S,exact_name,100
2019,42435,4035766,WISCONSIN,275,Seth Currens,Seth Currens,S,TE,exact_name,100
2019,42440,4035410,BAYLOR,239,Raleigh Texada,Raleigh Texada,CB,CB,exact_name,100
2019,42442,4036428,APP STATE,2026,Jeremy Level,Jeremy Level,S,DB,exact_name,100
2019,42444,4035289,IOWA STATE,66,Greg Eisworth II,Greg Eisworth,S,DB,exact_name,100
2019,42445,4037519,N CAROLINA,153,Myles Wolfolk,Myles Wolfolk,S,DB,exact_name,100
2019,42446,4034841,NEBRASKA,158,JoJo Domann,JoJo Domann,LB,LB,exact_name,100
2019,42447,4035604,FLORIDA ST,52,Janarius Robinson,Janarius Robinson,ED,DE,exact_name,100
2019,42448,4035598,ARKANSAS,8,Britto Tutt,Britto Tutt,CB,DB,exact_name,100
2019,42449,4038432,OKLA STATE,197,Amen Ogbongbemiga,Amen Ogbongbemiga,LB,LB,exact_name,100
2019,42450,4048677,UTAH ST,328,David Woodward,David Woodward,LB,LB,exact_name,100
2019,42451,4035462,CLEMSON,228,Isaiah Simmons,Isaiah Simmons,S,LB,exact_name,100
2019,42454,4040518,TEXAS ST,326,Clifton Lewis Jr.,Clifton Lewis Jr.,LB,LB,exact_name,100
2019,42465,4568981,UCF,2116,Tay Gowan,Tay Gowan,CB,DB,exact_name,100
2019,42467,4035463,CLEMSON,228,K'Von Wallace,K'Von Wallace,S,S,exact_name,100
2019,42473,4037522,N CAROLINA,153,D.J. Ford,D.J. Ford,S,S,exact_name,100
2019,42474,4039157,RICE,242,Collin Whitaker,Collin Whitaker,CB,CB,exact_name,100
2019,42475,4034790,MINNESOTA,135,Antoine Winfield Jr.,Antoine Winfield Jr.,S,DB,exact_name,100
2019,42478,4046529,MICHIGAN,130,Peter Bush,Peter Bush,LB,RB,exact_name,100
2019,42484,4040646,TULANE,2655,Sean Harper,Sean Harper,S,DB,exact_name,100
2019,42486,4037520,N CAROLINA,153,Tomon Fox,Tomon Fox,ED,LB,exact_name,100
2019,42487,4037119,SYRACUSE,183,Andrew Armstrong,Andrew Armstrong,LB,LB,exact_name,100
2019,42490,4044087,UCONN,41,Tahj Herring-Wilson,Tahj Herring-Wilson,CB,DB,exact_name,100
2019,42494,4038436,OKLA STATE,197,Devin Harper,Devin Harper,LB,LB,exact_name,100
2019,42496,4036430,APP STATE,2026,Shemar Jean-Charles,Shemar Jean-Charles,CB,DB,exact_name,100
2019,42504,4036126,MIAMI OH,193,Cedric Boswell,Cedric Boswell,CB,DB,exact_name,100
2019,42505,4039556,SMU,2567,Collin Rock,Collin Rock,CB,S,exact_name,100
2019,42507,4035533,IOWA STATE,66,Jatairis Grant,Jatairis Grant,S,LB,exact_name,100
2019,42510,4039364,MEMPHIS,235,Tyrez Lindsey,Tyrez Lindsey,S,DB,exact_name,100
2019,42512,4043605,MARSHALL,276,Chris Jackson,Chris Jackson,CB,DB,exact_name,100
2019,42515,4035747,BOWL GREEN,189,Jerry McBride III,Jerry McBride III,S,DB,exact_name,100
2019,42516,4259586,PENN STATE,213,Cam Brown,Cam Brown,LB,LB,exact_name,100
2019,42520,4036058,PITTSBURGH,221,Bricen Garner,Bricen Garner,S,S,exact_name,100
2019,42537,4035819,NEW MEXICO,167,Brandon Burton,Brandon Burton,S,S,exact_name,100
2019,42539,4035106,MISSOURI,142,Dawson Downing,Dawson Downing,HB,RB,exact_name,100
2019,42542,4040520,TEXAS ST,326,Jashon Waddy,JaShon Waddy,S,CB,exact_name,100
2019,42544,4035505,AUBURN,2,Daniel Thomas,Daniel Thomas,S,DB,exact_name,100
2019,42548,4035817,UCLA,26,Krys Barnes,Krys Barnes,LB,LB,exact_name,100
2019,42550,4039422,NAVY,2426,Jeremy Griffis,Jeremy Griffis,CB,CB,exact_name,100
2019,42552,4035472,CLEMSON,228,James Skalski,James Skalski,LB,LB,exact_name,100
2019,42553,4043625,MARSHALL,276,Nazeeh Johnson,Nazeeh Johnson,S,S,exact_name,100
2019,42554,4044433,STANFORD,24,Jordan Fox,Jordan Fox,ED,LB,exact_name,100
2019,42556,4037120,SYRACUSE,183,Evan Foster,Evan Foster,S,DB,exact_name,100
2019,42563,4036929,ARMY,349,Ryan Parker,Ryan Parker,LB,LB,exact_name,100
2019,42565,3930190,OREGON,2483,Matt Mariota,Matt Mariota,WR,TE,exact_name,100
2019,42572,4035356,BOSTON COL,103,Max Richardson,Max Richardson,LB,LB,exact_name,100
2019,42579,4035178,TENNESSEE,2633,Ja'Quain Blakely,Ja'Quain Blakely,DI,DL,exact_name,100
2019,42581,4039403,NEW MEXICO,167,Teton Saltes,Teton Saltes,T,OL,exact_name,100
2019,42585,4038564,E CAROLINA,151,Aaron Ramseur,Aaron Ramseur,LB,LB,exact_name,100
2019,42587,4056054,FRESNO ST,278,Leevel Tatum III,Leevel Tatum III,ED,DL,exact_name,100
2019,42588,4037440,DOMINION,295,Juwan Ross,Juwan Ross,DI,DT,exact_name,100
2019,42589,4047840,HAWAII,62,Parker Higgins,Parker Higgins,LB,LB,exact_name,100
2019,42594,4036016,LOUISVILLE,97,Tobias Little,Tobias Little,WR,TE,exact_name,100
2019,42596,4040603,UCF,2116,Malik Barrow,Malik Barrow,ED,DL,exact_name,100
2019,42599,4044537,BUFFALO,2084,Taylor Riggins,Taylor Riggins,ED,DE,exact_name,100
2019,42603,4039547,COLORADO,38,Mikial Onu,Mikial Onu,S,S,exact_name,100
2019,42606,4036820,S DIEGO ST,21,Tayler Hawkins,Tayler Hawkins,S,CB,exact_name,100
2019,42607,4035528,IOWA STATE,66,Lawrence White,Lawrence White,S,DB,exact_name,100
2019,42611,4036053,PITTSBURGH,221,Therran Coleman,Therran Coleman,CB,CB,exact_name,100
2019,42613,4035769,WISCONSIN,275,Caesar Williams,Caesar Williams,CB,CB,exact_name,100
2019,42614,4039006,WASHINGTON,264,Isaiah Gilchrist,Isaiah Gilchrist,CB,DB,exact_name,100
2019,42620,4042118,UCF,2116,Brandon Moore,Brandon Moore,CB,DB,exact_name,100
2019,42621,4037365,MIDDLE TN,2393,Justin Brown,Justin Brown,CB,CB,exact_name,100
2019,42627,4035773,WISCONSIN,275,Mason Stokke,Mason Stokke,FB,FB,exact_name,100
2019,42629,4039605,ARIZONA,12,Chacho Ulloa,Chacho Ulloa,S,S,exact_name,100
2019,42631,4044079,UCONN,41,Tyler Coyle,Tyler Coyle,S,LB,exact_name,100
2019,42632,4038902,TEMPLE,218,Shaun Bradley,Shaun Bradley,LB,LB,exact_name,100
2019,42636,4034787,MINNESOTA,135,Calvin Swenson,Calvin Swenson,S,DB,exact_name,100
2019,42640,4037127,SYRACUSE,183,Devon Clarke,Devon Clarke,S,DB,exact_name,100
2019,42650,4040489,UTEP,2638,Broderick Harrell,Broderick Harrell,LB,DB,exact_name,100
2019,42651,4035504,MEMPHIS,235,John Broussard,John Broussard Jr.,S,DB,exact_name,100
2019,42652,4036782,NEVADA,2440,Lawson Hall,Lawson Hall,LB,LB,exact_name,100
2019,42656,4036828,S DIEGO ST,21,Turner Bernard,Turner Bernard,LS,LS,exact_name,100
2019,42657,4035230,TEXAS A&M,245,Clifford Chattman,Clifford Chattman,CB,S,exact_name,100
2019,42663,4037604,MARSHALL,276,Tavante Beckett,Tavante Beckett,LB,LB,exact_name,100
2019,42664,4033805,ILLINOIS,356,Stanley Green,Stanley Green,S,DB,exact_name,100
2019,42666,4036932,ARMY,349,Jake Ellington,Jake Ellington,ED,DL,exact_name,100
2019,42667,4037513,N CAROLINA,153,Dominique Ross,Dominique Ross,LB,LB,exact_name,100
2019,42674,4035342,BOSTON COL,103,Mike Palmer,Mike Palmer,S,DB,exact_name,100
2019,42675,4048255,BOISE ST,68,Jalen Walker,Jalen Walker,CB,CB,exact_name,100
2019,42676,4044429,STANFORD,24,Malik Antoine,Malik Antoine,S,S,exact_name,100
2019,42679,4044134,TEMPLE,218,Isaiah Graham-Mobley,Isaiah Graham-Mobley,LB,LB,exact_name,100
2019,42694,4038724,RUTGERS,164,Tyreek Maddox-Williams,Tyreek Maddox-Williams,LB,LB,exact_name,100
2019,42701,4038952,OREGON,2483,Hunter Kampmoyer,Hunter Kampmoyer,TE,TE,exact_name,100
2019,42702,4048087,SMU,2567,Gerrit Choate,Gerrit Choate,LB,DE,exact_name,100
2019,42707,4035459,MARYLAND,120,Shaq Smith,Shaq Smith,ED,LB,exact_name,100
2019,42712,4035355,BOSTON COL,103,Isaiah Miranda,Isaiah Miranda,TE,TE,exact_name,100
2019,42714,4039015,WASHINGTON,264,Ryan Bowman,Ryan Bowman,ED,LB,exact_name,100
2019,42718,4036132,IOWA,2294,Chauncey Golston,Chauncey Golston,ED,DL,exact_name,100
2019,42725,4034856,NEBRASKA,158,Collin Miller,Collin Miller,LB,LB,exact_name,100
2019,42729,4036930,ARMY,349,Rashaad Bolton,Rashaad Bolton,HB,RB,exact_name,100
2019,42738,4047710,NC STATE,152,Will Dabbs,Will Dabbs,HB,RB,exact_name,100
2019,42742,4036029,DUKE,150,Myles Hudzick,Myles Hudzick,CB,RB,exact_name,100
2019,42754,4035840,UCLA,26,Osa Odighizuwa,Osa Odighizuwa,DI,DL,exact_name,100
2019,42756,4038467,OKLA STATE,197,Cameron Murray,Cameron Murray,DI,DT,exact_name,100
2019,42758,4035657,NWESTERN,77,Tommy Carnifax,Tommy Carnifax,TE,?,exact_name,100
2019,42759,4035605,FLORIDA ST,52,Carlos Becker III,Carlos Becker III,S,DB,exact_name,100
2019,42760,4037515,N CAROLINA,153,Greg Ross,Greg Ross,CB,DB,exact_name,100
2019,42766,4048092,UTAH ST,328,Nick Heninger,Nick Heninger,ED,DE,exact_name,100
2019,42767,4048143,APP STATE,2026,Elijah Diarrassouba,Elijah Diarrassouba,DI,DL,exact_name,100
2019,42768,4050390,UTSA,2636,Lorenzo Dantzler,Lorenzo Dantzler,ED,DL,exact_name,100
2019,42778,4038744,AKRON,2006,DeMarcus Lloyd,DeMarcus Lloyd,LB,LB,exact_name,100
2019,42779,4035110,MISSOURI,142,Markell Utsey,Markell Utsey,DI,DL,exact_name,100
2019,42780,4039296,HOUSTON,248,Aymiel Fleming,Aymiel Fleming,DI,DL,exact_name,100
2019,42790,4038955,OREGON,2483,Bryson Young,Bryson Young,ED,LB,exact_name,100
2019,42795,4036944,ARMY,349,Donavan Lynch,Donavan Lynch,ED,LB,exact_name,100
2019,42797,4037298,GA TECH,59,Ajani Kerr,Ajani Kerr,CB,DB,exact_name,100
2019,42806,4045169,PENN STATE,213,Shaka Toney,Shaka Toney,ED,DE,exact_name,100
2019,42807,4035725,PURDUE,2509,Anthony Watts,Anthony Watts,DI,DL,exact_name,100
2019,42816,4035248,TEXAS A&M,245,Keeath Magee II,Keeath Magee II,LB,LB,exact_name,100
2019,42820,4035787,WISCONSIN,275,Mike Maskalunas,Mike Maskalunas,LB,LB,exact_name,100
2019,42822,4239398,E CAROLINA,151,Chandon Hickerson,Chandon Hickerson,ED,DL,exact_name,100
2019,42823,4036445,APP STATE,2026,Jordan Fehr,Jordan Fehr,LB,LB,exact_name,100
2019,42826,4037135,SYRACUSE,183,Kendall Coleman,Kendall Coleman,ED,DL,exact_name,100
2019,42832,4048142,APP STATE,2026,Tommy Dawkins Jr.,Tommy Dawkins,ED,DL,exact_name,100
2019,42833,4047846,ARIZONA ST,9,Chase Lucas,Chase Lucas,CB,DB,exact_name,100
2019,42845,4040968,ALABAMA,333,Terrell Lewis,Terrell Lewis,ED,LB,exact_name,100
2019,42850,4037648,OKLAHOMA,201,Jordan Parker,Jordan Parker,CB,DB,exact_name,100
2019,42856,4036028,DUKE,150,Javon Jackson,Javon Jackson,S,S,exact_name,100
2019,42858,4035825,UCLA,26,Leni Toailoa,Leni Toailoa,LB,LB,exact_name,100
2019,42863,4035467,CLEMSON,228,Xavier Kelly,Xavier Kelly,DI,DL,exact_name,100
2019,42867,4043618,MARSHALL,276,Omari Cobb,Omari Cobb,LB,LB,exact_name,100
2019,42871,4044448,STANFORD,24,Curtis Robinson,Curtis Robinson,LB,LB,exact_name,100
2019,42872,4037430,DOMINION,295,Parrish Gordon,Parrish Gordon,CB,S,exact_name,100
2019,42873,4048259,BOISE ST,68,Avery Williams,Avery Williams,CB,CB,exact_name,100
2019,42876,4035229,TEXAS A&M,245,Charles Oliver,Charles Oliver,CB,DB,exact_name,100
2019,42882,4036593,LA MONROE,2433,Logan Latin,Logan Latin,CB,S,exact_name,100
2019,42883,4046679,NOTRE DAME,87,Troy Pride Jr.,Troy Pride Jr.,CB,CB,exact_name,100
2019,42885,4048659,NEW MEXICO,167,Elijah Lilly,Elijah Lilly,WR,WR,exact_name,100
2019,42887,4047653,UAB,5,Jarrion Street,Jarrion Street,CB,LB,exact_name,100
2019,42888,4035592,ARKANSAS,8,Grant Morgan,Grant Morgan,LB,LB,exact_name,100
2019,42894,4035433,LSU,99,Kristian Fulton,Kristian Fulton,CB,CB,exact_name,100
2019,42902,4037363,MIDDLE TN,2393,Kylan Stribling,Kylan Stribling,S,S,exact_name,100
2019,42903,4039596,ARIZONA,12,Lorenzo Burns,Lorenzo Burns,CB,DB,exact_name,100
2019,42904,4036787,NEVADA,2440,Daylon Johnson,Daylon Johnson,S,DB,exact_name,100
2019,42906,4039546,SMU,2567,Noah Spears,Noah Spears,ED,DE,exact_name,100
2019,42907,4035532,IOWA STATE,66,Joshua Bailey,Joshua Bailey,DI,DL,exact_name,100
2019,42912,4035570,ARKANSAS,8,Deon Edwards,Deon Edwards,ED,LB,exact_name,100
2019,42913,4034835,NEBRASKA,158,Dicaprio Bootle,Dicaprio Bootle,CB,CB,exact_name,100
2019,42914,4040630,OHIO STATE,194,Jahsen Wint,Jahsen Wint,LB,S,exact_name,100
2019,42924,4038976,MIAMI OH,193,Kobe Burse,Kobe Burse,LB,LB,exact_name,100
2019,42926,4035234,TEXAS A&M,245,Travon Fuller,Travon Fuller,CB,CB,exact_name,100
2019,42928,4040645,TULANE,2655,P.J. Hall,P.J. Hall,S,S,exact_name,100
2019,42930,4035173,TENNESSEE,2633,Nigel Warrior,Nigel Warrior,S,DB,exact_name,100
2019,42931,4043613,MARSHALL,276,Jaylon McClain-Sapp,Jaylon McClain-Sapp,CB,DB,exact_name,100
2019,42937,4034788,MINNESOTA,135,Kiondre Thomas,Kiondre Thomas,CB,DB,exact_name,100
2019,42938,4035076,KENTUCKY,96,Jamar Watson,Jamar Watson,ED,LB,exact_name,100
2019,42940,4038731,RUTGERS,164,Lawrence Stevens,Lawrence Stevens,CB,DB,exact_name,100
2019,42941,4039366,MEMPHIS,235,Jacobi Francis,Jacobi Francis,CB,DB,exact_name,100
2019,42942,4048237,BOISE ST,68,Jordan Happle,Jordan Happle,S,S,exact_name,100
2019,42952,4039068,TEXAS,251,Chris Brown,Chris Brown,S,DB,exact_name,100
2019,42953,4034769,MINNESOTA,135,Coney Durr,Coney Durr,CB,DB,exact_name,100
2019,42956,4035785,WISCONSIN,275,Noah Burks,Noah Burks,ED,LB,exact_name,100
2019,42962,4045705,CHARLOTTE,2429,Aaron McAllister,Aaron McAllister,HB,RB,exact_name,100
2019,42970,4039372,MEMPHIS,235,Thomas Pickens,Thomas Pickens,S,LB,exact_name,100
2019,42976,4036072,PITTSBURGH,221,Elias Reynolds,Elias Reynolds,LB,LB,exact_name,100
2019,42981,4039102,OHIO,195,Jared Dorsa,Jared Dorsa,LB,LB,exact_name,100
2019,42983,4034028,CLEMSON,228,Elijah Turner,Elijah Turner,CB,S,exact_name,100
2019,42984,4039103,OHIO,195,Will Evans,Will Evans,ED,DE,exact_name,100
2019,42988,4042825,OREGON ST,204,Isaac Garcia,Isaac Garcia,ED,DL,exact_name,100
2019,42991,4039155,RICE,242,Dylan Silcox,Dylan Silcox,LB,LB,exact_name,100
2019,42993,4039029,NOTRE DAME,87,Khalid Kareem,Khalid Kareem,ED,DL,exact_name,100
2019,42997,4036958,ARMY,349,Amadeo West,Amadeo West,ED,LB,exact_name,100
2019,43002,4037463,MIAMI FL,2390,Tyreic Martin,Tyreic Martin,DI,DL,exact_name,100
2019,43006,4038969,MIAMI OH,193,Myles Reid,Myles Reid,LB,LB,exact_name,100
2019,43007,4038719,RUTGERS,164,Damon Hayes,Damon Hayes,CB,DB,exact_name,100
2019,43008,-1022285,MISSOURI,142,Sci Martin Jr.,"Sci Martin, Jr.",ED,DL,exact_name+posgroup,98
2019,43009,3917858,AKRON,2006,James King,James King,ED,LB,exact_name,100
2019,43012,4035273,VANDERBILT,238,Elijah Hamilton,Elijah Hamilton,CB,DB,exact_name,100
2019,43020,4038745,AKRON,2006,Tyler Gilchrist,Tyler Gilchrist,CB,DB,exact_name,100
2019,43021,4040608,OHIO STATE,194,Jonathon Cooper,Jonathon Cooper,ED,DE,exact_name,100
2019,43025,4034840,NEBRASKA,158,Marquel Dismuke,Marquel Dismuke,S,S,exact_name,100
2019,43026,4037641,OKLAHOMA,201,Caleb Kelly,Caleb Kelly,LB,LB,exact_name,100
2019,43040,4035227,TEXAS A&M,245,Ikenna Okeke,Ikenna Okeke,LB,LB,exact_name,100
2019,43049,4039059,TEXAS,251,Brandon Jones,Brandon Jones,S,DB,exact_name,100
2019,43051,4039423,NAVY,2426,Elan Nash,Elan Nash,S,S,exact_name,100
2019,43058,4040975,ALABAMA,333,Jared Mayden,Jared Mayden,S,DB,exact_name,100
2019,43059,4036258,MICHIGAN,130,Carlo Kemp,Carlo Kemp,DI,DL,exact_name,100
2019,43062,4036356,COLO STATE,36,Jamal Hicks,Jamal Hicks,S,S,exact_name,100
2019,43063,4039092,OHIO,195,Tyler Tupa,Tyler Tupa,WR,WR,exact_name,100
2019,43064,4040895,FRESNO ST,278,Jaron Bryant,Jaron Bryant,CB,DB,exact_name,100
2019,43067,4043615,MARSHALL,276,Jestin Morrow,Jestin Morrow,CB,DB,exact_name,100
2019,43069,4035566,ARKANSAS,8,McTelvin Agim,McTelvin Agim,DI,DL,exact_name,100
2019,43073,4038944,OREGON,2483,Brady Breeze,Brady Breeze,S,S,exact_name,100
2019,43076,4038538,TCU,2628,Vernon Scott,Vernon Scott,S,S,exact_name,100
2019,43077,4036881,S JOSE ST,23,Tre Webb,Tre Webb,S,S,exact_name,100
2019,43083,4038726,RUTGERS,164,Kobe Marfo,Kobe Marfo,CB,DB,exact_name,100
2019,43085,4039367,MEMPHIS,235,Tim Hart,Tim Hart,LB,LB,exact_name,100
2019,43090,4035236,TEXAS A&M,245,Moses Reynolds,Moses Reynolds,CB,DB,exact_name,100
2019,43098,4036034,DUKE,150,Brandon Hill,Brandon Hill,LB,LB,exact_name,100
2019,43099,4046683,UCONN,41,D.J. Morgan,D.J. Morgan,LB,LB,exact_name,100
2019,43102,4048686,UTAH ST,328,Kevin Meitzenheimer,Kevin Meitzenheimer,LB,LB,exact_name,100
2019,43103,4045166,PENN STATE,213,Shane Simmons,Shane Simmons,ED,DE,exact_name,100
2019,43108,4035293,OLE MISS,145,Donta Evans,Donta Evans,LB,LB,exact_name,100
2019,43111,4046526,MICHIGAN,130,Devin Gil,Devin Gil,LB,LB,exact_name,100
2019,43112,4036176,NC STATE,152,Brock Miller,Brock Miller,LB,LB,exact_name,100
2019,43115,4037654,OKLAHOMA,201,Chanse Sylvie,Chanse Sylvie,CB,CB,exact_name,100
2019,43116,4035168,CHARLOTTE,2429,Marquill Osborne,Marquill Osborne,CB,DB,exact_name,100
2019,43119,4044130,TEMPLE,218,Benny Walls,Benny Walls,S,S,exact_name,100
2019,43139,4048716,WYOMING,2751,Alijah Halliburton,Alijah Halliburton,S,S,exact_name,100
2019,43150,4044128,TEMPLE,218,Keyvone Bruton,Keyvone Bruton,S,S,exact_name,100
2019,43158,4040604,OHIO STATE,194,Tuf Borland,Tuf Borland,LB,LB,exact_name,100
2019,43166,4047808,PURDUE,2509,Brennan Thieneman,Brennan Thieneman,S,S,exact_name,100
2019,43171,4039608,ARIZONA,12,Tristan Cooper,Tristan Cooper,S,S,exact_name,100
2019,43174,4039306,HOUSTON,248,Ka'Darian Smith,Ka'Darian Smith,CB,CB,exact_name,100
2019,43178,4036935,ARMY,349,Jack King,Jack King,ED,LB,exact_name,100
2019,43181,4039425,NAVY,2426,OJ Davis,OJ Davis,WR,WR,exact_name,100
2019,43185,4039504,TOLEDO,2649,Justin Clark,Justin Clark,CB,CB,exact_name,100
2019,43187,4035468,CLEMSON,228,Nolan Turner,Nolan Turner,S,S,exact_name,100
2019,43189,4038974,MIAMI OH,193,Ryan McWood,Ryan McWood,LB,LB,exact_name,100
2019,43191,4044125,TEMPLE,218,Amir Tyler,Amir Tyler,S,S,exact_name,100
2019,43193,4038924,KENT STATE,2309,Akeam Peters,Akeam Peters,S,S,exact_name,100
2019,43194,4039606,LOUISVILLE,97,Isaiah Hayes,Isaiah Hayes,S,DB,exact_name,100
2019,43195,4034954,FLORIDA,57,Quincy Lenton,Quincy Lenton,S,DB,exact_name,100
2019,43196,4042119,UCF,2116,Richie Grant,Richie Grant,S,DB,exact_name,100
2019,43205,4035050,KENTUCKY,96,Jordan Griffin,Jordan Griffin,S,S,exact_name,100
2019,43210,3917072,COLO STATE,36,Max McDonald,Max McDonald,LB,LB,exact_name,100
2019,43215,4035344,BOSTON COL,103,John Lamot,John Lamot,LB,LB,exact_name,100
2019,43219,4035177,TENNESSEE,2633,Daniel Bituli,Daniel Bituli,LB,LB,exact_name,100
2019,43224,4036438,APP STATE,2026,Kaiden Smith,Kaiden Smith,S,DB,exact_name,100
2019,43225,4036070,PITTSBURGH,221,Chase Pine,Chase Pine,LB,LB,exact_name,100
2019,43230,4047341,VANDERBILT,238,Gil Barksdale,Gil Barksdale,S,S,exact_name,100
2019,43233,4037429,DOMINION,295,Lawrence Garner,Lawrence Garner,LB,LB,exact_name,100
2019,43234,4039392,NEW MEXICO,167,Corey Hightower,Corey Hightower,S,CB,exact_name,100
2019,43235,4040906,FRESNO ST,278,Andrew Wright,Andrew Wright,ED,DE,exact_name,100
2019,43236,4039424,NAVY,2426,Walter Little,Walter Little,LB,LB,exact_name,100
2019,43239,4035438,LSU,99,Eric Monroe,Eric Monroe,S,DB,exact_name,100
2019,43250,4036507,MICH STATE,127,Joe Bachie,Joe Bachie,LB,LB,exact_name,100
2019,43251,4035694,USC,30,C.J. Pollard,C.J. Pollard,S,S,exact_name,100
2019,43258,4046906,AKRON,2006,DeMarkus Glover,DeMarkus Glover,LB,LB,exact_name,100
2019,43264,4048685,UTAH ST,328,Braxton Gunther,Braxton Gunther,S,S,exact_name,100
2019,43267,4035722,PURDUE,2509,Simeon Smiley,Simeon Smiley,CB,CB,exact_name,100
2019,43269,4039060,TEXAS,251,Jeffrey McCulloch,Jeffrey McCulloch,LB,LB,exact_name,100
2019,43280,4039162,RICE,242,Anthony Ekpe,Anthony Ekpe,ED,LB,exact_name,100
2019,43283,4039356,MEMPHIS,235,Josh Perry,Josh Perry,CB,DB,exact_name,100
2019,43286,4039668,TULSA,202,Treyvon Reeves,Treyvon Reeves,LB,LB,exact_name,100
2019,43287,4046687,NOTRE DAME,87,Donte Vaughn,Donte Vaughn,CB,CB,exact_name,100
2019,43291,4036060,PITTSBURGH,221,Damar Hamlin,Damar Hamlin,CB,DB,exact_name,100
2019,43293,4036170,NC STATE,152,Isaiah Stallings,Isaiah Stallings,LB,S,exact_name,100
2019,43296,4039426,NAVY,2426,Sion Harrington,Sion Harrington,LB,LB,exact_name,100
2019,43298,4048728,WYOMING,2751,Braden Smith,Braden Smith,S,S,exact_name,100
2019,43299,4035597,ARKANSAS,8,Micahh Smith,Micahh Smith,CB,DB,exact_name,100
2019,43304,4034864,NEBRASKA,158,Eli Sullivan,Eli Sullivan,S,S,exact_name,100
2019,43306,4040642,TULANE,2655,Larry Bryant,Larry Bryant,ED,S,exact_name,100
2019,43309,4048731,WYOMING,2751,Garrett Crall,Garrett Crall,ED,DE,exact_name,100
2019,43310,4039597,ARIZONA,12,Jarrius Wallace,Jarrius Wallace,S,DB,exact_name,100
2019,43319,4039429,NAVY,2426,Denzel Polk,Denzel Polk,ED,DE,exact_name,100
2019,43322,4036219,KENT STATE,2309,Qwuantrezz Knight,Qwuantrezz Knight,S,DB,exact_name,100
2019,43325,4039397,NEW MEXICO,167,Jared EnRico,Jared EnRico,LS,LS,exact_name,100
2019,43327,4039200,BALL ST,2050,James Jennette III,James Jennette III,ED,DL,exact_name,100
2019,43333,4037644,OKLAHOMA,201,Bryan Mead,Bryan Mead,LB,LB,exact_name,100
2019,43334,4036479,ARK STATE,2032,Trent Ellis-Brewer,Trent Ellis-Brewer,LB,LB,exact_name,100
2019,43336,4039010,WASHINGTON,264,Myles Bryant,Myles Bryant,S,DB,exact_name,100
2019,43339,4038945,OREGON,2483,La'Mar Winston Jr.,La'Mar Winston Jr.,ED,LB,exact_name,100
2019,43340,4035635,NWESTERN,77,Roderick Campbell,Roderick Campbell,CB,DB,exact_name,100
2019,43341,4035013,GEORGIA,61,Tyrique McGhee,Tyrique McGhee,CB,DB,exact_name,100
2019,43343,4044432,STANFORD,24,Obi Eboh,Obi Eboh,CB,CB,exact_name,100
2019,43345,4036934,ARMY,349,Malik Hancock,Malik Hancock,TE,RB,exact_name,100
2019,43346,4373019,BAYLOR,239,Zeke Brown,Zeke Brown,CB,CB,exact_name,100
2019,43347,4043137,TEXAS TECH,2641,DaMarcus Fields,Damarcus Fields,CB,DB,exact_name,100
2019,43351,4044445,STANFORD,24,Andrew Pryts,Andrew Pryts,LB,LB,exact_name,100
2019,43353,4044441,STANFORD,24,J.J. Parson,J.J. Parson,CB,S,exact_name,100
2019,43354,4042810,OREGON ST,204,Jaydon Grant,Jaydon Grant,CB,DB,exact_name,100
2019,43355,4035634,NWESTERN,77,Brian Bullock,Brian Bullock,S,DB,exact_name,100
2019,43357,4039051,TEXAS,251,Donovan Duvernay,Donovan Duvernay,CB,DB,exact_name,100
2019,43359,4035440,LSU,99,Cameron Lewis,Cameron Lewis,S,S,exact_name,100
2019,43369,4035775,WISCONSIN,275,Eric Burrell,Eric Burrell,S,S,exact_name,100
2019,43372,4039932,TROY,2653,Tanner Blatt,Tanner Blatt,HB,RB,exact_name,100
2019,43374,4038978,MIAMI OH,193,Payton O'Reilly,Payton O'Reilly,TE,TE,exact_name,100
2019,43380,4048099,UTAH,254,Samson Nacua,Samson Nacua,WR,WR,exact_name,100
2019,43383,4047688,FLORIDA ST,52,Michael Barulich,Michael Barulich,WR,WR,exact_name,100
2019,43393,4035105,MISSOURI,142,Christian Holmes,Christian Holmes,CB,CB,exact_name,100
2019,43395,4046537,MICHIGAN,130,Josh Metellus,Josh Metellus,S,DB,exact_name,100
2019,43401,4044127,TEMPLE,218,Linwood Crump,Linwood Crump,CB,DB,exact_name,100
2019,43409,4036035,DUKE,150,Antone Williams,Antone Williams,CB,DB,exact_name,100
2019,43410,4038979,MIAMI OH,193,Zack Hazlett,Zack Hazlett,WR,WR,exact_name,100
2019,43421,4371940,ILLINOIS,356,Milo Eifler,Milo Eifler,LB,LB,exact_name,100
2019,43425,4035678,UTAH,254,Hauati Pututau,Hauati Pututau,DI,DT,exact_name,100
2019,43427,4034957,UAB,5,Jordan Smith,Jordan Smith,ED,LB,exact_name,100
2019,43431,4037490,CINCINNATI,2132,Michael Pitts,Michael Pitts,ED,DE,exact_name,100
2019,43432,4036953,ARMY,349,Jacob Covington,Jacob Covington,DI,DL,exact_name,100
2019,43441,4033814,ILLINOIS,356,Ayo Shogbonyo,Ayo Shogbonyo,ED,DL,exact_name,100
2019,43448,4033798,RUTGERS,164,Elorm Lumor,Elorm Lumor,ED,DL,exact_name,100
2019,43449,4039028,NOTRE DAME,87,Daelin Hayes,Daelin Hayes,ED,DL,exact_name,100
2019,43452,4037525,N CAROLINA,153,Allen Cater,Allen Cater,ED,LB,exact_name,100
2019,43455,4036817,S DIEGO ST,21,Trenton Thompson,Trenton Thompson,S,S,exact_name,100
2019,43456,4036441,APP STATE,2026,Noel Cook,Noel Cook,ED,LB,exact_name,100
2019,43464,4035075,BOWL GREEN,189,Roland Walder,Roland Walder,ED,DL,exact_name,100
2019,43472,4036152,IOWA,2294,Barrington Wade,Barrington Wade,LB,LB,exact_name,100
2019,43475,4040875,COLORADO,38,Akil Jones,Akil Jones,LB,LB,exact_name,100
2019,43485,4037442,DOMINION,295,Demetrius Stitmon,Demetrius Stitmon,LB,LB,exact_name,100
2019,43490,4047311,MISSOURI,142,Jerney Jones,Jerney Jones,HB,RB,exact_name,100
2019,43492,4046682,NOTRE DAME,87,Jonathan Jones,Jonathan Jones,LB,LB,exact_name,100
2019,43498,4034766,MINNESOTA,135,Carter Coughlin,Carter Coughlin,ED,LB,exact_name,100
2019,43500,4036141,IOWA,2294,Nick Niemann,Nick Niemann,S,LB,exact_name,100
2019,43502,4042125,UCF,2116,Nate Evans,Nate Evans,LB,LB,exact_name,100
2019,43504,4038732,RUTGERS,164,Julius Turner,Julius Turner,DI,DL,exact_name,100
2019,43507,4037333,CHARLOTTE,2429,Alex Highsmith,Alex Highsmith,ED,DE,exact_name,100
2019,43508,4047738,BALL ST,2050,Cody Rudy,Cody Rudy,TE,FB,exact_name,100
2019,43510,4044132,TEMPLE,218,William Kwenkeu,William Kwenkeu,LB,LB,exact_name,100
2019,43519,4039195,BALL ST,2050,Chris Crumb,Chris Crumb,DI,DT,exact_name,100
2019,43521,4035618,FLORIDA ST,52,Cedric Wood,Cedric Wood,DI,DT,exact_name,100
2019,43524,4048736,WYOMING,2751,Cassh Maluia,Cassh Maluia,LB,LB,exact_name,100
2019,43525,4047939,UTSA,2636,Dexter Myers,Dexter Myers,CB,S,exact_name,100
2019,43526,4038932,KENT STATE,2309,Theo Majette,Theo Majette,DI,DL,exact_name,100
2019,43528,4035389,BAYLOR,239,Grayland Arnold,Grayland Arnold,S,CB,exact_name,100
2019,43530,4035272,VANDERBILT,238,Frank Coppet,Frank Coppet,S,S,exact_name,100
2019,43537,4037447,DOMINION,295,Jordan Young,Jordan Young,LB,LB,exact_name,100
2019,43552,4035841,MIAMI FL,2390,Chigozie Nnoruka,Chigozie Nnoruka,DI,DL,exact_name,100
2019,43554,4036393,UTAH ST,328,Caden Andersen,Caden Andersen,DI,DT,exact_name,100
2019,43555,4034861,NEBRASKA,158,Ben Stille,Ben Stille,ED,DL,exact_name,100
2019,43560,4045310,INDIANA,84,Jerome Johnson,Jerome Johnson,DI,DL,exact_name,100
2019,43561,4049800,RICE,242,Dylan James,Dylan James,ED,LB,exact_name,100
2019,43564,4046533,MICHIGAN,130,Will Hart,Will Hart,P,P,exact_name,100
2019,43565,4039094,OHIO,195,Eric Popp,Eric Popp,LB,LB,exact_name,100
2019,43566,4040644,TULANE,2655,Lawrence Graham,Lawrence Graham,LB,LB,exact_name,100
2019,43572,4035768,WISCONSIN,275,Anthony Lotti,Anthony Lotti,P,P,exact_name,100
2019,43577,4035000,GEORGIA,61,Michail Carter,Michail Carter,DI,DL,exact_name,100
2019,43580,4044133,TEMPLE,218,Sam Franklin Jr.,Sam Franklin,LB,LB,exact_name,100
2019,43583,4044430,STANFORD,24,Treyjohn Butler,Treyjohn Butler,CB,CB,exact_name,100
2019,43596,4045698,CHARLOTTE,2429,Robert Cheatem,Robert Cheatem,CB,DB,exact_name,100
2019,43597,4039915,TROY,2653,Jeremiah Jones,Jeremiah Jones,CB,DB,exact_name,100
2019,43601,4044100,UCONN,41,Kyle Williams,Kyle Williams,CB,DB,exact_name,100
2019,43609,4043892,FLORIDA,57,Nick Oelrich,Nick Oelrich,S,DB,exact_name,100
2019,43623,4038926,KENT STATE,2309,Miles Daniel,Miles Daniel,CB,CB,exact_name,100
2019,43625,3928908,KENTUCKY,96,Elijah Barnett,Elijah Barnett,ED,LB,exact_name,100
2019,43628,4048256,BOISE ST,68,Jabari Watson,Jabari Watson,ED,DT,exact_name,100
2019,43635,4037655,OKLAHOMA,201,Jon-Michael Terry,Jon-Michael Terry,ED,LB,exact_name,100
2019,43645,4033812,ILLINOIS,356,Jake Hansen,Jake Hansen,LB,LB,exact_name,100
2019,43646,4035613,FLORIDA ST,52,Kyle Meyers,Kyle Meyers,CB,DB,exact_name,100
2019,43661,4038569,E CAROLINA,151,Alex Turner,Alex Turner,DI,DL,exact_name,100
2019,43664,4040662,TULANE,2655,De'Andre Williams,De'Andre Williams,DI,NT,exact_name,100
2019,43665,4047740,BALL ST,2050,Jaylin Thomas,Jaylin Thomas,LB,LB,exact_name,100
2019,43671,4043900,FLORIDA,57,Tanner Rowell,Tanner Rowell,C,OL,exact_name,100
2019,43679,4039020,WASHINGTON,264,Levi Onwuzurike,Levi Onwuzurike,DI,DL,exact_name,100
2019,43698,4037502,CINCINNATI,2132,Perry Young,Perry Young,LB,LB,exact_name,100
2019,43700,4253121,N CAROLINA,153,Jonathan Smith,Jonathan Smith,LB,LB,exact_name,100
2019,43707,4044457,STANFORD,24,Anthony Trinh,Anthony Trinh,ED,LB,exact_name,100
2019,43708,4036038,DUKE,150,Jacob Morgenstern,Jacob Morgenstern,S,LB,exact_name,100
2019,43714,4037526,N CAROLINA,153,Tyrone Hopper,Tyrone Hopper,ED,DL,exact_name,100
2019,43718,4048234,BOISE ST,68,Bruno DeRose,Bruno DeRose,LB,LB,exact_name,100
2019,43726,4037332,CHARLOTTE,2429,Anthony Butler,Anthony Butler,ED,LB,exact_name,100
2019,43734,4044145,TEMPLE,218,Quincy Roche,Quincy Roche,ED,DL,exact_name,100
2019,43735,4035363,BOSTON COL,103,Bryce Morais,Bryce Morais,ED,DL,exact_name,100
2019,43739,4044059,CINCINNATI,2132,Marcus Brown,Marcus Brown,DI,DT,exact_name,100
2019,43743,4037491,CINCINNATI,2132,Elijah Ponder,Elijah Ponder,ED,DT,exact_name,100
2019,43745,4037317,GA TECH,59,Chris Martin,Chris Martin,DI,DL,exact_name,100
2019,43751,4048257,BOISE ST,68,Curtis Weaver,Curtis Weaver,ED,LB,exact_name,100
2019,43754,4036931,ARMY,349,Zach Potter,Zach Potter,P,P,exact_name,100
2019,43762,4035352,BOSTON COL,103,Brandon Barlow,Brandon Barlow,ED,DL,exact_name,100
2019,43763,4038562,E CAROLINA,151,Chance Purvis,Chance Purvis,ED,DL,exact_name,100
2019,43775,4039163,RICE,242,JaVante Hubbard,JaVante Hubbard,DI,DE,exact_name,100
2019,43781,4036145,IOWA,2294,Austin Schulte,Austin Schulte,DI,DL,exact_name,100
2019,43813,4035109,MISSOURI,142,Cale Garrett,Cale Garrett,LB,LB,exact_name,100
2019,43822,4035641,NWESTERN,77,Paddy Fisher,Paddy Fisher,LB,LB,exact_name,100
2019,43825,3886829,WASHINGTON,264,Myles Rice,Myles Rice,ED,LB,exact_name,100
2019,43826,4039099,OHIO,195,Xavior Motley,Xavior Motley,CB,CB,exact_name,100
2019,43827,4035274,VANDERBILT,238,Kenny Hebert,Kenny Hebert,ED,LB,exact_name,100
2019,43848,4038558,HOUSTON,248,Isaiah Chambers,Isaiah Chambers,ED,DL,exact_name,100
2019,43854,4036878,S JOSE ST,23,Terrell Townsend,Terrell Townsend,ED,DT,exact_name,100
2019,43856,4036959,ARMY,349,Cole Christiansen,Cole Christiansen,LB,LB,exact_name,100
2019,43863,4035012,GEORGIA,61,David Marshall,David Marshall,ED,LB,exact_name,100
2019,43868,4037516,N CAROLINA,153,Patrice Rene,Patrice Rene,CB,DB,exact_name,100
2019,43875,4039433,NAVY,2426,Tyler Pistorio,Tyler Pistorio,LB,LB,exact_name,100
2019,43883,4035495,AUBURN,2,Derrick Brown,Derrick Brown,DI,DT,exact_name,100
2019,43884,4044083,UCONN,41,AJ Garson,AJ Garson,ED,DL,exact_name,100
2019,43896,4038810,TULSA,202,JaJuan Blankenship,JaJuan Blankenship,DI,NT,exact_name,100
2019,43897,4035831,UCLA,26,Lokeni Toailoa,Lokeni Toailoa,LB,LB,exact_name,100
2019,43908,4044442,STANFORD,24,Bo Peek,Bo Peek,DI,DT,exact_name,100
2019,43913,3909420,APP STATE,2026,Joey Cave,Joey Cave,G,OL,exact_name,100
2019,43915,4035843,UCLA,26,Jake Burton,Jake Burton,T,OL,exact_name,100
2019,43918,4045701,CHARLOTTE,2429,Timmy Horne,Timmy Horne,DI,DT,exact_name,100
2019,43925,4039045,TEXAS,251,D'Andre Christmas-Giles,D'Andre Christmas-Giles,DI,DL,exact_name,100
2019,43930,4039672,TULSA,202,Shemarr Robinson,Shemarr Robinson,ED,DT,exact_name,100
2019,43934,4035658,NWESTERN,77,Alex Miller,Alex Miller,DI,DL,exact_name,100
2019,43938,4035401,BAYLOR,239,Jairon McVea,Jairon McVea,S,S,exact_name,100
2019,43941,4035442,LSU,99,Ray Thornton,Ray Thornton,ED,LB,exact_name,100
2019,43946,4035705,USC,30,Connor Murphy,Connor Murphy,ED,DL,exact_name,100
2019,43958,4048718,WYOMING,2751,Tyler Hall,Tyler Hall,CB,CB,exact_name,100
2019,43973,4037534,N CAROLINA,153,Nolan DeFranco,Nolan DeFranco,ED,DL,exact_name,100
2019,43980,4039520,TOLEDO,2649,David Hood,David Hood,DI,DT,exact_name,100
2019,43982,4035660,UTAH,254,Bradlee Anae,Bradlee Anae,ED,DE,exact_name,100
2019,43983,4035731,PURDUE,2509,Alex Criddle,Alex Criddle,G,OL,exact_name,100
2019,43985,4047766,LOUISVILLE,97,Gary McCrae,Gary McCrae,ED,DL,exact_name,100
2019,43989,4039098,OHIO,195,Ilyaas Motley,Ilyaas Motley,CB,CB,exact_name,100
2019,43990,4044060,CINCINNATI,2132,Joel Dublanko,Joel Dublanko,LB,LB,exact_name,100
2019,44002,4035039,UTAH ST,328,Jaylin Bannerman,Jaylin Bannerman,ED,DE,exact_name,100
2019,44012,4045172,PENN STATE,213,Daniel Joseph,Daniel Joseph,ED,DL,exact_name,100
2019,44013,4037132,SYRACUSE,183,Kenneth Ruff,Kenneth Ruff,DI,DL,exact_name,100
2019,44014,4035645,NWESTERN,77,Mark Gooden,Mark Gooden,ED,DE,exact_name,100
2019,44025,4042827,OREGON ST,204,Hamilcar Rashed,Hamilcar Rashed Jr.,ED,LB,exact_name,100
2019,44032,4039450,NAVY,2426,Dave Tolentino,Dave Tolentino,DI,DL,exact_name,100
2019,44035,4035299,OLE MISS,145,Benito Jones,Benito Jones,DI,DL,exact_name,100
2019,44042,4075170,UTSA,2636,Jarrod Carter-McLin,Jarrod Carter-McLin,ED,DE,exact_name,100
2019,44047,4046693,NOTRE DAME,87,Adetokunbo Ogundeji,Adetokunbo Ogundeji,ED,DL,exact_name,100
2019,44054,4036949,ARMY,349,Connor Slomka,Connor Slomka,FB,RB,exact_name,100
2019,44063,4036137,IOWA,2294,Amani Jones,Amani Jones,ED,LB,exact_name,100
2019,44064,4037470,MIAMI FL,2390,Shawn Walker,Shawn Walker,ED,DL,exact_name,100
2019,44078,4035621,FLORIDA ST,52,Emmett Rice,Emmett Rice,LB,LB,exact_name,100
2019,44080,4035393,BAYLOR,239,Koby Bullard,Koby Bullard,TE,FB,exact_name,100
2019,44081,4035044,KENTUCKY,96,T.J. Carter,T.J. Carter,ED,DE,exact_name,100
2019,44082,4039519,TOLEDO,2649,Willie Ross Jr.,Willie Ross Jr.,ED,DT,exact_name,100
2019,44086,4039447,NAVY,2426,Carter Bankston,Carter Bankston,ED,LB,exact_name,100
2019,44091,4046709,MICH STATE,127,Drew Beesley,Drew Beesley,ED,DE,exact_name,100
2019,44093,4040507,UTEP,2638,Sione Tupou,Sione Tupou,LB,LB,exact_name,100
2019,44094,4040919,FRESNO ST,278,Kevin Atkins,Kevin Atkins,DI,DT,exact_name,100
2019,44095,4035682,UTAH,254,Pita Tonga,Pita Tonga,DI,DL,exact_name,100
2019,44097,4044449,STANFORD,24,Thomas Schaffer,Thomas Schaffer,DI,DE,exact_name,100
2019,44099,4039462,NAVY,2426,Joe Goff,Joe Goff,T,OT,exact_name,100
2019,44103,4038997,MIAMI OH,193,Ben Kimpler,Ben Kimpler,ED,DL,exact_name,100
2019,44104,4035455,LSU,99,Glen Logan,Glen Logan,ED,DE,exact_name,100
2019,44116,4039511,TOLEDO,2649,Erik Davis,Erik Davis,LB,LB,exact_name,100
2019,44119,4039918,TROY,2653,Walter Pritchett,Walter Pritchett,FB,FB,exact_name,100
2019,44122,4043621,MARSHALL,276,Brandon Drayton,Brandon Drayton,S,S,exact_name,100
2019,44124,3926336,MARSHALL,276,Joey Maddox,Joey Maddox,DI,DL,exact_name,100
2019,44131,4044455,STANFORD,24,Jovan Swann,Jovan Swann,DI,DL,exact_name,100
2019,44132,4361361,OHIO STATE,194,Antwuan Jackson,Antwuan Jackson,DI,DT,exact_name,100
2019,44134,4038985,MIAMI OH,193,Cam Turner,Cam Turner,ED,DL,exact_name,100
2019,44152,4046690,NOTRE DAME,87,Julian Okwara,Julian Okwara,ED,DL,exact_name,100
2019,44156,4039600,S DIEGO ST,21,Kahi Neves,Kahi Neves,ED,DL,exact_name,100
2019,44160,4038430,OKLA STATE,197,Rodarius Williams,Rodarius Williams,CB,CB,exact_name,100
2019,44163,4035047,KENTUCKY,96,Kash Daniel,Kash Daniel,LB,LB,exact_name,100
2019,44173,4035590,ARKANSAS,8,Jonathan Marshall,Jonathan Marshall,DI,DL,exact_name,100
2019,44174,4042818,OREGON ST,204,Doug Taumoelau,Doug Taumoelau,LB,LB,exact_name,100
2019,44178,4035543,IOWA STATE,66,Tymar Sutton,Tymar Sutton,LB,LB,exact_name,100
2019,44181,4044084,UCONN,41,Ryan Gilmartin,Ryan Gilmartin,LB,LB,exact_name,100
2019,44185,4047560,UTSA,2636,Layton Garnett,Layton Garnett,LB,LB,exact_name,100
2019,44191,4035487,CLEMSON,228,Regan Upshaw,Regan Upshaw,ED,DE,exact_name,100
2019,44194,4042127,UCF,2116,Eric Mitchell,Eric Mitchell,LB,LB,exact_name,100
2019,44199,4034764,MINNESOTA,135,Thomas Barber,Thomas Barber,LB,LB,exact_name,100
2019,44200,4040498,UTEP,2638,Dylan Parsee,Dylan Parsee,LB,LB,exact_name,100
2019,44201,4040977,ALABAMA,333,Daniel Powell,Daniel Powell,TE,TE,exact_name,100
2019,44204,4035058,KENTUCKY,96,Kordell Looney,Kordell Looney,ED,DE,exact_name,100
2019,44209,4036018,LOUISVILLE,97,Derek Dorsey,Derek Dorsey,DI,DL,exact_name,100
2019,44210,4040505,UTEP,2638,Tiano Tialavea,Tiano Tialavea,DI,DT,exact_name,100
2019,44211,4035549,IOWA STATE,66,Noah Juergensen,Noah Juergensen,G,OL,exact_name,100
2019,44213,4039451,NAVY,2426,Marcus Edwards,Marcus Edwards,DI,DT,exact_name,100
2019,44214,4044140,TEMPLE,218,Karamo Dioubate,Karamo Dioubate,DI,DT,exact_name,100
2019,44218,4037451,MIAMI FL,2390,Pat Bethel,Pat Bethel,DI,DL,exact_name,100
2019,44219,4040480,UTEP,2638,Christian Buckingham,Christian Buckingham,TE,DL,exact_name,100
2019,44237,4036385,UTAH ST,328,Logan Lee,Logan Lee,TE,TE,exact_name,100
2019,44247,4039153,RICE,242,Dasharm Newsome,Dasharm Newsome,S,S,exact_name,100
2019,44259,4038716,RUTGERS,164,Rashawn Battle,Rashawn Battle,LB,LB,exact_name,100
2019,44263,4045720,CHARLOTTE,2429,Johnny Ray,Johnny Ray,DI,DL,exact_name,100
2019,44265,4033802,ILLINOIS,356,Dele Harding,Dele Harding,LB,LB,exact_name,100
2019,44278,4035461,CLEMSON,228,Brian Dawkins Jr.,Brian Dawkins Jr.,CB,CB,exact_name,100
2019,44280,4035283,VANDERBILT,238,Cameron Tidd,Cameron Tidd,DI,DL,exact_name,100
2019,44281,4040491,UTEP,2638,Christian Johnson,Christian Johnson,ED,DE,exact_name,100
2019,44287,4046688,NOTRE DAME,87,Jamir Jones,Jamir Jones,ED,DL,exact_name,100
2019,44292,4035070,KENTUCKY,96,Drew Schlegel,Drew Schlegel,TE,FB,exact_name,100
2019,44293,4037133,KENT STATE,2309,Adam Dulka,Adam Dulka,TE,TE,exact_name,100
2019,44299,4035279,VANDERBILT,238,Andre Mintze,Andre Mintze,ED,LB,exact_name,100
2019,44312,4038933,KENT STATE,2309,Matt Bell,Matt Bell,DI,DL,exact_name,100
2019,44324,4039622,ARIZONA,12,Lee Anderson III,Lee Anderson III,ED,DE,exact_name,100
2019,44326,4035619,FLORIDA ST,52,Josh Brown,Josh Brown,ED,LB,exact_name,100
2019,44328,4039308,WISCONSIN,275,Collin Wilder,Collin Wilder,S,S,exact_name,100
2019,44329,4035300,OLE MISS,145,Charles Wiley,Charles Wiley,ED,LB,exact_name,100
2019,44330,4036925,ARMY,349,Jaylon McClinton,Jaylon McClinton,S,DB,exact_name,100
2019,44332,4040483,UTEP,2638,Denzel Chukwukelu,Denzel Chukwukelu,ED,DT,exact_name,100
2019,44340,4035730,PURDUE,2509,Semisi Fakasiieiki,Semisi Fakasiieiki,LB,LB,exact_name,100
2019,44342,4044090,UCONN,41,Andrew Migliaccio,Andrew Migliaccio,DI,DL,exact_name,100
2019,44350,4056046,UNLV,2439,Jamal Holloway,Jamal Holloway,ED,DL,exact_name,100
2019,44355,4048699,UTAH ST,328,Ritisoni Fata,Ritisoni Fata,DI,DL,exact_name,100
2019,44356,4035269,VANDERBILT,238,Drew Birchmeier,Drew Birchmeier,DI,OL,exact_name,100
2019,44358,4035683,UTAH,254,Maxs Tupai,Maxs Tupai,ED,DE,exact_name,100
2019,44360,4035484,CLEMSON,228,Nyles Pinckney,Nyles Pinckney,DI,DL,exact_name,100
2019,44361,4047667,OLE MISS,145,Josiah Coatney,Josiah Coatney,DI,DT,exact_name,100
2019,44363,4046716,MICH STATE,127,Naquan Jones,Naquan Jones,DI,DT,exact_name,100
2019,44365,4035659,NWESTERN,77,Jake Saunders,Jake Saunders,DI,DL,exact_name,100
2019,44369,4035708,ILLINOIS,356,Oluwole Betiku Jr.,Oluwole Betiku Jr.,ED,OLB,exact_name,100
2019,44370,4036894,UNLV,2439,Jalil Briley,Jalil Briley,DI,DL,exact_name,100
2019,44382,4037467,MIAMI FL,2390,Michael Pinckney,Michael Pinckney,LB,LB,exact_name,100
2019,44385,4033819,ILLINOIS,356,Tymir Oliver,Tymir Oliver,DI,DL,exact_name,100
2019,44387,4040539,TEXAS ST,326,Hal Vinson,Hal Vinson,ED,DL,exact_name,100
2019,44393,4035249,TEXAS A&M,245,Braden White,Braden White,LB,LB,exact_name,100
2019,44405,4241962,UTAH,254,Mufi Hill-Hunt,Mufi Hill-Hunt,TE,TE,exact_name,100
2019,44406,4043147,TEXAS TECH,2641,Houston Miller,Houston Miller,DI,DL,exact_name,100
2019,44410,4048150,APP STATE,2026,Caleb Spurlin,Caleb Spurlin,DI,DL,exact_name,100
2019,44413,4035706,USC,30,Liam Jimmons,Liam Jimmons,G,OL,exact_name,100
2019,44416,4035798,WISCONSIN,275,Isaiahh Loudermilk,Isaiahh Loudermilk,DI,DE,exact_name,100
2019,44422,4039680,TULSA,202,Tyarise Stevenson,Tyarise Stevenson,DI,DL,exact_name,100
2019,44428,4035836,UCLA,26,Boss Tagaloa,Boss Tagaloa,C,OL,exact_name,100
2019,44430,4038561,E CAROLINA,151,Jalen Price,Jalen Price,DI,DL,exact_name,100
2019,44437,4037142,SYRACUSE,183,Josh Black,Josh Black,DI,DL,exact_name,100
2019,44440,4036924,ARMY,349,Elijah Riley,Elijah Riley,CB,DB,exact_name,100
2019,44443,4038534,TCU,2628,Innis Gaines,Innis Gaines,S,S,exact_name,100
2019,44449,3909116,INDIANA,84,Gavin Everett,Gavin Everett,ED,DL,exact_name,100
2019,44452,4039601,UTSA,2636,Antonio Parks,Antonio Parks,CB,S,exact_name,100
2019,44467,4035338,BOSTON COL,103,Adam Korutz,Adam Korutz,G,OL,exact_name,100
2019,44473,4038987,MIAMI OH,193,Doug Costin,Doug Costin,DI,DL,exact_name,100
2019,44486,4034767,MINNESOTA,135,Tai'yon Devers,Tai'yon Devers,ED,DL,exact_name,100
2019,44492,4048701,UTAH ST,328,Mohelika Uasike,Mohelika Uasike,G,?,exact_name,100
2019,44498,4039170,RICE,242,Elijah Garcia,Elijah Garcia,DI,DL,exact_name,100
2019,44501,4035453,LSU,99,Andre Anthony,Andre Anthony,ED,LB,exact_name,100
2019,44503,4035046,AKRON,2006,Ja'Quize Cross,Ja'Quize Cross,DI,DL,exact_name,100
2019,44504,4036852,S JOSE ST,23,Cameron Alexander,Cameron Alexander,DI,DE,exact_name,100
2019,44505,4035397,SMU,2567,Will Jones,Will Jones,DI,DT,exact_name,100
2019,44511,4048240,BOISE ST,68,Chase Hatada,Chase Hatada,ED,DT,exact_name,100
2019,44512,4360784,APP STATE,2026,Baer Hunter,Baer Hunter,G,OL,exact_name,100
2019,44515,4035452,LSU,99,Rashard Lawrence,Rashard Lawrence,DI,DL,exact_name,100
2019,44521,4036138,IOWA,2294,Cedrick Lattimore,Cedrick Lattimore,DI,DL,exact_name,100
2019,44525,4036077,PITTSBURGH,221,Rashad Wheeler,Rashad Wheeler,FB,OL,exact_name,100
2019,44526,4038557,TCU,2628,Ross Blacklock,Ross Blacklock,DI,DT,exact_name,100
2019,44529,4056048,UNLV,2439,Rodney Jones,Rodney Jones,ED,DL,exact_name,100
2019,44530,4037381,MIDDLE TN,2393,Ty Nix,Ty Nix,DI,DT,exact_name,100
2019,44533,4039518,TOLEDO,2649,Edrick Mathews,Edrick Mathews,DI,DT,exact_name,100
2019,44549,4033824,ILLINOIS,356,Kenyon Jackson,Kenyon Jackson,DI,DL,exact_name,100
2019,44557,4043641,MARSHALL,276,Channing Hames,Channing Hames,DI,DL,exact_name,100
2019,44558,4047458,AUBURN,2,Nick Coe,Nick Coe,ED,DE,exact_name,100
2019,44559,4037474,CINCINNATI,2132,Curtis Brooks,Curtis Brooks,DI,DT,exact_name,100
2019,44563,4035117,MISSOURI,142,Tre Williams,Tre Williams,ED,DL,exact_name,100
2019,44565,4039411,NEW MEXICO,167,Nahje Flowers,Nahje Flowers,DI,DL,exact_name,100
2019,44569,4036798,NEVADA,2440,Kameron Toomer,Kameron Toomer,ED,DE,exact_name,100
2019,44574,4047914,VIRGINIA,258,Nash Griffin,Nash Griffin,WR,P,exact_name,100
2019,44578,4035561,IOWA STATE,66,Jamahl Johnson,Jamahl Johnson,DI,DL,exact_name,100
2019,44580,4035278,ARKANSAS,8,Sam Loy,Sam Loy,P,P,exact_name,100
2019,44582,4040965,ALABAMA,333,Raekwon Davis,Raekwon Davis,DI,DL,exact_name,100
2019,44607,4048700,UTAH ST,328,Jake Pitcher,Jake Pitcher,ED,DL,exact_name,100
2019,44612,4039448,NAVY,2426,Nizaire Cromartie,Nizaire Cromartie,ED,LB,exact_name,100
2019,44613,4036331,BOISE ST,68,Sonatane Lui,Sonatane Lui,DI,NT,exact_name,100
2019,44614,4035666,UTAH,254,Leki Fotu,Leki Fotu,DI,DT,exact_name,100
2019,44617,4037382,MIDDLE TN,2393,Rakavian Poydras,Rakavian Poydras,DI,DT,exact_name,100
2019,44622,4037143,SYRACUSE,183,McKinley Williams,McKinley Williams,DI,DL,exact_name,100
2019,44623,4036362,COLO STATE,36,Toby McBride,Toby McBride,DI,DL,exact_name,100
2019,44629,4039939,TROY,2653,Cameron Kaye,Cameron Kaye,LS,LS,exact_name,100
2019,44649,4036130,IOWA,2294,Keith Duncan,Keith Duncan,K,PK,exact_name,100
2019,44664,4035239,TEXAS A&M,245,Braden Mann,Braden Mann,P,P,exact_name,100
2019,44692,4046543,MICHIGAN,130,Camaron Cheeseman,Camaron Cheeseman,LS,LS,exact_name,100
2019,44712,4040825,BUFFALO,2084,Theo Anderson,Theo Anderson,HB,RB,exact_name,100
2019,44722,3932336,UTAH,254,Francis Bernard,Francis Bernard,LB,LB,exact_name,100
2019,44739,4036042,DUKE,150,Ben Wyatt,Ben Wyatt,LS,LS,exact_name,100
2019,44757,4046707,MICH STATE,127,AJ Arcuri,AJ Arcuri,T,OT,exact_name,100
2019,44787,4040607,OHIO STATE,194,Drue Chrisman,Drue Chrisman,P,P,exact_name,100
2019,44807,4043640,MARSHALL,276,Matt Beardall,Matt Beardall,C,LS,exact_name,100
2019,44819,4040846,BUFFALO,2084,Zac Lefebvre,Zac Lefebvre,TE,TE,exact_name,100
2019,44820,4035518,AUBURN,2,Prince Tega Wanogho,Prince Tega Wanogho,T,OL,exact_name,100
2019,44829,3122413,OKLAHOMA,201,Nick Basquine,Nick Basquine,WR,WR,exact_name,100
2019,44835,4035642,NWESTERN,77,Tyler Gillikin,Tyler Gillikin,LS,LS,exact_name,100
2019,44882,4040847,BUFFALO,2084,Jake Fuzak,Jake Fuzak,T,OL,exact_name,100
2019,44898,4035515,AUBURN,2,Clarke Smith,Clarke Smith,LS,LS,exact_name,100
2019,44909,4040842,BUFFALO,2084,Kayode Awosika,Kayode Awosika,T,OL,exact_name,100
2019,44923,4044102,PURDUE,2509,Nick Zecchino,Nick Zecchino,LS,LS,exact_name,100
2019,44930,4043144,TEXAS TECH,2641,Connor Killian,Connor Killian,TE,TE,exact_name,100
2019,44933,4040911,FRESNO ST,278,Jacob Westberry,Jacob Westberry,C,LS,exact_name,100
2019,44935,4047756,UTAH,254,Keegan Markgraf,Keegan Markgraf,LS,LS,exact_name,100
2019,44945,4039930,TROY,2653,Tyler Sumpter,Tyler Sumpter,K,PK,exact_name,100
2019,44957,4039416,NAVY,2426,Noruwa Obanor,Noruwa Obanor,S,S,exact_name,100
2019,44966,4241875,SMU,2567,Luke Hogan,Luke Hogan,WR,PK,exact_name,100
2019,44994,4078374,BOWL GREEN,189,Matt Naranjo,Matt Naranjo,P,P,exact_name,100
2019,45017,4037423,DOMINION,295,Bailey Cate,Bailey Cate,P,P,exact_name,100
2019,45020,4040548,TEXAS ST,326,Justin Warner,Justin Warner,LS,LS,exact_name,100
2019,45044,3939986,NEW MEXICO,167,Javohn Jones,Javohn Jones,HB,RB,exact_name,100
2019,45052,4047815,PURDUE,2509,J.D. Dellinger,J.D. Dellinger,K,PK,exact_name,100
2019,45060,4040835,BUFFALO,2084,Jake Molinich,Jake Molinich,TE,TE,exact_name,100
2019,45085,4051207,CHARLOTTE,2429,Jack Wellenhofer,Jack Wellenhofer,LS,LS,exact_name,100
2019,45097,4040844,BUFFALO,2084,Jack Klenk,Jack Klenk,G,OL,exact_name,100
2019,45119,4045294,INDIANA,84,Cole Gest,Cole Gest,HB,RB,exact_name,100
2019,45122,3928909,KENTUCKY,96,Blake Best,Blake Best,LS,LS,exact_name,100
2019,45131,4035473,CLEMSON,228,Will Spiers,Will Spiers,P,P,exact_name,100
2019,45132,4053807,GEORGIA,61,Koby Pyrz,Koby Pyrz,G,OL,exact_name,100
2019,45137,4033815,TOLEDO,2649,Sean Mills,Sean Mills,LS,LS,exact_name,100
2019,45148,4034834,NEBRASKA,158,Isaac Armstrong,Isaac Armstrong,P,P,exact_name,100
2019,45154,4040838,BUFFALO,2084,Austin Kunick,Austin Kunick,G,OL,exact_name,100
2019,45181,4035098,MISSOURI,142,Tucker McCann,Tucker McCann,K,PK,exact_name,100
2019,45186,3916853,ARMY,349,Scott Flanick,Scott Flanick,LS,LS,exact_name,100
2019,45192,4044147,BOSTON COL,103,Aaron Boumerhi,Aaron Boumerhi,ST,PK,exact_name,100
2019,45197,4040832,BUFFALO,2084,Tyrone Hill Jr.,Tyrone Hill,S,DB,exact_name,100
2019,45208,4040829,BUFFALO,2084,Justin Mulbah,Justin Mulbah,LB,LB,exact_name,100
2019,45230,4046747,BOWL GREEN,189,Gabe Skrobot,Gabe Skrobot,LS,LS,exact_name,100
2019,45232,4035475,CLEMSON,228,Patrick Phibbs,Patrick Phibbs,LS,LS,exact_name,100
2019,45244,4035406,BAYLOR,239,Thor Rodoni,Thor Rodoni,LS,LS,exact_name,100
2019,45248,4036827,S DIEGO ST,21,Kaelin Himphill,Kaelin Himphill,LB,LB,exact_name,100
2019,45255,4035663,UTAH,254,Terrell Burgess,Terrell Burgess,S,DB,exact_name,100
2019,45257,4039662,TULSA,202,Keenen Johnson,Keenen Johnson,WR,WR,exact_name,100
2019,45277,4044174,HOUSTON,248,Nick Wildberger,Nick Wildberger,LS,LS,exact_name,100
2019,45279,4038934,KENT STATE,2309,Derek Adams,Derek Adams,HB,P,exact_name,100
2019,45281,4040831,BUFFALO,2084,Kadofi Wright,Kadofi Wright,LB,LB,exact_name,100
2019,45282,3914624,HOUSTON,248,Jordan Milburn,Jordan Milburn,LB,LB,exact_name,100
2019,45284,4040839,BUFFALO,2084,Tomas Jack-Kurdyla,Tomas Jack-Kurdyla,G,OL,exact_name,100
2019,45291,4062810,HOUSTON,248,Chandler Smith,Chandler Smith,HB,RB,exact_name,100
2019,45299,4036057,PITTSBURGH,221,Brandon Ford,Brandon Ford,G,OL,exact_name,100
2019,45322,4035904,KANSAS,2305,Malik Clark,Malik Clark,G,OL,exact_name,100
2019,45326,4040613,OHIO STATE,194,Jordan Fuller,Jordan Fuller,S,S,exact_name,100
2019,45340,4040692,UTSA,2636,DeQuarius Henry,DeQuarius Henry,ED,LB,exact_name,100
2019,45389,3914446,MIDDLE TN,2393,Ruben Garnett,Ruben Garnett,WR,WR,exact_name,100
2019,45394,4054959,ARIZONA,12,Jon Jacobs,Jon Jacobs,G,OL,exact_name,100
2019,45414,4066109,IOWA STATE,66,Eyioma Uwazurike,Eyioma Uwazurike,ED,DE,exact_name,100
2019,45419,4046557,KANSAS,2305,Hakeem Adeniji,Hakeem Adeniji,T,OL,exact_name,100
2019,45464,4045161,TEXAS TECH,2641,Zech McPhearson,Zech McPhearson,CB,DB,exact_name,100
2019,45466,4049443,KENT STATE,2309,Joey Palumbo,Joey Palumbo,C,LS,exact_name,100
2019,45468,4074195,OHIO,195,Jarren Hampton,Jarren Hampton,S,S,exact_name,100
2019,45471,4039091,OHIO,195,Keevon Harris,Keevon Harris,WR,WR,exact_name,100
2019,45501,4048778,UTSA,2636,Hunter Duplessis,Hunter Duplessis,K,PK,exact_name,100
2019,45507,4040703,UTSA,2636,Eric Banks,Eric Banks,ED,DE,exact_name,100
2019,45514,4040711,WISCONSIN,275,Christian Bell,Christian Bell,ED,LB,exact_name,100
2019,45533,4040685,UTSA,2636,Teddrick McGhee,Teddrick McGhee,CB,CB,exact_name,100
2019,45534,4040705,UTSA,2636,Solomon Wise,Solomon Wise,ED,LB,exact_name,100
2019,45544,4040701,UTSA,2636,Jacob Graner,Jacob Graner,G,OL,exact_name,100
2019,45560,3722374,BOISE ST,68,Garrett Larson,Garrett Larson,C,OL,exact_name,100
2019,45581,3919605,OKLA STATE,197,Johnny Wilson,Johnny Wilson,C,OL,exact_name,100
2019,45593,3913303,BOSTON COL,103,Dwayne Scott,Dwayne Scott,G,OL,exact_name,100
2019,45596,4570466,FRESNO ST,278,Juan Rodriguez,Juan Rodriguez,TE,TE,exact_name,100
2019,45632,3922177,TROY,2653,Zacc Weldon,Zacc Weldon,FB,FB,exact_name,100
2019,45636,3914587,UTSA,2636,Halen Steward,Halen Steward,TE,RB,exact_name,100
2019,45644,4035824,SMU,2567,Brandon Stephens,Brandon Stephens,CB,DB,exact_name,100
2019,45657,3931446,OREGON ST,204,Nathan Eldridge,Nathan Eldridge,C,OL,exact_name,100
2019,45718,4575618,DOMINION,295,Robert Washington,Robert Washington,HB,RB,exact_name,100
2019,45722,4039906,TROY,2653,Jabir Daughtry-Frye,Jabir Daughtry-Frye,HB,RB,exact_name,100
2019,45742,3916209,SMU,2567,Xavier Jones,Xavier Jones,HB,RB,exact_name,100
2019,45744,3918013,PURDUE,2509,Richie Worship,Richie Worship,FB,RB,exact_name,100
2019,45749,4042808,OREGON ST,204,Artavis Pierce,Artavis Pierce,HB,RB,exact_name,100
2019,45767,4038539,TCU,2628,Sewo Olonilua,Sewo Olonilua,HB,RB,exact_name,100
2019,45821,4036218,MARYLAND,120,Lorenzo Harrison III,Lorenzo Harrison III,HB,RB,exact_name,100
2019,45824,4048102,TEXAS TECH,2641,Armand Shyne,Armand Shyne,HB,RB,exact_name,100
2019,45835,4036224,MARYLAND,120,Jake Funk,Jake Funk,HB,RB,exact_name,100
2019,45836,3915459,KANSAS ST,2306,James Gilbert,James Gilbert,HB,RB,exact_name,100
2019,45849,4046729,SMU,2567,Ke'Mon Freeman,Ke'Mon Freeman,HB,RB,exact_name,100
2019,45866,3917612,VANDERBILT,238,Ke'Shawn Vaughn,Ke'Shawn Vaughn,HB,RB,exact_name,100
2019,45871,4050287,LA MONROE,2433,Austin Vaughn,Austin Vaughn,HB,RB,exact_name,100
2019,45900,3915457,BALL ST,2050,Malik Dunner,Malik Dunner,WR,WR,exact_name,100
2019,45901,3915824,TULANE,2655,Corey Dauphine,Corey Dauphine,HB,RB,exact_name,100
2019,45909,3912548,USC,30,Dominic Davis,Dominic Davis,HB,CB,exact_name,100
2019,45957,4036942,ARMY,349,Kell Walker,Kell Walker,FB,RB,exact_name,100
2019,45958,4038533,TCU,2628,Darius Anderson,Darius Anderson,HB,RB,exact_name,100
2019,45980,3917812,GA TECH,59,Nathan Cottrell,Nathan Cottrell,HB,RB,exact_name,100
2019,46014,4040537,TEXAS ST,326,Aaron Brewer,Aaron Brewer,T,OL,exact_name,100
2019,46078,4035252,TEXAS A&M,245,Colton Prater,Colton Prater,C,OL,exact_name,100
2019,46125,3923403,TEMPLE,218,Jovahn Fair,Jovahn Fair,G,OL,exact_name,100
2019,46149,4039921,TROY,2653,Tristan Crowder,Tristan Crowder,G,OL,exact_name,100
2019,46179,3921936,UCONN,41,Matt Peart,Matt Peart,T,OL,exact_name,100
2019,46183,3859131,OREGON,2483,Dallas Warmack,Dallas Warmack,G,OL,exact_name,100
2019,46187,3919606,OKLA STATE,197,Marcus Keyes,Marcus Keyes,G,OL,exact_name,100
2019,46201,3676763,TCU,2628,Cordel Iwuagwu,Cordel Iwuagwu,G,G,exact_name,100
2019,46202,3917866,BOSTON COL,103,Hayden Mahoney,Hayden Mahoney,T,OL,exact_name,100
2019,46205,3917952,IOWA STATE,66,Bryce Meeker,Bryce Meeker,T,OL,exact_name,100
2019,46228,3915392,USC,30,Drew Richmond,Drew Richmond,T,OT,exact_name,100
2019,46229,3914277,CHARLOTTE,2429,Cameron Clark,Cameron Clark,T,OL,exact_name,100
2019,46235,4045302,INDIANA,84,Coy Cronk,Coy Cronk,T,OL,exact_name,100
2019,46282,3930270,OREGON ST,204,Blake Brandel,Blake Brandel,T,OL,exact_name,100
2019,46310,3886808,WASHINGTON,264,Trey Adams,Trey Adams,T,OL,exact_name,100
2019,46314,3918416,TROY,2653,Kirk Kelley,Kirk Kelley,G,OL,exact_name,100
2019,46352,3914862,S JOSE ST,23,Troy Kowalski,Troy Kowalski,G,OL,exact_name,100
2019,46366,3676896,TCU,2628,David Bolisomi,David Bolisomi,T,OT,exact_name,100
2019,46384,3915879,UTEP,2638,Kavika Johnson,Kavika Johnson,WR,WR,exact_name,100
2019,46388,4038758,AKRON,2006,Trevor Brown,Trevor Brown,T,OL,exact_name,100
2019,46391,3925361,ALABAMA,333,Matt Womack,Matt Womack,G,OL,exact_name,100
2019,46444,4035003,WASHINGTON,264,Jacob Eason,Jacob Eason,QB,QB,exact_name,100
2019,46445,4040640,TULANE,2655,Darius Bradwell,Darius Bradwell,HB,RB,exact_name,100
2019,46448,4035671,UTAH,254,Tyler Huntley,Tyler Huntley,QB,QB,exact_name,100
2019,46465,3915436,COLORADO,38,Steven Montez,Steven Montez,QB,QB,exact_name,100
2019,46466,3791146,PURDUE,2509,Elijah Sindelar,Elijah Sindelar,QB,QB,exact_name,100
2019,46494,4039910,TROY,2653,Kaleb Barker,Kaleb Barker,QB,QB,exact_name,100
2019,46505,4039901,KENTUCKY,96,Sawyer Smith,Sawyer Smith,QB,QB,exact_name,100
2019,46511,4036210,MARYLAND,120,Tyrrell Pigrome,Tyrrell Pigrome,QB,QB,exact_name,100
2019,46513,4039436,NAVY,2426,Malcolm Perry,Malcolm Perry,HB,QB,exact_name,100
2019,46541,-1014507,IOWA STATE,66,John Kolar,John Kolar,QB,QB,exact_name,100
2019,46552,3917848,CHARLOTTE,2429,Evan Shirreffs,Evan Shirreffs,QB,QB,exact_name,100
2019,46557,4038520,E CAROLINA,151,Reid Herring,Reid Herring,QB,QB,exact_name,100
2019,46564,3861927,PITTSBURGH,221,Jeff George Jr.,Jeff George Jr.,WR,QB,exact_name,100
2019,46591,3923382,CHARLOTTE,2429,Brett Kean,Brett Kean,QB,QB,exact_name,100
2019,46595,3916208,ARKANSAS,8,Ben Hicks,Ben Hicks,QB,QB,exact_name,100
2019,46683,3139479,HOUSTON,248,Justin Murphy,Justin Murphy,G,OL,exact_name,100
2019,46752,4039016,WASHINGTON,264,Nick Harris,Nick Harris,C,OL,exact_name,100
2019,46756,4036232,MARYLAND,120,Terrance Davis,Terrance Davis,G,OL,exact_name,100
2019,46773,3929794,INDIANA,84,Simon Stepaniak,Simon Stepaniak,G,OL,exact_name,100
2019,46774,3929790,INDIANA,84,DaVondre Love,DaVondre Love,T,OL,exact_name,100
2019,46802,3916468,SYRACUSE,183,Evan Adams,Evan Adams,G,OL,exact_name,100
2019,46811,3915414,MARYLAND,120,Ellis McKennie,Ellis McKennie,C,OL,exact_name,100
2019,46813,3859007,TENNESSEE,2633,Brandon Kennedy,Brandon Kennedy,C,OL,exact_name,100
2019,46844,3930083,OLE MISS,145,Alex Givens,Alex Givens,T,OL,exact_name,100
2019,46896,3128315,MARYLAND,120,Sean Christie,Sean Christie,G,OL,exact_name,100
2019,46916,3894846,IOWA,2294,Levi Paulsen,Levi Paulsen,T,OL,exact_name,100
2019,46921,3722375,BOISE ST,68,John Molchon,John Molchon,G,OL,exact_name,100
2019,46926,3918005,PURDUE,2509,Matt McCann,Matt McCann,G,OL,exact_name,100
2019,46927,3915339,MIAMI OH,193,Sam Murrer,Sam Murrer,DI,DL,exact_name,100
2019,46971,3915819,TEXAS TECH,2641,Madison Akamnonu,Madison Akamnonu,G,OL,exact_name,100
2019,46974,3917021,TULSA,202,Chris Ivy Jr.,Chris Ivy Jr.,T,OT,exact_name,100
2019,47004,4038552,TCU,2628,Lucas Niang,Lucas Niang,T,OT,exact_name,100
2019,47017,3728247,BAYLOR,239,Jake Fruhmorgen,Jake Fruhmorgen,C,OL,exact_name,100
2019,47034,3914151,CINCINNATI,2132,Josiah Deguara,Josiah Deguara,TE,TE,exact_name,100
2019,47044,3895835,N CAROLINA,153,Jake Bargas,Jake Bargas,TE,TE,exact_name,100
2019,47052,3918654,SYRACUSE,183,Ryan Alexander,Ryan Alexander,T,OL,exact_name,100
2019,47060,3916823,ARMY,349,Zach Saum,Zach Saum,T,TE,exact_name,100
2019,47062,3918010,UTEP,2638,Jess Trussell,Jess Trussell,TE,TE,exact_name,100
2019,47108,3918312,WYOMING,2751,Josh Harshman,Josh Harshman,TE,TE,exact_name,100
2019,47126,3917614,ILLINOIS,356,Caleb Reams,Caleb Reams,WR,WR,exact_name,100
2019,47165,3895833,N CAROLINA,153,Carl Tucker,Carl Tucker,TE,TE,exact_name,100
2019,47166,3722368,BOISE ST,68,Matt Pistone,Matt Pistone,TE,TE,exact_name,100
2019,47191,4036189,LSU,99,Thaddeus Moss,Thaddeus Moss,TE,TE,exact_name,100
2019,47214,3915772,VANDERBILT,238,Jared Pinkney,Jared Pinkney,TE,TE,exact_name,100
2019,47251,3915307,BOSTON COL,103,Chris Garrison,Chris Garrison,TE,TE,exact_name,100
2019,47282,3930298,OREGON ST,204,Noah Togiai,Noah Togiai,TE,TE,exact_name,100
2019,47286,3915400,GEORGIA,61,Eli Wolf,Eli Wolf,TE,TE,exact_name,100
2019,47305,3929797,BOWL GREEN,189,Austin Dorris,Austin Dorris,TE,TE,exact_name,100
2019,47312,3929953,DOMINION,295,Chris Cunningham,Chris Cunningham,TE,TE,exact_name,100
2019,47316,3928936,BAYLOR,239,Sam Tecklenburg,Sam Tecklenburg,G,OL,exact_name,100
2019,47338,3918003,PURDUE,2509,Brycen Hopkins,Brycen Hopkins,TE,TE,exact_name,100
2019,47339,3915470,BALL ST,2050,Danny Pinter,Danny Pinter,T,OL,exact_name,100
2019,47348,4039553,SMU,2567,Ryan Becker,Ryan Becker,TE,TE,exact_name,100
2019,47378,4040714,ALABAMA,333,Miller Forristall,Miller Forristall,TE,TE,exact_name,100
2019,47379,4038995,MIAMI OH,193,Quentin Hardy,Quentin Hardy,TE,TE,exact_name,100
2019,47396,4035770,WISCONSIN,275,Jack Dunn,Jack Dunn,WR,WR,exact_name,100
2019,47401,3728271,MINNESOTA,135,Bryce Witham,Bryce Witham,TE,TE,exact_name,100
2019,47408,3915473,BALL ST,2050,Kyle Schrank,Kyle Schrank,TE,TE,exact_name,100
2019,47412,3675550,ARIZONA ST,9,Tommy Hudson,Tommy Hudson,TE,TE,exact_name,100
2019,47413,3914549,DOMINION,295,Kesean Strong,Kesean Strong,HB,RB,exact_name,100
2019,47447,3930066,FLORIDA,57,Van Jefferson,Van Jefferson,WR,WR,exact_name,100
2019,47457,3722361,BOISE ST,68,Akilian Butler,Akilian Butler,WR,WR,exact_name,100
2019,47479,3917916,VIRGINIA,258,Tanner Cowley,Tanner Cowley,TE,TE,exact_name,100
2019,47491,3700890,NC STATE,152,Tabari Hines,Tabari Hines,WR,WR,exact_name,100
2019,47493,3916927,AUBURN,2,Will Hastings,Will Hastings,WR,WR,exact_name,100
2019,47495,4035524,IOWA STATE,66,Deshaunte Jones,Deshaunte Jones,WR,WR,exact_name,100
2019,47501,3863893,NEBRASKA,158,Kanawai Noa,Kanawai Noa,WR,WR,exact_name,100
2019,47502,3886822,WASHINGTON,264,Chico McClatcher,Chico McClatcher,WR,WR,exact_name,100
2019,47537,4039000,WASHINGTON,264,Aaron Fuller,Aaron Fuller,WR,WR,exact_name,100
2019,47553,4035680,UTAH,254,Demari Simpkins,Demari Simpkins,WR,WR,exact_name,100
2019,47570,3128359,BAYLOR,239,Chris Platt,Chris Platt,WR,WR,exact_name,100
2019,47583,3116684,LOUISVILLE,97,Thomas Jackson,Thomas Jackson,WR,WR,exact_name,100
2019,47615,3895431,MEMPHIS,235,Traveon Samuel,Traveon Samuel,WR,WR,exact_name,100
2019,47621,3892773,BAYLOR,239,Blake Lynch,Blake Lynch,LB,LB,exact_name,100
2019,47624,3916213,SMU,2567,Myron Gailliard,Myron Gailliard,WR,WR,exact_name,100
2019,47648,3932906,TOLEDO,2649,Danzel McKinley-Lewis,Danzel McKinley-Lewis,WR,WR,exact_name,100
2019,47660,4035171,TENNESSEE,2633,Tyler Byrd,Tyler Byrd,WR,WR,exact_name,100
2019,47663,4036211,MARYLAND,120,DJ Turner,DJ Turner,WR,WR,exact_name,100
2019,47668,3919609,TULANE,2655,Jalen McCleskey,Jalen McCleskey,WR,WR,exact_name,100
2019,47728,4037124,SYRACUSE,183,Sean Riley,Sean Riley,WR,WR,exact_name,100
2019,47740,4043087,BOWL GREEN,189,Isaiah Johnson-Mack,Isaiah Johnson-Mack,ED,LB,exact_name,100
2019,47743,3914240,GA TECH,59,Tyler Davis,Tyler Davis,TE,TE,exact_name,100
2019,47760,3915289,BOSTON COL,103,Ben Glines,Ben Glines,WR,RB,exact_name,100
2019,47770,3915836,TEXAS TECH,2641,Donta Thompson,Donta Thompson,TE,TE,exact_name,100
2019,47800,4035403,BAYLOR,239,Denzel Mims,Denzel Mims,WR,WR,exact_name,100
2019,47802,4049787,OKLA STATE,197,Jordan McCray,Jordan McCray,WR,WR,exact_name,100
2019,47808,4039043,TEXAS,251,Collin Johnson,Collin Johnson,WR,WR,exact_name,100
2019,47838,3895797,PITTSBURGH,221,Tre Tipton,Tre Tipton,WR,WR,exact_name,100
2019,47850,3929844,TEXAS,251,John Burt,John Burt,WR,WR,exact_name,100
2019,47863,4035493,COLO STATE,36,Nate Craig-Myers,Nate Craig-Myers,WR,WR,exact_name,100
2019,47901,3886809,WASHINGTON,264,Andre Baccellia,Andre Baccellia,WR,WR,exact_name,100
2019,47904,3921681,S JOSE ST,23,Bailey Gaither,Bailey Gaither,WR,WR,exact_name,100
2019,47922,4036354,COLO STATE,36,Anthony Hawkins,Anthony Hawkins,CB,CB,exact_name,100
2019,47963,3916417,LOUISVILLE,97,Devante Peete,Devante Peete,WR,WR,exact_name,100
2019,47965,3886827,WASHINGTON,264,Quinten Pounds,Quinten Pounds,WR,WR,exact_name,100
2019,48027,3886598,TENNESSEE,2633,Jauan Jennings,Jauan Jennings,WR,WR,exact_name,100
2019,48031,3918230,LA MONROE,2433,Xavier Brown,Xavier Brown,WR,WR,exact_name,100
2019,48034,3917228,FLORIDA ST,52,Tyrell Moorer,Tyrell Moorer,WR,WR,exact_name,100
2019,48037,3916204,SMU,2567,James Proche II,James Proche,WR,WR,exact_name,100
2019,48054,246044,MINNESOTA,135,Tyler Johnson,Tyler Johnson,WR,WR,exact_name,100
2019,48121,3929786,INDIANA,84,Donavan Hale,Donavan Hale,WR,WR,exact_name,100
2019,48123,4036155,IOWA,2294,Devonte Young,Devonte Young,S,DB,exact_name,100
2019,48176,4035996,LOUISVILLE,97,Seth Dawkins,Seth Dawkins,WR,WR,exact_name,100
2019,48236,4040655,TULANE,2655,Darnell Mooney,Darnell Mooney,WR,WR,exact_name,100
2019,48298,4037582,VIRGINIA,258,Hasise Dubois,Hasise Dubois,WR,WR,exact_name,100
2019,48300,4050286,LA MONROE,2433,Jonathan Hodoh,Jonathan Hodoh,WR,WR,exact_name,100
2019,48304,4038460,OKLA STATE,197,Dillon Stoner,Dillon Stoner,WR,WR,exact_name,100
2019,48306,4037480,CINCINNATI,2132,Thomas Geddis,Thomas Geddis,WR,WR,exact_name,100
2019,48310,3708008,OKLAHOMA,201,A.D. Miller,A.D. Miller,WR,WR,exact_name,100
2019,48322,3676818,TCU,2628,TreVontae Hights,TreVontae Hights,WR,WR,exact_name,100
2019,48325,4385851,ARKANSAS,8,Chase Harrell,Chase Harrell,TE,TE,exact_name+posgroup,98
2019,48344,3915821,COLORADO,38,Tony Brown,Tony Brown,WR,WR,exact_name,100
2019,48346,3915333,MIAMI OH,193,Luke Mayock,Luke Mayock,WR,WR,exact_name,100
2019,48394,3915330,MIAMI OH,193,Dean Lemon,Dean Lemon,ED,DL,exact_name,100
2019,48407,3916409,FLORIDA,57,Jonathan Greenard,Jonathan Greenard,ED,LB,exact_name,100
2019,48417,3699341,NEBRASKA,158,Alex Davis,Alex Davis,ED,LB,exact_name,100
2019,48425,3918244,LA MONROE,2433,Sam Miller,Sam Miller,ED,DE,exact_name,100
2019,48441,3914313,MARSHALL,276,Fermin Silva,Fermin Silva,ED,DL,exact_name,100
2019,48446,3917997,MARYLAND,120,Wyatt Cook,Wyatt Cook,LB,DE,exact_name,100
2019,48455,3686690,NC STATE,152,James Smith-Williams,James Smith-Williams,ED,DE,exact_name,100
2019,48469,3128319,MARYLAND,120,Brett Kulka,Brett Kulka,DI,DL,exact_name,100
2019,48546,3932511,AKRON,2006,Josh Ward,Josh Ward,ED,DE,exact_name,100
2019,48547,3895843,N CAROLINA,153,Jason Strowbridge,Jason Strowbridge,DI,DL,exact_name,100
2019,48550,3728286,MINNESOTA,135,Winston DeLattiboudere,Winston DeLattiboudere,ED,DL,exact_name,100
2019,48598,3139051,CINCINNATI,2132,Kevin Mouhon,Kevin Mouhon,ED,DE,exact_name,100
2019,48616,3675143,COLO STATE,36,Jalen Bates,Jalen Bates,ED,DL,exact_name,100
2019,48619,3886823,FRESNO ST,278,Ricky McCoy,Ricky McCoy,DI,DL,exact_name,100
2019,48659,3919607,NEBRASKA,158,Darrion Daniels,Darrion Daniels,DI,DT,exact_name,100
2019,48662,3699462,NEBRASKA,158,Carlos Davis,Carlos Davis,DI,DL,exact_name,100
2019,48666,3915198,GEORGIA,61,Justin Young,Justin Young,ED,DE,exact_name,100
2019,48673,3918252,LA MONROE,2433,Jaylen Veasley,Jaylen Veasley,DI,DL,exact_name,100
2019,48700,3116577,DUKE,150,Edgar Cerenord,Edgar Cerenord,DI,DT,exact_name,100
2019,48721,3895837,N CAROLINA,153,Aaron Crawford,Aaron Crawford,DI,DL,exact_name,100
2019,48733,3933303,UNLV,2439,Nick Dehdashtian,Nick Dehdashtian,ED,DL,exact_name,100
2019,48741,4035494,AUBURN,2,Marlon Davidson,Marlon Davidson,ED,DE,exact_name,100
2019,48743,4039067,TEXAS,251,Gerald Wilbon,Gerald Wilbon,DI,DL,exact_name,100
2019,48807,3931444,ARIZONA,12,Justin Belknap,Justin Belknap,ED,DE,exact_name,100
2019,48824,4046721,MICH STATE,127,Mike Panasiuk,Mike Panasiuk,DI,DT,exact_name,100
2019,48834,3916419,LOUISVILLE,97,G.G. Robinson,G.G. Robinson,DI,DL,exact_name,100
2019,48879,3893621,ARIZONA ST,9,George Lea,George Lea,ED,DL,exact_name,100
2019,48895,3916231,SMU,2567,Chris Biggurs,Chris Biggurs,DI,DT,exact_name,100
2019,48923,3915475,ARK STATE,2032,Kevin Thurmon,Kevin Thurmon,ED,DT,exact_name,100
2019,48950,3914834,NEVADA,2440,Hausia Sekona,Hausia Sekona,DI,DT,exact_name,100
2019,48970,4036075,PITTSBURGH,221,Amir Watts,Amir Watts,DI,DL,exact_name,100
2019,48988,3699530,NEBRASKA,158,Khalil Davis,Khalil Davis,DI,DL,exact_name,100
2019,49009,4045295,INDIANA,84,Khalil Bryant,Khalil Bryant,S,DB,exact_name,100
2019,49026,3917911,VIRGINIA,258,Chris Sharp,Chris Sharp,HB,RB,exact_name,100
2019,49028,3916207,SMU,2567,Rodney Clemons,Rodney Clemons,S,S,exact_name,100
2019,49035,4036477,ARK STATE,2032,B.J. Edmonds,B.J. Edmonds,S,DB,exact_name,100
2019,49044,4038742,AKRON,2006,Davon'te Jest,Davon'te Jest,DI,DL,exact_name,100
2019,49053,3917319,TEXAS A&M,245,Larry Pryor,Larry Pryor,S,DB,exact_name,100
2019,49057,3914394,BOWL GREEN,189,Jamari Bozeman,Jamari Bozeman,S,DB,exact_name,100
2019,49073,4046525,MICHIGAN,130,Khaleke Hudson,Khaleke Hudson,LB,LB,exact_name,100
2019,49115,4035718,PURDUE,2509,Navon Mosley,Navon Mosley,S,S,exact_name,100
2019,49159,4035290,OLE MISS,145,Myles Hartsfield,Myles Hartsfield,CB,DB,exact_name,100
2019,49179,4047647,HOUSTON,248,Deontay Anderson,Deontay Anderson,S,LB,exact_name,100
2019,49182,4037455,MIAMI FL,2390,Romeo Finley,Romeo Finley,LB,LB,exact_name,100
2019,49207,3917146,APP STATE,2026,Desmond Franklin,Desmond Franklin,S,DB,exact_name,100
2019,49210,3916396,LOUISVILLE,97,Khane Pass,Khane Pass,S,DB,exact_name,100
2019,49219,3122676,MISSOURI,142,Khalil Oliver,Khalil Oliver,LB,S,exact_name,100
2019,49233,3124002,SYRACUSE,183,Antwan Cordy,Antwan Cordy,CB,DB,exact_name,100
2019,49241,3864057,TEXAS TECH,2641,Evan Rambo,Evan Rambo,LB,OLB,exact_name,100
2019,49285,3917850,MIAMI FL,2390,Robert Knowles,Robert Knowles,S,DB,exact_name,100
2019,49299,4037511,N CAROLINA,153,Myles Dorn,Myles Dorn,S,DB,exact_name,100
2019,49319,3914570,UTSA,2636,Carl Austin III,Carl Austin III,S,S,exact_name,100
2019,49332,4046558,KANSAS,2305,Mike Lee,Mike Lee,S,S,exact_name,100
2019,49341,4037122,SYRACUSE,183,Carl Jones,Carl Jones,CB,DB,exact_name,100
2019,49373,-1013830,INDIANA,84,A'Shon Riggins,A’Shon Riggins,CB,DB,exact_name,100
2019,49374,4047655,OLE MISS,145,Jaylon Jones,Jaylon Jones,CB,DB,exact_name,100
2019,49381,3929653,PENN STATE,213,John Reid,John Reid,CB,CB,exact_name,100
2019,49400,3916947,COLORADO,38,Jalen Harris,Jalen Harris,TE,TE,exact_name,100
2019,49432,3916926,AUBURN,2,Javaris Davis,Javaris Davis,CB,DB,exact_name,100
2019,49434,4035661,UTAH,254,Julian Blackmon,Julian Blackmon,S,DB,exact_name,100
2019,49436,4036774,NEVADA,2440,Daniel Brown,Daniel Brown,CB,DB,exact_name,100
2019,49447,3915326,MIAMI OH,193,Allan Koikoi,Allan Koikoi,S,DB,exact_name,100
2019,49469,3932426,NOTRE DAME,87,Shaun Crawford,Shaun Crawford,CB,CB,exact_name,100
2019,49490,3915122,MINNESOTA,135,Chris Williamson,Chris Williamson,CB,DB,exact_name,100
2019,49498,4043132,TEXAS TECH,2641,Douglas Coleman II,Douglas Coleman III,S,DB,exact_name,100
2019,49525,3916457,SYRACUSE,183,Christopher Fredrick,Christopher Fredrick,CB,DB,exact_name,100
2019,49531,3917099,NEW MEXICO,167,Blair Manly,Blair Manly,CB,CB,exact_name,100
2019,49535,4036169,NC STATE,152,Nick McCloud,Nick McCloud,CB,DB,exact_name,100
2019,49545,4040901,FRESNO ST,278,JuJu Hughes,Juju Hughes,S,DB,exact_name,100
2019,49589,3674831,LSU,99,Breiden Fehoko,Breiden Fehoko,DI,DL,exact_name,100
2019,49597,3932226,UCLA,26,Keisean Lucier-South,Keisean Lucier-South,ED,LB,exact_name,100
2019,49603,3918123,KANSAS ST,2306,Jordan Mittie,Jordan Mittie,DI,DT,exact_name,100
2019,49635,3917627,ILLINOIS,356,Jamal Milan,Jamal Milan,DI,DL,exact_name,100
2019,49645,4038759,AKRON,2006,Andy Jean-Baptiste,Andy Jean-Baptiste,ED,DL,exact_name,100
2019,49652,3922011,CHARLOTTE,2429,Tommy Doctor,Tommy Doctor,DI,DL,exact_name,100
2019,49668,4035016,GEORGIA,61,Julian Rochester,Julian Rochester,DI,DL,exact_name,100
2019,49681,3917992,PURDUE,2509,Markus Bailey,Markus Bailey,LB,LB,exact_name,100
2019,49713,3919597,OKLA STATE,197,Kevin Henry,Kevin Henry,LB,LB,exact_name,100
2019,49733,4039002,WASHINGTON,264,Brandon Wellington,Brandon Wellington,LB,LB,exact_name,100
2019,49748,4039671,TULSA,202,Cooper Edmiston,Cooper Edmiston,LB,LB,exact_name,100
2019,49750,4040516,TEXAS ST,326,Kumonde Hines,Kumonde Hines,ED,LB,exact_name,100
2019,49751,4036213,MARYLAND,120,Antoine Brooks Jr.,Antoine Brooks Jr.,S,DB,exact_name,100
2019,49869,4039502,TOLEDO,2649,DeDarallo Blue,DeDarallo Blue,LB,S,exact_name,100
2019,49871,4039661,TULSA,202,Robert Revels III,Robert Revels III,LB,LB,exact_name,100
2019,49902,3932927,TOLEDO,2649,Nate Childress,Nate Childress,DI,DL,exact_name,100
2019,49908,3914410,BOWL GREEN,189,Nico Lautanen,Nico Lautanen,DI,DL,exact_name,100
2019,49947,3915410,MARYLAND,120,Keiron Howard,Keiron Howard,DI,DL,exact_name,100
2019,49963,4035001,GEORGIA,61,Tyler Clark,Tyler Clark,DI,DL,exact_name,100
2019,49974,4048236,BOISE ST,68,Emmanuel Fesili,Emmanuel Fesili,DI,NT,exact_name,100
2019,49996,3916358,SMU,2567,Zach Abercrumbia,Zach Abercrumbia,DI,DT,exact_name,100
2019,50012,3127587,BOISE ST,68,David Moa,David Moa,DI,DT,exact_name,100
2019,50040,3914609,UTSA,2636,Baylen Baker,Baylen Baker,DI,DT,exact_name,100
2019,50044,3933024,FRESNO ST,278,Jasad Haynes,Jasad Haynes,DI,DT,exact_name,100
2019,50045,3912561,USC,30,Jacob Daniel,Jacob Daniel,G,G,exact_name,100
2019,50046,3708099,OKLAHOMA,201,Marquise Overton,Marquise Overton,DI,DL,exact_name,100
2019,50049,3915837,TEXAS TECH,2641,Broderick Washington,Broderick Washington Jr.,ED,DL,exact_name,100
2019,50053,3930268,OREGON ST,204,Elu Aydon,Elu Aydon,DI,DL,exact_name,100
2019,50057,4039466,NAVY,2426,Jackson Pittman,Jackson Pittman,DI,DL,exact_name,100
2019,50065,3917341,BAYLOR,239,James Lockhart,James Lockhart,ED,DL,exact_name,100
2019,50122,3122849,BOSTON COL,103,Richard Yeargin,Richard Yeargin,ED,DE,exact_name,100
2019,50185,3916220,SMU,2567,Delontae Scott,Delontae Scott,ED,DE,exact_name,100
2019,50191,4039064,TEXAS,251,Malcolm Roach,Malcolm Roach,ED,DL,exact_name,100
2019,50193,4045311,INDIANA,84,Allen Stallings IV,Allen Stallings IV,ED,DL,exact_name,100
2019,50194,3915828,TEXAS TECH,2641,Lonzell Gilmore,Lonzell Gilmore,ED,DL,exact_name,100
2019,50195,3886826,WASHINGTON,264,Benning Potoa'e,Benning Potoa'e,DI,DL,exact_name,100
2019,50241,3915898,UTEP,2638,Jayson VanHook,Jayson VanHook,LB,LB,exact_name,100
2019,50254,3918241,LA MONROE,2433,Donald Louis Jr.,Donald Louis Jr.,ED,DE,exact_name,100
2019,50256,4035531,IOWA STATE,66,JaQuan Bailey,JaQuan Bailey,ED,DE,exact_name,100
2019,50275,3676832,UTAH ST,328,Tipa Galeai,Tipa Galeai,ED,DE,exact_name,100
2019,50305,4049391,FRESNO ST,278,Josh Hokit,Josh Hokit,HB,RB,exact_name,100
2019,50309,4039920,TROY,2653,Zo Bridges,Zo Bridges,ED,LB,exact_name,100
2019,50311,4048690,UTAH ST,328,Justus Te'i,Justus Te'i,ED,DL,exact_name,100
2019,50327,3894830,IOWA,2294,Michael Ojemudia,Michael Ojemudia,CB,DB,exact_name,100
2019,50354,4038968,MIAMI OH,193,Travion Banks,Travion Banks,CB,DB,exact_name,100
2019,50369,4043155,TEXAS TECH,2641,Desmon Smith,Desmon Smith,CB,DB,exact_name,100
2019,50370,4040979,UCF,2116,Aaron Robinson,Aaron Robinson,CB,DB,exact_name,100
2019,50372,4040500,UTEP,2638,Justin Rogers,Justin Rogers,S,DB,exact_name,100
2019,50388,3919592,OKLA STATE,197,Bryce Balous,Bryce Balous,CB,CB,exact_name,100
2019,50390,4036214,MARYLAND,120,Tino Ellis,Tino Ellis,CB,DB,exact_name,100
2019,50394,4038437,OKLA STATE,197,A.J. Green III,A.J. Green,CB,CB,exact_name,100
2019,50403,4035892,KANSAS,2305,Kyle Mayberry,Kyle Mayberry,CB,CB,exact_name,100
2019,50408,3918394,TROY,2653,Jawon McDowell,Jawon McDowell,CB,CB,exact_name,100
2019,50465,3821572,ARIZONA,12,Jace Whittaker,Jace Whittaker,CB,CB,exact_name,100
2019,50471,3676819,TCU,2628,Jeff Gladney,Jeff Gladney,CB,CB,exact_name,100
2019,50482,3930067,OLE MISS,145,Jalen Julius,Jalen Julius,S,DB,exact_name,100
2019,50519,3914827,NEVADA,2440,EJ Muhammad,EJ Muhammad,CB,DB,exact_name,100
2019,50521,3932965,UTAH ST,328,Jacoby Wildman,Jacoby Wildman,ED,DE,exact_name,100
2019,50532,4034849,NEBRASKA,158,Lamar Jackson,Lamar Jackson,CB,CB,exact_name,100
2019,50571,3894853,IOWA,2294,Brady Reiff,Brady Reiff,DI,DL,exact_name,100
2019,50615,3917918,VIRGINIA,258,Eli Hanback,Eli Hanback,DI,DT,exact_name,100
2019,50617,4039919,TROY,2653,Marcus Webb,Marcus Webb,ED,DT,exact_name,100
2019,50632,3918122,TEXAS ST,326,Ishmael Davis,Ishmael Davis,ED,DE,exact_name,100
2019,50633,3895784,PITTSBURGH,221,Saleem Brightwell,Saleem Brightwell,LB,LB,exact_name,100
2019,50645,3916214,UTAH,254,Hunter Thedford,Hunter Thedford,TE,TE,exact_name,100
2019,50647,3929800,UCF,2116,Brandon Wilson,Brandon Wilson,DI,DL,exact_name,100
2019,50649,4039550,SMU,2567,Demerick Gary,Demerick Gary,DI,DT,exact_name,100
2019,50653,3917673,WISCONSIN,275,Chris Orr,Chris Orr,LB,LB,exact_name,100
2019,50659,4042817,OREGON ST,204,Shemar Smith,Shemar Smith,LB,LB,exact_name,100
2019,50673,3917170,ARK STATE,2032,Tajhea Chambers,Tajhea Chambers,LB,LB,exact_name,100
2019,50709,3932422,NOTRE DAME,87,Asmar Bilal,Asmar Bilal,LB,LB,exact_name,100
2019,50717,3915407,MARYLAND,120,Isaiah Davis,Isaiah Davis,LB,LB,exact_name,100
2019,50757,3918250,LA MONROE,2433,Cortez Sisco Jr.,Cortez Sisco Jr.,LB,LB,exact_name,100
2019,50776,3922001,CHARLOTTE,2429,Jeff Gemmell,Jeff Gemmell,LB,LB,exact_name,100
2019,50848,3928939,BAYLOR,239,Jordan Williams,Jordan Williams,LB,LB,exact_name,100
2019,50851,4043130,TEXAS TECH,2641,Jordyn Brooks,Jordyn Brooks,LB,LB,exact_name,100
2019,50853,4040526,TEXAS ST,326,Nikolas Daniels,Nikolas Daniels,LB,LB,exact_name,100
2019,50855,4036227,MIDDLE TN,2393,Brett Shepherd,Brett Shepherd,LB,LB,exact_name,100
2019,50924,4043156,TEXAS TECH,2641,Brayden Stringer,Brayden Stringer,LB,LB,exact_name,100
2019,50993,3918404,COLO STATE,36,Tron Folsom,Tron Folsom,LB,OLB,exact_name,100
2019,51001,3918232,LA MONROE,2433,Chase Day,Chase Day,LB,LB,exact_name,100
2019,51031,3921702,UNLV,2439,Gabe McCoy,Gabe McCoy,ED,LB,exact_name,100
2019,51048,4037468,MIAMI FL,2390,Shaquille Quarterman,Shaquille Quarterman,LB,LB,exact_name,100
2019,51068,3917948,IOWA STATE,66,Bobby McMillen III,Bobby McMillen III,S,LB,exact_name,100
2019,51069,4035888,KANSAS,2305,Bryce Torneden,Bryce Torneden,S,S,exact_name,100
2019,51071,4046680,NOTRE DAME,87,Jalen Elliott,Jalen Elliott,S,S,exact_name,100
2019,51109,3909282,LOUISVILLE,97,T.J. Holl,T.J. Holl,LB,LB,exact_name,100
2019,51111,4048246,BOISE ST,68,DeAndre Pierce,DeAndre Pierce,S,DB,exact_name,100
2019,51113,4039663,TULSA,202,Manny Bunch,Manny Bunch,S,S,exact_name,100
2019,51163,3722376,BOISE ST,68,Evan Tyler,Evan Tyler,S,S,exact_name,100
2019,51197,3918238,LA MONROE,2433,Nick Ingram,Nick Ingram,S,S,exact_name,100
2019,51246,3921673,S JOSE ST,23,Ethan Aguayo,Ethan Aguayo,LB,LB,exact_name,100
2019,51256,3920823,OHIO,195,Javon Hagan,Javon Hagan,S,S,exact_name,100
2019,51269,4045699,CHARLOTTE,2429,Ben DeLuca,Ben DeLuca,S,DB,exact_name,100
2019,51283,4036153,IOWA,2294,Kristian Welch,Kristian Welch,LB,LB,exact_name,100
2019,51337,4037588,VIRGINIA,258,Jordan Mack,Jordan Mack,LB,LB,exact_name,100
2019,51354,4040525,TEXAS ST,326,Gavin Graham,Gavin Graham,LB,LB,exact_name,100
2019,51355,4040647,TULANE,2655,Will Harper,Will Harper,LB,S,exact_name,100
2019,51374,3918397,TROY,2653,Melvin Tyus,Melvin Tyus,S,S,exact_name,100
2019,51561,4039048,MISSOURI,142,Chris Daniels,Chris Daniels,DI,DL,exact_name,100
2019,51575,4037464,MIAMI FL,2390,Zach McCloud,Zach McCloud,LB,DL,exact_name,100
2019,51585,3918035,UTAH ST,328,Cameron Haney,Cameron Haney,CB,CB,exact_name,100
2019,51586,4036490,ARK STATE,2032,Jeremy Smith,Jeremy Smith,CB,CB,exact_name,100
2019,51619,3932919,TOLEDO,2649,Brandon Heidecker,Brandon Heidecker,G,OL,exact_name,100
2019,51624,3915515,KANSAS,2305,Kevin Feder,Kevin Feder,T,OL,exact_name,100
2019,51638,3915876,UTEP,2638,Ruben Guerra,Ruben Guerra,G,OL,exact_name,100
2019,51639,3928993,CINCINNATI,2132,Morgan James,Morgan James,G,OL,exact_name,100
2019,51640,3930058,RUTGERS,164,Manny Taylor,Manny Taylor,G,OL,exact_name,100
2019,51663,3925355,ILLINOIS,356,Richie Petitbon,Richie Petitbon,G,OL,exact_name,100
2019,51664,-1012485,GA TECH,59,Jared Southers,Jared Southers,T,OL,exact_name,100
2019,51692,4372559,WISCONSIN,275,Chase Wolf,Chase Wolf,QB,QB,exact_name,100
2019,51708,4259592,PENN STATE,213,Sean Clifford,Sean Clifford,QB,QB,exact_name,100
2019,51714,4240005,CLEMSON,228,Matt Bockhorst,Matt Bockhorst,G,G,exact_name,100
2019,51774,4243708,NAVY,2426,Micah Farrar,Micah Farrar,CB,CB,exact_name,100
2019,51777,4239409,E CAROLINA,151,John Spellacy,John Spellacy,C,OL,exact_name,100
2019,51789,4362611,KENTUCKY,96,Darian Kinnard,Darian Kinnard,T,OT,exact_name,100
2019,51799,4258202,MICHIGAN,130,Adam Shibley,Adam Shibley,ST,LB,exact_name,100
2019,52018,4256055,COLO STATE,36,Barry Wesley,Barry Wesley,T,OL,exact_name,100
2019,52019,4256032,COLO STATE,36,Cameron Butler,Cameron Butler,TE,TE,exact_name,100
2019,52020,4256035,COLO STATE,36,Christian Cumber,Christian Cumber,LB,DB,exact_name,100
2019,52021,4256052,COLO STATE,36,Corte Tapia,Corte Tapia,FB,TE,exact_name,100
2019,52024,-1008072,COLO STATE,36,E.J. Scott,E.J. Scott,WR,WR,exact_name,100
2019,52025,4256039,COLO STATE,36,Ellison Hubbard,Ellison Hubbard,DI,DL,exact_name,100
2019,52026,-1008037,COLO STATE,36,Manny Jones,Manny Jones,ED,DE,exact_name,100
2019,52028,4242363,COLO STATE,36,Griffin Hammer,Griffin Hammer,TE,TE,exact_name,100
2019,52029,4256054,COLO STATE,36,Jadon Walker,Jadon Walker,WR,WR,exact_name,100
2019,52030,4256038,COLO STATE,36,Jamori Fox,Jamori Fox,DI,DL,exact_name,100
2019,52031,4256048,COLO STATE,36,Joctavis Phillips,Joctavis Phillips,G,OL,exact_name,100
2019,52033,4256036,COLO STATE,36,Judd Erickson,Judd Erickson,QB,QB,exact_name,100
2019,52034,4256044,COLO STATE,36,Justice McCoy,Justice McCoy,QB,WR,exact_name,100
2019,52039,4256047,COLO STATE,36,Livingston Paogofie,Livingston Paogofie,DI,DL,exact_name,100
2019,52041,4256045,COLO STATE,36,Marcus McElroy Jr.,Marcus McElroy Jr.,HB,RB,exact_name,100
2019,52045,4256051,COLO STATE,36,Ryan Stonehouse,Ryan Stonehouse,P,P,exact_name,100
2019,52046,4256031,COLO STATE,36,Scott Brooks,Scott Brooks,C,OL,exact_name,100
2019,52050,4256040,COLO STATE,36,Warren Jackson,Warren Jackson,WR,WR,exact_name,100
2019,52051,4256084,HAWAII,62,Akil Francisco,Akil Francisco,CB,DB,exact_name,100
2019,52054,4256095,OREGON ST,204,Brandon Kipper,Brandon Kipper,T,OL,exact_name,100
2019,52056,4256086,HAWAII,62,Donovan Dalton,Donovan Dalton,S,DB,exact_name,100
2019,52057,4256094,HAWAII,62,Doug Russell,Doug Russell,DI,DL,exact_name,100
2019,52060,4256093,HAWAII,62,Emil Graves,Emil Graves,G,OL,exact_name,100
2019,52061,4242474,HAWAII,62,Eugene Ford,Eugene Ford,S,DB,exact_name,100
2019,52062,4256749,HAWAII,62,Fanupo Peapealalo,Fanupo Peapealalo,ED,DL,exact_name,100
2019,52063,4256087,HAWAII,62,Hekili Keliiliki,Hekili Keliiliki,HB,RB,exact_name,100
2019,52065,4363653,HAWAII,62,Jason-Matthew Sharsh,Jason-Matthew Sharsh,WR,WR,exact_name,100
2019,52067,4243025,HAWAII,62,Justice Augafa,Justice Augafa,S,DB,exact_name,100
2019,52068,4256080,HAWAII,62,Justin Uahinui,Justin Uahinui,QB,QB,exact_name,100
2019,52073,4242477,HAWAII,62,Makai Manuwai,Makai Manuwai,DI,DL,exact_name,100
2019,52075,4256092,HAWAII,62,Micah Vanterpool,Micah Vanterpool,G,OL,exact_name,100
2019,52077,4256085,HAWAII,62,Miles Reed,Miles Reed,HB,RB,exact_name,100
2019,52078,4256082,HAWAII,62,Paul Scott,Paul Scott,LB,LB,exact_name,100
2019,52118,4255987,OREGON ST,204,Aaron Short,Aaron Short,WR,WR,exact_name,100
2019,52121,4255999,OREGON ST,204,Alexander Skelton,Alexander Skelton,DI,DL,exact_name,100
2019,52122,4255988,OREGON ST,204,B.J. Baylor,B.J. Baylor,HB,RB,exact_name,100
2019,52123,4256001,OREGON ST,204,Brock Wellsfry,Brock Wellsfry,G,OL,exact_name,100
2019,52124,4256004,OREGON ST,204,Bryce Bramscher,Bryce Bramscher,TE,TE,exact_name,100
2019,52125,4255986,OREGON ST,204,Champ Flemings,Champ Flemings,WR,WR,exact_name,100
2019,52126,4256002,OREGON ST,204,Clay Cordasco,Clay Cordasco,G,OL,exact_name,100
2019,52127,4255983,OREGON ST,204,David Morris,David Morris,S,DB,exact_name,100
2019,52129,4255989,OREGON ST,204,Isaiah Dunn,Isaiah Dunn,CB,DB,exact_name,100
2019,52130,4242540,OREGON ST,204,Isaiah Hodgins,Isaiah Hodgins,WR,WR,exact_name,100
2019,52132,4255996,OREGON ST,204,Jaelen Bush,Jaelen Bush,T,OL,exact_name,100
2019,52137,4255984,OREGON ST,204,Kaleb Hayes,Kaleb Hayes,CB,DB,exact_name,100
2019,52141,4242539,OREGON ST,204,Kolby Taylor,Kolby Taylor,WR,WR,exact_name,100
2019,52142,4255992,OREGON ST,204,Moku Watson,Moku Watson,S,DB,exact_name,100
2019,52144,4242544,OREGON ST,204,Onesimus Clarke,Onesimus Clarke,G,OL,exact_name,100
2019,52145,4255998,OREGON ST,204,Ralph Taufa'asau,Ralph Taufa'asau,TE,TE,exact_name,100
2019,52147,4255995,OREGON ST,204,TraJon Cotton,TraJon Cotton,CB,S,exact_name,100
2019,52195,4244856,RICE,242,Austin Trammell,Austin Trammell,WR,WR,exact_name,100
2019,52196,4244874,RICE,242,Brandt Peterson,Brandt Peterson,T,OT,exact_name,100
2019,52198,4244855,RICE,242,Cameron Montgomery,Cameron Montgomery,HB,RB,exact_name,100
2019,52201,4244861,RICE,242,Evan Marshman,Evan Marshman,QB,QB,exact_name,100
2019,52202,4244870,RICE,242,Garrett Grammer,Garrett Grammer,LB,LB,exact_name,100
2019,52203,4244862,RICE,242,George Nyakwol,George Nyakwol,S,S,exact_name,100
2019,52205,4244863,RICE,242,Isaiah Richardson,Isaiah Richardson,S,DB,exact_name,100
2019,52207,4244877,RICE,242,Jaeger Bull,Jaeger Bull,TE,TE,exact_name,100
2019,52208,4244876,RICE,242,Jonathan Sanchez,Jonathan Sanchez,TE,TE,exact_name,100
2019,52209,4244857,RICE,242,Kenneth Orji,Kenneth Orji,ED,LB,exact_name,100
2019,52215,4244873,RICE,242,Shea Baker,Shea Baker,G,OL,exact_name,100
2019,52216,4244872,RICE,242,Trey Schuman,Trey Schuman,ED,DE,exact_name,100
2019,52217,4244860,RICE,242,Tyrae Thornton,Tyrae Thornton,CB,DB,exact_name,100
2019,52221,4242318,S JOSE ST,23,Austin Liles,Austin Liles,WR,WR,exact_name,100
2019,52222,4242313,S JOSE ST,23,Brandon Ezell,Brandon Ezell,CB,CB,exact_name,100
2019,52228,4242315,S JOSE ST,23,Christian Johnson,Christian Johnson,ED,DL,exact_name,100
2019,52230,4255939,S JOSE ST,23,DeJon Packer,DeJon Packer,HB,RB,exact_name,100
2019,52234,4242312,S JOSE ST,23,Hadari Darden,Hadari Darden,LB,LB,exact_name,100
2019,52241,4242314,S JOSE ST,23,Jamaar Hardy,Jamaar Hardy,DI,DL,exact_name,100
2019,52243,4242309,S JOSE ST,23,Jesse Chamberlain,Jesse Chamberlain,C,OL,exact_name,100
2019,52246,4255925,S JOSE ST,23,Johnny Balderas,Johnny Balderas,S,CB,exact_name,100
2019,52250,4242327,S JOSE ST,23,Rico Tolefree,Rico Tolefree,LB,LB,exact_name,100
2019,52255,4242317,S JOSE ST,23,Sailosi Latu,Sailosi Latu,DI,DT,exact_name,100
2019,52260,4242328,S JOSE ST,23,Tre Walker,Tre Walker,WR,WR,exact_name,100
2019,52261,4242329,S JOSE ST,23,Tre White,Tre White,CB,DB,exact_name,100
2019,52262,4242321,S JOSE ST,23,Tyler Nevens,Tyler Nevens,HB,RB,exact_name,100
2019,52263,4242326,S JOSE ST,23,Tyler Stevens,Tyler Stevens,G,OL,exact_name,100
2019,52264,4242323,S JOSE ST,23,Tysyn Parker,Tysyn Parker,LB,LB,exact_name,100
2019,52265,4255951,STANFORD,24,Caleb Phillips,Caleb Phillips,ED,TE,exact_name,100
2019,52266,4242557,STANFORD,24,Colby Parkinson,Colby Parkinson,TE,TE,exact_name,100
2019,52267,4242545,STANFORD,24,Connor Wedington,Connor Wedington,WR,WR,exact_name,100
2019,52268,4242552,STANFORD,24,Dalyn Wade-Perry,Dalyn Wade-Perry,DI,DT,exact_name,100
2019,52269,4242546,STANFORD,24,Davis Mills,Davis Mills,QB,QB,exact_name,100
2019,52270,4242553,STANFORD,24,Drew Dalman,Drew Dalman,C,C,exact_name,100
2019,52271,4255953,STANFORD,24,Dylan Boles,Dylan Boles,DI,DL,exact_name,100
2019,52272,4242555,STANFORD,24,Foster Sarell,Foster Sarell,T,OT,exact_name,100
2019,52273,4242559,STANFORD,24,Gabe Reid,Gabe Reid,ED,DE,exact_name,100
2019,52275,4242551,STANFORD,24,Houston Heimuli,Houston Heimuli,TE,FB,exact_name,100
2019,52277,4255955,STANFORD,24,Kyle McCombs,Kyle McCombs,TE,TE,exact_name,100
2019,52278,4255948,STANFORD,24,Noah Williams,Noah Williams,S,S,exact_name,100
2019,52279,4242556,STANFORD,24,Osiris St. Brown,Osiris St. Brown,WR,WR,exact_name,100
2019,52280,4242547,STANFORD,24,Paulson Adebo,Paulson Adebo,CB,CB,exact_name,100
2019,52282,4242549,STANFORD,24,Ryan Johnson,Ryan Johnson,DI,DL,exact_name,100
2019,52285,4255954,STANFORD,24,Thunder Keck,Thunder Keck,ED,DE,exact_name,100
2019,52286,4242558,STANFORD,24,Tucker Fisk,Tucker Fisk,TE,TE,exact_name,100
2019,52287,4242554,STANFORD,24,Walker Little,Walker Little,T,OT,exact_name,100
2019,52555,4360059,CINCINNATI,2132,Malik Vann,Malik Vann,ED,DE,exact_name,100
2019,52575,4360320,CLEMSON,228,Jackson Carman,Jackson Carman,T,OT,exact_name,100
2019,52595,4427834,MICHIGAN,130,Erick All,Erick All,TE,TE,exact_name,100
2019,52790,4373328,PITTSBURGH,221,Tyler Bentley,Tyler Bentley,DI,DL,exact_name,100
2019,52819,4363041,KENTUCKY,96,Xavier Peters,Xavier Peters,ED,LB,exact_name,100
2019,52925,4361365,OHIO STATE,194,Zaid Hamdan,Zaid Hamdan,DI,DL,exact_name,100
2019,52938,4372503,PURDUE,2509,Eric Miller,Eric Miller,T,OL,exact_name,100
2019,52963,4570441,BOWL GREEN,189,Nick Niehoff,Nick Niehoff,WR,WR,exact_name,100
2019,52970,4383754,BALL ST,2050,Cole Pearce,Cole Pearce,LB,LB,exact_name,100
2019,53330,4362626,KENTUCKY,96,Quintin Wilson,Quintin Wilson,C,OL,exact_name,100
2019,53431,4426414,NOTRE DAME,87,Zeke Correll,Zeke Correll,C,OL,exact_name,100
2019,53477,4373445,BOWL GREEN,189,Jevon Henderson,Jevon Henderson,ED,DL,exact_name,100
2019,53481,4428953,MIAMI OH,193,Max Wynn,Max Wynn,LB,LB,exact_name,100
2019,53514,4571668,AIR FORCE,2005,Jake Spiewak,Jake Spiewak,TE,WR,exact_name,100
2019,53565,4426741,MIAMI OH,193,Luke Bolden,Luke Bolden,LB,TE,exact_name,100
2019,53569,4360072,CINCINNATI,2132,Ja'von Hicks,Ja'von Hicks,S,S,exact_name,100
2019,53571,4427183,MIAMI OH,193,Rusty Feth,Rusty Feth,G,OL,exact_name,100
2019,53572,4569322,CINCINNATI,2132,Eric Phillips,Eric Phillips,DI,DE,exact_name,100
2019,53587,4430280,MIAMI OH,193,Ivan Pace Jr.,Ivan Pace Jr.,ED,LB,exact_name,100
2019,53708,4361414,PENN STATE,213,Aeneas Hawkins,Aeneas Hawkins,DI,DT,exact_name,100
2019,53746,4362603,KENTUCKY,96,Brenden Bates,Brenden Bates,TE,TE,exact_name,100
2019,53999,4430619,AKRON,2006,Jarred Uran,Jarred Uran,ST,LB,exact_name,100
2019,54002,4427550,CINCINNATI,2132,Brody Ingle,Brody Ingle,LB,LB,exact_name,100
2019,54037,4360086,CINCINNATI,2132,Josh Whyle,Josh Whyle,TE,TE,exact_name,100
2019,54307,4362623,KENTUCKY,96,Keaton Upshaw,Keaton Upshaw,TE,TE,exact_name,100
2019,54370,4259720,COAST CAR,324,Mallory Claybourne,Mallory Claybourne,CB,CB,exact_name,100
2019,54371,4052000,ARK STATE,2032,Amir Howard,Amir Howard,S,S,exact_name,100
2019,54375,4030393,COAST CAR,324,Chandler Kryst,Chandler Kryst,CB,CB,exact_name,100
2019,54404,4241088,COAST CAR,324,Jalin Walker,Jalin Walker,DI,NT,exact_name,100
2019,54409,4052017,COAST CAR,324,C.J. Brewer,C.J. Brewer,DI,DT,exact_name,100
2019,54410,4052031,COAST CAR,324,Tarron Jackson,Tarron Jackson,ED,DE,exact_name,100
2019,54411,4052033,COAST CAR,324,Jonathan Clayton,Jonathan Clayton,DI,DT,exact_name,100
2019,54414,4259723,COAST CAR,324,Alex Spillum,Alex Spillum,S,S,exact_name,100
2019,54415,4259735,COAST CAR,324,Kameron Burton,Kameron Burton,S,S,exact_name,100
2019,54420,4259746,COAST CAR,324,Jack Franklin,Jack Franklin,G,OL,exact_name,100
2019,54421,4259747,COAST CAR,324,Seth Harrell,Seth Harrell,G,OL,exact_name,100
2019,54433,4052008,COAST CAR,324,Jacqez Hairston,Jacqez Hairston,HB,RB,exact_name,100
2019,54435,4259724,COAST CAR,324,Anthony McAfee II,Anthony McAfee,HB,RB,exact_name,100
2019,54436,4259729,COAST CAR,324,Baden Pinson,Baden Pinson,HB,RB,exact_name,100
2019,54443,4259733,COAST CAR,324,Myles Prosser,Myles Prosser,K,PK,exact_name,100
2019,54456,4052004,COAST CAR,324,Silas Kelly,Silas Kelly,LB,LB,exact_name,100
2019,54458,4052006,COAST CAR,324,Laqavious Paul,Laqavious Paul,LB,LB,exact_name,100
2019,54465,4241083,COAST CAR,324,Michael Makins,Michael Makins,LB,LB,exact_name,100
2019,54466,4259738,COAST CAR,324,E.J. Porter,E.J. Porter,LB,LB,exact_name,100
2019,54467,4259753,COAST CAR,324,Myles Olufemi,Myles Olufemi,ED,DB,exact_name,100
2019,54472,4259726,COAST CAR,324,Greg Latushko,Greg Latushko,WR,WR,exact_name,100
2019,54493,4052021,COAST CAR,324,Steven Bedosky,Steven Bedosky,T,OL,exact_name,100
2019,54494,4052022,COAST CAR,324,Trey Carter,Trey Carter,G,OL,exact_name,100
2019,54499,4030400,COAST CAR,324,Ethan Howard,Ethan Howard,T,OL,exact_name,100
2019,54518,4259730,COAST CAR,324,Jaiden Clayton,Jaiden Clayton,LB,LB,exact_name,100
2019,54520,4259739,COAST CAR,324,Chris Evans,Chris Evans,ED,LB,exact_name,100
2019,54523,4259749,COAST CAR,324,Jeremiah Miller,Jeremiah Miller,WR,WR,exact_name,100
2019,54528,4052001,COAST CAR,324,Ryan Lee,Ryan Lee,LB,LB,exact_name,100
2019,54531,4259731,COAST CAR,324,Brayden Matts,Brayden Matts,S,S,exact_name,100
2019,54534,4259745,COAST CAR,324,Antwine Loper,Antwine Loper,T,OL,exact_name,100
2019,54545,4259751,COAST CAR,324,Michael McFarlane,Michael McFarlane,TE,TE,exact_name,100
2019,54559,4052003,COAST CAR,324,Larry Collins Jr.,Larry Collins Jr.,WR,WR,exact_name,100
2019,54560,4052028,COAST CAR,324,T'Qele Holmes,T'Qele Holmes,WR,WR,exact_name,100
2019,54563,4030390,COAST CAR,324,Ky'Jon Tyler,Ky'Jon Tyler,WR,WR,exact_name,100
2019,54566,4030404,COAST CAR,324,Josh Anderson,Josh Anderson,WR,WR,exact_name,100
2019,55013,4257186,BUFFALO,2084,Aapri Washington,Aapri Washington,CB,CB,exact_name,100
2019,55015,4239719,BUFFALO,2084,Malcolm Koonce,Malcolm Koonce,ED,DE,exact_name,100
2019,55017,4257196,BUFFALO,2084,Eric Black,Eric Black,ED,DL,exact_name,100
2019,55018,4257204,BUFFALO,2084,Frendy Darelus,Frendy Darelus,ED,DE,exact_name,100
2019,55019,4257189,BUFFALO,2084,Kevin Marks Jr.,Kevin Marks,HB,RB,exact_name,100
2019,55021,4257193,BUFFALO,2084,Ja'Varius Harrison,Ja'Varius Harrison,LB,LB,exact_name,100
2019,55024,4257199,BUFFALO,2084,Jacob Gall,Jacob Gall,G,OL,exact_name,100
2019,55029,4239714,BUFFALO,2084,Kyle Vantrease,Kyle Vantrease,QB,QB,exact_name,100
2019,55033,4239718,BUFFALO,2084,Ali Abbas,Ali Abbas,CB,CB,exact_name,100
2019,55034,4373455,BUFFALO,2084,Evan Gantley,Evan Gantley,S,S,exact_name,100
2019,55036,4239721,BUFFALO,2084,Julien Bourassa,Julien Bourassa,TE,TE,exact_name,100
2019,55037,4257183,BUFFALO,2084,Isaiah King,Isaiah King,CB,CB,exact_name,100
2019,55041,4257195,BUFFALO,2084,Ledarius Mack,Ledarius Mack,ED,DE,exact_name,100
2019,55044,4239722,BUFFALO,2084,Chibueze Onwuka,Chibueze Onwuka,DI,DT,exact_name,100
2019,55059,4244768,AKRON,2006,Julian Hicks,Julian Hicks,WR,WR,exact_name,100
2019,55071,4035325,CINCINNATI,2132,Ethan Tucky,Ethan Tucky,ED,DT,exact_name,100
2019,55073,4239108,CINCINNATI,2132,Angelo Howze,Angelo Howze,ED,DL,exact_name,100
2019,55074,4239109,CINCINNATI,2132,Nick Staderman,Nick Staderman,DI,DT,exact_name,100
2019,55075,4256907,CINCINNATI,2132,Jabari Taylor,Jabari Taylor,DI,DL,exact_name,100
2019,55076,4239083,CINCINNATI,2132,Michael Warren II,Michael Warren II,HB,RB,exact_name,100
2019,55078,4239097,CINCINNATI,2132,Michael Kopaygorodsky,Michael Kopaygorodsky,HB,RB,exact_name,100
2019,55079,4239085,CINCINNATI,2132,Jarell White,Jarell White,LB,LB,exact_name,100
2019,55080,4239089,CINCINNATI,2132,RJ Potts,RJ Potts,LB,LB,exact_name,100
2019,55083,4239103,CINCINNATI,2132,Cody Lamb,Cody Lamb,G,OL,exact_name,100
2019,55084,4239104,CINCINNATI,2132,Jakari Robinson,Jakari Robinson,C,C,exact_name,100
2019,55086,4239086,CINCINNATI,2132,Desmond Ridder,Desmond Ridder,QB,QB,exact_name,100
2019,55087,4239088,CINCINNATI,2132,Darrick Forrest,Darrick Forrest,S,S,exact_name,100
2019,55088,4239094,CINCINNATI,2132,Coby Bryant,Coby Bryant,CB,CB,exact_name,100
2019,55089,4239105,CINCINNATI,2132,Vincent McConnell,Vincent McConnell,G,OL,exact_name,100
2019,55090,4239107,CINCINNATI,2132,Wilson Huber,Wilson Huber,TE,LB,exact_name,100
2019,55091,4239084,CINCINNATI,2132,Javan Hawes,Javan Hawes,WR,WR,exact_name,100
2019,55094,4239099,CINCINNATI,2132,Trent Cloud,Trent Cloud,WR,WR,exact_name,100
2019,55096,4059964,CINCINNATI,2132,Joe Schroer,Joe Schroer,DI,DT,exact_name,100
2019,55097,4037482,CINCINNATI,2132,Alex Heil,Alex Heil,G,OL,exact_name,100
2019,55100,4239125,UCONN,41,Omar Fortt,Omar Fortt,LB,LB,exact_name,100
2019,55102,4239133,UCONN,41,Abiola Olaniyan,Abiola Olaniyan,CB,DB,exact_name,100
2019,55105,4239138,UCONN,41,Caleb Thomas,Caleb Thomas,DI,DT,exact_name,100
2019,55106,4257363,UCONN,41,Kevin Mensah,Kevin Mensah,HB,RB,exact_name,100
2019,55107,4239121,CINCINNATI,2132,Darrian Beavers,Darrian Beavers,LB,LB,exact_name,100
2019,55110,4239128,UCONN,41,Robert Holmes,Robert Holmes,G,OL,exact_name,100
2019,55113,4239140,UCONN,41,Ryan Van Demark,Ryan Van Demark,T,OL,exact_name,100
2019,55118,4239135,UCONN,41,Jay Rose,Jay Rose,TE,TE,exact_name,100
2019,55122,4239127,UCONN,41,Cameron Hairston,Cameron Hairston,WR,WR,exact_name,100
2019,55211,4240736,TEXAS TECH,2641,Adam Beck,Adam Beck,LB,DB,exact_name,100
2019,55215,4240747,MINNESOTA,135,Justus Harris,Justus Harris,CB,DB,exact_name,100
2019,55219,4240748,MINNESOTA,135,Noah Hickcox,Noah Hickcox,DI,DL,exact_name,100
2019,55220,4240754,MINNESOTA,135,Boye Mafe,Boye Mafe,ED,DL,exact_name,100
2019,55221,4240759,MINNESOTA,135,Esezi Otomewo,Esezi Otomewo,ED,DL,exact_name,100
2019,55224,4240774,MINNESOTA,135,Nate Umlor,Nate Umlor,T,OL,exact_name,100
2019,55226,4240750,MINNESOTA,135,Mohamed Ibrahim,Mohamed Ibrahim,HB,RB,exact_name,100
2019,55233,4240733,MINNESOTA,135,Blaise Andries,Blaise Andries,G,OL,exact_name,100
2019,55236,4240765,MINNESOTA,135,Axel Ruschmeyer,Axel Ruschmeyer,G,OL,exact_name,100
2019,55238,4240771,MINNESOTA,135,John Michael Schmitz Jr.,John Michael Schmitz,C,OL,exact_name,100
2019,55239,4240756,MINNESOTA,135,Tanner Morgan,Tanner Morgan,QB,QB,exact_name,100
2019,55242,4240760,MINNESOTA,135,Jake Paulson,Jake Paulson,TE,TE,exact_name,100
2019,55243,4240776,MINNESOTA,135,Clayton Witherspoon,Clayton Witherspoon,TE,TE,exact_name,100
2019,55244,4240734,MINNESOTA,135,Brock Annexstad,Brock Annexstad,WR,WR,exact_name,100
2019,55245,4240735,MINNESOTA,135,Chris Autman-Bell,Chris Autman-Bell,WR,WR,exact_name,100
2019,55246,4240742,MINNESOTA,135,Demetrius Douglas,Demetrius Douglas,WR,WR,exact_name,100
2019,55247,4240775,MINNESOTA,135,Harry Van Dyne,Harry Van Dyne,WR,WR,exact_name,100
2019,55251,4240757,MINNESOTA,135,Connor Novak-Goar,Connor Novak-Goar,DI,DL,exact_name,100
2019,55252,4240740,MINNESOTA,135,Ben Davis,Ben Davis,G,OL,exact_name,100
2019,55264,4036485,COAST CAR,324,CJ Marable,CJ Marable,HB,RB,exact_name,100
2019,55350,4257250,TOLEDO,2649,DeAmonte King,DeAmonte King,S,WR,exact_name,100
2019,55351,4257240,TOLEDO,2649,Tycen Anderson,Tycen Anderson,S,S,exact_name,100
2019,55355,4257248,TOLEDO,2649,Nate Givhan,Nate Givhan,ED,LB,exact_name,100
2019,55356,4257246,TOLEDO,2649,Devonte' Dunn,Devonte' Dunn,DI,DT,exact_name,100
2019,55357,4257243,TOLEDO,2649,Tyrone Chambers,Tyrone Chambers,DI,DL,exact_name,100
2019,55360,4257245,TOLEDO,2649,AJ Crider,AJ Crider,LB,LB,exact_name,100
2019,55362,4257241,TOLEDO,2649,Kelvin Ateman,Kelvin Ateman,T,OL,exact_name,100
2019,55364,4257242,TOLEDO,2649,Mitchell Berg,Mitchell Berg,T,OL,exact_name,100
2019,55368,4257257,TOLEDO,2649,Jamal Turner,Jamal Turner,TE,TE,exact_name,100
2019,55369,4257255,TOLEDO,2649,Drew Rosi,Drew Rosi,TE,TE,exact_name,100
2019,55370,4257253,TOLEDO,2649,Bryce Mitchell,Bryce Mitchell,WR,WR,exact_name,100
2019,55371,4240238,TOLEDO,2649,Nick Kovacs,Nick Kovacs,WR,WR,exact_name,100
2019,55372,4257244,TOLEDO,2649,Darius Corbett,Darius Corbett,WR,WR,exact_name,100
2019,55376,4243533,UCF,2116,Antwan Collier,Antwan Collier,S,DB,exact_name,100
2019,55377,4243536,UCF,2116,Zamari Maxwell,Zamari Maxwell,CB,DB,exact_name,100
2019,55378,4257600,UCF,2116,Alex Swenson,Alex Swenson,CB,DB,exact_name,100
2019,55379,4245348,UCF,2116,Jon Powell,Jon Powell,S,DB,exact_name,100
2019,55380,4257603,UCF,2116,Josh Kelly,Josh Kelly,CB,DB,exact_name,100
2019,55382,4243565,UCF,2116,Mason Cholewa,Mason Cholewa,DI,DL,exact_name,100
2019,55383,4243542,UCF,2116,Bentavious Thompson,Bentavious Thompson,HB,RB,exact_name,100
2019,55384,4243544,UCF,2116,Greg McCrae,Greg McCrae,HB,RB,exact_name,100
2019,55386,4243546,TEXAS A&M,245,Cordarrian Richardson,Cordarrian Richardson,HB,RB,exact_name,100
2019,55389,4243541,UCF,2116,Kalia Davis,Kalia Davis,DI,DL,exact_name,100
2019,55395,4243562,UCF,2116,Stephon Zayas,Stephon Zayas,ED,DL,exact_name,100
2019,55396,4243545,UCF,2116,Alex Ward,Alex Ward,LS,LS,exact_name,100
2019,55400,4243553,UCF,2116,Kyle Back,Kyle Back,C,OL,exact_name,100
2019,55401,4243554,UCF,2116,Cole Schneider,Cole Schneider,G,OL,exact_name,100
2019,55403,4243557,UCF,2116,Samuel Jackson,Samuel Jackson,T,OL,exact_name,100
2019,55405,4243535,UCF,2116,D.J. Mack Jr.,D.J. Mack Jr.,QB,QB,exact_name,100
2019,55406,4243539,NEBRASKA,158,Noah Vedral,Noah Vedral,QB,QB,exact_name,100
2019,55407,4243551,UCF,2116,Tyler Williams,Tyler Williams,FB,TE,exact_name,100
2019,55408,4257611,UCF,2116,Austin Camden,Austin Camden,DI,DT,exact_name,100
2019,55412,4243543,UCF,2116,Otis Anderson,Otis Anderson,HB,RB,exact_name,100
2019,55417,4243561,UCF,2116,Anthony Montalvo,Anthony Montalvo,DI,DT,exact_name,100
2019,55420,4243547,UCF,2116,Kyle Benkel,Kyle Benkel,WR,WR,exact_name,100
2019,55423,3932812,UCF,2116,Dylan Barnas,Dylan Barnas,K,PK,exact_name,100
2019,55427,4240430,TOLEDO,2649,Troy Simon,Troy Simon,CB,S,exact_name,100
2019,55550,4240466,DUKE,150,Will Taylor,Will Taylor,C,C,exact_name,100
2019,55552,4243737,NAVY,2426,Sean Rattay,Sean Rattay,G,G,exact_name,100
2019,55554,4241690,TEXAS ST,326,Reece Jordan,Reece Jordan,C,OL,exact_name,100
2019,55555,4259645,USC,30,Brett Neilon,Brett Neilon,C,OL,exact_name,100
2019,55558,4240341,WYOMING,2751,Logan Harris,Logan Harris,G,G,exact_name,100
2019,55559,4240328,WYOMING,2751,Patrick Arnold,Patrick Arnold,G,G,exact_name,100
2019,55567,4245660,ARIZONA,12,Malik Hausman,Malik Hausman,CB,DB,exact_name,100
2019,55569,4245662,WYOMING,2751,Azizi Hearn,Azizi Hearn,CB,DB,exact_name,100
2019,55572,4244740,BALL ST,2050,Antonio Phillips,Antonio Phillips,CB,CB,exact_name,100
2019,55574,4259167,ARIZONA ST,9,Timarcus Davis,Timarcus Davis,CB,DB,exact_name,100
2019,55576,4259170,TEMPLE,218,Harrison Hand,Harrison Hand,CB,CB,exact_name,100
2019,55585,4240000,CLEMSON,228,LeAnthony Williams,LeAnthony Williams,CB,CB,exact_name,100
2019,55586,4239995,CLEMSON,228,A.J. Terrell,A.J. Terrell,CB,CB,exact_name,100
2019,55588,4243169,COLORADO,38,Chris Miller,Chris Miller,CB,S,exact_name,100
2019,55589,4240459,DUKE,150,Josh Blackwell,Josh Blackwell,CB,CB,exact_name,100
2019,55592,4240595,FLORIDA,57,Marco Wilson,Marco Wilson,CB,DB,exact_name,100
2019,55593,4240596,FLORIDA,57,CJ Henderson,CJ Henderson,CB,DB,exact_name,100
2019,55596,4242994,FRESNO ST,278,Wylan Free,Wylan Free,S,DB,exact_name,100
2019,55610,4241294,KANSAS,2305,Hasan Defense,Hasan Defense,CB,CB,exact_name,100
2019,55614,4240779,KENTUCKY,96,Cedrick Dort Jr.,Cedrick Dort Jr.,CB,CB,exact_name,100
2019,55623,4258416,LA MONROE,2433,Corey Straughter,Corey Straughter,CB,CB,exact_name,100
2019,55626,4258411,LA MONROE,2433,Rhoy Williams,Rhoy Williams,CB,CB,exact_name,100
2019,55628,4240077,LOUISVILLE,97,Anthony Johnson,Anthony Johnson,CB,DB,exact_name,100
2019,55629,4240071,LOUISVILLE,97,Russ Yeast,Russ Yeast,S,DB,exact_name,100
2019,55630,4242209,LSU,99,Jontre Kirklin,Jontre Kirklin,WR,WR,exact_name,100
2019,55631,4242211,LSU,99,Kary Vincent Jr.,Kary Vincent Jr.,CB,S,exact_name,100
2019,55632,4240631,MIAMI FL,2390,DeeJay Dallas,DeeJay Dallas,HB,RB,exact_name,100
2019,55633,4241973,MICH STATE,127,Tre Person,Tre Person,CB,S,exact_name,100
2019,55634,4241977,MICH STATE,127,Josiah Scott,Josiah Scott,CB,CB,exact_name,100
2019,55635,4241955,MICH STATE,127,Emmanuel Flowers,Emmanuel Flowers,S,S,exact_name,100
2019,55648,4240656,N CAROLINA,153,Tre Shaw,Tre Shaw,CB,DB,exact_name,100
2019,55650,4240100,NC STATE,152,Chris Ingram,Chris Ingram,CB,CB,exact_name,100
2019,55666,4071030,NOTRE DAME,87,Temitope Agoro,Temitope Agoro,CB,CB,exact_name,100
2019,55667,4260941,OHIO,195,Marlin Brooks,Marlin Brooks,CB,CB,exact_name,100
2019,55668,4260939,OHIO,195,Tariq Drake,Tariq Drake,CB,S,exact_name,100
2019,55669,4260931,OHIO,195,Jamal Hudson,Jamal Hudson,CB,CB,exact_name,100
2019,55670,4260933,OHIO,195,De'Vante Mitchell,De'Vante Mitchell,CB,S,exact_name,100
2019,55671,4241994,OHIO STATE,194,Marcus Williamson,Marcus Williamson,CB,CB,exact_name,100
2019,55672,4241989,OHIO STATE,194,Amir Riep,Amir Riep,CB,CB,exact_name,100
2019,55673,4241995,OHIO STATE,194,Shaun Wade,Shaun Wade,CB,CB,exact_name,100
2019,55677,4241373,OKLAHOMA,201,Tre Brown,Tre Brown,CB,CB,exact_name,100
2019,55678,4241370,OKLAHOMA,201,Justin Broiles,Justin Broiles,CB,DB,exact_name,100
2019,55683,4243488,DOMINION,295,Geronda Hall,Geronda Hall,CB,CB,exact_name,100
2019,55685,4242485,OREGON,2483,Thomas Graham Jr.,Thomas Graham Jr.,CB,CB,exact_name,100
2019,55686,4242488,OREGON,2483,Deommodore Lenoir,Deommodore Lenoir,CB,CB,exact_name,100
2019,55687,4259600,PENN STATE,213,Donovan Johnson,Donovan Johnson,CB,CB,exact_name,100
2019,55688,4259587,PENN STATE,213,DJ Brown,DJ Brown,CB,DB,exact_name,100
2019,55689,4259590,PENN STATE,213,Tariq Castro-Fields,Tariq Castro-Fields,CB,CB,exact_name,100
2019,55690,4240382,PENN STATE,213,Lamont Wade,Lamont Wade,S,S,exact_name,100
2019,55691,4260390,PURDUE,2509,Dedrick Mackey,Dedrick Mackey,CB,CB,exact_name,100
2019,55692,4260398,PURDUE,2509,Kenneth Major,Kenneth Major,CB,CB,exact_name,100
2019,55696,4243768,SMU,2567,Justin Guy-Robinson,Justin Guy-Robinson,CB,CB,exact_name,100
2019,55698,4249424,DOMINION,295,Tobias Moss,Tobias Moss,CB,S,exact_name,100
2019,55711,4241803,TCU,2628,Keenan Reed,Keenan Reed,CB,S,exact_name,100
2019,55713,4241676,TEXAS ST,326,Kordell Rodgers,Kordell Rodgers,CB,TE,exact_name,100
2019,55718,4241729,TROY,2653,Shon Spralling,Shon Spralling,CB,DB,exact_name,100
2019,55720,4262106,TROY,2653,Orlando Lacey,Orlando Lacey,CB,LB,exact_name,100
2019,55721,4243912,TULANE,2655,Jaylon Monroe,Jaylon Monroe,CB,CB,exact_name,100
2019,55722,4243909,TULANE,2655,Willie Langham,Willie Langham,CB,CB,exact_name,100
2019,55727,4239769,UAB,5,Grayson Cash,Grayson Cash,S,S,exact_name,100
2019,55734,4259635,USC,30,Greg Johnson,Greg Johnson,CB,S,exact_name,100
2019,55735,4259225,UTAH ST,328,Andre Grayson,Andre Grayson,CB,CB,exact_name,100
2019,55736,4259226,UTAH ST,328,Zahodri Jackson,Zahodri Jackson,CB,DB,exact_name,100
2019,55737,4259228,UTAH ST,328,Jarrod Green,Jarrod Green,CB,S,exact_name,100
2019,55738,4240059,TEXAS TECH,2641,Ja'Marcus Ingram,Ja'Marcus Ingram,CB,DB,exact_name,100
2019,55742,4245192,UTSA,2636,Vance Vallair,Vance Vallair,S,S,exact_name,100
2019,55747,4242336,WISCONSIN,275,Madison Cone,Madison Cone,CB,S,exact_name,100
2019,55748,4242333,WISCONSIN,275,Faion Hicks,Faion Hicks,CB,CB,exact_name,100
2019,55749,4240329,WYOMING,2751,Keyon Blankenbaker,Keyon Blankenbaker,CB,DB,exact_name+posgroup,98
2019,55750,4240333,WYOMING,2751,C.J. Coldon Jr.,C.J. Coldon,CB,DB,exact_name,100
2019,55761,4239965,AIR FORCE,2005,Zane Lewis,Zane Lewis,CB,DB,exact_name,100
2019,55762,4239967,AIR FORCE,2005,Grant Theil,Grant Theil,CB,DB,exact_name,100
2019,55763,4261086,AIR FORCE,2005,Jeremy Fejedelem,Jeremy Fejedelem,S,DB,exact_name,100
2019,55764,4239973,AIR FORCE,2005,Garrett Kauppila,Garrett Kauppila,S,DB,exact_name,100
2019,55765,4239969,AIR FORCE,2005,Benjamin Waters,Benjamin Waters,TE,WR,exact_name,100
2019,55767,4240144,AKRON,2006,Jordyn Riley,Jordyn Riley,CB,DB,exact_name,100
2019,55769,4260313,AKRON,2006,Zaire Jacobs,Zaire Jacobs,S,S,exact_name,100
2019,55770,4260309,AKRON,2006,Jerome Cooper,Jerome Cooper,HB,DB,exact_name,100
2019,55772,4241484,ALABAMA,333,Daniel Wright,Daniel Wright,S,DB,exact_name,100
2019,55774,4241469,CINCINNATI,2132,Kyriq McDonald,Kyriq McDonald,CB,S,exact_name,100
2019,55775,4241470,ALABAMA,333,Xavier McKinney,Xavier McKinney,S,DB,exact_name,100
2019,55783,4241008,APP STATE,2026,Shaun Jolly,Shaun Jolly,CB,DB,exact_name,100
2019,55785,4241009,APP STATE,2026,Steven Jones Jr.,Steven Jones Jr.,CB,DB,exact_name,100
2019,55786,4241006,APP STATE,2026,Ryan Huff,Ryan Huff,S,DB,exact_name,100
2019,55787,4242872,ARIZONA ST,9,Kobe Williams,Kobe Williams,CB,DB,exact_name,100
2019,55791,4256901,MEMPHIS,235,Joey Bryant,Joey Bryant,CB,DB,exact_name,100
2019,55792,4242876,ARIZONA ST,9,Darien Cornay,Darien Cornay,S,DB,exact_name,100
2019,55793,4242874,ARIZONA ST,9,Evan Fields,Evan Fields,S,DB,exact_name,100
2019,55795,4242166,ARKANSAS,8,Jarques McClellion,Jarques McClellion,CB,DB,exact_name,100
2019,55797,4242149,ARKANSAS,8,Montaric Brown,Montaric Brown,CB,DB,exact_name,100
2019,55799,4242150,SMU,2567,Chevin Calloway,Chevin Calloway,S,S,exact_name,100
2019,55800,4242154,ARKANSAS,8,Kamren Curl,Kamren Curl,S,DB,exact_name,100
2019,55801,4241071,ARK STATE,2032,Colby Sigears,Colby Sigears,ED,CB,exact_name,100
2019,55803,4259622,ARK STATE,2032,Demari Medley,Demari Medley,CB,DB,exact_name,100
2019,55808,4241074,UAB,5,Larry Wooden,Larry Wooden,HB,RB,exact_name,100
2019,55809,4258483,ARMY,349,Chris Skyers,Chris Skyers,S,DB,exact_name,100
2019,55811,4258457,ARMY,349,Javhari Bourdeau,Javhari Bourdeau,CB,DB,exact_name,100
2019,55815,4258443,ARMY,349,Dean Ngendakuriyo,Dean Ngendakuriyo,CB,DB,exact_name,100
2019,55822,4059822,AUBURN,2,Devin Guice,Devin Guice,CB,S,exact_name,100
2019,55823,4242514,AUBURN,2,Malcolm Askew,Malcolm Askew,S,DB,exact_name,100
2019,55824,4242513,AUBURN,2,Jordyn Peters,Jordyn Peters,CB,DB,exact_name,100
2019,55827,4059826,AUBURN,2,Jacob Rogers,Jacob Rogers,S,DB,exact_name,100
2019,55829,4239943,BOSTON COL,103,Brandon Sebastian,Brandon Sebastian,CB,DB,exact_name,100
2019,55830,4239940,BOSTON COL,103,Jahmin Muse,Jahmin Muse,S,S,exact_name,100
2019,55832,4035745,BOWL GREEN,189,Ty Redding,Ty Redding,CB,DB,exact_name,100
2019,55835,4244033,BOWL GREEN,189,Cedric Mitchell,Cedric Mitchell,S,DB,exact_name,100
2019,55836,4244035,BOWL GREEN,189,Sy Dabney,Sy Dabney,S,DB,exact_name,100
2019,55850,4241917,CHARLOTTE,2429,Marquavis Gibbs,Marquavis Gibbs,S,DB,exact_name,100
2019,55851,4259281,CHARLOTTE,2429,Christian Haynes,Christian Haynes,CB,DB,exact_name,100
2019,55853,4259209,CLEMSON,228,Josh Jackson,Josh Jackson,WR,WR,exact_name,100
2019,55854,4243171,COLORADO,38,Isaiah Lewis,Isaiah Lewis,S,S,exact_name,100
2019,55860,4239394,E CAROLINA,151,Delvontae Harris,Delvontae Harris,LB,LB,exact_name,100
2019,55861,4239407,E CAROLINA,151,Davondre Robinson,Davondre Robinson,S,DB,exact_name,100
2019,55877,4259435,FLORIDA,57,Patrick Moorer,Patrick Moorer,CB,CB,exact_name,100
2019,55878,4240621,FLORIDA,57,Austin Perry,Austin Perry,CB,DB,exact_name,100
2019,55882,4240602,FLORIDA,57,Shawn Davis,Shawn Davis,S,DB,exact_name,100
2019,55892,-1010818,FLORIDA ST,52,Joseph Schergen,Joseph Schergen,CB,DB,exact_name,100
2019,55893,4240024,FLORIDA ST,52,Stanford Samuels III,Stanford Samuels III,CB,DB,exact_name,100
2019,55895,4240027,FLORIDA ST,52,Cyrus Fagan,Cyrus Fagan,S,S,exact_name,100
2019,55898,4240030,FLORIDA ST,52,Hamsah Nasirildeen,Hamsah Nasirildeen,S,DB,exact_name,100
2019,55906,4242991,FRESNO ST,278,Chris Coleman,Chris Coleman,CB,WR,exact_name,100
2019,55907,4242998,FRESNO ST,278,Chris Gaston,Chris Gaston,CB,DB,exact_name,100
2019,55908,4242996,FRESNO ST,278,Arron Mosby,Arron Mosby,LB,DE,exact_name,100
2019,55911,4259557,GEORGIA,61,William Poole,William Poole,CB,DB,exact_name,100
2019,55912,4259561,GEORGIA,61,Eric Stokes,Eric Stokes,CB,DB,exact_name,100
2019,55915,4259559,GEORGIA,61,Latavious Brini,Latavious Brini,S,DB,exact_name,100
2019,55918,4259546,GEORGIA,61,Ameer Speed,Ameer Speed,CB,CB,exact_name,100
2019,55930,4240256,HOUSTON,248,D.J. Small,D.J. Small,CB,CB,exact_name,100
2019,55931,4240252,UAB,5,Devodric Bynum,Devodric Bynum,CB,CB,exact_name,100
2019,55933,4240255,HOUSTON,248,Grant Stuard,Grant Stuard,S,LB,exact_name,100
2019,55940,4247726,CINCINNATI,2132,Bryan Cook,Bryan Cook,S,S,exact_name,100
2019,55948,4240542,ILLINOIS,356,Nate Hobbs,Nate Hobbs,CB,DB,exact_name,100
2019,55949,4240541,ILLINOIS,356,Dawson DeGroot,Dawson DeGroot,LB,LB,exact_name,100
2019,55950,4240544,ILLINOIS,356,Nolan Bernat,Nolan Bernat,CB,DB,exact_name,100
2019,55952,4240546,ILLINOIS,356,Michael Marchese,Michael Marchese,S,TE,exact_name,100
2019,55953,4240532,ILLINOIS,356,Tony Adams,Tony Adams,CB,DB,exact_name,100
2019,55956,4260372,ILLINOIS,356,Alec McEachern,Alec McEachern,LB,LB,exact_name,100
2019,55958,4258234,INDIANA,84,Juwan Burgess,Juwan Burgess,S,DB,exact_name,100
2019,55960,4258237,INDIANA,84,Raheem Layne,Raheem Layne,CB,DB,exact_name,100
2019,55961,4258242,INDIANA,84,Bryant Fitzgerald,Bryant Fitzgerald,S,DB,exact_name,100
2019,55963,4240574,IOWA,2294,Matt Hankins,Matt Hankins,CB,DB,exact_name,100
2019,55966,4059344,IOWA,2294,Wes Dvorak,Wes Dvorak,S,DB,exact_name,100
2019,55967,4240575,IOWA,2294,Geno Stone,Geno Stone,S,DB,exact_name,100
2019,55969,4241244,IOWA STATE,66,Datrone Young,Datrone Young,CB,DB,exact_name,100
2019,55970,4241239,IOWA STATE,66,Keontae Jones,Keontae Jones,CB,DB,exact_name,100
2019,55972,4241240,IOWA STATE,66,Richard Bowens III,Richard Bowens III,S,DB,exact_name,100
2019,55981,4241335,KANSAS ST,2306,Ross Elder,Ross Elder,S,DB,exact_name,100
2019,55986,4241350,KANSAS ST,2306,Jahron McPherson,Jahron McPherson,CB,DB,exact_name,100
2019,55987,4567482,HOUSTON,248,Gervarrius Owens,Gervarrius Owens,CB,DB,exact_name,100
2019,55989,4241329,KANSAS ST,2306,Daron Bowles,Daron Bowles,S,DB,exact_name,100
2019,55990,4046590,KANSAS ST,2306,Brock Monty,Brock Monty,S,DB,exact_name,100
2019,55992,4244065,KENT STATE,2309,Elvis Hines,Elvis Hines,CB,CB,exact_name,100
2019,55993,4244066,KENT STATE,2309,Raymond James,Raymond James,WR,WR,exact_name,100
2019,55995,4259975,KENTUCKY,96,Tyrell Ajian,Tyrell Ajian,S,DB,exact_name,100
2019,55996,4259980,KENTUCKY,96,Yusuf Corker,Yusuf Corker,S,DB,exact_name,100
2019,55997,4240784,KENTUCKY,96,Brett Slusher,Brett Slusher,WR,WR,exact_name,100
2019,56024,4244846,MARSHALL,276,Kereon Merrell,Kereon Merrell,CB,DB,exact_name,100
2019,56029,4241920,MARYLAND,120,Fofie Bazzie,Fofie Bazzie,S,DB,exact_name,100
2019,56031,4241922,MARYLAND,120,Deon Jones,Deon Jones,S,S,exact_name,100
2019,56032,4241928,MARYLAND,120,Kenny Bennett,Kenny Bennett,CB,DB,exact_name,100
2019,56036,3937141,MEMPHIS,235,Ladarius Jordan,Ladarius Jordan,CB,DB,exact_name,100
2019,56037,4360292,MEMPHIS,235,T.J. Carter,T.J. Carter,CB,S,exact_name,100
2019,56039,4243363,MEMPHIS,235,La'Andre Thomas,La'Andre Thomas,S,CB,exact_name,100
2019,56040,4257345,MEMPHIS,235,Carlito Gonzalez,Carlito Gonzalez,S,DB,exact_name,100
2019,56043,4243372,MEMPHIS,235,Sanchez Blake Jr.,Sanchez Blake Jr.,S,DB,exact_name,100
2019,56044,4243373,MEMPHIS,235,Xavier Cullens,Xavier Cullens,LB,LB,exact_name,100
2019,56045,4240624,MIAMI FL,2390,Trajan Bandy,Trajan Bandy,CB,DB,exact_name,100
2019,56049,4240627,MIAMI FL,2390,Amari Carter,Amari Carter,S,S,exact_name,100
2019,56051,4244320,MIAMI OH,193,Bart Baratti,Bart Baratti,LB,DB,exact_name,100
2019,56053,4244298,MIAMI OH,193,Mitchell Burton,Mitchell Burton,HB,RB,exact_name,100
2019,56054,4244310,MIAMI OH,193,Mike Brown,Mike Brown,CB,DB,exact_name,100
2019,56055,4244299,MIAMI OH,193,Sterling Weatherford,Sterling Weatherford,S,DB,exact_name,100
2019,56057,4258185,MICHIGAN,130,Jaylen Kelly-Powell,Jaylen Kelly-Powell,CB,S,exact_name,100
2019,56058,4258209,MICHIGAN,130,Ambry Thomas,Ambry Thomas,CB,DB,exact_name,100
2019,56059,4258192,MICHIGAN,130,Jake McCurry,Jake McCurry,WR,WR,exact_name,100
2019,56060,4258196,MICHIGAN,130,Hunter Reynolds,Hunter Reynolds,S,S,exact_name,100
2019,56061,4258206,MINNESOTA,135,Benjamin St-Juste,Benjamin St-Juste,CB,DB,exact_name,100
2019,56062,4258211,MICHIGAN,130,J'Marick Woods,J'Marick Woods,LB,S,exact_name,100
2019,56063,4258179,MICHIGAN,130,Brad Hawkins,Brad Hawkins,S,DB,exact_name,100
2019,56064,4241950,MICH STATE,127,Shakur Brown,Shakur Brown,CB,CB,exact_name,100
2019,56065,4243956,MIDDLE TN,2393,Reed Blankenship,Reed Blankenship,S,S,exact_name,100
2019,56068,4243958,MIDDLE TN,2393,Raheme Fuller,Raheme Fuller,CB,S,exact_name,100
2019,56070,4243965,MIDDLE TN,2393,Cody Smith,Cody Smith,LB,LB,exact_name,100
2019,56071,4243954,MIDDLE TN,2393,Wayne Parks,Wayne Parks,ED,LB,exact_name,100
2019,56072,4259916,OLE MISS,145,Ty Rocconi,Ty Rocconi,S,DB,exact_name,100
2019,56075,4259906,OLE MISS,145,C.J. Miller,C.J. Miller,S,DB,exact_name,100
2019,56085,4241198,MISSOURI,142,Adam Sparks,Adam Sparks,CB,DB,exact_name,100
2019,56087,4259832,MISSOURI,142,Zion Sales,Zion Sales,CB,DB,exact_name,100
2019,56098,4243718,NAVY,2426,Marcus Wiggins,Marcus Wiggins,CB,CB,exact_name,100
2019,56102,4241609,NEVADA,2440,Berdale Robins,Berdale Robins,CB,DB,exact_name,100
2019,56105,4241582,NEVADA,2440,Austin Arnold,Austin Arnold,S,DB,exact_name,100
2019,56107,4241611,UTAH,254,Nephi Sewell,Nephi Sewell,S,LB,exact_name,100
2019,56131,4242271,NWESTERN,77,Cameron Ruiz,Cameron Ruiz,CB,CB,exact_name,100
2019,56133,4260386,NWESTERN,77,Donovan Sermons,Donovan Sermons,CB,DB,exact_name,100
2019,56134,4242272,NWESTERN,77,Bryce Jackson,Bryce Jackson,S,DB,exact_name,100
2019,56138,4258600,NOTRE DAME,87,Patrick Pelini,Patrick Pelini,S,S,exact_name,100
2019,56142,4240705,PITTSBURGH,221,Paris Ford,Paris Ford,S,DB,exact_name,100
2019,56143,4240707,PITTSBURGH,221,Damarri Mathis,Damarri Mathis,CB,DB,exact_name,100
2019,56144,4240706,PITTSBURGH,221,Jason Pinnock,Jason Pinnock,CB,DB,exact_name,100
2019,56145,3895796,PITTSBURGH,221,Jazzee Stocker,Jazzee Stocker,S,DB,exact_name,100
2019,56146,4259300,RUTGERS,164,Tre Avery,Tre Avery,CB,DB,exact_name,100
2019,56149,4259312,RUTGERS,164,Rani Abdulaziz,Rani Abdulaziz,CB,DB,exact_name,100
2019,56150,4259313,RUTGERS,164,Tim Barrow,Tim Barrow,S,DB,exact_name,100
2019,56200,4240397,SYRACUSE,183,Eric Coley,Eric Coley,S,DB,exact_name,100
2019,56203,4240401,SYRACUSE,183,Ifeatu Melifonwu,Ifeatu Melifonwu,CB,DB,exact_name,100
2019,56204,4258617,SYRACUSE,183,Kevin Nusdeo,Kevin Nusdeo,LB,DB,exact_name,100
2019,56207,4257580,TEMPLE,218,Christian Braswell,Christian Braswell,CB,DB,exact_name,100
2019,56208,4257582,TEMPLE,218,Ty Mason,Ty Mason,CB,CB,exact_name,100
2019,56209,4257578,TEMPLE,218,Josh Allen,Josh Allen,CB,CB,exact_name,100
2019,56212,4257579,TEMPLE,218,George Reid,George Reid,LB,LB,exact_name,100
2019,56215,4262193,TEXAS,251,Kobe Boyce,Kobe Boyce,CB,DB,exact_name,100
2019,56217,4262194,TEXAS,251,Montrell Estell,Montrell Estell,S,WR,exact_name,100
2019,56218,4259346,TEXAS,251,Josh Thompson,Josh Thompson,CB,DB,exact_name,100
2019,56219,4262195,TEXAS,251,Hank Coutoumanos,Hank Coutoumanos,S,DB,exact_name,100
2019,56220,4240903,TEXAS A&M,245,Myles Jones,Myles Jones,CB,CB,exact_name,100
2019,56221,4240908,TEXAS A&M,245,Devin Morris,Devin Morris,S,DB,exact_name,100
2019,56222,4240907,TEXAS A&M,245,Keldrick Carper,Keldrick Carper,S,DB,exact_name,100
2019,56223,4240912,TEXAS A&M,245,Debione Renfro,Debione Renfro,CB,DB,exact_name,100
2019,56224,4240898,TEXAS A&M,245,Derrick Tucker,Derrick Tucker,S,S,exact_name,100
2019,56227,4241832,TEXAS TECH,2641,Thomas Leggett,Thomas Leggett,S,DB,exact_name,100
2019,56228,4259377,TEXAS TECH,2641,Jax Welch,Jax Welch,HB,RB,exact_name,100
2019,56233,4241834,TEXAS TECH,2641,Adrian Frye,Adrian Frye,CB,DB,exact_name,100
2019,56234,3924129,UAB,5,Keilan Knight,Keilan Knight,TE,TE,exact_name,100
2019,56242,4249132,UCLA,26,Shea Pitts,Shea Pitts,ED,LB,exact_name,100
2019,56243,4249119,UCLA,26,Elijah Gates,Elijah Gates,CB,DB,exact_name,100
2019,56244,4249122,UCLA,26,Jay Shaw,Jay Shaw,CB,CB,exact_name,100
2019,56245,4249128,UCLA,26,Quentin Lake,Quentin Lake,S,DB,exact_name,100
2019,56246,4249118,UCLA,26,Mo Osling III,Mo Osling III,CB,DB,exact_name,100
2019,56247,4242973,UCLA,26,Darnay Holmes,Darnay Holmes,CB,DB,exact_name,100
2019,56253,4261651,UNLV,2439,Kyle Moses,Kyle Moses,CB,DB,exact_name,100
2019,56254,4242466,UNLV,2439,Demitrious Gibbs,Demitrious Gibbs,S,DB,exact_name,100
2019,56256,4261647,UNLV,2439,Greg Francis,Greg Francis,S,DB,exact_name,100
2019,56258,4243259,UTAH,254,Dylan Slavens,Dylan Slavens,WR,WR,exact_name,100
2019,56259,4243253,UTAH,254,Jaylon Johnson,Jaylon Johnson,CB,DB,exact_name,100
2019,56262,4243250,UTAH,254,Javelin Guidry,Javelin Guidry,CB,DB,exact_name,100
2019,56264,4249092,UTAH,254,Josh Nurse,Josh Nurse,CB,DB,exact_name,100
2019,56273,4242651,VANDERBILT,238,Tae Daley,Tae Daley,S,S,exact_name,100
2019,56274,4242656,VANDERBILT,238,Randall Haynie,Randall Haynie,CB,CB,exact_name,100
2019,56275,4242655,VANDERBILT,238,Allan George,Allan George,CB,CB,exact_name,100
2019,56289,4243332,WASHINGTON,264,Keith Taylor Jr.,Keith Taylor,CB,DB,exact_name,100
2019,56290,4243328,WASHINGTON,264,Elijah Molden,Elijah Molden,CB,DB,exact_name,100
2019,56291,4243327,WASHINGTON,264,Brandon McKinney,Brandon McKinney,S,S,exact_name,100
2019,56320,4240145,AKRON,2006,Justin Sampson,Justin Sampson,ED,LB,exact_name,100
2019,56321,4259370,ARIZONA,12,Jalen Harris,Jalen Harris,ED,DL,exact_name,100
2019,56325,4245702,ARIZONA,12,Kylan Wilborn,Kylan Wilborn,ED,LB,exact_name,100
2019,56327,4244712,BALL ST,2050,Christian Albright,Christian Albright,ED,LB,exact_name,100
2019,56328,4244746,BALL ST,2050,Jordan Williams,Jordan Williams,LB,TE,exact_name,100
2019,56332,4259182,BAYLOR,239,Cole Maxwell,Cole Maxwell,DI,DL,exact_name,100
2019,56333,4239957,BOSTON COL,103,Marcus Valdez,Marcus Valdez,ED,DE,exact_name,100
2019,56338,4240002,CLEMSON,228,Logan Rudolph,Logan Rudolph,ED,DE,exact_name,100
2019,56340,4240001,CLEMSON,228,Justin Foster,Justin Foster,ED,DE,exact_name,100
2019,56341,4240012,CLEMSON,228,James Edwards,James Edwards,DI,DT,exact_name,100
2019,56342,4240011,CLEMSON,228,Jacob Edwards,Jacob Edwards,DI,OL,exact_name,100
2019,56343,4243183,COLORADO,38,Terrance Lang,Terrance Lang,ED,DE,exact_name,100
2019,56345,4240475,DUKE,150,Chris Rumph II,Chris Rumph II,ED,DE,exact_name,100
2019,56346,4240471,DUKE,150,Drew Jordan,Drew Jordan,ED,DE,exact_name,100
2019,56347,4240464,DUKE,150,Victor Dimukeje,Victor Dimukeje,ED,DE,exact_name,100
2019,56353,4240026,FLORIDA ST,52,Joshua Kaindoh,Joshua Kaindoh,ED,DE,exact_name,100
2019,56354,4246251,FRESNO ST,278,Kwami Jones,Kwami Jones,ED,DE,exact_name,100
2019,56369,4240585,IOWA,2294,A.J. Epenesa,A.J. Epenesa,ED,DE,exact_name,100
2019,56373,4241266,IOWA STATE,66,Ben Latusek,Ben Latusek,TE,TE,exact_name,100
2019,56375,4241264,IOWA STATE,66,Matt Leo,Matt Leo,ED,DE,exact_name,100
2019,56376,4241323,KANSAS,2305,Jelani Arnold,Jelani Arnold,ED,DL,exact_name,100
2019,56378,4241311,KANSAS,2305,Willie McCaleb,Willie McCaleb,ED,DE,exact_name,100
2019,56379,4241315,KANSAS,2305,Sam Burt,Sam Burt,DI,DL,exact_name,100
2019,56381,4046587,KANSAS ST,2306,Bronson Massie,Bronson Massie,ED,DE,exact_name,100
2019,56383,4241344,KANSAS ST,2306,Wyatt Hubert,Wyatt Hubert,ED,DE,exact_name,100
2019,56384,4244089,KENT STATE,2309,Zayin West,Zayin West,DI,DE,exact_name,100
2019,56400,4242235,LSU,99,Justin Thomas,Justin Thomas,DI,LB,exact_name,100
2019,56401,4242234,LSU,99,Neil Farrell Jr.,Neil Farrell Jr.,DI,DE,exact_name,100
2019,56405,4241972,VANDERBILT,238,Lashawn Paulino-Bell,Lashawn Paulino-Bell,ED,LB,exact_name,100
2019,56407,4241971,MICH STATE,127,Jacub Panasiuk,Jacub Panasiuk,ED,DE,exact_name,100
2019,56409,4242430,OLE MISS,145,Ryder Anderson,Ryder Anderson,DI,DL,exact_name,100
2019,56413,4243742,NAVY,2426,Jackson Perkins,Jackson Perkins,ED,DT,exact_name,100
2019,56415,4243745,NAVY,2426,Tobe Okafor,Tobe Okafor,DI,DT,exact_name,100
2019,56418,4261506,NEVADA,2440,Jaden Lewis,Jaden Lewis,ED,DE,exact_name,100
2019,56419,4240660,N CAROLINA,153,Jake Lawler,Jake Lawler,ED,LB,exact_name,100
2019,56421,4240127,NC STATE,152,Xavier Lyas,Xavier Lyas,ED,DE,exact_name,100
2019,56423,4240110,NC STATE,152,Ibrahim Kante,Ibrahim Kante,ED,DE,exact_name,100
2019,56428,4242292,NWESTERN,77,Earnest Brown IV,Earnest Brown IV,ED,DL,exact_name,100
2019,56429,4242288,NWESTERN,77,Trevor Kent,Trevor Kent,DI,DE,exact_name,100
2019,56436,4241986,OHIO STATE,194,Chase Young,Chase Young,ED,DE,exact_name,100
2019,56438,4241379,OREGON ST,204,Addison Gumbs,Addison Gumbs,ED,LB,exact_name,100
2019,56439,4241419,OKLA STATE,197,Brock Martin,Brock Martin,LB,DE,exact_name,100
2019,56440,4243509,DOMINION,295,James Valle III,James Valle III,ED,DE,exact_name,100
2019,56441,4243507,DOMINION,295,Marcus Haynes,Marcus Haynes,ED,DE,exact_name,100
2019,56443,4259583,PENN STATE,213,Damion Barber,Damion Barber,DI,DL,exact_name,100
2019,56444,4259594,PENN STATE,213,Yetur Gross-Matos,Yetur Gross-Matos,ED,DE,exact_name,100
2019,56445,4260402,PURDUE,2509,Robert McWilliams III,Robert McWilliams,ED,DE,exact_name,100
2019,56446,4242304,PURDUE,2509,Kai Higgins,Kai Higgins,DI,DE,exact_name,100
2019,56447,4260418,PURDUE,2509,Giovanni Reviere,Giovanni Reviere,DI,DE,exact_name,100
2019,56455,4261318,TEXAS ST,326,Emmanuel Galvan-Vazquez,Emmanuel Galvan-Vazquez,DI,DL,exact_name,100
2019,56458,4243920,TULANE,2655,Torri Singletary Jr.,Torri Singletary Jr.,ED,DE,exact_name,100
2019,56459,4568347,AKRON,2006,Michael Scott,Michael Scott,ED,LB,exact_name,100
2019,56460,4243916,TULANE,2655,Patrick Johnson,Patrick Johnson,ED,DE,exact_name,100
2019,56465,4259243,UTAH ST,328,Devon Anderson,Devon Anderson,DI,DT,exact_name,100
2019,56472,4245215,UTSA,2636,Jaylon Haynes,Jaylon Haynes,DI,DL,exact_name,100
2019,56484,4242358,WISCONSIN,275,Matt Henningsen,Matt Henningsen,DI,DE,exact_name,100
2019,56485,4242349,WISCONSIN,275,Aaron Vopal,Aaron Vopal,G,OL,exact_name,100
2019,56486,4240344,WYOMING,2751,Victor Jones,Victor Jones,DI,DL,exact_name,100
2019,56498,4261087,AIR FORCE,2005,Mosese Fifita,Mosese Fifita,DI,DL,exact_name,100
2019,56500,4240132,AKRON,2006,Deandre Brimage,DeAndre Brimage,ED,DL,exact_name,100
2019,56501,4241473,ALABAMA,333,LaBryan Ray,LaBryan Ray,ED,DL,exact_name,100
2019,56504,4241468,ALABAMA,333,Phidarian Mathis,Phidarian Mathis,DI,DL,exact_name,100
2019,56513,4241011,APP STATE,2026,Demetrius Taylor,Demetrius Taylor,ED,DL,exact_name,100
2019,56515,4245483,APP STATE,2026,E.J. Scott,E.J. Scott,DI,DL,exact_name,100
2019,56520,4242887,ARIZONA ST,9,Tyler Johnson,Tyler Johnson,ED,DL,exact_name,100
2019,56522,4242898,ARIZONA ST,9,Shannon Forman,Shannon Forman,DI,DL,exact_name,100
2019,56523,4242899,ARIZONA ST,9,D.J. Davidson,D.J. Davidson,DI,DL,exact_name,100
2019,56525,4242174,ARKANSAS,8,David Porter,David Porter,ED,DL,exact_name,100
2019,56526,4259621,ARK STATE,2032,Wyatt Luebke,Wyatt Luebke,T,OL,exact_name,100
2019,56528,4241067,ARK STATE,2032,Hunter Moreton,Hunter Moreton,DI,DL,exact_name,100
2019,56530,4241052,ARK STATE,2032,Tony Adams,Tony Adams,DI,DL,exact_name,100
2019,56535,4258508,ARMY,349,Jack Hough,Jack Hough,DI,DL,exact_name,100
2019,56542,4258506,ARMY,349,Edriece Patterson,Edriece Patterson,ED,DL,exact_name,100
2019,56544,4258500,ARMY,349,Nick Stokes,Nick Stokes,DI,DL,exact_name,100
2019,56549,4258502,ARMY,349,Peyton Reeder,Peyton Reeder,C,OL,exact_name,100
2019,56550,4242537,AUBURN,2,Alec Jackson,Alec Jackson,T,OL,exact_name,100
2019,56551,4242529,AUBURN,2,Tashawn Manning,Tashawn Manning,G,OL,exact_name,100
2019,56552,4242538,AUBURN,2,Tyrone Truesdell,Tyrone Truesdell,DI,DT,exact_name,100
2019,56553,4244747,BALL ST,2050,Kyle Williams,Kyle Williams,DI,DT,exact_name,100
2019,56554,4239955,BOSTON COL,103,Nate Emer,Nate Emer,T,OL,exact_name,100
2019,56555,4244043,BOWL GREEN,189,Walter Haire,Walter Haire,DI,DL,exact_name,100
2019,56557,4244036,BOWL GREEN,189,Jordan Murphy,Jordan Murphy,DI,DL,exact_name,100
2019,56572,4259295,CHARLOTTE,2429,Isaiah Harris,Isaiah Harris,TE,DE,exact_name,100
2019,56574,4259292,CHARLOTTE,2429,Tim Baten,Tim Baten,G,DL,exact_name,100
2019,56615,4259574,GEORGIA,61,Kolby Wyatt,Kolby Wyatt,TE,DL,exact_name,100
2019,56616,4259547,GEORGIA,61,Malik Herring,Malik Herring,ED,DL,exact_name,100
2019,56623,4240260,HOUSTON,248,Alexander Duke,Alexander Duke,ED,DL,exact_name,100
2019,56624,4240269,HOUSTON,248,Payton Turner,Payton Turner,ED,DL,exact_name,100
2019,56625,4240265,HOUSTON,248,Noah Jones,Noah Jones,ED,DL,exact_name,100
2019,56626,4240270,HOUSTON,248,Blake Young,Blake Young,DI,DL,exact_name,100
2019,56635,4240560,ILLINOIS,356,Isaiah Gay,Isaiah Gay,ED,LB,exact_name,100
2019,56637,4240563,ILLINOIS,356,Owen Carney,Owen Carney Jr.,ED,LB,exact_name,100
2019,56640,4240559,ILLINOIS,356,Jamal Woods,Jamal Woods,DI,DL,exact_name,100
2019,56641,4240562,ILLINOIS,356,Deon Pate,Deon Pate,DI,LB,exact_name,100
2019,56642,4240548,ILLINOIS,356,Kendrick Green,Kendrick Green,G,OL,exact_name,100
2019,56645,4258253,INDIANA,84,Tramar Reece,Tramar Reece,ED,DL,exact_name,100
2019,56646,4258249,INDIANA,84,Michael Ziemba,Michael Ziemba,ED,LB,exact_name,100
2019,56647,4258250,INDIANA,84,Alfred Bryant,Alfred Bryant,ED,LB,exact_name,100
2019,56648,4258252,INDIANA,84,Britt Beery,Britt Beery,G,OL,exact_name,100
2019,56650,4240447,INDIANA,84,Juan Harris,Juan Harris,DI,DL,exact_name,100
2019,56651,4036136,IOWA,2294,Dalles Jacobus,Dalles Jacobus,DI,DL,exact_name,100
2019,56652,4241265,IOWA STATE,66,Tucker Robertson,Tucker Robertson,ED,DL,exact_name,100
2019,56654,4241259,IOWA STATE,66,Ray Lima,Ray Lima,DI,DL,exact_name,100
2019,56670,4259974,KENTUCKY,96,Abule Abadi-Fitzgerald,Abule Abadi-Fitzgerald,DI,DT,exact_name,100
2019,56673,4259978,KENTUCKY,96,Quinton Bohanna,Quinton Bohanna,DI,DT,exact_name,100
2019,56686,4261936,MARSHALL,276,Jamare Edwards,Jamare Edwards,DI,DL,exact_name,100
2019,56687,4244852,MARSHALL,276,Rodney Croom,Rodney Croom,DI,DL,exact_name,100
2019,56690,4259526,MARYLAND,120,Antonio Dicerbo,Antonio DiCerbo,TE,FB,exact_name,100
2019,56691,4241924,MARYLAND,120,Bryce Brand,Bryce Brand,ED,LB,exact_name,100
2019,56692,4241947,MARYLAND,120,Lawtez Rogers,Lawtez Rogers,DI,DL,exact_name,100
2019,56693,4241943,MARYLAND,120,B'Ahmad Miller,B'Ahmad Miller,DI,DL,exact_name,100
2019,56694,4241935,MARYLAND,120,Brandon Gaddy,Brandon Gaddy,DI,DL,exact_name,100
2019,56697,4241936,MARYLAND,120,Breyon Gaddy,Breyon Gaddy,G,OL,exact_name,100
2019,56699,4257351,MEMPHIS,235,Braylon Brown,Braylon Brown,DI,DL,exact_name,100
2019,56700,4243392,MEMPHIS,235,O'Bryan Goodson,O'Bryan Goodson,DI,DL,exact_name,100
2019,56702,4243391,MEMPHIS,235,Desmond Hawkins,Desmond Hawkins,DI,DL,exact_name,100
2019,56703,4240655,MIAMI FL,2390,Jonathan Garvin,Jonathan Garvin,ED,DL,exact_name,100
2019,56704,4240623,OREGON,2483,DJ Johnson,DJ Johnson,ED,LB,exact_name,100
2019,56705,4259762,MIAMI FL,2390,Jonathan Ford,Jonathan Ford,DI,DL,exact_name,100
2019,56706,4244327,MIAMI OH,193,Andrew Sharp,Andrew Sharp,DI,DL,exact_name,100
2019,56707,4244312,MIAMI OH,193,Josh Maize,Josh Maize,DI,DL,exact_name,100
2019,56712,4244314,MIAMI OH,193,Isaac Hampton,Isaac Hampton,DI,DL,exact_name,100
2019,56713,4258194,MICHIGAN,130,Kwity Paye,Kwity Paye,ED,DL,exact_name,100
2019,56715,4258210,MICHIGAN,130,Luiji Vilain,Luiji Vilain,ED,DL,exact_name,100
2019,56718,4258183,MICHIGAN,130,Donovan Jeter,Donovan Jeter,DI,DL,exact_name,100
2019,56719,4258204,TENNESSEE,2633,Aubrey Solomon,Aubrey Solomon,DI,DL,exact_name,100
2019,56725,4047307,MISSOURI,142,Myles Eaddy,Myles Eaddy,ED,DL,exact_name,100
2019,56726,4241207,MISSOURI,142,Chris Turner,Chris Turner,ED,DL,exact_name,100
2019,56729,4241214,KANSAS,2305,Caleb Sampson,Caleb Sampson,DI,DL,exact_name,100
2019,56730,4241220,MISSOURI,142,Akial Byers,Akial Byers,DI,DL,exact_name,100
2019,56732,4241216,MISSOURI,142,Kobie Whiteside,Kobie Whiteside,DI,DL,exact_name,100
2019,56734,4039052,MISSOURI,142,Jordan Elliott,Jordan Elliott,DI,DL,exact_name,100
2019,56749,4240814,NEBRASKA,158,Deontre Thomas,Deontre Thomas,DI,DL,exact_name,100
2019,56750,4241595,NEVADA,2440,Chris Green,Chris Green,DI,DT,exact_name,100
2019,56752,4261186,NEW MEXICO,167,Langston Murray,Langston Murray,DI,DT,exact_name,100
2019,56757,4065236,N CAROLINA,153,Hunter Sheridan,Hunter Sheridan,ED,LB,exact_name,100
2019,56758,4240667,N CAROLINA,153,Xach Gill,Xach Gill,DI,DL,exact_name,100
2019,56783,4242291,NWESTERN,77,Joe Spivak,Joe Spivak,DI,DL,exact_name,100
2019,56784,4258597,UCF,2116,Jonathon Maccollister,Jonathon MacCollister,TE,TE,exact_name,100
2019,56785,4258602,NOTRE DAME,87,Kofi Wardlow,Kofi Wardlow,ED,DE,exact_name,100
2019,56786,4258601,NOTRE DAME,87,Myron Tagovailoa-Amosa,Myron Tagovailoa-Amosa,DI,DL,exact_name,100
2019,56787,4258594,NOTRE DAME,87,Kurt Hinish,Kurt Hinish,DI,DL,exact_name,100
2019,56790,4260959,OHIO,195,Amos Ogun-Semore,Amos Ogun-Semore,ED,DE,exact_name,100
2019,56791,4260937,OHIO,195,Marcus Coleman,Marcus Coleman,DI,DT,exact_name,100
2019,56794,4257365,OHIO STATE,194,Aaron Cox,Aaron Cox,ED,DE,exact_name,100
2019,56796,4242007,OHIO STATE,194,Jerron Cage,Jerron Cage,DI,DT,exact_name,100
2019,56797,4242005,OHIO STATE,194,Haskell Garrett,Haskell Garrett,DI,DT,exact_name,100
2019,56798,4241404,OKLAHOMA,201,Isaiah Thomas,Isaiah Thomas,ED,DL,exact_name,100
2019,56799,4243496,DOMINION,295,Jeremy Meiser,Jeremy Meiser,DI,DL,exact_name,100
2019,56800,4242509,OREGON,2483,Austin Faoliu,Austin Faoliu,DI,DT,exact_name,100
2019,56802,4242495,OREGON,2483,Jordon Scott,Jordon Scott,DI,DT,exact_name,100
2019,56803,4242498,OREGON,2483,Popo Aumavae,Popo Aumavae,DI,DT,exact_name,100
2019,56807,4240728,PITTSBURGH,221,Deslin Alexandre,Deslin Alexandre,ED,DL,exact_name,100
2019,56809,4240716,PITTSBURGH,221,Jaylen Twyman,Jaylen Twyman,DI,DL,exact_name,100
2019,56811,4259328,RUTGERS,164,Mike Tverdov,Mike Tverdov,ED,DL,exact_name,100
2019,56812,4242259,RUTGERS,164,Brendan Bordner,Brendan Bordner,DI,OL,exact_name,100
2019,56813,4259319,RUTGERS,164,Jaohne Duggan,Jaohne Duggan,DI,DL,exact_name,100
2019,56821,4242264,S DIEGO ST,21,Connor Mitchell,Connor Mitchell,ED,DL,exact_name,100
2019,56825,4243771,SMU,2567,Toby Ndukwe,Toby Ndukwe,ED,DL,exact_name,100
2019,56826,4243764,SMU,2567,Tyeson Neals,Tyeson Neals,ED,DE,exact_name,100
2019,56827,4243779,SMU,2567,Turner Coxe,Turner Coxe,ED,DE,exact_name,100
2019,56829,4243773,SMU,2567,Harrison Loveless,Harrison Loveless,DI,DT,exact_name,100
2019,56853,4240414,SYRACUSE,183,Zach Morton,Zach Morton,ED,DL,exact_name,100
2019,56854,4240415,SYRACUSE,183,Brandon Berry,Brandon Berry,ED,DL,exact_name,100
2019,56856,4240405,SYRACUSE,183,Kingsley Jonathan,Kingsley Jonathan,ED,DL,exact_name,100
2019,56857,4254276,SYRACUSE,183,Alton Robinson,Alton Robinson,ED,DL,exact_name,100
2019,56859,4240403,SYRACUSE,183,Curtis Harper,Curtis Harper,DI,DL,exact_name,100
2019,56860,4241793,TCU,2628,Terrell Cooper,Terrell Cooper,DI,DL,exact_name,100
2019,56861,4241791,TCU,2628,Corey Bethley,Corey Bethley,DI,DT,exact_name,100
2019,56862,4257591,TEMPLE,218,Arnold Ebiketie,Arnold Ebiketie,ED,DE,exact_name,100
2019,56866,4257589,TEMPLE,218,Ifeanyi Maijeh,Ifeanyi Maijeh,DI,DL,exact_name,100
2019,56868,4262197,TEXAS,251,Ta'Quon Graham,Ta'Quon Graham,ED,DL,exact_name,100
2019,56869,4259354,TEXAS,251,Jamari Chisholm,Jamari Chisholm,ED,DL,exact_name,100
2019,56871,4240915,TEXAS A&M,245,Mitchell Howard,Mitchell Howard,ED,DL,exact_name,100
2019,56872,4240896,TEXAS A&M,245,Micheal Clemons,Micheal Clemons,ED,DL,exact_name,100
2019,56873,4240897,TEXAS A&M,245,Tyree Johnson,Tyree Johnson,ED,DL,exact_name,100
2019,56876,4240927,TEXAS A&M,245,Jayden Peevy,Jayden Peevy,DI,DL,exact_name,100
2019,56877,4240905,TEXAS A&M,245,Josh Rogers,Josh Rogers,DI,DT,exact_name,100
2019,56881,4241854,TEXAS TECH,2641,Quentin Yontz,Quentin Yontz,ED,DL,exact_name,100
2019,56882,4241856,TEXAS TECH,2641,Tyler Carr,Tyler Carr,TE,TE,exact_name,100
2019,56883,4241855,TEXAS TECH,2641,Nelson Mbanasor,Nelson Mbanasor,ED,DL,exact_name,100
2019,56889,4239840,UAB,5,Michael Wright,Michael Wright,ED,LB,exact_name,100
2019,56901,4249146,UCLA,26,Odua Isibor,Odua Isibor,DI,LB,exact_name,100
2019,56907,4261667,UNLV,2439,Nate Neal,Nate Neal,ED,DL,exact_name,100
2019,56909,4261670,UNLV,2439,Jalen Graves,Jalen Graves,ED,DL,exact_name,100
2019,56911,4261669,UNLV,2439,Kolo Uasike,Kolo Uasike,DI,DL,exact_name,100
2019,56913,4259647,USC,30,Jay Tufele,Jay Tufele,DI,DL,exact_name,100
2019,56915,4245235,UTEP,2638,Jimmy Quemado,Jimmy Quemado,DI,DT,exact_name,100
2019,56918,4245231,UTEP,2638,Dedrick Simpson,Dedrick Simpson,DI,DT,exact_name,100
2019,56919,4245237,UTEP,2638,Josh Ortega,Josh Ortega,ED,DT,exact_name,100
2019,56921,4242662,UCF,2116,Jalen Pinkney,Jalen Pinkney,ED,DL,exact_name,100
2019,56922,4242653,VANDERBILT,238,Stone Edwards,Stone Edwards,DI,DL,exact_name,100
2019,56923,4242659,VANDERBILT,238,Dayo Odeyingbo,Dayo Odeyingbo,ED,DL,exact_name,100
2019,56925,4259457,VANDERBILT,238,Cameron Robinson,Cameron Robinson,DI,DL,exact_name,100
2019,56957,4261090,AIR FORCE,2005,Jordan Jackson,Jordan Jackson,ED,DT,exact_name,100
2019,56959,4261852,BALL ST,2050,Kendal Kendrick,Kendal Kendrick,DI,DL,exact_name,100
2019,56961,4259187,BAYLOR,239,Chidi Ogbonnaya,Chidi Ogbonnaya,ED,DL,exact_name,100
2019,56962,4259181,BAYLOR,239,James Lynch,James Lynch,ED,DT,exact_name,100
2019,56963,4239954,BOSTON COL,103,Jaleel Berry,Jaleel Berry,DI,DT,exact_name,100
2019,56968,4240004,CLEMSON,228,Jordan Williams,Jordan Williams,DI,DL,exact_name,100
2019,56969,4240474,DUKE,150,Ben Frye,Ben Frye,DI,DT,exact_name,100
2019,56970,4240465,DUKE,150,Derrick Tangelo,Derrick Tangelo,DI,DT,exact_name,100
2019,56972,4240611,FLORIDA,57,Kyree Campbell,Kyree Campbell,DI,DL,exact_name,100
2019,56976,4240042,FLORIDA ST,52,Cory Durden,Cory Durden,DI,DT,exact_name,100
2019,56977,4240029,FLORIDA ST,52,Marvin Wilson,Marvin Wilson,DI,DT,exact_name,100
2019,56978,4261424,FRESNO ST,278,Keiti Iakopo,Keiti Iakopo,DI,DT,exact_name,100
2019,56986,4241334,KANSAS ST,2306,Joe Davies,Joe Davies,DI,DT,exact_name,100
2019,56987,4241345,KANSAS ST,2306,Eli Huggins,Eli Huggins,DI,G,exact_name,100
2019,56988,4241367,KANSAS ST,2306,Drew Wiley,Drew Wiley,DI,DT,exact_name,100
2019,56997,4245579,MIDDLE TN,2393,Ja'Kerrius Wyatt,Ja'Kerrius Wyatt,DI,DT,exact_name,100
2019,57001,4240794,NEBRASKA,158,Damion Daniels,Damion Daniels,DI,DL,exact_name,100
2019,57002,4241605,NEVADA,2440,Dom Peterson,Dom Peterson,ED,DT,exact_name,100
2019,57003,4240126,NC STATE,152,Dante Johnson,Dante Johnson,DI,DE,exact_name,100
2019,57004,4240123,NC STATE,152,Larrell Murchison,Larrell Murchison,ED,DT,exact_name,100
2019,57005,4240117,NC STATE,152,Grant Gibson,Grant Gibson,C,C,exact_name,100
2019,57018,4259263,OKLAHOMA,201,Zacchaeus McKinney,Zacchaeus McKinney,DI,DL,exact_name,100
2019,57020,4241427,OKLA STATE,197,Brendon Evers,Brendon Evers,DI,DT,exact_name,100
2019,57023,4259605,PENN STATE,213,Evan Presta,Evan Presta,DI,DT,exact_name,100
2019,57025,4259595,PENN STATE,213,Fred Hansard,Fred Hansard,DI,DT,exact_name,100
2019,57028,4259425,SMU,2567,Pono Davis,Pono Davis,DI,DT,exact_name,100
2019,57033,4241704,TEXAS ST,326,Caeveon Patton,Caeveon Patton,ED,DL,exact_name,100
2019,57034,4241733,TROY,2653,Travon Mathis,Travon Mathis,DI,DT,exact_name,100
2019,57035,4243218,USC,30,Marlon Tuipulotu,Marlon Tuipulotu,DI,DL,exact_name,100
2019,57036,4259651,USC,30,Brandon Pili,Brandon Pili,DI,DL,exact_name,100
2019,57037,4243257,UTAH,254,John Penisini,John Penisini,DI,DT,exact_name,100
2019,57038,4577531,MEMPHIS,235,Morris Joseph Jr.,Morris Joseph Jr.,DI,DL,exact_name,100
2019,57039,4240343,WYOMING,2751,Javaree Jackson,Javaree Jackson,DI,NT,exact_name,100
2019,57040,4240337,WYOMING,2751,Gavin Dunayski,Gavin Dunayski,T,OT,exact_name,100
2019,57046,4239975,AIR FORCE,2005,Taven Birdow,Taven Birdow,HB,FB,exact_name,100
2019,57056,4241328,KANSAS ST,2306,Mason Barta,Mason Barta,FB,FB,exact_name,100
2019,57063,4242212,LSU,99,Tory Carter,Tory Carter,TE,FB,exact_name,100
2019,57067,4240641,MIAMI FL,2390,Michael Parrott,Michael Parrott,FB,FB,exact_name,100
2019,57070,4258190,MICHIGAN,130,Ben Mason,Ben Mason,TE,TE,exact_name,100
2019,57072,4241976,MICH STATE,127,Max Rosenthal,Max Rosenthal,TE,TE,exact_name,100
2019,57075,4243731,NAVY,2426,Nelson Smith,Nelson Smith,HB,FB,exact_name,100
2019,57078,4240806,KANSAS,2305,Ben Miles,Ben Miles,FB,FB,exact_name,100
2019,57083,4241380,OKLAHOMA,201,Jeremiah Hall,Jeremiah Hall,TE,TE,exact_name,100
2019,57090,4240398,SYRACUSE,183,Chris Elmore,Chris Elmore,TE,FB,exact_name,100
2019,57094,4245232,UTEP,2638,Forest McKee,Forest McKee,TE,FB,exact_name,100
2019,57097,4240331,WYOMING,2751,Jeff Burroughs,Jeff Burroughs,HB,FB,exact_name,100
2019,57099,4240468,DUKE,150,Rakavius Chambers,Rakavius Chambers,G,G,exact_name,100
2019,57100,4241963,MICH STATE,127,Kevin Jarvis,Kevin Jarvis,T,G,exact_name,100
2019,57101,4241953,MICH STATE,127,Matt Carrick,Matt Carrick,G,G,exact_name,100
2019,57102,4243736,NAVY,2426,Ben Everett,Ben Everett,T,G,exact_name,100
2019,57103,4243749,NAVY,2426,Peter Nestrowitz,Peter Nestrowitz,G,G,exact_name,100
2019,57106,4241697,TEXAS ST,326,Tanner King,Tanner King,T,OL,exact_name,100
2019,57107,4259646,USC,30,Alijah Vera-Tucker,Alijah Vera-Tucker,G,OL,exact_name,100
2019,57109,4262288,UTSA,2636,Bosah Osakwe,Bosah Osakwe,C,OL,exact_name,100
2019,57110,4240335,WYOMING,2751,Keegan Cryder,Keegan Cryder,C,G,exact_name,100
2019,57111,4240348,WYOMING,2751,Rudy Stofer,Rudy Stofer,T,OT,exact_name,100
2019,57116,4261084,AIR FORCE,2005,Nolan Eriksen,Nolan Eriksen,FB,RB,exact_name,100
2019,57117,4239974,AIR FORCE,2005,Christian Mallard,Christian Mallard,HB,RB,exact_name,100
2019,57120,4241474,ALABAMA,333,Brian Robinson,Brian Robinson Jr.,HB,RB,exact_name,100
2019,57121,4241457,ALABAMA,333,Najee Harris,Najee Harris,HB,RB,exact_name,100
2019,57129,4241002,APP STATE,2026,Daetrich Harrington,Daetrich Harrington,HB,RB,exact_name,100
2019,57133,4245645,ARIZONA,12,Gary Brightwell,Gary Brightwell,HB,RB,exact_name,100
2019,57134,4245699,ARIZONA,12,Nathan Tilford,Nathan Tilford,HB,RB,exact_name,100
2019,57136,4242873,ARIZONA ST,9,Eno Benjamin,Eno Benjamin,HB,RB,exact_name,100
2019,57137,4242158,ARKANSAS,8,Chase Hayden,Chase Hayden,HB,RB,exact_name,100
2019,57141,4258461,ARMY,349,Dominic Distefano,Dominic Distefano,TE,RB,exact_name,100
2019,57146,4258467,ARMY,349,Sandon McCoy,Sandon McCoy,HB,RB,exact_name,100
2019,57152,4242511,AUBURN,2,Devan Barrett,Devan Barrett,CB,DB,exact_name,100
2019,57154,4261851,BALL ST,2050,Will Jones,Will Jones,HB,RB,exact_name,100
2019,57156,4244732,BALL ST,2050,Caleb Huntley,Caleb Huntley,HB,RB,exact_name,100
2019,57157,4259180,BAYLOR,239,John Lovett,John Lovett,HB,RB,exact_name,100
2019,57158,4241224,BAYLOR,239,Abram Smith,Abram Smith,HB,RB,exact_name,100
2019,57159,4259169,BAYLOR,239,Trestan Ebner,Trestan Ebner,HB,RB,exact_name,100
2019,57164,4239941,BOSTON COL,103,Travis Levy,Travis Levy,WR,RB,exact_name,100
2019,57165,4239934,BOSTON COL,103,AJ Dillon,AJ Dillon,HB,RB,exact_name,100
2019,57167,4244038,BOWL GREEN,189,Andrew Clair,Andrew Clair,HB,RB,exact_name,100
2019,57184,4045702,CHARLOTTE,2429,Benny LeMay,Benny LeMay,HB,RB,exact_name,100
2019,57185,4239996,CLEMSON,228,Travis Etienne Jr.,Travis Etienne,HB,RB,exact_name,100
2019,57186,4243163,COLORADO,38,Alex Fontenot,Alex Fontenot,HB,RB,exact_name,100
2019,57189,4240455,DUKE,150,Deon Jackson,Deon Jackson,HB,RB,exact_name,100
2019,57190,4239392,E CAROLINA,151,Trace Christian,Trace Christian,HB,RB,exact_name,100
2019,57196,4240603,FLORIDA,57,Malik Davis,Malik Davis,HB,RB,exact_name,100
2019,57204,4240022,FLORIDA ST,52,Khalan Laborn,Khalan Laborn,HB,RB,exact_name,100
2019,57206,4240021,FLORIDA ST,52,Cam Akers,Cam Akers,HB,RB,exact_name,100
2019,57208,4243003,FRESNO ST,278,Ronnie Rivers,Ronnie Rivers,HB,RB,exact_name,100
2019,57212,4259545,GEORGIA,61,D'Andre Swift,D'Andre Swift,HB,RB,exact_name,100
2019,57236,4260370,ILLINOIS,356,Conner Lillig,Conner Lillig,HB,RB,exact_name,100
2019,57237,4240543,ILLINOIS,356,Mike Epstein,Mike Epstein,HB,RB,exact_name,100
2019,57238,4240540,ILLINOIS,356,Ra'Von Bonner,Ra'Von Bonner,HB,RB,exact_name,100
2019,57242,4240439,INDIANA,84,Connor Thomas,Connor Thomas,HB,RB,exact_name,100
2019,57244,4240581,IOWA,2294,Ivory Kelly-Martin,Ivory Kelly-Martin,HB,RB,exact_name,100
2019,57246,4241243,IOWA STATE,66,Johnnie Lang,Johnnie Lang,HB,RB,exact_name,100
2019,57256,4241303,KANSAS,2305,Dom Williams,Dom Williams,HB,RB,exact_name,100
2019,57259,4241366,KANSAS ST,2306,Dylan Wentzel,Dylan Wentzel,WR,WR,exact_name,100
2019,57262,4244075,KENT STATE,2309,Isaac Vance,Isaac Vance,WR,WR,exact_name,100
2019,57263,4244071,KENT STATE,2309,Xavier Williams,Xavier Williams,HB,RB,exact_name,100
2019,57265,4035055,KENTUCKY,96,Zach Johnson,Zach Johnson,S,DB,exact_name,100
2019,57266,4240781,TOLEDO,2649,Bryant Koback,Bryant Koback,HB,RB,exact_name,100
2019,57274,4258408,LA MONROE,2433,Jakyle Holmes,Jakyle Holmes,HB,RB,exact_name,100
2019,57275,4259356,KANSAS ST,2306,Harry Trotter,Harry Trotter,HB,RB,exact_name,100
2019,57276,4259360,LOUISVILLE,97,Maurice Burkley,Maurice Burkley,HB,RB,exact_name,100
2019,57279,4242214,LSU,99,Clyde Edwards-Helaire,Clyde Edwards-Helaire,HB,RB,exact_name,100
2019,57284,4261908,MARSHALL,276,Tyler King,Tyler King,HB,RB,exact_name,100
2019,57287,4261912,MARSHALL,276,Brenden Knox,Brenden Knox,HB,RB,exact_name,100
2019,57288,4241940,MARYLAND,120,Javon Leake,Javon Leake,HB,RB,exact_name,100
2019,57290,4241934,MARYLAND,120,Tayon Fleet-Davis,Tayon Fleet-Davis,HB,RB,exact_name,100
2019,57291,4243369,MEMPHIS,235,Marquavius Weaver,Marquavius Weaver,HB,RB,exact_name,100
2019,57293,4240636,MIAMI FL,2390,Robert Burns,Robert Burns,HB,RB,exact_name,100
2019,57295,4244308,MIAMI OH,193,Davion Johnson,Davion Johnson,HB,RB,exact_name,100
2019,57301,4241961,MICH STATE,127,Connor Heyward,Connor Heyward,HB,RB,exact_name,100
2019,57302,4243955,MIDDLE TN,2393,Brad Anderson,Brad Anderson,HB,RB,exact_name,100
2019,57303,4243962,MIDDLE TN,2393,Maurice Gordon,Maurice Gordon,FB,RB,exact_name,100
2019,57304,4242421,OLE MISS,145,KeShun Wells,KeShun Wells,WR,RB,exact_name,100
2019,57305,4259910,OLE MISS,145,Isaiah Woullard,Isaiah Woullard,HB,RB,exact_name,100
2019,57308,4241205,MISSOURI,142,Larry Rountree III,Larry Rountree III,HB,RB,exact_name,100
2019,57322,4243728,NAVY,2426,Tyreek King-El,Tyreek King-El,FB,WR,exact_name,100
2019,57323,4243712,NAVY,2426,CJ Williams,CJ Williams,HB,RB,exact_name,100
2019,57324,4259215,NAVY,2426,Keoni-Kordell Makekau,Keoni-Kordell Makekau,TE,WR,exact_name,100
2019,57325,4243714,NAVY,2426,Garrett Winn,Garrett Winn,FB,WR,exact_name,100
2019,57326,4243713,NAVY,2426,Myles Fells,Myles Fells,FB,RB,exact_name,100
2019,57327,4252353,NAVY,2426,Justin Smith,Justin Smith,FB,RB,exact_name,100
2019,57328,4240791,NEBRASKA,158,Jaylin Bradley,Jaylin Bradley,HB,RB,exact_name,100
2019,57330,4261181,NEW MEXICO,167,Micah Gray,Micah Gray,HB,RB,exact_name,100
2019,57331,4261173,NEW MEXICO,167,Bobby Cole,Bobby Cole,HB,RB,exact_name,100
2019,57337,4240657,N CAROLINA,153,Michael Carter,Michael Carter,HB,RB,exact_name,100
2019,57358,4242285,NWESTERN,77,Trey Pugh,Trey Pugh,TE,TE,exact_name,100
2019,57361,4242385,PENN STATE,213,C.J. Holmes,C.J. Holmes,CB,S,exact_name,100
2019,57363,4260943,OHIO,195,Julian Ross,Julian Ross,HB,RB,exact_name,100
2019,57364,4260945,OHIO,195,Jake Neatherton,Jake Neatherton,HB,RB,exact_name,100
2019,57366,4241985,OHIO STATE,194,J.K. Dobbins,J.K. Dobbins,HB,RB,exact_name,100
2019,57368,4257374,OHIO STATE,194,Mitch Rossi,Mitch Rossi,TE,TE,exact_name,100
2019,57371,4241371,OKLAHOMA,201,Kennedy Brooks,Kennedy Brooks,HB,RB,exact_name,100
2019,57372,4241401,OKLAHOMA,201,Trey Sermon,Trey Sermon,HB,RB,exact_name,100
2019,57373,4241416,OKLA STATE,197,Chuba Hubbard,Chuba Hubbard,HB,RB,exact_name,100
2019,57377,4242491,OREGON,2483,Darrian Felix,Darrian Felix,HB,RB,exact_name,100
2019,57378,4242492,OREGON,2483,CJ Verdell,CJ Verdell,HB,RB,exact_name,100
2019,57379,4242494,OREGON,2483,Cyrus Habibi-Likio,Cyrus Habibi-Likio,HB,RB,exact_name,100
2019,57380,4259588,PENN STATE,213,Journey Brown,Journey Brown,HB,RB,exact_name,100
2019,57381,4240710,PITTSBURGH,221,A.J. Davis,A.J. Davis,HB,RB,exact_name,100
2019,57382,4240711,PITTSBURGH,221,Todd Sibley Jr.,Todd Sibley,HB,RB,exact_name,100
2019,57385,4259308,RUTGERS,164,Raheem Blackshear,Raheem Blackshear,HB,RB,exact_name,100
2019,57387,4259306,RUTGERS,164,Elijah Barnwell,Elijah Barnwell,HB,RB,exact_name,100
2019,57388,4242256,RUTGERS,164,Aslan Pugh,Aslan Pugh,LB,LB,exact_name,100
2019,57396,4261605,S DIEGO ST,21,Chance Bell,Chance Bell,HB,RB,exact_name,100
2019,57397,4261607,S DIEGO ST,21,Kaegun Williams,Kaegun Williams,HB,RB,exact_name,100
2019,57400,3913038,SMU,2567,Merek Pierce,Merek Pierce,HB,RB,exact_name,100
2019,57419,4240395,SYRACUSE,183,Allen Stritzinger,Allen Stritzinger,CB,DB,exact_name,100
2019,57421,4240392,SYRACUSE,183,Markenzy Pierre,Markenzy Pierre,HB,RB,exact_name,100
2019,57425,4259348,TEXAS,251,Daniel Young,Daniel Young,HB,RB,exact_name,100
2019,57427,4240911,TEXAS A&M,245,Jacob Kibodi,Jacob Kibodi,HB,RB,exact_name,100
2019,57432,4241724,TROY,2653,DK Billingsley,DK Billingsley,HB,RB,exact_name,100
2019,57434,4243911,TULANE,2655,Stephon Huderson,Stephon Huderson,TE,RB,exact_name,100
2019,57437,4239788,UAB,5,Kyle Harrell,Kyle Harrell,ED,LB,exact_name,100
2019,57439,4239821,UAB,5,Lucious Stanley,Lucious Stanley,HB,RB,exact_name,100
2019,57441,4239768,UAB,5,Spencer Brown,Spencer Brown,HB,RB,exact_name,100
2019,57446,4249124,UCLA,26,Cole Kinder,Cole Kinder,HB,RB,exact_name,100
2019,57449,4261654,UNLV,2439,Tyree Jackson,Tyree Jackson,HB,RB,exact_name,100
2019,57453,4259633,USC,30,Stephen Carr,Stephen Carr,HB,RB,exact_name,100
2019,57454,4243249,UTAH,254,T.J. Green,T.J. Green,HB,RB,exact_name,100
2019,57459,4245238,UTEP,2638,Josh Fields,Josh Fields,HB,RB,exact_name,100
2019,57462,4245196,UTSA,2636,B.J. Daniels,B.J. Daniels,HB,RB,exact_name,100
2019,57463,4245189,UTSA,2636,De'Marco Guidry,De'Marco Guidry,LB,LB,exact_name,100
2019,57472,4243315,WASHINGTON,264,Salvon Ahmed,Salvon Ahmed,HB,RB,exact_name,100
2019,57488,4242335,WISCONSIN,275,Jonathan Taylor,Jonathan Taylor,HB,RB,exact_name,100
2019,57490,4240350,WYOMING,2751,Xazavian Valladay,Xazavian Valladay,HB,RB,exact_name,100
2019,57556,4243371,MEMPHIS,235,Riley Patterson,Riley Patterson,WR,PK,exact_name,100
2019,57575,4261194,NEW MEXICO,167,Andrew Shelley,Andrew Shelley,K,PK,exact_name,100
2019,57594,4241418,OKLA STATE,197,Jake McClure,Jake McClure,K,PK,exact_name,100
2019,57651,4245287,WASHINGTON,264,Peyton Henry,Peyton Henry,K,PK,exact_name,100
2019,57664,4261104,AIR FORCE,2005,Lakota Wills,Lakota Wills,ED,LB,exact_name,100
2019,57665,4239979,AIR FORCE,2005,Kyle Johnson,Kyle Johnson,LB,LB,exact_name,100
2019,57666,4239978,AIR FORCE,2005,Colton Parton,Colton Parton,HB,FB,exact_name,100
2019,57667,4261096,AIR FORCE,2005,Christopher Musselman,Christopher Musselman,LB,LB,exact_name,100
2019,57668,4261092,AIR FORCE,2005,Jake Ksiazek,Jake Ksiazek,ED,LB,exact_name,100
2019,57670,4240143,AKRON,2006,Dean Ramicone,Dean Ramicone,ED,LB,exact_name,100
2019,57671,4240130,AKRON,2006,Bubba Arslanian,Bubba Arslanian,LB,LB,exact_name,100
2019,57673,4241898,AKRON,2006,Maverick Wolfley,Maverick Wolfley,TE,TE,exact_name,100
2019,57678,4241449,ALABAMA,333,Markail Benton,Markail Benton,LB,LB,exact_name,100
2019,57679,4241446,ALABAMA,333,Christopher Allen,Christopher Allen,ED,LB,exact_name,100
2019,57691,4241007,APP STATE,2026,D'Marco Jackson,D'Marco Jackson,LB,LB,exact_name,100
2019,57692,4241000,APP STATE,2026,Tim Frizzell,Tim Frizzell,DI,LB,exact_name,100
2019,57698,4245655,ARIZONA,12,Tony Fields II,Tony Fields II,LB,LB,exact_name,100
2019,57699,4245672,ARIZONA,12,Anthony Pandy,Anthony Pandy,ED,LB,exact_name,100
2019,57700,4245685,ARIZONA,12,Colin Schooler,Colin Schooler,LB,LB,exact_name,100
2019,57701,4259368,ARIZONA,12,JB Brown,JB Brown,ED,DL,exact_name,100
2019,57702,4242885,ARIZONA ST,9,Kyle Soelle,Kyle Soelle,ED,LB,exact_name,100
2019,57707,4242160,ARKANSAS,8,Hayden Henry,Hayden Henry,LB,LB,exact_name,100
2019,57710,4242175,ARKANSAS,8,Gabe Richardson,Gabe Richardson,ED,DL,exact_name,100
2019,57713,4241055,ARK STATE,2032,Caleb Bonner,Caleb Bonner,LB,LB,exact_name,100
2019,57715,4258462,ARMY,349,Joe Stephenson,Joe Stephenson,ED,LB,exact_name,100
2019,57718,4258485,ARMY,349,Jon Rhattigan,Jon Rhattigan,LB,LB,exact_name,100
2019,57719,4258471,PURDUE,2509,Kieren Douglas,Kieren Douglas,LB,LB,exact_name,100
2019,57722,4258466,ARMY,349,Jeremiah Lowery,Jeremiah Lowery,ED,LB,exact_name,100
2019,57725,4242510,AUBURN,2,Big Kat Bryant,Big Kat Bryant,ED,DE,exact_name,100
2019,57726,4242515,AUBURN,2,Chandler Wooten,Chandler Wooten,LB,LB,exact_name,100
2019,57727,4242521,AUBURN,2,K.J. Britt,K.J. Britt,LB,LB,exact_name,100
2019,57728,4242528,AUBURN,2,T.D. Moultry,T.D. Moultry,ED,LB,exact_name,100
2019,57730,4244715,BALL ST,2050,Brock Burns,Brock Burns,ED,LB,exact_name,100
2019,57732,4244730,BALL ST,2050,Sam Helm,Sam Helm,ED,LB,exact_name,100
2019,57733,4244726,BALL ST,2050,Hank Grenda,Hank Grenda,LB,LB,exact_name,100
2019,57734,4244720,BALL ST,2050,Jimmy Daw,Jimmy Daw,LB,LB,exact_name,100
2019,57737,4241223,BAYLOR,239,Jalen Pitre,Jalen Pitre,LB,S,exact_name,100
2019,57738,4259175,BAYLOR,239,Bryson Jackson,Bryson Jackson,LB,S,exact_name,100
2019,57739,4259166,BAYLOR,239,Terrel Bernard,Terrel Bernard,LB,LB,exact_name,100
2019,57740,4259179,BAYLOR,239,Ashton Logan,Ashton Logan,LB,LB,exact_name,100
2019,57741,4066035,BAYLOR,239,Michael McNair,Michael McNair,LB,LB,exact_name,100
2019,57744,4260444,BOISE ST,68,Roman Kafentzis,Roman Kafentzis,LB,DB,exact_name,100
2019,57745,3722370,BOISE ST,68,Riley Whimpey,Riley Whimpey,LB,LB,exact_name,100
2019,57748,4240018,BOISE ST,68,Benton Wickersham,Benton Wickersham,LB,LB,exact_name,100
2019,57750,4260450,BOISE ST,68,Ezekiel Noa,Ezekiel Noa,LB,LB,exact_name,100
2019,57751,4260446,BOISE ST,68,Aisa Kelemete,Aisa Kelemete,ED,DE,exact_name,100
2019,57754,4239947,BOSTON COL,103,Isaiah McDuffie,Isaiah McDuffie,LB,LB,exact_name,100
2019,57756,4239948,BOSTON COL,103,Reggie Terry Jr.,Reggie Terry Jr.,ED,LB,exact_name,100
2019,57757,4244042,BOWL GREEN,189,Kholbe Coleman,Kholbe Coleman,LB,LB,exact_name,100
2019,57759,4244039,BOWL GREEN,189,Jerry Roberts,Jerry Roberts Jr.,ED,LB,exact_name,100
2019,57775,4259280,CHARLOTTE,2429,Henry Segura,Henry Segura,LB,LB,exact_name,100
2019,57782,4239997,CLEMSON,228,Baylon Spector,Baylon Spector,LB,LB,exact_name,100
2019,57783,4259210,CLEMSON,228,Landon Holden,Landon Holden,LB,LB,exact_name,100
2019,57784,4240003,CLEMSON,228,Luke Price,Luke Price,TE,TE,exact_name,100
2019,57788,4243181,COLORADO,38,Nate Landman,Nate Landman,LB,LB,exact_name,100
2019,57791,4243174,COLORADO,38,Jonathan Van Diest,Jonathan Van Diest,LB,LB,exact_name,100
2019,57792,4243177,COLORADO,38,Carson Wells,Carson Wells,ED,LB,exact_name,100
2019,57793,4243178,COLORADO,38,Jacob Callier,Jacob Callier,ED,LB,exact_name,100
2019,57795,4239390,E CAROLINA,151,Bruce Bivens,Bruce Bivens,LB,LB,exact_name,100
2019,57807,4259438,FLORIDA,57,Quaylin Crum,Quaylin Crum,LB,LB,exact_name,100
2019,57809,4240610,FLORIDA,57,Ventrell Miller,Ventrell Miller,LB,LB,exact_name,100
2019,57810,4240608,FLORIDA,57,James Houston,James Houston IV,LB,LB,exact_name,100
2019,57811,4240605,FLORIDA,57,Lacedrick Brunson,Lacedrick Brunson,LB,LB,exact_name,100
2019,57822,4240031,FLORIDA ST,52,DeCalon Brooks,DeCalon Brooks,LB,LB,exact_name,100
2019,57823,4066033,FLORIDA ST,52,Joseph Garcia,Joseph Garcia,LB,LB,exact_name,100
2019,57826,-1010833,FLORIDA ST,52,Leonard Warner III,Leonard Warner III,LB,LB,exact_name+posgroup,98
2019,57834,4243009,FRESNO ST,278,Mykal Walker,Mykal Walker,ED,LB,exact_name,100
2019,57835,4243008,FRESNO ST,278,Alex Cruz,Alex Cruz,ED,DE,exact_name,100
2019,57838,4259554,GEORGIA,61,Nate McBride,Nate McBride,LB,LB,exact_name,100
2019,57839,4240692,GEORGIA,61,Monty Rice,Monty Rice,LB,LB,exact_name,100
2019,57840,4259558,GEORGIA,61,Robert Beal Jr.,Robert Beal Jr.,ED,LB,exact_name,100
2019,57841,4259571,GEORGIA,61,Walter Grant,Walter Grant,ED,LB,exact_name,100
2019,57851,4240259,HOUSTON,248,Amaud Willis-Dalton,Amaud Willis-Dalton,LB,LB,exact_name,100
2019,57853,4240263,HOUSTON,248,David Anenih,David Anenih,ED,DL,exact_name,100
2019,57854,4240261,HOUSTON,248,Derek Parish,Derek Parish,ED,DL,exact_name,100
2019,57869,4240549,ILLINOIS,356,Marc Mondesir,Marc Mondesir,ED,LB,exact_name,100
2019,57874,4240440,INDIANA,84,Thomas Allen,Thomas Allen,LB,LB,exact_name,100
2019,57879,4241250,IOWA STATE,66,Jake Hummel,Jake Hummel,LB,LB,exact_name,100
2019,57881,4241249,IOWA STATE,66,O'Rien Vance,O'Rien Vance,LB,LB,exact_name,100
2019,57890,4241302,KANSAS,2305,Kyron Johnson,Kyron Johnson,LB,DE,exact_name,100
2019,57891,4241306,KANSAS,2305,Cooper Root,Cooper Root,LB,LB,exact_name,100
2019,57893,4241310,KANSAS,2305,Jay Dineen,Jay Dineen,LB,LB,exact_name,100
2019,57896,4241354,KANSAS ST,2306,Da'Quan Patton,Da'Quan Patton,LB,LB,exact_name,100
2019,57897,4046600,KANSAS ST,2306,Blake Richmeier,Blake Richmeier,LB,LB,exact_name,100
2019,57900,4244079,KENT STATE,2309,Cepeda Phillips,Cepeda Phillips,LB,LB,exact_name,100
2019,57903,4244076,KENT STATE,2309,Kesean Gamble,Kesean Gamble,ED,LB,exact_name,100
2019,57904,4259992,KENTUCKY,96,William Nalty,William Nalty,LB,LB,exact_name,100
2019,57905,4240778,KENTUCKY,96,Jamin Davis,Jamin Davis,LB,LB,exact_name,100
2019,57907,4260001,KENTUCKY,96,Jordan Wright,Jordan Wright,ED,LB,exact_name,100
2019,57908,-1016027,KENTUCKY,96,Josh Paschal,Josh Paschal,ED,DL,exact_name,100
2019,57931,4258419,LA MONROE,2433,Hunter Smith,Hunter Smith,LB,RB,exact_name,100
2019,57932,4258407,LA MONROE,2433,Rashaad Harding,Rashaad Harding,LB,LB,exact_name,100
2019,57936,4259365,LOUISVILLE,97,Nick Okeke,Nick Okeke,ED,LB,exact_name,100
2019,57937,4240074,LOUISVILLE,97,Dorian Etheridge,Dorian Etheridge,LB,LB,exact_name,100
2019,57938,4259363,LOUISVILLE,97,Isaac Martin,Isaac Martin,TE,TE,exact_name,100
2019,57940,4240093,LOUISVILLE,97,Malik Clark,Malik Clark,ED,DL,exact_name,100
2019,57941,4242207,LSU,99,Patrick Queen,Patrick Queen,LB,LB,exact_name,100
2019,57942,4242206,LSU,99,Jacob Phillips,Jacob Phillips,LB,LB,exact_name,100
2019,57945,4242205,LSU,99,K'Lavon Chaisson,K'Lavon Chaisson,ED,LB,exact_name,100
2019,57948,4261913,MARSHALL,276,Domenick Murphy,Domenick Murphy,LB,LB,exact_name,100
2019,57951,4244848,MARSHALL,276,Tyler Brown,Tyler Brown,LB,LB,exact_name,100
2019,57953,4261907,MARSHALL,276,Jaquan Yulee,Jaquan Yulee,ED,LB,exact_name,100
2019,57955,4241933,MARYLAND,120,Ayinde Eley,Ayinde Eley,LB,LB,exact_name,100
2019,57956,4259523,MARYLAND,120,Bruce Miller,Bruce Miller,LB,LB,exact_name,100
2019,57957,4257348,MEMPHIS,235,Tyler Garvey,Tyler Garvey,LB,LB,exact_name,100
2019,57967,4244321,MIAMI OH,193,Nate Robinson,Nate Robinson,LB,LB,exact_name,100
2019,57968,4244309,MIAMI OH,193,Ryan Newton,Ryan Newton,ED,DL,exact_name,100
2019,57969,4258174,MICHIGAN,130,Adam Fakih,Adam Fakih,LB,LB,exact_name,100
2019,57970,4258203,RUTGERS,164,Drew Singleton,Drew Singleton,LB,LB,exact_name,100
2019,57971,4258198,MICHIGAN,130,Josh Ross,Josh Ross,LB,LB,exact_name,100
2019,57972,4258168,MICHIGAN,130,Jordan Anthony,Jordan Anthony,LB,LB,exact_name,100
2019,57973,4241969,MICH STATE,127,Brent Mossburg,Brent Mossburg,ED,DE,exact_name,100
2019,57974,4241958,MICH STATE,127,Noah Harvey,Noah Harvey,LB,LB,exact_name,100
2019,57975,4241978,MICH STATE,127,Antjuan Simmons,Antjuan Simmons,LB,LB,exact_name,100
2019,57978,4059840,MICH STATE,127,Dante Razzano,Dante Razzano,LB,LB,exact_name,100
2019,57979,4374358,MIDDLE TN,2393,DQ Thomas,DQ Thomas,LB,LB,exact_name,100
2019,57980,4243964,MIDDLE TN,2393,Cain McWilliams,Cain McWilliams,LB,LB,exact_name,100
2019,57982,4243966,MIDDLE TN,2393,Chaton Mobley,Chaton Mobley,HB,RB,exact_name,100
2019,57985,4242425,OLE MISS,145,Brenden Williams,Brenden Williams,ED,LB,exact_name,100
2019,57996,4241201,MISSOURI,142,Jamal Brooks,Jamal Brooks,LB,LB,exact_name,100
2019,58010,4243710,NAVY,2426,Austin Talbert-Loving,Austin Talbert-Loving,LB,LB,exact_name,100
2019,58012,4243754,NAVY,2426,Ian Blake,Ian Blake,ED,LB,exact_name,100
2019,58016,4243752,MIAMI OH,193,Griffin Baumoel,Griffin Baumoel,LB,LB,exact_name,100
2019,58018,4243757,NAVY,2426,Tanner Matthews,Tanner Matthews,WR,WR,exact_name,100
2019,58025,4240812,OREGON ST,204,Avery Roberts,Avery Roberts,LB,LB,exact_name,100
2019,58026,4241598,NEVADA,2440,Mar'Quette Jackson,Mar'Quette Jackson,CB,DB,exact_name,100
2019,58029,4241603,NEVADA,2440,Roger Neal,Roger Neal,HB,RB,exact_name,100
2019,58030,4241607,NEVADA,2440,Trevor Price,Trevor Price,LB,LB,exact_name,100
2019,58031,4241581,NEVADA,2440,Kyle Adams,Kyle Adams,LB,LB,exact_name,100
2019,58033,4241615,NEVADA,2440,Lamin Touray,Lamin Touray,LB,LB,exact_name,100
2019,58037,4261182,NEW MEXICO,167,Brandon Shook,Brandon Shook,LB,LB,exact_name,100
2019,58043,4240668,N CAROLINA,153,Jeremiah Gemmel,Jeremiah Gemmel,LB,LB,exact_name,100
2019,58047,4240097,NC STATE,152,Louis Acceus,Louis Acceus,LB,LB,exact_name,100
2019,58049,4240105,NC STATE,152,Isaiah Moore,Isaiah Moore,LB,LB,exact_name,100
2019,58080,4260388,NWESTERN,77,Chris Bergin,Chris Bergin,S,LB,exact_name,100
2019,58082,4242279,NWESTERN,77,Peter McIntyre,Peter McIntyre,LB,LB,exact_name,100
2019,58083,4242282,NWESTERN,77,Blake Gallagher,Blake Gallagher,LB,LB,exact_name,100
2019,58084,4260387,NWESTERN,77,Troy Hudetz,Troy Hudetz,LB,LB,exact_name,100
2019,58085,4242277,NWESTERN,77,Erik Mueller,Erik Mueller,LB,LB,exact_name,100
2019,58089,4258599,NOTRE DAME,87,Jeremiah Owusu-Koramoah,Jeremiah Owusu-Koramoah,LB,LB,exact_name,100
2019,58090,4258603,NOTRE DAME,87,Drew White,Drew White,LB,LB,exact_name,100
2019,58092,4260946,OHIO,195,T.J. Robinson,T.J. Robinson,LB,LB,exact_name,100
2019,58093,4241993,OHIO STATE,194,Pete Werner,Pete Werner,LB,LB,exact_name,100
2019,58095,4241987,OHIO STATE,194,Baron Browning,Baron Browning,LB,LB,exact_name,100
2019,58097,4241377,OKLAHOMA,201,Levi Draper,Levi Draper,LB,LB,exact_name,100
2019,58099,4241394,OKLAHOMA,201,Kenneth Murray Jr.,Kenneth Murray,LB,LB,exact_name,100
2019,58104,4243494,DOMINION,295,Estefano Feliciano Jr.,Estefano Feliciano Jr.,ED,LB,exact_name,100
2019,58107,4242486,OREGON,2483,Sampson Niu,Sampson Niu,LB,LB,exact_name,100
2019,58108,4242497,OREGON,2483,Isaac Slade-Matautia,Isaac Slade-Matautia,LB,LB,exact_name,100
2019,58110,4240379,CHARLOTTE,2429,Brelin Faison-Walden,Brelin Faison-Walden,LB,LB,exact_name,100
2019,58111,4259591,PENN STATE,213,Max Chizmar,Max Chizmar,LB,LB,exact_name,100
2019,58112,4259585,PENN STATE,213,Ellis Brooks,Ellis Brooks,LB,LB,exact_name,100
2019,58115,4240713,PITTSBURGH,221,Cam Bright,Cam Bright,LB,LB,exact_name,100
2019,58118,4260403,PURDUE,2509,Jonah Williams,Jonah Williams,LB,LB,exact_name,100
2019,58119,4260407,PURDUE,2509,Cornel Jones,Cornel Jones,LB,LB,exact_name,100
2019,58120,4260409,PURDUE,2509,Derrick Barnes,Derrick Barnes,ED,LB,exact_name,100
2019,58122,4259299,RUTGERS,164,Olakunle Fatukasi,Olakunle Fatukasi,LB,LB,exact_name,100
2019,58123,4259310,RUTGERS,164,CJ Onyechi,CJ Onyechi,ED,DL,exact_name,100
2019,58124,4259301,RUTGERS,164,Tyshon Fogg,Tyshon Fogg,LB,LB,exact_name,100
2019,58128,4261617,S DIEGO ST,21,Caden McDonald,Caden McDonald,ED,LB,exact_name,100
2019,58129,4261608,S DIEGO ST,21,Andrew Aleki,Andrew Aleki,LB,LB,exact_name,100
2019,58130,4261613,S DIEGO ST,21,Seyddrick Lakalaka,Seyddrick Lakalaka,ED,LB,exact_name,100
2019,58131,4243763,SMU,2567,Shaine Hailey,Shaine Hailey,LB,LB,exact_name,100
2019,58174,4240400,SYRACUSE,183,Tyrell Richards,Tyrell Richards,ED,LB,exact_name,100
2019,58177,4257584,TEMPLE,218,Audley Isaacs,Audley Isaacs,LB,LB,exact_name,100
2019,58178,4064991,TEMPLE,218,Sam Kramer,Sam Kramer,TE,TE,exact_name,100
2019,58183,4262201,TEXAS,251,Cort Jaquess,Cort Jaquess,LB,LB,exact_name,100
2019,58184,4262196,TEXAS,251,Marqez Bimage,Marqez Bimage,ED,LB,exact_name,100
2019,58187,4240909,TEXAS A&M,245,Anthony Hines III,Anthony Hines III,LB,LB,exact_name,100
2019,58189,4240900,TEXAS A&M,245,Buddy Johnson,Buddy Johnson,LB,LB,exact_name,100
2019,58190,4241683,TEXAS ST,326,Malik Alley,Malik Alley,LB,LB,exact_name,100
2019,58192,4241668,TEXAS ST,326,London Harris,London Harris,ED,LB,exact_name,100
2019,58197,4241829,TEXAS TECH,2641,Riko Jeffers,Riko Jeffers,LB,LB,exact_name,100
2019,58198,4241725,TROY,2653,Kevin Nixon,Kevin Nixon,ED,LB,exact_name,100
2019,58199,4262107,TROY,2653,Carlton Martial,Carlton Martial,LB,LB,exact_name,100
2019,58200,4241728,TROY,2653,Justin Whisenhunt,Justin Whisenhunt,LB,LB,exact_name,100
2019,58202,4243918,TULANE,2655,Kj Vault,KJ Vault,LB,S,exact_name,100
2019,58203,4243914,LOUISVILLE,97,Monty Montgomery,Monty Montgomery,LB,LB,exact_name,100
2019,58204,4243913,TULANE,2655,Marvin Moody,Marvin Moody,LB,LB,exact_name,100
2019,58205,4239805,UAB,5,Kristopher Moll,Kristopher Moll,LB,LB,exact_name,100
2019,58207,4239765,UAB,5,Luke Brasher,Luke Brasher,LB,LB,exact_name,100
2019,58210,4239792,UAB,5,Thomas Johnston,Thomas Johnston,ED,LB,exact_name,100
2019,58214,4239804,UAB,5,Fitzgerald Mofor,Fitzgerald Mofor,ED,LB,exact_name,100
2019,58226,4249130,UCLA,26,Jayce Smalley,Jayce Smalley,ED,LB,exact_name,100
2019,58232,4261658,UNLV,2439,Farrell Hester II,Farrell Hester II,LB,LB,exact_name,100
2019,58234,4259642,USC,30,Juliano Falaniko,Juliano Falaniko,ED,LB,exact_name,100
2019,58237,4259638,USC,30,Hunter Echols,Hunter Echols,ED,DL,exact_name,100
2019,58238,4243256,UTAH,254,Devin Lloyd,Devin Lloyd,LB,LB,exact_name,100
2019,58240,4249091,UTAH,254,Ali'i Niumatalolo,Ali'i Niumatalolo,TE,TE,exact_name,100
2019,58241,4259229,UTAH ST,328,Maika Magalei,Maika Magalei,ED,LB,exact_name,100
2019,58250,549649,UTEP,2638,Kalaii Griffin,Kalaii Griffin,LB,LB,exact_name,100
2019,58259,4242652,VANDERBILT,238,Brayden DeVault-Smith,Brayden DeVault-Smith,LB,LB,exact_name,100
2019,58261,4242658,VANDERBILT,238,Dimitri Moore,Dimitri Moore,LB,LB,exact_name,100
2019,58262,4242660,VANDERBILT,238,Michael Owusu,Michael Owusu,ED,DE,exact_name,100
2019,58263,4242645,VANDERBILT,238,Feleti Afemui,Feleti Afemui,LB,LB,exact_name,100
2019,58271,4243329,WASHINGTON,264,Ariel Ngata,Ariel Ngata,ED,DL,exact_name,100
2019,58302,4242344,WISCONSIN,275,Izayah Green-May,Izayah Green-May,ED,DE,exact_name,100
2019,58305,4240354,WYOMING,2751,Davon Wells-Ross,Davon Wells-Ross,ED,DE,exact_name,100
2019,58306,4240345,WYOMING,2751,Skyler Miller,Skyler Miller,FB,FB,exact_name,100
2019,58319,4241455,ALABAMA,333,Thomas Fletcher,Thomas Fletcher,LS,LS,exact_name,100
2019,58320,4062500,VANDERBILT,238,Scott Meyer,Scott Meyer,ST,LS,exact_name,100
2019,58325,4242176,ARKANSAS,8,Jordan Silver,Jordan Silver,LS,LS,exact_name,100
2019,58326,4075372,ARK STATE,2032,Seth Cottengim,Seth Cottengim,LS,LS,exact_name,100
2019,58334,4244041,BOWL GREEN,189,James Carolan,James Carolan,LS,LS,exact_name,100
2019,58360,4240083,LOUISVILLE,97,Mitch Hall,Mitch Hall,LS,LS,exact_name,100
2019,58365,4257346,TEXAS A&M,245,Connor Choate,Connor Choate,LS,S,exact_name,100
2019,58366,4243381,MEMPHIS,235,Preston Brady,Preston Brady,QB,LS,exact_name,100
2019,58373,4241614,NEVADA,2440,Karson Thomas,Karson Thomas,LS,LS,exact_name,100
2019,58390,4257216,OKLA STATE,197,Matt Hembrough,Matt Hembrough,LS,LS,exact_name,100
2019,58416,4239785,UAB,5,Jacob Fuqua,Jacob Fuqua,LS,LS,exact_name,100
2019,58431,4242345,WISCONSIN,275,Adam Bay,Adam Bay,LS,LS,exact_name,100
2019,58438,4242228,LSU,99,Tyler Shelvin,Tyler Shelvin,DI,NT,exact_name,100
2019,58440,4243747,NAVY,2426,Mike Flowers,Mike Flowers,DI,DL,exact_name,100
2019,58442,4241709,TEXAS ST,326,Gjemar Daniels,Gjemar Daniels,DI,DL,exact_name,100
2019,58443,4240330,WYOMING,2751,Justis Borton,Justis Borton,DI,NT,exact_name,100
2019,58451,4239982,AIR FORCE,2005,Connor Vikupitz,Connor Vikupitz,G,OL,exact_name,100
2019,58452,4261105,AIR FORCE,2005,Elijah Woolum,Elijah Woolum,T,OL,exact_name,100
2019,58453,4239981,AIR FORCE,2005,Christopher Mitchell,Christopher Mitchell,C,OL,exact_name,100
2019,58454,4261094,AIR FORCE,2005,Colin Marquez,Colin Marquez,G,OL,exact_name,100
2019,58457,4261088,AIR FORCE,2005,Scott Hattok,Scott Hattok,T,OL,exact_name,100
2019,58462,4240136,AKRON,2006,Hunter Corne,Hunter Corne,G,OL,exact_name,100
2019,58466,4241472,ALABAMA,333,Kendall Randolph,Kendall Randolph,TE,OL,exact_name,100
2019,58467,4241482,ALABAMA,333,Jedrick Wills Jr.,Jedrick Wills Jr.,T,OL,exact_name,100
2019,58468,4241466,ALABAMA,333,Alex Leatherwood,Alex Leatherwood,T,OL,exact_name,100
2019,58480,4241001,APP STATE,2026,Noah Hannon,Noah Hannon,C,OL,exact_name,100
2019,58482,4240997,APP STATE,2026,Gage Blackston,Gage Blackston,G,OL,exact_name,100
2019,58484,4245658,ARIZONA,12,Tyson Gardner,Tyson Gardner,T,OL,exact_name,100
2019,58486,4245650,ARIZONA,12,Edgar Burrola,Edgar Burrola,T,OL,exact_name,100
2019,58490,4242151,ARKANSAS,8,Ty Clary,Ty Clary,C,OL,exact_name,100
2019,58491,4242146,ARKANSAS,8,Kirby Adcock,Kirby Adcock,G,OL,exact_name,100
2019,58492,4242152,ARKANSAS,8,Shane Clenin,Shane Clenin,G,OL,exact_name,100
2019,58493,4242177,ARKANSAS,8,Dalton Wagner,Dalton Wagner,T,OL,exact_name,100
2019,58496,4241061,ARK STATE,2032,Justin Dutton,Justin Dutton,C,OL,exact_name,100
2019,58497,4259627,ARK STATE,2032,Jennings Stanley,Jennings Stanley,C,OL,exact_name,100
2019,58508,4258503,ARMY,349,Luke McCleery,Luke McCleery,T,OL,exact_name,100
2019,58509,4258488,ARMY,349,JB Hunter,JB Hunter,T,OL,exact_name,100
2019,58514,4242527,AUBURN,2,Nick Brahms,Nick Brahms,C,OL,exact_name,100
2019,58515,4242535,AUBURN,2,Trent Kelley,Trent Kelley,T,OL,exact_name,100
2019,58517,4242532,AUBURN,2,Peyton Nance,Peyton Nance,DI,DT,exact_name,100
2019,58518,4242530,AUBURN,2,Brodarious Hamm,Brodarious Hamm,T,OL,exact_name,100
2019,58520,4244736,BALL ST,2050,Jake McKenzie,Jake McKenzie,T,OL,exact_name,100
2019,58521,4244714,BALL ST,2050,Curtis Blackwell,Curtis Blackwell,G,OL,exact_name,100
2019,58522,4259189,BAYLOR,239,Ty Smith,Ty Smith,C,OL,exact_name,100
2019,58523,4259185,BAYLOR,239,Jason Moore,Jason Moore,G,OL,exact_name,100
2019,58525,4259186,BAYLOR,239,Xavier Newman,Xavier Newman,G,OL,exact_name,100
2019,58527,4259177,BAYLOR,239,Henry Klinge III,Henry Klinge III,G,OL,exact_name,100
2019,58528,4259176,BAYLOR,239,Khalil Keith,Khalil Keith,G,OL,exact_name,100
2019,58529,4240016,BOISE ST,68,Jake Stetz,Jake Stetz,G,OL,exact_name,100
2019,58530,4240015,BOISE ST,68,John Ojukwu,John Ojukwu,T,OL,exact_name,100
2019,58532,4239950,BOSTON COL,103,Alec Lindstrom,Alec Lindstrom,C,OL,exact_name,100
2019,58533,4239949,BOSTON COL,103,Ben Petrula,Ben Petrula,T,OL,exact_name,100
2019,58534,4244046,BOWL GREEN,189,Zach Dziengelewski,Zach Dziengelewski,C,OL,exact_name,100
2019,58535,4244045,BOWL GREEN,189,Sam Neverov,Sam Neverov,G,OL,exact_name,100
2019,58536,4244047,BOWL GREEN,189,Derek Downs,Derek Downs,T,OL,exact_name,100
2019,58537,4244048,BOWL GREEN,189,Matt Tanner,Matt Tanner,G,OL,exact_name,100
2019,59657,4259290,CHARLOTTE,2429,D'Mitri Emmanuel,D'Mitri Emmanuel,T,OL,exact_name,100
2019,59663,4239402,E CAROLINA,151,Matt Morgan,Matt Morgan,T,OL,exact_name,100
2019,59679,4240614,FLORIDA,57,TJ Moore,TJ Moore,G,OL,exact_name,100
2019,59689,4240039,FLORIDA ST,52,Brady Scott,Brady Scott,G,OL,exact_name,100
2019,59696,4243010,FRESNO ST,278,Syrus Tuitele,Syrus Tuitele,T,OL,exact_name,100
2019,59697,4040915,FRESNO ST,278,Quireo Woodley,Quireo Woodley,G,OL,exact_name,100
2019,59700,4240694,GEORGIA,61,D'Marcus Hayes,D'Marcus Hayes,G,OL,exact_name,100
2019,59701,4259566,GEORGIA,61,Andrew Thomas,Andrew Thomas,T,OL,exact_name,100
2019,59702,4259567,GEORGIA,61,Netori Johnson,Netori Johnson,DI,OL,exact_name,100
2019,59703,4259565,GEORGIA,61,Justin Shaffer,Justin Shaffer,G,OL,exact_name,100
2019,59704,4259568,GEORGIA,61,Isaiah Wilson,Isaiah Wilson,T,OL,exact_name,100
2019,59720,4240264,HOUSTON,248,Dennis Bardwell,Dennis Bardwell,G,OL,exact_name,100
2019,59721,4259389,HOUSTON,248,Jordan Boatman,Jordan Boatman,T,OL,exact_name,100
2019,59722,4259391,TCU,2628,Colson Altman,Colson Altman,G,G,exact_name,100
2019,59738,4240551,ILLINOIS,356,Alex Palczewski,Alex Palczewski,T,OL,exact_name,100
2019,59739,4240552,ILLINOIS,356,Jake Stover,Jake Stover,C,OL,exact_name,100
2019,59741,4240554,ILLINOIS,356,Vederian Lowe,Vederian Lowe,T,OL,exact_name,100
2019,59743,4361495,PURDUE,2509,Sam Garvin,Sam Garvin,C,OL,exact_name,100
2019,59744,4258244,INDIANA,84,Harry Crider,Harry Crider,G,OL,exact_name,100
2019,59747,4258246,INDIANA,84,Caleb Jones,Caleb Jones,T,OL,exact_name,100
2019,59748,4240587,IOWA,2294,Mark Kallenberger,Mark Kallenberger,G,OL,exact_name,100
2019,59750,4241255,IOWA STATE,66,Derek Schweiger,Derek Schweiger,C,OL,exact_name,100
2019,59753,4241254,IOWA STATE,66,Colin Newell,Colin Newell,C,OL,exact_name,100
2019,59756,4241256,IOWA STATE,66,Josh Knipfel,Josh Knipfel,G,OL,exact_name,100
2019,59758,4241261,IOWA STATE,66,Robert Hudson,Robert Hudson,G,OL,exact_name,100
2019,59773,4241318,KANSAS,2305,Andru Tovi,Andru Tovi,C,OL,exact_name,100
2019,59776,4241356,KANSAS ST,2306,Hayden Perry,Hayden Perry,G,OL,exact_name,100
2019,59778,4241326,KANSAS ST,2306,Ben Adler,Ben Adler,G,OL,exact_name,100
2019,59780,4241357,KANSAS ST,2306,Josh Rivas,Josh Rivas,G,OL,exact_name,100
2019,59782,4244084,KENT STATE,2309,Sam Allan,Sam Allan,T,OL,exact_name,100
2019,59783,4244086,KENT STATE,2309,Nate Warnock,Nate Warnock,C,OL,exact_name,100
2019,59811,4258424,LA MONROE,2433,Dakota Torbert,Dakota Torbert,G,G,exact_name,100
2019,59812,4373691,LA MONROE,2433,Brandon Jones,Brandon Jones,G,G,exact_name,100
2019,59814,4240086,LOUISVILLE,97,Caleb Chandler,Caleb Chandler,G,OL,exact_name,100
2019,59816,4240088,LOUISVILLE,97,Cole Bentley,Cole Bentley,C,OL,exact_name,100
2019,59818,4240090,LOUISVILLE,97,Mekhi Becton,Mekhi Becton,T,OL,exact_name,100
2019,59820,4242230,LSU,99,Saahdiq Charles,Saahdiq Charles,T,OT,exact_name,100
2019,59821,4242229,LSU,99,Austin Deculus,Austin Deculus,T,OL,exact_name,100
2019,59825,4261924,MARSHALL,276,Kendrick Sartor,Kendrick Sartor,T,OL,exact_name,100
2019,59826,4261928,MARSHALL,276,Kyron Taylor,Kyron Taylor,DI,DL,exact_name,100
2019,59827,4261927,MARSHALL,276,James Magee,James Magee,T,OL,exact_name,100
2019,59830,4259531,MARYLAND,120,Jack Wagman,Jack Wagman,G,OL,exact_name,100
2019,59831,4241944,MARYLAND,120,Marcus Minor,Marcus Minor,T,OL,exact_name,100
2019,59833,4259529,MARYLAND,120,Tyler Hamilton,Tyler Hamilton,G,OL,exact_name,100
2019,59835,4241939,MARYLAND,120,Johnny Jordan,Johnny Jordan,C,OL,exact_name,100
2019,59837,4243386,MEMPHIS,235,Obinna Eze,Obinna Eze,T,OT,exact_name,100
2019,59843,4240648,MIAMI FL,2390,Kai-Leon Herbert,Kai-Leon Herbert,T,OL,exact_name,100
2019,59844,4240649,MIAMI FL,2390,Corey Gaynor,Corey Gaynor,C,OL,exact_name,100
2019,59845,4240651,MIAMI FL,2390,Zalon'tae Hillery,Zalon'tae Hillery,T,OL,exact_name,100
2019,59848,4240647,MIAMI FL,2390,Navaughn Donaldson,Navaughn Donaldson,G,OL,exact_name,100
2019,59849,4244323,MIAMI OH,193,David Redding,David Redding,G,OL,exact_name,100
2019,59850,4244324,MIAMI OH,193,Pete Nank,Pete Nank,G,OL,exact_name,100
2019,59851,4258180,MICHIGAN,130,Joel Honigford,Joel Honigford,T,TE,exact_name,100
2019,59853,4258205,MICHIGAN,130,Jess Speight,Jess Speight,DI,DL,exact_name,100
2019,59854,4258181,CINCINNATI,2132,James Hudson III,James Hudson,T,OL,exact_name,100
2019,59855,4258176,COAST CAR,324,Sean Fitzgerald,Sean Fitzgerald,G,OL,exact_name,100
2019,59857,4258199,MICHIGAN,130,Cesar Ruiz,Cesar Ruiz,C,OL,exact_name,100
2019,59858,4258175,MICHIGAN,130,Chuck Filiaga,Chuck Filiaga,G,OL,exact_name,100
2019,59859,4241960,MICH STATE,127,Jack Henrichs,Jack Henrichs,T,OL,exact_name,100
2019,59863,4243974,MIDDLE TN,2393,Cole Kirby,Cole Kirby,C,OL,exact_name,100
2019,59864,4243972,MIDDLE TN,2393,Amir Luckett,Amir Luckett,T,OL,exact_name,100
2019,59866,4243970,MIDDLE TN,2393,Eric Golston,Eric Golston,G,OL,exact_name,100
2019,59868,4259920,OLE MISS,145,Peyton Cox,Peyton Cox,G,OL,exact_name,100
2019,59869,4362890,OLE MISS,145,Ben Brown,Ben Brown,G,OL,exact_name,100
2019,59870,4259921,UCF,2116,Tony Gray,Tony Gray,T,OL,exact_name,100
2019,59875,4241210,MISSOURI,142,Hyrin White,Hyrin White,T,OL,exact_name,100
2019,59876,4241212,MISSOURI,142,Case Cook,Case Cook,G,OL,exact_name,100
2019,59878,4241213,MISSOURI,142,Yasir Durant,Yasir Durant,T,OL,exact_name,100
2019,59879,4241217,MISSOURI,142,Larry Borom,Larry Borom,T,OL,exact_name,100
2019,59905,4240798,NEBRASKA,158,Trent Hixson,Trent Hixson,G,OL,exact_name,100
2019,59906,4240813,NEBRASKA,158,Matt Sichterman,Matt Sichterman,G,OL,exact_name,100
2019,59909,4240800,NEBRASKA,158,Brenden Jaimes,Brenden Jaimes,T,OL,exact_name,100
2019,59911,4240788,NEBRASKA,158,Broc Bando,Broc Bando,G,OL,exact_name,100
2019,59912,4241599,NEVADA,2440,Amir Johnson,Amir Johnson,DI,DT,exact_name,100
2019,59915,4036791,NEVADA,2440,Jake Nelson,Jake Nelson,T,OL,exact_name,100
2019,59917,4241592,NEVADA,2440,Gray Davis,Gray Davis,G,OL,exact_name,100
2019,59919,4261185,NEW MEXICO,167,Radson Jang,Radson Jang,C,OL,exact_name,100
2019,59923,4261190,NEW MEXICO,167,Chris Estrella,Chris Estrella,G,OL,exact_name,100
2019,59932,4240671,N CAROLINA,153,Brian Anderson,Brian Anderson,C,OL,exact_name,100
2019,59934,4240672,N CAROLINA,153,Quiron Johnson,Quiron Johnson,G,OL,exact_name,100
2019,59935,4240670,N CAROLINA,153,Billy Ross,Billy Ross,G,OL,exact_name,100
2019,59936,4240674,N CAROLINA,153,Jordan Tucker,Jordan Tucker,T,OL,exact_name,100
2019,59937,4240114,NC STATE,152,Bryson Speas,Bryson Speas,T,G,exact_name,100
2019,59938,4240116,NC STATE,152,Charles Fletcher,Charles Fletcher,C,OL,exact_name,100
2019,59940,4240112,NC STATE,152,Liam Ryan,Liam Ryan,C,OL,exact_name,100
2019,59955,4250796,TEXAS ST,326,Eddie Rivas,Eddie Rivas,G,OL,exact_name,100
2019,59969,4242284,NWESTERN,77,Ethan Wiederkehr,Ethan Wiederkehr,T,OL,exact_name,100
2019,59971,4242283,NWESTERN,77,Rashawn Slater,Rashawn Slater,T,OL,exact_name,100
2019,59979,4258592,NOTRE DAME,87,Colin Grunhard,Colin Grunhard,C,OL,exact_name,100
2019,59980,4242391,NOTRE DAME,87,Robert Hainsey,Robert Hainsey,T,OL,exact_name,100
2019,59981,4258591,NOTRE DAME,87,Dillan Gibbons,Dillan Gibbons,G,OL,exact_name,100
2019,59982,4258596,NOTRE DAME,87,Josh Lugg,Josh Lugg,T,OL,exact_name,100
2019,59983,4242390,NOTRE DAME,87,Aaron Banks,Aaron Banks,G,OL,exact_name,100
2019,59985,4362326,OHIO,195,Brett Kitrell,Brett Kitrell,G,OL,exact_name,100
2019,59986,4260957,OHIO,195,Hagen Meservy,Hagen Meservy,G,OL,exact_name,100
2019,59987,4260952,OHIO,195,Brody Rodgers,Brody Rodgers,G,OL,exact_name,100
2019,59988,4260958,OHIO,195,Samson Jackson,Samson Jackson,T,OL,exact_name,100
2019,59990,4260955,OHIO,195,Steven Hayes,Steven Hayes,C,OL,exact_name,100
2019,59992,4242000,OHIO STATE,194,Josh Myers,Josh Myers,C,OL,exact_name,100
2019,59993,4241999,OHIO STATE,194,Wyatt Davis,Wyatt Davis,G,OL,exact_name,100
2019,59994,4242001,OHIO STATE,194,Thayer Munford Jr.,Thayer Munford,T,OL,exact_name,100
2019,59995,4241378,OKLAHOMA,201,Adrian Ealy,Adrian Ealy,T,OL,exact_name,100
2019,59996,4241385,OKLAHOMA,201,Creed Humphrey,Creed Humphrey,C,OL,exact_name,100
2019,59997,4241391,OKLAHOMA,201,Ian McIver,Ian McIver,C,OL,exact_name,100
2019,59998,4241398,OKLAHOMA,201,Tyrese Robinson,Tyrese Robinson,G,OL,exact_name,100
2019,60000,4241382,OKLAHOMA,201,Marquis Hayes,Marquis Hayes,G,OL,exact_name,100
2019,60003,4241422,COLORADO,38,Arlington Hambright,Arlington Hambright,T,OL,exact_name,100
2019,60008,4243499,DOMINION,295,Cameron Muller,Cameron Muller,G,OL,exact_name,100
2019,60010,4242499,ARIZONA ST,9,Cody Shear,Cody Shear,C,OL,exact_name,100
2019,60011,4242501,OREGON,2483,Ryan Walk,Ryan Walk,C,OL,exact_name,100
2019,60012,4242503,OREGON,2483,Alex Forsyth,Alex Forsyth,G,OL,exact_name,100
2019,60013,4242502,OREGON,2483,George Moore,George Moore,T,OL,exact_name,100
2019,60016,4240381,PENN STATE,213,Mike Miranda,Mike Miranda,G,OL,exact_name,100
2019,60017,4259599,PENN STATE,213,Des Holmes,Des Holmes,T,OL,exact_name,100
2019,60018,4259609,PENN STATE,213,C.J. Thorpe,C.J. Thorpe,G,OL,exact_name,100
2019,60023,4240723,PITTSBURGH,221,Carter Warren,Carter Warren,T,OL,exact_name,100
2019,60026,4260413,PURDUE,2509,Mark Stickford,Mark Stickford,G,OL,exact_name,100
2019,60028,4260411,PURDUE,2509,Marc Roland,Marc Roland,G,OL,exact_name,100
2019,60029,4372504,PURDUE,2509,DJ Washington,DJ Washington,G,OL,exact_name,100
2019,60030,4260410,PURDUE,2509,Viktor Beach,Viktor Beach,C,OL,exact_name,100
2019,60037,4242258,RUTGERS,164,Jamaal Beaty,Jamaal Beaty,G,OL,exact_name,100
2019,60038,4242261,RUTGERS,164,Sam Vretman,Sam Vretman,G,OL,exact_name,100
2019,60049,4261619,S DIEGO ST,21,Dominic Gudino,Dominic Gudino,G,OL,exact_name,100
2019,60051,4261625,S DIEGO ST,21,Desmond Bessent,Desmond Bessent,T,OL,exact_name,100
2019,60052,4243776,SMU,2567,Hayden Howerton,Hayden Howerton,G,OL,exact_name,100
2019,60053,4243777,SMU,2567,Alan Ali,Alan Ali,C,OL,exact_name,100
2019,60103,4258619,SYRACUSE,183,Austin Chandler,Austin Chandler,G,OL,exact_name,100
2019,60104,4240404,SYRACUSE,183,Dakota Davis,Dakota Davis,G,OL,exact_name,100
2019,60105,4240406,SYRACUSE,183,Patrick Davis,Patrick Davis,T,OL,exact_name,100
2019,60106,4241799,TCU,2628,Coy McMillon,Coy McMillon,C,C,exact_name,100
2019,60107,4241808,TCU,2628,Quazzel White,Quazzel White,G,OL,exact_name,100
2019,60108,4241790,TCU,2628,Wes Harris,Wes Harris,G,G,exact_name,100
2019,60112,4257583,TEMPLE,218,Griffin Sestili,Griffin Sestili,C,OL,exact_name,100
2019,60113,4257585,TEMPLE,218,Andrew Eisenson,Andrew Eisenson,G,OL,exact_name,100
2019,60116,4262204,TEXAS,251,Derek Kerstetter,Derek Kerstetter,T,OL,exact_name,100
2019,60118,4240918,TEXAS A&M,245,Carson Green,Carson Green,T,OL,exact_name,100
2019,60119,4240921,ARIZONA,12,Robert Congel,Robert Congel,G,OL,exact_name,100
2019,60120,4240920,TEXAS A&M,245,Dan Moore Jr.,Dan Moore Jr.,T,OL,exact_name,100
2019,60121,4240924,TEXAS A&M,245,Jared Hocker,Jared Hocker,G,OL,exact_name,100
2019,60122,4240922,TEXAS A&M,245,Grayson Reed,Grayson Reed,T,OL,exact_name,100
2019,60128,4241847,TEXAS TECH,2641,Casey Verhulst,Casey Verhulst,T,OL,exact_name,100
2019,60130,4241844,TEXAS TECH,2641,Jack Anderson,Jack Anderson,G,OL,exact_name,100
2019,60131,4241848,TEXAS TECH,2641,Dawson Deaton,Dawson Deaton,C,OL,exact_name,100
2019,60132,4241849,TEXAS TECH,2641,Will Farrar,Will Farrar,G,OL,exact_name,100
2019,60134,4241732,TROY,2653,Bubba Hudson,Bubba Hudson,G,OL,exact_name,100
2019,60135,4241735,TROY,2653,Austin Stidham,Austin Stidham,T,OL,exact_name,100
2019,60138,4262111,TROY,2653,Bobby Klemm,Bobby Klemm,G,OL,exact_name,100
2019,60140,4259469,TULANE,2655,Timothy Shafter,Timothy Shafter,T,OL,exact_name,100
2019,60141,4243927,TULANE,2655,Joey Claybrook,Joey Claybrook,T,OL,exact_name,100
2019,60142,4243926,TULANE,2655,Corey Dublin,Corey Dublin,G,OL,exact_name,100
2019,60144,4243925,TULANE,2655,Cameron Jackel,Cameron Jackel,T,OL,exact_name,100
2019,60146,4239786,UAB,5,David Galten,David Galten,G,OL,exact_name,100
2019,60152,4239809,UAB,5,Patrick Nuss,Patrick Nuss,G,OL,exact_name,100
2019,60156,4239784,UAB,5,Greg Fecanin,Greg Fecanin,G,OL,exact_name,100
2019,60170,4249140,UCLA,26,Sam Marrazzo,Sam Marrazzo,C,OL,exact_name,100
2019,60175,4261662,UNLV,2439,Jackson Reynolds,Jackson Reynolds,C,OL,exact_name,100
2019,60176,4261664,UNLV,2439,Ashton Morgan,Ashton Morgan,T,OL,exact_name,100
2019,60177,4242469,UNLV,2439,Sid Acosta,Sid Acosta,C,OL,exact_name,100
2019,60179,4261663,UNLV,2439,Justice Oluwaseun,Justice Oluwaseun,T,OL,exact_name,100
2019,60182,4249085,UTAH,254,London Bartholomew,London Bartholomew,G,OL,exact_name,100
2019,60183,4243248,UTAH,254,Nick Ford,Nick Ford,G,OL,exact_name,100
2019,60185,4243262,UTAH,254,Orlando Umana,Orlando Umana,C,OL,exact_name,100
2019,60187,4259238,UTAH ST,328,Chandler Dolphin,Chandler Dolphin,C,OL,exact_name,100
2019,60190,4259237,UTAH ST,328,Alfred Edwards III,Alfred Edwards,T,OL,exact_name,100
2019,60194,4245229,UTEP,2638,Bobby DeHaro,Bobby DeHaro,G,OL,exact_name,100
2019,60196,4260790,UTEP,2638,Bijan Hosseini,Bijan Hosseini,G,OL,exact_name,100
2019,60199,4245208,UTSA,2636,Kevin Davis,Kevin Davis,G,OL,exact_name,100
2019,60200,4242657,VANDERBILT,238,Grant Miller,Grant Miller,C,OL,exact_name,100
2019,60203,4242650,VANDERBILT,238,Cole Clemens,Cole Clemens,G,OL,exact_name,100
2019,60204,4242647,VANDERBILT,238,Bryce Bailey,Bryce Bailey,G,OL,exact_name,100
2019,60205,4242664,VANDERBILT,238,Saige Young,Saige Young,G,OL,exact_name,100
2019,60214,4243316,WASHINGTON,264,Henry Bainivalu,Henry Bainivalu,G,OL,exact_name,100
2019,60215,4243324,WASHINGTON,264,Jaxson Kirkland,Jaxson Kirkland,G,OL,exact_name,100
2019,60216,4245285,WASHINGTON,264,Chase Skuza,Chase Skuza,G,OL,exact_name,100
2019,60251,4242347,WISCONSIN,275,Logan Bruss,Logan Bruss,T,OL,exact_name,100
2019,60252,4242348,WISCONSIN,275,Tyler Beach,Tyler Beach,T,OL,exact_name,100
2019,60253,4242353,WISCONSIN,275,Blake Smithback,Blake Smithback,C,OL,exact_name,100
2019,60255,4242350,WISCONSIN,275,Josh Seltzner,Josh Seltzner,G,OL,exact_name,100
2019,60256,4242352,WISCONSIN,275,Kayden Lyles,Kayden Lyles,G,OL,exact_name,100
2019,60266,4259618,ARK STATE,2032,Cody Grace,Cody Grace,P,P,exact_name,100
2019,60277,4240448,INDIANA,84,Haydon Whitehead,Haydon Whitehead,P,P,exact_name,100
2019,60289,4257347,MEMPHIS,235,Adam Williams,Adam Williams,P,P,exact_name,100
2019,60293,4241587,NEVADA,2440,Quinton Conaway,Quinton Conaway,P,P,exact_name,100
2019,60295,4240128,NC STATE,152,Trenton Gill,Trenton Gill,P,P,exact_name,100
2019,60304,4261621,S DIEGO ST,21,Brandon Heicklen,Brandon Heicklen,P,P,exact_name,100
2019,60313,4059858,WASHINGTON,264,Race Porter,Race Porter,P,P,exact_name,100
2019,60319,4239964,AIR FORCE,2005,Isaiah Sanders,Isaiah Sanders,QB,QB,exact_name,100
2019,60322,4045002,AKRON,2006,Robbie Kelley,Robbie Kelley,QB,QB,exact_name,100
2019,60323,4241464,ALABAMA,333,Mac Jones,Mac Jones,QB,QB,exact_name,100
2019,60326,4241479,ALABAMA,333,Tua Tagovailoa,Tua Tagovailoa,QB,QB,exact_name,100
2019,60332,4245679,ARIZONA,12,Rhett Rodriguez,Rhett Rodriguez,QB,QB,exact_name,100
2019,60339,4258447,ARMY,349,Christian Anderson,Christian Anderson,QB,QB,exact_name,100
2019,60343,4259183,BAYLOR,239,Garret McGuire,Garret McGuire,QB,QB,exact_name,100
2019,60344,4241222,BAYLOR,239,Charlie Brewer,Charlie Brewer,QB,QB,exact_name,100
2019,60347,4260440,BOISE ST,68,Chase Cord,Chase Cord,QB,QB,exact_name,100
2019,60348,4239935,BOSTON COL,103,Tate Haynes,Tate Haynes,CB,DB,exact_name,100
2019,60351,4239939,BOSTON COL,103,Dennis Grosel,Dennis Grosel,QB,QB,exact_name,100
2019,60361,4259269,CHARLOTTE,2429,Chris Reynolds,Chris Reynolds,QB,QB,exact_name,100
2019,60362,4239998,NWESTERN,77,Hunter Johnson,Hunter Johnson,QB,QB,exact_name,100
2019,60363,4239994,CLEMSON,228,Chase Brice,Chase Brice,QB,QB,exact_name,100
2019,60364,4243162,COLORADO,38,Tyler Lytle,Tyler Lytle,QB,QB,exact_name,100
2019,60365,4240452,DUKE,150,Chris Katrenick,Chris Katrenick,QB,QB,exact_name,100
2019,60382,4240020,FLORIDA ST,52,James Blackman,James Blackman,QB,QB,exact_name,100
2019,60383,4240025,NC STATE,152,Bailey Hockman,Bailey Hockman,QB,QB,exact_name,100
2019,60384,4242995,FRESNO ST,278,Jorge Reyna,Jorge Reyna,QB,QB,exact_name,100
2019,60387,4259553,GEORGIA,61,Stetson Bennett,Stetson Bennett,QB,QB,exact_name,100
2019,60389,4240689,GEORGIA,61,Jake Fromm,Jake Fromm,QB,QB,exact_name,100
2019,60395,4240251,HOUSTON,248,Bryson Smith,Bryson Smith,WR,WR,exact_name,100
2019,60416,4241327,KANSAS ST,2306,Nick Ast,Nick Ast,QB,WR,exact_name,100
2019,60418,4244068,KENT STATE,2309,Dustin Crum,Dustin Crum,QB,QB,exact_name,100
2019,60419,4260802,KENT STATE,2309,Pyrce Taylor,Pyrce Taylor,QB,QB,exact_name,100
2019,60421,4240786,KENTUCKY,96,Walker Wood,Walker Wood,QB,QB,exact_name,100
2019,60436,4240069,LOUISVILLE,97,Malik Cunningham,Malik Cunningham,QB,QB,exact_name,100
2019,60438,4242210,LSU,99,Myles Brennan,Myles Brennan,QB,QB,exact_name,100
2019,60439,4242203,UTSA,2636,Lowell Narcisse,Lowell Narcisse,QB,QB,exact_name,100
2019,60442,4261909,MARSHALL,276,Isaiah Green,Isaiah Green,QB,QB,exact_name,100
2019,60445,4243364,MEMPHIS,235,Connor Adair,Connor Adair,QB,QB,exact_name,100
2019,60446,4240628,MIAMI FL,2390,N'Kosi Perry,N'Kosi Perry,QB,QB,exact_name,100
2019,60449,4244297,MIAMI OH,193,Jackson Williamson,Jackson Williamson,QB,QB,exact_name,100
2019,60451,4258191,MICHIGAN,130,Dylan McCaffrey,Dylan McCaffrey,QB,QB,exact_name,100
2019,60452,4241965,MICH STATE,127,Rocky Lombardi,Rocky Lombardi,QB,QB,exact_name,100
2019,60459,4241193,MISSOURI,142,Taylor Powell,Taylor Powell,QB,QB,exact_name,100
2019,60471,4243716,NAVY,2426,Emmett Davis,Emmett Davis,WR,WR,exact_name,100
2019,60472,4243719,NAVY,2426,Chase Parrish,Chase Parrish,WR,WR,exact_name,100
2019,60473,4243711,NAVY,2426,Evan Fochtman,Evan Fochtman,S,S,exact_name,100
2019,60474,4243715,NAVY,2426,Dalen Morris,Dalen Morris,QB,QB,exact_name,100
2019,60475,4240796,OREGON ST,204,Tristan Gebbia,Tristan Gebbia,QB,QB,exact_name,100
2019,60476,4240792,NEBRASKA,158,Andrew Bunch,Andrew Bunch,QB,QB,exact_name,100
2019,60479,4261168,NEW MEXICO,167,Bryson Carroll,Bryson Carroll,HB,RB,exact_name,100
2019,60492,4250764,DOMINION,295,Stone Smartt,Stone Smartt,QB,QB,exact_name,100
2019,60498,4242268,NWESTERN,77,Andrew Marty,Andrew Marty,QB,QB,exact_name,100
2019,60501,4258588,NOTRE DAME,87,Cameron Ekanayake,Cameron Ekanayake,HB,RB,exact_name,100
2019,60502,4258586,NOTRE DAME,87,Avery Davis,Avery Davis,HB,WR,exact_name,100
2019,60503,4260936,OHIO,195,Drew Keszei,Drew Keszei,QB,QB,exact_name,100
2019,60504,4244688,OHIO,195,Nathan Rourke,Nathan Rourke,QB,QB,exact_name,100
2019,60505,4241992,MIAMI FL,2390,Tate Martell,Tate Martell,WR,QB,exact_name,100
2019,60509,4241410,OKLA STATE,197,Jelani Woods,Jelani Woods,TE,TE,exact_name,100
2019,60511,4273883,DOMINION,295,Steven Williams,Steven Williams,WR,WR,exact_name+posgroup,98
2019,60515,4240703,PITTSBURGH,221,Kenny Pickett,Kenny Pickett,QB,QB,exact_name,100
2019,60516,4260394,PURDUE,2509,Aidan O'Connell,Aidan O'Connell,QB,QB,exact_name,100
2019,60528,4243765,SMU,2567,Austin Upshaw,Austin Upshaw,WR,WR,exact_name,100
2019,60545,4240391,SYRACUSE,183,Tommy DeVito,Tommy DeVito,QB,QB,exact_name,100
2019,60546,4258614,SYRACUSE,183,Clayton Welch,Clayton Welch,QB,QB,exact_name,100
2019,60552,4243276,TEMPLE,218,Todd Centeio,Todd Centeio,QB,QB,exact_name,100
2019,60555,4241820,TEXAS,251,Sam Ehlinger,Sam Ehlinger,QB,QB,exact_name,100
2019,60556,4240904,TEXAS A&M,245,Kellen Mond,Kellen Mond,QB,QB,exact_name,100
2019,60558,4240901,TEXAS A&M,245,Connor Blumrick,Connor Blumrick,HB,TE,exact_name,100
2019,60561,4241667,TEXAS ST,326,Jaylen Gipson,Jaylen Gipson,WR,QB,exact_name,100
2019,60563,4241666,TEXAS ST,326,Jaylin Nelson,Jaylin Nelson,HB,RB,exact_name,100
2019,60567,4243908,TULANE,2655,Dane Ledford,Dane Ledford,WR,WR,exact_name,100
2019,60568,4243910,TROY,2653,Khalil McClain,Khalil McClain,WR,WR,exact_name,100
2019,60570,4239793,UAB,5,Tyler Johnston III,Tyler Johnston III,QB,QB,exact_name,100
2019,60576,4249121,APP STATE,2026,Jackson Gibbs,Jackson Gibbs,QB,QB,exact_name,100
2019,60577,4242974,UCLA,26,Austin Burton,Austin Burton,QB,QB,exact_name,100
2019,60581,4243258,UTAH,254,Jason Shelley,Jason Shelley,QB,QB,exact_name,100
2019,60583,4259219,UTAH ST,328,Henry Colombi,Henry Colombi,QB,QB,exact_name,100
2019,60586,4245186,UTSA,2636,Frank Harris,Frank Harris,QB,QB,exact_name,100
2019,60613,4242331,WISCONSIN,275,Jack Coan,Jack Coan,QB,QB,exact_name,100
2019,60615,4240351,WYOMING,2751,Tyler Vander Waal,Tyler Vander Waal,QB,QB,exact_name,100
2019,60623,4245638,ARIZONA,12,Xavier Bell,Xavier Bell,CB,DB,exact_name,100
2019,60624,4245704,ARIZONA,12,Scottie Young,Scottie Young Jr.,S,S,exact_name,100
2019,60625,4245705,ARIZONA,12,Troy Young,Troy Young,S,CB,exact_name,100
2019,60627,4244738,BALL ST,2050,Demetrius Murray,Demetrius Murray,S,S,exact_name,100
2019,60628,4244717,BALL ST,2050,Bryce Cosby,Bryce Cosby,S,S,exact_name,100
2019,60629,4244713,BALL ST,2050,Brett Anderson II,Brett Anderson II,S,S,exact_name,100
2019,60637,4260445,BOISE ST,68,Kekaula Kaniho,Kekaula Kaniho,CB,NT,exact_name,100
2019,60638,4260443,BOISE ST,68,Tyreque Jones,Tyreque Jones,S,CB,exact_name,100
2019,60642,4240454,DUKE,150,Lummie Young IV,Lummie Young IV,S,S,exact_name,100
2019,60643,4240460,DUKE,150,Leonard Johnson,Leonard Johnson,CB,CB,exact_name,100
2019,60644,4240456,DUKE,150,Michael Carter II,Michael Carter II,CB,S,exact_name,100
2019,60645,4240458,DUKE,150,Damani Neal,Damani Neal,S,S,exact_name,100
2019,60646,4240450,DUKE,150,Marquis Waters,Marquis Waters,S,DB,exact_name,100
2019,60647,4240599,FLORIDA,57,Donovan Stiner,Donovan Stiner,S,DB,exact_name,100
2019,60667,4244072,KENT STATE,2309,A.J. Musolino,A.J. Musolino,LB,LB,exact_name,100
2019,60676,4258418,LA MONROE,2433,Traveion Webster,Traveion Webster,LB,LB,exact_name,100
2019,60677,4258413,LA MONROE,2433,Austin Hawley,Austin Hawley,S,S,exact_name,100
2019,60678,4240080,LOUISVILLE,97,Jack Fagot,Jack Fagot,S,LB,exact_name,100
2019,60680,4240070,LOUISVILLE,97,TreSean Smith,TreSean Smith,S,S,exact_name,100
2019,60682,4240073,MEMPHIS,235,Rodney Owens,Rodney Owens,CB,DB,exact_name,100
2019,60683,4240072,LOUISVILLE,97,C.J. Avery,C.J. Avery,LB,LB,exact_name,100
2019,60684,4242215,LSU,99,Todd Harris Jr.,Todd Harris Jr.,S,S,exact_name,100
2019,60685,4242208,LSU,99,Grant Delpit,Grant Delpit,S,S,exact_name,100
2019,60688,4241966,MICH STATE,127,Dominique Long,Dominique Long,S,CB,exact_name,100
2019,60690,4241196,MISSOURI,142,Jordan Ulmer,Jordan Ulmer,S,S,exact_name,100
2019,60691,4241199,MISSOURI,142,Joshuah Bledsoe,Joshuah Bledsoe,CB,S,exact_name,100
2019,60692,4241195,MISSOURI,142,Tyree Gillespie,Tyree Gillespie,S,S,exact_name,100
2019,60699,4243722,NAVY,2426,Cameron Kinley,Cameron Kinley,CB,CB,exact_name,100
2019,60701,4261177,NEW MEXICO,167,Johnny Hernandez,Johnny Hernandez,S,S,exact_name,100
2019,60704,4261171,NEW MEXICO,167,Nico Bolden,Nico Bolden,S,S,exact_name,100
2019,60720,4260947,OHIO,195,Michael Ballentine,Michael Ballentine,S,S,exact_name,100
2019,60721,4260944,OHIO,195,Alvin Floyd,Alvin Floyd,S,S,exact_name,100
2019,60723,4257367,OHIO STATE,194,Kevin Dever Jr.,Kevin Dever,CB,S,exact_name,100
2019,60724,4241990,OHIO STATE,194,Isaiah Pryor,Isaiah Pryor,S,LB,exact_name,100
2019,60725,4241996,OHIO STATE,194,Brendon White,Brendon White,LB,DB,exact_name,100
2019,60726,4241368,OKLAHOMA,201,Robert Barnes,Robert Barnes,S,LB,exact_name,100
2019,60728,4241387,OKLAHOMA,201,Ryan Jones,Ryan Jones,LB,TE,exact_name,100
2019,60731,4241411,OKLA STATE,197,Malcolm Rodriguez,Malcolm Rodriguez,LB,LB,exact_name,100
2019,60733,4243498,DOMINION,295,Matt Geiger,Matt Geiger,HB,RB,exact_name,100
2019,60736,4242489,OREGON,2483,Nick Pickett,Nick Pickett,S,S,exact_name,100
2019,60737,4259596,PENN STATE,213,Drew Hartlaub,Drew Hartlaub,S,S,exact_name,100
2019,60738,4259604,PENN STATE,213,Justin Neff,Justin Neff,S,S,exact_name,100
2019,60739,4259608,PENN STATE,213,Jonathan Sutherland,Jonathan Sutherland,S,LB,exact_name,100
2019,60742,4261606,S DIEGO ST,21,Darren Hall,Darren Hall,CB,CB,exact_name,100
2019,60743,4261603,S DIEGO ST,21,Tariq Thompson,Tariq Thompson,CB,S,exact_name,100
2019,60745,4243767,SMU,2567,Delano Robinson,Delano Robinson,LB,LB,exact_name,100
2019,60760,4385499,TCU,2628,La'Kendrick Van Zandt,La'Kendrick Van Zandt,LB,LB,exact_name+posgroup,98
2019,60761,4241807,TCU,2628,Garret Wallow,Garret Wallow,LB,LB,exact_name,100
2019,60764,4241726,TROY,2653,Kyle Nixon,Kyle Nixon,S,S,exact_name,100
2019,60767,4243915,TULANE,2655,Tirise Barge,Tirise Barge,LB,S,exact_name,100
2019,60770,4243917,TULANE,2655,Chase Kuerschen,Chase Kuerschen,S,S,exact_name,100
2019,60771,4262182,UAB,5,Will Boler,Will Boler,S,S,exact_name,100
2019,60777,4262188,UAB,5,Kobe Griffin,Kobe Griffin,LB,S,exact_name,100
2019,60779,4259631,MIAMI FL,2390,Bubba Bolden,Bubba Bolden,S,S,exact_name,100
2019,60780,4062407,USC,30,Richard Hagestad,Richard Hagestad,S,S,exact_name,100
2019,60781,4259632,USC,30,Isaiah Pola-Mao,Isaiah Pola-Mao,S,S,exact_name,100
2019,60785,4241884,MARSHALL,276,Derrek Pitts Jr.,Derrek Pitts Jr.,S,CB,exact_name,100
2019,60791,4242337,WISCONSIN,275,Scott Nelson,Scott Nelson,S,S,exact_name,100
2019,60792,4242339,WISCONSIN,275,Tyler Mais,Tyler Mais,S,S,exact_name,100
2019,60793,4240338,WYOMING,2751,Esaias Gandy,Esaias Gandy,LB,S,exact_name,100
2019,60794,4261224,WYOMING,2751,Taylor Dodd,Taylor Dodd,CB,CB,exact_name,100
2019,60799,4240008,CLEMSON,228,Blake Vinson,Blake Vinson,T,OL,exact_name,100
2019,60804,4259983,KENTUCKY,96,Austin Dotson,Austin Dotson,G,G,exact_name,100
2019,60805,4241974,MICH STATE,127,Jordan Reid,Jordan Reid,T,OT,exact_name,100
2019,60806,4241964,MICH STATE,127,Mustafa Khaleefah,Mustafa Khaleefah,T,OT,exact_name,100
2019,60807,4241951,MICH STATE,127,Blake Bueter,Blake Bueter,G,OL,exact_name,100
2019,60808,4243735,NAVY,2426,Kurt Stengel,Kurt Stengel,T,OT,exact_name,100
2019,60809,4243734,NAVY,2426,Justin Self,Justin Self,T,C,exact_name,100
2019,60810,4243738,NAVY,2426,Billy Honaker,Billy Honaker,T,OT,exact_name,100
2019,60811,4240673,N CAROLINA,153,Marcus McKethan,Marcus McKethan,G,OL,exact_name,100
2019,60812,4240115,NC STATE,152,Joshua Fedd-Jackson,Joshua Fedd-Jackson,G,G,exact_name,100
2019,60815,4241696,TEXAS ST,326,Tate Heitmeier,Tate Heitmeier,G,OL,exact_name,100
2019,60816,4271632,USC,30,Austin Jackson,Austin Jackson,T,OT,exact_name,100
2019,60817,4259644,USC,30,Jalen McKenzie,Jalen McKenzie,G,OL,exact_name,100
2019,60818,4243220,USC,30,Andrew Vorhees,Andrew Vorhees,G,OL,exact_name,100
2019,60820,4245210,UTSA,2636,Dominic Pastucci,Dominic Pastucci,G,OL,exact_name,100
2019,60821,4245209,UTSA,2636,Josh Dunlop,Josh Dunlop,T,OL,exact_name,100
2019,60823,4240352,WYOMING,2751,Alonzo Velazquez,Alonzo Velazquez,T,OT,exact_name,100
2019,60824,4261208,WYOMING,2751,Eric Abojei,Eric Abojei,G,G,exact_name,100
2019,60829,4239985,AIR FORCE,2005,Lesley Dalger,Lesley Dalger,TE,TE,exact_name,100
2019,60830,4239987,AIR FORCE,2005,Kade Waguespack,Kade Waguespack,T,TE,exact_name,100
2019,60831,4261097,AIR FORCE,2005,Rhett Myers,Rhett Myers,T,OL,exact_name,100
2019,60832,4260316,AKRON,2006,Dylan Meeks,Dylan Meeks,ED,LB,exact_name,100
2019,60835,4241447,ALABAMA,333,Giles Amos,Giles Amos,TE,TE,exact_name,100
2019,60837,4241480,ALABAMA,333,Major Tennison,Major Tennison,TE,TE,exact_name,100
2019,60844,4245703,ARIZONA,12,Bryce Wolma,Bryce Wolma,TE,TE,exact_name,100
2019,60848,4079623,ARKANSAS,8,Blake Kern,Blake Kern,TE,TE,exact_name,100
2019,60852,4258484,ARMY,349,Jake Lauer,Jake Lauer,T,TE,exact_name,100
2019,60853,4242536,AUBURN,2,Sal Cannella,Sal Cannella,WR,WR,exact_name,100
2019,60854,4242526,AUBURN,2,John Samuel Shenker,John Samuel Shenker,TE,TE,exact_name,100
2019,60857,4259188,BAYLOR,239,Rob Saulin,Rob Saulin,TE,DL,exact_name,100
2019,60858,4239945,BOSTON COL,103,Drew McQuarrie,Drew McQuarrie,TE,TE,exact_name,100
2019,60859,4239944,BOSTON COL,103,Hunter Long,Hunter Long,TE,TE,exact_name,100
2019,60876,4243176,COLORADO,38,Brady Russell,Brady Russell,TE,TE,exact_name,100
2019,60878,4240472,DUKE,150,Noah Gray,Noah Gray,WR,TE,exact_name,100
2019,60879,4240473,DUKE,150,Jake Marwede,Jake Marwede,TE,TE,exact_name,100
2019,60887,4259442,FLORIDA,57,Andres Saldivar,Andres Saldivar,TE,TE,exact_name,100
2019,60888,4240618,FLORIDA,57,Kemore Gamble,Kemore Gamble,TE,TE,exact_name,100
2019,60906,4259386,HOUSTON,248,Shane Creamer,Shane Creamer,TE,TE,exact_name,100
2019,60907,4240268,HOUSTON,248,Parker Eichenberger,Parker Eichenberger,TE,TE,exact_name,100
2019,60911,4240557,ILLINOIS,356,Alex Pihlstrom,Alex Pihlstrom,TE,OL,exact_name,100
2019,60915,4258248,INDIANA,84,Peyton Hendershot,Peyton Hendershot,TE,TE,exact_name,100
2019,60917,4241263,IOWA STATE,66,Charlie Kolar,Charlie Kolar,TE,TE,exact_name,100
2019,60928,4241349,KANSAS ST,2306,Logan Long,Logan Long,TE,OL,exact_name,100
2019,60929,4046586,KANSAS ST,2306,Nick Lenners,Nick Lenners,TE,TE,exact_name,100
2019,60930,4244081,KENT STATE,2309,Nathan Monnin,Nathan Monnin,G,OL,exact_name,100
2019,60942,4242218,LSU,99,Aaron Moffitt,Aaron Moffitt,TE,TE,exact_name,100
2019,60945,4261933,MARSHALL,276,Devin Miller,Devin Miller,TE,TE,exact_name,100
2019,60946,4261934,MARSHALL,276,Jacob Kirkendoll,Jacob Kirkendoll,TE,OL,exact_name,100
2019,60947,4244845,MARSHALL,276,Armani Levias,Armani Levias,TE,TE,exact_name,100
2019,60948,4259525,MARYLAND,120,Robert Schwob,Robert Schwob,TE,TE,exact_name,100
2019,60952,4243390,MEMPHIS,235,Tyce Daniel,Tyce Daniel,TE,TE,exact_name,100
2019,60953,4243375,MEMPHIS,235,Dylan Parham,Dylan Parham,G,OL,exact_name,100
2019,60955,4240654,MIAMI FL,2390,Brian Polendey,Brian Polendey,TE,TE,exact_name,100
2019,60957,4244326,MIAMI OH,193,Adam Mehelic,Adam Mehelic,TE,TE,exact_name,100
2019,60959,4258201,MICHIGAN,130,Carter Selzer,Carter Selzer,TE,TE,exact_name,100
2019,60961,4241954,MICH STATE,127,Matt Dotson,Matt Dotson,TE,TE,exact_name,100
2019,60962,4241952,MICH STATE,127,Jack Camper,Jack Camper,ED,DE,exact_name,100
2019,60963,4242428,OLE MISS,145,Nick Haynes,Nick Haynes,TE,DL,exact_name,100
2019,60966,4241218,MISSOURI,142,Logan Christopherson,Logan Christopherson,TE,TE,exact_name,100
2019,60970,4240787,NEBRASKA,158,Austin Allen,Austin Allen,TE,TE,exact_name,100
2019,60971,4240809,NEBRASKA,158,Kurt Rafdal,Kurt Rafdal,TE,TE,exact_name,100
2019,60972,4241608,NEVADA,2440,Reagan Roberson,Reagan Roberson,TE,TE,exact_name,100
2019,60973,4240051,NEW MEXICO,167,Marcus Williams,Marcus Williams,TE,TE,exact_name,100
2019,60991,4258593,NOTRE DAME,87,Jack Henige,Jack Henige,FB,TE,exact_name,100
2019,60994,4242392,NOTRE DAME,87,Brock Wright,Brock Wright,TE,TE,exact_name,100
2019,60995,4258595,NOTRE DAME,87,Cole Kmet,Cole Kmet,TE,TE,exact_name,100
2019,60996,4242002,OHIO STATE,194,Brock Davin,Brock Davin,TE,TE,exact_name,100
2019,60997,4241374,OKLAHOMA,201,Grant Calcaterra,Grant Calcaterra,WR,TE,exact_name,100
2019,60998,4243493,DOMINION,295,Keion White,Keion White,ED,DL,exact_name,100
2019,61000,4240727,TEMPLE,218,Tyler Sear,Tyler Sear,TE,TE,exact_name,100
2019,61001,4240726,PITTSBURGH,221,Grant Carrigan,Grant Carrigan,TE,TE,exact_name,100
2019,61003,4260415,PURDUE,2509,Darius Pittman,Darius Pittman,TE,TE,exact_name,100
2019,61027,4240412,SYRACUSE,183,Aaron Hackett,Aaron Hackett,TE,TE,exact_name,100
2019,61032,4259331,TCU,2628,Carter Ware,Carter Ware,TE,TE,exact_name,100
2019,61034,4262205,TEXAS,251,Cade Brewer,Cade Brewer,TE,TE,exact_name,100
2019,61035,4262206,TEXAS,251,Reese Leitao,Reese Leitao,TE,DL,exact_name,100
2019,61036,4260032,TEXAS A&M,245,Jacob Groff,Jacob Groff,WR,WR,exact_name,100
2019,61038,4240925,TEXAS A&M,245,Camron Horry,Camron Horry,TE,TE,exact_name,100
2019,61040,4241689,TEXAS ST,326,Hunter Hebert,Hunter Hebert,TE,TE,exact_name,100
2019,61042,4259468,TULANE,2655,Connor Prouet,Connor Prouet,TE,TE,exact_name,100
2019,61043,4243921,TULANE,2655,Will Wallace,Will Wallace,TE,TE,exact_name,100
2019,61045,4239812,UAB,5,Hayden Pittman,Hayden Pittman,TE,TE,exact_name,100
2019,61047,4239760,UAB,5,Logan Arnold,Logan Arnold,TE,TE,exact_name,100
2019,61049,4239763,UAB,5,Thair Blakes,Thair Blakes,TE,TE,exact_name,100
2019,61054,4261657,UNLV,2439,Noah Bean,Noah Bean,TE,TE,exact_name,100
2019,61055,4259648,USC,30,Josh Falo,Josh Falo,TE,TE,exact_name,100
2019,61056,4259649,USC,30,Erik Krommenhoek,Erik Krommenhoek,TE,TE,exact_name,100
2019,61059,4259242,UTAH ST,328,Carson Terrell,Carson Terrell,TE,TE,exact_name,100
2019,61071,4243331,WASHINGTON,264,Cade Otton,Cade Otton,TE,TE,exact_name,100
2019,61072,4243318,WASHINGTON,264,Hunter Bryant,Hunter Bryant,TE,TE,exact_name,100
2019,61073,4243325,WASHINGTON,264,Jacob Kizer,Jacob Kizer,TE,TE,exact_name,100
2019,61081,4242355,WISCONSIN,275,Jake Ferguson,Jake Ferguson,TE,TE,exact_name,100
2019,61083,4240353,WYOMING,2751,Nate Weinman,Nate Weinman,TE,TE,exact_name,100
2019,61088,4261656,UNLV,2439,Jamaal Neal,Jamaal Neal,FB,TE,exact_name,100
2019,61094,4239968,AIR FORCE,2005,Geraud Sanders,Geraud Sanders,WR,WR,exact_name,100
2019,61097,4260320,AKRON,2006,Andre Williams,Andre Williams,WR,WR,exact_name,100
2019,61098,4240133,AKRON,2006,Dustin Burkhart,Dustin Burkhart,WR,WR,exact_name,100
2019,61099,4240146,AKRON,2006,Nate Stewart,Nate Stewart,WR,WR,exact_name,100
2019,61100,4241478,ALABAMA,333,DeVonta Smith,DeVonta Smith,WR,WR,exact_name,100
2019,61102,4241475,ALABAMA,333,Henry Ruggs III,Henry Ruggs III,WR,WR,exact_name,100
2019,61103,4241463,ALABAMA,333,Jerry Jeudy,Jerry Jeudy,WR,WR,exact_name,100
2019,61105,4241481,ALABAMA,333,Chadarius Townsend,Chadarius Townsend,HB,WR,exact_name,100
2019,61107,4241476,ALABAMA,333,Tyrell Shavers,Tyrell Shavers,WR,WR,exact_name,100
2019,61108,4241459,ALABAMA,333,Mac Hereford,Mac Hereford,WR,WR,exact_name,100
2019,61120,4241005,APP STATE,2026,Jake Henry,Jake Henry,WR,WR,exact_name,100
2019,61121,4241012,APP STATE,2026,Malik Williams,Malik Williams,WR,WR,exact_name,100
2019,61125,4241004,APP STATE,2026,Thomas Hennigan,Thomas Hennigan,WR,WR,exact_name,100
2019,61128,4245639,ARIZONA,12,Stanley Berryhill III,Stanley Berryhill III,WR,WR,exact_name,100
2019,61131,4245654,ARIZONA,12,Drew Dixon,Drew Dixon,WR,WR,exact_name,100
2019,61132,4064365,ARIZONA,12,Thomas Reid III,Thomas Reid III,WR,WR,exact_name,100
2019,61137,4242896,ARIZONA ST,9,Curtis Hodges,Curtis Hodges,TE,TE,exact_name,100
2019,61142,4242169,MISSOURI,142,Jonathan Nance,Jonathan Nance,WR,WR,exact_name,100
2019,61144,4242167,ARKANSAS,8,Tyson Morris,Tyson Morris,WR,WR,exact_name,100
2019,61145,4242163,ARKANSAS,8,Koilan Jackson,Koilan Jackson,WR,TE,exact_name,100
2019,61149,4258446,ARMY,349,Jordan Blackman,Jordan Blackman,TE,WR,exact_name,100
2019,61153,4258509,ARMY,349,Camden Harrison,Camden Harrison,WR,WR,exact_name,100
2019,61155,4242516,AUBURN,2,Noah Igbinoghene,Noah Igbinoghene,CB,DB,exact_name,100
2019,61156,4242520,AUBURN,2,Jatarvious Whitlow,JaTarvious Whitlow,HB,RB,exact_name,100
2019,61157,4244722,BALL ST,2050,Luke Endsley,Luke Endsley,WR,WR,exact_name,100
2019,61158,4244727,BALL ST,2050,Justin Hall,Justin Hall,WR,WR,exact_name,100
2019,61160,4244734,BALL ST,2050,Hassan Littles,Hassan Littles,WR,WR,exact_name,100
2019,61161,4261850,BALL ST,2050,Trevor Hohlt,Trevor Hohlt,WR,WR,exact_name,100
2019,61163,4244719,BALL ST,2050,Antwan Davis,Antwan Davis,WR,WR,exact_name,100
2019,61165,4261848,BALL ST,2050,Brennan Gillis,Brennan Gillis,WR,WR,exact_name,100
2019,61166,4241225,BAYLOR,239,R.J. Sneed II,R.J. Sneed II,WR,WR,exact_name,100
2019,61167,4259174,BAYLOR,239,Gavin Holmes,Gavin Holmes,WR,WR,exact_name,100
2019,61168,4260452,BOISE ST,68,CT Thomas,CT Thomas,WR,WR,exact_name,100
2019,61172,4260441,BOISE ST,68,Octavius Evans,Octavius Evans,WR,WR,exact_name,100
2019,61173,4239938,BOSTON COL,103,CJ Lewis,CJ Lewis,WR,WR,exact_name,100
2019,61175,4239952,BOSTON COL,103,Noah Jordan-Williams,Noah Jordan-Williams,WR,WR,exact_name,100
2019,61182,4244049,BOWL GREEN,189,Quintin Morris,Quintin Morris,TE,TE,exact_name,100
2019,61202,4259275,CHARLOTTE,2429,Calvin Camp,Calvin Camp,HB,RB,exact_name,100
2019,61203,4259268,CHARLOTTE,2429,Victor Tucker,Victor Tucker,WR,WR,exact_name,100
2019,61207,4259270,CHARLOTTE,2429,Cameron Dollar,Cameron Dollar,WR,WR,exact_name,100
2019,61209,4239999,CLEMSON,228,Will Swinney,Will Swinney,WR,WR,exact_name,100
2019,61210,4240009,CLEMSON,228,Will Brown,Will Brown,WR,WR,exact_name,100
2019,61211,4239993,CLEMSON,228,Tee Higgins,Tee Higgins,WR,WR,exact_name,100
2019,61212,4239992,CLEMSON,228,Amari Rodgers,Amari Rodgers,WR,WR,exact_name,100
2019,61214,4243165,COLORADO,38,Jaylon Jackson,Jaylon Jackson,WR,WR,exact_name,100
2019,61215,4243170,COLORADO,38,Maurice Bell,Maurice Bell,WR,WR,exact_name,100
2019,61216,4243168,COLORADO,38,K.D. Nixon,K.D. Nixon,WR,WR,exact_name,100
2019,61219,4243190,COLORADO,38,Curtis Chiaverini,Curtis Chiaverini,WR,WR,exact_name,100
2019,61220,4243160,COLORADO,38,Laviska Shenault Jr.,Laviska Shenault Jr.,WR,WR,exact_name,100
2019,61222,4240470,DUKE,150,Damond Philyaw-Johnson,Damond Philyaw-Johnson,WR,WR,exact_name,100
2019,61224,4239406,E CAROLINA,151,Blake Proehl,Blake Proehl,WR,WR,exact_name,100
2019,61225,4239411,E CAROLINA,151,Mydreon Vines,Mydreon Vines,WR,WR,exact_name,100
2019,61229,4239397,E CAROLINA,151,Leroy Henley,Leroy Henley,WR,WR,exact_name,100
2019,61245,4240600,FLORIDA,57,Kadarius Toney,Kadarius Toney,WR,WR,exact_name,100
2019,61254,-1010798,FLORIDA ST,52,D'Anfernee McGriff,D’anfernee McGriff,WR,WR,exact_name,100
2019,61255,4240034,FLORIDA ST,52,D.J. Matthews Jr.,D.J. Matthews Jr.,WR,WR,exact_name,100
2019,61258,4240028,FLORIDA ST,52,Tamorrion Terry,Tamorrion Terry,WR,WR,exact_name,100
2019,61264,4034844,FRESNO ST,278,Derrion Grim,Derrion Grim,WR,WR,exact_name,100
2019,61265,4243001,FRESNO ST,278,Zane Pope,Zane Pope,WR,WR,exact_name,100
2019,61266,4242990,FRESNO ST,278,Patrick Elima-Jeune,Patrick Elima-Jeune,WR,WR,exact_name,100
2019,61271,4259550,GEORGIA,61,Matt Landers,Matt Landers,WR,WR,exact_name,100
2019,61272,4259549,GEORGIA,61,Trey Blount,Trey Blount,WR,WR,exact_name,100
2019,61274,4259570,GEORGIA,61,Mark Webb Jr.,Mark Webb,CB,DB,exact_name,100
2019,61289,4240253,HOUSTON,248,Jeremy Singleton,Jeremy Singleton,WR,WR,exact_name,100
2019,61290,4259381,HOUSTON,248,Cole McGowan,Cole McGowan,WR,WR,exact_name,100
2019,61291,4240266,HOUSTON,248,Tre'von Bradley,Tre'Von Bradley,WR,WR,exact_name,100
2019,61292,4259383,HOUSTON,248,Timon Nolan,Timon Nolan,WR,WR,exact_name,100
2019,61317,4240529,ILLINOIS,356,Ricky Smalling,Ricky Smalling,WR,WR,exact_name,100
2019,61320,4258235,INDIANA,84,Whop Philyor,Whop Philyor,WR,WR,exact_name,100
2019,61321,4258238,INDIANA,84,Ty Fryfogle,Ty Fryfogle,WR,WR,exact_name,100
2019,61323,4240580,IOWA,2294,Max Cooper,Max Cooper,WR,WR,exact_name,100
2019,61324,4240573,IOWA,2294,Ihmir Smith-Marsette,Ihmir Smith-Marsette,WR,WR,exact_name,100
2019,61328,4259197,IOWA STATE,66,Tarique Milton,Tarique Milton,WR,WR,exact_name,100
2019,61329,4361739,TULSA,202,Josh Johnson,Josh Johnson,WR,WR,exact_name,100
2019,61330,4241246,IOWA STATE,66,Parker Rickert,Parker Rickert,FB,WR,exact_name,100
2019,61343,4241295,KANSAS,2305,Quan Hampton,Quan Hampton,WR,WR,exact_name,100
2019,61346,4241300,KANSAS,2305,Takulve Williams,Takulve Williams,WR,DB,exact_name,100
2019,61349,4241365,KANSAS ST,2306,Landry Weber,Landry Weber,WR,WR,exact_name,100
2019,61352,4241343,KANSAS ST,2306,Eric Hommel,Eric Hommel,WR,WR,exact_name,100
2019,61354,4241362,KANSAS ST,2306,Chabastin Taylor,Chabastin Taylor,WR,WR,exact_name,100
2019,61359,4259976,KENTUCKY,96,Josh Ali,Josh Ali,WR,WR,exact_name,100
2019,61361,4259979,KENTUCKY,96,Lynn Bowden Jr.,Lynn Bowden Jr.,QB,WR,exact_name,100
2019,61385,4373690,LA MONROE,2433,CJ Fletcher,CJ Fletcher,WR,WR,exact_name,100
2019,61388,4259364,LOUISVILLE,97,Jordan Thomas,Jordan Thomas,WR,WR,exact_name,100
2019,61390,4240091,LOUISVILLE,97,Josh Johnson,Josh Johnson,WR,WR,exact_name,100
2019,61394,4240075,LOUISVILLE,97,Justin Marshall,Justin Marshall,WR,WR,exact_name,100
2019,61398,4262921,LSU,99,Justin Jefferson,Justin Jefferson,WR,WR,exact_name,100
2019,61401,4242231,LSU,99,Racey McMath,Racey McMath,WR,WR,exact_name,100
2019,61402,4242204,LSU,99,JaCoby Stevens,JaCoby Stevens,S,S,exact_name,100
2019,61412,4261917,MARSHALL,276,Stone Scarcelle,Stone Scarcelle,WR,WR,exact_name,100
2019,61413,4241931,MARYLAND,120,Carlos Carriere,Carlos Carriere,WR,WR,exact_name,100
2019,61414,4241945,MARYLAND,120,Sean Nelson,Sean Nelson,WR,WR,exact_name,100
2019,61415,4241938,MARYLAND,120,MJ Jarrell,MJ Jarrell,WR,WR,exact_name,100
2019,61416,4241930,MARYLAND,120,Tahj Capehart,Tahj Capehart,CB,DB,exact_name,100
2019,61417,4241932,MARYLAND,120,Jayden Comma,Jayden Comma,TE,WR,exact_name,100
2019,61418,4243389,MEMPHIS,235,Calvin Austin III,Calvin Austin III,WR,WR,exact_name,100
2019,61419,4064980,MEMPHIS,235,Damonte Coxie,Damonte Coxie,WR,WR,exact_name,100
2019,61423,4240625,MIAMI FL,2390,Mike Harley Jr.,Mike Harley,WR,WR,exact_name,100
2019,61425,4240626,MIAMI FL,2390,Jeff Thomas,Jeff Thomas,WR,WR,exact_name,100
2019,61426,4240638,MIAMI FL,2390,Marshall Few,Marshall Few,WR,WR,exact_name,100
2019,61428,4240653,MIAMI FL,2390,Evidence Njoku,Evidence Njoku,TE,TE,exact_name,100
2019,61429,4244306,MIAMI OH,193,Jalen Walker,Jalen Walker,WR,WR,exact_name,100
2019,61430,4244304,MIAMI OH,193,Jaylon Bester,Jaylon Bester,HB,RB,exact_name,100
2019,61436,4244300,MIAMI OH,193,Dominique Robinson,Dominique Robinson,WR,DL,exact_name,100
2019,61438,4258189,IOWA,2294,Oliver Martin,Oliver Martin,WR,WR,exact_name,100
2019,61439,4258195,MICHIGAN,130,Donovan Peoples-Jones,Donovan Peoples-Jones,WR,WR,exact_name,100
2019,61441,4258173,MICHIGAN,130,Nico Collins,Nico Collins,WR,WR,exact_name,100
2019,61442,4258170,MICHIGAN,130,Tarik Black,Tarik Black,WR,WR,exact_name,100
2019,61443,4241982,MICH STATE,127,Jahz Watts,Jahz Watts,WR,WR,exact_name,100
2019,61445,4241970,MICH STATE,127,Laress Nelson,Laress Nelson,WR,WR,exact_name,100
2019,61448,4241983,MICH STATE,127,Cody White,Cody White,WR,WR,exact_name,100
2019,61449,4243957,MIDDLE TN,2393,Tyrese Johnson,Tyrese Johnson,WR,WR,exact_name,100
2019,61452,4243976,MIDDLE TN,2393,Zeke Cobb,Zeke Cobb,TE,WR,exact_name,100
2019,61453,4243975,MIDDLE TN,2393,Jimmy Marshall,Jimmy Marshall,WR,WR,exact_name,100
2019,61454,4242427,OLE MISS,145,Jared Farlow,Jared Farlow,WR,WR,exact_name,100
2019,61457,4259908,OLE MISS,145,Braylon Sanders,Braylon Sanders,WR,WR,exact_name,100
2019,61458,4242426,OLE MISS,145,Josh Ricketts,Josh Ricketts,WR,WR,exact_name,100
2019,61465,4259800,MISSOURI,142,Barrett Banister,Barrett Banister,WR,WR,exact_name,100
2019,61487,4243755,NAVY,2426,Ryan Mitchell,Ryan Mitchell,WR,WR,exact_name,100
2019,61488,4243720,NAVY,2426,Kody Crider,Kody Crider,TE,WR,exact_name,100
2019,61489,4240801,OREGON ST,204,Tyjon Lindsey,Tyjon Lindsey,WR,WR,exact_name,100
2019,61493,4240805,NEBRASKA,158,Jaevon Mcquitty,Jaevon McQuitty,WR,WR,exact_name,100
2019,61494,4240819,NEBRASKA,158,Kade Warner,Kade Warner,WR,WR,exact_name,100
2019,61496,4241602,TEXAS TECH,2641,McLane Mannix,McLane Mannix,WR,WR,exact_name,100
2019,61499,4241617,NEVADA,2440,Tyson Williams,Tyson Williams,S,DB,exact_name,100
2019,61500,4241597,NEVADA,2440,Daiyan Henley,Daiyan Henley,S,LB,exact_name,100
2019,61501,4241588,NEVADA,2440,Elijah Cooks,Elijah Cooks,WR,WR,exact_name,100
2019,61503,3930010,NEW MEXICO,167,Thomas Vieira,Thomas Vieira,WR,WR,exact_name,100
2019,61504,4261191,NEW MEXICO,167,Aaron Molina,Aaron Molina,WR,WR,exact_name,100
2019,61510,4240661,N CAROLINA,153,Dazz Newsome,Dazz Newsome,WR,WR,exact_name,100
2019,61513,4240676,N CAROLINA,153,Beau Corrales,Beau Corrales,WR,WR,exact_name,100
2019,61515,4240121,NC STATE,152,Thayer Thomas,Thayer Thomas,WR,WR,exact_name,100
2019,61516,4240119,NC STATE,152,Max Fisher,Max Fisher,WR,S,exact_name,100
2019,61517,4240120,NC STATE,152,Emeka Emezie,Emeka Emezie,WR,WR,exact_name,100
2019,61543,4242289,NWESTERN,77,Berkeley Holman,Berkeley Holman,WR,WR,exact_name,100
2019,61544,4242270,NWESTERN,77,Kyric McGowan,Kyric McGowan,WR,WR,exact_name,100
2019,61545,4242275,NWESTERN,77,Jace James,Jace James,WR,WR,exact_name,100
2019,61554,4258604,NOTRE DAME,87,Michael Young Jr.,Michael Young,WR,WR,exact_name,100
2019,61555,4258584,NOTRE DAME,87,Jafar Armstrong,Jafar Armstrong,HB,WR,exact_name,100
2019,61558,4039089,OHIO,195,Cameron Odom,Cameron Odom,WR,WR,exact_name,100
2019,61561,4260935,OHIO,195,K.J. Minter,K.J. Minter,WR,WR,exact_name,100
2019,61564,4242003,OHIO STATE,194,Ellijah Gardiner,Ellijah Gardiner,WR,WR,exact_name,100
2019,61565,4241988,FLORIDA,57,Trevon Grimes,Trevon Grimes,WR,WR,exact_name,100
2019,61566,4241991,OHIO STATE,194,Jaylen Harris,Jaylen Harris,WR,WR,exact_name,100
2019,61569,4241397,OKLAHOMA,201,Charleston Rambo,Charleston Rambo,WR,WR,exact_name,100
2019,61570,4241389,OKLAHOMA,201,CeeDee Lamb,CeeDee Lamb,WR,WR,exact_name,100
2019,61576,4241407,OKLA STATE,197,Braydon Johnson,Braydon Johnson,WR,WR,exact_name,100
2019,61577,4241424,OKLA STATE,197,Tylan Wallace,Tylan Wallace,WR,WR,exact_name,100
2019,61578,4257222,OKLA STATE,197,Patrick McKaufman,Patrick McKaufman,WR,WR,exact_name,100
2019,61580,4241425,OKLA STATE,197,LC Greenwood,LC Greenwood,WR,WR,exact_name,100
2019,61584,4242505,OREGON,2483,Daewood Davis,Daewood Davis,WR,WR,exact_name,100
2019,61586,4242506,OREGON,2483,Jaylon Redd,Jaylon Redd,WR,WR,exact_name,100
2019,61588,4242504,OREGON,2483,Johnny Johnson III,Johnny Johnson III,WR,WR,exact_name,100
2019,61590,4240380,PENN STATE,213,KJ Hamler,KJ Hamler,WR,WR,exact_name,100
2019,61591,4259597,PENN STATE,213,Mac Hippenhammer,Mac Hippenhammer,WR,WR,exact_name,100
2019,61593,4259610,PENN STATE,213,Justin Weller,Justin Weller,WR,WR,exact_name,100
2019,61594,4259607,PENN STATE,213,Cameron Sullivan-Brown,Cameron Sullivan-Brown,WR,WR,exact_name,100
2019,61595,4070946,PENN STATE,213,Colton Maxwell,Colton Maxwell,WR,WR,exact_name,100
2019,61597,4073624,PITTSBURGH,221,Michael Vardzel,Michael Vardzel,HB,WR,exact_name,100
2019,61599,4240724,PITTSBURGH,221,Dontavius Butler-Jenkins,Dontavius Butler-Jenkins,WR,WR,exact_name,100
2019,61600,4240704,PITTSBURGH,221,Michael Smith,Michael Smith,WR,WR,exact_name,100
2019,61609,4259304,RUTGERS,164,Shameen Jones,Shameen Jones,WR,WR,exact_name,100
2019,61610,4259305,RUTGERS,164,Bo Melton,Bo Melton,WR,WR,exact_name,100
2019,61611,4259322,RUTGERS,164,Tyler Hayek,Tyler Hayek,WR,WR,exact_name,100
2019,61612,4242254,RUTGERS,164,Prince Taylor,Prince Taylor,WR,WR,exact_name,100
2019,61613,4259303,RUTGERS,164,Everett Wormley,Everett Wormley,WR,WR,exact_name,100
2019,61624,4261602,S DIEGO ST,21,Isaiah Richardson,Isaiah Richardson,WR,WR,exact_name,100
2019,61627,4261610,S DIEGO ST,21,Ethan Dedeaux,Ethan Dedeaux,WR,WR,exact_name,100
2019,61629,4261626,S DIEGO ST,21,Alex Wilson,Alex Wilson,TE,TE,exact_name,100
2019,61630,4259426,SMU,2567,Matt Dorrity,Matt Dorrity,WR,WR,exact_name,100
2019,61631,4243760,SMU,2567,Tyler Page,Tyler Page,WR,WR,exact_name,100
2019,61633,4243778,SMU,2567,Judah Bell,Judah Bell,WR,WR,exact_name,100
2019,61692,4240408,SYRACUSE,183,Nykeim Johnson,Nykeim Johnson,WR,WR,exact_name,100
2019,61693,4240411,SYRACUSE,183,Sharod Johnson,Sharod Johnson,WR,WR,exact_name,100
2019,61695,4240407,SYRACUSE,183,Cameron Jordan,Cameron Jordan,WR,WR,exact_name,100
2019,61696,4240390,SYRACUSE,183,Russell Thompson-Bishop,Russell Thompson-Bishop,WR,WR,exact_name,100
2019,61697,4241802,TCU,2628,Jalen Reagor,Jalen Reagor,WR,WR,exact_name,100
2019,61698,4241795,TCU,2628,Al'Dontre Davis,Al'Dontre Davis,WR,WR,exact_name,100
2019,61705,4257587,TEMPLE,218,Jadan Blue,Jadan Blue,WR,WR,exact_name,100
2019,61706,4257576,TEMPLE,218,Jeremy Jennings,Jeremy Jennings,WR,CB,exact_name,100
2019,61711,4259352,TEXAS,251,Jordan Pouncey,Jordan Pouncey,WR,WR,exact_name,100
2019,61714,4240899,TEXAS A&M,245,Roshauud Paul,Roshauud Paul,WR,WR,exact_name,100
2019,61716,4240906,TEXAS A&M,245,Camron Buckley,Camron Buckley,WR,WR,exact_name,100
2019,61718,4240895,TEXAS A&M,245,Jhamon Ausbon,Jhamon Ausbon,WR,WR,exact_name,100
2019,61719,4241671,TEXAS ST,326,Jeremiah Haydel,Jeremiah Haydel,WR,WR,exact_name,100
2019,61720,4241684,TEXAS ST,326,Ledarrius Harris,LeDarrius Harris,HB,RB,exact_name,100
2019,61721,4241700,TEXAS ST,326,Chandler Speights,Chandler Speights,WR,WR,exact_name,100
2019,61722,4241665,TEXAS ST,326,Caleb Twyford,Caleb Twyford,HB,WR,exact_name,100
2019,61729,4259581,TEXAS TECH,2641,Dalton Rigdon,Dalton Rigdon,WR,WR,exact_name,100
2019,61731,4241826,TEXAS TECH,2641,Xavier Martin,Xavier Martin,WR,DB,exact_name,100
2019,61735,4241727,TROY,2653,Bret Clark,Bret Clark,WR,WR,exact_name,100
2019,61736,4241737,TROY,2653,Luke Whittemore,Luke Whittemore,WR,WR,exact_name,100
2019,61738,4243928,TULANE,2655,Jaetavian Toles,Jaetavian Toles,WR,WR,exact_name,100
2019,61739,4243930,TULANE,2655,Kevin Ledee,Kevin LeDee,WR,WR,exact_name,100
2019,61748,4239800,UAB,5,Alec Marsch,Alec Marsch,FB,WR,exact_name,100
2019,61751,4239766,UAB,5,A.J. Brooks,A.J. Brooks,CB,CB,exact_name,100
2019,61753,4239778,UAB,5,Kevin Davis,Kevin Davis,WR,WR,exact_name,100
2019,61765,4062711,UCLA,26,Ethan Fernea,Ethan Fernea,WR,RB,exact_name,100
2019,61767,4261642,UNLV,2439,Drew Tejchman,Drew Tejchman,S,DB,exact_name,100
2019,61768,4261645,UNLV,2439,Jeremy Clark,Jeremy Clark,WR,WR,exact_name,100
2019,61771,4259639,USC,30,Jack Webster,Jack Webster,WR,WR,exact_name,100
2019,61774,4259634,UNLV,2439,Randal Grimes,Randal Grimes,WR,WR,exact_name,100
2019,61775,4243247,UTAH,254,Jaylen Dixon,Jaylen Dixon,WR,WR,exact_name,100
2019,61776,4243245,UTAH,254,Bronson Boyd,Bronson Boyd,CB,DB,exact_name,100
2019,61777,4243261,UTAH,254,Bryan Thompson,Bryan Thompson,WR,WR,exact_name,100
2019,61779,4240066,UTAH ST,328,Taylor Compton,Taylor Compton,WR,WR,exact_name,100
2019,61783,4259240,UTAH ST,328,Savon Scarver,Savon Scarver,WR,WR,exact_name,100
2019,61787,4260777,UTEP,2638,Alan Busey,Alan Busey,WR,WR,exact_name,100
2019,61789,4245214,UTSA,2636,Dadrian Taylor,Dadrian Taylor,CB,LB,exact_name,100
2019,61790,4245185,UTSA,2636,Tariq Woolen,Tariq Woolen,WR,CB,exact_name,100
2019,61791,4245197,UTSA,2636,Tyler Mahnke,Tyler Mahnke,LB,LB,exact_name,100
2019,61792,4259473,VANDERBILT,238,Keithian Starling Jr.,Keithian Starling,WR,WR,exact_name,100
2019,61793,4242648,VANDERBILT,238,James Bostic,James Bostic,WR,WR,exact_name,100
2019,61794,4242661,VANDERBILT,238,Chris Pierce,Chris Pierce,WR,WR,exact_name,100
2019,61802,4260219,MARYLAND,120,Sean Savoy,Sean Savoy,WR,WR,exact_name,100
2019,61804,4243319,WASHINGTON,264,Terrell Bynum,Terrell Bynum,WR,WR,exact_name,100
2019,61805,4243320,WASHINGTON,264,Alex Cook,Alex Cook,S,S,exact_name,100
2019,61806,4243323,WASHINGTON,264,Ty Jones,Ty Jones,WR,WR,exact_name,100
2019,61833,4242356,WISCONSIN,275,Deron Harrell,Deron Harrell,CB,CB,exact_name,100
2019,61836,4242330,WISCONSIN,275,Danny Davis III,Danny Davis III,WR,WR,exact_name,100
2019,61840,4261283,WYOMING,2751,Justyn Stindt,Justyn Stindt,WR,WR,exact_name,100
2019,61855,4244599,TULSA,202,Shamari Brooks,Shamari Brooks,HB,RB,exact_name,100
2019,61961,3131118,MARSHALL,276,Joey Fields,Joey Fields,WR,WR,exact_name,100
2019,62027,4261394,ARMY,349,Chris Gregg,Chris Gregg,WR,WR,exact_name,100
2019,62290,4360082,CINCINNATI,2132,Leonard Taylor,Leonard Taylor,TE,TE,exact_name,100
2019,62538,4372109,KENTUCKY,96,Collin Hartmann,Collin Hartmann,DI,DE,exact_name,100
2019,62603,4362616,KENTUCKY,96,Chris Oats,Chris Oats,LB,LB,exact_name,100
2019,62668,4370357,MARSHALL,276,Arak McDuffie,Arak McDuffie,DI,DL,exact_name,100
2019,62768,4240823,VIRGINIA,258,Lamont Atkins,Lamont Atkins,HB,RB,exact_name,100
2019,62769,4240839,VIRGINIA,258,PK Kier,PK Kier,HB,RB,exact_name,100
2019,62770,4240844,VIRGINIA,258,Jamari Peacock,Jamari Peacock,HB,FB,exact_name,100
2019,62771,4240824,VIRGINIA,258,Joey Blount,Joey Blount,S,S,exact_name,100
2019,62773,4240855,VIRGINIA,258,Zane Zandier,Zane Zandier,LB,LB,exact_name,100
2019,62774,4240850,VIRGINIA,258,Lindell Stone,Lindell Stone,QB,QB,exact_name,100
2019,62775,4240849,VIRGINIA,258,Charles Snowden,Charles Snowden,ED,LB,exact_name,100
2019,62777,4240826,VIRGINIA,258,Elliott Brown,Elliott Brown,ED,LB,exact_name,100
2019,62778,4240843,VIRGINIA,258,Ryan Nelson,Ryan Nelson,G,OT,exact_name,100
2019,62779,4240835,VIRGINIA,258,Matt Gahm,Matt Gahm,ED,LB,exact_name,100
2019,62780,4240836,VIRGINIA,258,Chris Glaser,Chris Glaser,G,G,exact_name,100
2019,62781,4240834,VIRGINIA,258,Tyler Fannin,Tyler Fannin,C,C,exact_name,100
2019,62782,4240838,VIRGINIA,258,Terrell Jana,Terrell Jana,WR,WR,exact_name,100
2019,62784,4240822,VIRGINIA,258,Mandy Alonso,Mandy Alonso,DI,DE,exact_name,100
2019,62835,4264188,AIR FORCE,2005,Mike Schmidt,Mike Schmidt,QB,QB,exact_name,100
2019,62890,4372485,PURDUE,2509,Rondale Moore,Rondale Moore,WR,WR,exact_name,100
2019,62915,4240491,GA TECH,59,Kaleb Oliver,Kaleb Oliver,S,DB,exact_name,100
2019,62917,4242434,TENNESSEE,2633,Cheyenne Labruzza,Cheyenne Labruzza,S,DB,exact_name,100
2019,62918,4242440,TENNESSEE,2633,Shawn Shamburger,Shawn Shamburger,CB,DB,exact_name,100
2019,62919,4242436,TENNESSEE,2633,Theo Jackson,Theo Jackson,S,DB,exact_name,100
2019,62922,4240476,GA TECH,59,Tre Swilling,Tre Swilling,CB,DB,exact_name,100
2019,62923,4240478,GA TECH,59,Devin Smith,Devin Smith,CB,DB,exact_name,100
2019,62924,4240487,GA TECH,59,Jaytlin Askew,Jaytlin Askew,CB,DB,exact_name,100
2019,62927,4242438,TENNESSEE,2633,Deandre Johnson,Deandre Johnson,ED,DE,exact_name,100
2019,62931,4242457,TENNESSEE,2633,Matthew Butler,Matthew Butler,DI,DL,exact_name,100
2019,62934,4242464,TENNESSEE,2633,Kivon Bennett,Kivon Bennett,ED,LB,exact_name,100
2019,62936,4079696,GA TECH,59,Djimon Brooks,Djimon Brooks,DI,DL,exact_name,100
2019,62938,4240507,GA TECH,59,Antwan Owens,Antwan Owens,ED,DL,exact_name,100
2019,62939,4240508,GA TECH,59,Kelton Dawson,Kelton Dawson,ED,DL,exact_name,100
2019,62941,-1012439,GA TECH,59,Jerry Howard Jr.,Jerry Howard Jr.,HB,RB,exact_name+posgroup,98
2019,62942,4242431,TENNESSEE,2633,Ty Chandler,Ty Chandler,HB,RB,exact_name,100
2019,62943,4242445,TENNESSEE,2633,Tim Jordan,Tim Jordan,HB,RB,exact_name,100
2019,62945,4260284,TENNESSEE,2633,James Christian,James Christian,HB,RB,exact_name,100
2019,62946,4360569,GA TECH,59,Jordan Mason,Jordan Mason,HB,RB,exact_name,100
2019,62947,4240484,GA TECH,59,Josh Blancato,Josh Blancato,WR,WR,exact_name,100
2019,62950,4242444,TENNESSEE,2633,Shanon Reid,Shanon Reid,LB,LB,exact_name,100
2019,62951,4242447,TENNESSEE,2633,Will Ignont,Will Ignont,LB,LB,exact_name,100
2019,62952,4242452,TENNESSEE,2633,Solon Page III,Solon Page III,LB,LB,exact_name,100
2019,62954,4240479,GA TECH,59,Bruce Jordan-Swilling,Bruce Jordan-Swilling,LB,RB,exact_name,100
2019,62955,4240492,GA TECH,59,Jaquan Henderson,Jaquan Henderson,ED,DL,exact_name,100
2019,62959,4242458,TENNESSEE,2633,Riley Locklear,Riley Locklear,G,OL,exact_name,100
2019,62960,4242459,TENNESSEE,2633,Trey Smith,Trey Smith,G,OL,exact_name,100
2019,62961,4242460,TENNESSEE,2633,K'Rojhn Calbert,K'Rojhn Calbert,T,OL,exact_name,100
2019,62962,4240494,GA TECH,59,Connor Hansen,Connor Hansen,G,OL,exact_name,100
2019,62963,4240495,GA TECH,59,Mikey Minihan,Mikey Minihan,G,OL,exact_name,100
2019,62967,4240500,GA TECH,59,Hamp Gibbs,Hamp Gibbs,G,OL,exact_name,100
2019,62968,4240501,GA TECH,59,Charlie Clark,Charlie Clark,T,OL,exact_name,100
2019,62969,4240502,GA TECH,59,Zach Quinney,Zach Quinney,T,OL,exact_name,100
2019,62973,4240485,GA TECH,59,Pressley Harvin III,Pressley Harvin III,P,P,exact_name,100
2019,62976,4240482,GA TECH,59,Tobias Oliver,Tobias Oliver,WR,DB,exact_name,100
2019,62977,4242446,TENNESSEE,2633,LaTrell Bumphus,LaTrell Bumphus,ED,DL,exact_name,100
2019,62982,4242442,TENNESSEE,2633,Princeton Fant,Princeton Fant,TE,TE,exact_name,100
2019,62983,4242443,TENNESSEE,2633,Jacquez Jones,Jacquez Jones,WR,WR,exact_name,100
2019,62986,4240480,GA TECH,59,Avery Showell,Avery Showell,S,DB,exact_name,100
2019,62987,4240486,GA TECH,59,Tariq Carpenter,Tariq Carpenter,S,DB,exact_name,100
2019,62988,4240506,GA TECH,59,Adonicas Sanders,Adonicas Sanders,WR,WR,exact_name,100
2019,63180,4248133,TEMPLE,218,Shane Hogarth,Shane Hogarth,DI,DT,exact_name,100
2019,63239,4250967,MEMPHIS,235,Kylan Watkins,Kylan Watkins,HB,RB,exact_name,100
2019,63376,4246140,UAB,5,Noah Wilder,Noah Wilder,LB,LB,exact_name,100
2019,63443,4249774,KENT STATE,2309,Jack Clement,Jack Clement,C,OL,exact_name,100
2019,63838,4426952,MIAMI OH,193,Jack Coldiron,Jack Coldiron,TE,TE,exact_name,100
2019,63860,4363148,MIAMI OH,193,AJ Mayer,AJ Mayer,QB,QB,exact_name,100
2019,63872,4363162,MIAMI OH,193,Kam Butler,Kam Butler,ED,DE,exact_name,100
2019,64296,4250127,CLEMSON,228,Tyler Traynham,Tyler Traynham,WR,RB,exact_name,100
2019,64505,4266596,UTSA,2636,Caleb Cantrell,Caleb Cantrell,LS,LS,exact_name,100
2019,64506,4401311,TOLEDO,2649,Devin Maddox,Devin Maddox,WR,WR,exact_name,100
2019,64631,4571652,AIR FORCE,2005,Omar Fattah,Omar Fattah,HB,FB,exact_name,100
2019,64818,4240589,IOWA,2294,Tristan Wirfs,Tristan Wirfs,T,OL,exact_name,100
2019,64864,4258482,ARMY,349,Kyle O'Connor,Kyle O'Connor,LS,LS,exact_name,100
2019,65033,4244607,TULSA,202,Akayleb Evans,Akayleb Evans,CB,DB,exact_name,100
2019,65080,4244598,TULSA,202,Keylon Stokes,Keylon Stokes,WR,WR,exact_name,100
2019,65081,4244602,TULSA,202,Allie Green IV,Allie Green IV,CB,DB,exact_name,100
2019,66122,4362273,TOLEDO,2649,Devan Rogers,Devan Rogers,DI,OL,exact_name,100
2019,66123,4361264,NWESTERN,77,Isaiah Bowser,Isaiah Bowser,HB,RB,exact_name,100
2019,66206,4259287,CHARLOTTE,2429,Will Graham,Will Graham,LB,LB,exact_name,100
2019,66212,4277368,UCONN,41,Donevin O'Reilly,Donevin O'Reilly,HB,RB,exact_name,100
2019,66267,4360849,MICH STATE,127,Xavier Henderson,Xavier Henderson,S,S,exact_name,100
2019,66274,4362307,OHIO,195,Jeremiah Wood,Jeremiah Wood,LB,S,exact_name,100
2019,66276,4382479,MICH STATE,127,Trenton Gillison,Trenton Gillison,TE,TE,exact_name,100
2019,66280,4362292,TOLEDO,2649,Alex Morgan,Alex Morgan,TE,TE,exact_name,100
2019,66745,4249826,KENT STATE,2309,Keenan Orr,Keenan Orr,TE,TE,exact_name,100
2019,66806,4250608,ARIZONA,12,Samari Springs,Samari Springs,CB,S,exact_name,100
2019,68800,4360180,HOUSTON,248,Shaun Lewis,Shaun Lewis,CB,DB,exact_name,100
2019,69915,4568640,TULSA,202,Denzel Carter,Denzel Carter,TE,TE,exact_name,100
2019,70770,4427592,FRESNO ST,278,Deven Jarvis,Deven Jarvis,S,LB,exact_name,100
2019,70839,4569511,USC,30,Drake Jackson,Drake Jackson,ED,LB,exact_name,100
2019,70895,4428894,USC,30,Jayden Williams,Jayden Williams,CB,DB,exact_name,100
2019,70983,4427473,TEXAS,251,Brayden Liebrock,Brayden Liebrock,TE,TE,exact_name,100
2019,71171,4427842,COLORADO,38,Tarik Luckett,Tarik Luckett,CB,CB,exact_name,100
2019,71304,4426357,USC,30,Kyle Ford,Kyle Ford,WR,WR,exact_name,100
2019,71322,4428788,OREGON,2483,Keyon Ware-Hudson,Keyon Ware-Hudson,DI,DT,exact_name,100
2019,71327,4426685,OREGON ST,204,Evan Bennett,Evan Bennett,DI,DL,exact_name,100
2019,71332,4426428,OREGON,2483,Sean Dollars,Sean Dollars,HB,RB,exact_name,100
2019,71369,4426366,OKLAHOMA,201,Jeremiah Criddell,Jeremiah Criddell,S,DB,exact_name,100
2019,71382,4427173,UTAH,254,Luke Felix-Fualalo,Luke Felix-Fualalo,T,OL,exact_name,100
2019,71406,4426586,OREGON ST,204,Akili Arnold,Akili Arnold,S,S,exact_name,100
2019,71430,4426360,ARIZONA ST,9,Joey Yellen,Joey Yellen,QB,QB,exact_name,100
2019,71580,4429942,ARIZONA ST,9,Elijah Juarez,Elijah Juarez,LB,LB,exact_name,100
2019,71728,4428728,ARIZONA,12,Jaxen Turner,Jaxen Turner,S,DB,exact_name,100
2019,71780,4427957,COLO STATE,36,Ty McCullouch,Ty McCullouch,WR,WR,exact_name,100
2019,72009,4426411,UCLA,26,Sean Rhyan,Sean Rhyan,T,OL,exact_name,100
2019,72138,4428265,OREGON,2483,Sua'ava Poti,Sua'ava Poti,DI,DT,exact_name,100
2019,72145,4430421,COLORADO,38,Na'im Rodman,Na'im Rodman,DI,DL,exact_name,100
2019,72154,4429835,BOISE ST,68,George Holani,George Holani,HB,RB,exact_name,100
2019,72158,4570190,RICE,242,Jake Bailey,Jake Bailey,WR,WR,exact_name,100
2019,72169,4427294,USC,30,Ralen Goforth,Ralen Goforth,LB,LB,exact_name,100
2019,72190,4426377,USC,30,Chris Steele,Chris Steele,CB,CB,exact_name,100
2019,72191,4426405,WASHINGTON,264,Trent McDuffie,Trent McDuffie,CB,DB,exact_name,100
2019,72208,4428921,USC,30,Jude Wolfe,Jude Wolfe,TE,TE,exact_name,100
2019,72376,4569594,WASHINGTON,264,Cam Davis,Cam Davis,HB,RB,exact_name,100
2019,72425,4427874,STANFORD,24,Zahran Manley,Zahran Manley,CB,CB,exact_name,100
2019,73148,4429961,UTAH,254,Falcon Kaumatule,Falcon Kaumatule,TE,OL,exact_name,100
2019,73151,4429882,NEVADA,2440,Henry Ikahihifo,Henry Ikahihifo,TE,DL,exact_name,100
2019,73582,4426773,NEW MEXICO,167,Cade Briggs,Cade Briggs,G,OL,exact_name,100
2019,73864,4428863,FRESNO ST,278,Evan Williams,Evan Williams,S,DB,exact_name,100
2019,73985,4569515,USC,30,Max Williams,Max Williams,CB,S,exact_name,100
2019,74188,4569256,MIAMI OH,193,Sam Vaughan,Sam Vaughan,T,OL,exact_name,100
2019,74267,4428594,NEVADA,2440,Melquan Stovall,Melquan Stovall,WR,WR,exact_name,100
2019,74298,4427819,NEVADA,2440,Justin Lockhart,Justin Lockhart,WR,WR,exact_name,100
2019,74463,4426488,STANFORD,24,Joshua Pakola,Joshua Pakola,DI,DL,exact_name,100
2019,74501,4570239,S JOSE ST,23,Isaiah Holiness,Isaiah Holiness,HB,WR,exact_name,100
2019,74867,4426676,VIRGINIA,258,Jowon Briggs,Jowon Briggs,DI,DE,exact_name,100
2019,75405,4360542,SMU,2567,Nick Dennis,Nick Dennis,G,OL,exact_name,100
2019,75698,4378664,COLO STATE,36,Dajon Owens,Dajon Owens,CB,DB,exact_name,100
2019,75699,4361281,COLO STATE,36,Rashad Ajayi,Rashad Ajayi,CB,CB,exact_name,100
2019,75700,4361283,COLO STATE,36,Malcolm Magee,Malcolm Magee,S,DB,exact_name,100
2019,75702,4291703,CHARLOTTE,2429,Ryan Braithwaite,Ryan Braithwaite,CB,DB,exact_name,100
2019,75703,4373802,COLO STATE,36,Logan Stewart,Logan Stewart,S,DB,exact_name,100
2019,75704,4291708,COLO STATE,36,Adonis Rufran,Adonis Rufran,CB,DB,exact_name,100
2019,75706,4361711,WYOMING,2751,Miles Williams,Miles Williams,ED,S,exact_name,100
2019,75707,4362537,RICE,242,Andrew Bird,Andrew Bird,CB,CB,exact_name,100
2019,75708,4362540,RICE,242,Jason White,Jason White,CB,CB,exact_name,100
2019,75719,4373935,HAWAII,62,Khoury Bethley,Khoury Bethley,S,DB,exact_name,100
2019,75720,4373938,HAWAII,62,Kai Kaneshiro,Kai Kaneshiro,CB,DB,exact_name,100
2019,75723,4373944,HAWAII,62,Kalamaku Kuewa,Kalamaku Kuewa,CB,DB,exact_name,100
2019,75728,4361710,WYOMING,2751,Rome Weber,Rome Weber,S,DB,exact_name,100
2019,75733,4362527,RICE,242,Prudy Calderon,Prudy Calderon,S,DB,exact_name,100
2019,75739,4361296,COLO STATE,36,Brandon Derrow,Brandon Derrow,DI,DL,exact_name,100
2019,75740,4361313,COLO STATE,36,Damion Dickens,Damion Dickens,ED,DE,exact_name,100
2019,75742,4361689,WYOMING,2751,Solomon Byrd,Solomon Byrd,ED,DE,exact_name,100
2019,75744,4362531,RICE,242,Cameron Valentine,Cameron Valentine,ED,DE,exact_name,100
2019,75758,4363641,HAWAII,62,Jeffery Keene,Jeffery Keene,ED,DL,exact_name,100
2019,75759,4373945,HAWAII,62,Jonah Kahahawai-Welch,Jonah Kahahawai-Welch,ED,DL,exact_name,100
2019,75760,4363646,HAWAII,62,Derek Thomas,Derek Thomas,ED,DL,exact_name,100
2019,75761,4373947,HAWAII,62,Justus Tavai,Justus Tavai,DI,DL,exact_name,100
2019,75763,4373956,HAWAII,62,Jonah Laulu,Jonah Laulu,ED,DL,exact_name,100
2019,75765,4373963,HAWAII,62,Kendall Hune,Kendall Hune,DI,DL,exact_name,100
2019,75767,4373965,HAWAII,62,Fo'i Sila,Fo'i Sila,DI,DL,exact_name,100
2019,75768,4361298,COLO STATE,36,Rushton Roberts,Rushton Roberts,ED,DL,exact_name,100
2019,75769,4361310,COLO STATE,36,Jan-Phillip Bombek,Jan-Phillip Bombek,ED,DL,exact_name,100
2019,75771,4361312,COLO STATE,36,Devin Phillips,Devin Phillips,DI,DL,exact_name,100
2019,75784,4361698,WYOMING,2751,Cole Godbout,Cole Godbout,DI,NT,exact_name,100
2019,75785,4361706,WYOMING,2751,Mario Mora,Mario Mora,DI,NT,exact_name,100
2019,75787,4362545,RICE,242,Jacob Doddridge,Jacob Doddridge,ED,DE,exact_name,100
2019,75810,4361282,COLO STATE,36,Dequan Jackson,Dequan Jackson,LB,LB,exact_name,100
2019,75811,4361286,COLO STATE,36,Cam'Ron Carter,Cam'Ron Carter,LB,LB,exact_name,100
2019,75814,4361294,COLO STATE,36,Troy Golden,Troy Golden,LB,DL,exact_name,100
2019,75816,4361699,WYOMING,2751,Chuck Hicks,Chuck Hicks,S,LB,exact_name,100
2019,75817,4361702,WYOMING,2751,Leevi Lafaele,Leevi Lafaele,ED,DE,exact_name,100
2019,75818,4361707,WYOMING,2751,Chad Muma,Chad Muma,LB,LB,exact_name,100
2019,75822,4362526,RICE,242,Antonio Montero,Antonio Montero,LB,LB,exact_name,100
2019,75823,4362535,RICE,242,Treshawn Chamberlain,Treshawn Chamberlain,S,LB,exact_name,100
2019,75824,4362541,RICE,242,Ari Broussard,Ari Broussard,LB,RB,exact_name,100
2019,75826,4362546,RICE,242,Blaze Alldredge,Blaze Alldredge,LB,LB,exact_name,100
2019,75828,4361308,COLO STATE,36,Ross Reiter,Ross Reiter,LS,LS,exact_name,100
2019,75849,4373949,HAWAII,62,Solo Vaipulu,Solo Vaipulu,G,OL,exact_name,100
2019,75850,4373951,HAWAII,62,Kohl Levao,Kohl Levao,G,OL,exact_name,100
2019,75851,4373952,HAWAII,62,Gene Pryor,Gene Pryor,T,OL,exact_name,100
2019,75852,4373953,HAWAII,62,Ilm Manning,Ilm Manning,T,OL,exact_name,100
2019,75853,4373954,HAWAII,62,Ernest Moore,Ernest Moore,T,OL,exact_name,100
2019,75855,4361297,COLO STATE,36,Ches Jackson,Ches Jackson,G,OL,exact_name,100
2019,75857,4361300,COLO STATE,36,Florian McCann,Florian McCann,C,OL,exact_name,100
2019,75859,4361685,WYOMING,2751,Blayne Baker,Blayne Baker,G,G,exact_name,100
2019,75860,4361691,WYOMING,2751,Frank Crum,Frank Crum,T,OT,exact_name,100
2019,75861,4361692,WYOMING,2751,Jason Davis,Jason Davis,G,DT,exact_name,100
2019,75862,4361709,WYOMING,2751,Zach Watts,Zach Watts,G,G,exact_name,100
2019,75871,4362549,RICE,242,Clay Servin,Clay Servin,T,OL,exact_name,100
2019,75872,4362550,RICE,242,Cole Garcia,Cole Garcia,G,OL,exact_name,100
2019,75873,4362551,RICE,242,Derek Ferraro,Derek Ferraro,T,OL,exact_name,100
2019,75875,4362532,RICE,242,Ikenna Enechukwu,Ikenna Enechukwu,ED,DE,exact_name,100
2019,75886,4373934,HAWAII,62,Chevan Cordeiro,Chevan Cordeiro,QB,QB,exact_name,100
2019,75888,4361690,WYOMING,2751,Sean Chambers,Sean Chambers,QB,QB,exact_name,100
2019,75891,4362528,RICE,242,Wiley Green,Wiley Green,QB,QB,exact_name,100
2019,75903,4362538,RICE,242,Juma Otoviano,Juma Otoviano,HB,RB,exact_name,100
2019,75908,4361284,COLO STATE,36,Quinn Brinnon,Quinn Brinnon,S,DB,exact_name,100
2019,75909,4361285,COLO STATE,36,Tywan Francis,Tywan Francis,S,S,exact_name,100
2019,75915,4361306,COLO STATE,36,Gary Williams,Gary Williams,TE,TE,exact_name,100
2019,75916,4361307,COLO STATE,36,Trey McBride,Trey McBride,TE,TE,exact_name,100
2019,75917,4361704,WYOMING,2751,Jackson Marcotte,Jackson Marcotte,TE,TE,exact_name,100
2019,75920,4362536,RICE,242,Robert French,Robert French,TE,TE,exact_name,100
2019,75922,4362553,RICE,242,Brendan Suckley,Brendan Suckley,FB,FB,exact_name,100
2019,75940,4373937,HAWAII,62,JoJo Ward,JoJo Ward,WR,WR,exact_name,100
2019,75943,4373957,HAWAII,62,James Green III,James Green III,CB,WR,exact_name,100
2019,75945,4373959,HAWAII,62,Nick Mardner,Nick Mardner,WR,WR,exact_name,100
2019,75947,4373960,HAWAII,62,Robert Funkhouser,Robert Funkhouser,WR,WR,exact_name,100
2019,75948,4373961,HAWAII,62,John Johnson,John Johnson,WR,WR,exact_name,100
2019,75950,4361288,COLO STATE,36,Ryan Lynch,Ryan Lynch,WR,WR,exact_name,100
2019,75953,4361293,COLO STATE,36,Thomas Pannunzio,Thomas Pannunzio,WR,WR,exact_name,100
2019,75955,4361303,COLO STATE,36,Nikko Hall,Nikko Hall,WR,WR,exact_name,100
2019,75958,4361697,WYOMING,2751,Gunner Gentry,Gunner Gentry,WR,WR,exact_name,100
2019,75967,4362555,RICE,242,August Pitre III,August Pitre,WR,WR,exact_name,100
2019,76560,4360585,GA TECH,59,Christian Malloy,Christian Malloy,HB,RB,exact_name,100
2019,76561,4244613,TULSA,202,Gerard Wheeler,Gerard Wheeler,C,C,exact_name,100
2019,76565,4372620,LOUISVILLE,97,Chandler Jones,Chandler Jones,CB,DB,exact_name,100
2019,76568,4362353,KENT STATE,2309,Montre Miller,Montre Miller,CB,CB,exact_name,100
2019,76571,4360412,DUKE,150,Jeremiah Lewis,Jeremiah Lewis,CB,S,exact_name,100
2019,76572,4361656,NC STATE,152,Teshaun Smith,Teshaun Smith,CB,CB,exact_name,100
2019,76573,4361657,NC STATE,152,De'Von Graves,De'Von Graves,CB,S,exact_name,100
2019,76574,4361658,NC STATE,152,Taiyon Palmer,Taiyon Palmer,CB,LB,exact_name,100
2019,76576,4361661,NC STATE,152,Kishawn Miller,Kishawn Miller,CB,CB,exact_name,100
2019,76578,4360318,CLEMSON,228,Mario Goodrich,Mario Goodrich,CB,CB,exact_name,100
2019,76579,4360982,TEMPLE,218,Elijah Clark,Elijah Clark,CB,CB,exact_name,100
2019,76580,4273152,TEMPLE,218,Aaron Adu,Aaron Adu,CB,CB,exact_name,100
2019,76581,4360983,TEMPLE,218,Chauncey Moore,Chauncey Moore,CB,S,exact_name,100
2019,76582,4360067,CINCINNATI,2132,Arquon Bush,Arquon Bush,CB,CB,exact_name,100
2019,76583,4360085,CINCINNATI,2132,Taj Ward,Taj Ward,S,DB,exact_name,100
2019,76587,4360551,SMU,2567,Treveon Johnson,Treveon Johnson,CB,WR,exact_name,100
2019,76588,4360554,SMU,2567,Terry Keys III,Terry Keys III,CB,CB,exact_name,100
2019,76591,4361824,OKLA STATE,197,Tanner McCalister,Tanner McCalister,S,S,exact_name,100
2019,76593,4362304,OHIO,195,John Gregory,John Gregory,CB,CB,exact_name,100
2019,76596,4373020,BAYLOR,239,Mark Milton,Mark Milton,CB,CB,exact_name,100
2019,76597,4361826,OKLA STATE,197,JayVeon Cardwell,JayVeon Cardwell,CB,CB,exact_name,100
2019,76600,4360327,KANSAS,2305,Corione Harris,Corione Harris,CB,DB,exact_name,100
2019,76601,4360335,KANSAS,2305,Elijah Jones,Elijah Jones,CB,CB,exact_name,100
2019,76602,4373041,KANSAS,2305,Ricky Thomas Jr.,Ricky Thomas,S,S,exact_name,100
2019,76604,4362344,KENT STATE,2309,Capone Blue,Capone Blue,CB,DB,exact_name,100
2019,76605,4362357,KENT STATE,2309,Jeremiah Salaam,Jeremiah Salaam,S,DB,exact_name,100
2019,76606,4362263,TOLEDO,2649,Jalynn Williams,Jalynn Williams,S,RB,exact_name,100
2019,76607,4362266,TOLEDO,2649,Jordan Hendy,Jordan Hendy,CB,CB,exact_name,100
2019,76609,4362275,TOLEDO,2649,Desmond Bernard,Desmond Bernard,S,CB,exact_name,100
2019,76616,4361638,BALL ST,2050,Tyler Potts,Tyler Potts,CB,DB,exact_name,100
2019,76617,4361642,BALL ST,2050,Gerald Smith,Gerald Smith,CB,CB,exact_name,100
2019,76620,4362311,OHIO,195,Justin Birchette,Justin Birchette,CB,CB,exact_name,100
2019,76621,4360337,KANSAS,2305,Elmore Hempstead Jr.,Elmore Hempstead Jr.,CB,CB,exact_name,100
2019,76623,4363037,FLORIDA ST,52,A.J. Lytton,A.J. Lytton,CB,DB,exact_name,100
2019,76624,4360468,FLORIDA ST,52,Jaiden Woodbey,Jaiden Woodbey,LB,DB,exact_name,100
2019,76626,4363036,FLORIDA ST,52,Isaiah Bolden,Isaiah Bolden,CB,DB,exact_name,100
2019,76627,4373315,PITTSBURGH,221,Marquis Williams,Marquis Williams,CB,DB,exact_name,100
2019,76628,4373318,PITTSBURGH,221,V'Lique Carter,V'Lique Carter,HB,WR,exact_name,100
2019,76631,4373320,PITTSBURGH,221,Erick Hallett,Erick Hallett II,CB,DB,exact_name,100
2019,76632,4360203,BOSTON COL,103,Elijah Jones,Elijah Jones,CB,DB,exact_name,100
2019,76633,4360210,BOSTON COL,103,Aaron Gethers,Aaron Gethers,CB,DB,exact_name,100
2019,76634,4360213,BOSTON COL,103,Jason Maitre,Jason Maitre,CB,CB,exact_name,100
2019,76640,4360276,OKLAHOMA,201,Brendan Radley-Hiles,Brendan Radley-Hiles,S,DB,exact_name,100
2019,76641,4361939,SYRACUSE,183,Andre Cisco,Andre Cisco,S,DB,exact_name,100
2019,76643,4361942,SYRACUSE,183,Trill Williams,Trill Williams,CB,DB,exact_name,100
2019,76647,4373267,N CAROLINA,153,DeAndre Hollins,DeAndre Hollins,CB,DB,exact_name,100
2019,76648,4361578,N CAROLINA,153,Graham Eklund,Graham Eklund,CB,DB,exact_name,100
2019,76649,4373271,N CAROLINA,153,Javon Terry,Javon Terry,CB,DB,exact_name,100
2019,76650,4373270,N CAROLINA,153,Trey Morrison,Trey Morrison,CB,DB,exact_name,100
2019,76651,4360154,E CAROLINA,151,Damel Hickman,Damel Hickman,CB,DB,exact_name,100
2019,76652,4360584,GA TECH,59,Jaylon King,Jaylon King,S,DB,exact_name,100
2019,76654,4360591,GA TECH,59,Zamari Walton,Zamari Walton,CB,CB,exact_name,100
2019,76655,4360590,GA TECH,59,Juanyeh Thomas,Juanyeh Thomas,S,DB,exact_name,100
2019,76667,4361651,NC STATE,152,Tanner Ingle,Tanner Ingle,S,S,exact_name,100
2019,76668,4362498,MIAMI FL,2390,Gilbert Frierson,Gilbert Frierson,S,DB,exact_name,100
2019,76670,4362502,MIAMI FL,2390,DJ Ivey,DJ Ivey,CB,CB,exact_name,100
2019,76673,4371847,NAVY,2426,Caleb Clear,Caleb Clear,CB,CB,exact_name,100
2019,76674,4371859,NAVY,2426,Michael McMorris,Michael McMorris,CB,CB,exact_name,100
2019,76676,4371857,NAVY,2426,Mitchell West,Mitchell West,S,DB,exact_name,100
2019,76679,4371865,NAVY,2426,Daniel Taylor,Daniel Taylor,CB,RB,exact_name,100
2019,76680,4371858,NAVY,2426,Chike Otaluka,Chike Otaluka,CB,RB,exact_name,100
2019,76682,4362388,UCF,2116,Dyllon Lester,Dyllon Lester,CB,DB,exact_name,100
2019,76684,4362391,UCF,2116,Jermaine McMillian,Jermaine McMillian,CB,DB,exact_name,100
2019,76685,4362394,UCF,2116,Derek Gainous,Derek Gainous,S,DB,exact_name,100
2019,76689,4371731,MEMPHIS,235,Quindell Johnson,Quindell Johnson,S,DB,exact_name,100
2019,76692,4371737,MEMPHIS,235,Chris Claybrooks,Chris Claybrooks,CB,DB,exact_name,100
2019,76698,4362132,UCONN,41,Jalon Ferrell,Jalon Ferrell,LB,S,exact_name,100
2019,76699,4362155,UCONN,41,Messiah Turner,Messiah Turner,S,DB,exact_name,100
2019,76700,4362149,UCONN,41,Keyshawn Paul,Keyshawn Paul,CB,DB,exact_name,100
2019,76702,4360141,E CAROLINA,151,Myles Berry,Myles Berry,LB,LB,exact_name,100
2019,76703,4362145,UCONN,41,Jordan Morrison,Jordan Morrison,LB,LB,exact_name,100
2019,76704,4362152,UCONN,41,Oneil Robinson,O'Neil Robinson,S,DB,fuzzy_composite,92
2019,76705,4371736,MEMPHIS,235,Troy Hurst,Troy Hurst,CB,DB,exact_name,100
2019,76708,4360179,HOUSTON,248,Garrison Vaughn,Garrison Vaughn,S,DB,exact_name,100
2019,76711,4519492,HOUSTON,248,Torey Richardson,Torey Richardson,CB,CB,exact_name,100
2019,76712,4360142,E CAROLINA,151,Michael Witherspoon,Michael Witherspoon,CB,DB,exact_name,100
2019,76713,4360136,E CAROLINA,151,Warren Saba,Warren Saba,CB,S,exact_name,100
2019,76714,4360134,E CAROLINA,151,Nolan Johnson,Nolan Johnson,S,CB,exact_name,100
2019,76715,4360140,E CAROLINA,151,Jaren Rainey,Jaren Rainey,S,DB,exact_name,100
2019,76716,4360138,E CAROLINA,151,Daniel Charles,Daniel Charles,S,DB,exact_name,100
2019,76720,4360263,OKLAHOMA,201,Miguel Edwards,Miguel Edwards,CB,DB,exact_name,100
2019,76723,4362074,TEXAS,251,Jalen Green,Jalen Green,CB,S,exact_name,100
2019,76724,4362076,TEXAS,251,Anthony Cook,Anthony Cook,CB,DB,exact_name,100
2019,76725,4362077,TEXAS,251,Caden Sterns,Caden Sterns,S,DB,exact_name,100
2019,76727,4360206,BOSTON COL,103,Tyler Days,Tyler Days,S,DB,exact_name,100
2019,76728,4362086,TEXAS,251,B.J. Foster,B.J. Foster,S,DB,exact_name,100
2019,76729,4362088,TEXAS,251,DeMarvion Overshown,DeMarvion Overshown,LB,LB,exact_name,100
2019,76736,4361748,IOWA STATE,66,Anthony Johnson Jr.,Anthony Johnson Jr.,CB,DB,exact_name,100
2019,76740,4362142,UCONN,41,Jeremy Lucien,Jeremy Lucien,CB,CB,exact_name,100
2019,76741,4362925,KANSAS ST,2306,Derek Bowman,Derek Bowman,LB,LB,exact_name,100
2019,76742,4373061,KANSAS ST,2306,Ekow Boye-Doe,Ekow Boye-Doe,CB,CB,exact_name,100
2019,76744,4362928,KANSAS ST,2306,Wayne Jones,Wayne Jones,S,DB,exact_name,100
2019,76746,4362929,KANSAS ST,2306,Kevion McGee,Kevion McGee,CB,DB,exact_name,100
2019,76747,4373087,KANSAS ST,2306,Lance Robinson,Lance Robinson,CB,DB,exact_name,100
2019,76753,4362121,BOWL GREEN,189,James Harris Jr.,James Harris Jr.,CB,DB,exact_name,100
2019,76754,4373428,BOWL GREEN,189,Evan Brown,Evan Brown,LB,LB,exact_name,100
2019,76757,4374013,KENT STATE,2309,Richie Carpenter Jr.,Richie Carpenter Jr.,CB,S,exact_name,100
2019,76759,4363150,MIAMI OH,193,Zedrick Raymond,Zedrick Raymond,CB,DB,exact_name,100
2019,76760,4363154,MIAMI OH,193,Cecil Singleton Jr.,Cecil Singleton Jr.,S,DB,exact_name,100
2019,76761,4363155,MIAMI OH,193,Ja'don Rucker-Furlow,Ja'don Rucker-Furlow,CB,DB,exact_name,100
2019,76763,4383750,MIAMI OH,193,Chris Cavalaris,Chris Cavalaris,CB,WR,exact_name,100
2019,76764,4362276,TOLEDO,2649,Nate Bauer,Nate Bauer,S,S,exact_name,100
2019,76772,4373436,BOWL GREEN,189,Caleb Biggers,Caleb Biggers,CB,CB,exact_name,100
2019,76788,-1000364,AKRON,2006,Reggie Corner Jr.,"Reggie Corner, Jr.",CB,DB,exact_name+posgroup,98
2019,76790,4360572,GA TECH,59,Charlie Thomas III,Charlie Thomas,LB,LB,exact_name,100
2019,76791,4362082,TEXAS,251,D'Shawn Jamison,D'Shawn Jamison,CB,DB,exact_name,100
2019,76793,4363048,FLORIDA ST,52,Jamarcus Chatman,Jamarcus Chatman,DI,DT,exact_name,100
2019,76794,4363049,FLORIDA ST,52,Malcolm Lamar Sr.,Malcolm Lamar,DI,OL,exact_name,100
2019,76796,4360813,LOUISVILLE,97,Dayna Kinnaird,Dayna Kinnaird,DI,DL,exact_name,100
2019,76797,4360820,LOUISVILLE,97,Thurman Geathers,Thurman Geathers,ED,DE,exact_name,100
2019,76799,4373277,N CAROLINA,153,Lancine Turay,Lancine Turay,DI,DL,exact_name,100
2019,76800,4371604,E CAROLINA,151,Damir Faison,Damir Faison,FB,DL,exact_name,100
2019,76805,4361681,NC STATE,152,Derrick Eason,Derrick Eason,T,OL,exact_name,100
2019,76806,4361683,NC STATE,152,Joseph Boletepeli,Joseph Boletepeli,ED,DL,exact_name,100
2019,76807,4360304,CLEMSON,228,Xavier Thomas,Xavier Thomas,ED,DE,exact_name,100
2019,76809,4360311,CLEMSON,228,Justin Mascoll,Justin Mascoll,ED,DE,exact_name,100
2019,76815,4372168,TEMPLE,218,Nickolos Madourie,Nickolos Madourie,ED,DE,exact_name,100
2019,76816,4360080,CINCINNATI,2132,Myjai Sanders,Myjai Sanders,ED,DE,exact_name,100
2019,76817,4378918,CINCINNATI,2132,Mychal Keys,Mychal Keys,ED,DL,exact_name,100
2019,76819,4244614,TULSA,202,Deven Lamp,Deven Lamp,ED,DL,exact_name,100
2019,76820,4362381,TULSA,202,Cullen Wick,Cullen Wick,ED,DL,exact_name,100
2019,76821,4360563,SMU,2567,Gary Wiley,Gary Wiley,ED,DE,exact_name,100
2019,76822,4361806,TULANE,2655,Alfred Thomas,Alfred Thomas,DI,DE,exact_name,100
2019,76823,4361809,TULANE,2655,Juan Monjarres,Juan Monjarres,ED,DL,exact_name,100
2019,76824,4361821,TULANE,2655,Carlos Hatcher,Carlos Hatcher,ED,LB,exact_name,100
2019,76825,4361817,TULANE,2655,Davon Wright,Davon Wright,DI,DE,exact_name,100
2019,76826,4372183,TULANE,2655,Noah Seiden,Noah Seiden,DI,DE,exact_name,100
2019,76827,4360196,HOUSTON,248,Willie Smith III,Willie Smith III,DI,DL,exact_name,100
2019,76830,4360274,OKLAHOMA,201,Ronnie Perkins,Ronnie Perkins,ED,DE,exact_name,100
2019,76831,4379462,BAYLOR,239,Jackson Shupp,Jackson Shupp,ED,DL,exact_name,100
2019,76833,4379463,BAYLOR,239,Brayden Utley,Brayden Utley,ED,DL,exact_name,100
2019,76834,4373033,BAYLOR,239,Josh Landry,Josh Landry,ED,DL,exact_name,100
2019,76835,4361758,IOWA STATE,66,Zach Petersen,Zach Petersen,ED,DE,exact_name,100
2019,76836,4361861,OKLA STATE,197,Tyler Lacy,Tyler Lacy,ED,DE,exact_name,100
2019,76837,4361862,OKLA STATE,197,Braden Cassity,Braden Cassity,TE,FB,exact_name,100
2019,76838,4362486,TCU,2628,Ochaun Mathis,Ochaun Mathis,ED,DE,exact_name,100
2019,76842,4361767,IOWA STATE,66,Will McDonald IV,Will McDonald IV,ED,DE,exact_name,100
2019,76843,4360328,KANSAS,2305,Azur Kamara,Azur Kamara,ED,LB,exact_name,100
2019,76844,4360332,KANSAS,2305,Najee Stevens-McKenzie,Najee Stevens-McKenzie,ED,LB,exact_name,100
2019,76845,4373048,KANSAS,2305,Darrius Moragne,Darrius Moragne,ED,DE,exact_name,100
2019,76846,4373065,KANSAS ST,2306,Cartez Crook-Jones,Cartez Crook-Jones,ED,DE,exact_name,100
2019,76848,4373088,KANSAS ST,2306,Spencer Trussell,Spencer Trussell,ED,DE,exact_name,100
2019,76851,4362296,TOLEDO,2649,Melvin Johnson II,Melvin Johnson II,ED,DE,exact_name,100
2019,76852,4362298,TOLEDO,2649,Terrance Taylor,Terrance Taylor,ED,LB,exact_name,100
2019,76853,4362299,TOLEDO,2649,Jamal Hines,Jamal Hines,ED,LB,exact_name,100
2019,76856,4361627,BALL ST,2050,Shannon Hall,Shannon Hall,ED,DE,exact_name,100
2019,76858,4361641,BALL ST,2050,Jack Sape,Jack Sape,ED,DL,exact_name,100
2019,76859,4362374,TULSA,202,Cade Baumann,Cade Baumann,ED,DT,exact_name,100
2019,76861,4360277,OKLAHOMA,201,Jalen Redmond,Jalen Redmond,DI,DL,exact_name,100
2019,76863,4363047,FLORIDA ST,52,Robert Cooper,Robert Cooper,DI,DT,exact_name,100
2019,76864,4360474,FLORIDA ST,52,Peter Osimen,Peter Osimen,DI,DT,exact_name,100
2019,76865,4373312,PITTSBURGH,221,John Morgan III,John Morgan III,ED,DL,exact_name,100
2019,76867,4373336,PITTSBURGH,221,Devin Danielson,Devin Danielson,DI,DL,exact_name,100
2019,76871,4360819,LOUISVILLE,97,Jared Goldwire,Jared Goldwire,DI,DL,exact_name,100
2019,76881,4363615,GA TECH,59,Hinson Fowler,Hinson Fowler,DI,DL,exact_name,100
2019,76883,4360574,GA TECH,59,T.K. Chimedza,T.K. Chimedza,DI,DL,exact_name,100
2019,76884,4363618,GA TECH,59,Curtis Ryans,Curtis Ryans,ED,DL,exact_name,100
2019,76885,4370786,VIRGINIA,258,Aaron Faumui,Aaron Faumui,DI,DT,exact_name,100
2019,76890,4362524,MIAMI FL,2390,Jordan Miller,Jordan Miller,DI,DT,exact_name,100
2019,76892,4371878,NAVY,2426,Deondrae Williams,Deondrae Williams,ED,DE,exact_name,100
2019,76898,4362156,UCONN,41,Lwal Uguak,Lwal Uguak,DI,DL,exact_name,100
2019,76899,4360074,CINCINNATI,2132,Daeshon Martin,Daeshon Martin,DI,DT,exact_name,100
2019,76900,4362402,UCF,2116,Davonchae Bryant,Davonchae Bryant,DI,DL,exact_name,100
2019,76902,4362410,UCF,2116,Randy Charlton,Randy Charlton,ED,DE,exact_name,100
2019,76904,4362422,UCF,2116,Landon Woodson,Landon Woodson,ED,DE,exact_name,100
2019,76906,4362424,UCF,2116,Tyrese Black,Tyrese Black,DI,DL,exact_name,100
2019,76909,4371749,MEMPHIS,235,Corteze Love,Corteze Love,ED,DE,exact_name,100
2019,76910,4360302,MEMPHIS,235,Keith Brigham,Keith Brigham,DI,DL,exact_name,100
2019,76914,4362139,UCONN,41,Travis Jones,Travis Jones,DI,DL,exact_name,100
2019,76916,4362131,UCONN,41,Pierce DeVaughn,Pierce DeVaughn,ED,DL,exact_name,100
2019,76917,4362148,UCONN,41,Jonathan Pace,Jonathan Pace,DI,OL,exact_name,100
2019,76919,4360189,HOUSTON,248,Logan Hall,Logan Hall,DI,DL,exact_name,100
2019,76925,4362113,TEXAS,251,Daniel Carson,Daniel Carson,DI,DL,exact_name,100
2019,76927,4362116,TEXAS,251,Moro Ojomo,Moro Ojomo,DI,DL,exact_name,100
2019,76928,4362117,TEXAS,251,Keondre Coburn,Keondre Coburn,DI,DL,exact_name,100
2019,76938,4362175,TEXAS TECH,2641,Malik Essilfie,Malik Essilfie,ED,DL,exact_name,100
2019,76940,4362191,TEXAS TECH,2641,Jaylon Hutchings,Jaylon Hutchings,DI,DL,exact_name,100
2019,76949,4362355,KENT STATE,2309,Elijah Ratliff,Elijah Ratliff,G,OL,exact_name,100
2019,76950,4362346,KENT STATE,2309,Will Burns,Will Burns,DI,DL,exact_name,100
2019,76952,4363165,MIAMI OH,193,Will Kellison,Will Kellison,ED,DL,exact_name,100
2019,76954,4362282,TOLEDO,2649,Derrius Mullins,Derrius Mullins,DI,DL,exact_name,100
2019,76955,4362283,TOLEDO,2649,Jahneil Douglas,Jahneil Douglas,DI,DL,exact_name,100
2019,76963,4361640,BALL ST,2050,Tuni Ropati,Tuni Ropati,DI,DL,exact_name,100
2019,76972,4373335,PITTSBURGH,221,Habakkuk Baldonado,Habakkuk Baldonado,ED,DL,exact_name,100
2019,76979,4362319,OHIO,195,Cole Baker,Cole Baker,DI,DL,exact_name,100
2019,76980,4362322,OHIO,195,Kylen McCracken,Kylen McCracken,DI,DL,exact_name,100
2019,76983,4362337,OHIO,195,Zach Burks,Zach Burks,DI,DT,exact_name,100
2019,76986,4362339,OHIO,195,Bryce Stai,Bryce Stai,ED,DE,exact_name,100
2019,76988,4373311,PITTSBURGH,221,David Green,David Green,DI,DL,exact_name,100
2019,76989,4373402,AKRON,2006,Logan Hawkins,Logan Hawkins,DI,DL,exact_name,100
2019,76990,4383094,AKRON,2006,Michael Stuhldreer,Michael Stuhldreer,DI,DL,exact_name,100
2019,76991,4360227,BOSTON COL,103,Ryan Betro,Ryan Betro,DI,DT,exact_name,100
2019,76992,4360228,BOSTON COL,103,Kyiev Bennermon,Kyiev Bennermon,DI,DT,exact_name,100
2019,76993,4360415,DUKE,150,Tahj Rice,Tahj Rice,DI,DT,exact_name,100
2019,76994,4360416,DUKE,150,Elijiah Brown,Elijiah Brown,DI,DT,exact_name,100
2019,76995,4240829,VIRGINIA,258,Tommy Christ,Tommy Christ,DI,OT,exact_name,100
2019,76996,4361662,NC STATE,152,Alim McNeill,Alim McNeill,DI,DT,exact_name,100
2019,76997,4361670,NC STATE,152,Val Martin,Val Martin,DI,DL,exact_name,100
2019,76999,4360324,CLEMSON,228,Darnell Jefferies,Darnell Jefferies,DI,DL,exact_name,100
2019,77000,4360986,TEMPLE,218,Khris Banks,Khris Banks,DI,DL,exact_name,100
2019,77002,4372377,TULSA,202,Jaxon Player,Jaxon Player,DI,DL,exact_name,100
2019,77003,4360548,SMU,2567,Shabazz Dotson,Shabazz Dotson,ED,DT,exact_name,100
2019,77004,4360547,SMU,2567,Darren Brown,Darren Brown,DI,DT,exact_name,100
2019,77005,4360557,SMU,2567,Terrance Newman,Terrance Newman,DI,DT,exact_name,100
2019,77007,4362473,BUFFALO,2084,Atunaisa Vainikolo,Atunaisa Vainikolo,DI,DT,exact_name,100
2019,77013,4361864,OKLA STATE,197,Samuela Tuihalamaka,Samuela Tuihalamaka,DI,DL,exact_name,100
2019,77014,4361865,OKLA STATE,197,Amadou Fofana,Amadou Fofana,ED,DE,exact_name,100
2019,77015,4362480,TCU,2628,Izaih Filikitonga,Izaih Filikitonga,DI,DT,exact_name,100
2019,77016,4361766,IOWA STATE,66,Isaiah Lee,Isaiah Lee,DI,DL,exact_name,100
2019,77017,4360348,KANSAS,2305,Spencer Roe,Spencer Roe,TE,FB,exact_name,100
2019,77018,4360354,KANSAS,2305,Jelani Brown,Jelani Brown,DI,DT,exact_name,100
2019,77022,4373083,KANSAS ST,2306,Jaylen Pickle,Jaylen Pickle,DI,DE,exact_name,100
2019,77023,4373275,N CAROLINA,153,Jahlil Taylor,Jahlil Taylor,DI,DT,exact_name,100
2019,77025,4361628,BALL ST,2050,Emeka Jillani,Emeka Jillani,DI,DL,exact_name,100
2019,77026,4362460,BUFFALO,2084,DeShondrick Foxworth,DeShondrick Foxworth,DI,DT,exact_name,100
2019,77027,4362471,BUFFALO,2084,Eddie Wilson,Eddie Wilson,DI,DL,exact_name,100
2019,77029,-1019568,MIAMI FL,2390,Realus George Jr.,"Realus George, Jr.",FB,FB,exact_name+posgroup,98
2019,77030,4371869,NAVY,2426,James Harris II,James Harris II,HB,FB,exact_name,100
2019,77032,4360286,OKLAHOMA,201,Coby Tillman,Coby Tillman,TE,FB,exact_name,100
2019,77033,4371870,NAVY,2426,Isaac Ruoss,Isaac Ruoss,HB,FB,exact_name,100
2019,77037,4370797,VIRGINIA,258,Billy Kemp IV,Billy Kemp IV,WR,WR,exact_name+posgroup,98
2019,77038,4363153,MIAMI OH,193,Tyre Shelton,Tyre Shelton,HB,RB,exact_name,100
2019,77050,4362508,MIAMI FL,2390,Bubba Baxa,Bubba Baxa,K,PK,exact_name,100
2019,77068,4373032,BAYLOR,239,John Mayers,John Mayers,K,PK,exact_name,100
2019,77076,4362170,TEXAS TECH,2641,Trey Wolff,Trey Wolff,K,PK,exact_name,100
2019,77091,4360469,FLORIDA ST,52,Amari Gainer,Amari Gainer,ED,LB,exact_name,100
2019,77092,4363038,FLORIDA ST,52,Armani Kerr,Armani Kerr,LB,LB,exact_name,100
2019,77095,4373324,PITTSBURGH,221,Wendell Davis Jr.,Wendell Davis Jr.,LB,LB,exact_name,100
2019,77097,4360798,LOUISVILLE,97,Robert Hicks,Robert Hicks,ED,LB,exact_name,100
2019,77098,4360804,LOUISVILLE,97,Quen Head,Quen Head,LB,LB,exact_name,100
2019,77100,4360807,LOUISVILLE,97,Yasir Abdullah,Yasir Abdullah,ED,LB,exact_name,100
2019,77101,4360207,BOSTON COL,103,Nick DeNucci,Nick DeNucci,LB,LB,exact_name,100
2019,77102,4360209,BOSTON COL,103,Joe Sparacio,Joe Sparacio,S,LB,exact_name,100
2019,77103,4360219,BOSTON COL,103,Hugh Davis,Hugh Davis,LB,LB,exact_name,100
2019,77104,4360221,BOSTON COL,103,Evan Stewart,Evan Stewart,LB,LB,exact_name,100
2019,77110,4361946,SYRACUSE,183,Juan Wallace,Juan Wallace,LB,LB,exact_name,100
2019,77111,4361948,SYRACUSE,183,Lakiem Williams,Lakiem Williams,LB,LB,exact_name,100
2019,77114,4361581,N CAROLINA,153,Matthew Flint,Matthew Flint,LB,LB,exact_name,100
2019,77116,4360577,GA TECH,59,Jordan Domineck,Jordan Domineck,ED,LB,exact_name,100
2019,77117,4360571,GA TECH,59,Quez Jackson,Quez Jackson,LB,LB,exact_name,100
2019,77118,4360576,GA TECH,59,Justice Dingle,Justice Dingle II,ED,FB,exact_name,100
2019,77120,4360413,DUKE,150,Shaka Heyward,Shaka Heyward,LB,LB,exact_name,100
2019,77121,4360414,DUKE,150,Rocky Shelton II,Rocky Shelton II,LB,LB,exact_name,100
2019,77127,4361652,NC STATE,152,Payton Wilson,Payton Wilson,LB,LB,exact_name,100
2019,77129,4379521,NC STATE,152,Alex Gray,Alex Gray,LB,LB,exact_name,100
2019,77131,4361669,NC STATE,152,Seth Williams,Seth Williams,LB,LB,exact_name,100
2019,77132,4362514,MIAMI FL,2390,Darian Stephenson,Darian Stephenson,LB,LB,exact_name,100
2019,77133,-1019592,MIAMI FL,2390,Patrick Joyner Jr.,"Patrick Joyner, Jr.",LB,LB,exact_name,100
2019,77134,4360305,CLEMSON,228,Mike Jones Jr.,Mike Jones Jr.,LB,LB,exact_name,100
2019,77135,4360309,CLEMSON,228,Jake Venables,Jake Venables,LB,LB,exact_name,100
2019,77139,4371875,NAVY,2426,Bryce Shaw,Bryce Shaw,LB,LB,exact_name,100
2019,77142,4360977,TEMPLE,218,DaeSean Winston,DaeSean Winston,S,S,exact_name,100
2019,77143,4360984,TEMPLE,218,Travon King,Travon King,ED,DE,exact_name,100
2019,77144,4051703,TEMPLE,218,Boaz Pogue,Boaz Pogue,CB,LB,exact_name,100
2019,77145,4360975,TEMPLE,218,Layton Jordan,Layton Jordan,ED,LB,exact_name,100
2019,77147,4360084,CINCINNATI,2132,Ty Van Fossen,Ty Van Fossen,LB,LB,exact_name,100
2019,77148,4360058,CINCINNATI,2132,Ryan Royer,Ryan Royer,LB,LB,exact_name,100
2019,77152,4362398,UCF,2116,Eriq Gilyard,Eriq Gilyard,LB,LB,exact_name,100
2019,77155,4360293,MEMPHIS,235,Keith Brown Jr.,Keith Brown Jr.,LB,LB,exact_name,100
2019,77156,4371740,MEMPHIS,235,Jaylon Allen,Jaylon Allen,ED,DL,exact_name,100
2019,77158,4372366,TULSA,202,Grant Sawyer,Grant Sawyer,LB,LB,exact_name,100
2019,77159,4372369,TULSA,202,TieNeal Martin,TieNeal Martin,S,S,exact_name,100
2019,77160,4372371,TULSA,202,Justin Wright,Justin Wright,LB,LB,exact_name,100
2019,77162,4362369,TULSA,202,Yohance Burnett,Yohance Burnett,LB,LB,exact_name,100
2019,77164,4372378,TULSA,202,Anthony Goodlow,Anthony Goodlow,ED,DE,exact_name,100
2019,77165,4360538,SMU,2567,Trevor Denbow,Trevor Denbow,S,LB,exact_name,100
2019,77166,4360558,SMU,2567,Jimmy Phillips Jr.,Jimmy Phillips Jr.,S,LB,exact_name,100
2019,77167,4360549,SMU,2567,Preston Ellison,Preston Ellison,LB,LB,exact_name,100
2019,77169,4362450,BUFFALO,2084,James Patterson,James Patterson,LB,LB,exact_name,100
2019,77170,4372179,TULANE,2655,Nick Martorell,Nick Martorell,LB,LB,exact_name,100
2019,77171,4361805,TULANE,2655,Keitha Jones Jr.,Keitha Jones Jr.,TE,TE,exact_name,100
2019,77173,4361811,TULANE,2655,Sam Bruchhaus,Sam Bruchhaus,LB,LB,exact_name,100
2019,77179,4362138,UCONN,41,Kevon Jones,Kevon Jones,ED,DL,exact_name,100
2019,77180,4360193,HOUSTON,248,Donavan Mutin,Donavan Mutin,LB,LB,exact_name,100
2019,77181,4360190,HOUSTON,248,Zamar Kirven,Zamar Kirven,LB,LB,exact_name,100
2019,77188,4360160,E CAROLINA,151,Gerard Stringer,Gerard Stringer,CB,S,exact_name,100
2019,77190,4244606,TULSA,202,Zaven Collins,Zaven Collins,LB,LB,exact_name,100
2019,77192,4360162,E CAROLINA,151,Jireh Wilson,Jireh Wilson,S,DB,exact_name,100
2019,77194,4373426,BOWL GREEN,189,Eldridge Salguero,Eldridge Salguero,LB,LB,exact_name,100
2019,77195,4360255,OKLAHOMA,201,Brian Asamoah II,Brian Asamoah,LB,LB,exact_name,100
2019,77196,4360259,OKLAHOMA,201,Nik Bonitto,Nik Bonitto,ED,LB,exact_name,100
2019,77198,4360289,OKLAHOMA,201,DaShaun White,DaShaun White,LB,LB,exact_name,100
2019,77200,4361845,OKLA STATE,197,Carson Kropp,Carson Kropp,LB,LB,exact_name,100
2019,77203,4362091,TEXAS,251,Ayodele Adeoye,Ayodele Adeoye,LB,DE,exact_name,100
2019,77205,4362094,TEXAS,251,Joseph Ossai,Joseph Ossai,LB,LB,exact_name,100
2019,77206,4362095,TEXAS,251,Byron Vaughns,Byron Vaughns,ED,LB,exact_name,100
2019,77208,4362493,TCU,2628,Ben Wilson,Ben Wilson,LB,LB,exact_name,100
2019,77218,4361747,IOWA STATE,66,Mike Rose,Mike Rose,LB,LB,exact_name,100
2019,77219,4361750,IOWA STATE,66,Chandler Pulvermacher,Chandler Pulvermacher,LB,LB,exact_name,100
2019,77220,4361751,IOWA STATE,66,Gerry Vaughn,Gerry Vaughn,CB,LB,exact_name,100
2019,77225,4362158,UCONN,41,Hunter Webb,Hunter Webb,LB,LB,exact_name,100
2019,77229,4373060,KANSAS ST,2306,Nick Allen,Nick Allen,LB,LB,exact_name,100
2019,77231,4373070,KANSAS ST,2306,Cody Fletcher,Cody Fletcher,LB,LB,exact_name,100
2019,77232,4241338,KANSAS ST,2306,Daniel Green,Daniel Green,LB,LB,exact_name,100
2019,77236,4362171,TEXAS TECH,2641,Xavier Benson,Xavier Benson,LB,LB,exact_name,100
2019,77238,4362173,TEXAS TECH,2641,Michael Nelson,Michael Nelson,LB,LB,exact_name,100
2019,77241,4362120,BOWL GREEN,189,Brandon Perce,Brandon Perce,LB,LB,exact_name,100
2019,77244,4362889,KENT STATE,2309,Matt Harmon,Matt Harmon,ED,LB,exact_name,100
2019,77245,4362341,KENT STATE,2309,Sebastian Spear,Sebastian Spear,ED,LB,exact_name,100
2019,77252,4362272,TOLEDO,2649,Daniel Bolden,Daniel Bolden,LB,LB,exact_name,100
2019,77265,4362315,OHIO,195,Bryce Houston,Bryce Houston,LB,LB,exact_name,100
2019,77266,4362317,OHIO,195,Keye Thompson,Keye Thompson,LB,LB,exact_name,100
2019,77267,4362318,OHIO,195,Jack McCrory,Jack McCrory,LB,DE,exact_name,100
2019,77270,4362261,TOLEDO,2649,Evander Craft,Evander Craft,LB,LB,exact_name,100
2019,77272,4362449,BUFFALO,2084,Max Michel,Max Michel,LB,DE,exact_name,100
2019,77273,4360220,BOSTON COL,103,Vinny DePalma,Vinny DePalma,LB,LB,exact_name,100
2019,77274,4373456,BUFFALO,2084,Fabian Weitz,Fabian Weitz,LB,LB,exact_name,100
2019,77275,4361118,AKRON,2006,Brandon Bischof,Brandon Bischof,LB,LB,exact_name,100
2019,77279,4383716,MIAMI OH,193,Brody Carper,Brody Carper,G,OL,exact_name,100
2019,77283,4363610,GA TECH,59,Cade Long,Cade Long,LS,LS,exact_name,100
2019,77286,4373238,MIAMI FL,2390,Clay James,Clay James,LS,LS,exact_name,100
2019,77290,4371738,MEMPHIS,235,Treysen Neal,Treysen Neal,C,LS,exact_name,100
2019,77292,4371934,SMU,2567,Cole Voyles,Cole Voyles,LS,LS,exact_name,100
2019,77298,4362097,TEXAS,251,Justin Mader,Justin Mader,LS,S,exact_name,100
2019,77310,4370809,VIRGINIA,258,Jordan Redmond,Jordan Redmond,DI,NT,exact_name,100
2019,77312,4361816,TULANE,2655,Jeffery Johnson,Jeffery Johnson,DI,DL,exact_name,100
2019,77313,4361822,TULANE,2655,Jamiran James,Jamiran James,DI,DL,exact_name,100
2019,77315,4360419,DUKE,150,Casey Holman,Casey Holman,T,OT,exact_name,100
2019,77317,4244616,TULSA,202,Dante Bivens,Dante Bivens,G,OL,exact_name,100
2019,77319,4362474,TCU,2628,Steve Avila,Steve Avila,C,C,exact_name,100
2019,77320,4362376,TULSA,202,Judge Hartin,Judge Hartin,T,OT,exact_name,100
2019,77322,4363042,FLORIDA ST,52,Jalen Goss,Jalen Goss,T,OL,exact_name,100
2019,77325,4363043,FLORIDA ST,52,Chaz Neal,Chaz Neal,T,OL,exact_name,100
2019,77326,4360472,FLORIDA ST,52,Christian Armstrong,Christian Armstrong,G,OL,exact_name,100
2019,77328,4361734,PITTSBURGH,221,Jake Kradel,Jake Kradel,G,OL,exact_name,100
2019,77329,4240721,PITTSBURGH,221,Carson Van Lynn,Carson Van Lynn,T,OT,exact_name,100
2019,77339,4362135,UCONN,41,Christian Haynes,Christian Haynes,G,OL,exact_name,100
2019,77340,4360226,BOSTON COL,103,Cam Reddy,Cam Reddy,C,OL,exact_name,100
2019,77342,4360223,BOSTON COL,103,Finn Dirstine,Finn Dirstine,G,OL,exact_name,100
2019,77343,4360224,BOSTON COL,103,Tyler Vrabel,Tyler Vrabel,T,OL,exact_name,100
2019,77348,4361950,SYRACUSE,183,Carlos Vettorello,Carlos Vettorello,T,OL,exact_name,100
2019,77349,4373369,SYRACUSE,183,Ryan Kisselstein,Ryan Kisselstein,C,OL,exact_name,100
2019,77352,4373276,N CAROLINA,153,Avery Jones,Avery Jones,G,OL,exact_name,100
2019,77353,4373278,N CAROLINA,153,Ed Montilus,Ed Montilus,G,OL,exact_name,100
2019,77355,4373280,N CAROLINA,153,Joshua Ezeudu,Joshua Ezeudu,G,OL,exact_name,100
2019,77356,4373281,N CAROLINA,153,William Barnes,William Barnes,G,OL,exact_name,100
2019,77365,4360417,DUKE,150,Maurice McIntyre,Maurice McIntyre,G,OL,exact_name,100
2019,77384,4371892,NAVY,2426,Pierce Banbury,Pierce Banbury,G,C,exact_name,100
2019,77385,4371893,NAVY,2426,Nick Bernacchi,Nick Bernacchi,G,G,exact_name,100
2019,77386,4371894,NAVY,2426,Luca Fratianne,Luca Fratianne,T,OT,exact_name,100
2019,77392,4379387,TEMPLE,218,David Nwaogwugwu,David Nwaogwugwu,T,OL,exact_name,100
2019,77393,4242226,TEMPLE,218,Leon Pinto,Leon Pinto,G,OL,exact_name,100
2019,77395,4360991,TEMPLE,218,Adam Klein,Adam Klein,T,OL,exact_name,100
2019,77396,4360992,TEMPLE,218,J.D. Gomez,J.D. Gomez,G,OL,exact_name,100
2019,77401,4067387,CINCINNATI,2132,Darius Harper,Darius Harper,T,OL,exact_name,100
2019,77405,4362409,UCF,2116,Lamarius Benson,Lamarius Benson,G,OL,exact_name,100
2019,77406,4362411,UCF,2116,Eric Seidelman,Eric Seidelman,C,OL,exact_name,100
2019,77408,4362414,UCF,2116,Edward Collins,Edward Collins,T,OL,exact_name,100
2019,77409,4362415,UCF,2116,Chidoziri Maghiro,Chidoziri Maghiro,G,OL,exact_name,100
2019,77410,4362416,UCF,2116,James Collins,James Collins,T,OL,exact_name,100
2019,77412,4382646,MEMPHIS,235,Nigel Brannon,Nigel Brannon,T,DL,exact_name,100
2019,77414,4371751,MEMPHIS,235,Manuel Orona-Lopez,Manuel Orona-Lopez,G,OL,exact_name,100
2019,77416,4371753,MEMPHIS,235,Blaine Bishop,Blaine Bishop,G,OL,exact_name,100
2019,77417,4371754,MEMPHIS,235,Evan Fields,Evan Fields,G,OL,exact_name,100
2019,77418,4371755,MEMPHIS,235,Titus Jones,Titus Jones,G,OL,exact_name,100
2019,77419,4371756,MEMPHIS,235,Isaac Ellis,Isaac Ellis,G,OL,exact_name,100
2019,77420,4362361,KENT STATE,2309,Jamil Viaud,Jamil Viaud,T,OL,exact_name,100
2019,77421,4360561,SMU,2567,Jaylon Thomas,Jaylon Thomas,T,OL,exact_name,100
2019,77422,4361810,TULANE,2655,Stephen Lewerenz,Stephen Lewerenz,G,OL,exact_name,100
2019,77423,4361812,TULANE,2655,Nik Hogan,Nik Hogan,T,DL,exact_name,100
2019,77424,4361813,TULANE,2655,Ben Bratcher,Ben Bratcher,G,OL,exact_name,100
2019,77426,4361815,TULANE,2655,Michael Remondet,Michael Remondet,G,OL,exact_name,100
2019,77427,4362146,UCONN,41,Dylan Niedrowski,Dylan Niedrowski,G,OL,exact_name,100
2019,77430,4362147,UCONN,41,Noel Ofori-Nyadu,Noel Ofori-Nyadu,G,OL,exact_name,100
2019,77433,4360186,HOUSTON,248,Max Banes,Max Banes,G,OL,exact_name,100
2019,77435,4360187,HOUSTON,248,Jack Freeman,Jack Freeman,C,OL,exact_name,100
2019,77436,4361760,IOWA STATE,66,Matt Seres,Matt Seres,DI,DL,exact_name,100
2019,77437,4360145,E CAROLINA,151,Fernando Frye,Fernando Frye,G,OL,exact_name,100
2019,77439,4371607,E CAROLINA,151,Noah Henderson,Noah Henderson,T,OL,exact_name,100
2019,77441,4360257,OKLAHOMA,201,Dalton Bishop,Dalton Bishop,G,OL,exact_name,100
2019,77443,4362329,OHIO,195,Kurt Danneker,Kurt Danneker,G,OL,exact_name,100
2019,77446,4360288,OKLAHOMA,201,Brey Walker,Brey Walker,G,OL,exact_name,100
2019,77447,4373025,BAYLOR,239,Johncarlo Valentin,Johncarlo Valentin,G,OL,exact_name,100
2019,77449,4373027,BAYLOR,239,Prince Pines,Prince Pines,G,OL,exact_name,100
2019,77450,4373028,BAYLOR,239,Connor Galvin,Connor Galvin,T,OL,exact_name,100
2019,77451,4362920,BAYLOR,239,Casey Phillips,Casey Phillips,T,OL,exact_name,100
2019,77452,4362350,KENT STATE,2309,Daniel Johnson,Daniel Johnson,T,OL,exact_name,100
2019,77453,4361849,OKLA STATE,197,Truett Knox,Truett Knox,C,OL,exact_name,100
2019,77454,4361851,OKLA STATE,197,Tyrese Williams,Tyrese Williams,G,OL,exact_name,100
2019,77458,4361857,OKLA STATE,197,Hunter Anthony,Hunter Anthony,G,OL,exact_name,100
2019,77459,4361858,OKLA STATE,197,Bryce Bray,Bryce Bray,G,OL,exact_name,100
2019,77461,4362099,TEXAS,251,Ishan Rison,Ishan Rison,G,OL,exact_name,100
2019,77463,4362103,TEXAS,251,Christian Jones,Christian Jones,T,OL,exact_name,100
2019,77464,4362102,TEXAS,251,Rafiti Ghirmai,Rafiti Ghirmai,C,OL,exact_name,100
2019,77465,4362104,TEXAS,251,Junior Angilau,Junior Angilau,G,OL,exact_name,100
2019,77472,4361757,IOWA STATE,66,Trevor Downing,Trevor Downing,G,OL,exact_name,100
2019,77474,4361761,IOWA STATE,66,Joey Ramos,Joey Ramos,T,OL,exact_name,100
2019,77476,4373044,KANSAS,2305,Reuben Lewis,Reuben Lewis,DI,DL,exact_name,100
2019,77477,4373045,KANSAS,2305,Api Mane,Api Mane,C,OL,exact_name,100
2019,77480,4360349,KANSAS,2305,Jacobi Lott,Jacobi Lott,G,OL,exact_name,100
2019,77482,4373046,KANSAS,2305,Adagio Lopeti,Adagio Lopeti,G,OL,exact_name,100
2019,77483,4360068,CINCINNATI,2132,Jeremy Cooper,Jeremy Cooper,G,OL,exact_name,100
2019,77484,4373066,KANSAS ST,2306,Christian Duffie,Christian Duffie,T,OL,exact_name,100
2019,77486,4360063,CINCINNATI,2132,Lorenz Metz,Lorenz Metz,T,OL,exact_name,100
2019,77487,4373079,KANSAS ST,2306,KT Leveston,KT Leveston,T,OL,exact_name,100
2019,77491,4362180,TEXAS TECH,2641,Clayton Franks,Clayton Franks,G,OL,exact_name,100
2019,77492,4362181,TEXAS TECH,2641,Hakeem White,Hakeem White,G,OL,exact_name,100
2019,77493,4362182,TEXAS TECH,2641,Troy Bradshaw,Troy Bradshaw,T,OL,exact_name,100
2019,77494,4362183,TEXAS TECH,2641,Weston Wright,Weston Wright,G,OL,exact_name,100
2019,77495,4360988,TEMPLE,218,Isaac Moore,Isaac Moore,T,OL,exact_name,100
2019,77497,4373441,BOWL GREEN,189,John O'Brian,John O'Brian,T,OL,exact_name,100
2019,77499,4373443,BOWL GREEN,189,Cameron Stage,Cameron Stage,T,OL,exact_name,100
2019,77500,4362358,KENT STATE,2309,Julian Sams,Julian Sams,G,OL,exact_name,100
2019,77504,4362362,KENT STATE,2309,Zach Whaley,Zach Whaley,T,OL,exact_name,100
2019,77505,4363160,MIAMI OH,193,Andrew Todd,Andrew Todd,C,OL,exact_name,100
2019,77506,4363161,MIAMI OH,193,Bennett Clark,Bennett Clark,T,OL,exact_name,100
2019,77508,4373071,KANSAS ST,2306,Hayden Gillum,Hayden Gillum,C,OL,exact_name,100
2019,77509,4362285,TOLEDO,2649,Tyler Long,Tyler Long,G,OL,exact_name,100
2019,77511,4362288,TOLEDO,2649,Nick Rosi,Nick Rosi,G,OL,exact_name,100
2019,77512,4362289,TOLEDO,2649,Lavel Dumont,Lavel Dumont,T,OL,exact_name,100
2019,77524,4361620,BALL ST,2050,Joseph Boggs,Joseph Boggs,T,OL,exact_name,100
2019,77525,4361633,BALL ST,2050,Luke Martin,Luke Martin,G,OL,exact_name,100
2019,77526,4361645,BALL ST,2050,Jaylen Turner,Jaylen Turner,G,OL,exact_name,100
2019,77535,4362467,BUFFALO,2084,Gabe Wallace,Gabe Wallace,T,OL,exact_name,100
2019,77540,4362105,TEXAS,251,Reese Moore,Reese Moore,T,OL,exact_name,100
2019,77543,4361848,OKLA STATE,197,Jacob Farrell,Jacob Farrell,T,OL,exact_name,100
2019,77544,4361855,OKLA STATE,197,Hunter Woodard,Hunter Woodard,G,OL,exact_name,100
2019,77545,4362465,BUFFALO,2084,Mike Novitsky,Mike Novitsky,C,OL,exact_name,100
2019,77551,4361117,AKRON,2006,Eric Bentley,Eric Bentley,DI,DL,exact_name,100
2019,77553,4373401,AKRON,2006,Landon Forman,Landon Forman,T,OL,exact_name,100
2019,77557,4361121,AKRON,2006,Bryce Petersen,Bryce Petersen,C,OL,exact_name,100
2019,77558,4360816,LOUISVILLE,97,Adonis Boone,Adonis Boone,T,OL,exact_name,100
2019,77559,4370814,VIRGINIA,258,Noah Taylor,Noah Taylor,ED,LB,exact_name,100
2019,77560,4370803,VIRGINIA,258,Grant Misch,Grant Misch,TE,TE,exact_name,100
2019,77563,4371866,NAVY,2426,Diego Fagot,Diego Fagot,LB,LB,exact_name,100
2019,77565,4371887,NAVY,2426,Tony Brown,Tony Brown,S,LB,exact_name,100
2019,77568,4362280,TOLEDO,2649,Dyontae Johnson,Dyontae Johnson,LB,LB,exact_name,100
2019,77570,4383760,BALL ST,2050,Tony Schott,Tony Schott,ED,LB,exact_name,100
2019,77572,4361647,BALL ST,2050,Davion Tyson,Davion Tyson,CB,LB,exact_name,100
2019,77574,4360418,DUKE,150,Peace Addo,Peace Addo,T,OL,exact_name,100
2019,77576,4240851,VIRGINIA,258,Ryan Swoboda,Ryan Swoboda,T,OL,exact_name,100
2019,77578,4360319,CLEMSON,228,Jordan McFadden,Jordan McFadden,T,OL,exact_name,100
2019,77579,4244615,TULSA,202,Chris Paul,Chris Paul,G,OL,exact_name,100
2019,77580,4372374,TULSA,202,X'Zauvea Gadlin,X'Zauvea Gadlin,T,OL,exact_name,100
2019,77581,4362441,TCU,2628,Anthony McKinney,Anthony McKinney,T,OT,exact_name,100
2019,77582,4362479,TCU,2628,Kris Dike,Kris Dike,T,OT,exact_name,100
2019,77593,4373034,BAYLOR,239,Issac Power,Issac Power,P,P,exact_name,100
2019,77594,4362078,TEXAS,251,Ryan Bujcevski,Ryan Bujcevski,P,P,exact_name,100
2019,77614,4373314,PITTSBURGH,221,Nick Patti,Nick Patti,QB,QB,exact_name,100
2019,77615,4360799,FLORIDA ST,52,Jordan Travis,Jordan Travis,QB,QB,exact_name,100
2019,77617,4360204,RUTGERS,164,Johnny Langan,Johnny Langan,QB,TE,exact_name,100
2019,77621,4360578,GA TECH,59,James Graham,James Graham,QB,WR,exact_name,100
2019,77628,4361653,NC STATE,152,Devin Leary,Devin Leary,QB,QB,exact_name,100
2019,77629,4362507,MIAMI FL,2390,Jarren Williams,Jarren Williams,QB,QB,exact_name,100
2019,77631,4360312,CLEMSON,228,Ben Batson,Ben Batson,QB,S,exact_name,100
2019,77632,4360310,CLEMSON,228,Trevor Lawrence,Trevor Lawrence,QB,QB,exact_name,100
2019,77634,4371846,NAVY,2426,Tyger Goslin,Tyger Goslin,QB,RB,exact_name,100
2019,77637,4360973,TEMPLE,218,Trad Beatty,Trad Beatty,QB,QB,exact_name,100
2019,77640,4362385,UCF,2116,Quadry Jones,Quadry Jones,QB,QB,exact_name,100
2019,77642,4362365,TULSA,202,Davis Brin,Davis Brin,QB,QB,exact_name,100
2019,77643,4244601,TULSA,202,Seth Boomer,Seth Boomer,QB,QB,exact_name,100
2019,77645,4360537,SMU,2567,William Brown,William Brown,QB,QB,exact_name,100
2019,77646,4360550,SMU,2567,Derek Green,Derek Green,QB,QB,exact_name,100
2019,77647,4360539,SMU,2567,Jacob Oehrlein,Jacob Oehrlein,QB,QB,exact_name,100
2019,77648,4361800,TULANE,2655,Christian Daniels,Christian Daniels,QB,TE,exact_name,100
2019,77649,4372176,TULANE,2655,Josh Holl,Josh Holl,QB,QB,exact_name,100
2019,77650,4362140,UCONN,41,Steven Krajewski,Steven Krajewski,QB,QB,exact_name,100
2019,77651,4360131,E CAROLINA,151,Holton Ahlers,Holton Ahlers,QB,QB,exact_name,100
2019,77652,4360175,HOUSTON,248,Clayton Tune,Clayton Tune,QB,QB,exact_name,100
2019,77655,4360056,CINCINNATI,2132,Ben Bryant,Ben Bryant,QB,QB,exact_name,100
2019,77656,4360271,OKLAHOMA,201,Tanner Mordecai,Tanner Mordecai,QB,QB,exact_name,100
2019,77660,4361825,OKLA STATE,197,Spencer Sanders,Spencer Sanders,QB,QB,exact_name,100
2019,77661,4361830,OKLA STATE,197,Shaun Taylor,Shaun Taylor,QB,QB,exact_name,100
2019,77662,4360202,BOSTON COL,103,Matt Valecce,Matt Valecce,QB,QB,exact_name,100
2019,77670,4361735,IOWA STATE,66,Re-al Mitchell,Re-al Mitchell,QB,QB,exact_name,100
2019,77671,4361737,IOWA STATE,66,Blake Clark,Blake Clark,QB,QB,exact_name,100
2019,77672,4361741,IOWA STATE,66,Brock Purdy,Brock Purdy,QB,QB,exact_name,100
2019,77676,4373074,KANSAS ST,2306,John Holcombe II,John Holcombe II,QB,QB,exact_name,100
2019,77677,4362073,TEXAS,251,Casey Thompson,Casey Thompson,QB,QB,exact_name,100
2019,77678,4362934,KANSAS ST,2306,Sammy Wheeler,Sammy Wheeler,TE,TE,exact_name,100
2019,77679,4362159,TEXAS TECH,2641,Alan Bowman,Alan Bowman,QB,QB,exact_name,100
2019,77680,4361575,N CAROLINA,153,Jace Ruder,Jace Ruder,QB,LB,exact_name,100
2019,77685,4362260,TOLEDO,2649,Carter Bradley,Carter Bradley,QB,QB,exact_name,100
2019,77689,4361636,BALL ST,2050,John Paddock,John Paddock,QB,QB,exact_name,100
2019,77694,4382645,MEMPHIS,235,Markevion Quinn,Markevion Quinn,QB,QB,exact_name,100
2019,77695,4362303,OHIO,195,Joe Mischler,Joe Mischler,QB,QB,exact_name,100
2019,77696,4370775,VIRGINIA,258,Brennan Armstrong,Brennan Armstrong,QB,QB,exact_name,100
2019,77698,4362447,BUFFALO,2084,Matt Myers,Matt Myers,QB,QB,exact_name,100
2019,77700,4383088,AKRON,2006,T.J. DeShields,T.J. DeShields,QB,QB,exact_name,100
2019,77703,4373454,BUFFALO,2084,Dylan McDuffie,Dylan McDuffie,HB,RB,exact_name,100
2019,77704,4360802,LOUISVILLE,97,Javian Hawkins,Javian Hawkins,HB,RB,exact_name,100
2019,77705,4360805,LOUISVILLE,97,Hassan Hall,Hassan Hall,HB,RB,exact_name,100
2019,77707,4360214,BOSTON COL,103,Peter Stehr,Peter Stehr,HB,RB,exact_name,100
2019,77710,4361945,SYRACUSE,183,Jarveon Howard,Jarveon Howard,HB,RB,exact_name,100
2019,77711,4361804,TULANE,2655,Ygenio Booker,Ygenio Booker,WR,RB,exact_name,100
2019,77712,4360314,CLEMSON,228,Lyn-J Dixon,Lyn-J Dixon,HB,RB,exact_name,100
2019,77714,4373273,N CAROLINA,153,British Brooks,British Brooks,HB,RB,exact_name,100
2019,77717,4360589,GA TECH,59,Dontae Smith,Dontae Smith,HB,RB,exact_name,100
2019,77719,4360406,DUKE,150,Mataeo Durant,Mataeo Durant,HB,RB,exact_name,100
2019,77726,4361660,NC STATE,152,Trent Pennix,Trent Pennix,HB,TE,exact_name,100
2019,77728,4362509,MIAMI FL,2390,Cam'Ron Harris,Cam'Ron Harris,HB,RB,exact_name,100
2019,77730,4273963,CLEMSON,228,Sylvester Mayers,Sylvester Mayers,HB,RB,exact_name,100
2019,77731,4360980,TEMPLE,218,Kyle Dobbins,Kyle Dobbins,HB,RB,exact_name,100
2019,77732,4360083,CINCINNATI,2132,Tavion Thomas,Tavion Thomas,HB,RB,exact_name,100
2019,77736,4371732,MEMPHIS,235,Cameron Fleming,Cameron Fleming,CB,RB,exact_name,100
2019,77737,4371733,MEMPHIS,235,Kenneth Gainwell,Kenneth Gainwell,HB,RB,exact_name,100
2019,77739,4372368,TULSA,202,T.K. Wilkerson,T.K. Wilkerson,HB,RB,exact_name,100
2019,77741,4360564,SMU,2567,TaMerik Williams,TaMerik Williams,HB,RB,exact_name,100
2019,77742,4361797,TULANE,2655,Amare Jones,Amare Jones,WR,WR,exact_name,100
2019,77745,4362452,BUFFALO,2084,Jaret Patterson,Jaret Patterson,HB,RB,exact_name,100
2019,77746,4362127,UCONN,41,Dante Black,Dante Black,HB,RB,exact_name,100
2019,77748,4362125,UCONN,41,Lavarey Banton,Lavarey Banton,HB,RB,exact_name,100
2019,77749,4360200,HOUSTON,248,Kelan Walker,Kelan Walker,HB,RB,exact_name,100
2019,77751,4371575,E CAROLINA,151,Tay Williams,Tay Williams,HB,RB,exact_name,100
2019,77755,4360275,OKLAHOMA,201,T.J. Pledger,T.J. Pledger,HB,RB,exact_name,100
2019,77759,4361837,OKLA STATE,197,Jahmyl Jeter,Jahmyl Jeter,HB,RB,exact_name,100
2019,77761,4362087,TEXAS,251,Keaontay Ingram,Keaontay Ingram,HB,RB,exact_name,100
2019,77763,4362478,TCU,2628,Emari Demercado,Emari Demercado,HB,RB,exact_name,100
2019,77770,4361749,IOWA STATE,66,Jared Rus,Jared Rus,TE,TE,exact_name,100
2019,77771,4360326,KANSAS,2305,Pooka Williams Jr.,Pooka Williams Jr.,HB,RB,exact_name,100
2019,77773,4373064,KANSAS ST,2306,Kirk Coomes,Kirk Coomes,TE,FB,exact_name,100
2019,77774,4372180,TULANE,2655,Logan Ammons,Logan Ammons,WR,WR,exact_name,100
2019,77776,4362161,TEXAS TECH,2641,Ta'Zhawn Henry,Ta'Zhawn Henry,HB,RB,exact_name,100
2019,77777,4362162,TEXAS TECH,2641,SaRodorick Thompson,SaRodorick Thompson,HB,RB,exact_name,100
2019,77779,4362496,MIAMI FL,2390,Lorenzo Lingard,Lorenzo Lingard,HB,RB,exact_name,100
2019,77783,4362348,KENT STATE,2309,Craig Elmore,Craig Elmore,HB,RB,exact_name,100
2019,77787,4362238,ILLINOIS,356,Chase Brown,Chase Brown,HB,RB,exact_name,100
2019,77790,4361624,BALL ST,2050,Tye Evans,Tye Evans,HB,RB,exact_name,100
2019,77792,4360205,BOSTON COL,103,David Bailey,David Bailey,HB,RB,exact_name,100
2019,77802,4374119,OHIO,195,Ja'Vahri Portis,Ja'Vahri Portis,HB,RB,exact_name,100
2019,77803,4361579,N CAROLINA,153,Javonte Williams,Javonte Williams,HB,RB,exact_name,100
2019,77805,4374209,MIAMI OH,193,Brandon LaBrie,Brandon LaBrie,WR,WR,exact_name,100
2019,77807,4373399,AKRON,2006,Devanier Floyd,Devanier Floyd,HB,RB,exact_name,100
2019,77810,4360806,LOUISVILLE,97,Trenell Troutman,Trenell Troutman,LB,LB,exact_name,100
2019,77812,4361828,OKLA STATE,197,Sean Michael Flanagan,Sean Michael Flanagan,S,S,exact_name,100
2019,77813,4360409,DUKE,150,Nate Thompson,Nate Thompson,S,DB,exact_name,100
2019,77814,4361654,NC STATE,152,Malik Dunlap,Malik Dunlap,CB,DB,exact_name,100
2019,77815,4361664,NC STATE,152,Tyler Baker-Williams,Tyler Baker-Williams,CB,DB,exact_name,100
2019,77819,4371888,NAVY,2426,Kevin Brennan,Kevin Brennan,S,S,exact_name,100
2019,77823,4372367,TULSA,202,Kendarin Ray,Kendarin Ray,S,S,exact_name,100
2019,77824,4244604,TULSA,202,Bryson Powers,Bryson Powers,S,S,exact_name,100
2019,77826,4244608,TULSA,202,Daiquain Jackson,Daiquain Jackson,S,S,exact_name,100
2019,77827,4372370,TULSA,202,Brandon Johnson,Brandon Johnson,CB,S,exact_name,100
2019,77828,4360540,SMU,2567,Michael Salerno,Michael Salerno,S,S,exact_name,100
2019,77832,4361807,TULANE,2655,Larry Brooks,Larry Brooks,S,S,exact_name,100
2019,77833,4372181,TULANE,2655,Grant Hamel,Grant Hamel,CB,S,exact_name,100
2019,77834,4361820,TULANE,2655,Macon Clark,Macon Clark,S,S,exact_name,100
2019,77835,4360265,OKLAHOMA,201,Patrick Fields,Patrick Fields,S,S,exact_name,100
2019,77836,4360287,OKLAHOMA,201,Delarrin Turner-Yell,Delarrin Turner-Yell,CB,S,exact_name,100
2019,77837,4362917,BAYLOR,239,JT Woods,JT Woods,S,S,exact_name,100
2019,77838,4362918,BAYLOR,239,Christian Morgan,Christian Morgan,S,S,exact_name,100
2019,77839,4373021,BAYLOR,239,Colby Delashaw,Colby Delashaw,S,S,exact_name,100
2019,77840,4361827,OKLA STATE,197,Kanion Williams,Kanion Williams,S,DB,exact_name,100
2019,77841,4361834,OKLA STATE,197,Jarrick Bernard-Converse,Jarrick Bernard-Converse,CB,CB,exact_name,100
2019,77842,4361835,OKLA STATE,197,Jason Taylor II,Jason Taylor II,S,S,exact_name,100
2019,77844,4362491,TCU,2628,Atanza Vongor,Atanza Vongor,S,S,exact_name,100
2019,77845,4362482,TCU,2628,DeMauryon Holmes,DeMauryon Holmes,LB,LB,exact_name,100
2019,77848,4362492,TCU,2628,Ar'Darius Washington,Ar'Darius Washington,S,S,exact_name,100
2019,77852,4360330,KANSAS,2305,Davon Ferguson,Davon Ferguson,S,CB,exact_name,100
2019,77853,4360333,KANSAS,2305,Jeremiah McCullough,Jeremiah McCullough,S,S,exact_name,100
2019,77856,4362306,OHIO,195,Isaac Gill,Isaac Gill,CB,S,exact_name,100
2019,77857,4362265,TOLEDO,2649,Saeed Holt,Saeed Holt,S,S,exact_name,100
2019,77858,4362269,TOLEDO,2649,Caleb Sutherland,Caleb Sutherland,S,CB,exact_name,100
2019,77861,4361630,BALL ST,2050,Malcolm Lee,Malcolm Lee,S,S,exact_name,100
2019,77862,4362495,BUFFALO,2084,Cory Gross Jr.,Cory Gross Jr.,S,CB,exact_name,100
2019,77863,4362302,OHIO,195,Jamison Collier,Jamison Collier,S,S,exact_name,100
2019,77864,4374116,OHIO,195,Alex Wolff,Alex Wolff,S,S,exact_name,100
2019,77865,4373403,AKRON,2006,Jalen Hooks,Jalen Hooks,CB,CB,exact_name,100
2019,77866,4371852,NAVY,2426,Carlinos Acie,Carlinos Acie,TE,RB,exact_name,100
2019,77867,4371854,NAVY,2426,Devon High,Devon High,WR,RB,exact_name,100
2019,77868,4371860,NAVY,2426,Jamale Carothers,Jamale Carothers,HB,FB,exact_name,100
2019,77869,4371863,NAVY,2426,Chance Warren,Chance Warren,WR,RB,exact_name,100
2019,77870,4371862,NAVY,2426,Josh Johnson,Josh Johnson,HB,RB,exact_name,100
2019,77874,4373177,LOUISVILLE,97,Marshon Ford,Marshon Ford,TE,TE,exact_name,100
2019,77875,4360817,LOUISVILLE,97,Hunter Crowe,Hunter Crowe,TE,TE,exact_name,100
2019,77876,4360279,OKLAHOMA,201,Dane Saltarelli,Dane Saltarelli,TE,TE,exact_name,100
2019,77877,4360215,BOSTON COL,103,Joey Luchetti,Joey Luchetti,ED,TE,exact_name,100
2019,77879,4360218,BOSTON COL,103,Brendan Smith,Brendan Smith,TE,TE,exact_name,100
2019,77884,4362332,OHIO,195,Alec Burton,Alec Burton,TE,TE,exact_name,100
2019,77887,4362504,MIAMI FL,2390,Brevin Jordan,Brevin Jordan,TE,TE,exact_name,100
2019,77888,4362523,MIAMI FL,2390,Will Mallory,Will Mallory,TE,TE,exact_name,100
2019,77891,4360323,CLEMSON,228,Braden Galloway,Braden Galloway,TE,TE,exact_name,100
2019,77892,4360978,TEMPLE,218,David Martin-Robinson,David Martin-Robinson,TE,TE,exact_name,100
2019,77893,4379388,TEMPLE,218,Nick Picozzi,Nick Picozzi,TE,TE,exact_name,100
2019,77894,4360994,TEMPLE,218,Aaron Jarman,Aaron Jarman,TE,TE,exact_name,100
2019,77896,4362927,KANSAS ST,2306,Cameron Cotton,Cameron Cotton,TE,TE,exact_name,100
2019,77899,4362421,UCF,2116,Alec Holler,Alec Holler,FB,TE,exact_name,100
2019,77900,4360300,MEMPHIS,235,Jared Edwards,Jared Edwards,G,OL,exact_name,100
2019,77902,4371745,MEMPHIS,235,Kameron Wilson,Kameron Wilson,TE,TE,exact_name,100
2019,77903,4269917,MEMPHIS,235,John Hassell,John Hassell,TE,TE,exact_name,100
2019,77905,4361635,BALL ST,2050,Wes Obermeier,Wes Obermeier,TE,TE,exact_name,100
2019,77906,4372372,TULSA,202,James Palmer,James Palmer,TE,TE,exact_name,100
2019,77908,4360559,SMU,2567,Ben Redding,Ben Redding,TE,TE,exact_name,100
2019,77909,4361796,TULANE,2655,Tyrick James,Tyrick James,TE,TE,exact_name,100
2019,77910,4362456,BUFFALO,2084,Cole Burniston,Cole Burniston,TE,TE,exact_name,100
2019,77912,4360199,HOUSTON,248,Christian Trahan,Christian Trahan,TE,TE,exact_name,100
2019,77914,4362923,BAYLOR,239,Christoph Henle,Christoph Henle,TE,TE,exact_name,100
2019,77917,4360290,OKLAHOMA,201,Brayden Willis,Brayden Willis,TE,TE,exact_name,100
2019,77918,4373030,BAYLOR,239,Ben Sims,Ben Sims,TE,TE,exact_name,100
2019,77919,4373031,BAYLOR,239,Bralen Taylor,Bralen Taylor,ED,DE,exact_name,100
2019,77922,4362442,TCU,2628,Pro Wells,Pro Wells,WR,TE,exact_name,100
2019,77924,4360076,CINCINNATI,2132,Dylan O'Quinn,Dylan O'Quinn,T,OL,exact_name,100
2019,77930,4373047,KANSAS,2305,Jack Luavasa,Jack Luavasa,TE,TE,exact_name,100
2019,77931,4373422,BOWL GREEN,189,Presley Motes,Presley Motes,TE,TE,exact_name,100
2019,77935,4362363,KENT STATE,2309,Mark Williams,Mark Williams,TE,TE,exact_name,100
2019,77938,4360159,E CAROLINA,151,Andre Pegues,Andre Pegues,WR,WR,exact_name,100
2019,77941,4361621,BALL ST,2050,Jimmie Boso,Jimmie Boso,FB,FB,exact_name,100
2019,77951,4362110,TEXAS,251,Malcolm Epps,Malcolm Epps,WR,TE,exact_name,100
2019,77952,4363027,FLORIDA ST,52,Caleb Ward,Caleb Ward,WR,WR,exact_name,100
2019,77953,4363030,FLORIDA ST,52,Warren Thompson,Warren Thompson,WR,WR,exact_name,100
2019,77954,4363032,FLORIDA ST,52,Keyshawn Helton,Keyshawn Helton,WR,WR,exact_name,100
2019,77956,4363044,FLORIDA ST,52,Jordan Young,Jordan Young,WR,WR,exact_name,100
2019,77957,4360473,FLORIDA ST,52,Adarius Dent,Adarius Dent,WR,WR,exact_name,100
2019,77960,4361732,PITTSBURGH,221,Shocky Jacques-Louis,Shocky Jacques-Louis,WR,WR,exact_name,100
2019,77963,4373334,PITTSBURGH,221,John Vardzel,John Vardzel,WR,WR,exact_name,100
2019,77965,4360797,LOUISVILLE,97,Tutu Atwell,Tutu Atwell,WR,WR,exact_name,100
2019,77969,4360818,LOUISVILLE,97,Tyler Harrell,Tyler Harrell,WR,WR,exact_name,100
2019,77970,4361952,SYRACUSE,183,Taj Harris,Taj Harris,WR,WR,exact_name,100
2019,77971,4360225,BOSTON COL,103,Jehlani Galloway,Jehlani Galloway,WR,WR,exact_name,100
2019,77976,4361936,SYRACUSE,183,Anthony Queeley,Anthony Queeley,WR,WR,exact_name,100
2019,77980,4373364,SYRACUSE,183,James Cherry,James Cherry,WR,WR,exact_name,100
2019,77985,4373266,N CAROLINA,153,Antoine Green,Antoine Green,WR,WR,exact_name,100
2019,77986,4361577,N CAROLINA,153,Dyami Brown,Dyami Brown,WR,WR,exact_name,100
2019,77993,4360575,GA TECH,59,Malachi Carter,Malachi Carter,WR,WR,exact_name,100
2019,77994,4360580,GA TECH,59,Peje' Harris,Peje' Harris,WR,TE,exact_name,100
2019,77996,4360404,DUKE,150,Dennis Smith,Dennis Smith,WR,WR,exact_name,100
2019,77997,4360405,DUKE,150,Jake Bobo,Jake Bobo,WR,WR,exact_name,100
2019,77998,4360407,DUKE,150,Jarett Garner,Jarett Garner,WR,WR,exact_name,100
2019,78000,4379456,DUKE,150,Joe Hardison,Joe Hardison,WR,WR,exact_name,100
2019,78004,4240842,VIRGINIA,258,Hayden Mitchell,Hayden Mitchell,WR,WR,exact_name,100
2019,78005,4370806,VIRGINIA,258,Ugo Obasi,Ugo Obasi,WR,WR,exact_name,100
2019,78011,4361677,NC STATE,152,Justin Dunn,Justin Dunn,WR,WR,exact_name,100
2019,78012,4361678,NC STATE,152,Jasiah Provillon,Jasiah Provillon,WR,WR,exact_name,100
2019,78013,4361679,NC STATE,152,Devin Carter,Devin Carter,WR,WR,exact_name,100
2019,78014,4362499,MIAMI FL,2390,Mark Pope,Mark Pope,WR,WR,exact_name,100
2019,78015,4362501,MIAMI FL,2390,Brian Hightower,Brian Hightower,WR,WR,exact_name,100
2019,78016,4362503,MIAMI FL,2390,Dee Wiggins,Dee Wiggins,WR,WR,exact_name,100
2019,78021,4360306,CLEMSON,228,Justyn Ross,Justyn Ross,WR,WR,exact_name,100
2019,78022,4360307,CLEMSON,228,Derion Kendrick,Derion Kendrick,CB,DB,exact_name,100
2019,78023,4360321,CLEMSON,228,Drew Swinney,Drew Swinney,WR,WR,exact_name,100
2019,78024,4360322,CLEMSON,228,Max May,Max May,WR,WR,exact_name,100
2019,78028,4371850,NAVY,2426,Marcell Gleaton,Marcell Gleaton,WR,WR,exact_name,100
2019,78029,4371891,NAVY,2426,Mychal Cooper,Mychal Cooper,WR,WR,exact_name,100
2019,78031,4360974,TEMPLE,218,Kadas Reams,Kadas Reams,WR,WR,exact_name,100
2019,78032,4360979,TEMPLE,218,Jose Barbon,Jose Barbon,WR,WR,exact_name,100
2019,78035,4269172,TEMPLE,218,Thomas Mattioni,Thomas Mattioni,WR,WR,exact_name,100
2019,78036,4362453,BUFFALO,2084,Steven Shoemaker,Steven Shoemaker,WR,WR,exact_name,100
2019,78037,4360993,TEMPLE,218,Jordan Smith,Jordan Smith,WR,TE,exact_name,100
2019,78038,4360078,CINCINNATI,2132,Alec Pierce,Alec Pierce,WR,WR,exact_name,100
2019,78041,4360073,CINCINNATI,2132,Jayshon Jackson,Jayshon Jackson,WR,WR,exact_name,100
2019,78043,4360070,CINCINNATI,2132,Wyatt Fischer,Wyatt Fischer,WR,WR,exact_name,100
2019,78049,4362418,UCF,2116,Ke'von Ahmad,Ke'von Ahmad,WR,WR,exact_name,100
2019,78050,4360294,MEMPHIS,235,Antonio Gibson,Antonio Gibson,WR,WR,exact_name,100
2019,78052,4244600,TULSA,202,Sam Crawford Jr.,Sam Crawford,WR,WR,exact_name,100
2019,78054,4244603,TULSA,202,Cannon Montgomery,Cannon Montgomery,WR,WR,exact_name,100
2019,78058,4373073,KANSAS ST,2306,Thomas Helten,Thomas Helten,WR,LB,exact_name,100
2019,78064,4361801,TULANE,2655,Jorien Vallien,Jorien Vallien,WR,WR,exact_name,100
2019,78065,4372178,TULANE,2655,Ryan Thompson,Ryan Thompson,WR,WR,exact_name,100
2019,78068,4361818,TULANE,2655,Sorrell Brown,Sorrell Brown,WR,WR,exact_name,100
2019,78069,4362143,UCONN,41,Heron Maurisseau,Heron Maurisseau,WR,WR,exact_name,100
2019,78070,4362137,UCONN,41,Elijah Jeffreys,Elijah Jeffreys,WR,WR,exact_name,100
2019,78079,4373082,KANSAS ST,2306,Elliot Ollenburger,Elliot Ollenburger,WR,WR,exact_name,100
2019,78081,4360149,E CAROLINA,151,Jonathan Johnson,Jonathan Johnson,WR,WR,exact_name,100
2019,78082,4360262,OKLAHOMA,201,Jaquayln Crawford,Jaquayln Crawford,CB,WR,exact_name,100
2019,78086,4360281,OKLAHOMA,201,Devin Staton,Devin Staton,WR,WR,exact_name,100
2019,78087,4360282,OKLAHOMA,201,Drake Stoops,Drake Stoops,WR,WR,exact_name,100
2019,78088,4373016,BAYLOR,239,Joshua Fleeks,Joshua Fleeks,WR,WR,exact_name,100
2019,78089,4373017,BAYLOR,239,Kalon Barnes,Kalon Barnes,CB,CB,exact_name,100
2019,78090,4382451,BAYLOR,239,Will Baxter,Will Baxter,CB,WR,exact_name,100
2019,78091,4373029,BAYLOR,239,Jackson Gleeson,Jackson Gleeson,WR,WR,exact_name,100
2019,78092,4362921,BAYLOR,239,Tyquan Thornton,Tyquan Thornton,WR,WR,exact_name,100
2019,78095,4361839,OKLA STATE,197,Taje Williams,Taje Williams,WR,WR,exact_name,100
2019,78097,4361842,OKLA STATE,197,CJ Moore,CJ Moore,WR,WR,exact_name,100
2019,78098,4361843,OKLA STATE,197,Jacob Morris,Jacob Morris,WR,WR,exact_name,100
2019,78103,4362107,TEXAS,251,Brennan Eagles,Brennan Eagles,WR,WR,exact_name,100
2019,78107,4362430,TCU,2628,Taye Barber,Taye Barber,WR,WR,exact_name,100
2019,78108,4362489,TCU,2628,John Stephens Jr.,John Stephens Jr.,WR,WR,exact_name,100
2019,78110,4362297,TOLEDO,2649,Jalin Cooper,Jalin Cooper,WR,WR,exact_name,100
2019,78114,4373142,TCU,2628,Jack Powers,Jack Powers,WR,WR,exact_name,100
2019,78128,4361736,IOWA STATE,66,Joseph Scates,Joseph Scates,WR,WR,exact_name,100
2019,78131,4361746,IOWA STATE,66,Tayvonn Kyle,Tayvonn Kyle,CB,CB,exact_name,100
2019,78133,4361762,IOWA STATE,66,Sean Shaw Jr.,Sean Shaw Jr.,WR,WR,exact_name,100
2019,78134,4361763,IOWA STATE,66,Tory Spears,Tory Spears,CB,S,exact_name,100
2019,78141,4373077,KANSAS ST,2306,Malik Knowles,Malik Knowles,WR,WR,exact_name,100
2019,78143,4373086,KANSAS ST,2306,Seth Porter,Seth Porter,WR,WR,exact_name,100
2019,78146,4362184,TEXAS TECH,2641,KeSean Carter,KeSean Carter,WR,WR,exact_name,100
2019,78147,4362185,TEXAS TECH,2641,Myller Royals,Myller Royals,WR,WR,exact_name,100
2019,78148,4362186,TEXAS TECH,2641,Erik Ezukanma,Erik Ezukanma,WR,WR,exact_name,100
2019,78151,4362163,TEXAS TECH,2641,Caden Leggett,Caden Leggett,WR,WR,exact_name,100
2019,78152,4373419,BOWL GREEN,189,RB Marlow III,RB Marlow III,WR,WR,exact_name,100
2019,78153,4373420,BOWL GREEN,189,Noah Massey,Noah Massey,WR,WR,exact_name,100
2019,78154,4373425,BOWL GREEN,189,Jordan Wayne-Prather,Jordan Wayne-Prather,WR,WR,exact_name,100
2019,78155,4373427,BOWL GREEN,189,Julian Ortega-Jones,Julian Ortega-Jones,WR,WR,exact_name,100
2019,78156,4373430,BOWL GREEN,189,Rodell Rahmaan,Rodell Rahmaan,WR,LB,exact_name,100
2019,78159,4362364,KENT STATE,2309,Javaughn Williams,Javaughn Williams,WR,WR,exact_name,100
2019,78160,4362352,KENT STATE,2309,Isaiah McKoy,Isaiah McKoy,WR,WR,exact_name,100
2019,78164,4363147,MIAMI OH,193,Cam Blakely,Cam Blakely,WR,WR,exact_name,100
2019,78166,4362293,TOLEDO,2649,Adam Beale,Adam Beale,WR,WR,exact_name,100
2019,78181,4361646,BALL ST,2050,Yo'Heinz Tyler,Yo'Heinz Tyler,WR,WR,exact_name,100
2019,78196,4362477,TCU,2628,Derius Davis,Derius Davis,WR,WR,exact_name,100
2019,78198,4362310,OHIO,195,Shane Hooks,Shane Hooks,WR,WR,exact_name,100
2019,78199,4362301,OHIO,195,Isiah Cox,Isiah Cox,WR,WR,exact_name,100
2019,78200,4362308,OHIO,195,Jerome Buckner,Jerome Buckner,WR,WR,exact_name,100
2019,78201,4362312,OHIO,195,Tyler Walton,Tyler Walton,WR,WR,exact_name,100
2019,78203,4362331,OHIO,195,Darfnell Gouin,Darfnell Gouin,WR,WR,exact_name,100
2019,78204,4374120,OHIO,195,Camryn Snow,Camryn Snow,WR,WR,exact_name,100
2019,78208,4362470,BUFFALO,2084,LeMaro Smith Jr.,LeMaro Smith Jr.,WR,WR,exact_name,100
2019,78209,4373397,AKRON,2006,Gavin Blunt,Gavin Blunt,WR,WR,exact_name,100
2019,78211,4257370,AKRON,2006,Boogie Knight,Boogie Knight,WR,WR,exact_name,100
2019,78214,4383093,AKRON,2006,Timothy Scippio,Timothy Scippio,WR,WR,exact_name,100
2019,78269,4360837,MIDDLE TN,2393,Blake Catlett,Blake Catlett,C,OL,exact_name,100
2019,78287,4360836,MIDDLE TN,2393,Tyler Falvey,Tyler Falvey,G,OL,exact_name,100
2019,78291,4245576,MIDDLE TN,2393,Eric Seay,Eric Seay,G,OL,exact_name,100
2019,78348,4360831,MIDDLE TN,2393,Matt Martin,Matt Martin,C,OL,exact_name,100
2019,78349,4360835,MIDDLE TN,2393,Will Gilchrist,Will Gilchrist,T,RB,exact_name,100
2019,78367,4360832,MIDDLE TN,2393,Dawson Bragg,Dawson Bragg,T,OL,exact_name,100
2019,78385,4360844,MIDDLE TN,2393,Tyler Thurman,Tyler Thurman,T,OL,exact_name,100
2019,78484,4243959,MIDDLE TN,2393,John Turner,John Turner,TE,WR,exact_name,100
2019,78529,4374350,MIDDLE TN,2393,Asher O'Hara,Asher O'Hara,QB,QB,exact_name,100
2019,78533,4291782,MIDDLE TN,2393,Chase Cunningham,Chase Cunningham,QB,QB,exact_name,100
2019,78673,4374351,MIDDLE TN,2393,Decorian Patterson,Decorian Patterson,CB,DB,exact_name,100
2019,78700,4360827,MIDDLE TN,2393,Kendricks Gladney Jr.,Kendricks Gladney,S,CB,exact_name,100
2019,78732,4360119,MIDDLE TN,2393,Joeseph Sewell,Joeseph Sewell,TE,TE,exact_name+posgroup,98
2019,78831,4243984,MIDDLE TN,2393,Zack Dobson,Zack Dobson,WR,WR,exact_name,100
2019,78841,4262016,MIDDLE TN,2393,Yusuf Ali,Yusuf Ali,WR,WR,exact_name,100
2019,78901,4360838,MIDDLE TN,2393,Devon Jackson,Devon Jackson,WR,WR,exact_name,100
2019,79003,4360826,MIDDLE TN,2393,Teldrick Ross,Teldrick Ross,CB,CB,exact_name,100
2019,79217,4360829,MIDDLE TN,2393,Jorden Starling,Jorden Starling,ED,DT,exact_name,100
2019,79367,4360839,MIDDLE TN,2393,Jordan Branch,Jordan Branch,DI,DL,exact_name,100
2019,79403,4262018,MIDDLE TN,2393,Dalton Frantz,Dalton Frantz,FB,RB,exact_name,100
2019,79505,4360825,MIDDLE TN,2393,Jarek Campbell,Jarek Campbell,ED,LB,exact_name,100
2019,79553,4360828,MIDDLE TN,2393,Avery Jones,Avery Jones,ED,LB,exact_name,100
2019,79663,4368714,HAWAII,62,Eliki Tanuvasa,Eliki Tanuvasa,C,OL,exact_name,100
2019,79674,4360834,MIDDLE TN,2393,Marcus Greer,Marcus Greer,G,OL,exact_name,100
2019,79680,4360833,MIDDLE TN,2393,Jahlil Ryles,Jahlil Ryles,G,OL,exact_name,100
2019,81159,4360779,APP STATE,2026,Matthew McQuinn,Matthew McQuinn,CB,LB,exact_name,100
2019,81161,4360771,APP STATE,2026,Zareon Hayes,Zareon Hayes,ED,DE,exact_name,100
2019,81162,4360773,APP STATE,2026,Nick Hampton,Nick Hampton,ED,LB,exact_name,100
2019,81163,4373563,APP STATE,2026,Jordan Mitchell,Jordan Mitchell,LB,LB,exact_name,100
2019,81165,4360777,APP STATE,2026,Logan Doublin,Logan Doublin,LB,LB,exact_name,100
2019,81166,4360781,APP STATE,2026,Trey Cobb,Trey Cobb,LB,LB,exact_name,100
2019,81168,4360783,APP STATE,2026,Tyler Bird,Tyler Bird,LB,LB,exact_name,100
2019,81169,4372605,ARIZONA,12,Issaiah Johnson,Issaiah Johnson,ED,LB,exact_name,100
2019,81171,4360440,ARIZONA ST,9,Merlin Robertson,Merlin Robertson,LB,LB,exact_name,100
2019,81174,4360466,ARIZONA ST,9,Darien Butler,Darien Butler,LB,LB,exact_name,100
2019,81176,4372006,ARKANSAS,8,Andrew Parker,Andrew Parker Jr.,LB,LB,exact_name,100
2019,81177,4360169,ARKANSAS,8,Bumper Pool,Bumper Pool,LB,LB,exact_name,100
2019,81187,4373768,ARMY,349,Wilson Catoe,Wilson Catoe,LB,FB,exact_name,100
2019,81189,4373772,ARMY,349,Kemonte Yow,Kemonte Yow,LB,LB,exact_name,100
2019,81190,4373775,ARMY,349,Arik Smith,Arik Smith,LB,LB,exact_name,100
2019,81192,4371979,AUBURN,2,Zakoby McClain,Zakoby McClain,LB,LB,exact_name,100
2019,81193,4371981,AUBURN,2,Michael Harris,Michael Harris,LB,LB,exact_name,100
2019,81194,4283013,AUBURN,2,Tanner Dean,Tanner Dean,LB,LB,exact_name,100
2019,81195,4361335,AUBURN,2,Josh Marsh,Josh Marsh,LB,LB,exact_name,100
2019,81198,4361067,BOISE ST,68,Brandon Hawkins,Brandon Hawkins,LB,LB,exact_name,100
2019,81208,4361036,COAST CAR,324,William Stewart,William Stewart,LB,LB,exact_name,100
2019,81209,4361041,COAST CAR,324,Cincir Evans,Cincir Evans,LB,LB,exact_name,100
2019,81210,4361044,COAST CAR,324,Teddy Gallagher,Teddy Gallagher,LB,LB,exact_name,100
2019,81213,4361051,COAST CAR,324,Jamar Darboe,Jamar Darboe,LB,LB,exact_name,100
2019,81219,4360250,FLORIDA,57,Andrew Chatfield Jr.,Andrew Chatfield Jr.,ED,LB,exact_name,100
2019,81225,4373897,FRESNO ST,278,Sherwin King Jr.,Sherwin King Jr.,LB,LB,exact_name,100
2019,81226,4373898,FRESNO ST,278,Rian Fields,Rian Fields,ED,DB,exact_name,100
2019,81228,4373905,FRESNO ST,278,Dorrzel Hicks,Dorrzel Hicks,LB,LB,exact_name,100
2019,81241,4360389,ILLINOIS,356,Khalan Tolson,Khalan Tolson,LB,LB,exact_name,100
2019,81243,4371947,INDIANA,84,James Miller,James Miller,LB,LB,exact_name,100
2019,81244,4371959,INDIANA,84,Cam Jones,Cam Jones,LB,LB,exact_name,100
2019,81245,4371960,INDIANA,84,Aaron Casey,Aaron Casey,LB,LB,exact_name,100
2019,81246,4371961,INDIANA,84,Micah McFadden,Micah McFadden,LB,LB,exact_name,100
2019,81247,4360491,IOWA,2294,Joe Evans,Joe Evans,ED,DE,exact_name,100
2019,81250,4240583,IOWA,2294,Djimon Colbert,Djimon Colbert,LB,LB,exact_name,100
2019,81252,4360506,IOWA,2294,Monte Pottebaum,Monte Pottebaum,FB,FB,exact_name,100
2019,81254,4360482,IOWA,2294,Dillon Doyle,Dillon Doyle,LB,LB,exact_name,100
2019,81255,4360487,IOWA,2294,Seth Benson,Seth Benson,LB,LB,exact_name,100
2019,81264,4259987,KENTUCKY,96,Jackson High,Jackson High,LB,LB,exact_name,100
2019,81267,4362621,KENTUCKY,96,DeAndre Square,DeAndre Square,LB,LB,exact_name,100
2019,81281,4362631,LSU,99,Micah Baskerville,Micah Baskerville,LB,LB,exact_name,100
2019,81282,4362636,LSU,99,Damone Clark,Damone Clark,LB,LB,exact_name,100
2019,81284,4259682,LSU,99,Jared Small,Jared Small,LB,LB,exact_name,100
2019,81290,4360636,MARYLAND,120,Jordan Mosley,Jordan Mosley,S,DB,exact_name,100
2019,81291,4372043,MARYLAND,120,Ahmad McCullough,Ahmad McCullough,ED,LB,exact_name,100
2019,81294,4382450,MARYLAND,120,Tanyi Makia,Tanyi Makia,ED,LB,exact_name,100
2019,81295,4372051,MARYLAND,120,Chance Campbell,Chance Campbell,LB,LB,exact_name,100
2019,81296,4372053,MARYLAND,120,Oladimeji Olayinka,Oladimeji Olayinka,ED,LB,exact_name,100
2019,81297,4372054,MARYLAND,120,David Brownlee,David Brownlee,LB,LB,exact_name,100
2019,81300,4372085,MICHIGAN,130,Cameron McGrone,Cameron McGrone,LB,LB,exact_name,100
2019,81302,4382469,MICH STATE,127,Chase Kline,Chase Kline,ED,LB,exact_name,100
2019,81306,4360947,MINNESOTA,135,Thomas Rush,Thomas Rush,LB,DL,exact_name,100
2019,81307,4360940,MINNESOTA,135,Braelen Oliver,Braelen Oliver,LB,LB,exact_name,100
2019,81309,4360956,MINNESOTA,135,Mariano Sori-Marin,Mariano Sori-Marin,LB,LB,exact_name,100
2019,81311,4372415,OLE MISS,145,Jacquez Jones,Jacquez Jones,LB,LB,exact_name,100
2019,81312,4372417,OLE MISS,145,Luke Knox,Luke Knox,ED,LB,exact_name,100
2019,81314,4372422,OLE MISS,145,Jonathan Hess,Jonathan Hess,TE,TE,exact_name,100
2019,81322,4362759,MISSOURI,142,Nick Bolton,Nick Bolton,LB,LB,exact_name,100
2019,81325,4362762,MISSOURI,142,Cameron Wilkins,Cameron Wilkins,LB,LB,exact_name,100
2019,81328,4361164,NEBRASKA,158,Chris Cassidy,Chris Cassidy,LB,LB,exact_name,100
2019,81329,4361433,NEVADA,2440,James Fotofili,James Fotofili,LB,LB,exact_name,100
2019,81330,4361442,NEVADA,2440,Giovanni Miranda,Giovanni Miranda,LB,DE,exact_name,100
2019,81335,4374066,NEW MEXICO,167,Dylan Horton,Dylan Horton,ED,DL,exact_name,100
2019,81343,4361267,NWESTERN,77,Jaylen Rivers,Jaylen Rivers,ED,DB,exact_name,100
2019,81344,4361268,NWESTERN,77,Grayson Mann,Grayson Mann,ED,LB,exact_name,100
2019,81346,4361269,NWESTERN,77,Khalid Jones,Khalid Jones,ED,LB,exact_name,100
2019,81347,4361326,NOTRE DAME,87,Ovie Oghoufo,Ovie Oghoufo,ED,DE,exact_name,100
2019,81348,4361324,NOTRE DAME,87,Jack Lamb,Jack Lamb,LB,LB,exact_name,100
2019,81349,4372778,NOTRE DAME,87,Shayne Simon,Shayne Simon,LB,LB,exact_name,100
2019,81350,4361321,NOTRE DAME,87,Bo Bauer,Bo Bauer,LB,LB,exact_name,100
2019,81351,4361339,OHIO STATE,194,Teradja Mitchell,Teradja Mitchell,LB,LB,exact_name,100
2019,81352,4361348,OHIO STATE,194,Dallas Gant,Dallas Gant,LB,LB,exact_name,100
2019,81353,4361356,OHIO STATE,194,K'Vaughan Pope,K'Vaughan Pope,LB,LB,exact_name,100
2019,81356,4374029,OREGON ST,204,Matthew Tago,Matthew Tago,ED,LB,exact_name,100
2019,81357,4374031,OREGON ST,204,John McCartan,John McCartan,ED,LB,exact_name,100
2019,81360,4361423,PENN STATE,213,Micah Parsons,Micah Parsons,LB,LB,exact_name,100
2019,81361,4361419,PENN STATE,213,Jesse Luketa,Jesse Luketa,LB,LB,exact_name,100
2019,81362,4361416,PENN STATE,213,Charlie Katshir,Charlie Katshir,CB,LB,exact_name,100
2019,81363,4372495,PURDUE,2509,Jaylan Alexander,Jaylan Alexander,LB,LB,exact_name,100
2019,81371,4372461,RUTGERS,164,Deion Jennings,Deion Jennings,ED,LB,exact_name,100
2019,81372,4372458,RUTGERS,164,Chike Nwankwo,Chike Nwankwo,LB,LB,exact_name,100
2019,81377,4361534,S JOSE ST,23,Kyle Harmon,Kyle Harmon,LB,LB,exact_name,100
2019,81381,4379579,S JOSE ST,23,Christian Webb,Christian Webb,ED,LB,exact_name,100
2019,81410,4369850,TENNESSEE,2633,Nyles Gaddy,Nyles Gaddy,ED,DL,exact_name,100
2019,81411,4372524,TEXAS A&M,245,Brian Johnson,Brian Johnson,S,LB,exact_name,100
2019,81421,4362729,TROY,2653,KJ Robertson,KJ Robertson,LB,LB,exact_name,100
2019,81422,4362730,TROY,2653,Antonio Showers,Antonio Showers,ED,DE,exact_name,100
2019,81424,4363416,UAB,5,Deshaun Oliver Jr.,Deshaun Oliver Jr.,LB,LB,exact_name,100
2019,81429,4363428,UAB,5,Rubin Stinson III,Rubin Stinson III,ED,LB,exact_name,100
2019,81431,4367192,UCLA,26,Bo Calvert,Bo Calvert,LB,LB,exact_name,100
2019,81432,4367193,UCLA,26,Je'Vari Anderson,Je'Vari Anderson,LB,LB,exact_name,100
2019,81433,4367211,UCLA,26,Elijah Wade,Elijah Wade,DI,DL,exact_name,100
2019,81434,4374173,UNLV,2439,Malakai Salu,Malakai Salu,LB,LB,exact_name,100
2019,81435,4374174,UNLV,2439,Malcolm Johnson,Malcolm Johnson,ED,LB,exact_name,100
2019,81438,4242550,UTAH,254,Sione Lund,Sione Lund,LB,LB,exact_name,100
2019,81439,4361017,UTAH,254,Andrew Mata'Afa,Andrew Mata'afa,LB,LB,exact_name,100
2019,81442,4374192,UTAH ST,328,Elijah Shelton,Elijah Shelton,LB,LB,exact_name,100
2019,81446,4379586,UTAH ST,328,Eric Munoz,Eric Munoz,LB,LB,exact_name,100
2019,81447,4362042,UTEP,2638,Elijah Ruiz,Elijah Ruiz,LB,LB,exact_name,100
2019,81448,4362045,UTEP,2638,James Tupou,James Tupou,TE,FB,exact_name,100
2019,81451,4362988,UTSA,2636,Jarrett Preston,Jarrett Preston,LB,S,exact_name,100
2019,81453,4362799,VANDERBILT,238,Alston Orji,Alston Orji,ED,LB,exact_name,100
2019,81454,4362797,VANDERBILT,238,Salua Masina,Salua Masina,LB,LB,exact_name,100
2019,81455,4362798,VANDERBILT,238,Elijah McAllister,Elijah McAllister,ED,LB,exact_name,100
2019,81458,4361101,WASHINGTON,264,Jackson Sirmon,Jackson Sirmon,LB,LB,exact_name,100
2019,81459,4374280,WASHINGTON,264,Edefuan Ulofoshio,Edefuan Ulofoshio,LB,LB,exact_name,100
2019,81460,4361104,WASHINGTON,264,MJ Tafisi Jr.,MJ Tafisi Jr.,LB,LB,exact_name,100
2019,81461,4361105,WASHINGTON,264,Zion Tupuola-Fetui,Zion Tupuola-Fetui,ED,DE,exact_name,100
2019,81476,4361054,COAST CAR,324,CJ Schrimpf,CJ Schrimpf,LS,LS,exact_name,100
2019,81479,4379415,GEORGIA,61,Payne Walker,Payne Walker,LS,LS,exact_name,100
2019,81487,4372052,MARYLAND,120,James Rosenberry Jr.,James Rosenberry Jr.,LS,LS,exact_name,100
2019,81491,4381243,MISSOURI,142,Jake Hoffman,Jake Hoffman,LS,LS,exact_name,100
2019,81493,4361447,NEVADA,2440,Austin Ortega,Austin Ortega,LS,LS,exact_name,100
2019,81513,4362731,TROY,2653,Tyler Hussey,Tyler Hussey,WR,WR,exact_name,100
2019,81524,4361070,BOISE ST,68,DJ Schramm,DJ Schramm,LB,LB,exact_name,100
2019,81525,4373683,BOISE ST,68,Scale Igiehon,Scale Igiehon,DI,NT,exact_name,100
2019,81526,4373676,BOISE ST,68,Keeghan Freeborn,Keeghan Freeborn,DI,NT,exact_name,100
2019,81527,4243195,COLORADO,38,Jalen Sami,Jalen Sami,DI,DL,exact_name,100
2019,81530,4361564,WISCONSIN,275,Bryson Williams,Bryson Williams,DI,NT,exact_name,100
2019,81531,4362642,LSU,99,Chasen Hines,Chasen Hines,G,G,exact_name,100
2019,81532,4362647,LSU,99,Damien Lewis,Damien Lewis,G,G,exact_name,100
2019,81533,4374154,S JOSE ST,23,Jaime Navarro,Jaime Navarro,T,OT,exact_name,100
2019,81535,4360726,AIR FORCE,2005,Britton Beasley,Britton Beasley,G,OL,exact_name,100
2019,81536,4360727,AIR FORCE,2005,Adam Jewell,Adam Jewell,T,OL,exact_name,100
2019,81537,4360728,AIR FORCE,2005,Parker Ferguson,Parker Ferguson,T,OT,exact_name,100
2019,81538,4360729,AIR FORCE,2005,Kyle Krepsz,Kyle Krepsz,G,OL,exact_name,100
2019,81539,4360730,AIR FORCE,2005,Nolan Laufenberg,Nolan Laufenberg,G,OL,exact_name,100
2019,81540,4372028,ALABAMA,333,Emil Ekiyor,Emil Ekiyor Jr.,G,OL,exact_name,100
2019,81543,4372033,ALABAMA,333,Tommy Brown,Tommy Brown,T,OT,exact_name,100
2019,81548,4360786,APP STATE,2026,Cooper Hodges,Cooper Hodges,T,OL,exact_name,100
2019,81549,4360787,APP STATE,2026,Anderson Hardy,Anderson Hardy,T,OL,exact_name,100
2019,81553,4372612,ARIZONA,12,Donovan Laie,Donovan Laie,T,OL,exact_name,100
2019,81554,4360453,ARIZONA ST,9,Jarrett Bell,Jarrett Bell,G,OL,exact_name,100
2019,81559,4360460,ARIZONA ST,9,Spencer Lovell,Spencer Lovell,T,OL,exact_name,100
2019,81560,4360461,ARIZONA ST,9,Ralph Frias III,Ralph Frias III,T,OL,exact_name,100
2019,81562,4372008,ARKANSAS,8,Silas Robinson,Silas Robinson,G,OL,exact_name,100
2019,81563,4372010,ARKANSAS,8,Ryan Winkel,Ryan Winkel,T,OL,exact_name,100
2019,81577,4373776,ARMY,349,Mason Kolinchak,Mason Kolinchak,T,OL,exact_name,100
2019,81582,4373787,ARMY,349,Noah Knapp,Noah Knapp,C,OL,exact_name,100
2019,81583,4373788,ARMY,349,Dean Powell,Dean Powell,G,OL,exact_name,100
2019,81588,4371984,AUBURN,2,Jalil Irvin,Jalil Irvin,G,OL,exact_name,100
2019,81589,4277560,AUBURN,2,Phelps Gambill,Phelps Gambill,TE,TE,exact_name,100
2019,81591,4371988,AUBURN,2,Gabe Brinson,Gabe Brinson,DI,DT,exact_name,100
2019,81593,4373677,BOISE ST,68,Kekaniokoa Holomalia-Gonzalez,Kekaniokoa Holomalia-Gonzalez,G,OL,exact_name,100
2019,81595,4373666,BOISE ST,68,Dallas Holliday,Dallas Holliday,G,OL,exact_name,100
2019,81596,4373671,BOISE ST,68,Garrett Curran,Garrett Curran,T,OL,exact_name,100
2019,81612,4361053,COAST CAR,324,Sam Thompson,Sam Thompson,C,OL,exact_name,100
2019,81614,4361056,COAST CAR,324,Trevor Goude,Trevor Goude,G,OL,exact_name,100
2019,81615,4381546,COAST CAR,324,Corbin Small,Corbin Small,T,OL,exact_name,100
2019,81616,4381548,COAST CAR,324,Tommy Schubert,Tommy Schubert,DI,NT,exact_name,100
2019,81618,4381549,COAST CAR,324,Jordan Donald,Jordan Donald,G,OL,exact_name,100
2019,81619,4360665,COLORADO,38,Joshua Jynes,Joshua Jynes,C,OL,exact_name,100
2019,81620,4360666,COLORADO,38,Kanan Ray,Kanan Ray,T,OL,exact_name,100
2019,81622,4360667,COLORADO,38,Kary Kutsch,Kary Kutsch,G,OL,exact_name,100
2019,81623,4360669,COLORADO,38,Casey Roddick,Casey Roddick,G,OL,exact_name,100
2019,81624,4360670,COLORADO,38,Frank Fillip,Frank Fillip,T,OL,exact_name,100
2019,81633,4360244,FLORIDA,57,Griffin McDowell,Griffin McDowell,G,TE,exact_name,100
2019,81634,4360245,FLORIDA,57,Christopher Bleich,Christopher Bleich,G,OL,exact_name,100
2019,81635,4360246,FLORIDA,57,Richard Gouraige,Richard Gouraige,G,OL,exact_name,100
2019,81646,4373908,FRESNO ST,278,Tyrone Sampson Jr.,Tyrone Sampson Jr.,C,OL,exact_name,100
2019,81648,4373911,FRESNO ST,278,Jace Fuamatu,Jace Fuamatu,G,OL,exact_name,100
2019,81650,4243013,FRESNO ST,278,Dontae Bull,Dontae Bull,T,OL,exact_name,100
2019,81651,4373913,FRESNO ST,278,Nick Abbs,Nick Abbs,G,OL,exact_name,100
2019,81652,4361786,GEORGIA,61,Warren Ericson,Warren Ericson,G,OL,exact_name,100
2019,81653,4361787,GEORGIA,61,Trey Hill,Trey Hill,C,OL,exact_name,100
2019,81655,4379417,GEORGIA,61,Blake Watson,Blake Watson,G,OL,exact_name,100
2019,81656,4379412,GEORGIA,61,Jamaree Salyer,Jamaree Salyer,T,OL,exact_name,100
2019,81673,4360392,ILLINOIS,356,Preston Engel,Preston Engel,C,LS,exact_name,100
2019,81674,4360394,ILLINOIS,356,Jordyn Slaughter,Jordyn Slaughter,G,OL,exact_name,100
2019,81677,4371964,INDIANA,84,Aidan Rafferty,Aidan Rafferty,T,OL,exact_name,100
2019,81680,4371967,INDIANA,84,Charlie O'Connor,Charlie O'Connor,C,OL,exact_name,100
2019,81682,4382403,IOWA,2294,Luke Empen,Luke Empen,G,OL,exact_name,100
2019,81684,4266224,IOWA,2294,Kyler Schott,Kyler Schott,G,OL,exact_name,100
2019,81687,4360495,IOWA,2294,Cody Ince,Cody Ince,G,OL,exact_name,100
2019,81688,4360496,IOWA,2294,Jeff Jenkins,Jeff Jenkins,C,OL,exact_name,100
2019,81690,4360505,IOWA,2294,Jack Plumb,Jack Plumb,T,OL,exact_name,100
2019,81695,4372105,KENTUCKY,96,Tyler Couch,Tyler Couch,C,C,exact_name,100
2019,81696,4362610,KENTUCKY,96,Kenneth Horsey,Kenneth Horsey,G,OL,exact_name,100
2019,81709,4365300,LA MONROE,2433,Zachary Breaux,Zachary Breaux,C,OL,exact_name,100
2019,81710,4365315,LA MONROE,2433,Blake Lodes,Blake Lodes,T,OT,exact_name,100
2019,81711,4365299,LA MONROE,2433,John Bolding,John Bolding,C,G,exact_name,100
2019,81712,4365321,LA MONROE,2433,Conner Parsons,Conner Parsons,G,G,exact_name,100
2019,81714,4370346,MARSHALL,276,Zack Ferris,Zack Ferris,G,OL,exact_name,100
2019,81717,4370363,MARSHALL,276,Dalton Tucker,Dalton Tucker,T,OL,exact_name,100
2019,81718,4372055,MARYLAND,120,Evan Gregory,Evan Gregory,G,OL,exact_name,100
2019,81719,4372056,MARYLAND,120,Spencer Anderson,Spencer Anderson,T,OL,exact_name,100
2019,81725,4372093,MICHIGAN,130,Jalen Mayfield,Jalen Mayfield,T,OL,exact_name,100
2019,81726,4372094,MICHIGAN,130,Griffin Korican,Griffin Korican,G,OL,exact_name,100
2019,81727,4382478,MICH STATE,127,Jacob Isaia,Jacob Isaia,G,OL,exact_name,100
2019,81729,4360953,MINNESOTA,135,Curtis Dunlap Jr.,Curtis Dunlap Jr.,G,OL,exact_name,100
2019,81730,4360959,MINNESOTA,135,Austin Beier,Austin Beier,G,OL,exact_name,100
2019,81731,4360960,MINNESOTA,135,Nathan Boe,Nathan Boe,C,OL,exact_name,100
2019,81734,4360964,MINNESOTA,135,Daniel Faalele,Daniel Faalele,T,OL,exact_name,100
2019,81735,4360965,MINNESOTA,135,Jason Dickson,Jason Dickson,T,OL,exact_name,100
2019,81736,4381288,OLE MISS,145,KC Swaim,KC Swaim,T,OL,exact_name,100
2019,81738,4372427,OLE MISS,145,Hamilton Hall,Hamilton Hall,G,OL,exact_name,100
2019,81744,4362765,MISSOURI,142,Bobby Lawrence,Bobby Lawrence,T,OL,exact_name,100
2019,81746,4362766,MISSOURI,142,Xavier Delgado,Xavier Delgado,G,OL,exact_name,100
2019,81747,4362767,MISSOURI,142,Mike Ruth,Mike Ruth,G,OL,exact_name,100
2019,81748,4362769,MISSOURI,142,Javon Foster,Javon Foster,T,OL,exact_name,100
2019,81750,4361166,NEBRASKA,158,Will Farniok,Will Farniok,C,OL,exact_name,100
2019,81753,4361453,NEVADA,2440,Jermaine Ledbetter,Jermaine Ledbetter,G,OL,exact_name,100
2019,81759,4374071,NEW MEXICO,167,Austin Cook,Austin Cook,G,OL,exact_name,100
2019,81761,4374073,NEW MEXICO,167,Kyle Stapley,Kyle Stapley,C,C,exact_name,100
2019,81763,4363926,NEW MEXICO,167,Jarred Sylvester,Jarred Sylvester,T,OL,exact_name,100
2019,81770,4361274,NWESTERN,77,Willy Boatman,Willy Boatman,DI,DL,exact_name,100
2019,81771,4361273,NWESTERN,77,Wyatt Blake,Wyatt Blake,DI,OL,exact_name,100
2019,81772,4361275,NWESTERN,77,Charlie Schmidt,Charlie Schmidt,G,OL,exact_name,100
2019,81773,4361276,NWESTERN,77,Payne He'Bert,Payne He'Bert,T,OL,exact_name,100
2019,81774,4361277,NWESTERN,77,Sam Stovall,Sam Stovall,T,OL,exact_name,100
2019,81775,4372774,NOTRE DAME,87,Jarrett Patterson,Jarrett Patterson,C,OL,exact_name,100
2019,81776,4372764,NOTRE DAME,87,John Dirksen,John Dirksen,T,OL,exact_name,100
2019,81777,4372771,NOTRE DAME,87,Cole Mabry,Cole Mabry,T,OL,exact_name,100
2019,81781,4361363,OHIO STATE,194,Matthew Jones,Matthew Jones,G,OL,exact_name,100
2019,81783,4361585,DOMINION,295,Diego Cervantes,Diego Cervantes,C,OL,exact_name,100
2019,81785,4361600,DOMINION,295,Nick Saldiveri,Nick Saldiveri,T,OL,exact_name,100
2019,81788,4373825,OREGON,2483,Penei Sewell,Penei Sewell,T,OL,exact_name,100
2019,81790,4373828,OREGON,2483,Dawson Jaramillo,Dawson Jaramillo,C,OL,exact_name,100
2019,81792,4373830,OREGON,2483,Steven Jones,Steven Jones,G,OL,exact_name,100
2019,81793,4373831,OREGON,2483,Chris Randazzo,Chris Randazzo,T,OL,exact_name,100
2019,81794,4374043,OREGON ST,204,Jake Levengood,Jake Levengood,C,OL,exact_name,100
2019,81798,4361429,PENN STATE,213,Rasheed Walker,Rasheed Walker,T,OL,exact_name,100
2019,81801,4361410,PENN STATE,213,Bryce Effner,Bryce Effner,G,OL,exact_name,100
2019,81802,4372500,PURDUE,2509,Jimmy McKenna,Jimmy McKenna,G,OL,exact_name,100
2019,81803,4372502,PURDUE,2509,Will Bramel,Will Bramel,T,OL,exact_name,100
2019,81812,4372469,RUTGERS,164,Matt Rosso,Matt Rosso,T,OL,exact_name,100
2019,81813,4372473,RUTGERS,164,Reggie Sutton,Reggie Sutton,T,OL,exact_name,100
2019,81814,4361511,S DIEGO ST,21,Alama Uluave,Alama Uluave,G,OL,exact_name,100
2019,81815,4361512,S DIEGO ST,21,William Dunkle,William Dunkle,G,OL,exact_name,100
2019,81852,4369859,TENNESSEE,2633,Jerome Carvin,Jerome Carvin,G,OL,exact_name,100
2019,81853,4369860,TENNESSEE,2633,Ollie Lane,Ollie Lane,G,OL,exact_name,100
2019,81857,4372538,TEXAS A&M,245,Galen Gallagher,Galen Gallagher,T,OL,exact_name,100
2019,81859,4372539,TEXAS A&M,245,Luke Matthews,Luke Matthews,C,OL,exact_name,100
2019,81867,4362695,TEXAS ST,326,Jaydan Smith,Jaydan Smith,G,OL,exact_name,100
2019,81868,4362732,TROY,2653,Jake Andrews,Jake Andrews,C,OL,exact_name,100
2019,81870,4362734,TROY,2653,Grant Betts,Grant Betts,T,OL,exact_name,100
2019,81871,4362735,TROY,2653,Hamilton Hawthorne II,Hamilton Hawthorne II,G,OL,exact_name,100
2019,81872,4363423,UAB,5,Colby Ragland,Colby Ragland,T,OL,exact_name,100
2019,81873,4363425,UAB,5,Andrew Smith Jr.,Andrew Smith Jr.,C,OL,exact_name,100
2019,81876,4363431,UAB,5,Carter Wood,Carter Wood,T,OL,exact_name,100
2019,81878,4363434,UAB,5,Zack Aylor,Zack Aylor,G,OL,exact_name,100
2019,81882,4367203,UCLA,26,Alec Anderson,Alec Anderson,G,OL,exact_name,100
2019,81887,4374177,UNLV,2439,Amani Trigg-Wright,Amani Trigg-Wright,G,OL,exact_name,100
2019,81888,4374178,UNLV,2439,Bryan Catchings,Bryan Catchings,T,OL,exact_name,100
2019,81892,4361020,UTAH,254,Simi Moala,Simi Moala,T,OL,exact_name,100
2019,81898,4374197,UTAH ST,328,Karter Shaw,Karter Shaw,G,OL,exact_name,100
2019,81899,4361617,UTAH ST,328,Kyler Hack,Kyler Hack,T,OL,exact_name,100
2019,81900,4374198,UTAH ST,328,Andy Koch,Andy Koch,T,OL,exact_name,100
2019,81901,4374199,UTAH ST,328,Jacob South,Jacob South,T,OL,exact_name,100
2019,81902,4361619,UTAH ST,328,Wade Meacham,Wade Meacham,G,OL,exact_name,100
2019,81903,4362057,UTEP,2638,Gamaliel Barboza,Gamaliel Barboza,T,OL,exact_name,100
2019,81907,4362061,UTEP,2638,Zuri Henry,Zuri Henry,T,OL,exact_name,100
2019,81910,4362064,UTEP,2638,Andrew Meyer,Andrew Meyer,G,OL,exact_name,100
2019,81911,4033816,UTEP,2638,Darta Lee,Darta Lee,T,OL,exact_name,100
2019,81912,4362066,UTEP,2638,Elijah Klein,Elijah Klein,G,OL,exact_name,100
2019,81913,4362993,UTSA,2636,Terrell Haynes,Terrell Haynes,G,OL,exact_name,100
2019,81916,4362996,UTSA,2636,Treyvion Shannon,Treyvion Shannon,T,OL,exact_name,100
2019,81920,4362999,UTSA,2636,Spencer Burford,Spencer Burford,G,OL,exact_name,100
2019,81921,4362805,VANDERBILT,238,Tyler Steen,Tyler Steen,T,OL,exact_name,100
2019,81926,4361107,WASHINGTON,264,Ulumoo Ale,Ulumoo Ale,G,DL,exact_name,100
2019,81927,4361108,WASHINGTON,264,Will Pliska,Will Pliska,C,OL,exact_name,100
2019,81929,4361109,WASHINGTON,264,Matteo Mele,Matteo Mele,C,OL,exact_name,100
2019,81930,4361110,WASHINGTON,264,Victor Curne,Victor Curne,T,OL,exact_name,100
2019,81944,4372577,WISCONSIN,275,Andrew Lyons,Andrew Lyons,G,OL,exact_name,100
2019,81945,4372578,WISCONSIN,275,Michael Furtney,Michael Furtney,G,OL,exact_name,100
2019,81946,4360720,AIR FORCE,2005,Grant Donaldson,Grant Donaldson,ED,LB,exact_name,100
2019,81948,4360456,ARIZONA ST,9,Stanley Lambert,Stanley Lambert,LB,DL,exact_name,100
2019,81955,4360647,COLORADO,38,Alex Tchangam,Alex Tchangam,ED,LB,exact_name,100
2019,81959,4379409,GEORGIA,61,Azeez Ojulari,Azeez Ojulari,ED,LB,exact_name,100
2019,81960,4379392,GEORGIA,61,Adam Anderson,Adam Anderson,ED,LB,exact_name,100
2019,81966,4362644,LSU,99,Jarell Cherry,Jarell Cherry,DI,DE,exact_name,100
2019,81968,4361175,NEBRASKA,158,Joseph Johnson,Joseph Johnson,LB,LB,exact_name,100
2019,81969,4361186,NEBRASKA,158,Simon Otte,Simon Otte,ED,DE,exact_name,100
2019,81970,4361195,NEBRASKA,158,Caleb Tannor,Caleb Tannor,ED,DE,exact_name,100
2019,81974,4360697,OREGON,2483,Matt Christman,Matt Christman,ED,LB,exact_name,100
2019,81977,4360750,STANFORD,24,Tobe Umerah,Tobe Umerah,ED,LB,exact_name,100
2019,81979,4360754,STANFORD,24,Tangaloa Kaufusi,Tangaloa Kaufusi,ED,LB,exact_name,100
2019,81980,4360758,STANFORD,24,Jake Lynch,Jake Lynch,LB,LB,exact_name,100
2019,81982,4360855,USC,30,Kana'i Mauga,Kana'i Mauga,LB,LB,exact_name,100
2019,81983,4374307,USC,30,Eli'jah Winston,Eli'jah Winston,ED,LB,exact_name,100
2019,81984,4374310,USC,30,Abdul-Malik McClain,Abdul-Malik McClain,ED,LB,exact_name,100
2019,81987,4372573,WISCONSIN,275,Jaylan Franklin,Jaylan Franklin,ED,TE,exact_name,100
2019,81991,4360645,COLORADO,38,Davion Taylor,Davion Taylor,LB,LB,exact_name,100
2019,81994,4379398,GEORGIA,61,Owen Condon,Owen Condon,T,OL,exact_name,100
2019,81995,4361788,GEORGIA,61,Cade Mays,Cade Mays,G,OL,exact_name,100
2019,81996,4362612,KENTUCKY,96,Nick Lewis,Nick Lewis,T,OL,exact_name,100
2019,81997,4372112,KENTUCKY,96,Matthew Napier,Matthew Napier,T,OL,exact_name,100
2019,81999,4259999,KENTUCKY,96,Naasir Watkins,Naasir Watkins,T,OT,exact_name,100
2019,82000,4362645,LSU,99,Cameron Wire,Cameron Wire,T,OL,exact_name,100
2019,82001,4362648,LSU,99,Badara Traore,Badara Traore,T,OT,exact_name,100
2019,82003,4361368,OHIO STATE,194,Nicholas Petit-Frere,Nicholas Petit-Frere,T,OT,exact_name,100
2019,82007,4374316,USC,30,Liam Douglass,Liam Douglass,G,OL,exact_name,100
2019,82017,4373766,ARMY,349,Zach Harding,Zach Harding,P,P,exact_name,100
2019,82019,4371989,AUBURN,2,Arryn Siposs,Arryn Siposs,P,P,exact_name,100
2019,82025,4362606,KENTUCKY,96,Max Duffy,Max Duffy,P,P,exact_name,100
2019,82035,4374080,NEW MEXICO,167,Tyson Dyer,Tyson Dyer,P,P,exact_name,100
2019,82052,4363442,UAB,5,Kyle Greenwell,Kyle Greenwell,P,P,exact_name,100
2019,82054,4362054,UTEP,2638,Mitchell Crawford,Mitchell Crawford,P,P,exact_name,100
2019,82058,4372556,VANDERBILT,238,Harrison Smith,Harrison Smith,P,P,exact_name,100
2019,82065,4382332,AIR FORCE,2005,Donald Hammond III,Donald Hammond III,QB,QB,exact_name,100
2019,82068,4361222,ARK STATE,2032,Layne Hatcher,Layne Hatcher,QB,QB,exact_name,100
2019,82071,4372597,ARIZONA,12,Jamarye Joiner,Jamarye Joiner,WR,WR,exact_name,100
2019,82078,4372000,ARKANSAS,8,John Stephen Jones,John Stephen Jones,QB,QB,exact_name,100
2019,82085,4373730,ARMY,349,Jabari Laws,Jabari Laws,QB,QB,exact_name,100
2019,82088,4361329,AUBURN,2,Joey Gatewood,Joey Gatewood,QB,TE,exact_name,100
2019,82089,4283012,AUBURN,2,Wil Appleton,Wil Appleton,QB,QB,exact_name,100
2019,82090,4371976,AUBURN,2,Cord Sandberg,Cord Sandberg,QB,QB,exact_name,100
2019,82091,4373682,BOISE ST,68,Riley Smith,Riley Smith,TE,TE,exact_name,100
2019,82101,4361032,COAST CAR,324,Bryce Carpenter,Bryce Carpenter,QB,QB,exact_name,100
2019,82102,4361033,COAST CAR,324,Fred Payton,Fred Payton,QB,QB,exact_name,100
2019,82105,4361028,COAST CAR,324,Tyriq Goodman,Tyriq Goodman,CB,S,exact_name,100
2019,82106,4360650,COLORADO,38,Blake Stenstrom,Blake Stenstrom,QB,QB,exact_name,100
2019,82111,4360230,FLORIDA,57,Emory Jones,Emory Jones,QB,QB,exact_name,100
2019,82115,4373895,FRESNO ST,278,Ben Wooldridge,Ben Wooldridge,QB,QB,exact_name,100
2019,82118,4362887,OHIO STATE,194,Justin Fields,Justin Fields,QB,QB,exact_name,100
2019,82128,4360371,ILLINOIS,356,Coran Taylor,Coran Taylor,QB,DB,exact_name,100
2019,82130,4371942,ILLINOIS,356,Matt Robinson,Matt Robinson,QB,QB,exact_name,100
2019,82132,4371946,INDIANA,84,Reese Taylor,Reese Taylor,CB,DB,exact_name,100
2019,82134,4360423,INDIANA,84,Michael Penix Jr.,Michael Penix Jr.,QB,QB,exact_name,100
2019,82136,4360480,IOWA,2294,Spencer Petras,Spencer Petras,QB,QB,exact_name,100
2019,82143,4365325,LA MONROE,2433,Colby Suits,Colby Suits,QB,QB,exact_name,100
2019,82149,4360634,MARYLAND,120,Tyler DeSue,Tyler DeSue,QB,QB,exact_name,100
2019,82151,4360698,MICHIGAN,130,Joe Milton III,Joe Milton III,QB,QB,exact_name,100
2019,82153,4361362,OHIO STATE,194,Tyler Friday,Tyler Friday,ED,DE,exact_name,100
2019,82158,4360709,OREGON ST,204,Cody Anderson,Cody Anderson,DI,DL,exact_name,100
2019,82165,4372507,PURDUE,2509,Jack Cravaack,Jack Cravaack,ED,TE,exact_name,100
2019,82167,4360737,STANFORD,24,Andres Fox,Andres Fox,ED,DL,exact_name,100
2019,82168,4360749,STANFORD,24,Thomas Booker IV,Thomas Booker,DI,DE,exact_name,100
2019,82173,4362724,TROY,2653,Jarvis Hayes,Jarvis Hayes,ED,DE,exact_name,100
2019,82175,4381226,TROY,2653,Patrick Richardson,Patrick Richardson,ED,LB,exact_name,100
2019,82179,4361010,UTAH,254,Malik Haynes,Malik Haynes,ED,DE,exact_name,100
2019,82183,4361024,UTAH,254,Mika Tafua,Mika Tafua,ED,DE,exact_name,100
2019,82184,4374203,UTAH ST,328,Hale Motu'apuaka,Hale Motu'apuaka,DI,DT,exact_name,100
2019,82185,4362039,UTEP,2638,Praise Amaewhule,Praise Amaewhule,ED,DE,exact_name,100
2019,82190,4372580,WISCONSIN,275,Isaiah Mullens,Isaiah Mullens,DI,DE,exact_name,100
2019,82191,4372581,WISCONSIN,275,Boyd Dietzen,Boyd Dietzen,DI,DE,exact_name,100
2019,82192,4361336,AUBURN,2,Jacob vonEschenbach,Jacob vonEschenbach,ED,LB,exact_name,100
2019,82193,4360725,AIR FORCE,2005,Kolby Barker,Kolby Barker,DI,DL,exact_name,100
2019,82194,4360732,AIR FORCE,2005,Michael Purcell,Michael Purcell,ED,DE,exact_name,100
2019,82195,4360733,AIR FORCE,2005,Jared Bair,Jared Bair,DI,DL,exact_name,100
2019,82197,4360735,AIR FORCE,2005,Kaleb Nunez,Kaleb Nunez,DI,NT,exact_name,100
2019,82198,4372030,ALABAMA,333,Christian Barmore,Christian Barmore,DI,DL,exact_name,100
2019,82200,4360127,ALABAMA,333,Stephon Wynn Jr.,Stephon Wynn Jr.,DI,DT,exact_name,100
2019,82201,4372036,ALABAMA,333,Tevita Musika,Tevita Musika,DI,DL,exact_name,100
2019,82205,4360780,APP STATE,2026,Hansky Paillant,Hansky Paillant,DI,DL,exact_name,100
2019,82206,4360782,APP STATE,2026,Chris Washington,Chris Washington,DI,DL,exact_name,100
2019,82208,4383600,APP STATE,2026,Dorian Pickett,Dorian Pickett,ED,DL,exact_name,100
2019,82209,4360796,APP STATE,2026,George Blackstock,George Blackstock,DI,DL,exact_name,100
2019,82210,4373570,APP STATE,2026,Jordon Earle,Jordon Earle,DI,DL,exact_name,100
2019,82211,4372609,ARIZONA,12,Mykee Irving,Mykee Irving,DI,DL,exact_name,100
2019,82212,4360463,ARIZONA ST,9,Jermayne Lole,Jermayne Lole,DI,DL,exact_name,100
2019,82216,4371998,ARKANSAS,8,Dorian Gerald,Dorian Gerald,ED,DL,exact_name,100
2019,82218,4360167,ARKANSAS,8,Isaiah Nichols,Isaiah Nichols,DI,DL,exact_name,100
2019,82219,4361213,ARK STATE,2032,Tukua Ahoia,Tukua Ahoia,DI,DL,exact_name,100
2019,82220,4361220,ARK STATE,2032,Terry Hampton,Terry Hampton,DI,DL,exact_name,100
2019,82222,4373582,ARK STATE,2032,Forrest Merrill,Forrest Merrill,DI,DL,exact_name,100
2019,82232,4373785,ARMY,349,Nolan Cockrill,Nolan Cockrill,DI,DL,exact_name,100
2019,82233,4373786,ARMY,349,Ryan Duran III,Ryan Duran III,ED,DL,exact_name,100
2019,82237,4373800,ARMY,349,Kwabena Bonsu,Kwabena Bonsu,DI,DL,exact_name,100
2019,82238,4371987,AUBURN,2,Coynis Miller Jr.,Coynis Miller Jr.,DI,DT,exact_name,100
2019,82239,4361337,AUBURN,2,Daquan Newkirk,DaQuan Newkirk,DI,DL,exact_name,100
2019,82240,4371983,AUBURN,2,Caleb Johnson,Caleb Johnson,ED,DE,exact_name,100
2019,82249,4360659,COLORADO,38,Mustafa Johnson,Mustafa Johnson,DI,DE,exact_name,100
2019,82251,4360672,OKLA STATE,197,Israel Antwine,Israel Antwine,ED,DT,exact_name,100
2019,82263,4361314,FRESNO ST,278,Isaiah Johnson,Isaiah Johnson,ED,DE,exact_name,100
2019,82264,4373906,FRESNO ST,278,Alex Dumais,Alex Dumais,DI,DL,exact_name,100
2019,82265,4373909,FRESNO ST,278,Leonard Payne Jr.,Leonard Payne Jr.,DI,DL,exact_name,100
2019,82266,4373912,FRESNO ST,278,Matt Lawson,Matt Lawson,DI,DL,exact_name,100
2019,82268,4361791,GEORGIA,61,Devonte Wyatt,Devonte Wyatt,DI,DL,exact_name,100
2019,82281,4360387,ILLINOIS,356,Ezekiel Holmes,Ezekiel Holmes,ED,LB,exact_name,100
2019,82282,4360391,ILLINOIS,356,Julian Pearl,Julian Pearl,T,OL,exact_name,100
2019,82283,4360401,ILLINOIS,356,Calvin Avery,Calvin Avery,DI,DL,exact_name,100
2019,82284,4360402,ILLINOIS,356,Verdis Brown,Verdis Brown,G,DL,exact_name,100
2019,82285,4360421,INDIANA,84,James Head Jr.,James Head Jr.,ED,DL,exact_name,100
2019,82286,4371950,INDIANA,84,Jonathan King,Jonathan King,DI,DL,exact_name,100
2019,82289,4371963,INDIANA,84,Gavin McCabe,Gavin McCabe,DI,DL,exact_name,100
2019,82290,4371972,INDIANA,84,Shamar Jones,Shamar Jones,DI,DL,exact_name,100
2019,82291,4360499,IOWA,2294,Tyler Linderbaum,Tyler Linderbaum,C,OL,exact_name,100
2019,82292,4360517,IOWA,2294,John Waggoner,John Waggoner,ED,DL,exact_name,100
2019,82293,4360511,IOWA,2294,Noah Shannon,Noah Shannon,DI,DL,exact_name,100
2019,82299,4362608,KENTUCKY,96,Davoan Hawkins,Davoan Hawkins,ED,DL,exact_name,100
2019,82300,4362613,KENTUCKY,96,Jerquavion Mahone,Jerquavion Mahone,DI,DL,exact_name,100
2019,82301,4362615,KENTUCKY,96,Marquan McCall,Marquan McCall,DI,NT,exact_name,100
2019,82316,4365324,LA MONROE,2433,Larance Shaw,Larance Shaw,DI,DL,exact_name,100
2019,82317,4374337,MARSHALL,276,Sam Burton,Sam Burton,ED,DL,exact_name,100
2019,82318,4370359,MARSHALL,276,Owen Porter,Owen Porter,ED,DL,exact_name,100
2019,82319,4370351,MARSHALL,276,Darius Hodge,Darius Hodge,ED,DL,exact_name,100
2019,82320,4370342,MARSHALL,276,Koby Cumberlander,Koby Cumberlander,ED,DL,exact_name,100
2019,82322,4372040,MARYLAND,120,Tyler Baylor,Tyler Baylor,ED,DL,exact_name,100
2019,82323,4372059,MARYLAND,120,Cherokee Glasgow,Cherokee Glasgow,ED,DT,exact_name,100
2019,82324,4360641,MARYLAND,120,Jalen Alexander,Jalen Alexander,DI,DL,exact_name,100
2019,82325,4372060,MARYLAND,120,Austin Fontaine,Austin Fontaine,G,OL,exact_name,100
2019,82327,4360702,MICHIGAN,130,Taylor Upshaw,Taylor Upshaw,ED,LB,exact_name,100
2019,82330,4372099,MICHIGAN,130,Aidan Hutchinson,Aidan Hutchinson,ED,DL,exact_name,100
2019,82334,4360961,MINNESOTA,135,Jack Kern,Jack Kern,DI,DL,exact_name,100
2019,82335,4360968,MINNESOTA,135,Mayan Ahanotu,Mayan Ahanotu,DI,DL,exact_name,100
2019,82339,4372424,OLE MISS,145,KD Hill,KD Hill,DI,DT,exact_name,100
2019,82340,4372425,OLE MISS,145,Jalen Cunningham,Jalen Cunningham,G,OL,exact_name,100
2019,82342,4362758,MISSOURI,142,Jatorian Hansford,Jatorian Hansford,ED,DE,exact_name,100
2019,82344,4362774,MISSOURI,142,Antar Thompson,Antar Thompson,DI,DL,exact_name,100
2019,82345,4381245,MISSOURI,142,Cannon York,Cannon York,ED,DL,exact_name,100
2019,82347,4361189,NEBRASKA,158,Casey Rogers,Casey Rogers,ED,DL,exact_name,100
2019,82350,4374055,NEVADA,2440,Aaron Frost,Aaron Frost,G,OL,exact_name,100
2019,82353,4363927,NEW MEXICO,167,Erin Austin,Erin Austin,ED,DL,exact_name,100
2019,82354,4374079,NEW MEXICO,167,Adebayo Soremekun,Adebayo Soremekun,ED,DL,exact_name,100
2019,82362,4361270,NWESTERN,77,Devin O'Rourke,Devin O'Rourke,ED,DL,exact_name,100
2019,82363,4569613,NWESTERN,77,Eku Leota,Eku Leota,ED,DL,exact_name+posgroup,98
2019,82364,4372755,NOTRE DAME,87,Justin Ademilola,Justin Ademilola,ED,DL,exact_name,100
2019,82365,4372754,NOTRE DAME,87,Jayson Ademilola,Jayson Ademilola,DI,DL,exact_name,100
2019,82366,4372766,NOTRE DAME,87,Ja'Mion Franklin,Ja'Mion Franklin,DI,DT,exact_name,100
2019,82367,4373824,OREGON,2483,Andrew Faoliu,Andrew Faoliu,DI,DL,exact_name,100
2019,82369,4373839,OREGON,2483,Sione Kava,Sione Kava,DI,DT,exact_name,100
2019,82371,4361494,PURDUE,2509,Jeff Marks,Jeff Marks,DI,DL,exact_name,100
2019,82372,4372499,PURDUE,2509,Branson Deen,Branson Deen,ED,DT,exact_name,100
2019,82374,4372506,PURDUE,2509,Lawrence Johnson,Lawrence Johnson,DI,DL,exact_name,100
2019,82375,4372508,PURDUE,2509,Jack Sullivan,Jack Sullivan,DI,DL,exact_name,100
2019,82379,4372474,RUTGERS,164,Robin Jutwreten,Robin Jutwreten,ED,DL,exact_name,100
2019,82380,4372463,RUTGERS,164,Jamree Kromah,Jamree Kromah,ED,DL,exact_name,100
2019,82382,4372470,RUTGERS,164,Matt Thomas,Matt Thomas,DI,DL,exact_name,100
2019,82384,4361507,S DIEGO ST,21,Jalil Lecky,Jalil Lecky,ED,DL,exact_name,100
2019,82385,4361508,S DIEGO ST,21,Keshawn Banks,Keshawn Banks,ED,DL,exact_name,100
2019,82386,4361509,S DIEGO ST,21,Daniel Okpoko,Daniel Okpoko,ED,DL,exact_name,100
2019,82387,4361510,S DIEGO ST,21,Cameron Thomas,Cameron Thomas,DI,DL,exact_name,100
2019,82388,4382318,S DIEGO ST,21,Sam Hines,Sam Hines,DI,DL,exact_name,100
2019,82390,4390292,S JOSE ST,23,E.J. Ane,E.J. Ane,ED,DL,exact_name,100
2019,82391,4374149,S JOSE ST,23,Cade Hall,Cade Hall,ED,DL,exact_name,100
2019,82392,4374159,S JOSE ST,23,Dimitri Sakalia,Dimitri Sakalia,ED,DL,exact_name,100
2019,82393,4374161,S JOSE ST,23,Demanuel Talauati,Demanuel Talauati,DI,DL,exact_name,100
2019,82422,4369853,TENNESSEE,2633,Kingston Harris,Kingston Harris,DI,OL,exact_name,100
2019,82424,4369855,TENNESSEE,2633,John Mincey,John Mincey,ED,DL,exact_name,100
2019,82425,4369862,TENNESSEE,2633,Kurott Garland,Kurott Garland,DI,DL,exact_name,100
2019,82426,4369857,TENNESSEE,2633,Greg Emerson,Greg Emerson,DI,DL,exact_name,100
2019,82429,4372518,TEXAS A&M,245,Bobby Brown III,Bobby Brown III,DI,DL,exact_name,100
2019,82431,4372523,TEXAS A&M,245,Jeremiah Martin,Jeremiah Martin,ED,DL,exact_name,100
2019,82432,4372533,TEXAS A&M,245,Tyree Wilson,Tyree Wilson,ED,LB,exact_name,100
2019,82434,4372545,TEXAS A&M,245,Max Wright,Max Wright,ED,TE,exact_name,100
2019,82436,4362701,TEXAS ST,326,Jake Lynch,Jake Lynch,DI,LB,exact_name,100
2019,82438,4362703,TEXAS ST,326,Dotson Schaefer,Dotson Schaefer,TE,DL,exact_name,100
2019,82439,4362704,TEXAS ST,326,Nico Ezidore,Nico Ezidore,DI,DL,exact_name,100
2019,82441,4363437,UAB,5,Fish McWilliams,Fish McWilliams,DI,DL,exact_name,100
2019,82443,4363439,UAB,5,Michael Fairbanks II,Michael Fairbanks II,DI,LB,exact_name,100
2019,82445,4367195,UCLA,26,Tyler Manoa,Tyler Manoa,DI,DL,exact_name,100
2019,82446,4367196,UCLA,26,Ethan Matus,Ethan Matus,DI,DL,exact_name,100
2019,82448,4367198,UCLA,26,Steven Mason,Steven Mason,DI,DL,exact_name,100
2019,82449,4367202,UCLA,26,Atonio Mafi,Atonio Mafi,DI,OL,exact_name,100
2019,82450,4367210,UCLA,26,Otito Ogbonnia,Otito Ogbonnia,DI,DL,exact_name,100
2019,82451,4374175,UNLV,2439,Tim Mosley,Tim Mosley,DI,DL,exact_name,100
2019,82453,4374176,UNLV,2439,Tavis Malakius,Tavis Malakius,DI,DL,exact_name,100
2019,82454,4374181,UNLV,2439,Dominion Ezinwa,Dominion Ezinwa,DI,DL,exact_name,100
2019,82455,3918467,UNLV,2439,Montrice Johns,Montrice Johns,DI,DL,exact_name,100
2019,82456,4374182,UNLV,2439,Chris Manoa,Chris Manoa,DI,DL,exact_name,100
2019,82457,4374317,USC,30,Trevor Trout,Trevor Trout,DI,DL,exact_name,100
2019,82458,4360861,USC,30,Caleb Tremblay,Caleb Tremblay,ED,DL,exact_name,100
2019,82459,4361023,UTAH,254,Fua Pututau,Fua Pututau,ED,DT,exact_name,100
2019,82464,4362800,VANDERBILT,238,Rutger Reitmaier,Rutger Reitmaier,ED,DL,exact_name,100
2019,82466,4361106,WASHINGTON,264,Draco Bynum,Draco Bynum,DI,DL,exact_name,100
2019,82467,4361113,WASHINGTON,264,Tuli Letuligasenoa,Tuli Letuligasenoa,DI,DL,exact_name,100
2019,82468,4361114,WASHINGTON,264,Taki Taimani,Taki Taimani,DI,DL,exact_name,100
2019,82480,4274138,PENN STATE,213,Dan Vasey,Dan Vasey,ED,DE,exact_name,100
2019,82482,4373684,BOISE ST,68,Scott Matlock,Scott Matlock,DI,DT,exact_name,100
2019,82488,4360484,IOWA,2294,Daviyon Nixon,Daviyon Nixon,DI,DT,exact_name,100
2019,82489,4365323,LA MONROE,2433,Dayonte Roberts,Dayonte Roberts,DI,DL,exact_name,100
2019,82491,4362641,LSU,99,Dare Rosenthal,Dare Rosenthal,T,OT,exact_name,100
2019,82494,4382475,MICH STATE,127,Jacob Slade,Jacob Slade,DI,DT,exact_name,100
2019,82495,4382481,MICH STATE,127,Dashaun Mallory,Dashaun Mallory,DI,DL,exact_name,100
2019,82496,4362880,OLE MISS,145,Hal Northern,Hal Northern,DI,DL,exact_name,100
2019,82497,4372430,OLE MISS,145,Quentin Bivens,Quentin Bivens,DI,DT,exact_name,100
2019,82501,4361366,OHIO STATE,194,Tommy Togiai,Tommy Togiai,DI,DT,exact_name,100
2019,82503,4360711,OREGON ST,204,Isaac Hodgins,Isaac Hodgins,DI,DL,exact_name,100
2019,82504,4361407,PENN STATE,213,Judge Culpepper,Judge Culpepper,DI,DT,exact_name,100
2019,82505,4361421,PENN STATE,213,PJ Mustipher,PJ Mustipher,DI,DT,exact_name,100
2019,82508,4362744,TROY,2653,Travis Sailo,Travis Sailo,DI,DT,exact_name,100
2019,82510,4362746,TROY,2653,AJ Pierce,AJ Pierce,DI,DT,exact_name,100
2019,82512,4361015,UTAH,254,Paul Maile,Paul Maile,G,OL,exact_name,100
2019,82513,4362047,UTEP,2638,Savien Jenkins,Savien Jenkins,DI,DT,exact_name,100
2019,82515,4362990,UTSA,2636,Brandon Matterson,Brandon Matterson,DI,DL,exact_name,100
2019,82516,4363000,UTSA,2636,Kevin Nelson,Kevin Nelson,DI,DL,exact_name,100
2019,82521,4360504,IOWA,2294,Turner Pallissard,Turner Pallissard,FB,FB,exact_name,100
2019,82523,4372070,MICHIGAN,130,Ben VanSumeren,Ben VanSumeren,HB,LB,exact_name,100
2019,82526,4372457,RUTGERS,164,Brandon Myers,Brandon Myers,TE,TE,exact_name,100
2019,82534,4372574,WISCONSIN,275,John Chenal,John Chenal,FB,FB,exact_name,100
2019,82535,4361351,OHIO STATE,194,Jaelen Gill,Jaelen Gill,WR,WR,exact_name,100
2019,82536,4360724,AIR FORCE,2005,Demonte Meeks,Demonte Meeks,LB,LB,exact_name,100
2019,82547,4379416,GEORGIA,61,Quay Walker,Quay Walker,LB,LB,exact_name,100
2019,82548,4379414,GEORGIA,61,Channing Tindall,Channing Tindall,LB,LB,exact_name,100
2019,82552,4361172,NEBRASKA,158,Will Honas,Will Honas,LB,LB,exact_name,100
2019,82554,4373819,OREGON,2483,MJ Cunningham,MJ Cunningham,LB,LB,exact_name,100
2019,82556,4360696,OREGON,2483,Nate Heaukulani,Nate Heaukulani,LB,LB,exact_name,100
2019,82557,4360740,STANFORD,24,Jacob Mangum-Farrar,Jacob Mangum-Farrar,LB,DL,exact_name,100
2019,82558,4360753,STANFORD,24,Ricky Miezan,Ricky Miezan,LB,LB,exact_name,100
2019,82559,4374297,USC,30,Palaie Gaoteote IV,Palaie Gaoteote IV,LB,LB,exact_name,100
2019,82560,4360858,USC,30,Raymond Scott,Raymond Scott,S,LB,exact_name,100
2019,82565,4372571,WISCONSIN,275,C.J. Goetz,C.J. Goetz,ED,LB,exact_name,100
2019,82566,4372576,WISCONSIN,275,Jack Sanborn,Jack Sanborn,LB,LB,exact_name,100
2019,82601,4372048,MARYLAND,120,Joseph Petrino,Joseph Petrino,K,PK,exact_name,100
2019,82636,4379396,GEORGIA,61,Jake Camarda,Jake Camarda,K,PK,exact_name,100
2019,82642,4361496,S DIEGO ST,21,Matt Araiza,Matt Araiza,K,PK,exact_name,100
2019,82644,4360722,AIR FORCE,2005,Parker Noren,Parker Noren,LB,LB,exact_name,100
2019,82646,4361090,ALABAMA,333,Ale Kaho,Ale Kaho,LB,LB,exact_name,100
2019,82647,4372026,ALABAMA,333,Cameron Latu,Cameron Latu,TE,TE,exact_name,100
2019,82648,4360114,ALABAMA,333,Jarez Parks,Jarez Parks,ED,LB,exact_name,100
2019,82649,4372025,ALABAMA,333,Jaylen Moody,Jaylen Moody,LB,LB,exact_name,100
2019,83018,4360859,USC,30,Justin Dedich,Justin Dedich,C,OL,exact_name,100
2019,83020,4372600,ARIZONA,12,McKenzie Barnes,McKenzie Barnes,CB,DB,exact_name,100
2019,83023,4360444,UTAH ST,328,Terin Adams,Terin Adams,CB,CB,exact_name,100
2019,83025,4373578,ARK STATE,2032,Jerry Jacobs,Jerry Jacobs,CB,DB,exact_name,100
2019,83027,4361228,ARK STATE,2032,Nathan Page,Nathan Page,CB,DB,exact_name,100
2019,83029,4373688,BOISE ST,68,Tyric LeBeauf,Tyric LeBeauf,CB,CB,exact_name,100
2019,83033,4361030,COAST CAR,324,Damari Kelly,Damari Kelly,CB,CB,exact_name,100
2019,83034,4361035,COAST CAR,324,Jordan Morris,Jordan Morris,CB,DB,exact_name,100
2019,83036,4360677,COLORADO,38,Mekhi Blackmon,Mekhi Blackmon,CB,DB,exact_name,100
2019,83042,4362607,KENTUCKY,96,Stanley Garner,Stanley Garner,CB,DB,exact_name,100
2019,83050,4365320,LA MONROE,2433,Jordan Oliver,Jordan Oliver,CB,CB,exact_name,100
2019,83052,4372120,LSU,99,Lloyd Cole,Lloyd Cole,CB,CB,exact_name,100
2019,83053,4382465,MICH STATE,127,Chris Jackson,Chris Jackson,CB,DB,exact_name,100
2019,83054,4382467,MICH STATE,127,Davion Williams,Davion Williams,CB,DB,exact_name,100
2019,83055,4360848,MICH STATE,127,Kalon Gervin,Kalon Gervin,CB,CB,exact_name,100
2019,83060,4374064,NEW MEXICO,167,Donte Martin,Donte Martin,CB,CB,exact_name,100
2019,83062,4361342,OHIO STATE,194,Sevyn Banks,Sevyn Banks,CB,CB,exact_name,100
2019,83063,4361343,OHIO STATE,194,Tyreke Johnson,Tyreke Johnson,CB,DB,exact_name,100
2019,83065,4380472,OHIO STATE,194,Lloyd McFarquhar,Lloyd McFarquhar,CB,CB,exact_name,100
2019,83066,4361584,DOMINION,295,Lance Boykin,Lance Boykin,CB,CB,exact_name,100
2019,83068,4360692,OREGON,2483,Verone McKinley III,Verone McKinley III,S,S,exact_name,100
2019,83071,4291686,OREGON,2483,Charles Sudduth,Charles Sudduth,CB,CB,exact_name,100
2019,83074,4374032,OREGON ST,204,Jaden Robinson,Jaden Robinson,CB,DB,exact_name,100
2019,83076,4361413,PENN STATE,213,Trent Gordon,Trent Gordon,CB,DB,exact_name,100
2019,83077,4379567,S DIEGO ST,21,Nolen Harris,Nolen Harris,CB,CB,exact_name,100
2019,83078,4361498,S DIEGO ST,21,Cedarious Barfield,Cedarious Barfield,CB,S,exact_name,100
2019,83083,4361544,S JOSE ST,23,Nehemiah Shelton,Nehemiah Shelton,CB,CB,exact_name,100
2019,83089,4360744,STANFORD,24,Donjae Logan,Donjae Logan,CB,DB,exact_name,100
2019,83090,4360745,STANFORD,24,Kendall Williamson,Kendall Williamson,S,S,exact_name,100
2019,83096,4362722,TROY,2653,Craig Slocum Jr.,Craig Slocum Jr.,S,S,exact_name,100
2019,83098,4363408,UAB,5,Starling Thomas V,Starling Thomas V,CB,CB,exact_name,100
2019,83100,4374299,USC,30,Olaijah Griffin,Olaijah Griffin,CB,CB,exact_name,100
2019,83101,4374301,USC,30,Isaac Taylor-Stuart,Isaac Taylor-Stuart,CB,CB,exact_name,100
2019,83102,4360854,USC,30,Chase Williams,Chase Williams,S,DB,exact_name,100
2019,83103,4374189,UTAH ST,328,Michael Anyanwu,Michael Anyanwu,CB,CB,exact_name,100
2019,83106,4362987,UTSA,2636,Corey Mayfield Jr.,Corey Mayfield Jr.,CB,CB,exact_name,100
2019,83110,4361555,WISCONSIN,275,Donte Burton,Donte Burton,CB,DB,exact_name,100
2019,83111,4372560,WISCONSIN,275,Rachad Wildgoose,Rachad Wildgoose,CB,CB,exact_name,100
2019,83112,4372562,WISCONSIN,275,Alexander Smith,Alexander Smith,CB,CB,exact_name,100
2019,83113,4372567,WISCONSIN,275,Travian Blaylock,Travian Blaylock,CB,S,exact_name,100
2019,83117,4360715,AIR FORCE,2005,Elisha Palm,Elisha Palm,CB,CB,exact_name,100
2019,83120,4372017,ALABAMA,333,Jalyn Armour-Davis,Jalyn Armour-Davis,CB,DB,exact_name,100
2019,83122,4372020,ALABAMA,333,Josh Jobe,Josh Jobe,CB,DB,exact_name,100
2019,83130,4360767,APP STATE,2026,Mike Price,Mike Price,CB,DB,exact_name,100
2019,83131,4360768,APP STATE,2026,Kaleb Dawson,Kaleb Dawson,S,DB,exact_name,100
2019,83138,4371992,ARKANSAS,8,LaDarrius Bishop,LaDarrius Bishop,CB,DB,exact_name,100
2019,83139,4360165,ARKANSAS,8,Simeon Blair,Simeon Blair,CB,DB,exact_name,100
2019,83143,4372003,ARKANSAS,8,Myles Mason,Myles Mason,S,DB,exact_name,100
2019,83147,4361215,ARK STATE,2032,Derrick Bean,Derrick Bean,LB,LB,exact_name,100
2019,83149,4361217,ARK STATE,2032,Antonio Fletcher,Antonio Fletcher,S,S,exact_name,100
2019,83152,4373583,MIAMI FL,2390,Ryan Ragone,Ryan Ragone,LB,LB,exact_name,100
2019,83161,4373728,ARMY,349,Akyah Miranda,Akyah Miranda,CB,DB,exact_name,100
2019,83164,4373738,ARMY,349,Malkelm Morrison,Malkelm Morrison,CB,LB,exact_name,100
2019,83166,4373740,ARMY,349,Caleb John,Caleb John,CB,CB,exact_name,100
2019,83170,4373748,ARMY,349,Cedrick Cunningham Jr.,Cedrick Cunningham,S,DB,exact_name,100
2019,83174,4361330,AUBURN,2,Christian Tutt,Christian Tutt,CB,DB,exact_name,100
2019,83175,4361331,AUBURN,2,Jamien Sherwood,Jamien Sherwood,S,DB,exact_name,100
2019,83176,4371973,AUBURN,2,Roger McCreary,Roger McCreary,CB,CB,exact_name,100
2019,83177,4361334,AUBURN,2,Smoke Monday,Smoke Monday,S,S,exact_name,100
2019,83192,4360643,COLORADO,38,Delrick Abrams Jr.,Delrick Abrams Jr.,CB,CB,exact_name,100
2019,83193,4360646,COLORADO,38,Aaron Maddox,Aaron Maddox,S,DB,exact_name,100
2019,83197,4360656,COLORADO,38,Dustin Johnson,Dustin Johnson,LB,S,exact_name,100
2019,83208,4360235,FLORIDA,57,Trey Dean III,Trey Dean III,CB,S,exact_name,100
2019,83217,4379397,GEORGIA,61,Tyson Campbell,Tyson Campbell,CB,DB,exact_name,100
2019,83218,4361779,GEORGIA,61,Divaad Wilson,Divaad Wilson,CB,DB,exact_name,100
2019,83219,4379411,GEORGIA,61,Otis Reese IV,Otis Reese,S,S,exact_name,100
2019,83221,4361782,GEORGIA,61,Hugh Nelson II,Hugh Nelson II,CB,DB,exact_name,100
2019,83234,4360376,ILLINOIS,356,Delano Ware,Delano Ware,S,S,exact_name,100
2019,83235,4360377,ILLINOIS,356,Nick Walker,Nick Walker,CB,DB,exact_name,100
2019,83239,4360383,ILLINOIS,356,Kerby Joseph,Kerby Joseph,S,DB,exact_name,100
2019,83241,4360386,ILLINOIS,356,Sydney Brown,Sydney Brown,S,DB,exact_name,100
2019,83243,4371949,INDIANA,84,Jamar Johnson,Jamar Johnson,CB,DB,exact_name,100
2019,83244,4371951,INDIANA,84,Noah Pierre,Noah Pierre,S,DB,exact_name,100
2019,83245,4382371,INDIANA,84,Joseph Daniels Jr.,Joseph Daniels,CB,DB,exact_name,100
2019,83246,4371954,INDIANA,84,Jaylin Williams,Jaylin Williams,CB,DB,exact_name,100
2019,83248,4371955,INDIANA,84,Devon Matthews,Devon Matthews,S,DB,exact_name,100
2019,83249,4371958,INDIANA,84,Jordan Jusevitch,Jordan Jusevitch,S,DB,exact_name,100
2019,83251,4360430,INDIANA,84,Jeremy Boyd,Jeremy Boyd,CB,DB,exact_name,100
2019,83252,4360431,INDIANA,84,Samuel Slusher,Samuel Slusher,CB,DB,exact_name,100
2019,83253,4360497,IOWA,2294,DJ Johnson,DJ Johnson,CB,CB,exact_name,100
2019,83254,4360490,IOWA,2294,Dallas Craddieth,Dallas Craddieth,S,DB,exact_name,100
2019,83255,4360508,IOWA,2294,Terry Roberts,Terry Roberts,CB,DB,exact_name,100
2019,83257,4360502,IOWA,2294,Kaevon Merriweather,Kaevon Merriweather,S,DB,exact_name,100
2019,83258,4266219,IOWA,2294,Jack Koerner,Jack Koerner,S,DB,exact_name,100
2019,83259,4382401,IOWA,2294,Riley Moss,Riley Moss,CB,DB,exact_name,100
2019,83269,4362604,KENTUCKY,96,Jamari Brown,Jamari Brown,CB,CB,exact_name,100
2019,83280,4365302,LA MONROE,2433,Dylan Claiborne,Dylan Claiborne,LB,S,exact_name,100
2019,83286,4374338,MARSHALL,276,Steven Gilmore,Steven Gilmore,CB,DB,exact_name,100
2019,83288,4360633,MARYLAND,120,Vincent Flythe,Vincent Flythe,CB,DB,exact_name,100
2019,83292,4360699,GA TECH,59,Myles Sims,Myles Sims,CB,DB,exact_name,100
2019,83293,4372064,MICHIGAN,130,Gemon Green,Gemon Green,CB,DB,exact_name,100
2019,83295,4372069,MICHIGAN,130,Sammy Faustin,Sammy Faustin,S,DB,exact_name,100
2019,83297,4372074,MICHIGAN,130,Vincent Gray,Vincent Gray,CB,DB,exact_name,100
2019,83302,4360935,MINNESOTA,135,Terell Smith,Terell Smith,CB,DB,exact_name,100
2019,83304,4360944,MINNESOTA,135,Benny Sapp III,Benny Sapp III,S,DB,exact_name,100
2019,83305,4360949,MINNESOTA,135,Jordan Howden,Jordan Howden,S,DB,exact_name,100
2019,83307,4360942,MINNESOTA,135,Josh Aune,Josh Aune,LB,LB,exact_name,100
2019,83309,4259905,OLE MISS,145,Kam White,Kam White,S,DB,exact_name,100
2019,83310,4372418,OLE MISS,145,Keidron Smith,Keidron Smith,CB,DB,exact_name,100
2019,83311,4372420,OLE MISS,145,Jakorey Hawkins,Jakorey Hawkins,CB,CB,exact_name,100
2019,83314,4362750,MISSOURI,142,Jarvis Ware,Jarvis Ware,CB,DB,exact_name,100
2019,83315,4362756,MISSOURI,142,Chris Mills,Chris Mills,S,CB,exact_name,100
2019,83319,4361165,NEBRASKA,158,Braxton Clark,Braxton Clark,CB,CB,exact_name,100
2019,83325,4361194,NEBRASKA,158,Isaiah Stalbird,Isaiah Stalbird,CB,S,exact_name,100
2019,83327,4361201,NEBRASKA,158,Deontai Williams,Deontai Williams,S,S,exact_name,100
2019,83328,4361445,NEVADA,2440,Jordan Lee,Jordan Lee,CB,DB,exact_name,100
2019,83329,4361431,NEVADA,2440,Jaden Dedman,Jaden Dedman,CB,DB,exact_name,100
2019,83331,4361437,NEVADA,2440,Emany Johnson,Emany Johnson,CB,DB,exact_name,100
2019,83333,4361439,NEVADA,2440,JoJo Claiborne,JoJo Claiborne,S,DB,exact_name,100
2019,83341,4361266,NWESTERN,77,Greg Newsome II,Greg Newsome II,CB,DB,exact_name,100
2019,83342,4361322,NOTRE DAME,87,Houston Griffith,Houston Griffith,S,S,exact_name,100
2019,83344,4372761,NOTRE DAME,87,TaRiq Bracy,TaRiq Bracy,CB,CB,exact_name,100
2019,83345,4372762,NOTRE DAME,87,DJ Brown,DJ Brown,S,S,exact_name,100
2019,83346,4372773,NOTRE DAME,87,Paul Moala,Paul Moala,LB,LB,exact_name,100
2019,83349,4374037,OREGON ST,204,Kitan Oladapo,Kitan Oladapo,LB,DB,exact_name,100
2019,83350,4372486,PURDUE,2509,Jordan Rucker,Jordan Rucker,CB,DB,exact_name,100
2019,83351,4372487,PURDUE,2509,Kadin Smith,Kadin Smith,S,DB,exact_name,100
2019,83353,4372492,PURDUE,2509,Cory Trice Jr.,Cory Trice,CB,CB,exact_name,100
2019,83359,4361521,RUTGERS,164,Kessawn Abraham,Kessawn Abraham,CB,DB,exact_name,100
2019,83360,4372459,RUTGERS,164,Christian Izien,Christian Izien,S,DB,exact_name,100
2019,83363,4372464,RUTGERS,164,Jarrett Paul,Jarrett Paul,CB,CB,exact_name,100
2019,83364,4372456,RUTGERS,164,Avery Young,Avery Young,CB,DB,exact_name,100
2019,83392,4369838,TENNESSEE,2633,Bryce Thompson,Bryce Thompson,CB,DB,exact_name,100
2019,83393,4369842,TENNESSEE,2633,Trevon Flowers,Trevon Flowers,S,DB,exact_name,100
2019,83394,4369843,TENNESSEE,2633,Brandon Davis,Brandon Davis,CB,DB,exact_name,100
2019,83396,4369849,TENNESSEE,2633,Kenneth George Jr.,Kenneth George Jr.,CB,DB,exact_name,100
2019,83399,4372527,HOUSTON,248,Jordan Moore,Jordan Moore,S,DB,exact_name,100
2019,83401,4362663,TEXAS ST,326,Alvin Pacheco,Alvin Pacheco,S,DB,exact_name,100
2019,83402,4362672,TEXAS ST,326,Jarron Morris,Jarron Morris,CB,DB,exact_name,100
2019,83413,4363417,UAB,5,Jaylen Key,Jaylen Key,S,DB,exact_name,100
2019,83416,4367176,UCLA,26,Rayshad Williams,Rayshad Williams,CB,DB,exact_name,100
2019,83417,4367177,UCLA,26,Stephan Blaylock,Stephan Blaylock,S,DB,exact_name,100
2019,83418,4367181,UCLA,26,Alex Johnson,Alex Johnson,S,DB,exact_name,100
2019,83419,4367185,UCLA,26,Kenny Churchwell III,Kenny Churchwell III,S,DB,exact_name,100
2019,83421,4367190,UCLA,26,Elisha Guidry,Elisha Guidry,S,DB,exact_name,100
2019,83425,4361567,UNLV,2439,Myles Plummer,Myles Plummer,CB,DB,exact_name,100
2019,83428,4374170,UNLV,2439,Bryce Jackson,Bryce Jackson,S,DB,exact_name,100
2019,83429,4361004,UTAH,254,Vonte Davis,Vonte Davis,S,S,exact_name,100
2019,83431,4361011,UTAH,254,R.J. Hubert,R.J. Hubert,S,S,exact_name,100
2019,83432,4243255,UTAH,254,Tareke Lewis,Tareke Lewis,CB,DB,exact_name,100
2019,83433,4361018,UTAH,254,Malone Mataele,Malone Mataele,CB,CB,exact_name,100
2019,83438,4362032,UTEP,2638,Tyson Wilson,Tyson Wilson,S,S,exact_name,100
2019,83440,4362036,UTEP,2638,Ray Walters,Ray Walters,CB,DB,exact_name,100
2019,83441,4362037,UTEP,2638,Justin Prince,Justin Prince,S,DB,exact_name,100
2019,83442,4362038,UTEP,2638,Josh Caldwell,Josh Caldwell,CB,DB,exact_name,100
2019,83443,4362046,UTEP,2638,Nathan Logoleo,Nathan Logoleo,ED,DL,exact_name,100
2019,83446,4362791,VANDERBILT,238,Brendon Harris,Brendon Harris,S,S,exact_name,100
2019,83447,4362808,VANDERBILT,238,Maxwell Worship,Maxwell Worship,S,S,exact_name,100
2019,83448,4362786,VANDERBILT,238,BJ Anderson,BJ Anderson,CB,CB,exact_name,100
2019,83450,4362793,VANDERBILT,238,Dashaun Jerkins,Dashaun Jerkins,S,S,exact_name,100
2019,83451,4361093,WASHINGTON,264,Kyler Gordon,Kyler Gordon,CB,DB,exact_name,100
2019,83452,4361094,WASHINGTON,264,Dominique Hampton,Dominique Hampton,CB,CB,exact_name,100
2019,83455,3912580,WASHINGTON,264,Dustin Bush,Dustin Bush,CB,DB,exact_name,100
2019,83469,4369835,TENNESSEE,2633,Alontae Taylor,Alontae Taylor,CB,DB,exact_name,100
2019,83473,4360464,ARIZONA ST,9,Michael Matus,Michael Matus,ED,DE,exact_name,100
2019,83474,4361224,ARK STATE,2032,Noel Iwuchukwu,Noel Iwuchukwu,ED,DE,exact_name,100
2019,83476,4373669,BOISE ST,68,Demitri Washington,Demitri Washington,ED,DE,exact_name,100
2019,83477,4373670,BOISE ST,68,Dylan Herberg,Dylan Herberg,ED,DE,exact_name,100
2019,83484,4361063,COAST CAR,324,Rolan Wooden II,Rolan Wooden II,ED,DT,exact_name,100
2019,83496,4372111,KENTUCKY,96,Shawn Lawson,Shawn Lawson,CB,LB,exact_name,100
2019,83499,4365318,LA MONROE,2433,Brandon Nettles,Brandon Nettles,ED,DE,exact_name,100
2019,83500,4365303,LA MONROE,2433,Myles Cole,Myles Cole,ED,LB,exact_name,100
2019,83501,4362640,LSU,99,Travez Moore,Travez Moore,ED,DL,exact_name,100
2019,83503,4382482,MICH STATE,127,Parks Gissinger,Parks Gissinger,TE,TE,exact_name,100
2019,83504,4372419,OLE MISS,145,Tariqious Tisdale,Tariqious Tisdale,DI,DL,exact_name,100
2019,83510,4361452,NEVADA,2440,Zak Mahannah,Zak Mahannah,DI,DT,exact_name,100
2019,83512,4361464,NEVADA,2440,Kaleb Meder,Kaleb Meder,ED,DE,exact_name,100
2019,83513,4361340,OHIO STATE,194,Tyreke Smith,Tyreke Smith,ED,DE,exact_name,100
2019,83514,4361357,OHIO STATE,194,Javontae Jean-Baptiste,Javontae Jean-Baptiste,ED,DL,exact_name,100
2019,83515,4360846,MICH STATE,127,Theo Day,Theo Day,QB,QB,exact_name,100
2019,83517,4362874,OLE MISS,145,Matt Corral,Matt Corral,QB,QB,exact_name,100
2019,83522,4361182,NEBRASKA,158,Adrian Martinez,Adrian Martinez,QB,QB,exact_name,100
2019,83524,4361435,NEVADA,2440,Carson Strong,Carson Strong,QB,QB,exact_name,100
2019,83532,4361260,NWESTERN,77,Jason Whittaker,Jason Whittaker,QB,TE,exact_name,100
2019,83533,4372768,NOTRE DAME,87,Phil Jurkovec,Phil Jurkovec,QB,QB,exact_name,100
2019,83535,4374379,DOMINION,295,Jonah Fitzgerald,Jonah Fitzgerald,QB,QB,exact_name,100
2019,83536,4361603,DOMINION,295,Isaiah Spencer,Isaiah Spencer,TE,TE,exact_name,100
2019,83537,4360689,OREGON,2483,Tyler Shough,Tyler Shough,QB,QB,exact_name,100
2019,83540,4360705,OREGON ST,204,Jack Colletto,Jack Colletto,LB,LB,exact_name,100
2019,83542,4361418,PENN STATE,213,Will Levis,Will Levis,QB,QB,exact_name,100
2019,83543,4361493,PURDUE,2509,Jack Plummer,Jack Plummer,QB,QB,exact_name,100
2019,83547,4361530,RUTGERS,164,Artur Sitkowski,Artur Sitkowski,QB,QB,exact_name,100
2019,83548,4361497,S DIEGO ST,21,Carson Baker,Carson Baker,QB,QB,exact_name,100
2019,83558,4360738,STANFORD,24,Jack West,Jack West,QB,QB,exact_name,100
2019,83563,4372517,TEXAS A&M,245,James Foster,James Foster,QB,QB,exact_name,100
2019,83566,4362667,TEXAS ST,326,Tyler Vitt,Tyler Vitt,QB,QB,exact_name,100
2019,83570,4362723,TROY,2653,Gunnar Watson,Gunnar Watson,QB,QB,exact_name,100
2019,83571,4363410,UAB,5,Dylan Hopkins,Dylan Hopkins,QB,QB,exact_name,100
2019,83574,4367178,UCLA,26,Dorian Thompson-Robinson,Dorian Thompson-Robinson,QB,QB,exact_name,100
2019,83575,4367179,UCLA,26,Josiah Norwood,Josiah Norwood,WR,WR,exact_name,100
2019,83576,4361566,UNLV,2439,Kenyon Oblad,Kenyon Oblad,QB,QB,exact_name,100
2019,83578,4374303,USC,30,JT Daniels,JT Daniels,QB,QB,exact_name,100
2019,83580,4361025,INDIANA,84,Jack Tuttle,Jack Tuttle,QB,QB,exact_name,100
2019,83581,4361607,UTAH ST,328,Andrew Peasley,Andrew Peasley,QB,QB,exact_name,100
2019,83583,4362030,UTEP,2638,Brandon Jones,Brandon Jones,QB,QB,exact_name,100
2019,83584,4362033,UTEP,2638,Calvin Brownholtz,Calvin Brownholtz,WR,QB,exact_name,100
2019,83585,4362982,UTSA,2636,Jordan Weeks,Jordan Weeks,QB,QB,exact_name,100
2019,83586,4362984,UTSA,2636,Cordale Grundy,Cordale Grundy,QB,QB,exact_name,100
2019,83588,4362807,VANDERBILT,238,Allan Walters,Allan Walters,QB,QB,exact_name,100
2019,83590,4361091,WASHINGTON,264,Jacob Sirmon,Jacob Sirmon,QB,QB,exact_name,100
2019,83597,4360716,AIR FORCE,2005,Joshua Stoner,Joshua Stoner,FB,RB,exact_name,100
2019,83598,4360719,AIR FORCE,2005,Kadin Remsberg,Kadin Remsberg,TE,RB,exact_name,100
2019,83599,4382333,AIR FORCE,2005,Ben Peterson,Ben Peterson,TE,WR,exact_name,100
2019,83601,4372019,ALABAMA,333,Jerome Ford,Jerome Ford,HB,RB,exact_name,100
2019,83603,4360118,ALABAMA,333,De'Marquise Lockridge,De'Marquise Lockridge,HB,RB,exact_name,100
2019,83607,4360765,APP STATE,2026,Camerun Peoples,Camerun Peoples,HB,RB,exact_name,100
2019,83608,4373564,APP STATE,2026,Nakendrick Clark,Nakendrick Clark,HB,RB,exact_name,100
2019,83610,4372602,ARIZONA,12,Nazar Bombata,Nazar Bombata,HB,RB,exact_name,100
2019,83611,4360446,ARIZONA ST,9,A.J. Carter,A.J. Carter,HB,RB,exact_name,100
2019,83612,4360447,ARIZONA ST,9,Isaiah Floyd,Isaiah Floyd,HB,RB,exact_name,100
2019,83618,4361227,ARK STATE,2032,Marcel Murray,Marcel Murray,HB,RB,exact_name,100
2019,83619,4361231,ARK STATE,2032,Reed Tyler,Reed Tyler,TE,TE,exact_name,100
2019,83625,4373741,ARMY,349,Cade Barnard,Cade Barnard,HB,RB,exact_name,100
2019,83626,4373743,ARMY,349,Brandon Walters,Brandon Walters,TE,RB,exact_name,100
2019,83627,4373744,ARMY,349,A.J. Howard,A.J. Howard,TE,RB,exact_name,100
2019,83632,4373767,ARMY,349,Kaelin Byrd,Kaelin Byrd,HB,RB,exact_name,100
2019,83634,4371977,AUBURN,2,Shaun Shivers,Shaun Shivers,HB,RB,exact_name,100
2019,83635,4371980,AUBURN,2,Harold Joiner III,Harold Joiner III,HB,LB,exact_name,100
2019,83636,4373661,BOISE ST,68,Andrew Van Buren,Andrew Van Buren,HB,RB,exact_name,100
2019,83638,4373668,BOISE ST,68,Danny Smith,Danny Smith,HB,RB,exact_name,100
2019,83655,4360652,COLORADO,38,Deion Smith,Deion Smith,HB,RB,exact_name,100
2019,83658,4360236,FLORIDA,57,Iverson Clement,Iverson Clement,HB,CB,exact_name,100
2019,83659,4360238,FLORIDA,57,Dameon Pierce,Dameon Pierce,HB,RB,exact_name,100
2019,83665,4361777,GEORGIA,61,Zamir White,Zamir White,HB,RB,exact_name,100
2019,83666,4379399,GEORGIA,61,James Cook,James Cook,WR,RB,exact_name,100
2019,83678,4360370,ILLINOIS,356,Jakari Norwood,Jakari Norwood,HB,RB,exact_name,100
2019,83679,4360379,ILLINOIS,356,Kenyon Sims,Kenyon Sims,HB,RB,exact_name,100
2019,83681,4360425,INDIANA,84,Ronnie Walker Jr.,Ronnie Walker Jr.,HB,RB,exact_name,100
2019,83683,4360429,INDIANA,84,Ahrod Lloyd,Ahrod Lloyd,HB,RB,exact_name,100
2019,83684,4379504,IOWA,2294,Mekhi Sargent,Mekhi Sargent,HB,RB,exact_name,100
2019,83688,4362614,KENTUCKY,96,Tyler Markray,Tyler Markray,HB,RB,exact_name,100
2019,83689,4362619,KENTUCKY,96,Chris Rodriguez Jr.,Chris Rodriguez Jr.,HB,RB,exact_name,100
2019,83691,4362620,KENTUCKY,96,Kavosiey Smoke,Kavosiey Smoke,HB,RB,exact_name,100
2019,83695,4365322,LA MONROE,2433,Isaiah Phillips,Isaiah Phillips,HB,RB,exact_name,100
2019,83696,4362632,LSU,99,Chris Curry,Chris Curry,HB,RB,exact_name,100
2019,83699,4370345,MARSHALL,276,Sheldon Evans,Sheldon Evans,HB,RB,exact_name,100
2019,83701,4372071,MICHIGAN,130,Hassan Haskins,Hassan Haskins,HB,RB,exact_name,100
2019,83703,4372073,MICHIGAN,130,Christian Turner,Christian Turner,HB,RB,exact_name,100
2019,83704,4382468,MICH STATE,127,La'Darius Jefferson,La'Darius Jefferson,HB,RB,exact_name,100
2019,83705,4382470,MICH STATE,127,Elijah Collins,Elijah Collins,HB,RB,exact_name,100
2019,83706,4360851,MICH STATE,127,Alante Thomas,Alante Thomas,HB,RB,exact_name,100
2019,83708,4360943,MINNESOTA,135,Bryce Williams,Bryce Williams,HB,RB,exact_name,100
2019,83709,4360951,MINNESOTA,135,Preston Jelen,Preston Jelen,HB,RB,exact_name,100
2019,83710,4372412,OLE MISS,145,Tylan Knight,Tylan Knight,WR,S,exact_name,100
2019,83711,4362878,OLE MISS,145,Scottie Phillips,Scottie Phillips,HB,RB,exact_name,100
2019,83714,4362748,MISSOURI,142,Tyler Badie,Tyler Badie,HB,RB,exact_name,100
2019,83715,4362757,MISSOURI,142,Simi Bakare,Simi Bakare,HB,RB,exact_name,100
2019,83717,4361160,NEBRASKA,158,Brody Belt,Brody Belt,HB,WR,exact_name,100
2019,83718,4361177,NEBRASKA,158,Miles Jones,Miles Jones,WR,WR,exact_name,100
2019,83720,4361198,NEBRASKA,158,Maurice Washington,Maurice Washington,HB,RB,exact_name,100
2019,83721,4361430,NEVADA,2440,Devonte Lee,Devonte Lee,HB,RB,exact_name,100
2019,83722,4361444,NEVADA,2440,Toa Taua,Toa Taua,HB,RB,exact_name,100
2019,83724,4361448,NEVADA,2440,Daniel Grzesiak,Daniel Grzesiak,TE,LB,exact_name,100
2019,83726,4374068,NEW MEXICO,167,Lawrence Johnson,Lawrence Johnson,HB,RB,exact_name,100
2019,83727,4363923,NEW MEXICO,167,Ahmari Davis,Ahmari Davis,HB,RB,exact_name,100
2019,83729,4361263,NWESTERN,77,Drake Anderson,Drake Anderson,HB,RB,exact_name,100
2019,83730,4372765,NOTRE DAME,87,C'Bo Flemister,C'Bo Flemister,HB,RB,exact_name,100
2019,83731,4361327,NOTRE DAME,87,Jahmir Smith,Jahmir Smith,HB,RB,exact_name,100
2019,83733,4361358,OHIO STATE,194,Amari McMahon,Amari McMahon,HB,RB,exact_name,100
2019,83736,4361587,DOMINION,295,Elijah Davis,Elijah Davis,HB,RB,exact_name,100
2019,83738,4360691,OREGON,2483,Travis Dye,Travis Dye,HB,RB,exact_name,100
2019,83740,4374033,OREGON ST,204,Jermar Jefferson,Jermar Jefferson,HB,RB,exact_name,100
2019,83742,4361427,PENN STATE,213,Ricky Slade,Ricky Slade,HB,RB,exact_name,100
2019,83743,4372491,PURDUE,2509,Alfred Armour,Alfred Armour,FB,RB,exact_name,100
2019,83748,4374141,S DIEGO ST,21,Jordan Byrd,Jordan Byrd,HB,RB,exact_name,100
2019,83749,4361502,S DIEGO ST,21,Zidane Thomas,Zidane Thomas,HB,RB,exact_name,100
2019,83763,4360742,STANFORD,24,Jay Symonds,Jay Symonds,TE,FB,exact_name,100
2019,83769,4369844,TENNESSEE,2633,Jeremy Banks,Jeremy Banks,LB,LB,exact_name,100
2019,83771,4369846,TENNESSEE,2633,Tanner Dobrucky,Tanner Dobrucky,WR,WR,exact_name,100
2019,83773,4372519,TEXAS A&M,245,Jashaun Corbin,Jashaun Corbin,HB,RB,exact_name,100
2019,83776,4361538,TEXAS A&M,245,Marquez Johnson,Marquez Johnson,CB,DB,exact_name,100
2019,83777,4374003,TEXAS ST,326,Cade Powell,Cade Powell,WR,RB,exact_name,100
2019,83781,4362728,TROY,2653,Trevon Woolfolk,Trevon Woolfolk,HB,RB,exact_name,100
2019,83782,4367180,UCLA,26,Kazmeir Allen,Kazmeir Allen,HB,WR,exact_name,100
2019,83784,4367187,UCLA,26,Martell Irby,Martell Irby,HB,DB,exact_name,100
2019,83785,4374172,UNLV,2439,Chad Magyar,Chad Magyar,HB,RB,exact_name,100
2019,83786,4374306,USC,30,Markese Stepp,Markese Stepp,HB,RB,exact_name,100
2019,83788,4361001,UTAH,254,Devin Brumfield,Devin Brumfield,HB,RB,exact_name,100
2019,83794,4362040,UTEP,2638,Reynaldo Flores,Reynaldo Flores,HB,RB,exact_name,100
2019,83795,4362985,UTSA,2636,Brenden Brady,Brenden Brady,HB,RB,exact_name,100
2019,83796,4362986,UTSA,2636,Deven Boston,Deven Boston,HB,RB,exact_name,100
2019,83797,4362796,VANDERBILT,238,Ja'Veon Marlow,Ja'Veon Marlow,HB,RB,exact_name,100
2019,83798,4372554,VANDERBILT,238,Mitchell Pryor,Mitchell Pryor,HB,RB,exact_name,100
2019,83799,4361095,WASHINGTON,264,Richard Newton,Richard Newton,HB,RB,exact_name,100
2019,83801,3941601,WASHINGTON,264,Malik Braxton,Malik Braxton,HB,RB,exact_name,100
2019,83806,4372561,WISCONSIN,275,Isaac Guerendo,Isaac Guerendo,WR,RB,exact_name,100
2019,83807,4372568,WISCONSIN,275,Nakia Watson,Nakia Watson,HB,RB,exact_name,100
2019,83810,4360649,COLORADO,38,Dimitri Stanley,Dimitri Stanley,WR,WR,exact_name,100
2019,83811,4360239,FLORIDA,57,Amari Burney,Amari Burney,LB,LB,exact_name,100
2019,83815,4360252,FLORIDA,57,Jaylin Jackson,Jaylin Jackson,WR,WR,exact_name,100
2019,83816,4360254,FLORIDA,57,Umstead Sanders,Umstead Sanders,DI,LB,exact_name,100
2019,83821,4372046,MARYLAND,120,Fa'Najae Gotay,Fa'Najae Gotay,LB,LB,exact_name,100
2019,83822,4372062,MICHIGAN,130,Michael Barrett,Michael Barrett,LB,LB,exact_name,100
2019,83824,4361346,OHIO STATE,194,Alex Williams,Alex Williams,ED,DL,exact_name,100
2019,83825,4373812,OREGON,2483,Bryan Addison,Bryan Addison,WR,DB,exact_name,100
2019,83826,4374171,UNLV,2439,Austin Ajiake,Austin Ajiake,LB,LB,exact_name,100
2019,83827,4372595,ARIZONA,12,Christian Young,Christian Young,S,S,exact_name,100
2019,83828,-1001291,ARIZONA,12,Day Day Coleman,Day Day Coleman,LB,LB,exact_name,100
2019,83830,4360441,ARIZONA ST,9,Cam Phillips,Cam Phillips,S,DB,exact_name,100
2019,83831,4360442,ARIZONA ST,9,Aashari Crosswell,Aashari Crosswell,S,S,exact_name,100
2019,83832,4360451,ARIZONA ST,9,Ely Doyle,Ely Doyle,LB,DB,exact_name,100
2019,83845,4365309,LA MONROE,2433,Tyler Glass,Tyler Glass,S,S,exact_name,100
2019,83846,4365312,LA MONROE,2433,Jabari Johnson,Jabari Johnson,S,DB,exact_name,100
2019,83855,4382464,MICH STATE,127,Michael Dowell,Michael Dowell,LB,DB,exact_name,100
2019,83861,4374063,NEW MEXICO,167,Patrick Peek,Patrick Peek,S,S,exact_name,100
2019,83864,4361344,OHIO STATE,194,Josh Proctor,Josh Proctor,S,S,exact_name,100
2019,83865,4361352,OHIO STATE,194,Marcus Hooker,Marcus Hooker,S,DB,exact_name,100
2019,83866,4361355,OHIO STATE,194,Owen Fankhauser,Owen Fankhauser,S,S,exact_name,100
2019,83867,4361586,DOMINION,295,Damion Charity,Damion Charity,S,DB,exact_name,100
2019,83871,4361599,DOMINION,295,Justinn Richardson,Justinn Richardson,S,S,exact_name,100
2019,83873,4373809,OREGON,2483,Jevon Holland,Jevon Holland,CB,S,exact_name,100
2019,83879,4361500,S DIEGO ST,21,Rashad Scott,Rashad Scott,S,S,exact_name,100
2019,83880,4361501,S DIEGO ST,21,Allan Mwata,Allan Mwata,S,S,exact_name,100
2019,83886,4374153,S JOSE ST,23,Tre Jenkins,Tre Jenkins,S,S,exact_name,100
2019,83898,4362720,TROY,2653,Collin Willis,Collin Willis,S,S,exact_name,100
2019,83899,4362721,TROY,2653,Jaquez Dunmore,Jaquez Dunmore,S,S,exact_name,100
2019,83901,4362726,TROY,2653,TJ Harris,TJ Harris,CB,S,exact_name,100
2019,83902,4241741,TROY,2653,Micah Murphy,Micah Murphy,S,S,exact_name,100
2019,83903,4360853,USC,30,Talanoa Hufanga,Talanoa Hufanga,S,S,exact_name,100
2019,83904,4374305,USC,30,Jordan McMillan,Jordan McMillan,S,S,exact_name,100
2019,83908,4363006,UTSA,2636,Kelechi Nwachuku,Kelechi Nwachuku,S,S,exact_name,100
2019,83915,4361558,WISCONSIN,275,Reggie Pearson Jr.,Reggie Pearson,S,DB,exact_name,100
2019,83916,4372565,WISCONSIN,275,John Torchio,John Torchio,S,S,exact_name,100
2019,83918,4361279,NWESTERN,77,Charlie Mangieri,Charlie Mangieri,TE,TE,exact_name,100
2019,83921,4360731,AIR FORCE,2005,Rhett Harms,Rhett Harms,TE,TE,exact_name,100
2019,83922,4382334,AIR FORCE,2005,Luke Miller,Luke Miller,TE,TE,exact_name,100
2019,83923,4372034,ALABAMA,333,Michael Parker,Michael Parker,TE,TE,exact_name,100
2019,83927,4373566,APP STATE,2026,Miller Gibbs,Miller Gibbs,TE,TE,exact_name,100
2019,83928,4360792,APP STATE,2026,Mike Evans,Mike Evans,TE,TE,exact_name,100
2019,83929,4360793,APP STATE,2026,Trey Ross,Trey Ross,TE,TE,exact_name,100
2019,83930,4360794,APP STATE,2026,Henry Pearson,Henry Pearson,TE,TE,exact_name,100
2019,83931,4372613,ARIZONA,12,Jake Peters,Jake Peters,TE,TE,exact_name,100
2019,83932,4372614,ARIZONA,12,Zach Williams,Zach Williams,TE,TE,exact_name,100
2019,83935,4360170,ARKANSAS,8,Trey Purifoy,Trey Purifoy,TE,TE,exact_name,100
2019,83940,4373764,ARMY,349,Chris Cameron,Chris Cameron,TE,TE,exact_name,100
2019,83942,4373664,BOISE ST,68,Cole Ramseyer,Cole Ramseyer,TE,TE,exact_name,100
2019,83943,4373674,BOISE ST,68,Kaden DeLuna,Kaden DeLuna,TE,TE,exact_name,100
2019,83944,4373687,BOISE ST,68,Tyneil Hopper,Tyneil Hopper,TE,TE,exact_name,100
2019,83955,4361050,COAST CAR,324,Isaiah Likely,Isaiah Likely,TE,TE,exact_name,100
2019,83959,4360671,COLORADO,38,Darrion Jones,Darrion Jones,TE,TE,exact_name,100
2019,83962,4360231,FLORIDA,57,Lucas Krull,Lucas Krull,TE,TE,exact_name,100
2019,83963,4360247,FLORIDA,57,Dante Zanders,Dante Zanders,TE,TE,exact_name,100
2019,83964,4360248,FLORIDA,57,Kyle Pitts,Kyle Pitts,TE,TE,exact_name,100
2019,83970,4373915,FRESNO ST,278,Jared Torres,Jared Torres,TE,TE,exact_name,100
2019,83971,4361783,GEORGIA,61,Mitchell Werntz,Mitchell Werntz,TE,TE,exact_name,100
2019,83972,4379407,GEORGIA,61,Peyton Mercer,Peyton Mercer,TE,TE,exact_name,100
2019,83974,4379401,GEORGIA,61,John FitzPatrick,John FitzPatrick,TE,TE,exact_name,100
2019,83982,4360400,ILLINOIS,356,Daniel Barker,Daniel Barker,HB,TE,exact_name,100
2019,83983,-1013782,INDIANA,84,Turon Ivy Jr.,Turon Ivy Jr.,TE,TE,exact_name,100
2019,83984,4371970,INDIANA,84,Matt Bjorson,Matt Bjorson,TE,TE,exact_name,100
2019,84000,4360635,MARYLAND,120,Chigoziem Okonkwo,Chigoziem Okonkwo,TE,TE,exact_name,100
2019,84003,4372091,MICHIGAN,130,Ryan Hayes,Ryan Hayes,T,OL,exact_name,100
2019,84004,4372095,MICHIGAN,130,Mustapha Muhammad,Mustapha Muhammad,TE,TE,exact_name,100
2019,84005,4372096,MICHIGAN,130,Luke Schoonmaker,Luke Schoonmaker,TE,TE,exact_name,100
2019,84006,4360967,MINNESOTA,135,Brevyn Spann-Ford,Brevyn Spann-Ford,TE,TE,exact_name,100
2019,84012,4362770,MISSOURI,142,Messiah Swinson,Messiah Swinson,TE,TE,exact_name,100
2019,84013,4381247,MISSOURI,142,Zac Schachtner,Zac Schachtner,TE,TE,exact_name,100
2019,84017,4361434,NEVADA,2440,Crishaun Lappin,Crishaun Lappin,TE,DT,exact_name,100
2019,84025,4372780,NOTRE DAME,87,Tommy Tremble,Tommy Tremble,TE,TE,exact_name,100
2019,84026,4361325,NOTRE DAME,87,Xavier Lezynski,Xavier Lezynski,FB,TE,exact_name,100
2019,84027,4361328,NOTRE DAME,87,George Takacs,George Takacs,TE,TE,exact_name,100
2019,84029,4361372,OHIO STATE,194,Jeremy Ruckert,Jeremy Ruckert,TE,TE,exact_name,100
2019,84030,4361583,DOMINION,295,Donta Anthony Jr.,Donta Anthony Jr.,TE,TE,exact_name,100
2019,84031,4361588,DOMINION,295,James Fagan,James Fagan,T,OL,exact_name,100
2019,84033,4373813,OREGON,2483,Spencer Webb,Spencer Webb,TE,TE,exact_name,100
2019,84035,4360706,OREGON ST,204,Isaiah Smalls,Isaiah Smalls,TE,TE,exact_name,100
2019,84036,4374045,OREGON ST,204,Teagan Quitoriano,Teagan Quitoriano,TE,TE,exact_name,100
2019,84037,4372505,PURDUE,2509,Payne Durham,Payne Durham,TE,TE,exact_name,100
2019,84038,4372467,RUTGERS,164,Jonathan Pimentel,Jonathan Pimentel,TE,LB,exact_name,100
2019,84039,4372460,RUTGERS,164,Daevon Robinson,Daevon Robinson,WR,WR,exact_name,100
2019,84041,4361516,S DIEGO ST,21,Daniel Bellinger,Daniel Bellinger,TE,TE,exact_name,100
2019,84052,4360752,STANFORD,24,TaeVeon Le,TaeVeon Le,TE,TE,exact_name,100
2019,84056,4369840,TENNESSEE,2633,Dominick Wood-Anderson,Dominick Wood-Anderson,TE,TE,exact_name,100
2019,84057,4369864,TENNESSEE,2633,Jacob Warren,Jacob Warren,TE,TE,exact_name,100
2019,84059,4372543,TEXAS A&M,245,Glenn Beal,Glenn Beal,TE,TE,exact_name,100
2019,84061,4362696,TEXAS ST,326,Seth Caillouet,Seth Caillouet,TE,TE,exact_name,100
2019,84063,4362738,TROY,2653,AJ Lewis,AJ Lewis,FB,TE,exact_name,100
2019,84064,4362743,TROY,2653,Trey Coryell,Trey Coryell,TE,TE,exact_name,100
2019,84065,4374361,UAB,5,Gerrit Prince,Gerrit Prince,TE,TE,exact_name,100
2019,84066,4367207,RUTGERS,164,Matt Alaimo,Matt Alaimo,TE,TE,exact_name,100
2019,84067,4367208,UCLA,26,David Priebe,David Priebe,TE,TE,exact_name,100
2019,84068,4367209,UCLA,26,Greg Dulcich,Greg Dulcich,WR,TE,exact_name,100
2019,84069,4374184,UNLV,2439,Shelton Zeon III,Shelton Zeon III,TE,TE,exact_name,100
2019,84070,4361008,UTAH,254,Cole Fotheringham,Cole Fotheringham,TE,TE,exact_name,100
2019,84071,4361014,UTAH,254,Brant Kuithe,Brant Kuithe,TE,TE,exact_name,100
2019,84072,4361027,UTAH,254,Thomas Yassmin,Thomas Yassmin,TE,TE,exact_name,100
2019,84074,4362052,UTEP,2638,Trent Thompson,Trent Thompson,TE,TE,exact_name,100
2019,84076,4363003,UTSA,2636,Gavin Sharp,Gavin Sharp,TE,TE,exact_name,100
2019,84077,4362802,VANDERBILT,238,Gavin Schoenwald,Gavin Schoenwald,TE,TE,exact_name,100
2019,84078,4362788,VANDERBILT,238,Ben Bresnahan,Ben Bresnahan,TE,TE,exact_name,100
2019,84079,4361100,WASHINGTON,264,Jack Westover,Jack Westover,TE,TE,exact_name,100
2019,84080,4361112,WASHINGTON,264,Devin Culp,Devin Culp,TE,TE,exact_name,100
2019,84082,4372572,WISCONSIN,275,Jack Eschenbach,Jack Eschenbach,TE,TE,exact_name,100
2019,84083,4372582,WISCONSIN,275,Cormac Sampson,Cormac Sampson,TE,OL,exact_name,100
2019,84084,4361417,PENN STATE,213,Zack Kuntz,Zack Kuntz,TE,TE,exact_name,100
2019,84085,4361411,PENN STATE,213,Pat Freiermuth,Pat Freiermuth,TE,TE,exact_name,100
2019,84087,4372015,ALABAMA,333,Xavier Williams,Xavier Williams,WR,WR,exact_name,100
2019,84088,4372016,ALABAMA,333,Jaylen Waddle,Jaylen Waddle,WR,WR,exact_name,100
2019,84089,4360115,ALABAMA,333,Slade Bolden,Slade Bolden,WR,WR,exact_name,100
2019,84092,4372023,TROY,2653,Dalton Adkison,Dalton Adkison,WR,WR,exact_name,100
2019,84093,4360125,ALABAMA,333,John Parker,John Parker,WR,WR,exact_name,100
2019,84103,4372604,ARIZONA,12,Terrence Johnson,Terrence Johnson,WR,WR,exact_name,100
2019,84107,4372618,ARIZONA,12,Tre Adams,Tre Adams,WR,WR,exact_name,100
2019,84109,4360438,ARIZONA ST,9,Brandon Aiyuk,Brandon Aiyuk,WR,WR,exact_name,100
2019,84110,4372647,ARIZONA ST,9,Keith Davis,Keith Davis,WR,WR,exact_name,100
2019,84112,4360462,ARIZONA ST,9,Geordon Porter,Geordon Porter,WR,WR,exact_name,100
2019,84128,4373731,ARMY,349,Michael Roberts,Michael Roberts,WR,WR,exact_name,100
2019,84130,4373751,ARMY,349,Sean Eckert,Sean Eckert,WR,WR,exact_name,100
2019,84132,4373795,ARMY,349,Kevin Hamilton,Kevin Hamilton,WR,WR,exact_name,100
2019,84134,4373797,ARMY,349,Jalen Moy,Jalen Moy,WR,WR,exact_name,100
2019,84135,4371986,AUBURN,2,Anthony Schwartz,Anthony Schwartz,WR,WR,exact_name,100
2019,84136,4361332,AUBURN,2,Shedrick Jackson,Shedrick Jackson,WR,WR,exact_name,100
2019,84137,4371974,AUBURN,2,Seth Williams,Seth Williams,WR,WR,exact_name,100
2019,84138,4371975,AUBURN,2,Matthew Hill,Matthew Hill,WR,S,exact_name,100
2019,84140,4373678,BOISE ST,68,Khalil Shakir,Khalil Shakir,WR,WR,exact_name,100
2019,84141,4373680,BOISE ST,68,Maclaine Griffin,Maclaine Griffin,WR,WR,exact_name,100
2019,84142,4373673,BOISE ST,68,John Hightower,John Hightower,WR,WR,exact_name,100
2019,84143,4373686,BOISE ST,68,Stefan Cobbs,Stefan Cobbs,WR,WR,exact_name,100
2019,84144,4373662,BOISE ST,68,Billy Bowens,Billy Bowens,WR,WR,exact_name,100
2019,84159,4361029,COAST CAR,324,Jaivon Heiligh,Jaivon Heiligh,WR,WR,exact_name,100
2019,84160,4361039,COAST CAR,324,Jai Williams,Jai Williams,WR,WR,exact_name,100
2019,84165,4360644,COLORADO,38,Daniel Arias,Daniel Arias,WR,WR,exact_name,100
2019,84176,4360233,FLORIDA,57,Jacob Copeland,Jacob Copeland,WR,WR,exact_name,100
2019,84185,4373894,FRESNO ST,278,Emoryie Edwards,Emoryie Edwards,WR,WR,exact_name,100
2019,84187,4361319,FRESNO ST,278,Erik Brooks,Erik Brooks,WR,WR,exact_name,100
2019,84188,4361778,GEORGIA,61,Kearis Jackson,Kearis Jackson,WR,WR,exact_name,100
2019,84189,4379395,GEORGIA,61,Tommy Bush,Tommy Bush,WR,WR,exact_name,100
2019,84191,4379405,GEORGIA,61,Jaylen Johnson,Jaylen Johnson,WR,WR,exact_name,100
2019,84214,4371941,ILLINOIS,356,Dominic Stampley,Dominic Stampley,WR,WR,exact_name,100
2019,84215,4360373,ILLINOIS,356,Carlos Sandy,Carlos Sandy,WR,WR,exact_name,100
2019,84218,4360399,ILLINOIS,356,Jordan Holmes,Jordan Holmes,WR,WR,exact_name,100
2019,84220,4249535,ILLINOIS,356,Donny Navarro III,Donny Navarro III,WR,WR,exact_name,100
2019,84221,4371952,INDIANA,84,Luke Shayotovich,Luke Shayotovich,WR,WR,exact_name,100
2019,84224,4371968,INDIANA,84,Miles Marshall,Miles Marshall,WR,WR,exact_name,100
2019,84226,-1014224,IOWA,2294,Tyrone Tracy,"Tyrone Tracy, Jr.",WR,WR,exact_name+posgroup,98
2019,84232,4360486,IOWA,2294,Nico Ragaini,Nico Ragaini,WR,WR,exact_name,100
2019,84243,4372103,KENTUCKY,96,Zac Berezowitz,Zac Berezowitz,CB,DB,exact_name,100
2019,84246,4372107,KENTUCKY,96,Darren Edmond,Darren Edmond,HB,WR,exact_name,100
2019,84247,4362609,KENTUCKY,96,Akeem Hayes,Akeem Hayes,WR,WR,exact_name,100
2019,84248,4362617,KENTUCKY,96,Bryce Oliver,Bryce Oliver,WR,WR,exact_name,100
2019,84249,3935018,KENTUCKY,96,Ahmad Wagner,Ahmad Wagner,WR,WR,exact_name,100
2019,84267,4365311,LA MONROE,2433,Malik Jackson,Malik Jackson,WR,RB,exact_name,100
2019,84268,4365319,LA MONROE,2433,Josh Newton,Josh Newton,CB,CB,exact_name,100
2019,84269,4365298,LA MONROE,2433,Jahquan Bloomfield,Jahquan Bloomfield,WR,WR,exact_name,100
2019,84270,4362628,LSU,99,Ja'Marr Chase,Ja'Marr Chase,WR,WR,exact_name,100
2019,84271,4362630,LSU,99,Terrace Marshall Jr.,Terrace Marshall Jr.,WR,WR,exact_name,100
2019,84273,4362649,LSU,99,Kenan Jones,Kenan Jones,S,S,exact_name,100
2019,84274,4362650,LSU,99,Jaray Jenkins,Jaray Jenkins,WR,WR,exact_name,100
2019,84275,4380520,LSU,99,Michael Martin,Michael Martin,HB,WR,exact_name,100
2019,84277,4259673,LSU,99,Colby Brunet,Colby Brunet,WR,WR,exact_name,100
2019,84280,4370360,MARSHALL,276,Naquan Renalds,Naquan Renalds,S,S,exact_name,100
2019,84282,4370353,MARSHALL,276,Talik Keaton,Talik Keaton,WR,WR,exact_name,100
2019,84285,4372041,MARYLAND,120,Brian Cobbs,Brian Cobbs,WR,WR,exact_name,100
2019,84286,4372045,MARYLAND,120,Darryl Jones,Darryl Jones,WR,WR,exact_name,100
2019,84287,4372047,MARYLAND,120,Justin Brown,Justin Brown,WR,TE,exact_name,100
2019,84288,4372063,MICHIGAN,130,Ronnie Bell,Ronnie Bell,WR,WR,exact_name,100
2019,84292,4382466,MICH STATE,127,Jalen Nailor,Jalen Nailor,WR,WR,exact_name,100
2019,84294,4360845,MICH STATE,127,Javez Alexander,Javez Alexander,WR,WR,exact_name,100
2019,84296,4360939,MINNESOTA,135,Rashod Bateman,Rashod Bateman,WR,WR,exact_name,100
2019,84300,4362876,OLE MISS,145,Demarcus Gregory,Demarcus Gregory,WR,WR,exact_name,100
2019,84301,4372413,OLE MISS,145,Miles Battle,Miles Battle,WR,CB,exact_name,100
2019,84302,4372414,OLE MISS,145,Elijah Moore,Elijah Moore,WR,WR,exact_name,100
2019,84303,4381281,OLE MISS,145,Nevin Wells,Nevin Wells,WR,WR,exact_name,100
2019,84306,4259923,OLE MISS,145,Drake Beck,Drake Beck,WR,WR,exact_name,100
2019,84307,4362877,OLE MISS,145,Jacob Carter,Jacob Carter,WR,WR,exact_name,100
2019,84314,4362751,MISSOURI,142,Jalen Knox,Jalen Knox,WR,WR,exact_name,100
2019,84315,4362749,MISSOURI,142,Kam Scott,Kam Scott,WR,WR,exact_name,100
2019,84316,4362753,MISSOURI,142,Dominic Gicinto,Dominic Gicinto,WR,WR,exact_name,100
2019,84318,4381248,MISSOURI,142,Tauskie Dove,Tauskie Dove,WR,WR,exact_name,100
2019,84319,4381249,MISSOURI,142,Cade Musser,Cade Musser,WR,WR,exact_name,100
2019,84321,4361168,NEBRASKA,158,Bennett Folkers,Bennett Folkers,WR,WR,exact_name,100
2019,84327,4361202,NEBRASKA,158,Mike Williams,Mike Williams,WR,WR,exact_name,100
2019,84328,4361203,NEBRASKA,158,Jaron Woodyard,Jaron Woodyard,WR,WR,exact_name,100
2019,84329,4361432,NEVADA,2440,Romeo Doubs,Romeo Doubs,WR,WR,exact_name,100
2019,84330,4361438,NEVADA,2440,Cole Turner,Cole Turner,WR,TE,exact_name,100
2019,84331,4361460,NEVADA,2440,Ben Putman,Ben Putman,WR,WR,exact_name,100
2019,84332,4374065,NEW MEXICO,167,Cedric Patterson III,Cedric Patterson III,WR,WR,exact_name,100
2019,84341,4361262,NWESTERN,77,JJ Jefferson,JJ Jefferson,WR,WR,exact_name,100
2019,84343,4361278,NWESTERN,77,Raymond Niro III,Raymond Niro III,HB,WR,exact_name,100
2019,84346,4372769,NOTRE DAME,87,Lawrence Keys III,Lawrence Keys III,WR,WR,exact_name,100
2019,84347,4372782,NOTRE DAME,87,Joe Wilkins Jr.,Joe Wilkins Jr.,WR,WR,exact_name,100
2019,84348,4372770,NOTRE DAME,87,Braden Lenzy,Braden Lenzy,WR,WR,exact_name,100
2019,84349,4372756,NOTRE DAME,87,Leo Albano,Leo Albano,WR,RB,exact_name,100
2019,84350,4372776,NOTRE DAME,87,Matt Salerno,Matt Salerno,WR,WR,exact_name,100
2019,84351,4372772,NOTRE DAME,87,Greg Mailey,Greg Mailey,WR,WR,exact_name,100
2019,84352,4361323,NOTRE DAME,87,Micah Jones,Micah Jones,WR,WR,exact_name,100
2019,84353,4361345,OHIO STATE,194,Cameron Brown,Cameron Brown,CB,CB,exact_name,100
2019,84355,4361370,OHIO STATE,194,Chris Olave,Chris Olave,WR,WR,exact_name,100
2019,84358,4361589,DOMINION,295,Nigel Fitzgerald,Nigel Fitzgerald,WR,WR,exact_name,100
2019,84359,4361593,DOMINION,295,Cornell Hendrick Jr.,Cornell Hendrick Jr.,WR,WR,exact_name,100
2019,84361,4361598,DOMINION,295,Aaron Moore,Aaron Moore,WR,WR,exact_name,100
2019,84362,4361601,DOMINION,295,Darius Savedge,Darius Savedge,WR,WR,exact_name,100
2019,84363,4361604,DOMINION,295,Blake Watson,Blake Watson,HB,RB,exact_name,100
2019,84365,4373834,OREGON,2483,Tevin Jeannis,Tevin Jeannis,WR,WR,exact_name,100
2019,84371,4374030,OREGON ST,204,Jesiah Irish,Jesiah Irish,WR,WR,exact_name,100
2019,84372,4360707,OREGON ST,204,I'Shawn Stewart,I'Shawn Stewart,WR,WR,exact_name,100
2019,84375,4361409,PENN STATE,213,Jahan Dotson,Jahan Dotson,WR,WR,exact_name,100
2019,84376,4361426,PENN STATE,213,Justin Shorter,Justin Shorter,WR,WR,exact_name,100
2019,84378,4361412,PENN STATE,213,Daniel George,Daniel George,WR,WR,exact_name,100
2019,84380,4361492,PURDUE,2509,Amad Anderson Jr.,Amad Anderson Jr.,WR,WR,exact_name,100
2019,84381,4372488,PURDUE,2509,Kory Taylor,Kory Taylor,WR,WR,exact_name,100
2019,84382,4372490,PURDUE,2509,Jordan Bonner,Jordan Bonner,WR,WR,exact_name,100
2019,84390,4361527,RUTGERS,164,Eddie Lewis,Eddie Lewis,WR,WR,exact_name,100
2019,84391,4372472,RUTGERS,164,Paul Woods,Paul Woods,WR,WR,exact_name,100
2019,84394,4361504,S DIEGO ST,21,BJ Busbee,BJ Busbee,WR,WR,exact_name,100
2019,84395,4379569,S DIEGO ST,21,Jesse Matthews,Jesse Matthews,WR,WR,exact_name,100
2019,84396,4361514,S DIEGO ST,21,TJ Sullivan,TJ Sullivan,WR,WR,exact_name,100
2019,84397,4361518,S DIEGO ST,21,Kobe Smith,Kobe Smith,WR,WR,exact_name,100
2019,84399,4361520,S DIEGO ST,21,Elijah Kothe,Elijah Kothe,WR,WR,exact_name,100
2019,84400,4374145,S JOSE ST,23,Jermaine Braddock,Jermaine Braddock,WR,WR,exact_name,100
2019,84401,4374150,S JOSE ST,23,Isaiah Hamilton,Isaiah Hamilton,WR,WR,exact_name,100
2019,84423,4360761,STANFORD,24,Michael Wilson,Michael Wilson,WR,WR,exact_name,100
2019,84424,4360739,STANFORD,24,Simi Fehoko,Simi Fehoko,WR,WR,exact_name,100
2019,84425,4360763,STANFORD,24,Brycen Tremayne,Brycen Tremayne,WR,WR,exact_name,100
2019,84432,4270055,TENNESSEE,2633,Grant Frerking,Grant Frerking,WR,WR,exact_name,100
2019,84434,4369863,TENNESSEE,2633,Cedric Tillman,Cedric Tillman,WR,WR,exact_name,100
2019,84435,4372522,TEXAS A&M,245,Jalen Preston,Jalen Preston,WR,WR,exact_name,100
2019,84440,4361548,TEXAS A&M,245,Hunter Smith,Hunter Smith,WR,WR,exact_name,100
2019,84441,4372541,TEXAS A&M,245,Caleb Chapman,Caleb Chapman,WR,WR,exact_name,100
2019,84444,4362668,TEXAS ST,326,Javen Banks,Javen Banks,WR,WR,exact_name,100
2019,84446,4362671,TEXAS ST,326,Blake Aragon,Blake Aragon,TE,WR,exact_name,100
2019,84448,4362673,TEXAS ST,326,Jacoby Hopkins,Jacoby Hopkins,WR,WR,exact_name,100
2019,84450,4362699,TEXAS ST,326,Lester James,Lester James,WR,WR,exact_name,100
2019,84455,4362741,TROY,2653,Demontrez Brown,Demontrez Brown,WR,WR,exact_name,100
2019,84456,4362742,TROY,2653,Timmie Gibson,Timmie Gibson,WR,WR,exact_name,100
2019,84458,4363413,UAB,5,Kendall Parham,Kendall Parham,WR,WR,exact_name,100
2019,84462,4034606,UAB,5,TD Marshall,TD Marshall,CB,CB,exact_name+posgroup,98
2019,84463,4367175,UCLA,26,Kyle Philips,Kyle Philips,WR,WR,exact_name,100
2019,84464,4367182,UCLA,26,Michael Ezeike,Michael Ezeike,WR,TE,exact_name,100
2019,84465,4367186,UCLA,26,Chase Cota,Chase Cota,WR,WR,exact_name,100
2019,84466,4367189,UCLA,26,Delon Hurt,Delon Hurt,WR,WR,exact_name,100
2019,84467,4374169,UNLV,2439,Tyleek Collins,Tyleek Collins,WR,WR,exact_name,100
2019,84468,4374180,UNLV,2439,Patrick Ballard,Patrick Ballard,WR,WR,exact_name,100
2019,84469,4374298,USC,30,Devon Williams,Devon Williams,WR,WR,exact_name,100
2019,84470,4374302,USC,30,Amon-Ra St. Brown,Amon-Ra St. Brown,WR,WR,exact_name,100
2019,84471,4374304,USC,30,Zach Wilson,Zach Wilson,WR,WR,exact_name,100
2019,84473,4361006,UTAH,254,Solomon Enis,Solomon Enis,WR,WR,exact_name,100
2019,84476,4361016,UTAH ST,328,Siaosi Mariner,Siaosi Mariner,WR,WR,exact_name,100
2019,84477,4361021,UTAH,254,Terrell Perriman,Terrell Perriman,WR,WR,exact_name,100
2019,84478,4243264,UTAH,254,Derrick Vickers,Derrick Vickers,WR,WR,exact_name,100
2019,84480,4374187,UTAH ST,328,Deven Thompkins,Deven Thompkins,WR,WR,exact_name,100
2019,84481,4374200,UTAH ST,328,Tim Patrick Jr.,Tim Patrick Jr.,WR,WR,exact_name,100
2019,84482,4374201,UTAH ST,328,Sam Lockett III,Sam Lockett III,S,DB,exact_name,100
2019,84486,4362034,UTEP,2638,Justin Garrett,Justin Garrett,WR,WR,exact_name,100
2019,84492,4363005,UTSA,2636,Sheldon Jones,Sheldon Jones,WR,WR,exact_name,100
2019,84493,4362983,UTSA,2636,Tykee Ogle-Kellogg,Tykee Ogle-Kellogg,WR,WR,exact_name,100
2019,84497,4362794,VANDERBILT,238,Cam Johnson,Cam Johnson,WR,WR,exact_name,100
2019,84498,4362787,VANDERBILT,238,CJ Bolar,CJ Bolar,WR,WR,exact_name,100
2019,84499,4362785,VANDERBILT,238,Amir Abdur-Rahman,Amir Abdur-Rahman,WR,WR,exact_name,100
2019,84500,4361089,WASHINGTON,264,Marquis Spiker,Marquis Spiker,WR,WR,exact_name,100
2019,84502,4361092,WASHINGTON,264,Austin Osborne,Austin Osborne,WR,WR,exact_name,100
2019,84516,4361556,WISCONSIN,275,Aron Cruickshank,Aron Cruickshank,WR,WR,exact_name,100
2019,84518,4372569,WISCONSIN,275,Brady Schipper,Brady Schipper,HB,RB,exact_name,100
2019,84522,4373692,CHARLOTTE,2429,Dylan Ratliff,Dylan Ratliff,QB,QB,exact_name,100
2019,84523,4373693,CHARLOTTE,2429,Jonathan Cruz,Jonathan Cruz,K,PK,exact_name,100
2019,84525,4373695,CHARLOTTE,2429,Justin Jeffery,Justin Jeffery,WR,WR,exact_name,100
2019,84526,4373696,CHARLOTTE,2429,Luke Martin,Luke Martin,LB,LB,exact_name,100
2019,84527,4373697,CHARLOTTE,2429,Lance McMillan,Lance McMillan,CB,DB,exact_name,100
2019,84528,4360520,CHARLOTTE,2429,DJ Anderson,DJ Anderson,CB,DB,exact_name,100
2019,84530,4373698,CHARLOTTE,2429,Matt Martinez,Matt Martinez,S,DB,exact_name,100
2019,84533,4373702,CHARLOTTE,2429,Jonnie Pitman,Jonnie Pitman,CB,DB,exact_name,100
2019,84535,4373704,CHARLOTTE,2429,Terrick Smalls Jr.,Terrick Smalls Jr.,HB,RB,exact_name,100
2019,84537,4373706,CHARLOTTE,2429,Markees Watts,Markees Watts,ED,DE,exact_name,100
2019,84538,4373707,CHARLOTTE,2429,Dillon Overholt,Dillon Overholt,LB,DB,exact_name,100
2019,84540,4373709,CHARLOTTE,2429,B.J. Turner,B.J. Turner,LB,LB,exact_name,100
2019,84541,4373710,CHARLOTTE,2429,Bryan Wallace,Bryan Wallace,DI,DL,exact_name,100
2019,84545,4373713,CHARLOTTE,2429,Dejan Rasuo,Dejan Rasuo,C,OL,exact_name,100
2019,84546,4373714,CHARLOTTE,2429,Gage Welborn,Gage Welborn,C,OL,exact_name,100
2019,84547,4360525,CHARLOTTE,2429,Dominic Taylor,Dominic Taylor,G,OL,exact_name,100
2019,84548,4360526,CHARLOTTE,2429,Malik Harkness,Malik Harkness,T,OL,exact_name,100
2019,84550,4360527,CHARLOTTE,2429,Chris Wiggins,Chris Wiggins,WR,WR,exact_name,100
2019,84551,4360528,CHARLOTTE,2429,Moss Saccomanno,Moss Saccomanno,TE,TE,exact_name,100
2019,84552,4373716,CHARLOTTE,2429,Jacob Hunt,Jacob Hunt,TE,TE,exact_name,100
2019,84554,4360529,CHARLOTTE,2429,Emmanuel White,Emmanuel White,ED,DE,exact_name,100
2019,84555,4373718,CHARLOTTE,2429,Isaiah Belk,Isaiah Belk,DI,DL,exact_name,100
2019,84557,4373719,CHARLOTTE,2429,Taylor Chandler,Taylor Chandler,ED,DE,exact_name,100
2019,84560,4384395,LA MONROE,2433,Jared Porter,Jared Porter,P,P,exact_name,100
2019,86008,4428072,HAWAII,62,Darius Muasau,Darius Muasau,LB,LB,exact_name,100
2019,86082,4426352,WASHINGTON,264,Jacob Bandes,Jacob Bandes,DI,DL,exact_name,100
2019,86272,4427238,UCF,2116,Dillon Gabriel,Dillon Gabriel,QB,QB,exact_name,100
2019,86519,4426502,USC,30,Drake London,Drake London,WR,WR,exact_name,100
2019,86860,4386344,ARK STATE,2032,TW Ayers,TW Ayers,FB,DE,exact_name,100
2019,86866,4398978,NEW MEXICO,167,Javon Mosley,Javon Mosley,T,OL,exact_name,100
2019,87535,4365811,NEVADA,2440,Hamish McClure,Hamish McClure,QB,QB,exact_name,100
2019,88315,4385438,OHIO STATE,194,Sam Wiglusz,Sam Wiglusz,WR,WR,exact_name,100
2019,88352,3912950,MARYLAND,120,Kareem Montgomery,Kareem Montgomery,CB,DB,exact_name,100
2019,88760,4390717,LA MONROE,2433,Josh Johnson,Josh Johnson,HB,RB,exact_name,100
2019,89110,4389973,ARK STATE,2032,Jeffmario Brown,Jeffmario Brown,ED,LB,exact_name,100
2019,90269,4372050,RUTGERS,164,Nihym Anderson,Nihym Anderson,ED,LB,exact_name,100
2019,90737,4383715,MIAMI OH,193,Luke Sheppard,Luke Sheppard,LB,DB,exact_name,100
2019,90863,4382578,E CAROLINA,151,Tyler Snead,Tyler Snead,WR,WR,exact_name,100
2019,90864,4393304,CLEMSON,228,Marquis Sease,Marquis Sease,G,OL,exact_name,100
2019,90866,4249919,CLEMSON,228,Patrick McClure,Patrick McClure,QB,QB,exact_name,100
2019,90868,4402090,OREGON ST,204,Riley Sharp,Riley Sharp,ED,TE,exact_name,100
2019,90870,4370820,VIRGINIA,258,Joseph White,Joseph White,S,DB,exact_name,100
2019,90947,4391129,HAWAII,62,Andrew Choi,Andrew Choi,ED,DL,exact_name,100
2019,90952,4404565,AIR FORCE,2005,Vince Sanford,Vince Sanford,CB,LB,exact_name,100
2019,91013,4570303,TOLEDO,2649,Michael Lacey,Michael Lacey,LB,S,exact_name,100
2019,91020,4370813,VIRGINIA,258,Wayne Taulapapa,Wayne Taulapapa,HB,RB,exact_name,100
2019,91070,4406943,WYOMING,2751,Brett Brenton,Brett Brenton,HB,RB,exact_name,100
2019,91786,4030676,SMU,2567,Tommy McIntyre,Tommy McIntyre,TE,TE,exact_name,100
2019,91855,4273153,TEMPLE,218,Cole Lerch,Cole Lerch,LS,LS,exact_name,100
2019,94854,4381558,GEORGIA,61,Jordan Davis,Jordan Davis,DI,DL,exact_name,100
2019,97061,4575558,FRESNO ST,278,Josh Kelly,Josh Kelly,WR,WR,exact_name,100
2019,97063,4427688,KANSAS,2305,Valerian Agbaw,Valerian Agbaw,CB,DB,exact_name,100
2019,97065,4570090,NEW MEXICO,167,Chad Alexander,Chad Alexander,HB,RB,exact_name,100
2019,97068,4575508,MIDDLE TN,2393,DJ England-Chisolm,DJ England-Chisolm,WR,WR,exact_name,100
2019,97069,4568406,TEXAS ST,326,Calvin Hill,Calvin Hill,HB,RB,exact_name,100
2019,97072,4428538,UAB,5,Tyetus Smith-Lindsey,Tyetus Smith-Lindsey,HB,RB,exact_name,100
2019,97075,4570420,BOWL GREEN,189,Jake Rogers,Jake Rogers,WR,WR,exact_name,100
2019,97078,4429684,OREGON ST,204,Anthony Gould,Anthony Gould,WR,WR,exact_name,100
2019,97079,4428612,COAST CAR,324,Aaron Bedgood,Aaron Bedgood,WR,WR,exact_name,100
2019,97084,4570130,UAB,5,Jermaine Brown Jr.,Jermaine Brown Jr.,HB,RB,exact_name,100
2019,97089,4430402,BUFFALO,2084,Larry Robbins,Larry Robbins,CB,CB,exact_name,100
2019,97095,4429562,CHARLOTTE,2429,Micaleous Elder,Micaleous Elder,WR,WR,exact_name,100
2019,97097,4567095,ALABAMA,333,Keilan Robinson,Keilan Robinson,HB,RB,exact_name,100
2019,97099,4429976,TOLEDO,2649,Micah Kelly,Micah Kelly,HB,RB,exact_name,100
2019,97100,4427590,TEXAS ST,326,Dylan Jantz,Dylan Jantz,WR,WR,exact_name,100
2019,97101,4427835,TULSA,202,Chris Lovick,Chris Lovick,HB,RB,exact_name,100
2019,97102,4430175,ARIZONA,12,Jaden Mitchell,Jaden Mitchell,WR,WR,exact_name,100
2019,97105,4569001,UCONN,41,Cam Ross,Cam Ross,WR,WR,exact_name,100
2019,97108,4569603,NWESTERN,77,Malik Washington,Malik Washington,WR,WR,exact_name,100
2019,97110,4427251,KANSAS,2305,Velton Gardner,Velton Gardner,HB,RB,exact_name,100
2019,97111,4428844,LA MONROE,2433,Chandler Whitfield,Chandler Whitfield,WR,WR,exact_name,100
2019,97118,4430737,NOTRE DAME,87,Kyren Williams,Kyren Williams,HB,RB,exact_name,100
2019,97119,4430104,UTSA,2636,Sincere McCormick,Sincere McCormick,HB,RB,exact_name,100
2019,97125,4428606,TOLEDO,2649,Jacquez Stuart,Jacquez Stuart,HB,RB,exact_name,100
2019,97131,4567470,E CAROLINA,151,Jsi Hatfield,Jsi Hatfield,WR,WR,exact_name,100
2019,97138,4570453,FRESNO ST,278,Randy Jordan,Randy Jordan,CB,DB,exact_name,100
2019,97144,4567456,E CAROLINA,151,Malik Fleming,Malik Fleming,CB,DB,exact_name,100
2019,97148,4569911,WYOMING,2751,Allen Smith,Allen Smith,ED,DB,exact_name,100
2019,97150,4570305,TOLEDO,2649,Evan Davis,Evan Davis,K,PK,exact_name,100
2019,97156,4569371,ILLINOIS,356,Isaiah Williams,Isaiah Williams,QB,WR,exact_name,100
2019,97158,4429910,ARK STATE,2032,Samy Johnson,Samy Johnson,HB,CB,exact_name,100
2019,97160,4427203,OKLA STATE,197,Deondrick Glass,Deondrick Glass,HB,RB,exact_name,100
2019,97161,4574732,RUTGERS,164,Aaron Young,Aaron Young,HB,RB,exact_name,100
2019,97163,4426330,OLE MISS,145,Jerrion Ealy,Jerrion Ealy,HB,RB,exact_name,100
2019,97164,4426800,GA TECH,59,Ahmarean Brown,Ahmarean Brown,WR,WR,exact_name,100
2019,97175,4427227,TEXAS ST,326,Kenny Frazier,Kenny Frazier,WR,WR,exact_name,100
2019,97178,4427037,APP STATE,2026,Dashaun Davis,Dashaun Davis,WR,WR,exact_name,100
2019,97180,4428414,MICHIGAN,130,Mike Sainristil,Mike Sainristil,WR,DB,exact_name,100
2019,97183,4569330,STANFORD,24,Austin Jones,Austin Jones,HB,RB,exact_name,100
2019,97184,4426619,KENT STATE,2309,Joachim Bangda,Joachim Bangda,HB,RB,exact_name,100
2019,97185,4426658,PENN STATE,213,Noah Cain,Noah Cain,HB,RB,exact_name,100
2019,97186,4427217,TCU,2628,Daimarqua Foster,Daimarqua Foster,HB,RB,exact_name,100
2019,97188,4428938,COLO STATE,36,Dante Wright,Dante Wright,WR,WR,exact_name,100
2019,97192,4429527,PURDUE,2509,King Doerue,King Doerue,HB,RB,exact_name,100
2019,97193,4429987,RICE,242,Jawan King,Jawan King,HB,RB,exact_name,100
2019,97195,4428557,TULANE,2655,Tyjae Spears,Tyjae Spears,HB,RB,exact_name,100
2019,97196,4571875,BAYLOR,239,Qualan Jones,Qualan Jones,HB,RB,exact_name,100
2019,97197,4430714,COAST CAR,324,Reese White,Reese White,HB,RB,exact_name,100
2019,97198,4426576,WYOMING,2751,Alphonzo Andrews Jr.,Alphonzo Andrews Jr.,HB,RB,exact_name,100
2019,97200,4426689,SMU,2567,Ulysses Bentley IV,Ulysses Bentley IV,HB,RB,exact_name,100
2019,97201,4569024,COLO STATE,36,Jaylen Thomas,Jaylen Thomas,HB,RB,exact_name,100
2019,97202,4427535,COLO STATE,36,Christian Hunter,Christian Hunter,HB,RB,exact_name,100
2019,97211,4574722,RUTGERS,164,Christian Dremel,Christian Dremel,WR,WR,exact_name,100
2019,97215,4428753,HAWAII,62,Lincoln Victor,Lincoln Victor,WR,WR,exact_name,100
2019,97222,4570302,TOLEDO,2649,Chris McDonald,Chris McDonald,CB,CB,exact_name,100
2019,97223,4428419,UTSA,2636,Jahmal Sam,Jahmal Sam,CB,S,exact_name,100
2019,97224,4427759,RICE,242,Joshua Landrum,Joshua Landrum,CB,CB,exact_name,100
2019,97225,4429480,COLO STATE,36,Brandon Crossley,Brandon Crossley,CB,S,exact_name,100
2019,97229,4428332,UAB,5,Rashard Revels,Rashard Revels,S,S,exact_name,100
2019,97232,4427563,MARSHALL,276,Micah Abraham,Micah Abraham,S,DB,exact_name,100
2019,97233,4570452,FRESNO ST,278,Deshawn Ruffin,Deshawn Ruffin,CB,DB,exact_name,100
2019,97235,4428376,CHARLOTTE,2429,Solomon Rogers,Solomon Rogers,S,DB,exact_name,100
2019,97237,4427427,NWESTERN,77,Rod Heard II,Rod Heard II,CB,S,exact_name,100
2019,97240,4428981,COLO STATE,36,Caleb Blake,Caleb Blake,S,S,exact_name,100
2019,97241,4428622,UAB,5,Keondre Swoopes,Keondre Swoopes,CB,S,exact_name,100
2019,97249,4428917,UTSA,2636,Rashad Wisdom,Rashad Wisdom,CB,S,exact_name,100
2019,97250,4426435,OKLAHOMA,201,Jaden Davis,Jaden Davis,CB,DB,exact_name,100
2019,97258,4430231,WYOMING,2751,Jordan Murry,Jordan Murry,CB,CB,exact_name,100
2019,97268,4429615,BOSTON COL,103,Zay Flowers,Zay Flowers,WR,WR,exact_name,100
2019,97270,4426410,OREGON,2483,Mycah Pittman,Mycah Pittman,WR,WR,exact_name,100
2019,97271,4567097,ALABAMA,333,Taulia Tagovailoa,Taulia Tagovailoa,QB,QB,exact_name,100
2019,97272,4429362,DUKE,150,Jalon Calhoun,Jalon Calhoun,WR,WR,exact_name,100
2019,97274,4429708,UTSA,2636,Dywan Griffin,Dywan Griffin,WR,CB,exact_name,100
2019,97277,4426611,TOLEDO,2649,Najeh Baker,Najeh Baker,WR,WR,exact_name,100
2019,97278,4429757,DOMINION,295,Javon Harvey,Javon Harvey,WR,WR,exact_name,100
2019,97281,4429631,COAST CAR,324,Deon Fountain,Deon Fountain,WR,WR,exact_name,100
2019,97282,4427730,RICE,242,Zane Knipe,Zane Knipe,WR,WR,exact_name,100
2019,97287,4570250,BUFFALO,2084,Trevor Wilson,Trevor Wilson,WR,WR,exact_name,100
2019,97288,4567506,MEMPHIS,235,Tahj Washington,Tahj Washington,WR,WR,exact_name,100
2019,97289,4428584,TROY,2653,Reddy Steward,Reddy Steward,CB,CB,exact_name,100
2019,97290,4428232,TROY,2653,Dell Pettus,Dell Pettus,S,S,exact_name,100
2019,97291,4426780,IOWA STATE,66,Jirehl Brock,Jirehl Brock,HB,RB,exact_name,100
2019,97297,4426598,ARK STATE,2032,Isaiah Azubuike,Isaiah Azubuike,HB,RB,exact_name,100
2019,97299,4430123,SMU,2567,TJ McDaniel,TJ McDaniel,HB,RB,exact_name,100
2019,97300,4428438,TEMPLE,218,Edward Saydee,Edward Saydee,HB,RB,exact_name,100
2019,97302,4569609,NWESTERN,77,Evan Hull,Evan Hull,HB,RB,exact_name,100
2019,97303,4569988,UTAH ST,328,Enoch Nawahine,Enoch Nawahine,HB,RB,exact_name,100
2019,97305,4426420,PENN STATE,213,Devyn Ford,Devyn Ford,HB,RB,exact_name,100
2019,97307,4568583,SMU,2567,Tyler Lavine,Tyler Lavine,HB,RB,exact_name,100
2019,97308,4430254,TOLEDO,2649,Jerjuan Newton,Jerjuan Newton,WR,WR,exact_name,100
2019,97310,4575667,UTEP,2638,Deion Hankins,Deion Hankins,HB,RB,exact_name,100
2019,97311,4428931,TROY,2653,Jamontez Woods,Jamontez Woods,HB,RB,exact_name,100
2019,97314,4430551,WYOMING,2751,Titus Swen,Titus Swen,HB,RB,exact_name,100
2019,97320,4426476,OREGON,2483,Josh Delgado,Josh Delgado,WR,WR,exact_name,100
2019,97321,4570132,UAB,5,Ryan Davis,Ryan Davis,WR,WR,exact_name,100
2019,97324,4429411,ARIZONA ST,9,Jordan Clark,Jordan Clark,CB,S,exact_name,100
2019,97325,4569323,OKLA STATE,197,Thomas Harper,Thomas Harper,CB,S,exact_name,100
2019,97327,4427636,BALL ST,2050,Nic Jones,Nic Jones,CB,CB,exact_name,100
2019,97330,4567459,E CAROLINA,151,Juan Powell,Juan Powell,S,DB,exact_name,100
2019,97332,4428136,TULANE,2655,Jacquez Norman,Jacquez Norman,CB,DB,exact_name,100
2019,97333,4570304,TOLEDO,2649,Mike Coleman,Mike Coleman,CB,CB,exact_name,100
2019,97334,4428878,TULANE,2655,Levi Williams,Levi Williams,CB,DB,exact_name,100
2019,97335,4427400,TULANE,2655,Kiland Harrison,Kiland Harrison,CB,DB,exact_name,100
2019,97337,4426467,OREGON,2483,Mykael Wright,Mykael Wright,CB,CB,exact_name,100
2019,97338,4429565,PENN STATE,213,Keaton Ellis,Keaton Ellis,CB,S,exact_name,100
2019,97340,4569607,NWESTERN,77,Cameron Mitchell,Cameron Mitchell,CB,DB,exact_name,100
2019,97341,4570024,UTSA,2636,Ken Robinson,Ken Robinson,CB,S,exact_name,100
2019,97342,4427710,MIAMI OH,193,Ja'Von Kimpson,Ja'Von Kimpson,CB,DB,exact_name,100
2019,97346,4259307,RUTGERS,164,Naijee Jones,Naijee Jones,S,DB,exact_name,100
2019,97347,4426608,COLO STATE,36,Keevan Bailey,Keevan Bailey,CB,DB,exact_name,100
2019,97348,4428633,TEXAS TECH,2641,Dadrion Taylor-Demerson,Dadrion Taylor-Demerson,S,DB,exact_name,100
2019,97351,4427393,NC STATE,152,Jakeen Harris,Jakeen Harris,S,DB,exact_name,100
2019,97352,4428831,CHARLOTTE,2429,Bryson Whitehead,Bryson Whitehead,CB,DB,exact_name,100
2019,97353,4426597,NWESTERN,77,Coco Azema,Coco Azema,HB,DB,exact_name,100
2019,97354,4569394,TEXAS TECH,2641,Alex Hogan,Alex Hogan,CB,DB,exact_name,100
2019,97355,4568476,COAST CAR,324,Shi'heem Watkins,Shi'heem Watkins,CB,S,exact_name,100
2019,97357,4427666,MIAMI OH,193,Jeremiah Josephs,Jeremiah Josephs,S,DB,exact_name,100
2019,97361,4568234,DUKE,150,Jalen Alexander,Jalen Alexander,CB,S,exact_name,100
2019,97374,4428383,ARIZONA,12,Christian Roland-Wallace,Christian Roland-Wallace,CB,CB,exact_name,100
2019,97375,4426471,MIAMI FL,2390,Keontra Smith,Keontra Smith,S,LB,exact_name,100
2019,97379,4428797,OKLAHOMA,201,Woodi Washington,Woodi Washington,CB,DB,exact_name,100
2019,97383,4430365,ARK STATE,2032,Jarius Reimonenq,Jarius Reimonenq,CB,S,exact_name,100
2019,97384,4430348,BALL ST,2050,Justen Ramsey,Justen Ramsey,DI,DL,exact_name,100
2019,97388,4427825,RICE,242,Kirk Lockhart,Kirk Lockhart,S,S,exact_name,100
2019,97391,4568151,BOSTON COL,103,Aidan Livingston,Aidan Livingston,LS,LS,exact_name,100
2019,97398,4427331,N CAROLINA,153,Khafre Brown,Khafre Brown,WR,WR,exact_name,100
2019,97401,4567455,E CAROLINA,151,Demetrius Mauney,Demetrius Mauney,HB,S,exact_name,100
2019,97402,4429670,FRESNO ST,278,Jamal Glaspie,Jamal Glaspie,WR,WR,exact_name,100
2019,97403,4426333,LSU,99,John Emery Jr.,John Emery Jr.,HB,RB,exact_name,100
2019,97404,4427243,MIAMI OH,193,Brett Gabbert,Brett Gabbert,QB,QB,exact_name,100
2019,97405,4569618,OHIO STATE,194,Garrett Wilson,Garrett Wilson,WR,WR,exact_name,100
2019,97408,4426339,OKLAHOMA,201,Spencer Rattler,Spencer Rattler,QB,QB,exact_name,100
2019,97410,4429592,TOLEDO,2649,Terrel Ferrell,Terrel Ferrell,WR,WR,exact_name,100
2019,97413,4429665,SMU,2567,Terrance Gipson,Terrance Gipson,QB,QB,exact_name,100
2019,97414,4574313,BUFFALO,2084,Aaron Chase,Aaron Chase,QB,QB,exact_name,100
2019,97416,4428961,GA TECH,59,Jordan Yates,Jordan Yates,QB,QB,exact_name,100
2019,97419,4567243,OLE MISS,145,Grant Tisdale,Grant Tisdale,QB,QB,exact_name,100
2019,97422,4428692,MARYLAND,120,Dino Tomlin,Dino Tomlin,WR,WR,exact_name,100
2019,97423,4572455,TEXAS,251,Jake Smith,Jake Smith,WR,WR,exact_name,100
2019,97424,4429994,NWESTERN,77,Bryce Kirtz,Bryce Kirtz,WR,WR,exact_name,100
2019,97428,4428912,TEXAS ST,326,Khambrail Winters,Khambrail Winters,CB,DB,exact_name,100
2019,97458,4428140,GA TECH,59,Kalani Norris,Kalani Norris,WR,WR,exact_name,100
2019,97464,4427789,NC STATE,152,Keyon Lesane,Keyon Lesane,WR,WR,exact_name,100
2019,97468,4429038,MIAMI OH,193,Trevon Booker,Trevon Booker,CB,DB,exact_name,100
2019,97470,4427290,WYOMING,2751,Keonte Glinton,Keonte Glinton,CB,CB,exact_name,100
2019,97480,4426918,NEVADA,2440,Kieran Clark,Kieran Clark,CB,DB,exact_name,100
2019,97481,4429476,SMU,2567,Chace Cromartie,Chace Cromartie,S,S,exact_name,100
2019,97485,4426666,UCONN,41,Myles Bell,Myles Bell,CB,DB,exact_name,100
2019,97487,4570272,HAWAII,62,Michael Washington,Michael Washington,CB,DB,exact_name,100
2019,97488,4426935,SMU,2567,Donald Clay,Donald Clay,S,S,exact_name,100
2019,97491,4427289,NEVADA,2440,Jayce Godley,Jayce Godley,S,DB,exact_name,100
2019,97493,4567159,ARKANSAS,8,Devin Bush,Devin Bush,CB,DB,exact_name,100
2019,97495,4426921,KENT STATE,2309,Dean Clark,Dean Clark,S,DB,exact_name,100
2019,97496,4429944,TULANE,2655,Tyler Judson,Tyler Judson,S,DB,exact_name,100
2019,97498,4568294,MIAMI FL,2390,Christian Williams,Christian Williams,CB,S,exact_name,100
2019,97503,4430079,NC STATE,152,Khalid Martin,Khalid Martin,S,S,exact_name,100
2019,97507,4570110,UAB,5,Damon Miller,Damon Miller,S,S,exact_name,100
2019,97508,4427059,BOSTON COL,103,Josh DeBerry,Josh DeBerry,CB,DB,exact_name,100
2019,97509,4570111,UAB,5,Damien Miller,Damien Miller,CB,S,exact_name,100
2019,97513,4427409,ARIZONA ST,9,Willie Harts,Willie Harts,S,DB,exact_name,100
2019,97514,4426403,MARYLAND,120,Nick Cross,Nick Cross,S,DB,exact_name,100
2019,97517,4430232,MIDDLE TN,2393,Marvae Myers,Marvae Myers,CB,DB,exact_name,100
2019,97525,4428659,NC STATE,152,Drake Thomas,Drake Thomas,LB,LB,exact_name,100
2019,97527,4427607,TEMPLE,218,Thomas Joe-Kamara,Thomas Joe-Kamara,LB,DB,exact_name,100
2019,97529,4540516,BOSTON COL,103,Jalen Williams,Jalen Williams,S,DB,exact_name,100
2019,97539,4428350,MIDDLE TN,2393,Quincy Riley,Quincy Riley,CB,DB,exact_name,100
2019,97543,4427135,OHIO,195,Jett Elad,Jett Elad,CB,DB,exact_name,100
2019,97544,4429907,OKLA STATE,197,Jayden Jernigan,Jayden Jernigan,DI,DL,exact_name,100
2019,97556,4428223,COLORADO,38,Mark Perry,Mark Perry,CB,S,exact_name,100
2019,97562,4426374,GEORGIA,61,Tyrique Stevenson,Tyrique Stevenson,CB,CB,exact_name,100
2019,97563,4427242,BUFFALO,2084,Marcus Fuqua,Marcus Fuqua,S,S,exact_name,100
2019,97565,4568464,COAST CAR,324,JB Favorite,JB Favorite,DI,DE,exact_name,100
2019,97568,4429392,SMU,2567,Elijah Chatman,Elijah Chatman,DI,DT,exact_name,100
2019,97573,4426714,MIDDLE TN,2393,JR Bivens,JR Bivens,ED,DE,exact_name,100
2019,97594,4426463,OLE MISS,145,Dannis Jackson,Dannis Jackson,WR,WR,exact_name,100
2019,97595,4568404,TEXAS ST,326,Kevin Anderson,Kevin Anderson,S,S,exact_name,100
2019,97596,4427301,CHARLOTTE,2429,Tre' Goode,Tre' Goode,WR,WR,exact_name,100
2019,97597,4569252,MIAMI OH,193,Austin Robinson,Austin Robinson,WR,WR,exact_name,100
2019,97598,4569193,ARIZONA ST,9,Ethan Long,Ethan Long,QB,QB,exact_name,100
2019,97599,4426875,N CAROLINA,153,Sam Howell,Sam Howell,QB,QB,exact_name,100
2019,97600,4426424,OKLAHOMA,201,Trejan Bridges,Trejan Bridges,WR,WR,exact_name,100
2019,97601,4360450,ARIZONA ST,9,Demetrious Flowers,Demetrious Flowers,HB,RB,exact_name,100
2019,97602,4426494,OLE MISS,145,John Rhys Plumlee,John Rhys Plumlee,QB,QB,exact_name,100
2019,97603,4428977,UCONN,41,Jack Zergiotis,Jack Zergiotis,QB,QB,exact_name,100
2019,97605,4428331,SMU,2567,Rashee Rice,Rashee Rice,WR,WR,exact_name,100
2019,97607,4426361,MIAMI FL,2390,Jeremiah Payton,Jeremiah Payton,WR,WR,exact_name,100
2019,97608,4427839,UAB,5,Bryson Lucero,Bryson Lucero,QB,QB,exact_name,100
2019,97610,4568217,CLEMSON,228,Tyler Davis,Tyler Davis,DI,DT,exact_name,100
2019,97611,4427905,TEXAS ST,326,DeJordan Mask,DeJordan Mask,S,DB,exact_name,100
2019,97615,4427266,TROY,2653,Ahdarrious Gee,Ahdarrious Gee,LB,LB,exact_name,100
2019,97617,4570057,RUTGERS,164,Cole Snyder,Cole Snyder,QB,QB,exact_name,100
2019,97620,4427225,UTSA,2636,Zakhari Franklin,Zakhari Franklin,WR,WR,exact_name,100
2019,97623,4569382,TEXAS,251,Jordan Whittington,Jordan Whittington,HB,WR,exact_name,100
2019,97624,4568233,DUKE,150,Jaylen Coleman,Jaylen Coleman,HB,RB,exact_name,100
2019,97626,4429481,OHIO STATE,194,Marcus Crowley,Marcus Crowley,HB,RB,exact_name,100
2019,97629,4426469,INDIANA,84,Sampson James,Sampson James,HB,RB,exact_name,100
2019,97630,4426385,MICHIGAN,130,Zach Charbonnet,Zach Charbonnet,HB,RB,exact_name,100
2019,97631,4570157,CHARLOTTE,2429,Noah Henderson,Noah Henderson,WR,TE,exact_name,100
2019,97633,4426390,CLEMSON,228,Sheridan Jones,Sheridan Jones,CB,CB,exact_name,100
2019,97635,4426345,TENNESSEE,2633,Quavaris Crouch,Quavaris Crouch,ED,LB,exact_name,100
2019,97636,4427366,IOWA STATE,66,Breece Hall,Breece Hall,HB,RB,exact_name,100
2019,97644,4427423,TULANE,2655,Sincere Haynesworth,Sincere Haynesworth,G,OL,exact_name,100
2019,97645,4429409,MIAMI FL,2390,Jakai Clark,Jakai Clark,G,OL,exact_name,100
2019,97646,4570460,FRESNO ST,278,Bula Schmidt,Bula Schmidt,G,OL,exact_name,100
2019,97649,4570197,RICE,242,Jerry Johnson III,Jerry Johnson III,FB,TE,exact_name,100
2019,97654,4568601,SMU,2567,Cameron Ervin,Cameron Ervin,C,OL,exact_name,100
2019,97656,4570283,OHIO,195,Parker Titsworth,Parker Titsworth,C,OL,exact_name,100
2019,97661,4426438,MARYLAND,120,Isaiah Hazel,Isaiah Hazel,WR,DB,exact_name,100
2019,97665,4426892,KENT STATE,2309,Dante Cephas,Dante Cephas,WR,WR,exact_name,100
2019,97667,4427101,UCONN,41,Matt Drayton,Matt Drayton,WR,WR,exact_name,100
2019,97671,4426830,GA TECH,59,Nazir Burnett,Nazir Burnett,WR,WR,exact_name,100
2019,97672,4430369,TEXAS ST,326,Jordan Revels,Jordan Revels,DI,DE,exact_name,100
2019,97680,4569604,NWESTERN,77,Brandon Joseph,Brandon Joseph,S,S,exact_name,100
2019,97683,4426599,OREGON ST,204,Alex Austin,Alex Austin,CB,DB,exact_name,100
2019,97686,4428013,MIAMI OH,193,Mehki Miller,Mehki Miller,S,LB,exact_name,100
2019,97691,4574731,RUTGERS,164,Donald Williams,Donald Williams,LB,DB,exact_name,100
2019,97694,4568624,TULANE,2655,Dorian Williams,Dorian Williams,LB,LB,exact_name,100
2019,97695,4428918,ARIZONA,12,Bobby Wolfe,Bobby Wolfe,CB,DB,exact_name,100
2019,97700,4568255,FLORIDA ST,52,Akeem Dent,Akeem Dent,S,DB,exact_name,100
2019,97703,4427345,TEMPLE,218,M.J. Griffin,M.J. Griffin,S,DB,exact_name,100
2019,97704,4428416,MIAMI OH,193,Matt Salopek,Matt Salopek,S,LB,exact_name,100
2019,97705,4427103,N CAROLINA,153,Storm Duck,Storm Duck,CB,DB,exact_name,100
2019,97707,4568467,COAST CAR,324,KJ Johnson II,KJ Johnson II,S,S,exact_name,100
2019,97708,4427840,BOSTON COL,103,Steve Lubischer,Steve Lubischer,S,S,exact_name,100
2019,97709,4574317,BUFFALO,2084,Rich Miller,Rich Miller,LB,LB,exact_name,100
2019,97711,4428233,HAWAII,62,Tiger Peterson,Tiger Peterson,S,DB,exact_name,100
2019,97716,4570307,TOLEDO,2649,Joe Smith,Joe Smith,LB,LB,exact_name,100
2019,97720,4575509,MIDDLE TN,2393,Jalen Davis,Jalen Davis,LB,LB,exact_name,100
2019,97723,4428550,OREGON ST,204,Omar Speights,Omar Speights,LB,LB,exact_name,100
2019,97725,4568273,GA TECH,59,Wesley Walker,Wesley Walker,CB,DB,exact_name,100
2019,97731,4427677,COLO STATE,36,Mohamed Kamara,Mohamed Kamara,ED,DL,exact_name,100
2019,97735,4428372,ILLINOIS,356,Tarique Barnes,Tarique Barnes,LB,LB,exact_name,100
2019,97740,4570281,OHIO,195,Kyle Kelly,Kyle Kelly,LB,LB,exact_name,100
2019,97745,4569187,ARIZONA ST,9,Case Hatch,Case Hatch,TE,FB,exact_name,100
2019,97746,4430015,BUFFALO,2084,Kyler Laing,Kyler Laing,ED,LB,exact_name,100
2019,97747,4426808,COLO STATE,36,Tavian Brown,Tavian Brown,LB,LB,exact_name,100
2019,97751,4430604,RUTGERS,164,Mohamed Toure,Mohamed Toure,ED,LB,exact_name,100
2019,97753,4569258,MIAMI OH,193,Kevin Kaufman,Kevin Kaufman,DI,DL,exact_name,100
2019,97754,4428803,DUKE,150,Jordan Waters,Jordan Waters,HB,RB,exact_name,100
2019,97756,4427690,DUKE,150,Isaiah Kemp,Isaiah Kemp,LB,CB,exact_name,100
2019,97757,4430296,SMU,2567,Nelson Paul,Nelson Paul,ED,DE,exact_name,100
2019,97760,4428292,COLO STATE,36,Cian Quiroga,Cian Quiroga,LB,DL,exact_name,100
2019,97773,4430067,COLORADO,38,Jaren Mangham,Jaren Mangham,HB,RB,exact_name,100
2019,97774,4426485,OLE MISS,145,Jonathan Mingo,Jonathan Mingo,WR,WR,exact_name,100
2019,97775,4426504,PURDUE,2509,Milton Wright,Milton Wright,WR,WR,exact_name,100
2019,97776,4426449,ARIZONA,12,Boobie Curry,Boobie Curry,WR,WR,exact_name,100
2019,97778,4427877,MIAMI OH,193,Nick Manson,Nick Manson,WR,WR,exact_name,100
2019,97779,4426454,MARYLAND,120,Lance LeGendre,Lance LeGendre,QB,WR,exact_name,100
2019,97780,4427597,WYOMING,2751,Devin Jennings,Devin Jennings,WR,WR,exact_name,100
2019,97783,4429449,LOUISVILLE,97,Evan Conley,Evan Conley,QB,QB,exact_name,100
2019,97784,4430686,MARSHALL,276,Grant Wells,Grant Wells,QB,QB,exact_name,100
2019,97785,4569146,ARIZONA,12,Jalen Johnson,Jalen Johnson,WR,WR,exact_name,100
2019,97786,4567402,FLORIDA,57,Keon Zipperer,Keon Zipperer,TE,TE,exact_name,100
2019,97790,4567218,AUBURN,2,Bo Nix,Bo Nix,QB,QB,exact_name,100
2019,97791,4426370,OKLAHOMA,201,Jadon Haselwood,Jadon Haselwood,WR,WR,exact_name,100
2019,97792,4427821,KANSAS,2305,Torry Locklin,Torry Locklin,HB,RB,exact_name,100
2019,97797,4569343,BALL ST,2050,RJ Hart,RJ Hart,WR,WR,exact_name,100
2019,97798,4570218,HAWAII,62,Jonah Panoke,Jonah Panoke,WR,WR,exact_name,100
2019,97800,4567244,OLE MISS,145,Jadon Jackson,Jadon Jackson,WR,WR,exact_name,100
2019,97809,4426998,BUFFALO,2084,Javien Cuff,Javien Cuff,WR,WR,exact_name,100
2019,97812,4426482,OHIO STATE,194,Steele Chambers,Steele Chambers,HB,LB,exact_name,100
2019,97820,4427981,UCONN,41,Jayce Medlock,Jayce Medlock,TE,TE,exact_name,100
2019,97821,4428548,TROY,2653,Javon Solomon,Javon Solomon,ED,LB,exact_name,100
2019,97828,4428144,STANFORD,24,Drake Nugent,Drake Nugent,G,OL,exact_name,100
2019,97835,4568469,COAST CAR,324,Will McDonald,Will McDonald,C,OL,exact_name,100
2019,97849,4430439,UAB,5,Will Rykard,Will Rykard,C,OL,exact_name,100
2019,97850,4427338,LOUISVILLE,97,Jackson Gregory,Jackson Gregory,G,OL,exact_name,100
2019,97854,4569235,KENT STATE,2309,Justin Hartzell,Justin Hartzell,WR,WR,exact_name,100
2019,97856,4428273,TULANE,2655,Tyrek Presley,Tyrek Presley,WR,WR,exact_name,100
2019,97865,4428680,MIDDLE TN,2393,Marquel Tinsley,Marquel Tinsley,WR,WR,exact_name,100
2019,97866,4569510,USC,30,John Jackson III,John Jackson III,WR,WR,exact_name,100
2019,97867,4428651,MARSHALL,276,Broc Thompson,Broc Thompson,WR,WR,exact_name,100
2019,97868,4427209,ARK STATE,2032,Jeff Foreman,Jeff Foreman,WR,WR,exact_name,100
2019,97873,4430075,ARIZONA ST,9,Kejuan Markham,Kejuan Markham,S,DB,exact_name,100
2019,97876,4429500,DUKE,150,Tony Davis,Tony Davis,CB,DB,exact_name,100
2019,97879,4567460,E CAROLINA,151,Alex Angus,Alex Angus,LB,LB,exact_name,100
2019,97881,4430197,OKLAHOMA,201,Jamal Morris,Jamal Morris,S,LB,exact_name,100
2019,97882,4426682,CHARLOTTE,2429,Prince Wallace-Bemah,Prince Wallace-Bemah,LB,LB,exact_name,100
2019,97883,4428262,KANSAS,2305,Gavin Potter,Gavin Potter,LB,LB,exact_name,100
2019,97885,4569220,KENT STATE,2309,Mario Nunez,Mario Nunez,CB,CB,exact_name,100
2019,97887,4570492,MIDDLE TN,2393,Jalen Jackson,Jalen Jackson,CB,CB,exact_name,100
2019,97888,4430570,UTAH ST,328,Dominic Tatum,Dominic Tatum,CB,S,exact_name,100
2019,97889,4427716,NOTRE DAME,87,Jack Kiser,Jack Kiser,LB,LB,exact_name,100
2019,97891,4426569,MARSHALL,276,J'Coryan Anderson,J'Coryan Anderson,LB,LB,exact_name,100
2019,97895,4430261,MINNESOTA,135,Tyler Nubin,Tyler Nubin,S,DB,exact_name,100
2019,97897,4428729,BAYLOR,239,Solo Turner,Solo Turner,LB,DB,exact_name,100
2019,97900,4427750,MIDDLE TN,2393,Marcus LaFrance,Marcus LaFrance,S,S,exact_name,100
2019,97905,4429647,NWESTERN,77,Bryce Gallagher,Bryce Gallagher,CB,LB,exact_name,100
2019,97906,4430466,CHARLOTTE,2429,Jaylon Sharpe,Jaylon Sharpe,LB,LB,exact_name,100
2019,97909,4430533,DUKE,150,Sayyid Stevens,Sayyid Stevens,LB,LB,exact_name,100
2019,97918,4426415,ILLINOIS,356,Shammond Cooper,Shammond Cooper,LB,LB,exact_name,100
2019,97922,4427960,UAB,5,Terrell McDonald,Terrell McDonald,ED,TE,exact_name,100
2019,97924,4569009,UCONN,41,Jackson Mitchell,Jackson Mitchell,LB,LB,exact_name,100
2019,97928,4570279,OHIO,195,Jeremiah Burton,Jeremiah Burton,DI,DE,exact_name,100
2019,97934,4427635,NWESTERN,77,Adetomiwa Adebawore,Adetomiwa Adebawore,ED,DL,exact_name,100
2019,97937,4573152,KANSAS,2305,Marcus Harris,Marcus Harris,DI,DL,exact_name,100
2019,97938,4569612,NWESTERN,77,P.J. Spencer,P.J. Spencer,ED,DL,exact_name,100
2019,97948,4570065,NOTRE DAME,87,Jacob Lacey,Jacob Lacey,DI,DL,exact_name,100
2019,97949,4427718,RICE,242,Isaac Klarkowski,Isaac Klarkowski,C,OL,exact_name,100
2019,97951,4428083,COLORADO,38,Lloyd Murray,Lloyd Murray Jr.,DI,DL,exact_name,100
2019,97956,4428241,FRESNO ST,278,Levelle Bailey,Levelle Bailey,LB,LB,exact_name,100
2019,97959,4426936,UTSA,2636,Christian Clayton,Christian Clayton,DI,DL,exact_name,100
2019,97960,4570496,MIDDLE TN,2393,Richard Kinley,Richard Kinley,ED,DL,exact_name,100
2019,97961,4428922,TOLEDO,2649,Adrian Woliver,Adrian Woliver,ED,LB,exact_name,100
2019,97963,4427154,MIAMI OH,193,Austin Ertl,Austin Ertl,DI,DL,exact_name,100
2019,97966,4428204,RICE,242,Josh Pearcy,Josh Pearcy,ED,OL,exact_name,100
2019,97967,4568635,TULANE,2655,Eric Hicks Jr.,Eric Hicks Jr.,DI,NT,exact_name,100
2019,97969,4429617,RICE,242,Izeya Floyd,Izeya Floyd,DI,DL,exact_name,100
2019,97970,4426967,ARIZONA ST,9,Anthonie Cooper,Anthonie Cooper,ED,DL,exact_name,100
2019,97973,4569342,BALL ST,2050,John Harris,John Harris,DI,DL,exact_name,100
2019,97977,4429841,MIAMI FL,2390,Jalar Holley,Jalar Holley,DI,DL,exact_name,100
2019,97978,4426828,RUTGERS,164,Malachi Burby,Malachi Burby,DI,DL,exact_name,100
2019,97981,4427055,UTSA,2636,Lucas Dean,Lucas Dean,P,P,exact_name,100
2019,97987,4426917,ARK STATE,2032,Coltin Clack,Coltin Clack,QB,TE,exact_name,100
2019,97989,4570409,PURDUE,2509,David Bell,David Bell,WR,WR,exact_name,100
2019,97991,4567457,E CAROLINA,151,Bryan Gagg,Bryan Gagg,QB,TE,exact_name,100
2019,97993,4426348,ARIZONA ST,9,Jayden Daniels,Jayden Daniels,QB,QB,exact_name,100
2019,97994,4426335,WISCONSIN,275,Graham Mertz,Graham Mertz,QB,QB,exact_name,100
2019,97995,4430288,DUKE,150,Eli Pancol,Eli Pancol,WR,WR,exact_name,100
2019,97996,4426479,MICHIGAN,130,Cornelius Johnson,Cornelius Johnson,WR,WR,exact_name,100
2019,97997,4427354,COAST CAR,324,Jarrett Guest,Jarrett Guest,QB,QB,exact_name,100
2019,97998,4430431,OHIO,195,Kurtis Rourke,Kurtis Rourke,QB,QB,exact_name,100
2019,98002,4427936,COAST CAR,324,Grayson McCall,Grayson McCall,QB,QB,exact_name,100
2019,98005,4426535,OKLAHOMA,201,Theo Wease Jr.,Theo Wease Jr.,WR,WR,exact_name,100
2019,98006,4426847,TEXAS A&M,245,Zach Calzada,Zach Calzada,QB,QB,exact_name,100
2019,98014,4426417,BAYLOR,239,Jacob Zeno,Jacob Zeno,QB,QB,exact_name,100
2019,98015,4569605,NWESTERN,77,Zac Krause,Zac Krause,QB,QB,exact_name,100
2019,98023,4427951,BALL ST,2050,Jalen McGaughy,Jalen McGaughy,WR,WR,exact_name,100
2019,98027,4426844,STANFORD,24,Elijah Higgins,Elijah Higgins,WR,WR,exact_name,100
2019,98030,4430404,LOUISVILLE,97,Aidan Robbins,Aidan Robbins,HB,RB,exact_name,100
2019,98033,4428116,WYOMING,2751,Isaiah Neyor,Isaiah Neyor,WR,WR,exact_name,100
2019,98044,4430155,NC STATE,152,Dylan McMahon,Dylan McMahon,G,OL,exact_name,100
2019,98045,4428397,NWESTERN,77,Conrad Rowley,Conrad Rowley,C,OL,exact_name,100
2019,98047,4426456,FLORIDA ST,52,Dontae Lucas,Dontae Lucas,G,OL,exact_name,100
2019,98056,4426912,BOSTON COL,103,Mike Ciaffoni,Mike Ciaffoni,DI,OL,exact_name,100
2019,98057,4567466,E CAROLINA,151,Nishad Strother,Nishad Strother,G,OL,exact_name,100
2019,98058,4428037,DUKE,150,Jacob Monk,Jacob Monk,T,OL,exact_name,100
2019,98060,4570316,TOLEDO,2649,Parker Bisek,Parker Bisek,C,OL,exact_name,100
2019,98076,4427633,RICE,242,Hunter Jones,Hunter Jones,G,C,exact_name,100
2019,98094,4427127,HAWAII,62,Mekel Ealy,Mekel Ealy,WR,WR,exact_name,100
2019,98095,4426893,UTSA,2636,Joshua Cephus,Joshua Cephus,WR,WR,exact_name,100
2019,98097,4430684,WYOMING,2751,Treyton Welch,Treyton Welch,TE,TE,exact_name,100
2019,98101,4429407,OHIO,195,Casey Clanton,Casey Clanton,TE,TE,exact_name,100
2019,98102,4574730,RUTGERS,164,Isaiah Washington,Isaiah Washington,WR,WR,exact_name,100
2019,98111,4428885,TULANE,2655,Keshon Williams,Keshon Williams,TE,TE,exact_name,100
2019,98112,4427436,COLO STATE,36,Kyle Helbig,Kyle Helbig,TE,TE,exact_name,100
2019,98113,4567471,E CAROLINA,151,Jeremy Lewis,Jeremy Lewis,TE,LB,exact_name,100
2019,98114,4426634,TROY,2653,Desmond Barkley,Desmond Barkley,DI,DL,exact_name,100
2019,98118,4427408,MIAMI FL,2390,Jahfari Harvey,Jahfari Harvey,ED,DE,exact_name,100
2019,98119,4567502,MEMPHIS,235,Jalil Clemons,Jalil Clemons,ED,EDGE,exact_name,100
2019,98121,4427360,MIAMI OH,193,Richie Hagarty,Richie Hagarty,ED,DL,exact_name,100
2019,98122,4427163,NEBRASKA,158,Myles Farmer,Myles Farmer,S,DB,exact_name,100
2019,98125,4427707,COAST CAR,324,JT Killen,JT Killen,LB,LB,exact_name,100
2019,98130,4567226,AUBURN,2,Derick Hall,Derick Hall,ED,LB,exact_name,100
2019,98131,4568285,LOUISVILLE,97,Zach Edwards,Zach Edwards,ED,DE,exact_name,100
2019,98134,4429438,BALL ST,2050,Clayton Coll,Clayton Coll,LB,LB,exact_name,100
2019,98135,4429706,BOSTON COL,103,Connor Grieco,Connor Grieco,S,DB,exact_name,100
2019,98137,4574729,RUTGERS,164,TJ Robinson,TJ Robinson,CB,DB,exact_name,100
2019,98138,4575526,LOUISVILLE,97,Ramon Puryear Jr.,Ramon Puryear,DI,DL,exact_name,100
2019,98147,4567514,MEMPHIS,235,Cole Mashburn,Cole Mashburn,ED,DE,exact_name,100
2019,98149,4426737,COAST CAR,324,Davon Bomar,Davon Bomar,ED,DL,exact_name,100
2019,98158,4428468,TEMPLE,218,Jacoby Sharpe,Jacoby Sharpe,DI,DL,exact_name,100
2019,98165,4570410,PURDUE,2509,Jalen Graham,Jalen Graham,S,LB,exact_name,100
2019,98169,4427223,OREGON ST,204,Ryan Franke,Ryan Franke,ED,LB,exact_name,100
2019,98175,4426883,DUKE,150,DeWayne Carter,DeWayne Carter,DI,DT,exact_name,100
2019,98177,4426351,NC STATE,152,Savion Jackson,Savion Jackson,ED,DE,exact_name,100
2019,98179,4429495,NEW MEXICO,167,Omar Darame,Omar Darame,DI,DE,exact_name,100
2019,98182,4569346,BALL ST,2050,Kyron Mims,Kyron Mims,DI,DL,exact_name,100
2019,98184,4426823,MIAMI OH,193,Kyle Bryant,Kyle Bryant,ED,DL,exact_name,100
2019,98188,4428355,COAST CAR,324,Kennedy Roberts,Kennedy Roberts,DI,DL,exact_name,100
2019,98191,4427481,MIAMI OH,193,Kobe Hilton,Kobe Hilton,DI,DL,exact_name,100
2019,98192,4567473,E CAROLINA,151,Immanuel Hickman Sr.,Immanuel Hickman Sr.,DI,DL,exact_name,100
2019,98193,4427117,MIDDLE TN,2393,Quindarius Dunnigan,Quindarius Dunnigan,ED,DL,exact_name,100
2019,98195,4428896,RICE,242,Adrian Bickham,Adrian Bickham,ED,LB,exact_name,100
2019,98198,4430343,TEMPLE,218,Wisdom Quarshie,Wisdom Quarshie,DI,OL,exact_name,100
2019,98200,4569326,OKLA STATE,197,Tom Hutton,Tom Hutton,P,P,exact_name,100
2019,98205,4427076,TULANE,2655,Armoni Dixon,Armoni Dixon,ED,LB,exact_name,100
2019,98211,4429742,DUKE,150,Darrell Harding Jr.,Darrell Harding Jr.,WR,WR,exact_name,100
2019,98213,4569896,WYOMING,2751,Alex Brown,Alex Brown,WR,WR,exact_name,100
2019,98218,4428853,SMU,2567,Calvin Wiggins,Calvin Wiggins,WR,WR,exact_name,100
2019,98221,4567105,ALABAMA,333,Jahleel Billingsley,Jahleel Billingsley,TE,TE,exact_name,100
2019,98232,4426811,LOUISVILLE,97,Renato Brown,Renato Brown,T,OL,exact_name,100
2019,98236,4426701,WYOMING,2751,Latrell Bible,Latrell Bible,G,C,exact_name,100
2019,98239,4428103,MIAMI FL,2390,Zion Nelson,Zion Nelson,T,OL,exact_name,100
2019,98244,4429489,NWESTERN,77,Dom D'Antonio,Dom D'Antonio,G,OL,exact_name,100
2019,98247,4570577,TENNESSEE,2633,Wanya Morris,Wanya Morris,T,OL,exact_name,100
2019,98248,4567410,FLORIDA,57,Kingsley Eguakun,Kingsley Eguakun,T,OL,exact_name,100
2019,98251,4427005,STANFORD,24,Branson Bragg,Branson Bragg,T,G,exact_name,100
2019,98252,4570485,OREGON ST,204,Joshua Gray,Joshua Gray,T,OL,exact_name,100
2019,98253,4426434,LSU,99,Derek Stingley Jr.,Derek Stingley Jr.,CB,CB,exact_name,100
2019,98258,4428181,COAST CAR,324,Isaac Owusu-Appiah,Isaac Owusu-Appiah,T,OL,exact_name,100
2019,98263,4428139,COLO STATE,36,Nouredin Nouili,Nouredin Nouili,G,OL,exact_name,100
2019,98266,4427829,MIDDLE TN,2393,Steven Losoya III,Steven Losoya,T,OL,exact_name,100
2019,98269,4427212,TULANE,2655,Jackson Fort,Jackson Fort,G,OL,exact_name,100
2019,98274,4430494,OREGON ST,204,Thomas Sio,Thomas Sio,G,DL,exact_name,100
2019,98275,4427448,ARIZONA ST,9,LaDarius Henderson,LaDarius Henderson,T,OL,exact_name,100
2019,98280,4426342,OHIO STATE,194,Harry Miller,Harry Miller,C,OL,exact_name,100
2019,98285,4568633,TULANE,2655,Trace Oldner,Trace Oldner,T,OL,exact_name,100
2019,98286,4427132,NC STATE,152,Ikem Ekwonu,Ikem Ekwonu,T,OT,exact_name,100
2019,98289,4574327,BUFFALO,2084,Marlyn Johnson,Marlyn Johnson,WR,WR,exact_name,100
2019,98291,4426857,UTSA,2636,Oscar Cardenas,Oscar Cardenas,TE,TE,exact_name,100
2019,98295,4427431,RUTGERS,164,Cooper Heisey,Cooper Heisey,WR,TE,exact_name,100
2019,98300,4568250,TROY,2653,Jaden Warren,Jaden Warren,WR,WR,exact_name,100
2019,98306,4567153,ARKANSAS,8,Mataio Soli,Mataio Soli,ED,DL,exact_name,100
2019,98308,4573158,KANSAS,2305,Steven Parker,Steven Parker,ED,EDGE,exact_name,100
2019,98310,4575709,UNLV,2439,Jamel Hamm,Jamel Hamm,CB,CB,exact_name,100
2019,98312,4567224,AUBURN,2,Colby Wooden,Colby Wooden,ED,DE,exact_name,100
2019,98313,4430791,GA TECH,59,Sylvain Yondjouen,Sylvain Yondjouen,ED,EDGE,exact_name,100
2019,98314,4430618,OKLAHOMA,201,David Ugwoegbu,David Ugwoegbu,ED,DL,exact_name,100
2019,98317,4568317,NC STATE,152,Joshua Harris,Joshua Harris,DI,DL,exact_name,100
2019,98318,4570119,UAB,5,Alex Wright,Alex Wright,ED,LB,exact_name,100
2019,98319,4426659,PURDUE,2509,George Karlaftis,George Karlaftis,ED,DE,exact_name,100
2019,98328,4426440,LSU,99,Siaki Ika,Siaki Ika,DI,DL,exact_name,100
2019,98329,4569012,UCONN,41,Justin Moore,Justin Moore,DI,DL,exact_name,100
2019,98331,4427401,MIAMI FL,2390,Jared Harrison-Hunte,Jared Harrison-Hunte,DI,DL,exact_name,100
2019,98336,4429650,NEVADA,2440,Breylon Garcia,Breylon Garcia,DI,DE,exact_name,100
2019,98337,4426501,NOTRE DAME,87,Hunter Spears,Hunter Spears,DI,OL,exact_name,100
2019,98341,4569903,WYOMING,2751,DeVonne Harris,DeVonne Harris,ED,DE,exact_name,100
2019,98342,4428151,DUKE,150,R.J. Oben,R.J. Oben,ED,DL,exact_name,100
2019,98345,4428637,KANSAS,2305,Da'Jon Terry,Da'Jon Terry,DI,DL,exact_name,100
2019,98346,4426614,RUTGERS,164,Devin Baldwin,Devin Baldwin,DI,DL,exact_name,100
2019,98357,4429357,BUFFALO,2084,Trevor Bycznski,Trevor Bycznski,QB,QB,exact_name,100
2019,98359,4567151,ARKANSAS,8,Trey Knox,Trey Knox,WR,TE,exact_name,100
2019,98362,4430775,DOMINION,295,Hayden Wolff,Hayden Wolff,QB,QB,exact_name,100
2019,98363,4567102,ALABAMA,333,Paul Tyson,Paul Tyson,QB,QB,exact_name,100
2019,98365,4428890,WYOMING,2751,Levi Williams,Levi Williams,QB,QB,exact_name,100
2019,98367,4427351,ARIZONA,12,Grant Gunnell,Grant Gunnell,QB,QB,exact_name,100
2019,98369,4426470,NWESTERN,77,Genson Hooper Price,Genson Hooper Price,WR,WR,exact_name,100
2019,98371,4428451,GEORGIA,61,Brett Seither,Brett Seither,TE,TE,exact_name,100
2019,98376,4427164,KANSAS,2305,Mason Fairchild,Mason Fairchild,TE,TE,exact_name,100
2019,98378,4428936,PURDUE,2509,Kyle Bilodeau,Kyle Bilodeau,TE,TE,exact_name,100
2019,98380,4428466,MIAMI OH,193,Caleb Shaffer,Caleb Shaffer,G,OL,exact_name,100
2019,98382,4568477,COAST CAR,324,Donnell Wilson,Donnell Wilson,T,OL,exact_name,100
2019,98383,4427964,OLE MISS,145,Reece McIntyre,Reece McIntyre,T,OL,exact_name,100
2019,98384,4430685,NEVADA,2440,Zac Welch,Zac Welch,G,OL,exact_name,100
2019,98385,4568652,TULSA,202,Tyler Smith,Tyler Smith,T,OL,exact_name,100
2019,98387,4429740,RUTGERS,164,CJ Hanson,CJ Hanson,C,OL,exact_name,100
2019,98389,4428170,TULANE,2655,Colby Orgeron,Colby Orgeron,T,OL,exact_name,100
2019,98392,4428215,COLO STATE,36,Alex Azusenis,Alex Azusenis,T,OL,exact_name,100
2019,98406,4429656,DUKE,150,John Gelotte,John Gelotte,TE,OL,exact_name,100
2019,98407,4567412,FLORIDA,57,Michael Tarquin,Michael Tarquin,T,OL,exact_name,100
2019,98413,4426468,NOTRE DAME,87,Andrew Kristofic,Andrew Kristofic,T,OL,exact_name,100
2019,98415,4428897,TROY,2653,Kannon Biggs,Kannon Biggs,G,OL,exact_name,100
2019,98417,4427581,MIAMI OH,193,Nathan Jacobs,Nathan Jacobs,G,OL,exact_name,100
2019,98418,4567414,FLORIDA,57,Ethan White,Ethan White,G,OL,exact_name,100
2019,98422,4427844,MARYLAND,120,Mason Lunsford,Mason Lunsford,T,OL,exact_name,100
2019,98423,4575217,OLE MISS,145,Jeremy James,Jeremy James,T,OL,exact_name,100
2019,98427,4426446,PENN STATE,213,Caedan Wallace,Caedan Wallace,T,OL,exact_name,100
2019,98429,4427486,TEXAS ST,326,Micah Hilts,Micah Hilts,TE,TE,exact_name,100
2019,98430,4569615,NWESTERN,77,Thomas Gordon,Thomas Gordon,TE,TE,exact_name,100
2019,98432,4570200,RICE,242,Jack Bradley,Jack Bradley,TE,TE,exact_name,100
2019,98433,4427925,ARIZONA ST,9,Nolan Matthews-Harris,Nolan Matthews-Harris,TE,TE,exact_name,100
2019,98436,4258429,LA MONROE,2433,Cameron Darling,Cameron Darling,TE,TE,exact_name,100
2019,98439,4429849,MARYLAND,120,DeShawn Holt,Deshawn Holt,ED,LB,exact_name,100
2019,98442,4428484,BOSTON COL,103,Shitta Sillah,Shitta Sillah,ED,DE,exact_name,100
2019,98443,4429436,ILLINOIS,356,Seth Coleman,Seth Coleman,ED,LB,exact_name,100
2019,98444,4426326,OREGON,2483,Kayvon Thibodeaux,Kayvon Thibodeaux,ED,DE,exact_name,100
2019,98451,4428104,BOSTON COL,103,Jackson Ness,Jackson Ness,ED,OL,exact_name,100
2019,98452,4430349,ILLINOIS,356,Keith Randolph Jr.,Keith Randolph Jr.,ED,DL,exact_name,100
2019,98456,4427439,BOSTON COL,103,Izaiah Henderson,Izaiah Henderson,ED,DL,exact_name,100
2019,98459,4569016,UCONN,41,Eric Watts,Eric Watts,ED,DL,exact_name,100
2019,98464,4426367,OKLAHOMA,201,Austin Stogner,Austin Stogner,TE,TE,exact_name,100
2019,98465,4430729,MIAMI OH,193,Rhett Williams,Rhett Williams,TE,TE,exact_name,100
2019,98468,4427741,DOMINION,295,Khadere Kounta,Khadere Kounta,T,OL,exact_name,100
2019,98480,4426358,TENNESSEE,2633,Darnell Wright,Darnell Wright,T,OL,exact_name,100
2019,98482,4426972,TEXAS ST,326,Dalton Cooper,Dalton Cooper,T,OL,exact_name,100
2019,98488,4428589,COAST CAR,324,Kameren Stewart,Kameren Stewart,T,OT,exact_name,100
2019,98492,4429635,NWESTERN,77,Zachary Franks,Zachary Franks,T,OL,exact_name,100
2019,98493,4427552,SMU,2567,Danielson Ike,Danielson Ike,G,OL,exact_name,100
2019,98496,4567235,AUBURN,2,Luke Deal,Luke Deal,TE,TE,exact_name,100
2019,98498,4570442,BOWL GREEN,189,Joey Carroll,Joey Carroll,TE,OL,exact_name,100
2019,98499,4428085,OREGON ST,204,Luke Musgrave,Luke Musgrave,TE,TE,exact_name,100
2019,98501,4426421,GEORGIA,61,Ryland Goede,Ryland Goede,TE,TE,exact_name,100
2019,98503,4426412,OHIO STATE,194,Zach Harrison,Zach Harrison,ED,DE,exact_name,100
2019,98508,4430723,TEXAS,251,Jared Wiley,Jared Wiley,TE,TE,exact_name,100
2019,98512,4569259,MIAMI OH,193,Ben Jackson,Ben Jackson,T,OL,exact_name,100
2019,98516,4427214,NWESTERN,77,Connor Foster,Connor Foster,T,OL,exact_name,100
2019,98521,4428155,ILLINOIS,356,Moses Okpala,Moses Okpala,DI,OL,exact_name,100
2019,98523,4569090,NEVADA,2440,Cole Watts,Cole Watts,T,OL,exact_name,100
2019,98528,4430536,TEMPLE,218,Victor Stoffel,Victor Stoffel,T,OL,exact_name,100
2019,98531,4427471,NEBRASKA,158,Bryce Benhart,Bryce Benhart,T,OL,exact_name,100
2019,98532,4426698,UCF,2116,Tatum Bethune,Tatum Bethune,LB,LB,exact_name,100
2019,98536,4427588,UCF,2116,Jeremiah Jean-Baptiste,Jeremiah Jean-Baptiste,LB,LB,exact_name,100
2019,98544,4568986,UCF,2116,Matt Lee,Matt Lee,G,C,exact_name,100
2019,98548,4428202,UCF,2116,Lokahi Pauole,Lokahi Pauole,G,OL,exact_name,100
2019,98550,4568991,UCF,2116,Adrian Medley,Adrian Medley,G,OL,exact_name,100
2019,98551,4427625,UCF,2116,Amari Johnson,Amari Johnson,WR,WR,exact_name,100
2019,98553,4426612,UCF,2116,Jarrad Baker,Jarrad Baker,WR,WR,exact_name,100
2019,98558,4567534,VANDERBILT,238,Jaylen Mahoney,Jaylen Mahoney,CB,DB,exact_name,100
2019,98560,4428627,UCF,2116,James Tarver,James Tarver,CB,DB,exact_name,100
2019,98564,4567533,VANDERBILT,238,Keyon Henry-Brooks,Keyon Henry-Brooks,HB,RB,exact_name,100
2019,98565,4567531,VANDERBILT,238,Justin Harris,Justin Harris,LB,S,exact_name,100
2019,98568,4567535,VANDERBILT,238,Anfernee Orji,Anfernee Orji,LB,LB,exact_name,100
2019,98569,4567538,VANDERBILT,238,Daevion Davis,Daevion Davis,DI,DL,exact_name,100
2019,98570,4567539,VANDERBILT,238,Julian Hernandez,Julian Hernandez,G,OL,exact_name,100
2019,98572,4567537,VANDERBILT,238,Christian James,Christian James,DI,DL,exact_name,100
2019,98590,4570009,UTEP,2638,Duron Lowe,Duron Lowe,CB,CB,exact_name,100
2019,98591,4429488,VIRGINIA,258,Fentrell Cypress II,Fentrell Cypress II,CB,DB,exact_name,100
2019,98594,4577781,NEW MEXICO,167,Tony Collier,Tony Collier,CB,CB,exact_name,100
2019,98596,4361991,UCF,2116,Cam Goode,Cam Goode,DI,DL,exact_name,100
2019,98601,4569149,ARIZONA,12,Trevon Mason,Trevon Mason,DI,DL,exact_name,100
2019,98603,4569152,ARIZONA,12,Myles Tapusoa,Myles Tapusoa,DI,DL,exact_name,100
2019,98605,4569521,ARK STATE,2032,Aaron Donkor,Aaron Donkor,ED,DE,exact_name,100
2019,98606,4571621,MARSHALL,276,TJ Johnson,TJ Johnson,DI,DL,exact_name,100
2019,98609,3912430,TULANE,2655,Mike Hinton,Mike Hinton,ED,DL,exact_name,100
2019,98610,3908603,UCLA,26,Jason Harris,Jason Harris,ED,LB,exact_name,100
2019,98611,4568468,COAST CAR,324,Enock Makonzo,Enock Makonzo,S,CB,exact_name,100
2019,98617,4569156,ARIZONA,12,Michael Wiley,Michael Wiley,HB,RB,exact_name,100
2019,98618,4569522,ARK STATE,2032,Ryan Graham,Ryan Graham,HB,RB,exact_name,100
2019,98620,4571622,MARSHALL,276,Lawrence Papillon,Lawrence Papillon,HB,RB,exact_name,100
2019,98622,3912511,RICE,242,Charlie Booker,Charlie Booker,HB,RB,exact_name,100
2019,98628,4427503,VIRGINIA,258,Mike Hollins,Mike Hollins,HB,RB,exact_name,100
2019,98630,4571800,UCONN,41,Diamond Harrell,Diamond Harrell,S,DB,exact_name,100
2019,98636,4568626,TULANE,2655,Nick Anderson,Nick Anderson,LB,LB,exact_name,100
2019,98638,4569550,UTAH,254,Trennan Carlson,Trennan Carlson,ED,LB,exact_name,100
2019,98640,4568492,VIRGINIA,258,Nick Jackson,Nick Jackson,LB,LB,exact_name,100
2019,98641,4053736,NEW MEXICO,167,James Lewis,James Lewis,LB,LB,exact_name,100
2019,98643,4427430,NEW MEXICO,167,Jacobi Hearn,Jacobi Hearn,ED,LB,exact_name,100
2019,98644,4570091,NEW MEXICO,167,Reco Hannah,Reco Hannah,LB,LB,exact_name,100
2019,98645,4567404,FLORIDA,57,Jaydon Hill,Jaydon Hill,CB,DB,exact_name,100
2019,98646,4567405,FLORIDA,57,Chester Kimbrough,Chester Kimbrough,CB,DB,exact_name,100
2019,98648,4567523,MEMPHIS,235,Matt Dale,Matt Dale,T,OL,exact_name,100
2019,98651,3118134,TULANE,2655,Christian Montano,Christian Montano,C,OL,exact_name,100
2019,98652,4570290,ARIZONA,12,Jordan Morgan,Jordan Morgan,T,OL,exact_name,100
2019,98655,4574772,MEMPHIS,235,Brian Thomas,Brian Thomas,T,OL,exact_name,100
2019,98658,4569138,ARIZONA,12,Tayvian Cunningham,Tayvian Cunningham,WR,WR,exact_name,100
2019,98661,4570575,TENNESSEE,2633,Savion Williams,Savion Williams,DI,DL,exact_name,100
2019,98662,3118181,SMU,2567,Charlie Flores,Charlie Flores,C,OL,exact_name,100
2019,98664,4568470,COAST CAR,324,Cesar Moreno,Cesar Moreno,G,OL,exact_name,100
2019,98666,4570199,RICE,242,Justin Gooseberry,Justin Gooseberry,T,OL,exact_name,100
2019,98667,3928540,MIAMI FL,2390,Tommy Kennedy,Tommy Kennedy,G,OL,exact_name,100
2019,98668,4569085,NEVADA,2440,Trey Price,Trey Price,G,OL,exact_name,100
2019,98669,4569554,UTAH,254,Bamidele Olaseni,Bamidele Olaseni,T,OL,exact_name,100
2019,98675,4570490,MIDDLE TN,2393,Randall Johnson,Randall Johnson,QB,QB,exact_name,100
2019,98676,4570085,NEW MEXICO,167,Brandt Hughes,Brandt Hughes,QB,QB,exact_name,100
2019,98677,3912536,RICE,242,Tom Stewart,Tom Stewart,QB,QB,exact_name,100
2019,98678,4572387,S DIEGO ST,21,Jordon Brookshire,Jordon Brookshire,QB,QB,exact_name,100
2019,98679,4570242,S JOSE ST,23,Nick Nash,Nick Nash,QB,WR,exact_name,100
2019,98680,4428708,S JOSE ST,23,Alec Trujillo,Alec Trujillo,QB,QB,exact_name,100
2019,98685,4429602,BALL ST,2050,Walter Fletcher,Walter Fletcher,HB,RB,exact_name,100
2019,98686,4570491,MIDDLE TN,2393,Jayy McDonald,Jayy McDonald,HB,RB,exact_name,100
2019,98688,4570276,OHIO,195,De'Montre Tuggle,De'Montre Tuggle,HB,RB,exact_name,100
2019,98689,4569173,OKLAHOMA,201,Rhamondre Stevenson,Rhamondre Stevenson,HB,RB,exact_name,100
2019,98690,4569325,OKLA STATE,197,Dezmon Jackson,Dezmon Jackson,HB,RB,exact_name,100
2019,98691,4575711,UNLV,2439,Darran Williams,Darran Williams,HB,RB,exact_name,100
2019,98692,4569987,UTAH ST,328,Jaylen Warren,Jaylen Warren,HB,RB,exact_name,100
2019,98693,4567399,FLORIDA,57,Kaiir Elam,Kaiir Elam,CB,CB,exact_name,100
2019,98695,4568304,MIAMI FL,2390,Ousman Traore,Ousman Traore,G,OL,exact_name,100
2019,98699,4569527,ARK STATE,2032,Ivory Scott,Ivory Scott,G,OL,exact_name,100
2019,98700,4569141,ARIZONA,12,Paiton Fears,Paiton Fears,T,OL,exact_name,100
2019,98707,4569109,KANSAS ST,2306,Jonathan Alexander,Jonathan Alexander,S,DB,exact_name,100
2019,98708,4570189,RICE,242,Naeem Smith,Naeem Smith,S,S,exact_name,100
2019,98709,4570082,NEW MEXICO,167,Shaddrick Lowery,Shaddrick Lowery,S,S,exact_name,100
2019,98711,4567469,E CAROLINA,151,Zech Byrd,Zech Byrd,TE,TE,exact_name,100
2019,98713,4569966,LA MONROE,2433,Donavon Hickman,Donavon Hickman,TE,TE,exact_name,100
2019,98716,4570100,NEW MEXICO,167,Kyle Jarvis,Kyle Jarvis,TE,TE,exact_name,100
2019,98720,4569391,TEXAS TECH,2641,Travis Koontz,Travis Koontz,TE,TE,exact_name,100
2019,98723,4570018,UTSA,2636,Leroy Watson,Leroy Watson,TE,TE,exact_name,100
2019,98724,4569339,BALL ST,2050,Chris Crothers,Chris Crothers,TE,TE,exact_name,100
2019,98726,4574311,BUFFALO,2084,Daniel Lee,Daniel Lee,WR,WR,exact_name,100
2019,98728,4429338,UCONN,41,Ardell Brown,Ardell Brown,WR,WR,exact_name,100
2019,98730,4570449,FRESNO ST,278,Keric Wheatfall,Keric Wheatfall,WR,WR,exact_name,100
2019,98731,4570217,HAWAII,62,James Phillips,James Phillips,WR,WR,exact_name,100
2019,98732,4570219,HAWAII,62,Jared Smart,Jared Smart,WR,WR,exact_name,100
2019,98735,4370348,MARSHALL,276,Corey Gammage,Corey Gammage,WR,WR,exact_name,100
2019,98738,4567240,OLE MISS,145,Dontario Drummond,Dontario Drummond,WR,WR,exact_name,100
2019,98740,4570083,NEW MEXICO,167,Jordan Kress,Jordan Kress,WR,WR,exact_name,100
2019,98742,4393551,PENN STATE,213,Weston Carr,Weston Carr,WR,WR,exact_name,100
2019,98743,4570188,RICE,242,Bradley Rozner,Bradley Rozner,WR,WR,exact_name,100
2019,98748,4569350,TCU,2628,Mikel Barkley,Mikel Barkley,WR,WR,exact_name,100
2019,98749,4570107,UAB,5,Markus Grossman,Markus Grossman,WR,WR,exact_name,100
2019,98750,4569420,UCLA,26,Jaylen Erwin,Jaylen Erwin,WR,WR,exact_name,100
2019,98751,4575715,UNLV,2439,Jacob Gasser,Jacob Gasser,WR,WR,exact_name,100
2019,98752,4051242,VANDERBILT,238,Justice Shelton-Mosley,Justice Shelton-Mosley,WR,WR,exact_name,100
2019,98755,4427348,MIAMI FL,2390,Te'Cory Couch,Te'Cory Couch,CB,CB,exact_name,100
2019,98758,4570222,HAWAII,62,Noa Kamana,Noa Kamana,LB,DB,exact_name,100
2019,98760,4428807,ARIZONA,12,Kwabena Watson,Kwabena Watson,ED,LB,exact_name,100
2019,98766,4427923,HAWAII,62,DJuan Matthews,DJuan Matthews,DI,DL,exact_name,100
2019,98767,4567411,FLORIDA,57,Jaelin Humphries,Jaelin Humphries,DI,DL,exact_name,100
2019,98769,4569135,ARIZONA,12,Kyon Barrs,Kyon Barrs,DI,DL,exact_name,100
2019,98772,4426925,ARIZONA,12,Derrion Clark,Derrion Clark,LB,LB,exact_name,100
2019,98778,4429830,HAWAII,62,Tauivi Ho Ching,Tauivi Ho Ching,LB,LB,exact_name,100
2019,98780,4567403,FLORIDA,57,Mohamoud Diabate,Mohamoud Diabate,ED,LB,exact_name,100
2019,98781,4567406,FLORIDA,57,Ty'Ron Hopper,Ty'Ron Hopper,CB,LB,exact_name,100
2019,98782,4567407,FLORIDA,57,Jesiah Pierre,Jesiah Pierre,LB,LB,exact_name,100
2019,98783,4567417,FLORIDA,57,Khris Bogle,Khris Bogle,ED,EDGE,exact_name,100
2019,98784,4567418,FLORIDA,57,Lloyd Summerall,Lloyd Summerall III,ED,DL,exact_name,100
2019,98791,4573143,HAWAII,62,Bubba Wa'a,Bubba Wa'a,G,OL,exact_name,100
2019,98793,4567409,FLORIDA,57,Riley Simonds,Riley Simonds,G,OL,exact_name,100
2019,98796,4568308,MIAMI FL,2390,Lou Hedley,Lou Hedley,P,P,exact_name,100
2019,98803,4567400,FLORIDA,57,Nay'Quan Wright,Nay'Quan Wright,HB,RB,exact_name,100
2019,98810,4393474,FLORIDA,57,Coleman Crozier,Coleman Crozier,CB,LB,exact_name,100
2019,98811,4567415,FLORIDA,57,Trent Whittemore,Trent Whittemore,WR,WR,exact_name,100
2019,98813,4568296,MIAMI FL,2390,Andrew Barnes,Andrew Barnes,S,S,exact_name,100
2019,98814,4568297,MIAMI FL,2390,Gannon Feldmann,Gannon Feldmann,S,S,exact_name,100
2019,98817,4427491,MIAMI FL,2390,Larry Hodges,Larry Hodges,FB,TE,exact_name,100
2019,98819,4569134,ARIZONA,12,Thomas Aych,Thomas Aych,WR,WR,exact_name,100
2019,98825,4427880,FLORIDA,57,Dionte Marks,Dionte Marks,WR,WR,exact_name,100
2019,98826,4567416,FLORIDA,57,Ja'Markis Weston,Ja'Markis Weston,WR,LB,exact_name,100
2019,98832,4427068,KENTUCKY,96,M.J. Devonshire,M.J. Devonshire,CB,DB,exact_name,100
2019,98833,4568007,LSU,99,Jay Ward,Jay Ward,CB,S,exact_name,100
2019,98835,4427659,LSU,99,Ray'Darious Jones,Raydarious Jones,CB,CB,fuzzy_composite,92
2019,98842,4426832,TENNESSEE,2633,Warren Burrell,Warren Burrell,CB,DB,exact_name,100
2019,98843,4570562,TENNESSEE,2633,Romello Edwards,Romello Edwards,CB,DB,exact_name,100
2019,98844,4427274,TENNESSEE,2633,Tyus Fields,Tyus Fields,S,CB,exact_name,100
2019,98845,4427120,TENNESSEE,2633,Jaylen McCollough,Jaylen McCollough,S,DB,exact_name,100
2019,98847,4427985,TENNESSEE,2633,Bub Means,Bub Means,WR,WR,exact_name,100
2019,98848,4428549,TENNESSEE,2633,Kenney Solomon,Kenney Solomon II,CB,CB,exact_name,100
2019,98849,4240790,TEXAS A&M,245,Elijah Blades,Elijah Blades,CB,CB,exact_name,100
2019,98850,4426816,TEXAS A&M,245,Erick Young,Erick Young,S,DB,exact_name,100
2019,98851,4570684,TEXAS A&M,245,Brian Williams,Brian Williams,S,DB,exact_name,100
2019,98852,4426926,TEXAS A&M,245,Demani Richardson,Demani Richardson,S,DB,exact_name,100
2019,98855,4570690,TEXAS A&M,245,Konnor Hitchcock,Konnor Hitchcock,CB,DB,exact_name,100
2019,98857,4567098,ALABAMA,333,Jordan Battle,Jordan Battle,S,DB,exact_name,100
2019,98858,4567100,ALABAMA,333,Scooby Carter,Scooby Carter,CB,DB,exact_name,100
2019,98859,4567101,ALABAMA,333,Brandon Turnage,Brandon Turnage,CB,CB,exact_name,100
2019,98861,4567109,ALABAMA,333,Marcus Banks,Marcus Banks,CB,S,exact_name,100
2019,98863,4567111,ALABAMA,333,DeMarcco Hellams,DeMarcco Hellams,S,DB,exact_name,100
2019,98867,4567148,ARKANSAS,8,Jalen Catalon,Jalen Catalon,S,DB,exact_name,100
2019,98869,4567152,ARKANSAS,8,Greg Brooks Jr.,Greg Brooks Jr.,CB,S,exact_name,100
2019,98870,4567157,ARKANSAS,8,Malik Chavis,Malik Chavis,CB,DB,exact_name,100
2019,98873,4567167,ARKANSAS,8,Karch Gardiner,Karch Gardiner,S,WR,exact_name,100
2019,98874,4567220,AUBURN,2,Zion Puckett,Zion Puckett,CB,S,exact_name,100
2019,98875,4567222,AUBURN,2,Nehemiah Pritchett,Nehemiah Pritchett,CB,CB,exact_name,100
2019,98876,4567225,AUBURN,2,Jaylin Simpson,Jaylin Simpson,S,CB,exact_name,100
2019,98878,4567961,GEORGIA,61,DJ Daniel,DJ Daniel,CB,DB,exact_name,100
2019,98879,4426536,GEORGIA,61,Lewis Cine,Lewis Cine,S,DB,exact_name,100
2019,98885,4567239,OLE MISS,145,Jalen Jordan,Jalen Jordan,CB,S,exact_name,100
2019,98887,4427190,OLE MISS,145,AJ Finley,AJ Finley,S,S,exact_name,100
2019,98888,4428283,OLE MISS,145,Deantre Prince,Deantre Prince,CB,CB,exact_name,100
2019,98889,4428570,OLE MISS,145,Jay Stanley,Jay Stanley,S,S,exact_name,100
2019,98891,4428472,MISSOURI,142,Chris Shearin,Chris Shearin,CB,S,exact_name,100
2019,98892,4429321,MISSOURI,142,Stacy Brown,Stacy Brown,LB,DB,exact_name,100
2019,98893,4429348,MISSOURI,142,Ishmael Az-Zahir,Ishmael Az-Zahir,CB,CB,exact_name,100
2019,98898,4427087,KENTUCKY,96,Taj Dodson,Taj Dodson,S,DB,exact_name,100
2019,98899,4427099,KENTUCKY,96,Moses Douglass,Moses Douglass,S,S,exact_name,100
2019,98900,4567979,KENTUCKY,96,Brandin Echols,Brandin Echols,CB,DB,exact_name,100
2019,98901,4429655,KENTUCKY,96,Jalen Geiger,Jalen Geiger,CB,S,exact_name,100
2019,98902,4567981,KENTUCKY,96,Quandre Mosely,Quandre Mosely,S,DB,exact_name,100
2019,98903,4568005,LSU,99,Maurice Hampton Jr.,Maurice Hampton Jr.,S,LB,exact_name,100
2019,98904,4568019,LSU,99,Cade Comeaux,Cade Comeaux,S,DB,exact_name,100
2019,98915,4430478,TENNESSEE,2633,Elijah Simmons,Elijah Simmons,DI,DL,exact_name,100
2019,98917,4570582,TENNESSEE,2633,Darel Middleton,Darel Middleton,ED,DL,exact_name,100
2019,98918,4426491,TEXAS A&M,245,Derick Hunter Jr.,Derick Hunter Jr.,DI,DL,exact_name,100
2019,98921,4429936,TEXAS A&M,245,Adarious Jones,Adarious Jones,DI,DL,exact_name,100
2019,98922,4570705,TEXAS A&M,245,Danny Milam,Danny Milam,DI,DL,exact_name,100
2019,98923,4567123,ALABAMA,333,Byron Young,Byron Young,DI,DL,exact_name,100
2019,98924,4567126,ALABAMA,333,Braylen Ingraham,Braylen Ingraham,DI,DL,exact_name,100
2019,98925,4567138,ALABAMA,333,Justin Eboigbe,Justin Eboigbe,ED,DL,exact_name,100
2019,98927,4567140,ALABAMA,333,DJ Dale,DJ Dale,DI,DL,exact_name,100
2019,98928,4567142,ALABAMA,333,Ishmael Sopsher,Ishmael Sopsher,DI,DL,exact_name,100
2019,98929,4567154,ARKANSAS,8,Collin Clay,Collin Clay,ED,NT,exact_name,100
2019,98930,4567171,ARKANSAS,8,Eric Gregory,Eric Gregory,ED,DL,exact_name,100
2019,98931,4567176,ARKANSAS,8,Zach Williams,Zach Williams,ED,DL,exact_name,100
2019,98933,4567188,ARKANSAS,8,Marcus Miller,Marcus Miller,DI,DL,exact_name,100
2019,98935,4567190,ARKANSAS,8,Enoch Jackson,Enoch Jackson,DI,DL,exact_name,100
2019,98937,4575104,AUBURN,2,Reece Mullins,Reece Mullins,ED,DL,exact_name,100
2019,98938,4567237,AUBURN,2,Stone Handy,Stone Handy,DI,LB,exact_name,100
2019,98940,4426349,GEORGIA,61,Travon Walker,Travon Walker,DI,DL,exact_name,100
2019,98941,4426401,GEORGIA,61,Bill Norton,Bill Norton,ED,DL,exact_name,100
2019,98942,4567963,GEORGIA,61,Tramel Walthour,Tramel Walthour,ED,DL,exact_name,100
2019,98943,4428032,GEORGIA,61,Tymon Mitchell,Tymon Mitchell,DI,DL,exact_name,100
2019,98944,4427826,GEORGIA,61,Zion Logue,Zion Logue,DI,DL,exact_name,100
2019,98946,4569480,MISSOURI,142,Darius Robinson,Darius Robinson,DI,DL,exact_name,100
2019,98947,4429317,MISSOURI,142,Z'Core Brooks,Z'Core Brooks,DI,LB,exact_name,100
2019,98948,4427963,MISSOURI,142,Isaiah McGuire,Isaiah McGuire,ED,DL,exact_name,100
2019,98951,4426841,KENTUCKY,96,Cavon Butler,Cavon Butler,DI,DT,exact_name,100
2019,98952,4454902,KENTUCKY,96,Isaiah Gibson Sr.,Isaiah Gibson Sr.,ED,DL,exact_name,100
2019,98953,4568016,LSU,99,Joe Evans,Joe Evans,DI,DL,exact_name,100
2019,98956,4567251,OLE MISS,145,Lakia Henry,Lakia Henry,LB,LB,exact_name,100
2019,98958,4567249,OLE MISS,145,Ashanti Cistrunk,Ashanti Cistrunk,LB,LB,exact_name,100
2019,98967,4567143,ALABAMA,333,Ty Perine,Ty Perine,K,PK,exact_name,100
2019,98982,4426350,TENNESSEE,2633,Henry To'oTo'o,Henry To'oTo'o,LB,LB,exact_name,100
2019,98983,4427399,TENNESSEE,2633,Roman Harrison,Roman Harrison,ED,DL,exact_name,100
2019,98989,4430436,TEXAS A&M,245,Chris Russell Jr.,Chris Russell Jr.,LB,LB,exact_name,100
2019,98996,4567099,ALABAMA,333,Christian Harris,Christian Harris,LB,LB,exact_name,100
2019,98997,4567112,ALABAMA,333,King Mwikuta,King Mwikuta,ED,LB,exact_name,100
2019,98998,4567115,ALABAMA,333,Shane Lee,Shane Lee,LB,LB,exact_name,100
2019,99001,4567161,ARKANSAS,8,Zach Zimos,Zach Zimos,LB,LB,exact_name,100
2019,99006,4567219,AUBURN,2,Owen Pappoe,Owen Pappoe,LB,LB,exact_name,100
2019,99008,4567229,AUBURN,2,OC Brothers,OC Brothers,LB,LB,exact_name,100
2019,99014,4426331,GEORGIA,61,Nolan Smith,Nolan Smith,ED,LB,exact_name,100
2019,99015,4567962,GEORGIA,61,Jermaine Johnson,Jermaine Johnson,ED,DE,exact_name,100
2019,99017,4426677,GEORGIA,61,Trezmen Marshall,Trezmen Marshall,LB,LB,exact_name,100
2019,99018,4426340,GEORGIA,61,Nakobe Dean,Nakobe Dean,LB,LB,exact_name,100
2019,99021,4569482,MISSOURI,142,Devin Nicholson,Devin Nicholson,LB,LB,exact_name,100
2019,99025,4428862,KENTUCKY,96,Tra Wilkins,Tra Wilkins,LB,LB,exact_name,100
2019,99027,4427937,LSU,99,Kendall McCallum,Kendall McCallum,LB,LB,exact_name,100
2019,99039,4427848,OLE MISS,145,Patrick Lucas Jr.,Patrick Lucas Jr.,DI,DL,exact_name,100
2019,99047,4426465,TENNESSEE,2633,Jackson Lampley,Jackson Lampley,G,OL,exact_name,100
2019,99050,4427732,TENNESSEE,2633,Chris Akporoghene,Chris Akporoghene,G,G,exact_name,100
2019,99051,4428705,TEXAS A&M,245,Blake Trainor,Blake Trainor,T,OL,exact_name,100
2019,99052,4426327,TEXAS A&M,245,Kenyon Green,Kenyon Green,G,OL,exact_name,100
2019,99053,-1034941,TEXAS A&M,245,Bart Clement,Bart Clement,G,OL,exact_name,100
2019,99054,4570698,TEXAS A&M,245,Thomas Spann,Thomas Spann,T,OL,exact_name,100
2019,99057,4428368,TEXAS A&M,245,Layden Robinson,Layden Robinson,G,OL,exact_name,100
2019,99061,4567132,ALABAMA,333,Darrian Dalcourt,Darrian Dalcourt,C,OL,exact_name,100
2019,99062,4567133,ALABAMA,333,Pierce Quick,Pierce Quick,G,OL,exact_name,100
2019,99063,4567134,ALABAMA,333,Evan Neal,Evan Neal,G,OL,exact_name,100
2019,99064,4567135,ALABAMA,333,Amari Kight,Amari Kight,T,OL,exact_name,100
2019,99066,4567173,ARKANSAS,8,Ricky Stromberg,Ricky Stromberg,G,OL,exact_name,100
2019,99067,4567175,ARKANSAS,8,Beaux Limmer,Beaux Limmer,G,OL,exact_name,100
2019,99068,4567178,ARKANSAS,8,Brady Latham,Brady Latham,T,OL,exact_name,100
2019,99076,4426336,GEORGIA,61,Clay Webb,Clay Webb,G,OL,exact_name,100
2019,99081,4426512,GEORGIA,61,Warren McClendon Jr.,Warren McClendon,T,OL,exact_name,100
2019,99082,4427080,GEORGIA,61,Xavier Truss,Xavier Truss,T,OL,exact_name,100
2019,99083,4575225,OLE MISS,145,Caleb Warren,Caleb Warren,G,OL,exact_name,100
2019,99084,4426498,OLE MISS,145,Nick Broeker,Nick Broeker,T,OL,exact_name,100
2019,99086,4428301,OLE MISS,145,Bryce Ramsey,Bryce Ramsey,C,OL,exact_name,100
2019,99092,4569485,MISSOURI,142,Angel Matute,Angel Matute,C,OL,exact_name,100
2019,99093,4428361,MISSOURI,142,Thalen Robinson,Thalen Robinson,G,OL,exact_name,100
2019,99099,4426981,KENTUCKY,96,Eli Cox,Eli Cox,G,OL,exact_name,100
2019,99102,4568014,LSU,99,Charles Turner,Charles Turner III,C,OL,exact_name,100
2019,99103,4429211,LSU,99,Anthony Bradford,Anthony Bradford,G,OL,exact_name,100
2019,99106,4567242,OLE MISS,145,Sam Williams,Sam Williams,ED,DL,exact_name,100
2019,99107,4567978,KENTUCKY,96,Marquez Bembry,Marquez Bembry,LB,LB,exact_name,100
2019,99108,4429383,KENTUCKY,96,Jared Casey,Jared Casey,ED,LB,exact_name,100
2019,99111,4428817,KENTUCKY,96,J.J. Weaver,J.J. Weaver,ED,LB,exact_name,100
2019,99123,4427928,TENNESSEE,2633,Brian Maurer,Brian Maurer,QB,QB,exact_name,100
2019,99129,4567149,ARKANSAS,8,KJ Jefferson,KJ Jefferson,QB,QB,exact_name,100
2019,99131,4575121,GEORGIA,61,Nathan Priestley,Nathan Priestley,QB,WR,exact_name,100
2019,99132,4567241,OLE MISS,145,Kinkead Dent,Kinkead Dent,QB,QB,exact_name,100
2019,99133,4575221,OLE MISS,145,Sellers Shy,Sellers Shy,QB,WR,exact_name,100
2019,99134,4575218,OLE MISS,145,Brice Johnson,Brice Johnson,WR,WR,exact_name,100
2019,99135,4426444,MISSOURI,142,Connor Bazelak,Connor Bazelak,QB,QB,exact_name,100
2019,99136,4429663,KENTUCKY,96,Amani Gilmore,Amani Gilmore,QB,QB,exact_name,100
2019,99143,4570561,TENNESSEE,2633,Eric Gray,Eric Gray,HB,RB,exact_name,100
2019,99144,4570572,TENNESSEE,2633,Fred Orr,Fred Orr,HB,RB,exact_name,100
2019,99146,4426891,TEXAS A&M,245,Isaiah Spiller,Isaiah Spiller,HB,RB,exact_name,100
2019,99158,4427391,GEORGIA,61,Kenny McIntosh,Kenny McIntosh,HB,RB,exact_name,100
2019,99159,4429410,GEORGIA,61,Sevaughn Clark,Sevaughn Clark,HB,RB,exact_name,100
2019,99160,4575123,GEORGIA,61,Anthony Summey,Anthony Summey,HB,RB,exact_name,100
2019,99163,4567246,OLE MISS,145,Snoop Conner,Snoop Conner,HB,RB,exact_name,100
2019,99165,4569481,MISSOURI,142,Anthony Watkins,Anthony Watkins,HB,RB,exact_name,100
2019,99168,4427511,KENTUCKY,96,Travis Tisdale,Travis Tisdale,HB,RB,exact_name,100
2019,99169,4426475,LSU,99,Tyrion Davis-Price,Tyrion Davis-Price,HB,RB,exact_name,100
2019,99172,4427474,MISSOURI,142,Jalani Williams,Jalani Williams,S,DB,exact_name,100
2019,99173,4427879,MISSOURI,142,Martez Manuel,Martez Manuel,S,DB,exact_name,100
2019,99177,4426373,LSU,99,Marcel Brooks,Marcel Brooks,ED,LB,exact_name,100
2019,99181,4570580,TENNESSEE,2633,Sean Brown,Sean Brown,TE,TE,exact_name,100
2019,99185,4428952,TEXAS A&M,245,Jalen Wydermyer,Jalen Wydermyer,TE,TE,exact_name,100
2019,99186,4078041,TEXAS A&M,245,Tyler Scoggin,Tyler Scoggin,TE,TE,exact_name,100
2019,99187,4574868,ALABAMA,333,Melvin Billingsley,Melvin Billingsley,TE,TE,exact_name,100
2019,99189,4567185,ARKANSAS,8,Hudson Henry,Hudson Henry,TE,TE,exact_name,100
2019,99191,4427694,OLE MISS,145,Casey Kelly,Casey Kelly,TE,TE,exact_name,100
2019,99192,4429787,MISSOURI,142,Niko Hea,Niko Hea,TE,TE,exact_name,100
2019,99194,4428154,KENTUCKY,96,Nik Ognenovic,Nik Ognenovic,TE,TE,exact_name,100
2019,99202,4570566,TENNESSEE,2633,Isaiah Montgomery,Isaiah Montgomery,WR,WR,exact_name,100
2019,99204,4426399,TENNESSEE,2633,Ramel Keyton,Ramel Keyton,WR,WR,exact_name,100
2019,99205,4426459,TEXAS A&M,245,Chase Lane,Chase Lane,WR,WR,exact_name,100
2019,99206,4570683,TEXAS A&M,245,Kam Brown,Kam Brown,WR,WR,exact_name,100
2019,99207,4428532,TEXAS A&M,245,Ainias Smith,Ainias Smith,WR,WR,exact_name,100
2019,99209,4426383,TEXAS A&M,245,Dylan Wright,Dylan Wright,WR,WR,exact_name,100
2019,99217,4567155,ARKANSAS,8,T.Q. Jackson,T.Q. Jackson,WR,S,exact_name,100
2019,99218,4567156,ARKANSAS,8,Treylon Burks,Treylon Burks,WR,WR,exact_name,100
2019,99222,4567187,ARKANSAS,8,John David White,John David White,WR,WR,exact_name,100
2019,99224,4567221,AUBURN,2,Ja'Shawn Sheffield,Jashawn Sheffield,WR,WR,fuzzy_composite,93
2019,99225,4575105,AUBURN,2,Tommy Nesmith,Tommy Nesmith,WR,WR,exact_name,100
2019,99226,4567233,AUBURN,2,Cameron Payne,Cameron Payne,WR,WR,exact_name,100
2019,99227,4391411,AUBURN,2,Malcolm Russell,Malcolm Russell,FB,WR,exact_name,100
2019,99228,4391408,AUBURN,2,Jackson McFadden,Jackson McFadden,WR,WR,exact_name,100
2019,99229,4426354,GEORGIA,61,George Pickens,George Pickens,WR,WR,exact_name,100
2019,99230,4426341,GEORGIA,61,Dominick Blaylock,Dominick Blaylock,WR,WR,exact_name,100
2019,99231,4426382,GEORGIA,61,Makiya Tongue,Makiya Tongue,WR,LB,exact_name,100
2019,99233,4429908,OLE MISS,145,Jordan Jernigan,Jordan Jernigan,WR,WR,exact_name,100
2019,99234,4428828,OLE MISS,145,Jack White,Jack White,WR,WR,exact_name,100
2019,99236,4427912,MISSOURI,142,Maurice Massey,Maurice Massey,WR,WR,exact_name,100
2019,99242,4429483,KENTUCKY,96,Tae Tae Crumes,Tae Tae Crumes,WR,WR,exact_name,100
2019,99244,4429751,KENTUCKY,96,DeMarcus Harris,DeMarcus Harris,WR,WR,exact_name,100
2019,99245,4426481,LSU,99,Devonta Lee,Devonta Lee,WR,WR,exact_name,100
2019,99248,4426407,LSU,99,Trey Palmer,Trey Palmer,WR,WR,exact_name,100
2019,99250,4428943,KANSAS ST,2306,Jacardia Wright,Jacardia Wright,HB,RB,exact_name,100
2019,99257,4428586,TCU,2628,Kee'yon Stewart,Kee'yon Stewart,CB,DB,exact_name,100
2019,99259,4427657,OKLA STATE,197,Demarco Jones,Demarco Jones,CB,CB,exact_name,100
2019,99260,4428246,OKLA STATE,197,Xavier Player,Xavier Player,LB,CB,exact_name,100
2019,99261,4571874,BAYLOR,239,Brandon White,Brandon White,CB,CB,exact_name,100
2019,99265,4426710,TEXAS,251,Kenyatta Watson II,Kenyatta Watson II,CB,S,exact_name,100
2019,99266,4427494,TEXAS,251,Chris Adimora,Chris Adimora,CB,S,exact_name,100
2019,99268,4429360,TEXAS,251,Marques Caldwell,Marques Caldwell,CB,DB,exact_name,100
2019,99271,4572460,TEXAS,251,Tyler Owens,Tyler Owens,S,DB,exact_name,100
2019,99276,4569121,KANSAS ST,2306,Will Jones II,Will Jones II,CB,S,exact_name,100
2019,99280,4569129,KANSAS ST,2306,Logan Wilson,Logan Wilson,CB,CB,exact_name,100
2019,99282,4427712,IOWA STATE,66,Kym'Mani King,Kym'Mani King,CB,DB,exact_name,100
2019,99283,4569032,IOWA STATE,66,D.J. Miller Jr.,D.J. Miller Jr.,CB,DB,exact_name,100
2019,99298,4429752,TCU,2628,Wyatt Harris,Wyatt Harris,LB,LB,exact_name,100
2019,99300,4569359,TCU,2628,Parker Workman,Parker Workman,ED,DE,exact_name,100
2019,99301,4429566,TCU,2628,Colt Ellison,Colt Ellison,ED,DL,exact_name,100
2019,99302,4427561,OKLA STATE,197,Isreal Isuman-Hundley,Isreal Isuman-Hundley,LB,DE,exact_name,100
2019,99303,4404495,OKLA STATE,197,Ben Kopenski,Ben Kopenski,LB,DL,exact_name,100
2019,99307,4427207,OKLA STATE,197,Trace Ford,Trace Ford,ED,DL,exact_name,100
2019,99308,4428781,OKLA STATE,197,Kody Walterscheid,Kody Walterscheid,ED,DE,exact_name,100
2019,99314,4428304,BAYLOR,239,Garmon Randolph,Garmon Randolph,LB,LB,exact_name,100
2019,99316,4426408,OKLAHOMA,201,Joseph Wete,Joseph Wete,ED,LB,exact_name,100
2019,99317,4569384,TEXAS,251,Jacoby Jones,Jacoby Jones,ED,DL,exact_name,100
2019,99321,4428617,TEXAS,251,T'Vondre Sweat,T'Vondre Sweat,DI,DL,exact_name,100
2019,99323,4573155,KANSAS,2305,Malcolm Lee,Malcolm Lee,DI,DL,exact_name,100
2019,99327,4428600,OKLAHOMA,201,Marcus Stripling,Marcus Stripling,ED,DL,exact_name,100
2019,99328,4428357,OKLAHOMA,201,Kori Roberson Jr.,Kori Roberson Jr.,DI,DT,exact_name,100
2019,99330,4569174,OKLAHOMA,201,LaRon Stokes,LaRon Stokes,DI,DL,exact_name,100
2019,99335,4569411,TEXAS TECH,2641,Tony Bradford Jr.,Tony Bradford Jr.,ED,DL,exact_name,100
2019,99338,4569367,TCU,2628,Benedict Brafi,Benedict Brafi,DI,DT,exact_name,100
2019,99339,4569368,TCU,2628,Soni Misi,Soni Misi,DI,DL,exact_name,100
2019,99340,4430428,OKLA STATE,197,Xavier Ross,Xavier Ross,ED,DE,exact_name,100
2019,99343,4569328,OKLA STATE,197,Sione Asi,Sione Asi,DI,DT,exact_name,100
2019,99348,4568998,BAYLOR,239,TJ Franklin,TJ Franklin,ED,DL,exact_name,100
2019,99349,4571885,BAYLOR,239,Harrison White,Harrison White,ED,OL,exact_name,100
2019,99350,4429731,BAYLOR,239,Gabe Hall,Gabe Hall,DI,DL,exact_name,100
2019,99363,4427982,TEXAS TECH,2641,Austin McNamara,Austin McNamara,K,P,exact_name,100
2019,99368,4572453,TEXAS,251,Juwan Mitchell,Juwan Mitchell,LB,LB,exact_name,100
2019,99370,4426398,TEXAS,251,David Gbenda,David Gbenda,LB,LB,exact_name,100
2019,99373,4573153,KANSAS,2305,Hayden Hatcher,Hayden Hatcher,ED,DE,exact_name,100
2019,99376,4428914,TCU,2628,Dee Winters,Dee Winters,LB,LB,exact_name,100
2019,99379,4427081,OKLA STATE,197,Na'Drian Dizadare,Na'Drian Dizadare,LB,LB,exact_name,100
2019,99380,4427165,OKLA STATE,197,Kamryn Farrar,Kamryn Farrar,LB,LB,exact_name,100
2019,99381,4404493,OKLA STATE,197,Relijah Sherman,Relijah Sherman,LB,LB,exact_name,100
2019,99386,4569110,KANSAS ST,2306,Levi Archer,Levi Archer,LB,LB,exact_name,100
2019,99387,4427108,KANSAS ST,2306,Khalid Duke,Khalid Duke,ED,DE,exact_name,100
2019,99389,4427514,IOWA STATE,66,Aric Horne,Aric Horne,CB,LB,exact_name,100
2019,99395,4568996,BAYLOR,239,Trystan Slinker,Trystan Slinker,LB,LB,exact_name,100
2019,99396,4571882,BAYLOR,239,Matt Jones,Matt Jones,LB,LB,exact_name,100
2019,99397,4569392,TEXAS TECH,2641,Kosi Eldridge,Kosi Eldridge,S,DB,exact_name,100
2019,99398,4427922,TEXAS TECH,2641,Tyrique Matthews,Tyrique Matthews,LB,LB,exact_name,100
2019,99411,4569407,TEXAS TECH,2641,Luke Rizzo,Luke Rizzo,LS,LS,exact_name,100
2019,99430,4569163,OKLAHOMA,201,Finley Felix,Finley Felix,T,OL,exact_name,100
2019,99431,4430725,OKLAHOMA,201,Stacey Wilkins,Stacey Wilkins,T,OL,exact_name,100
2019,99433,4426461,OKLAHOMA,201,EJ Ndoma-Ogar,EJ Ndoma-Ogar,G,OL,exact_name,100
2019,99434,4426663,KANSAS ST,2306,Cooper Beebe,Cooper Beebe,G,OL,exact_name,100
2019,99436,4569120,KANSAS ST,2306,Noah Johnson,Noah Johnson,C,OL,exact_name,100
2019,99447,4427913,BAYLOR,239,Paul Matavao-Poialii,Paul Matavao-Poialii,G,OL,exact_name,100
2019,99448,4568997,BAYLOR,239,Blake Bedier,Blake Bedier,T,OL,exact_name,100
2019,99449,4571883,BAYLOR,239,Blake George,Blake George,T,OL,exact_name,100
2019,99450,4571884,BAYLOR,239,Colby Johnston,Colby Johnston,T,OL,exact_name,100
2019,99453,4430406,TEXAS TECH,2641,Trevor Roberson,Trevor Roberson,T,OL,exact_name,100
2019,99454,4569408,TEXAS TECH,2641,Ty Morrow,Ty Morrow,G,OL,exact_name,100
2019,99457,4428231,TEXAS TECH,2641,Landon Peterson,Landon Peterson,T,OL,exact_name,100
2019,99459,4429430,TCU,2628,Andrew Coker,Andrew Coker,T,OL,exact_name,100
2019,99467,4426386,TEXAS,251,Roschon Johnson,Roschon Johnson,TE,RB,exact_name,100
2019,99470,4427105,TCU,2628,Max Duggan,Max Duggan,QB,QB,exact_name,100
2019,99472,4569119,KANSAS ST,2306,Chris Herron,Chris Herron,WR,QB,exact_name,100
2019,99482,4426635,TCU,2628,Darwin Barlow,Darwin Barlow,HB,RB,exact_name,100
2019,99486,4569324,OKLA STATE,197,Micah Cooper,Micah Cooper,HB,RB,exact_name,100
2019,99488,4426484,OKLAHOMA,201,Marcus Major Jr.,Marcus Major,HB,RB,exact_name,100
2019,99489,4429518,KANSAS ST,2306,Jax Dineen,Jax Dineen,FB,FB,exact_name,100
2019,99490,4427148,KANSAS ST,2306,Joe Ervin,Joe Ervin,HB,RB,exact_name,100
2019,99494,4571877,BAYLOR,239,Jacoby Clarke,Jacoby Clarke,HB,RB,exact_name,100
2019,99496,4571880,BAYLOR,239,Jonah White,Jonah White,HB,RB,exact_name,100
2019,99497,4569400,TEXAS TECH,2641,Chux Nwabuko III,Chux Nwabuko III,HB,RB,exact_name,100
2019,99503,4569369,TCU,2628,Josh Foster,Josh Foster,LB,S,exact_name,100
2019,99504,4569352,TCU,2628,Millard Bradford,Millard Bradford,S,S,exact_name,100
2019,99512,4430731,BAYLOR,239,Will Williams,Will Williams,LB,LB,exact_name,100
2019,99513,4577732,BAYLOR,239,Collin Losack,Collin Losack,LB,S,exact_name,100
2019,99517,4574571,TCU,2628,Brent Matiscik,Brent Matiscik,FB,LS,exact_name,100
2019,99518,4569364,TCU,2628,Dominic DiNunzio,Dominic DiNunzio,TE,TE,exact_name,100
2019,99525,4428545,BAYLOR,239,Sam Snyder,Sam Snyder,TE,TE,exact_name,100
2019,99527,4572454,TEXAS,251,Marcus Washington,Marcus Washington,WR,WR,exact_name,100
2019,99531,4362109,TEXAS,251,Al'vonte Woodard,Al'vonte Woodard,WR,WR,exact_name,100
2019,99532,4427801,TEXAS,251,Kennedy Lewis,Kennedy Lewis,WR,WR,exact_name,100
2019,99538,4426965,TCU,2628,Blair Conwright,Blair Conwright,WR,WR,exact_name,100
2019,99542,4405809,OKLA STATE,197,Gabe Simpson,Gabe Simpson,WR,WR,exact_name,100
2019,99546,4426568,OKLA STATE,197,Langston Anderson,Langston Anderson,WR,WR,exact_name,100
2019,99548,4569176,OKLAHOMA,201,Jackson Webb,Jackson Webb,WR,WR,exact_name,100
2019,99549,4430511,OKLAHOMA,201,Damon Smith,Damon Smith,WR,WR,exact_name,100
2019,99550,4426517,KANSAS ST,2306,Keenan Garber,Keenan Garber,WR,CB,exact_name,100
2019,99552,4428969,KANSAS ST,2306,Joshua Youngblood,Joshua Youngblood,WR,WR,exact_name,100
2019,99553,4430330,IOWA STATE,66,Darien Porter,Darien Porter,WR,DB,exact_name,100
2019,99554,4569031,IOWA STATE,66,Darren Wilson Jr.,Darren Wilson Jr.,WR,WR,exact_name,100
2019,99557,4574980,BAYLOR,239,Tripp Mitchell,Tripp Mitchell,WR,WR,exact_name,100
2019,99559,4370584,BAYLOR,239,Davis Baucum,Davis Baucum,WR,WR,exact_name,100
2019,99561,4428835,BAYLOR,239,Kolby White,Kolby White,WR,WR,exact_name,100
2019,99562,4577778,BAYLOR,239,Kyle Peterson,Kyle Peterson,WR,WR,exact_name,100
2019,99564,4428640,BAYLOR,239,Yusuf Terry,Yusuf Terry,WR,WR,exact_name,100
2019,99566,4569393,TEXAS TECH,2641,Xavier White,Xavier White,WR,WR,exact_name,100
2019,99569,4569399,TEXAS TECH,2641,Mark Richardson,Mark Richardson,WR,WR,exact_name,100
2019,99571,4426343,CLEMSON,228,Frank Ladson Jr.,Frank Ladson Jr.,WR,WR,exact_name,100
2019,99572,4568658,PITTSBURGH,221,Daniel Carter,Daniel Carter,FB,RB,exact_name,100
2019,99577,4426430,CLEMSON,228,Taisun Phommachanh,Taisun Phommachanh,QB,QB,exact_name,100
2019,99580,4568663,N CAROLINA,153,Vincent Amendola,Vincent Amendola,QB,QB,exact_name,100
2019,99581,4430518,CLEMSON,228,Brannon Spector,Brannon Spector,WR,WR,exact_name,100
2019,99584,4428490,N CAROLINA,153,Emery Simmons,Emery Simmons,WR,WR,exact_name,100
2019,99589,4428564,N CAROLINA,153,Welton Spottsville,Welton Spottsville,WR,S,exact_name,100
2019,99591,4427111,CLEMSON,228,Michel Dukes,Michel Dukes,HB,RB,exact_name,100
2019,99592,4568312,NC STATE,152,Jordan Houston,Jordan Houston,HB,RB,exact_name,100
2019,99593,4568660,PITTSBURGH,221,Vincent Davis,Vincent Davis Jr.,HB,RB,exact_name,100
2019,99594,4568670,N CAROLINA,153,Josh Henderson,Josh Henderson,HB,RB,exact_name,100
2019,99595,4429939,SYRACUSE,183,Jawhar Jordan,Jawhar Jordan,HB,RB,exact_name,100
2019,99597,4426409,CLEMSON,228,Chez Mellusi,Chez Mellusi,HB,RB,exact_name,100
2019,99601,4577581,FLORIDA ST,52,Tre Young,Tre Young,WR,WR,exact_name,100
2019,99604,4568219,CLEMSON,228,Hampton Earle,Hampton Earle,WR,WR,exact_name,100
2019,99606,4427141,GA TECH,59,Devin Ellison,Devin Ellison,HB,RB,exact_name,100
2019,99607,4391365,CLEMSON,228,Ty Lucas,Ty Lucas,HB,LS,exact_name,100
2019,99619,4428783,FLORIDA ST,52,Treshaun Ward,Treshaun Ward,HB,RB,exact_name,100
2019,99626,4568675,N CAROLINA,153,Nick Quigley,Nick Quigley,WR,WR,exact_name,100
2019,99644,4426738,CLEMSON,228,Kaleb Boateng,Kaleb Boateng,T,OL,exact_name,100
2019,99645,4428315,SYRACUSE,183,Anthony Red,Anthony Red,T,OL,exact_name,100
2019,99647,4228300,VIRGINIA,258,Jalen Harrison,Jalen Harrison,TE,WR,exact_name,100
2019,99648,4370777,VIRGINIA,258,Joe Bissinger,Joe Bissinger,G,OL,exact_name,100
2019,99650,4568258,FLORIDA ST,52,Maurice Smith,Maurice Smith,G,OL,exact_name,100
2019,99652,4428706,CLEMSON,228,Mason Trotter,Mason Trotter,G,OL,exact_name,100
2019,99653,4430230,N CAROLINA,153,Ty Murray,Ty Murray,C,OL,exact_name,100
2019,99654,4428311,CLEMSON,228,Hunter Rayburn,Hunter Rayburn,C,OL,exact_name,100
2019,99658,4568510,SYRACUSE,183,Matthew Bergeron,Matthew Bergeron,T,OL,exact_name,100
2019,99659,4568226,CLEMSON,228,Mac Cranford,Mac Cranford,C,OL,exact_name,100
2019,99661,4568260,FLORIDA ST,52,Alexander Strozier,Alexander Strozier,G,OL,exact_name,100
2019,99662,4576767,CLEMSON,228,Zac McIntosh,Zac McIntosh,G,OL,exact_name,100
2019,99664,4370784,VIRGINIA,258,Derek Devine,Derek Devine,G,OT,exact_name,100
2019,99674,4430379,N CAROLINA,153,Asim Richards,Asim Richards,T,OL,exact_name,100
2019,99676,4568261,FLORIDA ST,52,Jay Williams,Jay Williams,T,OL,exact_name,100
2019,99679,4568262,FLORIDA ST,52,Darius Washington,Darius Washington,T,OL,exact_name,100
2019,99681,4247347,BOSTON COL,103,Zion Johnson,Zion Johnson,G,OL,exact_name,100
2019,99682,4568511,SYRACUSE,183,Darius Tisdale,Darius Tisdale,G,OL,exact_name,100
2019,99683,4429791,FLORIDA ST,52,Ira Henry III,Ira Henry III,G,OL,exact_name,100
2019,99685,4574777,GA TECH,59,Dylan Leonard,Dylan Leonard,TE,TE,exact_name,100
2019,99691,4430681,PITTSBURGH,221,Jared Wayne,Jared Wayne,WR,WR,exact_name,100
2019,99692,4429513,GA TECH,59,Dylan Deveney,Dylan Deveney,TE,TE,exact_name,100
2019,99695,4428167,N CAROLINA,153,Justin Olson,Justin Olson,WR,WR,exact_name,100
2019,99697,4426553,CLEMSON,228,Davis Allen,Davis Allen,TE,TE,exact_name,100
2019,99698,4427287,VIRGINIA,258,Dorien Goddard,Dorien Goddard,WR,WR,exact_name,100
2019,99701,4427779,CLEMSON,228,Jaelyn Lay,Jaelyn Lay,TE,TE,exact_name,100
2019,99703,4565172,SYRACUSE,183,Courtney Jackson,Courtney Jackson,WR,WR,exact_name,100
2019,99706,4568227,CLEMSON,228,Tye Herbstreit,Tye Herbstreit,WR,WR,exact_name,100
2019,99708,4426692,SYRACUSE,183,Luke Benson,Luke Benson,TE,TE,exact_name,100
2019,99711,4428850,VIRGINIA,258,Dontayvion Wicks,Dontayvion Wicks,WR,WR,exact_name,100
2019,99712,4568228,CLEMSON,228,Hamp Greene,Hamp Greene,WR,WR,exact_name,100
2019,99713,4428050,N CAROLINA,153,Kamari Morales,Kamari Morales,TE,TE,exact_name,100
2019,99720,4427288,FLORIDA ST,52,Kevon Glenn,Kevon Glenn,LB,LB,exact_name,100
2019,99721,4426896,N CAROLINA,153,Don Chapman,Don Chapman,S,DB,exact_name,100
2019,99722,4568505,SYRACUSE,183,Mikel Jones,Mikel Jones,LB,LB,exact_name,100
2019,99725,4568270,GA TECH,59,Chico Bennett Jr.,Chico Bennett Jr.,ED,DE,exact_name+posgroup,98
2019,99727,4568218,CLEMSON,228,Ray Thornton III,Ray Thornton III,S,S,exact_name,100
2019,99728,4427729,GA TECH,59,Demetrius Knight Jr.,Demetrius Knight II,LB,LB,exact_name,100
2019,99729,4427469,CLEMSON,228,Kane Patterson,Kane Patterson,LB,LB,exact_name,100
2019,99732,4427402,CLEMSON,228,Joseph Charleston,Joseph Charleston,S,S,exact_name,100
2019,99734,4426817,FLORIDA ST,52,Jarvis Brownlee Jr.,Jarvis Brownlee Jr.,CB,DB,exact_name,100
2019,99735,4428267,NC STATE,152,Cecil Powell,Cecil Powell,CB,DB,exact_name,100
2019,99738,4427130,N CAROLINA,153,Obi Egbuna,Obi Egbuna,CB,DB,exact_name,100
2019,99740,4427291,FLORIDA ST,52,Kalen DeLoach,Kalen DeLoach,LB,LB,exact_name,100
2019,99742,4568662,PITTSBURGH,221,Brandon Hill,Brandon Hill,CB,DB,exact_name,100
2019,99743,4427744,SYRACUSE,183,Lee Kpogba,Lee Kpogba,ED,LB,exact_name,100
2019,99744,4426344,CLEMSON,228,Andrew Booth Jr.,Andrew Booth Jr.,CB,CB,exact_name,100
2019,99745,4568265,GA TECH,59,Jordan Huff,Jordan Huff,CB,S,exact_name,100
2019,99748,4427532,N CAROLINA,153,Eugene Asante,Eugene Asante,LB,LB,exact_name,100
2019,99749,4568507,SYRACUSE,183,Adrian Cole,Adrian Cole,CB,CB,exact_name,100
2019,99751,4428237,CLEMSON,228,Jalyn Phillips,Jalyn Phillips,S,S,exact_name,100
2019,99753,4427334,SYRACUSE,183,Aman Greenwood,Aman Greenwood,S,DB,exact_name,100
2019,99755,4426704,N CAROLINA,153,Giovanni Biggers,Giovanni Biggers,S,DB,exact_name,100
2019,99757,4426931,VIRGINIA,258,Antonio Clary,Antonio Clary,S,S,exact_name,100
2019,99758,4426445,FLORIDA ST,52,Quashon Fuller,Quashon Fuller,ED,DL,exact_name,100
2019,99760,4427863,CLEMSON,228,Keith Maguire,Keith Maguire,LB,LB,exact_name,100
2019,99761,4568271,GA TECH,59,Kenan Johnson,Kenan Johnson,S,DB,exact_name,100
2019,99762,4426427,FLORIDA ST,52,Raymond Woodie III,Raymond Woodie III,S,DB,exact_name,100
2019,99763,4429367,SYRACUSE,183,Geoffrey Cantin-Arku,Geoffrey Cantin-Arku,LB,LB,exact_name,100
2019,99766,4428330,CLEMSON,228,Etinosa Reuben,Etinosa Reuben,DI,DL,exact_name,100
2019,99767,4429511,PITTSBURGH,221,SirVocea Dennis,SirVocea Dennis,LB,LB,exact_name,100
2019,99768,4430271,CLEMSON,228,Ruke Orhorhoro,Ruke Orhorhoro,DI,DT,exact_name,100
2019,99771,4568315,NC STATE,152,Jaylon Scott,Jaylon Scott,LB,LB,exact_name,100
2019,99773,4427325,FLORIDA ST,52,Renardo Green,Renardo Green,CB,DB,exact_name,100
2019,99774,4428971,CLEMSON,228,Lannden Zanders,Lannden Zanders,S,S,exact_name,100
2019,99779,4370789,VIRGINIA,258,T.C. Harrison,T.C. Harrison,LB,LB,exact_name,100
2019,99781,4370776,VIRGINIA,258,Jaylon Baker,Jaylon Baker,CB,WR,exact_name,100
2019,99784,4568221,CLEMSON,228,Greg Williams,Greg Williams,ED,DE,exact_name,100
2019,99785,4568676,N CAROLINA,153,William Robertson,William Robertson,ED,DL,exact_name,100
2019,99788,4426397,FLORIDA ST,52,Jaleel McRae,Jaleel McRae,LB,LB,exact_name,100
2019,99789,4426505,CLEMSON,228,LaVonta Bentley,LaVonta Bentley,LB,LB,exact_name,100
2019,99793,4426396,FLORIDA ST,52,Brendan Gant,Brendan Gant,LB,LB,exact_name,100
2019,99794,4568279,GA TECH,59,Taylor McCawley,Taylor McCawley,LB,LB,exact_name,100
2019,99799,4568681,N CAROLINA,153,Noah Taylor,Noah Taylor,ED,LB,exact_name,100
2019,99801,4426949,N CAROLINA,153,Parks Cochrane,Parks Cochrane,LB,LB,exact_name,100
2019,99805,4568682,N CAROLINA,153,Raymond Vohasek,Raymond Vohasek,DI,DL,exact_name,100
2019,99807,4427624,CLEMSON,228,Tayquon Johnson,Tayquon Johnson,DI,G,exact_name,100
2019,99810,4430153,FLORIDA ST,52,Derrick McLendon II,Derrick McLendon,ED,LB,exact_name,100
2019,99811,4568668,N CAROLINA,153,Tomari Fox,Tomari Fox,ED,DL,exact_name,100
2019,99818,4428387,SYRACUSE,183,Joe Rondi,Joe Rondi,DI,DL,exact_name,100
2019,99823,4427573,N CAROLINA,153,Khadry Jackson,Khadry Jackson,LB,LB,exact_name,100
2019,99824,4568513,SYRACUSE,183,Drew Tuazama,Drew Tuazama,DI,DL,exact_name,100
2019,99826,4393309,CLEMSON,228,Tristan Walliser,Tristan Walliser,ED,DL,exact_name,100
2019,99827,4426466,N CAROLINA,153,Cam'Ron Kelly,Cam'Ron Kelly,S,DB,exact_name,100
2019,99828,4430736,VIRGINIA,258,Major Williams,Major Williams,CB,DB,exact_name,100
2019,99831,4428664,FLORIDA ST,52,Tru Thompson,Tru Thompson,DI,DL,exact_name,100
2019,99834,4429522,VIRGINIA,258,Tenyeh Dixon,Tenyeh Dixon,S,DB,exact_name,100
2019,99835,4568230,CLEMSON,228,Klayton Randolph,Klayton Randolph,ED,DE,exact_name,100
2019,99839,4428741,N CAROLINA,153,Kristian Varner,Kristian Varner,DI,DL,exact_name,100
2019,99842,4427823,GA TECH,59,Mike Lockhart,Mike Lockhart,DI,DT,exact_name,100
2019,99845,4430499,VIRGINIA,258,Ben Smiley,Ben Smiley,DI,DL,exact_name,100
2019,99849,4427814,SYRACUSE,183,Steve Linton,Steve Linton,ED,EDGE,exact_name,100
2019,99852,4427465,N CAROLINA,153,Kevin Hester Jr.,Kevin Hester Jr.,DI,DL,exact_name,100
2019,99858,4277240,LOUISVILLE,97,Ryan Chalifoux,Ryan Chalifoux,K,PK,exact_name,100
2019,99864,4568673,N CAROLINA,153,Drew Little,Drew Little,LS,LS,exact_name,100
2019,99870,4430475,NC STATE,152,Joe Shimko,Joe Shimko,LS,LS,exact_name,100
2019,99871,4427706,N CAROLINA,153,Ben Kiernan,Ben Kiernan,P,P,exact_name,100
2019,100194,4427422,AKRON,2006,Peter Hayes-Patrick,Peter Hayes-Patrick,HB,RB,exact_name,100
2019,100201,4568336,AKRON,2006,Zach Gibson,Zach Gibson,QB,QB,exact_name,100
2019,100203,4574315,BUFFALO,2084,Bernard Porter,Bernard Porter,WR,WR,exact_name,100
2019,100208,4428314,BOWL GREEN,189,Trevon Raymore,Trevon Raymore,HB,RB,exact_name,100
2019,100210,4570425,BOWL GREEN,189,Nigel Sealey,Nigel Sealey,HB,RB,exact_name,100
2019,100213,4428598,TOLEDO,2649,Chris'Seon Stringer,Chris'Seon Stringer,WR,WR,exact_name,100
2019,100218,4430323,KENT STATE,2309,Ja'Shaun Poke,Ja'Shaun Poke,WR,WR,exact_name,100
2019,100234,4568328,AKRON,2006,Michiah Burton,Michiah Burton,HB,RB,exact_name,100
2019,100241,4569228,KENT STATE,2309,Adam Tourville,Adam Tourville,G,OL,exact_name,100
2019,100244,4574323,BUFFALO,2084,Alain Schaerer,Alain Schaerer,T,OL,exact_name,100
2019,100245,4570282,OHIO,195,Gary Hoover,Gary Hoover,T,OL,exact_name,100
2019,100263,4427328,AKRON,2006,Xavior Gray,Xavior Gray,T,OL,exact_name,100
2019,100266,4569234,KENT STATE,2309,Keshunn Abram,Keshunn Abram,WR,WR,exact_name,100
2019,100267,4408783,AKRON,2006,Brandon Lee,Brandon Lee,HB,WR,exact_name,100
2019,100270,4574328,BUFFALO,2084,Levi Shetler,Levi Shetler,WR,WR,exact_name,100
2019,100274,4574329,BUFFALO,2084,Carlton Todd,Carlton Todd,WR,WR,exact_name,100
2019,100275,4430089,AKRON,2006,Michael Mathison,Michael Mathison,WR,WR,exact_name,100
2019,100276,4428501,BOWL GREEN,189,Christian Sims,Christian Sims,TE,TE,exact_name,100
2019,100279,4427777,AKRON,2006,Quevan Lawson,Quevan Lawson,ED,DL,exact_name,100
2019,100281,4430550,AKRON,2006,Keyshawn Swanson,Keyshawn Swanson,S,DB,exact_name,100
2019,100285,4570423,BOWL GREEN,189,Jordan Anderson,Jordan Anderson,S,DB,exact_name,100
2019,100286,4427855,AKRON,2006,Kyshad Mack,Kyshad Mack,CB,DB,exact_name,100
2019,100287,4430759,BOWL GREEN,189,Davin Wilson,Davin Wilson,CB,CB,exact_name,100
2019,100288,4568342,AKRON,2006,Tyson McDonald,Tyson McDonald,CB,RB,exact_name,100
2019,100292,4427026,AKRON,2006,Adetutu Daranijo,Adetutu Daranijo,S,S,exact_name,100
2019,100295,4429653,BOWL GREEN,189,Konota Gaskins,Konota Gaskins,S,DB,exact_name,100
2019,100296,4427528,BOWL GREEN,189,JaJuan Hudson,JaJuan Hudson,CB,DB,exact_name,100
2019,100301,4429861,BOWL GREEN,189,Brock Horne,Brock Horne,LB,LB,exact_name,100
2019,100304,4426564,BOWL GREEN,189,Darren Anders,Darren Anders,LB,LB,exact_name,100
2019,100307,4570253,BUFFALO,2084,Dylan Powell,Dylan Powell,S,S,exact_name,100
2019,100312,4569223,KENT STATE,2309,Jabbar Price,Jabbar Price,ED,DL,exact_name,100
2019,100314,4427258,OHIO,195,Keniuel Gates,Keniuel Gates,CB,CB,exact_name,100
2019,100328,4570438,BOWL GREEN,189,Chris Oliver,Chris Oliver,DI,OL,exact_name,100
2019,100330,4568352,AKRON,2006,Corey Thomas Jr.,Corey Thomas Jr.,S,DB,exact_name+posgroup,98
2019,100331,4569230,KENT STATE,2309,Sekou Diaby,Sekou Diaby,DI,DL,exact_name,100
2019,100336,4430392,AKRON,2006,Julian Richardson,Julian Richardson,ED,LB,exact_name,100
2019,100339,4428809,AKRON,2006,Demetrick Watts II,Demetrick Watts II,LB,LB,exact_name,100
2019,100340,4427619,BOWL GREEN,189,Anthony Johnson,Anthony Johnson,DI,DL,exact_name,100
2019,100341,4568353,AKRON,2006,Bryce Wilson,Bryce Wilson,DI,DL,exact_name,100
2019,100343,4569236,KENT STATE,2309,Buddha Jones,Buddha Jones,DI,DT,exact_name,100
2019,100347,4570257,BUFFALO,2084,Ronald McGee,Ronald McGee,DI,DL,exact_name,100
2019,100349,4570288,OHIO,195,Vonnie Watkins,Vonnie Watkins,ED,DE,exact_name,100
2019,100353,4426684,BOWL GREEN,189,Andrew Bench,Andrew Bench,ED,TE,exact_name,100
2019,100375,4427695,STANFORD,24,Kyu Blu Kelly,Kyu Blu Kelly,CB,CB,exact_name,100
2019,100388,4428182,USC,30,Adonis Otey,Adonis Otey,CB,DB,exact_name,100
2019,100389,4430616,WASHINGTON,264,Asa Turner,Asa Turner,S,DB,exact_name,100
2019,100391,4427952,UTAH,254,JaTravis Broughton,JaTravis Broughton,CB,CB,exact_name,100
2019,100395,4430354,UTAH,254,Drew Rawls,Drew Rawls,S,CB,exact_name,100
2019,100406,4569428,UCLA,26,Carl Jones Jr.,Carl Jones Jr.,LB,DL,exact_name,100
2019,100407,4428543,ARIZONA ST,9,Connor Soelle,Connor Soelle,S,LB,exact_name,100
2019,100412,4570470,OREGON ST,204,Nahshon Wright,Nahshon Wright,CB,DB,exact_name,100
2019,100413,4429626,OREGON ST,204,Jojo Forest,JoJo Forest,CB,DB,exact_name,100
2019,100414,4569557,UTAH,254,Miki Suguturaga,Miki Suguturaga,ED,TE,exact_name,100
2019,100415,4569286,COLORADO,38,Jeremiah Doss,Jeremiah Doss,DI,DL,exact_name,100
2019,100418,4426516,WASHINGTON,264,Sama Paama,Sama Paama,DI,DL,exact_name,100
2019,100419,4428118,WASHINGTON,264,Noa Ngalu,Noa Ngalu,DI,DL,exact_name,100
2019,100420,4426380,WASHINGTON,264,Faatui Tuitele,Faatui Tuitele,DI,DL,exact_name,100
2019,100421,4427767,UTAH,254,Semisi Lauaki,Semisi Lauaki,DI,DL,exact_name,100
2019,100431,4569426,UCLA,26,Datona Jackson,Datona Jackson,DI,DL,exact_name,100
2019,100437,4430782,ARIZONA ST,9,Stephon Wright,Stephon Wright,DI,DL,exact_name,100
2019,100438,4569197,ARIZONA ST,9,Tautala Pesefea Jr.,Tautala Pesefea Jr.,DI,DL,exact_name,100
2019,100443,4429912,ARIZONA ST,9,Amiri Johnson,Amiri Johnson,ED,DL,exact_name,100
2019,100446,4570477,OREGON ST,204,Simon Sandberg,Simon Sandberg,DI,DL,exact_name,100
2019,100447,4570479,OREGON ST,204,Jordan Whittley,Jordan Whittley,DI,DL,exact_name,100
2019,100448,4570480,OREGON ST,204,James Rawls,James Rawls,DI,DL,exact_name,100
2019,100451,4428886,OREGON,2483,Kristian Williams,Kristian Williams,DI,DT,exact_name,100
2019,100452,4427090,OREGON,2483,Brandon Dorlus,Brandon Dorlus,DI,DE,exact_name,100
2019,100453,4569298,COLORADO,38,Austin Williams,Austin Williams,DI,DL,exact_name,100
2019,100455,4243506,COLORADO,38,Janaz Jordan,Janaz Jordan,ED,DL,exact_name,100
2019,100458,4428502,STANFORD,24,Tristan Sinclair,Tristan Sinclair,LB,LB,exact_name,100
2019,100459,4426391,OREGON,2483,Ge'Mon Eaford,Ge'mon Eaford,LB,LB,exact_name,100
2019,100462,4569283,COLORADO,38,Jash Allen,Jash Allen,ED,LB,exact_name,100
2019,100469,4426400,USC,30,Maninoa Tufono,Maninoa Tufono,LB,DL,exact_name,100
2019,100487,4428726,WASHINGTON,264,Alphonzo Tuputala,Alphonzo Tuputala,LB,LB,exact_name,100
2019,100498,4569417,UCLA,26,Adam Cohen,Adam Cohen,LB,LB,exact_name,100
2019,100519,4427517,STANFORD,24,Jake Hornibrook,Jake Hornibrook,G,OL,exact_name,100
2019,100520,4449920,USC,30,Jason Rodriguez,Jason Rodriguez,T,OL,exact_name,100
2019,100524,4426706,UTAH,254,Keaton Bills,Keaton Bills,G,OL,exact_name,100
2019,100525,4427770,UTAH,254,Sataoa Laumea,Sataoa Laumea,G,OL,exact_name,100
2019,100526,4427861,UTAH,254,Johnny Maea,Johnny Maea,G,OL,exact_name,100
2019,100528,4569301,OREGON,2483,Malaesala Aumavae-Laulu,Malaesala Aumavae-Laulu,G,OL,exact_name,100
2019,100529,4426378,OREGON,2483,Jonah Tauanu'u,Jonah Tauanu'u,T,OL,exact_name,100
2019,100531,4569288,COLORADO,38,Austin Johnson,Austin Johnson,G,OL,exact_name,100
2019,100545,4426938,UCLA,26,Duke Clemens,Duke Clemens,G,OL,exact_name,100
2019,100546,4428825,ARIZONA ST,9,Dohnovan West,Dohnovan West,G,OL,exact_name,100
2019,100551,4426473,WASHINGTON,264,Laiatu Latu,Laiatu Latu,ED,DL,exact_name,100
2019,100553,4426431,STANFORD,24,Stephen Herron,Stephen Herron,ED,DL,exact_name,100
2019,100554,4426353,OREGON,2483,Mase Funa,Mase Funa,ED,LB,exact_name,100
2019,100556,4569290,COLORADO,38,Jamar Montgomery,Jamar Montgomery,ED,LB,exact_name,100
2019,100562,4428011,STANFORD,24,Barrett Miller,Barrett Miller,G,OL,exact_name,100
2019,100564,4428394,STANFORD,24,Walter Rouse,Walter Rouse,T,OL,exact_name,100
2019,100565,4427790,UTAH,254,Benjamin Lennon,Benjamin Lennon,P,P,exact_name,100
2019,100580,4428512,USC,30,Kedon Slovis,Kedon Slovis,QB,QB,exact_name,100
2019,100585,4569560,UTAH,254,Jordan Wilmore,Jordan Wilmore,HB,RB,exact_name,100
2019,100586,4428211,STANFORD,24,Nathaniel Peat,Nathaniel Peat,HB,RB,exact_name,100
2019,100590,4427034,COLORADO,38,Joe Davis,Joe Davis,HB,RB,exact_name,100
2019,100601,4426910,USC,30,Kenan Christon II,Kenan Christon II,HB,RB,exact_name,100
2019,100602,4427860,OREGON ST,204,Ta'Ron Madison,Ta'Ron Madison,HB,RB,exact_name,100
2019,100605,4569331,STANFORD,24,Brock Jones,Brock Jones,S,S,exact_name,100
2019,100607,4569335,STANFORD,24,Jonathan McGill,Jonathan McGill,CB,S,exact_name,100
2019,100609,4427479,OREGON,2483,Jamal Hill,Jamal Hill,CB,LB,exact_name,100
2019,100613,4429816,USC,30,Dorian Hewett,Dorian Hewett,CB,CB,exact_name,100
2019,100614,4427866,USC,30,Kaulana Makaula,Kaulana Makaula,CB,DB,exact_name,100
2019,100615,4426453,USC,30,Briton Allen,Briton Allen,S,DB,exact_name,100
2019,100620,4569597,WASHINGTON,264,Corey Luciano,Corey Luciano,T,OL,exact_name,100
2019,100623,4428090,STANFORD,24,Bradley Archer,Bradley Archer,TE,TE,exact_name,100
2019,100625,4429811,OREGON,2483,Patrick Herbert,Patrick Herbert,TE,TE,exact_name,100
2019,100628,4569431,UCLA,26,Mike Martinez,Mike Martinez,TE,TE,exact_name,100
2019,100632,4426515,WASHINGTON,264,Puka Nacua,Puka Nacua,WR,WR,exact_name,100
2019,100633,4426624,UTAH,254,Donte Banton,Donte Banton,WR,WR,exact_name,100
2019,100636,4391605,UTAH,254,Dominique Thompson,Dominique Thompson,WR,WR,exact_name,100
2019,100637,4569559,UTAH,254,Devaughn Vele,Devaughn Vele,WR,WR,exact_name,100
2019,100644,4428475,COLORADO,38,La'Vontae Shenault,La'Vontae Shenault,WR,WR,exact_name,100
2019,100659,4429981,ARIZONA ST,9,Jordan Kerley,Jordan Kerley,WR,WR,exact_name,100
2019,100660,4428209,ARIZONA ST,9,Ricky Pearsall,Ricky Pearsall,WR,WR,exact_name,100
2019,100663,4430103,USC,30,Munir McClain,Munir McClain,WR,WR,exact_name,100
2019,100669,4570143,DOMINION,295,Will Brocchini,Will Brocchini,CB,CB,exact_name,100
2019,100670,4570144,DOMINION,295,Kaleb Ford-Dement,Kaleb Ford-Dement,CB,CB,exact_name,100
2019,100672,4570191,RICE,242,Miles McCord,Miles McCord,CB,CB,exact_name,100
2019,100689,4575670,UTEP,2638,Dy'vonne Inyang,Dy'Vonne Inyang,S,DB,exact_name,100
2019,100695,4575656,UTSA,2636,Clarence Hicks,Clarence Hicks,LB,LB,exact_name,100
2019,100696,4575660,UTEP,2638,Dakari Bickham,Dakari Bickham,ED,DE,exact_name,100
2019,100700,4571636,MARSHALL,276,Esaias Carpenter,Esaias Carpenter,DI,DL,exact_name,100
2019,100717,4577072,CHARLOTTE,2429,Demond Stewart,Demond Stewart,DI,DL,exact_name,100
2019,100720,4570141,DOMINION,295,Tyre Bibby,Tyre Bibby,DI,DT,exact_name,100
2019,100722,4426872,RICE,242,De'Braylon Carroll,De'Braylon Carroll,DI,DL,exact_name,100
2019,100753,4570021,UTSA,2636,Trevor Harmanson,Trevor Harmanson,LB,LB,exact_name,100
2019,100756,4575683,UTEP,2638,DJ Turner,DJ Turner,LB,LB,exact_name,100
2019,100758,4570147,DOMINION,295,Ryan Henry,Ryan Henry,ED,LB,exact_name,100
2019,100759,4570148,DOMINION,295,Cory Jackson,Cory Jackson,ED,DE,exact_name,100
2019,100762,4570163,CHARLOTTE,2429,Peter Agabe,Peter Agabe,DI,LB,exact_name,100
2019,100768,4575661,UTEP,2638,Tanner Boston,Tanner Boston,LS,LS,exact_name,100
2019,100786,4570495,MIDDLE TN,2393,Robert Jones,Robert Jones,T,OL,exact_name,100
2019,100794,4570120,UAB,5,Jakoby Jones,Jakoby Jones,G,OL,exact_name,100
2019,100797,4570125,UAB,5,Sidney Wells,Sidney Wells,T,OL,exact_name,100
2019,100802,4570025,UTSA,2636,Brandon Rolfe,Brandon Rolfe,T,OL,exact_name,100
2019,100803,4570017,UTSA,2636,Ahofitu Maka,Ahofitu Maka,C,OL,exact_name,100
2019,100806,4575664,UTEP,2638,Jeremiah Byers,Jeremiah Byers,T,OL,exact_name,100
2019,100812,4570153,DOMINION,295,Brandon Smith,Brandon Smith,T,OL,exact_name,100
2019,100815,4249526,MIDDLE TN,2393,Kyle Ulbrich,Kyle Ulbrich,P,P,exact_name,100
2019,100827,4575668,UTEP,2638,Gavin Hardison,Gavin Hardison,QB,QB,exact_name,100
2019,100830,4429911,RICE,242,Jovoni Johnson-McCray,JoVoni Johnson-McCray,QB,WR,exact_name,100
2019,100839,4264503,UAB,5,Rashad Mosley,Rashad Mosley,HB,RB,exact_name,100
2019,100840,-1037418,UAB,5,Daquon Godfrey,Daquon Godfrey,HB,RB,exact_name,100
2019,100844,4575608,DOMINION,295,Quijon Gordon,Quijon Gordon,HB,CB,exact_name,100
2019,100854,4570142,DOMINION,295,Harrell Blackmon,Harrell Blackmon,S,S,exact_name,100
2019,100855,4570149,DOMINION,295,R'Tarriun Johnson,R'Tarriun Johnson,S,S,exact_name,100
2019,100875,4570497,MIDDLE TN,2393,Jarrin Pierce,Jarrin Pierce,WR,WR,exact_name,100
2019,100886,4570105,UAB,5,RaJae' Johnson,RaJae' Johnson,WR,WR,exact_name,100
2019,100887,4570106,UAB,5,Myron Mitchell,Myron Mitchell,WR,WR,exact_name,100
2019,100888,4383777,UAB,5,Xaviar Coleman,Xaviar Coleman,WR,WR,exact_name,100
2019,100892,4426919,UTSA,2636,De'Corian Clark,De'Corian Clark,WR,WR,exact_name,100
2019,100894,4575665,UTEP,2638,Jacob Cowing,Jacob Cowing,WR,WR,exact_name,100
2019,100902,4569308,CINCINNATI,2132,Justin Harris,Justin Harris,CB,S,exact_name,100
2019,100904,4567480,HOUSTON,248,Damarion Williams,Damarion Williams,CB,CB,exact_name,100
2019,100914,4568579,SMU,2567,Sam Westfall,Sam Westfall,CB,CB,exact_name,100
2019,100917,4568639,TULSA,202,Tyon Davis,Tyon Davis,CB,CB,exact_name,100
2019,100918,4499665,TULSA,202,Ryan Nixon,Ryan Nixon,CB,CB,exact_name,100
2019,100921,4567505,MEMPHIS,235,Gabriel Rogers,Gabriel Rogers,CB,WR,exact_name,100
2019,100931,4567462,E CAROLINA,151,Ja'Quan McMillian,Ja'Quan McMillian,CB,CB,exact_name,100
2019,100932,4429759,CINCINNATI,2132,Steven Hawthorne,Steven Hawthorne,ED,DE,exact_name,100
2019,100935,4567499,MEMPHIS,235,Everitt Cunningham,Everitt Cunningham,ED,DE,exact_name,100
2019,100939,4568650,TULSA,202,Joseph Anderson,Joseph Anderson,DI,DL,exact_name,100
2019,100941,4567489,HOUSTON,248,Taures Payne,Taures Payne,DI,DL,exact_name,100
2019,100943,4567496,HOUSTON,248,Olivier Charles-Pierre,Olivier Charles-Pierre,DI,DL,exact_name,100
2019,100944,4567497,HOUSTON,248,Atlias Bell,Atlias Bell,DI,DL,exact_name,100
2019,100946,4567528,MEMPHIS,235,Wardalis Ducksworth,Wardalis Ducksworth,DI,DL,exact_name,100
2019,100947,4568632,TULANE,2655,Dane Ziegler,Dane Ziegler,DI,DL,exact_name,100
2019,100953,4568993,UCF,2116,Noah Hancock,Noah Hancock,DI,DL,exact_name,100
2019,100955,4567464,E CAROLINA,151,Rick D'Abreu,Rick D'Abreu,ED,DL,exact_name,100
2019,100957,4567472,E CAROLINA,151,Hozey Haji-Badri,Hozey Haji-Badri,DI,DL,exact_name,100
2019,100964,4568623,TEMPLE,218,Kevin Robertson,Kevin Robertson,DI,DT,exact_name,100
2019,100965,4568543,NAVY,2426,Jonathon Lee,Jonathon Lee,HB,FB,exact_name,100
2019,100968,4568550,NAVY,2426,Chelen Garnes,Chelen Garnes,LB,DB,exact_name,100
2019,100985,4569011,UCONN,41,Dillon Harris,Dillon Harris,ED,LB,exact_name,100
2019,100986,4567487,HOUSTON,248,Terrance Edgeston,Terrance Edgeston,LB,LB,exact_name,100
2019,100993,4568558,NAVY,2426,Tama Tuitele,Tama Tuitele,LB,LB,exact_name,100
2019,101002,4575496,SMU,2567,Brian Holloway,Brian Holloway,LB,LB,exact_name,100
2019,101011,4568620,TEMPLE,218,Ronald Gaines,Ronald Gaines,LS,LS,exact_name,100
2019,101014,4568570,NAVY,2426,Alefosio Saipaia,Alefosio Saipaia,DI,NT,exact_name,100
2019,101017,4428000,CINCINNATI,2132,Marcelo Mendiola,Marcelo Mendiola,T,G,exact_name,100
2019,101019,4567493,HOUSTON,248,Patrick Paul,Patrick Paul,T,OL,exact_name,100
2019,101024,4574773,MEMPHIS,235,Michael Denson,Michael Denson,T,OL,exact_name,100
2019,101037,4568596,SMU,2567,Cobe Bryant,Cobe Bryant,G,OL,exact_name,100
2019,101038,4568621,TEMPLE,218,Joseph Hooper,Joseph Hooper,G,OL,exact_name,100
2019,101041,4567468,E CAROLINA,151,Bailey Malovic,Bailey Malovic,T,OL,exact_name,100
2019,101046,4568616,TEMPLE,218,Adam Barry,Adam Barry,P,P,exact_name,100
2019,101052,4291400,UCONN,41,Mike Beaudry,Mike Beaudry,QB,QB,exact_name,100
2019,101053,4567476,HOUSTON,248,Logan Holgorsen,Logan Holgorsen,QB,QB,exact_name,100
2019,101056,4568524,NAVY,2426,Perry Olsen,Perry Olsen,QB,LB,exact_name,100
2019,101063,4360075,CINCINNATI,2132,Ryan Montgomery,Ryan Montgomery,HB,RB,exact_name,100
2019,101067,4567485,HOUSTON,248,Terrell Brown,Terrell Brown,HB,RB,exact_name,100
2019,101068,4567507,MEMPHIS,235,Rodrigues Clark,Rodrigues Clark,HB,RB,exact_name,100
2019,101072,4429501,TEMPLE,218,Ray Davis,Ray Davis,HB,RB,exact_name,100
2019,101073,4568613,TEMPLE,218,Tayvon Ruley,Tayvon Ruley,HB,RB,exact_name,100
2019,101076,4362393,UCF,2116,Trilion Coles,Trilion Coles,HB,RB,exact_name,100
2019,101077,4427077,CINCINNATI,2132,Jacob Dingle,Jacob Dingle,S,S,exact_name,100
2019,101078,4428479,CINCINNATI,2132,Ja'Quan Sheppard,Ja'Quan Sheppard,CB,DB,exact_name,100
2019,101089,4426617,TULANE,2655,Ton'Quez Ball,Ton'Quez Ball,S,DB,exact_name,100
2019,101092,4568643,TULSA,202,Jett Hendrix,Jett Hendrix,S,DB,exact_name,100
2019,101100,4569010,UCONN,41,Ventine Richardson,Ventine Richardson,TE,TE,exact_name,100
2019,101104,4568646,TULSA,202,Abe Anderson,Abe Anderson,TE,TE,exact_name,100
2019,101105,4568649,TULSA,202,Ethan Hall,Ethan Hall,TE,TE,exact_name,100
2019,101106,4428718,CINCINNATI,2132,Tre Tucker,Tre Tucker,WR,WR,exact_name,100
2019,101114,4567495,HOUSTON,248,Quavon Beckford,Quavon Beckford,WR,WR,exact_name,100
2019,101116,4567525,MEMPHIS,235,Javon Ivory,Javon Ivory,WR,WR,exact_name,100
2019,101120,4568551,NAVY,2426,Mark Walker,Mark Walker,WR,WR,exact_name,100
2019,101123,4568528,NAVY,2426,Devin Mathews,Devin Mathews,WR,WR,exact_name,100
2019,101135,4427575,TULANE,2655,Jha'Quan Jackson,Jha'Quan Jackson,WR,WR,exact_name,100
2019,101137,4568641,TULSA,202,Dhailon Phillips,Dhailon Phillips,WR,WR,exact_name,100
2019,101139,4568992,UCF,2116,Ryan O'Keefe,Ryan O'Keefe,WR,WR,exact_name,100
2019,101142,4428318,BOISE ST,68,Markel Reed,Markel Reed,CB,CB,exact_name,100
2019,101143,4569021,COLO STATE,36,Andre Neal,Andre Neal,CB,CB,exact_name,100
2019,101144,4569902,WYOMING,2751,Blake Harrington,Blake Harrington,CB,LB,exact_name,100
2019,101146,4427752,UTAH ST,328,Cam Lampkin,Cam Lampkin,CB,DB,exact_name,100
2019,101148,4429873,NEW MEXICO,167,Antonio Hunt,Antonio Hunt,CB,S,exact_name,100
2019,101149,4570086,NEW MEXICO,167,Michael LoVett III,Michael LoVett III,CB,CB,exact_name,100
2019,101150,4570176,UNLV,2439,Aaron Lewis,Aaron Lewis,CB,DB,exact_name,100
2019,101154,4500229,NEVADA,2440,Christian Swint,Christian Swint,S,DB,exact_name,100
2019,101157,4571645,AIR FORCE,2005,Corvan Taylor,Corvan Taylor,S,S,exact_name,100
2019,101158,4571644,AIR FORCE,2005,Colby Raphiel,Colby Raphiel,S,LB,exact_name,100
2019,101160,4571648,AIR FORCE,2005,David Eure,David Eure,CB,DB,exact_name,100
2019,101161,4571651,AIR FORCE,2005,Matthew Anderson,Matthew Anderson,S,DB,exact_name,100
2019,101165,4575536,BOISE ST,68,Michael Callahan,Michael Callahan,ED,DT,exact_name,100
2019,101166,4569895,WYOMING,2751,Jack Boyer,Jack Boyer,ED,DE,exact_name,100
2019,101167,4569907,WYOMING,2751,Teagan Liufau,Teagan Liufau,ED,DE,exact_name,100
2019,101172,4428762,UTAH ST,328,AJ Vongphachanh,AJ Vongphachanh,LB,LB,exact_name,100
2019,101174,4572397,S DIEGO ST,21,Jonah Tavai,Jonah Tavai,DI,DL,exact_name,100
2019,101179,4427161,UNLV,2439,Naki Fahina,Naki Fahina,DI,DT,exact_name,100
2019,101180,4570179,UNLV,2439,Noah McGregor,Noah McGregor,ED,DL,exact_name,100
2019,101182,4570173,UNLV,2439,Eliel Ehimare,Eliel Ehimare,DI,DL,exact_name,100
2019,101183,4575230,S JOSE ST,23,Josh Gomez,Josh Gomez,DI,DL,exact_name,100
2019,101185,4570458,FRESNO ST,278,Nikko Thomas,Nikko Thomas,ED,DL,exact_name,100
2019,101186,4571655,AIR FORCE,2005,Christopher Herrera,Christopher Herrera,DI,DE,exact_name,100
2019,101187,4406563,AIR FORCE,2005,Nokoa Pauole,Nokoa Pauole,DI,DL,exact_name,100
2019,101188,4570096,NEW MEXICO,167,Elmer Pauni,Elmer Pauni,DI,NT,exact_name,100
2019,101189,4259172,NEW MEXICO,167,Justin Harris,Justin Harris,ED,DE,exact_name,100
2019,101190,4570103,NEW MEXICO,167,Joey Noble,Joey Noble,ED,DE,exact_name,100
2019,101191,4570104,NEW MEXICO,167,Ben Gansallo,Ben Gansallo,DI,DL,exact_name,100
2019,101192,4569898,WYOMING,2751,Claude Cole,Claude Cole,DI,DT,exact_name,100
2019,101196,4569082,NEVADA,2440,Tristan Nichols,Tristan Nichols,ED,DT,exact_name,100
2019,101199,4385798,AIR FORCE,2005,Matthew Murla,Matthew Murla,HB,FB,exact_name,100
2019,101200,4571650,AIR FORCE,2005,Timothy Jackson,Timothy Jackson,HB,FB,exact_name,100
2019,101201,4571656,AIR FORCE,2005,John Lyons,John Lyons,LB,LB,exact_name,100
2019,101202,4571657,AIR FORCE,2005,Noah Bush,Noah Bush,LB,LB,exact_name,100
2019,101203,4571660,AIR FORCE,2005,Alec Hamilton,Alec Hamilton,ED,LB,exact_name,100
2019,101210,4570454,FRESNO ST,278,Cesar Silva,Cesar Silva,HB,PK,exact_name,100
2019,101215,4430467,S DIEGO ST,21,Michael Shawcroft,Michael Shawcroft,LB,LB,exact_name,100
2019,101226,4428909,UNLV,2439,Jacoby Windmon,Jacoby Windmon,ED,LB,exact_name,100
2019,101227,4426660,UNLV,2439,Kyle Beaudry,Kyle Beaudry,LB,LB,exact_name,100
2019,101229,4570233,S JOSE ST,23,Jordan Cobbs,Jordan Cobbs,LB,LB,exact_name,100
2019,101232,4570089,NEW MEXICO,167,Devin Sanders,Devin Sanders,ED,LB,exact_name,100
2019,101235,4575713,UNLV,2439,Rex Goossen,Rex Goossen,LS,LS,exact_name,100
2019,101251,4569908,WYOMING,2751,Marco Machado,Marco Machado,G,C,exact_name,100
2019,101257,4430278,UTAH ST,328,Jackson Owens,Jackson Owens,T,OL,exact_name,100
2019,101258,4570185,UNLV,2439,Ryan Tantum,Ryan Tantum,T,OL,exact_name,100
2019,101264,4569084,NEVADA,2440,Tyler Orsini,Tyler Orsini,C,OL,exact_name,100
2019,101267,4571658,AIR FORCE,2005,Joe Moore,Joe Moore,G,OL,exact_name,100
2019,101269,4571662,AIR FORCE,2005,Jacob Miller,Jacob Miller,T,OL,exact_name,100
2019,101270,4571663,AIR FORCE,2005,Kris Campbell,Kris Campbell,G,OL,exact_name,100
2019,101271,4571664,AIR FORCE,2005,Nicholas Noyen,Nicholas Noyen,C,C,exact_name,100
2019,101272,4571665,AIR FORCE,2005,Benjamin Mercer,Benjamin Mercer,G,C,exact_name,100
2019,101273,4571666,AIR FORCE,2005,Isaac Cochran,Isaac Cochran,G,OL,exact_name,100
2019,101275,4570097,NEW MEXICO,167,Justice Spates,Justice Spates,T,OL,exact_name,100
2019,101276,4570098,NEW MEXICO,167,Jacob Jankoviak,Jacob Jankoviak,G,OL,exact_name,100
2019,101279,4571654,AIR FORCE,2005,Nathan King,Nathan King,LB,LB,exact_name,100
2019,101284,4426499,BOISE ST,68,Hank Bachmeier,Hank Bachmeier,QB,QB,exact_name,100
2019,101291,4571641,AIR FORCE,2005,Warren Bryan,Warren Bryan,QB,QB,exact_name,100
2019,101292,4429520,S DIEGO ST,21,Justin Dinka,Justin Dinka,WR,RB,exact_name,100
2019,101297,4428320,UNLV,2439,Courtney Reese,Courtney Reese,HB,RB,exact_name,100
2019,101299,4570243,S JOSE ST,23,Kairee Robinson,Kairee Robinson,HB,RB,exact_name,100
2019,101305,4035849,FRESNO ST,278,Zion Echols,Zion Echols,HB,RB,exact_name,100
2019,101307,4428836,S DIEGO ST,21,Kyron White,Kyron White,CB,LB,exact_name,100
2019,101309,4430158,S DIEGO ST,21,Patrick McMorris,Patrick McMorris,S,DB,exact_name,100
2019,101311,4428503,BOISE ST,68,JL Skinner,JL Skinner,S,S,exact_name,100
2019,101315,4569983,UTAH ST,328,Troy Lefeged Jr.,Troy Lefeged Jr.,S,DB,exact_name,100
2019,101316,4569984,UTAH ST,328,Cash Gilliam,Cash Gilliam,LB,LB,exact_name,100
2019,101322,4570084,NEW MEXICO,167,Jerrick Reed II,Jerrick Reed II,S,S,exact_name,100
2019,101323,4570087,NEW MEXICO,167,Letayveon Beaton,Letayveon Beaton,S,S,exact_name,100
2019,101324,4577065,S DIEGO ST,21,Sefo Mailangi,Sefo Mailangi,WR,DL,exact_name,100
2019,101331,4428203,FRESNO ST,278,Raymond Pauwels Jr.,Raymond Pauwels,TE,TE,exact_name,100
2019,101335,4428766,BOISE ST,68,Khyheem Waleed,Khyheem Waleed,WR,WR,exact_name,100
2019,101336,4428842,BOISE ST,68,Shea Whiting,Shea Whiting,WR,WR,exact_name,100
2019,101340,4569901,WYOMING,2751,Mason Gallegos,Mason Gallegos,WR,WR,exact_name,100
2019,101341,4569904,WYOMING,2751,Chance Hofer,Chance Hofer,WR,WR,exact_name,100
2019,101342,4569912,WYOMING,2751,Wyatt Wieland,Wyatt Wieland,WR,WR,exact_name,100
2019,101343,4429379,UTAH ST,328,Ajani Carter,Ajani Carter,WR,DB,exact_name,100
2019,101344,4569985,UTAH ST,328,Sean Carter,Sean Carter,WR,WR,exact_name,100
2019,101347,4569995,UTAH ST,328,Derek Wright,Derek Wright,WR,WR,exact_name,100
2019,101349,4428821,UNLV,2439,Malik Wesley,Malik Wesley,WR,WR,exact_name,100
2019,101350,4427596,UNLV,2439,Steve Jenkins,Steve Jenkins,WR,WR,exact_name,100
2019,101352,4575226,S JOSE ST,23,Andre Crump Jr.,Andre Crump Jr.,WR,WR,exact_name,100
2019,101357,4571642,AIR FORCE,2005,Luke Bohenek,Luke Bohenek,TE,WR,exact_name,100
2019,101358,4571667,AIR FORCE,2005,Daniel Morris,Daniel Morris,WR,WR,exact_name,100
2019,101359,4571669,AIR FORCE,2005,DeAndre Hughes,DeAndre Hughes,TE,WR,exact_name,100
2019,101362,4385436,OHIO STATE,194,Darryl Sinclair II,Darryl Sinclair,CB,CB,exact_name,100
2019,101363,4570046,PENN STATE,213,Marquis Wilson,Marquis Wilson,CB,DB,exact_name,100
2019,101364,4426506,PENN STATE,213,Joey Porter Jr.,Joey Porter Jr.,CB,CB,exact_name,100
2019,101365,4429743,PENN STATE,213,Daequan Hardy,Daequan Hardy,CB,CB,exact_name,100
2019,101368,4427991,WISCONSIN,275,Semar Melvin,Semar Melvin,CB,DB,exact_name,100
2019,101371,4428113,NEBRASKA,158,Quinton Newsome,Quinton Newsome,CB,DB,exact_name,100
2019,101374,4570411,PURDUE,2509,Cam Allen,Cam Allen,S,DB,exact_name,100
2019,101382,4426961,MARYLAND,120,Treron Collins,Treron Collins,S,DB,exact_name,100
2019,101383,4426843,MARYLAND,120,Erwin Byrd,Erwin Byrd,CB,DB,exact_name,100
2019,101384,4428328,MARYLAND,120,Deonte Banks,Deonte Banks,CB,DB,exact_name,100
2019,101385,4427257,MARYLAND,120,Lavonte Gater,Lavonte Gater,CB,DB,exact_name,100
2019,101388,4575431,ILLINOIS,356,Devon Witherspoon,Devon Witherspoon,CB,DB,exact_name,100
2019,101394,4430213,INDIANA,84,Tiawan Mullen,Tiawan Mullen,CB,DB,exact_name,100
2019,101395,4428698,INDIANA,84,Larry Tracy III,Larry Tracy III,CB,DB,exact_name,100
2019,101396,4430447,INDIANA,84,Josh Sanguinetti,Josh Sanguinetti,S,DB,exact_name,100
2019,101398,4426686,IOWA,2294,Dane Belton,Dane Belton,CB,DB,exact_name,100
2019,101401,4429747,IOWA,2294,Jermari Harris,Jermari Harris,CB,DB,exact_name,100
2019,101405,4430332,OHIO STATE,194,Noah Potter,Noah Potter,ED,DE,exact_name,100
2019,101406,4426372,PENN STATE,213,Adisa Isaac,Adisa Isaac,ED,DE,exact_name,100
2019,101407,4426648,PENN STATE,213,Hakeem Beamon,Hakeem Beamon,DI,DT,exact_name,100
2019,101408,4428758,PENN STATE,213,Smith Vilbert,Smith Vilbert,ED,DL,exact_name,100
2019,101411,4427196,MICH STATE,127,Michael Fletcher,Michael Fletcher,ED,DE,exact_name,100
2019,101412,4428799,MICH STATE,127,Adam Berghorst,Adam Berghorst,TE,TE,exact_name,100
2019,101418,4426583,MICHIGAN,130,Christopher Hinton,Christopher Hinton,DI,DL,exact_name,100
2019,101419,4426347,MICHIGAN,130,Mazi Smith,Mazi Smith,DI,DL,exact_name,100
2019,101423,4569491,MARYLAND,120,Jacob Purcell,Jacob Purcell,LB,DL,exact_name,100
2019,101425,4569497,MARYLAND,120,Sam Okuayinonu,Sam Okuayinonu,DI,DL,exact_name,100
2019,101426,4259325,RUTGERS,164,Tijaun Mason,Tijaun Mason,ED,DL,exact_name,100
2019,101427,4426572,MINNESOTA,135,MJ Anderson,MJ Anderson,ED,DL,exact_name,100
2019,101428,4569536,MINNESOTA,135,Keonte Schad,Keonte Schad,DI,DL,exact_name,100
2019,101431,4430396,MINNESOTA,135,Logan Richter,Logan Richter,DI,DL,exact_name,100
2019,101432,4429381,MINNESOTA,135,Trill Carter,Trill Carter,DI,DL,exact_name,100
2019,101434,4427419,INDIANA,84,Beau Robbins,Beau Robbins,ED,DL,exact_name,100
2019,101435,4428131,INDIANA,84,Sio Nofoagatoto'a,Sio Nofoagatoto'a,DI,DL,exact_name,100
2019,101437,4428229,INDIANA,84,C.J. Person,C.J. Person,DI,DL,exact_name,100
2019,101440,4569447,INDIANA,84,Demarcus Elliott,Demarcus Elliott,DI,DL,exact_name,100
2019,101446,4569586,NEBRASKA,158,Ty Robinson,Ty Robinson,DI,DL,exact_name,100
2019,101450,4569479,IOWA,2294,Zach VanValkenburg,Zach VanValkenburg,ED,DL,exact_name,100
2019,101453,4427965,OHIO STATE,194,Jaden McKenzie,Jaden McKenzie,DI,DL,exact_name,100
2019,101455,4570055,PENN STATE,213,Dvon J-Thomas,Dvon J-Thomas,DI,DT,exact_name,100
2019,101456,4577189,MICH STATE,127,Jalen Hunt,Jalen Hunt,DI,DL,exact_name,100
2019,101459,4429553,WISCONSIN,275,Quan Easterling,Quan Easterling,TE,TE,exact_name,100
2019,101463,4426901,WISCONSIN,275,Leo Chenal,Leo Chenal,LB,LB,exact_name,100
2019,101464,4570074,WISCONSIN,275,Travis Wiltjer,Travis Wiltjer,LB,LB,exact_name,100
2019,101469,4569584,NEBRASKA,158,Luke Reimer,Luke Reimer,LB,LB,exact_name,100
2019,101472,4430026,MINNESOTA,135,Michael Lantz,Michael Lantz,K,PK,exact_name,100
2019,101481,4426678,MICHIGAN,130,Anthony Solomon,Anthony Solomon,LB,LB,exact_name,100
2019,101486,4426496,OHIO STATE,194,Cade Stover,Cade Stover,ED,TE,exact_name,100
2019,101487,4428962,OHIO STATE,194,Craig Young,Craig Young,LB,LB,exact_name,100
2019,101488,4429560,OHIO STATE,194,Tommy Eichenberg,Tommy Eichenberg,LB,LB,exact_name,100
2019,101489,4385435,OHIO STATE,194,Ben Schmiesing,Ben Schmiesing,LB,LB,exact_name,100
2019,101490,4385431,OHIO STATE,194,Cade Kacherski,Cade Kacherski,ED,LB,exact_name,100
2019,101493,4426571,MARYLAND,120,Cortez Andrews,Cortez Andrews,LB,LB,exact_name,100
2019,101494,4428999,MARYLAND,120,Kameron Blount,Kameron Blount,LB,LB,exact_name,100
2019,101496,4427079,PENN STATE,213,Lance Dixon,Lance Dixon,LB,LB,exact_name,100
2019,101497,4575416,PENN STATE,213,Brandon Smith,Brandon Smith,LB,LB,exact_name,100
2019,101505,4569544,MINNESOTA,135,Ben McNaboe,Ben McNaboe,ED,DE,exact_name,100
2019,101508,4382471,MICH STATE,127,Jeslord Boateng,Jeslord Boateng,LB,LB,exact_name,100
2019,101512,4569442,INDIANA,84,D.K. Bonhomme,D.K. Bonhomme,LB,LB,exact_name,100
2019,101515,4569465,IOWA,2294,Jack Campbell,Jack Campbell,LB,LB,exact_name,100
2019,101518,4428435,PURDUE,2509,Khali Saunders,Khali Saunders,LB,LB,exact_name,100
2019,101529,4430683,MINNESOTA,135,Brady Weeks,Brady Weeks,LS,LS,exact_name,100
2019,101531,4428207,MICH STATE,127,Jude Pedrozo,Jude Pedrozo,LS,LS,exact_name,100
2019,101532,4428937,INDIANA,84,Sean Wracher,Sean Wracher,LS,LS,exact_name,100
2019,101536,4426694,WISCONSIN,275,Keeanu Benton,Keeanu Benton,DI,NT,exact_name,100
2019,101537,4426638,MICHIGAN,130,Karsen Barnhart,Karsen Barnhart,T,OL,exact_name,100
2019,101548,4426451,OHIO STATE,194,Enokk Vimahi,Enokk Vimahi,G,OL,exact_name,100
2019,101550,4427637,OHIO STATE,194,Dawand Jones,Dawand Jones,T,OL,exact_name,100
2019,101551,4427189,MARYLAND,120,Marcus Finger,Marcus Finger,T,OL,exact_name,100
2019,101555,4570052,PENN STATE,213,Anthony Whigan,Anthony Whigan,G,OL,exact_name,100
2019,101559,4428935,PENN STATE,213,Sal Wormley,Sal Wormley,G,OL,exact_name,100
2019,101563,4427350,MINNESOTA,135,JJ Guedet,JJ Guedet,T,OL,exact_name,100
2019,101565,4429456,MINNESOTA,135,Tyler Cooper,Tyler Cooper,G,OL,exact_name,100
2019,101570,4428421,MICH STATE,127,Nick Samac,Nick Samac,C,C,exact_name,100
2019,101572,4427121,MICH STATE,127,J.D. Duplain,J.D. Duplain,G,OL,exact_name,100
2019,101574,4426334,MICH STATE,127,Devontae Dobbs,Devontae Dobbs,T,OL,exact_name,100
2019,101579,4426670,INDIANA,84,Matthew Bedford,Matthew Bedford,T,OL,exact_name,100
2019,101581,4426623,NEBRASKA,158,Brant Banks,Brant Banks,T,OL,exact_name,100
2019,101586,4430318,NEBRASKA,158,Ethan Piper,Ethan Piper,G,OL,exact_name,100
2019,101590,4427054,IOWA,2294,Nick DeJong,Nick DeJong,T,OL,exact_name,100
2019,101594,4569472,IOWA,2294,Justin Britt,Justin Britt,G,OL,exact_name,100
2019,101598,4426985,PURDUE,2509,Cam Craig,Cam Craig,G,OL,exact_name,100
2019,101604,4430250,NEBRASKA,158,Garrett Nelson,Garrett Nelson,ED,DE,exact_name,100
2019,101625,4427313,PENN STATE,213,Ta'Quan Roberson,Ta'Quan Roberson,QB,QB,exact_name,100
2019,101627,4427740,MINNESOTA,135,Cole Kramer,Cole Kramer,QB,QB,exact_name,100
2019,101628,4569535,MINNESOTA,135,Jacob Clark,Jacob Clark,QB,QB,exact_name,100
2019,101634,4426948,NEBRASKA,158,Luke McCaffrey,Luke McCaffrey,QB,WR,exact_name,100
2019,101636,4572039,MICHIGAN,130,Nicholas Capatina,Nicholas Capatina,HB,RB,exact_name,100
2019,101641,4385430,OHIO STATE,194,Xavier Johnson,Xavier Johnson,WR,WR,exact_name,100
2019,101643,4426530,RUTGERS,164,Kay'Ron Lynch-Adams,Kay'Ron Lynch-Adams,HB,RB,exact_name,100
2019,101646,4428858,MINNESOTA,135,Cam Wiley,Cam Wiley,HB,RB,exact_name,100
2019,101647,4428263,MINNESOTA,135,Trey Potts,Trey Potts,HB,RB,exact_name,100
2019,101650,4569500,MICH STATE,127,Brandon Wright,Brandon Wright,HB,DL,exact_name,100
2019,101651,4569501,MICH STATE,127,Anthony Williams Jr.,Anthony Williams Jr.,HB,RB,exact_name,100
2019,101655,4427609,NEBRASKA,158,Rahmir Johnson,Rahmir Johnson,HB,RB,exact_name,100
2019,101659,4429676,IOWA,2294,Tyler Goodson,Tyler Goodson,HB,RB,exact_name,100
2019,101662,4427460,PURDUE,2509,Da'Joun Hewitt,Da'Joun Hewitt,HB,RB,exact_name,100
2019,101663,4569439,INDIANA,84,David Ellis,David Ellis,WR,RB,exact_name,100
2019,101664,4428471,OHIO STATE,194,Bryson Shaw,Bryson Shaw,S,S,exact_name,100
2019,101665,4570044,PENN STATE,213,Jaquan Brisker,Jaquan Brisker,S,S,exact_name,100
2019,101666,4428398,PENN STATE,213,Tyler Rudolph,Tyler Rudolph,S,S,exact_name,100
2019,101670,4427316,PURDUE,2509,Marvin Grant,Marvin Grant,S,S,exact_name,100
2019,101675,4569495,MARYLAND,120,Malik Jackson,Malik Jackson,TE,TE,exact_name,100
2019,101676,4427064,MARYLAND,120,Tyler Devera,Tyler Devera,TE,TE,exact_name,100
2019,101681,4427002,WISCONSIN,275,Clay Cundiff,Clay Cundiff,TE,TE,exact_name,100
2019,101683,4569440,INDIANA,84,Ryan Barnes,Ryan Barnes,TE,TE,exact_name,100
2019,101684,4426971,INDIANA,84,Gary Cooper,Gary Cooper,TE,WR,exact_name,100
2019,101687,4427463,NEBRASKA,158,Chris Hickman,Chris Hickman,WR,TE,exact_name,100
2019,101690,4430027,IOWA,2294,Sam LaPorta,Sam LaPorta,TE,TE,exact_name,100
2019,101694,4430539,PENN STATE,213,Brenton Strange,Brenton Strange,TE,TE,exact_name,100
2019,101695,4427569,MICHIGAN,130,Giles Jackson,Giles Jackson,WR,WR,exact_name,100
2019,101701,4426388,OHIO STATE,194,Jameson Williams,Jameson Williams,WR,WR,exact_name,100
2019,101702,4385432,OHIO STATE,194,Austin Kutscher,Austin Kutscher,WR,WR,exact_name,100
2019,101705,4570045,PENN STATE,213,John Dunmore,John Dunmore,WR,WR,exact_name,100
2019,101706,4570047,PENN STATE,213,T.J. Jones,T.J. Jones,WR,WR,exact_name,100
2019,101710,4428796,ILLINOIS,356,Casey Washington,Casey Washington,WR,WR,exact_name,100
2019,101711,4569372,ILLINOIS,356,Dalevon Campbell,Dalevon Campbell,WR,WR,exact_name,100
2019,101712,4427003,ILLINOIS,356,Kyron Cumby,Kyron Cumby,WR,WR,exact_name,100
2019,101722,4428063,MICH STATE,127,Tre Mosley,Tre Mosley,WR,WR,exact_name,100
2019,101725,4569507,MICH STATE,127,Cade McDonald,Cade McDonald,WR,WR,exact_name,100
2019,101726,4248034,INDIANA,84,Cam Wilson,Cam Wilson,WR,DB,exact_name,100
2019,101731,4426898,NEBRASKA,158,Darien Chase,Darien Chase,WR,WR,exact_name,100
2019,101734,4428092,NEBRASKA,158,Jamie Nance,Jamie Nance,WR,CB,exact_name,100
2019,101735,4569587,NEBRASKA,158,Wan'Dale Robinson,Wan'Dale Robinson,HB,WR,exact_name,100
2019,101738,4427548,IOWA,2294,Desmond Hutson,Desmond Hutson,WR,WR,exact_name,100
2019,101741,4430470,PURDUE,2509,TJ Sheffield,TJ Sheffield,WR,WR,exact_name,100
2019,101742,4428337,PURDUE,2509,Mershawn Rice,Mershawn Rice,WR,WR,exact_name,100
2019,101745,4426363,MICH STATE,127,Julian Barnett,Julian Barnett,WR,DB,exact_name,100
2019,102655,4428719,APP STATE,2026,Milan Tucker,Milan Tucker,CB,WR,exact_name,100
2019,102656,4428393,APP STATE,2026,Nick Ross,Nick Ross,CB,S,exact_name,100
2019,102665,4569517,ARK STATE,2032,Elery Alexander,Elery Alexander,S,S,exact_name,100
2019,102668,4430552,ARK STATE,2032,Anthony Switzer,Anthony Switzer,S,DB,exact_name,100
2019,102669,4428756,ARMY,349,Fabrice Voyne,Fabrice Voyne,S,LB,exact_name,100
2019,102671,4577306,ARMY,349,Marquel Broughton,Marquel Broughton,S,DB,exact_name,100
2019,102676,4577312,ARMY,349,Isaiah Morris,Isaiah Morris,CB,DB,exact_name,100
2019,102681,4428047,ARMY,349,Jabari Moore,Jabari Moore,CB,DB,exact_name,100
2019,102684,4575517,NOTRE DAME,87,Kyle Hamilton,Kyle Hamilton,S,S,exact_name,100
2019,102686,4426464,NOTRE DAME,87,K.J. Wallace,K.J. Wallace,CB,DB,exact_name,100
2019,102687,4427470,NOTRE DAME,87,Litchfield Ajavon,Litchfield Ajavon,CB,S,exact_name,100
2019,102702,4569520,ARK STATE,2032,Kailon Davis,Kailon Davis,ED,DE,exact_name,100
2019,102704,4569528,ARK STATE,2032,Sosaia Tuitavake,Sosaia Tuitavake,ED,DE,exact_name,100
2019,102717,4577349,ARMY,349,Tyler Komorowski,Tyler Komorowski,DI,DL,exact_name,100
2019,102720,4577362,ARMY,349,Chris Frey,Chris Frey,DI,DL,exact_name,100
2019,102725,4427468,NOTRE DAME,87,Nana Osafo-Mensah,NaNa Osafo-Mensah,ED,DL,exact_name,100
2019,102726,4426992,NOTRE DAME,87,Howard Cross III,Howard Cross III,DI,DL,exact_name,100
2019,102728,4426457,NOTRE DAME,87,Isaiah Foskey,Isaiah Foskey,ED,DL,exact_name,100
2019,102732,4568251,TROY,2653,Elgin Griffin,Elgin Griffin,DI,DT,exact_name,100
2019,102744,4577365,ARMY,349,Cole Talley,Cole Talley,K,PK,exact_name,100
2019,102764,4575577,TROY,2653,Keenan Jernigan,Keenan Jernigan,LB,LB,exact_name,100
2019,102775,4577314,ARMY,349,Troy Nachtigal,Troy Nachtigal,LB,LB,exact_name,100
2019,102780,4577333,ARMY,349,Andre Carter II,Andre Carter II,ED,LB,exact_name,100
2019,102783,4577361,ARMY,349,Nathaniel Smith,Nathaniel Smith,ED,DL,exact_name,100
2019,102809,4427466,APP STATE,2026,Lyle Hiers,Lyle Hiers,T,OL,exact_name,100
2019,102812,4430130,APP STATE,2026,Craig McFarland,Craig McFarland,G,OL,exact_name,100
2019,102823,4575640,ARK STATE,2032,Jarrett Horst,Jarrett Horst,T,OT,exact_name,100
2019,102825,4569525,ARK STATE,2032,Ernesto Ramirez,Ernesto Ramirez,T,OL,exact_name,100
2019,102830,4577343,ARMY,349,Connor Bishop,Connor Bishop,G,OL,exact_name,100
2019,102837,4577355,ARMY,349,Cody Winokur,Cody Winokur,C,DL,exact_name,100
2019,102847,4426801,APP STATE,2026,KeSean Brown,KeSean Brown,LB,LB,exact_name,100
2019,102848,4429746,APP STATE,2026,Brendan Harrington,Brendan Harrington,LB,LB,exact_name,100
2019,102853,4576778,TEXAS ST,326,Seamus O'Kelly,Seamus O'Kelly,P,P,exact_name,100
2019,102863,4577305,ARMY,349,Jemel Jones,Jemel Jones,QB,QB,exact_name,100
2019,102869,4429413,NOTRE DAME,87,Brendon Clark,Brendon Clark,QB,QB,exact_name,100
2019,102871,4575398,APP STATE,2026,Ben Williams,Ben Williams,HB,RB,exact_name,100
2019,102872,4247136,APP STATE,2026,Gabe Montgomery,Gabe Montgomery,HB,RB,exact_name,100
2019,102878,4569518,ARK STATE,2032,Dj Chatman,DJ Chatman,HB,RB,exact_name,100
2019,102880,4427658,ARMY,349,Anthony Adkins,Anthony Adkins,HB,RB,exact_name,100
2019,102882,4577316,ARMY,349,Braheam Murphy,Braheam Murphy,HB,RB,exact_name,100
2019,102884,4577324,ARMY,349,Jakobi Buchanan,Jakobi Buchanan,HB,RB,exact_name,100
2019,102901,4569961,LA MONROE,2433,Keilos Swinney,Keilos Swinney,CB,S,exact_name,100
2019,102902,4570066,LA MONROE,2433,Bobby Bell,Bobby Bell,S,S,exact_name,100
2019,102907,4427734,APP STATE,2026,Ricky Kofoed,Ricky Kofoed,TE,LS,exact_name,100
2019,102909,4430429,TROY,2653,Tre' Ross,Tre' Ross,LB,TE,exact_name,100
2019,102913,3912766,NOTRE DAME,87,John Lager,John Lager,FB,TE,exact_name,100
2019,102917,4428815,APP STATE,2026,Christian Wells,Christian Wells,WR,WR,exact_name,100
2019,102919,4426567,APP STATE,2026,Raykwon Anderson,Raykwon Anderson,HB,RB,exact_name,100
2019,102929,4427267,TROY,2653,Kaylon Geiger,Kaylon Geiger,WR,WR,exact_name,100
2019,102948,-1002880,ARMY,349,Trenton Hollinquest,Trenton Hollinquest,WR,WR,exact_name,100
2019,102955,4427404,NOTRE DAME,87,Cam Hart,Cam Hart,WR,CB,exact_name,100
2019,104187,4567458,E CAROLINA,151,C.J. Johnson,C.J. Johnson,WR,WR,exact_name,100
2019,104191,4580555,AIR FORCE,2005,Caleb Humphrey,Caleb Humphrey,ED,LB,exact_name,100
2019,104192,4578267,AIR FORCE,2005,Dane Kinamon,Dane Kinamon,HB,WR,exact_name,100
2019,104193,4580590,AIR FORCE,2005,Zac Larrier,Zac Larrier,QB,QB,exact_name,100
2019,104194,4580593,AIR FORCE,2005,Jake Smith,Jake Smith,QB,S,exact_name,100
2019,104198,4580603,AIR FORCE,2005,Lenard Leviston,Lenard Leviston,HB,,exact_name,100
2019,104199,4580601,AIR FORCE,2005,Chance Stevenson,Chance Stevenson,FB,QB,exact_name,100
2019,104200,4580607,AIR FORCE,2005,Hawk Wimmer,Hawk Wimmer,G,G,exact_name,100
2019,104205,-1000074,AIR FORCE,2005,Kyle Patterson,Kyle Patterson,TE,?,exact_name,100
2019,104212,4575756,LA MONROE,2433,Ivin White Jr.,Ivin White Jr.,ED,DE,exact_name,100
2019,104214,4580556,AIR FORCE,2005,George Silvanic,George Silvanic,ED,DT,exact_name,100
2019,104215,4584584,HOUSTON,248,Jamykal Neal,Jamykal Neal,DI,DL,exact_name,100
2019,104217,4568481,VIRGINIA,258,Vincenzo Anthony,Vincenzo Anthony,nan,LS,exact_name,100
2019,104218,4370785,VIRGINIA,258,Lee Dudley,Lee Dudley,C,LS,exact_name,100
2019,104219,-1036060,TOLEDO,2649,AJ Harrison,AJ Harrison,TE,TE,exact_name,100
2019,105033,4240854,VIRGINIA,258,Andrew Yavinsky,Andrew Yavinsky,FB,DL,exact_name,100
2019,105781,4584278,ARIZONA ST,9,Brandon Pierce,Brandon Pierce,WR,WR,exact_name,100
2019,105783,4430032,VIRGINIA,258,Jonathan Leech,Jonathan Leech,T,OT,exact_name,100
2019,105785,4590014,AIR FORCE,2005,Kenny Ngaima,Kenny Ngaima,ED,NT,exact_name,100
2019,105789,4575760,LA MONROE,2433,Hayden Welte,Hayden Welte,LS,LS,exact_name,100
2019,105790,4575767,LA MONROE,2433,Will Derrick,Will Derrick,WR,WR,exact_name,100
2019,105791,4264360,UCF,2116,Elijah Benoit,Elijah Benoit,CB,DB,exact_name,100
2019,105794,4591936,AKRON,2006,Decavilon Reese,Decavilon Reese,HB,?,exact_name,100
2019,105796,4426541,VIRGINIA,258,Josh Ahern,Josh Ahern,LB,LB,exact_name,100
2019,105797,4594086,UAB,5,Paul Hammonds,Paul Hammonds,ED,LB,exact_name,100
2019,105798,4591872,HOUSTON,248,Ken Savanah,Ken Savanah,LB,LB,exact_name,100
2019,105803,4454023,CLEMSON,228,Will Edwards,Will Edwards,T,OT,exact_name,100
2019,105818,4567467,E CAROLINA,151,Trent Holler,Trent Holler,C,OL,exact_name,100
2019,123656,-1013092,HOUSTON,248,Nelson Ceaser,Nelson Ceaser,ED,DL,exact_name,100
2019,134137,4372588,E CAROLINA,151,Xavier Smith,Xavier Smith,LB,LB,exact_name,100
2019,147159,4569122,KANSAS ST,2306,Tyrone Lewis Jr.,Tyrone Lewis Jr.,CB,S,exact_name,100
2019,148265,4568534,NAVY,2426,David Miller,David Miller,CB,CB,exact_name,100
2019,150239,4568018,LSU,99,TK McLendon Jr.,TK McLendon Jr.,TE,DL,exact_name,100
2019,150947,4428852,LA MONROE,2433,Ke'Vric Wiggins Jr.,Ke'Vric Wiggins Jr.,CB,DB,exact_name,100
2019,155565,4426825,BOSTON COL,103,Ireland Brown,Ireland Brown,DI,OL,exact_name,100
2019,158625,4567500,MEMPHIS,235,Kayode Oladele,Kayode Oladele,ED,DL,exact_name,100
2019,158639,4428892,BOSTON COL,103,Ethon Williams,Ethon Williams,WR,WR,exact_name,100
2019,169071,4361803,TULANE,2655,Chris Joyce,Chris Joyce,CB,CB,exact_name,100
